ISO-10303-21;
HEADER;
FILE_DESCRIPTION (( 'STEP AP214' ),
    '1' );
FILE_NAME ('User Library-Jumper SL2.STEP',
    '2023-02-22T22:23:33',
    ( '' ),
    ( '' ),
    'SwSTEP 2.0',
    'SolidWorks 2022',
    '' );
FILE_SCHEMA (( 'AUTOMOTIVE_DESIGN' ));
ENDSEC;

DATA;
#1 = PRODUCT_DEFINITION_SHAPE ( 'NONE', 'NONE',  #1988 ) ;
#2 = VERTEX_POINT ( 'NONE', #596 ) ;
#3 = ORIENTED_EDGE ( 'NONE', *, *, #954, .T. ) ;
#4 = ADVANCED_FACE ( 'NONE', ( #1231 ), #129, .F. ) ;
#5 = PLANE ( 'NONE',  #1511 ) ;
#6 = DIRECTION ( 'NONE',  ( -1.451504065606661946E-28, -1.182982342069548904E-30, -1.000000000000000000 ) ) ;
#7 = ORIENTED_EDGE ( 'NONE', *, *, #1701, .T. ) ;
#8 = FACE_BOUND ( 'NONE', #942, .T. ) ;
#9 = ORIENTED_EDGE ( 'NONE', *, *, #100, .F. ) ;
#10 = AXIS2_PLACEMENT_3D ( 'NONE', #1100, #328, #948 ) ;
#11 = VECTOR ( 'NONE', #211, 1000.000000000000000 ) ;
#12 = ADVANCED_FACE ( 'NONE', ( #919 ), #1051, .T. ) ;
#13 = CARTESIAN_POINT ( 'NONE',  ( 0.2509983284865249797, -0.2509983284864295561, -8.382711840839389694 ) ) ;
#14 = ADVANCED_BREP_SHAPE_REPRESENTATION ( '', ( #1065, #95 ), #1734 ) ;
#15 = LINE ( 'NONE', #937, #1176 ) ;
#16 = EDGE_CURVE ( 'NONE', #1453, #711, #307, .T. ) ;
#17 = CARTESIAN_POINT ( 'NONE',  ( 0.9525000000000088951, 0.3175000000001059197, 3.698025612106914828 ) ) ;
#18 = DIRECTION ( 'NONE',  ( 1.848100631409224828E-14, 1.000000000000000000, -1.525564954230627228E-28 ) ) ;
#19 = DIRECTION ( 'NONE',  ( -0.3236155771181910001, -0.3236155771181817298, 0.8891264907159870390 ) ) ;
#20 =( NAMED_UNIT ( * ) SI_UNIT ( $, .STERADIAN. ) SOLID_ANGLE_UNIT ( ) );
#21 = ORIENTED_EDGE ( 'NONE', *, *, #1151, .F. ) ;
#22 = VERTEX_POINT ( 'NONE', #1496 ) ;
#23 = CARTESIAN_POINT ( 'NONE',  ( 0.9525000000000644063, -0.3174999999998717182, 2.799999999999996714 ) ) ;
#24 = LINE ( 'NONE', #627, #1257 ) ;
#25 = CARTESIAN_POINT ( 'NONE',  ( -1.999999999999994893, 0.7000000000000304867, 5.000000000000000888 ) ) ;
#26 = EDGE_CURVE ( 'NONE', #1498, #778, #1073, .T. ) ;
#27 = CARTESIAN_POINT ( 'NONE',  ( 2.500000000000023981, -0.7699999999998732303, 2.799999999999994049 ) ) ;
#28 = DIRECTION ( 'NONE',  ( -1.455008059796840416E-16, 1.000000000000000000, -5.883893961082721574E-16 ) ) ;
#29 = DIRECTION ( 'NONE',  ( -1.848100631409224828E-14, -1.000000000000000000, 1.525564954230627228E-28 ) ) ;
#30 = EDGE_CURVE ( 'NONE', #1375, #244, #1508, .T. ) ;
#31 = VERTEX_POINT ( 'NONE', #116 ) ;
#32 = VECTOR ( 'NONE', #1968, 1000.000000000000000 ) ;
#33 = VECTOR ( 'NONE', #136, 1000.000000000000000 ) ;
#34 = ORIENTED_EDGE ( 'NONE', *, *, #1491, .F. ) ;
#35 = UNCERTAINTY_MEASURE_WITH_UNIT (LENGTH_MEASURE( 1.000000000000000082E-05 ), #1884, 'distance_accuracy_value', 'NONE');
#36 = FACE_OUTER_BOUND ( 'NONE', #601, .T. ) ;
#37 = CARTESIAN_POINT ( 'NONE',  ( 2.500000000000002220, -1.199999999999999734, 6.399999999999999467 ) ) ;
#38 = FACE_OUTER_BOUND ( 'NONE', #1684, .T. ) ;
#39 = DIRECTION ( 'NONE',  ( -0.3236155771181908336, -0.3236155771181815077, 0.8891264907159871500 ) ) ;
#40 = DIRECTION ( 'NONE',  ( 0.5773502691896248429, 0.5773502691896257311, 0.5773502691896267303 ) ) ;
#41 = EDGE_CURVE ( 'NONE', #1891, #1693, #299, .T. ) ;
#42 = ORIENTED_EDGE ( 'NONE', *, *, #535, .T. ) ;
#43 = ADVANCED_FACE ( 'NONE', ( #1970 ), #1963, .T. ) ;
#44 = ORIENTED_EDGE ( 'NONE', *, *, #792, .T. ) ;
#45 = CARTESIAN_POINT ( 'NONE',  ( 2.499999999999986677, 1.200000000000034373, 5.899999999999998579 ) ) ;
#46 = PRESENTATION_STYLE_ASSIGNMENT (( #1435 ) ) ;
#47 = VECTOR ( 'NONE', #500, 1000.000000000000000 ) ;
#48 = FACE_OUTER_BOUND ( 'NONE', #438, .T. ) ;
#49 = LINE ( 'NONE', #671, #946 ) ;
#50 = DIRECTION ( 'NONE',  ( 1.000000000000000000, 3.483609757455988850E-27, -1.451504065606661722E-28 ) ) ;
#51 = CARTESIAN_POINT ( 'NONE',  ( -2.499999999999981348, 1.270000000000093943, 2.799999999999994049 ) ) ;
#52 = VERTEX_POINT ( 'NONE', #1519 ) ;
#53 = ADVANCED_FACE ( 'NONE', ( #746 ), #1827, .F. ) ;
#54 = ORIENTED_EDGE ( 'NONE', *, *, #1362, .T. ) ;
#55 = EDGE_CURVE ( 'NONE', #766, #593, #276, .T. ) ;
#56 = CARTESIAN_POINT ( 'NONE',  ( -2.499999999999939604, -0.7699999999999997957, 5.421010862427522170E-15 ) ) ;
#57 = FILL_AREA_STYLE ('',( #1436 ) ) ;
#58 = CARTESIAN_POINT ( 'NONE',  ( 0.9525000000000019007, -0.3174999999998942557, 3.698025612106912163 ) ) ;
#59 = CARTESIAN_POINT ( 'NONE',  ( -2.500000000000002220, 1.199999999999999734, 0.0000000000000000000 ) ) ;
#60 = CARTESIAN_POINT ( 'NONE',  ( -2.500000000000011102, 1.200000000000006617, 6.400000000000030553 ) ) ;
#61 = ORIENTED_EDGE ( 'NONE', *, *, #555, .F. ) ;
#62 = VECTOR ( 'NONE', #507, 1000.000000000000000 ) ;
#63 = ORIENTED_EDGE ( 'NONE', *, *, #1909, .T. ) ;
#64 = PLANE ( 'NONE',  #1078 ) ;
#65 = SURFACE_STYLE_FILL_AREA ( #1747 ) ;
#66 = EDGE_CURVE ( 'NONE', #410, #1127, #589, .T. ) ;
#67 = DIRECTION ( 'NONE',  ( 1.000000000000000000, 3.483609757455988133E-27, 1.451504065606661722E-28 ) ) ;
#68 = FACE_OUTER_BOUND ( 'NONE', #1745, .T. ) ;
#69 = CARTESIAN_POINT ( 'NONE',  ( 2.500000000000000444, 1.199999999999999734, 4.999999999999997335 ) ) ;
#70 = ORIENTED_EDGE ( 'NONE', *, *, #536, .F. ) ;
#71 = ORIENTED_EDGE ( 'NONE', *, *, #536, .T. ) ;
#72 = DIRECTION ( 'NONE',  ( -1.455008059796840416E-16, 1.000000000000000000, -5.883893961082721574E-16 ) ) ;
#73 = DIRECTION ( 'NONE',  ( 0.0000000000000000000, 0.0000000000000000000, 1.000000000000000000 ) ) ;
#74 = VECTOR ( 'NONE', #1459, 1000.000000000000000 ) ;
#75 = EDGE_CURVE ( 'NONE', #1484, #1253, #349, .T. ) ;
#76 = AXIS2_PLACEMENT_3D ( 'NONE', #887, #139, #300 ) ;
#77 = CARTESIAN_POINT ( 'NONE',  ( -1.587499999999998579, -0.3175000000000399725, -1.301042606982605321E-15 ) ) ;
#78 = LINE ( 'NONE', #904, #396 ) ;
#79 = DIRECTION ( 'NONE',  ( 0.7071067811865470176, 3.131695253900697828E-16, -0.7071067811865481278 ) ) ;
#80 = DIRECTION ( 'NONE',  ( 6.379273118494543618E-15, 0.3420201433256661039, -0.9396926207859093161 ) ) ;
#81 = VERTEX_POINT ( 'NONE', #806 ) ;
#82 = ORIENTED_EDGE ( 'NONE', *, *, #1417, .T. ) ;
#83 = LINE ( 'NONE', #1942, #1220 ) ;
#84 = ORIENTED_EDGE ( 'NONE', *, *, #1432, .T. ) ;
#85 = DIRECTION ( 'NONE',  ( 0.7071067811865487940, 3.131695253900685009E-16, -0.7071067811865463515 ) ) ;
#86 = DIRECTION ( 'NONE',  ( -1.000000000000000000, -3.414809992115177447E-16, -1.451504065606661722E-28 ) ) ;
#87 = ADVANCED_FACE ( 'NONE', ( #38 ), #1087, .F. ) ;
#88 = PLANE ( 'NONE',  #92 ) ;
#89 = ORIENTED_EDGE ( 'NONE', *, *, #1843, .F. ) ;
#90 = ADVANCED_FACE ( 'NONE', ( #210 ), #1866, .T. ) ;
#91 = ORIENTED_EDGE ( 'NONE', *, *, #845, .F. ) ;
#92 = AXIS2_PLACEMENT_3D ( 'NONE', #1754, #542, #1292 ) ;
#93 = PLANE ( 'NONE',  #411 ) ;
#94 = ORIENTED_EDGE ( 'NONE', *, *, #742, .T. ) ;
#95 = AXIS2_PLACEMENT_3D ( 'NONE', #1423, #338, #1575 ) ;
#96 = FACE_OUTER_BOUND ( 'NONE', #1344, .T. ) ;
#97 = PRODUCT_DEFINITION_FORMATION_WITH_SPECIFIED_SOURCE ( 'ANY', '', #870, .NOT_KNOWN. ) ;
#98 = DIRECTION ( 'NONE',  ( -0.5773502691896253980, 0.5773502691896245098, 0.5773502691896275074 ) ) ;
#99 = ORIENTED_EDGE ( 'NONE', *, *, #395, .T. ) ;
#100 = EDGE_CURVE ( 'NONE', #1643, #537, #1437, .T. ) ;
#101 = ORIENTED_EDGE ( 'NONE', *, *, #296, .F. ) ;
#102 = EDGE_CURVE ( 'NONE', #52, #1212, #1698, .T. ) ;
#103 = PLANE ( 'NONE',  #1064 ) ;
#104 = ORIENTED_EDGE ( 'NONE', *, *, #1141, .T. ) ;
#105 = CARTESIAN_POINT ( 'NONE',  ( 0.1206572451484394515, -0.1206572451481219971, 2.740821024137901851 ) ) ;
#106 = VECTOR ( 'NONE', #165, 1000.000000000000000 ) ;
#107 = CARTESIAN_POINT ( 'NONE',  ( -2.500000000000011102, 1.200000000000006617, 6.400000000000030553 ) ) ;
#108 = ORIENTED_EDGE ( 'NONE', *, *, #1959, .F. ) ;
#109 = ORIENTED_EDGE ( 'NONE', *, *, #790, .F. ) ;
#110 = EDGE_CURVE ( 'NONE', #1324, #1462, #477, .T. ) ;
#111 = DIRECTION ( 'NONE',  ( 0.9396926207859093161, 1.736646525805142681E-14, -0.3420201433256663814 ) ) ;
#112 = ORIENTED_EDGE ( 'NONE', *, *, #431, .F. ) ;
#113 = EDGE_CURVE ( 'NONE', #253, #1282, #1567, .T. ) ;
#114 = CARTESIAN_POINT ( 'NONE',  ( -2.500000000000017764, -1.199999999999968425, 4.499999999999997335 ) ) ;
#115 = LINE ( 'NONE', #1798, #1860 ) ;
#116 = CARTESIAN_POINT ( 'NONE',  ( 2.500000000000002220, 1.200000000000030820, 0.0000000000000000000 ) ) ;
#117 = CARTESIAN_POINT ( 'NONE',  ( -1.999999999999996669, 1.200000000000030820, 4.999999999999999112 ) ) ;
#118 = ORIENTED_EDGE ( 'NONE', *, *, #716, .F. ) ;
#119 = CARTESIAN_POINT ( 'NONE',  ( 1.587500000000005684, -0.3174999999999705835, 1.561251128379126385E-14 ) ) ;
#120 = DIRECTION ( 'NONE',  ( -1.201028591059100760E-16, -2.391464933481761123E-17, -1.000000000000000000 ) ) ;
#121 = ORIENTED_EDGE ( 'NONE', *, *, #929, .T. ) ;
#122 = CARTESIAN_POINT ( 'NONE',  ( -0.3174999999999983391, -0.3174999999997329403, 2.200000000000068567 ) ) ;
#123 = COLOUR_RGB ( '',0.9137254901960784048, 0.6392156862745097534, 0.3372549019607843368 ) ;
#124 = EDGE_CURVE ( 'NONE', #1392, #1983, #187, .T. ) ;
#125 = LINE ( 'NONE', #743, #1037 ) ;
#126 = VECTOR ( 'NONE', #218, 999.9999999999998863 ) ;
#127 = COLOUR_RGB ( '',0.7529411764705882248, 0.7529411764705882248, 0.7529411764705882248 ) ;
#128 = FACE_OUTER_BOUND ( 'NONE', #1744, .T. ) ;
#129 = PLANE ( 'NONE',  #1238 ) ;
#130 = PLANE ( 'NONE',  #332 ) ;
#131 = ORIENTED_EDGE ( 'NONE', *, *, #1945, .F. ) ;
#132 = APPLICATION_PROTOCOL_DEFINITION ( 'draft international standard', 'automotive_design', 1998, #756 ) ;
#133 = ORIENTED_EDGE ( 'NONE', *, *, #954, .F. ) ;
#134 = CARTESIAN_POINT ( 'NONE',  ( -1.999999999999980904, -0.6999999999999715339, 4.999999999999999112 ) ) ;
#136 = DIRECTION ( 'NONE',  ( 1.647119940439970250E-15, 5.883893961082728476E-16, -1.000000000000000000 ) ) ;
#135 = UNCERTAINTY_MEASURE_WITH_UNIT (LENGTH_MEASURE( 1.000000000000000082E-05 ), #237, 'distance_accuracy_value', 'NONE');
#137 = ADVANCED_FACE ( 'NONE', ( #1132 ), #1846, .T. ) ;
#138 = CARTESIAN_POINT ( 'NONE',  ( -2.500000000000002220, -1.199999999999999734, 6.399999999999999467 ) ) ;
#139 = DIRECTION ( 'NONE',  ( 3.171220838988467458E-28, 9.239188719750377379E-31, -1.000000000000000000 ) ) ;
#140 = VECTOR ( 'NONE', #28, 1000.000000000000000 ) ;
#141 = VECTOR ( 'NONE', #1554, 999.9999999999997726 ) ;
#142 = ORIENTED_EDGE ( 'NONE', *, *, #1836, .F. ) ;
#143 = ORIENTED_EDGE ( 'NONE', *, *, #830, .T. ) ;
#144 = DIRECTION ( 'NONE',  ( 1.000000000000000000, 3.483609757455988133E-27, -1.451504065606661722E-28 ) ) ;
#145 = CARTESIAN_POINT ( 'NONE',  ( 2.500000000000057732, 0.7700000000001264722, 2.800000000000001599 ) ) ;
#146 = DIRECTION ( 'NONE',  ( -1.752690884559862164E-14, -0.9396926207859093161, -0.3420201433256663814 ) ) ;
#147 = CARTESIAN_POINT ( 'NONE',  ( 0.3174999999999662537, -0.3174999999999237321, 2.600000000000000089 ) ) ;
#148 = EDGE_CURVE ( 'NONE', #1600, #1819, #640, .T. ) ;
#149 = ORIENTED_EDGE ( 'NONE', *, *, #1302, .T. ) ;
#150 = EDGE_LOOP ( 'NONE', ( #1974, #362, #42, #1294 ) ) ;
#151 = CARTESIAN_POINT ( 'NONE',  ( 1.233333333333412662, 2.036666666666830494, 1.266666666666665941 ) ) ;
#152 = AXIS2_PLACEMENT_3D ( 'NONE', #1913, #111, #728 ) ;
#153 = VECTOR ( 'NONE', #437, 1000.000000000000000 ) ;
#154 = CARTESIAN_POINT ( 'NONE',  ( -2.499999999999919176, -1.269999999999870122, 2.299999999999998934 ) ) ;
#155 = ORIENTED_EDGE ( 'NONE', *, *, #1007, .F. ) ;
#156 = DIRECTION ( 'NONE',  ( -1.455008059796859644E-16, 1.000000000000000000, 5.883893961082726504E-16 ) ) ;
#157 = VECTOR ( 'NONE', #476, 1000.000000000000000 ) ;
#158 = SURFACE_STYLE_FILL_AREA ( #738 ) ;
#159 = ORIENTED_EDGE ( 'NONE', *, *, #578, .T. ) ;
#160 = EDGE_CURVE ( 'NONE', #1365, #1104, #1877, .T. ) ;
#161 = APPLICATION_PROTOCOL_DEFINITION ( 'draft international standard', 'automotive_design', 1998, #571 ) ;
#162 = ORIENTED_EDGE ( 'NONE', *, *, #1764, .F. ) ;
#163 = DIRECTION ( 'NONE',  ( 1.647119940439970250E-15, 5.883893961082728476E-16, -1.000000000000000000 ) ) ;
#164 = LINE ( 'NONE', #1853, #157 ) ;
#165 = DIRECTION ( 'NONE',  ( -1.455008059796840416E-16, 1.000000000000000000, -5.883893961082721574E-16 ) ) ;
#166 = DIRECTION ( 'NONE',  ( -3.483609757455988133E-27, -1.000000000000000000, -1.182982342088897858E-30 ) ) ;
#167 = ORIENTED_EDGE ( 'NONE', *, *, #1675, .F. ) ;
#168 = VECTOR ( 'NONE', #1527, 1000.000000000000000 ) ;
#169 = AXIS2_PLACEMENT_3D ( 'NONE', #747, #1520, #1529 ) ;
#170 = PRODUCT_CONTEXT ( 'NONE', #782, 'mechanical' ) ;
#171 = ORIENTED_EDGE ( 'NONE', *, *, #26, .F. ) ;
#172 = EDGE_CURVE ( 'NONE', #1452, #1801, #1886, .T. ) ;
#173 = DIRECTION ( 'NONE',  ( 1.647119940439970250E-15, 5.883893961082728476E-16, -1.000000000000000000 ) ) ;
#174 = DIRECTION ( 'NONE',  ( 1.000000000000000000, -1.455008059796843621E-16, -1.647119940439970053E-15 ) ) ;
#175 = ADVANCED_FACE ( 'NONE', ( #1727 ), #1708, .T. ) ;
#176 = PLANE ( 'NONE',  #1539 ) ;
#177 = CARTESIAN_POINT ( 'NONE',  ( -2.500000000000011102, 1.200000000000034373, 4.499999999999997335 ) ) ;
#178 = LINE ( 'NONE', #1878, #623 ) ;
#179 = DIRECTION ( 'NONE',  ( 1.647119940439970250E-15, 5.883893961082728476E-16, -1.000000000000000000 ) ) ;
#180 = ORIENTED_EDGE ( 'NONE', *, *, #680, .T. ) ;
#181 = ORIENTED_EDGE ( 'NONE', *, *, #1326, .F. ) ;
#182 = LINE ( 'NONE', #485, #821 ) ;
#183 = FILL_AREA_STYLE ('',( #1308 ) ) ;
#184 = PLANE ( 'NONE',  #950 ) ;
#185 = EDGE_CURVE ( 'NONE', #303, #1324, #49, .T. ) ;
#186 = DIRECTION ( 'NONE',  ( 1.647119940439970250E-15, 5.883893961082728476E-16, -1.000000000000000000 ) ) ;
#187 = LINE ( 'NONE', #340, #851 ) ;
#188 = FACE_OUTER_BOUND ( 'NONE', #543, .T. ) ;
#189 = VECTOR ( 'NONE', #652, 1000.000000000000000 ) ;
#190 = CARTESIAN_POINT ( 'NONE',  ( -2.000000000000001776, -0.6999999999999992895, 5.400000000000000355 ) ) ;
#191 = VERTEX_POINT ( 'NONE', #630 ) ;
#192 = VECTOR ( 'NONE', #875, 1000.000000000000000 ) ;
#193 = ORIENTED_EDGE ( 'NONE', *, *, #1725, .T. ) ;
#194 = DIRECTION ( 'NONE',  ( 1.455008059796859644E-16, -1.000000000000000000, -5.883893961082726504E-16 ) ) ;
#195 = CARTESIAN_POINT ( 'NONE',  ( -2.499999999999960476, -1.269999999999873674, 2.800000000000001599 ) ) ;
#196 = DIRECTION ( 'NONE',  ( -1.647119940439970250E-15, -5.883893961082728476E-16, 1.000000000000000000 ) ) ;
#197 = CARTESIAN_POINT ( 'NONE',  ( -2.500000000000017764, -1.199999999999968425, 4.499999999999997335 ) ) ;
#198 = CARTESIAN_POINT ( 'NONE',  ( -2.499999999999942268, 1.269999999999996909, 0.4999999999999917843 ) ) ;
#199 = EDGE_CURVE ( 'NONE', #1032, #1082, #939, .T. ) ;
#200 = DIRECTION ( 'NONE',  ( -1.000000000000000000, 1.455008059796843621E-16, 1.647119940439970053E-15 ) ) ;
#201 = DIRECTION ( 'NONE',  ( 1.647119940439970250E-15, 5.883893961082728476E-16, -1.000000000000000000 ) ) ;
#202 = ORIENTED_EDGE ( 'NONE', *, *, #1503, .F. ) ;
#203 = ADVANCED_FACE ( 'NONE', ( #1247 ), #1408, .T. ) ;
#204 = ORIENTED_EDGE ( 'NONE', *, *, #1564, .T. ) ;
#205 = VECTOR ( 'NONE', #1270, 1000.000000000000000 ) ;
#206 = LINE ( 'NONE', #1574, #141 ) ;
#207 = VECTOR ( 'NONE', #755, 1000.000000000000000 ) ;
#208 = FACE_OUTER_BOUND ( 'NONE', #931, .T. ) ;
#209 = CARTESIAN_POINT ( 'NONE',  ( -2.000000000000001776, -0.6999999999999992895, 5.400000000000000355 ) ) ;
#210 = FACE_OUTER_BOUND ( 'NONE', #213, .T. ) ;
#211 = DIRECTION ( 'NONE',  ( -1.455008059796840416E-16, 1.000000000000000000, -5.883893961082721574E-16 ) ) ;
#212 = PLANE ( 'NONE',  #1443 ) ;
#213 = EDGE_LOOP ( 'NONE', ( #1381, #645, #353, #1902 ) ) ;
#214 = ADVANCED_FACE ( 'NONE', ( #794 ), #1259, .F. ) ;
#215 = EDGE_LOOP ( 'NONE', ( #1941, #290, #1975, #484 ) ) ;
#216 = LINE ( 'NONE', #374, #1428 ) ;
#217 = DIRECTION ( 'NONE',  ( 6.379273118494548351E-15, 0.3420201433256663259, 0.9396926207859092051 ) ) ;
#218 = DIRECTION ( 'NONE',  ( -0.5773502691896278405, -0.5773502691896257311, -0.5773502691896238437 ) ) ;
#219 = DIRECTION ( 'NONE',  ( 0.5773502691896256200, 0.5773502691896270633, 0.5773502691896246208 ) ) ;
#220 = LINE ( 'NONE', #838, #1875 ) ;
#221 = CARTESIAN_POINT ( 'NONE',  ( -2.499999999999995115, 0.7699999999999997957, -4.119968255444916849E-15 ) ) ;
#222 = VERTEX_POINT ( 'NONE', #1620 ) ;
#223 = VECTOR ( 'NONE', #422, 1000.000000000000000 ) ;
#224 = AXIS2_PLACEMENT_3D ( 'NONE', #1181, #1188, #406 ) ;
#225 = ORIENTED_EDGE ( 'NONE', *, *, #1340, .T. ) ;
#226 = EDGE_CURVE ( 'NONE', #525, #766, #1289, .T. ) ;
#227 = VECTOR ( 'NONE', #1976, 1000.000000000000000 ) ;
#228 = CARTESIAN_POINT ( 'NONE',  ( 0.9525000000000019007, -0.3174999999999983391, 1.301042606982605321E-15 ) ) ;
#229 =( NAMED_UNIT ( * ) SI_UNIT ( $, .STERADIAN. ) SOLID_ANGLE_UNIT ( ) );
#230 = CARTESIAN_POINT ( 'NONE',  ( -1.587499999999998579, -0.3175000000000399725, -1.301042606982605321E-15 ) ) ;
#231 = LINE ( 'NONE', #1629, #74 ) ;
#232 = PLANE ( 'NONE',  #1623 ) ;
#233 = PLANE ( 'NONE',  #670 ) ;
#234 = ORIENTED_EDGE ( 'NONE', *, *, #1725, .F. ) ;
#235 = VERTEX_POINT ( 'NONE', #1310 ) ;
#236 = DIRECTION ( 'NONE',  ( 0.5773502691896265082, 0.5773502691896245098, -0.5773502691896263972 ) ) ;
#237 =( LENGTH_UNIT ( ) NAMED_UNIT ( * ) SI_UNIT ( .MILLI., .METRE. ) );
#238 = ORIENTED_EDGE ( 'NONE', *, *, #55, .T. ) ;
#239 = DIRECTION ( 'NONE',  ( 1.451504065606661722E-28, 1.182982342069548729E-30, 1.000000000000000000 ) ) ;
#240 = VECTOR ( 'NONE', #1964, 1000.000000000000000 ) ;
#241 = EDGE_CURVE ( 'NONE', #1801, #1375, #375, .T. ) ;
#242 = LINE ( 'NONE', #1917, #364 ) ;
#243 = DIRECTION ( 'NONE',  ( -1.865174681369626850E-14, -1.000000000000000000, -9.239188719592354703E-31 ) ) ;
#244 = VERTEX_POINT ( 'NONE', #1468 ) ;
#245 = EDGE_LOOP ( 'NONE', ( #1774, #343, #831, #171 ) ) ;
#246 = LINE ( 'NONE', #1482, #1571 ) ;
#247 = ORIENTED_EDGE ( 'NONE', *, *, #395, .F. ) ;
#248 = PLANE ( 'NONE',  #1892 ) ;
#249 = CARTESIAN_POINT ( 'NONE',  ( 0.3174999999999983391, -0.3174999999999237321, 2.199999999999995737 ) ) ;
#250 = EDGE_CURVE ( 'NONE', #312, #598, #837, .T. ) ;
#251 = DIRECTION ( 'NONE',  ( 2.322406504970659114E-27, 0.7071067811865463515, -0.7071067811865487940 ) ) ;
#252 = ORIENTED_EDGE ( 'NONE', *, *, #1054, .T. ) ;
#253 = VERTEX_POINT ( 'NONE', #1611 ) ;
#254 = COLOUR_RGB ( '',0.7529411764705882248, 0.7529411764705882248, 0.7529411764705882248 ) ;
#255 = LINE ( 'NONE', #1168, #1857 ) ;
#256 = EDGE_LOOP ( 'NONE', ( #143, #1173, #923, #878 ) ) ;
#257 = MECHANICAL_DESIGN_GEOMETRIC_PRESENTATION_REPRESENTATION (  '', ( #1958 ), #1221 ) ;
#258 =( GEOMETRIC_REPRESENTATION_CONTEXT ( 3 ) GLOBAL_UNCERTAINTY_ASSIGNED_CONTEXT ( ( #1543 ) ) GLOBAL_UNIT_ASSIGNED_CONTEXT ( ( #385, #1195, #1156 ) ) REPRESENTATION_CONTEXT ( 'NONE', 'WORKASPACE' ) );
#259 = LINE ( 'NONE', #566, #1795 ) ;
#260 = LINE ( 'NONE', #1208, #836 ) ;
#261 = ADVANCED_FACE ( 'NONE', ( #1898 ), #282, .F. ) ;
#262 = EDGE_LOOP ( 'NONE', ( #71, #1954, #748, #1067 ) ) ;
#263 = EDGE_CURVE ( 'NONE', #278, #775, #78, .T. ) ;
#264 = VERTEX_POINT ( 'NONE', #1449 ) ;
#265 = VECTOR ( 'NONE', #1893, 1000.000000000000000 ) ;
#266 = DIRECTION ( 'NONE',  ( -1.647119940439970053E-15, 5.883893961082732421E-16, -1.000000000000000000 ) ) ;
#267 = ORIENTED_EDGE ( 'NONE', *, *, #250, .F. ) ;
#268 = AXIS2_PLACEMENT_3D ( 'NONE', #198, #660, #961 ) ;
#269 = CARTESIAN_POINT ( 'NONE',  ( 0.9525000000000644063, -0.3174999999998717182, 2.799999999999996714 ) ) ;
#270 = ORIENTED_EDGE ( 'NONE', *, *, #1054, .F. ) ;
#271 = ADVANCED_FACE ( 'NONE', ( #1780 ), #684, .T. ) ;
#272 = CARTESIAN_POINT ( 'NONE',  ( 1.270000000000000240, 3.524958103184872681E-17, -3.813265776612641609E-17 ) ) ;
#273 = EDGE_LOOP ( 'NONE', ( #94, #1778, #112, #612 ) ) ;
#274 = CARTESIAN_POINT ( 'NONE',  ( -0.9524999999999950173, -0.3175000000000017808, -1.301042606982605321E-15 ) ) ;
#275 = LINE ( 'NONE', #1937, #1286 ) ;
#276 = LINE ( 'NONE', #609, #622 ) ;
#277 = CARTESIAN_POINT ( 'NONE',  ( -2.000000000000001776, -0.6999999999999992895, 5.400000000000000355 ) ) ;
#278 = VERTEX_POINT ( 'NONE', #551 ) ;
#279 = ITEM_DEFINED_TRANSFORMATION ( 'NONE', 'NONE', #479,  #95 ) ;
#280 = ORIENTED_EDGE ( 'NONE', *, *, #16, .T. ) ;
#281 = EDGE_CURVE ( 'NONE', #1880, #1143, #530, .T. ) ;
#282 = PLANE ( 'NONE',  #720 ) ;
#283 = VECTOR ( 'NONE', #1284, 1000.000000000000000 ) ;
#284 = DIRECTION ( 'NONE',  ( 1.455008059796840416E-16, -1.000000000000000000, 5.883893961082721574E-16 ) ) ;
#285 = VECTOR ( 'NONE', #1957, 1000.000000000000000 ) ;
#286 = VECTOR ( 'NONE', #781, 1000.000000000000000 ) ;
#287 = CARTESIAN_POINT ( 'NONE',  ( 1.587500000000061195, -0.3174999999998509015, 2.799999999999939426 ) ) ;
#288 = DIRECTION ( 'NONE',  ( -1.000000000000000000, -1.865174681369626850E-14, -3.171220838988467458E-28 ) ) ;
#289 = DIRECTION ( 'NONE',  ( -1.451504065606661946E-28, -1.182982342069548904E-30, -1.000000000000000000 ) ) ;
#290 = ORIENTED_EDGE ( 'NONE', *, *, #1537, .F. ) ;
#291 = ITEM_DEFINED_TRANSFORMATION ( 'NONE', 'NONE', #1098,  #95 ) ;
#292 = EDGE_LOOP ( 'NONE', ( #280, #876, #490, #193 ) ) ;
#293 = CARTESIAN_POINT ( 'NONE',  ( 2.500000000000002220, -1.199999999999968425, 5.899999999999998579 ) ) ;
#294 = FACE_OUTER_BOUND ( 'NONE', #1790, .T. ) ;
#295 = LINE ( 'NONE', #915, #1716 ) ;
#296 = EDGE_CURVE ( 'NONE', #1462, #861, #231, .T. ) ;
#297 = EDGE_CURVE ( 'NONE', #244, #1452, #1148, .T. ) ;
#298 = CARTESIAN_POINT ( 'NONE',  ( -2.499999999999996891, 1.200000000000030820, 4.999999999999997335 ) ) ;
#299 = LINE ( 'NONE', #733, #168 ) ;
#300 = DIRECTION ( 'NONE',  ( -1.000000000000000000, -1.865174681369626850E-14, -3.171220838988467458E-28 ) ) ;
#301 = VECTOR ( 'NONE', #541, 1000.000000000000227 ) ;
#302 = EDGE_LOOP ( 'NONE', ( #1401, #757, #1203, #1912 ) ) ;
#303 = VERTEX_POINT ( 'NONE', #399 ) ;
#304 = PRODUCT ( 'NuP SL2_V\X2\00fd\X0\choz\X2\00ed\X0\', 'NuP SL2_V\X2\00fd\X0\choz\X2\00ed\X0\', '', ( #463 ) ) ;
#305 = CARTESIAN_POINT ( 'NONE',  ( -0.9524999999999379519, 0.3174999999999983391, -6.722053469410127491E-15 ) ) ;
#306 = DIRECTION ( 'NONE',  ( -3.483609757455988133E-27, -1.000000000000000000, -1.182982342088897858E-30 ) ) ;
#307 = LINE ( 'NONE', #1668, #688 ) ;
#308 = EDGE_CURVE ( 'NONE', #1371, #244, #242, .T. ) ;
#309 = DIRECTION ( 'NONE',  ( 1.451504065606661722E-28, 1.182982342069548729E-30, 1.000000000000000000 ) ) ;
#310 = FILL_AREA_STYLE_COLOUR ( '', #254 ) ;
#311 = EDGE_LOOP ( 'NONE', ( #994, #1036, #1025, #3 ) ) ;
#312 = VERTEX_POINT ( 'NONE', #1504 ) ;
#313 = FACE_OUTER_BOUND ( 'NONE', #1713, .T. ) ;
#314 = VECTOR ( 'NONE', #1142, 1000.000000000000000 ) ;
#315 = AXIS2_PLACEMENT_3D ( 'NONE', #298, #918, #457 ) ;
#316 = LINE ( 'NONE', #938, #1446 ) ;
#317 = CARTESIAN_POINT ( 'NONE',  ( -0.3174999999999926770, 0.3175000000002672351, 2.199999999999995737 ) ) ;
#318 = LINE ( 'NONE', #1111, #722 ) ;
#319 = AXIS2_PLACEMENT_3D ( 'NONE', #272, #120, #1319 ) ;
#320 = EDGE_CURVE ( 'NONE', #235, #699, #1160, .T. ) ;
#321 = CARTESIAN_POINT ( 'NONE',  ( -0.9524999999999811395, 0.3175000000000017808, 3.469446951953614189E-15 ) ) ;
#322 = ORIENTED_EDGE ( 'NONE', *, *, #830, .F. ) ;
#323 = ADVANCED_FACE ( 'NONE', ( #585 ), #1815, .T. ) ;
#324 =( LENGTH_UNIT ( ) NAMED_UNIT ( * ) SI_UNIT ( .MILLI., .METRE. ) );
#325 = VERTEX_POINT ( 'NONE', #703 ) ;
#326 = PLANE ( 'NONE',  #1165 ) ;
#327 = LINE ( 'NONE', #1688, #1003 ) ;
#328 = DIRECTION ( 'NONE',  ( -2.308710557816934628E-16, -1.000000000000000000, 5.883893961082725518E-16 ) ) ;
#329 = FACE_OUTER_BOUND ( 'NONE', #1264, .T. ) ;
#330 = LINE ( 'NONE', #190, #189 ) ;
#331 = ORIENTED_EDGE ( 'NONE', *, *, #1374, .T. ) ;
#332 = AXIS2_PLACEMENT_3D ( 'NONE', #277, #156, #1241 ) ;
#333 = VERTEX_POINT ( 'NONE', #1321 ) ;
#334 = UNCERTAINTY_MEASURE_WITH_UNIT (LENGTH_MEASURE( 1.000000000000000082E-05 ), #366, 'distance_accuracy_value', 'NONE');
#335 = CARTESIAN_POINT ( 'NONE',  ( -1.587499999999991696, 0.3175000000000677280, 3.698025612106952131 ) ) ;
#336 = ADVANCED_FACE ( 'NONE', ( #1139 ), #1361, .T. ) ;
#337 = FACE_OUTER_BOUND ( 'NONE', #1347, .T. ) ;
#338 = DIRECTION ( 'NONE',  ( 0.0000000000000000000, 0.0000000000000000000, 1.000000000000000000 ) ) ;
#339 = LINE ( 'NONE', #17, #1732 ) ;
#340 = CARTESIAN_POINT ( 'NONE',  ( 0.9525000000000158895, 0.3175000000000087752, 5.898025612106918558 ) ) ;
#341 = CARTESIAN_POINT ( 'NONE',  ( -0.9524999999999395062, -0.3174999999999983391, 2.799999999999996714 ) ) ;
#342 = PRESENTATION_STYLE_ASSIGNMENT (( #1113 ) ) ;
#343 = ORIENTED_EDGE ( 'NONE', *, *, #199, .F. ) ;
#344 = ORIENTED_EDGE ( 'NONE', *, *, #995, .T. ) ;
#345 = DIRECTION ( 'NONE',  ( -1.000000000000000000, 2.308710557816944489E-16, 1.647119940439970842E-15 ) ) ;
#346 = EDGE_CURVE ( 'NONE', #191, #758, #991, .T. ) ;
#347 =( LENGTH_UNIT ( ) NAMED_UNIT ( * ) SI_UNIT ( .MILLI., .METRE. ) );
#348 = CARTESIAN_POINT ( 'NONE',  ( 2.499999999999986677, -1.199999999999999734, 4.499999999999997335 ) ) ;
#349 = LINE ( 'NONE', #358, #1394 ) ;
#350 = PLANE ( 'NONE',  #1490 ) ;
#351 = VECTOR ( 'NONE', #1004, 1000.000000000000000 ) ;
#352 = DIRECTION ( 'NONE',  ( -2.650572641542599666E-28, 9.239188719641792513E-31, -1.000000000000000000 ) ) ;
#353 = ORIENTED_EDGE ( 'NONE', *, *, #1619, .F. ) ;
#354 = VECTOR ( 'NONE', #1049, 1000.000000000000114 ) ;
#355 = ORIENTED_EDGE ( 'NONE', *, *, #41, .F. ) ;
#356 = LINE ( 'NONE', #1903, #283 ) ;
#357 = DIRECTION ( 'NONE',  ( 2.322406504970658755E-27, 0.7071067811865487940, -0.7071067811865463515 ) ) ;
#358 = CARTESIAN_POINT ( 'NONE',  ( -1.587499999999984812, 0.3175000000000017808, 5.898025612106946092 ) ) ;
#359 = DIRECTION ( 'NONE',  ( -1.451504065606661722E-28, -1.182982342069548729E-30, -1.000000000000000000 ) ) ;
#360 = EDGE_CURVE ( 'NONE', #953, #1143, #1552, .T. ) ;
#361 = DIRECTION ( 'NONE',  ( -1.752690884559862164E-14, -0.9396926207859094271, -0.3420201433256661594 ) ) ;
#362 = ORIENTED_EDGE ( 'NONE', *, *, #1822, .T. ) ;
#363 = ORIENTED_EDGE ( 'NONE', *, *, #929, .F. ) ;
#364 = VECTOR ( 'NONE', #540, 1000.000000000000000 ) ;
#365 = CARTESIAN_POINT ( 'NONE',  ( 2.000000000000001776, -0.6999999999999992895, 5.400000000000002132 ) ) ;
#366 =( LENGTH_UNIT ( ) NAMED_UNIT ( * ) SI_UNIT ( .MILLI., .METRE. ) );
#367 = AXIS2_PLACEMENT_3D ( 'NONE', #1690, #1081, #920 ) ;
#368 = CARTESIAN_POINT ( 'NONE',  ( 0.9525000000000019007, -0.3174999999998942557, 3.698025612106912163 ) ) ;
#369 = LINE ( 'NONE', #1918, #301 ) ;
#370 = DIRECTION ( 'NONE',  ( 1.455008059796859644E-16, -1.000000000000000000, -5.883893961082726504E-16 ) ) ;
#371 = EDGE_CURVE ( 'NONE', #1375, #598, #812, .T. ) ;
#372 = ORIENTED_EDGE ( 'NONE', *, *, #986, .T. ) ;
#373 = ORIENTED_EDGE ( 'NONE', *, *, #1457, .F. ) ;
#374 = CARTESIAN_POINT ( 'NONE',  ( 2.499999999999986677, 1.200000000000034373, 5.899999999999998579 ) ) ;
#375 = LINE ( 'NONE', #249, #820 ) ;
#376 = DIRECTION ( 'NONE',  ( -0.3236155771181911112, -0.3236155771181817298, -0.8891264907159870390 ) ) ;
#377 = FACE_OUTER_BOUND ( 'NONE', #1233, .T. ) ;
#378 = EDGE_LOOP ( 'NONE', ( #546, #1811, #322, #1440 ) ) ;
#379 = AXIS2_PLACEMENT_3D ( 'NONE', #1733, #1117, #1723 ) ;
#380 = EDGE_CURVE ( 'NONE', #1549, #325, #295, .T. ) ;
#381 = VECTOR ( 'NONE', #1906, 1000.000000000000000 ) ;
#382 = ORIENTED_EDGE ( 'NONE', *, *, #113, .F. ) ;
#383 = EDGE_CURVE ( 'NONE', #1152, #711, #605, .T. ) ;
#384 = CARTESIAN_POINT ( 'NONE',  ( 2.500000000000000444, -1.199999999999968425, 0.0000000000000000000 ) ) ;
#385 =( LENGTH_UNIT ( ) NAMED_UNIT ( * ) SI_UNIT ( .MILLI., .METRE. ) );
#386 = ORIENTED_EDGE ( 'NONE', *, *, #1678, .T. ) ;
#387 = LINE ( 'NONE', #230, #1254 ) ;
#388 = DIRECTION ( 'NONE',  ( -1.000000000000000000, -8.537024980549372120E-17, -1.451504065606661722E-28 ) ) ;
#389 = CARTESIAN_POINT ( 'NONE',  ( -0.3174999999999952860, 0.3175000000002672351, 2.600000000000000089 ) ) ;
#390 = ORIENTED_EDGE ( 'NONE', *, *, #943, .F. ) ;
#391 = ORIENTED_EDGE ( 'NONE', *, *, #1687, .F. ) ;
#392 = DIRECTION ( 'NONE',  ( 1.455008059796840416E-16, -1.000000000000000000, 5.883893961082721574E-16 ) ) ;
#393 =( NAMED_UNIT ( * ) SI_UNIT ( $, .STERADIAN. ) SOLID_ANGLE_UNIT ( ) );
#394 = EDGE_LOOP ( 'NONE', ( #1184, #1702, #624, #82 ) ) ;
#395 = EDGE_CURVE ( 'NONE', #81, #1365, #15, .T. ) ;
#396 = VECTOR ( 'NONE', #847, 1000.000000000000114 ) ;
#397 = VECTOR ( 'NONE', #1154, 1000.000000000000000 ) ;
#398 = DIRECTION ( 'NONE',  ( 1.647119940439970250E-15, 5.883893961082728476E-16, -1.000000000000000000 ) ) ;
#399 = CARTESIAN_POINT ( 'NONE',  ( 0.1719119062933982534, -0.1719119062933600894, -8.599999999999823785 ) ) ;
#400 = CARTESIAN_POINT ( 'NONE',  ( 0.9525000000000019007, 0.3175000000000017808, 4.999999999999999112 ) ) ;
#401 = ORIENTED_EDGE ( 'NONE', *, *, #185, .T. ) ;
#402 = EDGE_LOOP ( 'NONE', ( #118, #247, #109, #1618 ) ) ;
#403 = DIRECTION ( 'NONE',  ( 3.483609757455988133E-27, 1.000000000000000000, 1.182982342088897858E-30 ) ) ;
#404 = VERTEX_POINT ( 'NONE', #25 ) ;
#405 = ADVANCED_FACE ( 'NONE', ( #1565 ), #1577, .T. ) ;
#406 = DIRECTION ( 'NONE',  ( -0.7071067811865485719, -3.131695253900687474E-16, 0.7071067811865465735 ) ) ;
#407 = ADVANCED_FACE ( 'NONE', ( #208 ), #184, .T. ) ;
#408 = DIRECTION ( 'NONE',  ( 1.000000000000000000, 1.865174681369626850E-14, 3.171220838988467458E-28 ) ) ;
#409 = ORIENTED_EDGE ( 'NONE', *, *, #110, .F. ) ;
#410 = VERTEX_POINT ( 'NONE', #444 ) ;
#411 = AXIS2_PLACEMENT_3D ( 'NONE', #538, #266, #556 ) ;
#412 = VECTOR ( 'NONE', #595, 1000.000000000000000 ) ;
#413 = CARTESIAN_POINT ( 'NONE',  ( 2.500000000000057732, 0.7700000000001264722, 2.800000000000001599 ) ) ;
#414 = VERTEX_POINT ( 'NONE', #1847 ) ;
#415 = VECTOR ( 'NONE', #1079, 1000.000000000000000 ) ;
#416 =( GEOMETRIC_REPRESENTATION_CONTEXT ( 3 ) GLOBAL_UNCERTAINTY_ASSIGNED_CONTEXT ( ( #1265 ) ) GLOBAL_UNIT_ASSIGNED_CONTEXT ( ( #347, #834, #1445 ) ) REPRESENTATION_CONTEXT ( 'NONE', 'WORKASPACE' ) );
#417 = LINE ( 'NONE', #1467, #737 ) ;
#418 = LINE ( 'NONE', #1342, #1700 ) ;
#419 = ORIENTED_EDGE ( 'NONE', *, *, #765, .T. ) ;
#420 = EDGE_CURVE ( 'NONE', #598, #414, #1979, .T. ) ;
#421 = ORIENTED_EDGE ( 'NONE', *, *, #1627, .F. ) ;
#422 = DIRECTION ( 'NONE',  ( 1.647119940439970250E-15, 5.883893961082728476E-16, -1.000000000000000000 ) ) ;
#423 = CARTESIAN_POINT ( 'NONE',  ( 0.0000000000000000000, 0.0000000000000000000, 0.0000000000000000000 ) ) ;
#424 = ORIENTED_EDGE ( 'NONE', *, *, #1896, .T. ) ;
#425 = DIRECTION ( 'NONE',  ( -2.903008131213323803E-27, -0.7071067811865463515, -0.7071067811865487940 ) ) ;
#426 = CLOSED_SHELL ( 'NONE', ( #1869, #894, #465, #1249, #469, #1034, #1961, #1187, #1211, #1167, #43, #1042, #1116, #1971 ) ) ;
#427 = VECTOR ( 'NONE', #695, 1000.000000000000000 ) ;
#428 = CARTESIAN_POINT ( 'NONE',  ( 1.366666666666668917, -0.06666666666665932439, 5.633333333333337301 ) ) ;
#429 = DIRECTION ( 'NONE',  ( -1.455008059796859644E-16, 1.000000000000000000, 5.883893961082726504E-16 ) ) ;
#430 = FACE_OUTER_BOUND ( 'NONE', #1634, .T. ) ;
#431 = EDGE_CURVE ( 'NONE', #525, #1891, #1388, .T. ) ;
#432 = EDGE_LOOP ( 'NONE', ( #787, #1531, #903, #1911 ) ) ;
#433 = APPLICATION_PROTOCOL_DEFINITION ( 'draft international standard', 'automotive_design', 1998, #461 ) ;
#434 = ORIENTED_EDGE ( 'NONE', *, *, #599, .F. ) ;
#435 = CARTESIAN_POINT ( 'NONE',  ( 0.9525000000000019007, -0.3174999999999914002, 5.898025612106918558 ) ) ;
#436 = LINE ( 'NONE', #105, #354 ) ;
#437 = DIRECTION ( 'NONE',  ( -3.483609757455988133E-27, -1.000000000000000000, -1.182982342088897858E-30 ) ) ;
#438 = EDGE_LOOP ( 'NONE', ( #810, #373, #1921, #434 ) ) ;
#439 = CARTESIAN_POINT ( 'NONE',  ( 0.3174999999999536526, 0.3175000000000763878, -8.200000000000082778 ) ) ;
#440 = ORIENTED_EDGE ( 'NONE', *, *, #906, .F. ) ;
#441 = ORIENTED_EDGE ( 'NONE', *, *, #1775, .T. ) ;
#442 = PRODUCT_RELATED_PRODUCT_CATEGORY ( 'part', '', ( #607 ) ) ;
#443 = ADVANCED_FACE ( 'NONE', ( #1202 ), #130, .F. ) ;
#444 = CARTESIAN_POINT ( 'NONE',  ( -2.500000000000002220, 1.199999999999999734, 0.0000000000000000000 ) ) ;
#445 = AXIS2_PLACEMENT_3D ( 'NONE', #872, #1644, #1633 ) ;
#446 = LINE ( 'NONE', #1070, #1385 ) ;
#447 = AXIS2_PLACEMENT_3D ( 'NONE', #1804, #425, #1331 ) ;
#448 = DIRECTION ( 'NONE',  ( -2.650572641542599666E-28, 9.239188719641792513E-31, -1.000000000000000000 ) ) ;
#449 = PRODUCT_DEFINITION_SHAPE ( 'NONE', 'NONE',  #1640 ) ;
#450 = CARTESIAN_POINT ( 'NONE',  ( 1.587500000000019451, 0.3175000000001492739, 2.799999999999965183 ) ) ;
#451 = EDGE_LOOP ( 'NONE', ( #159, #984, #1441, #1570 ) ) ;
#452 = DIRECTION ( 'NONE',  ( -1.000000000000000000, -3.483609757455988133E-27, -1.451504065606661722E-28 ) ) ;
#453 = ORIENTED_EDGE ( 'NONE', *, *, #113, .T. ) ;
#454 = VERTEX_POINT ( 'NONE', #610 ) ;
#455 = ADVANCED_FACE ( 'NONE', ( #928 ), #1497, .T. ) ;
#456 = CARTESIAN_POINT ( 'NONE',  ( 2.500000000000043965, -1.269999999999873674, 2.800000000000001599 ) ) ;
#457 = DIRECTION ( 'NONE',  ( 1.647119940439970250E-15, 5.883893961082728476E-16, -1.000000000000000000 ) ) ;
#458 = ORIENTED_EDGE ( 'NONE', *, *, #981, .T. ) ;
#459 = FACE_OUTER_BOUND ( 'NONE', #1153, .T. ) ;
#460 = VECTOR ( 'NONE', #1206, 1000.000000000000000 ) ;
#461 = APPLICATION_CONTEXT ( 'automotive_design' ) ;
#462 = ORIENTED_EDGE ( 'NONE', *, *, #916, .T. ) ;
#463 = PRODUCT_CONTEXT ( 'NONE', #1607, 'mechanical' ) ;
#464 = CARTESIAN_POINT ( 'NONE',  ( -2.000000000000001776, -0.6999999999999992895, 5.400000000000000355 ) ) ;
#465 = ADVANCED_FACE ( 'NONE', ( #1839 ), #1372, .F. ) ;
#466 = CARTESIAN_POINT ( 'NONE',  ( -1.587499999999998579, 0.3174999999999983391, 5.000000000000000888 ) ) ;
#467 = DIRECTION ( 'NONE',  ( -1.000000000000000000, -1.865174681369626850E-14, -3.171220838988467458E-28 ) ) ;
#468 = PLANE ( 'NONE',  #76 ) ;
#469 = ADVANCED_FACE ( 'NONE', ( #734 ), #468, .F. ) ;
#470 =( REPRESENTATION_RELATIONSHIP ('NONE','NONE', #1951, #798 ) REPRESENTATION_RELATIONSHIP_WITH_TRANSFORMATION ( #291 )SHAPE_REPRESENTATION_RELATIONSHIP( ) );
#471 = VERTEX_POINT ( 'NONE', #1232 ) ;
#472 = ORIENTED_EDGE ( 'NONE', *, *, #792, .F. ) ;
#473 = DIRECTION ( 'NONE',  ( 1.848100631409224828E-14, 1.000000000000000000, -1.525564954230627228E-28 ) ) ;
#474 = AXIS2_PLACEMENT_3D ( 'NONE', #1715, #194, #173 ) ;
#475 = VECTOR ( 'NONE', #1897, 1000.000000000000000 ) ;
#476 = DIRECTION ( 'NONE',  ( 1.000000000000000000, -3.414809992045505251E-16, 1.088628049204996291E-28 ) ) ;
#477 = LINE ( 'NONE', #784, #1046 ) ;
#478 = CARTESIAN_POINT ( 'NONE',  ( 1.587499999999998579, -0.3175000000000017808, 5.000000000000000888 ) ) ;
#479 = AXIS2_PLACEMENT_3D ( 'NONE', #891, #548, #1777 ) ;
#480 = PLANE ( 'NONE',  #1923 ) ;
#481 = DIRECTION ( 'NONE',  ( -1.882248731330027611E-14, -1.000000000000000000, 1.513278871110336571E-28 ) ) ;
#482 = ADVANCED_FACE ( 'NONE', ( #459 ), #764, .F. ) ;
#483 = EDGE_LOOP ( 'NONE', ( #1402, #1410, #104, #1024 ) ) ;
#484 = ORIENTED_EDGE ( 'NONE', *, *, #1316, .F. ) ;
#485 = CARTESIAN_POINT ( 'NONE',  ( 0.9525000000000644063, 0.3175000000000017808, -4.119968255444916849E-15 ) ) ;
#486 = LINE ( 'NONE', #1557, #970 ) ;
#487 = CARTESIAN_POINT ( 'NONE',  ( -1.999999999999994893, 0.6999999999999992895, 5.400000000000002132 ) ) ;
#488 = LINE ( 'NONE', #1101, #1305 ) ;
#489 = CARTESIAN_POINT ( 'NONE',  ( -1.999999999999939382, 1.270000000000128582, 2.299999999999985612 ) ) ;
#490 = ORIENTED_EDGE ( 'NONE', *, *, #1920, .F. ) ;
#491 = AXIS2_PLACEMENT_3D ( 'NONE', #972, #1426, #1740 ) ;
#492 = EDGE_CURVE ( 'NONE', #911, #278, #1699, .T. ) ;
#493 = AXIS2_PLACEMENT_3D ( 'NONE', #1828, #621, #452 ) ;
#494 = EDGE_LOOP ( 'NONE', ( #1530, #1242, #1622, #1273 ) ) ;
#495 = EDGE_CURVE ( 'NONE', #404, #1799, #1353, .T. ) ;
#496 = DIRECTION ( 'NONE',  ( 1.000000000000000000, -4.869818051877188667E-16, -1.647119940439971434E-15 ) ) ;
#497 = CARTESIAN_POINT ( 'NONE',  ( 0.9525000000000158895, 0.3175000000000017808, 0.0000000000000000000 ) ) ;
#498 = DIRECTION ( 'NONE',  ( -1.451504065606661946E-28, -1.182982342069548904E-30, -1.000000000000000000 ) ) ;
#499 = CARTESIAN_POINT ( 'NONE',  ( 2.000000000000036415, -1.269999999999849472, 2.800000000000001599 ) ) ;
#500 = DIRECTION ( 'NONE',  ( 1.647119940439970250E-15, 5.883893961082728476E-16, -1.000000000000000000 ) ) ;
#501 = CARTESIAN_POINT ( 'NONE',  ( 0.1719119062935170750, 0.3175000000001804712, 2.600000000000000089 ) ) ;
#502 = ORIENTED_EDGE ( 'NONE', *, *, #1432, .F. ) ;
#503 = ORIENTED_EDGE ( 'NONE', *, *, #1396, .T. ) ;
#504 = CARTESIAN_POINT ( 'NONE',  ( 0.1719119062935162146, 0.1719119062936792786, -8.599999999999623057 ) ) ;
#505 = PLANE ( 'NONE',  #1576 ) ;
#506 = EDGE_CURVE ( 'NONE', #222, #1196, #1972, .T. ) ;
#507 = DIRECTION ( 'NONE',  ( -1.882248731330027611E-14, -1.000000000000000000, 1.513278871110336571E-28 ) ) ;
#508 = DIRECTION ( 'NONE',  ( 1.000000000000000000, -1.455008059796862603E-16, 1.647119940439970250E-15 ) ) ;
#509 = CARTESIAN_POINT ( 'NONE',  ( 1.587500000000005684, -0.3174999999999705835, 1.561251128379126385E-14 ) ) ;
#510 = PRESENTATION_LAYER_ASSIGNMENT (  '', '', ( #1030 ) ) ;
#511 = CARTESIAN_POINT ( 'NONE',  ( 1.587500000000005906, -0.3174999999999323919, 3.698025612106854876 ) ) ;
#512 = ORIENTED_EDGE ( 'NONE', *, *, #380, .T. ) ;
#513 = VECTOR ( 'NONE', #408, 1000.000000000000000 ) ;
#514 = MECHANICAL_DESIGN_GEOMETRIC_PRESENTATION_REPRESENTATION (  '', ( #1641 ), #1540 ) ;
#515 = ORIENTED_EDGE ( 'NONE', *, *, #1956, .T. ) ;
#516 = CARTESIAN_POINT ( 'NONE',  ( -0.1719119062935131892, 0.1719119062936983466, 2.599999999999977440 ) ) ;
#517 = CARTESIAN_POINT ( 'NONE',  ( -0.3175000000000607892, 0.3175000000002672351, -8.199999999999830536 ) ) ;
#518 = ADVANCED_FACE ( 'NONE', ( #1218, #776, #8 ), #580, .T. ) ;
#519 = CARTESIAN_POINT ( 'NONE',  ( -2.499999999999939604, 1.270000000000093943, 2.299999999999985612 ) ) ;
#520 = DIRECTION ( 'NONE',  ( 1.848100631409224828E-14, 1.000000000000000000, -1.525564954230627228E-28 ) ) ;
#521 = CARTESIAN_POINT ( 'NONE',  ( 2.500000000000043965, -1.269999999999873674, 2.800000000000001599 ) ) ;
#522 = PLANE ( 'NONE',  #770 ) ;
#523 = ORIENTED_EDGE ( 'NONE', *, *, #1007, .T. ) ;
#524 = AXIS2_PLACEMENT_3D ( 'NONE', #1043, #886, #909 ) ;
#525 = VERTEX_POINT ( 'NONE', #1808 ) ;
#526 = VECTOR ( 'NONE', #1380, 1000.000000000000000 ) ;
#527 = FACE_OUTER_BOUND ( 'NONE', #1784, .T. ) ;
#528 = SURFACE_SIDE_STYLE ('',( #65 ) ) ;
#529 = PRESENTATION_STYLE_ASSIGNMENT (( #1298 ) ) ;
#530 = LINE ( 'NONE', #1514, #1366 ) ;
#531 = ADVANCED_FACE ( 'NONE', ( #430 ), #898, .T. ) ;
#532 = FACE_OUTER_BOUND ( 'NONE', #311, .T. ) ;
#533 = CARTESIAN_POINT ( 'NONE',  ( -1.587499999999943068, 0.3174999999999601474, 1.322726650432315409E-14 ) ) ;
#534 = ORIENTED_EDGE ( 'NONE', *, *, #1315, .T. ) ;
#535 = EDGE_CURVE ( 'NONE', #1152, #911, #1364, .T. ) ;
#536 = EDGE_CURVE ( 'NONE', #977, #706, #1680, .T. ) ;
#537 = VERTEX_POINT ( 'NONE', #1669 ) ;
#538 = CARTESIAN_POINT ( 'NONE',  ( -2.500000000000002220, 1.199999999999999734, 0.0000000000000000000 ) ) ;
#539 = DIRECTION ( 'NONE',  ( 1.000000000000000000, -1.455008059796862603E-16, 1.647119940439970250E-15 ) ) ;
#540 = DIRECTION ( 'NONE',  ( -0.3236155771181907781, -0.3236155771181814522, -0.8891264907159872610 ) ) ;
#541 = DIRECTION ( 'NONE',  ( -0.3236155771181744023, 0.3236155771181836727, 0.8891264907159924791 ) ) ;
#542 = DIRECTION ( 'NONE',  ( 0.7071067811865463515, -0.7071067811865487940, -7.888609052210342262E-31 ) ) ;
#543 = EDGE_LOOP ( 'NONE', ( #561, #634, #167, #9 ) ) ;
#544 = EDGE_CURVE ( 'NONE', #788, #1371, #1074, .T. ) ;
#545 = VECTOR ( 'NONE', #6, 1000.000000000000000 ) ;
#546 = ORIENTED_EDGE ( 'NONE', *, *, #371, .T. ) ;
#547 = CARTESIAN_POINT ( 'NONE',  ( -2.499999999999960476, -1.269999999999873674, 2.800000000000001599 ) ) ;
#548 = DIRECTION ( 'NONE',  ( -1.201028591059100760E-16, -2.391464933481761123E-17, -1.000000000000000000 ) ) ;
#549 = ORIENTED_EDGE ( 'NONE', *, *, #1068, .T. ) ;
#550 = DIRECTION ( 'NONE',  ( -0.5773502691896247319, 0.5773502691896258421, -0.5773502691896266192 ) ) ;
#551 = CARTESIAN_POINT ( 'NONE',  ( -2.499999999999981348, -0.7699999999998697886, 2.799999999999994049 ) ) ;
#552 = CARTESIAN_POINT ( 'NONE',  ( -1.587499999999936184, -0.3174999999998509015, 2.800000000000003375 ) ) ;
#553 = EDGE_LOOP ( 'NONE', ( #1950, #1689, #1327, #155 ) ) ;
#554 = ORIENTED_EDGE ( 'NONE', *, *, #100, .T. ) ;
#555 = EDGE_CURVE ( 'NONE', #1801, #1390, #318, .T. ) ;
#556 = DIRECTION ( 'NONE',  ( -1.000000000000000000, 1.455008059796843621E-16, 1.647119940439970053E-15 ) ) ;
#557 = SURFACE_STYLE_FILL_AREA ( #718 ) ;
#558 = ORIENTED_EDGE ( 'NONE', *, *, #1651, .T. ) ;
#559 = CARTESIAN_POINT ( 'NONE',  ( -2.500000000000003997, -1.199999999999999734, 0.0000000000000000000 ) ) ;
#560 = ORIENTED_EDGE ( 'NONE', *, *, #1382, .F. ) ;
#561 = ORIENTED_EDGE ( 'NONE', *, *, #1664, .T. ) ;
#562 =( REPRESENTATION_RELATIONSHIP ('NONE','NONE', #1951, #721 ) REPRESENTATION_RELATIONSHIP_WITH_TRANSFORMATION ( #1083 )SHAPE_REPRESENTATION_RELATIONSHIP( ) );
#563 = DIRECTION ( 'NONE',  ( 3.171220838988467458E-28, 9.239188719750377379E-31, -1.000000000000000000 ) ) ;
#564 = ORIENTED_EDGE ( 'NONE', *, *, #380, .F. ) ;
#565 = EDGE_CURVE ( 'NONE', #264, #996, #1427, .T. ) ;
#566 = CARTESIAN_POINT ( 'NONE',  ( 2.500000000000023981, -0.7699999999998732303, 2.799999999999994049 ) ) ;
#567 = DIRECTION ( 'NONE',  ( -2.650572641542599666E-28, 9.239188719641792513E-31, -1.000000000000000000 ) ) ;
#568 = ORIENTED_EDGE ( 'NONE', *, *, #555, .T. ) ;
#569 = EDGE_LOOP ( 'NONE', ( #372, #1095, #1944, #1626 ) ) ;
#570 = VECTOR ( 'NONE', #1934, 1000.000000000000000 ) ;
#571 = APPLICATION_CONTEXT ( 'automotive_design' ) ;
#572 = VECTOR ( 'NONE', #846, 1000.000000000000114 ) ;
#573 = LINE ( 'NONE', #1194, #1890 ) ;
#574 = EDGE_LOOP ( 'NONE', ( #515, #554, #424, #549 ) ) ;
#575 = VECTOR ( 'NONE', #1555, 1000.000000000000000 ) ;
#576 = PRODUCT_DEFINITION_SHAPE ( 'NONE', 'NONE',  #1989 ) ;
#577 = PLANE ( 'NONE',  #447 ) ;
#578 = EDGE_CURVE ( 'NONE', #235, #333, #962, .T. ) ;
#579 = DIRECTION ( 'NONE',  ( 1.647119940439970250E-15, 5.883893961082728476E-16, -1.000000000000000000 ) ) ;
#580 = PLANE ( 'NONE',  #493 ) ;
#581 = ORIENTED_EDGE ( 'NONE', *, *, #765, .F. ) ;
#582 =( NAMED_UNIT ( * ) PLANE_ANGLE_UNIT ( ) SI_UNIT ( $, .RADIAN. ) );
#583 = APPLICATION_PROTOCOL_DEFINITION ( 'draft international standard', 'automotive_design', 1998, #1607 ) ;
#584 = VERTEX_POINT ( 'NONE', #982 ) ;
#585 = FACE_OUTER_BOUND ( 'NONE', #1115, .T. ) ;
#586 = LINE ( 'NONE', #1197, #1413 ) ;
#587 = AXIS2_PLACEMENT_3D ( 'NONE', #651, #1271, #1418 ) ;
#588 = CARTESIAN_POINT ( 'NONE',  ( -2.500000000000011102, -1.199999999999968425, 4.999999999999997335 ) ) ;
#589 = LINE ( 'NONE', #826, #1683 ) ;
#590 = DIRECTION ( 'NONE',  ( -1.000000000000000000, 1.882248731330027611E-14, -3.171220838988523958E-28 ) ) ;
#591 = ADVANCED_FACE ( 'NONE', ( #973 ), #672, .F. ) ;
#592 = ORIENTED_EDGE ( 'NONE', *, *, #308, .F. ) ;
#593 = VERTEX_POINT ( 'NONE', #1568 ) ;
#594 = LINE ( 'NONE', #1256, #286 ) ;
#595 = DIRECTION ( 'NONE',  ( -1.455008059796840416E-16, 1.000000000000000000, -5.883893961082721574E-16 ) ) ;
#596 = CARTESIAN_POINT ( 'NONE',  ( 2.500000000000023981, -0.7699999999998732303, 2.799999999999994049 ) ) ;
#597 = CARTESIAN_POINT ( 'NONE',  ( 2.000000000000008882, 0.6999999999999992895, 5.400000000000000355 ) ) ;
#598 = VERTEX_POINT ( 'NONE', #1867 ) ;
#599 = EDGE_CURVE ( 'NONE', #278, #2, #178, .T. ) ;
#600 = SHAPE_DEFINITION_REPRESENTATION ( #1940, #1735 ) ;
#601 = EDGE_LOOP ( 'NONE', ( #1343, #1592, #656, #1421 ) ) ;
#602 = AXIS2_PLACEMENT_3D ( 'NONE', #1486, #1630, #251 ) ;
#603 = DIRECTION ( 'NONE',  ( 3.483609757455988133E-27, 1.000000000000000000, 1.182982342088897858E-30 ) ) ;
#604 = VECTOR ( 'NONE', #1788, 1000.000000000000000 ) ;
#605 = LINE ( 'NONE', #1533, #690 ) ;
#606 =( GEOMETRIC_REPRESENTATION_CONTEXT ( 3 ) GLOBAL_UNCERTAINTY_ASSIGNED_CONTEXT ( ( #1562 ) ) GLOBAL_UNIT_ASSIGNED_CONTEXT ( ( #1914, #1027, #1493 ) ) REPRESENTATION_CONTEXT ( 'NONE', 'WORKASPACE' ) );
#607 = PRODUCT ( 'User Library-Jumper SL2', 'User Library-Jumper SL2', '', ( #1094 ) ) ;
#608 = DIRECTION ( 'NONE',  ( 1.451504065606661722E-28, 1.182982342069548729E-30, 1.000000000000000000 ) ) ;
#609 = CARTESIAN_POINT ( 'NONE',  ( -2.500000000000017764, 1.200000000000010170, 5.900000000000030553 ) ) ;
#610 = CARTESIAN_POINT ( 'NONE',  ( -0.3175000000000607892, 0.3175000000002672351, -8.199999999999830536 ) ) ;
#611 = ORIENTED_EDGE ( 'NONE', *, *, #1457, .T. ) ;
#612 = ORIENTED_EDGE ( 'NONE', *, *, #1180, .T. ) ;
#613 = ADVANCED_FACE ( 'NONE', ( #1121 ), #1856, .F. ) ;
#614 = ADVANCED_BREP_SHAPE_REPRESENTATION ( '', ( #1722, #95 ), #416 ) ;
#615 = DIRECTION ( 'NONE',  ( -1.451504065606661722E-28, -1.182982342069548729E-30, -1.000000000000000000 ) ) ;
#616 = ADVANCED_FACE ( 'NONE', ( #329 ), #350, .T. ) ;
#617 = VECTOR ( 'NONE', #496, 1000.000000000000000 ) ;
#618 = AXIS2_PLACEMENT_3D ( 'NONE', #487, #508, #1854 ) ;
#619 = CARTESIAN_POINT ( 'NONE',  ( 0.9525000000000019007, -0.3174999999999983391, 5.000000000000016875 ) ) ;
#620 = DIRECTION ( 'NONE',  ( -0.7071067811865462405, -3.131695253900704237E-16, 0.7071067811865487940 ) ) ;
#621 = DIRECTION ( 'NONE',  ( 1.451504065606661722E-28, -1.182982342069548729E-30, -1.000000000000000000 ) ) ;
#622 = VECTOR ( 'NONE', #897, 1000.000000000000000 ) ;
#623 = VECTOR ( 'NONE', #1580, 1000.000000000000000 ) ;
#624 = ORIENTED_EDGE ( 'NONE', *, *, #16, .F. ) ;
#625 = PRODUCT_CONTEXT ( 'NONE', #1681, 'mechanical' ) ;
#626 = ORIENTED_EDGE ( 'NONE', *, *, #845, .T. ) ;
#627 = CARTESIAN_POINT ( 'NONE',  ( -1.587499999999998579, -0.3175000000000087752, 0.0000000000000000000 ) ) ;
#628 = EDGE_CURVE ( 'NONE', #31, #410, #1133, .T. ) ;
#629 = LINE ( 'NONE', #1407, #545 ) ;
#630 = CARTESIAN_POINT ( 'NONE',  ( -2.500000000000002220, -1.199999999999996181, 5.899999999999998579 ) ) ;
#631 = DIRECTION ( 'NONE',  ( 1.451504065606661722E-28, 1.182982342069548729E-30, 1.000000000000000000 ) ) ;
#632 = FILL_AREA_STYLE ('',( #1812 ) ) ;
#633 = ORIENTED_EDGE ( 'NONE', *, *, #1528, .F. ) ;
#634 = ORIENTED_EDGE ( 'NONE', *, *, #767, .T. ) ;
#635 = DIRECTION ( 'NONE',  ( -1.000000000000000000, -1.959801932283499454E-16, 1.647119940439970250E-15 ) ) ;
#636 = LINE ( 'NONE', #13, #1927 ) ;
#637 = VECTOR ( 'NONE', #1026, 1000.000000000000000 ) ;
#638 = VECTOR ( 'NONE', #98, 999.9999999999998863 ) ;
#639 = LINE ( 'NONE', #154, #1035 ) ;
#640 = LINE ( 'NONE', #1278, #205 ) ;
#641 = ADVANCED_FACE ( 'NONE', ( #188 ), #661, .F. ) ;
#642 = CARTESIAN_POINT ( 'NONE',  ( -1.587499999999988365, -0.3174999999999358891, 3.698025612106921045 ) ) ;
#643 = VECTOR ( 'NONE', #1516, 1000.000000000000000 ) ;
#644 = LINE ( 'NONE', #1055, #1666 ) ;
#645 = ORIENTED_EDGE ( 'NONE', *, *, #383, .F. ) ;
#646 = ORIENTED_EDGE ( 'NONE', *, *, #1092, .F. ) ;
#647 = CARTESIAN_POINT ( 'NONE',  ( 0.3174999999999987832, 0.3175000000000763878, 2.599999999999926814 ) ) ;
#648 = SHAPE_REPRESENTATION_RELATIONSHIP ( 'NONE' , 'NONE' ,  #798, #614 ) ;
#649 = DIRECTION ( 'NONE',  ( 1.647119940439970250E-15, 5.883893961082728476E-16, -1.000000000000000000 ) ) ;
#650 = DIRECTION ( 'NONE',  ( -1.451504065606661722E-28, -1.182982342069548729E-30, -1.000000000000000000 ) ) ;
#651 = CARTESIAN_POINT ( 'NONE',  ( -1.999999999999960032, -1.269999999999934293, 2.800000000000001599 ) ) ;
#652 = DIRECTION ( 'NONE',  ( 1.647119940439970250E-15, 5.883893961082728476E-16, -1.000000000000000000 ) ) ;
#653 = ORIENTED_EDGE ( 'NONE', *, *, #346, .T. ) ;
#654 = AXIS2_PLACEMENT_3D ( 'NONE', #1052, #1659, #1509 ) ;
#655 = EDGE_CURVE ( 'NONE', #1672, #1757, #785, .T. ) ;
#656 = ORIENTED_EDGE ( 'NONE', *, *, #578, .F. ) ;
#657 = DIRECTION ( 'NONE',  ( -1.959801932283509068E-16, 1.000000000000000000, -5.883893961082733407E-16 ) ) ;
#658 = DIRECTION ( 'NONE',  ( -1.000000000000000000, -3.483609757455988850E-27, 1.451504065606661722E-28 ) ) ;
#659 = LINE ( 'NONE', #1277, #381 ) ;
#660 = DIRECTION ( 'NONE',  ( 2.322406504970659114E-27, 0.7071067811865463515, -0.7071067811865487940 ) ) ;
#661 = PLANE ( 'NONE',  #1905 ) ;
#662 = FACE_OUTER_BOUND ( 'NONE', #262, .T. ) ;
#663 = ORIENTED_EDGE ( 'NONE', *, *, #1311, .F. ) ;
#664 = ORIENTED_EDGE ( 'NONE', *, *, #1843, .T. ) ;
#665 = EDGE_CURVE ( 'NONE', #1135, #333, #1887, .T. ) ;
#666 =( REPRESENTATION_RELATIONSHIP ('NONE','NONE', #1951, #721 ) REPRESENTATION_RELATIONSHIP_WITH_TRANSFORMATION ( #279 )SHAPE_REPRESENTATION_RELATIONSHIP( ) );
#667 = FACE_OUTER_BOUND ( 'NONE', #1164, .T. ) ;
#668 = EDGE_CURVE ( 'NONE', #191, #1693, #1547, .T. ) ;
#669 = CARTESIAN_POINT ( 'NONE',  ( -2.166666666666642982, 1.103333333333428312, 0.3333333333333231008 ) ) ;
#670 = AXIS2_PLACEMENT_3D ( 'NONE', #1729, #370, #1919 ) ;
#671 = CARTESIAN_POINT ( 'NONE',  ( -0.3175000000001232392, -0.1719119062932542574, -8.599999999999834444 ) ) ;
#672 = PLANE ( 'NONE',  #587 ) ;
#673 = VECTOR ( 'NONE', #1545, 1000.000000000000114 ) ;
#674 = CARTESIAN_POINT ( 'NONE',  ( 1.587500000000005684, -0.3174999999999358891, -1.301042606982605321E-15 ) ) ;
#675 = EDGE_LOOP ( 'NONE', ( #1063, #1873, #952, #1631 ) ) ;
#676 = PRESENTATION_LAYER_ASSIGNMENT (  '', '', ( #1641 ) ) ;
#677 = COLOUR_RGB ( '',0.7529411764705882248, 0.7529411764705882248, 0.7529411764705882248 ) ;
#678 = ORIENTED_EDGE ( 'NONE', *, *, #1742, .F. ) ;
#679 = LINE ( 'NONE', #647, #724 ) ;
#680 = EDGE_CURVE ( 'NONE', #1324, #312, #1248, .T. ) ;
#681 = APPLICATION_CONTEXT ( 'automotive_design' ) ;
#682 = EDGE_CURVE ( 'NONE', #1983, #1720, #488, .T. ) ;
#683 = SURFACE_SIDE_STYLE ('',( #835 ) ) ;
#684 = PLANE ( 'NONE',  #985 ) ;
#685 = DIRECTION ( 'NONE',  ( -1.000000000000000000, 1.455008059796843621E-16, 1.647119940439970053E-15 ) ) ;
#686 = CARTESIAN_POINT ( 'NONE',  ( 2.499999999999986677, 1.200000000000003064, 4.499999999999997335 ) ) ;
#687 = ORIENTED_EDGE ( 'NONE', *, *, #754, .T. ) ;
#688 = VECTOR ( 'NONE', #1649, 1000.000000000000000 ) ;
#689 = EDGE_LOOP ( 'NONE', ( #344, #1019, #1169, #729 ) ) ;
#690 = VECTOR ( 'NONE', #772, 1000.000000000000000 ) ;
#691 = FACE_OUTER_BOUND ( 'NONE', #1235, .T. ) ;
#692 =( NAMED_UNIT ( * ) SI_UNIT ( $, .STERADIAN. ) SOLID_ANGLE_UNIT ( ) );
#693 = LINE ( 'NONE', #1138, #1637 ) ;
#694 = DIRECTION ( 'NONE',  ( -1.882248731330027611E-14, -1.000000000000000000, 1.513278871110336571E-28 ) ) ;
#695 = DIRECTION ( 'NONE',  ( 0.5773502691896273964, 0.5773502691896259531, -0.5773502691896239547 ) ) ;
#696 = ADVANCED_FACE ( 'NONE', ( #949 ), #1719, .F. ) ;
#697 = FACE_OUTER_BOUND ( 'NONE', #1357, .T. ) ;
#698 = EDGE_LOOP ( 'NONE', ( #1763, #1489, #829, #1330 ) ) ;
#699 = VERTEX_POINT ( 'NONE', #478 ) ;
#700 = LINE ( 'NONE', #1953, #570 ) ;
#701 = ORIENTED_EDGE ( 'NONE', *, *, #495, .F. ) ;
#702 = DIRECTION ( 'NONE',  ( 1.451504065606661722E-28, 1.182982342069548729E-30, 1.000000000000000000 ) ) ;
#703 = CARTESIAN_POINT ( 'NONE',  ( 1.587500000000061195, 0.3175000000000642864, 1.322726650432315409E-14 ) ) ;
#704 = CARTESIAN_POINT ( 'NONE',  ( -0.3174999999999952860, 0.1719119062937851106, 2.600000000000000089 ) ) ;
#705 = EDGE_CURVE ( 'NONE', #22, #888, #1559, .T. ) ;
#706 = VERTEX_POINT ( 'NONE', #1612 ) ;
#707 = VECTOR ( 'NONE', #813, 1000.000000000000000 ) ;
#708 = EDGE_LOOP ( 'NONE', ( #1048, #843, #1183, #252 ) ) ;
#709 = CARTESIAN_POINT ( 'NONE',  ( -1.587499999999998579, -0.3175000000000017808, 4.999999999999999112 ) ) ;
#710 = SURFACE_SIDE_STYLE ('',( #1724 ) ) ;
#711 = VERTEX_POINT ( 'NONE', #1908 ) ;
#712 = LINE ( 'NONE', #1349, #285 ) ;
#713 = CARTESIAN_POINT ( 'NONE',  ( -0.9524999999999950173, -0.3174999999999983391, 5.898025612106918558 ) ) ;
#714 = EDGE_LOOP ( 'NONE', ( #1660, #1006, #1645, #1352 ) ) ;
#715 = ORIENTED_EDGE ( 'NONE', *, *, #1603, .T. ) ;
#716 = EDGE_CURVE ( 'NONE', #1365, #1453, #1002, .T. ) ;
#717 = LINE ( 'NONE', #547, #1800 ) ;
#718 = FILL_AREA_STYLE ('',( #1329 ) ) ;
#719 = VERTEX_POINT ( 'NONE', #848 ) ;
#720 = AXIS2_PLACEMENT_3D ( 'NONE', #1171, #1967, #1929 ) ;
#721 = SHAPE_REPRESENTATION ( 'NuP SL2_V\X2\00fd\X0\choz\X2\00ed\X0\', ( #95 ), #773 ) ;
#722 = VECTOR ( 'NONE', #39, 1000.000000000000114 ) ;
#723 = CARTESIAN_POINT ( 'NONE',  ( -1.999999999999996669, 1.200000000000030820, 4.999999999999999112 ) ) ;
#724 = VECTOR ( 'NONE', #823, 1000.000000000000000 ) ;
#725 = CARTESIAN_POINT ( 'NONE',  ( -0.3175000000000304246, -0.3174999999997329403, 2.600000000000042277 ) ) ;
#726 = ORIENTED_EDGE ( 'NONE', *, *, #1348, .F. ) ;
#727 = ORIENTED_EDGE ( 'NONE', *, *, #148, .T. ) ;
#728 = DIRECTION ( 'NONE',  ( -0.3420201433256663259, -6.379273118494547562E-15, -0.9396926207859092051 ) ) ;
#729 = ORIENTED_EDGE ( 'NONE', *, *, #1822, .F. ) ;
#730 = ADVANCED_FACE ( 'NONE', ( #68 ), #1450, .F. ) ;
#731 = CARTESIAN_POINT ( 'NONE',  ( -1.999999999999974021, 1.270000000000067963, 2.799999999999994049 ) ) ;
#732 = DIRECTION ( 'NONE',  ( 1.882248731330027611E-14, 1.000000000000000000, -1.513278871110336571E-28 ) ) ;
#733 = CARTESIAN_POINT ( 'NONE',  ( -1.999999999999994893, 0.6999999999999992895, 5.400000000000002132 ) ) ;
#734 = FACE_OUTER_BOUND ( 'NONE', #863, .T. ) ;
#735 = ORIENTED_EDGE ( 'NONE', *, *, #1126, .F. ) ;
#736 = VECTOR ( 'NONE', #403, 1000.000000000000000 ) ;
#737 = VECTOR ( 'NONE', #550, 1000.000000000000114 ) ;
#738 = FILL_AREA_STYLE ('',( #310 ) ) ;
#739 = ORIENTED_EDGE ( 'NONE', *, *, #599, .T. ) ;
#740 = CARTESIAN_POINT ( 'NONE',  ( 1.587499999999998579, -0.3175000000000017808, 5.000000000000000888 ) ) ;
#741 = AXIS2_PLACEMENT_3D ( 'NONE', #907, #945, #473 ) ;
#742 = EDGE_CURVE ( 'NONE', #1282, #404, #1149, .T. ) ;
#743 = CARTESIAN_POINT ( 'NONE',  ( -1.587499999999936184, -0.3174999999998509015, 2.800000000000003375 ) ) ;
#744 = ADVANCED_FACE ( 'NONE', ( #532 ), #232, .T. ) ;
#745 = PLANE ( 'NONE',  #1510 ) ;
#746 = FACE_OUTER_BOUND ( 'NONE', #1711, .T. ) ;
#747 = CARTESIAN_POINT ( 'NONE',  ( 0.9525000000000088951, 0.3175000000001059197, 3.698025612106914828 ) ) ;
#748 = ORIENTED_EDGE ( 'NONE', *, *, #995, .F. ) ;
#749 = ORIENTED_EDGE ( 'NONE', *, *, #506, .F. ) ;
#750 = CARTESIAN_POINT ( 'NONE',  ( -1.587499999999998579, -0.3175000000000017808, 4.999999999999999112 ) ) ;
#751 = AXIS2_PLACEMENT_3D ( 'NONE', #763, #429, #1358 ) ;
#752 = DIRECTION ( 'NONE',  ( -1.451504065606661946E-28, -1.182982342069548904E-30, -1.000000000000000000 ) ) ;
#753 = ORIENTED_EDGE ( 'NONE', *, *, #1326, .T. ) ;
#754 = EDGE_CURVE ( 'NONE', #1462, #454, #369, .T. ) ;
#755 = DIRECTION ( 'NONE',  ( -3.483609757455988133E-27, -1.000000000000000000, -1.182982342088897858E-30 ) ) ;
#756 = APPLICATION_CONTEXT ( 'automotive_design' ) ;
#757 = ORIENTED_EDGE ( 'NONE', *, *, #1302, .F. ) ;
#758 = VERTEX_POINT ( 'NONE', #1598 ) ;
#759 = UNCERTAINTY_MEASURE_WITH_UNIT (LENGTH_MEASURE( 1.000000000000000082E-05 ), #1548, 'distance_accuracy_value', 'NONE');
#760 = LINE ( 'NONE', #1864, #1609 ) ;
#761 = DIRECTION ( 'NONE',  ( -1.451504065606661946E-28, -1.182982342069548904E-30, -1.000000000000000000 ) ) ;
#762 = CARTESIAN_POINT ( 'NONE',  ( -0.9525000000000019007, 0.3175000000000017808, 4.999999999999999112 ) ) ;
#763 = CARTESIAN_POINT ( 'NONE',  ( -2.500000000000011102, -1.199999999999968425, 4.999999999999997335 ) ) ;
#764 = PLANE ( 'NONE',  #367 ) ;
#765 = EDGE_CURVE ( 'NONE', #414, #861, #220, .T. ) ;
#766 = VERTEX_POINT ( 'NONE', #45 ) ;
#767 = EDGE_CURVE ( 'NONE', #758, #766, #216, .T. ) ;
#768 = SHAPE_DEFINITION_REPRESENTATION ( #1830, #798 ) ;
#769 = ORIENTED_EDGE ( 'NONE', *, *, #1806, .F. ) ;
#770 = AXIS2_PLACEMENT_3D ( 'NONE', #1762, #817, #1888 ) ;
#771 = DIRECTION ( 'NONE',  ( 0.5773502691896248429, -0.5773502691896272854, -0.5773502691896251759 ) ) ;
#772 = DIRECTION ( 'NONE',  ( 1.000000000000000000, 3.483609757455988133E-27, 1.451504065606661722E-28 ) ) ;
#773 =( GEOMETRIC_REPRESENTATION_CONTEXT ( 3 ) GLOBAL_UNCERTAINTY_ASSIGNED_CONTEXT ( ( #35 ) ) GLOBAL_UNIT_ASSIGNED_CONTEXT ( ( #1884, #956, #229 ) ) REPRESENTATION_CONTEXT ( 'NONE', 'WORKASPACE' ) );
#774 = DIRECTION ( 'NONE',  ( 1.000000000000000000, -1.455008059796862603E-16, 1.647119940439970250E-15 ) ) ;
#775 = VERTEX_POINT ( 'NONE', #1137 ) ;
#776 = FACE_OUTER_BOUND ( 'NONE', #394, .T. ) ;
#777 = PRESENTATION_STYLE_ASSIGNMENT (( #809 ) ) ;
#778 = VERTEX_POINT ( 'NONE', #1444 ) ;
#779 = ORIENTED_EDGE ( 'NONE', *, *, #420, .F. ) ;
#780 = EDGE_CURVE ( 'NONE', #1082, #1253, #1414, .T. ) ;
#781 = DIRECTION ( 'NONE',  ( -1.000000000000000000, -3.483609757455988133E-27, -1.451504065606661722E-28 ) ) ;
#782 = APPLICATION_CONTEXT ( 'automotive_design' ) ;
#783 = LINE ( 'NONE', #27, #673 ) ;
#784 = CARTESIAN_POINT ( 'NONE',  ( -0.1719119062935378917, 0.3175000000003192491, -8.600000000000092015 ) ) ;
#785 = LINE ( 'NONE', #1279, #1685 ) ;
#786 = VECTOR ( 'NONE', #19, 1000.000000000000000 ) ;
#787 = ORIENTED_EDGE ( 'NONE', *, *, #308, .T. ) ;
#788 = VERTEX_POINT ( 'NONE', #516 ) ;
#789 = CARTESIAN_POINT ( 'NONE',  ( -1.587499999999984812, 0.3174999999999914002, -1.214306433183764966E-14 ) ) ;
#790 = EDGE_CURVE ( 'NONE', #911, #81, #206, .T. ) ;
#791 = FACE_OUTER_BOUND ( 'NONE', #150, .T. ) ;
#792 = EDGE_CURVE ( 'NONE', #325, #1487, #182, .T. ) ;
#793 = CARTESIAN_POINT ( 'NONE',  ( -0.1719119062935231534, 0.1719119062938371245, -8.599999999999919709 ) ) ;
#794 = FACE_OUTER_BOUND ( 'NONE', #1803, .T. ) ;
#795 = CARTESIAN_POINT ( 'NONE',  ( -2.499999999999942268, 1.269999999999996909, 0.4999999999999917843 ) ) ;
#796 = LINE ( 'NONE', #890, #900 ) ;
#797 = ORIENTED_EDGE ( 'NONE', *, *, #1528, .T. ) ;
#798 = SHAPE_REPRESENTATION ( 'Kosticka SL2_V\X2\00fd\X0\choz\X2\00ed\X0\', ( #95 ), #416 ) ;
#799 = ORIENTED_EDGE ( 'NONE', *, *, #41, .T. ) ;
#800 = CARTESIAN_POINT ( 'NONE',  ( 0.9525000000000019007, -0.3174999999999914002, 5.898025612106918558 ) ) ;
#801 = DIRECTION ( 'NONE',  ( 3.483609757455988133E-27, 1.000000000000000000, -1.182982342069548729E-30 ) ) ;
#802 = VECTOR ( 'NONE', #179, 1000.000000000000000 ) ;
#803 = CARTESIAN_POINT ( 'NONE',  ( -0.9525000000000019007, -0.3174999999999983391, 3.698025612106912163 ) ) ;
#804 = VECTOR ( 'NONE', #1826, 1000.000000000000000 ) ;
#805 = LINE ( 'NONE', #368, #1354 ) ;
#806 = CARTESIAN_POINT ( 'NONE',  ( -1.999999999999948930, -1.269999999999915197, 0.5000000000000000000 ) ) ;
#807 = DIRECTION ( 'NONE',  ( -1.000000000000000000, 1.455008059796862603E-16, -1.647119940439970250E-15 ) ) ;
#808 = MECHANICAL_DESIGN_GEOMETRIC_PRESENTATION_REPRESENTATION (  '', ( #1671 ), #606 ) ;
#809 = SURFACE_STYLE_USAGE ( .BOTH. , #1848 ) ;
#810 = ORIENTED_EDGE ( 'NONE', *, *, #263, .T. ) ;
#811 = ORIENTED_EDGE ( 'NONE', *, *, #297, .F. ) ;
#812 = LINE ( 'NONE', #1677, #1144 ) ;
#813 = DIRECTION ( 'NONE',  ( 1.000000000000000000, -1.455008059796843621E-16, -1.647119940439970053E-15 ) ) ;
#814 = DIRECTION ( 'NONE',  ( -1.455008059796840416E-16, 1.000000000000000000, -5.883893961082721574E-16 ) ) ;
#815 = CARTESIAN_POINT ( 'NONE',  ( 2.499999999999986677, 1.200000000000006617, 6.399999999999999467 ) ) ;
#816 = CARTESIAN_POINT ( 'NONE',  ( 1.587500000000019451, 0.3174999999999983391, 5.898025612106915005 ) ) ;
#817 = DIRECTION ( 'NONE',  ( -8.537024979852650169E-17, -1.000000000000000000, -1.479881209012401393E-30 ) ) ;
#818 = ADVANCED_FACE ( 'NONE', ( #337 ), #64, .F. ) ;
#819 = VERTEX_POINT ( 'NONE', #1874 ) ;
#820 = VECTOR ( 'NONE', #694, 1000.000000000000000 ) ;
#821 = VECTOR ( 'NONE', #1404, 1000.000000000000000 ) ;
#822 = ORIENTED_EDGE ( 'NONE', *, *, #867, .T. ) ;
#823 = DIRECTION ( 'NONE',  ( -2.650572641542599666E-28, 9.239188719641792513E-31, -1.000000000000000000 ) ) ;
#824 =( REPRESENTATION_RELATIONSHIP ('NONE','NONE', #1951, #1735 ) REPRESENTATION_RELATIONSHIP_WITH_TRANSFORMATION ( #1850 )SHAPE_REPRESENTATION_RELATIONSHIP( ) );
#825 = CARTESIAN_POINT ( 'NONE',  ( -2.499999999999981348, -0.7699999999998732303, 2.799999999999994049 ) ) ;
#826 = CARTESIAN_POINT ( 'NONE',  ( -2.500000000000003997, -1.199999999999999734, 0.0000000000000000000 ) ) ;
#827 = CARTESIAN_POINT ( 'NONE',  ( -2.500000000000002220, -1.199999999999996181, 5.899999999999998579 ) ) ;
#828 = PLANE ( 'NONE',  #1536 ) ;
#829 = ORIENTED_EDGE ( 'NONE', *, *, #1455, .F. ) ;
#830 = EDGE_CURVE ( 'NONE', #1801, #414, #679, .T. ) ;
#831 = ORIENTED_EDGE ( 'NONE', *, *, #1393, .F. ) ;
#832 = EDGE_CURVE ( 'NONE', #222, #719, #1125, .T. ) ;
#833 = DIRECTION ( 'NONE',  ( -1.455008059796840416E-16, 1.000000000000000000, -5.883893961082721574E-16 ) ) ;
#834 =( NAMED_UNIT ( * ) PLANE_ANGLE_UNIT ( ) SI_UNIT ( $, .RADIAN. ) );
#835 = SURFACE_STYLE_FILL_AREA ( #57 ) ;
#836 = VECTOR ( 'NONE', #1648, 1000.000000000000000 ) ;
#837 = LINE ( 'NONE', #1001, #460 ) ;
#838 = CARTESIAN_POINT ( 'NONE',  ( 0.2509983284865041631, 0.2509983284865822117, -8.382711840839370154 ) ) ;
#839 = COLOUR_RGB ( '',0.7529411764705882248, 0.7529411764705882248, 0.7529411764705882248 ) ;
#840 = LINE ( 'NONE', #60, #314 ) ;
#841 = ORIENTED_EDGE ( 'NONE', *, *, #1469, .F. ) ;
#842 = VECTOR ( 'NONE', #174, 1000.000000000000000 ) ;
#843 = ORIENTED_EDGE ( 'NONE', *, *, #1503, .T. ) ;
#844 = FACE_OUTER_BOUND ( 'NONE', #1251, .T. ) ;
#845 = EDGE_CURVE ( 'NONE', #1390, #788, #1266, .T. ) ;
#846 = DIRECTION ( 'NONE',  ( 0.5773502691896256200, -0.5773502691896270633, 0.5773502691896246208 ) ) ;
#847 = DIRECTION ( 'NONE',  ( 0.5773502691896238437, -0.5773502691896257311, -0.5773502691896278405 ) ) ;
#848 = CARTESIAN_POINT ( 'NONE',  ( 0.9525000000000644063, -0.3174999999998717182, 2.799999999999996714 ) ) ;
#849 = LINE ( 'NONE', #1013, #351 ) ;
#850 = ORIENTED_EDGE ( 'NONE', *, *, #281, .T. ) ;
#851 = VECTOR ( 'NONE', #1120, 1000.000000000000000 ) ;
#852 = EDGE_LOOP ( 'NONE', ( #560, #202, #1513, #382 ) ) ;
#853 = AXIS2_PLACEMENT_3D ( 'NONE', #521, #1709, #631 ) ;
#854 = LINE ( 'NONE', #1454, #1128 ) ;
#855 = ORIENTED_EDGE ( 'NONE', *, *, #1855, .T. ) ;
#856 = ADVANCED_FACE ( 'NONE', ( #667 ), #1106, .T. ) ;
#857 =( NAMED_UNIT ( * ) PLANE_ANGLE_UNIT ( ) SI_UNIT ( $, .RADIAN. ) );
#858 = DIRECTION ( 'NONE',  ( -3.414809992115177447E-16, 1.000000000000000000, -4.613125604936216897E-33 ) ) ;
#859 = LINE ( 'NONE', #983, #1636 ) ;
#860 = ORIENTED_EDGE ( 'NONE', *, *, #705, .T. ) ;
#861 = VERTEX_POINT ( 'NONE', #504 ) ;
#862 = FACE_OUTER_BOUND ( 'NONE', #1223, .T. ) ;
#863 = EDGE_LOOP ( 'NONE', ( #54, #753, #626, #1105 ) ) ;
#864 = CARTESIAN_POINT ( 'NONE',  ( -2.499999999999939604, 0.7700000000001264722, 2.800000000000001599 ) ) ;
#865 = CARTESIAN_POINT ( 'NONE',  ( -0.3175000000000816058, -0.1719119062932508157, 2.600000000000042277 ) ) ;
#866 = ORIENTED_EDGE ( 'NONE', *, *, #1591, .F. ) ;
#867 = EDGE_CURVE ( 'NONE', #1392, #235, #1746, .T. ) ;
#868 =( GEOMETRIC_REPRESENTATION_CONTEXT ( 3 ) GLOBAL_UNCERTAINTY_ASSIGNED_CONTEXT ( ( #759 ) ) GLOBAL_UNIT_ASSIGNED_CONTEXT ( ( #1548, #951, #20 ) ) REPRESENTATION_CONTEXT ( 'NONE', 'WORKASPACE' ) );
#869 = VECTOR ( 'NONE', #608, 1000.000000000000000 ) ;
#870 = PRODUCT ( 'Jumper CAB4_V\X2\00fd\X0\choz\X2\00ed\X0\', 'Jumper CAB4_V\X2\00fd\X0\choz\X2\00ed\X0\', '', ( #170 ) ) ;
#871 = ORIENTED_EDGE ( 'NONE', *, *, #1088, .F. ) ;
#872 = CARTESIAN_POINT ( 'NONE',  ( -2.500000000000017764, 1.200000000000010170, 5.900000000000030553 ) ) ;
#873 = ORIENTED_EDGE ( 'NONE', *, *, #1348, .T. ) ;
#874 = LINE ( 'NONE', #864, #1829 ) ;
#875 = DIRECTION ( 'NONE',  ( 1.647119940439970250E-15, 5.883893961082728476E-16, -1.000000000000000000 ) ) ;
#876 = ORIENTED_EDGE ( 'NONE', *, *, #1553, .T. ) ;
#877 = ADVANCED_FACE ( 'NONE', ( #1255 ), #1563, .F. ) ;
#878 = ORIENTED_EDGE ( 'NONE', *, *, #172, .T. ) ;
#879 = AXIS2_PLACEMENT_3D ( 'NONE', #435, #1058, #1750 ) ;
#880 = LINE ( 'NONE', #709, #1093 ) ;
#881 = ORIENTED_EDGE ( 'NONE', *, *, #160, .F. ) ;
#882 = VECTOR ( 'NONE', #910, 1000.000000000000000 ) ;
#883 = VECTOR ( 'NONE', #309, 1000.000000000000000 ) ;
#884 = DIRECTION ( 'NONE',  ( -1.000000000000000000, 1.455008059796843621E-16, 1.647119940439970053E-15 ) ) ;
#885 = LINE ( 'NONE', #865, #513 ) ;
#886 = DIRECTION ( 'NONE',  ( -1.000000000000000000, 1.455008059796862603E-16, -1.647119940439970250E-15 ) ) ;
#887 = CARTESIAN_POINT ( 'NONE',  ( -0.3174999999999952860, 0.3175000000002672351, 2.600000000000000089 ) ) ;
#888 = VERTEX_POINT ( 'NONE', #955 ) ;
#889 = ADVANCED_FACE ( 'NONE', ( #36 ), #1434, .T. ) ;
#890 = CARTESIAN_POINT ( 'NONE',  ( -2.500000000000002220, -1.199999999999999734, 6.399999999999999467 ) ) ;
#891 = CARTESIAN_POINT ( 'NONE',  ( -1.270000000000000906, 3.524958103184865902E-17, -3.813265776612639143E-17 ) ) ;
#892 = ORIENTED_EDGE ( 'NONE', *, *, #1945, .T. ) ;
#893 = DIRECTION ( 'NONE',  ( 1.000000000000000000, -1.455008059796843621E-16, -1.647119940439970053E-15 ) ) ;
#894 = ADVANCED_FACE ( 'NONE', ( #527 ), #966, .F. ) ;
#895 = CARTESIAN_POINT ( 'NONE',  ( -0.3175000000001232392, -0.3174999999997329403, -8.199999999999663558 ) ) ;
#896 = FACE_OUTER_BOUND ( 'NONE', #494, .T. ) ;
#897 = DIRECTION ( 'NONE',  ( -1.000000000000000000, 1.455008059796843621E-16, 1.647119940439970053E-15 ) ) ;
#898 = PLANE ( 'NONE',  #654 ) ;
#899 = EDGE_LOOP ( 'NONE', ( #1464, #1333, #1474, #267 ) ) ;
#900 = VECTOR ( 'NONE', #1090, 1000.000000000000000 ) ;
#901 = PRESENTATION_LAYER_ASSIGNMENT (  '', '', ( #1958 ) ) ;
#902 = DIRECTION ( 'NONE',  ( 0.0000000000000000000, 0.0000000000000000000, 1.000000000000000000 ) ) ;
#903 = ORIENTED_EDGE ( 'NONE', *, *, #1834, .F. ) ;
#904 = CARTESIAN_POINT ( 'NONE',  ( -2.166666666666682062, -1.103333333333227140, 2.466666666666606389 ) ) ;
#905 = PRESENTATION_LAYER_ASSIGNMENT (  '', '', ( #1542 ) ) ;
#906 = EDGE_CURVE ( 'NONE', #1720, #1135, #356, .T. ) ;
#907 = CARTESIAN_POINT ( 'NONE',  ( -0.3175000000000304246, -0.3174999999997329403, 2.600000000000042277 ) ) ;
#908 = CARTESIAN_POINT ( 'NONE',  ( -2.499999999999996891, 1.200000000000030820, 4.999999999999997335 ) ) ;
#909 = DIRECTION ( 'NONE',  ( -1.647119940439970250E-15, -5.883893961082728476E-16, 1.000000000000000000 ) ) ;
#910 = DIRECTION ( 'NONE',  ( 1.882248731330027611E-14, 1.000000000000000000, -1.513278871110336571E-28 ) ) ;
#911 = VERTEX_POINT ( 'NONE', #56 ) ;
#912 = ORIENTED_EDGE ( 'NONE', *, *, #66, .T. ) ;
#913 = DIRECTION ( 'NONE',  ( -1.000000000000000000, -3.483609757455988133E-27, -1.451504065606661722E-28 ) ) ;
#914 = VECTOR ( 'NONE', #288, 1000.000000000000000 ) ;
#915 = CARTESIAN_POINT ( 'NONE',  ( 1.587500000000005684, 0.3175000000000677280, 3.698025612106881077 ) ) ;
#916 = EDGE_CURVE ( 'NONE', #1799, #253, #1758, .T. ) ;
#917 = VECTOR ( 'NONE', #200, 1000.000000000000000 ) ;
#918 = DIRECTION ( 'NONE',  ( 1.455008059796859644E-16, -1.000000000000000000, -5.883893961082726504E-16 ) ) ;
#919 = FACE_OUTER_BOUND ( 'NONE', #451, .T. ) ;
#920 = DIRECTION ( 'NONE',  ( -1.267574285889020034E-15, 0.7071067811865463515, 0.7071067811865487940 ) ) ;
#921 = ORIENTED_EDGE ( 'NONE', *, *, #1627, .T. ) ;
#922 = CONTEXT_DEPENDENT_SHAPE_REPRESENTATION ( #666, #576 ) ;
#923 = ORIENTED_EDGE ( 'NONE', *, *, #1130, .F. ) ;
#924 = DIRECTION ( 'NONE',  ( 1.000000000000000000, -1.455008059796843621E-16, -1.647119940439970053E-15 ) ) ;
#925 = LINE ( 'NONE', #1369, #575 ) ;
#926 = FACE_OUTER_BOUND ( 'NONE', #569, .T. ) ;
#927 = CARTESIAN_POINT ( 'NONE',  ( -0.9525000000000019007, -0.3175000000000017808, 5.000000000000016875 ) ) ;
#928 = FACE_OUTER_BOUND ( 'NONE', #1430, .T. ) ;
#929 = EDGE_CURVE ( 'NONE', #1196, #325, #1422, .T. ) ;
#930 = EDGE_CURVE ( 'NONE', #1755, #1196, #1924, .T. ) ;
#931 = EDGE_LOOP ( 'NONE', ( #1952, #131, #663, #1275 ) ) ;
#932 = VECTOR ( 'NONE', #1465, 1000.000000000000000 ) ;
#933 = ORIENTED_EDGE ( 'NONE', *, *, #1553, .F. ) ;
#934 = VECTOR ( 'NONE', #884, 1000.000000000000000 ) ;
#935 = PLANE ( 'NONE',  #741 ) ;
#936 = AXIS2_PLACEMENT_3D ( 'NONE', #195, #801, #1595 ) ;
#937 = CARTESIAN_POINT ( 'NONE',  ( 2.500000000000056843, -1.269999999999915197, 0.5000000000000000000 ) ) ;
#938 = CARTESIAN_POINT ( 'NONE',  ( 0.9525000000000019007, -0.3174999999999983391, 1.301042606982605321E-15 ) ) ;
#939 = LINE ( 'NONE', #1546, #106 ) ;
#940 = DIRECTION ( 'NONE',  ( -1.647119940439970250E-15, -5.883893961082728476E-16, 1.000000000000000000 ) ) ;
#941 = LINE ( 'NONE', #1261, #802 ) ;
#942 = EDGE_LOOP ( 'NONE', ( #121, #44, #1541, #1209 ) ) ;
#943 = EDGE_CURVE ( 'NONE', #593, #191, #83, .T. ) ;
#944 = ORIENTED_EDGE ( 'NONE', *, *, #655, .F. ) ;
#945 = DIRECTION ( 'NONE',  ( 1.000000000000000000, -1.848100631409224828E-14, 3.202775275197364430E-28 ) ) ;
#946 = VECTOR ( 'NONE', #467, 1000.000000000000000 ) ;
#947 = FACE_OUTER_BOUND ( 'NONE', #574, .T. ) ;
#948 = DIRECTION ( 'NONE',  ( 1.000000000000000000, -2.308710557816944489E-16, -1.647119940439970842E-15 ) ) ;
#949 = FACE_OUTER_BOUND ( 'NONE', #292, .T. ) ;
#950 = AXIS2_PLACEMENT_3D ( 'NONE', #803, #658, #239 ) ;
#951 =( NAMED_UNIT ( * ) PLANE_ANGLE_UNIT ( ) SI_UNIT ( $, .RADIAN. ) );
#952 = ORIENTED_EDGE ( 'NONE', *, *, #832, .T. ) ;
#953 = VERTEX_POINT ( 'NONE', #1791 ) ;
#954 = EDGE_CURVE ( 'NONE', #1662, #525, #700, .T. ) ;
#955 = CARTESIAN_POINT ( 'NONE',  ( -1.999999999999940714, 1.270000000000062634, 0.4999999999999917843 ) ) ;
#956 =( NAMED_UNIT ( * ) PLANE_ANGLE_UNIT ( ) SI_UNIT ( $, .RADIAN. ) );
#957 = PRODUCT_DEFINITION ( 'UNKNOWN', '', #1293, #1946 ) ;
#958 = VERTEX_POINT ( 'NONE', #1318 ) ;
#959 = ADVANCED_FACE ( 'NONE', ( #1606 ), #1345, .T. ) ;
#960 = DIRECTION ( 'NONE',  ( -1.000000000000000000, -1.865174681369626850E-14, -3.171220838988467458E-28 ) ) ;
#961 = DIRECTION ( 'NONE',  ( 2.903008131213323444E-27, 0.7071067811865487940, 0.7071067811865463515 ) ) ;
#962 = LINE ( 'NONE', #816, #47 ) ;
#963 = SURFACE_STYLE_FILL_AREA ( #632 ) ;
#964 = EDGE_LOOP ( 'NONE', ( #988, #1731, #1840, #162 ) ) ;
#965 = ORIENTED_EDGE ( 'NONE', *, *, #1340, .F. ) ;
#966 = PLANE ( 'NONE',  #1506 ) ;
#967 = FILL_AREA_STYLE_COLOUR ( '', #677 ) ;
#968 = AXIS2_PLACEMENT_3D ( 'NONE', #511, #1134, #1439 ) ;
#969 = ADVANCED_FACE ( 'NONE', ( #844 ), #1008, .F. ) ;
#970 = VECTOR ( 'NONE', #1387, 1000.000000000000000 ) ;
#971 = LINE ( 'NONE', #37, #475 ) ;
#972 = CARTESIAN_POINT ( 'NONE',  ( -1.587499999999998579, -0.3175000000000017808, 5.898025612106946092 ) ) ;
#973 = FACE_OUTER_BOUND ( 'NONE', #302, .T. ) ;
#974 = PLANE ( 'NONE',  #968 ) ;
#975 = AXIS2_PLACEMENT_3D ( 'NONE', #1456, #73, #1391 ) ;
#976 = ORIENTED_EDGE ( 'NONE', *, *, #930, .F. ) ;
#977 = VERTEX_POINT ( 'NONE', #413 ) ;
#978 = CARTESIAN_POINT ( 'NONE',  ( -0.3175000000000304246, -0.3174999999997329403, 2.600000000000042277 ) ) ;
#979 = PLANE ( 'NONE',  #1287 ) ;
#980 = DIRECTION ( 'NONE',  ( 1.455008059796840416E-16, -1.000000000000000000, 5.883893961082721574E-16 ) ) ;
#981 = EDGE_CURVE ( 'NONE', #958, #278, #717, .T. ) ;
#982 = CARTESIAN_POINT ( 'NONE',  ( 0.9525000000000019007, -0.3174999999999983391, 5.000000000000016875 ) ) ;
#983 = CARTESIAN_POINT ( 'NONE',  ( 2.000000000000008882, 0.6999999999999992895, 5.400000000000000355 ) ) ;
#984 = ORIENTED_EDGE ( 'NONE', *, *, #665, .F. ) ;
#985 = AXIS2_PLACEMENT_3D ( 'NONE', #1299, #1907, #388 ) ;
#986 = EDGE_CURVE ( 'NONE', #1925, #1624, #246, .T. ) ;
#987 = VECTOR ( 'NONE', #1438, 999.9999999999998863 ) ;
#988 = ORIENTED_EDGE ( 'NONE', *, *, #360, .T. ) ;
#989 = CARTESIAN_POINT ( 'NONE',  ( -2.499999999999981348, -0.6999999999999679812, 4.999999999999999112 ) ) ;
#990 = DIRECTION ( 'NONE',  ( 2.903008131213323444E-27, 0.7071067811865463515, 0.7071067811865487940 ) ) ;
#991 = LINE ( 'NONE', #293, #1589 ) ;
#992 = DIRECTION ( 'NONE',  ( 1.267574285889035417E-15, -0.7071067811865486830, -0.7071067811865463515 ) ) ;
#993 = DIRECTION ( 'NONE',  ( -1.451504065606661722E-28, -1.182982342069548729E-30, -1.000000000000000000 ) ) ;
#994 = ORIENTED_EDGE ( 'NONE', *, *, #226, .T. ) ;
#995 = EDGE_CURVE ( 'NONE', #958, #1076, #255, .T. ) ;
#996 = VERTEX_POINT ( 'NONE', #1017 ) ;
#997 = DIRECTION ( 'NONE',  ( -1.647119940439970250E-15, -5.883893961082728476E-16, 1.000000000000000000 ) ) ;
#998 = FACE_OUTER_BOUND ( 'NONE', #1889, .T. ) ;
#999 = CARTESIAN_POINT ( 'NONE',  ( 2.000000000000001776, -0.6999999999999992895, 5.400000000000002132 ) ) ;
#1000 = PRESENTATION_LAYER_ASSIGNMENT (  '', '', ( #1252 ) ) ;
#1001 = CARTESIAN_POINT ( 'NONE',  ( 0.3174999999998803779, -0.3174999999999237321, -8.199999999999988631 ) ) ;
#1002 = LINE ( 'NONE', #1752, #427 ) ;
#1003 = VECTOR ( 'NONE', #1642, 1000.000000000000000 ) ;
#1004 = DIRECTION ( 'NONE',  ( 1.000000000000000000, -2.308710557816944489E-16, -1.647119940439970842E-15 ) ) ;
#1005 = ORIENTED_EDGE ( 'NONE', *, *, #506, .T. ) ;
#1006 = ORIENTED_EDGE ( 'NONE', *, *, #1796, .T. ) ;
#1007 = EDGE_CURVE ( 'NONE', #778, #1925, #854, .T. ) ;
#1008 = PLANE ( 'NONE',  #1605 ) ;
#1009 = SHAPE_REPRESENTATION_RELATIONSHIP ( 'NONE' , 'NONE' ,  #1735, #14 ) ;
#1010 = ORIENTED_EDGE ( 'NONE', *, *, #495, .T. ) ;
#1011 = CARTESIAN_POINT ( 'NONE',  ( 2.000000000000022649, 1.270000000000128582, 2.799999999999994049 ) ) ;
#1012 = CARTESIAN_POINT ( 'NONE',  ( 0.9525000000000019007, -0.3174999999998942557, 3.698025612106912163 ) ) ;
#1013 = CARTESIAN_POINT ( 'NONE',  ( -1.587499999999998579, 0.3174999999999983391, 5.000000000000000888 ) ) ;
#1014 = EDGE_LOOP ( 'NONE', ( #860, #441, #7, #386 ) ) ;
#1015 = ORIENTED_EDGE ( 'NONE', *, *, #1756, .T. ) ;
#1016 = VECTOR ( 'NONE', #345, 1000.000000000000000 ) ;
#1017 = CARTESIAN_POINT ( 'NONE',  ( -0.9524999999999395062, -0.3174999999999983391, 2.799999999999996714 ) ) ;
#1018 = DIRECTION ( 'NONE',  ( 0.0000000000000000000, 0.0000000000000000000, 1.000000000000000000 ) ) ;
#1019 = ORIENTED_EDGE ( 'NONE', *, *, #1775, .F. ) ;
#1020 = ADVANCED_FACE ( 'NONE', ( #1307, #862, #1473 ), #93, .T. ) ;
#1021 = LINE ( 'NONE', #1647, #32 ) ;
#1022 = DIRECTION ( 'NONE',  ( -1.000000000000000000, 8.537024979852650169E-17, -1.451504065606661722E-28 ) ) ;
#1023 = LINE ( 'NONE', #713, #1192 ) ;
#1024 = ORIENTED_EDGE ( 'NONE', *, *, #628, .T. ) ;
#1025 = ORIENTED_EDGE ( 'NONE', *, *, #1603, .F. ) ;
#1026 = DIRECTION ( 'NONE',  ( 1.000000000000000000, 3.414809992115177447E-16, 1.451504065606661722E-28 ) ) ;
#1027 =( NAMED_UNIT ( * ) PLANE_ANGLE_UNIT ( ) SI_UNIT ( $, .RADIAN. ) );
#1028 = CARTESIAN_POINT ( 'NONE',  ( 0.9525000000000019007, -0.3175000000000017808, 1.301042606982605321E-15 ) ) ;
#1029 = EDGE_CURVE ( 'NONE', #1925, #1484, #880, .T. ) ;
#1030 = STYLED_ITEM ( 'NONE', ( #777 ), #1071 ) ;
#1031 = LINE ( 'NONE', #269, #1670 ) ;
#1032 = VERTEX_POINT ( 'NONE', #1328 ) ;
#1033 = AXIS2_PLACEMENT_3D ( 'NONE', #389, #243, #352 ) ;
#1034 = ADVANCED_FACE ( 'NONE', ( #691 ), #103, .T. ) ;
#1035 = VECTOR ( 'NONE', #1707, 1000.000000000000000 ) ;
#1036 = ORIENTED_EDGE ( 'NONE', *, *, #767, .F. ) ;
#1037 = VECTOR ( 'NONE', #1852, 1000.000000000000000 ) ;
#1038 = DIRECTION ( 'NONE',  ( -3.483609757455988133E-27, -1.000000000000000000, -1.182982342088897858E-30 ) ) ;
#1039 = ORIENTED_EDGE ( 'NONE', *, *, #241, .F. ) ;
#1040 = LINE ( 'NONE', #114, #934 ) ;
#1041 = LINE ( 'NONE', #725, #1986 ) ;
#1042 = ADVANCED_FACE ( 'NONE', ( #1616 ), #1492, .T. ) ;
#1043 = CARTESIAN_POINT ( 'NONE',  ( 1.587500000000005684, -0.3175000000000017808, 5.898025612106918558 ) ) ;
#1044 = EDGE_CURVE ( 'NONE', #1452, #788, #573, .T. ) ;
#1045 = ORIENTED_EDGE ( 'NONE', *, *, #1517, .F. ) ;
#1046 = VECTOR ( 'NONE', #18, 1000.000000000000000 ) ;
#1047 = LINE ( 'NONE', #1654, #1955 ) ;
#1048 = ORIENTED_EDGE ( 'NONE', *, *, #1141, .F. ) ;
#1049 = DIRECTION ( 'NONE',  ( 0.3236155771181740692, -0.3236155771181834506, -0.8891264907159927011 ) ) ;
#1050 = DIRECTION ( 'NONE',  ( 1.647119940439970250E-15, 5.883893961082728476E-16, -1.000000000000000000 ) ) ;
#1051 = PLANE ( 'NONE',  #524 ) ;
#1052 = CARTESIAN_POINT ( 'NONE',  ( 2.500000000000002220, -1.199999999999968425, 5.899999999999998579 ) ) ;
#1053 = EDGE_LOOP ( 'NONE', ( #1786, #1123, #965, #1831 ) ) ;
#1054 = EDGE_CURVE ( 'NONE', #1757, #31, #1766, .T. ) ;
#1055 = CARTESIAN_POINT ( 'NONE',  ( -2.166666666666670960, -0.8666666666666371643, 4.833333333333340143 ) ) ;
#1056 =( NAMED_UNIT ( * ) PLANE_ANGLE_UNIT ( ) SI_UNIT ( $, .RADIAN. ) );
#1057 = ORIENTED_EDGE ( 'NONE', *, *, #1651, .F. ) ;
#1058 = DIRECTION ( 'NONE',  ( 1.000000000000000000, -1.455008059796862603E-16, 1.647119940439970250E-15 ) ) ;
#1059 = DIRECTION ( 'NONE',  ( 1.647119940439970250E-15, 5.883893961082728476E-16, -1.000000000000000000 ) ) ;
#1060 = DIRECTION ( 'NONE',  ( -1.451504065606661722E-28, -1.182982342069548729E-30, -1.000000000000000000 ) ) ;
#1061 = ORIENTED_EDGE ( 'NONE', *, *, #110, .T. ) ;
#1062 = DIRECTION ( 'NONE',  ( -0.5773502691896233996, 0.5773502691896259531, -0.5773502691896279515 ) ) ;
#1063 = ORIENTED_EDGE ( 'NONE', *, *, #1491, .T. ) ;
#1064 = AXIS2_PLACEMENT_3D ( 'NONE', #1338, #563, #1185 ) ;
#1065 = MANIFOLD_SOLID_BREP ( 'Zkosení2', #1973 ) ;
#1066 = AXIS2_PLACEMENT_3D ( 'NONE', #825, #357, #990 ) ;
#1067 = ORIENTED_EDGE ( 'NONE', *, *, #1872, .F. ) ;
#1068 = EDGE_CURVE ( 'NONE', #1295, #819, #796, .T. ) ;
#1069 = AXIS2_PLACEMENT_3D ( 'NONE', #1234, #902, #1982 ) ;
#1070 = CARTESIAN_POINT ( 'NONE',  ( -0.9524999999999950173, -0.3175000000000017808, -1.301042606982605321E-15 ) ) ;
#1071 = MANIFOLD_SOLID_BREP ( 'Zkosení2', #426 ) ;
#1072 = LINE ( 'NONE', #1977, #1608 ) ;
#1073 = LINE ( 'NONE', #927, #1936 ) ;
#1074 = LINE ( 'NONE', #1741, #1652 ) ;
#1075 = ORIENTED_EDGE ( 'NONE', *, *, #780, .F. ) ;
#1076 = VERTEX_POINT ( 'NONE', #489 ) ;
#1077 = CARTESIAN_POINT ( 'NONE',  ( -2.499999999999981348, 1.270000000000093943, 2.799999999999994049 ) ) ;
#1078 = AXIS2_PLACEMENT_3D ( 'NONE', #365, #1594, #1276 ) ;
#1079 = DIRECTION ( 'NONE',  ( 1.000000000000000000, -6.013055617767422597E-17, -1.647119940439970053E-15 ) ) ;
#1080 = CARTESIAN_POINT ( 'NONE',  ( -0.3174999999999983391, -0.3174999999997329403, 2.200000000000068567 ) ) ;
#1081 = DIRECTION ( 'NONE',  ( 1.061805072736338084E-15, 0.7071067811865487940, -0.7071067811865463515 ) ) ;
#1082 = VERTEX_POINT ( 'NONE', #321 ) ;
#1083 = ITEM_DEFINED_TRANSFORMATION ( 'NONE', 'NONE', #319,  #95 ) ;
#1084 = ORIENTED_EDGE ( 'NONE', *, *, #1882, .T. ) ;
#1085 = DIRECTION ( 'NONE',  ( 0.9396926207859094271, 1.768735243314581016E-14, -0.3420201433256661594 ) ) ;
#1086 = CARTESIAN_POINT ( 'NONE',  ( -0.3174999999999926770, 0.3175000000002672351, 2.199999999999995737 ) ) ;
#1087 = PLANE ( 'NONE',  #618 ) ;
#1088 = EDGE_CURVE ( 'NONE', #1859, #1799, #644, .T. ) ;
#1089 = CARTESIAN_POINT ( 'NONE',  ( -2.499999999999981348, -0.7699999999998697886, 2.799999999999994049 ) ) ;
#1090 = DIRECTION ( 'NONE',  ( 1.455008059796840416E-16, -1.000000000000000000, 5.883893961082721574E-16 ) ) ;
#1091 = ORIENTED_EDGE ( 'NONE', *, *, #1226, .T. ) ;
#1092 = EDGE_CURVE ( 'NONE', #1662, #253, #941, .T. ) ;
#1093 = VECTOR ( 'NONE', #72, 1000.000000000000000 ) ;
#1094 = PRODUCT_CONTEXT ( 'NONE', #571, 'mechanical' ) ;
#1095 = ORIENTED_EDGE ( 'NONE', *, *, #1855, .F. ) ;
#1096 = VECTOR ( 'NONE', #1845, 999.9999999999998863 ) ;
#1097 = LINE ( 'NONE', #1544, #1225 ) ;
#1098 = AXIS2_PLACEMENT_3D ( 'NONE', #1617, #1018, #1186 ) ;
#1099 = LINE ( 'NONE', #1378, #1096 ) ;
#1100 = CARTESIAN_POINT ( 'NONE',  ( -1.587499999999984812, 0.3175000000000017808, 5.898025612106946092 ) ) ;
#1101 = CARTESIAN_POINT ( 'NONE',  ( 0.9525000000000019007, -0.3175000000000017808, 1.561251128379126385E-14 ) ) ;
#1102 = EDGE_CURVE ( 'NONE', #1859, #1127, #1569, .T. ) ;
#1103 = DIRECTION ( 'NONE',  ( -0.9396926207859093161, -1.768735243314581016E-14, -0.3420201433256663814 ) ) ;
#1104 = VERTEX_POINT ( 'NONE', #1692 ) ;
#1105 = ORIENTED_EDGE ( 'NONE', *, *, #544, .T. ) ;
#1106 = PLANE ( 'NONE',  #1199 ) ;
#1107 = PLANE ( 'NONE',  #936 ) ;
#1108 = VECTOR ( 'NONE', #520, 1000.000000000000000 ) ;
#1109 = DIRECTION ( 'NONE',  ( -1.647119940439970053E-15, 5.883893961082732421E-16, -1.000000000000000000 ) ) ;
#1110 = DIRECTION ( 'NONE',  ( 1.000000000000000000, -1.455008059796843621E-16, -1.647119940439970053E-15 ) ) ;
#1111 = CARTESIAN_POINT ( 'NONE',  ( 0.1206572451483214903, 0.1206572451487603753, 2.740821024137901851 ) ) ;
#1112 = VECTOR ( 'NONE', #685, 1000.000000000000000 ) ;
#1113 = SURFACE_STYLE_USAGE ( .BOTH. , #1359 ) ;
#1114 = ORIENTED_EDGE ( 'NONE', *, *, #565, .T. ) ;
#1115 = EDGE_LOOP ( 'NONE', ( #1005, #976, #866, #1339 ) ) ;
#1116 = ADVANCED_FACE ( 'NONE', ( #1858 ), #480, .T. ) ;
#1117 = DIRECTION ( 'NONE',  ( -4.869818051877178807E-16, -1.000000000000000000, 5.883893961082658465E-16 ) ) ;
#1118 = DIRECTION ( 'NONE',  ( -1.000000000000000000, 1.455008059796862603E-16, -1.647119940439970250E-15 ) ) ;
#1119 = LINE ( 'NONE', #1739, #1703 ) ;
#1120 = DIRECTION ( 'NONE',  ( 1.647119940439970250E-15, 5.883893961082728476E-16, -1.000000000000000000 ) ) ;
#1121 = FACE_OUTER_BOUND ( 'NONE', #1653, .T. ) ;
#1122 = CARTESIAN_POINT ( 'NONE',  ( -0.3175000000000816058, -0.1719119062932508157, 2.600000000000042277 ) ) ;
#1123 = ORIENTED_EDGE ( 'NONE', *, *, #1836, .T. ) ;
#1124 = ORIENTED_EDGE ( 'NONE', *, *, #754, .F. ) ;
#1125 = LINE ( 'NONE', #23, #265 ) ;
#1126 = EDGE_CURVE ( 'NONE', #1693, #1799, #330, .T. ) ;
#1127 = VERTEX_POINT ( 'NONE', #1272 ) ;
#1128 = VECTOR ( 'NONE', #1776, 1000.000000000000000 ) ;
#1129 = VECTOR ( 'NONE', #67, 1000.000000000000000 ) ;
#1130 = EDGE_CURVE ( 'NONE', #1452, #454, #1047, .T. ) ;
#1131 = DIRECTION ( 'NONE',  ( -3.483609757455988133E-27, -1.000000000000000000, -1.182982342088897858E-30 ) ) ;
#1132 = FACE_OUTER_BOUND ( 'NONE', #215, .T. ) ;
#1133 = LINE ( 'NONE', #59, #917 ) ;
#1134 = DIRECTION ( 'NONE',  ( -1.000000000000000000, -3.483609757455988850E-27, 1.451504065606661722E-28 ) ) ;
#1135 = VERTEX_POINT ( 'NONE', #119 ) ;
#1136 = ORIENTED_EDGE ( 'NONE', *, *, #1102, .F. ) ;
#1137 = CARTESIAN_POINT ( 'NONE',  ( -1.999999999999918510, -1.269999999999849472, 2.299999999999998934 ) ) ;
#1138 = CARTESIAN_POINT ( 'NONE',  ( 2.499999999999986677, 1.200000000000006617, 6.399999999999999467 ) ) ;
#1139 = FACE_OUTER_BOUND ( 'NONE', #1561, .T. ) ;
#1140 = DIRECTION ( 'NONE',  ( -0.7071067811865483499, -0.7071067811865466846, -1.455448370132766781E-28 ) ) ;
#1141 = EDGE_CURVE ( 'NONE', #1212, #31, #1879, .T. ) ;
#1142 = DIRECTION ( 'NONE',  ( 1.647119940439970250E-15, 5.883893961082728476E-16, -1.000000000000000000 ) ) ;
#1143 = VERTEX_POINT ( 'NONE', #533 ) ;
#1144 = VECTOR ( 'NONE', #448, 1000.000000000000000 ) ;
#1145 = ORIENTED_EDGE ( 'NONE', *, *, #1712, .T. ) ;
#1146 = DIRECTION ( 'NONE',  ( 2.650572641542599666E-28, -9.239188719641792513E-31, 1.000000000000000000 ) ) ;
#1147 = CARTESIAN_POINT ( 'NONE',  ( 2.499999999999986677, -1.199999999999999734, 4.999999999999997335 ) ) ;
#1148 = LINE ( 'NONE', #122, #1108 ) ;
#1149 = LINE ( 'NONE', #1460, #1112 ) ;
#1150 = FACE_OUTER_BOUND ( 'NONE', #1870, .T. ) ;
#1151 = EDGE_CURVE ( 'NONE', #1295, #593, #840, .T. ) ;
#1152 = VERTEX_POINT ( 'NONE', #221 ) ;
#1153 = EDGE_LOOP ( 'NONE', ( #1841, #1521, #871, #1335 ) ) ;
#1154 = DIRECTION ( 'NONE',  ( -1.451504065606661946E-28, -1.182982342069548904E-30, -1.000000000000000000 ) ) ;
#1155 = CARTESIAN_POINT ( 'NONE',  ( 2.500000000000002220, -1.199999999999999734, 6.399999999999999467 ) ) ;
#1156 =( NAMED_UNIT ( * ) SI_UNIT ( $, .STERADIAN. ) SOLID_ANGLE_UNIT ( ) );
#1157 = ORIENTED_EDGE ( 'NONE', *, *, #102, .F. ) ;
#1158 = LINE ( 'NONE', #1448, #572 ) ;
#1159 =( GEOMETRIC_REPRESENTATION_CONTEXT ( 3 ) GLOBAL_UNCERTAINTY_ASSIGNED_CONTEXT ( ( #1984 ) ) GLOBAL_UNIT_ASSIGNED_CONTEXT ( ( #1389, #582, #1400 ) ) REPRESENTATION_CONTEXT ( 'NONE', 'WORKASPACE' ) );
#1160 = LINE ( 'NONE', #740, #1488 ) ;
#1161 = CARTESIAN_POINT ( 'NONE',  ( 2.499999999999986677, 1.200000000000034373, 5.899999999999998579 ) ) ;
#1162 = VECTOR ( 'NONE', #702, 1000.000000000000000 ) ;
#1163 = PLANE ( 'NONE',  #1033 ) ;
#1164 = EDGE_LOOP ( 'NONE', ( #1145, #440, #769, #633 ) ) ;
#1165 = AXIS2_PLACEMENT_3D ( 'NONE', #1077, #1237, #913 ) ;
#1166 = PRODUCT_DEFINITION_FORMATION_WITH_SPECIFIED_SOURCE ( 'ANY', '', #607, .NOT_KNOWN. ) ;
#1167 = ADVANCED_FACE ( 'NONE', ( #1150 ), #828, .F. ) ;
#1168 = CARTESIAN_POINT ( 'NONE',  ( -2.499999999999939604, 0.7700000000001264722, 2.800000000000001599 ) ) ;
#1169 = ORIENTED_EDGE ( 'NONE', *, *, #1619, .T. ) ;
#1170 = LINE ( 'NONE', #731, #1162 ) ;
#1171 = CARTESIAN_POINT ( 'NONE',  ( 2.000000000000022649, 1.270000000000128582, 2.799999999999994049 ) ) ;
#1172 = CARTESIAN_POINT ( 'NONE',  ( 0.1719119062934329478, -0.1719119062933375242, 2.600000000000070255 ) ) ;
#1173 = ORIENTED_EDGE ( 'NONE', *, *, #1517, .T. ) ;
#1174 = AXIS2_PLACEMENT_3D ( 'NONE', #1200, #146, #1807 ) ;
#1175 = ORIENTED_EDGE ( 'NONE', *, *, #1311, .T. ) ;
#1176 = VECTOR ( 'NONE', #1736, 1000.000000000000000 ) ;
#1177 = CARTESIAN_POINT ( 'NONE',  ( 1.587500000000005684, -0.3174999999999358891, -1.301042606982605321E-15 ) ) ;
#1178 = PRESENTATION_STYLE_ASSIGNMENT (( #1466 ) ) ;
#1179 = EDGE_LOOP ( 'NONE', ( #512, #363, #749, #1263 ) ) ;
#1180 = EDGE_CURVE ( 'NONE', #525, #1282, #859, .T. ) ;
#1181 = CARTESIAN_POINT ( 'NONE',  ( -2.500000000000002220, -1.199999999999996181, 5.899999999999998579 ) ) ;
#1182 = LINE ( 'NONE', #552, #1383 ) ;
#1183 = ORIENTED_EDGE ( 'NONE', *, *, #655, .T. ) ;
#1184 = ORIENTED_EDGE ( 'NONE', *, *, #535, .F. ) ;
#1185 = DIRECTION ( 'NONE',  ( -1.000000000000000000, -1.865174681369626850E-14, -3.171220838988467458E-28 ) ) ;
#1186 = DIRECTION ( 'NONE',  ( 1.000000000000000000, 0.0000000000000000000, 0.0000000000000000000 ) ) ;
#1187 = ADVANCED_FACE ( 'NONE', ( #1621 ), #212, .F. ) ;
#1188 = DIRECTION ( 'NONE',  ( -0.7071067811865465735, 5.189387385427666719E-16, -0.7071067811865485719 ) ) ;
#1189 = ADVANCED_FACE ( 'NONE', ( #1772 ), #522, .T. ) ;
#1190 = DIRECTION ( 'NONE',  ( -1.000000000000000000, -8.537024980549372120E-17, -1.451504065606661722E-28 ) ) ;
#1191 = ORIENTED_EDGE ( 'NONE', *, *, #668, .F. ) ;
#1192 = VECTOR ( 'NONE', #1050, 1000.000000000000000 ) ;
#1193 = ORIENTED_EDGE ( 'NONE', *, *, #1480, .T. ) ;
#1194 = CARTESIAN_POINT ( 'NONE',  ( -0.1871589166619319067, 0.1871589166621608902, 2.558109183298656220 ) ) ;
#1195 =( NAMED_UNIT ( * ) PLANE_ANGLE_UNIT ( ) SI_UNIT ( $, .RADIAN. ) );
#1196 = VERTEX_POINT ( 'NONE', #674 ) ;
#1197 = CARTESIAN_POINT ( 'NONE',  ( 0.9525000000000019007, -0.3174999999999914002, 5.898025612106918558 ) ) ;
#1198 = CARTESIAN_POINT ( 'NONE',  ( -1.999999999999980904, -0.6999999999999715339, 4.999999999999999112 ) ) ;
#1199 = AXIS2_PLACEMENT_3D ( 'NONE', #800, #657, #635 ) ;
#1200 = CARTESIAN_POINT ( 'NONE',  ( -0.3175000000001232392, -0.3174999999997329403, -8.199999999999663558 ) ) ;
#1201 = ADVANCED_FACE ( 'NONE', ( #1743 ), #974, .T. ) ;
#1202 = FACE_OUTER_BOUND ( 'NONE', #1522, .T. ) ;
#1203 = ORIENTED_EDGE ( 'NONE', *, *, #263, .F. ) ;
#1204 = VECTOR ( 'NONE', #1579, 1000.000000000000000 ) ;
#1205 = SHAPE_DEFINITION_REPRESENTATION ( #1207, #721 ) ;
#1206 = DIRECTION ( 'NONE',  ( 1.000000000000000000, 1.865174681369626850E-14, 3.171220838988467458E-28 ) ) ;
#1207 = PRODUCT_DEFINITION_SHAPE ( 'NONE', 'NONE',  #957 ) ;
#1208 = CARTESIAN_POINT ( 'NONE',  ( -0.9525000000000019007, -0.3174999999999983391, 3.698025612106912163 ) ) ;
#1209 = ORIENTED_EDGE ( 'NONE', *, *, #930, .T. ) ;
#1210 = CARTESIAN_POINT ( 'NONE',  ( -2.499999999999995115, -1.270000000000000240, -4.119968255444916849E-15 ) ) ;
#1211 = ADVANCED_FACE ( 'NONE', ( #377 ), #1470, .F. ) ;
#1212 = VERTEX_POINT ( 'NONE', #686 ) ;
#1213 = ADVANCED_FACE ( 'NONE', ( #1313 ), #88, .F. ) ;
#1214 = EDGE_LOOP ( 'NONE', ( #180, #142, #1124, #409 ) ) ;
#1215 = CARTESIAN_POINT ( 'NONE',  ( -1.999999999999994893, 0.6999999999999992895, 5.400000000000002132 ) ) ;
#1216 = DIRECTION ( 'NONE',  ( -1.000000000000000000, 1.455008059796843621E-16, 1.647119940439970053E-15 ) ) ;
#1217 = ORIENTED_EDGE ( 'NONE', *, *, #1872, .T. ) ;
#1218 = FACE_BOUND ( 'NONE', #1433, .T. ) ;
#1219 = ORIENTED_EDGE ( 'NONE', *, *, #1806, .T. ) ;
#1220 = VECTOR ( 'NONE', #392, 1000.000000000000000 ) ;
#1221 =( GEOMETRIC_REPRESENTATION_CONTEXT ( 3 ) GLOBAL_UNCERTAINTY_ASSIGNED_CONTEXT ( ( #1403 ) ) GLOBAL_UNIT_ASSIGNED_CONTEXT ( ( #1635, #857, #1794 ) ) REPRESENTATION_CONTEXT ( 'NONE', 'WORKASPACE' ) );
#1222 =( NAMED_UNIT ( * ) SI_UNIT ( $, .STERADIAN. ) SOLID_ANGLE_UNIT ( ) );
#1223 = EDGE_LOOP ( 'NONE', ( #1931, #1376, #270, #1306 ) ) ;
#1224 = PRODUCT_RELATED_PRODUCT_CATEGORY ( 'part', '', ( #870 ) ) ;
#1225 = VECTOR ( 'NONE', #163, 1000.000000000000000 ) ;
#1226 = EDGE_CURVE ( 'NONE', #1484, #1498, #849, .T. ) ;
#1227 = PRODUCT_DEFINITION_FORMATION_WITH_SPECIFIED_SOURCE ( 'ANY', '', #1797, .NOT_KNOWN. ) ;
#1229 = DIRECTION ( 'NONE',  ( -0.3236155771181742913, 0.3236155771181836727, -0.8891264907159924791 ) ) ;
#1228 = PRODUCT_DEFINITION_CONTEXT ( 'detailed design', #1499, 'design' ) ;
#1230 = LINE ( 'NONE', #1837, #415 ) ;
#1231 = FACE_OUTER_BOUND ( 'NONE', #852, .T. ) ;
#1232 = CARTESIAN_POINT ( 'NONE',  ( 0.9525000000000227729, 0.3175000000001284572, 2.799999999999998934 ) ) ;
#1233 = EDGE_LOOP ( 'NONE', ( #1814, #91, #61, #1320 ) ) ;
#1234 = CARTESIAN_POINT ( 'NONE',  ( 4.163766865806892515E-14, 0.0000000000000000000, 3.099999999999998757 ) ) ;
#1235 = EDGE_LOOP ( 'NONE', ( #1061, #1965, #921, #401 ) ) ;
#1236 = ADVANCED_FACE ( 'NONE', ( #1613 ), #1429, .F. ) ;
#1237 = DIRECTION ( 'NONE',  ( 1.451504065606661722E-28, -1.182982342069548729E-30, -1.000000000000000000 ) ) ;
#1238 = AXIS2_PLACEMENT_3D ( 'NONE', #1379, #1978, #620 ) ;
#1239 = PLANE ( 'NONE',  #315 ) ;
#1240 = DIRECTION ( 'NONE',  ( 1.455008059796840416E-16, -1.000000000000000000, 5.883893961082721574E-16 ) ) ;
#1241 = DIRECTION ( 'NONE',  ( -1.647119940439970250E-15, -5.883893961082728476E-16, 1.000000000000000000 ) ) ;
#1242 = ORIENTED_EDGE ( 'NONE', *, *, #943, .T. ) ;
#1243 = CONTEXT_DEPENDENT_SHAPE_REPRESENTATION ( #562, #1 ) ;
#1244 = FACE_BOUND ( 'NONE', #675, .T. ) ;
#1245 = ADVANCED_FACE ( 'NONE', ( #697 ), #233, .F. ) ;
#1246 = CARTESIAN_POINT ( 'NONE',  ( 0.9525000000000644063, 0.3175000000000017808, -4.119968255444916849E-15 ) ) ;
#1247 = FACE_OUTER_BOUND ( 'NONE', #1593, .T. ) ;
#1248 = LINE ( 'NONE', #1399, #786 ) ;
#1249 = ADVANCED_FACE ( 'NONE', ( #1599 ), #1163, .F. ) ;
#1250 = CARTESIAN_POINT ( 'NONE',  ( -2.500000000000011102, -1.199999999999968425, 4.999999999999997335 ) ) ;
#1251 = EDGE_LOOP ( 'NONE', ( #63, #653, #1782, #1851 ) ) ;
#1252 = STYLED_ITEM ( 'NONE', ( #342 ), #1065 ) ;
#1253 = VERTEX_POINT ( 'NONE', #1582 ) ;
#1254 = VECTOR ( 'NONE', #1131, 1000.000000000000000 ) ;
#1255 = FACE_OUTER_BOUND ( 'NONE', #273, .T. ) ;
#1256 = CARTESIAN_POINT ( 'NONE',  ( -2.499999999999939604, 0.7700000000001264722, 2.800000000000001599 ) ) ;
#1257 = VECTOR ( 'NONE', #284, 1000.000000000000000 ) ;
#1258 = CARTESIAN_POINT ( 'NONE',  ( -1.587499999999936184, -0.3174999999998509015, 2.800000000000003375 ) ) ;
#1259 = PLANE ( 'NONE',  #1809 ) ;
#1260 = DIRECTION ( 'NONE',  ( 1.647119940439970250E-15, 5.883893961082728476E-16, -1.000000000000000000 ) ) ;
#1261 = CARTESIAN_POINT ( 'NONE',  ( 2.000000000000001776, -0.6999999999999992895, 5.400000000000002132 ) ) ;
#1262 = ADVANCED_FACE ( 'NONE', ( #662 ), #1280, .F. ) ;
#1263 = ORIENTED_EDGE ( 'NONE', *, *, #1297, .F. ) ;
#1264 = EDGE_LOOP ( 'NONE', ( #84, #1057, #1682, #89 ) ) ;
#1265 = UNCERTAINTY_MEASURE_WITH_UNIT (LENGTH_MEASURE( 1.000000000000000082E-05 ), #347, 'distance_accuracy_value', 'NONE');
#1266 = LINE ( 'NONE', #1883, #1868 ) ;
#1267 = ADVANCED_BREP_SHAPE_REPRESENTATION ( '', ( #1071, #95 ), #773 ) ;
#1268 = AXIS2_PLACEMENT_3D ( 'NONE', #58, #1416, #650 ) ;
#1269 = LINE ( 'NONE', #1011, #1768 ) ;
#1270 = DIRECTION ( 'NONE',  ( 1.000000000000000000, 8.537024980549372120E-17, 1.451504065606661722E-28 ) ) ;
#1271 = DIRECTION ( 'NONE',  ( 0.7071067811865487940, 0.7071067811865463515, 2.887230913108903208E-28 ) ) ;
#1272 = CARTESIAN_POINT ( 'NONE',  ( -2.500000000000003997, -1.199999999999999734, 0.0000000000000000000 ) ) ;
#1273 = ORIENTED_EDGE ( 'NONE', *, *, #1068, .F. ) ;
#1274 = ADVANCED_FACE ( 'NONE', ( #896 ), #1657, .F. ) ;
#1275 = ORIENTED_EDGE ( 'NONE', *, *, #565, .F. ) ;
#1276 = DIRECTION ( 'NONE',  ( -1.647119940439970250E-15, -5.883893961082728476E-16, 1.000000000000000000 ) ) ;
#1277 = CARTESIAN_POINT ( 'NONE',  ( 1.587500000000005684, -0.3175000000000017808, 5.898025612106918558 ) ) ;
#1278 = CARTESIAN_POINT ( 'NONE',  ( -1.587499999999998579, -0.3175000000000399725, -1.301042606982605321E-15 ) ) ;
#1279 = CARTESIAN_POINT ( 'NONE',  ( 2.499999999999986677, -1.199999999999999734, 4.999999999999997335 ) ) ;
#1280 = PLANE ( 'NONE',  #602 ) ;
#1281 = ORIENTED_EDGE ( 'NONE', *, *, #1092, .T. ) ;
#1282 = VERTEX_POINT ( 'NONE', #1638 ) ;
#1283 = MECHANICAL_DESIGN_GEOMETRIC_PRESENTATION_REPRESENTATION (  '', ( #1030 ), #1159 ) ;
#1284 = DIRECTION ( 'NONE',  ( 1.000000000000000000, 1.959801932283499454E-16, -1.647119940439970250E-15 ) ) ;
#1285 = DIRECTION ( 'NONE',  ( 1.752690884559710387E-14, 0.9396926207859093161, -0.3420201433256663814 ) ) ;
#1286 = VECTOR ( 'NONE', #1507, 1000.000000000000114 ) ;
#1287 = AXIS2_PLACEMENT_3D ( 'NONE', #1147, #1749, #1425 ) ;
#1288 = LINE ( 'NONE', #1610, #62 ) ;
#1289 = LINE ( 'NONE', #1597, #1301 ) ;
#1290 = DIRECTION ( 'NONE',  ( 1.455008059796840416E-16, -1.000000000000000000, 5.883893961082721574E-16 ) ) ;
#1291 = COLOUR_RGB ( '',0.9137254901960784048, 0.6392156862745097534, 0.3372549019607843368 ) ;
#1292 = DIRECTION ( 'NONE',  ( 0.7071067811865487940, 0.7071067811865463515, 1.455448370132766781E-28 ) ) ;
#1293 = PRODUCT_DEFINITION_FORMATION_WITH_SPECIFIED_SOURCE ( 'ANY', '', #304, .NOT_KNOWN. ) ;
#1294 = ORIENTED_EDGE ( 'NONE', *, *, #492, .T. ) ;
#1295 = VERTEX_POINT ( 'NONE', #107 ) ;
#1296 = DIRECTION ( 'NONE',  ( -1.000000000000000000, -1.865174681369626850E-14, -3.171220838988467458E-28 ) ) ;
#1297 = EDGE_CURVE ( 'NONE', #1549, #222, #1323, .T. ) ;
#1298 = SURFACE_STYLE_USAGE ( .BOTH. , #683 ) ;
#1299 = CARTESIAN_POINT ( 'NONE',  ( -1.587499999999988365, -0.3174999999999358891, 3.698025612106921045 ) ) ;
#1300 = DIRECTION ( 'NONE',  ( 1.061805072736342225E-15, 0.7071067811865463515, -0.7071067811865486830 ) ) ;
#1301 = VECTOR ( 'NONE', #219, 1000.000000000000114 ) ;
#1302 = EDGE_CURVE ( 'NONE', #775, #81, #418, .T. ) ;
#1303 = DIRECTION ( 'NONE',  ( -0.9396926207859094271, -1.736646525805142366E-14, -0.3420201433256661039 ) ) ;
#1304 = ORIENTED_EDGE ( 'NONE', *, *, #1029, .T. ) ;
#1305 = VECTOR ( 'NONE', #1290, 1000.000000000000000 ) ;
#1306 = ORIENTED_EDGE ( 'NONE', *, *, #1396, .F. ) ;
#1307 = FACE_BOUND ( 'NONE', #1314, .T. ) ;
#1308 = FILL_AREA_STYLE_COLOUR ( '', #1291 ) ;
#1309 = FACE_OUTER_BOUND ( 'NONE', #708, .T. ) ;
#1310 = CARTESIAN_POINT ( 'NONE',  ( 1.587499999999998579, 0.3174999999999983391, 4.999999999999999112 ) ) ;
#1311 = EDGE_CURVE ( 'NONE', #996, #1819, #260, .T. ) ;
#1312 = DIRECTION ( 'NONE',  ( -0.7071067811865480168, 5.189387385427652914E-16, -0.7071067811865469066 ) ) ;
#1313 = FACE_OUTER_BOUND ( 'NONE', #689, .T. ) ;
#1314 = EDGE_LOOP ( 'NONE', ( #1674, #1481, #855, #204 ) ) ;
#1315 = EDGE_CURVE ( 'NONE', #52, #410, #1962, .T. ) ;
#1316 = EDGE_CURVE ( 'NONE', #719, #471, #1031, .T. ) ;
#1317 = ORIENTED_EDGE ( 'NONE', *, *, #1102, .T. ) ;
#1318 = CARTESIAN_POINT ( 'NONE',  ( -2.499999999999939604, 0.7700000000001264722, 2.800000000000001599 ) ) ;
#1319 = DIRECTION ( 'NONE',  ( -1.000000000000000000, 0.0000000000000000000, 1.201028591059100760E-16 ) ) ;
#1320 = ORIENTED_EDGE ( 'NONE', *, *, #172, .F. ) ;
#1321 = CARTESIAN_POINT ( 'NONE',  ( 1.587500000000019451, 0.3175000000000295364, 1.734723475976807094E-15 ) ) ;
#1322 = VECTOR ( 'NONE', #814, 1000.000000000000000 ) ;
#1323 = LINE ( 'NONE', #287, #153 ) ;
#1324 = VERTEX_POINT ( 'NONE', #1818 ) ;
#1325 = VECTOR ( 'NONE', #771, 1000.000000000000114 ) ;
#1326 = EDGE_CURVE ( 'NONE', #1384, #1390, #115, .T. ) ;
#1327 = ORIENTED_EDGE ( 'NONE', *, *, #986, .F. ) ;
#1328 = CARTESIAN_POINT ( 'NONE',  ( -0.9524999999999950173, -0.3175000000000017808, 1.908195823574487804E-14 ) ) ;
#1329 = FILL_AREA_STYLE_COLOUR ( '', #127 ) ;
#1330 = ORIENTED_EDGE ( 'NONE', *, *, #55, .F. ) ;
#1331 = DIRECTION ( 'NONE',  ( 2.322406504970658755E-27, 0.7071067811865487940, -0.7071067811865463515 ) ) ;
#1332 = LINE ( 'NONE', #559, #604 ) ;
#1333 = ORIENTED_EDGE ( 'NONE', *, *, #185, .F. ) ;
#1334 = VECTOR ( 'NONE', #1398, 1000.000000000000000 ) ;
#1335 = ORIENTED_EDGE ( 'NONE', *, *, #1756, .F. ) ;
#1336 = ADVANCED_FACE ( 'NONE', ( #1930 ), #1667, .F. ) ;
#1337 = AXIS2_PLACEMENT_3D ( 'NONE', #147, #590, #481 ) ;
#1338 = CARTESIAN_POINT ( 'NONE',  ( -0.3175000000000291478, 0.3175000000002672351, -8.599999999999834444 ) ) ;
#1339 = ORIENTED_EDGE ( 'NONE', *, *, #832, .F. ) ;
#1340 = EDGE_CURVE ( 'NONE', #244, #312, #1041, .T. ) ;
#1341 = FACE_OUTER_BOUND ( 'NONE', #402, .T. ) ;
#1342 = CARTESIAN_POINT ( 'NONE',  ( -1.999999999999960032, -1.269999999999934293, 2.800000000000001599 ) ) ;
#1343 = ORIENTED_EDGE ( 'NONE', *, *, #124, .T. ) ;
#1344 = EDGE_LOOP ( 'NONE', ( #1614, #391, #1833, #701 ) ) ;
#1345 = PLANE ( 'NONE',  #445 ) ;
#1346 = PRESENTATION_STYLE_ASSIGNMENT (( #1501 ) ) ;
#1347 = EDGE_LOOP ( 'NONE', ( #453, #1639, #133, #1281 ) ) ;
#1348 = EDGE_CURVE ( 'NONE', #996, #1472, #1182, .T. ) ;
#1349 = CARTESIAN_POINT ( 'NONE',  ( 0.9525000000000158895, 0.3175000000000017808, 0.0000000000000000000 ) ) ;
#1350 = VECTOR ( 'NONE', #201, 1000.000000000000000 ) ;
#1351 = LINE ( 'NONE', #428, #638 ) ;
#1352 = ORIENTED_EDGE ( 'NONE', *, *, #906, .T. ) ;
#1353 = LINE ( 'NONE', #117, #240 ) ;
#1354 = VECTOR ( 'NONE', #498, 1000.000000000000000 ) ;
#1355 = AXIS2_PLACEMENT_3D ( 'NONE', #423, #1943, #1655 ) ;
#1356 = PRODUCT_DEFINITION_SHAPE ( 'NONE', 'NONE',  #1990 ) ;
#1357 = EDGE_LOOP ( 'NONE', ( #1412, #238, #21, #1861 ) ) ;
#1358 = DIRECTION ( 'NONE',  ( -1.647119940439970250E-15, -5.883893961082728476E-16, 1.000000000000000000 ) ) ;
#1359 = SURFACE_SIDE_STYLE ('',( #158 ) ) ;
#1360 = CONTEXT_DEPENDENT_SHAPE_REPRESENTATION ( #470, #1816 ) ;
#1361 = PLANE ( 'NONE',  #879 ) ;
#1362 = EDGE_CURVE ( 'NONE', #1371, #1384, #885, .T. ) ;
#1363 = DIRECTION ( 'NONE',  ( 3.483609757455988133E-27, 1.000000000000000000, 1.182982342088897858E-30 ) ) ;
#1364 = LINE ( 'NONE', #1210, #207 ) ;
#1365 = VERTEX_POINT ( 'NONE', #1495 ) ;
#1366 = VECTOR ( 'NONE', #1022, 1000.000000000000000 ) ;
#1367 = EDGE_LOOP ( 'NONE', ( #1881, #421, #581, #779 ) ) ;
#1368 = AXIS2_PLACEMENT_3D ( 'NONE', #1588, #1728, #1140 ) ;
#1369 = CARTESIAN_POINT ( 'NONE',  ( -2.500000000000011102, 1.200000000000006617, 6.400000000000030553 ) ) ;
#1370 = CARTESIAN_POINT ( 'NONE',  ( 0.9525000000000019007, -0.3174999999999983391, 5.000000000000016875 ) ) ;
#1371 = VERTEX_POINT ( 'NONE', #1477 ) ;
#1372 = PLANE ( 'NONE',  #1337 ) ;
#1373 = PRODUCT_DEFINITION ( 'UNKNOWN', '', #97, #1228 ) ;
#1374 = EDGE_CURVE ( 'NONE', #1282, #1212, #275, .T. ) ;
#1375 = VERTEX_POINT ( 'NONE', #1518 ) ;
#1376 = ORIENTED_EDGE ( 'NONE', *, *, #628, .F. ) ;
#1377 = CARTESIAN_POINT ( 'NONE',  ( -2.500000000000002220, -1.199999999999999734, 6.399999999999999467 ) ) ;
#1378 = CARTESIAN_POINT ( 'NONE',  ( -2.500000000000017764, 1.200000000000010170, 5.900000000000030553 ) ) ;
#1379 = CARTESIAN_POINT ( 'NONE',  ( 2.000000000000000000, 1.199999999999999734, 4.999999999999999112 ) ) ;
#1380 = DIRECTION ( 'NONE',  ( -1.000000000000000000, 1.455008059796843621E-16, 1.647119940439970053E-15 ) ) ;
#1381 = ORIENTED_EDGE ( 'NONE', *, *, #1959, .T. ) ;
#1382 = EDGE_CURVE ( 'NONE', #1672, #253, #1351, .T. ) ;
#1383 = VECTOR ( 'NONE', #1190, 1000.000000000000000 ) ;
#1384 = VERTEX_POINT ( 'NONE', #1172 ) ;
#1385 = VECTOR ( 'NONE', #603, 1000.000000000000000 ) ;
#1386 = FACE_OUTER_BOUND ( 'NONE', #1560, .T. ) ;
#1387 = DIRECTION ( 'NONE',  ( -1.000000000000000000, -3.483609757455988133E-27, -1.451504065606661722E-28 ) ) ;
#1388 = LINE ( 'NONE', #597, #526 ) ;
#1389 =( LENGTH_UNIT ( ) NAMED_UNIT ( * ) SI_UNIT ( .MILLI., .METRE. ) );
#1390 = VERTEX_POINT ( 'NONE', #1781 ) ;
#1391 = DIRECTION ( 'NONE',  ( 1.000000000000000000, 0.0000000000000000000, 0.0000000000000000000 ) ) ;
#1392 = VERTEX_POINT ( 'NONE', #400 ) ;
#1393 = EDGE_CURVE ( 'NONE', #778, #1032, #1023, .T. ) ;
#1394 = VECTOR ( 'NONE', #1558, 1000.000000000000000 ) ;
#1395 = LINE ( 'NONE', #1377, #33 ) ;
#1396 = EDGE_CURVE ( 'NONE', #1127, #1757, #1332, .T. ) ;
#1397 = LINE ( 'NONE', #619, #412 ) ;
#1398 = DIRECTION ( 'NONE',  ( 1.451504065606661722E-28, 1.182982342069548729E-30, 1.000000000000000000 ) ) ;
#1399 = CARTESIAN_POINT ( 'NONE',  ( -0.3175000000001232392, -0.3174999999997329403, -8.199999999999663558 ) ) ;
#1400 =( NAMED_UNIT ( * ) SI_UNIT ( $, .STERADIAN. ) SOLID_ANGLE_UNIT ( ) );
#1401 = ORIENTED_EDGE ( 'NONE', *, *, #790, .T. ) ;
#1402 = ORIENTED_EDGE ( 'NONE', *, *, #1315, .F. ) ;
#1403 = UNCERTAINTY_MEASURE_WITH_UNIT (LENGTH_MEASURE( 1.000000000000000082E-05 ), #1635, 'distance_accuracy_value', 'NONE');
#1404 = DIRECTION ( 'NONE',  ( -1.000000000000000000, 3.414809992045505251E-16, -1.088628049204996291E-28 ) ) ;
#1405 = LINE ( 'NONE', #151, #1325 ) ;
#1406 = ADVANCED_FACE ( 'NONE', ( #128 ), #745, .F. ) ;
#1407 = CARTESIAN_POINT ( 'NONE',  ( -1.587499999999988365, -0.3174999999999358891, 3.698025612106921045 ) ) ;
#1408 = PLANE ( 'NONE',  #10 ) ;
#1409 = DIRECTION ( 'NONE',  ( -1.000000000000000000, -3.483609757455988133E-27, -1.451504065606661722E-28 ) ) ;
#1410 = ORIENTED_EDGE ( 'NONE', *, *, #102, .T. ) ;
#1411 = MECHANICAL_DESIGN_GEOMETRIC_PRESENTATION_REPRESENTATION (  '', ( #1252 ), #868 ) ;
#1412 = ORIENTED_EDGE ( 'NONE', *, *, #1675, .T. ) ;
#1413 = VECTOR ( 'NONE', #398, 1000.000000000000000 ) ;
#1414 = LINE ( 'NONE', #789, #1016 ) ;
#1415 = DIRECTION ( 'NONE',  ( -1.451504065606661946E-28, -1.182982342069548904E-30, -1.000000000000000000 ) ) ;
#1416 = DIRECTION ( 'NONE',  ( 1.000000000000000000, 3.483609757455988850E-27, -1.451504065606661722E-28 ) ) ;
#1417 = EDGE_CURVE ( 'NONE', #1453, #911, #486, .T. ) ;
#1418 = DIRECTION ( 'NONE',  ( -0.7071067811865463515, 0.7071067811865487940, 3.944304526105059027E-31 ) ) ;
#1419 = CARTESIAN_POINT ( 'NONE',  ( -0.3175000000001232392, -0.3174999999997329403, -8.199999999999663558 ) ) ;
#1420 = ORIENTED_EDGE ( 'NONE', *, *, #1442, .F. ) ;
#1421 = ORIENTED_EDGE ( 'NONE', *, *, #867, .F. ) ;
#1422 = LINE ( 'NONE', #1177, #736 ) ;
#1423 = CARTESIAN_POINT ( 'NONE',  ( 0.0000000000000000000, 0.0000000000000000000, 0.0000000000000000000 ) ) ;
#1424 = VECTOR ( 'NONE', #1587, 1000.000000000000000 ) ;
#1425 = DIRECTION ( 'NONE',  ( -1.647119940439970250E-15, -5.883893961082728476E-16, 1.000000000000000000 ) ) ;
#1426 = DIRECTION ( 'NONE',  ( 6.013055617767325222E-17, 1.000000000000000000, -5.883893961082730449E-16 ) ) ;
#1427 = LINE ( 'NONE', #341, #1783 ) ;
#1428 = VECTOR ( 'NONE', #833, 1000.000000000000000 ) ;
#1429 = PLANE ( 'NONE',  #1475 ) ;
#1430 = EDGE_LOOP ( 'NONE', ( #1193, #472, #564, #34 ) ) ;
#1431 = PRODUCT_RELATED_PRODUCT_CATEGORY ( 'part', '', ( #1797 ) ) ;
#1432 = EDGE_CURVE ( 'NONE', #1472, #1600, #629, .T. ) ;
#1433 = EDGE_LOOP ( 'NONE', ( #892, #850, #558, #727 ) ) ;
#1434 = PLANE ( 'NONE',  #379 ) ;
#1435 = SURFACE_STYLE_USAGE ( .BOTH. , #528 ) ;
#1436 = FILL_AREA_STYLE_COLOUR ( '', #839 ) ;
#1437 = LINE ( 'NONE', #815, #140 ) ;
#1438 = DIRECTION ( 'NONE',  ( 0.5773502691896266192, 0.5773502691896256200, -0.5773502691896250649 ) ) ;
#1439 = DIRECTION ( 'NONE',  ( 1.451504065606661722E-28, 1.182982342069548729E-30, 1.000000000000000000 ) ) ;
#1440 = ORIENTED_EDGE ( 'NONE', *, *, #241, .T. ) ;
#1441 = ORIENTED_EDGE ( 'NONE', *, *, #1712, .F. ) ;
#1442 = EDGE_CURVE ( 'NONE', #1104, #2, #783, .T. ) ;
#1443 = AXIS2_PLACEMENT_3D ( 'NONE', #1122, #1590, #1451 ) ;
#1444 = CARTESIAN_POINT ( 'NONE',  ( -0.9525000000000019007, -0.3175000000000017808, 5.000000000000016875 ) ) ;
#1445 =( NAMED_UNIT ( * ) SI_UNIT ( $, .STERADIAN. ) SOLID_ANGLE_UNIT ( ) );
#1446 = VECTOR ( 'NONE', #306, 1000.000000000000000 ) ;
#1447 = AXIS2_PLACEMENT_3D ( 'NONE', #1824, #144, #615 ) ;
#1448 = CARTESIAN_POINT ( 'NONE',  ( 1.700000000000013944, -0.3999999999999975797, 5.100000000000004086 ) ) ;
#1449 = CARTESIAN_POINT ( 'NONE',  ( -0.9524999999999809175, 0.3175000000000017808, 2.800000000000009592 ) ) ;
#1450 = PLANE ( 'NONE',  #1556 ) ;
#1451 = DIRECTION ( 'NONE',  ( 6.379273118495079255E-15, 0.3420201433256661039, 0.9396926207859094271 ) ) ;
#1452 = VERTEX_POINT ( 'NONE', #1086 ) ;
#1453 = VERTEX_POINT ( 'NONE', #1717 ) ;
#1454 = CARTESIAN_POINT ( 'NONE',  ( -1.587499999999998579, -0.3175000000000017808, 4.999999999999999112 ) ) ;
#1455 = EDGE_CURVE ( 'NONE', #593, #1891, #1099, .T. ) ;
#1456 = CARTESIAN_POINT ( 'NONE',  ( 0.0000000000000000000, 0.0000000000000000000, 0.0000000000000000000 ) ) ;
#1457 = EDGE_CURVE ( 'NONE', #1104, #775, #639, .T. ) ;
#1458 = CARTESIAN_POINT ( 'NONE',  ( -1.587499999999998579, -0.3175000000000017808, 5.898025612106946092 ) ) ;
#1459 = DIRECTION ( 'NONE',  ( 1.000000000000000000, 1.865174681369626850E-14, 3.171220838988467458E-28 ) ) ;
#1460 = CARTESIAN_POINT ( 'NONE',  ( -2.499999999999995115, 0.7000000000000304867, 5.000000000000000888 ) ) ;
#1461 = DIRECTION ( 'NONE',  ( 1.647119940439970250E-15, 5.883893961082728476E-16, -1.000000000000000000 ) ) ;
#1462 = VERTEX_POINT ( 'NONE', #793 ) ;
#1463 = VECTOR ( 'NONE', #1062, 1000.000000000000000 ) ;
#1464 = ORIENTED_EDGE ( 'NONE', *, *, #680, .F. ) ;
#1465 = DIRECTION ( 'NONE',  ( -1.455008059796840416E-16, 1.000000000000000000, -5.883893961082721574E-16 ) ) ;
#1466 = SURFACE_STYLE_USAGE ( .BOTH. , #1767 ) ;
#1467 = CARTESIAN_POINT ( 'NONE',  ( -2.166666666666663854, 0.8666666666666961172, 4.833333333333332149 ) ) ;
#1468 = CARTESIAN_POINT ( 'NONE',  ( -0.3174999999999983391, -0.3174999999997329403, 2.200000000000068567 ) ) ;
#1469 = EDGE_CURVE ( 'NONE', #584, #1392, #1397, .T. ) ;
#1470 = PLANE ( 'NONE',  #1825 ) ;
#1471 = ORIENTED_EDGE ( 'NONE', *, *, #1882, .F. ) ;
#1472 = VERTEX_POINT ( 'NONE', #1258 ) ;
#1473 = FACE_BOUND ( 'NONE', #714, .T. ) ;
#1474 = ORIENTED_EDGE ( 'NONE', *, *, #1871, .F. ) ;
#1475 = AXIS2_PLACEMENT_3D ( 'NONE', #51, #1900, #993 ) ;
#1476 = VECTOR ( 'NONE', #1505, 1000.000000000000000 ) ;
#1477 = CARTESIAN_POINT ( 'NONE',  ( -0.1719119062935994813, -0.1719119062933375242, 2.600000000000000089 ) ) ;
#1478 = ADVANCED_FACE ( 'NONE', ( #1566 ), #1239, .F. ) ;
#1479 = ORIENTED_EDGE ( 'NONE', *, *, #716, .T. ) ;
#1480 = EDGE_CURVE ( 'NONE', #471, #1487, #339, .T. ) ;
#1481 = ORIENTED_EDGE ( 'NONE', *, *, #780, .T. ) ;
#1482 = CARTESIAN_POINT ( 'NONE',  ( -1.587499999999998579, -0.3175000000000017808, 5.898025612106946092 ) ) ;
#1483 =( NAMED_UNIT ( * ) PLANE_ANGLE_UNIT ( ) SI_UNIT ( $, .RADIAN. ) );
#1484 = VERTEX_POINT ( 'NONE', #466 ) ;
#1485 = DIRECTION ( 'NONE',  ( -1.451504065606661722E-28, -1.182982342069548729E-30, -1.000000000000000000 ) ) ;
#1486 = CARTESIAN_POINT ( 'NONE',  ( -2.499999999999939604, 0.7700000000001264722, 2.800000000000001599 ) ) ;
#1487 = VERTEX_POINT ( 'NONE', #1246 ) ;
#1488 = VECTOR ( 'NONE', #1771, 1000.000000000000000 ) ;
#1489 = ORIENTED_EDGE ( 'NONE', *, *, #431, .T. ) ;
#1490 = AXIS2_PLACEMENT_3D ( 'NONE', #642, #50, #359 ) ;
#1491 = EDGE_CURVE ( 'NONE', #471, #1549, #164, .T. ) ;
#1492 = PLANE ( 'NONE',  #152 ) ;
#1493 =( NAMED_UNIT ( * ) SI_UNIT ( $, .STERADIAN. ) SOLID_ANGLE_UNIT ( ) );
#1494 = EDGE_LOOP ( 'NONE', ( #1175, #1572, #502, #726 ) ) ;
#1495 = CARTESIAN_POINT ( 'NONE',  ( 2.000000000000056399, -1.269999999999849472, 0.5000000000000000000 ) ) ;
#1496 = CARTESIAN_POINT ( 'NONE',  ( 2.000000000000044409, 1.270000000000128582, 0.4999999999999917843 ) ) ;
#1497 = PLANE ( 'NONE',  #169 ) ;
#1498 = VERTEX_POINT ( 'NONE', #762 ) ;
#1499 = APPLICATION_CONTEXT ( 'automotive_design' ) ;
#1500 = DIRECTION ( 'NONE',  ( -2.650572641542599666E-28, 9.239188719641792513E-31, -1.000000000000000000 ) ) ;
#1501 = SURFACE_STYLE_USAGE ( .BOTH. , #710 ) ;
#1502 = EDGE_LOOP ( 'NONE', ( #108, #1932, #70, #933 ) ) ;
#1503 = EDGE_CURVE ( 'NONE', #1212, #1672, #327, .T. ) ;
#1504 = CARTESIAN_POINT ( 'NONE',  ( -0.3175000000001232392, -0.3174999999997329403, -8.199999999999663558 ) ) ;
#1505 = DIRECTION ( 'NONE',  ( -1.848100631409224828E-14, -1.000000000000000000, 1.525564954230627228E-28 ) ) ;
#1506 = AXIS2_PLACEMENT_3D ( 'NONE', #978, #1585, #1146 ) ;
#1507 = DIRECTION ( 'NONE',  ( 0.5773502691896252870, 0.5773502691896246208, -0.5773502691896272854 ) ) ;
#1508 = LINE ( 'NONE', #1080, #914 ) ;
#1509 = DIRECTION ( 'NONE',  ( 1.061805072736338281E-15, 0.7071067811865485719, -0.7071067811865465735 ) ) ;
#1510 = AXIS2_PLACEMENT_3D ( 'NONE', #588, #774, #1679 ) ;
#1511 = AXIS2_PLACEMENT_3D ( 'NONE', #1842, #1085, #1696 ) ;
#1512 = ORIENTED_EDGE ( 'NONE', *, *, #1687, .T. ) ;
#1513 = ORIENTED_EDGE ( 'NONE', *, *, #1374, .F. ) ;
#1514 = CARTESIAN_POINT ( 'NONE',  ( -1.587499999999943068, 0.3174999999999601474, 1.322726650432315409E-14 ) ) ;
#1515 = ADVANCED_FACE ( 'NONE', ( #947 ), #176, .F. ) ;
#1516 = DIRECTION ( 'NONE',  ( 1.000000000000000000, -1.455008059796843621E-16, -1.647119940439970053E-15 ) ) ;
#1517 = EDGE_CURVE ( 'NONE', #414, #454, #1072, .T. ) ;
#1518 = CARTESIAN_POINT ( 'NONE',  ( 0.3174999999999983391, -0.3174999999999237321, 2.199999999999995737 ) ) ;
#1519 = CARTESIAN_POINT ( 'NONE',  ( -2.500000000000011102, 1.200000000000034373, 4.499999999999997335 ) ) ;
#1520 = DIRECTION ( 'NONE',  ( -3.414809992045505251E-16, -1.000000000000000000, -2.895159473102310515E-28 ) ) ;
#1521 = ORIENTED_EDGE ( 'NONE', *, *, #916, .F. ) ;
#1522 = EDGE_LOOP ( 'NONE', ( #462, #646, #1471, #1730 ) ) ;
#1523 = AXIS2_PLACEMENT_3D ( 'NONE', #1895, #1118, #196 ) ;
#1525 = LINE ( 'NONE', #1532, #842 ) ;
#1524 = PRODUCT_DEFINITION_CONTEXT ( 'detailed design', #681, 'design' ) ;
#1526 = LINE ( 'NONE', #145, #869 ) ;
#1527 = DIRECTION ( 'NONE',  ( 1.455008059796840416E-16, -1.000000000000000000, 5.883893961082721574E-16 ) ) ;
#1528 = EDGE_CURVE ( 'NONE', #699, #584, #1697, .T. ) ;
#1529 = DIRECTION ( 'NONE',  ( 1.000000000000000000, -3.414809992045505251E-16, 1.088628049204996291E-28 ) ) ;
#1530 = ORIENTED_EDGE ( 'NONE', *, *, #1151, .T. ) ;
#1531 = ORIENTED_EDGE ( 'NONE', *, *, #30, .F. ) ;
#1532 = CARTESIAN_POINT ( 'NONE',  ( 2.500000000000002220, -1.199999999999999734, 6.399999999999999467 ) ) ;
#1533 = CARTESIAN_POINT ( 'NONE',  ( 2.500000000000002220, 0.7699999999999997957, -4.119968255444916849E-15 ) ) ;
#1534 = PLANE ( 'NONE',  #1926 ) ;
#1535 = CARTESIAN_POINT ( 'NONE',  ( 1.587500000000005906, -0.3174999999999323919, 3.698025612106854876 ) ) ;
#1536 = AXIS2_PLACEMENT_3D ( 'NONE', #501, #1303, #1910 ) ;
#1537 = EDGE_CURVE ( 'NONE', #1487, #1755, #316, .T. ) ;
#1538 = EDGE_LOOP ( 'NONE', ( #1304, #1091, #1789, #523 ) ) ;
#1539 = AXIS2_PLACEMENT_3D ( 'NONE', #1865, #1109, #1216 ) ;
#1540 =( GEOMETRIC_REPRESENTATION_CONTEXT ( 3 ) GLOBAL_UNCERTAINTY_ASSIGNED_CONTEXT ( ( #334 ) ) GLOBAL_UNIT_ASSIGNED_CONTEXT ( ( #366, #1904, #692 ) ) REPRESENTATION_CONTEXT ( 'NONE', 'WORKASPACE' ) );
#1541 = ORIENTED_EDGE ( 'NONE', *, *, #1537, .T. ) ;
#1542 = STYLED_ITEM ( 'NONE', ( #1178 ), #14 ) ;
#1544 = CARTESIAN_POINT ( 'NONE',  ( -1.999999999999994893, 0.6999999999999992895, 5.400000000000002132 ) ) ;
#1543 = UNCERTAINTY_MEASURE_WITH_UNIT (LENGTH_MEASURE( 1.000000000000000082E-05 ), #385, 'distance_accuracy_value', 'NONE');
#1545 = DIRECTION ( 'NONE',  ( 0.5773502691896259531, 0.5773502691896246208, 0.5773502691896265082 ) ) ;
#1546 = CARTESIAN_POINT ( 'NONE',  ( -0.9524999999999950173, -0.3175000000000017808, 1.908195823574487804E-14 ) ) ;
#1547 = LINE ( 'NONE', #827, #987 ) ;
#1548 =( LENGTH_UNIT ( ) NAMED_UNIT ( * ) SI_UNIT ( .MILLI., .METRE. ) );
#1549 = VERTEX_POINT ( 'NONE', #450 ) ;
#1550 = APPLICATION_PROTOCOL_DEFINITION ( 'draft international standard', 'automotive_design', 1998, #681 ) ;
#1551 = ORIENTED_EDGE ( 'NONE', *, *, #124, .F. ) ;
#1552 = LINE ( 'NONE', #335, #397 ) ;
#1553 = EDGE_CURVE ( 'NONE', #711, #977, #1526, .T. ) ;
#1554 = DIRECTION ( 'NONE',  ( 0.5773502691896251759, -0.5773502691896271743, 0.5773502691896251759 ) ) ;
#1555 = DIRECTION ( 'NONE',  ( -1.000000000000000000, 1.455008059796843621E-16, 1.647119940439970053E-15 ) ) ;
#1556 = AXIS2_PLACEMENT_3D ( 'NONE', #1761, #992, #1300 ) ;
#1557 = CARTESIAN_POINT ( 'NONE',  ( -2.499999999999939604, -0.7699999999999997957, 5.421010862427522170E-15 ) ) ;
#1558 = DIRECTION ( 'NONE',  ( 1.647119940439970250E-15, 5.883893961082728476E-16, -1.000000000000000000 ) ) ;
#1559 = LINE ( 'NONE', #795, #1753 ) ;
#1560 = EDGE_LOOP ( 'NONE', ( #1773, #811, #592, #1838 ) ) ;
#1561 = EDGE_LOOP ( 'NONE', ( #1219, #1765, #1551, #841 ) ) ;
#1562 = UNCERTAINTY_MEASURE_WITH_UNIT (LENGTH_MEASURE( 1.000000000000000082E-05 ), #1914, 'distance_accuracy_value', 'NONE');
#1563 = PLANE ( 'NONE',  #474 ) ;
#1564 = EDGE_CURVE ( 'NONE', #1624, #1032, #1230, .T. ) ;
#1565 = FACE_OUTER_BOUND ( 'NONE', #245, .T. ) ;
#1566 = FACE_OUTER_BOUND ( 'NONE', #483, .T. ) ;
#1567 = LINE ( 'NONE', #1718, #1424 ) ;
#1568 = CARTESIAN_POINT ( 'NONE',  ( -2.500000000000017764, 1.200000000000010170, 5.900000000000030553 ) ) ;
#1569 = LINE ( 'NONE', #1250, #223 ) ;
#1570 = ORIENTED_EDGE ( 'NONE', *, *, #320, .F. ) ;
#1571 = VECTOR ( 'NONE', #1785, 1000.000000000000000 ) ;
#1572 = ORIENTED_EDGE ( 'NONE', *, *, #148, .F. ) ;
#1573 = AXIS2_PLACEMENT_3D ( 'NONE', #1198, #1969, #1805 ) ;
#1574 = CARTESIAN_POINT ( 'NONE',  ( -2.166666666666663854, -1.103333333333227140, 0.3333333333333239334 ) ) ;
#1575 = DIRECTION ( 'NONE',  ( 1.000000000000000000, 0.0000000000000000000, 0.0000000000000000000 ) ) ;
#1576 = AXIS2_PLACEMENT_3D ( 'NONE', #517, #1285, #217 ) ;
#1577 = PLANE ( 'NONE',  #1523 ) ;
#1578 = LINE ( 'NONE', #197, #1322 ) ;
#1579 = DIRECTION ( 'NONE',  ( 1.000000000000000000, 1.865174681369626850E-14, 3.171220838988467458E-28 ) ) ;
#1580 = DIRECTION ( 'NONE',  ( 1.000000000000000000, 3.483609757455988133E-27, 1.451504065606661722E-28 ) ) ;
#1581 = ADVANCED_FACE ( 'NONE', ( #926 ), #1534, .T. ) ;
#1582 = CARTESIAN_POINT ( 'NONE',  ( -1.587499999999984812, 0.3174999999999914002, -1.214306433183764966E-14 ) ) ;
#1583 = ORIENTED_EDGE ( 'NONE', *, *, #1834, .T. ) ;
#1584 = ORIENTED_EDGE ( 'NONE', *, *, #1455, .T. ) ;
#1585 = DIRECTION ( 'NONE',  ( 1.865174681369626850E-14, 1.000000000000000000, 9.239188719592354703E-31 ) ) ;
#1586 = FACE_OUTER_BOUND ( 'NONE', #1656, .T. ) ;
#1587 = DIRECTION ( 'NONE',  ( -1.455008059796840416E-16, 1.000000000000000000, -5.883893961082721574E-16 ) ) ;
#1588 = CARTESIAN_POINT ( 'NONE',  ( 2.500000000000023981, -0.7699999999998732303, 2.799999999999994049 ) ) ;
#1589 = VECTOR ( 'NONE', #924, 1000.000000000000000 ) ;
#1590 = DIRECTION ( 'NONE',  ( 1.752690884559649487E-14, 0.9396926207859094271, -0.3420201433256661039 ) ) ;
#1591 = EDGE_CURVE ( 'NONE', #719, #1755, #805, .T. ) ;
#1592 = ORIENTED_EDGE ( 'NONE', *, *, #1796, .F. ) ;
#1593 = EDGE_LOOP ( 'NONE', ( #1915, #1075, #1705, #1901 ) ) ;
#1594 = DIRECTION ( 'NONE',  ( -1.000000000000000000, 1.455008059796862603E-16, -1.647119940439970250E-15 ) ) ;
#1595 = DIRECTION ( 'NONE',  ( 1.451504065606661722E-28, 1.182982342069548729E-30, 1.000000000000000000 ) ) ;
#1596 = LINE ( 'NONE', #669, #126 ) ;
#1597 = CARTESIAN_POINT ( 'NONE',  ( 2.499999999999986677, 1.200000000000034373, 5.899999999999998579 ) ) ;
#1598 = CARTESIAN_POINT ( 'NONE',  ( 2.500000000000002220, -1.199999999999968425, 5.899999999999998579 ) ) ;
#1599 = FACE_OUTER_BOUND ( 'NONE', #256, .T. ) ;
#1600 = VERTEX_POINT ( 'NONE', #77 ) ;
#1601 = ADVANCED_FACE ( 'NONE', ( #48 ), #1726, .F. ) ;
#1602 = ORIENTED_EDGE ( 'NONE', *, *, #371, .F. ) ;
#1603 = EDGE_CURVE ( 'NONE', #1662, #758, #1158, .T. ) ;
#1604 = EDGE_CURVE ( 'NONE', #264, #1880, #1119, .T. ) ;
#1605 = AXIS2_PLACEMENT_3D ( 'NONE', #1155, #1625, #997 ) ;
#1606 = FACE_OUTER_BOUND ( 'NONE', #698, .T. ) ;
#1607 = APPLICATION_CONTEXT ( 'automotive_design' ) ;
#1608 = VECTOR ( 'NONE', #960, 1000.000000000000000 ) ;
#1609 = VECTOR ( 'NONE', #1059, 1000.000000000000000 ) ;
#1610 = CARTESIAN_POINT ( 'NONE',  ( 0.1719119062934398867, -0.3174999999998422417, -8.599999999999681677 ) ) ;
#1611 = CARTESIAN_POINT ( 'NONE',  ( 2.000000000000022649, -0.6999999999999992895, 5.000000000000000888 ) ) ;
#1612 = CARTESIAN_POINT ( 'NONE',  ( 2.000000000000064393, 1.270000000000215401, 2.299999999999985612 ) ) ;
#1613 = FACE_OUTER_BOUND ( 'NONE', #1014, .T. ) ;
#1614 = ORIENTED_EDGE ( 'NONE', *, *, #1742, .T. ) ;
#1615 = ORIENTED_EDGE ( 'NONE', *, *, #30, .T. ) ;
#1616 = FACE_OUTER_BOUND ( 'NONE', #1367, .T. ) ;
#1617 = CARTESIAN_POINT ( 'NONE',  ( 0.0000000000000000000, 0.0000000000000000000, 0.0000000000000000000 ) ) ;
#1618 = ORIENTED_EDGE ( 'NONE', *, *, #1417, .F. ) ;
#1619 = EDGE_CURVE ( 'NONE', #888, #1152, #1596, .T. ) ;
#1620 = CARTESIAN_POINT ( 'NONE',  ( 1.587500000000061195, -0.3174999999998509015, 2.799999999999939426 ) ) ;
#1621 = FACE_OUTER_BOUND ( 'NONE', #432, .T. ) ;
#1622 = ORIENTED_EDGE ( 'NONE', *, *, #1909, .F. ) ;
#1623 = AXIS2_PLACEMENT_3D ( 'NONE', #1161, #79, #1312 ) ;
#1624 = VERTEX_POINT ( 'NONE', #1885 ) ;
#1625 = DIRECTION ( 'NONE',  ( -1.455008059796859644E-16, 1.000000000000000000, 5.883893961082726504E-16 ) ) ;
#1626 = ORIENTED_EDGE ( 'NONE', *, *, #1029, .F. ) ;
#1627 = EDGE_CURVE ( 'NONE', #861, #303, #1288, .T. ) ;
#1628 = CARTESIAN_POINT ( 'NONE',  ( 2.500000000000000444, -1.199999999999968425, 0.0000000000000000000 ) ) ;
#1629 = CARTESIAN_POINT ( 'NONE',  ( 0.3174999999999987832, 0.1719119062937330411, -8.599999999999932143 ) ) ;
#1630 = DIRECTION ( 'NONE',  ( -2.322406504970659114E-27, -0.7071067811865487940, -0.7071067811865463515 ) ) ;
#1631 = ORIENTED_EDGE ( 'NONE', *, *, #1316, .T. ) ;
#1632 = ORIENTED_EDGE ( 'NONE', *, *, #1894, .T. ) ;
#1633 = DIRECTION ( 'NONE',  ( -1.267574285889035417E-15, 0.7071067811865484609, 0.7071067811865465735 ) ) ;
#1634 = EDGE_LOOP ( 'NONE', ( #1938, #1084, #715, #1721 ) ) ;
#1635 =( LENGTH_UNIT ( ) NAMED_UNIT ( * ) SI_UNIT ( .MILLI., .METRE. ) );
#1636 = VECTOR ( 'NONE', #1461, 1000.000000000000000 ) ;
#1637 = VECTOR ( 'NONE', #649, 1000.000000000000000 ) ;
#1638 = CARTESIAN_POINT ( 'NONE',  ( 2.000000000000001776, 0.6999999999999992895, 4.999999999999999112 ) ) ;
#1639 = ORIENTED_EDGE ( 'NONE', *, *, #1180, .F. ) ;
#1640 = PRODUCT_DEFINITION ( 'UNKNOWN', '', #1166, #1524 ) ;
#1641 = STYLED_ITEM ( 'NONE', ( #46 ), #614 ) ;
#1642 = DIRECTION ( 'NONE',  ( 1.455008059796840416E-16, -1.000000000000000000, 5.883893961082721574E-16 ) ) ;
#1643 = VERTEX_POINT ( 'NONE', #1770 ) ;
#1644 = DIRECTION ( 'NONE',  ( 1.061805072736342028E-15, 0.7071067811865465735, -0.7071067811865484609 ) ) ;
#1645 = ORIENTED_EDGE ( 'NONE', *, *, #682, .T. ) ;
#1647 = CARTESIAN_POINT ( 'NONE',  ( -1.587499999999968603, 0.3175000000001492739, 2.800000000000036238 ) ) ;
#1646 = UNCERTAINTY_MEASURE_WITH_UNIT (LENGTH_MEASURE( 1.000000000000000082E-05 ), #324, 'distance_accuracy_value', 'NONE');
#1648 = DIRECTION ( 'NONE',  ( -1.451504065606661946E-28, -1.182982342069548904E-30, -1.000000000000000000 ) ) ;
#1649 = DIRECTION ( 'NONE',  ( 3.483609757455988133E-27, 1.000000000000000000, 1.182982342088897858E-30 ) ) ;
#1650 = VECTOR ( 'NONE', #1110, 1000.000000000000000 ) ;
#1651 = EDGE_CURVE ( 'NONE', #1143, #1600, #387, .T. ) ;
#1652 = VECTOR ( 'NONE', #29, 1000.000000000000000 ) ;
#1653 = EDGE_LOOP ( 'NONE', ( #1479, #234, #1420, #881 ) ) ;
#1654 = CARTESIAN_POINT ( 'NONE',  ( -0.3174999999999952860, 0.3175000000002672351, 2.600000000000000089 ) ) ;
#1655 = DIRECTION ( 'NONE',  ( 1.000000000000000000, 0.0000000000000000000, 0.0000000000000000000 ) ) ;
#1656 = EDGE_LOOP ( 'NONE', ( #1584, #799, #1191, #390 ) ) ;
#1657 = PLANE ( 'NONE',  #1793 ) ;
#1658 = ORIENTED_EDGE ( 'NONE', *, *, #250, .T. ) ;
#1659 = DIRECTION ( 'NONE',  ( 1.267574285889038572E-15, -0.7071067811865465735, -0.7071067811865485719 ) ) ;
#1660 = ORIENTED_EDGE ( 'NONE', *, *, #665, .T. ) ;
#1661 = PRODUCT_RELATED_PRODUCT_CATEGORY ( 'part', '', ( #304 ) ) ;
#1662 = VERTEX_POINT ( 'NONE', #999 ) ;
#1663 = PRODUCT_DEFINITION ( 'UNKNOWN', '', #1227, #1863 ) ;
#1664 = EDGE_CURVE ( 'NONE', #1643, #758, #971, .T. ) ;
#1665 = LINE ( 'NONE', #464, #643 ) ;
#1666 = VECTOR ( 'NONE', #40, 1000.000000000000114 ) ;
#1667 = PLANE ( 'NONE',  #1573 ) ;
#1668 = CARTESIAN_POINT ( 'NONE',  ( 2.500000000000001332, -1.270000000000000240, -4.119968255444916849E-15 ) ) ;
#1669 = CARTESIAN_POINT ( 'NONE',  ( 2.499999999999986677, 1.200000000000006617, 6.399999999999999467 ) ) ;
#1670 = VECTOR ( 'NONE', #1363, 1000.000000000000000 ) ;
#1671 = STYLED_ITEM ( 'NONE', ( #1346 ), #1267 ) ;
#1672 = VERTEX_POINT ( 'NONE', #348 ) ;
#1673 = SHAPE_DEFINITION_REPRESENTATION ( #449, #1951 ) ;
#1674 = ORIENTED_EDGE ( 'NONE', *, *, #199, .T. ) ;
#1675 = EDGE_CURVE ( 'NONE', #537, #766, #693, .T. ) ;
#1676 = FACE_BOUND ( 'NONE', #1966, .T. ) ;
#1677 = CARTESIAN_POINT ( 'NONE',  ( 0.3174999999999662537, -0.3174999999999237321, 2.600000000000000089 ) ) ;
#1678 = EDGE_CURVE ( 'NONE', #706, #22, #1269, .T. ) ;
#1679 = DIRECTION ( 'NONE',  ( 1.647119940439970250E-15, 5.883893961082728476E-16, -1.000000000000000000 ) ) ;
#1680 = LINE ( 'NONE', #1820, #1463 ) ;
#1681 = APPLICATION_CONTEXT ( 'automotive_design' ) ;
#1682 = ORIENTED_EDGE ( 'NONE', *, *, #360, .F. ) ;
#1683 = VECTOR ( 'NONE', #980, 1000.000000000000000 ) ;
#1684 = EDGE_LOOP ( 'NONE', ( #1010, #735, #355, #1632 ) ) ;
#1685 = VECTOR ( 'NONE', #1260, 1000.000000000000000 ) ;
#1686 = FACE_OUTER_BOUND ( 'NONE', #1053, .T. ) ;
#1687 = EDGE_CURVE ( 'NONE', #1859, #52, #1578, .T. ) ;
#1688 = CARTESIAN_POINT ( 'NONE',  ( 2.499999999999986677, -1.199999999999999734, 4.499999999999997335 ) ) ;
#1689 = ORIENTED_EDGE ( 'NONE', *, *, #1564, .F. ) ;
#1690 = CARTESIAN_POINT ( 'NONE',  ( -2.499999999999981348, -0.6999999999999679812, 4.999999999999999112 ) ) ;
#1691 = ADVANCED_FACE ( 'NONE', ( #1309 ), #979, .F. ) ;
#1692 = CARTESIAN_POINT ( 'NONE',  ( 2.000000000000078160, -1.269999999999807727, 2.299999999999998934 ) ) ;
#1693 = VERTEX_POINT ( 'NONE', #209 ) ;
#1694 = CONTEXT_DEPENDENT_SHAPE_REPRESENTATION ( #824, #1356 ) ;
#1695 = ORIENTED_EDGE ( 'NONE', *, *, #1469, .T. ) ;
#1696 = DIRECTION ( 'NONE',  ( -0.3420201433256661039, -6.379273118494548351E-15, -0.9396926207859093161 ) ) ;
#1697 = LINE ( 'NONE', #1370, #804 ) ;
#1698 = LINE ( 'NONE', #177, #1650 ) ;
#1699 = LINE ( 'NONE', #1089, #883 ) ;
#1700 = VECTOR ( 'NONE', #1060, 1000.000000000000000 ) ;
#1701 = EDGE_CURVE ( 'NONE', #1076, #706, #1916, .T. ) ;
#1702 = ORIENTED_EDGE ( 'NONE', *, *, #383, .T. ) ;
#1703 = VECTOR ( 'NONE', #1415, 1000.000000000000000 ) ;
#1704 = APPLICATION_PROTOCOL_DEFINITION ( 'draft international standard', 'automotive_design', 1998, #1499 ) ;
#1705 = ORIENTED_EDGE ( 'NONE', *, *, #1844, .F. ) ;
#1706 = LINE ( 'NONE', #456, #227 ) ;
#1707 = DIRECTION ( 'NONE',  ( -1.000000000000000000, -3.483609757455988133E-27, -1.451504065606661722E-28 ) ) ;
#1708 = PLANE ( 'NONE',  #491 ) ;
#1709 = DIRECTION ( 'NONE',  ( -1.000000000000000000, -3.483609757455988133E-27, 1.451504065606661722E-28 ) ) ;
#1710 = DIRECTION ( 'NONE',  ( -0.3420201433256663259, -6.379273118494547562E-15, 0.9396926207859092051 ) ) ;
#1711 = EDGE_LOOP ( 'NONE', ( #944, #1015, #1317, #503 ) ) ;
#1712 = EDGE_CURVE ( 'NONE', #699, #1135, #659, .T. ) ;
#1713 = EDGE_LOOP ( 'NONE', ( #419, #101, #687, #1045 ) ) ;
#1714 = CLOSED_SHELL ( 'NONE', ( #1948, #518, #1933, #1980, #696, #1236, #1189, #407, #271, #616, #455, #1201, #323, #137, #261, #1262, #90, #1213, #1810, #591, #613, #1601 ) ) ;
#1715 = CARTESIAN_POINT ( 'NONE',  ( 2.000000000000008882, 0.6999999999999992895, 5.400000000000000355 ) ) ;
#1716 = VECTOR ( 'NONE', #761, 1000.000000000000000 ) ;
#1717 = CARTESIAN_POINT ( 'NONE',  ( 2.500000000000057732, -0.7699999999999997957, 5.421010862427522170E-15 ) ) ;
#1718 = CARTESIAN_POINT ( 'NONE',  ( 2.000000000000000000, 1.199999999999999734, 4.999999999999999112 ) ) ;
#1719 = PLANE ( 'NONE',  #853 ) ;
#1720 = VERTEX_POINT ( 'NONE', #1759 ) ;
#1721 = ORIENTED_EDGE ( 'NONE', *, *, #346, .F. ) ;
#1722 = MANIFOLD_SOLID_BREP ( 'Zkosení1', #1714 ) ;
#1723 = DIRECTION ( 'NONE',  ( 1.000000000000000000, -4.869818051877188667E-16, -1.647119940439971434E-15 ) ) ;
#1724 = SURFACE_STYLE_FILL_AREA ( #183 ) ;
#1725 = EDGE_CURVE ( 'NONE', #2, #1453, #259, .T. ) ;
#1726 = PLANE ( 'NONE',  #1066 ) ;
#1727 = FACE_OUTER_BOUND ( 'NONE', #553, .T. ) ;
#1728 = DIRECTION ( 'NONE',  ( -0.7071067811865466846, 0.7071067811865483499, 2.366582715663024206E-30 ) ) ;
#1729 = CARTESIAN_POINT ( 'NONE',  ( -2.500000000000011102, 1.200000000000006617, 6.400000000000030553 ) ) ;
#1730 = ORIENTED_EDGE ( 'NONE', *, *, #1126, .T. ) ;
#1731 = ORIENTED_EDGE ( 'NONE', *, *, #281, .F. ) ;
#1732 = VECTOR ( 'NONE', #752, 1000.000000000000000 ) ;
#1733 = CARTESIAN_POINT ( 'NONE',  ( 0.9525000000000158895, 0.3175000000000087752, 5.898025612106918558 ) ) ;
#1734 =( GEOMETRIC_REPRESENTATION_CONTEXT ( 3 ) GLOBAL_UNCERTAINTY_ASSIGNED_CONTEXT ( ( #135 ) ) GLOBAL_UNIT_ASSIGNED_CONTEXT ( ( #237, #1483, #393 ) ) REPRESENTATION_CONTEXT ( 'NONE', 'WORKASPACE' ) );
#1735 = SHAPE_REPRESENTATION ( 'Jumper CAB4_V\X2\00fd\X0\choz\X2\00ed\X0\', ( #95 ), #1734 ) ;
#1736 = DIRECTION ( 'NONE',  ( 1.000000000000000000, 3.483609757455988133E-27, 1.451504065606661722E-28 ) ) ;
#1737 =( GEOMETRIC_REPRESENTATION_CONTEXT ( 3 ) GLOBAL_UNCERTAINTY_ASSIGNED_CONTEXT ( ( #1646 ) ) GLOBAL_UNIT_ASSIGNED_CONTEXT ( ( #324, #1056, #1222 ) ) REPRESENTATION_CONTEXT ( 'NONE', 'WORKASPACE' ) );
#1738 = ADVANCED_FACE ( 'NONE', ( #1586 ), #1935, .T. ) ;
#1739 = CARTESIAN_POINT ( 'NONE',  ( -0.9524999999999950173, 0.3175000000000017808, 3.698025612106925042 ) ) ;
#1740 = DIRECTION ( 'NONE',  ( -1.000000000000000000, 6.013055617767422597E-17, 1.647119940439970053E-15 ) ) ;
#1741 = CARTESIAN_POINT ( 'NONE',  ( -0.1719119062935222930, 0.3175000000001804712, 2.599999999999926814 ) ) ;
#1742 = EDGE_CURVE ( 'NONE', #404, #52, #417, .T. ) ;
#1743 = FACE_OUTER_BOUND ( 'NONE', #1179, .T. ) ;
#1744 = EDGE_LOOP ( 'NONE', ( #1136, #1512, #534, #912 ) ) ;
#1745 = EDGE_LOOP ( 'NONE', ( #331, #1157, #678, #1823 ) ) ;
#1746 = LINE ( 'NONE', #1862, #617 ) ;
#1747 = FILL_AREA_STYLE ('',( #967 ) ) ;
#1748 = AXIS2_PLACEMENT_3D ( 'NONE', #1012, #858, #86 ) ;
#1749 = DIRECTION ( 'NONE',  ( -1.000000000000000000, 1.455008059796862603E-16, -1.647119940439970250E-15 ) ) ;
#1750 = DIRECTION ( 'NONE',  ( 1.647119940439970250E-15, 5.883893961082728476E-16, -1.000000000000000000 ) ) ;
#1751 = ADVANCED_FACE ( 'NONE', ( #96 ), #248, .F. ) ;
#1752 = CARTESIAN_POINT ( 'NONE',  ( 1.566666666666688856, -1.703333333333291177, 0.9333333333333424520 ) ) ;
#1753 = VECTOR ( 'NONE', #1409, 1000.000000000000000 ) ;
#1754 = CARTESIAN_POINT ( 'NONE',  ( -2.499999999999939604, 0.7700000000001264722, 2.800000000000001599 ) ) ;
#1755 = VERTEX_POINT ( 'NONE', #1028 ) ;
#1756 = EDGE_CURVE ( 'NONE', #1672, #1859, #1040, .T. ) ;
#1757 = VERTEX_POINT ( 'NONE', #1628 ) ;
#1758 = LINE ( 'NONE', #989, #707 ) ;
#1759 = CARTESIAN_POINT ( 'NONE',  ( 0.9525000000000019007, -0.3175000000000017808, 1.561251128379126385E-14 ) ) ;
#1760 = DIRECTION ( 'NONE',  ( 1.647119940439970053E-15, -5.883893961082732421E-16, 1.000000000000000000 ) ) ;
#1761 = CARTESIAN_POINT ( 'NONE',  ( -2.499999999999995115, 0.7000000000000304867, 5.000000000000000888 ) ) ;
#1762 = CARTESIAN_POINT ( 'NONE',  ( -1.587499999999991696, 0.3175000000000677280, 3.698025612106952131 ) ) ;
#1763 = ORIENTED_EDGE ( 'NONE', *, *, #226, .F. ) ;
#1764 = EDGE_CURVE ( 'NONE', #953, #264, #1021, .T. ) ;
#1765 = ORIENTED_EDGE ( 'NONE', *, *, #682, .F. ) ;
#1766 = LINE ( 'NONE', #384, #932 ) ;
#1767 = SURFACE_SIDE_STYLE ('',( #557 ) ) ;
#1768 = VECTOR ( 'NONE', #1876, 1000.000000000000000 ) ;
#1769 = PRESENTATION_LAYER_ASSIGNMENT (  '', '', ( #1671 ) ) ;
#1770 = CARTESIAN_POINT ( 'NONE',  ( 2.500000000000002220, -1.199999999999999734, 6.399999999999999467 ) ) ;
#1771 = DIRECTION ( 'NONE',  ( 1.455008059796840416E-16, -1.000000000000000000, 5.883893961082721574E-16 ) ) ;
#1772 = FACE_OUTER_BOUND ( 'NONE', #964, .T. ) ;
#1773 = ORIENTED_EDGE ( 'NONE', *, *, #1044, .F. ) ;
#1774 = ORIENTED_EDGE ( 'NONE', *, *, #1844, .T. ) ;
#1775 = EDGE_CURVE ( 'NONE', #888, #1076, #1170, .T. ) ;
#1776 = DIRECTION ( 'NONE',  ( -1.000000000000000000, 6.013055617767422597E-17, 1.647119940439970053E-15 ) ) ;
#1777 = DIRECTION ( 'NONE',  ( -1.000000000000000000, 0.0000000000000000000, 1.201028591059100760E-16 ) ) ;
#1778 = ORIENTED_EDGE ( 'NONE', *, *, #1894, .F. ) ;
#1779 = CARTESIAN_POINT ( 'NONE',  ( 0.3175000000000040012, 0.3175000000000763878, 2.199999999999922906 ) ) ;
#1780 = FACE_OUTER_BOUND ( 'NONE', #1494, .T. ) ;
#1781 = CARTESIAN_POINT ( 'NONE',  ( 0.1719119062935261788, 0.1719119062936983466, 2.600000000000000089 ) ) ;
#1782 = ORIENTED_EDGE ( 'NONE', *, *, #1664, .F. ) ;
#1783 = VECTOR ( 'NONE', #166, 1000.000000000000000 ) ;
#1784 = EDGE_LOOP ( 'NONE', ( #225, #1658, #1602, #1615 ) ) ;
#1785 = DIRECTION ( 'NONE',  ( 1.647119940439970250E-15, 5.883893961082728476E-16, -1.000000000000000000 ) ) ;
#1786 = ORIENTED_EDGE ( 'NONE', *, *, #1130, .T. ) ;
#1787 = DIRECTION ( 'NONE',  ( -0.7071067811865463515, 5.189387385427599666E-16, -0.7071067811865487940 ) ) ;
#1788 = DIRECTION ( 'NONE',  ( 1.000000000000000000, -1.455008059796843621E-16, -1.647119940439970053E-15 ) ) ;
#1789 = ORIENTED_EDGE ( 'NONE', *, *, #26, .T. ) ;
#1790 = EDGE_LOOP ( 'NONE', ( #1981, #1217, #458, #739 ) ) ;
#1791 = CARTESIAN_POINT ( 'NONE',  ( -1.587499999999968603, 0.3175000000001492739, 2.800000000000036238 ) ) ;
#1792 = SHAPE_REPRESENTATION_RELATIONSHIP ( 'NONE' , 'NONE' ,  #721, #1267 ) ;
#1793 = AXIS2_PLACEMENT_3D ( 'NONE', #138, #1949, #579 ) ;
#1794 =( NAMED_UNIT ( * ) SI_UNIT ( $, .STERADIAN. ) SOLID_ANGLE_UNIT ( ) );
#1795 = VECTOR ( 'NONE', #1817, 1000.000000000000000 ) ;
#1796 = EDGE_CURVE ( 'NONE', #333, #1983, #712, .T. ) ;
#1797 = PRODUCT ( 'Kosticka SL2_V\X2\00fd\X0\choz\X2\00ed\X0\', 'Kosticka SL2_V\X2\00fd\X0\choz\X2\00ed\X0\', '', ( #625 ) ) ;
#1798 = CARTESIAN_POINT ( 'NONE',  ( 0.1719119062935170750, 0.3175000000001804712, 2.600000000000000089 ) ) ;
#1799 = VERTEX_POINT ( 'NONE', #1928 ) ;
#1800 = VECTOR ( 'NONE', #1038, 1000.000000000000000 ) ;
#1801 = VERTEX_POINT ( 'NONE', #1779 ) ;
#1802 = DIRECTION ( 'NONE',  ( 0.3236155771181741803, -0.3236155771181834506, 0.8891264907159925901 ) ) ;
#1803 = EDGE_LOOP ( 'NONE', ( #1695, #822, #1821, #797 ) ) ;
#1804 = CARTESIAN_POINT ( 'NONE',  ( -2.499999999999939604, -1.269999999999915197, 0.5000000000000000000 ) ) ;
#1805 = DIRECTION ( 'NONE',  ( 1.000000000000000000, -1.455008059796843621E-16, -1.647119940439970053E-15 ) ) ;
#1806 = EDGE_CURVE ( 'NONE', #584, #1720, #586, .T. ) ;
#1807 = DIRECTION ( 'NONE',  ( 6.379273118494547562E-15, 0.3420201433256663259, -0.9396926207859092051 ) ) ;
#1808 = CARTESIAN_POINT ( 'NONE',  ( 2.000000000000008882, 0.6999999999999992895, 5.400000000000000355 ) ) ;
#1809 = AXIS2_PLACEMENT_3D ( 'NONE', #134, #1760, #893 ) ;
#1810 = ADVANCED_FACE ( 'NONE', ( #1341 ), #577, .T. ) ;
#1811 = ORIENTED_EDGE ( 'NONE', *, *, #420, .T. ) ;
#1812 = FILL_AREA_STYLE_COLOUR ( '', #123 ) ;
#1813 = APPLICATION_PROTOCOL_DEFINITION ( 'draft international standard', 'automotive_design', 1998, #782 ) ;
#1814 = ORIENTED_EDGE ( 'NONE', *, *, #1044, .T. ) ;
#1815 = PLANE ( 'NONE',  #1748 ) ;
#1816 = PRODUCT_DEFINITION_SHAPE ( 'NONE', 'NONE',  #1987 ) ;
#1817 = DIRECTION ( 'NONE',  ( -1.451504065606661722E-28, -1.182982342069548729E-30, -1.000000000000000000 ) ) ;
#1818 = CARTESIAN_POINT ( 'NONE',  ( -0.1719119062936411146, -0.1719119062932022435, -8.600000000000092015 ) ) ;
#1819 = VERTEX_POINT ( 'NONE', #274 ) ;
#1820 = CARTESIAN_POINT ( 'NONE',  ( 2.166666666666691832, 1.103333333333513355, 2.466666666666700092 ) ) ;
#1821 = ORIENTED_EDGE ( 'NONE', *, *, #320, .T. ) ;
#1822 = EDGE_CURVE ( 'NONE', #958, #1152, #874, .T. ) ;
#1823 = ORIENTED_EDGE ( 'NONE', *, *, #742, .F. ) ;
#1824 = CARTESIAN_POINT ( 'NONE',  ( -2.499999999999960476, -1.269999999999873674, 2.800000000000001599 ) ) ;
#1825 = AXIS2_PLACEMENT_3D ( 'NONE', #704, #361, #80 ) ;
#1826 = DIRECTION ( 'NONE',  ( -1.000000000000000000, -1.959801932283499454E-16, 1.647119940439970250E-15 ) ) ;
#1827 = PLANE ( 'NONE',  #751 ) ;
#1828 = CARTESIAN_POINT ( 'NONE',  ( -2.499999999999921396, 1.269999999999995133, 6.071532165918824830E-15 ) ) ;
#1829 = VECTOR ( 'NONE', #1485, 1000.000000000000000 ) ;
#1830 = PRODUCT_DEFINITION_SHAPE ( 'NONE', 'NONE',  #1663 ) ;
#1831 = ORIENTED_EDGE ( 'NONE', *, *, #297, .T. ) ;
#1832 = APPLICATION_PROTOCOL_DEFINITION ( 'draft international standard', 'automotive_design', 1998, #1681 ) ;
#1833 = ORIENTED_EDGE ( 'NONE', *, *, #1088, .T. ) ;
#1834 = EDGE_CURVE ( 'NONE', #1384, #1375, #436, .T. ) ;
#1835 = CARTESIAN_POINT ( 'NONE',  ( -2.500000000000017764, -1.199999999999968425, 4.499999999999997335 ) ) ;
#1836 = EDGE_CURVE ( 'NONE', #454, #312, #1947, .T. ) ;
#1837 = CARTESIAN_POINT ( 'NONE',  ( -1.587499999999998579, -0.3175000000000087752, 0.0000000000000000000 ) ) ;
#1838 = ORIENTED_EDGE ( 'NONE', *, *, #544, .F. ) ;
#1839 = FACE_OUTER_BOUND ( 'NONE', #378, .T. ) ;
#1840 = ORIENTED_EDGE ( 'NONE', *, *, #1604, .F. ) ;
#1841 = ORIENTED_EDGE ( 'NONE', *, *, #1382, .T. ) ;
#1842 = CARTESIAN_POINT ( 'NONE',  ( -0.1719119062935222930, 0.3175000000001804712, 2.599999999999926814 ) ) ;
#1843 = EDGE_CURVE ( 'NONE', #1472, #953, #125, .T. ) ;
#1844 = EDGE_CURVE ( 'NONE', #1498, #1082, #760, .T. ) ;
#1845 = DIRECTION ( 'NONE',  ( 0.5773502691896266192, -0.5773502691896256200, -0.5773502691896250649 ) ) ;
#1846 = PLANE ( 'NONE',  #1268 ) ;
#1847 = CARTESIAN_POINT ( 'NONE',  ( 0.3174999999999536526, 0.3175000000000763878, -8.200000000000082778 ) ) ;
#1848 = SURFACE_SIDE_STYLE ('',( #963 ) ) ;
#1849 = ORIENTED_EDGE ( 'NONE', *, *, #160, .T. ) ;
#1850 = ITEM_DEFINED_TRANSFORMATION ( 'NONE', 'NONE', #1069,  #95 ) ;
#1851 = ORIENTED_EDGE ( 'NONE', *, *, #1956, .F. ) ;
#1852 = DIRECTION ( 'NONE',  ( 3.483609757455988133E-27, 1.000000000000000000, 1.182982342088897858E-30 ) ) ;
#1853 = CARTESIAN_POINT ( 'NONE',  ( 0.9525000000000227729, 0.3175000000001284572, 2.799999999999998934 ) ) ;
#1854 = DIRECTION ( 'NONE',  ( 1.647119940439970250E-15, 5.883893961082728476E-16, -1.000000000000000000 ) ) ;
#1855 = EDGE_CURVE ( 'NONE', #1253, #1624, #24, .T. ) ;
#1856 = PLANE ( 'NONE',  #1368 ) ;
#1857 = VECTOR ( 'NONE', #236, 1000.000000000000000 ) ;
#1858 = FACE_OUTER_BOUND ( 'NONE', #1214, .T. ) ;
#1859 = VERTEX_POINT ( 'NONE', #1835 ) ;
#1860 = VECTOR ( 'NONE', #732, 1000.000000000000000 ) ;
#1861 = ORIENTED_EDGE ( 'NONE', *, *, #1896, .F. ) ;
#1862 = CARTESIAN_POINT ( 'NONE',  ( 0.9525000000000019007, 0.3175000000000017808, 4.999999999999999112 ) ) ;
#1864 = CARTESIAN_POINT ( 'NONE',  ( -0.9524999999999811395, 0.3175000000000017808, 5.898025612106918558 ) ) ;
#1863 = PRODUCT_DEFINITION_CONTEXT ( 'detailed design', #461, 'design' ) ;
#1865 = CARTESIAN_POINT ( 'NONE',  ( -2.500000000000002220, -1.199999999999999734, 6.399999999999999467 ) ) ;
#1866 = PLANE ( 'NONE',  #268 ) ;
#1867 = CARTESIAN_POINT ( 'NONE',  ( 0.3174999999998803779, -0.3174999999999237321, -8.199999999999988631 ) ) ;
#1868 = VECTOR ( 'NONE', #1296, 1000.000000000000000 ) ;
#1869 = ADVANCED_FACE ( 'NONE', ( #1686 ), #935, .F. ) ;
#1870 = EDGE_LOOP ( 'NONE', ( #1583, #1039, #568, #181 ) ) ;
#1871 = EDGE_CURVE ( 'NONE', #598, #303, #636, .T. ) ;
#1872 = EDGE_CURVE ( 'NONE', #977, #958, #594, .T. ) ;
#1873 = ORIENTED_EDGE ( 'NONE', *, *, #1297, .T. ) ;
#1874 = CARTESIAN_POINT ( 'NONE',  ( -2.500000000000002220, -1.199999999999999734, 6.399999999999999467 ) ) ;
#1875 = VECTOR ( 'NONE', #376, 1000.000000000000000 ) ;
#1876 = DIRECTION ( 'NONE',  ( -1.451504065606661722E-28, -1.182982342069548729E-30, -1.000000000000000000 ) ) ;
#1877 = LINE ( 'NONE', #499, #1334 ) ;
#1878 = CARTESIAN_POINT ( 'NONE',  ( -2.499999999999981348, -0.7699999999998732303, 2.799999999999994049 ) ) ;
#1879 = LINE ( 'NONE', #69, #1350 ) ;
#1880 = VERTEX_POINT ( 'NONE', #305 ) ;
#1881 = ORIENTED_EDGE ( 'NONE', *, *, #1871, .T. ) ;
#1882 = EDGE_CURVE ( 'NONE', #1693, #1662, #1665, .T. ) ;
#1883 = CARTESIAN_POINT ( 'NONE',  ( -0.3174999999999952860, 0.1719119062937851106, 2.600000000000000089 ) ) ;
#1884 =( LENGTH_UNIT ( ) NAMED_UNIT ( * ) SI_UNIT ( .MILLI., .METRE. ) );
#1885 = CARTESIAN_POINT ( 'NONE',  ( -1.587499999999998579, -0.3175000000000087752, 0.0000000000000000000 ) ) ;
#1886 = LINE ( 'NONE', #317, #1204 ) ;
#1887 = LINE ( 'NONE', #509, #11 ) ;
#1888 = DIRECTION ( 'NONE',  ( 1.000000000000000000, -8.537024979852650169E-17, 1.451504065606661722E-28 ) ) ;
#1889 = EDGE_LOOP ( 'NONE', ( #1849, #611, #149, #99 ) ) ;
#1890 = VECTOR ( 'NONE', #1802, 1000.000000000000114 ) ;
#1891 = VERTEX_POINT ( 'NONE', #1215 ) ;
#1892 = AXIS2_PLACEMENT_3D ( 'NONE', #723, #85, #1787 ) ;
#1893 = DIRECTION ( 'NONE',  ( -1.000000000000000000, -3.414809992115177447E-16, -1.451504065606661722E-28 ) ) ;
#1894 = EDGE_CURVE ( 'NONE', #1891, #404, #1097, .T. ) ;
#1895 = CARTESIAN_POINT ( 'NONE',  ( -0.9524999999999950173, -0.3174999999999983391, 5.898025612106918558 ) ) ;
#1896 = EDGE_CURVE ( 'NONE', #537, #1295, #925, .T. ) ;
#1897 = DIRECTION ( 'NONE',  ( 1.647119940439970250E-15, 5.883893961082728476E-16, -1.000000000000000000 ) ) ;
#1898 = FACE_OUTER_BOUND ( 'NONE', #1502, .T. ) ;
#1899 = CARTESIAN_POINT ( 'NONE',  ( 2.499999999999986677, 1.200000000000006617, 6.399999999999999467 ) ) ;
#1900 = DIRECTION ( 'NONE',  ( -3.483609757455988133E-27, -1.000000000000000000, 1.182982342069548729E-30 ) ) ;
#1901 = ORIENTED_EDGE ( 'NONE', *, *, #1226, .F. ) ;
#1902 = ORIENTED_EDGE ( 'NONE', *, *, #705, .F. ) ;
#1903 = CARTESIAN_POINT ( 'NONE',  ( 0.9525000000000019007, -0.3175000000000017808, 1.561251128379126385E-14 ) ) ;
#1904 =( NAMED_UNIT ( * ) PLANE_ANGLE_UNIT ( ) SI_UNIT ( $, .RADIAN. ) );
#1905 = AXIS2_PLACEMENT_3D ( 'NONE', #1899, #807, #940 ) ;
#1906 = DIRECTION ( 'NONE',  ( 1.647119940439970250E-15, 5.883893961082728476E-16, -1.000000000000000000 ) ) ;
#1907 = DIRECTION ( 'NONE',  ( -8.537024980549372120E-17, 1.000000000000000000, 8.860834751654393394E-31 ) ) ;
#1908 = CARTESIAN_POINT ( 'NONE',  ( 2.500000000000002220, 0.7699999999999997957, -4.119968255444916849E-15 ) ) ;
#1909 = EDGE_CURVE ( 'NONE', #819, #191, #1395, .T. ) ;
#1910 = DIRECTION ( 'NONE',  ( -0.3420201433256661039, -6.379273118494548351E-15, 0.9396926207859094271 ) ) ;
#1911 = ORIENTED_EDGE ( 'NONE', *, *, #1362, .F. ) ;
#1912 = ORIENTED_EDGE ( 'NONE', *, *, #492, .F. ) ;
#1913 = CARTESIAN_POINT ( 'NONE',  ( 0.3174999999998803779, -0.3174999999999237321, -8.199999999999988631 ) ) ;
#1914 =( LENGTH_UNIT ( ) NAMED_UNIT ( * ) SI_UNIT ( .MILLI., .METRE. ) );
#1915 = ORIENTED_EDGE ( 'NONE', *, *, #75, .T. ) ;
#1916 = LINE ( 'NONE', #519, #1129 ) ;
#1917 = CARTESIAN_POINT ( 'NONE',  ( -0.1206572451484463904, -0.1206572451482156721, 2.740821024137901407 ) ) ;
#1918 = CARTESIAN_POINT ( 'NONE',  ( -0.2509983284865007214, 0.2509983284866654785, -8.382711840839100148 ) ) ;
#1919 = DIRECTION ( 'NONE',  ( 1.647119940439970250E-15, 5.883893961082728476E-16, -1.000000000000000000 ) ) ;
#1920 = EDGE_CURVE ( 'NONE', #2, #977, #1706, .T. ) ;
#1921 = ORIENTED_EDGE ( 'NONE', *, *, #1442, .T. ) ;
#1922 = ORIENTED_EDGE ( 'NONE', *, *, #1764, .T. ) ;
#1923 = AXIS2_PLACEMENT_3D ( 'NONE', #1419, #1103, #1710 ) ;
#1924 = LINE ( 'NONE', #228, #637 ) ;
#1925 = VERTEX_POINT ( 'NONE', #750 ) ;
#1926 = AXIS2_PLACEMENT_3D ( 'NONE', #1458, #539, #186 ) ;
#1927 = VECTOR ( 'NONE', #1229, 1000.000000000000227 ) ;
#1928 = CARTESIAN_POINT ( 'NONE',  ( -1.999999999999980904, -0.6999999999999715339, 4.999999999999999112 ) ) ;
#1929 = DIRECTION ( 'NONE',  ( 0.7071067811865460184, -0.7071067811865490160, 0.0000000000000000000 ) ) ;
#1930 = FACE_OUTER_BOUND ( 'NONE', #1538, .T. ) ;
#1931 = ORIENTED_EDGE ( 'NONE', *, *, #66, .F. ) ;
#1932 = ORIENTED_EDGE ( 'NONE', *, *, #1678, .F. ) ;
#1933 = ADVANCED_FACE ( 'NONE', ( #791 ), #1985, .F. ) ;
#1934 = DIRECTION ( 'NONE',  ( -1.455008059796840416E-16, 1.000000000000000000, -5.883893961082721574E-16 ) ) ;
#1935 = PLANE ( 'NONE',  #224 ) ;
#1936 = VECTOR ( 'NONE', #1240, 1000.000000000000000 ) ;
#1937 = CARTESIAN_POINT ( 'NONE',  ( 0.5000000000000073275, -0.8000000000000055955, 6.500000000000002665 ) ) ;
#1938 = ORIENTED_EDGE ( 'NONE', *, *, #668, .T. ) ;
#1939 = VECTOR ( 'NONE', #289, 1000.000000000000000 ) ;
#1940 = PRODUCT_DEFINITION_SHAPE ( 'NONE', 'NONE',  #1373 ) ;
#1941 = ORIENTED_EDGE ( 'NONE', *, *, #1591, .T. ) ;
#1942 = CARTESIAN_POINT ( 'NONE',  ( -2.500000000000002220, -1.199999999999996181, 5.899999999999998579 ) ) ;
#1943 = DIRECTION ( 'NONE',  ( 0.0000000000000000000, 0.0000000000000000000, 1.000000000000000000 ) ) ;
#1944 = ORIENTED_EDGE ( 'NONE', *, *, #75, .F. ) ;
#1945 = EDGE_CURVE ( 'NONE', #1819, #1880, #446, .T. ) ;
#1947 = LINE ( 'NONE', #895, #1476 ) ;
#1946 = PRODUCT_DEFINITION_CONTEXT ( 'detailed design', #756, 'design' ) ;
#1948 = ADVANCED_FACE ( 'NONE', ( #1676, #294, #1244 ), #326, .F. ) ;
#1949 = DIRECTION ( 'NONE',  ( 1.000000000000000000, -1.455008059796862603E-16, 1.647119940439970250E-15 ) ) ;
#1950 = ORIENTED_EDGE ( 'NONE', *, *, #1393, .T. ) ;
#1951 = SHAPE_REPRESENTATION ( 'User Library-Jumper SL2', ( #975, #1098, #319, #479, #1069 ), #1737 ) ;
#1952 = ORIENTED_EDGE ( 'NONE', *, *, #1604, .T. ) ;
#1953 = CARTESIAN_POINT ( 'NONE',  ( 2.000000000000001776, -0.6999999999999992895, 5.400000000000002132 ) ) ;
#1954 = ORIENTED_EDGE ( 'NONE', *, *, #1701, .F. ) ;
#1955 = VECTOR ( 'NONE', #1500, 1000.000000000000000 ) ;
#1956 = EDGE_CURVE ( 'NONE', #819, #1643, #1525, .T. ) ;
#1957 = DIRECTION ( 'NONE',  ( -1.000000000000000000, 4.869818051877188667E-16, 1.647119940439971434E-15 ) ) ;
#1958 = STYLED_ITEM ( 'NONE', ( #529 ), #1722 ) ;
#1959 = EDGE_CURVE ( 'NONE', #22, #711, #1405, .T. ) ;
#1960 = MECHANICAL_DESIGN_GEOMETRIC_PRESENTATION_REPRESENTATION (  '', ( #1542 ), #258 ) ;
#1961 = ADVANCED_FACE ( 'NONE', ( #1386 ), #5, .F. ) ;
#1962 = LINE ( 'NONE', #908, #192 ) ;
#1963 = PLANE ( 'NONE',  #1174 ) ;
#1964 = DIRECTION ( 'NONE',  ( 1.455008059796840416E-16, -1.000000000000000000, 5.883893961082721574E-16 ) ) ;
#1965 = ORIENTED_EDGE ( 'NONE', *, *, #296, .T. ) ;
#1966 = EDGE_LOOP ( 'NONE', ( #1922, #1114, #873, #664 ) ) ;
#1967 = DIRECTION ( 'NONE',  ( -0.7071067811865490160, -0.7071067811865460184, -2.899063826687218385E-28 ) ) ;
#1968 = DIRECTION ( 'NONE',  ( 1.000000000000000000, -8.537024979852650169E-17, 1.451504065606661722E-28 ) ) ;
#1969 = DIRECTION ( 'NONE',  ( 1.647119940439970053E-15, -5.883893961082732421E-16, 1.000000000000000000 ) ) ;
#1970 = FACE_OUTER_BOUND ( 'NONE', #899, .T. ) ;
#1971 = ADVANCED_FACE ( 'NONE', ( #313 ), #505, .T. ) ;
#1972 = LINE ( 'NONE', #1535, #1939 ) ;
#1973 = CLOSED_SHELL ( 'NONE', ( #1020, #1406, #53, #1691, #1478, #203, #405, #175, #1581, #889, #12, #856, #336, #4, #730, #482, #1751, #214, #1336, #87, #443, #818, #877, #969, #641, #1245, #1274, #1515, #959, #1738, #744, #531 ) ) ;
#1974 = ORIENTED_EDGE ( 'NONE', *, *, #981, .F. ) ;
#1975 = ORIENTED_EDGE ( 'NONE', *, *, #1480, .F. ) ;
#1976 = DIRECTION ( 'NONE',  ( 3.483609757455988133E-27, 1.000000000000000000, 1.182982342088897858E-30 ) ) ;
#1977 = CARTESIAN_POINT ( 'NONE',  ( -0.3175000000000607892, 0.3175000000002672351, -8.199999999999830536 ) ) ;
#1978 = DIRECTION ( 'NONE',  ( -0.7071067811865487940, 5.189387385427465559E-16, -0.7071067811865462405 ) ) ;
#1979 = LINE ( 'NONE', #439, #882 ) ;
#1980 = ADVANCED_FACE ( 'NONE', ( #998 ), #1107, .F. ) ;
#1981 = ORIENTED_EDGE ( 'NONE', *, *, #1920, .T. ) ;
#1982 = DIRECTION ( 'NONE',  ( 1.000000000000000000, 0.0000000000000000000, 0.0000000000000000000 ) ) ;
#1983 = VERTEX_POINT ( 'NONE', #497 ) ;
#1984 = UNCERTAINTY_MEASURE_WITH_UNIT (LENGTH_MEASURE( 1.000000000000000082E-05 ), #1389, 'distance_accuracy_value', 'NONE');
#1985 = PLANE ( 'NONE',  #1447 ) ;
#1986 = VECTOR ( 'NONE', #567, 1000.000000000000000 ) ;
#1987 = NEXT_ASSEMBLY_USAGE_OCCURRENCE ( 'NAUO1', ' ', ' ', #1640, #1663, $ ) ;
#1988 = NEXT_ASSEMBLY_USAGE_OCCURRENCE ( 'NAUO2', ' ', ' ', #1640, #957, $ ) ;
#1989 = NEXT_ASSEMBLY_USAGE_OCCURRENCE ( 'NAUO3', ' ', ' ', #1640, #957, $ ) ;
#1990 = NEXT_ASSEMBLY_USAGE_OCCURRENCE ( 'NAUO4', ' ', ' ', #1640, #1373, $ ) ;
ENDSEC;
END-ISO-10303-21;
