ISO-10303-21;
HEADER;
FILE_DESCRIPTION((''),'2;1');
FILE_NAME('C-1742188-1','2014-01-23T',('workeradm'),('Tyco Electronics Ltd.'),
'PRO/ENGINEER BY PARAMETRIC TECHNOLOGY CORPORATION, 2013050',
'PRO/ENGINEER BY PARAMETRIC TECHNOLOGY CORPORATION, 2013050','');
FILE_SCHEMA(('AUTOMOTIVE_DESIGN { 1 0 10303 214 1 1 1 1 }'));
ENDSEC;
DATA;
#134=CARTESIAN_POINT('',(-2.621759430280E0,-4.0005E-1,-1.37033E1));
#135=DIRECTION('',(0.E0,-1.E0,0.E0));
#136=DIRECTION('',(-9.947598427481E-1,0.E0,-1.022392060603E-1));
#137=AXIS2_PLACEMENT_3D('',#134,#135,#136);
#139=DIRECTION('',(-1.022392060602E-1,0.E0,9.947598427481E-1));
#140=VECTOR('',#139,2.011501532266E0);
#141=CARTESIAN_POINT('',(-2.937595680352E0,-4.0005E-1,-1.373576094792E1));
#142=LINE('',#141,#140);
#143=DIRECTION('',(0.E0,0.E0,1.E0));
#144=VECTOR('',#143,1.524E0);
#145=CARTESIAN_POINT('',(-3.14325E0,-4.0005E-1,-1.17348E1));
#146=LINE('',#145,#144);
#147=DIRECTION('',(-1.E0,0.E0,0.E0));
#148=VECTOR('',#147,8.1915E-1);
#149=CARTESIAN_POINT('',(-3.14325E0,-4.0005E-1,-1.02108E1));
#150=LINE('',#149,#148);
#151=DIRECTION('',(0.E0,0.E0,1.E0));
#152=VECTOR('',#151,2.286E0);
#153=CARTESIAN_POINT('',(-3.9624E0,-4.0005E-1,-1.02108E1));
#154=LINE('',#153,#152);
#155=DIRECTION('',(1.E0,0.E0,0.E0));
#156=VECTOR('',#155,7.874E-1);
#157=CARTESIAN_POINT('',(-3.9624E0,-4.0005E-1,-7.9248E0));
#158=LINE('',#157,#156);
#159=DIRECTION('',(0.E0,0.E0,1.E0));
#160=VECTOR('',#159,7.0358E0);
#161=CARTESIAN_POINT('',(-3.175E0,-4.0005E-1,-7.9248E0));
#162=LINE('',#161,#160);
#163=DIRECTION('',(-1.E0,0.E0,0.E0));
#164=VECTOR('',#163,6.35E0);
#165=CARTESIAN_POINT('',(3.175E0,-4.0005E-1,-8.89E-1));
#166=LINE('',#165,#164);
#167=DIRECTION('',(0.E0,0.E0,-1.E0));
#168=VECTOR('',#167,7.0358E0);
#169=CARTESIAN_POINT('',(3.175E0,-4.0005E-1,-8.89E-1));
#170=LINE('',#169,#168);
#171=DIRECTION('',(1.E0,0.E0,0.E0));
#172=VECTOR('',#171,7.874E-1);
#173=CARTESIAN_POINT('',(3.175E0,-4.0005E-1,-7.9248E0));
#174=LINE('',#173,#172);
#175=DIRECTION('',(0.E0,0.E0,-1.E0));
#176=VECTOR('',#175,2.286E0);
#177=CARTESIAN_POINT('',(3.9624E0,-4.0005E-1,-7.9248E0));
#178=LINE('',#177,#176);
#179=DIRECTION('',(-1.E0,0.E0,0.E0));
#180=VECTOR('',#179,8.1915E-1);
#181=CARTESIAN_POINT('',(3.9624E0,-4.0005E-1,-1.02108E1));
#182=LINE('',#181,#180);
#183=DIRECTION('',(0.E0,0.E0,-1.E0));
#184=VECTOR('',#183,1.524E0);
#185=CARTESIAN_POINT('',(3.14325E0,-4.0005E-1,-1.02108E1));
#186=LINE('',#185,#184);
#187=DIRECTION('',(-1.022392060602E-1,0.E0,-9.947598427481E-1));
#188=VECTOR('',#187,2.011501532266E0);
#189=CARTESIAN_POINT('',(3.14325E0,-4.0005E-1,-1.17348E1));
#190=LINE('',#189,#188);
#191=CARTESIAN_POINT('',(2.621759430280E0,-4.0005E-1,-1.37033E1));
#192=DIRECTION('',(0.E0,-1.E0,0.E0));
#193=DIRECTION('',(0.E0,0.E0,-1.E0));
#194=AXIS2_PLACEMENT_3D('',#191,#192,#193);
#196=DIRECTION('',(-1.E0,0.E0,0.E0));
#197=VECTOR('',#196,1.635188605595E-1);
#198=CARTESIAN_POINT('',(2.621759430280E0,-4.0005E-1,-1.40208E1));
#199=LINE('',#198,#197);
#200=CARTESIAN_POINT('',(2.458240569720E0,-4.0005E-1,-1.37033E1));
#201=DIRECTION('',(0.E0,-1.E0,0.E0));
#202=DIRECTION('',(-9.947598427481E-1,0.E0,-1.022392060603E-1));
#203=AXIS2_PLACEMENT_3D('',#200,#201,#202);
#205=DIRECTION('',(-1.022392060602E-1,0.E0,9.947598427481E-1));
#206=VECTOR('',#205,2.011501532266E0);
#207=CARTESIAN_POINT('',(2.142404319648E0,-4.0005E-1,-1.373576094792E1));
#208=LINE('',#207,#206);
#209=DIRECTION('',(0.E0,0.E0,1.E0));
#210=VECTOR('',#209,2.517768775105E0);
#211=CARTESIAN_POINT('',(1.93675E0,-4.0005E-1,-1.17348E1));
#212=LINE('',#211,#210);
#213=DIRECTION('',(0.E0,0.E0,-1.E0));
#214=VECTOR('',#213,2.517768775105E0);
#215=CARTESIAN_POINT('',(-1.93675E0,-4.0005E-1,-9.217031224895E0));
#216=LINE('',#215,#214);
#217=DIRECTION('',(-1.022392060602E-1,0.E0,-9.947598427481E-1));
#218=VECTOR('',#217,2.011501532266E0);
#219=CARTESIAN_POINT('',(-1.93675E0,-4.0005E-1,-1.17348E1));
#220=LINE('',#219,#218);
#221=CARTESIAN_POINT('',(-2.458240569720E0,-4.0005E-1,-1.37033E1));
#222=DIRECTION('',(0.E0,-1.E0,0.E0));
#223=DIRECTION('',(0.E0,0.E0,-1.E0));
#224=AXIS2_PLACEMENT_3D('',#221,#222,#223);
#226=DIRECTION('',(-1.E0,0.E0,0.E0));
#227=VECTOR('',#226,1.635188605595E-1);
#228=CARTESIAN_POINT('',(-2.458240569720E0,-4.0005E-1,-1.40208E1));
#229=LINE('',#228,#227);
#230=DIRECTION('',(0.E0,-1.E0,0.E0));
#231=VECTOR('',#230,8.001E-1);
#232=CARTESIAN_POINT('',(-2.621759430280E0,4.0005E-1,-1.40208E1));
#233=LINE('',#232,#231);
#234=DIRECTION('',(0.E0,-1.E0,0.E0));
#235=VECTOR('',#234,8.001E-1);
#236=CARTESIAN_POINT('',(-2.458240569720E0,4.0005E-1,-1.40208E1));
#237=LINE('',#236,#235);
#238=DIRECTION('',(0.E0,-1.E0,0.E0));
#239=VECTOR('',#238,8.001E-1);
#240=CARTESIAN_POINT('',(-2.142404319648E0,4.0005E-1,-1.373576094792E1));
#241=LINE('',#240,#239);
#242=DIRECTION('',(0.E0,1.E0,0.E0));
#243=VECTOR('',#242,8.001E-1);
#244=CARTESIAN_POINT('',(-1.93675E0,-4.0005E-1,-1.17348E1));
#245=LINE('',#244,#243);
#246=DIRECTION('',(0.E0,1.E0,0.E0));
#247=VECTOR('',#246,8.001E-1);
#248=CARTESIAN_POINT('',(-1.93675E0,-4.0005E-1,-9.217031224895E0));
#249=LINE('',#248,#247);
#250=CARTESIAN_POINT('',(-1.660518775105E0,-4.0005E-1,-9.217031224895E0));
#251=DIRECTION('',(0.E0,1.E0,0.E0));
#252=DIRECTION('',(-1.E0,0.E0,0.E0));
#253=AXIS2_PLACEMENT_3D('',#250,#251,#252);
#255=CARTESIAN_POINT('',(-1.457514583557E0,-4.0005E-1,-9.0297E0));
#256=CARTESIAN_POINT('',(-1.455945872193E0,-4.0005E-1,-9.031399956761E0));
#257=CARTESIAN_POINT('',(-1.452857856852E0,-4.000670667369E-1,
-9.034832009605E0));
#258=CARTESIAN_POINT('',(-1.448374642371E0,-4.001467435106E-1,
-9.040072652875E0));
#259=CARTESIAN_POINT('',(-1.444043424355E0,-4.002831543310E-1,
-9.045398606209E0));
#260=CARTESIAN_POINT('',(-1.439862803406E0,-4.004789610122E-1,
-9.050808068933E0));
#261=CARTESIAN_POINT('',(-1.435836278943E0,-4.007364751799E-1,
-9.056292837615E0));
#262=CARTESIAN_POINT('',(-1.431962229049E0,-4.010581177611E-1,
-9.061851234526E0));
#263=CARTESIAN_POINT('',(-1.428241903656E0,-4.014460387037E-1,
-9.067477754028E0));
#264=CARTESIAN_POINT('',(-1.424675598918E0,-4.019022598623E-1,
-9.073167896486E0));
#265=CARTESIAN_POINT('',(-1.421262117705E0,-4.024289360025E-1,
-9.078919723200E0));
#266=CARTESIAN_POINT('',(-1.418003199382E0,-4.030276399886E-1,
-9.084726275632E0));
#267=CARTESIAN_POINT('',(-1.414897436066E0,-4.037002786714E-1,
-9.090585759534E0));
#268=CARTESIAN_POINT('',(-1.411943082967E0,-4.044489521233E-1,
-9.096497735978E0));
#269=CARTESIAN_POINT('',(-1.409140895151E0,-4.052751029559E-1,
-9.102456991578E0));
#270=CARTESIAN_POINT('',(-1.406490119197E0,-4.061804206864E-1,
-9.108461214326E0));
#271=CARTESIAN_POINT('',(-1.403989955405E0,-4.071666616663E-1,
-9.114508626456E0));
#272=CARTESIAN_POINT('',(-1.401640509796E0,-4.082351486626E-1,
-9.120595300418E0));
#273=CARTESIAN_POINT('',(-1.399440328339E0,-4.093879230461E-1,
-9.126721619977E0));
#274=CARTESIAN_POINT('',(-1.397389493396E0,-4.106263509977E-1,
-9.132884284630E0));
#275=CARTESIAN_POINT('',(-1.395487018961E0,-4.119524714829E-1,
-9.139083486278E0));
#276=CARTESIAN_POINT('',(-1.393733479787E0,-4.133673478775E-1,
-9.145314833831E0));
#277=CARTESIAN_POINT('',(-1.392128305202E0,-4.148727566647E-1,
-9.151577628044E0));
#278=CARTESIAN_POINT('',(-1.390670207451E0,-4.164717519686E-1,
-9.157875746395E0));
#279=CARTESIAN_POINT('',(-1.389360057226E0,-4.181656259626E-1,
-9.164205475735E0));
#280=CARTESIAN_POINT('',(-1.388198558439E0,-4.199553892234E-1,
-9.170562750703E0));
#281=CARTESIAN_POINT('',(-1.387185306248E0,-4.218441074631E-1,
-9.176950606385E0));
#282=CARTESIAN_POINT('',(-1.386609449071E0,-4.231696401836E-1,
-9.181225850719E0));
#283=CARTESIAN_POINT('',(-1.386346535873E0,-4.238491942795E-1,
-9.183367106889E0));
#285=CARTESIAN_POINT('',(-1.386346535873E0,3.909927361178E-1,
-9.183367106889E0));
#286=CARTESIAN_POINT('',(-1.386637049178E0,3.912726211942E-1,
-9.181001065888E0));
#287=CARTESIAN_POINT('',(-1.387279241017E0,3.918183105953E-1,
-9.176277189902E0));
#288=CARTESIAN_POINT('',(-1.388425464384E0,3.925946823391E-1,
-9.169219639734E0));
#289=CARTESIAN_POINT('',(-1.389753076175E0,3.933286272346E-1,
-9.162198308767E0));
#290=CARTESIAN_POINT('',(-1.391262181758E0,3.940209000676E-1,
-9.155212156635E0));
#291=CARTESIAN_POINT('',(-1.392950800131E0,3.946713138293E-1,
-9.148270162551E0));
#292=CARTESIAN_POINT('',(-1.394818899780E0,3.952806581520E-1,
-9.141372166668E0));
#293=CARTESIAN_POINT('',(-1.396865048251E0,3.958492016030E-1,
-9.134524092076E0));
#294=CARTESIAN_POINT('',(-1.399087809695E0,3.963774358492E-1,
-9.127730719541E0));
#295=CARTESIAN_POINT('',(-1.401487063839E0,3.968661793296E-1,
-9.120993149304E0));
#296=CARTESIAN_POINT('',(-1.404060070114E0,3.973158135055E-1,
-9.114319563467E0));
#297=CARTESIAN_POINT('',(-1.406807144364E0,3.977273737817E-1,
-9.107709758823E0));
#298=CARTESIAN_POINT('',(-1.409725575846E0,3.981014537919E-1,
-9.101171141280E0));
#299=CARTESIAN_POINT('',(-1.412814542294E0,3.984390416149E-1,
-9.094706132820E0));
#300=CARTESIAN_POINT('',(-1.416072600135E0,3.987410717004E-1,
-9.088318743113E0));
#301=CARTESIAN_POINT('',(-1.419497101203E0,3.990084714305E-1,
-9.082014903431E0));
#302=CARTESIAN_POINT('',(-1.423086624005E0,3.992423579351E-1,
-9.075797892647E0));
#303=CARTESIAN_POINT('',(-1.426839769831E0,3.994438882328E-1,
-9.069670989927E0));
#304=CARTESIAN_POINT('',(-1.430755298265E0,3.996142592763E-1,
-9.063637312914E0));
#305=CARTESIAN_POINT('',(-1.434829269371E0,3.997546222186E-1,
-9.057703850678E0));
#306=CARTESIAN_POINT('',(-1.439058996730E0,3.998662814525E-1,
-9.051875060238E0));
#307=CARTESIAN_POINT('',(-1.443443093526E0,3.999506082579E-1,
-9.046153586347E0));
#308=CARTESIAN_POINT('',(-1.447978040841E0,4.000089723139E-1,
-9.040544735847E0));
#309=CARTESIAN_POINT('',(-1.452661841968E0,4.000428140778E-1,
-9.035051646377E0));
#310=CARTESIAN_POINT('',(-1.455881175506E0,4.0005E-1,-9.031470066261E0));
#311=CARTESIAN_POINT('',(-1.457514583557E0,4.0005E-1,-9.0297E0));
#313=CARTESIAN_POINT('',(-1.660518775105E0,4.0005E-1,-9.217031224895E0));
#314=DIRECTION('',(0.E0,-1.E0,0.E0));
#315=DIRECTION('',(7.349067493215E-1,0.E0,6.781681722122E-1));
#316=AXIS2_PLACEMENT_3D('',#313,#314,#315);
#318=CARTESIAN_POINT('',(-1.386346535873E0,-4.238491942795E-1,
-9.183367106889E0));
#319=CARTESIAN_POINT('',(-1.384539904658E0,-4.285188101385E-1,
-9.198080937370E0));
#320=CARTESIAN_POINT('',(-1.381097157218E0,-4.388842456443E-1,
-9.226119865181E0));
#321=CARTESIAN_POINT('',(-1.376362895199E0,-4.570194035821E-1,
-9.264677335143E0));
#322=CARTESIAN_POINT('',(-1.372004170584E0,-4.774146437892E-1,
-9.300176298392E0));
#323=CARTESIAN_POINT('',(-1.366643521730E0,-5.073224367965E-1,
-9.343835279744E0));
#324=CARTESIAN_POINT('',(-1.360719001946E0,-5.493791019468E-1,
-9.392086621280E0));
#325=CARTESIAN_POINT('',(-1.354730005318E0,-6.065901233872E-1,
-9.440863084577E0));
#326=CARTESIAN_POINT('',(-1.349829062775E0,-6.703493387491E-1,
-9.480778058473E0));
#327=CARTESIAN_POINT('',(-1.346681715975E0,-7.291197569215E-1,
-9.506411141138E0));
#328=CARTESIAN_POINT('',(-1.344789335332E0,-7.799004947011E-1,
-9.521823344666E0));
#329=CARTESIAN_POINT('',(-1.343711534240E0,-8.200411903637E-1,
-9.530601330142E0));
#330=CARTESIAN_POINT('',(-1.343013912877E0,-8.624699070254E-1,
-9.536283000195E0));
#331=CARTESIAN_POINT('',(-1.342839927178E0,-8.925076052021E-1,-9.5377E0));
#332=CARTESIAN_POINT('',(-1.342839927178E0,-9.0805E-1,-9.5377E0));
#334=DIRECTION('',(1.E0,0.E0,0.E0));
#335=VECTOR('',#334,1.186329067674E0);
#336=CARTESIAN_POINT('',(-1.457514583557E0,-4.0005E-1,-9.0297E0));
#337=LINE('',#336,#335);
#338=CARTESIAN_POINT('',(-2.711855158829E-1,-4.0005E-1,-9.0297E0));
#339=CARTESIAN_POINT('',(-2.737747697035E-1,-4.0005E-1,-9.050787780105E0));
#340=CARTESIAN_POINT('',(-2.786388085325E-1,-4.026303766841E-1,
-9.090402197367E0));
#341=CARTESIAN_POINT('',(-2.852423046928E-1,-4.121837661496E-1,
-9.144183357732E0));
#342=CARTESIAN_POINT('',(-2.912897919768E-1,-4.262994914806E-1,
-9.193436189192E0));
#343=CARTESIAN_POINT('',(-2.968663189648E-1,-4.442796857821E-1,
-9.238853356847E0));
#344=CARTESIAN_POINT('',(-3.020264235828E-1,-4.656768376078E-1,
-9.280879036461E0));
#345=CARTESIAN_POINT('',(-3.083980953316E-1,-4.983786100326E-1,
-9.332772138508E0));
#346=CARTESIAN_POINT('',(-3.154693636958E-1,-5.465859817523E-1,
-9.390362997752E0));
#347=CARTESIAN_POINT('',(-3.214069958788E-1,-6.040954154138E-1,
-9.438721131212E0));
#348=CARTESIAN_POINT('',(-3.254404123275E-1,-6.559837628600E-1,
-9.471570672059E0));
#349=CARTESIAN_POINT('',(-3.280824077597E-1,-6.980432823943E-1,
-9.493087998120E0));
#350=CARTESIAN_POINT('',(-3.303053300225E-1,-7.435415106119E-1,
-9.511192247111E0));
#351=CARTESIAN_POINT('',(-3.320532295633E-1,-7.929375420730E-1,
-9.525427746492E0));
#352=CARTESIAN_POINT('',(-3.332386661789E-1,-8.469488681566E-1,
-9.535082352957E0));
#353=CARTESIAN_POINT('',(-3.335600728216E-1,-8.868038543472E-1,-9.5377E0));
#354=CARTESIAN_POINT('',(-3.335600728216E-1,-9.0805E-1,-9.5377E0));
#356=DIRECTION('',(-1.E0,0.E0,0.E0));
#357=VECTOR('',#356,1.009279854357E0);
#358=CARTESIAN_POINT('',(-3.335600728216E-1,-9.0805E-1,-9.5377E0));
#359=LINE('',#358,#357);
#360=DIRECTION('',(0.E0,1.E0,0.E0));
#361=VECTOR('',#360,8.148419303973E-1);
#362=CARTESIAN_POINT('',(-1.386346535873E0,-4.238491942795E-1,
-9.183367106889E0));
#363=LINE('',#362,#361);
#364=DIRECTION('',(0.E0,1.E0,0.E0));
#365=VECTOR('',#364,6.35E-1);
#366=CARTESIAN_POINT('',(-3.335600728216E-1,-1.54305E0,-9.5377E0));
#367=LINE('',#366,#365);
#368=DIRECTION('',(-1.E0,0.E0,0.E0));
#369=VECTOR('',#368,1.009279854357E0);
#370=CARTESIAN_POINT('',(-3.335600728216E-1,-1.54305E0,-9.5377E0));
#371=LINE('',#370,#369);
#372=DIRECTION('',(0.E0,1.E0,0.E0));
#373=VECTOR('',#372,6.35E-1);
#374=CARTESIAN_POINT('',(-1.342839927178E0,-1.54305E0,-9.5377E0));
#375=LINE('',#374,#373);
#376=DIRECTION('',(0.E0,1.E0,0.E0));
#377=VECTOR('',#376,7.890809921378E-1);
#378=CARTESIAN_POINT('',(-2.919888985779E-1,-4.0005E-1,-9.199129955542E0));
#379=LINE('',#378,#377);
#380=DIRECTION('',(1.218693434051E-1,0.E0,9.925461516413E-1));
#381=VECTOR('',#380,1.707023449354E-1);
#382=CARTESIAN_POINT('',(-2.919888985779E-1,-4.0005E-1,-9.199129955542E0));
#383=LINE('',#382,#381);
#384=CARTESIAN_POINT('',(0.E0,-4.0005E-1,-9.234981684242E0));
#385=DIRECTION('',(0.E0,1.E0,0.E0));
#386=DIRECTION('',(-9.925461516413E-1,0.E0,1.218693434051E-1));
#387=AXIS2_PLACEMENT_3D('',#384,#385,#386);
#389=CARTESIAN_POINT('',(2.107185171224E-1,-4.0005E-1,-9.0297E0));
#390=CARTESIAN_POINT('',(2.125134526597E-1,-4.0005E-1,-9.031542473946E0));
#391=CARTESIAN_POINT('',(2.160538086773E-1,-4.000422141416E-1,
-9.035273291406E0));
#392=CARTESIAN_POINT('',(2.212127766791E-1,-4.000054418953E-1,
-9.041003403809E0));
#393=CARTESIAN_POINT('',(2.262158718905E-1,-3.999418801388E-1,
-9.046862035010E0));
#394=CARTESIAN_POINT('',(2.310586675710E-1,-3.998499135286E-1,
-9.052843037412E0));
#395=CARTESIAN_POINT('',(2.357409362048E-1,-3.997278742134E-1,
-9.058945407604E0));
#396=CARTESIAN_POINT('',(2.402565945637E-1,-3.995742931513E-1,
-9.065160343018E0));
#397=CARTESIAN_POINT('',(2.446053681062E-1,-3.993876013268E-1,
-9.071486428429E0));
#398=CARTESIAN_POINT('',(2.487833589489E-1,-3.991664140615E-1,
-9.077917062959E0));
#399=CARTESIAN_POINT('',(2.527907166122E-1,-3.989091972557E-1,
-9.084451651178E0));
#400=CARTESIAN_POINT('',(2.566231691708E-1,-3.986147118081E-1,
-9.091082636674E0));
#401=CARTESIAN_POINT('',(2.602772661133E-1,-3.982818661724E-1,
-9.097802598683E0));
#402=CARTESIAN_POINT('',(2.637540568813E-1,-3.979091991094E-1,
-9.104612478244E0));
#403=CARTESIAN_POINT('',(2.670495316727E-1,-3.974958095439E-1,
-9.111503570359E0));
#404=CARTESIAN_POINT('',(2.701633739102E-1,-3.970405084171E-1,
-9.118474022927E0));
#405=CARTESIAN_POINT('',(2.730939542579E-1,-3.965422772386E-1,
-9.125519610735E0));
#406=CARTESIAN_POINT('',(2.758387233622E-1,-3.960004332317E-1,
-9.132633071084E0));
#407=CARTESIAN_POINT('',(2.783981345089E-1,-3.954137571836E-1,
-9.139814965039E0));
#408=CARTESIAN_POINT('',(2.807689555261E-1,-3.947819315599E-1,
-9.147055569707E0));
#409=CARTESIAN_POINT('',(2.829515394478E-1,-3.941038933135E-1,
-9.154355156770E0));
#410=CARTESIAN_POINT('',(2.849440566468E-1,-3.933791824281E-1,
-9.161707646589E0));
#411=CARTESIAN_POINT('',(2.867454770965E-1,-3.926072977919E-1,
-9.169108739753E0));
#412=CARTESIAN_POINT('',(2.883556581750E-1,-3.917872938629E-1,
-9.176558662431E0));
#413=CARTESIAN_POINT('',(2.897724554779E-1,-3.909192360372E-1,
-9.184048897174E0));
#414=CARTESIAN_POINT('',(2.909944083417E-1,-3.900033901186E-1,
-9.191571074469E0));
#415=CARTESIAN_POINT('',(2.916791786516E-1,-3.893604868790E-1,
-9.196607489167E0));
#416=CARTESIAN_POINT('',(2.919888985779E-1,-3.890309921378E-1,
-9.199129955542E0));
#418=CARTESIAN_POINT('',(0.E0,4.0005E-1,-9.234981684242E0));
#419=DIRECTION('',(0.E0,-1.E0,0.E0));
#420=DIRECTION('',(9.925461516413E-1,0.E0,1.218693434051E-1));
#421=AXIS2_PLACEMENT_3D('',#418,#419,#420);
#423=CARTESIAN_POINT('',(-2.107185171224E-1,4.0005E-1,-9.0297E0));
#424=CARTESIAN_POINT('',(-2.125134527580E-1,4.0005E-1,-9.031542474047E0));
#425=CARTESIAN_POINT('',(-2.160538090327E-1,4.000422141366E-1,
-9.035273291827E0));
#426=CARTESIAN_POINT('',(-2.212127751645E-1,4.000054419131E-1,
-9.041003402051E0));
#427=CARTESIAN_POINT('',(-2.262158737723E-1,3.999418801100E-1,
-9.046862037263E0));
#428=CARTESIAN_POINT('',(-2.310586669340E-1,3.998499135410E-1,
-9.052843036623E0));
#429=CARTESIAN_POINT('',(-2.357409378655E-1,3.997278741701E-1,
-9.058945409768E0));
#430=CARTESIAN_POINT('',(-2.402565965149E-1,3.995742930735E-1,
-9.065160345806E0));
#431=CARTESIAN_POINT('',(-2.446053685354E-1,3.993876013015E-1,
-9.071486429111E0));
#432=CARTESIAN_POINT('',(-2.487833590458E-1,3.991664140603E-1,
-9.077917063075E0));
#433=CARTESIAN_POINT('',(-2.527907201467E-1,3.989091970313E-1,
-9.084451656924E0));
#434=CARTESIAN_POINT('',(-2.566231777494E-1,3.986147111016E-1,
-9.091082651883E0));
#435=CARTESIAN_POINT('',(-2.602772739030E-1,3.982818653987E-1,
-9.097802613490E0));
#436=CARTESIAN_POINT('',(-2.637540649055E-1,3.979091981856E-1,
-9.104612494426E0));
#437=CARTESIAN_POINT('',(-2.670495397528E-1,3.974958084453E-1,
-9.111503587863E0));
#438=CARTESIAN_POINT('',(-2.701633808216E-1,3.970405073307E-1,
-9.118474038930E0));
#439=CARTESIAN_POINT('',(-2.730939619531E-1,3.965422758331E-1,
-9.125519629905E0));
#440=CARTESIAN_POINT('',(-2.758387300092E-1,3.960004318142E-1,
-9.132633089024E0));
#441=CARTESIAN_POINT('',(-2.783981411687E-1,3.954137555481E-1,
-9.139814984455E0));
#442=CARTESIAN_POINT('',(-2.807689620977E-1,3.947819296683E-1,
-9.147055590703E0));
#443=CARTESIAN_POINT('',(-2.829515452139E-1,3.941038913794E-1,
-9.154355176988E0));
#444=CARTESIAN_POINT('',(-2.849440621570E-1,3.933791802475E-1,
-9.161707668065E0));
#445=CARTESIAN_POINT('',(-2.867454805551E-1,3.926072961149E-1,
-9.169108755216E0));
#446=CARTESIAN_POINT('',(-2.883556590446E-1,3.917872933193E-1,
-9.176558667097E0));
#447=CARTESIAN_POINT('',(-2.897724553629E-1,3.909192360842E-1,
-9.184048896714E0));
#448=CARTESIAN_POINT('',(-2.909944078123E-1,3.900033905551E-1,
-9.191571070959E0));
#449=CARTESIAN_POINT('',(-2.916791784451E-1,3.893604870987E-1,
-9.196607487485E0));
#450=CARTESIAN_POINT('',(-2.919888985779E-1,3.890309921378E-1,
-9.199129955542E0));
#452=DIRECTION('',(1.E0,0.E0,0.E0));
#453=VECTOR('',#452,1.246796066434E0);
#454=CARTESIAN_POINT('',(2.107185171224E-1,-4.0005E-1,-9.0297E0));
#455=LINE('',#454,#453);
#456=CARTESIAN_POINT('',(1.386346535873E0,-3.909927361178E-1,
-9.183367106889E0));
#457=CARTESIAN_POINT('',(1.383404338636E0,-3.881581771393E-1,
-9.207329380440E0));
#458=CARTESIAN_POINT('',(1.377682077194E0,-3.813057381520E-1,
-9.253933459977E0));
#459=CARTESIAN_POINT('',(1.366804937234E0,-3.634598400170E-1,
-9.342520655954E0));
#460=CARTESIAN_POINT('',(1.354151761376E0,-3.342682039513E-1,
-9.445572503561E0));
#461=CARTESIAN_POINT('',(1.340216711276E0,-2.901242120985E-1,
-9.559064379067E0));
#462=CARTESIAN_POINT('',(1.327367677297E0,-2.380539777427E-1,
-9.663711363052E0));
#463=CARTESIAN_POINT('',(1.315494876861E0,-1.788587443749E-1,
-9.760407562877E0));
#464=CARTESIAN_POINT('',(1.304525554194E0,-1.130695169089E-1,
-9.849745526758E0));
#465=CARTESIAN_POINT('',(1.294413170556E0,-4.102595636030E-2,
-9.932104282317E0));
#466=CARTESIAN_POINT('',(1.285131958018E0,3.708387113092E-2,-1.000769369250E1));
#467=CARTESIAN_POINT('',(1.276674027623E0,1.212023883512E-1,-1.007657800770E1));
#468=CARTESIAN_POINT('',(1.269048554414E0,2.113965589598E-1,-1.013868250319E1));
#469=CARTESIAN_POINT('',(1.262282729168E0,3.078648336910E-1,-1.019378572786E1));
#470=CARTESIAN_POINT('',(1.256424825605E0,4.109595362276E-1,-1.024149452383E1));
#471=CARTESIAN_POINT('',(1.251549898111E0,5.212284478325E-1,-1.028119762214E1));
#472=CARTESIAN_POINT('',(1.247771080334E0,6.394972696123E-1,-1.031197362321E1));
#473=CARTESIAN_POINT('',(1.245675396289E0,7.457423109416E-1,-1.032904160008E1));
#474=CARTESIAN_POINT('',(1.244765738267E0,8.363354523420E-1,-1.033645017014E1));
#475=CARTESIAN_POINT('',(1.2446E0,8.837419395482E-1,-1.03378E1));
#476=CARTESIAN_POINT('',(1.2446E0,9.0805E-1,-1.03378E1));
#478=CARTESIAN_POINT('',(2.919888985779E-1,-3.890309921378E-1,
-9.199129955542E0));
#479=CARTESIAN_POINT('',(2.948909544480E-1,-3.859436475186E-1,
-9.222765303901E0));
#480=CARTESIAN_POINT('',(3.005368226123E-1,-3.786279685559E-1,
-9.268747210118E0));
#481=CARTESIAN_POINT('',(3.112730753940E-1,-3.599913863068E-1,
-9.356186972110E0));
#482=CARTESIAN_POINT('',(3.237675269452E-1,-3.300198627146E-1,
-9.457946113971E0));
#483=CARTESIAN_POINT('',(3.375306122390E-1,-2.851834682891E-1,
-9.570037448521E0));
#484=CARTESIAN_POINT('',(3.502212444579E-1,-2.326143243244E-1,
-9.673394353702E0));
#485=CARTESIAN_POINT('',(3.619461912067E-1,-1.730822613763E-1,
-9.768886381874E0));
#486=CARTESIAN_POINT('',(3.727763844117E-1,-1.070987226346E-1,
-9.857091227217E0));
#487=CARTESIAN_POINT('',(3.827572611634E-1,-3.499132489441E-2,
-9.938378945138E0));
#488=CARTESIAN_POINT('',(3.919139996117E-1,4.305838886446E-2,
-1.001295459521E1));
#489=CARTESIAN_POINT('',(4.002543024521E-1,1.269948796002E-1,
-1.008088091086E1));
#490=CARTESIAN_POINT('',(4.077691818894E-1,2.168829523578E-1,
-1.014208469236E1));
#491=CARTESIAN_POINT('',(4.144320399222E-1,3.129143877264E-1,
-1.019634931638E1));
#492=CARTESIAN_POINT('',(4.201957126944E-1,4.154292530677E-1,
-1.024329066413E1));
#493=CARTESIAN_POINT('',(4.249869885116E-1,5.249554294686E-1,
-1.028231247422E1));
#494=CARTESIAN_POINT('',(4.286957930571E-1,6.422865899975E-1,
-1.031251826327E1));
#495=CARTESIAN_POINT('',(4.307486945595E-1,7.475452223829E-1,
-1.032923780429E1));
#496=CARTESIAN_POINT('',(4.316382475704E-1,8.371798416513E-1,
-1.033648263218E1));
#497=CARTESIAN_POINT('',(4.318E-1,8.840378506348E-1,-1.03378E1));
#498=CARTESIAN_POINT('',(4.318E-1,9.0805E-1,-1.03378E1));
#500=CARTESIAN_POINT('',(1.386346535873E0,-3.909927361178E-1,
-9.183367106889E0));
#501=CARTESIAN_POINT('',(1.386637049048E0,-3.912726210694E-1,
-9.181001066943E0));
#502=CARTESIAN_POINT('',(1.387279240606E0,-3.918183102755E-1,
-9.176277192720E0));
#503=CARTESIAN_POINT('',(1.388425463834E0,-3.925946819949E-1,
-9.169219642923E0));
#504=CARTESIAN_POINT('',(1.389753075168E0,-3.933286267215E-1,
-9.162198313789E0));
#505=CARTESIAN_POINT('',(1.391262180446E0,-3.940208995017E-1,
-9.155212162456E0));
#506=CARTESIAN_POINT('',(1.392950797903E0,-3.946713130453E-1,
-9.148270171185E0));
#507=CARTESIAN_POINT('',(1.394818898503E0,-3.952806577812E-1,
-9.141372171056E0));
#508=CARTESIAN_POINT('',(1.396865046611E0,-3.958492011698E-1,
-9.134524097403E0));
#509=CARTESIAN_POINT('',(1.399087807689E0,-3.963774354249E-1,
-9.127730725288E0));
#510=CARTESIAN_POINT('',(1.401487063441E0,-3.968661792467E-1,
-9.120993150436E0));
#511=CARTESIAN_POINT('',(1.404060067436E0,-3.973158130775E-1,
-9.114319570113E0));
#512=CARTESIAN_POINT('',(1.406807144827E0,-3.977273738528E-1,
-9.107709757696E0));
#513=CARTESIAN_POINT('',(1.409725573983E0,-3.981014535627E-1,
-9.101171145379E0));
#514=CARTESIAN_POINT('',(1.412814542190E0,-3.984390416204E-1,
-9.094706132903E0));
#515=CARTESIAN_POINT('',(1.416072600752E0,-3.987410717399E-1,
-9.088318742049E0));
#516=CARTESIAN_POINT('',(1.419497099083E0,-3.990084712880E-1,
-9.082014907141E0));
#517=CARTESIAN_POINT('',(1.423086627350E0,-3.992423581429E-1,
-9.075797886942E0));
#518=CARTESIAN_POINT('',(1.426839771177E0,-3.994438882918E-1,
-9.069670987845E0));
#519=CARTESIAN_POINT('',(1.430755299350E0,-3.996142593084E-1,
-9.063637311384E0));
#520=CARTESIAN_POINT('',(1.434829263870E0,-3.997546220384E-1,
-9.057703858602E0));
#521=CARTESIAN_POINT('',(1.439058991266E0,-3.998662813406E-1,
-9.051875067440E0));
#522=CARTESIAN_POINT('',(1.443443092613E0,-3.999506082423E-1,
-9.046153587520E0));
#523=CARTESIAN_POINT('',(1.447978036377E0,-4.000089722707E-1,
-9.040544741207E0));
#524=CARTESIAN_POINT('',(1.452661843256E0,-4.000428140914E-1,
-9.035051644815E0));
#525=CARTESIAN_POINT('',(1.455881176134E0,-4.0005E-1,-9.031470065580E0));
#526=CARTESIAN_POINT('',(1.457514583557E0,-4.0005E-1,-9.0297E0));
#528=CARTESIAN_POINT('',(1.660518775105E0,-4.0005E-1,-9.217031224895E0));
#529=DIRECTION('',(0.E0,1.E0,0.E0));
#530=DIRECTION('',(-7.349067493215E-1,0.E0,6.781681722123E-1));
#531=AXIS2_PLACEMENT_3D('',#528,#529,#530);
#533=CARTESIAN_POINT('',(1.660518775105E0,4.0005E-1,-9.217031224895E0));
#534=DIRECTION('',(0.E0,-1.E0,0.E0));
#535=DIRECTION('',(1.E0,0.E0,0.E0));
#536=AXIS2_PLACEMENT_3D('',#533,#534,#535);
#538=CARTESIAN_POINT('',(1.457514583557E0,4.0005E-1,-9.0297E0));
#539=CARTESIAN_POINT('',(1.455945871044E0,4.0005E-1,-9.031399958006E0));
#540=CARTESIAN_POINT('',(1.452857853846E0,4.000670667745E-1,-9.034832013045E0));
#541=CARTESIAN_POINT('',(1.448374640809E0,4.001467435383E-1,-9.040072654704E0));
#542=CARTESIAN_POINT('',(1.444043419036E0,4.002831545397E-1,-9.045398612922E0));
#543=CARTESIAN_POINT('',(1.439862800731E0,4.004789611453E-1,-9.050808072430E0));
#544=CARTESIAN_POINT('',(1.435836270658E0,4.007364757812E-1,-9.056292849174E0));
#545=CARTESIAN_POINT('',(1.431962225771E0,4.010581180885E-1,-9.061851239433E0));
#546=CARTESIAN_POINT('',(1.428241898205E0,4.014460393011E-1,-9.067477762376E0));
#547=CARTESIAN_POINT('',(1.424675592716E0,4.019022607688E-1,-9.073167906766E0));
#548=CARTESIAN_POINT('',(1.421262115133E0,4.024289364019E-1,-9.078919727546E0));
#549=CARTESIAN_POINT('',(1.418003188925E0,4.030276420296E-1,-9.084726294650E0));
#550=CARTESIAN_POINT('',(1.414897428191E0,4.037002805498E-1,-9.090585774934E0));
#551=CARTESIAN_POINT('',(1.411943073734E0,4.044489545744E-1,-9.096497754797E0));
#552=CARTESIAN_POINT('',(1.409140882062E0,4.052751071112E-1,-9.102457020297E0));
#553=CARTESIAN_POINT('',(1.406490108476E0,4.061804245735E-1,-9.108461239273E0));
#554=CARTESIAN_POINT('',(1.403989939612E0,4.071666683162E-1,-9.114508665859E0));
#555=CARTESIAN_POINT('',(1.401640497615E0,4.082351546446E-1,-9.120595333223E0));
#556=CARTESIAN_POINT('',(1.399440316359E0,4.093879298160E-1,-9.126721654699E0));
#557=CARTESIAN_POINT('',(1.397389485439E0,4.106263562191E-1,-9.132884309680E0));
#558=CARTESIAN_POINT('',(1.395487011233E0,4.119524772596E-1,-9.139083512511E0));
#559=CARTESIAN_POINT('',(1.393733473040E0,4.133673537498E-1,-9.145314858950E0));
#560=CARTESIAN_POINT('',(1.392128299325E0,4.148727626923E-1,-9.151577652334E0));
#561=CARTESIAN_POINT('',(1.390670204266E0,4.164717558728E-1,-9.157875761228E0));
#562=CARTESIAN_POINT('',(1.389360055305E0,4.181656287468E-1,-9.164205485796E0));
#563=CARTESIAN_POINT('',(1.388198557885E0,4.199553902853E-1,-9.170562754272E0));
#564=CARTESIAN_POINT('',(1.387185306463E0,4.218441070685E-1,-9.176950605045E0));
#565=CARTESIAN_POINT('',(1.386609449183E0,4.231696398936E-1,-9.181225849805E0));
#566=CARTESIAN_POINT('',(1.386346535873E0,4.238491942795E-1,-9.183367106889E0));
#568=DIRECTION('',(0.E0,1.E0,0.E0));
#569=VECTOR('',#568,8.001E-1);
#570=CARTESIAN_POINT('',(1.93675E0,-4.0005E-1,-1.17348E1));
#571=LINE('',#570,#569);
#572=DIRECTION('',(0.E0,1.E0,0.E0));
#573=VECTOR('',#572,8.001E-1);
#574=CARTESIAN_POINT('',(1.93675E0,-4.0005E-1,-9.217031224895E0));
#575=LINE('',#574,#573);
#576=DIRECTION('',(0.E0,-1.E0,0.E0));
#577=VECTOR('',#576,8.001E-1);
#578=CARTESIAN_POINT('',(2.142404319648E0,4.0005E-1,-1.373576094792E1));
#579=LINE('',#578,#577);
#580=DIRECTION('',(0.E0,-1.E0,0.E0));
#581=VECTOR('',#580,8.001E-1);
#582=CARTESIAN_POINT('',(2.458240569720E0,4.0005E-1,-1.40208E1));
#583=LINE('',#582,#581);
#584=DIRECTION('',(0.E0,-1.E0,0.E0));
#585=VECTOR('',#584,8.001E-1);
#586=CARTESIAN_POINT('',(2.621759430280E0,4.0005E-1,-1.40208E1));
#587=LINE('',#586,#585);
#588=DIRECTION('',(0.E0,-1.E0,0.E0));
#589=VECTOR('',#588,8.001E-1);
#590=CARTESIAN_POINT('',(2.937595680352E0,4.0005E-1,-1.373576094792E1));
#591=LINE('',#590,#589);
#592=DIRECTION('',(0.E0,1.E0,0.E0));
#593=VECTOR('',#592,8.001E-1);
#594=CARTESIAN_POINT('',(3.14325E0,-4.0005E-1,-1.17348E1));
#595=LINE('',#594,#593);
#596=DIRECTION('',(0.E0,1.E0,0.E0));
#597=VECTOR('',#596,8.001E-1);
#598=CARTESIAN_POINT('',(3.14325E0,-4.0005E-1,-1.02108E1));
#599=LINE('',#598,#597);
#600=DIRECTION('',(0.E0,1.E0,0.E0));
#601=VECTOR('',#600,8.001E-1);
#602=CARTESIAN_POINT('',(3.9624E0,-4.0005E-1,-1.02108E1));
#603=LINE('',#602,#601);
#604=DIRECTION('',(0.E0,1.E0,0.E0));
#605=VECTOR('',#604,8.001E-1);
#606=CARTESIAN_POINT('',(3.9624E0,-4.0005E-1,-7.9248E0));
#607=LINE('',#606,#605);
#608=DIRECTION('',(0.E0,1.E0,0.E0));
#609=VECTOR('',#608,8.001E-1);
#610=CARTESIAN_POINT('',(3.175E0,-4.0005E-1,-7.9248E0));
#611=LINE('',#610,#609);
#612=DIRECTION('',(0.E0,-1.736481776669E-1,-9.848077530122E-1));
#613=VECTOR('',#612,5.158367188380E-2);
#614=CARTESIAN_POINT('',(3.175E0,-3.910925893800E-1,-8.382E-1));
#615=LINE('',#614,#613);
#616=DIRECTION('',(0.E0,-1.E0,0.E0));
#617=VECTOR('',#616,7.821851787600E-1);
#618=CARTESIAN_POINT('',(3.175E0,3.910925893800E-1,-8.382E-1));
#619=LINE('',#618,#617);
#620=DIRECTION('',(0.E0,-1.736481776669E-1,9.848077530122E-1));
#621=VECTOR('',#620,5.158367188380E-2);
#622=CARTESIAN_POINT('',(3.175E0,4.0005E-1,-8.89E-1));
#623=LINE('',#622,#621);
#624=DIRECTION('',(-7.016738431599E-1,-1.237240302065E-1,-7.016738431599E-1));
#625=VECTOR('',#624,1.194572105218E0);
#626=CARTESIAN_POINT('',(-2.3368E0,-2.432953141502E-1,0.E0));
#627=LINE('',#626,#625);
#628=DIRECTION('',(0.E0,1.736481776669E-1,9.848077530122E-1));
#629=VECTOR('',#628,5.158367188380E-2);
#630=CARTESIAN_POINT('',(-3.175E0,-4.0005E-1,-8.89E-1));
#631=LINE('',#630,#629);
#632=DIRECTION('',(0.E0,1.E0,0.E0));
#633=VECTOR('',#632,8.001E-1);
#634=CARTESIAN_POINT('',(-3.175E0,-4.0005E-1,-7.9248E0));
#635=LINE('',#634,#633);
#636=DIRECTION('',(0.E0,1.736481776669E-1,-9.848077530122E-1));
#637=VECTOR('',#636,5.158367188380E-2);
#638=CARTESIAN_POINT('',(-3.175E0,3.910925893800E-1,-8.382E-1));
#639=LINE('',#638,#637);
#640=DIRECTION('',(0.E0,-1.E0,0.E0));
#641=VECTOR('',#640,7.821851787600E-1);
#642=CARTESIAN_POINT('',(-3.175E0,3.910925893800E-1,-8.382E-1));
#643=LINE('',#642,#641);
#644=DIRECTION('',(0.E0,1.E0,0.E0));
#645=VECTOR('',#644,8.001E-1);
#646=CARTESIAN_POINT('',(-3.9624E0,-4.0005E-1,-7.9248E0));
#647=LINE('',#646,#645);
#648=DIRECTION('',(0.E0,1.E0,0.E0));
#649=VECTOR('',#648,8.001E-1);
#650=CARTESIAN_POINT('',(-3.9624E0,-4.0005E-1,-1.02108E1));
#651=LINE('',#650,#649);
#652=DIRECTION('',(0.E0,1.E0,0.E0));
#653=VECTOR('',#652,8.001E-1);
#654=CARTESIAN_POINT('',(-3.14325E0,-4.0005E-1,-1.02108E1));
#655=LINE('',#654,#653);
#656=DIRECTION('',(0.E0,1.E0,0.E0));
#657=VECTOR('',#656,8.001E-1);
#658=CARTESIAN_POINT('',(-3.14325E0,-4.0005E-1,-1.17348E1));
#659=LINE('',#658,#657);
#660=DIRECTION('',(0.E0,-1.E0,0.E0));
#661=VECTOR('',#660,8.001E-1);
#662=CARTESIAN_POINT('',(-2.937595680352E0,4.0005E-1,-1.373576094792E1));
#663=LINE('',#662,#661);
#664=CARTESIAN_POINT('',(-2.621759430280E0,4.0005E-1,-1.37033E1));
#665=DIRECTION('',(0.E0,1.E0,0.E0));
#666=DIRECTION('',(0.E0,0.E0,-1.E0));
#667=AXIS2_PLACEMENT_3D('',#664,#665,#666);
#669=DIRECTION('',(-1.E0,0.E0,0.E0));
#670=VECTOR('',#669,1.635188605595E-1);
#671=CARTESIAN_POINT('',(-2.458240569720E0,4.0005E-1,-1.40208E1));
#672=LINE('',#671,#670);
#673=CARTESIAN_POINT('',(-2.458240569720E0,4.0005E-1,-1.37033E1));
#674=DIRECTION('',(0.E0,1.E0,0.E0));
#675=DIRECTION('',(9.947598427481E-1,0.E0,-1.022392060603E-1));
#676=AXIS2_PLACEMENT_3D('',#673,#674,#675);
#678=DIRECTION('',(-1.022392060602E-1,0.E0,-9.947598427481E-1));
#679=VECTOR('',#678,2.011501532266E0);
#680=CARTESIAN_POINT('',(-1.93675E0,4.0005E-1,-1.17348E1));
#681=LINE('',#680,#679);
#682=DIRECTION('',(0.E0,0.E0,-1.E0));
#683=VECTOR('',#682,2.517768775105E0);
#684=CARTESIAN_POINT('',(-1.93675E0,4.0005E-1,-9.217031224895E0));
#685=LINE('',#684,#683);
#686=DIRECTION('',(0.E0,0.E0,1.E0));
#687=VECTOR('',#686,2.517768775105E0);
#688=CARTESIAN_POINT('',(1.93675E0,4.0005E-1,-1.17348E1));
#689=LINE('',#688,#687);
#690=DIRECTION('',(-1.022392060602E-1,0.E0,9.947598427481E-1));
#691=VECTOR('',#690,2.011501532266E0);
#692=CARTESIAN_POINT('',(2.142404319648E0,4.0005E-1,-1.373576094792E1));
#693=LINE('',#692,#691);
#694=CARTESIAN_POINT('',(2.458240569720E0,4.0005E-1,-1.37033E1));
#695=DIRECTION('',(0.E0,1.E0,0.E0));
#696=DIRECTION('',(0.E0,0.E0,-1.E0));
#697=AXIS2_PLACEMENT_3D('',#694,#695,#696);
#699=DIRECTION('',(-1.E0,0.E0,0.E0));
#700=VECTOR('',#699,1.635188605595E-1);
#701=CARTESIAN_POINT('',(2.621759430280E0,4.0005E-1,-1.40208E1));
#702=LINE('',#701,#700);
#703=CARTESIAN_POINT('',(2.621759430280E0,4.0005E-1,-1.37033E1));
#704=DIRECTION('',(0.E0,1.E0,0.E0));
#705=DIRECTION('',(9.947598427481E-1,0.E0,-1.022392060603E-1));
#706=AXIS2_PLACEMENT_3D('',#703,#704,#705);
#708=DIRECTION('',(-1.022392060602E-1,0.E0,-9.947598427481E-1));
#709=VECTOR('',#708,2.011501532266E0);
#710=CARTESIAN_POINT('',(3.14325E0,4.0005E-1,-1.17348E1));
#711=LINE('',#710,#709);
#712=DIRECTION('',(0.E0,0.E0,-1.E0));
#713=VECTOR('',#712,1.524E0);
#714=CARTESIAN_POINT('',(3.14325E0,4.0005E-1,-1.02108E1));
#715=LINE('',#714,#713);
#716=DIRECTION('',(-1.E0,0.E0,0.E0));
#717=VECTOR('',#716,8.1915E-1);
#718=CARTESIAN_POINT('',(3.9624E0,4.0005E-1,-1.02108E1));
#719=LINE('',#718,#717);
#720=DIRECTION('',(0.E0,0.E0,-1.E0));
#721=VECTOR('',#720,2.286E0);
#722=CARTESIAN_POINT('',(3.9624E0,4.0005E-1,-7.9248E0));
#723=LINE('',#722,#721);
#724=DIRECTION('',(1.E0,0.E0,0.E0));
#725=VECTOR('',#724,7.874E-1);
#726=CARTESIAN_POINT('',(3.175E0,4.0005E-1,-7.9248E0));
#727=LINE('',#726,#725);
#728=DIRECTION('',(0.E0,0.E0,-1.E0));
#729=VECTOR('',#728,7.0358E0);
#730=CARTESIAN_POINT('',(3.175E0,4.0005E-1,-8.89E-1));
#731=LINE('',#730,#729);
#732=DIRECTION('',(1.E0,0.E0,0.E0));
#733=VECTOR('',#732,6.35E0);
#734=CARTESIAN_POINT('',(-3.175E0,4.0005E-1,-8.89E-1));
#735=LINE('',#734,#733);
#736=DIRECTION('',(0.E0,0.E0,1.E0));
#737=VECTOR('',#736,7.0358E0);
#738=CARTESIAN_POINT('',(-3.175E0,4.0005E-1,-7.9248E0));
#739=LINE('',#738,#737);
#740=DIRECTION('',(1.E0,0.E0,0.E0));
#741=VECTOR('',#740,7.874E-1);
#742=CARTESIAN_POINT('',(-3.9624E0,4.0005E-1,-7.9248E0));
#743=LINE('',#742,#741);
#744=DIRECTION('',(0.E0,0.E0,1.E0));
#745=VECTOR('',#744,2.286E0);
#746=CARTESIAN_POINT('',(-3.9624E0,4.0005E-1,-1.02108E1));
#747=LINE('',#746,#745);
#748=DIRECTION('',(-1.E0,0.E0,0.E0));
#749=VECTOR('',#748,8.1915E-1);
#750=CARTESIAN_POINT('',(-3.14325E0,4.0005E-1,-1.02108E1));
#751=LINE('',#750,#749);
#752=DIRECTION('',(0.E0,0.E0,1.E0));
#753=VECTOR('',#752,1.524E0);
#754=CARTESIAN_POINT('',(-3.14325E0,4.0005E-1,-1.17348E1));
#755=LINE('',#754,#753);
#756=DIRECTION('',(-1.022392060602E-1,0.E0,9.947598427481E-1));
#757=VECTOR('',#756,2.011501532266E0);
#758=CARTESIAN_POINT('',(-2.937595680352E0,4.0005E-1,-1.373576094792E1));
#759=LINE('',#758,#757);
#760=CARTESIAN_POINT('',(-2.919888985779E-1,3.890309921378E-1,
-9.199129955542E0));
#761=CARTESIAN_POINT('',(-2.948909544480E-1,3.859436475186E-1,
-9.222765303901E0));
#762=CARTESIAN_POINT('',(-3.005368226123E-1,3.786279685559E-1,
-9.268747210118E0));
#763=CARTESIAN_POINT('',(-3.112730753940E-1,3.599913863068E-1,
-9.356186972110E0));
#764=CARTESIAN_POINT('',(-3.237675269452E-1,3.300198627146E-1,
-9.457946113971E0));
#765=CARTESIAN_POINT('',(-3.375306122390E-1,2.851834682891E-1,
-9.570037448521E0));
#766=CARTESIAN_POINT('',(-3.502212444579E-1,2.326143243245E-1,
-9.673394353702E0));
#767=CARTESIAN_POINT('',(-3.619461912067E-1,1.730822613764E-1,
-9.768886381873E0));
#768=CARTESIAN_POINT('',(-3.727763844117E-1,1.070987226346E-1,
-9.857091227217E0));
#769=CARTESIAN_POINT('',(-3.827572611634E-1,3.499132489445E-2,
-9.938378945138E0));
#770=CARTESIAN_POINT('',(-3.919139996117E-1,-4.305838886442E-2,
-1.001295459521E1));
#771=CARTESIAN_POINT('',(-4.002543024521E-1,-1.269948796001E-1,
-1.008088091086E1));
#772=CARTESIAN_POINT('',(-4.077691818893E-1,-2.168829523577E-1,
-1.014208469236E1));
#773=CARTESIAN_POINT('',(-4.144320399222E-1,-3.129143877264E-1,
-1.019634931638E1));
#774=CARTESIAN_POINT('',(-4.201957126944E-1,-4.154292530676E-1,
-1.024329066413E1));
#775=CARTESIAN_POINT('',(-4.249869885116E-1,-5.249554294685E-1,
-1.028231247422E1));
#776=CARTESIAN_POINT('',(-4.286957930571E-1,-6.422865899974E-1,
-1.031251826327E1));
#777=CARTESIAN_POINT('',(-4.307486945595E-1,-7.475452223828E-1,
-1.032923780429E1));
#778=CARTESIAN_POINT('',(-4.316382475704E-1,-8.371798416512E-1,
-1.033648263218E1));
#779=CARTESIAN_POINT('',(-4.318E-1,-8.840378506347E-1,-1.03378E1));
#780=CARTESIAN_POINT('',(-4.318E-1,-9.080499999999E-1,-1.03378E1));
#782=DIRECTION('',(-1.E0,0.E0,0.E0));
#783=VECTOR('',#782,1.246796066434E0);
#784=CARTESIAN_POINT('',(-2.107185171224E-1,4.0005E-1,-9.0297E0));
#785=LINE('',#784,#783);
#786=CARTESIAN_POINT('',(-1.386346535873E0,3.909927361178E-1,
-9.183367106889E0));
#787=CARTESIAN_POINT('',(-1.383404338636E0,3.881581771393E-1,
-9.207329380440E0));
#788=CARTESIAN_POINT('',(-1.377682077194E0,3.813057381520E-1,
-9.253933459977E0));
#789=CARTESIAN_POINT('',(-1.366804937234E0,3.634598400170E-1,
-9.342520655954E0));
#790=CARTESIAN_POINT('',(-1.354151761376E0,3.342682039513E-1,
-9.445572503561E0));
#791=CARTESIAN_POINT('',(-1.340216711276E0,2.901242120985E-1,
-9.559064379067E0));
#792=CARTESIAN_POINT('',(-1.327367677297E0,2.380539777427E-1,
-9.663711363052E0));
#793=CARTESIAN_POINT('',(-1.315494876861E0,1.788587443749E-1,
-9.760407562877E0));
#794=CARTESIAN_POINT('',(-1.304525554194E0,1.130695169089E-1,
-9.849745526758E0));
#795=CARTESIAN_POINT('',(-1.294413170556E0,4.102595636028E-2,
-9.932104282317E0));
#796=CARTESIAN_POINT('',(-1.285131958018E0,-3.708387113095E-2,
-1.000769369250E1));
#797=CARTESIAN_POINT('',(-1.276674027623E0,-1.212023883513E-1,
-1.007657800770E1));
#798=CARTESIAN_POINT('',(-1.269048554414E0,-2.113965589598E-1,
-1.013868250319E1));
#799=CARTESIAN_POINT('',(-1.262282729168E0,-3.078648336910E-1,
-1.019378572786E1));
#800=CARTESIAN_POINT('',(-1.256424825605E0,-4.109595362276E-1,
-1.024149452383E1));
#801=CARTESIAN_POINT('',(-1.251549898111E0,-5.212284478325E-1,
-1.028119762214E1));
#802=CARTESIAN_POINT('',(-1.247771080334E0,-6.394972696124E-1,
-1.031197362321E1));
#803=CARTESIAN_POINT('',(-1.245675396289E0,-7.457423109417E-1,
-1.032904160008E1));
#804=CARTESIAN_POINT('',(-1.244765738267E0,-8.363354523421E-1,
-1.033645017014E1));
#805=CARTESIAN_POINT('',(-1.2446E0,-8.837419395482E-1,-1.03378E1));
#806=CARTESIAN_POINT('',(-1.2446E0,-9.080500000001E-1,-1.03378E1));
#808=DIRECTION('',(0.E0,-1.E0,0.E0));
#809=VECTOR('',#808,6.35E-1);
#810=CARTESIAN_POINT('',(-4.318E-1,-9.0805E-1,-1.03378E1));
#811=LINE('',#810,#809);
#812=DIRECTION('',(-1.E0,-7.813085261880E-14,0.E0));
#813=VECTOR('',#812,8.128E-1);
#814=CARTESIAN_POINT('',(-4.318E-1,-9.0805E-1,-1.03378E1));
#815=LINE('',#814,#813);
#816=DIRECTION('',(0.E0,-1.E0,0.E0));
#817=VECTOR('',#816,6.35E-1);
#818=CARTESIAN_POINT('',(-1.2446E0,-9.0805E-1,-1.03378E1));
#819=LINE('',#818,#817);
#820=DIRECTION('',(-1.218693434051E-1,0.E0,-9.925461516413E-1));
#821=VECTOR('',#820,8.061086113496E-1);
#822=CARTESIAN_POINT('',(-3.335600728216E-1,-1.54305E0,-9.5377E0));
#823=LINE('',#822,#821);
#824=DIRECTION('',(-1.E0,0.E0,0.E0));
#825=VECTOR('',#824,8.128E-1);
#826=CARTESIAN_POINT('',(-4.318E-1,-1.54305E0,-1.03378E1));
#827=LINE('',#826,#825);
#828=DIRECTION('',(1.218693434051E-1,0.E0,-9.925461516413E-1));
#829=VECTOR('',#828,8.061086113496E-1);
#830=CARTESIAN_POINT('',(-1.342839927178E0,-1.54305E0,-9.5377E0));
#831=LINE('',#830,#829);
#832=DIRECTION('',(0.E0,1.E0,0.E0));
#833=VECTOR('',#832,7.890809921378E-1);
#834=CARTESIAN_POINT('',(2.919888985779E-1,-3.890309921378E-1,
-9.199129955542E0));
#835=LINE('',#834,#833);
#836=DIRECTION('',(-1.218693434051E-1,0.E0,9.925461516413E-1));
#837=VECTOR('',#836,1.707023449354E-1);
#838=CARTESIAN_POINT('',(2.919888985779E-1,4.0005E-1,-9.199129955542E0));
#839=LINE('',#838,#837);
#840=DIRECTION('',(0.E0,1.E0,0.E0));
#841=VECTOR('',#840,6.35E-1);
#842=CARTESIAN_POINT('',(4.318E-1,9.0805E-1,-1.03378E1));
#843=LINE('',#842,#841);
#844=DIRECTION('',(1.E0,0.E0,0.E0));
#845=VECTOR('',#844,8.128E-1);
#846=CARTESIAN_POINT('',(4.318E-1,9.0805E-1,-1.03378E1));
#847=LINE('',#846,#845);
#848=DIRECTION('',(0.E0,1.E0,0.E0));
#849=VECTOR('',#848,6.35E-1);
#850=CARTESIAN_POINT('',(1.2446E0,9.0805E-1,-1.03378E1));
#851=LINE('',#850,#849);
#852=DIRECTION('',(0.E0,1.E0,0.E0));
#853=VECTOR('',#852,8.148419303973E-1);
#854=CARTESIAN_POINT('',(1.386346535873E0,-3.909927361178E-1,
-9.183367106889E0));
#855=LINE('',#854,#853);
#856=CARTESIAN_POINT('',(1.386346535873E0,4.238491942795E-1,-9.183367106889E0));
#857=CARTESIAN_POINT('',(1.384539904658E0,4.285188101385E-1,-9.198080937370E0));
#858=CARTESIAN_POINT('',(1.381097157218E0,4.388842456443E-1,-9.226119865181E0));
#859=CARTESIAN_POINT('',(1.376362895199E0,4.570194035821E-1,-9.264677335143E0));
#860=CARTESIAN_POINT('',(1.372004170584E0,4.774146437892E-1,-9.300176298392E0));
#861=CARTESIAN_POINT('',(1.366643521730E0,5.073224367966E-1,-9.343835279744E0));
#862=CARTESIAN_POINT('',(1.360719001946E0,5.493791019468E-1,-9.392086621280E0));
#863=CARTESIAN_POINT('',(1.354730005318E0,6.065901233872E-1,-9.440863084577E0));
#864=CARTESIAN_POINT('',(1.349829062775E0,6.703493387492E-1,-9.480778058473E0));
#865=CARTESIAN_POINT('',(1.346681715975E0,7.291197569216E-1,-9.506411141138E0));
#866=CARTESIAN_POINT('',(1.344789335332E0,7.799004947012E-1,-9.521823344666E0));
#867=CARTESIAN_POINT('',(1.343711534240E0,8.200411903638E-1,-9.530601330142E0));
#868=CARTESIAN_POINT('',(1.343013912877E0,8.624699070256E-1,-9.536283000195E0));
#869=CARTESIAN_POINT('',(1.342839927178E0,8.925076052023E-1,-9.5377E0));
#870=CARTESIAN_POINT('',(1.342839927178E0,9.080500000002E-1,-9.5377E0));
#872=DIRECTION('',(-1.E0,0.E0,0.E0));
#873=VECTOR('',#872,1.186329067674E0);
#874=CARTESIAN_POINT('',(1.457514583557E0,4.0005E-1,-9.0297E0));
#875=LINE('',#874,#873);
#876=CARTESIAN_POINT('',(2.711855158829E-1,4.0005E-1,-9.0297E0));
#877=CARTESIAN_POINT('',(2.737747697035E-1,4.0005E-1,-9.050787780105E0));
#878=CARTESIAN_POINT('',(2.786388085325E-1,4.026303766842E-1,
-9.090402197367E0));
#879=CARTESIAN_POINT('',(2.852423046928E-1,4.121837661496E-1,
-9.144183357733E0));
#880=CARTESIAN_POINT('',(2.912897919768E-1,4.262994914806E-1,
-9.193436189192E0));
#881=CARTESIAN_POINT('',(2.968663189648E-1,4.442796857821E-1,
-9.238853356847E0));
#882=CARTESIAN_POINT('',(3.020264235828E-1,4.656768376078E-1,
-9.280879036461E0));
#883=CARTESIAN_POINT('',(3.083980953316E-1,4.983786100326E-1,
-9.332772138509E0));
#884=CARTESIAN_POINT('',(3.154693636958E-1,5.465859817524E-1,
-9.390362997752E0));
#885=CARTESIAN_POINT('',(3.214069958788E-1,6.040954154139E-1,
-9.438721131212E0));
#886=CARTESIAN_POINT('',(3.254404123275E-1,6.559837628601E-1,
-9.471570672059E0));
#887=CARTESIAN_POINT('',(3.280824077597E-1,6.980432823944E-1,
-9.493087998120E0));
#888=CARTESIAN_POINT('',(3.303053300225E-1,7.435415106120E-1,
-9.511192247111E0));
#889=CARTESIAN_POINT('',(3.320532295633E-1,7.929375420731E-1,
-9.525427746492E0));
#890=CARTESIAN_POINT('',(3.332386661789E-1,8.469488681567E-1,
-9.535082352957E0));
#891=CARTESIAN_POINT('',(3.335600728216E-1,8.868038543474E-1,-9.5377E0));
#892=CARTESIAN_POINT('',(3.335600728216E-1,9.080500000002E-1,-9.5377E0));
#894=DIRECTION('',(1.E0,0.E0,0.E0));
#895=VECTOR('',#894,1.009279854357E0);
#896=CARTESIAN_POINT('',(3.335600728216E-1,9.080500000001E-1,-9.5377E0));
#897=LINE('',#896,#895);
#898=DIRECTION('',(0.E0,-1.E0,0.E0));
#899=VECTOR('',#898,6.349999999999E-1);
#900=CARTESIAN_POINT('',(3.335600728216E-1,1.54305E0,-9.5377E0));
#901=LINE('',#900,#899);
#902=DIRECTION('',(1.E0,0.E0,0.E0));
#903=VECTOR('',#902,1.009279854357E0);
#904=CARTESIAN_POINT('',(3.335600728216E-1,1.54305E0,-9.5377E0));
#905=LINE('',#904,#903);
#906=DIRECTION('',(0.E0,-1.E0,0.E0));
#907=VECTOR('',#906,6.349999999999E-1);
#908=CARTESIAN_POINT('',(1.342839927178E0,1.54305E0,-9.5377E0));
#909=LINE('',#908,#907);
#910=DIRECTION('',(1.218693434051E-1,0.E0,-9.925461516413E-1));
#911=VECTOR('',#910,8.061086113496E-1);
#912=CARTESIAN_POINT('',(3.335600728216E-1,1.54305E0,-9.5377E0));
#913=LINE('',#912,#911);
#914=DIRECTION('',(1.E0,0.E0,0.E0));
#915=VECTOR('',#914,8.128E-1);
#916=CARTESIAN_POINT('',(4.318E-1,1.54305E0,-1.03378E1));
#917=LINE('',#916,#915);
#918=DIRECTION('',(-1.218693434051E-1,0.E0,-9.925461516413E-1));
#919=VECTOR('',#918,8.061086113496E-1);
#920=CARTESIAN_POINT('',(1.342839927178E0,1.54305E0,-9.5377E0));
#921=LINE('',#920,#919);
#922=DIRECTION('',(7.016738431599E-1,1.237240302065E-1,-7.016738431599E-1));
#923=VECTOR('',#922,1.194572105218E0);
#924=CARTESIAN_POINT('',(2.3368E0,2.432953141502E-1,0.E0));
#925=LINE('',#924,#923);
#926=DIRECTION('',(7.016738431599E-1,-1.237240302065E-1,-7.016738431599E-1));
#927=VECTOR('',#926,1.194572105218E0);
#928=CARTESIAN_POINT('',(2.3368E0,-2.432953141502E-1,0.E0));
#929=LINE('',#928,#927);
#930=DIRECTION('',(-1.E0,0.E0,0.E0));
#931=VECTOR('',#930,4.6736E0);
#932=CARTESIAN_POINT('',(2.3368E0,-2.432953141502E-1,0.E0));
#933=LINE('',#932,#931);
#934=DIRECTION('',(0.E0,-1.E0,0.E0));
#935=VECTOR('',#934,4.865906283003E-1);
#936=CARTESIAN_POINT('',(-2.3368E0,2.432953141502E-1,0.E0));
#937=LINE('',#936,#935);
#938=DIRECTION('',(1.E0,0.E0,0.E0));
#939=VECTOR('',#938,4.6736E0);
#940=CARTESIAN_POINT('',(-2.3368E0,2.432953141502E-1,0.E0));
#941=LINE('',#940,#939);
#942=DIRECTION('',(0.E0,-1.E0,0.E0));
#943=VECTOR('',#942,4.865906283003E-1);
#944=CARTESIAN_POINT('',(2.3368E0,2.432953141502E-1,0.E0));
#945=LINE('',#944,#943);
#946=DIRECTION('',(-7.016738431599E-1,1.237240302065E-1,-7.016738431599E-1));
#947=VECTOR('',#946,1.194572105218E0);
#948=CARTESIAN_POINT('',(-2.3368E0,2.432953141502E-1,0.E0));
#949=LINE('',#948,#947);
#950=CARTESIAN_POINT('',(3.175E0,-4.0005E-1,-7.9248E0));
#951=CARTESIAN_POINT('',(3.9624E0,-4.0005E-1,-7.9248E0));
#952=VERTEX_POINT('',#950);
#953=VERTEX_POINT('',#951);
#954=CARTESIAN_POINT('',(3.9624E0,-4.0005E-1,-1.02108E1));
#955=VERTEX_POINT('',#954);
#956=CARTESIAN_POINT('',(3.14325E0,-4.0005E-1,-1.02108E1));
#957=VERTEX_POINT('',#956);
#958=CARTESIAN_POINT('',(3.14325E0,-4.0005E-1,-1.17348E1));
#959=VERTEX_POINT('',#958);
#960=CARTESIAN_POINT('',(-3.14325E0,-4.0005E-1,-1.17348E1));
#961=CARTESIAN_POINT('',(-3.14325E0,-4.0005E-1,-1.02108E1));
#962=VERTEX_POINT('',#960);
#963=VERTEX_POINT('',#961);
#964=CARTESIAN_POINT('',(-3.9624E0,-4.0005E-1,-1.02108E1));
#965=VERTEX_POINT('',#964);
#966=CARTESIAN_POINT('',(-3.9624E0,-4.0005E-1,-7.9248E0));
#967=VERTEX_POINT('',#966);
#968=CARTESIAN_POINT('',(-3.175E0,-4.0005E-1,-7.9248E0));
#969=VERTEX_POINT('',#968);
#970=CARTESIAN_POINT('',(3.175E0,4.0005E-1,-7.9248E0));
#971=CARTESIAN_POINT('',(3.9624E0,4.0005E-1,-7.9248E0));
#972=VERTEX_POINT('',#970);
#973=VERTEX_POINT('',#971);
#974=CARTESIAN_POINT('',(3.9624E0,4.0005E-1,-1.02108E1));
#975=VERTEX_POINT('',#974);
#976=CARTESIAN_POINT('',(3.14325E0,4.0005E-1,-1.02108E1));
#977=VERTEX_POINT('',#976);
#978=CARTESIAN_POINT('',(3.14325E0,4.0005E-1,-1.17348E1));
#979=VERTEX_POINT('',#978);
#980=CARTESIAN_POINT('',(-3.14325E0,4.0005E-1,-1.17348E1));
#981=CARTESIAN_POINT('',(-3.14325E0,4.0005E-1,-1.02108E1));
#982=VERTEX_POINT('',#980);
#983=VERTEX_POINT('',#981);
#984=CARTESIAN_POINT('',(-3.9624E0,4.0005E-1,-1.02108E1));
#985=VERTEX_POINT('',#984);
#986=CARTESIAN_POINT('',(-3.9624E0,4.0005E-1,-7.9248E0));
#987=VERTEX_POINT('',#986);
#988=CARTESIAN_POINT('',(-3.175E0,4.0005E-1,-7.9248E0));
#989=VERTEX_POINT('',#988);
#990=CARTESIAN_POINT('',(3.175E0,-3.910925893800E-1,-8.382E-1));
#991=CARTESIAN_POINT('',(3.175E0,-4.0005E-1,-8.89E-1));
#992=VERTEX_POINT('',#990);
#993=VERTEX_POINT('',#991);
#994=CARTESIAN_POINT('',(-3.175E0,-4.0005E-1,-8.89E-1));
#995=VERTEX_POINT('',#994);
#996=CARTESIAN_POINT('',(-3.175E0,-3.910925893800E-1,-8.382E-1));
#997=VERTEX_POINT('',#996);
#998=CARTESIAN_POINT('',(2.3368E0,-2.432953141502E-1,0.E0));
#999=CARTESIAN_POINT('',(-2.3368E0,-2.432953141502E-1,0.E0));
#1000=VERTEX_POINT('',#998);
#1001=VERTEX_POINT('',#999);
#1002=CARTESIAN_POINT('',(3.175E0,3.910925893800E-1,-8.382E-1));
#1003=VERTEX_POINT('',#1002);
#1004=CARTESIAN_POINT('',(2.3368E0,2.432953141502E-1,0.E0));
#1005=VERTEX_POINT('',#1004);
#1006=CARTESIAN_POINT('',(3.175E0,4.0005E-1,-8.89E-1));
#1007=VERTEX_POINT('',#1006);
#1008=CARTESIAN_POINT('',(-2.3368E0,2.432953141502E-1,0.E0));
#1009=VERTEX_POINT('',#1008);
#1010=CARTESIAN_POINT('',(-3.175E0,3.910925893800E-1,-8.382E-1));
#1011=CARTESIAN_POINT('',(-3.175E0,4.0005E-1,-8.89E-1));
#1012=VERTEX_POINT('',#1010);
#1013=VERTEX_POINT('',#1011);
#1014=CARTESIAN_POINT('',(1.93675E0,-4.0005E-1,-1.17348E1));
#1015=CARTESIAN_POINT('',(1.93675E0,4.0005E-1,-1.17348E1));
#1016=VERTEX_POINT('',#1014);
#1017=VERTEX_POINT('',#1015);
#1018=CARTESIAN_POINT('',(-1.93675E0,-4.0005E-1,-1.17348E1));
#1019=CARTESIAN_POINT('',(-1.93675E0,4.0005E-1,-1.17348E1));
#1020=VERTEX_POINT('',#1018);
#1021=VERTEX_POINT('',#1019);
#1022=CARTESIAN_POINT('',(-4.318E-1,-9.0805E-1,-1.03378E1));
#1023=CARTESIAN_POINT('',(-4.318E-1,-1.54305E0,-1.03378E1));
#1024=VERTEX_POINT('',#1022);
#1025=VERTEX_POINT('',#1023);
#1026=CARTESIAN_POINT('',(-1.2446E0,-9.0805E-1,-1.03378E1));
#1027=CARTESIAN_POINT('',(-1.2446E0,-1.54305E0,-1.03378E1));
#1028=VERTEX_POINT('',#1026);
#1029=VERTEX_POINT('',#1027);
#1030=CARTESIAN_POINT('',(-3.335600728216E-1,-1.54305E0,-9.5377E0));
#1031=VERTEX_POINT('',#1030);
#1032=CARTESIAN_POINT('',(-1.342839927178E0,-1.54305E0,-9.5377E0));
#1033=VERTEX_POINT('',#1032);
#1034=CARTESIAN_POINT('',(-3.335600728216E-1,-9.0805E-1,-9.5377E0));
#1035=VERTEX_POINT('',#1034);
#1036=CARTESIAN_POINT('',(-1.342839927178E0,-9.0805E-1,-9.5377E0));
#1037=VERTEX_POINT('',#1036);
#1038=CARTESIAN_POINT('',(4.318E-1,9.0805E-1,-1.03378E1));
#1039=CARTESIAN_POINT('',(4.318E-1,1.54305E0,-1.03378E1));
#1040=VERTEX_POINT('',#1038);
#1041=VERTEX_POINT('',#1039);
#1042=CARTESIAN_POINT('',(1.2446E0,9.0805E-1,-1.03378E1));
#1043=CARTESIAN_POINT('',(1.2446E0,1.54305E0,-1.03378E1));
#1044=VERTEX_POINT('',#1042);
#1045=VERTEX_POINT('',#1043);
#1046=CARTESIAN_POINT('',(3.335600728216E-1,1.54305E0,-9.5377E0));
#1047=VERTEX_POINT('',#1046);
#1048=CARTESIAN_POINT('',(1.342839927178E0,1.54305E0,-9.5377E0));
#1049=VERTEX_POINT('',#1048);
#1050=CARTESIAN_POINT('',(3.335600728216E-1,9.080500000001E-1,-9.5377E0));
#1051=VERTEX_POINT('',#1050);
#1052=CARTESIAN_POINT('',(1.342839927178E0,9.080500000001E-1,-9.5377E0));
#1053=VERTEX_POINT('',#1052);
#1054=CARTESIAN_POINT('',(-1.93675E0,-4.0005E-1,-9.217031224895E0));
#1055=CARTESIAN_POINT('',(-1.93675E0,4.0005E-1,-9.217031224895E0));
#1056=VERTEX_POINT('',#1054);
#1057=VERTEX_POINT('',#1055);
#1058=CARTESIAN_POINT('',(-1.386346535873E0,-4.238491942795E-1,
-9.183367106889E0));
#1059=CARTESIAN_POINT('',(-1.386346535873E0,3.909927361178E-1,
-9.183367106889E0));
#1060=VERTEX_POINT('',#1058);
#1061=VERTEX_POINT('',#1059);
#1062=CARTESIAN_POINT('',(-2.919888985779E-1,-4.0005E-1,-9.199129955542E0));
#1063=CARTESIAN_POINT('',(-2.919888985779E-1,3.890309921378E-1,
-9.199129955542E0));
#1064=VERTEX_POINT('',#1062);
#1065=VERTEX_POINT('',#1063);
#1066=CARTESIAN_POINT('',(2.919888985779E-1,-3.890309921378E-1,
-9.199129955542E0));
#1067=CARTESIAN_POINT('',(2.919888985779E-1,4.0005E-1,-9.199129955542E0));
#1068=VERTEX_POINT('',#1066);
#1069=VERTEX_POINT('',#1067);
#1070=CARTESIAN_POINT('',(1.93675E0,-4.0005E-1,-9.217031224895E0));
#1071=VERTEX_POINT('',#1070);
#1072=CARTESIAN_POINT('',(1.93675E0,4.0005E-1,-9.217031224895E0));
#1073=VERTEX_POINT('',#1072);
#1074=VERTEX_POINT('',#338);
#1075=VERTEX_POINT('',#456);
#1076=VERTEX_POINT('',#876);
#1077=VERTEX_POINT('',#856);
#1078=CARTESIAN_POINT('',(-1.457514583557E0,-4.0005E-1,-9.0297E0));
#1079=VERTEX_POINT('',#1078);
#1080=VERTEX_POINT('',#311);
#1081=CARTESIAN_POINT('',(2.107185171224E-1,-4.0005E-1,-9.0297E0));
#1082=VERTEX_POINT('',#1081);
#1083=CARTESIAN_POINT('',(-2.107185171224E-1,4.0005E-1,-9.0297E0));
#1084=VERTEX_POINT('',#1083);
#1085=VERTEX_POINT('',#526);
#1086=CARTESIAN_POINT('',(1.457514583557E0,4.0005E-1,-9.0297E0));
#1087=VERTEX_POINT('',#1086);
#1088=CARTESIAN_POINT('',(-2.937595680352E0,-4.0005E-1,-1.373576094792E1));
#1089=CARTESIAN_POINT('',(-2.621759430280E0,-4.0005E-1,-1.40208E1));
#1090=VERTEX_POINT('',#1088);
#1091=VERTEX_POINT('',#1089);
#1092=CARTESIAN_POINT('',(-2.621759430280E0,4.0005E-1,-1.40208E1));
#1093=VERTEX_POINT('',#1092);
#1094=CARTESIAN_POINT('',(-2.937595680352E0,4.0005E-1,-1.373576094792E1));
#1095=VERTEX_POINT('',#1094);
#1096=CARTESIAN_POINT('',(-2.458240569720E0,-4.0005E-1,-1.40208E1));
#1097=CARTESIAN_POINT('',(-2.142404319648E0,-4.0005E-1,-1.373576094792E1));
#1098=VERTEX_POINT('',#1096);
#1099=VERTEX_POINT('',#1097);
#1100=CARTESIAN_POINT('',(-2.142404319648E0,4.0005E-1,-1.373576094792E1));
#1101=VERTEX_POINT('',#1100);
#1102=CARTESIAN_POINT('',(-2.458240569720E0,4.0005E-1,-1.40208E1));
#1103=VERTEX_POINT('',#1102);
#1104=CARTESIAN_POINT('',(2.142404319648E0,-4.0005E-1,-1.373576094792E1));
#1105=CARTESIAN_POINT('',(2.458240569720E0,-4.0005E-1,-1.40208E1));
#1106=VERTEX_POINT('',#1104);
#1107=VERTEX_POINT('',#1105);
#1108=CARTESIAN_POINT('',(2.458240569720E0,4.0005E-1,-1.40208E1));
#1109=VERTEX_POINT('',#1108);
#1110=CARTESIAN_POINT('',(2.142404319648E0,4.0005E-1,-1.373576094792E1));
#1111=VERTEX_POINT('',#1110);
#1112=CARTESIAN_POINT('',(2.621759430280E0,-4.0005E-1,-1.40208E1));
#1113=CARTESIAN_POINT('',(2.937595680352E0,-4.0005E-1,-1.373576094792E1));
#1114=VERTEX_POINT('',#1112);
#1115=VERTEX_POINT('',#1113);
#1116=CARTESIAN_POINT('',(2.937595680352E0,4.0005E-1,-1.373576094792E1));
#1117=VERTEX_POINT('',#1116);
#1118=CARTESIAN_POINT('',(2.621759430280E0,4.0005E-1,-1.40208E1));
#1119=VERTEX_POINT('',#1118);
#1120=CARTESIAN_POINT('',(0.E0,-4.0005E-1,0.E0));
#1121=DIRECTION('',(0.E0,1.E0,0.E0));
#1122=DIRECTION('',(1.E0,0.E0,0.E0));
#1123=AXIS2_PLACEMENT_3D('',#1120,#1121,#1122);
#1124=PLANE('',#1123);
#1126=ORIENTED_EDGE('',*,*,#1125,.F.);
#1128=ORIENTED_EDGE('',*,*,#1127,.T.);
#1130=ORIENTED_EDGE('',*,*,#1129,.T.);
#1132=ORIENTED_EDGE('',*,*,#1131,.T.);
#1134=ORIENTED_EDGE('',*,*,#1133,.T.);
#1136=ORIENTED_EDGE('',*,*,#1135,.T.);
#1138=ORIENTED_EDGE('',*,*,#1137,.T.);
#1140=ORIENTED_EDGE('',*,*,#1139,.F.);
#1142=ORIENTED_EDGE('',*,*,#1141,.T.);
#1144=ORIENTED_EDGE('',*,*,#1143,.T.);
#1146=ORIENTED_EDGE('',*,*,#1145,.T.);
#1148=ORIENTED_EDGE('',*,*,#1147,.T.);
#1150=ORIENTED_EDGE('',*,*,#1149,.T.);
#1152=ORIENTED_EDGE('',*,*,#1151,.T.);
#1154=ORIENTED_EDGE('',*,*,#1153,.F.);
#1156=ORIENTED_EDGE('',*,*,#1155,.T.);
#1158=ORIENTED_EDGE('',*,*,#1157,.F.);
#1160=ORIENTED_EDGE('',*,*,#1159,.T.);
#1162=ORIENTED_EDGE('',*,*,#1161,.T.);
#1164=ORIENTED_EDGE('',*,*,#1163,.F.);
#1166=ORIENTED_EDGE('',*,*,#1165,.F.);
#1168=ORIENTED_EDGE('',*,*,#1167,.F.);
#1170=ORIENTED_EDGE('',*,*,#1169,.T.);
#1172=ORIENTED_EDGE('',*,*,#1171,.F.);
#1174=ORIENTED_EDGE('',*,*,#1173,.F.);
#1176=ORIENTED_EDGE('',*,*,#1175,.T.);
#1178=ORIENTED_EDGE('',*,*,#1177,.T.);
#1180=ORIENTED_EDGE('',*,*,#1179,.F.);
#1182=ORIENTED_EDGE('',*,*,#1181,.T.);
#1183=EDGE_LOOP('',(#1126,#1128,#1130,#1132,#1134,#1136,#1138,#1140,#1142,#1144,
#1146,#1148,#1150,#1152,#1154,#1156,#1158,#1160,#1162,#1164,#1166,#1168,#1170,
#1172,#1174,#1176,#1178,#1180,#1182));
#1184=FACE_OUTER_BOUND('',#1183,.F.);
#1186=CARTESIAN_POINT('',(-2.621759430280E0,5.56608996E0,-1.37033E1));
#1187=DIRECTION('',(0.E0,-1.E0,0.E0));
#1188=DIRECTION('',(-9.947598427481E-1,0.E0,-1.022392060602E-1));
#1189=AXIS2_PLACEMENT_3D('',#1186,#1187,#1188);
#1190=CYLINDRICAL_SURFACE('',#1189,3.175E-1);
#1191=ORIENTED_EDGE('',*,*,#1125,.T.);
#1193=ORIENTED_EDGE('',*,*,#1192,.F.);
#1195=ORIENTED_EDGE('',*,*,#1194,.T.);
#1197=ORIENTED_EDGE('',*,*,#1196,.T.);
#1198=EDGE_LOOP('',(#1191,#1193,#1195,#1197));
#1199=FACE_OUTER_BOUND('',#1198,.F.);
#1201=CARTESIAN_POINT('',(-2.1717E0,-4.0005E-1,-1.40208E1));
#1202=DIRECTION('',(0.E0,0.E0,-1.E0));
#1203=DIRECTION('',(-1.E0,0.E0,0.E0));
#1204=AXIS2_PLACEMENT_3D('',#1201,#1202,#1203);
#1205=PLANE('',#1204);
#1206=ORIENTED_EDGE('',*,*,#1192,.T.);
#1207=ORIENTED_EDGE('',*,*,#1181,.F.);
#1209=ORIENTED_EDGE('',*,*,#1208,.F.);
#1211=ORIENTED_EDGE('',*,*,#1210,.T.);
#1212=EDGE_LOOP('',(#1206,#1207,#1209,#1211));
#1213=FACE_OUTER_BOUND('',#1212,.F.);
#1215=CARTESIAN_POINT('',(-2.458240569720E0,5.56608996E0,-1.37033E1));
#1216=DIRECTION('',(0.E0,-1.E0,0.E0));
#1217=DIRECTION('',(0.E0,0.E0,-1.E0));
#1218=AXIS2_PLACEMENT_3D('',#1215,#1216,#1217);
#1219=CYLINDRICAL_SURFACE('',#1218,3.175E-1);
#1220=ORIENTED_EDGE('',*,*,#1179,.T.);
#1222=ORIENTED_EDGE('',*,*,#1221,.F.);
#1224=ORIENTED_EDGE('',*,*,#1223,.T.);
#1225=ORIENTED_EDGE('',*,*,#1208,.T.);
#1226=EDGE_LOOP('',(#1220,#1222,#1224,#1225));
#1227=FACE_OUTER_BOUND('',#1226,.F.);
#1229=CARTESIAN_POINT('',(-1.93675E0,-4.0005E-1,-1.17348E1));
#1230=DIRECTION('',(9.947598427481E-1,0.E0,-1.022392060602E-1));
#1231=DIRECTION('',(-1.022392060602E-1,0.E0,-9.947598427481E-1));
#1232=AXIS2_PLACEMENT_3D('',#1229,#1230,#1231);
#1233=PLANE('',#1232);
#1234=ORIENTED_EDGE('',*,*,#1221,.T.);
#1235=ORIENTED_EDGE('',*,*,#1177,.F.);
#1237=ORIENTED_EDGE('',*,*,#1236,.T.);
#1239=ORIENTED_EDGE('',*,*,#1238,.T.);
#1240=EDGE_LOOP('',(#1234,#1235,#1237,#1239));
#1241=FACE_OUTER_BOUND('',#1240,.F.);
#1243=CARTESIAN_POINT('',(-1.93675E0,-4.0005E-1,-8.9408E0));
#1244=DIRECTION('',(1.E0,0.E0,0.E0));
#1245=DIRECTION('',(0.E0,0.E0,-1.E0));
#1246=AXIS2_PLACEMENT_3D('',#1243,#1244,#1245);
#1247=PLANE('',#1246);
#1249=ORIENTED_EDGE('',*,*,#1248,.T.);
#1251=ORIENTED_EDGE('',*,*,#1250,.T.);
#1252=ORIENTED_EDGE('',*,*,#1236,.F.);
#1253=ORIENTED_EDGE('',*,*,#1175,.F.);
#1254=EDGE_LOOP('',(#1249,#1251,#1252,#1253));
#1255=FACE_OUTER_BOUND('',#1254,.F.);
#1257=CARTESIAN_POINT('',(-1.660518775105E0,-5.56608996E0,-9.217031224895E0));
#1258=DIRECTION('',(0.E0,1.E0,0.E0));
#1259=DIRECTION('',(-1.E0,0.E0,0.E0));
#1260=AXIS2_PLACEMENT_3D('',#1257,#1258,#1259);
#1261=CYLINDRICAL_SURFACE('',#1260,2.762312248949E-1);
#1262=ORIENTED_EDGE('',*,*,#1248,.F.);
#1263=ORIENTED_EDGE('',*,*,#1173,.T.);
#1265=ORIENTED_EDGE('',*,*,#1264,.T.);
#1267=ORIENTED_EDGE('',*,*,#1266,.T.);
#1269=ORIENTED_EDGE('',*,*,#1268,.T.);
#1271=ORIENTED_EDGE('',*,*,#1270,.T.);
#1272=EDGE_LOOP('',(#1262,#1263,#1265,#1267,#1269,#1271));
#1273=FACE_OUTER_BOUND('',#1272,.F.);
#1275=CARTESIAN_POINT('',(0.E0,-9.0805E-1,-9.0297E0));
#1276=DIRECTION('',(-1.E0,0.E0,0.E0));
#1277=DIRECTION('',(0.E0,-1.E0,0.E0));
#1278=AXIS2_PLACEMENT_3D('',#1275,#1276,#1277);
#1279=CYLINDRICAL_SURFACE('',#1278,5.08E-1);
#1281=ORIENTED_EDGE('',*,*,#1280,.F.);
#1282=ORIENTED_EDGE('',*,*,#1264,.F.);
#1283=ORIENTED_EDGE('',*,*,#1171,.T.);
#1285=ORIENTED_EDGE('',*,*,#1284,.T.);
#1287=ORIENTED_EDGE('',*,*,#1286,.T.);
#1288=EDGE_LOOP('',(#1281,#1282,#1283,#1285,#1287));
#1289=FACE_OUTER_BOUND('',#1288,.F.);
#1291=CARTESIAN_POINT('',(-1.2446E0,-1.54305E0,-1.03378E1));
#1292=DIRECTION('',(9.925461516413E-1,0.E0,1.218693434051E-1));
#1293=DIRECTION('',(-1.218693434051E-1,0.E0,9.925461516413E-1));
#1294=AXIS2_PLACEMENT_3D('',#1291,#1292,#1293);
#1295=PLANE('',#1294);
#1296=ORIENTED_EDGE('',*,*,#1266,.F.);
#1297=ORIENTED_EDGE('',*,*,#1280,.T.);
#1299=ORIENTED_EDGE('',*,*,#1298,.F.);
#1301=ORIENTED_EDGE('',*,*,#1300,.T.);
#1303=ORIENTED_EDGE('',*,*,#1302,.F.);
#1305=ORIENTED_EDGE('',*,*,#1304,.F.);
#1306=EDGE_LOOP('',(#1296,#1297,#1299,#1301,#1303,#1305));
#1307=FACE_OUTER_BOUND('',#1306,.F.);
#1309=CARTESIAN_POINT('',(0.E0,-1.54305E0,-9.5377E0));
#1310=DIRECTION('',(0.E0,0.E0,1.E0));
#1311=DIRECTION('',(0.E0,1.E0,0.E0));
#1312=AXIS2_PLACEMENT_3D('',#1309,#1310,#1311);
#1313=PLANE('',#1312);
#1315=ORIENTED_EDGE('',*,*,#1314,.F.);
#1317=ORIENTED_EDGE('',*,*,#1316,.T.);
#1318=ORIENTED_EDGE('',*,*,#1298,.T.);
#1319=ORIENTED_EDGE('',*,*,#1286,.F.);
#1320=EDGE_LOOP('',(#1315,#1317,#1318,#1319));
#1321=FACE_OUTER_BOUND('',#1320,.F.);
#1323=CARTESIAN_POINT('',(-2.602699684186E-1,-1.54305E0,-8.9408E0));
#1324=DIRECTION('',(-9.925461516413E-1,0.E0,1.218693434051E-1));
#1325=DIRECTION('',(-1.218693434051E-1,0.E0,-9.925461516413E-1));
#1326=AXIS2_PLACEMENT_3D('',#1323,#1324,#1325);
#1327=PLANE('',#1326);
#1329=ORIENTED_EDGE('',*,*,#1328,.T.);
#1331=ORIENTED_EDGE('',*,*,#1330,.T.);
#1333=ORIENTED_EDGE('',*,*,#1332,.T.);
#1335=ORIENTED_EDGE('',*,*,#1334,.F.);
#1336=ORIENTED_EDGE('',*,*,#1314,.T.);
#1337=ORIENTED_EDGE('',*,*,#1284,.F.);
#1338=ORIENTED_EDGE('',*,*,#1169,.F.);
#1339=EDGE_LOOP('',(#1329,#1331,#1333,#1335,#1336,#1337,#1338));
#1340=FACE_OUTER_BOUND('',#1339,.F.);
#1342=CARTESIAN_POINT('',(0.E0,-5.56608996E0,-9.234981684242E0));
#1343=DIRECTION('',(0.E0,1.E0,0.E0));
#1344=DIRECTION('',(-9.925461516413E-1,0.E0,1.218693434051E-1));
#1345=AXIS2_PLACEMENT_3D('',#1342,#1343,#1344);
#1346=CYLINDRICAL_SURFACE('',#1345,2.941816842421E-1);
#1347=ORIENTED_EDGE('',*,*,#1328,.F.);
#1348=ORIENTED_EDGE('',*,*,#1167,.T.);
#1350=ORIENTED_EDGE('',*,*,#1349,.T.);
#1352=ORIENTED_EDGE('',*,*,#1351,.T.);
#1354=ORIENTED_EDGE('',*,*,#1353,.T.);
#1356=ORIENTED_EDGE('',*,*,#1355,.T.);
#1357=EDGE_LOOP('',(#1347,#1348,#1350,#1352,#1354,#1356));
#1358=FACE_OUTER_BOUND('',#1357,.F.);
#1360=CARTESIAN_POINT('',(0.E0,9.0805E-1,-9.0297E0));
#1361=DIRECTION('',(1.E0,0.E0,0.E0));
#1362=DIRECTION('',(0.E0,1.E0,0.E0));
#1363=AXIS2_PLACEMENT_3D('',#1360,#1361,#1362);
#1364=CYLINDRICAL_SURFACE('',#1363,1.3081E0);
#1365=ORIENTED_EDGE('',*,*,#1165,.T.);
#1367=ORIENTED_EDGE('',*,*,#1366,.F.);
#1369=ORIENTED_EDGE('',*,*,#1368,.T.);
#1371=ORIENTED_EDGE('',*,*,#1370,.F.);
#1373=ORIENTED_EDGE('',*,*,#1372,.F.);
#1374=ORIENTED_EDGE('',*,*,#1349,.F.);
#1375=EDGE_LOOP('',(#1365,#1367,#1369,#1371,#1373,#1374));
#1376=FACE_OUTER_BOUND('',#1375,.F.);
#1378=CARTESIAN_POINT('',(1.660518775105E0,-5.56608996E0,-9.217031224895E0));
#1379=DIRECTION('',(0.E0,1.E0,0.E0));
#1380=DIRECTION('',(-9.925461516413E-1,0.E0,1.218693434051E-1));
#1381=AXIS2_PLACEMENT_3D('',#1378,#1379,#1380);
#1382=CYLINDRICAL_SURFACE('',#1381,2.762312248949E-1);
#1383=ORIENTED_EDGE('',*,*,#1366,.T.);
#1384=ORIENTED_EDGE('',*,*,#1163,.T.);
#1386=ORIENTED_EDGE('',*,*,#1385,.T.);
#1388=ORIENTED_EDGE('',*,*,#1387,.T.);
#1390=ORIENTED_EDGE('',*,*,#1389,.T.);
#1392=ORIENTED_EDGE('',*,*,#1391,.F.);
#1393=EDGE_LOOP('',(#1383,#1384,#1386,#1388,#1390,#1392));
#1394=FACE_OUTER_BOUND('',#1393,.F.);
#1396=CARTESIAN_POINT('',(1.93675E0,-4.0005E-1,-1.17348E1));
#1397=DIRECTION('',(-1.E0,0.E0,0.E0));
#1398=DIRECTION('',(0.E0,0.E0,1.E0));
#1399=AXIS2_PLACEMENT_3D('',#1396,#1397,#1398);
#1400=PLANE('',#1399);
#1401=ORIENTED_EDGE('',*,*,#1161,.F.);
#1403=ORIENTED_EDGE('',*,*,#1402,.T.);
#1405=ORIENTED_EDGE('',*,*,#1404,.T.);
#1406=ORIENTED_EDGE('',*,*,#1385,.F.);
#1407=EDGE_LOOP('',(#1401,#1403,#1405,#1406));
#1408=FACE_OUTER_BOUND('',#1407,.F.);
#1410=CARTESIAN_POINT('',(2.1717E0,-4.0005E-1,-1.40208E1));
#1411=DIRECTION('',(-9.947598427481E-1,0.E0,-1.022392060602E-1));
#1412=DIRECTION('',(-1.022392060602E-1,0.E0,9.947598427481E-1));
#1413=AXIS2_PLACEMENT_3D('',#1410,#1411,#1412);
#1414=PLANE('',#1413);
#1416=ORIENTED_EDGE('',*,*,#1415,.F.);
#1418=ORIENTED_EDGE('',*,*,#1417,.T.);
#1419=ORIENTED_EDGE('',*,*,#1402,.F.);
#1420=ORIENTED_EDGE('',*,*,#1159,.F.);
#1421=EDGE_LOOP('',(#1416,#1418,#1419,#1420));
#1422=FACE_OUTER_BOUND('',#1421,.F.);
#1424=CARTESIAN_POINT('',(2.458240569720E0,5.56608996E0,-1.37033E1));
#1425=DIRECTION('',(0.E0,-1.E0,0.E0));
#1426=DIRECTION('',(-9.947598427481E-1,0.E0,-1.022392060602E-1));
#1427=AXIS2_PLACEMENT_3D('',#1424,#1425,#1426);
#1428=CYLINDRICAL_SURFACE('',#1427,3.175E-1);
#1429=ORIENTED_EDGE('',*,*,#1157,.T.);
#1431=ORIENTED_EDGE('',*,*,#1430,.F.);
#1433=ORIENTED_EDGE('',*,*,#1432,.T.);
#1434=ORIENTED_EDGE('',*,*,#1415,.T.);
#1435=EDGE_LOOP('',(#1429,#1431,#1433,#1434));
#1436=FACE_OUTER_BOUND('',#1435,.F.);
#1438=CARTESIAN_POINT('',(2.9083E0,-4.0005E-1,-1.40208E1));
#1439=DIRECTION('',(0.E0,0.E0,-1.E0));
#1440=DIRECTION('',(-1.E0,0.E0,0.E0));
#1441=AXIS2_PLACEMENT_3D('',#1438,#1439,#1440);
#1442=PLANE('',#1441);
#1443=ORIENTED_EDGE('',*,*,#1430,.T.);
#1444=ORIENTED_EDGE('',*,*,#1155,.F.);
#1446=ORIENTED_EDGE('',*,*,#1445,.F.);
#1448=ORIENTED_EDGE('',*,*,#1447,.T.);
#1449=EDGE_LOOP('',(#1443,#1444,#1446,#1448));
#1450=FACE_OUTER_BOUND('',#1449,.F.);
#1452=CARTESIAN_POINT('',(2.621759430280E0,5.56608996E0,-1.37033E1));
#1453=DIRECTION('',(0.E0,-1.E0,0.E0));
#1454=DIRECTION('',(0.E0,0.E0,-1.E0));
#1455=AXIS2_PLACEMENT_3D('',#1452,#1453,#1454);
#1456=CYLINDRICAL_SURFACE('',#1455,3.175E-1);
#1457=ORIENTED_EDGE('',*,*,#1153,.T.);
#1459=ORIENTED_EDGE('',*,*,#1458,.F.);
#1461=ORIENTED_EDGE('',*,*,#1460,.T.);
#1462=ORIENTED_EDGE('',*,*,#1445,.T.);
#1463=EDGE_LOOP('',(#1457,#1459,#1461,#1462));
#1464=FACE_OUTER_BOUND('',#1463,.F.);
#1466=CARTESIAN_POINT('',(3.14325E0,-4.0005E-1,-1.17348E1));
#1467=DIRECTION('',(9.947598427481E-1,0.E0,-1.022392060602E-1));
#1468=DIRECTION('',(-1.022392060602E-1,0.E0,-9.947598427481E-1));
#1469=AXIS2_PLACEMENT_3D('',#1466,#1467,#1468);
#1470=PLANE('',#1469);
#1471=ORIENTED_EDGE('',*,*,#1458,.T.);
#1472=ORIENTED_EDGE('',*,*,#1151,.F.);
#1474=ORIENTED_EDGE('',*,*,#1473,.T.);
#1476=ORIENTED_EDGE('',*,*,#1475,.T.);
#1477=EDGE_LOOP('',(#1471,#1472,#1474,#1476));
#1478=FACE_OUTER_BOUND('',#1477,.F.);
#1480=CARTESIAN_POINT('',(3.14325E0,-4.0005E-1,-1.02108E1));
#1481=DIRECTION('',(1.E0,0.E0,0.E0));
#1482=DIRECTION('',(0.E0,0.E0,-1.E0));
#1483=AXIS2_PLACEMENT_3D('',#1480,#1481,#1482);
#1484=PLANE('',#1483);
#1485=ORIENTED_EDGE('',*,*,#1149,.F.);
#1487=ORIENTED_EDGE('',*,*,#1486,.T.);
#1489=ORIENTED_EDGE('',*,*,#1488,.T.);
#1490=ORIENTED_EDGE('',*,*,#1473,.F.);
#1491=EDGE_LOOP('',(#1485,#1487,#1489,#1490));
#1492=FACE_OUTER_BOUND('',#1491,.F.);
#1494=CARTESIAN_POINT('',(3.9624E0,-4.0005E-1,-1.02108E1));
#1495=DIRECTION('',(0.E0,0.E0,-1.E0));
#1496=DIRECTION('',(-1.E0,0.E0,0.E0));
#1497=AXIS2_PLACEMENT_3D('',#1494,#1495,#1496);
#1498=PLANE('',#1497);
#1499=ORIENTED_EDGE('',*,*,#1147,.F.);
#1501=ORIENTED_EDGE('',*,*,#1500,.T.);
#1503=ORIENTED_EDGE('',*,*,#1502,.T.);
#1504=ORIENTED_EDGE('',*,*,#1486,.F.);
#1505=EDGE_LOOP('',(#1499,#1501,#1503,#1504));
#1506=FACE_OUTER_BOUND('',#1505,.F.);
#1508=CARTESIAN_POINT('',(3.9624E0,-4.0005E-1,-7.9248E0));
#1509=DIRECTION('',(1.E0,0.E0,0.E0));
#1510=DIRECTION('',(0.E0,0.E0,-1.E0));
#1511=AXIS2_PLACEMENT_3D('',#1508,#1509,#1510);
#1512=PLANE('',#1511);
#1513=ORIENTED_EDGE('',*,*,#1145,.F.);
#1515=ORIENTED_EDGE('',*,*,#1514,.T.);
#1517=ORIENTED_EDGE('',*,*,#1516,.T.);
#1518=ORIENTED_EDGE('',*,*,#1500,.F.);
#1519=EDGE_LOOP('',(#1513,#1515,#1517,#1518));
#1520=FACE_OUTER_BOUND('',#1519,.F.);
#1522=CARTESIAN_POINT('',(3.175E0,-4.0005E-1,-7.9248E0));
#1523=DIRECTION('',(0.E0,0.E0,1.E0));
#1524=DIRECTION('',(1.E0,0.E0,0.E0));
#1525=AXIS2_PLACEMENT_3D('',#1522,#1523,#1524);
#1526=PLANE('',#1525);
#1527=ORIENTED_EDGE('',*,*,#1143,.F.);
#1529=ORIENTED_EDGE('',*,*,#1528,.T.);
#1531=ORIENTED_EDGE('',*,*,#1530,.T.);
#1532=ORIENTED_EDGE('',*,*,#1514,.F.);
#1533=EDGE_LOOP('',(#1527,#1529,#1531,#1532));
#1534=FACE_OUTER_BOUND('',#1533,.F.);
#1536=CARTESIAN_POINT('',(3.175E0,-4.0005E-1,0.E0));
#1537=DIRECTION('',(1.E0,0.E0,0.E0));
#1538=DIRECTION('',(0.E0,0.E0,-1.E0));
#1539=AXIS2_PLACEMENT_3D('',#1536,#1537,#1538);
#1540=PLANE('',#1539);
#1542=ORIENTED_EDGE('',*,*,#1541,.F.);
#1544=ORIENTED_EDGE('',*,*,#1543,.F.);
#1546=ORIENTED_EDGE('',*,*,#1545,.F.);
#1548=ORIENTED_EDGE('',*,*,#1547,.T.);
#1549=ORIENTED_EDGE('',*,*,#1528,.F.);
#1550=ORIENTED_EDGE('',*,*,#1141,.F.);
#1551=EDGE_LOOP('',(#1542,#1544,#1546,#1548,#1549,#1550));
#1552=FACE_OUTER_BOUND('',#1551,.F.);
#1554=CARTESIAN_POINT('',(1.065814103640E-14,-3.216726570751E-1,-4.445E-1));
#1555=DIRECTION('',(0.E0,-9.848077530122E-1,1.736481776669E-1));
#1556=DIRECTION('',(0.E0,1.736481776669E-1,9.848077530122E-1));
#1557=AXIS2_PLACEMENT_3D('',#1554,#1555,#1556);
#1558=PLANE('',#1557);
#1559=ORIENTED_EDGE('',*,*,#1541,.T.);
#1560=ORIENTED_EDGE('',*,*,#1139,.T.);
#1562=ORIENTED_EDGE('',*,*,#1561,.T.);
#1564=ORIENTED_EDGE('',*,*,#1563,.F.);
#1566=ORIENTED_EDGE('',*,*,#1565,.F.);
#1568=ORIENTED_EDGE('',*,*,#1567,.T.);
#1569=EDGE_LOOP('',(#1559,#1560,#1562,#1564,#1566,#1568));
#1570=FACE_OUTER_BOUND('',#1569,.F.);
#1572=CARTESIAN_POINT('',(-3.175E0,-4.0005E-1,-7.9248E0));
#1573=DIRECTION('',(-1.E0,0.E0,0.E0));
#1574=DIRECTION('',(0.E0,0.E0,1.E0));
#1575=AXIS2_PLACEMENT_3D('',#1572,#1573,#1574);
#1576=PLANE('',#1575);
#1577=ORIENTED_EDGE('',*,*,#1561,.F.);
#1578=ORIENTED_EDGE('',*,*,#1137,.F.);
#1580=ORIENTED_EDGE('',*,*,#1579,.T.);
#1582=ORIENTED_EDGE('',*,*,#1581,.T.);
#1584=ORIENTED_EDGE('',*,*,#1583,.F.);
#1586=ORIENTED_EDGE('',*,*,#1585,.T.);
#1587=EDGE_LOOP('',(#1577,#1578,#1580,#1582,#1584,#1586));
#1588=FACE_OUTER_BOUND('',#1587,.F.);
#1590=CARTESIAN_POINT('',(-3.9624E0,-4.0005E-1,-7.9248E0));
#1591=DIRECTION('',(0.E0,0.E0,1.E0));
#1592=DIRECTION('',(1.E0,0.E0,0.E0));
#1593=AXIS2_PLACEMENT_3D('',#1590,#1591,#1592);
#1594=PLANE('',#1593);
#1595=ORIENTED_EDGE('',*,*,#1135,.F.);
#1597=ORIENTED_EDGE('',*,*,#1596,.T.);
#1599=ORIENTED_EDGE('',*,*,#1598,.T.);
#1600=ORIENTED_EDGE('',*,*,#1579,.F.);
#1601=EDGE_LOOP('',(#1595,#1597,#1599,#1600));
#1602=FACE_OUTER_BOUND('',#1601,.F.);
#1604=CARTESIAN_POINT('',(-3.9624E0,-4.0005E-1,-1.02108E1));
#1605=DIRECTION('',(-1.E0,0.E0,0.E0));
#1606=DIRECTION('',(0.E0,0.E0,1.E0));
#1607=AXIS2_PLACEMENT_3D('',#1604,#1605,#1606);
#1608=PLANE('',#1607);
#1609=ORIENTED_EDGE('',*,*,#1133,.F.);
#1611=ORIENTED_EDGE('',*,*,#1610,.T.);
#1613=ORIENTED_EDGE('',*,*,#1612,.T.);
#1614=ORIENTED_EDGE('',*,*,#1596,.F.);
#1615=EDGE_LOOP('',(#1609,#1611,#1613,#1614));
#1616=FACE_OUTER_BOUND('',#1615,.F.);
#1618=CARTESIAN_POINT('',(-3.14325E0,-4.0005E-1,-1.02108E1));
#1619=DIRECTION('',(0.E0,0.E0,-1.E0));
#1620=DIRECTION('',(-1.E0,0.E0,0.E0));
#1621=AXIS2_PLACEMENT_3D('',#1618,#1619,#1620);
#1622=PLANE('',#1621);
#1623=ORIENTED_EDGE('',*,*,#1131,.F.);
#1625=ORIENTED_EDGE('',*,*,#1624,.T.);
#1627=ORIENTED_EDGE('',*,*,#1626,.T.);
#1628=ORIENTED_EDGE('',*,*,#1610,.F.);
#1629=EDGE_LOOP('',(#1623,#1625,#1627,#1628));
#1630=FACE_OUTER_BOUND('',#1629,.F.);
#1632=CARTESIAN_POINT('',(-3.14325E0,-4.0005E-1,-1.17348E1));
#1633=DIRECTION('',(-1.E0,0.E0,0.E0));
#1634=DIRECTION('',(0.E0,0.E0,1.E0));
#1635=AXIS2_PLACEMENT_3D('',#1632,#1633,#1634);
#1636=PLANE('',#1635);
#1637=ORIENTED_EDGE('',*,*,#1129,.F.);
#1639=ORIENTED_EDGE('',*,*,#1638,.T.);
#1641=ORIENTED_EDGE('',*,*,#1640,.T.);
#1642=ORIENTED_EDGE('',*,*,#1624,.F.);
#1643=EDGE_LOOP('',(#1637,#1639,#1641,#1642));
#1644=FACE_OUTER_BOUND('',#1643,.F.);
#1646=CARTESIAN_POINT('',(-2.9083E0,-4.0005E-1,-1.40208E1));
#1647=DIRECTION('',(-9.947598427481E-1,0.E0,-1.022392060602E-1));
#1648=DIRECTION('',(-1.022392060602E-1,0.E0,9.947598427481E-1));
#1649=AXIS2_PLACEMENT_3D('',#1646,#1647,#1648);
#1650=PLANE('',#1649);
#1651=ORIENTED_EDGE('',*,*,#1196,.F.);
#1653=ORIENTED_EDGE('',*,*,#1652,.T.);
#1654=ORIENTED_EDGE('',*,*,#1638,.F.);
#1655=ORIENTED_EDGE('',*,*,#1127,.F.);
#1656=EDGE_LOOP('',(#1651,#1653,#1654,#1655));
#1657=FACE_OUTER_BOUND('',#1656,.F.);
#1659=CARTESIAN_POINT('',(0.E0,4.0005E-1,0.E0));
#1660=DIRECTION('',(0.E0,1.E0,0.E0));
#1661=DIRECTION('',(1.E0,0.E0,0.E0));
#1662=AXIS2_PLACEMENT_3D('',#1659,#1660,#1661);
#1663=PLANE('',#1662);
#1664=ORIENTED_EDGE('',*,*,#1194,.F.);
#1665=ORIENTED_EDGE('',*,*,#1210,.F.);
#1666=ORIENTED_EDGE('',*,*,#1223,.F.);
#1667=ORIENTED_EDGE('',*,*,#1238,.F.);
#1668=ORIENTED_EDGE('',*,*,#1250,.F.);
#1669=ORIENTED_EDGE('',*,*,#1270,.F.);
#1671=ORIENTED_EDGE('',*,*,#1670,.F.);
#1672=ORIENTED_EDGE('',*,*,#1353,.F.);
#1674=ORIENTED_EDGE('',*,*,#1673,.T.);
#1676=ORIENTED_EDGE('',*,*,#1675,.F.);
#1677=ORIENTED_EDGE('',*,*,#1387,.F.);
#1678=ORIENTED_EDGE('',*,*,#1404,.F.);
#1679=ORIENTED_EDGE('',*,*,#1417,.F.);
#1680=ORIENTED_EDGE('',*,*,#1432,.F.);
#1681=ORIENTED_EDGE('',*,*,#1447,.F.);
#1682=ORIENTED_EDGE('',*,*,#1460,.F.);
#1683=ORIENTED_EDGE('',*,*,#1475,.F.);
#1684=ORIENTED_EDGE('',*,*,#1488,.F.);
#1685=ORIENTED_EDGE('',*,*,#1502,.F.);
#1686=ORIENTED_EDGE('',*,*,#1516,.F.);
#1687=ORIENTED_EDGE('',*,*,#1530,.F.);
#1688=ORIENTED_EDGE('',*,*,#1547,.F.);
#1690=ORIENTED_EDGE('',*,*,#1689,.F.);
#1691=ORIENTED_EDGE('',*,*,#1581,.F.);
#1692=ORIENTED_EDGE('',*,*,#1598,.F.);
#1693=ORIENTED_EDGE('',*,*,#1612,.F.);
#1694=ORIENTED_EDGE('',*,*,#1626,.F.);
#1695=ORIENTED_EDGE('',*,*,#1640,.F.);
#1696=ORIENTED_EDGE('',*,*,#1652,.F.);
#1697=EDGE_LOOP('',(#1664,#1665,#1666,#1667,#1668,#1669,#1671,#1672,#1674,#1676,
#1677,#1678,#1679,#1680,#1681,#1682,#1683,#1684,#1685,#1686,#1687,#1688,#1690,
#1691,#1692,#1693,#1694,#1695,#1696));
#1698=FACE_OUTER_BOUND('',#1697,.F.);
#1700=CARTESIAN_POINT('',(0.E0,-9.0805E-1,-9.0297E0));
#1701=DIRECTION('',(-1.E0,0.E0,0.E0));
#1702=DIRECTION('',(0.E0,-1.E0,0.E0));
#1703=AXIS2_PLACEMENT_3D('',#1700,#1701,#1702);
#1704=CYLINDRICAL_SURFACE('',#1703,1.3081E0);
#1705=ORIENTED_EDGE('',*,*,#1330,.F.);
#1706=ORIENTED_EDGE('',*,*,#1355,.F.);
#1707=ORIENTED_EDGE('',*,*,#1670,.T.);
#1708=ORIENTED_EDGE('',*,*,#1268,.F.);
#1709=ORIENTED_EDGE('',*,*,#1304,.T.);
#1711=ORIENTED_EDGE('',*,*,#1710,.F.);
#1712=EDGE_LOOP('',(#1705,#1706,#1707,#1708,#1709,#1711));
#1713=FACE_OUTER_BOUND('',#1712,.F.);
#1715=CARTESIAN_POINT('',(0.E0,-9.0805E-1,-1.03378E1));
#1716=DIRECTION('',(0.E0,0.E0,-1.E0));
#1717=DIRECTION('',(0.E0,-1.E0,0.E0));
#1718=AXIS2_PLACEMENT_3D('',#1715,#1716,#1717);
#1719=PLANE('',#1718);
#1720=ORIENTED_EDGE('',*,*,#1332,.F.);
#1721=ORIENTED_EDGE('',*,*,#1710,.T.);
#1722=ORIENTED_EDGE('',*,*,#1302,.T.);
#1724=ORIENTED_EDGE('',*,*,#1723,.F.);
#1725=EDGE_LOOP('',(#1720,#1721,#1722,#1724));
#1726=FACE_OUTER_BOUND('',#1725,.F.);
#1728=CARTESIAN_POINT('',(0.E0,-1.54305E0,-1.03378E1));
#1729=DIRECTION('',(0.E0,-1.E0,0.E0));
#1730=DIRECTION('',(0.E0,0.E0,1.E0));
#1731=AXIS2_PLACEMENT_3D('',#1728,#1729,#1730);
#1732=PLANE('',#1731);
#1733=ORIENTED_EDGE('',*,*,#1334,.T.);
#1734=ORIENTED_EDGE('',*,*,#1723,.T.);
#1735=ORIENTED_EDGE('',*,*,#1300,.F.);
#1736=ORIENTED_EDGE('',*,*,#1316,.F.);
#1737=EDGE_LOOP('',(#1733,#1734,#1735,#1736));
#1738=FACE_OUTER_BOUND('',#1737,.F.);
#1740=CARTESIAN_POINT('',(2.602699684186E-1,1.54305E0,-8.9408E0));
#1741=DIRECTION('',(9.925461516413E-1,0.E0,1.218693434051E-1));
#1742=DIRECTION('',(1.218693434051E-1,0.E0,-9.925461516413E-1));
#1743=AXIS2_PLACEMENT_3D('',#1740,#1741,#1742);
#1744=PLANE('',#1743);
#1745=ORIENTED_EDGE('',*,*,#1351,.F.);
#1746=ORIENTED_EDGE('',*,*,#1372,.T.);
#1748=ORIENTED_EDGE('',*,*,#1747,.T.);
#1750=ORIENTED_EDGE('',*,*,#1749,.F.);
#1752=ORIENTED_EDGE('',*,*,#1751,.T.);
#1754=ORIENTED_EDGE('',*,*,#1753,.F.);
#1755=ORIENTED_EDGE('',*,*,#1673,.F.);
#1756=EDGE_LOOP('',(#1745,#1746,#1748,#1750,#1752,#1754,#1755));
#1757=FACE_OUTER_BOUND('',#1756,.F.);
#1759=CARTESIAN_POINT('',(0.E0,9.0805E-1,-1.03378E1));
#1760=DIRECTION('',(0.E0,0.E0,-1.E0));
#1761=DIRECTION('',(0.E0,1.E0,0.E0));
#1762=AXIS2_PLACEMENT_3D('',#1759,#1760,#1761);
#1763=PLANE('',#1762);
#1764=ORIENTED_EDGE('',*,*,#1747,.F.);
#1765=ORIENTED_EDGE('',*,*,#1370,.T.);
#1767=ORIENTED_EDGE('',*,*,#1766,.T.);
#1769=ORIENTED_EDGE('',*,*,#1768,.F.);
#1770=EDGE_LOOP('',(#1764,#1765,#1767,#1769));
#1771=FACE_OUTER_BOUND('',#1770,.F.);
#1773=CARTESIAN_POINT('',(1.2446E0,1.54305E0,-1.03378E1));
#1774=DIRECTION('',(-9.925461516413E-1,0.E0,1.218693434051E-1));
#1775=DIRECTION('',(1.218693434051E-1,0.E0,9.925461516413E-1));
#1776=AXIS2_PLACEMENT_3D('',#1773,#1774,#1775);
#1777=PLANE('',#1776);
#1778=ORIENTED_EDGE('',*,*,#1368,.F.);
#1779=ORIENTED_EDGE('',*,*,#1391,.T.);
#1781=ORIENTED_EDGE('',*,*,#1780,.T.);
#1783=ORIENTED_EDGE('',*,*,#1782,.F.);
#1785=ORIENTED_EDGE('',*,*,#1784,.T.);
#1786=ORIENTED_EDGE('',*,*,#1766,.F.);
#1787=EDGE_LOOP('',(#1778,#1779,#1781,#1783,#1785,#1786));
#1788=FACE_OUTER_BOUND('',#1787,.F.);
#1790=CARTESIAN_POINT('',(0.E0,9.0805E-1,-9.0297E0));
#1791=DIRECTION('',(1.E0,0.E0,0.E0));
#1792=DIRECTION('',(0.E0,1.E0,0.E0));
#1793=AXIS2_PLACEMENT_3D('',#1790,#1791,#1792);
#1794=CYLINDRICAL_SURFACE('',#1793,5.08E-1);
#1795=ORIENTED_EDGE('',*,*,#1780,.F.);
#1796=ORIENTED_EDGE('',*,*,#1389,.F.);
#1797=ORIENTED_EDGE('',*,*,#1675,.T.);
#1798=ORIENTED_EDGE('',*,*,#1753,.T.);
#1800=ORIENTED_EDGE('',*,*,#1799,.T.);
#1801=EDGE_LOOP('',(#1795,#1796,#1797,#1798,#1800));
#1802=FACE_OUTER_BOUND('',#1801,.F.);
#1804=CARTESIAN_POINT('',(0.E0,1.54305E0,-9.5377E0));
#1805=DIRECTION('',(0.E0,0.E0,1.E0));
#1806=DIRECTION('',(0.E0,-1.E0,0.E0));
#1807=AXIS2_PLACEMENT_3D('',#1804,#1805,#1806);
#1808=PLANE('',#1807);
#1809=ORIENTED_EDGE('',*,*,#1751,.F.);
#1811=ORIENTED_EDGE('',*,*,#1810,.T.);
#1812=ORIENTED_EDGE('',*,*,#1782,.T.);
#1813=ORIENTED_EDGE('',*,*,#1799,.F.);
#1814=EDGE_LOOP('',(#1809,#1811,#1812,#1813));
#1815=FACE_OUTER_BOUND('',#1814,.F.);
#1817=CARTESIAN_POINT('',(0.E0,1.54305E0,-1.03378E1));
#1818=DIRECTION('',(0.E0,1.E0,0.E0));
#1819=DIRECTION('',(0.E0,0.E0,1.E0));
#1820=AXIS2_PLACEMENT_3D('',#1817,#1818,#1819);
#1821=PLANE('',#1820);
#1822=ORIENTED_EDGE('',*,*,#1749,.T.);
#1823=ORIENTED_EDGE('',*,*,#1768,.T.);
#1824=ORIENTED_EDGE('',*,*,#1784,.F.);
#1825=ORIENTED_EDGE('',*,*,#1810,.F.);
#1826=EDGE_LOOP('',(#1822,#1823,#1824,#1825));
#1827=FACE_OUTER_BOUND('',#1826,.F.);
#1829=CARTESIAN_POINT('',(1.065814103640E-14,3.216726570751E-1,-4.445E-1));
#1830=DIRECTION('',(0.E0,9.848077530122E-1,1.736481776669E-1));
#1831=DIRECTION('',(0.E0,-1.736481776669E-1,9.848077530122E-1));
#1832=AXIS2_PLACEMENT_3D('',#1829,#1830,#1831);
#1833=PLANE('',#1832);
#1834=ORIENTED_EDGE('',*,*,#1545,.T.);
#1836=ORIENTED_EDGE('',*,*,#1835,.F.);
#1838=ORIENTED_EDGE('',*,*,#1837,.F.);
#1840=ORIENTED_EDGE('',*,*,#1839,.T.);
#1841=ORIENTED_EDGE('',*,*,#1583,.T.);
#1842=ORIENTED_EDGE('',*,*,#1689,.T.);
#1843=EDGE_LOOP('',(#1834,#1836,#1838,#1840,#1841,#1842));
#1844=FACE_OUTER_BOUND('',#1843,.F.);
#1846=CARTESIAN_POINT('',(2.7559E0,0.E0,-4.191E-1));
#1847=DIRECTION('',(7.071067811865E-1,0.E0,7.071067811865E-1));
#1848=DIRECTION('',(-7.071067811865E-1,0.E0,7.071067811865E-1));
#1849=AXIS2_PLACEMENT_3D('',#1846,#1847,#1848);
#1850=PLANE('',#1849);
#1851=ORIENTED_EDGE('',*,*,#1543,.T.);
#1852=ORIENTED_EDGE('',*,*,#1567,.F.);
#1854=ORIENTED_EDGE('',*,*,#1853,.F.);
#1855=ORIENTED_EDGE('',*,*,#1835,.T.);
#1856=EDGE_LOOP('',(#1851,#1852,#1854,#1855));
#1857=FACE_OUTER_BOUND('',#1856,.F.);
#1859=CARTESIAN_POINT('',(-3.175E0,-4.0005E-1,0.E0));
#1860=DIRECTION('',(0.E0,0.E0,1.E0));
#1861=DIRECTION('',(1.E0,0.E0,0.E0));
#1862=AXIS2_PLACEMENT_3D('',#1859,#1860,#1861);
#1863=PLANE('',#1862);
#1864=ORIENTED_EDGE('',*,*,#1565,.T.);
#1866=ORIENTED_EDGE('',*,*,#1865,.F.);
#1867=ORIENTED_EDGE('',*,*,#1837,.T.);
#1868=ORIENTED_EDGE('',*,*,#1853,.T.);
#1869=EDGE_LOOP('',(#1864,#1866,#1867,#1868));
#1870=FACE_OUTER_BOUND('',#1869,.F.);
#1872=CARTESIAN_POINT('',(-2.7559E0,0.E0,-4.191E-1));
#1873=DIRECTION('',(-7.071067811865E-1,0.E0,7.071067811865E-1));
#1874=DIRECTION('',(-7.071067811865E-1,0.E0,-7.071067811865E-1));
#1875=AXIS2_PLACEMENT_3D('',#1872,#1873,#1874);
#1876=PLANE('',#1875);
#1877=ORIENTED_EDGE('',*,*,#1585,.F.);
#1878=ORIENTED_EDGE('',*,*,#1839,.F.);
#1879=ORIENTED_EDGE('',*,*,#1865,.T.);
#1880=ORIENTED_EDGE('',*,*,#1563,.T.);
#1881=EDGE_LOOP('',(#1877,#1878,#1879,#1880));
#1882=FACE_OUTER_BOUND('',#1881,.F.);
#1884=CLOSED_SHELL('',(#1185,#1200,#1214,#1228,#1242,#1256,#1274,#1290,#1308,
#1322,#1341,#1359,#1377,#1395,#1409,#1423,#1437,#1451,#1465,#1479,#1493,#1507,
#1521,#1535,#1553,#1571,#1589,#1603,#1617,#1631,#1645,#1658,#1699,#1714,#1727,
#1739,#1758,#1772,#1789,#1803,#1816,#1828,#1845,#1858,#1871,#1883));
#1885=MANIFOLD_SOLID_BREP('',#1884);
#1888=PLANE_ANGLE_MEASURE_WITH_UNIT(PLANE_ANGLE_MEASURE(1.745329251994E-2),
#1887);
#1889=(CONVERSION_BASED_UNIT('DEGREE',#1888)NAMED_UNIT(*)PLANE_ANGLE_UNIT());
#1891=UNCERTAINTY_MEASURE_WITH_UNIT(LENGTH_MEASURE(1.476273203080E-5),#1886,
'distance_accuracy_value',
'Maximum model space distance between geometric entities at asserted connectivities');
#1894=APPLICATION_CONTEXT('automotive_design');
#1895=APPLICATION_PROTOCOL_DEFINITION('international standard',
'automotive_design',2001,#1894);
#1896=PRODUCT_DEFINITION_CONTEXT('part definition',#1894,'design');
#1897=PRODUCT_CONTEXT('',#1894,'mechanical');
#1898=PRODUCT('C-1742188-1','C-1742188-1','NOT SPECIFIED',(#1897));
#1899=PRODUCT_DEFINITION_FORMATION('1','LAST_VERSION',#1898);
#1907=DERIVED_UNIT_ELEMENT(#1906,2.E0);
#1908=DERIVED_UNIT((#1907));
#1909=MEASURE_REPRESENTATION_ITEM('surface area measure',AREA_MEASURE(
1.958882417564E2),#1908);
#1914=DERIVED_UNIT_ELEMENT(#1913,3.E0);
#1915=DERIVED_UNIT((#1914));
#1916=MEASURE_REPRESENTATION_ITEM('volume measure',VOLUME_MEASURE(
5.936773545697E1),#1915);
#1920=CARTESIAN_POINT('centre point',(-5.547679626982E-8,4.049037080385E-11,
-6.109377204052E0));
#1925=DERIVED_UNIT_ELEMENT(#1924,2.E0);
#1926=DERIVED_UNIT((#1925));
#1927=MEASURE_REPRESENTATION_ITEM('surface area measure',AREA_MEASURE(
1.958882417564E2),#1926);
#1932=DERIVED_UNIT_ELEMENT(#1931,3.E0);
#1933=DERIVED_UNIT((#1932));
#1934=MEASURE_REPRESENTATION_ITEM('volume measure',VOLUME_MEASURE(
5.936773545697E1),#1933);
#1938=CARTESIAN_POINT('centre point',(-5.547679626982E-8,4.049037080385E-11,
-6.109377204052E0));
#1943=PRODUCT_RELATED_PRODUCT_CATEGORY('part','',(#1898));
#1=DRAUGHTING_PRE_DEFINED_COLOUR('black');
#2=COLOUR_RGB('',0.E0,0.E0,3.6E-1);
#3=COLOUR_RGB('',0.E0,0.E0,4.8E-1);
#4=DRAUGHTING_PRE_DEFINED_COLOUR('blue');
#5=COLOUR_RGB('',0.E0,5.8824E-2,4.58824E-1);
#6=COLOUR_RGB('',0.E0,1.80392E-1,4.78431E-1);
#7=COLOUR_RGB('',0.E0,3.6E-1,9.E-2);
#8=COLOUR_RGB('',0.E0,3.6E-1,2.7E-1);
#9=COLOUR_RGB('',0.E0,5.6E-1,6.4E-1);
#10=COLOUR_RGB('',0.E0,5.8E-1,8.E-1);
#11=COLOUR_RGB('',0.E0,7.1E-1,6.6E-1);
#12=COLOUR_RGB('',0.E0,7.13E-1,0.E0);
#13=COLOUR_RGB('',0.E0,9.5E-1,8.4E-1);
#14=DRAUGHTING_PRE_DEFINED_COLOUR('green');
#15=DRAUGHTING_PRE_DEFINED_COLOUR('cyan');
#16=COLOUR_RGB('',1.1765E-2,1.9608E-2,3.9216E-2);
#17=COLOUR_RGB('',4.E-2,0.E0,1.6E-1);
#18=COLOUR_RGB('',3.9216E-2,2.19608E-1,1.21569E-1);
#19=COLOUR_RGB('',3.9216E-2,3.60784E-1,2.E-1);
#20=COLOUR_RGB('',5.098E-2,7.0588E-2,1.01961E-1);
#21=COLOUR_RGB('',9.E-2,0.E0,1.2E-1);
#22=COLOUR_RGB('',9.0196E-2,1.60784E-1,1.09804E-1);
#23=COLOUR_RGB('',9.0196E-2,3.80392E-1,6.70588E-1);
#24=COLOUR_RGB('',1.E-1,0.E0,2.5E-1);
#25=COLOUR_RGB('',1.01961E-1,4.78431E-1,3.88235E-1);
#26=COLOUR_RGB('',1.09804E-1,1.4902E-1,9.0196E-2);
#27=COLOUR_RGB('',1.4902E-1,3.09804E-1,5.29412E-1);
#28=COLOUR_RGB('',1.4902E-1,4.E-1,1.60784E-1);
#29=COLOUR_RGB('',1.6E-1,3.2E-2,0.E0);
#30=COLOUR_RGB('',1.60784E-1,4.5098E-1,7.21569E-1);
#31=COLOUR_RGB('',1.6E-1,4.6E-1,6.5E-1);
#32=COLOUR_RGB('',1.6E-1,1.E0,1.6E-1);
#33=COLOUR_RGB('',2.E-1,3.2E-2,0.E0);
#34=COLOUR_RGB('',2.11765E-1,4.11765E-1,1.4902E-1);
#35=COLOUR_RGB('',2.39216E-1,2.39216E-1,2.31373E-1);
#36=COLOUR_RGB('',2.39216E-1,2.70588E-1,1.80392E-1);
#37=COLOUR_RGB('',2.5098E-1,2.90196E-1,3.29412E-1);
#38=COLOUR_RGB('',2.90196E-1,4.31373E-1,2.E-1);
#39=COLOUR_RGB('',3.1E-1,3.1E-1,5.6E-1);
#40=COLOUR_RGB('',3.09804E-1,6.58824E-1,2.E-1);
#41=COLOUR_RGB('',3.2E-1,1.5E-1,0.E0);
#42=COLOUR_RGB('',3.60784E-1,3.1373E-2,1.68627E-1);
#43=COLOUR_RGB('',3.68627E-1,2.E-1,1.21569E-1);
#44=COLOUR_RGB('',3.88235E-1,2.39216E-1,6.11765E-1);
#45=COLOUR_RGB('',4.E-1,4.E-1,4.E-1);
#46=COLOUR_RGB('',4.11765E-1,5.8824E-2,7.8431E-2);
#47=COLOUR_RGB('',4.11765E-1,3.29412E-1,2.19608E-1);
#48=COLOUR_RGB('',4.2E-1,4.2E-1,1.E0);
#49=COLOUR_RGB('',4.4E-1,8.5E-1,1.E0);
#50=COLOUR_RGB('',4.58824E-1,4.5098E-1,3.09804E-1);
#51=COLOUR_RGB('',4.70588E-1,5.09804E-1,5.4902E-1);
#52=COLOUR_RGB('',4.78431E-1,4.90196E-1,4.58824E-1);
#53=COLOUR_RGB('',4.90196E-1,3.60784E-1,2.19608E-1);
#54=COLOUR_RGB('',4.9E-1,4.9E-1,0.E0);
#55=COLOUR_RGB('',4.9E-1,1.E0,0.E0);
#56=COLOUR_RGB('',5.E-1,0.E0,0.E0);
#57=COLOUR_RGB('',5.E-1,0.E0,2.3E-1);
#58=COLOUR_RGB('',5.E-1,5.E-1,5.E-1);
#59=COLOUR_RGB('',5.21569E-1,2.19608E-1,1.68627E-1);
#60=COLOUR_RGB('',5.3E-1,0.E0,0.E0);
#61=COLOUR_RGB('',5.29412E-1,5.80392E-1,6.5098E-1);
#62=COLOUR_RGB('',5.4E-1,0.E0,4.4E-1);
#63=COLOUR_RGB('',5.5E-1,3.E-1,0.E0);
#64=COLOUR_RGB('',5.6E-1,1.E-1,5.E-2);
#65=COLOUR_RGB('',5.60784E-1,5.80392E-1,6.19608E-1);
#66=COLOUR_RGB('',5.68627E-1,5.8824E-2,4.E-1);
#67=COLOUR_RGB('',5.8E-1,2.2E-1,1.E-2);
#68=COLOUR_RGB('',5.88235E-1,1.21569E-1,1.09804E-1);
#69=COLOUR_RGB('',6.E-1,6.E-1,6.E-1);
#70=COLOUR_RGB('',6.11765E-1,5.60784E-1,3.80392E-1);
#71=COLOUR_RGB('',6.11765E-1,6.11765E-1,6.5098E-1);
#72=COLOUR_RGB('',6.2E-1,0.E0,5.5E-1);
#73=COLOUR_RGB('',6.19608E-1,6.39216E-1,6.90196E-1);
#74=COLOUR_RGB('',6.4E-1,0.E0,2.5E-1);
#75=COLOUR_RGB('',6.4E-1,1.E-2,0.E0);
#76=COLOUR_RGB('',6.39216E-1,5.4902E-1,4.78431E-1);
#77=COLOUR_RGB('',6.5098E-1,6.70588E-1,7.09804E-1);
#78=COLOUR_RGB('',6.70588E-1,1.21569E-1,1.09804E-1);
#79=COLOUR_RGB('',6.78431E-1,4.78431E-1,3.09804E-1);
#80=COLOUR_RGB('',6.8E-1,7.5E-1,1.E0);
#81=COLOUR_RGB('',6.952E-1,7.426E-1,7.9E-1);
#82=COLOUR_RGB('',7.09804E-1,7.0588E-2,2.E-1);
#83=COLOUR_RGB('',7.1E-1,3.1E-1,0.E0);
#84=COLOUR_RGB('',7.2E-1,7.2E-1,7.2E-1);
#85=COLOUR_RGB('',7.29412E-1,7.41176E-1,7.29412E-1);
#86=COLOUR_RGB('',7.41176E-1,7.29412E-1,6.70588E-1);
#87=COLOUR_RGB('',7.4E-1,1.E0,2.6E-1);
#88=COLOUR_RGB('',7.5E-1,3.E-2,0.E0);
#89=COLOUR_RGB('',7.4902E-1,8.90196E-1,7.29412E-1);
#90=COLOUR_RGB('',7.6E-1,0.E0,4.7E-1);
#91=COLOUR_RGB('',7.80392E-1,9.0196E-2,7.0588E-2);
#92=COLOUR_RGB('',7.88235E-1,2.19608E-1,5.4902E-1);
#93=COLOUR_RGB('',8.1E-1,4.E-2,0.E0);
#94=COLOUR_RGB('',8.1E-1,6.1E-1,0.E0);
#95=COLOUR_RGB('',8.2E-1,4.E-2,6.6E-1);
#96=COLOUR_RGB('',8.31373E-1,8.5098E-1,8.58824E-1);
#97=COLOUR_RGB('',8.5098E-1,7.29412E-1,5.4902E-1);
#98=COLOUR_RGB('',8.5E-1,8.5E-1,8.5E-1);
#99=COLOUR_RGB('',8.78431E-1,3.68627E-1,1.21569E-1);
#100=COLOUR_RGB('',8.784E-1,9.49E-1,1.E0);
#101=COLOUR_RGB('',8.90196E-1,5.88235E-1,1.41176E-1);
#102=COLOUR_RGB('',9.E-1,1.E0,0.E0);
#103=COLOUR_RGB('',9.09804E-1,6.11765E-1,7.09804E-1);
#104=COLOUR_RGB('',9.37E-1,7.85E-1,0.E0);
#105=COLOUR_RGB('',9.41176E-1,9.29412E-1,9.01961E-1);
#106=COLOUR_RGB('',9.5E-1,2.2E-1,8.1E-1);
#107=COLOUR_RGB('',9.6E-1,3.7E-1,3.E-1);
#108=COLOUR_RGB('',9.6E-1,7.1E-1,3.75E-1);
#109=COLOUR_RGB('',9.80392E-1,1.E0,1.E0);
#110=COLOUR_RGB('',9.88235E-1,1.09804E-1,7.8431E-2);
#111=COLOUR_RGB('',9.88235E-1,7.21569E-1,1.29412E-1);
#112=COLOUR_RGB('',9.88235E-1,9.21569E-1,8.E-1);
#113=DRAUGHTING_PRE_DEFINED_COLOUR('red');
#114=COLOUR_RGB('',1.E0,0.E0,6.1E-1);
#115=COLOUR_RGB('',1.E0,4.E-2,0.E0);
#116=COLOUR_RGB('',1.E0,2.3E-1,0.E0);
#117=COLOUR_RGB('',1.E0,3.5E-1,5.2E-1);
#118=COLOUR_RGB('',1.E0,3.6E-1,0.E0);
#119=COLOUR_RGB('',1.E0,3.88235E-1,2.11765E-1);
#120=COLOUR_RGB('',1.E0,4.9E-1,3.7E-1);
#121=COLOUR_RGB('',1.E0,5.E-1,0.E0);
#122=COLOUR_RGB('',1.E0,5.6E-1,7.8E-1);
#123=COLOUR_RGB('',1.E0,6.4E-1,4.9E-1);
#124=COLOUR_RGB('',1.E0,6.7E-1,0.E0);
#125=COLOUR_RGB('',1.E0,7.6E-1,6.5E-1);
#126=COLOUR_RGB('',1.E0,8.39216E-1,3.01961E-1);
#127=COLOUR_RGB('',1.E0,8.6E-1,4.E-2);
#128=COLOUR_RGB('',1.E0,9.60784E-1,2.58824E-1);
#129=COLOUR_RGB('',1.E0,9.60784E-1,8.90196E-1);
#130=COLOUR_RGB('',1.E0,9.8E-1,7.2E-1);
#131=DRAUGHTING_PRE_DEFINED_COLOUR('yellow');
#132=COLOUR_RGB('',1.E0,1.E0,3.9216E-2);
#133=DRAUGHTING_PRE_DEFINED_COLOUR('white');
#138=CIRCLE('',#137,3.175E-1);
#195=CIRCLE('',#194,3.175E-1);
#204=CIRCLE('',#203,3.175E-1);
#225=CIRCLE('',#224,3.175E-1);
#254=CIRCLE('',#253,2.762312248949E-1);
#284=B_SPLINE_CURVE_WITH_KNOTS('',3,(#255,#256,#257,#258,#259,#260,#261,#262,
#263,#264,#265,#266,#267,#268,#269,#270,#271,#272,#273,#274,#275,#276,#277,#278,
#279,#280,#281,#282,#283),.UNSPECIFIED.,.F.,.F.,(4,1,1,1,1,1,1,1,1,1,1,1,1,1,1,
1,1,1,1,1,1,1,1,1,1,1,4),(0.E0,3.846153846154E-2,7.692307692308E-2,
1.153846153846E-1,1.538461538462E-1,1.923076923077E-1,2.307692307692E-1,
2.692307692308E-1,3.076923076923E-1,3.461538461538E-1,3.846153846154E-1,
4.230769230769E-1,4.615384615385E-1,5.E-1,5.384615384615E-1,5.769230769231E-1,
6.153846153846E-1,6.538461538462E-1,6.923076923077E-1,7.307692307692E-1,
7.692307692308E-1,8.076923076923E-1,8.461538461538E-1,8.846153846154E-1,
9.230769230769E-1,9.615384615385E-1,1.E0),.UNSPECIFIED.);
#312=B_SPLINE_CURVE_WITH_KNOTS('',3,(#285,#286,#287,#288,#289,#290,#291,#292,
#293,#294,#295,#296,#297,#298,#299,#300,#301,#302,#303,#304,#305,#306,#307,#308,
#309,#310,#311),.UNSPECIFIED.,.F.,.F.,(4,1,1,1,1,1,1,1,1,1,1,1,1,1,1,1,1,1,1,1,
1,1,1,1,4),(0.E0,4.166666666667E-2,8.333333333333E-2,1.25E-1,1.666666666667E-1,
2.083333333333E-1,2.5E-1,2.916666666667E-1,3.333333333333E-1,3.75E-1,
4.166666666667E-1,4.583333333333E-1,5.E-1,5.416666666667E-1,5.833333333333E-1,
6.25E-1,6.666666666667E-1,7.083333333333E-1,7.5E-1,7.916666666667E-1,
8.333333333333E-1,8.75E-1,9.166666666667E-1,9.583333333333E-1,1.E0),
.UNSPECIFIED.);
#317=CIRCLE('',#316,2.762312248949E-1);
#333=B_SPLINE_CURVE_WITH_KNOTS('',3,(#318,#319,#320,#321,#322,#323,#324,#325,
#326,#327,#328,#329,#330,#331,#332),.UNSPECIFIED.,.F.,.F.,(4,1,1,1,1,1,1,1,1,1,
1,1,4),(0.E0,6.25E-2,1.25E-1,1.875E-1,2.5E-1,3.75E-1,5.E-1,6.25E-1,7.5E-1,
8.125E-1,8.75E-1,9.375E-1,1.E0),.UNSPECIFIED.);
#355=B_SPLINE_CURVE_WITH_KNOTS('',3,(#338,#339,#340,#341,#342,#343,#344,#345,
#346,#347,#348,#349,#350,#351,#352,#353,#354),.UNSPECIFIED.,.F.,.F.,(4,1,1,1,1,
1,1,1,1,1,1,1,1,1,4),(0.E0,6.25E-2,1.25E-1,1.875E-1,2.5E-1,3.125E-1,3.75E-1,
5.E-1,6.25E-1,6.875E-1,7.5E-1,8.125E-1,8.75E-1,9.375E-1,1.E0),.UNSPECIFIED.);
#388=CIRCLE('',#387,2.941816842421E-1);
#417=B_SPLINE_CURVE_WITH_KNOTS('',3,(#389,#390,#391,#392,#393,#394,#395,#396,
#397,#398,#399,#400,#401,#402,#403,#404,#405,#406,#407,#408,#409,#410,#411,#412,
#413,#414,#415,#416),.UNSPECIFIED.,.F.,.F.,(4,1,1,1,1,1,1,1,1,1,1,1,1,1,1,1,1,1,
1,1,1,1,1,1,1,4),(0.E0,4.E-2,8.E-2,1.2E-1,1.6E-1,2.E-1,2.4E-1,2.8E-1,3.2E-1,
3.6E-1,4.E-1,4.4E-1,4.8E-1,5.2E-1,5.6E-1,6.E-1,6.4E-1,6.8E-1,7.2E-1,7.6E-1,
8.E-1,8.4E-1,8.8E-1,9.2E-1,9.6E-1,1.E0),.UNSPECIFIED.);
#422=CIRCLE('',#421,2.941816842421E-1);
#451=B_SPLINE_CURVE_WITH_KNOTS('',3,(#423,#424,#425,#426,#427,#428,#429,#430,
#431,#432,#433,#434,#435,#436,#437,#438,#439,#440,#441,#442,#443,#444,#445,#446,
#447,#448,#449,#450),.UNSPECIFIED.,.F.,.F.,(4,1,1,1,1,1,1,1,1,1,1,1,1,1,1,1,1,1,
1,1,1,1,1,1,1,4),(0.E0,4.E-2,8.E-2,1.2E-1,1.6E-1,2.E-1,2.4E-1,2.8E-1,3.2E-1,
3.6E-1,4.E-1,4.4E-1,4.8E-1,5.2E-1,5.6E-1,6.E-1,6.4E-1,6.8E-1,7.2E-1,7.6E-1,
8.E-1,8.4E-1,8.8E-1,9.2E-1,9.6E-1,1.E0),.UNSPECIFIED.);
#477=B_SPLINE_CURVE_WITH_KNOTS('',3,(#456,#457,#458,#459,#460,#461,#462,#463,
#464,#465,#466,#467,#468,#469,#470,#471,#472,#473,#474,#475,#476),.UNSPECIFIED.,
.F.,.F.,(4,1,1,1,1,1,1,1,1,1,1,1,1,1,1,1,1,1,4),(0.E0,3.125E-2,6.25E-2,1.25E-1,
1.875E-1,2.5E-1,3.125E-1,3.75E-1,4.375E-1,5.E-1,5.625E-1,6.25E-1,6.875E-1,
7.5E-1,8.125E-1,8.75E-1,9.375E-1,9.6875E-1,1.E0),.UNSPECIFIED.);
#499=B_SPLINE_CURVE_WITH_KNOTS('',3,(#478,#479,#480,#481,#482,#483,#484,#485,
#486,#487,#488,#489,#490,#491,#492,#493,#494,#495,#496,#497,#498),.UNSPECIFIED.,
.F.,.F.,(4,1,1,1,1,1,1,1,1,1,1,1,1,1,1,1,1,1,4),(0.E0,3.125E-2,6.25E-2,1.25E-1,
1.875E-1,2.5E-1,3.125E-1,3.75E-1,4.375E-1,5.E-1,5.625E-1,6.25E-1,6.875E-1,
7.5E-1,8.125E-1,8.75E-1,9.375E-1,9.6875E-1,1.E0),.UNSPECIFIED.);
#527=B_SPLINE_CURVE_WITH_KNOTS('',3,(#500,#501,#502,#503,#504,#505,#506,#507,
#508,#509,#510,#511,#512,#513,#514,#515,#516,#517,#518,#519,#520,#521,#522,#523,
#524,#525,#526),.UNSPECIFIED.,.F.,.F.,(4,1,1,1,1,1,1,1,1,1,1,1,1,1,1,1,1,1,1,1,
1,1,1,1,4),(0.E0,4.166666666667E-2,8.333333333333E-2,1.25E-1,1.666666666667E-1,
2.083333333333E-1,2.5E-1,2.916666666667E-1,3.333333333333E-1,3.75E-1,
4.166666666667E-1,4.583333333333E-1,5.E-1,5.416666666667E-1,5.833333333333E-1,
6.25E-1,6.666666666667E-1,7.083333333333E-1,7.5E-1,7.916666666667E-1,
8.333333333333E-1,8.75E-1,9.166666666667E-1,9.583333333333E-1,1.E0),
.UNSPECIFIED.);
#532=CIRCLE('',#531,2.762312248949E-1);
#537=CIRCLE('',#536,2.762312248949E-1);
#567=B_SPLINE_CURVE_WITH_KNOTS('',3,(#538,#539,#540,#541,#542,#543,#544,#545,
#546,#547,#548,#549,#550,#551,#552,#553,#554,#555,#556,#557,#558,#559,#560,#561,
#562,#563,#564,#565,#566),.UNSPECIFIED.,.F.,.F.,(4,1,1,1,1,1,1,1,1,1,1,1,1,1,1,
1,1,1,1,1,1,1,1,1,1,1,4),(0.E0,3.846153846154E-2,7.692307692308E-2,
1.153846153846E-1,1.538461538462E-1,1.923076923077E-1,2.307692307692E-1,
2.692307692308E-1,3.076923076923E-1,3.461538461538E-1,3.846153846154E-1,
4.230769230769E-1,4.615384615385E-1,5.E-1,5.384615384615E-1,5.769230769231E-1,
6.153846153846E-1,6.538461538462E-1,6.923076923077E-1,7.307692307692E-1,
7.692307692308E-1,8.076923076923E-1,8.461538461538E-1,8.846153846154E-1,
9.230769230769E-1,9.615384615385E-1,1.E0),.UNSPECIFIED.);
#668=CIRCLE('',#667,3.175E-1);
#677=CIRCLE('',#676,3.175E-1);
#698=CIRCLE('',#697,3.175E-1);
#707=CIRCLE('',#706,3.175E-1);
#781=B_SPLINE_CURVE_WITH_KNOTS('',3,(#760,#761,#762,#763,#764,#765,#766,#767,
#768,#769,#770,#771,#772,#773,#774,#775,#776,#777,#778,#779,#780),.UNSPECIFIED.,
.F.,.F.,(4,1,1,1,1,1,1,1,1,1,1,1,1,1,1,1,1,1,4),(0.E0,3.125E-2,6.25E-2,1.25E-1,
1.875E-1,2.5E-1,3.125E-1,3.75E-1,4.375E-1,5.E-1,5.625E-1,6.25E-1,6.875E-1,
7.5E-1,8.125E-1,8.75E-1,9.375E-1,9.6875E-1,1.E0),.UNSPECIFIED.);
#807=B_SPLINE_CURVE_WITH_KNOTS('',3,(#786,#787,#788,#789,#790,#791,#792,#793,
#794,#795,#796,#797,#798,#799,#800,#801,#802,#803,#804,#805,#806),.UNSPECIFIED.,
.F.,.F.,(4,1,1,1,1,1,1,1,1,1,1,1,1,1,1,1,1,1,4),(0.E0,3.125E-2,6.25E-2,1.25E-1,
1.875E-1,2.5E-1,3.125E-1,3.75E-1,4.375E-1,5.E-1,5.625E-1,6.25E-1,6.875E-1,
7.5E-1,8.125E-1,8.75E-1,9.375E-1,9.6875E-1,1.E0),.UNSPECIFIED.);
#871=B_SPLINE_CURVE_WITH_KNOTS('',3,(#856,#857,#858,#859,#860,#861,#862,#863,
#864,#865,#866,#867,#868,#869,#870),.UNSPECIFIED.,.F.,.F.,(4,1,1,1,1,1,1,1,1,1,
1,1,4),(0.E0,6.25E-2,1.25E-1,1.875E-1,2.5E-1,3.75E-1,5.E-1,6.25E-1,7.5E-1,
8.125E-1,8.75E-1,9.375E-1,1.E0),.UNSPECIFIED.);
#893=B_SPLINE_CURVE_WITH_KNOTS('',3,(#876,#877,#878,#879,#880,#881,#882,#883,
#884,#885,#886,#887,#888,#889,#890,#891,#892),.UNSPECIFIED.,.F.,.F.,(4,1,1,1,1,
1,1,1,1,1,1,1,1,1,4),(0.E0,6.25E-2,1.25E-1,1.875E-1,2.5E-1,3.125E-1,3.75E-1,
5.E-1,6.25E-1,6.875E-1,7.5E-1,8.125E-1,8.75E-1,9.375E-1,1.E0),.UNSPECIFIED.);
#1125=EDGE_CURVE('',#1090,#1091,#138,.T.);
#1127=EDGE_CURVE('',#1090,#962,#142,.T.);
#1129=EDGE_CURVE('',#962,#963,#146,.T.);
#1131=EDGE_CURVE('',#963,#965,#150,.T.);
#1133=EDGE_CURVE('',#965,#967,#154,.T.);
#1135=EDGE_CURVE('',#967,#969,#158,.T.);
#1137=EDGE_CURVE('',#969,#995,#162,.T.);
#1139=EDGE_CURVE('',#993,#995,#166,.T.);
#1141=EDGE_CURVE('',#993,#952,#170,.T.);
#1143=EDGE_CURVE('',#952,#953,#174,.T.);
#1145=EDGE_CURVE('',#953,#955,#178,.T.);
#1147=EDGE_CURVE('',#955,#957,#182,.T.);
#1149=EDGE_CURVE('',#957,#959,#186,.T.);
#1151=EDGE_CURVE('',#959,#1115,#190,.T.);
#1153=EDGE_CURVE('',#1114,#1115,#195,.T.);
#1155=EDGE_CURVE('',#1114,#1107,#199,.T.);
#1157=EDGE_CURVE('',#1106,#1107,#204,.T.);
#1159=EDGE_CURVE('',#1106,#1016,#208,.T.);
#1161=EDGE_CURVE('',#1016,#1071,#212,.T.);
#1163=EDGE_CURVE('',#1085,#1071,#532,.T.);
#1165=EDGE_CURVE('',#1082,#1085,#455,.T.);
#1167=EDGE_CURVE('',#1064,#1082,#388,.T.);
#1169=EDGE_CURVE('',#1064,#1074,#383,.T.);
#1171=EDGE_CURVE('',#1079,#1074,#337,.T.);
#1173=EDGE_CURVE('',#1056,#1079,#254,.T.);
#1175=EDGE_CURVE('',#1056,#1020,#216,.T.);
#1177=EDGE_CURVE('',#1020,#1099,#220,.T.);
#1179=EDGE_CURVE('',#1098,#1099,#225,.T.);
#1181=EDGE_CURVE('',#1098,#1091,#229,.T.);
#1185=ADVANCED_FACE('',(#1184),#1124,.F.);
#1192=EDGE_CURVE('',#1093,#1091,#233,.T.);
#1194=EDGE_CURVE('',#1093,#1095,#668,.T.);
#1196=EDGE_CURVE('',#1095,#1090,#663,.T.);
#1200=ADVANCED_FACE('',(#1199),#1190,.T.);
#1208=EDGE_CURVE('',#1103,#1098,#237,.T.);
#1210=EDGE_CURVE('',#1103,#1093,#672,.T.);
#1214=ADVANCED_FACE('',(#1213),#1205,.T.);
#1221=EDGE_CURVE('',#1101,#1099,#241,.T.);
#1223=EDGE_CURVE('',#1101,#1103,#677,.T.);
#1228=ADVANCED_FACE('',(#1227),#1219,.T.);
#1236=EDGE_CURVE('',#1020,#1021,#245,.T.);
#1238=EDGE_CURVE('',#1021,#1101,#681,.T.);
#1242=ADVANCED_FACE('',(#1241),#1233,.T.);
#1248=EDGE_CURVE('',#1056,#1057,#249,.T.);
#1250=EDGE_CURVE('',#1057,#1021,#685,.T.);
#1256=ADVANCED_FACE('',(#1255),#1247,.T.);
#1264=EDGE_CURVE('',#1079,#1060,#284,.T.);
#1266=EDGE_CURVE('',#1060,#1061,#363,.T.);
#1268=EDGE_CURVE('',#1061,#1080,#312,.T.);
#1270=EDGE_CURVE('',#1080,#1057,#317,.T.);
#1274=ADVANCED_FACE('',(#1273),#1261,.F.);
#1280=EDGE_CURVE('',#1060,#1037,#333,.T.);
#1284=EDGE_CURVE('',#1074,#1035,#355,.T.);
#1286=EDGE_CURVE('',#1035,#1037,#359,.T.);
#1290=ADVANCED_FACE('',(#1289),#1279,.F.);
#1298=EDGE_CURVE('',#1033,#1037,#375,.T.);
#1300=EDGE_CURVE('',#1033,#1029,#831,.T.);
#1302=EDGE_CURVE('',#1028,#1029,#819,.T.);
#1304=EDGE_CURVE('',#1061,#1028,#807,.T.);
#1308=ADVANCED_FACE('',(#1307),#1295,.F.);
#1314=EDGE_CURVE('',#1031,#1035,#367,.T.);
#1316=EDGE_CURVE('',#1031,#1033,#371,.T.);
#1322=ADVANCED_FACE('',(#1321),#1313,.T.);
#1328=EDGE_CURVE('',#1064,#1065,#379,.T.);
#1330=EDGE_CURVE('',#1065,#1024,#781,.T.);
#1332=EDGE_CURVE('',#1024,#1025,#811,.T.);
#1334=EDGE_CURVE('',#1031,#1025,#823,.T.);
#1341=ADVANCED_FACE('',(#1340),#1327,.F.);
#1349=EDGE_CURVE('',#1082,#1068,#417,.T.);
#1351=EDGE_CURVE('',#1068,#1069,#835,.T.);
#1353=EDGE_CURVE('',#1069,#1084,#422,.T.);
#1355=EDGE_CURVE('',#1084,#1065,#451,.T.);
#1359=ADVANCED_FACE('',(#1358),#1346,.F.);
#1366=EDGE_CURVE('',#1075,#1085,#527,.T.);
#1368=EDGE_CURVE('',#1075,#1044,#477,.T.);
#1370=EDGE_CURVE('',#1040,#1044,#847,.T.);
#1372=EDGE_CURVE('',#1068,#1040,#499,.T.);
#1377=ADVANCED_FACE('',(#1376),#1364,.T.);
#1385=EDGE_CURVE('',#1071,#1073,#575,.T.);
#1387=EDGE_CURVE('',#1073,#1087,#537,.T.);
#1389=EDGE_CURVE('',#1087,#1077,#567,.T.);
#1391=EDGE_CURVE('',#1075,#1077,#855,.T.);
#1395=ADVANCED_FACE('',(#1394),#1382,.F.);
#1402=EDGE_CURVE('',#1016,#1017,#571,.T.);
#1404=EDGE_CURVE('',#1017,#1073,#689,.T.);
#1409=ADVANCED_FACE('',(#1408),#1400,.T.);
#1415=EDGE_CURVE('',#1111,#1106,#579,.T.);
#1417=EDGE_CURVE('',#1111,#1017,#693,.T.);
#1423=ADVANCED_FACE('',(#1422),#1414,.T.);
#1430=EDGE_CURVE('',#1109,#1107,#583,.T.);
#1432=EDGE_CURVE('',#1109,#1111,#698,.T.);
#1437=ADVANCED_FACE('',(#1436),#1428,.T.);
#1445=EDGE_CURVE('',#1119,#1114,#587,.T.);
#1447=EDGE_CURVE('',#1119,#1109,#702,.T.);
#1451=ADVANCED_FACE('',(#1450),#1442,.T.);
#1458=EDGE_CURVE('',#1117,#1115,#591,.T.);
#1460=EDGE_CURVE('',#1117,#1119,#707,.T.);
#1465=ADVANCED_FACE('',(#1464),#1456,.T.);
#1473=EDGE_CURVE('',#959,#979,#595,.T.);
#1475=EDGE_CURVE('',#979,#1117,#711,.T.);
#1479=ADVANCED_FACE('',(#1478),#1470,.T.);
#1486=EDGE_CURVE('',#957,#977,#599,.T.);
#1488=EDGE_CURVE('',#977,#979,#715,.T.);
#1493=ADVANCED_FACE('',(#1492),#1484,.T.);
#1500=EDGE_CURVE('',#955,#975,#603,.T.);
#1502=EDGE_CURVE('',#975,#977,#719,.T.);
#1507=ADVANCED_FACE('',(#1506),#1498,.T.);
#1514=EDGE_CURVE('',#953,#973,#607,.T.);
#1516=EDGE_CURVE('',#973,#975,#723,.T.);
#1521=ADVANCED_FACE('',(#1520),#1512,.T.);
#1528=EDGE_CURVE('',#952,#972,#611,.T.);
#1530=EDGE_CURVE('',#972,#973,#727,.T.);
#1535=ADVANCED_FACE('',(#1534),#1526,.T.);
#1541=EDGE_CURVE('',#992,#993,#615,.T.);
#1543=EDGE_CURVE('',#1003,#992,#619,.T.);
#1545=EDGE_CURVE('',#1007,#1003,#623,.T.);
#1547=EDGE_CURVE('',#1007,#972,#731,.T.);
#1553=ADVANCED_FACE('',(#1552),#1540,.T.);
#1561=EDGE_CURVE('',#995,#997,#631,.T.);
#1563=EDGE_CURVE('',#1001,#997,#627,.T.);
#1565=EDGE_CURVE('',#1000,#1001,#933,.T.);
#1567=EDGE_CURVE('',#1000,#992,#929,.T.);
#1571=ADVANCED_FACE('',(#1570),#1558,.T.);
#1579=EDGE_CURVE('',#969,#989,#635,.T.);
#1581=EDGE_CURVE('',#989,#1013,#739,.T.);
#1583=EDGE_CURVE('',#1012,#1013,#639,.T.);
#1585=EDGE_CURVE('',#1012,#997,#643,.T.);
#1589=ADVANCED_FACE('',(#1588),#1576,.T.);
#1596=EDGE_CURVE('',#967,#987,#647,.T.);
#1598=EDGE_CURVE('',#987,#989,#743,.T.);
#1603=ADVANCED_FACE('',(#1602),#1594,.T.);
#1610=EDGE_CURVE('',#965,#985,#651,.T.);
#1612=EDGE_CURVE('',#985,#987,#747,.T.);
#1617=ADVANCED_FACE('',(#1616),#1608,.T.);
#1624=EDGE_CURVE('',#963,#983,#655,.T.);
#1626=EDGE_CURVE('',#983,#985,#751,.T.);
#1631=ADVANCED_FACE('',(#1630),#1622,.T.);
#1638=EDGE_CURVE('',#962,#982,#659,.T.);
#1640=EDGE_CURVE('',#982,#983,#755,.T.);
#1645=ADVANCED_FACE('',(#1644),#1636,.T.);
#1652=EDGE_CURVE('',#1095,#982,#759,.T.);
#1658=ADVANCED_FACE('',(#1657),#1650,.T.);
#1670=EDGE_CURVE('',#1084,#1080,#785,.T.);
#1673=EDGE_CURVE('',#1069,#1076,#839,.T.);
#1675=EDGE_CURVE('',#1087,#1076,#875,.T.);
#1689=EDGE_CURVE('',#1013,#1007,#735,.T.);
#1699=ADVANCED_FACE('',(#1698),#1663,.T.);
#1710=EDGE_CURVE('',#1024,#1028,#815,.T.);
#1714=ADVANCED_FACE('',(#1713),#1704,.T.);
#1723=EDGE_CURVE('',#1025,#1029,#827,.T.);
#1727=ADVANCED_FACE('',(#1726),#1719,.T.);
#1739=ADVANCED_FACE('',(#1738),#1732,.T.);
#1747=EDGE_CURVE('',#1040,#1041,#843,.T.);
#1749=EDGE_CURVE('',#1047,#1041,#913,.T.);
#1751=EDGE_CURVE('',#1047,#1051,#901,.T.);
#1753=EDGE_CURVE('',#1076,#1051,#893,.T.);
#1758=ADVANCED_FACE('',(#1757),#1744,.F.);
#1766=EDGE_CURVE('',#1044,#1045,#851,.T.);
#1768=EDGE_CURVE('',#1041,#1045,#917,.T.);
#1772=ADVANCED_FACE('',(#1771),#1763,.T.);
#1780=EDGE_CURVE('',#1077,#1053,#871,.T.);
#1782=EDGE_CURVE('',#1049,#1053,#909,.T.);
#1784=EDGE_CURVE('',#1049,#1045,#921,.T.);
#1789=ADVANCED_FACE('',(#1788),#1777,.F.);
#1799=EDGE_CURVE('',#1051,#1053,#897,.T.);
#1803=ADVANCED_FACE('',(#1802),#1794,.F.);
#1810=EDGE_CURVE('',#1047,#1049,#905,.T.);
#1816=ADVANCED_FACE('',(#1815),#1808,.T.);
#1828=ADVANCED_FACE('',(#1827),#1821,.T.);
#1835=EDGE_CURVE('',#1005,#1003,#925,.T.);
#1837=EDGE_CURVE('',#1009,#1005,#941,.T.);
#1839=EDGE_CURVE('',#1009,#1012,#949,.T.);
#1845=ADVANCED_FACE('',(#1844),#1833,.T.);
#1853=EDGE_CURVE('',#1005,#1000,#945,.T.);
#1858=ADVANCED_FACE('',(#1857),#1850,.T.);
#1865=EDGE_CURVE('',#1009,#1001,#937,.T.);
#1871=ADVANCED_FACE('',(#1870),#1863,.T.);
#1883=ADVANCED_FACE('',(#1882),#1876,.T.);
#1886=(LENGTH_UNIT()NAMED_UNIT(*)SI_UNIT(.MILLI.,.METRE.));
#1887=(NAMED_UNIT(*)PLANE_ANGLE_UNIT()SI_UNIT($,.RADIAN.));
#1890=(NAMED_UNIT(*)SI_UNIT($,.STERADIAN.)SOLID_ANGLE_UNIT());
#1892=(GEOMETRIC_REPRESENTATION_CONTEXT(3)GLOBAL_UNCERTAINTY_ASSIGNED_CONTEXT((
#1891))GLOBAL_UNIT_ASSIGNED_CONTEXT((#1886,#1889,#1890))REPRESENTATION_CONTEXT(
'ID1','3'));
#1893=ADVANCED_BREP_SHAPE_REPRESENTATION('',(#1885),#1892);
#1900=PRODUCT_DEFINITION('part definition','',#1899,#1896);
#1901=PRODUCT_DEFINITION_SHAPE('','SHAPE FOR C-1742188-1.',#1900);
#1902=SHAPE_ASPECT('','solid data associated with C-1742188-1',#1901,.F.);
#1903=PROPERTY_DEFINITION('',
'shape for solid data with which properties are associated',#1902);
#1904=SHAPE_REPRESENTATION('',(#1885),#1892);
#1905=SHAPE_DEFINITION_REPRESENTATION(#1903,#1904);
#1906=(LENGTH_UNIT()NAMED_UNIT(*)SI_UNIT(.MILLI.,.METRE.));
#1910=PROPERTY_DEFINITION('geometric validation property','area of C-1742188-1',
#1902);
#1911=REPRESENTATION('surface area',(#1909),#1892);
#1912=PROPERTY_DEFINITION_REPRESENTATION(#1910,#1911);
#1913=(LENGTH_UNIT()NAMED_UNIT(*)SI_UNIT(.MILLI.,.METRE.));
#1917=PROPERTY_DEFINITION('geometric validation property',
'volume of C-1742188-1',#1902);
#1918=REPRESENTATION('volume',(#1916),#1892);
#1919=PROPERTY_DEFINITION_REPRESENTATION(#1917,#1918);
#1921=PROPERTY_DEFINITION('geometric validation property',
'centroid of C-1742188-1',#1902);
#1922=REPRESENTATION('centroid',(#1920),#1892);
#1923=PROPERTY_DEFINITION_REPRESENTATION(#1921,#1922);
#1924=(LENGTH_UNIT()NAMED_UNIT(*)SI_UNIT(.MILLI.,.METRE.));
#1928=PROPERTY_DEFINITION('geometric validation property','area of C-1742188-1',
#1901);
#1929=REPRESENTATION('surface area',(#1927),#1892);
#1930=PROPERTY_DEFINITION_REPRESENTATION(#1928,#1929);
#1931=(LENGTH_UNIT()NAMED_UNIT(*)SI_UNIT(.MILLI.,.METRE.));
#1935=PROPERTY_DEFINITION('geometric validation property',
'volume of C-1742188-1',#1901);
#1936=REPRESENTATION('volume',(#1934),#1892);
#1937=PROPERTY_DEFINITION_REPRESENTATION(#1935,#1936);
#1939=PROPERTY_DEFINITION('geometric validation property',
'centroid of C-1742188-1',#1901);
#1940=REPRESENTATION('centroid',(#1938),#1892);
#1941=PROPERTY_DEFINITION_REPRESENTATION(#1939,#1940);
#1942=SHAPE_DEFINITION_REPRESENTATION(#1901,#1893);
ENDSEC;
END-ISO-10303-21;
