ISO-10303-21;
HEADER;
FILE_DESCRIPTION (( 'STEP AP214' ),
    '1' );
FILE_NAME ('KRE 02.STEP',
    '2021-11-22T06:04:02',
    ( '' ),
    ( '' ),
    'SwSTEP 2.0',
    'SolidWorks 2018',
    '' );
FILE_SCHEMA (( 'AUTOMOTIVE_DESIGN' ));
ENDSEC;

DATA;
#1 = LINE ( 'NONE', #5303, #6093 ) ;
#2 = EDGE_LOOP ( 'NONE', ( #284, #1337, #828, #840, #4724, #3798, #1620, #5754 ) ) ;
#3 =( NAMED_UNIT ( * ) SI_UNIT ( $, .STERADIAN. ) SOLID_ANGLE_UNIT ( ) );
#4 = ADVANCED_FACE ( 'NONE', ( #5507 ), #3086, .T. ) ;
#5 = CLOSED_SHELL ( 'NONE', ( #581, #3316, #3354, #3723, #2251, #853, #5005, #2159, #3930, #4827, #2224, #3213, #1146, #5977, #2651, #1700, #4862, #5917, #5635, #2785 ) ) ;
#6 = CARTESIAN_POINT ( 'NONE',  ( 0.2057909061241683379, -0.06480783421488736651, 0.7658077793170195990 ) ) ;
#7 = AXIS2_PLACEMENT_3D ( 'NONE', #6635, #1635, #6085 ) ;
#8 = DIRECTION ( 'NONE',  ( -0.2984224196291437869, -3.654620609926394915E-17, 0.9544338947578754340 ) ) ;
#9 =( NAMED_UNIT ( * ) PLANE_ANGLE_UNIT ( ) SI_UNIT ( $, .RADIAN. ) );
#10 = VERTEX_POINT ( 'NONE', #671 ) ;
#11 = LENGTH_MEASURE_WITH_UNIT ( LENGTH_MEASURE( 0.02539999999999999897 ), #2051 );
#12 = ORIENTED_EDGE ( 'NONE', *, *, #1887, .T. ) ;
#13 = DIRECTION ( 'NONE',  ( -0.000000000000000000, 0.000000000000000000, 1.000000000000000000 ) ) ;
#14 =( CONVERSION_BASED_UNIT ( 'INCH', #1152 ) LENGTH_UNIT ( ) NAMED_UNIT ( #4609 ) );
#15 = DIRECTION ( 'NONE',  ( 1.000000000000000000, 0.000000000000000000, 0.000000000000000000 ) ) ;
#16 = ORIENTED_EDGE ( 'NONE', *, *, #5145, .F. ) ;
#17 = STYLED_ITEM ( 'NONE', ( #4035 ), #581 ) ;
#18 = SURFACE_STYLE_FILL_AREA ( #6723 ) ;
#19 = AXIS2_PLACEMENT_3D ( 'NONE', #3740, #6513, #5441 ) ;
#20 = ORIENTED_EDGE ( 'NONE', *, *, #3993, .T. ) ;
#21 = EDGE_CURVE ( 'NONE', #5864, #4960, #2998, .T. ) ;
#22 = LINE ( 'NONE', #98, #4542 ) ;
#23 = VECTOR ( 'NONE', #621, 39.37007874015748143 ) ;
#24 = EDGE_LOOP ( 'NONE', ( #3205, #2133, #868, #6403 ) ) ;
#25 = DIRECTION ( 'NONE',  ( 1.000000000000000000, 0.000000000000000000, 0.000000000000000000 ) ) ;
#26 = VECTOR ( 'NONE', #6057, 39.37007874015748143 ) ;
#27 = COLOUR_RGB ( '',0.7803921568627451011, 0.7607843137254901578, 0.7411764705882353255 ) ;
#28 = ORIENTED_EDGE ( 'NONE', *, *, #2818, .T. ) ;
#29 = ORIENTED_EDGE ( 'NONE', *, *, #2599, .T. ) ;
#30 = CARTESIAN_POINT ( 'NONE',  ( 0.2215389376202312466, 0.6182630319268449526, 0.7697447871910348960 ) ) ;
#31 = CARTESIAN_POINT ( 'NONE',  ( 0.1329562604548772953, 0.1674756303520417988, 0.7894298265611140453 ) ) ;
#32 = STYLED_ITEM ( 'NONE', ( #2503 ), #1662 ) ;
#33 = EDGE_CURVE ( 'NONE', #4458, #3964, #6806, .T. ) ;
#34 = UNCERTAINTY_MEASURE_WITH_UNIT (LENGTH_MEASURE( 1.000000000000000082E-05 ), #2392, 'distance_accuracy_value', 'NONE');
#35 = VECTOR ( 'NONE', #2171, 39.37007874015748143 ) ;
#36 = PLANE ( 'NONE',  #4802 ) ;
#37 = DIRECTION ( 'NONE',  ( -0.000000000000000000, -1.000000000000000000, 0.000000000000000000 ) ) ;
#38 = LENGTH_MEASURE_WITH_UNIT ( LENGTH_MEASURE( 0.02539999999999999897 ), #3135 );
#39 = ORIENTED_EDGE ( 'NONE', *, *, #802, .T. ) ;
#40 = DIRECTION ( 'NONE',  ( -1.224646799147353454E-16, 1.000000000000000000, -1.848892746611746419E-32 ) ) ;
#41 = CARTESIAN_POINT ( 'NONE',  ( 0.1329562604548769900, 0.2068457090921992647, 0.5925794328603265493 ) ) ;
#42 = EDGE_CURVE ( 'NONE', #5929, #3758, #4543, .T. ) ;
#43 = CIRCLE ( 'NONE', #1991, 0.03937007874015747977 ) ;
#44 = MECHANICAL_DESIGN_GEOMETRIC_PRESENTATION_REPRESENTATION (  '', ( #1503 ), #778 ) ;
#45 = ORIENTED_EDGE ( 'NONE', *, *, #864, .F. ) ;
#46 = ADVANCED_FACE ( 'NONE', ( #699 ), #5654, .T. ) ;
#47 = PLANE ( 'NONE',  #7141 ) ;
#48 = AXIS2_PLACEMENT_3D ( 'NONE', #211, #709, #6308 ) ;
#49 = EDGE_LOOP ( 'NONE', ( #4914, #6375, #5559, #3363, #5583, #6126, #6481, #1856 ) ) ;
#50 = AXIS2_PLACEMENT_3D ( 'NONE', #6326, #2413, #146 ) ;
#51 = DIRECTION ( 'NONE',  ( 1.000000000000000000, 0.000000000000000000, 0.000000000000000000 ) ) ;
#52 = DIRECTION ( 'NONE',  ( -1.224646799147353454E-16, 1.000000000000000000, -1.848892746611746419E-32 ) ) ;
#53 = CARTESIAN_POINT ( 'NONE',  ( 0.06209011872259351944, 0.3407039768087347098, 0.5925794328603265493 ) ) ;
#54 = CARTESIAN_POINT ( 'NONE',  ( 0.3475231895887351818, 0.3407039768087347098, 0.7894298265611140453 ) ) ;
#55 = SURFACE_STYLE_USAGE ( .BOTH. , #1728 ) ;
#56 = AXIS2_PLACEMENT_3D ( 'NONE', #3665, #896, #1444 ) ;
#57 = DIRECTION ( 'NONE',  ( -0.000000000000000000, -0.000000000000000000, 1.000000000000000000 ) ) ;
#58 =( NAMED_UNIT ( * ) PLANE_ANGLE_UNIT ( ) SI_UNIT ( $, .RADIAN. ) );
#59 = PRESENTATION_STYLE_ASSIGNMENT (( #3248 ) ) ;
#60 = DIRECTION ( 'NONE',  ( -0.9544338947578755450, 0.000000000000000000, -0.2984224196291434539 ) ) ;
#61 = UNCERTAINTY_MEASURE_WITH_UNIT (LENGTH_MEASURE( 1.000000000000000082E-05 ), #4379, 'distance_accuracy_value', 'NONE');
#62 = ORIENTED_EDGE ( 'NONE', *, *, #1999, .F. ) ;
#63 = ORIENTED_EDGE ( 'NONE', *, *, #4915, .T. ) ;
#64 = CARTESIAN_POINT ( 'NONE',  ( 0.06209011872259351944, 0.1910976775961362728, 0.7894298265611140453 ) ) ;
#65 = MECHANICAL_DESIGN_GEOMETRIC_PRESENTATION_REPRESENTATION (  '', ( #5435 ), #1579 ) ;
#66 = EDGE_LOOP ( 'NONE', ( #2477, #5355, #4308, #6861 ) ) ;
#67 =( CONVERSION_BASED_UNIT ( 'INCH', #3193 ) LENGTH_UNIT ( ) NAMED_UNIT ( #7023 ) );
#68 = VECTOR ( 'NONE', #492, 39.37007874015748143 ) ;
#69 = LENGTH_MEASURE_WITH_UNIT ( LENGTH_MEASURE( 0.02539999999999999897 ), #5151 );
#70 = DIRECTION ( 'NONE',  ( 0.000000000000000000, 0.000000000000000000, -1.000000000000000000 ) ) ;
#71 = CARTESIAN_POINT ( 'NONE',  ( 0.1309502551813970517, 0.6950346854701520138, 0.4744691966398540961 ) ) ;
#72 = ADVANCED_FACE ( 'NONE', ( #4189 ), #6248, .F. ) ;
#73 = DIRECTION ( 'NONE',  ( -0.000000000000000000, -0.000000000000000000, 1.000000000000000000 ) ) ;
#74 = LENGTH_MEASURE_WITH_UNIT ( LENGTH_MEASURE( 0.02539999999999999897 ), #5752 );
#75 = VECTOR ( 'NONE', #185, 39.37007874015748143 ) ;
#76 = PRESENTATION_STYLE_ASSIGNMENT (( #2047 ) ) ;
#77 = DIRECTION ( 'NONE',  ( 0.3446855865947894837, 0.9387181932794345096, -0.000000000000000000 ) ) ;
#78 = PRESENTATION_LAYER_ASSIGNMENT (  '', '', ( #4559 ) ) ;
#79 = LINE ( 'NONE', #6823, #1051 ) ;
#80 = CARTESIAN_POINT ( 'NONE',  ( 0.1329562604548769900, 0.2068457090921992647, 0.7500597478209566349 ) ) ;
#81 =( NAMED_UNIT ( * ) SI_UNIT ( $, .STERADIAN. ) SOLID_ANGLE_UNIT ( ) );
#82 = LINE ( 'NONE', #6754, #1055 ) ;
#83 = DIMENSIONAL_EXPONENTS ( 1.000000000000000000, 0.000000000000000000, 0.000000000000000000, 0.000000000000000000, 0.000000000000000000, 0.000000000000000000, 0.000000000000000000 ) ;
#84 = DIRECTION ( 'NONE',  ( -1.000000000000000000, -0.000000000000000000, -0.000000000000000000 ) ) ;
#85 = ORIENTED_EDGE ( 'NONE', *, *, #656, .F. ) ;
#86 = VECTOR ( 'NONE', #1075, 39.37007874015748143 ) ;
#87 = FACE_OUTER_BOUND ( 'NONE', #7146, .T. ) ;
#88 = LINE ( 'NONE', #589, #5409 ) ;
#89 = PRESENTATION_LAYER_ASSIGNMENT (  '', '', ( #2220 ) ) ;
#90 = VECTOR ( 'NONE', #7058, 39.37007874015748143 ) ;
#91 = FILL_AREA_STYLE_COLOUR ( '', #4731 ) ;
#92 = LINE ( 'NONE', #4016, #3259 ) ;
#93 = FILL_AREA_STYLE_COLOUR ( '', #1426 ) ;
#94 = VERTEX_POINT ( 'NONE', #3450 ) ;
#95 = CYLINDRICAL_SURFACE ( 'NONE', #4825, 0.04724409448818903123 ) ;
#96 = CARTESIAN_POINT ( 'NONE',  ( 0.2215389376202313021, 0.5533024020055851144, 0.7697447871910352291 ) ) ;
#97 = DIRECTION ( 'NONE',  ( 0.000000000000000000, 0.000000000000000000, 1.000000000000000000 ) ) ;
#98 = CARTESIAN_POINT ( 'NONE',  ( 0.2057909061241683379, -0.06480783421488736651, 0.5925794328603265493 ) ) ;
#99 = MECHANICAL_DESIGN_GEOMETRIC_PRESENTATION_REPRESENTATION (  '', ( #1897 ), #5468 ) ;
#100 = EDGE_CURVE ( 'NONE', #4047, #1094, #92, .T. ) ;
#101 = CARTESIAN_POINT ( 'NONE',  ( 0.2057909061241683379, 0.1359795673599158150, 0.7894298265611140453 ) ) ;
#102 = PRESENTATION_STYLE_ASSIGNMENT (( #4351 ) ) ;
#103 = VECTOR ( 'NONE', #1745, 39.37007874015748143 ) ;
#104 = UNCERTAINTY_MEASURE_WITH_UNIT (LENGTH_MEASURE( 1.000000000000000082E-05 ), #1524, 'distance_accuracy_value', 'NONE');
#105 = UNCERTAINTY_MEASURE_WITH_UNIT (LENGTH_MEASURE( 1.000000000000000082E-05 ), #67, 'distance_accuracy_value', 'NONE');
#106 = CARTESIAN_POINT ( 'NONE',  ( 0.1329562604548772953, 0.1674756303520417988, 0.7894298265611140453 ) ) ;
#107 =( LENGTH_UNIT ( ) NAMED_UNIT ( * ) SI_UNIT ( $, .METRE. ) );
#108 = CIRCLE ( 'NONE', #2931, 0.03937007874015747977 ) ;
#109 = DIRECTION ( 'NONE',  ( 0.000000000000000000, 0.000000000000000000, 1.000000000000000000 ) ) ;
#110 =( GEOMETRIC_REPRESENTATION_CONTEXT ( 3 ) GLOBAL_UNCERTAINTY_ASSIGNED_CONTEXT ( ( #6678 ) ) GLOBAL_UNIT_ASSIGNED_CONTEXT ( ( #6539, #5931, #1562 ) ) REPRESENTATION_CONTEXT ( 'NONE', 'WORKASPACE' ) );
#111 = ORIENTED_EDGE ( 'NONE', *, *, #5873, .T. ) ;
#112 = ORIENTED_EDGE ( 'NONE', *, *, #2894, .F. ) ;
#113 = CARTESIAN_POINT ( 'NONE',  ( 0.2215389376202312466, 0.6182630319268449526, 0.5728943934902481772 ) ) ;
#114 = STYLED_ITEM ( 'NONE', ( #710 ), #6031 ) ;
#115 = CIRCLE ( 'NONE', #2355, 0.04724409448818896184 ) ;
#116 = SURFACE_STYLE_FILL_AREA ( #5194 ) ;
#117 = ORIENTED_EDGE ( 'NONE', *, *, #2765, .T. ) ;
#118 = UNCERTAINTY_MEASURE_WITH_UNIT (LENGTH_MEASURE( 1.000000000000000082E-05 ), #3271, 'distance_accuracy_value', 'NONE');
#119 = CARTESIAN_POINT ( 'NONE',  ( 0.1034287013997588905, 0.1064520083047976878, 0.5925794328603265493 ) ) ;
#120 = VERTEX_POINT ( 'NONE', #1224 ) ;
#121 =( LENGTH_UNIT ( ) NAMED_UNIT ( * ) SI_UNIT ( $, .METRE. ) );
#122 = PRESENTATION_LAYER_ASSIGNMENT (  '', '', ( #1202 ) ) ;
#124 = ORIENTED_EDGE ( 'NONE', *, *, #5905, .T. ) ;
#123 = DIRECTION ( 'NONE',  ( -0.9544338947578755450, 0.000000000000000000, -0.2984224196291434539 ) ) ;
#125 = PLANE ( 'NONE',  #6713 ) ;
#126 = DIRECTION ( 'NONE',  ( 0.000000000000000000, 0.000000000000000000, -1.000000000000000000 ) ) ;
#127 = DIRECTION ( 'NONE',  ( 3.614007241618349165E-15, 0.000000000000000000, -1.000000000000000000 ) ) ;
#128 = VECTOR ( 'NONE', #5407, 39.37007874015748143 ) ;
#129 = DIMENSIONAL_EXPONENTS ( 1.000000000000000000, 0.000000000000000000, 0.000000000000000000, 0.000000000000000000, 0.000000000000000000, 0.000000000000000000, 0.000000000000000000 ) ;
#130 = CIRCLE ( 'NONE', #443, 0.07480314960629924625 ) ;
#131 = EDGE_LOOP ( 'NONE', ( #7177, #522, #3803, #3288 ) ) ;
#132 = CARTESIAN_POINT ( 'NONE',  ( 0.1664208273840108721, 0.09660948861975832136, 0.7500597478209566349 ) ) ;
#133 = DIRECTION ( 'NONE',  ( -0.000000000000000000, 1.000000000000000000, -0.000000000000000000 ) ) ;
#134 = EDGE_CURVE ( 'NONE', #902, #6909, #6456, .T. ) ;
#135 = CARTESIAN_POINT ( 'NONE',  ( 0.06209011872259351944, 0.1359795673599158150, 0.5925794328603265493 ) ) ;
#136 = LENGTH_MEASURE_WITH_UNIT ( LENGTH_MEASURE( 0.02539999999999999897 ), #1428 );
#137 = AXIS2_PLACEMENT_3D ( 'NONE', #3284, #4411, #3820 ) ;
#138 = ORIENTED_EDGE ( 'NONE', *, *, #6596, .T. ) ;
#139 =( NAMED_UNIT ( * ) PLANE_ANGLE_UNIT ( ) SI_UNIT ( $, .RADIAN. ) );
#140 = CARTESIAN_POINT ( 'NONE',  ( 0.2372869691162943495, -0.06480783421488736651, 0.7658077793170195990 ) ) ;
#141 = SURFACE_STYLE_USAGE ( .BOTH. , #2965 ) ;
#142 = AXIS2_PLACEMENT_3D ( 'NONE', #3269, #7136, #4304 ) ;
#143 =( LENGTH_UNIT ( ) NAMED_UNIT ( * ) SI_UNIT ( $, .METRE. ) );
#144 = FILL_AREA_STYLE_COLOUR ( '', #1584 ) ;
#145 = CYLINDRICAL_SURFACE ( 'NONE', #6303, 0.07480314960629917687 ) ;
#146 = DIRECTION ( 'NONE',  ( 2.710505431213786230E-16, -1.000000000000000000, 0.000000000000000000 ) ) ;
#147 = PLANE ( 'NONE',  #4935 ) ;
#148 =( GEOMETRIC_REPRESENTATION_CONTEXT ( 3 ) GLOBAL_UNCERTAINTY_ASSIGNED_CONTEXT ( ( #751 ) ) GLOBAL_UNIT_ASSIGNED_CONTEXT ( ( #3192, #5395, #2091 ) ) REPRESENTATION_CONTEXT ( 'NONE', 'WORKASPACE' ) );
#149 = MECHANICAL_DESIGN_GEOMETRIC_PRESENTATION_REPRESENTATION (  '', ( #5888 ), #7152 ) ;
#150 = ORIENTED_EDGE ( 'NONE', *, *, #534, .T. ) ;
#151 = SURFACE_STYLE_USAGE ( .BOTH. , #2976 ) ;
#152 = FILL_AREA_STYLE_COLOUR ( '', #4790 ) ;
#153 = DIRECTION ( 'NONE',  ( 0.000000000000000000, 0.000000000000000000, 1.000000000000000000 ) ) ;
#154 = EDGE_CURVE ( 'NONE', #707, #909, #4712, .T. ) ;
#155 = DIMENSIONAL_EXPONENTS ( 1.000000000000000000, 0.000000000000000000, 0.000000000000000000, 0.000000000000000000, 0.000000000000000000, 0.000000000000000000, 0.000000000000000000 ) ;
#156 = DIRECTION ( 'NONE',  ( 0.000000000000000000, 0.000000000000000000, -1.000000000000000000 ) ) ;
#157 = VERTEX_POINT ( 'NONE', #198 ) ;
#158 = FACE_OUTER_BOUND ( 'NONE', #923, .T. ) ;
#159 = CARTESIAN_POINT ( 'NONE',  ( 0.2215389376202312466, 0.5533024020055851144, 0.7697447871910348960 ) ) ;
#160 = EDGE_LOOP ( 'NONE', ( #5597, #240, #3838, #2643 ) ) ;
#161 = CARTESIAN_POINT ( 'NONE',  ( 0.3475231895887351818, 0.3092079138166087260, 0.7500597478209566349 ) ) ;
#162 =( GEOMETRIC_REPRESENTATION_CONTEXT ( 3 ) GLOBAL_UNCERTAINTY_ASSIGNED_CONTEXT ( ( #6896 ) ) GLOBAL_UNIT_ASSIGNED_CONTEXT ( ( #5542, #6675, #2227 ) ) REPRESENTATION_CONTEXT ( 'NONE', 'WORKASPACE' ) );
#163 = LINE ( 'NONE', #7070, #1482 ) ;
#164 =( CONVERSION_BASED_UNIT ( 'INCH', #2636 ) LENGTH_UNIT ( ) NAMED_UNIT ( #5377 ) );
#165 =( NAMED_UNIT ( * ) SI_UNIT ( $, .STERADIAN. ) SOLID_ANGLE_UNIT ( ) );
#166 = FACE_OUTER_BOUND ( 'NONE', #2533, .T. ) ;
#167 = ORIENTED_EDGE ( 'NONE', *, *, #6841, .T. ) ;
#168 = CARTESIAN_POINT ( 'NONE',  ( 0.2215389376202313021, 0.5533024020055851144, 0.7697447871910352291 ) ) ;
#169 = CARTESIAN_POINT ( 'NONE',  ( 0.4105153155729872605, 0.09267248074574256644, 0.8681699840414289771 ) ) ;
#170 = ORIENTED_EDGE ( 'NONE', *, *, #3486, .F. ) ;
#171 = VERTEX_POINT ( 'NONE', #4575 ) ;
#172 = LINE ( 'NONE', #7165, #6449 ) ;
#173 = DIRECTION ( 'NONE',  ( -1.000000000000000000, 0.000000000000000000, 0.000000000000000000 ) ) ;
#174 = PRESENTATION_STYLE_ASSIGNMENT (( #5272 ) ) ;
#175 = LINE ( 'NONE', #1908, #4105 ) ;
#176 = CARTESIAN_POINT ( 'NONE',  ( 0.2372869691162943495, 0.09267248074574256644, 0.7500597478209566349 ) ) ;
#177 = EDGE_CURVE ( 'NONE', #6252, #1766, #3866, .T. ) ;
#178 = FACE_OUTER_BOUND ( 'NONE', #6134, .T. ) ;
#179 = LINE ( 'NONE', #1859, #2990 ) ;
#180 =( GEOMETRIC_REPRESENTATION_CONTEXT ( 3 ) GLOBAL_UNCERTAINTY_ASSIGNED_CONTEXT ( ( #6501 ) ) GLOBAL_UNIT_ASSIGNED_CONTEXT ( ( #6290, #2396, #4114 ) ) REPRESENTATION_CONTEXT ( 'NONE', 'WORKASPACE' ) );
#181 = ORIENTED_EDGE ( 'NONE', *, *, #4696, .F. ) ;
#182 = PRODUCT_DEFINITION_CONTEXT ( 'detailed design', #574, 'design' ) ;
#183 = CARTESIAN_POINT ( 'NONE',  ( 0.3475231895887351818, 0.3092079138166087260, 0.5925794328603265493 ) ) ;
#184 = ORIENTED_EDGE ( 'NONE', *, *, #2332, .F. ) ;
#185 = DIRECTION ( 'NONE',  ( 0.5470897178282073670, 0.8054376401359748527, -0.2279540490950847931 ) ) ;
#186 = CARTESIAN_POINT ( 'NONE',  ( 0.06209011872259351944, 0.3407039768087347098, 0.7500597478209566349 ) ) ;
#187 = PRESENTATION_STYLE_ASSIGNMENT (( #1124 ) ) ;
#189 = LINE ( 'NONE', #3117, #5937 ) ;
#188 = SURFACE_STYLE_FILL_AREA ( #2483 ) ;
#190 = SURFACE_SIDE_STYLE ('',( #6525 ) ) ;
#191 = DIRECTION ( 'NONE',  ( -0.9544338947578753229, 0.000000000000000000, -0.2984224196291438980 ) ) ;
#192 = STYLED_ITEM ( 'NONE', ( #2539 ), #3968 ) ;
#193 = ORIENTED_EDGE ( 'NONE', *, *, #1502, .F. ) ;
#194 = CARTESIAN_POINT ( 'NONE',  ( 0.06209011872259351944, 0.3092079138166087260, 0.5177762832540273585 ) ) ;
#195 = DIRECTION ( 'NONE',  ( 1.000000000000000000, -0.000000000000000000, 0.000000000000000000 ) ) ;
#196 = VECTOR ( 'NONE', #775, 39.37007874015748143 ) ;
#197 = ORIENTED_EDGE ( 'NONE', *, *, #4215, .F. ) ;
#198 = CARTESIAN_POINT ( 'NONE',  ( 0.06209011872259351944, 0.1359795673599158150, 0.5532093541201690279 ) ) ;
#199 = CARTESIAN_POINT ( 'NONE',  ( 0.1014601974627510061, 0.1359795673599158150, 0.5925794328603265493 ) ) ;
#200 = DIRECTION ( 'NONE',  ( -0.000000000000000000, -1.000000000000000000, -0.000000000000000000 ) ) ;
#201 = PRESENTATION_LAYER_ASSIGNMENT (  '', '', ( #3861 ) ) ;
#202 = SURFACE_STYLE_FILL_AREA ( #1178 ) ;
#203 = ORIENTED_EDGE ( 'NONE', *, *, #583, .F. ) ;
#204 =( NAMED_UNIT ( * ) SI_UNIT ( $, .STERADIAN. ) SOLID_ANGLE_UNIT ( ) );
#205 = DIMENSIONAL_EXPONENTS ( 1.000000000000000000, 0.000000000000000000, 0.000000000000000000, 0.000000000000000000, 0.000000000000000000, 0.000000000000000000, 0.000000000000000000 ) ;
#206 = PRESENTATION_STYLE_ASSIGNMENT (( #3793 ) ) ;
#207 = ORIENTED_EDGE ( 'NONE', *, *, #1427, .T. ) ;
#208 = VERTEX_POINT ( 'NONE', #4100 ) ;
#209 = DIRECTION ( 'NONE',  ( -0.000000000000000000, -0.000000000000000000, -1.000000000000000000 ) ) ;
#210 =( LENGTH_UNIT ( ) NAMED_UNIT ( * ) SI_UNIT ( $, .METRE. ) );
#211 = CARTESIAN_POINT ( 'NONE',  ( 0.2215389376202313021, 0.2973968901945615029, 0.7697447871910352291 ) ) ;
#212 =( CONVERSION_BASED_UNIT ( 'INCH', #6540 ) LENGTH_UNIT ( ) NAMED_UNIT ( #1823 ) );
#213 = EDGE_CURVE ( 'NONE', #6909, #902, #2556, .T. ) ;
#214 =( GEOMETRIC_REPRESENTATION_CONTEXT ( 3 ) GLOBAL_UNCERTAINTY_ASSIGNED_CONTEXT ( ( #2278 ) ) GLOBAL_UNIT_ASSIGNED_CONTEXT ( ( #5026, #6832, #5118 ) ) REPRESENTATION_CONTEXT ( 'NONE', 'WORKASPACE' ) );
#215 = VERTEX_POINT ( 'NONE', #1299 ) ;
#216 = DIRECTION ( 'NONE',  ( 1.000000000000000000, 0.000000000000000000, -0.000000000000000000 ) ) ;
#217 =( CONVERSION_BASED_UNIT ( 'INCH', #2267 ) LENGTH_UNIT ( ) NAMED_UNIT ( #2442 ) );
#218 = ORIENTED_EDGE ( 'NONE', *, *, #4164, .T. ) ;
#219 =( NAMED_UNIT ( * ) PLANE_ANGLE_UNIT ( ) SI_UNIT ( $, .RADIAN. ) );
#220 = AXIS2_PLACEMENT_3D ( 'NONE', #6038, #404, #5575 ) ;
#221 =( NAMED_UNIT ( * ) SI_UNIT ( $, .STERADIAN. ) SOLID_ANGLE_UNIT ( ) );
#222 = PRESENTATION_LAYER_ASSIGNMENT (  '', '', ( #6617 ) ) ;
#223 = EDGE_LOOP ( 'NONE', ( #3083, #7097, #4513, #1367 ) ) ;
#224 = SURFACE_SIDE_STYLE ('',( #188 ) ) ;
#225 = UNCERTAINTY_MEASURE_WITH_UNIT (LENGTH_MEASURE( 1.000000000000000082E-05 ), #4266, 'distance_accuracy_value', 'NONE');
#226 =( LENGTH_UNIT ( ) NAMED_UNIT ( * ) SI_UNIT ( $, .METRE. ) );
#227 = VECTOR ( 'NONE', #1588, 39.37007874015748143 ) ;
#228 = FACE_OUTER_BOUND ( 'NONE', #1981, .T. ) ;
#229 =( CONVERSION_BASED_UNIT ( 'INCH', #2847 ) LENGTH_UNIT ( ) NAMED_UNIT ( #6807 ) );
#230 =( CONVERSION_BASED_UNIT ( 'INCH', #3343 ) LENGTH_UNIT ( ) NAMED_UNIT ( #4054 ) );
#231 = PRESENTATION_LAYER_ASSIGNMENT (  '', '', ( #4483 ) ) ;
#232 = VECTOR ( 'NONE', #2592, 39.37007874015748143 ) ;
#233 = PRESENTATION_STYLE_ASSIGNMENT (( #565 ) ) ;
#234 = CARTESIAN_POINT ( 'NONE',  ( 0.2215389376202312743, 0.3525150004307819329, 0.7697447871910348960 ) ) ;
#235 = DIRECTION ( 'NONE',  ( -0.9544338947578753229, 0.000000000000000000, -0.2984224196291438980 ) ) ;
#236 = CARTESIAN_POINT ( 'NONE',  ( 0.1124715505892821821, 0.6821347954424904492, 0.4744691966398540961 ) ) ;
#237 = DIMENSIONAL_EXPONENTS ( 1.000000000000000000, 0.000000000000000000, 0.000000000000000000, 0.000000000000000000, 0.000000000000000000, 0.000000000000000000, 0.000000000000000000 ) ;
#238 = VERTEX_POINT ( 'NONE', #5185 ) ;
#239 = CARTESIAN_POINT ( 'NONE',  ( 0.2215389376202312466, 0.5985779925567662474, 0.7697447871910348960 ) ) ;
#240 = ORIENTED_EDGE ( 'NONE', *, *, #4007, .T. ) ;
#241 = AXIS2_PLACEMENT_3D ( 'NONE', #6068, #2751, #5030 ) ;
#242 = SURFACE_SIDE_STYLE ('',( #2938 ) ) ;
#243 = VECTOR ( 'NONE', #5066, 39.37007874015748143 ) ;
#244 = DIRECTION ( 'NONE',  ( 0.000000000000000000, 0.000000000000000000, 1.000000000000000000 ) ) ;
#245 =( NAMED_UNIT ( * ) SI_UNIT ( $, .STERADIAN. ) SOLID_ANGLE_UNIT ( ) );
#246 = EDGE_LOOP ( 'NONE', ( #4554, #3858 ) ) ;
#247 = VECTOR ( 'NONE', #3294, 39.37007874015748854 ) ;
#248 =( GEOMETRIC_REPRESENTATION_CONTEXT ( 3 ) GLOBAL_UNCERTAINTY_ASSIGNED_CONTEXT ( ( #1583 ) ) GLOBAL_UNIT_ASSIGNED_CONTEXT ( ( #6397, #4713, #6316 ) ) REPRESENTATION_CONTEXT ( 'NONE', 'WORKASPACE' ) );
#249 = PRESENTATION_LAYER_ASSIGNMENT (  '', '', ( #3637 ) ) ;
#250 = DIRECTION ( 'NONE',  ( -0.000000000000000000, -1.000000000000000000, -0.000000000000000000 ) ) ;
#251 = VECTOR ( 'NONE', #97, 39.37007874015748143 ) ;
#252 = LENGTH_MEASURE_WITH_UNIT ( LENGTH_MEASURE( 0.02539999999999999897 ), #7050 );
#253 =( NAMED_UNIT ( * ) PLANE_ANGLE_UNIT ( ) SI_UNIT ( $, .RADIAN. ) );
#254 = ORIENTED_EDGE ( 'NONE', *, *, #5071, .T. ) ;
#255 = LENGTH_MEASURE_WITH_UNIT ( LENGTH_MEASURE( 0.02539999999999999897 ), #4602 );
#256 = FILL_AREA_STYLE ('',( #5856 ) ) ;
#257 = FILL_AREA_STYLE_COLOUR ( '', #6748 ) ;
#258 = EDGE_CURVE ( 'NONE', #1471, #238, #1067, .T. ) ;
#259 = DIRECTION ( 'NONE',  ( -0.000000000000000000, -1.000000000000000000, -0.000000000000000000 ) ) ;
#260 = CARTESIAN_POINT ( 'NONE',  ( 0.1329562604548772953, 0.1674756303520417988, 0.7500597478209566349 ) ) ;
#261 = LINE ( 'NONE', #2997, #5666 ) ;
#262 = PRESENTATION_LAYER_ASSIGNMENT (  '', '', ( #2666 ) ) ;
#263 =( GEOMETRIC_REPRESENTATION_CONTEXT ( 3 ) GLOBAL_UNCERTAINTY_ASSIGNED_CONTEXT ( ( #2596 ) ) GLOBAL_UNIT_ASSIGNED_CONTEXT ( ( #5512, #3903, #1068 ) ) REPRESENTATION_CONTEXT ( 'NONE', 'WORKASPACE' ) );
#264 = VERTEX_POINT ( 'NONE', #4628 ) ;
#265 = DIMENSIONAL_EXPONENTS ( 1.000000000000000000, 0.000000000000000000, 0.000000000000000000, 0.000000000000000000, 0.000000000000000000, 0.000000000000000000, 0.000000000000000000 ) ;
#266 =( CONVERSION_BASED_UNIT ( 'INCH', #6584 ) LENGTH_UNIT ( ) NAMED_UNIT ( #2516 ) );
#267 = ORIENTED_EDGE ( 'NONE', *, *, #1530, .F. ) ;
#268 = FACE_OUTER_BOUND ( 'NONE', #2933, .T. ) ;
#269 = CARTESIAN_POINT ( 'NONE',  ( 0.2885133465487373372, 0.6182630319268449526, 0.6062101516190919748 ) ) ;
#270 = VECTOR ( 'NONE', #3552, 39.37007874015748143 ) ;
#271 = PLANE ( 'NONE',  #5252 ) ;
#272 =( NAMED_UNIT ( * ) PLANE_ANGLE_UNIT ( ) SI_UNIT ( $, .RADIAN. ) );
#273 = DIMENSIONAL_EXPONENTS ( 1.000000000000000000, 0.000000000000000000, 0.000000000000000000, 0.000000000000000000, 0.000000000000000000, 0.000000000000000000, 0.000000000000000000 ) ;
#274 = VERTEX_POINT ( 'NONE', #748 ) ;
#275 = SURFACE_STYLE_FILL_AREA ( #5567 ) ;
#276 = DIMENSIONAL_EXPONENTS ( 1.000000000000000000, 0.000000000000000000, 0.000000000000000000, 0.000000000000000000, 0.000000000000000000, 0.000000000000000000, 0.000000000000000000 ) ;
#277 = DIRECTION ( 'NONE',  ( -0.9544338947578753229, 0.000000000000000000, 0.2984224196291437314 ) ) ;
#278 = SURFACE_STYLE_USAGE ( .BOTH. , #4686 ) ;
#279 = VECTOR ( 'NONE', #2904, 39.37007874015748143 ) ;
#280 =( LENGTH_UNIT ( ) NAMED_UNIT ( * ) SI_UNIT ( $, .METRE. ) );
#281 = AXIS2_PLACEMENT_3D ( 'NONE', #2824, #5572, #3933 ) ;
#282 = FILL_AREA_STYLE_COLOUR ( '', #1385 ) ;
#283 = CARTESIAN_POINT ( 'NONE',  ( 0.1329562604548772675, 0.3092079138166086705, 0.5532093541201690279 ) ) ;
#284 = ORIENTED_EDGE ( 'NONE', *, *, #5849, .T. ) ;
#285 = ORIENTED_EDGE ( 'NONE', *, *, #6384, .T. ) ;
#286 = UNCERTAINTY_MEASURE_WITH_UNIT (LENGTH_MEASURE( 1.000000000000000082E-05 ), #6977, 'distance_accuracy_value', 'NONE');
#287 = CARTESIAN_POINT ( 'NONE',  ( 0.1545645286917251282, 0.6182630319268449526, 0.8030605453198788046 ) ) ;
#288 = LINE ( 'NONE', #2104, #6203 ) ;
#289 = PRESENTATION_STYLE_ASSIGNMENT (( #2331 ) ) ;
#290 = EDGE_LOOP ( 'NONE', ( #6052, #4133, #2018, #4613 ) ) ;
#291 = DIRECTION ( 'NONE',  ( 1.000000000000000000, 0.000000000000000000, 0.000000000000000000 ) ) ;
#292 =( LENGTH_UNIT ( ) NAMED_UNIT ( * ) SI_UNIT ( $, .METRE. ) );
#293 = FILL_AREA_STYLE ('',( #1399 ) ) ;
#294 =( GEOMETRIC_REPRESENTATION_CONTEXT ( 3 ) GLOBAL_UNCERTAINTY_ASSIGNED_CONTEXT ( ( #5396 ) ) GLOBAL_UNIT_ASSIGNED_CONTEXT ( ( #5175, #4084, #731 ) ) REPRESENTATION_CONTEXT ( 'NONE', 'WORKASPACE' ) );
#295 = FACE_OUTER_BOUND ( 'NONE', #5061, .T. ) ;
#296 = VERTEX_POINT ( 'NONE', #2430 ) ;
#297 = SURFACE_SIDE_STYLE ('',( #5054 ) ) ;
#298 = AXIS2_PLACEMENT_3D ( 'NONE', #2137, #7047, #4258 ) ;
#299 = EDGE_CURVE ( 'NONE', #5928, #6887, #3691, .T. ) ;
#300 = ORIENTED_EDGE ( 'NONE', *, *, #5641, .F. ) ;
#301 = EDGE_LOOP ( 'NONE', ( #6605, #3285, #5079, #3441 ) ) ;
#302 = SURFACE_STYLE_USAGE ( .BOTH. , #3638 ) ;
#303 =( LENGTH_UNIT ( ) NAMED_UNIT ( * ) SI_UNIT ( $, .METRE. ) );
#304 = LINE ( 'NONE', #1574, #3821 ) ;
#305 = LENGTH_MEASURE_WITH_UNIT ( LENGTH_MEASURE( 0.02539999999999999897 ), #6952 );
#306 =( NAMED_UNIT ( * ) SI_UNIT ( $, .STERADIAN. ) SOLID_ANGLE_UNIT ( ) );
#307 = EDGE_CURVE ( 'NONE', #6252, #3228, #5411, .T. ) ;
#308 =( GEOMETRIC_REPRESENTATION_CONTEXT ( 3 ) GLOBAL_UNCERTAINTY_ASSIGNED_CONTEXT ( ( #6600 ) ) GLOBAL_UNIT_ASSIGNED_CONTEXT ( ( #230, #6417, #6436 ) ) REPRESENTATION_CONTEXT ( 'NONE', 'WORKASPACE' ) );
#309 = ORIENTED_EDGE ( 'NONE', *, *, #4338, .T. ) ;
#310 = STYLED_ITEM ( 'NONE', ( #2688 ), #1632 ) ;
#311 = CARTESIAN_POINT ( 'NONE',  ( 0.06209011872259351944, 0.1359795673599158150, 0.7894298265611140453 ) ) ;
#312 = SURFACE_STYLE_USAGE ( .BOTH. , #5223 ) ;
#313 = FACE_OUTER_BOUND ( 'NONE', #5406, .T. ) ;
#314 = DIRECTION ( 'NONE',  ( 0.000000000000000000, -1.000000000000000000, 0.000000000000000000 ) ) ;
#315 = DIRECTION ( 'NONE',  ( 1.000000000000000000, 0.000000000000000000, -0.000000000000000000 ) ) ;
#316 = ADVANCED_FACE ( 'NONE', ( #4373 ), #6715, .T. ) ;
#317 = DIRECTION ( 'NONE',  ( -0.000000000000000000, -0.000000000000000000, 1.000000000000000000 ) ) ;
#318 = EDGE_CURVE ( 'NONE', #4481, #6081, #2644, .T. ) ;
#319 = CARTESIAN_POINT ( 'NONE',  ( 0.2215389376202313021, 0.6950346854701520138, 0.5728943934902478441 ) ) ;
#320 = DIRECTION ( 'NONE',  ( -1.000000000000000000, 0.000000000000000000, 0.000000000000000000 ) ) ;
#321 = AXIS2_PLACEMENT_3D ( 'NONE', #5203, #766, #6881 ) ;
#322 = CARTESIAN_POINT ( 'NONE',  ( 0.1329562604548772953, 0.1674756303520417988, 0.7894298265611140453 ) ) ;
#323 =( CONVERSION_BASED_UNIT ( 'INCH', #5013 ) LENGTH_UNIT ( ) NAMED_UNIT ( #5814 ) );
#324 = COLOUR_RGB ( '',0.6470588235294117974, 0.6196078431372549211, 0.5882352941176470784 ) ;
#325 = CARTESIAN_POINT ( 'NONE',  ( 0.03256255966747541308, 0.08479846499771107049, 0.4744691966398540961 ) ) ;
#326 = SURFACE_STYLE_USAGE ( .BOTH. , #3658 ) ;
#327 = PRESENTATION_LAYER_ASSIGNMENT (  '', '', ( #7184 ) ) ;
#328 = PLANE ( 'NONE',  #5109 ) ;
#329 = UNCERTAINTY_MEASURE_WITH_UNIT (LENGTH_MEASURE( 1.000000000000000082E-05 ), #2075, 'distance_accuracy_value', 'NONE');
#330 = ORIENTED_EDGE ( 'NONE', *, *, #5374, .F. ) ;
#331 = CARTESIAN_POINT ( 'NONE',  ( 0.4183893313210187981, 0.4430661815331417563, 0.4744691966398540961 ) ) ;
#332 = CARTESIAN_POINT ( 'NONE',  ( 0.2215389376202313021, 0.08479846499771107049, 0.6713195903406415921 ) ) ;
#333 = CARTESIAN_POINT ( 'NONE',  ( 0.2057909061241683379, -0.06480783421488736651, 0.7500597478209566349 ) ) ;
#334 = CARTESIAN_POINT ( 'NONE',  ( 0.1329562604548772953, 0.1674756303520417988, 0.5532093541201690279 ) ) ;
#335 = SURFACE_STYLE_FILL_AREA ( #3341 ) ;
#336 = VECTOR ( 'NONE', #4137, 39.37007874015748143 ) ;
#337 = MECHANICAL_DESIGN_GEOMETRIC_PRESENTATION_REPRESENTATION (  '', ( #4813 ), #2842 ) ;
#338 = ORIENTED_EDGE ( 'NONE', *, *, #6333, .F. ) ;
#339 = VECTOR ( 'NONE', #2094, 39.37007874015748143 ) ;
#340 = EDGE_CURVE ( 'NONE', #3976, #537, #2470, .T. ) ;
#341 = CARTESIAN_POINT ( 'NONE',  ( 0.1014601974627510061, 0.3407039768087347098, 0.7500597478209566349 ) ) ;
#342 = CARTESIAN_POINT ( 'NONE',  ( 0.06209011872259351944, 0.1910976775961362728, 0.8248628974272557146 ) ) ;
#343 = LINE ( 'NONE', #991, #2985 ) ;
#344 = EDGE_CURVE ( 'NONE', #2942, #2368, #2297, .T. ) ;
#345 =( CONVERSION_BASED_UNIT ( 'INCH', #688 ) LENGTH_UNIT ( ) NAMED_UNIT ( #3254 ) );
#346 = EDGE_CURVE ( 'NONE', #4952, #6733, #3776, .T. ) ;
#347 = DIRECTION ( 'NONE',  ( -0.9544338947578753229, 0.000000000000000000, -0.2984224196291438980 ) ) ;
#348 = DIMENSIONAL_EXPONENTS ( 1.000000000000000000, 0.000000000000000000, 0.000000000000000000, 0.000000000000000000, 0.000000000000000000, 0.000000000000000000, 0.000000000000000000 ) ;
#349 = UNCERTAINTY_MEASURE_WITH_UNIT (LENGTH_MEASURE( 1.000000000000000082E-05 ), #6260, 'distance_accuracy_value', 'NONE');
#350 = ADVANCED_FACE ( 'NONE', ( #6889 ), #4621, .F. ) ;
#351 = VERTEX_POINT ( 'NONE', #4642 ) ;
#352 = EDGE_LOOP ( 'NONE', ( #6217, #6511, #4856, #1177 ) ) ;
#353 = EDGE_CURVE ( 'NONE', #4819, #3934, #6094, .T. ) ;
#354 = MECHANICAL_DESIGN_GEOMETRIC_PRESENTATION_REPRESENTATION (  '', ( #3732 ), #712 ) ;
#355 = ORIENTED_EDGE ( 'NONE', *, *, #2894, .T. ) ;
#356 = DIRECTION ( 'NONE',  ( 1.000000000000000000, 0.000000000000000000, -0.000000000000000000 ) ) ;
#357 = SURFACE_STYLE_FILL_AREA ( #1098 ) ;
#358 =( LENGTH_UNIT ( ) NAMED_UNIT ( * ) SI_UNIT ( $, .METRE. ) );
#360 = PRESENTATION_STYLE_ASSIGNMENT (( #399 ) ) ;
#359 = LINE ( 'NONE', #1059, #90 ) ;
#361 = DIRECTION ( 'NONE',  ( -0.000000000000000000, -0.000000000000000000, 1.000000000000000000 ) ) ;
#362 = ORIENTED_EDGE ( 'NONE', *, *, #3911, .T. ) ;
#363 = ORIENTED_EDGE ( 'NONE', *, *, #2192, .T. ) ;
#364 = SURFACE_SIDE_STYLE ('',( #2254 ) ) ;
#365 = FILL_AREA_STYLE ('',( #6469 ) ) ;
#366 = EDGE_CURVE ( 'NONE', #3811, #821, #179, .T. ) ;
#367 =( CONVERSION_BASED_UNIT ( 'INCH', #3809 ) LENGTH_UNIT ( ) NAMED_UNIT ( #2521 ) );
#368 =( LENGTH_UNIT ( ) NAMED_UNIT ( * ) SI_UNIT ( $, .METRE. ) );
#369 = PRESENTATION_STYLE_ASSIGNMENT (( #6954 ) ) ;
#370 = MECHANICAL_DESIGN_GEOMETRIC_PRESENTATION_REPRESENTATION (  '', ( #6974 ), #1357 ) ;
#371 = CARTESIAN_POINT ( 'NONE',  ( 0.1329562604548769900, 0.2698378350764512046, 0.7500597478209566349 ) ) ;
#372 = VERTEX_POINT ( 'NONE', #1263 ) ;
#373 = DIRECTION ( 'NONE',  ( 1.000000000000000000, 0.000000000000000000, 0.000000000000000000 ) ) ;
#374 = SURFACE_STYLE_FILL_AREA ( #1564 ) ;
#375 = VECTOR ( 'NONE', #6251, 39.37007874015748143 ) ;
#376 =( NAMED_UNIT ( * ) SI_UNIT ( $, .STERADIAN. ) SOLID_ANGLE_UNIT ( ) );
#377 = EDGE_LOOP ( 'NONE', ( #5786, #6626, #2764, #6358 ) ) ;
#378 = DIRECTION ( 'NONE',  ( -1.000000000000000000, -0.000000000000000000, -0.000000000000000000 ) ) ;
#379 = EDGE_CURVE ( 'NONE', #2848, #1587, #6535, .T. ) ;
#380 = AXIS2_PLACEMENT_3D ( 'NONE', #1214, #6232, #2326 ) ;
#381 = CARTESIAN_POINT ( 'NONE',  ( 0.3475231895887349043, 0.3092079138166083374, 0.8248628974272559367 ) ) ;
#382 = DIRECTION ( 'NONE',  ( 0.000000000000000000, -1.000000000000000000, 0.000000000000000000 ) ) ;
#383 = ADVANCED_FACE ( 'NONE', ( #5580 ), #734, .T. ) ;
#384 =( NAMED_UNIT ( * ) PLANE_ANGLE_UNIT ( ) SI_UNIT ( $, .RADIAN. ) );
#385 = VERTEX_POINT ( 'NONE', #5673 ) ;
#386 =( CONVERSION_BASED_UNIT ( 'INCH', #4104 ) LENGTH_UNIT ( ) NAMED_UNIT ( #4618 ) );
#387 = PRESENTATION_STYLE_ASSIGNMENT (( #2249 ) ) ;
#388 = FILL_AREA_STYLE ('',( #3181 ) ) ;
#389 = ORIENTED_EDGE ( 'NONE', *, *, #4964, .F. ) ;
#390 = VERTEX_POINT ( 'NONE', #4571 ) ;
#391 =( CONVERSION_BASED_UNIT ( 'INCH', #1027 ) LENGTH_UNIT ( ) NAMED_UNIT ( #6597 ) );
#392 = CARTESIAN_POINT ( 'NONE',  ( 0.1329562604548769900, 0.2068457090921992647, 0.5925794328603265493 ) ) ;
#393 =( GEOMETRIC_REPRESENTATION_CONTEXT ( 3 ) GLOBAL_UNCERTAINTY_ASSIGNED_CONTEXT ( ( #1410 ) ) GLOBAL_UNIT_ASSIGNED_CONTEXT ( ( #323, #3094, #3143 ) ) REPRESENTATION_CONTEXT ( 'NONE', 'WORKASPACE' ) );
#394 = SURFACE_SIDE_STYLE ('',( #7174 ) ) ;
#395 = PLANE ( 'NONE',  #4750 ) ;
#396 = LINE ( 'NONE', #5475, #35 ) ;
#397 = DIMENSIONAL_EXPONENTS ( 1.000000000000000000, 0.000000000000000000, 0.000000000000000000, 0.000000000000000000, 0.000000000000000000, 0.000000000000000000, 0.000000000000000000 ) ;
#398 = PRESENTATION_STYLE_ASSIGNMENT (( #6443 ) ) ;
#399 = SURFACE_STYLE_USAGE ( .BOTH. , #2645 ) ;
#400 = DIRECTION ( 'NONE',  ( -0.9544338947578753229, 0.000000000000000000, -0.2984224196291438980 ) ) ;
#401 =( NAMED_UNIT ( * ) SI_UNIT ( $, .STERADIAN. ) SOLID_ANGLE_UNIT ( ) );
#402 =( LENGTH_UNIT ( ) NAMED_UNIT ( * ) SI_UNIT ( $, .METRE. ) );
#403 = ORIENTED_EDGE ( 'NONE', *, *, #5431, .F. ) ;
#404 = DIRECTION ( 'NONE',  ( 0.000000000000000000, 0.000000000000000000, 1.000000000000000000 ) ) ;
#405 =( GEOMETRIC_REPRESENTATION_CONTEXT ( 3 ) GLOBAL_UNCERTAINTY_ASSIGNED_CONTEXT ( ( #5241 ) ) GLOBAL_UNIT_ASSIGNED_CONTEXT ( ( #367, #3766, #6027 ) ) REPRESENTATION_CONTEXT ( 'NONE', 'WORKASPACE' ) );
#406 = EDGE_CURVE ( 'NONE', #2389, #6752, #6558, .T. ) ;
#407 = FILL_AREA_STYLE ('',( #2687 ) ) ;
#408 = SURFACE_STYLE_FILL_AREA ( #2570 ) ;
#409 = VERTEX_POINT ( 'NONE', #5034 ) ;
#410 = FILL_AREA_STYLE_COLOUR ( '', #1382 ) ;
#411 = DIRECTION ( 'NONE',  ( 0.000000000000000000, 0.000000000000000000, -1.000000000000000000 ) ) ;
#412 = ADVANCED_FACE ( 'NONE', ( #6033 ), #1692, .T. ) ;
#413 = LENGTH_MEASURE_WITH_UNIT ( LENGTH_MEASURE( 0.02539999999999999897 ), #3575 );
#414 = CARTESIAN_POINT ( 'NONE',  ( 0.1329562604548769900, 0.2698378350764512046, 0.7894298265611140453 ) ) ;
#415 = PRESENTATION_LAYER_ASSIGNMENT (  '', '', ( #2428 ) ) ;
#416 =( NAMED_UNIT ( * ) PLANE_ANGLE_UNIT ( ) SI_UNIT ( $, .RADIAN. ) );
#417 = EDGE_CURVE ( 'NONE', #4540, #6831, #3011, .T. ) ;
#418 =( LENGTH_UNIT ( ) NAMED_UNIT ( * ) SI_UNIT ( $, .METRE. ) );
#419 =( NAMED_UNIT ( * ) SI_UNIT ( $, .STERADIAN. ) SOLID_ANGLE_UNIT ( ) );
#420 = ADVANCED_FACE ( 'NONE', ( #4899 ), #1721, .F. ) ;
#421 = CARTESIAN_POINT ( 'NONE',  ( 0.06209011872259351944, 0.3407039768087347098, 0.7894298265611140453 ) ) ;
#422 = SURFACE_SIDE_STYLE ('',( #6966 ) ) ;
#423 =( LENGTH_UNIT ( ) NAMED_UNIT ( * ) SI_UNIT ( $, .METRE. ) );
#424 =( GEOMETRIC_REPRESENTATION_CONTEXT ( 3 ) GLOBAL_UNCERTAINTY_ASSIGNED_CONTEXT ( ( #1652 ) ) GLOBAL_UNIT_ASSIGNED_CONTEXT ( ( #5620, #58, #2300 ) ) REPRESENTATION_CONTEXT ( 'NONE', 'WORKASPACE' ) );
#425 =( CONVERSION_BASED_UNIT ( 'INCH', #4364 ) LENGTH_UNIT ( ) NAMED_UNIT ( #817 ) );
#426 = ORIENTED_EDGE ( 'NONE', *, *, #379, .T. ) ;
#427 = ORIENTED_EDGE ( 'NONE', *, *, #4974, .F. ) ;
#428 = LENGTH_MEASURE_WITH_UNIT ( LENGTH_MEASURE( 0.02539999999999999897 ), #358 );
#429 = CONICAL_SURFACE ( 'NONE', #6059, 0.03937007874015748671, 0.6640461628266847161 ) ;
#430 = FILL_AREA_STYLE ('',( #3785 ) ) ;
#431 = VERTEX_POINT ( 'NONE', #2279 ) ;
#432 = CARTESIAN_POINT ( 'NONE',  ( 0.3475231895887351818, 0.3092079138166087260, 0.5532093541201690279 ) ) ;
#433 = PRESENTATION_LAYER_ASSIGNMENT (  '', '', ( #3564 ) ) ;
#434 = STYLED_ITEM ( 'NONE', ( #1608 ), #454 ) ;
#435 = DIRECTION ( 'NONE',  ( -0.000000000000000000, -0.000000000000000000, 1.000000000000000000 ) ) ;
#436 = DIRECTION ( 'NONE',  ( 0.000000000000000000, 0.000000000000000000, -1.000000000000000000 ) ) ;
#437 = LINE ( 'NONE', #6695, #4098 ) ;
#438 =( LENGTH_UNIT ( ) NAMED_UNIT ( * ) SI_UNIT ( $, .METRE. ) );
#439 = LENGTH_MEASURE_WITH_UNIT ( LENGTH_MEASURE( 0.02539999999999999897 ), #6378 );
#440 = ORIENTED_EDGE ( 'NONE', *, *, #6426, .F. ) ;
#441 = LENGTH_MEASURE_WITH_UNIT ( LENGTH_MEASURE( 0.02539999999999999897 ), #2322 );
#442 = UNCERTAINTY_MEASURE_WITH_UNIT (LENGTH_MEASURE( 1.000000000000000082E-05 ), #425, 'distance_accuracy_value', 'NONE');
#443 = AXIS2_PLACEMENT_3D ( 'NONE', #6377, #4673, #873 ) ;
#444 = EDGE_CURVE ( 'NONE', #4652, #4347, #1782, .T. ) ;
#445 = PRESENTATION_STYLE_ASSIGNMENT (( #6674 ) ) ;
#446 = FACE_OUTER_BOUND ( 'NONE', #4217, .T. ) ;
#447 = LINE ( 'NONE', #3498, #6956 ) ;
#448 = DIRECTION ( 'NONE',  ( 0.000000000000000000, -1.000000000000000000, 0.000000000000000000 ) ) ;
#449 =( LENGTH_UNIT ( ) NAMED_UNIT ( * ) SI_UNIT ( $, .METRE. ) );
#450 = EDGE_LOOP ( 'NONE', ( #6197, #6775, #4746, #4477 ) ) ;
#451 = CARTESIAN_POINT ( 'NONE',  ( 0.1034287013997588905, 0.1064520083047976878, 0.7894298265611140453 ) ) ;
#452 =( GEOMETRIC_REPRESENTATION_CONTEXT ( 3 ) GLOBAL_UNCERTAINTY_ASSIGNED_CONTEXT ( ( #6061 ) ) GLOBAL_UNIT_ASSIGNED_CONTEXT ( ( #2084, #6589, #918 ) ) REPRESENTATION_CONTEXT ( 'NONE', 'WORKASPACE' ) );
#453 = DIRECTION ( 'NONE',  ( 0.000000000000000000, 0.000000000000000000, 1.000000000000000000 ) ) ;
#454 = ADVANCED_FACE ( 'NONE', ( #800 ), #5629, .F. ) ;
#455 = CARTESIAN_POINT ( 'NONE',  ( 0.06209011872259351944, 0.3407039768087347098, 0.7894298265611140453 ) ) ;
#456 = PRESENTATION_LAYER_ASSIGNMENT (  '', '', ( #6604 ) ) ;
#457 = EDGE_LOOP ( 'NONE', ( #1690, #5912, #7081, #1256 ) ) ;
#458 = CONICAL_SURFACE ( 'NONE', #6315, 0.03937007874015748671, 0.6640461628266847161 ) ;
#459 = PRESENTATION_STYLE_ASSIGNMENT (( #2212 ) ) ;
#460 = CARTESIAN_POINT ( 'NONE',  ( 0.3475231895887349043, 0.3092079138166083374, 0.7146266769548146325 ) ) ;
#461 = DIRECTION ( 'NONE',  ( 0.000000000000000000, 1.000000000000000000, 0.000000000000000000 ) ) ;
#462 = EDGE_LOOP ( 'NONE', ( #29, #1390 ) ) ;
#463 = DIRECTION ( 'NONE',  ( -1.224646799147353454E-16, 1.000000000000000000, -1.848892746611746419E-32 ) ) ;
#464 =( NAMED_UNIT ( * ) SI_UNIT ( $, .STERADIAN. ) SOLID_ANGLE_UNIT ( ) );
#465 = EDGE_CURVE ( 'NONE', #703, #909, #872, .T. ) ;
#466 = DIMENSIONAL_EXPONENTS ( 1.000000000000000000, 0.000000000000000000, 0.000000000000000000, 0.000000000000000000, 0.000000000000000000, 0.000000000000000000, 0.000000000000000000 ) ;
#467 = CARTESIAN_POINT ( 'NONE',  ( 0.2885133465487373372, 0.6182630319268449526, 0.7364290290621910984 ) ) ;
#468 =( CONVERSION_BASED_UNIT ( 'INCH', #6634 ) LENGTH_UNIT ( ) NAMED_UNIT ( #83 ) );
#469 = EDGE_CURVE ( 'NONE', #409, #4458, #5921, .T. ) ;
#470 = DIMENSIONAL_EXPONENTS ( 1.000000000000000000, 0.000000000000000000, 0.000000000000000000, 0.000000000000000000, 0.000000000000000000, 0.000000000000000000, 0.000000000000000000 ) ;
#471 = LENGTH_MEASURE_WITH_UNIT ( LENGTH_MEASURE( 0.02539999999999999897 ), #1577 );
#472 = ORIENTED_EDGE ( 'NONE', *, *, #5024, .F. ) ;
#473 = VECTOR ( 'NONE', #3436, 39.37007874015748143 ) ;
#474 =( NAMED_UNIT ( * ) SI_UNIT ( $, .STERADIAN. ) SOLID_ANGLE_UNIT ( ) );
#475 = VERTEX_POINT ( 'NONE', #3702 ) ;
#476 = ORIENTED_EDGE ( 'NONE', *, *, #3049, .F. ) ;
#477 = DIRECTION ( 'NONE',  ( 0.000000000000000000, 1.000000000000000000, 0.000000000000000000 ) ) ;
#478 = MECHANICAL_DESIGN_GEOMETRIC_PRESENTATION_REPRESENTATION (  '', ( #2220 ), #833 ) ;
#479 = COLOUR_RGB ( '',0.7803921568627451011, 0.7607843137254901578, 0.7411764705882353255 ) ;
#480 = ORIENTED_EDGE ( 'NONE', *, *, #1241, .F. ) ;
#481 = FILL_AREA_STYLE_COLOUR ( '', #3481 ) ;
#482 = FILL_AREA_STYLE_COLOUR ( '', #4730 ) ;
#483 = ORIENTED_EDGE ( 'NONE', *, *, #1873, .F. ) ;
#484 =( LENGTH_UNIT ( ) NAMED_UNIT ( * ) SI_UNIT ( $, .METRE. ) );
#485 = DIRECTION ( 'NONE',  ( 0.000000000000000000, 0.000000000000000000, -1.000000000000000000 ) ) ;
#486 = ORIENTED_EDGE ( 'NONE', *, *, #3268, .F. ) ;
#487 =( NAMED_UNIT ( * ) PLANE_ANGLE_UNIT ( ) SI_UNIT ( $, .RADIAN. ) );
#488 = EDGE_CURVE ( 'NONE', #7008, #6252, #6091, .T. ) ;
#489 = ORIENTED_EDGE ( 'NONE', *, *, #6697, .T. ) ;
#490 = ADVANCED_FACE ( 'NONE', ( #5150 ), #4213, .F. ) ;
#491 = STYLED_ITEM ( 'NONE', ( #1852 ), #350 ) ;
#492 = DIRECTION ( 'NONE',  ( 0.000000000000000000, 1.000000000000000000, 0.000000000000000000 ) ) ;
#493 = SURFACE_STYLE_FILL_AREA ( #3001 ) ;
#494 =( GEOMETRIC_REPRESENTATION_CONTEXT ( 3 ) GLOBAL_UNCERTAINTY_ASSIGNED_CONTEXT ( ( #5891 ) ) GLOBAL_UNIT_ASSIGNED_CONTEXT ( ( #6366, #4093, #6876 ) ) REPRESENTATION_CONTEXT ( 'NONE', 'WORKASPACE' ) );
#495 = PLANE ( 'NONE',  #4014 ) ;
#496 = MECHANICAL_DESIGN_GEOMETRIC_PRESENTATION_REPRESENTATION (  '', ( #3125 ), #1110 ) ;
#497 = EDGE_CURVE ( 'NONE', #7059, #3614, #5135, .T. ) ;
#498 = DIRECTION ( 'NONE',  ( 1.000000000000000000, 0.000000000000000000, 0.000000000000000000 ) ) ;
#499 = LENGTH_MEASURE_WITH_UNIT ( LENGTH_MEASURE( 0.02539999999999999897 ), #894 );
#500 = VECTOR ( 'NONE', #2593, 39.37007874015748143 ) ;
#501 = CARTESIAN_POINT ( 'NONE',  ( 0.3475231895887345157, 0.3092079138166087260, 0.8248628974272557146 ) ) ;
#502 = SURFACE_STYLE_USAGE ( .BOTH. , #3918 ) ;
#503 =( LENGTH_UNIT ( ) NAMED_UNIT ( * ) SI_UNIT ( $, .METRE. ) );
#504 = CARTESIAN_POINT ( 'NONE',  ( 0.2057909061241683379, -0.06480783421488736651, 0.7894298265611140453 ) ) ;
#505 = FACE_OUTER_BOUND ( 'NONE', #6297, .T. ) ;
#506 = PRESENTATION_LAYER_ASSIGNMENT (  '', '', ( #4383 ) ) ;
#507 =( NAMED_UNIT ( * ) SI_UNIT ( $, .STERADIAN. ) SOLID_ANGLE_UNIT ( ) );
#508 = SURFACE_STYLE_FILL_AREA ( #2128 ) ;
#509 = CYLINDRICAL_SURFACE ( 'NONE', #6101, 0.03937007874015748671 ) ;
#510 = ORIENTED_EDGE ( 'NONE', *, *, #1475, .F. ) ;
#511 = FACE_OUTER_BOUND ( 'NONE', #3617, .T. ) ;
#512 = MECHANICAL_DESIGN_GEOMETRIC_PRESENTATION_REPRESENTATION (  '', ( #3771 ), #739 ) ;
#513 = ORIENTED_EDGE ( 'NONE', *, *, #2359, .T. ) ;
#514 = VECTOR ( 'NONE', #5095, 39.37007874015748143 ) ;
#515 = ADVANCED_FACE ( 'NONE', ( #3937 ), #5160, .F. ) ;
#516 = CARTESIAN_POINT ( 'NONE',  ( 0.2372869691162943495, -0.03331177122276107738, 0.5532093541201690279 ) ) ;
#517 = DIRECTION ( 'NONE',  ( 0.000000000000000000, 0.000000000000000000, -1.000000000000000000 ) ) ;
#518 = MECHANICAL_DESIGN_GEOMETRIC_PRESENTATION_REPRESENTATION (  '', ( #746 ), #4121 ) ;
#519 =( CONVERSION_BASED_UNIT ( 'INCH', #4494 ) LENGTH_UNIT ( ) NAMED_UNIT ( #842 ) );
#520 = FILL_AREA_STYLE_COLOUR ( '', #6962 ) ;
#521 = UNCERTAINTY_MEASURE_WITH_UNIT (LENGTH_MEASURE( 1.000000000000000082E-05 ), #2131, 'distance_accuracy_value', 'NONE');
#522 = ORIENTED_EDGE ( 'NONE', *, *, #4873, .F. ) ;
#523 = EDGE_LOOP ( 'NONE', ( #2076, #363, #2741, #6745 ) ) ;
#524 =( LENGTH_UNIT ( ) NAMED_UNIT ( * ) SI_UNIT ( $, .METRE. ) );
#525 = PRESENTATION_STYLE_ASSIGNMENT (( #4901 ) ) ;
#526 = DIRECTION ( 'NONE',  ( -1.000000000000000000, 0.000000000000000000, -0.000000000000000000 ) ) ;
#527 =( LENGTH_UNIT ( ) NAMED_UNIT ( * ) SI_UNIT ( $, .METRE. ) );
#528 = COLOUR_RGB ( '',1.000000000000000000, 1.000000000000000000, 1.000000000000000000 ) ;
#529 = LINE ( 'NONE', #4741, #6356 ) ;
#530 = ORIENTED_EDGE ( 'NONE', *, *, #4791, .F. ) ;
#531 =( GEOMETRIC_REPRESENTATION_CONTEXT ( 3 ) GLOBAL_UNCERTAINTY_ASSIGNED_CONTEXT ( ( #5819 ) ) GLOBAL_UNIT_ASSIGNED_CONTEXT ( ( #6840, #4625, #1447 ) ) REPRESENTATION_CONTEXT ( 'NONE', 'WORKASPACE' ) );
#532 =( GEOMETRIC_REPRESENTATION_CONTEXT ( 3 ) GLOBAL_UNCERTAINTY_ASSIGNED_CONTEXT ( ( #4022 ) ) GLOBAL_UNIT_ASSIGNED_CONTEXT ( ( #6916, #2490, #5270 ) ) REPRESENTATION_CONTEXT ( 'NONE', 'WORKASPACE' ) );
#533 = ORIENTED_EDGE ( 'NONE', *, *, #258, .F. ) ;
#534 = EDGE_CURVE ( 'NONE', #274, #5053, #3505, .T. ) ;
#535 = COLOUR_RGB ( '',1.000000000000000000, 1.000000000000000000, 1.000000000000000000 ) ;
#536 = SURFACE_STYLE_USAGE ( .BOTH. , #6034 ) ;
#537 = VERTEX_POINT ( 'NONE', #1993 ) ;
#538 = ORIENTED_EDGE ( 'NONE', *, *, #299, .F. ) ;
#539 = PRESENTATION_STYLE_ASSIGNMENT (( #2346 ) ) ;
#540 = FACE_OUTER_BOUND ( 'NONE', #6997, .T. ) ;
#541 =( LENGTH_UNIT ( ) NAMED_UNIT ( * ) SI_UNIT ( $, .METRE. ) );
#542 = ORIENTED_EDGE ( 'NONE', *, *, #3134, .T. ) ;
#543 = DIRECTION ( 'NONE',  ( 1.000000000000000000, 0.000000000000000000, -0.000000000000000000 ) ) ;
#544 = CARTESIAN_POINT ( 'NONE',  ( 0.4183893313210187981, 0.1379480712969235467, 0.8543904564823738834 ) ) ;
#545 = CARTESIAN_POINT ( 'NONE',  ( 0.06209011872259351944, 0.1359795673599158150, 0.5925794328603265493 ) ) ;
#546 = COLOUR_RGB ( '',0.6470588235294117974, 0.6196078431372549211, 0.5882352941176470784 ) ;
#547 = PRESENTATION_STYLE_ASSIGNMENT (( #2856 ) ) ;
#548 = VERTEX_POINT ( 'NONE', #4241 ) ;
#549 =( LENGTH_UNIT ( ) NAMED_UNIT ( * ) SI_UNIT ( $, .METRE. ) );
#550 = FILL_AREA_STYLE ('',( #2232 ) ) ;
#551 = EDGE_CURVE ( 'NONE', #5928, #902, #2551, .T. ) ;
#552 = VECTOR ( 'NONE', #927, 39.37007874015748143 ) ;
#553 = FILL_AREA_STYLE ('',( #1196 ) ) ;
#554 = PRESENTATION_LAYER_ASSIGNMENT (  '', '', ( #5072 ) ) ;
#555 = PRESENTATION_STYLE_ASSIGNMENT (( #151 ) ) ;
#556 = EDGE_LOOP ( 'NONE', ( #1631, #4975, #2831, #1498 ) ) ;
#557 = VERTEX_POINT ( 'NONE', #2579 ) ;
#558 = ADVANCED_FACE ( 'NONE', ( #2372 ), #5841, .F. ) ;
#559 = PRESENTATION_STYLE_ASSIGNMENT (( #3298 ) ) ;
#560 = LINE ( 'NONE', #5884, #729 ) ;
#561 = ORIENTED_EDGE ( 'NONE', *, *, #4957, .T. ) ;
#562 = DIRECTION ( 'NONE',  ( -0.000000000000000000, -0.000000000000000000, 1.000000000000000000 ) ) ;
#563 = DIRECTION ( 'NONE',  ( 0.000000000000000000, 0.000000000000000000, -1.000000000000000000 ) ) ;
#564 = UNCERTAINTY_MEASURE_WITH_UNIT (LENGTH_MEASURE( 1.000000000000000082E-05 ), #1942, 'distance_accuracy_value', 'NONE');
#565 = SURFACE_STYLE_USAGE ( .BOTH. , #1232 ) ;
#566 = SURFACE_STYLE_FILL_AREA ( #6613 ) ;
#567 = AXIS2_PLACEMENT_3D ( 'NONE', #4296, #5904, #400 ) ;
#568 =( NAMED_UNIT ( * ) PLANE_ANGLE_UNIT ( ) SI_UNIT ( $, .RADIAN. ) );
#569 = LINE ( 'NONE', #2671, #1112 ) ;
#570 =( CONVERSION_BASED_UNIT ( 'INCH', #6550 ) LENGTH_UNIT ( ) NAMED_UNIT ( #129 ) );
#571 = EDGE_CURVE ( 'NONE', #1669, #3200, #1864, .T. ) ;
#572 = CARTESIAN_POINT ( 'NONE',  ( 0.2591150752091239684, 0.5533024020055851144, 0.7579958730324072302 ) ) ;
#573 = LINE ( 'NONE', #331, #232 ) ;
#574 = APPLICATION_CONTEXT ( 'automotive_design' ) ;
#575 = EDGE_CURVE ( 'NONE', #6733, #1969, #189, .T. ) ;
#576 = STYLED_ITEM ( 'NONE', ( #4616 ), #6534 ) ;
#577 =( CONVERSION_BASED_UNIT ( 'INCH', #1521 ) LENGTH_UNIT ( ) NAMED_UNIT ( #6948 ) );
#578 = FILL_AREA_STYLE ('',( #6125 ) ) ;
#579 = CIRCLE ( 'NONE', #2481, 0.03937007874015752140 ) ;
#580 = FILL_AREA_STYLE_COLOUR ( '', #4959 ) ;
#581 = ADVANCED_FACE ( 'NONE', ( #2996 ), #4321, .F. ) ;
#582 = ORIENTED_EDGE ( 'NONE', *, *, #5191, .T. ) ;
#583 = EDGE_CURVE ( 'NONE', #3162, #6887, #6016, .T. ) ;
#584 = SURFACE_STYLE_USAGE ( .BOTH. , #4576 ) ;
#585 = VERTEX_POINT ( 'NONE', #4298 ) ;
#586 = CARTESIAN_POINT ( 'NONE',  ( 0.06209011872259351944, 0.1359795673599158150, 0.5925794328603265493 ) ) ;
#587 = DIRECTION ( 'NONE',  ( 1.000000000000000000, 0.000000000000000000, 0.000000000000000000 ) ) ;
#588 = ORIENTED_EDGE ( 'NONE', *, *, #3078, .F. ) ;
#589 = CARTESIAN_POINT ( 'NONE',  ( 0.2372869691162943495, -0.06480783421488736651, 0.7894298265611140453 ) ) ;
#590 = VECTOR ( 'NONE', #3312, 39.37007874015748143 ) ;
#591 = SURFACE_STYLE_USAGE ( .BOTH. , #5622 ) ;
#592 = LENGTH_MEASURE_WITH_UNIT ( LENGTH_MEASURE( 0.02539999999999999897 ), #6875 );
#593 = LENGTH_MEASURE_WITH_UNIT ( LENGTH_MEASURE( 0.02539999999999999897 ), #6767 );
#594 = FILL_AREA_STYLE_COLOUR ( '', #3142 ) ;
#595 = MECHANICAL_DESIGN_GEOMETRIC_PRESENTATION_REPRESENTATION (  '', ( #4483 ), #5219 ) ;
#596 = EDGE_LOOP ( 'NONE', ( #4530, #4052, #993, #3716 ) ) ;
#597 = LINE ( 'NONE', #1189, #4021 ) ;
#598 = CARTESIAN_POINT ( 'NONE',  ( 0.2215389376202312466, 0.5533024020055851144, 0.5728943934902481772 ) ) ;
#599 = FACE_OUTER_BOUND ( 'NONE', #616, .T. ) ;
#600 = FACE_BOUND ( 'NONE', #352, .T. ) ;
#601 = DIRECTION ( 'NONE',  ( 1.000000000000000000, 0.000000000000000000, -0.000000000000000000 ) ) ;
#602 = FILL_AREA_STYLE ('',( #580 ) ) ;
#603 = ORIENTED_EDGE ( 'NONE', *, *, #3231, .F. ) ;
#604 = CARTESIAN_POINT ( 'NONE',  ( 0.1785912521295394961, 0.2973968901945615029, 0.7500597478209566349 ) ) ;
#605 = MECHANICAL_DESIGN_GEOMETRIC_PRESENTATION_REPRESENTATION (  '', ( #7000 ), #7101 ) ;
#606 = VECTOR ( 'NONE', #1316, 39.37007874015748143 ) ;
#607 = CARTESIAN_POINT ( 'NONE',  ( 0.2591150752091239684, 0.6182630319268449526, 0.5846433076488758429 ) ) ;
#608 = EDGE_LOOP ( 'NONE', ( #4157, #4614, #719, #5229 ) ) ;
#609 = VECTOR ( 'NONE', #6474, 39.37007874015748854 ) ;
#610 =( NAMED_UNIT ( * ) SI_UNIT ( $, .STERADIAN. ) SOLID_ANGLE_UNIT ( ) );
#611 = ORIENTED_EDGE ( 'NONE', *, *, #3456, .T. ) ;
#612 = FACE_OUTER_BOUND ( 'NONE', #596, .T. ) ;
#613 = STYLED_ITEM ( 'NONE', ( #747 ), #1217 ) ;
#614 = ADVANCED_FACE ( 'NONE', ( #3952 ), #3165, .F. ) ;
#615 = PRESENTATION_LAYER_ASSIGNMENT (  '', '', ( #5199 ) ) ;
#616 = EDGE_LOOP ( 'NONE', ( #4286, #979, #2669, #5050 ) ) ;
#617 = EDGE_CURVE ( 'NONE', #4482, #4126, #2296, .T. ) ;
#618 = COLOUR_RGB ( '',1.000000000000000000, 1.000000000000000000, 1.000000000000000000 ) ;
#619 = DIRECTION ( 'NONE',  ( -0.000000000000000000, -0.000000000000000000, 1.000000000000000000 ) ) ;
#620 = VERTEX_POINT ( 'NONE', #2648 ) ;
#621 = DIRECTION ( 'NONE',  ( -0.000000000000000000, -0.000000000000000000, -1.000000000000000000 ) ) ;
#622 = DIMENSIONAL_EXPONENTS ( 1.000000000000000000, 0.000000000000000000, 0.000000000000000000, 0.000000000000000000, 0.000000000000000000, 0.000000000000000000, 0.000000000000000000 ) ;
#623 = ORIENTED_EDGE ( 'NONE', *, *, #6483, .T. ) ;
#624 = COLOUR_RGB ( '',1.000000000000000000, 1.000000000000000000, 1.000000000000000000 ) ;
#625 = PRESENTATION_LAYER_ASSIGNMENT (  '', '', ( #7119 ) ) ;
#626 = VERTEX_POINT ( 'NONE', #2093 ) ;
#627 = ORIENTED_EDGE ( 'NONE', *, *, #6547, .F. ) ;
#628 = DIRECTION ( 'NONE',  ( 1.224646799147353454E-16, -1.000000000000000000, -2.465190328815661892E-32 ) ) ;
#629 = MECHANICAL_DESIGN_GEOMETRIC_PRESENTATION_REPRESENTATION (  '', ( #3692 ), #6272 ) ;
#630 = VECTOR ( 'NONE', #3249, 39.37007874015748143 ) ;
#631 = EDGE_CURVE ( 'NONE', #7185, #2124, #4187, .T. ) ;
#632 = DIRECTION ( 'NONE',  ( -1.224646799147353454E-16, 1.000000000000000000, 2.465190328815661892E-32 ) ) ;
#633 =( NAMED_UNIT ( * ) PLANE_ANGLE_UNIT ( ) SI_UNIT ( $, .RADIAN. ) );
#634 = LINE ( 'NONE', #4514, #473 ) ;
#635 = ORIENTED_EDGE ( 'NONE', *, *, #2235, .F. ) ;
#636 = UNCERTAINTY_MEASURE_WITH_UNIT (LENGTH_MEASURE( 1.000000000000000082E-05 ), #577, 'distance_accuracy_value', 'NONE');
#637 =( NAMED_UNIT ( * ) PLANE_ANGLE_UNIT ( ) SI_UNIT ( $, .RADIAN. ) );
#638 = EDGE_LOOP ( 'NONE', ( #5536, #6687, #645, #3917 ) ) ;
#639 = FACE_OUTER_BOUND ( 'NONE', #2234, .T. ) ;
#640 =( LENGTH_UNIT ( ) NAMED_UNIT ( * ) SI_UNIT ( $, .METRE. ) );
#641 = STYLED_ITEM ( 'NONE', ( #187 ), #3247 ) ;
#642 = EDGE_LOOP ( 'NONE', ( #5255, #4382, #6537, #6305, #7207, #5067 ) ) ;
#643 = LINE ( 'NONE', #5375, #1802 ) ;
#644 =( CONVERSION_BASED_UNIT ( 'INCH', #5257 ) LENGTH_UNIT ( ) NAMED_UNIT ( #6914 ) );
#645 = ORIENTED_EDGE ( 'NONE', *, *, #571, .T. ) ;
#646 = UNCERTAINTY_MEASURE_WITH_UNIT (LENGTH_MEASURE( 1.000000000000000082E-05 ), #6174, 'distance_accuracy_value', 'NONE');
#647 = FILL_AREA_STYLE_COLOUR ( '', #528 ) ;
#648 = PRESENTATION_LAYER_ASSIGNMENT (  '', '', ( #1179 ) ) ;
#649 = COLOUR_RGB ( '',0.7803921568627451011, 0.7607843137254901578, 0.7411764705882353255 ) ;
#650 = FILL_AREA_STYLE ('',( #3407 ) ) ;
#651 = CARTESIAN_POINT ( 'NONE',  ( 0.1106993531933222058, 0.5985779925567662474, 0.5506131297273821890 ) ) ;
#652 = DIRECTION ( 'NONE',  ( -0.000000000000000000, -0.000000000000000000, -1.000000000000000000 ) ) ;
#653 = SURFACE_STYLE_FILL_AREA ( #1280 ) ;
#654 = MECHANICAL_DESIGN_GEOMETRIC_PRESENTATION_REPRESENTATION (  '', ( #5530 ), #2273 ) ;
#655 = PLANE ( 'NONE',  #380 ) ;
#656 = EDGE_CURVE ( 'NONE', #3635, #5323, #3782, .T. ) ;
#657 = CARTESIAN_POINT ( 'NONE',  ( 0.06209011872259351944, 0.1359795673599158150, 0.5925794328603265493 ) ) ;
#658 = ORIENTED_EDGE ( 'NONE', *, *, #3972, .T. ) ;
#659 = LENGTH_MEASURE_WITH_UNIT ( LENGTH_MEASURE( 0.02539999999999999897 ), #6318 );
#660 = DIRECTION ( 'NONE',  ( 0.000000000000000000, -1.445602896647339163E-16, -1.000000000000000000 ) ) ;
#661 = PRESENTATION_STYLE_ASSIGNMENT (( #5381 ) ) ;
#662 = CARTESIAN_POINT ( 'NONE',  ( 0.2057909061241683379, -0.03331177122276113983, 0.5925794328603265493 ) ) ;
#663 = PRESENTATION_LAYER_ASSIGNMENT (  '', '', ( #7159 ) ) ;
#664 = STYLED_ITEM ( 'NONE', ( #1396 ), #1777 ) ;
#665 = ORIENTED_EDGE ( 'NONE', *, *, #7173, .F. ) ;
#666 = DIRECTION ( 'NONE',  ( 1.000000000000000000, 0.000000000000000000, 0.000000000000000000 ) ) ;
#667 = LINE ( 'NONE', #1176, #2716 ) ;
#668 = DIRECTION ( 'NONE',  ( 1.000000000000000000, 0.000000000000000000, 0.000000000000000000 ) ) ;
#669 = VECTOR ( 'NONE', #1392, 39.37007874015748143 ) ;
#670 = LENGTH_MEASURE_WITH_UNIT ( LENGTH_MEASURE( 0.02539999999999999897 ), #6269 );
#671 = CARTESIAN_POINT ( 'NONE',  ( 0.3475231895887350708, 0.3092079138166087260, 0.8248628974272557146 ) ) ;
#672 = CARTESIAN_POINT ( 'NONE',  ( 0.1785912521295394961, 0.3092079138166086705, 0.5925794328603265493 ) ) ;
#673 = EDGE_LOOP ( 'NONE', ( #1881, #1927, #901, #5158 ) ) ;
#674 = FACE_OUTER_BOUND ( 'NONE', #4449, .T. ) ;
#675 = PLANE ( 'NONE',  #50 ) ;
#676 = CARTESIAN_POINT ( 'NONE',  ( 0.06209011872259351944, 0.1910976775961362728, 0.7146266769548147435 ) ) ;
#677 = MECHANICAL_DESIGN_GEOMETRIC_PRESENTATION_REPRESENTATION (  '', ( #6934 ), #180 ) ;
#678 = COLOUR_RGB ( '',0.7921568627450980005, 0.8196078431372548767, 0.9333333333333333481 ) ;
#679 = DIRECTION ( 'NONE',  ( 0.000000000000000000, 0.000000000000000000, 1.000000000000000000 ) ) ;
#680 = CARTESIAN_POINT ( 'NONE',  ( 0.3111794497628561085, 0.6753496461000733087, 0.4744691966398540961 ) ) ;
#681 = ORIENTED_EDGE ( 'NONE', *, *, #6523, .T. ) ;
#682 =( NAMED_UNIT ( * ) SI_UNIT ( $, .STERADIAN. ) SOLID_ANGLE_UNIT ( ) );
#683 = VERTEX_POINT ( 'NONE', #287 ) ;
#684 = LENGTH_MEASURE_WITH_UNIT ( LENGTH_MEASURE( 0.02539999999999999897 ), #6592 );
#685 = FACE_OUTER_BOUND ( 'NONE', #2610, .T. ) ;
#686 = PRESENTATION_STYLE_ASSIGNMENT (( #6978 ) ) ;
#687 = AXIS2_PLACEMENT_3D ( 'NONE', #1994, #3627, #5800 ) ;
#689 = PRESENTATION_STYLE_ASSIGNMENT (( #1883 ) ) ;
#688 = LENGTH_MEASURE_WITH_UNIT ( LENGTH_MEASURE( 0.02539999999999999897 ), #4218 );
#690 = DIRECTION ( 'NONE',  ( -0.000000000000000000, -0.000000000000000000, -1.000000000000000000 ) ) ;
#691 = ORIENTED_EDGE ( 'NONE', *, *, #6755, .T. ) ;
#692 =( CONVERSION_BASED_UNIT ( 'INCH', #4032 ) LENGTH_UNIT ( ) NAMED_UNIT ( #4224 ) );
#693 = DIMENSIONAL_EXPONENTS ( 1.000000000000000000, 0.000000000000000000, 0.000000000000000000, 0.000000000000000000, 0.000000000000000000, 0.000000000000000000, 0.000000000000000000 ) ;
#694 = COLOUR_RGB ( '',0.7803921568627451011, 0.7607843137254901578, 0.7411764705882353255 ) ;
#696 = SURFACE_STYLE_FILL_AREA ( #1246 ) ;
#695 = LENGTH_MEASURE_WITH_UNIT ( LENGTH_MEASURE( 0.02539999999999999897 ), #5264 );
#697 = SURFACE_SIDE_STYLE ('',( #3876 ) ) ;
#698 = DIRECTION ( 'NONE',  ( 0.000000000000000000, 1.000000000000000000, 0.000000000000000000 ) ) ;
#699 = FACE_OUTER_BOUND ( 'NONE', #5210, .T. ) ;
#700 = STYLED_ITEM ( 'NONE', ( #2069 ), #5081 ) ;
#701 = FILL_AREA_STYLE_COLOUR ( '', #649 ) ;
#702 = DIRECTION ( 'NONE',  ( 0.000000000000000000, 0.000000000000000000, 1.000000000000000000 ) ) ;
#703 = VERTEX_POINT ( 'NONE', #7025 ) ;
#704 = VECTOR ( 'NONE', #4810, 39.37007874015748143 ) ;
#705 = EDGE_CURVE ( 'NONE', #5929, #1534, #3597, .T. ) ;
#706 = MECHANICAL_DESIGN_GEOMETRIC_PRESENTATION_REPRESENTATION (  '', ( #6458 ), #1855 ) ;
#707 = VERTEX_POINT ( 'NONE', #6404 ) ;
#708 = FILL_AREA_STYLE ('',( #152 ) ) ;
#709 = DIRECTION ( 'NONE',  ( -0.000000000000000000, 1.000000000000000000, -0.000000000000000000 ) ) ;
#710 = PRESENTATION_STYLE_ASSIGNMENT (( #4751 ) ) ;
#711 =( NAMED_UNIT ( * ) SI_UNIT ( $, .STERADIAN. ) SOLID_ANGLE_UNIT ( ) );
#712 =( GEOMETRIC_REPRESENTATION_CONTEXT ( 3 ) GLOBAL_UNCERTAINTY_ASSIGNED_CONTEXT ( ( #4103 ) ) GLOBAL_UNIT_ASSIGNED_CONTEXT ( ( #4168, #5289, #5360 ) ) REPRESENTATION_CONTEXT ( 'NONE', 'WORKASPACE' ) );
#713 = ORIENTED_EDGE ( 'NONE', *, *, #3842, .T. ) ;
#714 = EDGE_CURVE ( 'NONE', #1527, #1669, #5055, .T. ) ;
#715 = ORIENTED_EDGE ( 'NONE', *, *, #2139, .F. ) ;
#716 =( CONVERSION_BASED_UNIT ( 'INCH', #659 ) LENGTH_UNIT ( ) NAMED_UNIT ( #5758 ) );
#717 =( NAMED_UNIT ( * ) PLANE_ANGLE_UNIT ( ) SI_UNIT ( $, .RADIAN. ) );
#718 = CIRCLE ( 'NONE', #4501, 0.03937007874015747977 ) ;
#719 = ORIENTED_EDGE ( 'NONE', *, *, #5766, .T. ) ;
#720 = ORIENTED_EDGE ( 'NONE', *, *, #5813, .F. ) ;
#721 = FILL_AREA_STYLE_COLOUR ( '', #4793 ) ;
#722 = FILL_AREA_STYLE_COLOUR ( '', #3335 ) ;
#723 = SURFACE_STYLE_FILL_AREA ( #4009 ) ;
#724 = EDGE_CURVE ( 'NONE', #6036, #1945, #6180, .T. ) ;
#725 = DIRECTION ( 'NONE',  ( 0.000000000000000000, 0.000000000000000000, 1.000000000000000000 ) ) ;
#726 = PRESENTATION_LAYER_ASSIGNMENT (  '', '', ( #6473 ) ) ;
#727 = CARTESIAN_POINT ( 'NONE',  ( 0.3475231895887351818, 0.3092079138166087260, 0.5532093541201690279 ) ) ;
#728 =( CONVERSION_BASED_UNIT ( 'INCH', #3465 ) LENGTH_UNIT ( ) NAMED_UNIT ( #6976 ) );
#729 = VECTOR ( 'NONE', #4185, 39.37007874015748143 ) ;
#730 = VERTEX_POINT ( 'NONE', #1416 ) ;
#731 =( NAMED_UNIT ( * ) SI_UNIT ( $, .STERADIAN. ) SOLID_ANGLE_UNIT ( ) );
#732 = CARTESIAN_POINT ( 'NONE',  ( 0.1014601974627510061, 0.1753496461000733087, 0.7894298265611140453 ) ) ;
#733 =( CONVERSION_BASED_UNIT ( 'INCH', #1581 ) LENGTH_UNIT ( ) NAMED_UNIT ( #1813 ) );
#734 = PLANE ( 'NONE',  #6393 ) ;
#735 = EDGE_CURVE ( 'NONE', #790, #6273, #2987, .T. ) ;
#736 = DIMENSIONAL_EXPONENTS ( 1.000000000000000000, 0.000000000000000000, 0.000000000000000000, 0.000000000000000000, 0.000000000000000000, 0.000000000000000000, 0.000000000000000000 ) ;
#737 = MECHANICAL_DESIGN_GEOMETRIC_PRESENTATION_REPRESENTATION (  '', ( #6012 ), #6893 ) ;
#738 = UNCERTAINTY_MEASURE_WITH_UNIT (LENGTH_MEASURE( 1.000000000000000082E-05 ), #6047, 'distance_accuracy_value', 'NONE');
#739 =( GEOMETRIC_REPRESENTATION_CONTEXT ( 3 ) GLOBAL_UNCERTAINTY_ASSIGNED_CONTEXT ( ( #862 ) ) GLOBAL_UNIT_ASSIGNED_CONTEXT ( ( #6763, #4485, #1694 ) ) REPRESENTATION_CONTEXT ( 'NONE', 'WORKASPACE' ) );
#740 = DIRECTION ( 'NONE',  ( -0.9544338947578755450, 0.000000000000000000, 0.2984224196291434539 ) ) ;
#741 = UNCERTAINTY_MEASURE_WITH_UNIT (LENGTH_MEASURE( 1.000000000000000082E-05 ), #4197, 'distance_accuracy_value', 'NONE');
#742 = CARTESIAN_POINT ( 'NONE',  ( 0.1329562604548769900, 0.2068457090921992647, 0.7894298265611140453 ) ) ;
#743 = CIRCLE ( 'NONE', #2513, 0.04724409448818896184 ) ;
#744 = DIRECTION ( 'NONE',  ( -0.000000000000000000, 1.000000000000000000, -0.000000000000000000 ) ) ;
#745 = LINE ( 'NONE', #6845, #5190 ) ;
#746 = STYLED_ITEM ( 'NONE', ( #559 ), #4799 ) ;
#747 = PRESENTATION_STYLE_ASSIGNMENT (( #3694 ) ) ;
#748 = CARTESIAN_POINT ( 'NONE',  ( 0.06209011872259351944, 0.1910976775961362728, 0.8248628974272557146 ) ) ;
#749 = CARTESIAN_POINT ( 'NONE',  ( 0.06209011872259351944, 0.1359795673599158150, 0.5925794328603265493 ) ) ;
#750 = CARTESIAN_POINT ( 'NONE',  ( 0.1329562604548769900, 0.09267248074574256644, 0.7894298265611140453 ) ) ;
#751 = UNCERTAINTY_MEASURE_WITH_UNIT (LENGTH_MEASURE( 1.000000000000000082E-05 ), #3192, 'distance_accuracy_value', 'NONE');
#752 =( CONVERSION_BASED_UNIT ( 'INCH', #6591 ) LENGTH_UNIT ( ) NAMED_UNIT ( #3647 ) );
#753 = SURFACE_STYLE_FILL_AREA ( #5248 ) ;
#754 = AXIS2_PLACEMENT_3D ( 'NONE', #6742, #1204, #3448 ) ;
#755 = AXIS2_PLACEMENT_3D ( 'NONE', #5594, #6115, #6619 ) ;
#756 = ORIENTED_EDGE ( 'NONE', *, *, #497, .F. ) ;
#757 = FILL_AREA_STYLE ('',( #5710 ) ) ;
#758 = EDGE_CURVE ( 'NONE', #6273, #1255, #1, .T. ) ;
#759 = SURFACE_SIDE_STYLE ('',( #882 ) ) ;
#760 = ORIENTED_EDGE ( 'NONE', *, *, #6314, .T. ) ;
#761 = VECTOR ( 'NONE', #2338, 39.37007874015748143 ) ;
#762 = EDGE_LOOP ( 'NONE', ( #197, #6104, #2370, #3787 ) ) ;
#763 = EDGE_CURVE ( 'NONE', #1705, #4570, #529, .T. ) ;
#764 = ORIENTED_EDGE ( 'NONE', *, *, #4727, .T. ) ;
#765 = CARTESIAN_POINT ( 'NONE',  ( 0.3475231895887345157, 0.3092079138166087260, 0.5177762832540273585 ) ) ;
#766 = DIRECTION ( 'NONE',  ( 0.000000000000000000, 1.000000000000000000, 0.000000000000000000 ) ) ;
#767 = PRESENTATION_LAYER_ASSIGNMENT (  '', '', ( #3136 ) ) ;
#768 =( GEOMETRIC_REPRESENTATION_CONTEXT ( 3 ) GLOBAL_UNCERTAINTY_ASSIGNED_CONTEXT ( ( #3358 ) ) GLOBAL_UNIT_ASSIGNED_CONTEXT ( ( #788, #3133, #3105 ) ) REPRESENTATION_CONTEXT ( 'NONE', 'WORKASPACE' ) );
#769 = VECTOR ( 'NONE', #1278, 39.37007874015748854 ) ;
#770 = DIMENSIONAL_EXPONENTS ( 1.000000000000000000, 0.000000000000000000, 0.000000000000000000, 0.000000000000000000, 0.000000000000000000, 0.000000000000000000, 0.000000000000000000 ) ;
#771 = DIRECTION ( 'NONE',  ( 0.000000000000000000, 0.000000000000000000, 1.000000000000000000 ) ) ;
#772 = SURFACE_SIDE_STYLE ('',( #7045 ) ) ;
#773 = VERTEX_POINT ( 'NONE', #3744 ) ;
#774 = LINE ( 'NONE', #5659, #3489 ) ;
#775 = DIRECTION ( 'NONE',  ( 1.000000000000000000, 0.000000000000000000, 0.000000000000000000 ) ) ;
#776 = COLOUR_RGB ( '',1.000000000000000000, 1.000000000000000000, 1.000000000000000000 ) ;
#777 = LINE ( 'NONE', #2418, #2374 ) ;
#778 =( GEOMETRIC_REPRESENTATION_CONTEXT ( 3 ) GLOBAL_UNCERTAINTY_ASSIGNED_CONTEXT ( ( #7034 ) ) GLOBAL_UNIT_ASSIGNED_CONTEXT ( ( #3479, #637, #81 ) ) REPRESENTATION_CONTEXT ( 'NONE', 'WORKASPACE' ) );
#779 = ORIENTED_EDGE ( 'NONE', *, *, #1306, .T. ) ;
#780 = CARTESIAN_POINT ( 'NONE',  ( 0.02468854391944393101, 0.6950346854701520138, 0.8681699840414289771 ) ) ;
#781 = DIRECTION ( 'NONE',  ( -0.000000000000000000, -1.000000000000000000, -0.000000000000000000 ) ) ;
#782 = LINE ( 'NONE', #3034, #5231 ) ;
#783 = DIRECTION ( 'NONE',  ( -0.000000000000000000, -0.000000000000000000, 1.000000000000000000 ) ) ;
#784 = ORIENTED_EDGE ( 'NONE', *, *, #1634, .F. ) ;
#786 = VECTOR ( 'NONE', #2623, 39.37007874015748143 ) ;
#785 = LINE ( 'NONE', #2604, #2214 ) ;
#787 = SURFACE_SIDE_STYLE ('',( #3835 ) ) ;
#788 =( CONVERSION_BASED_UNIT ( 'INCH', #3378 ) LENGTH_UNIT ( ) NAMED_UNIT ( #470 ) );
#789 = PRESENTATION_LAYER_ASSIGNMENT (  '', '', ( #2311 ) ) ;
#790 = VERTEX_POINT ( 'NONE', #6975 ) ;
#791 =( NAMED_UNIT ( * ) PLANE_ANGLE_UNIT ( ) SI_UNIT ( $, .RADIAN. ) );
#792 = CIRCLE ( 'NONE', #3417, 0.01968503937007873988 ) ;
#793 = ORIENTED_EDGE ( 'NONE', *, *, #6177, .T. ) ;
#794 =( NAMED_UNIT ( * ) SI_UNIT ( $, .STERADIAN. ) SOLID_ANGLE_UNIT ( ) );
#795 = COLOUR_RGB ( '',0.7921568627450980005, 0.8196078431372548767, 0.9333333333333333481 ) ;
#796 = DIRECTION ( 'NONE',  ( 0.000000000000000000, 0.000000000000000000, 1.000000000000000000 ) ) ;
#797 = DIRECTION ( 'NONE',  ( -0.000000000000000000, -0.000000000000000000, -1.000000000000000000 ) ) ;
#798 = CARTESIAN_POINT ( 'NONE',  ( 0.2372869691162943495, -0.06480783421488736651, 0.5768314013642634741 ) ) ;
#799 =( GEOMETRIC_REPRESENTATION_CONTEXT ( 3 ) GLOBAL_UNCERTAINTY_ASSIGNED_CONTEXT ( ( #3430 ) ) GLOBAL_UNIT_ASSIGNED_CONTEXT ( ( #6576, #4240, #5967 ) ) REPRESENTATION_CONTEXT ( 'NONE', 'WORKASPACE' ) );
#800 = FACE_OUTER_BOUND ( 'NONE', #7004, .T. ) ;
#801 = VERTEX_POINT ( 'NONE', #1517 ) ;
#802 = EDGE_CURVE ( 'NONE', #6060, #3501, #6454, .T. ) ;
#803 = SURFACE_SIDE_STYLE ('',( #7011 ) ) ;
#804 = EDGE_LOOP ( 'NONE', ( #3606, #4896, #4313, #6178 ) ) ;
#805 = LINE ( 'NONE', #6730, #3620 ) ;
#806 = ORIENTED_EDGE ( 'NONE', *, *, #6058, .T. ) ;
#807 = ORIENTED_EDGE ( 'NONE', *, *, #6606, .T. ) ;
#808 = LINE ( 'NONE', #5922, #1615 ) ;
#809 = DIMENSIONAL_EXPONENTS ( 1.000000000000000000, 0.000000000000000000, 0.000000000000000000, 0.000000000000000000, 0.000000000000000000, 0.000000000000000000, 0.000000000000000000 ) ;
#810 = FACE_OUTER_BOUND ( 'NONE', #2455, .T. ) ;
#811 = DIRECTION ( 'NONE',  ( 0.000000000000000000, -1.000000000000000000, 0.000000000000000000 ) ) ;
#812 = DIRECTION ( 'NONE',  ( -1.224646799147353454E-16, 1.000000000000000000, -1.848892746611746419E-32 ) ) ;
#813 = MECHANICAL_DESIGN_GEOMETRIC_PRESENTATION_REPRESENTATION (  '', ( #6270 ), #4423 ) ;
#814 = ORIENTED_EDGE ( 'NONE', *, *, #4005, .F. ) ;
#815 = AXIS2_PLACEMENT_3D ( 'NONE', #3156, #3207, #4337 ) ;
#816 = CARTESIAN_POINT ( 'NONE',  ( 0.03256255966747541308, 0.08479846499771107049, 0.8681699840414289771 ) ) ;
#817 = DIMENSIONAL_EXPONENTS ( 1.000000000000000000, 0.000000000000000000, 0.000000000000000000, 0.000000000000000000, 0.000000000000000000, 0.000000000000000000, 0.000000000000000000 ) ;
#818 = CARTESIAN_POINT ( 'NONE',  ( 0.02468854391944393101, 0.6950346854701520138, 0.4744691966398540961 ) ) ;
#819 = LINE ( 'NONE', #3725, #3980 ) ;
#820 = DIMENSIONAL_EXPONENTS ( 1.000000000000000000, 0.000000000000000000, 0.000000000000000000, 0.000000000000000000, 0.000000000000000000, 0.000000000000000000, 0.000000000000000000 ) ;
#821 = VERTEX_POINT ( 'NONE', #4294 ) ;
#822 = UNCERTAINTY_MEASURE_WITH_UNIT (LENGTH_MEASURE( 1.000000000000000082E-05 ), #6548, 'distance_accuracy_value', 'NONE');
#823 = CARTESIAN_POINT ( 'NONE',  ( 0.2215389376202313021, 0.3407039768087347098, 0.7697447871910352291 ) ) ;
#824 = SURFACE_STYLE_FILL_AREA ( #5508 ) ;
#825 = COLOUR_RGB ( '',1.000000000000000000, 1.000000000000000000, 1.000000000000000000 ) ;
#826 =( CONVERSION_BASED_UNIT ( 'INCH', #1056 ) LENGTH_UNIT ( ) NAMED_UNIT ( #6871 ) );
#827 = MECHANICAL_DESIGN_GEOMETRIC_PRESENTATION_REPRESENTATION (  '', ( #5784 ), #6669 ) ;
#828 = ORIENTED_EDGE ( 'NONE', *, *, #213, .T. ) ;
#829 = SURFACE_SIDE_STYLE ('',( #5498 ) ) ;
#830 = DIRECTION ( 'NONE',  ( 1.000000000000000000, -0.000000000000000000, 0.000000000000000000 ) ) ;
#831 = PLANE ( 'NONE',  #6959 ) ;
#832 = DIRECTION ( 'NONE',  ( 0.000000000000000000, 0.000000000000000000, -1.000000000000000000 ) ) ;
#833 =( GEOMETRIC_REPRESENTATION_CONTEXT ( 3 ) GLOBAL_UNCERTAINTY_ASSIGNED_CONTEXT ( ( #329 ) ) GLOBAL_UNIT_ASSIGNED_CONTEXT ( ( #2075, #3239, #2650 ) ) REPRESENTATION_CONTEXT ( 'NONE', 'WORKASPACE' ) );
#834 = VECTOR ( 'NONE', #3229, 39.37007874015748143 ) ;
#835 = LINE ( 'NONE', #3388, #1731 ) ;
#836 = CARTESIAN_POINT ( 'NONE',  ( 0.1785912521295395516, 0.3092079138166086705, 0.5532093541201690279 ) ) ;
#837 = CARTESIAN_POINT ( 'NONE',  ( 0.2215389376202312466, 0.5985779925567662474, 0.7697447871910348960 ) ) ;
#838 = DIRECTION ( 'NONE',  ( -1.000000000000000000, 0.000000000000000000, -0.000000000000000000 ) ) ;
#839 = CARTESIAN_POINT ( 'NONE',  ( 0.1546098037619636212, 0.1064520083047976878, 0.5532093541201690279 ) ) ;
#840 = ORIENTED_EDGE ( 'NONE', *, *, #551, .F. ) ;
#841 = CARTESIAN_POINT ( 'NONE',  ( 0.02468854391944393101, 0.08479846499771107049, 0.4744691966398540961 ) ) ;
#842 = DIMENSIONAL_EXPONENTS ( 1.000000000000000000, 0.000000000000000000, 0.000000000000000000, 0.000000000000000000, 0.000000000000000000, 0.000000000000000000, 0.000000000000000000 ) ;
#843 = STYLED_ITEM ( 'NONE', ( #6408 ), #4897 ) ;
#844 = FILL_AREA_STYLE ('',( #3669 ) ) ;
#845 = VECTOR ( 'NONE', #6696, 39.37007874015748143 ) ;
#846 = DIRECTION ( 'NONE',  ( -0.000000000000000000, 1.000000000000000000, -0.000000000000000000 ) ) ;
#847 =( NAMED_UNIT ( * ) SI_UNIT ( $, .STERADIAN. ) SOLID_ANGLE_UNIT ( ) );
#848 = ORIENTED_EDGE ( 'NONE', *, *, #3231, .T. ) ;
#849 = VECTOR ( 'NONE', #7180, 39.37007874015748143 ) ;
#850 = FILL_AREA_STYLE_COLOUR ( '', #1453 ) ;
#851 = DIMENSIONAL_EXPONENTS ( 1.000000000000000000, 0.000000000000000000, 0.000000000000000000, 0.000000000000000000, 0.000000000000000000, 0.000000000000000000, 0.000000000000000000 ) ;
#852 = CYLINDRICAL_SURFACE ( 'NONE', #5541, 0.03937007874015747977 ) ;
#853 = ADVANCED_FACE ( 'NONE', ( #1851 ), #1309, .F. ) ;
#854 = PRESENTATION_LAYER_ASSIGNMENT (  '', '', ( #4687 ) ) ;
#855 =( GEOMETRIC_REPRESENTATION_CONTEXT ( 3 ) GLOBAL_UNCERTAINTY_ASSIGNED_CONTEXT ( ( #1979 ) ) GLOBAL_UNIT_ASSIGNED_CONTEXT ( ( #6416, #1506, #2001 ) ) REPRESENTATION_CONTEXT ( 'NONE', 'WORKASPACE' ) );
#856 = EDGE_CURVE ( 'NONE', #2935, #620, #4282, .T. ) ;
#857 = FACE_OUTER_BOUND ( 'NONE', #2463, .T. ) ;
#858 =( CONVERSION_BASED_UNIT ( 'INCH', #4279 ) LENGTH_UNIT ( ) NAMED_UNIT ( #6846 ) );
#859 = CARTESIAN_POINT ( 'NONE',  ( 0.1329562604548772953, 0.1674756303520417988, 0.5925794328603265493 ) ) ;
#860 = VECTOR ( 'NONE', #6133, 39.37007874015748143 ) ;
#861 = UNCERTAINTY_MEASURE_WITH_UNIT (LENGTH_MEASURE( 1.000000000000000082E-05 ), #1470, 'distance_accuracy_value', 'NONE');
#862 = UNCERTAINTY_MEASURE_WITH_UNIT (LENGTH_MEASURE( 1.000000000000000082E-05 ), #6763, 'distance_accuracy_value', 'NONE');
#863 =( CONVERSION_BASED_UNIT ( 'INCH', #2693 ) LENGTH_UNIT ( ) NAMED_UNIT ( #5454 ) );
#864 = EDGE_CURVE ( 'NONE', #2310, #6014, #777, .T. ) ;
#865 = SURFACE_STYLE_USAGE ( .BOTH. , #4178 ) ;
#866 = CARTESIAN_POINT ( 'NONE',  ( 0.2591150752091240239, 0.3525150004307819329, 0.7579958730324072302 ) ) ;
#867 =( GEOMETRIC_REPRESENTATION_CONTEXT ( 3 ) GLOBAL_UNCERTAINTY_ASSIGNED_CONTEXT ( ( #3813 ) ) GLOBAL_UNIT_ASSIGNED_CONTEXT ( ( #1033, #5429, #1601 ) ) REPRESENTATION_CONTEXT ( 'NONE', 'WORKASPACE' ) );
#868 = ORIENTED_EDGE ( 'NONE', *, *, #2536, .T. ) ;
#869 = MECHANICAL_DESIGN_GEOMETRIC_PRESENTATION_REPRESENTATION (  '', ( #2902 ), #4017 ) ;
#870 = VERTEX_POINT ( 'NONE', #1906 ) ;
#871 = SURFACE_STYLE_FILL_AREA ( #2540 ) ;
#872 = LINE ( 'NONE', #3382, #4617 ) ;
#873 = DIRECTION ( 'NONE',  ( -0.9544338947578753229, 0.000000000000000000, 0.2984224196291437314 ) ) ;
#874 = VECTOR ( 'NONE', #2844, 39.37007874015748143 ) ;
#875 = DIRECTION ( 'NONE',  ( -1.000000000000000000, -0.000000000000000000, -0.000000000000000000 ) ) ;
#877 = FACE_BOUND ( 'NONE', #5393, .T. ) ;
#876 = FACE_OUTER_BOUND ( 'NONE', #5276, .T. ) ;
#878 = DIRECTION ( 'NONE',  ( -1.000000000000000000, 0.000000000000000000, 0.000000000000000000 ) ) ;
#879 = ORIENTED_EDGE ( 'NONE', *, *, #2240, .T. ) ;
#880 = CARTESIAN_POINT ( 'NONE',  ( 0.2215389376202313021, 0.5533024020055851144, 0.5728943934902478441 ) ) ;
#881 = EDGE_CURVE ( 'NONE', #3200, #1669, #4966, .T. ) ;
#882 = SURFACE_STYLE_FILL_AREA ( #5195 ) ;
#883 = PRESENTATION_LAYER_ASSIGNMENT (  '', '', ( #3295 ) ) ;
#884 = FACE_OUTER_BOUND ( 'NONE', #4736, .T. ) ;
#885 = VERTEX_POINT ( 'NONE', #183 ) ;
#886 = DIRECTION ( 'NONE',  ( -1.224646799147353454E-16, 1.000000000000000000, -1.848892746611746419E-32 ) ) ;
#887 = DIMENSIONAL_EXPONENTS ( 1.000000000000000000, 0.000000000000000000, 0.000000000000000000, 0.000000000000000000, 0.000000000000000000, 0.000000000000000000, 0.000000000000000000 ) ;
#888 = DIRECTION ( 'NONE',  ( 1.000000000000000000, 0.000000000000000000, -0.000000000000000000 ) ) ;
#889 = ORIENTED_EDGE ( 'NONE', *, *, #3078, .T. ) ;
#890 = LINE ( 'NONE', #6402, #4468 ) ;
#891 = PRESENTATION_LAYER_ASSIGNMENT (  '', '', ( #6762 ) ) ;
#892 = ORIENTED_EDGE ( 'NONE', *, *, #2613, .F. ) ;
#893 = CARTESIAN_POINT ( 'NONE',  ( 0.06209011872259351944, 0.3092079138166087260, 0.5177762832540273585 ) ) ;
#894 =( LENGTH_UNIT ( ) NAMED_UNIT ( * ) SI_UNIT ( $, .METRE. ) );
#895 = PRESENTATION_LAYER_ASSIGNMENT (  '', '', ( #1651 ) ) ;
#896 = DIRECTION ( 'NONE',  ( 0.000000000000000000, 1.000000000000000000, 0.000000000000000000 ) ) ;
#897 =( LENGTH_UNIT ( ) NAMED_UNIT ( * ) SI_UNIT ( $, .METRE. ) );
#898 = EDGE_CURVE ( 'NONE', #1792, #3635, #3250, .T. ) ;
#899 = ADVANCED_FACE ( 'NONE', ( #600, #877, #446 ), #4639, .F. ) ;
#900 = COLOUR_RGB ( '',1.000000000000000000, 1.000000000000000000, 1.000000000000000000 ) ;
#901 = ORIENTED_EDGE ( 'NONE', *, *, #617, .F. ) ;
#902 = VERTEX_POINT ( 'NONE', #5228 ) ;
#903 = SURFACE_SIDE_STYLE ('',( #2681 ) ) ;
#904 = DIRECTION ( 'NONE',  ( 0.000000000000000000, -1.000000000000000000, 0.000000000000000000 ) ) ;
#905 = CIRCLE ( 'NONE', #755, 0.03937007874015747977 ) ;
#906 =( CONVERSION_BASED_UNIT ( 'INCH', #2110 ) LENGTH_UNIT ( ) NAMED_UNIT ( #6213 ) );
#907 = FACE_OUTER_BOUND ( 'NONE', #2583, .T. ) ;
#908 = ORIENTED_EDGE ( 'NONE', *, *, #6010, .T. ) ;
#909 = VERTEX_POINT ( 'NONE', #4672 ) ;
#910 = STYLED_ITEM ( 'NONE', ( #1438 ), #5917 ) ;
#911 = EDGE_CURVE ( 'NONE', #3395, #5785, #6706, .T. ) ;
#912 = CARTESIAN_POINT ( 'NONE',  ( 0.1546098037619636212, 0.1064520083047976878, 0.5925794328603265493 ) ) ;
#913 = ORIENTED_EDGE ( 'NONE', *, *, #4983, .T. ) ;
#914 = LINE ( 'NONE', #1621, #3369 ) ;
#915 = PRESENTATION_STYLE_ASSIGNMENT (( #1544 ) ) ;
#916 = CARTESIAN_POINT ( 'NONE',  ( 0.1329562604548769900, 0.2068457090921992647, 0.7500597478209566349 ) ) ;
#917 = EDGE_CURVE ( 'NONE', #1243, #2964, #3166, .T. ) ;
#918 =( NAMED_UNIT ( * ) SI_UNIT ( $, .STERADIAN. ) SOLID_ANGLE_UNIT ( ) );
#919 = LINE ( 'NONE', #3220, #5273 ) ;
#920 = COLOUR_RGB ( '',0.6470588235294117974, 0.6196078431372549211, 0.5882352941176470784 ) ;
#921 = DIRECTION ( 'NONE',  ( 1.000000000000000000, 0.000000000000000000, 0.000000000000000000 ) ) ;
#922 = STYLED_ITEM ( 'NONE', ( #525 ), #6587 ) ;
#923 = EDGE_LOOP ( 'NONE', ( #1528, #6566, #6691, #4661 ) ) ;
#924 = SURFACE_STYLE_USAGE ( .BOTH. , #364 ) ;
#925 = DIRECTION ( 'NONE',  ( 0.000000000000000000, -1.000000000000000000, -1.445602896647339163E-16 ) ) ;
#926 = COLOUR_RGB ( '',1.000000000000000000, 1.000000000000000000, 1.000000000000000000 ) ;
#927 = DIRECTION ( 'NONE',  ( 0.7589466384404124355, -0.5692099788303074392, 0.3162277660168360538 ) ) ;
#928 = VECTOR ( 'NONE', #4192, 39.37007874015748143 ) ;
#929 = ADVANCED_FACE ( 'NONE', ( #178 ), #4077, .F. ) ;
#930 =( NAMED_UNIT ( * ) SI_UNIT ( $, .STERADIAN. ) SOLID_ANGLE_UNIT ( ) );
#931 = EDGE_CURVE ( 'NONE', #885, #3245, #5391, .T. ) ;
#932 = DIRECTION ( 'NONE',  ( 0.000000000000000000, 0.000000000000000000, -1.000000000000000000 ) ) ;
#933 = MECHANICAL_DESIGN_GEOMETRIC_PRESENTATION_REPRESENTATION (  '', ( #4559 ), #1596 ) ;
#934 = CARTESIAN_POINT ( 'NONE',  ( 0.4006727958879479079, 0.4430661815331417563, 0.4744691966398540961 ) ) ;
#935 = DIMENSIONAL_EXPONENTS ( 1.000000000000000000, 0.000000000000000000, 0.000000000000000000, 0.000000000000000000, 0.000000000000000000, 0.000000000000000000, 0.000000000000000000 ) ;
#936 = DIRECTION ( 'NONE',  ( -1.000000000000000000, 0.000000000000000000, 0.000000000000000000 ) ) ;
#937 =( NAMED_UNIT ( * ) PLANE_ANGLE_UNIT ( ) SI_UNIT ( $, .RADIAN. ) );
#938 = PRESENTATION_LAYER_ASSIGNMENT (  '', '', ( #2177 ) ) ;
#939 = ORIENTED_EDGE ( 'NONE', *, *, #5191, .F. ) ;
#940 = CARTESIAN_POINT ( 'NONE',  ( 0.2372869691162943495, -0.03331177122276113983, 0.7894298265611140453 ) ) ;
#941 = ORIENTED_EDGE ( 'NONE', *, *, #6470, .T. ) ;
#942 = FACE_OUTER_BOUND ( 'NONE', #3749, .T. ) ;
#943 = LINE ( 'NONE', #1914, #7210 ) ;
#944 =( CONVERSION_BASED_UNIT ( 'INCH', #252 ) LENGTH_UNIT ( ) NAMED_UNIT ( #276 ) );
#945 = ORIENTED_EDGE ( 'NONE', *, *, #881, .F. ) ;
#946 = CYLINDRICAL_SURFACE ( 'NONE', #6019, 0.03937007874015747977 ) ;
#947 = FILL_AREA_STYLE ('',( #4865 ) ) ;
#948 = FILL_AREA_STYLE ('',( #4867 ) ) ;
#949 = FILL_AREA_STYLE ('',( #5402 ) ) ;
#950 =( NAMED_UNIT ( * ) SI_UNIT ( $, .STERADIAN. ) SOLID_ANGLE_UNIT ( ) );
#951 = EDGE_CURVE ( 'NONE', #1656, #3510, #1840, .T. ) ;
#952 = LINE ( 'NONE', #1800, #6870 ) ;
#953 = CARTESIAN_POINT ( 'NONE',  ( 0.1329562604548772953, 0.1674756303520417988, 0.7500597478209566349 ) ) ;
#954 = SURFACE_STYLE_FILL_AREA ( #6610 ) ;
#955 = ORIENTED_EDGE ( 'NONE', *, *, #1104, .F. ) ;
#956 = EDGE_CURVE ( 'NONE', #6489, #1105, #2545, .T. ) ;
#957 = PRESENTATION_LAYER_ASSIGNMENT (  '', '', ( #6656 ) ) ;
#958 = CARTESIAN_POINT ( 'NONE',  ( 0.4183893313210187981, 0.1379480712969235467, 0.6850991178996964637 ) ) ;
#959 = LINE ( 'NONE', #2907, #5829 ) ;
#960 = ADVANCED_FACE ( 'NONE', ( #3931 ), #5748, .F. ) ;
#961 = DIRECTION ( 'NONE',  ( -0.5999999999999987566, -0.8000000000000009326, -0.000000000000000000 ) ) ;
#962 = CARTESIAN_POINT ( 'NONE',  ( 0.2215389376202312466, 0.6182630319268449526, 0.5728943934902481772 ) ) ;
#963 = DIRECTION ( 'NONE',  ( -1.000000000000000000, 0.000000000000000000, 0.000000000000000000 ) ) ;
#964 = VECTOR ( 'NONE', #2420, 39.37007874015748143 ) ;
#965 = EDGE_LOOP ( 'NONE', ( #5707, #4003, #6291, #2855 ) ) ;
#966 = EDGE_CURVE ( 'NONE', #2616, #6222, #2736, .T. ) ;
#967 = CARTESIAN_POINT ( 'NONE',  ( 0.2644866231109230803, 0.2973968901945615029, 0.7894298265611140453 ) ) ;
#968 = PRODUCT_DEFINITION ( 'UNKNOWN', '', #4558, #182 ) ;
#969 = ORIENTED_EDGE ( 'NONE', *, *, #3913, .T. ) ;
#970 = FACE_OUTER_BOUND ( 'NONE', #5590, .T. ) ;
#971 = VECTOR ( 'NONE', #2977, 39.37007874015748143 ) ;
#972 = STYLED_ITEM ( 'NONE', ( #2961 ), #2123 ) ;
#973 = UNCERTAINTY_MEASURE_WITH_UNIT (LENGTH_MEASURE( 1.000000000000000082E-05 ), #212, 'distance_accuracy_value', 'NONE');
#974 = DIRECTION ( 'NONE',  ( 0.000000000000000000, 0.000000000000000000, 1.000000000000000000 ) ) ;
#975 = ORIENTED_EDGE ( 'NONE', *, *, #1305, .F. ) ;
#976 = DIRECTION ( 'NONE',  ( 0.000000000000000000, 0.000000000000000000, 1.000000000000000000 ) ) ;
#977 = DIRECTION ( 'NONE',  ( -1.224646799147353454E-16, 1.000000000000000000, 2.465190328815661892E-32 ) ) ;
#978 = SURFACE_STYLE_USAGE ( .BOTH. , #1529 ) ;
#979 = ORIENTED_EDGE ( 'NONE', *, *, #1664, .F. ) ;
#980 =( NAMED_UNIT ( * ) PLANE_ANGLE_UNIT ( ) SI_UNIT ( $, .RADIAN. ) );
#981 = MECHANICAL_DESIGN_GEOMETRIC_PRESENTATION_REPRESENTATION (  '', ( #4198 ), #1365 ) ;
#982 = VECTOR ( 'NONE', #2127, 39.37007874015748143 ) ;
#983 = SURFACE_SIDE_STYLE ('',( #4544 ) ) ;
#984 = SURFACE_STYLE_FILL_AREA ( #5701 ) ;
#985 = SURFACE_SIDE_STYLE ('',( #5032 ) ) ;
#986 = ORIENTED_EDGE ( 'NONE', *, *, #4772, .F. ) ;
#987 = UNCERTAINTY_MEASURE_WITH_UNIT (LENGTH_MEASURE( 1.000000000000000082E-05 ), #6245, 'distance_accuracy_value', 'NONE');
#988 = FILL_AREA_STYLE_COLOUR ( '', #546 ) ;
#989 = ORIENTED_EDGE ( 'NONE', *, *, #2289, .T. ) ;
#990 = FACE_OUTER_BOUND ( 'NONE', #1445, .T. ) ;
#991 = CARTESIAN_POINT ( 'NONE',  ( 0.2372869691162943495, -0.06480783421488736651, 0.5925794328603265493 ) ) ;
#992 = EDGE_LOOP ( 'NONE', ( #1842, #111, #2416, #5753, #6193, #6717 ) ) ;
#993 = ORIENTED_EDGE ( 'NONE', *, *, #2617, .T. ) ;
#994 = CARTESIAN_POINT ( 'NONE',  ( 0.3475231895887351818, 0.3092079138166087260, 0.5532093541201690279 ) ) ;
#995 = PRESENTATION_LAYER_ASSIGNMENT (  '', '', ( #3019 ) ) ;
#996 = SURFACE_SIDE_STYLE ('',( #4480 ) ) ;
#997 = CIRCLE ( 'NONE', #3573, 0.03937007874015747977 ) ;
#998 = LINE ( 'NONE', #3232, #3373 ) ;
#999 = PRESENTATION_STYLE_ASSIGNMENT (( #6704 ) ) ;
#1000 = ORIENTED_EDGE ( 'NONE', *, *, #2939, .T. ) ;
#1001 = ADVANCED_FACE ( 'NONE', ( #7217 ), #4589, .T. ) ;
#1002 = LINE ( 'NONE', #7106, #5970 ) ;
#1003 = CARTESIAN_POINT ( 'NONE',  ( 0.4183893313210187981, 0.4430661815331417563, 0.8681699840414289771 ) ) ;
#1004 = AXIS2_PLACEMENT_3D ( 'NONE', #6468, #6422, #2035 ) ;
#1005 = VERTEX_POINT ( 'NONE', #1630 ) ;
#1006 = CARTESIAN_POINT ( 'NONE',  ( 0.3475231895887345157, 0.3092079138166087260, 0.6280125037264683296 ) ) ;
#1007 = EDGE_CURVE ( 'NONE', #6097, #6154, #5911, .T. ) ;
#1008 =( GEOMETRIC_REPRESENTATION_CONTEXT ( 3 ) GLOBAL_UNCERTAINTY_ASSIGNED_CONTEXT ( ( #118 ) ) GLOBAL_UNIT_ASSIGNED_CONTEXT ( ( #3271, #3810, #4849 ) ) REPRESENTATION_CONTEXT ( 'NONE', 'WORKASPACE' ) );
#1009 = EDGE_CURVE ( 'NONE', #6752, #5316, #1137, .T. ) ;
#1010 =( NAMED_UNIT ( * ) SI_UNIT ( $, .STERADIAN. ) SOLID_ANGLE_UNIT ( ) );
#1011 = LENGTH_MEASURE_WITH_UNIT ( LENGTH_MEASURE( 0.02539999999999999897 ), #3829 );
#1012 = DIMENSIONAL_EXPONENTS ( 1.000000000000000000, 0.000000000000000000, 0.000000000000000000, 0.000000000000000000, 0.000000000000000000, 0.000000000000000000, 0.000000000000000000 ) ;
#1013 = CARTESIAN_POINT ( 'NONE',  ( 0.4183893313210187981, 0.4135386224780265851, 0.6575400627815866095 ) ) ;
#1014 = ORIENTED_EDGE ( 'NONE', *, *, #4434, .T. ) ;
#1015 =( NAMED_UNIT ( * ) PLANE_ANGLE_UNIT ( ) SI_UNIT ( $, .RADIAN. ) );
#1016 =( NAMED_UNIT ( * ) SI_UNIT ( $, .STERADIAN. ) SOLID_ANGLE_UNIT ( ) );
#1017 = CARTESIAN_POINT ( 'NONE',  ( 0.2215389376202313021, 0.5533024020055851144, 0.8445479367973344198 ) ) ;
#1018 = FILL_AREA_STYLE_COLOUR ( '', #6920 ) ;
#1019 = PRESENTATION_STYLE_ASSIGNMENT (( #1820 ) ) ;
#1020 = SURFACE_SIDE_STYLE ('',( #4603 ) ) ;
#1021 =( GEOMETRIC_REPRESENTATION_CONTEXT ( 3 ) GLOBAL_UNCERTAINTY_ASSIGNED_CONTEXT ( ( #646 ) ) GLOBAL_UNIT_ASSIGNED_CONTEXT ( ( #6174, #1254, #1727 ) ) REPRESENTATION_CONTEXT ( 'NONE', 'WORKASPACE' ) );
#1022 = STYLED_ITEM ( 'NONE', ( #3240 ), #1700 ) ;
#1023 = CARTESIAN_POINT ( 'NONE',  ( 0.1475151801965484955, 0.6182630319268449526, 0.7805148627665431382 ) ) ;
#1024 = SURFACE_SIDE_STYLE ('',( #6671 ) ) ;
#1025 = CARTESIAN_POINT ( 'NONE',  ( 0.06209011872259351944, 0.3407039768087347098, 0.7894298265611140453 ) ) ;
#1026 = DIRECTION ( 'NONE',  ( -0.000000000000000000, -0.000000000000000000, 1.000000000000000000 ) ) ;
#1027 = LENGTH_MEASURE_WITH_UNIT ( LENGTH_MEASURE( 0.02539999999999999897 ), #4781 );
#1028 = COLOUR_RGB ( '',0.6470588235294117974, 0.6196078431372549211, 0.5882352941176470784 ) ;
#1029 = SURFACE_SIDE_STYLE ('',( #723 ) ) ;
#1030 = EDGE_CURVE ( 'NONE', #5418, #6729, #7046, .T. ) ;
#1031 = FACE_OUTER_BOUND ( 'NONE', #3402, .T. ) ;
#1032 = MECHANICAL_DESIGN_GEOMETRIC_PRESENTATION_REPRESENTATION (  '', ( #434 ), #1404 ) ;
#1033 =( CONVERSION_BASED_UNIT ( 'INCH', #2544 ) LENGTH_UNIT ( ) NAMED_UNIT ( #4875 ) );
#1034 = ORIENTED_EDGE ( 'NONE', *, *, #469, .T. ) ;
#1035 = CARTESIAN_POINT ( 'NONE',  ( 0.4183893313210187981, 0.4135386224780265851, 0.6850991178996964637 ) ) ;
#1036 = AXIS2_PLACEMENT_3D ( 'NONE', #96, #1798, #4079 ) ;
#1037 = LENGTH_MEASURE_WITH_UNIT ( LENGTH_MEASURE( 0.02539999999999999897 ), #368 );
#1038 = ADVANCED_FACE ( 'NONE', ( #6442 ), #2920, .T. ) ;
#1039 = CARTESIAN_POINT ( 'NONE',  ( 0.1979168903761368559, 0.1674756303520417988, 0.5925794328603265493 ) ) ;
#1040 = VERTEX_POINT ( 'NONE', #1922 ) ;
#1041 = SURFACE_SIDE_STYLE ('',( #4553 ) ) ;
#1042 = MECHANICAL_DESIGN_GEOMETRIC_PRESENTATION_REPRESENTATION (  '', ( #4669 ), #2448 ) ;
#1043 = FILL_AREA_STYLE ('',( #520 ) ) ;
#1044 = CARTESIAN_POINT ( 'NONE',  ( 0.1177487016884987969, 0.5985779925567662474, 0.8145717335072365506 ) ) ;
#1045 = CARTESIAN_POINT ( 'NONE',  ( 0.2057909061241683379, 0.1359795673599158150, 0.7500597478209566349 ) ) ;
#1046 = FILL_AREA_STYLE ('',( #6007 ) ) ;
#1047 = SURFACE_STYLE_FILL_AREA ( #7084 ) ;
#1048 = DIMENSIONAL_EXPONENTS ( 1.000000000000000000, 0.000000000000000000, 0.000000000000000000, 0.000000000000000000, 0.000000000000000000, 0.000000000000000000, 0.000000000000000000 ) ;
#1049 = LINE ( 'NONE', #6466, #1307 ) ;
#1050 = MECHANICAL_DESIGN_GEOMETRIC_PRESENTATION_REPRESENTATION (  '', ( #2557 ), #294 ) ;
#1051 = VECTOR ( 'NONE', #5727, 39.37007874015748143 ) ;
#1052 = PRESENTATION_LAYER_ASSIGNMENT (  '', '', ( #5530 ) ) ;
#1053 = EDGE_CURVE ( 'NONE', #6222, #2149, #1575, .T. ) ;
#1054 = CARTESIAN_POINT ( 'NONE',  ( 0.4183893313210187981, 0.6950346854701519028, 0.4882487241989090787 ) ) ;
#1055 = VECTOR ( 'NONE', #1807, 39.37007874015748143 ) ;
#1056 = LENGTH_MEASURE_WITH_UNIT ( LENGTH_MEASURE( 0.02539999999999999897 ), #5261 );
#1057 = FILL_AREA_STYLE ('',( #4463 ) ) ;
#1058 = VERTEX_POINT ( 'NONE', #2198 ) ;
#1059 = CARTESIAN_POINT ( 'NONE',  ( 0.1177487016884987969, 0.6182630319268449526, 0.8145717335072365506 ) ) ;
#1060 = UNCERTAINTY_MEASURE_WITH_UNIT (LENGTH_MEASURE( 1.000000000000000082E-05 ), #1941, 'distance_accuracy_value', 'NONE');
#1061 = VERTEX_POINT ( 'NONE', #1017 ) ;
#1062 = CARTESIAN_POINT ( 'NONE',  ( 0.4006727958879479079, 0.4430661815331417563, 0.8681699840414289771 ) ) ;
#1063 = LENGTH_MEASURE_WITH_UNIT ( LENGTH_MEASURE( 0.02539999999999999897 ), #5992 );
#1064 = DIRECTION ( 'NONE',  ( 0.000000000000000000, -1.000000000000000000, 0.000000000000000000 ) ) ;
#1065 = EDGE_CURVE ( 'NONE', #2140, #1329, #1219, .T. ) ;
#1066 = MECHANICAL_DESIGN_GEOMETRIC_PRESENTATION_REPRESENTATION (  '', ( #7159 ), #162 ) ;
#1067 = LINE ( 'NONE', #1331, #270 ) ;
#1068 =( NAMED_UNIT ( * ) SI_UNIT ( $, .STERADIAN. ) SOLID_ANGLE_UNIT ( ) );
#1069 = MECHANICAL_DESIGN_GEOMETRIC_PRESENTATION_REPRESENTATION (  '', ( #664 ), #4654 ) ;
#1070 = ORIENTED_EDGE ( 'NONE', *, *, #2757, .T. ) ;
#1071 =( NAMED_UNIT ( * ) SI_UNIT ( $, .STERADIAN. ) SOLID_ANGLE_UNIT ( ) );
#1072 = VECTOR ( 'NONE', #156, 39.37007874015748143 ) ;
#1073 = SURFACE_STYLE_FILL_AREA ( #5023 ) ;
#1074 = PLANE ( 'NONE',  #5615 ) ;
#1075 = DIRECTION ( 'NONE',  ( -2.710505431213786230E-16, 1.000000000000000000, 0.000000000000000000 ) ) ;
#1076 = VECTOR ( 'NONE', #4243, 39.37007874015748143 ) ;
#1077 = UNCERTAINTY_MEASURE_WITH_UNIT (LENGTH_MEASURE( 1.000000000000000082E-05 ), #4332, 'distance_accuracy_value', 'NONE');
#1078 = VECTOR ( 'NONE', #2948, 39.37007874015748143 ) ;
#1079 =( LENGTH_UNIT ( ) NAMED_UNIT ( * ) SI_UNIT ( $, .METRE. ) );
#1080 = CARTESIAN_POINT ( 'NONE',  ( 0.06209011872259351944, 0.1910976775961362728, 0.8248628974272557146 ) ) ;
#1081 = EDGE_CURVE ( 'NONE', #1494, #3894, #4519, .T. ) ;
#1082 = VECTOR ( 'NONE', #7149, 39.37007874015748143 ) ;
#1083 = PRESENTATION_LAYER_ASSIGNMENT (  '', '', ( #6428 ) ) ;
#1084 = ADVANCED_FACE ( 'NONE', ( #7137 ), #2745, .T. ) ;
#1085 = VERTEX_POINT ( 'NONE', #1274 ) ;
#1086 = DIRECTION ( 'NONE',  ( -0.7589466384404124355, 0.5692099788303074392, 0.3162277660168360538 ) ) ;
#1087 = VECTOR ( 'NONE', #4228, 39.37007874015748143 ) ;
#1088 = EDGE_LOOP ( 'NONE', ( #124, #1130, #720, #2930 ) ) ;
#1089 = ORIENTED_EDGE ( 'NONE', *, *, #3700, .F. ) ;
#1090 = ORIENTED_EDGE ( 'NONE', *, *, #5889, .F. ) ;
#1091 = STYLED_ITEM ( 'NONE', ( #5488 ), #3723 ) ;
#1092 = LINE ( 'NONE', #4860, #552 ) ;
#1093 = VECTOR ( 'NONE', #3413, 39.37007874015748143 ) ;
#1094 = VERTEX_POINT ( 'NONE', #4647 ) ;
#1095 = DIRECTION ( 'NONE',  ( 0.000000000000000000, -1.000000000000000000, -1.445602896647339163E-16 ) ) ;
#1096 = ORIENTED_EDGE ( 'NONE', *, *, #2578, .T. ) ;
#1097 =( NAMED_UNIT ( * ) PLANE_ANGLE_UNIT ( ) SI_UNIT ( $, .RADIAN. ) );
#1098 = FILL_AREA_STYLE ('',( #5545 ) ) ;
#1099 = SURFACE_SIDE_STYLE ('',( #2401 ) ) ;
#1100 = SURFACE_SIDE_STYLE ('',( #1073 ) ) ;
#1101 = EDGE_CURVE ( 'NONE', #620, #7181, #3242, .T. ) ;
#1102 = VECTOR ( 'NONE', #2120, 39.37007874015748143 ) ;
#1103 = FACE_OUTER_BOUND ( 'NONE', #1925, .T. ) ;
#1104 = EDGE_CURVE ( 'NONE', #2165, #1587, #3469, .T. ) ;
#1105 = VERTEX_POINT ( 'NONE', #4115 ) ;
#1106 = UNCERTAINTY_MEASURE_WITH_UNIT (LENGTH_MEASURE( 1.000000000000000082E-05 ), #906, 'distance_accuracy_value', 'NONE');
#1107 =( LENGTH_UNIT ( ) NAMED_UNIT ( * ) SI_UNIT ( $, .METRE. ) );
#1108 = LINE ( 'NONE', #5543, #2679 ) ;
#1109 = ORIENTED_EDGE ( 'NONE', *, *, #2153, .F. ) ;
#1110 =( GEOMETRIC_REPRESENTATION_CONTEXT ( 3 ) GLOBAL_UNCERTAINTY_ASSIGNED_CONTEXT ( ( #5619 ) ) GLOBAL_UNIT_ASSIGNED_CONTEXT ( ( #7037, #2538, #6434 ) ) REPRESENTATION_CONTEXT ( 'NONE', 'WORKASPACE' ) );
#1111 = EDGE_CURVE ( 'NONE', #2964, #6575, #4430, .T. ) ;
#1112 = VECTOR ( 'NONE', #6512, 39.37007874015748143 ) ;
#1113 = ADVANCED_FACE ( 'NONE', ( #1031 ), #1936, .F. ) ;
#1114 = SURFACE_SIDE_STYLE ('',( #2013 ) ) ;
#1115 = EDGE_CURVE ( 'NONE', #1739, #6368, #4679, .T. ) ;
#1116 = CARTESIAN_POINT ( 'NONE',  ( 0.1664208273840108721, 0.09660948861975832136, 0.5925794328603265493 ) ) ;
#1117 = UNCERTAINTY_MEASURE_WITH_UNIT (LENGTH_MEASURE( 1.000000000000000082E-05 ), #217, 'distance_accuracy_value', 'NONE');
#1118 = DIRECTION ( 'NONE',  ( -1.000000000000000000, -2.710505431213786230E-16, 0.000000000000000000 ) ) ;
#1119 = DIRECTION ( 'NONE',  ( 1.000000000000000000, 0.000000000000000000, 0.000000000000000000 ) ) ;
#1120 = EDGE_CURVE ( 'NONE', #4947, #1968, #4000, .T. ) ;
#1121 = LENGTH_MEASURE_WITH_UNIT ( LENGTH_MEASURE( 0.02539999999999999897 ), #1483 );
#1122 = AXIS2_PLACEMENT_3D ( 'NONE', #414, #4310, #963 ) ;
#1123 = DIRECTION ( 'NONE',  ( -0.9544338947578754340, -1.168844414212973759E-16, 0.2984224196291437869 ) ) ;
#1124 = SURFACE_STYLE_USAGE ( .BOTH. , #2869 ) ;
#1125 = DIMENSIONAL_EXPONENTS ( 1.000000000000000000, 0.000000000000000000, 0.000000000000000000, 0.000000000000000000, 0.000000000000000000, 0.000000000000000000, 0.000000000000000000 ) ;
#1126 = DIRECTION ( 'NONE',  ( 1.000000000000000000, 0.000000000000000000, 0.000000000000000000 ) ) ;
#1127 = ORIENTED_EDGE ( 'NONE', *, *, #4280, .F. ) ;
#1128 =( NAMED_UNIT ( * ) SI_UNIT ( $, .STERADIAN. ) SOLID_ANGLE_UNIT ( ) );
#1129 = ORIENTED_EDGE ( 'NONE', *, *, #3913, .F. ) ;
#1130 = ORIENTED_EDGE ( 'NONE', *, *, #2560, .F. ) ;
#1131 = LENGTH_MEASURE_WITH_UNIT ( LENGTH_MEASURE( 0.02539999999999999897 ), #3263 );
#1132 = CARTESIAN_POINT ( 'NONE',  ( 0.2215389376202313021, 0.5533024020055851144, 0.5728943934902478441 ) ) ;
#1133 = CARTESIAN_POINT ( 'NONE',  ( 0.1329562604548769900, 0.2068457090921992647, 0.5532093541201690279 ) ) ;
#1134 =( LENGTH_UNIT ( ) NAMED_UNIT ( * ) SI_UNIT ( $, .METRE. ) );
#1135 = DIRECTION ( 'NONE',  ( 0.000000000000000000, 0.000000000000000000, 1.000000000000000000 ) ) ;
#1136 = PRESENTATION_LAYER_ASSIGNMENT (  '', '', ( #746 ) ) ;
#1137 = LINE ( 'NONE', #5511, #1314 ) ;
#1138 =( NAMED_UNIT ( * ) PLANE_ANGLE_UNIT ( ) SI_UNIT ( $, .RADIAN. ) );
#1139 = ORIENTED_EDGE ( 'NONE', *, *, #2772, .F. ) ;
#1140 = ORIENTED_EDGE ( 'NONE', *, *, #21, .T. ) ;
#1141 = PRESENTATION_STYLE_ASSIGNMENT (( #3713 ) ) ;
#1142 = CARTESIAN_POINT ( 'NONE',  ( 0.1034287013997588905, 0.1359795673599157873, 0.7500597478209566349 ) ) ;
#1143 = CARTESIAN_POINT ( 'NONE',  ( 0.1309502551813970517, 0.6950346854701520138, 0.8681699840414289771 ) ) ;
#1144 = CARTESIAN_POINT ( 'NONE',  ( 0.1979168903761368559, 0.1674756303520417988, 0.7894298265611140453 ) ) ;
#1145 =( LENGTH_UNIT ( ) NAMED_UNIT ( * ) SI_UNIT ( $, .METRE. ) );
#1146 = ADVANCED_FACE ( 'NONE', ( #6329 ), #1391, .T. ) ;
#1147 = STYLED_ITEM ( 'NONE', ( #915 ), #5448 ) ;
#1148 = ORIENTED_EDGE ( 'NONE', *, *, #6885, .T. ) ;
#1149 = EDGE_CURVE ( 'NONE', #4347, #6097, #6236, .T. ) ;
#1150 = LINE ( 'NONE', #6234, #606 ) ;
#1151 = CARTESIAN_POINT ( 'NONE',  ( 0.2057909061241683657, 0.09267248074574256644, 0.7894298265611140453 ) ) ;
#1152 = LENGTH_MEASURE_WITH_UNIT ( LENGTH_MEASURE( 0.02539999999999999897 ), #6116 );
#1153 = ORIENTED_EDGE ( 'NONE', *, *, #5098, .F. ) ;
#1154 = VECTOR ( 'NONE', #3746, 39.37007874015748143 ) ;
#1155 = VECTOR ( 'NONE', #1363, 39.37007874015748143 ) ;
#1156 =( LENGTH_UNIT ( ) NAMED_UNIT ( * ) SI_UNIT ( $, .METRE. ) );
#1157 = CARTESIAN_POINT ( 'NONE',  ( 0.3475231895887351818, 0.3407039768087347098, 0.7500597478209566349 ) ) ;
#1158 = EDGE_CURVE ( 'NONE', #6821, #94, #2703, .T. ) ;
#1159 = ORIENTED_EDGE ( 'NONE', *, *, #705, .F. ) ;
#1160 = LENGTH_MEASURE_WITH_UNIT ( LENGTH_MEASURE( 0.02539999999999999897 ), #438 );
#1161 = STYLED_ITEM ( 'NONE', ( #3338 ), #7160 ) ;
#1162 = VECTOR ( 'NONE', #2458, 39.37007874015748143 ) ;
#1163 =( NAMED_UNIT ( * ) PLANE_ANGLE_UNIT ( ) SI_UNIT ( $, .RADIAN. ) );
#1164 = EDGE_LOOP ( 'NONE', ( #4726, #6095, #218, #4963, #4818, #1955, #6790, #7001, #513, #5898, #4225, #1951, #1450, #1089, #3963, #3302 ) ) ;
#1165 = MECHANICAL_DESIGN_GEOMETRIC_PRESENTATION_REPRESENTATION (  '', ( #1291 ), #2944 ) ;
#1166 =( CONVERSION_BASED_UNIT ( 'INCH', #2050 ) LENGTH_UNIT ( ) NAMED_UNIT ( #5975 ) );
#1167 = FILL_AREA_STYLE_COLOUR ( '', #5321 ) ;
#1168 = ORIENTED_EDGE ( 'NONE', *, *, #4961, .F. ) ;
#1169 = CARTESIAN_POINT ( 'NONE',  ( 0.06209011872259351944, 0.3013338980685772439, 0.5532093541201690279 ) ) ;
#1170 = DIRECTION ( 'NONE',  ( 0.000000000000000000, 0.000000000000000000, -1.000000000000000000 ) ) ;
#1171 = FILL_AREA_STYLE ('',( #3392 ) ) ;
#1172 = AXIS2_PLACEMENT_3D ( 'NONE', #6681, #6640, #3953 ) ;
#1173 = ORIENTED_EDGE ( 'NONE', *, *, #4538, .T. ) ;
#1174 = EDGE_LOOP ( 'NONE', ( #6214, #939 ) ) ;
#1175 = LINE ( 'NONE', #5532, #4911 ) ;
#1176 = CARTESIAN_POINT ( 'NONE',  ( 0.2372869691162943495, -0.06480783421488736651, 0.5925794328603265493 ) ) ;
#1177 = ORIENTED_EDGE ( 'NONE', *, *, #353, .T. ) ;
#1178 = FILL_AREA_STYLE ('',( #1770 ) ) ;
#1179 = STYLED_ITEM ( 'NONE', ( #2547 ), #4249 ) ;
#1180 = SURFACE_STYLE_FILL_AREA ( #3985 ) ;
#1182 = ORIENTED_EDGE ( 'NONE', *, *, #2054, .F. ) ;
#1181 = FILL_AREA_STYLE_COLOUR ( '', #2746 ) ;
#1183 = SURFACE_STYLE_USAGE ( .BOTH. , #3365 ) ;
#1184 = ADVANCED_FACE ( 'NONE', ( #5028 ), #3545, .F. ) ;
#1185 = CARTESIAN_POINT ( 'NONE',  ( 0.06209011872259351944, 0.3407039768087347098, 0.5532093541201690279 ) ) ;
#1186 = CARTESIAN_POINT ( 'NONE',  ( 0.4105153155729872605, 0.08479846499771107049, 0.4744691966398540961 ) ) ;
#1187 =( LENGTH_UNIT ( ) NAMED_UNIT ( * ) SI_UNIT ( $, .METRE. ) );
#1188 = FACE_OUTER_BOUND ( 'NONE', #2984, .T. ) ;
#1189 = CARTESIAN_POINT ( 'NONE',  ( 0.3475231895887345157, 0.3092079138166087260, 0.5177762832540273585 ) ) ;
#1190 = ORIENTED_EDGE ( 'NONE', *, *, #714, .F. ) ;
#1191 = STYLED_ITEM ( 'NONE', ( #3110 ), #4967 ) ;
#1192 = MANIFOLD_SOLID_BREP ( 'KRE 02 Body-1-solid3', #5317 ) ;
#1193 = DIRECTION ( 'NONE',  ( -0.000000000000000000, 1.000000000000000000, -0.000000000000000000 ) ) ;
#1194 = EDGE_CURVE ( 'NONE', #6036, #94, #3561, .T. ) ;
#1195 = DIMENSIONAL_EXPONENTS ( 1.000000000000000000, 0.000000000000000000, 0.000000000000000000, 0.000000000000000000, 0.000000000000000000, 0.000000000000000000, 0.000000000000000000 ) ;
#1196 = FILL_AREA_STYLE_COLOUR ( '', #6464 ) ;
#1197 = VECTOR ( 'NONE', #2434, 39.37007874015748143 ) ;
#1198 = SURFACE_STYLE_FILL_AREA ( #2065 ) ;
#1199 = DIRECTION ( 'NONE',  ( 0.000000000000000000, -1.000000000000000000, 0.000000000000000000 ) ) ;
#1200 = LINE ( 'NONE', #5069, #6418 ) ;
#1201 = EDGE_CURVE ( 'NONE', #2307, #1685, #6677, .T. ) ;
#1202 = STYLED_ITEM ( 'NONE', ( #6728 ), #6720 ) ;
#1203 = UNCERTAINTY_MEASURE_WITH_UNIT (LENGTH_MEASURE( 1.000000000000000082E-05 ), #2820, 'distance_accuracy_value', 'NONE');
#1204 = DIRECTION ( 'NONE',  ( 0.000000000000000000, 0.4472135954999569285, -0.8944271909999164105 ) ) ;
#1205 = SURFACE_STYLE_FILL_AREA ( #2541 ) ;
#1206 = PRESENTATION_STYLE_ASSIGNMENT (( #5362 ) ) ;
#1207 = CARTESIAN_POINT ( 'NONE',  ( 0.1545645286917251282, 0.5985779925567662474, 0.5395786353614043795 ) ) ;
#1208 = ORIENTED_EDGE ( 'NONE', *, *, #4932, .F. ) ;
#1209 = CARTESIAN_POINT ( 'NONE',  ( 0.2215389376202313021, 0.5533024020055851144, 0.7225006927028462256 ) ) ;
#1210 = SURFACE_SIDE_STYLE ('',( #3130 ) ) ;
#1211 = PRESENTATION_LAYER_ASSIGNMENT (  '', '', ( #1976 ) ) ;
#1212 = ORIENTED_EDGE ( 'NONE', *, *, #5849, .F. ) ;
#1213 = CARTESIAN_POINT ( 'NONE',  ( 0.2215389376202313021, 0.3092079138166087260, 0.6201384879784368476 ) ) ;
#1214 = CARTESIAN_POINT ( 'NONE',  ( 0.3475231895887351818, 0.3407039768087347098, 0.7894298265611140453 ) ) ;
#1215 = CARTESIAN_POINT ( 'NONE',  ( 0.1546098037619636212, 0.1359795673599157873, 0.7500597478209566349 ) ) ;
#1216 = COLOUR_RGB ( '',0.6470588235294117974, 0.6196078431372549211, 0.5882352941176470784 ) ;
#1217 = ADVANCED_FACE ( 'NONE', ( #2429 ), #1441, .T. ) ;
#1218 = PRESENTATION_STYLE_ASSIGNMENT (( #5886 ) ) ;
#1219 = CIRCLE ( 'NONE', #5991, 0.03937007874015747977 ) ;
#1220 = SURFACE_STYLE_FILL_AREA ( #2702 ) ;
#1221 = CARTESIAN_POINT ( 'NONE',  ( 0.06209011872259351944, 0.3092079138166087260, 0.5177762832540273585 ) ) ;
#1222 = VECTOR ( 'NONE', #4042, 39.37007874015748143 ) ;
#1223 = CARTESIAN_POINT ( 'NONE',  ( 0.06209011872259351944, 0.1910976775961362728, 0.5925794328603265493 ) ) ;
#1224 = CARTESIAN_POINT ( 'NONE',  ( 0.3475231895887351818, 0.3407039768087347098, 0.7500597478209566349 ) ) ;
#1225 = VERTEX_POINT ( 'NONE', #311 ) ;
#1226 = ORIENTED_EDGE ( 'NONE', *, *, #1822, .F. ) ;
#1227 = PRESENTATION_STYLE_ASSIGNMENT (( #6023 ) ) ;
#1228 = DIRECTION ( 'NONE',  ( -0.000000000000000000, -0.000000000000000000, 1.000000000000000000 ) ) ;
#1229 = AXIS2_PLACEMENT_3D ( 'NONE', #6343, #4671, #4649 ) ;
#1230 = EDGE_CURVE ( 'NONE', #730, #1656, #1730, .T. ) ;
#1231 = LENGTH_MEASURE_WITH_UNIT ( LENGTH_MEASURE( 0.02539999999999999897 ), #107 );
#1232 = SURFACE_SIDE_STYLE ('',( #1641 ) ) ;
#1233 = CARTESIAN_POINT ( 'NONE',  ( 0.09687298726624835044, 0.1910976775961362728, 0.5925794328603265493 ) ) ;
#1234 = DIRECTION ( 'NONE',  ( 0.000000000000000000, 1.000000000000000000, 0.000000000000000000 ) ) ;
#1235 = CARTESIAN_POINT ( 'NONE',  ( 0.1014601974627510061, 0.3407039768087347098, 0.5925794328603265493 ) ) ;
#1236 = UNCERTAINTY_MEASURE_WITH_UNIT (LENGTH_MEASURE( 1.000000000000000082E-05 ), #391, 'distance_accuracy_value', 'NONE');
#1237 = VECTOR ( 'NONE', #4026, 39.37007874015748143 ) ;
#1238 = CARTESIAN_POINT ( 'NONE',  ( 0.1309502551813970517, 0.6753496461000733087, 0.8681699840414289771 ) ) ;
#1239 =( GEOMETRIC_REPRESENTATION_CONTEXT ( 3 ) GLOBAL_UNCERTAINTY_ASSIGNED_CONTEXT ( ( #6911 ) ) GLOBAL_UNIT_ASSIGNED_CONTEXT ( ( #1837, #5157, #6810 ) ) REPRESENTATION_CONTEXT ( 'NONE', 'WORKASPACE' ) );
#1240 = SURFACE_SIDE_STYLE ('',( #2721 ) ) ;
#1241 = EDGE_CURVE ( 'NONE', #2489, #3435, #1375, .T. ) ;
#1242 = PRESENTATION_LAYER_ASSIGNMENT (  '', '', ( #5338 ) ) ;
#1243 = VERTEX_POINT ( 'NONE', #3186 ) ;
#1244 = EDGE_CURVE ( 'NONE', #3869, #3901, #573, .T. ) ;
#1245 = ORIENTED_EDGE ( 'NONE', *, *, #3491, .T. ) ;
#1246 = FILL_AREA_STYLE ('',( #1276 ) ) ;
#1247 = EDGE_CURVE ( 'NONE', #2158, #94, #6324, .T. ) ;
#1248 = CARTESIAN_POINT ( 'NONE',  ( 0.1329562604548772675, 0.3092079138166086705, 0.7894298265611140453 ) ) ;
#1249 = AXIS2_PLACEMENT_3D ( 'NONE', #2685, #4325, #7158 ) ;
#1250 = VERTEX_POINT ( 'NONE', #4808 ) ;
#1251 = FILL_AREA_STYLE ('',( #2923 ) ) ;
#1252 = SURFACE_STYLE_USAGE ( .BOTH. , #772 ) ;
#1253 = STYLED_ITEM ( 'NONE', ( #5308 ), #2186 ) ;
#1254 =( NAMED_UNIT ( * ) PLANE_ANGLE_UNIT ( ) SI_UNIT ( $, .RADIAN. ) );
#1255 = VERTEX_POINT ( 'NONE', #5930 ) ;
#1256 = ORIENTED_EDGE ( 'NONE', *, *, #1393, .F. ) ;
#1257 =( NAMED_UNIT ( * ) PLANE_ANGLE_UNIT ( ) SI_UNIT ( $, .RADIAN. ) );
#1258 = DIRECTION ( 'NONE',  ( 1.000000000000000000, 0.000000000000000000, 0.000000000000000000 ) ) ;
#1259 = CIRCLE ( 'NONE', #2654, 0.07480314960629924625 ) ;
#1260 = ORIENTED_EDGE ( 'NONE', *, *, #3291, .T. ) ;
#1261 = DIRECTION ( 'NONE',  ( 1.000000000000000000, 0.000000000000000000, 0.000000000000000000 ) ) ;
#1262 = DIRECTION ( 'NONE',  ( 0.000000000000000000, 0.000000000000000000, -1.000000000000000000 ) ) ;
#1263 = CARTESIAN_POINT ( 'NONE',  ( 0.2929335990391274680, 0.5985779925567662474, 0.7474218502896422534 ) ) ;
#1264 = EDGE_CURVE ( 'NONE', #626, #773, #5988, .T. ) ;
#1265 = ORIENTED_EDGE ( 'NONE', *, *, #4370, .T. ) ;
#1266 = VECTOR ( 'NONE', #1570, 39.37007874015748143 ) ;
#1267 = AXIS2_PLACEMENT_3D ( 'NONE', #6666, #7195, #2250 ) ;
#1268 = CARTESIAN_POINT ( 'NONE',  ( 0.1979168903761368559, 0.1281055516118843052, 0.7894298265611140453 ) ) ;
#1269 = ORIENTED_EDGE ( 'NONE', *, *, #1664, .T. ) ;
#1270 = LENGTH_MEASURE_WITH_UNIT ( LENGTH_MEASURE( 0.02539999999999999897 ), #2178 );
#1271 = DIMENSIONAL_EXPONENTS ( 1.000000000000000000, 0.000000000000000000, 0.000000000000000000, 0.000000000000000000, 0.000000000000000000, 0.000000000000000000, 0.000000000000000000 ) ;
#1272 = FACE_OUTER_BOUND ( 'NONE', #1804, .T. ) ;
#1273 =( GEOMETRIC_REPRESENTATION_CONTEXT ( 3 ) GLOBAL_UNCERTAINTY_ASSIGNED_CONTEXT ( ( #636 ) ) GLOBAL_UNIT_ASSIGNED_CONTEXT ( ( #577, #5577, #4523 ) ) REPRESENTATION_CONTEXT ( 'NONE', 'WORKASPACE' ) );
#1274 = CARTESIAN_POINT ( 'NONE',  ( 0.4006727958879479079, 0.4430661815331417563, 0.8681699840414289771 ) ) ;
#1275 = VERTEX_POINT ( 'NONE', #3718 ) ;
#1276 = FILL_AREA_STYLE_COLOUR ( '', #776 ) ;
#1277 =( CONVERSION_BASED_UNIT ( 'INCH', #1595 ) LENGTH_UNIT ( ) NAMED_UNIT ( #2595 ) );
#1278 = DIRECTION ( 'NONE',  ( -0.5882254945458065265, 0.7875050010075855811, 0.1839202026814448776 ) ) ;
#1279 = SURFACE_STYLE_USAGE ( .BOTH. , #2509 ) ;
#1280 = FILL_AREA_STYLE ('',( #1336 ) ) ;
#1281 = STYLED_ITEM ( 'NONE', ( #1323 ), #929 ) ;
#1282 = STYLED_ITEM ( 'NONE', ( #555 ), #5892 ) ;
#1283 = CARTESIAN_POINT ( 'NONE',  ( 0.3475231895887347933, 0.1910976775961362728, 0.8248628974272557146 ) ) ;
#1284 = EDGE_CURVE ( 'NONE', #2368, #3662, #5456, .T. ) ;
#1285 = UNCERTAINTY_MEASURE_WITH_UNIT (LENGTH_MEASURE( 1.000000000000000082E-05 ), #3839, 'distance_accuracy_value', 'NONE');
#1286 =( NAMED_UNIT ( * ) SI_UNIT ( $, .STERADIAN. ) SOLID_ANGLE_UNIT ( ) );
#1287 = UNCERTAINTY_MEASURE_WITH_UNIT (LENGTH_MEASURE( 1.000000000000000082E-05 ), #3349, 'distance_accuracy_value', 'NONE');
#1288 = DIRECTION ( 'NONE',  ( -0.000000000000000000, -0.000000000000000000, -1.000000000000000000 ) ) ;
#1289 = PLANE ( 'NONE',  #2342 ) ;
#1290 = PRESENTATION_LAYER_ASSIGNMENT (  '', '', ( #2940 ) ) ;
#1291 = STYLED_ITEM ( 'NONE', ( #4149 ), #1597 ) ;
#1292 = CARTESIAN_POINT ( 'NONE',  ( 0.3475231895887351818, 0.3092079138166087260, 0.5925794328603265493 ) ) ;
#1293 = EDGE_LOOP ( 'NONE', ( #4312, #3712, #4211, #5107 ) ) ;
#1294 =( NAMED_UNIT ( * ) SI_UNIT ( $, .STERADIAN. ) SOLID_ANGLE_UNIT ( ) );
#1295 = FACE_OUTER_BOUND ( 'NONE', #3569, .T. ) ;
#1296 = ORIENTED_EDGE ( 'NONE', *, *, #6820, .F. ) ;
#1297 = VECTOR ( 'NONE', #73, 39.37007874015748143 ) ;
#1298 = VECTOR ( 'NONE', #6295, 39.37007874015748143 ) ;
#1299 = CARTESIAN_POINT ( 'NONE',  ( 0.1329562604548772953, 0.1674756303520417988, 0.5925794328603265493 ) ) ;
#1300 = CARTESIAN_POINT ( 'NONE',  ( 0.1329562604548769900, -0.03331177122276113983, 0.5925794328603265493 ) ) ;
#1301 = FILL_AREA_STYLE_COLOUR ( '', #5156 ) ;
#1302 = ORIENTED_EDGE ( 'NONE', *, *, #2680, .T. ) ;
#1303 = VECTOR ( 'NONE', #7029, 39.37007874015748143 ) ;
#1304 = CARTESIAN_POINT ( 'NONE',  ( 0.2215389376202313021, 0.3407039768087347098, 0.5728943934902478441 ) ) ;
#1305 = EDGE_CURVE ( 'NONE', #4060, #3395, #5805, .T. ) ;
#1306 = EDGE_CURVE ( 'NONE', #2438, #6733, #6761, .T. ) ;
#1307 = VECTOR ( 'NONE', #1456, 39.37007874015748143 ) ;
#1308 = AXIS2_PLACEMENT_3D ( 'NONE', #4556, #5019, #3950 ) ;
#1309 = PLANE ( 'NONE',  #6498 ) ;
#1310 = DIRECTION ( 'NONE',  ( 0.000000000000000000, 0.000000000000000000, -1.000000000000000000 ) ) ;
#1311 = PLANE ( 'NONE',  #3244 ) ;
#1312 = CARTESIAN_POINT ( 'NONE',  ( 0.06209011872259351944, 0.3407039768087347098, 0.5532093541201690279 ) ) ;
#1313 = LINE ( 'NONE', #5612, #4608 ) ;
#1314 = VECTOR ( 'NONE', #4398, 39.37007874015748143 ) ;
#1315 = VECTOR ( 'NONE', #2480, 39.37007874015748143 ) ;
#1316 = DIRECTION ( 'NONE',  ( 1.224646799147353454E-16, -1.000000000000000000, 1.848892746611746419E-32 ) ) ;
#1317 = ORIENTED_EDGE ( 'NONE', *, *, #5714, .F. ) ;
#1318 = ORIENTED_EDGE ( 'NONE', *, *, #5996, .F. ) ;
#1319 = SURFACE_STYLE_USAGE ( .BOTH. , #6857 ) ;
#1320 = FACE_OUTER_BOUND ( 'NONE', #642, .T. ) ;
#1321 = CARTESIAN_POINT ( 'NONE',  ( 0.09687298726624835044, 0.1910976775961362728, 0.7500597478209566349 ) ) ;
#1322 = PRESENTATION_LAYER_ASSIGNMENT (  '', '', ( #4757 ) ) ;
#1323 = PRESENTATION_STYLE_ASSIGNMENT (( #4623 ) ) ;
#1324 = FILL_AREA_STYLE_COLOUR ( '', #2526 ) ;
#1325 = FILL_AREA_STYLE ('',( #5795 ) ) ;
#1326 =( LENGTH_UNIT ( ) NAMED_UNIT ( * ) SI_UNIT ( $, .METRE. ) );
#1327 = ORIENTED_EDGE ( 'NONE', *, *, #2238, .T. ) ;
#1328 = LINE ( 'NONE', #135, #2291 ) ;
#1329 = VERTEX_POINT ( 'NONE', #1144 ) ;
#1330 = COLOUR_RGB ( '',0.7803921568627451011, 0.7607843137254901578, 0.7411764705882353255 ) ;
#1331 = CARTESIAN_POINT ( 'NONE',  ( 0.1034287013997588905, 0.1359795673599157873, 0.7500597478209566349 ) ) ;
#1332 = FILL_AREA_STYLE_COLOUR ( '', #5571 ) ;
#1333 = DIRECTION ( 'NONE',  ( -1.224646799147353454E-16, 1.000000000000000000, 3.081487911019577365E-32 ) ) ;
#1334 =( GEOMETRIC_REPRESENTATION_CONTEXT ( 3 ) GLOBAL_UNCERTAINTY_ASSIGNED_CONTEXT ( ( #1060 ) ) GLOBAL_UNIT_ASSIGNED_CONTEXT ( ( #1941, #7021, #6947 ) ) REPRESENTATION_CONTEXT ( 'NONE', 'WORKASPACE' ) );
#1335 = EDGE_CURVE ( 'NONE', #5948, #2409, #6931, .T. ) ;
#1336 = FILL_AREA_STYLE_COLOUR ( '', #4676 ) ;
#1337 = ORIENTED_EDGE ( 'NONE', *, *, #2653, .T. ) ;
#1338 = FACE_OUTER_BOUND ( 'NONE', #4796, .T. ) ;
#1339 = LINE ( 'NONE', #1801, #375 ) ;
#1340 = EDGE_CURVE ( 'NONE', #1105, #1040, #4848, .T. ) ;
#1341 = VERTEX_POINT ( 'NONE', #5438 ) ;
#1342 = CARTESIAN_POINT ( 'NONE',  ( 0.3475231895887351818, 0.3407039768087347098, 0.7500597478209566349 ) ) ;
#1343 = DIMENSIONAL_EXPONENTS ( 1.000000000000000000, 0.000000000000000000, 0.000000000000000000, 0.000000000000000000, 0.000000000000000000, 0.000000000000000000, 0.000000000000000000 ) ;
#1344 = UNCERTAINTY_MEASURE_WITH_UNIT (LENGTH_MEASURE( 1.000000000000000082E-05 ), #3924, 'distance_accuracy_value', 'NONE');
#1345 =( NAMED_UNIT ( * ) SI_UNIT ( $, .STERADIAN. ) SOLID_ANGLE_UNIT ( ) );
#1346 = FILL_AREA_STYLE ('',( #1809 ) ) ;
#1347 = ORIENTED_EDGE ( 'NONE', *, *, #931, .F. ) ;
#1348 = DIMENSIONAL_EXPONENTS ( 1.000000000000000000, 0.000000000000000000, 0.000000000000000000, 0.000000000000000000, 0.000000000000000000, 0.000000000000000000, 0.000000000000000000 ) ;
#1349 = CARTESIAN_POINT ( 'NONE',  ( 0.2215389376202313021, 0.5533024020055851144, 0.6949416375847360383 ) ) ;
#1350 = SURFACE_SIDE_STYLE ('',( #4685 ) ) ;
#1351 = LINE ( 'NONE', #1025, #2664 ) ;
#1352 = ORIENTED_EDGE ( 'NONE', *, *, #5873, .F. ) ;
#1353 = ORIENTED_EDGE ( 'NONE', *, *, #1467, .T. ) ;
#1354 = DIRECTION ( 'NONE',  ( -0.9544338947578753229, 0.000000000000000000, 0.2984224196291437314 ) ) ;
#1355 = EDGE_CURVE ( 'NONE', #157, #2812, #6598, .T. ) ;
#1356 = COLOUR_RGB ( '',1.000000000000000000, 1.000000000000000000, 1.000000000000000000 ) ;
#1357 =( GEOMETRIC_REPRESENTATION_CONTEXT ( 3 ) GLOBAL_UNCERTAINTY_ASSIGNED_CONTEXT ( ( #7211 ) ) GLOBAL_UNIT_ASSIGNED_CONTEXT ( ( #5414, #2661, #6531 ) ) REPRESENTATION_CONTEXT ( 'NONE', 'WORKASPACE' ) );
#1358 = ORIENTED_EDGE ( 'NONE', *, *, #5425, .T. ) ;
#1359 =( NAMED_UNIT ( * ) SI_UNIT ( $, .STERADIAN. ) SOLID_ANGLE_UNIT ( ) );
#1360 = COLOUR_RGB ( '',0.7803921568627451011, 0.7607843137254901578, 0.7411764705882353255 ) ;
#1361 = ORIENTED_EDGE ( 'NONE', *, *, #5501, .F. ) ;
#1362 = FILL_AREA_STYLE_COLOUR ( '', #4990 ) ;
#1363 = DIRECTION ( 'NONE',  ( -0.000000000000000000, -0.000000000000000000, 1.000000000000000000 ) ) ;
#1364 = DIRECTION ( 'NONE',  ( -0.000000000000000000, 0.000000000000000000, -1.000000000000000000 ) ) ;
#1365 =( GEOMETRIC_REPRESENTATION_CONTEXT ( 3 ) GLOBAL_UNCERTAINTY_ASSIGNED_CONTEXT ( ( #104 ) ) GLOBAL_UNIT_ASSIGNED_CONTEXT ( ( #1524, #2603, #474 ) ) REPRESENTATION_CONTEXT ( 'NONE', 'WORKASPACE' ) );
#1366 = CARTESIAN_POINT ( 'NONE',  ( 0.06209011872259351944, 0.1753496461000732809, 0.7894298265611140453 ) ) ;
#1367 = ORIENTED_EDGE ( 'NONE', *, *, #1335, .F. ) ;
#1368 = DIRECTION ( 'NONE',  ( 0.000000000000000000, 0.000000000000000000, -1.000000000000000000 ) ) ;
#1369 = PLANE ( 'NONE',  #6004 ) ;
#1370 = COLOUR_RGB ( '',1.000000000000000000, 1.000000000000000000, 1.000000000000000000 ) ;
#1371 = UNCERTAINTY_MEASURE_WITH_UNIT (LENGTH_MEASURE( 1.000000000000000082E-05 ), #5934, 'distance_accuracy_value', 'NONE');
#1372 = DIRECTION ( 'NONE',  ( 0.000000000000000000, -0.000000000000000000, 1.000000000000000000 ) ) ;
#1373 = MECHANICAL_DESIGN_GEOMETRIC_PRESENTATION_REPRESENTATION (  '', ( #3019 ), #1753 ) ;
#1374 = CARTESIAN_POINT ( 'NONE',  ( 0.2215389376202313021, 0.5533024020055851144, 0.5728943934902478441 ) ) ;
#1375 = CIRCLE ( 'NONE', #3447, 0.07480314960629920462 ) ;
#1376 = DIRECTION ( 'NONE',  ( 1.000000000000000000, 0.000000000000000000, -0.000000000000000000 ) ) ;
#1377 = CARTESIAN_POINT ( 'NONE',  ( 0.06209011872259351944, 0.3092079138166087260, 0.7146266769548147435 ) ) ;
#1378 = EDGE_CURVE ( 'NONE', #626, #3333, #2793, .T. ) ;
#1379 = DIRECTION ( 'NONE',  ( 0.000000000000000000, -1.000000000000000000, 0.000000000000000000 ) ) ;
#1380 = CARTESIAN_POINT ( 'NONE',  ( 0.06209011872259351944, 0.3092079138166087260, 0.8248628974272557146 ) ) ;
#1381 = DIMENSIONAL_EXPONENTS ( 1.000000000000000000, 0.000000000000000000, 0.000000000000000000, 0.000000000000000000, 0.000000000000000000, 0.000000000000000000, 0.000000000000000000 ) ;
#1382 = COLOUR_RGB ( '',1.000000000000000000, 1.000000000000000000, 1.000000000000000000 ) ;
#1383 = PRESENTATION_LAYER_ASSIGNMENT (  '', '', ( #2335 ) ) ;
#1384 = ORIENTED_EDGE ( 'NONE', *, *, #1111, .F. ) ;
#1385 = COLOUR_RGB ( '',1.000000000000000000, 1.000000000000000000, 1.000000000000000000 ) ;
#1386 = AXIS2_PLACEMENT_3D ( 'NONE', #6991, #5851, #5950 ) ;
#1387 = DIRECTION ( 'NONE',  ( -1.224646799147353454E-16, 1.000000000000000000, -1.848892746611746419E-32 ) ) ;
#1388 =( CONVERSION_BASED_UNIT ( 'INCH', #7080 ) LENGTH_UNIT ( ) NAMED_UNIT ( #820 ) );
#1389 = VECTOR ( 'NONE', #3990, 39.37007874015748143 ) ;
#1390 = ORIENTED_EDGE ( 'NONE', *, *, #4210, .T. ) ;
#1391 = PLANE ( 'NONE',  #6924 ) ;
#1392 = DIRECTION ( 'NONE',  ( -0.000000000000000000, -0.000000000000000000, 1.000000000000000000 ) ) ;
#1393 = EDGE_CURVE ( 'NONE', #2288, #2848, #1903, .T. ) ;
#1394 = DIRECTION ( 'NONE',  ( 1.000000000000000000, -0.000000000000000000, -0.000000000000000000 ) ) ;
#1395 =( GEOMETRIC_REPRESENTATION_CONTEXT ( 3 ) GLOBAL_UNCERTAINTY_ASSIGNED_CONTEXT ( ( #5830 ) ) GLOBAL_UNIT_ASSIGNED_CONTEXT ( ( #345, #4769, #1451 ) ) REPRESENTATION_CONTEXT ( 'NONE', 'WORKASPACE' ) );
#1396 = PRESENTATION_STYLE_ASSIGNMENT (( #3915 ) ) ;
#1397 = DIRECTION ( 'NONE',  ( -0.000000000000000000, -1.000000000000000000, -0.000000000000000000 ) ) ;
#1398 = VECTOR ( 'NONE', #5307, 39.37007874015748143 ) ;
#1399 = FILL_AREA_STYLE_COLOUR ( '', #4018 ) ;
#1400 = DIRECTION ( 'NONE',  ( 1.000000000000000000, -0.000000000000000000, 0.000000000000000000 ) ) ;
#1401 = VECTOR ( 'NONE', #133, 39.37007874015748143 ) ;
#1402 = DIRECTION ( 'NONE',  ( 0.000000000000000000, 1.000000000000000000, 0.000000000000000000 ) ) ;
#1403 = MECHANICAL_DESIGN_GEOMETRIC_PRESENTATION_REPRESENTATION (  '', ( #641 ), #2537 ) ;
#1404 =( GEOMETRIC_REPRESENTATION_CONTEXT ( 3 ) GLOBAL_UNCERTAINTY_ASSIGNED_CONTEXT ( ( #105 ) ) GLOBAL_UNIT_ASSIGNED_CONTEXT ( ( #67, #6785, #2255 ) ) REPRESENTATION_CONTEXT ( 'NONE', 'WORKASPACE' ) );
#1405 = ORIENTED_EDGE ( 'NONE', *, *, #3495, .F. ) ;
#1406 =( LENGTH_UNIT ( ) NAMED_UNIT ( * ) SI_UNIT ( $, .METRE. ) );
#1407 = FACE_OUTER_BOUND ( 'NONE', #3477, .T. ) ;
#1408 = DIMENSIONAL_EXPONENTS ( 1.000000000000000000, 0.000000000000000000, 0.000000000000000000, 0.000000000000000000, 0.000000000000000000, 0.000000000000000000, 0.000000000000000000 ) ;
#1409 = DIRECTION ( 'NONE',  ( 0.000000000000000000, -1.000000000000000000, 0.000000000000000000 ) ) ;
#1410 = UNCERTAINTY_MEASURE_WITH_UNIT (LENGTH_MEASURE( 1.000000000000000082E-05 ), #323, 'distance_accuracy_value', 'NONE');
#1411 = FILL_AREA_STYLE_COLOUR ( '', #1916 ) ;
#1412 =( GEOMETRIC_REPRESENTATION_CONTEXT ( 3 ) GLOBAL_UNCERTAINTY_ASSIGNED_CONTEXT ( ( #4011 ) ) GLOBAL_UNIT_ASSIGNED_CONTEXT ( ( #728, #1926, #204 ) ) REPRESENTATION_CONTEXT ( 'NONE', 'WORKASPACE' ) );
#1413 = EDGE_LOOP ( 'NONE', ( #6121, #941, #4771, #5573 ) ) ;
#1414 = FILL_AREA_STYLE_COLOUR ( '', #479 ) ;
#1415 = DIRECTION ( 'NONE',  ( 0.000000000000000000, 0.000000000000000000, -1.000000000000000000 ) ) ;
#1416 = CARTESIAN_POINT ( 'NONE',  ( 0.1124715505892821821, 0.6821347954424904492, 0.8681699840414289771 ) ) ;
#1417 = CARTESIAN_POINT ( 'NONE',  ( 0.2215389376202312466, 0.6182630319268449526, 0.7697447871910348960 ) ) ;
#1418 = DIRECTION ( 'NONE',  ( 0.000000000000000000, 0.000000000000000000, -1.000000000000000000 ) ) ;
#1419 = SURFACE_STYLE_FILL_AREA ( #2690 ) ;
#1420 =( NAMED_UNIT ( * ) SI_UNIT ( $, .STERADIAN. ) SOLID_ANGLE_UNIT ( ) );
#1421 = PRESENTATION_LAYER_ASSIGNMENT (  '', '', ( #1525 ) ) ;
#1422 = CARTESIAN_POINT ( 'NONE',  ( 0.2955626950439139700, 0.6182630319268449526, 0.5836644690657563084 ) ) ;
#1423 = PRODUCT ( 'KRE 02', 'KRE 02', '', ( #1668 ) ) ;
#1424 = UNCERTAINTY_MEASURE_WITH_UNIT (LENGTH_MEASURE( 1.000000000000000082E-05 ), #2755, 'distance_accuracy_value', 'NONE');
#1425 = AXIS2_PLACEMENT_3D ( 'NONE', #2325, #1827, #2361 ) ;
#1426 = COLOUR_RGB ( '',0.7803921568627451011, 0.7607843137254901578, 0.7411764705882353255 ) ;
#1427 = EDGE_CURVE ( 'NONE', #4710, #3296, #2424, .T. ) ;
#1428 =( LENGTH_UNIT ( ) NAMED_UNIT ( * ) SI_UNIT ( $, .METRE. ) );
#1429 = ORIENTED_EDGE ( 'NONE', *, *, #1547, .F. ) ;
#1430 = CARTESIAN_POINT ( 'NONE',  ( 0.03256255966747541308, 0.09267248074574256644, 0.4744691966398540961 ) ) ;
#1431 = SURFACE_STYLE_FILL_AREA ( #6506 ) ;
#1432 = ORIENTED_EDGE ( 'NONE', *, *, #4186, .T. ) ;
#1433 =( LENGTH_UNIT ( ) NAMED_UNIT ( * ) SI_UNIT ( $, .METRE. ) );
#1434 = COLOUR_RGB ( '',1.000000000000000000, 1.000000000000000000, 1.000000000000000000 ) ;
#1435 = PLANE ( 'NONE',  #2112 ) ;
#1436 = EDGE_CURVE ( 'NONE', #4590, #2525, #743, .T. ) ;
#1437 = AXIS2_PLACEMENT_3D ( 'NONE', #5245, #1984, #6918 ) ;
#1438 = PRESENTATION_STYLE_ASSIGNMENT (( #5731 ) ) ;
#1439 = EDGE_LOOP ( 'NONE', ( #4991, #3331, #2377, #1429 ) ) ;
#1440 = STYLED_ITEM ( 'NONE', ( #6847 ), #1550 ) ;
#1441 = PLANE ( 'NONE',  #1004 ) ;
#1442 = DIRECTION ( 'NONE',  ( -0.000000000000000000, 1.000000000000000000, -0.000000000000000000 ) ) ;
#1443 = ORIENTED_EDGE ( 'NONE', *, *, #3742, .F. ) ;
#1444 = DIRECTION ( 'NONE',  ( 0.000000000000000000, -0.000000000000000000, 1.000000000000000000 ) ) ;
#1445 = EDGE_LOOP ( 'NONE', ( #3780, #5675, #5624, #39, #4450, #6467 ) ) ;
#1446 = EDGE_CURVE ( 'NONE', #2967, #6489, #4933, .T. ) ;
#1447 =( NAMED_UNIT ( * ) SI_UNIT ( $, .STERADIAN. ) SOLID_ANGLE_UNIT ( ) );
#1448 = CARTESIAN_POINT ( 'NONE',  ( 0.2057909061241683379, 0.1359795673599158150, 0.5925794328603265493 ) ) ;
#1449 = MECHANICAL_DESIGN_GEOMETRIC_PRESENTATION_REPRESENTATION (  '', ( #6428 ), #3705 ) ;
#1450 = ORIENTED_EDGE ( 'NONE', *, *, #5589, .T. ) ;
#1451 =( NAMED_UNIT ( * ) SI_UNIT ( $, .STERADIAN. ) SOLID_ANGLE_UNIT ( ) );
#1452 = DIMENSIONAL_EXPONENTS ( 1.000000000000000000, 0.000000000000000000, 0.000000000000000000, 0.000000000000000000, 0.000000000000000000, 0.000000000000000000, 0.000000000000000000 ) ;
#1453 = COLOUR_RGB ( '',1.000000000000000000, 1.000000000000000000, 1.000000000000000000 ) ;
#1454 = CARTESIAN_POINT ( 'NONE',  ( 0.1329562604548769900, 0.2068457090921992647, 0.5532093541201690279 ) ) ;
#1455 = SURFACE_STYLE_FILL_AREA ( #2612 ) ;
#1456 = DIRECTION ( 'NONE',  ( -0.000000000000000000, -0.000000000000000000, 1.000000000000000000 ) ) ;
#1457 =( CONVERSION_BASED_UNIT ( 'INCH', #1121 ) LENGTH_UNIT ( ) NAMED_UNIT ( #6732 ) );
#1458 = CARTESIAN_POINT ( 'NONE',  ( 0.1979168903761368559, 0.1281055516118843052, 0.5925794328603265493 ) ) ;
#1459 = LENGTH_MEASURE_WITH_UNIT ( LENGTH_MEASURE( 0.02539999999999999897 ), #3584 );
#1460 = CARTESIAN_POINT ( 'NONE',  ( 0.1329562604548772953, 0.1674756303520417988, 0.7500597478209566349 ) ) ;
#1461 = AXIS2_PLACEMENT_3D ( 'NONE', #3115, #6930, #291 ) ;
#1462 = EDGE_CURVE ( 'NONE', #3758, #5929, #3040, .T. ) ;
#1463 = DIRECTION ( 'NONE',  ( 0.000000000000000000, 0.000000000000000000, 1.000000000000000000 ) ) ;
#1464 = CARTESIAN_POINT ( 'NONE',  ( 0.3475231895887351818, 0.3092079138166087260, 0.7894298265611140453 ) ) ;
#1465 =( NAMED_UNIT ( * ) SI_UNIT ( $, .STERADIAN. ) SOLID_ANGLE_UNIT ( ) );
#1466 = DIRECTION ( 'NONE',  ( 0.000000000000000000, 0.000000000000000000, -1.000000000000000000 ) ) ;
#1467 = EDGE_CURVE ( 'NONE', #2488, #274, #1810, .T. ) ;
#1468 = EDGE_LOOP ( 'NONE', ( #3982, #4439 ) ) ;
#1469 = LENGTH_MEASURE_WITH_UNIT ( LENGTH_MEASURE( 0.02539999999999999897 ), #5637 );
#1470 =( CONVERSION_BASED_UNIT ( 'INCH', #5799 ) LENGTH_UNIT ( ) NAMED_UNIT ( #809 ) );
#1471 = VERTEX_POINT ( 'NONE', #4884 ) ;
#1472 = VECTOR ( 'NONE', #2791, 39.37007874015748143 ) ;
#1473 = PRESENTATION_LAYER_ASSIGNMENT (  '', '', ( #7111 ) ) ;
#1474 = SURFACE_SIDE_STYLE ('',( #6813 ) ) ;
#1475 = EDGE_CURVE ( 'NONE', #4807, #3245, #7015, .T. ) ;
#1476 = ADVANCED_FACE ( 'NONE', ( #5550 ), #2641, .F. ) ;
#1477 = DIRECTION ( 'NONE',  ( 1.224646799147353454E-16, -1.000000000000000000, -3.081487911019577365E-32 ) ) ;
#1478 = ORIENTED_EDGE ( 'NONE', *, *, #5266, .F. ) ;
#1479 = VECTOR ( 'NONE', #3775, 39.37007874015748143 ) ;
#1480 = DIRECTION ( 'NONE',  ( -0.000000000000000000, 1.000000000000000000, -0.000000000000000000 ) ) ;
#1481 = CARTESIAN_POINT ( 'NONE',  ( 0.3475231895887351818, 0.3092079138166087260, 0.7500597478209566349 ) ) ;
#1482 = VECTOR ( 'NONE', #1539, 39.37007874015748143 ) ;
#1483 =( LENGTH_UNIT ( ) NAMED_UNIT ( * ) SI_UNIT ( $, .METRE. ) );
#1484 = CARTESIAN_POINT ( 'NONE',  ( 0.2215389376202313021, 0.5533024020055851144, 0.4980912438839485978 ) ) ;
#1485 = EDGE_CURVE ( 'NONE', #1744, #3017, #2085, .T. ) ;
#1486 = LINE ( 'NONE', #5554, #3854 ) ;
#1487 = CARTESIAN_POINT ( 'NONE',  ( 0.3475231895887351818, 0.3092079138166087260, 0.5177762832540273585 ) ) ;
#1488 =( NAMED_UNIT ( * ) PLANE_ANGLE_UNIT ( ) SI_UNIT ( $, .RADIAN. ) );
#1489 = PRESENTATION_STYLE_ASSIGNMENT (( #3063 ) ) ;
#1490 = ORIENTED_EDGE ( 'NONE', *, *, #1053, .T. ) ;
#1491 = VERTEX_POINT ( 'NONE', #3738 ) ;
#1492 = MECHANICAL_DESIGN_GEOMETRIC_PRESENTATION_REPRESENTATION (  '', ( #6473 ), #1875 ) ;
#1493 = DIRECTION ( 'NONE',  ( -0.5470897178282073670, -0.8054376401359748527, -0.2279540490950845710 ) ) ;
#1494 = VERTEX_POINT ( 'NONE', #3762 ) ;
#1495 = COLOUR_RGB ( '',1.000000000000000000, 1.000000000000000000, 1.000000000000000000 ) ;
#1496 =( NAMED_UNIT ( * ) PLANE_ANGLE_UNIT ( ) SI_UNIT ( $, .RADIAN. ) );
#1497 =( LENGTH_UNIT ( ) NAMED_UNIT ( * ) SI_UNIT ( $, .METRE. ) );
#1498 = ORIENTED_EDGE ( 'NONE', *, *, #5578, .T. ) ;
#1499 = CARTESIAN_POINT ( 'NONE',  ( 0.3475231895887351818, 0.3407039768087347098, 0.7894298265611140453 ) ) ;
#1500 = EDGE_LOOP ( 'NONE', ( #764, #4979, #4646, #3919 ) ) ;
#1501 = DIRECTION ( 'NONE',  ( -0.000000000000000000, -0.000000000000000000, 1.000000000000000000 ) ) ;
#1502 = EDGE_CURVE ( 'NONE', #5080, #6831, #6064, .T. ) ;
#1503 = STYLED_ITEM ( 'NONE', ( #1938 ), #3354 ) ;
#1504 = SURFACE_STYLE_FILL_AREA ( #5969 ) ;
#1505 = EDGE_LOOP ( 'NONE', ( #3440, #1845, #2668, #3236 ) ) ;
#1506 =( NAMED_UNIT ( * ) PLANE_ANGLE_UNIT ( ) SI_UNIT ( $, .RADIAN. ) );
#1507 =( CONVERSION_BASED_UNIT ( 'INCH', #6507 ) LENGTH_UNIT ( ) NAMED_UNIT ( #6008 ) );
#1508 = CARTESIAN_POINT ( 'NONE',  ( 0.2215389376202313021, 0.5533024020055851144, 0.6476975430965470348 ) ) ;
#1509 = EDGE_LOOP ( 'NONE', ( #3804, #2485, #1943, #807 ) ) ;
#1510 = DIRECTION ( 'NONE',  ( -0.2984224196291437869, -3.654620609926393066E-17, -0.9544338947578754340 ) ) ;
#1511 = ORIENTED_EDGE ( 'NONE', *, *, #1530, .T. ) ;
#1512 =( NAMED_UNIT ( * ) SI_UNIT ( $, .STERADIAN. ) SOLID_ANGLE_UNIT ( ) );
#1513 = DIRECTION ( 'NONE',  ( 1.000000000000000000, 1.591489427501660608E-16, 0.000000000000000000 ) ) ;
#1514 =( GEOMETRIC_REPRESENTATION_CONTEXT ( 3 ) GLOBAL_UNCERTAINTY_ASSIGNED_CONTEXT ( ( #2901 ) ) GLOBAL_UNIT_ASSIGNED_CONTEXT ( ( #6355, #272, #5313 ) ) REPRESENTATION_CONTEXT ( 'NONE', 'WORKASPACE' ) );
#1515 =( CONVERSION_BASED_UNIT ( 'INCH', #5170 ) LENGTH_UNIT ( ) NAMED_UNIT ( #2373 ) );
#1516 = FILL_AREA_STYLE ('',( #3309 ) ) ;
#1517 = CARTESIAN_POINT ( 'NONE',  ( 0.06209011872259351944, 0.1910976775961362728, 0.5177762832540273585 ) ) ;
#1518 = VECTOR ( 'NONE', #1701, 39.37007874015748143 ) ;
#1519 = ADVANCED_FACE ( 'NONE', ( #4580 ), #4809, .F. ) ;
#1520 = UNCERTAINTY_MEASURE_WITH_UNIT (LENGTH_MEASURE( 1.000000000000000082E-05 ), #858, 'distance_accuracy_value', 'NONE');
#1521 = LENGTH_MEASURE_WITH_UNIT ( LENGTH_MEASURE( 0.02539999999999999897 ), #2918 );
#1522 = ORIENTED_EDGE ( 'NONE', *, *, #4186, .F. ) ;
#1523 = CARTESIAN_POINT ( 'NONE',  ( 0.06209011872259351944, 0.1753496461000732809, 0.7894298265611140453 ) ) ;
#1524 =( CONVERSION_BASED_UNIT ( 'INCH', #2365 ) LENGTH_UNIT ( ) NAMED_UNIT ( #770 ) );
#1525 = STYLED_ITEM ( 'NONE', ( #2817 ), #490 ) ;
#1526 = LINE ( 'NONE', #6776, #7176 ) ;
#1527 = VERTEX_POINT ( 'NONE', #1484 ) ;
#1528 = ORIENTED_EDGE ( 'NONE', *, *, #6233, .T. ) ;
#1529 = SURFACE_SIDE_STYLE ('',( #5128 ) ) ;
#1530 = EDGE_CURVE ( 'NONE', #4047, #801, #569, .T. ) ;
#1531 = STYLED_ITEM ( 'NONE', ( #398 ), #5413 ) ;
#1532 = CARTESIAN_POINT ( 'NONE',  ( 0.06209011872259351944, 0.1910976775961362728, 0.5925794328603265493 ) ) ;
#1533 = CARTESIAN_POINT ( 'NONE',  ( 0.3475231895887351818, 0.3092079138166087260, 0.7500597478209566349 ) ) ;
#1534 = VERTEX_POINT ( 'NONE', #3230 ) ;
#1535 = CARTESIAN_POINT ( 'NONE',  ( 0.3475231895887351818, 0.3407039768087347098, 0.5925794328603265493 ) ) ;
#1536 =( CONVERSION_BASED_UNIT ( 'INCH', #428 ) LENGTH_UNIT ( ) NAMED_UNIT ( #3257 ) );
#1537 = DIRECTION ( 'NONE',  ( -0.9544338947578755450, 0.000000000000000000, -0.2984224196291434539 ) ) ;
#1538 = COLOUR_RGB ( '',0.6470588235294117974, 0.6196078431372549211, 0.5882352941176470784 ) ;
#1539 = DIRECTION ( 'NONE',  ( -0.000000000000000000, 1.000000000000000000, -0.000000000000000000 ) ) ;
#1540 = PRESENTATION_LAYER_ASSIGNMENT (  '', '', ( #1161 ) ) ;
#1541 = VERTEX_POINT ( 'NONE', #7099 ) ;
#1542 =( GEOMETRIC_REPRESENTATION_CONTEXT ( 3 ) GLOBAL_UNCERTAINTY_ASSIGNED_CONTEXT ( ( #1077 ) ) GLOBAL_UNIT_ASSIGNED_CONTEXT ( ( #4332, #7093, #3733 ) ) REPRESENTATION_CONTEXT ( 'NONE', 'WORKASPACE' ) );
#1543 = LINE ( 'NONE', #4755, #4836 ) ;
#1544 = SURFACE_STYLE_USAGE ( .BOTH. , #2673 ) ;
#1545 = ORIENTED_EDGE ( 'NONE', *, *, #4839, .T. ) ;
#1546 =( CONVERSION_BASED_UNIT ( 'INCH', #4061 ) LENGTH_UNIT ( ) NAMED_UNIT ( #273 ) );
#1547 = EDGE_CURVE ( 'NONE', #7059, #4029, #1548, .T. ) ;
#1548 = LINE ( 'NONE', #5959, #3217 ) ;
#1549 = DIRECTION ( 'NONE',  ( -1.000000000000000000, 0.000000000000000000, 0.000000000000000000 ) ) ;
#1550 = ADVANCED_FACE ( 'NONE', ( #2601 ), #3792, .F. ) ;
#1551 =( LENGTH_UNIT ( ) NAMED_UNIT ( * ) SI_UNIT ( $, .METRE. ) );
#1552 = CARTESIAN_POINT ( 'NONE',  ( 0.4183893313210187981, 0.1379480712969235467, 0.4882487241989091342 ) ) ;
#1553 = SURFACE_SIDE_STYLE ('',( #1419 ) ) ;
#1554 = ADVANCED_FACE ( 'NONE', ( #2511 ), #3322, .F. ) ;
#1555 = DIRECTION ( 'NONE',  ( -0.9544338947578754340, 5.580238493437923206E-18, -0.2984224196291437869 ) ) ;
#1556 = DIRECTION ( 'NONE',  ( -0.000000000000000000, -1.000000000000000000, 0.000000000000000000 ) ) ;
#1557 = AXIS2_PLACEMENT_3D ( 'NONE', #4502, #5052, #6711 ) ;
#1558 = DIRECTION ( 'NONE',  ( 0.000000000000000000, 0.000000000000000000, 1.000000000000000000 ) ) ;
#1559 = ORIENTED_EDGE ( 'NONE', *, *, #1335, .T. ) ;
#1560 = ORIENTED_EDGE ( 'NONE', *, *, #6079, .F. ) ;
#1561 = CARTESIAN_POINT ( 'NONE',  ( 0.1329562604548769900, 0.2698378350764512046, 0.7894298265611140453 ) ) ;
#1562 =( NAMED_UNIT ( * ) SI_UNIT ( $, .STERADIAN. ) SOLID_ANGLE_UNIT ( ) );
#1563 = DIRECTION ( 'NONE',  ( -0.9544338947578753229, 0.000000000000000000, 0.2984224196291437314 ) ) ;
#1564 = FILL_AREA_STYLE ('',( #4887 ) ) ;
#1565 = LINE ( 'NONE', #1633, #5646 ) ;
#1566 = DIMENSIONAL_EXPONENTS ( 1.000000000000000000, 0.000000000000000000, 0.000000000000000000, 0.000000000000000000, 0.000000000000000000, 0.000000000000000000, 0.000000000000000000 ) ;
#1567 = MECHANICAL_DESIGN_GEOMETRIC_PRESENTATION_REPRESENTATION (  '', ( #1949 ), #799 ) ;
#1568 = VERTEX_POINT ( 'NONE', #4907 ) ;
#1569 = EDGE_CURVE ( 'NONE', #2964, #6575, #2337, .T. ) ;
#1570 = DIRECTION ( 'NONE',  ( 0.000000000000000000, 1.000000000000000000, 0.000000000000000000 ) ) ;
#1571 = LENGTH_MEASURE_WITH_UNIT ( LENGTH_MEASURE( 0.02539999999999999897 ), #541 );
#1572 = LINE ( 'NONE', #4645, #5744 ) ;
#1573 = APPLICATION_CONTEXT ( 'automotive_design' ) ;
#1574 = CARTESIAN_POINT ( 'NONE',  ( 0.06209011872259351944, 0.3407039768087347098, 0.5925794328603265493 ) ) ;
#1575 = LINE ( 'NONE', #6143, #6528 ) ;
#1576 = MECHANICAL_DESIGN_GEOMETRIC_PRESENTATION_REPRESENTATION (  '', ( #6656 ), #4171 ) ;
#1577 =( LENGTH_UNIT ( ) NAMED_UNIT ( * ) SI_UNIT ( $, .METRE. ) );
#1578 = VECTOR ( 'NONE', #2951, 39.37007874015748854 ) ;
#1579 =( GEOMETRIC_REPRESENTATION_CONTEXT ( 3 ) GLOBAL_UNCERTAINTY_ASSIGNED_CONTEXT ( ( #4420 ) ) GLOBAL_UNIT_ASSIGNED_CONTEXT ( ( #5363, #5900, #2135 ) ) REPRESENTATION_CONTEXT ( 'NONE', 'WORKASPACE' ) );
#1580 = DIRECTION ( 'NONE',  ( -1.000000000000000000, 0.000000000000000000, 0.000000000000000000 ) ) ;
#1581 = LENGTH_MEASURE_WITH_UNIT ( LENGTH_MEASURE( 0.02539999999999999897 ), #210 );
#1582 = PRESENTATION_STYLE_ASSIGNMENT (( #4812 ) ) ;
#1583 = UNCERTAINTY_MEASURE_WITH_UNIT (LENGTH_MEASURE( 1.000000000000000082E-05 ), #6397, 'distance_accuracy_value', 'NONE');
#1584 = COLOUR_RGB ( '',0.7803921568627451011, 0.7607843137254901578, 0.7411764705882353255 ) ;
#1585 = ADVANCED_FACE ( 'NONE', ( #313 ), #6618, .T. ) ;
#1586 = PLANE ( 'NONE',  #4301 ) ;
#1587 = VERTEX_POINT ( 'NONE', #2210 ) ;
#1588 = DIRECTION ( 'NONE',  ( -1.000000000000000000, 0.000000000000000000, 0.000000000000000000 ) ) ;
#1589 =( NAMED_UNIT ( * ) PLANE_ANGLE_UNIT ( ) SI_UNIT ( $, .RADIAN. ) );
#1590 = LENGTH_MEASURE_WITH_UNIT ( LENGTH_MEASURE( 0.02539999999999999897 ), #1433 );
#1591 = PLANE ( 'NONE',  #5662 ) ;
#1592 = DIRECTION ( 'NONE',  ( -1.000000000000000000, 0.000000000000000000, 0.000000000000000000 ) ) ;
#1594 = COLOUR_RGB ( '',1.000000000000000000, 1.000000000000000000, 1.000000000000000000 ) ;
#1593 = LINE ( 'NONE', #6553, #4034 ) ;
#1595 = LENGTH_MEASURE_WITH_UNIT ( LENGTH_MEASURE( 0.02539999999999999897 ), #2900 );
#1596 =( GEOMETRIC_REPRESENTATION_CONTEXT ( 3 ) GLOBAL_UNCERTAINTY_ASSIGNED_CONTEXT ( ( #564 ) ) GLOBAL_UNIT_ASSIGNED_CONTEXT ( ( #1942, #791, #5773 ) ) REPRESENTATION_CONTEXT ( 'NONE', 'WORKASPACE' ) );
#1597 = ADVANCED_FACE ( 'NONE', ( #5630 ), #1369, .F. ) ;
#1598 =( NAMED_UNIT ( * ) PLANE_ANGLE_UNIT ( ) SI_UNIT ( $, .RADIAN. ) );
#1599 = ORIENTED_EDGE ( 'NONE', *, *, #7205, .T. ) ;
#1600 = PLANE ( 'NONE',  #4902 ) ;
#1601 =( NAMED_UNIT ( * ) SI_UNIT ( $, .STERADIAN. ) SOLID_ANGLE_UNIT ( ) );
#1602 = UNCERTAINTY_MEASURE_WITH_UNIT (LENGTH_MEASURE( 1.000000000000000082E-05 ), #716, 'distance_accuracy_value', 'NONE');
#1603 = ORIENTED_EDGE ( 'NONE', *, *, #724, .F. ) ;
#1604 = SURFACE_STYLE_USAGE ( .BOTH. , #4326 ) ;
#1605 = DIMENSIONAL_EXPONENTS ( 1.000000000000000000, 0.000000000000000000, 0.000000000000000000, 0.000000000000000000, 0.000000000000000000, 0.000000000000000000, 0.000000000000000000 ) ;
#1606 = PRESENTATION_LAYER_ASSIGNMENT (  '', '', ( #2493 ) ) ;
#1607 =( NAMED_UNIT ( * ) PLANE_ANGLE_UNIT ( ) SI_UNIT ( $, .RADIAN. ) );
#1608 = PRESENTATION_STYLE_ASSIGNMENT (( #5649 ) ) ;
#1609 =( CONVERSION_BASED_UNIT ( 'INCH', #2841 ) LENGTH_UNIT ( ) NAMED_UNIT ( #3764 ) );
#1610 = DIRECTION ( 'NONE',  ( -1.000000000000000000, -1.591489427501660608E-16, -0.000000000000000000 ) ) ;
#1611 = CARTESIAN_POINT ( 'NONE',  ( 0.3475231895887349043, 0.1910976775961362728, 0.8248628974272557146 ) ) ;
#1612 = FACE_OUTER_BOUND ( 'NONE', #3795, .T. ) ;
#1613 = ORIENTED_EDGE ( 'NONE', *, *, #3401, .F. ) ;
#1614 = ORIENTED_EDGE ( 'NONE', *, *, #5578, .F. ) ;
#1615 = VECTOR ( 'NONE', #2717, 39.37007874015748143 ) ;
#1616 =( GEOMETRIC_REPRESENTATION_CONTEXT ( 3 ) GLOBAL_UNCERTAINTY_ASSIGNED_CONTEXT ( ( #4167 ) ) GLOBAL_UNIT_ASSIGNED_CONTEXT ( ( #644, #1598, #5647 ) ) REPRESENTATION_CONTEXT ( 'NONE', 'WORKASPACE' ) );
#1617 = DIRECTION ( 'NONE',  ( 0.000000000000000000, -1.000000000000000000, 0.000000000000000000 ) ) ;
#1618 = LINE ( 'NONE', #6240, #4397 ) ;
#1619 = CYLINDRICAL_SURFACE ( 'NONE', #7201, 0.03937007874015747977 ) ;
#1620 = ORIENTED_EDGE ( 'NONE', *, *, #3367, .T. ) ;
#1621 = CARTESIAN_POINT ( 'NONE',  ( 0.1785912521295395516, 0.2973968901945615029, 0.7894298265611140453 ) ) ;
#1622 = ORIENTED_EDGE ( 'NONE', *, *, #2074, .T. ) ;
#1623 = COLOUR_RGB ( '',0.7803921568627451011, 0.7607843137254901578, 0.7411764705882353255 ) ;
#1624 = CARTESIAN_POINT ( 'NONE',  ( 0.06209011872259351944, 0.3407039768087347098, 0.5925794328603265493 ) ) ;
#1625 = ORIENTED_EDGE ( 'NONE', *, *, #2507, .T. ) ;
#1626 = SURFACE_SIDE_STYLE ('',( #5400 ) ) ;
#1627 = MECHANICAL_DESIGN_GEOMETRIC_PRESENTATION_REPRESENTATION (  '', ( #5338 ), #4367 ) ;
#1628 = EDGE_CURVE ( 'NONE', #4206, #3163, #1543, .T. ) ;
#1629 = LINE ( 'NONE', #2196, #4412 ) ;
#1630 = CARTESIAN_POINT ( 'NONE',  ( 0.2057909061241683379, 0.09267248074574256644, 0.5925794328603265493 ) ) ;
#1631 = ORIENTED_EDGE ( 'NONE', *, *, #4340, .T. ) ;
#1632 = ADVANCED_FACE ( 'NONE', ( #4664 ), #4142, .F. ) ;
#1633 = CARTESIAN_POINT ( 'NONE',  ( 0.2964995675414904830, 0.2293653941315694222, 0.6067526612067835057 ) ) ;
#1634 = EDGE_CURVE ( 'NONE', #1969, #7181, #3033, .T. ) ;
#1635 = DIRECTION ( 'NONE',  ( 0.000000000000000000, 1.000000000000000000, 0.000000000000000000 ) ) ;
#1636 = CARTESIAN_POINT ( 'NONE',  ( 0.1034287013997588905, 0.1359795673599158150, 0.5925794328603265493 ) ) ;
#1637 = MECHANICAL_DESIGN_GEOMETRIC_PRESENTATION_REPRESENTATION (  '', ( #1202 ), #1021 ) ;
#1638 = STYLED_ITEM ( 'NONE', ( #5660 ), #2218 ) ;
#1639 = DIRECTION ( 'NONE',  ( -0.000000000000000000, -1.000000000000000000, 0.000000000000000000 ) ) ;
#1640 = CARTESIAN_POINT ( 'NONE',  ( 0.3475231895887351818, 0.3092079138166087260, 0.5925794328603265493 ) ) ;
#1641 = SURFACE_STYLE_FILL_AREA ( #3920 ) ;
#1642 = UNCERTAINTY_MEASURE_WITH_UNIT (LENGTH_MEASURE( 1.000000000000000082E-05 ), #3703, 'distance_accuracy_value', 'NONE');
#1643 = DIRECTION ( 'NONE',  ( 0.000000000000000000, -1.000000000000000000, 1.445602896647339163E-16 ) ) ;
#1644 = EDGE_CURVE ( 'NONE', #6086, #4060, #5976, .T. ) ;
#1645 = PRESENTATION_LAYER_ASSIGNMENT (  '', '', ( #4611 ) ) ;
#1646 = FACE_OUTER_BOUND ( 'NONE', #4917, .T. ) ;
#1647 = DIRECTION ( 'NONE',  ( -2.710505431213786230E-16, 1.000000000000000000, -0.000000000000000000 ) ) ;
#1648 = EDGE_LOOP ( 'NONE', ( #5345, #3267, #2219, #1603 ) ) ;
#1649 = LINE ( 'NONE', #572, #247 ) ;
#1650 = SURFACE_STYLE_USAGE ( .BOTH. , #6131 ) ;
#1651 = STYLED_ITEM ( 'NONE', ( #2414 ), #4528 ) ;
#1652 = UNCERTAINTY_MEASURE_WITH_UNIT (LENGTH_MEASURE( 1.000000000000000082E-05 ), #5620, 'distance_accuracy_value', 'NONE');
#1653 = SURFACE_SIDE_STYLE ('',( #5445 ) ) ;
#1654 = SURFACE_SIDE_STYLE ('',( #2371 ) ) ;
#1655 = PRESENTATION_STYLE_ASSIGNMENT (( #3852 ) ) ;
#1656 = VERTEX_POINT ( 'NONE', #236 ) ;
#1657 = FILL_AREA_STYLE ('',( #4432 ) ) ;
#1658 = CARTESIAN_POINT ( 'NONE',  ( 0.2215389376202313021, 0.6950346854701520138, 0.6476975430965470348 ) ) ;
#1659 = COLOUR_RGB ( '',1.000000000000000000, 1.000000000000000000, 1.000000000000000000 ) ;
#1660 = PRESENTATION_LAYER_ASSIGNMENT (  '', '', ( #1281 ) ) ;
#1661 = PRESENTATION_STYLE_ASSIGNMENT (( #4579 ) ) ;
#1662 = ADVANCED_FACE ( 'NONE', ( #5440 ), #6398, .T. ) ;
#1663 = AXIS2_PLACEMENT_3D ( 'NONE', #5299, #4136, #1989 ) ;
#1664 = EDGE_CURVE ( 'NONE', #6222, #3397, #3848, .T. ) ;
#1665 =( NAMED_UNIT ( * ) PLANE_ANGLE_UNIT ( ) SI_UNIT ( $, .RADIAN. ) );
#1666 = ORIENTED_EDGE ( 'NONE', *, *, #4587, .T. ) ;
#1667 = ORIENTED_EDGE ( 'NONE', *, *, #6233, .F. ) ;
#1668 = PRODUCT_CONTEXT ( 'NONE', #1573, 'mechanical' ) ;
#1669 = VERTEX_POINT ( 'NONE', #1937 ) ;
#1670 = VECTOR ( 'NONE', #904, 39.37007874015748143 ) ;
#1671 = DIMENSIONAL_EXPONENTS ( 1.000000000000000000, 0.000000000000000000, 0.000000000000000000, 0.000000000000000000, 0.000000000000000000, 0.000000000000000000, 0.000000000000000000 ) ;
#1672 = VECTOR ( 'NONE', #3551, 39.37007874015748143 ) ;
#1673 = MECHANICAL_DESIGN_GEOMETRIC_PRESENTATION_REPRESENTATION (  '', ( #3960 ), #452 ) ;
#1674 = VECTOR ( 'NONE', #5177, 39.37007874015748143 ) ;
#1675 = ORIENTED_EDGE ( 'NONE', *, *, #2728, .T. ) ;
#1676 = PLANE ( 'NONE',  #6510 ) ;
#1677 = PRESENTATION_LAYER_ASSIGNMENT (  '', '', ( #3692 ) ) ;
#1678 = ORIENTED_EDGE ( 'NONE', *, *, #2728, .F. ) ;
#1679 = DIRECTION ( 'NONE',  ( 0.000000000000000000, 0.000000000000000000, 1.000000000000000000 ) ) ;
#1680 = LINE ( 'NONE', #1734, #6276 ) ;
#1681 = CARTESIAN_POINT ( 'NONE',  ( 0.2372869691162943495, 0.1674756303520417988, 0.5532093541201690279 ) ) ;
#1682 = ORIENTED_EDGE ( 'NONE', *, *, #3134, .F. ) ;
#1683 = CARTESIAN_POINT ( 'NONE',  ( 0.06209011872259351944, 0.3407039768087347098, 0.5925794328603265493 ) ) ;
#1684 = PLANE ( 'NONE',  #1172 ) ;
#1685 = VERTEX_POINT ( 'NONE', #2542 ) ;
#1686 = EDGE_CURVE ( 'NONE', #1534, #548, #5477, .T. ) ;
#1687 = DIRECTION ( 'NONE',  ( 0.000000000000000000, 0.000000000000000000, -1.000000000000000000 ) ) ;
#1688 =( GEOMETRIC_REPRESENTATION_CONTEXT ( 3 ) GLOBAL_UNCERTAINTY_ASSIGNED_CONTEXT ( ( #4236 ) ) GLOBAL_UNIT_ASSIGNED_CONTEXT ( ( #5769, #5688, #682 ) ) REPRESENTATION_CONTEXT ( 'NONE', 'WORKASPACE' ) );
#1689 = VECTOR ( 'NONE', #4492, 39.37007874015748143 ) ;
#1690 = ORIENTED_EDGE ( 'NONE', *, *, #1910, .T. ) ;
#1691 = SURFACE_STYLE_FILL_AREA ( #3098 ) ;
#1692 = CONICAL_SURFACE ( 'NONE', #2790, 0.03937007874015748671, 0.6640461628266847161 ) ;
#1693 = VERTEX_POINT ( 'NONE', #5832 ) ;
#1694 =( NAMED_UNIT ( * ) SI_UNIT ( $, .STERADIAN. ) SOLID_ANGLE_UNIT ( ) );
#1695 =( GEOMETRIC_REPRESENTATION_CONTEXT ( 3 ) GLOBAL_UNCERTAINTY_ASSIGNED_CONTEXT ( ( #6257 ) ) GLOBAL_UNIT_ASSIGNED_CONTEXT ( ( #7131, #3827, #1465 ) ) REPRESENTATION_CONTEXT ( 'NONE', 'WORKASPACE' ) );
#1696 = PRESENTATION_STYLE_ASSIGNMENT (( #5364 ) ) ;
#1697 = ORIENTED_EDGE ( 'NONE', *, *, #1485, .T. ) ;
#1698 = ORIENTED_EDGE ( 'NONE', *, *, #1854, .F. ) ;
#1699 = CARTESIAN_POINT ( 'NONE',  ( 0.3111794497628561085, 0.6753496461000733087, 0.8681699840414289771 ) ) ;
#1700 = ADVANCED_FACE ( 'NONE', ( #6345 ), #852, .T. ) ;
#1701 = DIRECTION ( 'NONE',  ( -0.000000000000000000, -0.000000000000000000, 1.000000000000000000 ) ) ;
#1702 = LINE ( 'NONE', #1221, #4996 ) ;
#1703 = CARTESIAN_POINT ( 'NONE',  ( 0.1034287013997588905, 0.1064520083047976878, 0.5925794328603265493 ) ) ;
#1704 = CARTESIAN_POINT ( 'NONE',  ( 0.06209011872259351944, 0.1910976775961362728, 0.6280125037264683296 ) ) ;
#1705 = VERTEX_POINT ( 'NONE', #4968 ) ;
#1706 =( GEOMETRIC_REPRESENTATION_CONTEXT ( 3 ) GLOBAL_UNCERTAINTY_ASSIGNED_CONTEXT ( ( #2151 ) ) GLOBAL_UNIT_ASSIGNED_CONTEXT ( ( #266, #3062, #5305 ) ) REPRESENTATION_CONTEXT ( 'NONE', 'WORKASPACE' ) );
#1707 = DIRECTION ( 'NONE',  ( -1.445602896647337536E-15, 0.000000000000000000, 1.000000000000000000 ) ) ;
#1708 = DIRECTION ( 'NONE',  ( 0.000000000000000000, 0.000000000000000000, 1.000000000000000000 ) ) ;
#1709 = EDGE_CURVE ( 'NONE', #730, #2209, #5652, .T. ) ;
#1710 = LINE ( 'NONE', #460, #5546 ) ;
#1711 = DIMENSIONAL_EXPONENTS ( 1.000000000000000000, 0.000000000000000000, 0.000000000000000000, 0.000000000000000000, 0.000000000000000000, 0.000000000000000000, 0.000000000000000000 ) ;
#1712 = DIRECTION ( 'NONE',  ( 1.000000000000000000, -0.000000000000000000, -0.000000000000000000 ) ) ;
#1713 =( NAMED_UNIT ( * ) SI_UNIT ( $, .STERADIAN. ) SOLID_ANGLE_UNIT ( ) );
#1714 = ORIENTED_EDGE ( 'NONE', *, *, #3144, .F. ) ;
#1715 = SURFACE_STYLE_FILL_AREA ( #1988 ) ;
#1716 = CARTESIAN_POINT ( 'NONE',  ( 0.4183893313210187981, 0.1379480712969235467, 0.8681699840414289771 ) ) ;
#1717 = FACE_OUTER_BOUND ( 'NONE', #6714, .T. ) ;
#1718 = EDGE_CURVE ( 'NONE', #7179, #2967, #3667, .T. ) ;
#1719 = PRESENTATION_LAYER_ASSIGNMENT (  '', '', ( #2469 ) ) ;
#1720 = ORIENTED_EDGE ( 'NONE', *, *, #2627, .T. ) ;
#1721 = PLANE ( 'NONE',  #4039 ) ;
#1722 =( NAMED_UNIT ( * ) PLANE_ANGLE_UNIT ( ) SI_UNIT ( $, .RADIAN. ) );
#1723 = VECTOR ( 'NONE', #3678, 39.37007874015748143 ) ;
#1724 =( CONVERSION_BASED_UNIT ( 'INCH', #6698 ) LENGTH_UNIT ( ) NAMED_UNIT ( #1860 ) );
#1725 = CARTESIAN_POINT ( 'NONE',  ( 0.3475231895887351818, 0.3092079138166087260, 0.5925794328603265493 ) ) ;
#1726 = EDGE_CURVE ( 'NONE', #3499, #2263, #2353, .T. ) ;
#1727 =( NAMED_UNIT ( * ) SI_UNIT ( $, .STERADIAN. ) SOLID_ANGLE_UNIT ( ) );
#1728 = SURFACE_SIDE_STYLE ('',( #3865 ) ) ;
#1729 = DIRECTION ( 'NONE',  ( 0.000000000000000000, 1.000000000000000000, 0.000000000000000000 ) ) ;
#1730 = LINE ( 'NONE', #6490, #5020 ) ;
#1731 = VECTOR ( 'NONE', #5617, 39.37007874015748143 ) ;
#1732 =( GEOMETRIC_REPRESENTATION_CONTEXT ( 3 ) GLOBAL_UNCERTAINTY_ASSIGNED_CONTEXT ( ( #5698 ) ) GLOBAL_UNIT_ASSIGNED_CONTEXT ( ( #6943, #6419, #306 ) ) REPRESENTATION_CONTEXT ( 'NONE', 'WORKASPACE' ) );
#1733 = DIRECTION ( 'NONE',  ( -0.000000000000000000, -0.000000000000000000, -1.000000000000000000 ) ) ;
#1734 = CARTESIAN_POINT ( 'NONE',  ( 0.3300504510675431047, 0.6809519746124021999, 0.4744691966398540961 ) ) ;
#1735 =( LENGTH_UNIT ( ) NAMED_UNIT ( * ) SI_UNIT ( $, .METRE. ) );
#1736 = SURFACE_STYLE_FILL_AREA ( #256 ) ;
#1737 = ADVANCED_FACE ( 'NONE', ( #7209, #6158, #158 ), #2835, .F. ) ;
#1738 = ORIENTED_EDGE ( 'NONE', *, *, #6689, .F. ) ;
#1739 = VERTEX_POINT ( 'NONE', #2176 ) ;
#1740 = FILL_AREA_STYLE ('',( #594 ) ) ;
#1741 = LINE ( 'NONE', #2318, #1389 ) ;
#1742 =( GEOMETRIC_REPRESENTATION_CONTEXT ( 3 ) GLOBAL_UNCERTAINTY_ASSIGNED_CONTEXT ( ( #1106 ) ) GLOBAL_UNIT_ASSIGNED_CONTEXT ( ( #906, #5235, #847 ) ) REPRESENTATION_CONTEXT ( 'NONE', 'WORKASPACE' ) );
#1743 = UNCERTAINTY_MEASURE_WITH_UNIT (LENGTH_MEASURE( 1.000000000000000082E-05 ), #5284, 'distance_accuracy_value', 'NONE');
#1744 = VERTEX_POINT ( 'NONE', #1039 ) ;
#1745 = DIRECTION ( 'NONE',  ( -0.000000000000000000, -0.000000000000000000, -1.000000000000000000 ) ) ;
#1746 = VECTOR ( 'NONE', #5009, 39.37007874015748143 ) ;
#1747 = DIMENSIONAL_EXPONENTS ( 1.000000000000000000, 0.000000000000000000, 0.000000000000000000, 0.000000000000000000, 0.000000000000000000, 0.000000000000000000, 0.000000000000000000 ) ;
#1748 = FACE_OUTER_BOUND ( 'NONE', #5288, .T. ) ;
#1749 = DIRECTION ( 'NONE',  ( -0.9544338947578753229, 0.000000000000000000, 0.2984224196291437314 ) ) ;
#1750 = CARTESIAN_POINT ( 'NONE',  ( 0.2215389376202312743, 0.3525150004307819329, 0.7697447871910348960 ) ) ;
#1751 = CARTESIAN_POINT ( 'NONE',  ( 0.09687298726624835044, 0.1910976775961362728, 0.5925794328603265493 ) ) ;
#1752 = LINE ( 'NONE', #3967, #3677 ) ;
#1753 =( GEOMETRIC_REPRESENTATION_CONTEXT ( 3 ) GLOBAL_UNCERTAINTY_ASSIGNED_CONTEXT ( ( #286 ) ) GLOBAL_UNIT_ASSIGNED_CONTEXT ( ( #6977, #4212, #794 ) ) REPRESENTATION_CONTEXT ( 'NONE', 'WORKASPACE' ) );
#1754 = COLOUR_RGB ( '',1.000000000000000000, 1.000000000000000000, 1.000000000000000000 ) ;
#1755 = EDGE_CURVE ( 'NONE', #4540, #3593, #2890, .T. ) ;
#1756 =( NAMED_UNIT ( * ) SI_UNIT ( $, .STERADIAN. ) SOLID_ANGLE_UNIT ( ) );
#1757 = SURFACE_SIDE_STYLE ('',( #4879 ) ) ;
#1758 = EDGE_LOOP ( 'NONE', ( #5995, #5609, #1490, #1070 ) ) ;
#1759 = CARTESIAN_POINT ( 'NONE',  ( 0.3475231895887351818, 0.3092079138166087260, 0.5925794328603265493 ) ) ;
#1760 =( NAMED_UNIT ( * ) PLANE_ANGLE_UNIT ( ) SI_UNIT ( $, .RADIAN. ) );
#1761 = CYLINDRICAL_SURFACE ( 'NONE', #3984, 0.03937007874015748671 ) ;
#1762 = CARTESIAN_POINT ( 'NONE',  ( 0.03256255966747541308, 0.09267248074574256644, 0.8681699840414289771 ) ) ;
#1763 = MECHANICAL_DESIGN_GEOMETRIC_PRESENTATION_REPRESENTATION (  '', ( #1962 ), #4174 ) ;
#1764 = EDGE_CURVE ( 'NONE', #2384, #1853, #5737, .T. ) ;
#1765 = STYLED_ITEM ( 'NONE', ( #4037 ), #6354 ) ;
#1766 = VERTEX_POINT ( 'NONE', #516 ) ;
#1767 = ORIENTED_EDGE ( 'NONE', *, *, #5007, .F. ) ;
#1768 = CARTESIAN_POINT ( 'NONE',  ( 0.2964995675414904830, 0.2293653941315694222, 0.5390361257737121825 ) ) ;
#1769 = SURFACE_STYLE_FILL_AREA ( #1932 ) ;
#1770 = FILL_AREA_STYLE_COLOUR ( '', #1960 ) ;
#1771 = ORIENTED_EDGE ( 'NONE', *, *, #5706, .T. ) ;
#1772 = LINE ( 'NONE', #6682, #3955 ) ;
#1773 = SURFACE_STYLE_FILL_AREA ( #6731 ) ;
#1774 = MECHANICAL_DESIGN_GEOMETRIC_PRESENTATION_REPRESENTATION (  '', ( #5014 ), #3548 ) ;
#1775 = CARTESIAN_POINT ( 'NONE',  ( 0.1546098037619636212, 0.1359795673599157873, 0.5925794328603265493 ) ) ;
#1776 =( NAMED_UNIT ( * ) SI_UNIT ( $, .STERADIAN. ) SOLID_ANGLE_UNIT ( ) );
#1777 = ADVANCED_FACE ( 'NONE', ( #4949 ), #1676, .F. ) ;
#1778 = ORIENTED_EDGE ( 'NONE', *, *, #1958, .F. ) ;
#1779 = PRESENTATION_LAYER_ASSIGNMENT (  '', '', ( #7018 ) ) ;
#1780 =( LENGTH_UNIT ( ) NAMED_UNIT ( * ) SI_UNIT ( $, .METRE. ) );
#1781 = CARTESIAN_POINT ( 'NONE',  ( 0.1034287013997588905, 0.1359795673599157873, 0.5532093541201690279 ) ) ;
#1782 = LINE ( 'NONE', #3962, #103 ) ;
#1783 = CARTESIAN_POINT ( 'NONE',  ( 0.2215389376202313021, 0.5533024020055851144, 0.5728943934902478441 ) ) ;
#1784 = FILL_AREA_STYLE ('',( #5524 ) ) ;
#1785 = VECTOR ( 'NONE', #2781, 39.37007874015748143 ) ;
#1786 = CARTESIAN_POINT ( 'NONE',  ( 0.06209011872259351944, 0.3092079138166087260, 0.8248628974272557146 ) ) ;
#1787 = MECHANICAL_DESIGN_GEOMETRIC_PRESENTATION_REPRESENTATION (  '', ( #4611 ), #4518 ) ;
#1788 = ORIENTED_EDGE ( 'NONE', *, *, #5334, .F. ) ;
#1789 = VERTEX_POINT ( 'NONE', #4401 ) ;
#1790 = DIRECTION ( 'NONE',  ( -2.710505431213786230E-16, 1.000000000000000000, -0.000000000000000000 ) ) ;
#1791 = LINE ( 'NONE', #5486, #5163 ) ;
#1792 = VERTEX_POINT ( 'NONE', #4993 ) ;
#1793 = DIRECTION ( 'NONE',  ( -1.224646799147353454E-16, 1.000000000000000000, -1.848892746611746419E-32 ) ) ;
#1794 = VECTOR ( 'NONE', #2815, 39.37007874015748143 ) ;
#1795 = EDGE_LOOP ( 'NONE', ( #63, #2878, #1961, #681, #2063, #6791 ) ) ;
#1796 = AXIS2_PLACEMENT_3D ( 'NONE', #880, #1402, #6383 ) ;
#1797 = ORIENTED_EDGE ( 'NONE', *, *, #6697, .F. ) ;
#1799 = ORIENTED_EDGE ( 'NONE', *, *, #3676, .F. ) ;
#1798 = DIRECTION ( 'NONE',  ( 0.000000000000000000, 1.000000000000000000, 0.000000000000000000 ) ) ;
#1800 = CARTESIAN_POINT ( 'NONE',  ( 0.1329562604548772953, 0.1674756303520417988, 0.5925794328603265493 ) ) ;
#1801 = CARTESIAN_POINT ( 'NONE',  ( 0.1839628000313384970, 0.6182630319268449526, 0.7814937013496626728 ) ) ;
#1802 = VECTOR ( 'NONE', #4845, 39.37007874015748143 ) ;
#1803 = CARTESIAN_POINT ( 'NONE',  ( 0.2372869691162943495, 0.1281055516118842774, 0.5532093541201690279 ) ) ;
#1804 = EDGE_LOOP ( 'NONE', ( #2398, #3161 ) ) ;
#1805 = AXIS2_PLACEMENT_3D ( 'NONE', #2182, #4410, #5497 ) ;
#1806 = CARTESIAN_POINT ( 'NONE',  ( 0.3475231895887351818, 0.3092079138166087260, 0.7894298265611140453 ) ) ;
#1807 = DIRECTION ( 'NONE',  ( 0.000000000000000000, 0.000000000000000000, -1.000000000000000000 ) ) ;
#1808 = COLOUR_RGB ( '',1.000000000000000000, 1.000000000000000000, 1.000000000000000000 ) ;
#1809 = FILL_AREA_STYLE_COLOUR ( '', #1216 ) ;
#1810 = LINE ( 'NONE', #7044, #5012 ) ;
#1811 = AXIS2_PLACEMENT_3D ( 'NONE', #1454, #832, #4777 ) ;
#1812 =( LENGTH_UNIT ( ) NAMED_UNIT ( * ) SI_UNIT ( $, .METRE. ) );
#1813 = DIMENSIONAL_EXPONENTS ( 1.000000000000000000, 0.000000000000000000, 0.000000000000000000, 0.000000000000000000, 0.000000000000000000, 0.000000000000000000, 0.000000000000000000 ) ;
#1814 = DIRECTION ( 'NONE',  ( -0.000000000000000000, -0.000000000000000000, -1.000000000000000000 ) ) ;
#1815 = SURFACE_STYLE_FILL_AREA ( #1963 ) ;
#1816 =( NAMED_UNIT ( * ) PLANE_ANGLE_UNIT ( ) SI_UNIT ( $, .RADIAN. ) );
#1817 = DIRECTION ( 'NONE',  ( -0.000000000000000000, -0.000000000000000000, 1.000000000000000000 ) ) ;
#1818 =( LENGTH_UNIT ( ) NAMED_UNIT ( * ) SI_UNIT ( $, .METRE. ) );
#1819 = DIRECTION ( 'NONE',  ( 0.000000000000000000, 0.000000000000000000, 1.000000000000000000 ) ) ;
#1820 = SURFACE_STYLE_USAGE ( .BOTH. , #6229 ) ;
#1821 = DIRECTION ( 'NONE',  ( 0.000000000000000000, 1.000000000000000000, 0.000000000000000000 ) ) ;
#1822 = EDGE_CURVE ( 'NONE', #2858, #4088, #3055, .T. ) ;
#1823 = DIMENSIONAL_EXPONENTS ( 1.000000000000000000, 0.000000000000000000, 0.000000000000000000, 0.000000000000000000, 0.000000000000000000, 0.000000000000000000, 0.000000000000000000 ) ;
#1824 = FACE_OUTER_BOUND ( 'NONE', #2312, .T. ) ;
#1825 = PRESENTATION_LAYER_ASSIGNMENT (  '', '', ( #5446 ) ) ;
#1826 = ORIENTED_EDGE ( 'NONE', *, *, #154, .F. ) ;
#1827 = DIRECTION ( 'NONE',  ( 0.000000000000000000, -0.4472135954999569285, 0.8944271909999164105 ) ) ;
#1828 = CARTESIAN_POINT ( 'NONE',  ( 0.1546098037619636212, 0.1359795673599157873, 0.7500597478209566349 ) ) ;
#1829 = LINE ( 'NONE', #6623, #590 ) ;
#1830 = CARTESIAN_POINT ( 'NONE',  ( 0.06209011872259351944, 0.3092079138166087260, 0.6280125037264683296 ) ) ;
#1831 = DIRECTION ( 'NONE',  ( 0.2845982884263074109, -0.9586468662780973649, 0.000000000000000000 ) ) ;
#1832 = COLOUR_RGB ( '',1.000000000000000000, 1.000000000000000000, 1.000000000000000000 ) ;
#1833 = UNCERTAINTY_MEASURE_WITH_UNIT (LENGTH_MEASURE( 1.000000000000000082E-05 ), #5955, 'distance_accuracy_value', 'NONE');
#1834 = ORIENTED_EDGE ( 'NONE', *, *, #3513, .F. ) ;
#1835 = VECTOR ( 'NONE', #4299, 39.37007874015748143 ) ;
#1836 = LINE ( 'NONE', #1481, #4268 ) ;
#1837 =( CONVERSION_BASED_UNIT ( 'INCH', #2628 ) LENGTH_UNIT ( ) NAMED_UNIT ( #3221 ) );
#1838 = CIRCLE ( 'NONE', #5404, 0.07480314960629917687 ) ;
#1839 =( LENGTH_UNIT ( ) NAMED_UNIT ( * ) SI_UNIT ( $, .METRE. ) );
#1840 = CIRCLE ( 'NONE', #2049, 0.01968503937007873988 ) ;
#1841 = LINE ( 'NONE', #6409, #1315 ) ;
#1842 = ORIENTED_EDGE ( 'NONE', *, *, #3993, .F. ) ;
#1843 = SURFACE_STYLE_USAGE ( .BOTH. , #6277 ) ;
#1844 = DIRECTION ( 'NONE',  ( -1.000000000000000000, -0.000000000000000000, 0.000000000000000000 ) ) ;
#1845 = ORIENTED_EDGE ( 'NONE', *, *, #2801, .T. ) ;
#1846 = EDGE_LOOP ( 'NONE', ( #6342, #6351, #1000, #4905, #4193, #6722, #1212 ) ) ;
#1847 =( CONVERSION_BASED_UNIT ( 'INCH', #695 ) LENGTH_UNIT ( ) NAMED_UNIT ( #4221 ) );
#1848 = STYLED_ITEM ( 'NONE', ( #2155 ), #5403 ) ;
#1849 = DIRECTION ( 'NONE',  ( -0.9544338947578753229, 0.000000000000000000, -0.2984224196291438980 ) ) ;
#1850 = CARTESIAN_POINT ( 'NONE',  ( 0.2215389376202313021, 0.5533024020055851144, 0.7697447871910352291 ) ) ;
#1851 = FACE_OUTER_BOUND ( 'NONE', #5342, .T. ) ;
#1852 = PRESENTATION_STYLE_ASSIGNMENT (( #5711 ) ) ;
#1853 = VERTEX_POINT ( 'NONE', #2243 ) ;
#1854 = EDGE_CURVE ( 'NONE', #3662, #4126, #1565, .T. ) ;
#1855 =( GEOMETRIC_REPRESENTATION_CONTEXT ( 3 ) GLOBAL_UNCERTAINTY_ASSIGNED_CONTEXT ( ( #4522 ) ) GLOBAL_UNIT_ASSIGNED_CONTEXT ( ( #5088, #2410, #4062 ) ) REPRESENTATION_CONTEXT ( 'NONE', 'WORKASPACE' ) );
#1856 = ORIENTED_EDGE ( 'NONE', *, *, #2993, .F. ) ;
#1857 = CARTESIAN_POINT ( 'NONE',  ( 0.3475231895887351818, 0.3092079138166087260, 0.7500597478209566349 ) ) ;
#1858 = CARTESIAN_POINT ( 'NONE',  ( 0.2215389376202313021, 0.5533024020055851144, 0.6949416375847360383 ) ) ;
#1859 = CARTESIAN_POINT ( 'NONE',  ( 0.2057909061241683379, 0.1359795673599158150, 0.5925794328603265493 ) ) ;
#1860 = DIMENSIONAL_EXPONENTS ( 1.000000000000000000, 0.000000000000000000, 0.000000000000000000, 0.000000000000000000, 0.000000000000000000, 0.000000000000000000, 0.000000000000000000 ) ;
#1861 = LINE ( 'NONE', #2564, #2994 ) ;
#1862 = CARTESIAN_POINT ( 'NONE',  ( 0.3258696462816486616, 0.6950346854701520138, 0.4744691966398540961 ) ) ;
#1864 = CIRCLE ( 'NONE', #3310, 0.07480314960629924625 ) ;
#1863 = CYLINDRICAL_SURFACE ( 'NONE', #4138, 0.03937007874015747977 ) ;
#1865 = FILL_AREA_STYLE_COLOUR ( '', #5653 ) ;
#1866 = PRESENTATION_LAYER_ASSIGNMENT (  '', '', ( #114 ) ) ;
#1867 = ORIENTED_EDGE ( 'NONE', *, *, #5807, .F. ) ;
#1868 = DIRECTION ( 'NONE',  ( 1.000000000000000000, 0.000000000000000000, 0.000000000000000000 ) ) ;
#1869 = CARTESIAN_POINT ( 'NONE',  ( 0.2885133465487373372, 0.5985779925567662474, 0.6062101516190919748 ) ) ;
#1870 = LINE ( 'NONE', #1990, #5599 ) ;
#1871 = ORIENTED_EDGE ( 'NONE', *, *, #4593, .T. ) ;
#1872 = EDGE_CURVE ( 'NONE', #4377, #4060, #4159, .T. ) ;
#1873 = EDGE_CURVE ( 'NONE', #7008, #4551, #2882, .T. ) ;
#1874 = FACE_OUTER_BOUND ( 'NONE', #2446, .T. ) ;
#1875 =( GEOMETRIC_REPRESENTATION_CONTEXT ( 3 ) GLOBAL_UNCERTAINTY_ASSIGNED_CONTEXT ( ( #5161 ) ) GLOBAL_UNIT_ASSIGNED_CONTEXT ( ( #6112, #9, #2247 ) ) REPRESENTATION_CONTEXT ( 'NONE', 'WORKASPACE' ) );
#1876 = LENGTH_MEASURE_WITH_UNIT ( LENGTH_MEASURE( 0.02539999999999999897 ), #5459 );
#1877 =( CONVERSION_BASED_UNIT ( 'INCH', #4291 ) LENGTH_UNIT ( ) NAMED_UNIT ( #3145 ) );
#1878 = SURFACE_STYLE_FILL_AREA ( #2897 ) ;
#1879 = ORIENTED_EDGE ( 'NONE', *, *, #2357, .F. ) ;
#1880 = DIRECTION ( 'NONE',  ( -0.000000000000000000, 1.000000000000000000, -0.000000000000000000 ) ) ;
#1881 = ORIENTED_EDGE ( 'NONE', *, *, #2244, .F. ) ;
#1882 = ORIENTED_EDGE ( 'NONE', *, *, #6384, .F. ) ;
#1883 = SURFACE_STYLE_USAGE ( .BOTH. , #2953 ) ;
#1884 = DIRECTION ( 'NONE',  ( 1.000000000000000000, 0.000000000000000000, 0.000000000000000000 ) ) ;
#1885 =( NAMED_UNIT ( * ) PLANE_ANGLE_UNIT ( ) SI_UNIT ( $, .RADIAN. ) );
#1886 = SURFACE_SIDE_STYLE ('',( #1769 ) ) ;
#1887 = EDGE_CURVE ( 'NONE', #1568, #6368, #2266, .T. ) ;
#1888 = UNCERTAINTY_MEASURE_WITH_UNIT (LENGTH_MEASURE( 1.000000000000000082E-05 ), #3484, 'distance_accuracy_value', 'NONE');
#1889 =( GEOMETRIC_REPRESENTATION_CONTEXT ( 3 ) GLOBAL_UNCERTAINTY_ASSIGNED_CONTEXT ( ( #4219 ) ) GLOBAL_UNIT_ASSIGNED_CONTEXT ( ( #1724, #1163, #1776 ) ) REPRESENTATION_CONTEXT ( 'NONE', 'WORKASPACE' ) );
#1890 = CYLINDRICAL_SURFACE ( 'NONE', #5372, 0.03937007874015747977 ) ;
#1891 = FILL_AREA_STYLE_COLOUR ( '', #4939 ) ;
#1892 = CARTESIAN_POINT ( 'NONE',  ( 0.2372869691162943495, -0.06480783421488736651, 0.7658077793170195990 ) ) ;
#1893 = FACE_OUTER_BOUND ( 'NONE', #6388, .T. ) ;
#1894 = ORIENTED_EDGE ( 'NONE', *, *, #5584, .F. ) ;
#1895 = DIRECTION ( 'NONE',  ( 1.000000000000000000, 0.000000000000000000, -0.000000000000000000 ) ) ;
#1896 = DIMENSIONAL_EXPONENTS ( 1.000000000000000000, 0.000000000000000000, 0.000000000000000000, 0.000000000000000000, 0.000000000000000000, 0.000000000000000000, 0.000000000000000000 ) ;
#1897 = STYLED_ITEM ( 'NONE', ( #4487 ), #4827 ) ;
#1898 = CARTESIAN_POINT ( 'NONE',  ( 0.2215389376202312466, 0.6182630319268449526, 0.5728943934902481772 ) ) ;
#1899 = ORIENTED_EDGE ( 'NONE', *, *, #5168, .F. ) ;
#1900 =( NAMED_UNIT ( * ) PLANE_ANGLE_UNIT ( ) SI_UNIT ( $, .RADIAN. ) );
#1901 = CARTESIAN_POINT ( 'NONE',  ( 0.1329562604548772675, 0.3092079138166086705, 0.5925794328603265493 ) ) ;
#1902 = DIMENSIONAL_EXPONENTS ( 1.000000000000000000, 0.000000000000000000, 0.000000000000000000, 0.000000000000000000, 0.000000000000000000, 0.000000000000000000, 0.000000000000000000 ) ;
#1903 = LINE ( 'NONE', #5596, #227 ) ;
#1904 = MECHANICAL_DESIGN_GEOMETRIC_PRESENTATION_REPRESENTATION (  '', ( #4498 ), #531 ) ;
#1905 = PRESENTATION_LAYER_ASSIGNMENT (  '', '', ( #1531 ) ) ;
#1906 = CARTESIAN_POINT ( 'NONE',  ( 0.2057909061241683379, 0.09660948861975832136, 0.7500597478209566349 ) ) ;
#1907 = CARTESIAN_POINT ( 'NONE',  ( 0.2215389376202313021, 0.6950346854701520138, 0.7697447871910352291 ) ) ;
#1908 = CARTESIAN_POINT ( 'NONE',  ( 0.06209011872259351944, 0.1910976775961362728, 0.5177762832540273585 ) ) ;
#1909 = SURFACE_SIDE_STYLE ('',( #5927 ) ) ;
#1910 = EDGE_CURVE ( 'NONE', #2288, #7059, #2708, .T. ) ;
#1911 = DIRECTION ( 'NONE',  ( -0.000000000000000000, -0.000000000000000000, -1.000000000000000000 ) ) ;
#1912 = DIRECTION ( 'NONE',  ( -0.9544338947578755450, 0.000000000000000000, 0.2984224196291431763 ) ) ;
#1913 = SURFACE_STYLE_USAGE ( .BOTH. , #5277 ) ;
#1914 = CARTESIAN_POINT ( 'NONE',  ( 0.2372869691162943495, -0.03331177122276113983, 0.7894298265611140453 ) ) ;
#1915 = MECHANICAL_DESIGN_GEOMETRIC_PRESENTATION_REPRESENTATION (  '', ( #5632 ), #6373 ) ;
#1916 = COLOUR_RGB ( '',1.000000000000000000, 1.000000000000000000, 1.000000000000000000 ) ;
#1917 =( GEOMETRIC_REPRESENTATION_CONTEXT ( 3 ) GLOBAL_UNCERTAINTY_ASSIGNED_CONTEXT ( ( #4627 ) ) GLOBAL_UNIT_ASSIGNED_CONTEXT ( ( #7193, #2723, #4950 ) ) REPRESENTATION_CONTEXT ( 'NONE', 'WORKASPACE' ) );
#1918 = DIRECTION ( 'NONE',  ( -1.224646799147353454E-16, 1.000000000000000000, -1.848892746611746419E-32 ) ) ;
#1919 = ORIENTED_EDGE ( 'NONE', *, *, #4964, .T. ) ;
#1920 = FILL_AREA_STYLE ('',( #2577 ) ) ;
#1921 = ORIENTED_EDGE ( 'NONE', *, *, #3486, .T. ) ;
#1922 = CARTESIAN_POINT ( 'NONE',  ( 0.3475231895887351818, 0.3092079138166087260, 0.7500597478209566349 ) ) ;
#1923 = DIRECTION ( 'NONE',  ( 0.000000000000000000, 0.000000000000000000, 1.000000000000000000 ) ) ;
#1924 = PLANE ( 'NONE',  #4595 ) ;
#1925 = EDGE_LOOP ( 'NONE', ( #4127, #6382, #2208, #85 ) ) ;
#1926 =( NAMED_UNIT ( * ) PLANE_ANGLE_UNIT ( ) SI_UNIT ( $, .RADIAN. ) );
#1927 = ORIENTED_EDGE ( 'NONE', *, *, #1854, .T. ) ;
#1928 = EDGE_CURVE ( 'NONE', #1945, #2158, #3234, .T. ) ;
#1929 = PRESENTATION_LAYER_ASSIGNMENT (  '', '', ( #4245 ) ) ;
#1930 = CIRCLE ( 'NONE', #3844, 0.07480314960629920462 ) ;
#1931 = DIRECTION ( 'NONE',  ( 1.000000000000000000, 1.591489427501660608E-16, -0.000000000000000000 ) ) ;
#1932 = FILL_AREA_STYLE ('',( #6332 ) ) ;
#1933 = LINE ( 'NONE', #4794, #2026 ) ;
#1934 = EDGE_LOOP ( 'NONE', ( #7049, #2226, #1361, #285 ) ) ;
#1935 = DIRECTION ( 'NONE',  ( 0.000000000000000000, -1.000000000000000000, 0.000000000000000000 ) ) ;
#1936 = PLANE ( 'NONE',  #4547 ) ;
#1937 = CARTESIAN_POINT ( 'NONE',  ( 0.2215389376202313021, 0.6950346854701520138, 0.4980912438839485978 ) ) ;
#1938 = PRESENTATION_STYLE_ASSIGNMENT (( #6851 ) ) ;
#1939 = DIMENSIONAL_EXPONENTS ( 1.000000000000000000, 0.000000000000000000, 0.000000000000000000, 0.000000000000000000, 0.000000000000000000, 0.000000000000000000, 0.000000000000000000 ) ;
#1940 = MECHANICAL_DESIGN_GEOMETRIC_PRESENTATION_REPRESENTATION (  '', ( #5651 ), #6399 ) ;
#1941 =( CONVERSION_BASED_UNIT ( 'INCH', #6300 ) LENGTH_UNIT ( ) NAMED_UNIT ( #237 ) );
#1942 =( CONVERSION_BASED_UNIT ( 'INCH', #2015 ) LENGTH_UNIT ( ) NAMED_UNIT ( #1747 ) );
#1943 = ORIENTED_EDGE ( 'NONE', *, *, #3491, .F. ) ;
#1944 = COLOUR_RGB ( '',1.000000000000000000, 1.000000000000000000, 1.000000000000000000 ) ;
#1945 = VERTEX_POINT ( 'NONE', #6171 ) ;
#1946 = VECTOR ( 'NONE', #3722, 39.37007874015748143 ) ;
#1947 = SURFACE_SIDE_STYLE ('',( #5301 ) ) ;
#1948 =( NAMED_UNIT ( * ) PLANE_ANGLE_UNIT ( ) SI_UNIT ( $, .RADIAN. ) );
#1949 = STYLED_ITEM ( 'NONE', ( #2589 ), #4936 ) ;
#1950 = SURFACE_SIDE_STYLE ('',( #4844 ) ) ;
#1951 = ORIENTED_EDGE ( 'NONE', *, *, #2160, .F. ) ;
#1952 = LINE ( 'NONE', #1786, #3788 ) ;
#1953 = COLOUR_RGB ( '',1.000000000000000000, 1.000000000000000000, 1.000000000000000000 ) ;
#1954 = LINE ( 'NONE', #3024, #3265 ) ;
#1955 = ORIENTED_EDGE ( 'NONE', *, *, #3268, .T. ) ;
#1956 =( NAMED_UNIT ( * ) SI_UNIT ( $, .STERADIAN. ) SOLID_ANGLE_UNIT ( ) );
#1957 = CARTESIAN_POINT ( 'NONE',  ( 0.02468854391944393101, 0.08479846499771107049, 0.8681699840414289771 ) ) ;
#1958 = EDGE_CURVE ( 'NONE', #6729, #4347, #1741, .T. ) ;
#1959 = AXIS2_PLACEMENT_3D ( 'NONE', #3639, #888, #1364 ) ;
#1960 = COLOUR_RGB ( '',0.7803921568627451011, 0.7607843137254901578, 0.7411764705882353255 ) ;
#1961 = ORIENTED_EDGE ( 'NONE', *, *, #6224, .T. ) ;
#1962 = STYLED_ITEM ( 'NONE', ( #5824 ), #1084 ) ;
#1963 = FILL_AREA_STYLE ('',( #1411 ) ) ;
#1964 =( NAMED_UNIT ( * ) SI_UNIT ( $, .STERADIAN. ) SOLID_ANGLE_UNIT ( ) );
#1965 =( NAMED_UNIT ( * ) PLANE_ANGLE_UNIT ( ) SI_UNIT ( $, .RADIAN. ) );
#1966 = CARTESIAN_POINT ( 'NONE',  ( 0.2215389376202312466, 0.6182630319268449526, 0.7697447871910348960 ) ) ;
#1967 = VECTOR ( 'NONE', #4953, 39.37007874015748143 ) ;
#1968 = VERTEX_POINT ( 'NONE', #4491 ) ;
#1969 = VERTEX_POINT ( 'NONE', #31 ) ;
#1970 = DIMENSIONAL_EXPONENTS ( 1.000000000000000000, 0.000000000000000000, 0.000000000000000000, 0.000000000000000000, 0.000000000000000000, 0.000000000000000000, 0.000000000000000000 ) ;
#1971 = LINE ( 'NONE', #7026, #4656 ) ;
#1972 =( LENGTH_UNIT ( ) NAMED_UNIT ( * ) SI_UNIT ( $, .METRE. ) );
#1973 = FILL_AREA_STYLE_COLOUR ( '', #1330 ) ;
#1974 = FACE_OUTER_BOUND ( 'NONE', #3451, .T. ) ;
#1975 = PLANE ( 'NONE',  #3751 ) ;
#1976 = STYLED_ITEM ( 'NONE', ( #4089 ), #2785 ) ;
#1977 = COLOUR_RGB ( '',0.7803921568627451011, 0.7607843137254901578, 0.7411764705882353255 ) ;
#1978 = ORIENTED_EDGE ( 'NONE', *, *, #6608, .F. ) ;
#1979 = UNCERTAINTY_MEASURE_WITH_UNIT (LENGTH_MEASURE( 1.000000000000000082E-05 ), #6416, 'distance_accuracy_value', 'NONE');
#1980 = DIRECTION ( 'NONE',  ( -1.224646799147353454E-16, 1.000000000000000000, 2.465190328815661892E-32 ) ) ;
#1981 = EDGE_LOOP ( 'NONE', ( #4460, #5513 ) ) ;
#1982 = ORIENTED_EDGE ( 'NONE', *, *, #2613, .T. ) ;
#1983 = SURFACE_STYLE_USAGE ( .BOTH. , #2607 ) ;
#1984 = DIRECTION ( 'NONE',  ( 0.000000000000000000, -1.000000000000000000, 0.000000000000000000 ) ) ;
#1985 = AXIS2_PLACEMENT_3D ( 'NONE', #3599, #797, #2144 ) ;
#1986 = ORIENTED_EDGE ( 'NONE', *, *, #4983, .F. ) ;
#1987 = DIRECTION ( 'NONE',  ( -0.000000000000000000, -0.000000000000000000, 1.000000000000000000 ) ) ;
#1988 = FILL_AREA_STYLE ('',( #257 ) ) ;
#1989 = DIRECTION ( 'NONE',  ( 0.000000000000000000, 0.000000000000000000, 1.000000000000000000 ) ) ;
#1990 = CARTESIAN_POINT ( 'NONE',  ( 0.06209011872259351944, 0.3092079138166087260, 0.7146266769548147435 ) ) ;
#1991 = AXIS2_PLACEMENT_3D ( 'NONE', #371, #5941, #4265 ) ;
#1992 =( NAMED_UNIT ( * ) SI_UNIT ( $, .STERADIAN. ) SOLID_ANGLE_UNIT ( ) );
#1993 = CARTESIAN_POINT ( 'NONE',  ( 0.2057909061241683379, -0.03331177122276120922, 0.7500597478209566349 ) ) ;
#1994 = CARTESIAN_POINT ( 'NONE',  ( 0.03256255966747541308, 0.08479846499771107049, 0.4744691966398540961 ) ) ;
#1995 = EDGE_CURVE ( 'NONE', #6014, #1789, #6773, .T. ) ;
#1996 = FILL_AREA_STYLE_COLOUR ( '', #6805 ) ;
#1997 = VECTOR ( 'NONE', #4175, 39.37007874015748143 ) ;
#1998 = AXIS2_PLACEMENT_3D ( 'NONE', #1458, #5419, #5439 ) ;
#1999 = EDGE_CURVE ( 'NONE', #4318, #4399, #6862, .T. ) ;
#2000 = STYLED_ITEM ( 'NONE', ( #6727 ), #6066 ) ;
#2001 =( NAMED_UNIT ( * ) SI_UNIT ( $, .STERADIAN. ) SOLID_ANGLE_UNIT ( ) );
#2002 = EDGE_CURVE ( 'NONE', #5796, #5418, #6941, .T. ) ;
#2003 = DIRECTION ( 'NONE',  ( -1.224646799147353454E-16, 1.000000000000000000, -1.848892746611746419E-32 ) ) ;
#2004 = LINE ( 'NONE', #6588, #5112 ) ;
#2005 = DIRECTION ( 'NONE',  ( 1.000000000000000000, 0.000000000000000000, -0.000000000000000000 ) ) ;
#2006 = ORIENTED_EDGE ( 'NONE', *, *, #4500, .F. ) ;
#2007 =( CONVERSION_BASED_UNIT ( 'INCH', #6603 ) LENGTH_UNIT ( ) NAMED_UNIT ( #3361 ) );
#2008 = COLOUR_RGB ( '',1.000000000000000000, 1.000000000000000000, 1.000000000000000000 ) ;
#2009 = EDGE_CURVE ( 'NONE', #4029, #1275, #4008, .T. ) ;
#2010 = DIMENSIONAL_EXPONENTS ( 1.000000000000000000, 0.000000000000000000, 0.000000000000000000, 0.000000000000000000, 0.000000000000000000, 0.000000000000000000, 0.000000000000000000 ) ;
#2011 =( LENGTH_UNIT ( ) NAMED_UNIT ( * ) SI_UNIT ( $, .METRE. ) );
#2012 =( GEOMETRIC_REPRESENTATION_CONTEXT ( 3 ) GLOBAL_UNCERTAINTY_ASSIGNED_CONTEXT ( ( #2829 ) ) GLOBAL_UNIT_ASSIGNED_CONTEXT ( ( #1166, #2949, #3409 ) ) REPRESENTATION_CONTEXT ( 'NONE', 'WORKASPACE' ) );
#2013 = SURFACE_STYLE_FILL_AREA ( #6107 ) ;
#2014 = DIMENSIONAL_EXPONENTS ( 1.000000000000000000, 0.000000000000000000, 0.000000000000000000, 0.000000000000000000, 0.000000000000000000, 0.000000000000000000, 0.000000000000000000 ) ;
#2015 = LENGTH_MEASURE_WITH_UNIT ( LENGTH_MEASURE( 0.02539999999999999897 ), #5251 );
#2016 = PRESENTATION_LAYER_ASSIGNMENT (  '', '', ( #972 ) ) ;
#2017 = DIRECTION ( 'NONE',  ( -1.000000000000000000, -0.000000000000000000, -0.000000000000000000 ) ) ;
#2018 = ORIENTED_EDGE ( 'NONE', *, *, #3883, .F. ) ;
#2019 = LINE ( 'NONE', #4344, #339 ) ;
#2020 = SURFACE_SIDE_STYLE ('',( #2169 ) ) ;
#2021 = SURFACE_SIDE_STYLE ('',( #696 ) ) ;
#2022 =( NAMED_UNIT ( * ) SI_UNIT ( $, .STERADIAN. ) SOLID_ANGLE_UNIT ( ) );
#2023 = LENGTH_MEASURE_WITH_UNIT ( LENGTH_MEASURE( 0.02539999999999999897 ), #4356 );
#2024 = VECTOR ( 'NONE', #5138, 39.37007874015748143 ) ;
#2025 = FILL_AREA_STYLE_COLOUR ( '', #6320 ) ;
#2026 = VECTOR ( 'NONE', #6932, 39.37007874015748143 ) ;
#2027 = STYLED_ITEM ( 'NONE', ( #2530 ), #2876 ) ;
#2028 = ORIENTED_EDGE ( 'NONE', *, *, #4425, .F. ) ;
#2029 = ORIENTED_EDGE ( 'NONE', *, *, #1053, .F. ) ;
#2030 =( NAMED_UNIT ( * ) SI_UNIT ( $, .STERADIAN. ) SOLID_ANGLE_UNIT ( ) );
#2031 = VECTOR ( 'NONE', #6274, 39.37007874015748143 ) ;
#2032 =( CONVERSION_BASED_UNIT ( 'INCH', #3334 ) LENGTH_UNIT ( ) NAMED_UNIT ( #3507 ) );
#2033 =( NAMED_UNIT ( * ) SI_UNIT ( $, .STERADIAN. ) SOLID_ANGLE_UNIT ( ) );
#2034 = ORIENTED_EDGE ( 'NONE', *, *, #1755, .T. ) ;
#2035 = DIRECTION ( 'NONE',  ( 1.000000000000000000, 0.000000000000000000, 0.000000000000000000 ) ) ;
#2036 = FILL_AREA_STYLE ('',( #4315 ) ) ;
#2037 = STYLED_ITEM ( 'NONE', ( #2689 ), #4437 ) ;
#2038 = CARTESIAN_POINT ( 'NONE',  ( 0.2057909061241683657, 0.09267248074574256644, 0.7500597478209566349 ) ) ;
#2039 = SURFACE_STYLE_USAGE ( .BOTH. , #4289 ) ;
#2040 = LENGTH_MEASURE_WITH_UNIT ( LENGTH_MEASURE( 0.02539999999999999897 ), #4078 );
#2041 = ORIENTED_EDGE ( 'NONE', *, *, #3739, .T. ) ;
#2042 = ADVANCED_FACE ( 'NONE', ( #6335 ), #6505, .F. ) ;
#2043 = SURFACE_STYLE_USAGE ( .BOTH. , #903 ) ;
#2044 = ORIENTED_EDGE ( 'NONE', *, *, #2002, .T. ) ;
#2045 =( CONVERSION_BASED_UNIT ( 'INCH', #2827 ) LENGTH_UNIT ( ) NAMED_UNIT ( #2055 ) );
#2046 = FACE_OUTER_BOUND ( 'NONE', #4163, .T. ) ;
#2047 = SURFACE_STYLE_USAGE ( .BOTH. , #3727 ) ;
#2048 = COLOUR_RGB ( '',1.000000000000000000, 1.000000000000000000, 1.000000000000000000 ) ;
#2049 = AXIS2_PLACEMENT_3D ( 'NONE', #2381, #1814, #668 ) ;
#2050 = LENGTH_MEASURE_WITH_UNIT ( LENGTH_MEASURE( 0.02539999999999999897 ), #3472 );
#2051 =( LENGTH_UNIT ( ) NAMED_UNIT ( * ) SI_UNIT ( $, .METRE. ) );
#2052 = MECHANICAL_DESIGN_GEOMETRIC_PRESENTATION_REPRESENTATION (  '', ( #3824 ), #6032 ) ;
#2053 = EDGE_LOOP ( 'NONE', ( #203, #4878, #7155, #3536 ) ) ;
#2054 = EDGE_CURVE ( 'NONE', #3635, #2525, #2004, .T. ) ;
#2055 = DIMENSIONAL_EXPONENTS ( 1.000000000000000000, 0.000000000000000000, 0.000000000000000000, 0.000000000000000000, 0.000000000000000000, 0.000000000000000000, 0.000000000000000000 ) ;
#2056 = CARTESIAN_POINT ( 'NONE',  ( 0.02468854391944393101, 0.4395663694583710757, 0.4744691966398540961 ) ) ;
#2057 = CYLINDRICAL_SURFACE ( 'NONE', #4546, 0.03937007874015748671 ) ;
#2058 = ORIENTED_EDGE ( 'NONE', *, *, #6073, .T. ) ;
#2059 = CARTESIAN_POINT ( 'NONE',  ( 0.2215389376202313021, 0.3092079138166087260, 0.5728943934902478441 ) ) ;
#2060 =( GEOMETRIC_REPRESENTATION_CONTEXT ( 3 ) GLOBAL_UNCERTAINTY_ASSIGNED_CONTEXT ( ( #4535 ) ) GLOBAL_UNIT_ASSIGNED_CONTEXT ( ( #3152, #253, #4752 ) ) REPRESENTATION_CONTEXT ( 'NONE', 'WORKASPACE' ) );
#2061 = LINE ( 'NONE', #1806, #1093 ) ;
#2062 = ORIENTED_EDGE ( 'NONE', *, *, #6173, .F. ) ;
#2063 = ORIENTED_EDGE ( 'NONE', *, *, #917, .T. ) ;
#2064 = AXIS2_PLACEMENT_3D ( 'NONE', #6946, #1442, #5325 ) ;
#2065 = FILL_AREA_STYLE ('',( #2569 ) ) ;
#2066 = DIRECTION ( 'NONE',  ( -1.224646799147353454E-16, 1.000000000000000000, 2.465190328815661892E-32 ) ) ;
#2067 =( LENGTH_UNIT ( ) NAMED_UNIT ( * ) SI_UNIT ( $, .METRE. ) );
#2068 = CARTESIAN_POINT ( 'NONE',  ( 0.09358618171471951019, 0.2698378350764509270, 0.7894298265611140453 ) ) ;
#2069 = PRESENTATION_STYLE_ASSIGNMENT (( #7178 ) ) ;
#2070 = UNCERTAINTY_MEASURE_WITH_UNIT (LENGTH_MEASURE( 1.000000000000000082E-05 ), #5793, 'distance_accuracy_value', 'NONE');
#2071 = CARTESIAN_POINT ( 'NONE',  ( 0.3475231895887349043, 0.3092079138166083374, 0.6280125037264684407 ) ) ;
#2072 = CARTESIAN_POINT ( 'NONE',  ( 0.4105153155729872605, 0.08479846499771107049, 0.4744691966398540961 ) ) ;
#2073 = DIRECTION ( 'NONE',  ( 0.000000000000000000, 0.000000000000000000, 1.000000000000000000 ) ) ;
#2074 = EDGE_CURVE ( 'NONE', #5053, #1225, #3570, .T. ) ;
#2075 =( CONVERSION_BASED_UNIT ( 'INCH', #5657 ) LENGTH_UNIT ( ) NAMED_UNIT ( #3032 ) );
#2076 = ORIENTED_EDGE ( 'NONE', *, *, #2054, .T. ) ;
#2077 = SURFACE_SIDE_STYLE ('',( #3514 ) ) ;
#2078 = FILL_AREA_STYLE_COLOUR ( '', #6582 ) ;
#2079 = SURFACE_STYLE_FILL_AREA ( #7147 ) ;
#2080 = COLOUR_RGB ( '',1.000000000000000000, 1.000000000000000000, 1.000000000000000000 ) ;
#2081 = FILL_AREA_STYLE_COLOUR ( '', #3191 ) ;
#2082 = ADVANCED_FACE ( 'NONE', ( #942 ), #7038, .F. ) ;
#2083 = FILL_AREA_STYLE_COLOUR ( '', #6328 ) ;
#2084 =( CONVERSION_BASED_UNIT ( 'INCH', #6391 ) LENGTH_UNIT ( ) NAMED_UNIT ( #2672 ) );
#2085 = CIRCLE ( 'NONE', #1998, 0.03937007874015747977 ) ;
#2086 = CARTESIAN_POINT ( 'NONE',  ( 0.06209011872259351944, 0.08479846499771107049, 0.6713195903406415921 ) ) ;
#2087 = DIRECTION ( 'NONE',  ( 1.000000000000000000, 0.000000000000000000, 0.000000000000000000 ) ) ;
#2088 = FILL_AREA_STYLE_COLOUR ( '', #926 ) ;
#2089 = DIRECTION ( 'NONE',  ( -1.224646799147353454E-16, 1.000000000000000000, -1.848892746611746419E-32 ) ) ;
#2090 =( LENGTH_UNIT ( ) NAMED_UNIT ( * ) SI_UNIT ( $, .METRE. ) );
#2091 =( NAMED_UNIT ( * ) SI_UNIT ( $, .STERADIAN. ) SOLID_ANGLE_UNIT ( ) );
#2092 = AXIS2_PLACEMENT_3D ( 'NONE', #3770, #2600, #2115 ) ;
#2093 = CARTESIAN_POINT ( 'NONE',  ( 0.1014601974627510061, 0.1359795673599158150, 0.7894298265611140453 ) ) ;
#2094 = DIRECTION ( 'NONE',  ( -1.000000000000000000, -0.000000000000000000, 0.000000000000000000 ) ) ;
#2095 = PRESENTATION_LAYER_ASSIGNMENT (  '', '', ( #4582 ) ) ;
#2096 = ORIENTED_EDGE ( 'NONE', *, *, #6689, .T. ) ;
#2097 = DIRECTION ( 'NONE',  ( -0.000000000000000000, 1.000000000000000000, -0.000000000000000000 ) ) ;
#2098 = ORIENTED_EDGE ( 'NONE', *, *, #4226, .T. ) ;
#2099 = LINE ( 'NONE', #2475, #1298 ) ;
#2100 = MECHANICAL_DESIGN_GEOMETRIC_PRESENTATION_REPRESENTATION (  '', ( #2711 ), #6044 ) ;
#2101 = CARTESIAN_POINT ( 'NONE',  ( 0.4105153155729872605, 0.08479846499771107049, 0.8681699840414289771 ) ) ;
#2102 = ORIENTED_EDGE ( 'NONE', *, *, #4839, .F. ) ;
#2103 = SURFACE_STYLE_FILL_AREA ( #1740 ) ;
#2104 = CARTESIAN_POINT ( 'NONE',  ( 0.06209011872259351944, 0.3092079138166087260, 0.5177762832540273585 ) ) ;
#2105 = ADVANCED_FACE ( 'NONE', ( #4766 ), #4250, .F. ) ;
#2106 =( NAMED_UNIT ( * ) PLANE_ANGLE_UNIT ( ) SI_UNIT ( $, .RADIAN. ) );
#2107 = FACE_OUTER_BOUND ( 'NONE', #4472, .T. ) ;
#2108 =( NAMED_UNIT ( * ) PLANE_ANGLE_UNIT ( ) SI_UNIT ( $, .RADIAN. ) );
#2109 = DIRECTION ( 'NONE',  ( 0.000000000000000000, 0.000000000000000000, 1.000000000000000000 ) ) ;
#2110 = LENGTH_MEASURE_WITH_UNIT ( LENGTH_MEASURE( 0.02539999999999999897 ), #5282 );
#2111 = ORIENTED_EDGE ( 'NONE', *, *, #4024, .T. ) ;
#2112 = AXIS2_PLACEMENT_3D ( 'NONE', #5877, #2565, #2005 ) ;
#2113 = LINE ( 'NONE', #2265, #860 ) ;
#2114 = ADVANCED_FACE ( 'NONE', ( #1824 ), #5918, .F. ) ;
#2115 = DIRECTION ( 'NONE',  ( 0.000000000000000000, -0.000000000000000000, 1.000000000000000000 ) ) ;
#2116 = LENGTH_MEASURE_WITH_UNIT ( LENGTH_MEASURE( 0.02539999999999999897 ), #6801 );
#2117 = DIRECTION ( 'NONE',  ( 1.000000000000000000, 0.000000000000000000, 0.000000000000000000 ) ) ;
#2118 = DIRECTION ( 'NONE',  ( 0.9544338947578754340, -5.580238493437923206E-18, -0.2984224196291437869 ) ) ;
#2119 = ORIENTED_EDGE ( 'NONE', *, *, #6043, .T. ) ;
#2120 = DIRECTION ( 'NONE',  ( -0.000000000000000000, -0.000000000000000000, -1.000000000000000000 ) ) ;
#2121 = LINE ( 'NONE', #6262, #3947 ) ;
#2122 = FACE_OUTER_BOUND ( 'NONE', #49, .T. ) ;
#2123 = ADVANCED_FACE ( 'NONE', ( #6074 ), #1435, .F. ) ;
#2124 = VERTEX_POINT ( 'NONE', #1366 ) ;
#2125 = PRESENTATION_STYLE_ASSIGNMENT (( #2625 ) ) ;
#2126 = VECTOR ( 'NONE', #70, 39.37007874015748143 ) ;
#2127 = DIRECTION ( 'NONE',  ( -0.9544338947578754340, -1.168844414212974006E-16, -0.2984224196291437869 ) ) ;
#2128 = FILL_AREA_STYLE ('',( #410 ) ) ;
#2129 = DIRECTION ( 'NONE',  ( 0.000000000000000000, 0.000000000000000000, 1.000000000000000000 ) ) ;
#2130 = ORIENTED_EDGE ( 'NONE', *, *, #4824, .T. ) ;
#2131 =( CONVERSION_BASED_UNIT ( 'INCH', #2973 ) LENGTH_UNIT ( ) NAMED_UNIT ( #1125 ) );
#2132 = FACE_OUTER_BOUND ( 'NONE', #4785, .T. ) ;
#2133 = ORIENTED_EDGE ( 'NONE', *, *, #5852, .F. ) ;
#2134 = DIRECTION ( 'NONE',  ( -1.000000000000000000, 0.000000000000000000, 0.000000000000000000 ) ) ;
#2135 =( NAMED_UNIT ( * ) SI_UNIT ( $, .STERADIAN. ) SOLID_ANGLE_UNIT ( ) );
#2136 = MECHANICAL_DESIGN_GEOMETRIC_PRESENTATION_REPRESENTATION (  '', ( #2037 ), #3525 ) ;
#2137 = CARTESIAN_POINT ( 'NONE',  ( 0.3475231895887351818, 0.3407039768087347098, 0.5532093541201690279 ) ) ;
#2138 =( NAMED_UNIT ( * ) PLANE_ANGLE_UNIT ( ) SI_UNIT ( $, .RADIAN. ) );
#2139 = EDGE_CURVE ( 'NONE', #4088, #2858, #579, .T. ) ;
#2140 = VERTEX_POINT ( 'NONE', #6921 ) ;
#2141 = DIRECTION ( 'NONE',  ( -1.000000000000000000, 0.000000000000000000, 0.000000000000000000 ) ) ;
#2142 = VERTEX_POINT ( 'NONE', #3612 ) ;
#2143 = LINE ( 'NONE', #7148, #1967 ) ;
#2144 = DIRECTION ( 'NONE',  ( -1.000000000000000000, 0.000000000000000000, 0.000000000000000000 ) ) ;
#2145 = ADVANCED_FACE ( 'NONE', ( #2701 ), #3131, .T. ) ;
#2146 = MECHANICAL_DESIGN_GEOMETRIC_PRESENTATION_REPRESENTATION (  '', ( #613 ), #5672 ) ;
#2147 = LENGTH_MEASURE_WITH_UNIT ( LENGTH_MEASURE( 0.02539999999999999897 ), #3150 );
#2148 = ORIENTED_EDGE ( 'NONE', *, *, #7063, .F. ) ;
#2149 = VERTEX_POINT ( 'NONE', #6967 ) ;
#2150 = CARTESIAN_POINT ( 'NONE',  ( 0.09358618171471953795, 0.2068457090921995423, 0.7894298265611140453 ) ) ;
#2151 = UNCERTAINTY_MEASURE_WITH_UNIT (LENGTH_MEASURE( 1.000000000000000082E-05 ), #266, 'distance_accuracy_value', 'NONE');
#2152 = PRESENTATION_LAYER_ASSIGNMENT (  '', '', ( #1765 ) ) ;
#2153 = EDGE_CURVE ( 'NONE', #3245, #4206, #2345, .T. ) ;
#2154 = PLANE ( 'NONE',  #4626 ) ;
#2155 = PRESENTATION_STYLE_ASSIGNMENT (( #4716 ) ) ;
#2156 = PRESENTATION_STYLE_ASSIGNMENT (( #5547 ) ) ;
#2157 = CARTESIAN_POINT ( 'NONE',  ( 0.1177487016884988247, 0.6182630319268449526, 0.5280674471740465226 ) ) ;
#2158 = VERTEX_POINT ( 'NONE', #1957 ) ;
#2159 = ADVANCED_FACE ( 'NONE', ( #4853 ), #6394, .F. ) ;
#2160 = EDGE_CURVE ( 'NONE', #4260, #3395, #2201, .T. ) ;
#2161 =( LENGTH_UNIT ( ) NAMED_UNIT ( * ) SI_UNIT ( $, .METRE. ) );
#2162 = DIRECTION ( 'NONE',  ( 2.710505431213786230E-16, -1.000000000000000000, 0.000000000000000000 ) ) ;
#2163 = SURFACE_SIDE_STYLE ('',( #5576 ) ) ;
#2164 = MECHANICAL_DESIGN_GEOMETRIC_PRESENTATION_REPRESENTATION (  '', ( #2666 ), #2524 ) ;
#2165 = VERTEX_POINT ( 'NONE', #836 ) ;
#2166 = FILL_AREA_STYLE ('',( #4431 ) ) ;
#2167 = SURFACE_STYLE_USAGE ( .BOTH. , #4910 ) ;
#2168 = DIMENSIONAL_EXPONENTS ( 1.000000000000000000, 0.000000000000000000, 0.000000000000000000, 0.000000000000000000, 0.000000000000000000, 0.000000000000000000, 0.000000000000000000 ) ;
#2169 = SURFACE_STYLE_FILL_AREA ( #844 ) ;
#2170 = ORIENTED_EDGE ( 'NONE', *, *, #6885, .F. ) ;
#2171 = DIRECTION ( 'NONE',  ( 0.000000000000000000, 1.000000000000000000, 0.000000000000000000 ) ) ;
#2172 =( NAMED_UNIT ( * ) SI_UNIT ( $, .STERADIAN. ) SOLID_ANGLE_UNIT ( ) );
#2173 = MECHANICAL_DESIGN_GEOMETRIC_PRESENTATION_REPRESENTATION (  '', ( #6485 ), #5267 ) ;
#2174 = CARTESIAN_POINT ( 'NONE',  ( 0.06209011872259351944, 0.1910976775961362728, 0.7894298265611140453 ) ) ;
#2175 = PRESENTATION_STYLE_ASSIGNMENT (( #5018 ) ) ;
#2176 = CARTESIAN_POINT ( 'NONE',  ( 0.3475231895887351818, 0.3092079138166087260, 0.7500597478209566349 ) ) ;
#2177 = STYLED_ITEM ( 'NONE', ( #4690 ), #4002 ) ;
#2178 =( LENGTH_UNIT ( ) NAMED_UNIT ( * ) SI_UNIT ( $, .METRE. ) );
#2179 = CARTESIAN_POINT ( 'NONE',  ( 0.2372869691162943495, -0.03331177122276113983, 0.7894298265611140453 ) ) ;
#2180 = ORIENTED_EDGE ( 'NONE', *, *, #5347, .F. ) ;
#2181 = FILL_AREA_STYLE ('',( #4930 ) ) ;
#2182 = CARTESIAN_POINT ( 'NONE',  ( 0.06209011872259351944, 0.3092079138166087260, 0.8248628974272557146 ) ) ;
#2183 =( CONVERSION_BASED_UNIT ( 'INCH', #3520 ) LENGTH_UNIT ( ) NAMED_UNIT ( #2336 ) );
#2184 = COLOUR_RGB ( '',0.6470588235294117974, 0.6196078431372549211, 0.5882352941176470784 ) ;
#2185 =( GEOMETRIC_REPRESENTATION_CONTEXT ( 3 ) GLOBAL_UNCERTAINTY_ASSIGNED_CONTEXT ( ( #2298 ) ) GLOBAL_UNIT_ASSIGNED_CONTEXT ( ( #164, #219, #5797 ) ) REPRESENTATION_CONTEXT ( 'NONE', 'WORKASPACE' ) );
#2186 = ADVANCED_FACE ( 'NONE', ( #4020 ), #328, .F. ) ;
#2187 = STYLED_ITEM ( 'NONE', ( #2156 ), #5635 ) ;
#2188 = UNCERTAINTY_MEASURE_WITH_UNIT (LENGTH_MEASURE( 1.000000000000000082E-05 ), #4678, 'distance_accuracy_value', 'NONE');
#2189 = UNCERTAINTY_MEASURE_WITH_UNIT (LENGTH_MEASURE( 1.000000000000000082E-05 ), #4048, 'distance_accuracy_value', 'NONE');
#2190 = ORIENTED_EDGE ( 'NONE', *, *, #1009, .T. ) ;
#2191 = LINE ( 'NONE', #3357, #1746 ) ;
#2192 = EDGE_CURVE ( 'NONE', #2525, #1739, #1836, .T. ) ;
#2193 =( CONVERSION_BASED_UNIT ( 'INCH', #2888 ) LENGTH_UNIT ( ) NAMED_UNIT ( #2957 ) );
#2194 = VECTOR ( 'NONE', #6371, 39.37007874015748143 ) ;
#2195 = SURFACE_STYLE_USAGE ( .BOTH. , #1626 ) ;
#2196 = CARTESIAN_POINT ( 'NONE',  ( 0.3475231895887351818, 0.3407039768087347098, 0.7500597478209566349 ) ) ;
#2197 = DIMENSIONAL_EXPONENTS ( 1.000000000000000000, 0.000000000000000000, 0.000000000000000000, 0.000000000000000000, 0.000000000000000000, 0.000000000000000000, 0.000000000000000000 ) ;
#2198 = CARTESIAN_POINT ( 'NONE',  ( 0.1034287013997588905, 0.1064520083047976878, 0.5532093541201690279 ) ) ;
#2199 = EDGE_CURVE ( 'NONE', #4906, #1250, #1049, .T. ) ;
#2200 = AXIS2_PLACEMENT_3D ( 'NONE', #7206, #1135, #543 ) ;
#2201 = CIRCLE ( 'NONE', #2999, 0.03937007874015747977 ) ;
#2202 = FILL_AREA_STYLE_COLOUR ( '', #6616 ) ;
#2203 = UNCERTAINTY_MEASURE_WITH_UNIT (LENGTH_MEASURE( 1.000000000000000082E-05 ), #4702, 'distance_accuracy_value', 'NONE');
#2204 = AXIS2_PLACEMENT_3D ( 'NONE', #1750, #5090, #6721 ) ;
#2205 = PLANE ( 'NONE',  #6922 ) ;
#2206 = FILL_AREA_STYLE ('',( #1018 ) ) ;
#2207 = CARTESIAN_POINT ( 'NONE',  ( 0.06209011872259351944, 0.3092079138166087260, 0.5177762832540273585 ) ) ;
#2208 = ORIENTED_EDGE ( 'NONE', *, *, #3325, .T. ) ;
#2209 = VERTEX_POINT ( 'NONE', #2665 ) ;
#2210 = CARTESIAN_POINT ( 'NONE',  ( 0.06209011872259351944, 0.3092079138166087260, 0.5532093541201690279 ) ) ;
#2211 = PLANE ( 'NONE',  #1805 ) ;
#2212 = SURFACE_STYLE_USAGE ( .BOTH. , #5565 ) ;
#2213 = EDGE_CURVE ( 'NONE', #6923, #2315, #3672, .T. ) ;
#2214 = VECTOR ( 'NONE', #5871, 39.37007874015748143 ) ;
#2215 = PRESENTATION_LAYER_ASSIGNMENT (  '', '', ( #5171 ) ) ;
#2216 = ORIENTED_EDGE ( 'NONE', *, *, #5852, .T. ) ;
#2217 = CARTESIAN_POINT ( 'NONE',  ( 0.2215389376202313021, 0.5533024020055851144, 0.5728943934902478441 ) ) ;
#2218 = ADVANCED_FACE ( 'NONE', ( #6783 ), #5386, .F. ) ;
#2219 = ORIENTED_EDGE ( 'NONE', *, *, #1928, .F. ) ;
#2220 = STYLED_ITEM ( 'NONE', ( #76 ), #3902 ) ;
#2221 = VERTEX_POINT ( 'NONE', #3252 ) ;
#2222 = COLOUR_RGB ( '',0.7803921568627451011, 0.7607843137254901578, 0.7411764705882353255 ) ;
#2223 = VECTOR ( 'NONE', #3554, 39.37007874015748854 ) ;
#2224 = ADVANCED_FACE ( 'NONE', ( #6439 ), #3326, .F. ) ;
#2225 = SURFACE_SIDE_STYLE ('',( #335 ) ) ;
#2226 = ORIENTED_EDGE ( 'NONE', *, *, #5665, .T. ) ;
#2227 =( NAMED_UNIT ( * ) SI_UNIT ( $, .STERADIAN. ) SOLID_ANGLE_UNIT ( ) );
#2228 =( LENGTH_UNIT ( ) NAMED_UNIT ( * ) SI_UNIT ( $, .METRE. ) );
#2229 = SURFACE_STYLE_FILL_AREA ( #3853 ) ;
#2230 = VERTEX_POINT ( 'NONE', #7096 ) ;
#2231 = FILL_AREA_STYLE_COLOUR ( '', #624 ) ;
#2232 = FILL_AREA_STYLE_COLOUR ( '', #1944 ) ;
#2233 = EDGE_CURVE ( 'NONE', #1061, #5648, #163, .T. ) ;
#2234 = EDGE_LOOP ( 'NONE', ( #3012, #3411, #4787, #1921, #6859, #4594 ) ) ;
#2235 = EDGE_CURVE ( 'NONE', #4181, #1739, #5907, .T. ) ;
#2236 = ORIENTED_EDGE ( 'NONE', *, *, #6333, .T. ) ;
#2237 = ORIENTED_EDGE ( 'NONE', *, *, #1030, .T. ) ;
#2238 = EDGE_CURVE ( 'NONE', #707, #3499, #343, .T. ) ;
#2239 = AXIS2_PLACEMENT_3D ( 'NONE', #6486, #936, #453 ) ;
#2240 = EDGE_CURVE ( 'NONE', #773, #385, #172, .T. ) ;
#2241 = ORIENTED_EDGE ( 'NONE', *, *, #4473, .T. ) ;
#2242 = FILL_AREA_STYLE_COLOUR ( '', #6877 ) ;
#2243 = CARTESIAN_POINT ( 'NONE',  ( 0.3475231895887347933, 0.1910976775961362728, 0.7146266769548147435 ) ) ;
#2244 = EDGE_CURVE ( 'NONE', #3662, #3052, #5837, .T. ) ;
#2245 = DIRECTION ( 'NONE',  ( -0.000000000000000000, 0.8944271909999162995, 0.4472135954999568730 ) ) ;
#2246 = CARTESIAN_POINT ( 'NONE',  ( 0.2591150752091239684, 0.5533024020055851144, 0.5846433076488758429 ) ) ;
#2247 =( NAMED_UNIT ( * ) SI_UNIT ( $, .STERADIAN. ) SOLID_ANGLE_UNIT ( ) );
#2248 = MECHANICAL_DESIGN_GEOMETRIC_PRESENTATION_REPRESENTATION (  '', ( #6617 ), #3138 ) ;
#2249 = SURFACE_STYLE_USAGE ( .BOTH. , #1099 ) ;
#2250 = DIRECTION ( 'NONE',  ( -1.000000000000000000, -1.591489427501660608E-16, 0.000000000000000000 ) ) ;
#2251 = ADVANCED_FACE ( 'NONE', ( #1320 ), #4380, .F. ) ;
#2252 = EDGE_CURVE ( 'NONE', #351, #5687, #4102, .T. ) ;
#2253 = STYLED_ITEM ( 'NONE', ( #445 ), #3418 ) ;
#2254 = SURFACE_STYLE_FILL_AREA ( #3761 ) ;
#2255 =( NAMED_UNIT ( * ) SI_UNIT ( $, .STERADIAN. ) SOLID_ANGLE_UNIT ( ) );
#2256 = DIRECTION ( 'NONE',  ( 0.000000000000000000, 0.000000000000000000, 1.000000000000000000 ) ) ;
#2257 = DIMENSIONAL_EXPONENTS ( 1.000000000000000000, 0.000000000000000000, 0.000000000000000000, 0.000000000000000000, 0.000000000000000000, 0.000000000000000000, 0.000000000000000000 ) ;
#2258 = STYLED_ITEM ( 'NONE', ( #4457 ), #383 ) ;
#2259 = SURFACE_STYLE_USAGE ( .BOTH. , #1947 ) ;
#2260 = ORIENTED_EDGE ( 'NONE', *, *, #705, .T. ) ;
#2261 =( NAMED_UNIT ( * ) PLANE_ANGLE_UNIT ( ) SI_UNIT ( $, .RADIAN. ) );
#2262 = STYLED_ITEM ( 'NONE', ( #3907 ), #4854 ) ;
#2263 = VERTEX_POINT ( 'NONE', #1681 ) ;
#2264 = DIRECTION ( 'NONE',  ( -0.000000000000000000, -0.000000000000000000, -1.000000000000000000 ) ) ;
#2265 = CARTESIAN_POINT ( 'NONE',  ( 0.06209011872259351944, 0.3013338980685772439, 0.5532093541201690279 ) ) ;
#2266 = LINE ( 'NONE', #2286, #845 ) ;
#2267 = LENGTH_MEASURE_WITH_UNIT ( LENGTH_MEASURE( 0.02539999999999999897 ), #3015 );
#2268 = ORIENTED_EDGE ( 'NONE', *, *, #2379, .F. ) ;
#2269 = CARTESIAN_POINT ( 'NONE',  ( 0.3475231895887351818, 0.3407039768087347098, 0.5925794328603265493 ) ) ;
#2270 = ORIENTED_EDGE ( 'NONE', *, *, #1726, .F. ) ;
#2271 = CARTESIAN_POINT ( 'NONE',  ( 0.06209011872259351944, 0.1359795673599158150, 0.7894298265611140453 ) ) ;
#2272 =( GEOMETRIC_REPRESENTATION_CONTEXT ( 3 ) GLOBAL_UNCERTAINTY_ASSIGNED_CONTEXT ( ( #3588 ) ) GLOBAL_UNIT_ASSIGNED_CONTEXT ( ( #2045, #2602, #401 ) ) REPRESENTATION_CONTEXT ( 'NONE', 'WORKASPACE' ) );
#2273 =( GEOMETRIC_REPRESENTATION_CONTEXT ( 3 ) GLOBAL_UNCERTAINTY_ASSIGNED_CONTEXT ( ( #4851 ) ) GLOBAL_UNIT_ASSIGNED_CONTEXT ( ( #1515, #2108, #6541 ) ) REPRESENTATION_CONTEXT ( 'NONE', 'WORKASPACE' ) );
#2274 = EDGE_CURVE ( 'NONE', #1255, #4318, #3683, .T. ) ;
#2275 = LINE ( 'NONE', #6278, #5043 ) ;
#2276 = SURFACE_SIDE_STYLE ('',( #2103 ) ) ;
#2277 = ORIENTED_EDGE ( 'NONE', *, *, #5905, .F. ) ;
#2278 = UNCERTAINTY_MEASURE_WITH_UNIT (LENGTH_MEASURE( 1.000000000000000082E-05 ), #5026, 'distance_accuracy_value', 'NONE');
#2279 = CARTESIAN_POINT ( 'NONE',  ( 0.03256255966747541308, 0.09267248074574256644, 0.4744691966398540961 ) ) ;
#2280 = DIRECTION ( 'NONE',  ( 1.000000000000000000, 0.000000000000000000, 0.000000000000000000 ) ) ;
#2281 = SURFACE_STYLE_FILL_AREA ( #5100 ) ;
#2282 = COLOUR_RGB ( '',1.000000000000000000, 1.000000000000000000, 1.000000000000000000 ) ;
#2283 = DIRECTION ( 'NONE',  ( 0.000000000000000000, 0.000000000000000000, 1.000000000000000000 ) ) ;
#2284 = DIRECTION ( 'NONE',  ( -0.000000000000000000, -1.000000000000000000, -0.000000000000000000 ) ) ;
#2285 = ADVANCED_FACE ( 'NONE', ( #1407 ), #4448, .F. ) ;
#2286 = CARTESIAN_POINT ( 'NONE',  ( 0.3475231895887351818, 0.3092079138166087260, 0.7894298265611140453 ) ) ;
#2287 = AXIS2_PLACEMENT_3D ( 'NONE', #6341, #3663, #4176 ) ;
#2288 = VERTEX_POINT ( 'NONE', #7191 ) ;
#2289 = EDGE_CURVE ( 'NONE', #3593, #2302, #5755, .T. ) ;
#2290 = CARTESIAN_POINT ( 'NONE',  ( 0.1014601974627510061, 0.1359795673599158150, 0.5532093541201690279 ) ) ;
#2291 = VECTOR ( 'NONE', #1911, 39.37007874015748143 ) ;
#2292 = LINE ( 'NONE', #6072, #2553 ) ;
#2293 = DIRECTION ( 'NONE',  ( 0.000000000000000000, -0.000000000000000000, 1.000000000000000000 ) ) ;
#2294 = CARTESIAN_POINT ( 'NONE',  ( 0.2215389376202313021, 0.3092079138166087260, 0.5728943934902478441 ) ) ;
#2295 = ORIENTED_EDGE ( 'NONE', *, *, #4846, .T. ) ;
#2296 = LINE ( 'NONE', #5369, #786 ) ;
#2297 = LINE ( 'NONE', #1830, #3942 ) ;
#2298 = UNCERTAINTY_MEASURE_WITH_UNIT (LENGTH_MEASURE( 1.000000000000000082E-05 ), #164, 'distance_accuracy_value', 'NONE');
#2299 = DIRECTION ( 'NONE',  ( 1.000000000000000000, 0.000000000000000000, 0.000000000000000000 ) ) ;
#2300 =( NAMED_UNIT ( * ) SI_UNIT ( $, .STERADIAN. ) SOLID_ANGLE_UNIT ( ) );
#2301 = DIMENSIONAL_EXPONENTS ( 1.000000000000000000, 0.000000000000000000, 0.000000000000000000, 0.000000000000000000, 0.000000000000000000, 0.000000000000000000, 0.000000000000000000 ) ;
#2302 = VERTEX_POINT ( 'NONE', #1636 ) ;
#2303 = CARTESIAN_POINT ( 'NONE',  ( 0.06209011872259351944, 0.1910976775961362728, 0.7500597478209566349 ) ) ;
#2304 = VECTOR ( 'NONE', #5350, 39.37007874015748143 ) ;
#2305 = AXIS2_PLACEMENT_3D ( 'NONE', #2954, #4070, #4606 ) ;
#2306 = VECTOR ( 'NONE', #4531, 39.37007874015748143 ) ;
#2307 = VERTEX_POINT ( 'NONE', #2179 ) ;
#2308 =( CONVERSION_BASED_UNIT ( 'INCH', #5899 ) LENGTH_UNIT ( ) NAMED_UNIT ( #2407 ) );
#2309 = LINE ( 'NONE', #2101, #3959 ) ;
#2310 = VERTEX_POINT ( 'NONE', #3371 ) ;
#2311 = STYLED_ITEM ( 'NONE', ( #5451 ), #4400 ) ;
#2312 = EDGE_LOOP ( 'NONE', ( #6895, #4508, #3028, #5993, #4368, #6172, #5133, #6993, #1318, #6892, #7086, #7167, #6654, #5878 ) ) ;
#2313 = PRESENTATION_STYLE_ASSIGNMENT (( #302 ) ) ;
#2314 = EDGE_LOOP ( 'NONE', ( #6396, #3457, #1317, #2397 ) ) ;
#2315 = VERTEX_POINT ( 'NONE', #5518 ) ;
#2316 = SURFACE_STYLE_USAGE ( .BOTH. , #3497 ) ;
#2317 = SURFACE_SIDE_STYLE ('',( #3763 ) ) ;
#2318 = CARTESIAN_POINT ( 'NONE',  ( 0.06209011872259351944, 0.1359795673599158150, 0.5532093541201690279 ) ) ;
#2319 = DIRECTION ( 'NONE',  ( -0.000000000000000000, 1.000000000000000000, -0.000000000000000000 ) ) ;
#2320 = VECTOR ( 'NONE', #314, 39.37007874015748143 ) ;
#2321 = FILL_AREA_STYLE_COLOUR ( '', #5457 ) ;
#2322 =( LENGTH_UNIT ( ) NAMED_UNIT ( * ) SI_UNIT ( $, .METRE. ) );
#2323 = ORIENTED_EDGE ( 'NONE', *, *, #3874, .T. ) ;
#2324 = MECHANICAL_DESIGN_GEOMETRIC_PRESENTATION_REPRESENTATION (  '', ( #843 ), #1706 ) ;
#2325 = CARTESIAN_POINT ( 'NONE',  ( 0.1329562604548769900, -0.03331177122276113983, 0.7894298265611140453 ) ) ;
#2326 = DIRECTION ( 'NONE',  ( 0.000000000000000000, -0.000000000000000000, -1.000000000000000000 ) ) ;
#2327 = CARTESIAN_POINT ( 'NONE',  ( 0.2057909061241683379, -0.03331177122276107738, 0.5532093541201690279 ) ) ;
#2328 = ORIENTED_EDGE ( 'NONE', *, *, #5925, .T. ) ;
#2329 = ADVANCED_FACE ( 'NONE', ( #2633 ), #1586, .F. ) ;
#2330 = LINE ( 'NONE', #1062, #6667 ) ;
#2331 = SURFACE_STYLE_USAGE ( .BOTH. , #7154 ) ;
#2332 = EDGE_CURVE ( 'NONE', #6368, #5173, #3412, .T. ) ;
#2333 = MECHANICAL_DESIGN_GEOMETRIC_PRESENTATION_REPRESENTATION (  '', ( #576 ), #2060 ) ;
#2334 = ORIENTED_EDGE ( 'NONE', *, *, #4557, .T. ) ;
#2335 = STYLED_ITEM ( 'NONE', ( #1206 ), #1184 ) ;
#2336 = DIMENSIONAL_EXPONENTS ( 1.000000000000000000, 0.000000000000000000, 0.000000000000000000, 0.000000000000000000, 0.000000000000000000, 0.000000000000000000, 0.000000000000000000 ) ;
#2337 = LINE ( 'NONE', #1044, #4418 ) ;
#2338 = DIRECTION ( 'NONE',  ( 0.000000000000000000, -1.000000000000000000, 0.000000000000000000 ) ) ;
#2339 = CARTESIAN_POINT ( 'NONE',  ( 0.1329562604548769900, 0.09267248074574256644, 0.7500597478209566349 ) ) ;
#2340 = EDGE_CURVE ( 'NONE', #1250, #4919, #2360, .T. ) ;
#2341 = VECTOR ( 'NONE', #2134, 39.37007874015748143 ) ;
#2342 = AXIS2_PLACEMENT_3D ( 'NONE', #1892, #6838, #195 ) ;
#2343 = DIRECTION ( 'NONE',  ( 0.000000000000000000, 0.000000000000000000, 1.000000000000000000 ) ) ;
#2344 = CARTESIAN_POINT ( 'NONE',  ( 0.06209011872259351944, 0.3407039768087347098, 0.7894298265611140453 ) ) ;
#2345 = LINE ( 'NONE', #2495, #4427 ) ;
#2346 = SURFACE_STYLE_USAGE ( .BOTH. , #5667 ) ;
#2347 = ORIENTED_EDGE ( 'NONE', *, *, #1340, .F. ) ;
#2348 = LENGTH_MEASURE_WITH_UNIT ( LENGTH_MEASURE( 0.02539999999999999897 ), #4204 );
#2349 = CARTESIAN_POINT ( 'NONE',  ( 0.06209011872259351944, 0.3092079138166087260, 0.5177762832540273585 ) ) ;
#2350 = AXIS2_PLACEMENT_3D ( 'NONE', #5906, #977, #4868 ) ;
#2351 = VERTEX_POINT ( 'NONE', #4973 ) ;
#2352 = FILL_AREA_STYLE ('',( #3468 ) ) ;
#2353 = LINE ( 'NONE', #7139, #2720 ) ;
#2354 = UNCERTAINTY_MEASURE_WITH_UNIT (LENGTH_MEASURE( 1.000000000000000082E-05 ), #5910, 'distance_accuracy_value', 'NONE');
#2355 = AXIS2_PLACEMENT_3D ( 'NONE', #2988, #5121, #4094 ) ;
#2356 = LENGTH_MEASURE_WITH_UNIT ( LENGTH_MEASURE( 0.02539999999999999897 ), #5503 );
#2357 = EDGE_CURVE ( 'NONE', #2812, #1058, #6352, .T. ) ;
#2358 = DIRECTION ( 'NONE',  ( 0.000000000000000000, -1.000000000000000000, 0.000000000000000000 ) ) ;
#2359 = EDGE_CURVE ( 'NONE', #4399, #4377, #3328, .T. ) ;
#2360 = CIRCLE ( 'NONE', #1308, 0.03937007874015747977 ) ;
#2361 = DIRECTION ( 'NONE',  ( -1.000000000000000000, 0.000000000000000000, 0.000000000000000000 ) ) ;
#2362 = SURFACE_STYLE_USAGE ( .BOTH. , #5664 ) ;
#2363 = PRESENTATION_STYLE_ASSIGNMENT (( #2806 ) ) ;
#2364 = DIMENSIONAL_EXPONENTS ( 1.000000000000000000, 0.000000000000000000, 0.000000000000000000, 0.000000000000000000, 0.000000000000000000, 0.000000000000000000, 0.000000000000000000 ) ;
#2365 = LENGTH_MEASURE_WITH_UNIT ( LENGTH_MEASURE( 0.02539999999999999897 ), #402 );
#2366 = AXIS2_PLACEMENT_3D ( 'NONE', #1561, #3280, #15 ) ;
#2367 = UNCERTAINTY_MEASURE_WITH_UNIT (LENGTH_MEASURE( 1.000000000000000082E-05 ), #4374, 'distance_accuracy_value', 'NONE');
#2368 = VERTEX_POINT ( 'NONE', #1704 ) ;
#2369 = DIRECTION ( 'NONE',  ( -0.000000000000000000, 1.000000000000000000, -0.000000000000000000 ) ) ;
#2370 = ORIENTED_EDGE ( 'NONE', *, *, #1709, .F. ) ;
#2371 = SURFACE_STYLE_FILL_AREA ( #1043 ) ;
#2372 = FACE_OUTER_BOUND ( 'NONE', #2404, .T. ) ;
#2373 = DIMENSIONAL_EXPONENTS ( 1.000000000000000000, 0.000000000000000000, 0.000000000000000000, 0.000000000000000000, 0.000000000000000000, 0.000000000000000000, 0.000000000000000000 ) ;
#2374 = VECTOR ( 'NONE', #4106, 39.37007874015748143 ) ;
#2375 = CARTESIAN_POINT ( 'NONE',  ( 0.09358618171471951019, 0.2698378350764509270, 0.5532093541201690279 ) ) ;
#2376 = SURFACE_STYLE_USAGE ( .BOTH. , #4486 ) ;
#2377 = ORIENTED_EDGE ( 'NONE', *, *, #2009, .F. ) ;
#2378 = SURFACE_SIDE_STYLE ('',( #5397 ) ) ;
#2379 = EDGE_CURVE ( 'NONE', #5796, #4260, #2113, .T. ) ;
#2380 = PRESENTATION_STYLE_ASSIGNMENT (( #326 ) ) ;
#2381 = CARTESIAN_POINT ( 'NONE',  ( 0.1309502551813970517, 0.6753496461000733087, 0.4744691966398540961 ) ) ;
#2382 = AXIS2_PLACEMENT_3D ( 'NONE', #6792, #6771, #5134 ) ;
#2383 =( LENGTH_UNIT ( ) NAMED_UNIT ( * ) SI_UNIT ( $, .METRE. ) );
#2384 = VERTEX_POINT ( 'NONE', #676 ) ;
#2385 = PRESENTATION_LAYER_ASSIGNMENT (  '', '', ( #1638 ) ) ;
#2386 = SURFACE_SIDE_STYLE ('',( #18 ) ) ;
#2387 = SURFACE_SIDE_STYLE ('',( #6255 ) ) ;
#2388 = SURFACE_STYLE_FILL_AREA ( #1516 ) ;
#2389 = VERTEX_POINT ( 'NONE', #5588 ) ;
#2390 = FILL_AREA_STYLE ('',( #5213 ) ) ;
#2391 = CARTESIAN_POINT ( 'NONE',  ( 0.1014601974627510061, 0.3013338980685772439, 0.5532093541201690279 ) ) ;
#2392 =( CONVERSION_BASED_UNIT ( 'INCH', #1231 ) LENGTH_UNIT ( ) NAMED_UNIT ( #6764 ) );
#2393 = EDGE_CURVE ( 'NONE', #4667, #4807, #6440, .T. ) ;
#2394 = DIRECTION ( 'NONE',  ( -0.000000000000000000, -0.000000000000000000, -1.000000000000000000 ) ) ;
#2395 = STYLED_ITEM ( 'NONE', ( #3687 ), #3289 ) ;
#2396 =( NAMED_UNIT ( * ) PLANE_ANGLE_UNIT ( ) SI_UNIT ( $, .RADIAN. ) );
#2397 = ORIENTED_EDGE ( 'NONE', *, *, #5068, .F. ) ;
#2398 = ORIENTED_EDGE ( 'NONE', *, *, #5960, .T. ) ;
#2399 = DIRECTION ( 'NONE',  ( -1.000000000000000000, -0.000000000000000000, -0.000000000000000000 ) ) ;
#2400 = CARTESIAN_POINT ( 'NONE',  ( 0.3475231895887351818, 0.3092079138166087260, 0.5925794328603265493 ) ) ;
#2401 = SURFACE_STYLE_FILL_AREA ( #3308 ) ;
#2402 = CIRCLE ( 'NONE', #6607, 0.07480314960629917687 ) ;
#2403 = ORIENTED_EDGE ( 'NONE', *, *, #7173, .T. ) ;
#2404 = EDGE_LOOP ( 'NONE', ( #3425, #2403, #6001, #6411, #4085, #4786 ) ) ;
#2405 = UNCERTAINTY_MEASURE_WITH_UNIT (LENGTH_MEASURE( 1.000000000000000082E-05 ), #6226, 'distance_accuracy_value', 'NONE');
#2406 =( NAMED_UNIT ( * ) PLANE_ANGLE_UNIT ( ) SI_UNIT ( $, .RADIAN. ) );
#2407 = DIMENSIONAL_EXPONENTS ( 1.000000000000000000, 0.000000000000000000, 0.000000000000000000, 0.000000000000000000, 0.000000000000000000, 0.000000000000000000, 0.000000000000000000 ) ;
#2408 = MECHANICAL_DESIGN_GEOMETRIC_PRESENTATION_REPRESENTATION (  '', ( #1651 ), #6492 ) ;
#2409 = VERTEX_POINT ( 'NONE', #5111 ) ;
#2410 =( NAMED_UNIT ( * ) PLANE_ANGLE_UNIT ( ) SI_UNIT ( $, .RADIAN. ) );
#2411 = FILL_AREA_STYLE_COLOUR ( '', #3070 ) ;
#2412 = FILL_AREA_STYLE_COLOUR ( '', #5591 ) ;
#2413 = DIRECTION ( 'NONE',  ( -1.000000000000000000, -2.710505431213786230E-16, 0.000000000000000000 ) ) ;
#2414 = PRESENTATION_STYLE_ASSIGNMENT (( #5482 ) ) ;
#2415 = STYLED_ITEM ( 'NONE', ( #686 ), #515 ) ;
#2416 = ORIENTED_EDGE ( 'NONE', *, *, #3594, .T. ) ;
#2417 = AXIS2_PLACEMENT_3D ( 'NONE', #780, #3006, #1310 ) ;
#2418 = CARTESIAN_POINT ( 'NONE',  ( 0.02468854391944393101, 0.4395663694583710757, 0.4744691966398540961 ) ) ;
#2419 =( NAMED_UNIT ( * ) PLANE_ANGLE_UNIT ( ) SI_UNIT ( $, .RADIAN. ) );
#2420 = DIRECTION ( 'NONE',  ( 0.000000000000000000, 1.000000000000000000, 0.000000000000000000 ) ) ;
#2421 = UNCERTAINTY_MEASURE_WITH_UNIT (LENGTH_MEASURE( 1.000000000000000082E-05 ), #4386, 'distance_accuracy_value', 'NONE');
#2422 = LINE ( 'NONE', #6936, #928 ) ;
#2423 = DIRECTION ( 'NONE',  ( 0.000000000000000000, 1.000000000000000000, 0.000000000000000000 ) ) ;
#2424 = CIRCLE ( 'NONE', #6357, 0.03937007874015752140 ) ;
#2425 = FILL_AREA_STYLE_COLOUR ( '', #5562 ) ;
#2426 = SURFACE_STYLE_FILL_AREA ( #4578 ) ;
#2427 = AXIS2_PLACEMENT_3D ( 'NONE', #3734, #3834, #5515 ) ;
#2428 = STYLED_ITEM ( 'NONE', ( #4234 ), #1554 ) ;
#2429 = FACE_OUTER_BOUND ( 'NONE', #5473, .T. ) ;
#2430 = CARTESIAN_POINT ( 'NONE',  ( 0.3111794497628561085, 0.6950346854701520138, 0.8681699840414289771 ) ) ;
#2431 = DIRECTION ( 'NONE',  ( -0.9544338947578755450, 0.000000000000000000, -0.2984224196291434539 ) ) ;
#2432 = SURFACE_STYLE_FILL_AREA ( #6927 ) ;
#2433 = CARTESIAN_POINT ( 'NONE',  ( 0.1014601974627510061, 0.3013338980685772439, 0.5532093541201690279 ) ) ;
#2434 = DIRECTION ( 'NONE',  ( -2.710505431213786230E-16, 1.000000000000000000, 0.000000000000000000 ) ) ;
#2435 = EDGE_CURVE ( 'NONE', #296, #585, #3586, .T. ) ;
#2436 = EDGE_CURVE ( 'NONE', #4570, #3869, #959, .T. ) ;
#2437 = AXIS2_PLACEMENT_3D ( 'NONE', #3544, #5179, #6265 ) ;
#2438 = VERTEX_POINT ( 'NONE', #6230 ) ;
#2439 =( LENGTH_UNIT ( ) NAMED_UNIT ( * ) SI_UNIT ( $, .METRE. ) );
#2440 = SURFACE_STYLE_USAGE ( .BOTH. , #6307 ) ;
#2441 = SURFACE_STYLE_USAGE ( .BOTH. , #1886 ) ;
#2442 = DIMENSIONAL_EXPONENTS ( 1.000000000000000000, 0.000000000000000000, 0.000000000000000000, 0.000000000000000000, 0.000000000000000000, 0.000000000000000000, 0.000000000000000000 ) ;
#2443 = CARTESIAN_POINT ( 'NONE',  ( 0.1329562604548769900, 0.2698378350764512046, 0.5532093541201690279 ) ) ;
#2444 = ORIENTED_EDGE ( 'NONE', *, *, #4956, .F. ) ;
#2445 = SURFACE_STYLE_USAGE ( .BOTH. , #190 ) ;
#2446 = EDGE_LOOP ( 'NONE', ( #5812, #3360, #4941, #1771, #4393, #5836, #2684, #5956, #7214, #2277, #2347, #427, #6120, #2769, #2180, #1432 ) ) ;
#2447 = DIRECTION ( 'NONE',  ( -1.224646799147353454E-16, 1.000000000000000000, -1.848892746611746419E-32 ) ) ;
#2448 =( GEOMETRIC_REPRESENTATION_CONTEXT ( 3 ) GLOBAL_UNCERTAINTY_ASSIGNED_CONTEXT ( ( #3708 ) ) GLOBAL_UNIT_ASSIGNED_CONTEXT ( ( #4474, #1138, #3410 ) ) REPRESENTATION_CONTEXT ( 'NONE', 'WORKASPACE' ) );
#2449 = DIRECTION ( 'NONE',  ( 0.9544338947578754340, 1.168844414212974006E-16, 0.2984224196291437869 ) ) ;
#2450 = SURFACE_STYLE_USAGE ( .BOTH. , #5742 ) ;
#2451 = COLOUR_RGB ( '',0.7803921568627451011, 0.7607843137254901578, 0.7411764705882353255 ) ;
#2452 = LINE ( 'NONE', #5668, #6694 ) ;
#2453 = DIRECTION ( 'NONE',  ( -0.000000000000000000, -0.000000000000000000, -1.000000000000000000 ) ) ;
#2454 = COLOUR_RGB ( '',1.000000000000000000, 1.000000000000000000, 1.000000000000000000 ) ;
#2455 = EDGE_LOOP ( 'NONE', ( #2691, #6207, #691, #1352 ) ) ;
#2456 = FILL_AREA_STYLE ('',( #1332 ) ) ;
#2457 = ORIENTED_EDGE ( 'NONE', *, *, #366, .T. ) ;
#2458 = DIRECTION ( 'NONE',  ( -1.000000000000000000, -0.000000000000000000, 0.000000000000000000 ) ) ;
#2459 = MECHANICAL_DESIGN_GEOMETRIC_PRESENTATION_REPRESENTATION (  '', ( #1191 ), #2971 ) ;
#2460 = DIRECTION ( 'NONE',  ( 0.000000000000000000, 1.000000000000000000, 0.000000000000000000 ) ) ;
#2461 = LENGTH_MEASURE_WITH_UNIT ( LENGTH_MEASURE( 0.02539999999999999897 ), #2383 );
#2462 = MECHANICAL_DESIGN_GEOMETRIC_PRESENTATION_REPRESENTATION (  '', ( #2975 ), #2851 ) ;
#2463 = EDGE_LOOP ( 'NONE', ( #6286, #2911, #16, #3258 ) ) ;
#2464 = DIRECTION ( 'NONE',  ( 0.000000000000000000, 0.000000000000000000, 1.000000000000000000 ) ) ;
#2465 = DIRECTION ( 'NONE',  ( 0.000000000000000000, 0.000000000000000000, 1.000000000000000000 ) ) ;
#2466 = SURFACE_STYLE_USAGE ( .BOTH. , #1909 ) ;
#2467 = PRESENTATION_STYLE_ASSIGNMENT (( #5943 ) ) ;
#2468 = EDGE_CURVE ( 'NONE', #3052, #1494, #597, .T. ) ;
#2469 = STYLED_ITEM ( 'NONE', ( #3887 ), #6651 ) ;
#2470 = LINE ( 'NONE', #3031, #3783 ) ;
#2471 = DIRECTION ( 'NONE',  ( -0.000000000000000000, -1.000000000000000000, -0.000000000000000000 ) ) ;
#2472 = SURFACE_STYLE_USAGE ( .BOTH. , #4203 ) ;
#2473 = ORIENTED_EDGE ( 'NONE', *, *, #5431, .T. ) ;
#2474 = DIRECTION ( 'NONE',  ( -0.000000000000000000, -0.000000000000000000, 1.000000000000000000 ) ) ;
#2475 = CARTESIAN_POINT ( 'NONE',  ( 0.3475231895887345157, 0.3092079138166087260, 0.7146266769548147435 ) ) ;
#2476 = PRESENTATION_STYLE_ASSIGNMENT (( #6595 ) ) ;
#2477 = ORIENTED_EDGE ( 'NONE', *, *, #4280, .T. ) ;
#2478 = DIMENSIONAL_EXPONENTS ( 1.000000000000000000, 0.000000000000000000, 0.000000000000000000, 0.000000000000000000, 0.000000000000000000, 0.000000000000000000, 0.000000000000000000 ) ;
#2479 =( CONVERSION_BASED_UNIT ( 'INCH', #5274 ) LENGTH_UNIT ( ) NAMED_UNIT ( #1970 ) );
#2480 = DIRECTION ( 'NONE',  ( -0.9544338947578754340, -1.168844414212973759E-16, 0.2984224196291437869 ) ) ;
#2481 = AXIS2_PLACEMENT_3D ( 'NONE', #234, #812, #1912 ) ;
#2482 = FACE_OUTER_BOUND ( 'NONE', #1413, .T. ) ;
#2483 = FILL_AREA_STYLE ('',( #4658 ) ) ;
#2484 = PRESENTATION_STYLE_ASSIGNMENT (( #6166 ) ) ;
#2485 = ORIENTED_EDGE ( 'NONE', *, *, #1194, .F. ) ;
#2486 =( LENGTH_UNIT ( ) NAMED_UNIT ( * ) SI_UNIT ( $, .METRE. ) );
#2487 = ORIENTED_EDGE ( 'NONE', *, *, #1030, .F. ) ;
#2488 = VERTEX_POINT ( 'NONE', #3995 ) ;
#2489 = VERTEX_POINT ( 'NONE', #2840 ) ;
#2490 =( NAMED_UNIT ( * ) PLANE_ANGLE_UNIT ( ) SI_UNIT ( $, .RADIAN. ) );
#2491 =( NAMED_UNIT ( * ) PLANE_ANGLE_UNIT ( ) SI_UNIT ( $, .RADIAN. ) );
#2492 = FILL_AREA_STYLE_COLOUR ( '', #6361 ) ;
#2493 = STYLED_ITEM ( 'NONE', ( #2363 ), #3467 ) ;
#2494 = VECTOR ( 'NONE', #259, 39.37007874015748143 ) ;
#2495 = CARTESIAN_POINT ( 'NONE',  ( 0.3475231895887351818, 0.3092079138166087260, 0.5532093541201690279 ) ) ;
#2496 = ORIENTED_EDGE ( 'NONE', *, *, #3556, .F. ) ;
#2497 = MANIFOLD_SOLID_BREP ( 'KRE 02 Body-1-solid2', #5491 ) ;
#2498 = DIRECTION ( 'NONE',  ( -1.224646799147353207E-16, 1.000000000000000000, -3.697785493223492838E-32 ) ) ;
#2499 =( CONVERSION_BASED_UNIT ( 'INCH', #38 ) LENGTH_UNIT ( ) NAMED_UNIT ( #5201 ) );
#2500 = SURFACE_STYLE_USAGE ( .BOTH. , #1350 ) ;
#2501 = ORIENTED_EDGE ( 'NONE', *, *, #724, .T. ) ;
#2502 = PRESENTATION_LAYER_ASSIGNMENT (  '', '', ( #2037 ) ) ;
#2503 = PRESENTATION_STYLE_ASSIGNMENT (( #312 ) ) ;
#2504 = DIRECTION ( 'NONE',  ( 1.224646799147353207E-16, -1.000000000000000000, 3.697785493223492838E-32 ) ) ;
#2505 = FACE_OUTER_BOUND ( 'NONE', #3693, .T. ) ;
#2506 = SURFACE_SIDE_STYLE ('',( #4358 ) ) ;
#2507 = EDGE_CURVE ( 'NONE', #3017, #6923, #4521, .T. ) ;
#2508 = EDGE_LOOP ( 'NONE', ( #3227, #6149, #4797, #6114 ) ) ;
#2509 = SURFACE_SIDE_STYLE ('',( #6645 ) ) ;
#2510 = CARTESIAN_POINT ( 'NONE',  ( 0.2372869691162943495, -0.06480783421488736651, 0.7500597478209566349 ) ) ;
#2511 = FACE_OUTER_BOUND ( 'NONE', #5618, .T. ) ;
#2512 = FACE_BOUND ( 'NONE', #6529, .T. ) ;
#2513 = AXIS2_PLACEMENT_3D ( 'NONE', #6136, #5025, #6593 ) ;
#2514 =( GEOMETRIC_REPRESENTATION_CONTEXT ( 3 ) GLOBAL_UNCERTAINTY_ASSIGNED_CONTEXT ( ( #741 ) ) GLOBAL_UNIT_ASSIGNED_CONTEXT ( ( #4197, #7012, #2030 ) ) REPRESENTATION_CONTEXT ( 'NONE', 'WORKASPACE' ) );
#2515 = FILL_AREA_STYLE ('',( #4707 ) ) ;
#2516 = DIMENSIONAL_EXPONENTS ( 1.000000000000000000, 0.000000000000000000, 0.000000000000000000, 0.000000000000000000, 0.000000000000000000, 0.000000000000000000, 0.000000000000000000 ) ;
#2517 =( NAMED_UNIT ( * ) SI_UNIT ( $, .STERADIAN. ) SOLID_ANGLE_UNIT ( ) );
#2518 = SURFACE_STYLE_USAGE ( .BOTH. , #787 ) ;
#2519 = DIRECTION ( 'NONE',  ( -1.224646799147353454E-16, 1.000000000000000000, 2.465190328815661892E-32 ) ) ;
#2520 = DIRECTION ( 'NONE',  ( 0.000000000000000000, -1.000000000000000000, 0.000000000000000000 ) ) ;
#2521 = DIMENSIONAL_EXPONENTS ( 1.000000000000000000, 0.000000000000000000, 0.000000000000000000, 0.000000000000000000, 0.000000000000000000, 0.000000000000000000, 0.000000000000000000 ) ;
#2522 = CARTESIAN_POINT ( 'NONE',  ( 0.4006727958879479079, 0.4430661815331417563, 0.4744691966398540961 ) ) ;
#2523 = DIRECTION ( 'NONE',  ( -1.224646799147353454E-16, 1.000000000000000000, -1.848892746611746419E-32 ) ) ;
#2524 =( GEOMETRIC_REPRESENTATION_CONTEXT ( 3 ) GLOBAL_UNCERTAINTY_ASSIGNED_CONTEXT ( ( #5919 ) ) GLOBAL_UNIT_ASSIGNED_CONTEXT ( ( #5505, #4302, #7134 ) ) REPRESENTATION_CONTEXT ( 'NONE', 'WORKASPACE' ) );
#2525 = VERTEX_POINT ( 'NONE', #6700 ) ;
#2526 = COLOUR_RGB ( '',1.000000000000000000, 1.000000000000000000, 1.000000000000000000 ) ;
#2527 = MECHANICAL_DESIGN_GEOMETRIC_PRESENTATION_REPRESENTATION (  '', ( #2866 ), #3235 ) ;
#2528 = FILL_AREA_STYLE_COLOUR ( '', #825 ) ;
#2529 = CARTESIAN_POINT ( 'NONE',  ( 0.2372869691162943495, -0.06480783421488736651, 0.5532093541201690279 ) ) ;
#2530 = PRESENTATION_STYLE_ASSIGNMENT (( #2039 ) ) ;
#2531 = CARTESIAN_POINT ( 'NONE',  ( 0.2215389376202313021, 0.6950346854701520138, 0.7697447871910352291 ) ) ;
#2532 = PLANE ( 'NONE',  #6509 ) ;
#2533 = EDGE_LOOP ( 'NONE', ( #486, #3728, #6519, #7128 ) ) ;
#2534 = FACE_OUTER_BOUND ( 'NONE', #5114, .T. ) ;
#2535 =( NAMED_UNIT ( * ) PLANE_ANGLE_UNIT ( ) SI_UNIT ( $, .RADIAN. ) );
#2536 = EDGE_CURVE ( 'NONE', #4330, #5415, #6784, .T. ) ;
#2537 =( GEOMETRIC_REPRESENTATION_CONTEXT ( 3 ) GLOBAL_UNCERTAINTY_ASSIGNED_CONTEXT ( ( #5749 ) ) GLOBAL_UNIT_ASSIGNED_CONTEXT ( ( #14, #4433, #3414 ) ) REPRESENTATION_CONTEXT ( 'NONE', 'WORKASPACE' ) );
#2538 =( NAMED_UNIT ( * ) PLANE_ANGLE_UNIT ( ) SI_UNIT ( $, .RADIAN. ) );
#2539 = PRESENTATION_STYLE_ASSIGNMENT (( #536 ) ) ;
#2540 = FILL_AREA_STYLE ('',( #2492 ) ) ;
#2541 = FILL_AREA_STYLE ('',( #6438 ) ) ;
#2542 = CARTESIAN_POINT ( 'NONE',  ( 0.2372869691162943495, -0.06480783421488736651, 0.7736817950650509701 ) ) ;
#2543 = MECHANICAL_DESIGN_GEOMETRIC_PRESENTATION_REPRESENTATION (  '', ( #4757 ), #3304 ) ;
#2545 = LINE ( 'NONE', #1248, #2898 ) ;
#2544 = LENGTH_MEASURE_WITH_UNIT ( LENGTH_MEASURE( 0.02539999999999999897 ), #1551 );
#2546 =( CONVERSION_BASED_UNIT ( 'INCH', #5645 ) LENGTH_UNIT ( ) NAMED_UNIT ( #6878 ) );
#2547 = PRESENTATION_STYLE_ASSIGNMENT (( #55 ) ) ;
#2548 = ORIENTED_EDGE ( 'NONE', *, *, #911, .F. ) ;
#2549 = ORIENTED_EDGE ( 'NONE', *, *, #4390, .T. ) ;
#2550 = PRESENTATION_STYLE_ASSIGNMENT (( #6965 ) ) ;
#2551 = LINE ( 'NONE', #3490, #7054 ) ;
#2552 = PLANE ( 'NONE',  #1461 ) ;
#2553 = VECTOR ( 'NONE', #2782, 39.37007874015748143 ) ;
#2554 = LENGTH_MEASURE_WITH_UNIT ( LENGTH_MEASURE( 0.02539999999999999897 ), #5365 );
#2555 = CARTESIAN_POINT ( 'NONE',  ( 0.3475231895887351818, 0.3407039768087347098, 0.7894298265611140453 ) ) ;
#2556 = CIRCLE ( 'NONE', #2838, 0.04724409448818896184 ) ;
#2557 = STYLED_ITEM ( 'NONE', ( #689 ), #899 ) ;
#2558 = FILL_AREA_STYLE_COLOUR ( '', #2908 ) ;
#2559 = AXIS2_PLACEMENT_3D ( 'NONE', #6183, #4497, #6231 ) ;
#2560 = EDGE_CURVE ( 'NONE', #6884, #120, #774, .T. ) ;
#2561 = LINE ( 'NONE', #5887, #1076 ) ;
#2562 = COLOUR_RGB ( '',1.000000000000000000, 1.000000000000000000, 1.000000000000000000 ) ;
#2563 = FILL_AREA_STYLE_COLOUR ( '', #6113 ) ;
#2564 = CARTESIAN_POINT ( 'NONE',  ( 0.1785912521295395516, 0.2973968901945615029, 0.5532093541201690279 ) ) ;
#2565 = DIRECTION ( 'NONE',  ( 0.000000000000000000, 0.000000000000000000, 1.000000000000000000 ) ) ;
#2566 = AXIS2_PLACEMENT_3D ( 'NONE', #4564, #5767, #5686 ) ;
#2567 = VERTEX_POINT ( 'NONE', #3455 ) ;
#2568 = AXIS2_PLACEMENT_3D ( 'NONE', #5041, #4507, #3385 ) ;
#2569 = FILL_AREA_STYLE_COLOUR ( '', #2698 ) ;
#2570 = FILL_AREA_STYLE ('',( #6367 ) ) ;
#2571 = FILL_AREA_STYLE ('',( #1414 ) ) ;
#2572 = CARTESIAN_POINT ( 'NONE',  ( 0.2955626950439139700, 0.6182630319268449526, 0.7589747116155266538 ) ) ;
#2573 = LINE ( 'NONE', #381, #1087 ) ;
#2574 = VERTEX_POINT ( 'NONE', #101 ) ;
#2575 = ORIENTED_EDGE ( 'NONE', *, *, #5706, .F. ) ;
#2576 = ORIENTED_EDGE ( 'NONE', *, *, #6135, .T. ) ;
#2577 = FILL_AREA_STYLE_COLOUR ( '', #3118 ) ;
#2578 = EDGE_CURVE ( 'NONE', #6831, #1094, #4701, .T. ) ;
#2579 = CARTESIAN_POINT ( 'NONE',  ( 0.2215389376202313021, 0.6950346854701520138, 0.6949416375847360383 ) ) ;
#2580 = FACE_OUTER_BOUND ( 'NONE', #1795, .T. ) ;
#2581 = CARTESIAN_POINT ( 'NONE',  ( 0.1329562604548769900, 0.2068457090921992647, 0.7500597478209566349 ) ) ;
#2582 = MECHANICAL_DESIGN_GEOMETRIC_PRESENTATION_REPRESENTATION (  '', ( #5908 ), #4795 ) ;
#2583 = EDGE_LOOP ( 'NONE', ( #2576, #7072, #814, #2927 ) ) ;
#2584 = CARTESIAN_POINT ( 'NONE',  ( 0.2215389376202312466, 0.5985779925567662474, 0.5728943934902481772 ) ) ;
#2585 = EDGE_LOOP ( 'NONE', ( #4107, #1260, #6435, #5238 ) ) ;
#2586 =( LENGTH_UNIT ( ) NAMED_UNIT ( * ) SI_UNIT ( $, .METRE. ) );
#2587 = SURFACE_SIDE_STYLE ('',( #4031 ) ) ;
#2588 = PRESENTATION_LAYER_ASSIGNMENT (  '', '', ( #1091 ) ) ;
#2589 = PRESENTATION_STYLE_ASSIGNMENT (( #7129 ) ) ;
#2590 = DIRECTION ( 'NONE',  ( 1.000000000000000000, 1.591489427501660608E-16, -0.000000000000000000 ) ) ;
#2591 = ORIENTED_EDGE ( 'NONE', *, *, #3556, .T. ) ;
#2592 = DIRECTION ( 'NONE',  ( -0.000000000000000000, -0.000000000000000000, 1.000000000000000000 ) ) ;
#2593 = DIRECTION ( 'NONE',  ( -0.000000000000000000, -1.000000000000000000, -0.000000000000000000 ) ) ;
#2594 = DIRECTION ( 'NONE',  ( -0.000000000000000000, -0.000000000000000000, 1.000000000000000000 ) ) ;
#2595 = DIMENSIONAL_EXPONENTS ( 1.000000000000000000, 0.000000000000000000, 0.000000000000000000, 0.000000000000000000, 0.000000000000000000, 0.000000000000000000, 0.000000000000000000 ) ;
#2596 = UNCERTAINTY_MEASURE_WITH_UNIT (LENGTH_MEASURE( 1.000000000000000082E-05 ), #5512, 'distance_accuracy_value', 'NONE');
#2597 = UNCERTAINTY_MEASURE_WITH_UNIT (LENGTH_MEASURE( 1.000000000000000082E-05 ), #4920, 'distance_accuracy_value', 'NONE');
#2598 = PRESENTATION_LAYER_ASSIGNMENT (  '', '', ( #843 ) ) ;
#2599 = EDGE_CURVE ( 'NONE', #1061, #5243, #1838, .T. ) ;
#2600 = DIRECTION ( 'NONE',  ( 0.000000000000000000, 1.000000000000000000, 0.000000000000000000 ) ) ;
#2601 = FACE_OUTER_BOUND ( 'NONE', #5247, .T. ) ;
#2602 =( NAMED_UNIT ( * ) PLANE_ANGLE_UNIT ( ) SI_UNIT ( $, .RADIAN. ) );
#2603 =( NAMED_UNIT ( * ) PLANE_ANGLE_UNIT ( ) SI_UNIT ( $, .RADIAN. ) );
#2604 = CARTESIAN_POINT ( 'NONE',  ( 0.2057909061241683379, -0.06480783421488736651, 0.7736817950650509701 ) ) ;
#2605 = DIRECTION ( 'NONE',  ( 1.000000000000000000, 0.000000000000000000, 0.000000000000000000 ) ) ;
#2606 = AXIS2_PLACEMENT_3D ( 'NONE', #1533, #5433, #2659 ) ;
#2607 = SURFACE_SIDE_STYLE ('',( #4817 ) ) ;
#2608 = CARTESIAN_POINT ( 'NONE',  ( 0.3475231895887349043, 0.1910976775961362728, 0.5177762832540273585 ) ) ;
#2609 =( NAMED_UNIT ( * ) PLANE_ANGLE_UNIT ( ) SI_UNIT ( $, .RADIAN. ) );
#2610 = EDGE_LOOP ( 'NONE', ( #6811, #20, #6989, #1384, #7087, #4632 ) ) ;
#2611 = DIRECTION ( 'NONE',  ( 0.000000000000000000, -0.8944271909999162995, -0.4472135954999568730 ) ) ;
#2612 = FILL_AREA_STYLE ('',( #6569 ) ) ;
#2613 = EDGE_CURVE ( 'NONE', #1058, #3096, #79, .T. ) ;
#2614 = DIRECTION ( 'NONE',  ( -1.224646799147353207E-16, 1.000000000000000000, -3.697785493223492838E-32 ) ) ;
#2615 = CARTESIAN_POINT ( 'NONE',  ( 0.2372869691162943495, 0.1281055516118842774, 0.5925794328603265493 ) ) ;
#2616 = VERTEX_POINT ( 'NONE', #3506 ) ;
#2617 = EDGE_CURVE ( 'NONE', #2567, #1085, #3246, .T. ) ;
#2618 = AXIS2_PLACEMENT_3D ( 'NONE', #4880, #7114, #1555 ) ;
#2619 = SURFACE_SIDE_STYLE ('',( #2978 ) ) ;
#2620 = ADVANCED_FACE ( 'NONE', ( #5124 ), #147, .F. ) ;
#2621 = ORIENTED_EDGE ( 'NONE', *, *, #4007, .F. ) ;
#2622 = CARTESIAN_POINT ( 'NONE',  ( 0.2372869691162943495, -0.06480783421488736651, 0.7894298265611140453 ) ) ;
#2623 = DIRECTION ( 'NONE',  ( 0.000000000000000000, 0.000000000000000000, 1.000000000000000000 ) ) ;
#2624 = CARTESIAN_POINT ( 'NONE',  ( 0.06209011872259351944, 0.1359795673599158150, 0.7894298265611140453 ) ) ;
#2625 = SURFACE_STYLE_USAGE ( .BOTH. , #297 ) ;
#2626 = CARTESIAN_POINT ( 'NONE',  ( 0.2215389376202313021, 0.3092079138166087260, 0.7225006927028462256 ) ) ;
#2627 = EDGE_CURVE ( 'NONE', #7121, #1693, #1930, .T. ) ;
#2628 = LENGTH_MEASURE_WITH_UNIT ( LENGTH_MEASURE( 0.02539999999999999897 ), #1812 );
#2629 = DIMENSIONAL_EXPONENTS ( 1.000000000000000000, 0.000000000000000000, 0.000000000000000000, 0.000000000000000000, 0.000000000000000000, 0.000000000000000000, 0.000000000000000000 ) ;
#2630 = AXIS2_PLACEMENT_3D ( 'NONE', #1699, #5581, #6127 ) ;
#2631 = ORIENTED_EDGE ( 'NONE', *, *, #6778, .F. ) ;
#2632 = ORIENTED_EDGE ( 'NONE', *, *, #1726, .T. ) ;
#2633 = FACE_OUTER_BOUND ( 'NONE', #3859, .T. ) ;
#2634 = FILL_AREA_STYLE_COLOUR ( '', #6572 ) ;
#2635 = PRESENTATION_STYLE_ASSIGNMENT (( #2440 ) ) ;
#2636 = LENGTH_MEASURE_WITH_UNIT ( LENGTH_MEASURE( 0.02539999999999999897 ), #1326 );
#2637 = PRESENTATION_LAYER_ASSIGNMENT (  '', '', ( #2258 ) ) ;
#2638 = DIRECTION ( 'NONE',  ( 0.000000000000000000, 0.000000000000000000, 1.000000000000000000 ) ) ;
#2639 = ORIENTED_EDGE ( 'NONE', *, *, #5889, .T. ) ;
#2640 = CARTESIAN_POINT ( 'NONE',  ( 0.1014601974627510061, 0.1359795673599158150, 0.7894298265611140453 ) ) ;
#2641 = PLANE ( 'NONE',  #815 ) ;
#2642 = UNCERTAINTY_MEASURE_WITH_UNIT (LENGTH_MEASURE( 1.000000000000000082E-05 ), #468, 'distance_accuracy_value', 'NONE');
#2643 = ORIENTED_EDGE ( 'NONE', *, *, #4097, .F. ) ;
#2644 = LINE ( 'NONE', #5765, #971 ) ;
#2645 = SURFACE_SIDE_STYLE ('',( #6168 ) ) ;
#2646 = DIRECTION ( 'NONE',  ( -0.000000000000000000, -0.000000000000000000, -1.000000000000000000 ) ) ;
#2647 = ORIENTED_EDGE ( 'NONE', *, *, #4024, .F. ) ;
#2648 = CARTESIAN_POINT ( 'NONE',  ( 0.09687298726624835044, 0.1910976775961362728, 0.7500597478209566349 ) ) ;
#2649 = SURFACE_STYLE_FILL_AREA ( #1171 ) ;
#2650 =( NAMED_UNIT ( * ) SI_UNIT ( $, .STERADIAN. ) SOLID_ANGLE_UNIT ( ) );
#2651 = ADVANCED_FACE ( 'NONE', ( #1748 ), #5302, .F. ) ;
#2652 = AXIS2_PLACEMENT_3D ( 'NONE', #239, #1918, #1354 ) ;
#2653 = EDGE_CURVE ( 'NONE', #4590, #6909, #5388, .T. ) ;
#2654 = AXIS2_PLACEMENT_3D ( 'NONE', #5392, #2089, #1563 ) ;
#2655 = ORIENTED_EDGE ( 'NONE', *, *, #1081, .F. ) ;
#2656 = EDGE_CURVE ( 'NONE', #475, #5029, #1572, .T. ) ;
#2657 =( NAMED_UNIT ( * ) PLANE_ANGLE_UNIT ( ) SI_UNIT ( $, .RADIAN. ) );
#2658 = LENGTH_MEASURE_WITH_UNIT ( LENGTH_MEASURE( 0.02539999999999999897 ), #2712 );
#2659 = DIRECTION ( 'NONE',  ( 0.000000000000000000, 0.000000000000000000, -1.000000000000000000 ) ) ;
#2660 = ADVANCED_FACE ( 'NONE', ( #5212 ), #5038, .T. ) ;
#2661 =( NAMED_UNIT ( * ) PLANE_ANGLE_UNIT ( ) SI_UNIT ( $, .RADIAN. ) );
#2662 = ORIENTED_EDGE ( 'NONE', *, *, #5444, .F. ) ;
#2663 = SURFACE_SIDE_STYLE ('',( #1431 ) ) ;
#2664 = VECTOR ( 'NONE', #3719, 39.37007874015748143 ) ;
#2665 = CARTESIAN_POINT ( 'NONE',  ( 0.02589487869740784640, 0.4463515188007882162, 0.8681699840414289771 ) ) ;
#2666 = STYLED_ITEM ( 'NONE', ( #4025 ), #7198 ) ;
#2667 = FACE_OUTER_BOUND ( 'NONE', #377, .T. ) ;
#2668 = ORIENTED_EDGE ( 'NONE', *, *, #2939, .F. ) ;
#2669 = ORIENTED_EDGE ( 'NONE', *, *, #966, .F. ) ;
#2670 = PRESENTATION_LAYER_ASSIGNMENT (  '', '', ( #310 ) ) ;
#2671 = CARTESIAN_POINT ( 'NONE',  ( 0.06209011872259351944, 0.1910976775961362728, 0.5177762832540273585 ) ) ;
#2672 = DIMENSIONAL_EXPONENTS ( 1.000000000000000000, 0.000000000000000000, 0.000000000000000000, 0.000000000000000000, 0.000000000000000000, 0.000000000000000000, 0.000000000000000000 ) ;
#2673 = SURFACE_SIDE_STYLE ('',( #3286 ) ) ;
#2674 = PLANE ( 'NONE',  #3801 ) ;
#2675 = VECTOR ( 'NONE', #4569, 39.37007874015748143 ) ;
#2676 = DIMENSIONAL_EXPONENTS ( 1.000000000000000000, 0.000000000000000000, 0.000000000000000000, 0.000000000000000000, 0.000000000000000000, 0.000000000000000000, 0.000000000000000000 ) ;
#2677 = FACE_OUTER_BOUND ( 'NONE', #4706, .T. ) ;
#2678 = VERTEX_POINT ( 'NONE', #2960 ) ;
#2679 = VECTOR ( 'NONE', #3905, 39.37007874015748143 ) ;
#2680 = EDGE_CURVE ( 'NONE', #351, #3655, #2452, .T. ) ;
#2681 = SURFACE_STYLE_FILL_AREA ( #4789 ) ;
#2682 = CARTESIAN_POINT ( 'NONE',  ( 0.06209011872259351944, 0.1359795673599158150, 0.7500597478209566349 ) ) ;
#2683 = PRESENTATION_LAYER_ASSIGNMENT (  '', '', ( #6012 ) ) ;
#2684 = ORIENTED_EDGE ( 'NONE', *, *, #6841, .F. ) ;
#2685 = CARTESIAN_POINT ( 'NONE',  ( 0.06209011872259351944, 0.3092079138166087260, 0.7146266769548147435 ) ) ;
#2686 = UNCERTAINTY_MEASURE_WITH_UNIT (LENGTH_MEASURE( 1.000000000000000082E-05 ), #2499, 'distance_accuracy_value', 'NONE');
#2687 = FILL_AREA_STYLE_COLOUR ( '', #2080 ) ;
#2688 = PRESENTATION_STYLE_ASSIGNMENT (( #3616 ) ) ;
#2689 = PRESENTATION_STYLE_ASSIGNMENT (( #4703 ) ) ;
#2690 = FILL_AREA_STYLE ('',( #7113 ) ) ;
#2691 = ORIENTED_EDGE ( 'NONE', *, *, #6073, .F. ) ;
#2692 = SURFACE_STYLE_USAGE ( .BOTH. , #985 ) ;
#2693 = LENGTH_MEASURE_WITH_UNIT ( LENGTH_MEASURE( 0.02539999999999999897 ), #3695 );
#2694 = DIRECTION ( 'NONE',  ( -0.9544338947578754340, 5.580238493437923206E-18, 0.2984224196291437869 ) ) ;
#2695 = DIRECTION ( 'NONE',  ( 0.000000000000000000, 1.000000000000000000, 0.000000000000000000 ) ) ;
#2696 = FILL_AREA_STYLE ('',( #5986 ) ) ;
#2697 = SURFACE_STYLE_USAGE ( .BOTH. , #3841 ) ;
#2698 = COLOUR_RGB ( '',1.000000000000000000, 1.000000000000000000, 1.000000000000000000 ) ;
#2699 = ADVANCED_FACE ( 'NONE', ( #3929 ), #429, .T. ) ;
#2700 = PRESENTATION_LAYER_ASSIGNMENT (  '', '', ( #1191 ) ) ;
#2701 = FACE_OUTER_BOUND ( 'NONE', #6020, .T. ) ;
#2702 = FILL_AREA_STYLE ('',( #5426 ) ) ;
#2703 = LINE ( 'NONE', #816, #5462 ) ;
#2704 = CARTESIAN_POINT ( 'NONE',  ( 0.06209011872259351944, 0.1753496461000732809, 0.7500597478209566349 ) ) ;
#2705 = EDGE_LOOP ( 'NONE', ( #3779, #6839, #472, #3279 ) ) ;
#2706 = PRESENTATION_STYLE_ASSIGNMENT (( #4235 ) ) ;
#2707 = CARTESIAN_POINT ( 'NONE',  ( 0.1329562604548772953, 0.1674756303520417988, 0.5925794328603265493 ) ) ;
#2708 = CIRCLE ( 'NONE', #2568, 0.04724409448818896184 ) ;
#2709 = LINE ( 'NONE', #818, #2883 ) ;
#2710 = EDGE_CURVE ( 'NONE', #2678, #4903, #2974, .T. ) ;
#2711 = STYLED_ITEM ( 'NONE', ( #2550 ), #6545 ) ;
#2712 =( LENGTH_UNIT ( ) NAMED_UNIT ( * ) SI_UNIT ( $, .METRE. ) );
#2713 = DIRECTION ( 'NONE',  ( 0.9544338947578754340, 1.168844414212974006E-16, 0.2984224196291437869 ) ) ;
#2714 = PRESENTATION_LAYER_ASSIGNMENT (  '', '', ( #1962 ) ) ;
#2715 = ORIENTED_EDGE ( 'NONE', *, *, #5217, .T. ) ;
#2716 = VECTOR ( 'NONE', #2853, 39.37007874015748143 ) ;
#2717 = DIRECTION ( 'NONE',  ( -0.000000000000000000, -0.000000000000000000, 1.000000000000000000 ) ) ;
#2718 = CARTESIAN_POINT ( 'NONE',  ( 0.04437358328952269171, 0.4395663694583710757, 0.8681699840414289771 ) ) ;
#2719 = CARTESIAN_POINT ( 'NONE',  ( 0.2644866231109230803, 0.3092079138166087260, 0.5532093541201690279 ) ) ;
#2720 = VECTOR ( 'NONE', #6661, 39.37007874015748143 ) ;
#2721 = SURFACE_STYLE_FILL_AREA ( #4666 ) ;
#2722 = CARTESIAN_POINT ( 'NONE',  ( 0.2215389376202312743, 0.3525150004307819329, 0.5728943934902481772 ) ) ;
#2723 =( NAMED_UNIT ( * ) PLANE_ANGLE_UNIT ( ) SI_UNIT ( $, .RADIAN. ) );
#2724 = CYLINDRICAL_SURFACE ( 'NONE', #4112, 0.03937007874015747977 ) ;
#2725 = FILL_AREA_STYLE_COLOUR ( '', #5962 ) ;
#2726 = CARTESIAN_POINT ( 'NONE',  ( 0.3475231895887351818, 0.3407039768087347098, 0.5532093541201690279 ) ) ;
#2727 = LINE ( 'NONE', #2682, #1303 ) ;
#2728 = EDGE_CURVE ( 'NONE', #3096, #264, #6152, .T. ) ;
#2729 = VECTOR ( 'NONE', #1558, 39.37007874015748143 ) ;
#2730 = MECHANICAL_DESIGN_GEOMETRIC_PRESENTATION_REPRESENTATION (  '', ( #5072 ), #3091 ) ;
#2731 = UNCERTAINTY_MEASURE_WITH_UNIT (LENGTH_MEASURE( 1.000000000000000082E-05 ), #752, 'distance_accuracy_value', 'NONE');
#2732 = UNCERTAINTY_MEASURE_WITH_UNIT (LENGTH_MEASURE( 1.000000000000000082E-05 ), #5719, 'distance_accuracy_value', 'NONE');
#2733 = DIRECTION ( 'NONE',  ( -0.9544338947578755450, 0.000000000000000000, 0.2984224196291434539 ) ) ;
#2734 = SURFACE_STYLE_FILL_AREA ( #757 ) ;
#2736 = LINE ( 'NONE', #1157, #5129 ) ;
#2735 = LINE ( 'NONE', #1006, #2819 ) ;
#2737 = SURFACE_STYLE_FILL_AREA ( #4675 ) ;
#2738 = CARTESIAN_POINT ( 'NONE',  ( 0.1034287013997588905, 0.1064520083047976878, 0.7500597478209566349 ) ) ;
#2739 = ORIENTED_EDGE ( 'NONE', *, *, #1462, .T. ) ;
#2740 = FILL_AREA_STYLE_COLOUR ( '', #5842 ) ;
#2741 = ORIENTED_EDGE ( 'NONE', *, *, #4271, .T. ) ;
#2742 = DIRECTION ( 'NONE',  ( -1.000000000000000000, 0.000000000000000000, 0.000000000000000000 ) ) ;
#2743 = MECHANICAL_DESIGN_GEOMETRIC_PRESENTATION_REPRESENTATION (  '', ( #1091 ), #3610 ) ;
#2745 = CYLINDRICAL_SURFACE ( 'NONE', #6735, 0.01968503937007873988 ) ;
#2744 = FACE_OUTER_BOUND ( 'NONE', #1505, .T. ) ;
#2746 = COLOUR_RGB ( '',1.000000000000000000, 1.000000000000000000, 1.000000000000000000 ) ;
#2747 = ADVANCED_FACE ( 'NONE', ( #511 ), #3519, .T. ) ;
#2748 = UNCERTAINTY_MEASURE_WITH_UNIT (LENGTH_MEASURE( 1.000000000000000082E-05 ), #7089, 'distance_accuracy_value', 'NONE');
#2749 = FILL_AREA_STYLE ('',( #4426 ) ) ;
#2750 = DIRECTION ( 'NONE',  ( -0.9544338947578755450, 0.000000000000000000, -0.2984224196291434539 ) ) ;
#2751 = DIRECTION ( 'NONE',  ( 0.000000000000000000, 0.000000000000000000, -1.000000000000000000 ) ) ;
#2752 = FILL_AREA_STYLE ('',( #5461 ) ) ;
#2753 =( CONVERSION_BASED_UNIT ( 'INCH', #4335 ) LENGTH_UNIT ( ) NAMED_UNIT ( #1048 ) );
#2754 = MECHANICAL_DESIGN_GEOMETRIC_PRESENTATION_REPRESENTATION (  '', ( #5702 ), #3724 ) ;
#2755 =( CONVERSION_BASED_UNIT ( 'INCH', #6395 ) LENGTH_UNIT ( ) NAMED_UNIT ( #1381 ) );
#2756 = DIRECTION ( 'NONE',  ( 1.000000000000000000, 0.000000000000000000, 0.000000000000000000 ) ) ;
#2757 = EDGE_CURVE ( 'NONE', #2149, #3340, #3483, .T. ) ;
#2758 = DIMENSIONAL_EXPONENTS ( 1.000000000000000000, 0.000000000000000000, 0.000000000000000000, 0.000000000000000000, 0.000000000000000000, 0.000000000000000000, 0.000000000000000000 ) ;
#2759 = VECTOR ( 'NONE', #1415, 39.37007874015748143 ) ;
#2760 = ORIENTED_EDGE ( 'NONE', *, *, #6220, .T. ) ;
#2761 = LINE ( 'NONE', #1080, #1785 ) ;
#2762 = CARTESIAN_POINT ( 'NONE',  ( 0.03256255966747541308, 0.09267248074574256644, 0.4744691966398540961 ) ) ;
#2763 = AXIS2_PLACEMENT_3D ( 'NONE', #6241, #2941, #6042 ) ;
#2764 = ORIENTED_EDGE ( 'NONE', *, *, #5549, .F. ) ;
#2765 = EDGE_CURVE ( 'NONE', #4562, #2307, #943, .T. ) ;
#2766 = PRESENTATION_LAYER_ASSIGNMENT (  '', '', ( #2000 ) ) ;
#2767 = CARTESIAN_POINT ( 'NONE',  ( 0.2215389376202313021, 0.2973968901945615029, 0.5728943934902478441 ) ) ;
#2768 = EDGE_LOOP ( 'NONE', ( #3965, #4861, #6938, #4739 ) ) ;
#2769 = ORIENTED_EDGE ( 'NONE', *, *, #5843, .F. ) ;
#2770 = VECTOR ( 'NONE', #1234, 39.37007874015748143 ) ;
#2771 = ORIENTED_EDGE ( 'NONE', *, *, #100, .F. ) ;
#2772 = EDGE_CURVE ( 'NONE', #2263, #5125, #3149, .T. ) ;
#2773 = CARTESIAN_POINT ( 'NONE',  ( 0.1329562604548769900, 0.2068457090921992647, 0.7894298265611140453 ) ) ;
#2774 = EDGE_LOOP ( 'NONE', ( #5972, #713, #254, #3756, #4222, #756, #6037, #3199 ) ) ;
#2775 = VECTOR ( 'NONE', #3825, 39.37007874015748143 ) ;
#2776 = CARTESIAN_POINT ( 'NONE',  ( 0.09358618171471951019, 0.2698378350764509270, 0.5925794328603265493 ) ) ;
#2777 = PRESENTATION_LAYER_ASSIGNMENT (  '', '', ( #2805 ) ) ;
#2778 = ORIENTED_EDGE ( 'NONE', *, *, #4128, .T. ) ;
#2779 = MECHANICAL_DESIGN_GEOMETRIC_PRESENTATION_REPRESENTATION (  '', ( #1638 ), #4976 ) ;
#2780 = DIRECTION ( 'NONE',  ( 0.000000000000000000, -0.000000000000000000, 1.000000000000000000 ) ) ;
#2781 = DIRECTION ( 'NONE',  ( 1.000000000000000000, -0.000000000000000000, -0.000000000000000000 ) ) ;
#2782 = DIRECTION ( 'NONE',  ( -0.9544338947578754340, -1.168844414212974006E-16, -0.2984224196291437869 ) ) ;
#2783 = CYLINDRICAL_SURFACE ( 'NONE', #142, 0.07480314960629920462 ) ;
#2784 = EDGE_LOOP ( 'NONE', ( #2972, #4832, #2148, #1767, #6825, #4324, #1127, #1129, #5410, #986, #784, #5269 ) ) ;
#2785 = ADVANCED_FACE ( 'NONE', ( #3752 ), #1289, .F. ) ;
#2786 =( NAMED_UNIT ( * ) SI_UNIT ( $, .STERADIAN. ) SOLID_ANGLE_UNIT ( ) );
#2787 = DIRECTION ( 'NONE',  ( 0.000000000000000000, -1.000000000000000000, 0.000000000000000000 ) ) ;
#2788 = MECHANICAL_DESIGN_GEOMETRIC_PRESENTATION_REPRESENTATION (  '', ( #3295 ), #3148 ) ;
#2789 = SURFACE_STYLE_FILL_AREA ( #365 ) ;
#2790 = AXIS2_PLACEMENT_3D ( 'NONE', #598, #6716, #6223 ) ;
#2791 = DIRECTION ( 'NONE',  ( 1.000000000000000000, -0.000000000000000000, -0.000000000000000000 ) ) ;
#2792 = PRESENTATION_LAYER_ASSIGNMENT (  '', '', ( #4720 ) ) ;
#2793 = LINE ( 'NONE', #2271, #7024 ) ;
#2794 =( LENGTH_UNIT ( ) NAMED_UNIT ( * ) SI_UNIT ( $, .METRE. ) );
#2795 = PLANE ( 'NONE',  #1267 ) ;
#2796 = LENGTH_MEASURE_WITH_UNIT ( LENGTH_MEASURE( 0.02539999999999999897 ), #4132 );
#2797 = AXIS2_PLACEMENT_3D ( 'NONE', #4096, #1895, #6905 ) ;
#2798 = MECHANICAL_DESIGN_GEOMETRIC_PRESENTATION_REPRESENTATION (  '', ( #910 ), #3910 ) ;
#2799 = VERTEX_POINT ( 'NONE', #1869 ) ;
#2800 = VECTOR ( 'NONE', #77, 39.37007874015748854 ) ;
#2801 = EDGE_CURVE ( 'NONE', #1853, #4181, #2099, .T. ) ;
#2802 = CARTESIAN_POINT ( 'NONE',  ( 0.1034287013997588905, 0.1359795673599157873, 0.5925794328603265493 ) ) ;
#2803 = EDGE_LOOP ( 'NONE', ( #4276, #1799, #1153, #4970 ) ) ;
#2804 = ORIENTED_EDGE ( 'NONE', *, *, #444, .T. ) ;
#2805 = STYLED_ITEM ( 'NONE', ( #3428 ), #6759 ) ;
#2806 = SURFACE_STYLE_USAGE ( .BOTH. , #2317 ) ;
#2807 = ADVANCED_FACE ( 'NONE', ( #7036 ), #6928, .F. ) ;
#2808 = DIRECTION ( 'NONE',  ( -0.3446855865947894837, -0.9387181932794345096, -0.000000000000000000 ) ) ;
#2809 = MECHANICAL_DESIGN_GEOMETRIC_PRESENTATION_REPRESENTATION (  '', ( #7018 ), #1917 ) ;
#2810 = LINE ( 'NONE', #4470, #5216 ) ;
#2811 = LINE ( 'NONE', #2555, #6699 ) ;
#2812 = VERTEX_POINT ( 'NONE', #4156 ) ;
#2813 = ORIENTED_EDGE ( 'NONE', *, *, #1887, .F. ) ;
#2814 = EDGE_LOOP ( 'NONE', ( #6586, #3682, #2836, #4883 ) ) ;
#2815 = DIRECTION ( 'NONE',  ( 0.000000000000000000, -1.000000000000000000, 0.000000000000000000 ) ) ;
#2816 = DIRECTION ( 'NONE',  ( -0.000000000000000000, -0.000000000000000000, -1.000000000000000000 ) ) ;
#2817 = PRESENTATION_STYLE_ASSIGNMENT (( #4059 ) ) ;
#2818 = EDGE_CURVE ( 'NONE', #6014, #1945, #2709, .T. ) ;
#2819 = VECTOR ( 'NONE', #3849, 39.37007874015748143 ) ;
#2820 =( CONVERSION_BASED_UNIT ( 'INCH', #6283 ) LENGTH_UNIT ( ) NAMED_UNIT ( #3069 ) );
#2821 = PRESENTATION_LAYER_ASSIGNMENT (  '', '', ( #3327 ) ) ;
#2822 = ORIENTED_EDGE ( 'NONE', *, *, #5665, .F. ) ;
#2823 = SURFACE_STYLE_FILL_AREA ( #3128 ) ;
#2824 = CARTESIAN_POINT ( 'NONE',  ( 0.1664208273840108721, 0.09660948861975832136, 0.5532093541201690279 ) ) ;
#2825 = LENGTH_MEASURE_WITH_UNIT ( LENGTH_MEASURE( 0.02539999999999999897 ), #527 );
#2826 = ORIENTED_EDGE ( 'NONE', *, *, #1436, .T. ) ;
#2827 = LENGTH_MEASURE_WITH_UNIT ( LENGTH_MEASURE( 0.02539999999999999897 ), #1497 );
#2828 = PRESENTATION_STYLE_ASSIGNMENT (( #1843 ) ) ;
#2829 = UNCERTAINTY_MEASURE_WITH_UNIT (LENGTH_MEASURE( 1.000000000000000082E-05 ), #1166, 'distance_accuracy_value', 'NONE');
#2830 = MECHANICAL_DESIGN_GEOMETRIC_PRESENTATION_REPRESENTATION (  '', ( #4443 ), #1412 ) ;
#2831 = ORIENTED_EDGE ( 'NONE', *, *, #4957, .F. ) ;
#2832 = LINE ( 'NONE', #1762, #3517 ) ;
#2833 = LINE ( 'NONE', #604, #1689 ) ;
#2834 = CARTESIAN_POINT ( 'NONE',  ( 0.3475231895887350708, 0.3092079138166087260, 0.6280125037264683296 ) ) ;
#2835 = PLANE ( 'NONE',  #4285 ) ;
#2836 = ORIENTED_EDGE ( 'NONE', *, *, #42, .F. ) ;
#2837 =( CONVERSION_BASED_UNIT ( 'INCH', #4208 ) LENGTH_UNIT ( ) NAMED_UNIT ( #4908 ) );
#2838 = AXIS2_PLACEMENT_3D ( 'NONE', #168, #6299, #725 ) ;
#2839 = DIRECTION ( 'NONE',  ( -0.000000000000000000, -0.000000000000000000, -1.000000000000000000 ) ) ;
#2840 = CARTESIAN_POINT ( 'NONE',  ( 0.2955626950439139700, 0.5985779925567662474, 0.5836644690657563084 ) ) ;
#2841 = LENGTH_MEASURE_WITH_UNIT ( LENGTH_MEASURE( 0.02539999999999999897 ), #4994 );
#2842 =( GEOMETRIC_REPRESENTATION_CONTEXT ( 3 ) GLOBAL_UNCERTAINTY_ASSIGNED_CONTEXT ( ( #6760 ) ) GLOBAL_UNIT_ASSIGNED_CONTEXT ( ( #1546, #1496, #5367 ) ) REPRESENTATION_CONTEXT ( 'NONE', 'WORKASPACE' ) );
#2843 = ORIENTED_EDGE ( 'NONE', *, *, #5925, .F. ) ;
#2844 = DIRECTION ( 'NONE',  ( 1.000000000000000000, 1.591489427501660608E-16, 0.000000000000000000 ) ) ;
#2845 = CARTESIAN_POINT ( 'NONE',  ( 0.2215389376202312466, 0.5533024020055851144, 0.7697447871910348960 ) ) ;
#2846 = SURFACE_SIDE_STYLE ('',( #4199 ) ) ;
#2847 = LENGTH_MEASURE_WITH_UNIT ( LENGTH_MEASURE( 0.02539999999999999897 ), #2439 );
#2848 = VERTEX_POINT ( 'NONE', #3619 ) ;
#2849 = VERTEX_POINT ( 'NONE', #260 ) ;
#2850 = ADVANCED_FACE ( 'NONE', ( #3660 ), #509, .T. ) ;
#2851 =( GEOMETRIC_REPRESENTATION_CONTEXT ( 3 ) GLOBAL_UNCERTAINTY_ASSIGNED_CONTEXT ( ( #7115 ) ) GLOBAL_UNIT_ASSIGNED_CONTEXT ( ( #1277, #1816, #5633 ) ) REPRESENTATION_CONTEXT ( 'NONE', 'WORKASPACE' ) );
#2852 = CIRCLE ( 'NONE', #4677, 0.03937007874015747977 ) ;
#2853 = DIRECTION ( 'NONE',  ( 0.000000000000000000, 1.000000000000000000, 0.000000000000000000 ) ) ;
#2854 =( GEOMETRIC_REPRESENTATION_CONTEXT ( 3 ) GLOBAL_UNCERTAINTY_ASSIGNED_CONTEXT ( ( #7213 ) ) GLOBAL_UNIT_ASSIGNED_CONTEXT ( ( #7094, #3178, #1016 ) ) REPRESENTATION_CONTEXT ( 'NONE', 'WORKASPACE' ) );
#2855 = ORIENTED_EDGE ( 'NONE', *, *, #3416, .F. ) ;
#2856 = SURFACE_STYLE_USAGE ( .BOTH. , #6194 ) ;
#2857 = VECTOR ( 'NONE', #3816, 39.37007874015748143 ) ;
#2858 = VERTEX_POINT ( 'NONE', #866 ) ;
#2859 =( NAMED_UNIT ( * ) PLANE_ANGLE_UNIT ( ) SI_UNIT ( $, .RADIAN. ) );
#2860 = CARTESIAN_POINT ( 'NONE',  ( 0.04437358328952269171, 0.4395663694583710757, 0.4744691966398540961 ) ) ;
#2861 = CARTESIAN_POINT ( 'NONE',  ( 0.2372869691162943495, -0.06480783421488736651, 0.7658077793170195990 ) ) ;
#2862 = COLOUR_RGB ( '',1.000000000000000000, 1.000000000000000000, 1.000000000000000000 ) ;
#2863 = FILL_AREA_STYLE ('',( #4532 ) ) ;
#2864 = PRESENTATION_STYLE_ASSIGNMENT (( #4798 ) ) ;
#2865 = DIRECTION ( 'NONE',  ( 0.000000000000000000, 0.000000000000000000, 1.000000000000000000 ) ) ;
#2866 = STYLED_ITEM ( 'NONE', ( #6239 ), #2145 ) ;
#2867 = ORIENTED_EDGE ( 'NONE', *, *, #3867, .F. ) ;
#2868 =( NAMED_UNIT ( * ) SI_UNIT ( $, .STERADIAN. ) SOLID_ANGLE_UNIT ( ) );
#2869 = SURFACE_SIDE_STYLE ('',( #6100 ) ) ;
#2870 = COLOUR_RGB ( '',1.000000000000000000, 1.000000000000000000, 1.000000000000000000 ) ;
#2871 =( NAMED_UNIT ( * ) SI_UNIT ( $, .STERADIAN. ) SOLID_ANGLE_UNIT ( ) );
#2872 = DIRECTION ( 'NONE',  ( 0.000000000000000000, 0.000000000000000000, 1.000000000000000000 ) ) ;
#2873 = AXIS2_PLACEMENT_3D ( 'NONE', #1133, #6147, #6170 ) ;
#2874 = SURFACE_SIDE_STYLE ('',( #1878 ) ) ;
#2875 = CARTESIAN_POINT ( 'NONE',  ( 0.02468854391944393101, 0.6950346854701520138, 0.4744691966398540961 ) ) ;
#2876 = ADVANCED_FACE ( 'NONE', ( #5815 ), #395, .F. ) ;
#2877 = CARTESIAN_POINT ( 'NONE',  ( 0.2057909061241683379, -0.06480783421488736651, 0.5532093541201690279 ) ) ;
#2878 = ORIENTED_EDGE ( 'NONE', *, *, #7153, .T. ) ;
#2879 = STYLED_ITEM ( 'NONE', ( #3900 ), #4892 ) ;
#2880 = CARTESIAN_POINT ( 'NONE',  ( 0.2215389376202312466, 0.6182630319268449526, 0.5728943934902481772 ) ) ;
#2881 = CARTESIAN_POINT ( 'NONE',  ( 0.3475231895887351818, 0.3092079138166087260, 0.5925794328603265493 ) ) ;
#2882 = LINE ( 'NONE', #2877, #3750 ) ;
#2883 = VECTOR ( 'NONE', #3042, 39.37007874015748143 ) ;
#2884 = PRODUCT_DEFINITION_SHAPE ( 'NONE', 'NONE',  #968 ) ;
#2885 = ORIENTED_EDGE ( 'NONE', *, *, #7196, .T. ) ;
#2886 = CARTESIAN_POINT ( 'NONE',  ( 0.06209011872259351944, 0.1910976775961362728, 0.7500597478209566349 ) ) ;
#2887 = SURFACE_SIDE_STYLE ('',( #2281 ) ) ;
#2888 = LENGTH_MEASURE_WITH_UNIT ( LENGTH_MEASURE( 0.02539999999999999897 ), #1107 );
#2889 =( NAMED_UNIT ( * ) SI_UNIT ( $, .STERADIAN. ) SOLID_ANGLE_UNIT ( ) );
#2890 = LINE ( 'NONE', #7186, #3321 ) ;
#2891 = AXIS2_PLACEMENT_3D ( 'NONE', #4421, #5051, #2750 ) ;
#2892 = EDGE_CURVE ( 'NONE', #2142, #4399, #6718, .T. ) ;
#2893 = STYLED_ITEM ( 'NONE', ( #6021 ), #6201 ) ;
#2894 = EDGE_CURVE ( 'NONE', #6097, #3888, #4634, .T. ) ;
#2895 = LINE ( 'NONE', #4698, #1398 ) ;
#2896 = CARTESIAN_POINT ( 'NONE',  ( 0.1014601974627510061, 0.3013338980685772439, 0.7500597478209566349 ) ) ;
#2897 = FILL_AREA_STYLE ('',( #93 ) ) ;
#2898 = VECTOR ( 'NONE', #3494, 39.37007874015748143 ) ;
#2899 =( GEOMETRIC_REPRESENTATION_CONTEXT ( 3 ) GLOBAL_UNCERTAINTY_ASSIGNED_CONTEXT ( ( #442 ) ) GLOBAL_UNIT_ASSIGNED_CONTEXT ( ( #425, #7110, #950 ) ) REPRESENTATION_CONTEXT ( 'NONE', 'WORKASPACE' ) );
#2900 =( LENGTH_UNIT ( ) NAMED_UNIT ( * ) SI_UNIT ( $, .METRE. ) );
#2901 = UNCERTAINTY_MEASURE_WITH_UNIT (LENGTH_MEASURE( 1.000000000000000082E-05 ), #6355, 'distance_accuracy_value', 'NONE');
#2902 = STYLED_ITEM ( 'NONE', ( #4584 ), #2159 ) ;
#2903 = ORIENTED_EDGE ( 'NONE', *, *, #1958, .T. ) ;
#2904 = DIRECTION ( 'NONE',  ( 1.000000000000000000, 1.591489427501660608E-16, 0.000000000000000000 ) ) ;
#2905 = LINE ( 'NONE', #1508, #6451 ) ;
#2906 = CARTESIAN_POINT ( 'NONE',  ( 0.3475231895887351818, 0.3407039768087347098, 0.5532093541201690279 ) ) ;
#2907 = CARTESIAN_POINT ( 'NONE',  ( 0.4006727958879479079, 0.4430661815331417563, 0.4744691966398540961 ) ) ;
#2908 = COLOUR_RGB ( '',0.6470588235294117974, 0.6196078431372549211, 0.5882352941176470784 ) ;
#2909 = COLOUR_RGB ( '',1.000000000000000000, 1.000000000000000000, 1.000000000000000000 ) ;
#2910 = DIRECTION ( 'NONE',  ( 1.000000000000000000, 0.000000000000000000, -0.000000000000000000 ) ) ;
#2911 = ORIENTED_EDGE ( 'NONE', *, *, #5340, .F. ) ;
#2912 = VECTOR ( 'NONE', #6157, 39.37007874015748143 ) ;
#2913 = CARTESIAN_POINT ( 'NONE',  ( 0.2215389376202312466, 0.5533024020055851144, 0.5728943934902481772 ) ) ;
#2914 =( GEOMETRIC_REPRESENTATION_CONTEXT ( 3 ) GLOBAL_UNCERTAINTY_ASSIGNED_CONTEXT ( ( #34 ) ) GLOBAL_UNIT_ASSIGNED_CONTEXT ( ( #2392, #5115, #5176 ) ) REPRESENTATION_CONTEXT ( 'NONE', 'WORKASPACE' ) );
#2915 = SURFACE_STYLE_USAGE ( .BOTH. , #1240 ) ;
#2916 = VECTOR ( 'NONE', #5998, 39.37007874015748143 ) ;
#2917 = PLANE ( 'NONE',  #3214 ) ;
#2918 =( LENGTH_UNIT ( ) NAMED_UNIT ( * ) SI_UNIT ( $, .METRE. ) );
#2919 = AXIS2_PLACEMENT_3D ( 'NONE', #6676, #2264, #5658 ) ;
#2920 = PLANE ( 'NONE',  #6560 ) ;
#2921 = ORIENTED_EDGE ( 'NONE', *, *, #134, .F. ) ;
#2922 = ORIENTED_EDGE ( 'NONE', *, *, #2009, .T. ) ;
#2923 = FILL_AREA_STYLE_COLOUR ( '', #2562 ) ;
#2924 = DIRECTION ( 'NONE',  ( 0.000000000000000000, 0.000000000000000000, -1.000000000000000000 ) ) ;
#2925 = DIRECTION ( 'NONE',  ( -0.000000000000000000, 0.8944271909999161885, -0.4472135954999569285 ) ) ;
#2926 = VECTOR ( 'NONE', #4588, 39.37007874015748143 ) ;
#2927 = ORIENTED_EDGE ( 'NONE', *, *, #3676, .T. ) ;
#2928 = PLANE ( 'NONE',  #5553 ) ;
#2929 = MECHANICAL_DESIGN_GEOMETRIC_PRESENTATION_REPRESENTATION (  '', ( #1281 ), #2185 ) ;
#2930 = ORIENTED_EDGE ( 'NONE', *, *, #3215, .T. ) ;
#2931 = AXIS2_PLACEMENT_3D ( 'NONE', #2391, #57, #1261 ) ;
#2932 = DIRECTION ( 'NONE',  ( 0.000000000000000000, 1.000000000000000000, 0.000000000000000000 ) ) ;
#2933 = EDGE_LOOP ( 'NONE', ( #4028, #1882, #2885, #2822 ) ) ;
#2934 = DIRECTION ( 'NONE',  ( -1.000000000000000000, -0.000000000000000000, -0.000000000000000000 ) ) ;
#2935 = VERTEX_POINT ( 'NONE', #1460 ) ;
#2936 = FACE_OUTER_BOUND ( 'NONE', #2774, .T. ) ;
#2937 = DIRECTION ( 'NONE',  ( -0.3846153846153821387, -1.334402673828314572E-16, -0.9230769230769241274 ) ) ;
#2938 = SURFACE_STYLE_FILL_AREA ( #1920 ) ;
#2939 = EDGE_CURVE ( 'NONE', #3823, #4181, #1870, .T. ) ;
#2940 = STYLED_ITEM ( 'NONE', ( #2380 ), #6476 ) ;
#2941 = DIRECTION ( 'NONE',  ( 0.000000000000000000, 0.000000000000000000, -1.000000000000000000 ) ) ;
#2942 = VERTEX_POINT ( 'NONE', #4205 ) ;
#2943 = UNCERTAINTY_MEASURE_WITH_UNIT (LENGTH_MEASURE( 1.000000000000000082E-05 ), #6888, 'distance_accuracy_value', 'NONE');
#2944 =( GEOMETRIC_REPRESENTATION_CONTEXT ( 3 ) GLOBAL_UNCERTAINTY_ASSIGNED_CONTEXT ( ( #5379 ) ) GLOBAL_UNIT_ASSIGNED_CONTEXT ( ( #863, #6999, #1964 ) ) REPRESENTATION_CONTEXT ( 'NONE', 'WORKASPACE' ) );
#2945 = DIRECTION ( 'NONE',  ( 0.000000000000000000, 0.000000000000000000, -1.000000000000000000 ) ) ;
#2946 = PRESENTATION_STYLE_ASSIGNMENT (( #4409 ) ) ;
#2947 =( NAMED_UNIT ( * ) SI_UNIT ( $, .STERADIAN. ) SOLID_ANGLE_UNIT ( ) );
#2948 = DIRECTION ( 'NONE',  ( -1.000000000000000000, -0.000000000000000000, -0.000000000000000000 ) ) ;
#2949 =( NAMED_UNIT ( * ) PLANE_ANGLE_UNIT ( ) SI_UNIT ( $, .RADIAN. ) );
#2950 = SURFACE_STYLE_USAGE ( .BOTH. , #5189 ) ;
#2951 = DIRECTION ( 'NONE',  ( 0.2845982884263074109, -0.9586468662780973649, 0.000000000000000000 ) ) ;
#2952 = AXIS2_PLACEMENT_3D ( 'NONE', #2294, #37, #6751 ) ;
#2953 = SURFACE_SIDE_STYLE ('',( #6628 ) ) ;
#2954 = CARTESIAN_POINT ( 'NONE',  ( 0.2215389376202313021, 0.3407039768087347098, 0.7697447871910352291 ) ) ;
#2955 =( LENGTH_UNIT ( ) NAMED_UNIT ( * ) SI_UNIT ( $, .METRE. ) );
#2956 = SURFACE_STYLE_FILL_AREA ( #5984 ) ;
#2957 = DIMENSIONAL_EXPONENTS ( 1.000000000000000000, 0.000000000000000000, 0.000000000000000000, 0.000000000000000000, 0.000000000000000000, 0.000000000000000000, 0.000000000000000000 ) ;
#2958 = UNCERTAINTY_MEASURE_WITH_UNIT (LENGTH_MEASURE( 1.000000000000000082E-05 ), #2183, 'distance_accuracy_value', 'NONE');
#2959 = CARTESIAN_POINT ( 'NONE',  ( 0.09358618171471953795, 0.2068457090921995423, 0.5532093541201690279 ) ) ;
#2960 = CARTESIAN_POINT ( 'NONE',  ( 0.4105153155729873160, 0.08479846499771107049, 0.8681699840414289771 ) ) ;
#2961 = PRESENTATION_STYLE_ASSIGNMENT (( #5275 ) ) ;
#2962 =( GEOMETRIC_REPRESENTATION_CONTEXT ( 3 ) GLOBAL_UNCERTAINTY_ASSIGNED_CONTEXT ( ( #5514 ) ) GLOBAL_UNIT_ASSIGNED_CONTEXT ( ( #4490, #5065, #3 ) ) REPRESENTATION_CONTEXT ( 'NONE', 'WORKASPACE' ) );
#2963 =( NAMED_UNIT ( * ) PLANE_ANGLE_UNIT ( ) SI_UNIT ( $, .RADIAN. ) );
#2964 = VERTEX_POINT ( 'NONE', #6471 ) ;
#2965 = SURFACE_SIDE_STYLE ('',( #4788 ) ) ;
#2966 = LINE ( 'NONE', #1703, #5733 ) ;
#2967 = VERTEX_POINT ( 'NONE', #2068 ) ;
#2968 = SURFACE_STYLE_USAGE ( .BOTH. , #697 ) ;
#2969 = SURFACE_SIDE_STYLE ('',( #2737 ) ) ;
#2970 = CARTESIAN_POINT ( 'NONE',  ( 0.2372869691162943495, 0.1281055516118842774, 0.5532093541201690279 ) ) ;
#2971 =( GEOMETRIC_REPRESENTATION_CONTEXT ( 3 ) GLOBAL_UNCERTAINTY_ASSIGNED_CONTEXT ( ( #822 ) ) GLOBAL_UNIT_ASSIGNED_CONTEXT ( ( #6548, #6521, #930 ) ) REPRESENTATION_CONTEXT ( 'NONE', 'WORKASPACE' ) );
#2972 = ORIENTED_EDGE ( 'NONE', *, *, #346, .F. ) ;
#2973 = LENGTH_MEASURE_WITH_UNIT ( LENGTH_MEASURE( 0.02539999999999999897 ), #4805 );
#2974 = LINE ( 'NONE', #4019, #3056 ) ;
#2975 = STYLED_ITEM ( 'NONE', ( #6181 ), #72 ) ;
#2976 = SURFACE_SIDE_STYLE ('',( #4125 ) ) ;
#2977 = DIRECTION ( 'NONE',  ( 0.000000000000000000, -1.000000000000000000, 0.000000000000000000 ) ) ;
#2978 = SURFACE_STYLE_FILL_AREA ( #5259 ) ;
#2979 = CARTESIAN_POINT ( 'NONE',  ( 0.1106993531933221642, 0.5985779925567662474, 0.7920260509539009952 ) ) ;
#2980 = ORIENTED_EDGE ( 'NONE', *, *, #6929, .T. ) ;
#2981 = ORIENTED_EDGE ( 'NONE', *, *, #5168, .T. ) ;
#2982 = DIRECTION ( 'NONE',  ( 0.000000000000000000, 0.000000000000000000, 1.000000000000000000 ) ) ;
#2983 = MECHANICAL_DESIGN_GEOMETRIC_PRESENTATION_REPRESENTATION (  '', ( #2000 ), #1008 ) ;
#2984 = EDGE_LOOP ( 'NONE', ( #6897, #6630, #7068, #779 ) ) ;
#2985 = VECTOR ( 'NONE', #461, 39.37007874015748143 ) ;
#2986 = LINE ( 'NONE', #4561, #5923 ) ;
#2987 = CIRCLE ( 'NONE', #7007, 0.03937007874015747977 ) ;
#2988 = CARTESIAN_POINT ( 'NONE',  ( 0.2215389376202313021, 0.3092079138166087260, 0.7697447871910352291 ) ) ;
#2989 = FILL_AREA_STYLE ('',( #2425 ) ) ;
#2990 = VECTOR ( 'NONE', #4071, 39.37007874015748143 ) ;
#2991 = ORIENTED_EDGE ( 'NONE', *, *, #1149, .T. ) ;
#2992 = ORIENTED_EDGE ( 'NONE', *, *, #2653, .F. ) ;
#2993 = EDGE_CURVE ( 'NONE', #5730, #2384, #3704, .T. ) ;
#2994 = VECTOR ( 'NONE', #811, 39.37007874015748143 ) ;
#2995 = COLOUR_RGB ( '',1.000000000000000000, 1.000000000000000000, 1.000000000000000000 ) ;
#2996 = FACE_OUTER_BOUND ( 'NONE', #1088, .T. ) ;
#2997 = CARTESIAN_POINT ( 'NONE',  ( 0.1979168903761368559, 0.1674756303520417988, 0.5532093541201690279 ) ) ;
#2998 = LINE ( 'NONE', #4526, #1078 ) ;
#2999 = AXIS2_PLACEMENT_3D ( 'NONE', #3035, #5828, #921 ) ;
#3000 = CARTESIAN_POINT ( 'NONE',  ( 0.2057909061241683379, -0.06480783421488736651, 0.7500597478209566349 ) ) ;
#3001 = FILL_AREA_STYLE ('',( #4083 ) ) ;
#3002 = VERTEX_POINT ( 'NONE', #2572 ) ;
#3003 = LINE ( 'NONE', #5656, #5945 ) ;
#3004 = ORIENTED_EDGE ( 'NONE', *, *, #4459, .T. ) ;
#3005 = DIRECTION ( 'NONE',  ( 0.000000000000000000, 1.000000000000000000, 0.000000000000000000 ) ) ;
#3006 = DIRECTION ( 'NONE',  ( 1.000000000000000000, -0.000000000000000000, 0.000000000000000000 ) ) ;
#3007 = FILL_AREA_STYLE_COLOUR ( '', #2282 ) ;
#3008 = STYLED_ITEM ( 'NONE', ( #5481 ), #3754 ) ;
#3009 = LINE ( 'NONE', #5380, #4811 ) ;
#3010 = LENGTH_MEASURE_WITH_UNIT ( LENGTH_MEASURE( 0.02539999999999999897 ), #1780 );
#3011 = LINE ( 'NONE', #1223, #6381 ) ;
#3012 = ORIENTED_EDGE ( 'NONE', *, *, #3305, .T. ) ;
#3013 =( LENGTH_UNIT ( ) NAMED_UNIT ( * ) SI_UNIT ( $, .METRE. ) );
#3014 = DIRECTION ( 'NONE',  ( 0.000000000000000000, 1.000000000000000000, 0.000000000000000000 ) ) ;
#3015 =( LENGTH_UNIT ( ) NAMED_UNIT ( * ) SI_UNIT ( $, .METRE. ) );
#3016 = ORIENTED_EDGE ( 'NONE', *, *, #2578, .F. ) ;
#3017 = VERTEX_POINT ( 'NONE', #2615 ) ;
#3018 = CARTESIAN_POINT ( 'NONE',  ( 0.1014601974627510061, 0.3407039768087347098, 0.5532093541201690279 ) ) ;
#3019 = STYLED_ITEM ( 'NONE', ( #4744 ), #4877 ) ;
#3020 = LINE ( 'NONE', #1768, #3442 ) ;
#3021 = FACE_OUTER_BOUND ( 'NONE', #5183, .T. ) ;
#3022 = CARTESIAN_POINT ( 'NONE',  ( 0.06209011872259351944, 0.3092079138166087260, 0.5177762832540273585 ) ) ;
#3023 = ORIENTED_EDGE ( 'NONE', *, *, #3173, .T. ) ;
#3024 = CARTESIAN_POINT ( 'NONE',  ( 0.06209011872259351944, 0.3407039768087347098, 0.5532093541201690279 ) ) ;
#3025 =( CONVERSION_BASED_UNIT ( 'INCH', #4422 ) LENGTH_UNIT ( ) NAMED_UNIT ( #155 ) );
#3026 = CIRCLE ( 'NONE', #7, 0.04724409448818903123 ) ;
#3027 =( GEOMETRIC_REPRESENTATION_CONTEXT ( 3 ) GLOBAL_UNCERTAINTY_ASSIGNED_CONTEXT ( ( #987 ) ) GLOBAL_UNIT_ASSIGNED_CONTEXT ( ( #6245, #4574, #2947 ) ) REPRESENTATION_CONTEXT ( 'NONE', 'WORKASPACE' ) );
#3028 = ORIENTED_EDGE ( 'NONE', *, *, #5584, .T. ) ;
#3029 = AXIS2_PLACEMENT_3D ( 'NONE', #3923, #1639, #1707 ) ;
#3030 = CARTESIAN_POINT ( 'NONE',  ( 0.2215389376202312466, 0.5533024020055851144, 0.7697447871910348960 ) ) ;
#3031 = CARTESIAN_POINT ( 'NONE',  ( 0.1329562604548769900, -0.03331177122276120922, 0.7500597478209566349 ) ) ;
#3032 = DIMENSIONAL_EXPONENTS ( 1.000000000000000000, 0.000000000000000000, 0.000000000000000000, 0.000000000000000000, 0.000000000000000000, 0.000000000000000000, 0.000000000000000000 ) ;
#3033 = CIRCLE ( 'NONE', #2287, 0.03937007874015747977 ) ;
#3034 = CARTESIAN_POINT ( 'NONE',  ( 0.09358618171471951019, 0.2698378350764509270, 0.7894298265611140453 ) ) ;
#3035 = CARTESIAN_POINT ( 'NONE',  ( 0.1014601974627510061, 0.3013338980685772439, 0.5925794328603265493 ) ) ;
#3036 = ORIENTED_EDGE ( 'NONE', *, *, #5444, .T. ) ;
#3037 = CARTESIAN_POINT ( 'NONE',  ( 0.2215389376202312466, 0.6182630319268449526, 0.5728943934902481772 ) ) ;
#3038 = DIRECTION ( 'NONE',  ( 0.000000000000000000, -0.000000000000000000, -1.000000000000000000 ) ) ;
#3039 = EDGE_CURVE ( 'NONE', #5464, #3253, #3352, .T. ) ;
#3040 = CIRCLE ( 'NONE', #2891, 0.03937007874015748671 ) ;
#3041 = CARTESIAN_POINT ( 'NONE',  ( 0.1329562604548772953, 0.1674756303520417988, 0.7500597478209566349 ) ) ;
#3042 = DIRECTION ( 'NONE',  ( -0.000000000000000000, -1.000000000000000000, -0.000000000000000000 ) ) ;
#3043 = AXIS2_PLACEMENT_3D ( 'NONE', #1186, #4041, #126 ) ;
#3044 =( GEOMETRIC_REPRESENTATION_CONTEXT ( 3 ) GLOBAL_UNCERTAINTY_ASSIGNED_CONTEXT ( ( #2070 ) ) GLOBAL_UNIT_ASSIGNED_CONTEXT ( ( #5793, #4152, #4668 ) ) REPRESENTATION_CONTEXT ( 'NONE', 'WORKASPACE' ) );
#3045 = DIRECTION ( 'NONE',  ( 0.9544338947578754340, 1.168844414212973759E-16, -0.2984224196291437869 ) ) ;
#3046 = VECTOR ( 'NONE', #2087, 39.37007874015748143 ) ;
#3047 = CARTESIAN_POINT ( 'NONE',  ( 0.2057909061241683379, -0.06480783421488736651, 0.5689573856162322141 ) ) ;
#3048 = UNCERTAINTY_MEASURE_WITH_UNIT (LENGTH_MEASURE( 1.000000000000000082E-05 ), #386, 'distance_accuracy_value', 'NONE');
#3049 = EDGE_CURVE ( 'NONE', #4330, #2438, #6980, .T. ) ;
#3050 = AXIS2_PLACEMENT_3D ( 'NONE', #2344, #2910, #4023 ) ;
#3051 = VERTEX_POINT ( 'NONE', #3160 ) ;
#3052 = VERTEX_POINT ( 'NONE', #3189 ) ;
#3053 = CARTESIAN_POINT ( 'NONE',  ( 0.2215389376202313021, 0.3092079138166087260, 0.7697447871910352291 ) ) ;
#3054 = SURFACE_STYLE_USAGE ( .BOTH. , #2587 ) ;
#3055 = CIRCLE ( 'NONE', #2204, 0.03937007874015752140 ) ;
#3056 = VECTOR ( 'NONE', #1258, 39.37007874015748143 ) ;
#3057 = ORIENTED_EDGE ( 'NONE', *, *, #1686, .F. ) ;
#3058 = MECHANICAL_DESIGN_GEOMETRIC_PRESENTATION_REPRESENTATION (  '', ( #3564 ), #6293 ) ;
#3059 =( NAMED_UNIT ( * ) SI_UNIT ( $, .STERADIAN. ) SOLID_ANGLE_UNIT ( ) );
#3060 = FILL_AREA_STYLE_COLOUR ( '', #6427 ) ;
#3061 = DIMENSIONAL_EXPONENTS ( 1.000000000000000000, 0.000000000000000000, 0.000000000000000000, 0.000000000000000000, 0.000000000000000000, 0.000000000000000000, 0.000000000000000000 ) ;
#3062 =( NAMED_UNIT ( * ) PLANE_ANGLE_UNIT ( ) SI_UNIT ( $, .RADIAN. ) );
#3063 = SURFACE_STYLE_USAGE ( .BOTH. , #7006 ) ;
#3064 = MECHANICAL_DESIGN_GEOMETRIC_PRESENTATION_REPRESENTATION (  '', ( #1525 ), #4044 ) ;
#3065 =( NAMED_UNIT ( * ) PLANE_ANGLE_UNIT ( ) SI_UNIT ( $, .RADIAN. ) );
#3066 = PRESENTATION_LAYER_ASSIGNMENT (  '', '', ( #5702 ) ) ;
#3067 = FACE_OUTER_BOUND ( 'NONE', #4297, .T. ) ;
#3068 = FILL_AREA_STYLE ('',( #2025 ) ) ;
#3069 = DIMENSIONAL_EXPONENTS ( 1.000000000000000000, 0.000000000000000000, 0.000000000000000000, 0.000000000000000000, 0.000000000000000000, 0.000000000000000000, 0.000000000000000000 ) ;
#3070 = COLOUR_RGB ( '',0.7803921568627451011, 0.7607843137254901578, 0.7411764705882353255 ) ;
#3071 = DIMENSIONAL_EXPONENTS ( 1.000000000000000000, 0.000000000000000000, 0.000000000000000000, 0.000000000000000000, 0.000000000000000000, 0.000000000000000000, 0.000000000000000000 ) ;
#3072 = ORIENTED_EDGE ( 'NONE', *, *, #1995, .F. ) ;
#3073 = DIRECTION ( 'NONE',  ( -0.000000000000000000, 1.000000000000000000, 0.000000000000000000 ) ) ;
#3074 = SURFACE_STYLE_FILL_AREA ( #5436 ) ;
#3075 = DIRECTION ( 'NONE',  ( -0.9544338947578755450, 0.000000000000000000, 0.2984224196291434539 ) ) ;
#3076 = LINE ( 'NONE', #1499, #3421 ) ;
#3077 = SURFACE_SIDE_STYLE ('',( #6144 ) ) ;
#3078 = EDGE_CURVE ( 'NONE', #6154, #7008, #890, .T. ) ;
#3079 = AXIS2_PLACEMENT_3D ( 'NONE', #2059, #1556, #2129 ) ;
#3080 = PRESENTATION_STYLE_ASSIGNMENT (( #2441 ) ) ;
#3081 = PRESENTATION_LAYER_ASSIGNMENT (  '', '', ( #613 ) ) ;
#3082 = CARTESIAN_POINT ( 'NONE',  ( 0.06209011872259351944, 0.3092079138166087260, 0.5532093541201690279 ) ) ;
#3083 = ORIENTED_EDGE ( 'NONE', *, *, #6224, .F. ) ;
#3084 = DIRECTION ( 'NONE',  ( 0.000000000000000000, -0.8944271909999167436, 0.4472135954999562069 ) ) ;
#3085 = LINE ( 'NONE', #3324, #4194 ) ;
#3086 = CYLINDRICAL_SURFACE ( 'NONE', #6827, 0.01968503937007873988 ) ;
#3087 = DIRECTION ( 'NONE',  ( 0.000000000000000000, 1.000000000000000000, 0.000000000000000000 ) ) ;
#3088 = EDGE_CURVE ( 'NONE', #4919, #1541, #5944, .T. ) ;
#3089 = DIRECTION ( 'NONE',  ( 0.000000000000000000, 1.000000000000000000, 0.000000000000000000 ) ) ;
#3090 = FILL_AREA_STYLE_COLOUR ( '', #2454 ) ;
#3091 =( GEOMETRIC_REPRESENTATION_CONTEXT ( 3 ) GLOBAL_UNCERTAINTY_ASSIGNED_CONTEXT ( ( #1117 ) ) GLOBAL_UNIT_ASSIGNED_CONTEXT ( ( #217, #4119, #3589 ) ) REPRESENTATION_CONTEXT ( 'NONE', 'WORKASPACE' ) );
#3092 = LINE ( 'NONE', #6067, #5604 ) ;
#3093 = DIRECTION ( 'NONE',  ( -0.9544338947578754340, -1.168844414212974006E-16, -0.2984224196291437869 ) ) ;
#3094 =( NAMED_UNIT ( * ) PLANE_ANGLE_UNIT ( ) SI_UNIT ( $, .RADIAN. ) );
#3095 = LINE ( 'NONE', #5685, #5861 ) ;
#3096 = VERTEX_POINT ( 'NONE', #839 ) ;
#3097 = EDGE_LOOP ( 'NONE', ( #2237, #611, #3945, #2130 ) ) ;
#3098 = FILL_AREA_STYLE ('',( #2081 ) ) ;
#3099 = ORIENTED_EDGE ( 'NONE', *, *, #6173, .T. ) ;
#3100 = CARTESIAN_POINT ( 'NONE',  ( 0.1329562604548772675, 0.3092079138166086705, 0.7894298265611140453 ) ) ;
#3101 = PRESENTATION_LAYER_ASSIGNMENT (  '', '', ( #3008 ) ) ;
#3102 = DIRECTION ( 'NONE',  ( 0.000000000000000000, -0.000000000000000000, -1.000000000000000000 ) ) ;
#3103 = EDGE_LOOP ( 'NONE', ( #6385, #1599, #4353, #5696 ) ) ;
#3104 = DIRECTION ( 'NONE',  ( 0.000000000000000000, 0.000000000000000000, 1.000000000000000000 ) ) ;
#3105 =( NAMED_UNIT ( * ) SI_UNIT ( $, .STERADIAN. ) SOLID_ANGLE_UNIT ( ) );
#3106 = DIMENSIONAL_EXPONENTS ( 1.000000000000000000, 0.000000000000000000, 0.000000000000000000, 0.000000000000000000, 0.000000000000000000, 0.000000000000000000, 0.000000000000000000 ) ;
#3107 = CLOSED_SHELL ( 'NONE', ( #6587, #412, #6621, #4528, #2082, #4305, #6159, #3653, #7126, #4249, #2042, #7013 ) ) ;
#3108 = CARTESIAN_POINT ( 'NONE',  ( 0.1329562604548769900, 0.2698378350764512046, 0.5532093541201690279 ) ) ;
#3109 = FILL_AREA_STYLE ('',( #3060 ) ) ;
#3110 = PRESENTATION_STYLE_ASSIGNMENT (( #2043 ) ) ;
#3111 = EDGE_LOOP ( 'NONE', ( #603, #530, #2119, #5739 ) ) ;
#3112 = CARTESIAN_POINT ( 'NONE',  ( 0.1839628000313384970, 0.5533024020055851144, 0.5611454793316205114 ) ) ;
#3113 = AXIS2_PLACEMENT_3D ( 'NONE', #4958, #1793, #2733 ) ;
#3114 = EDGE_CURVE ( 'NONE', #2209, #2310, #792, .T. ) ;
#3115 = CARTESIAN_POINT ( 'NONE',  ( 0.1329562604548769900, 0.2068457090921992647, 0.5532093541201690279 ) ) ;
#3116 = LINE ( 'NONE', #4822, #3899 ) ;
#3117 = CARTESIAN_POINT ( 'NONE',  ( 0.1329562604548772953, 0.1674756303520417988, 0.7894298265611140453 ) ) ;
#3118 = COLOUR_RGB ( '',1.000000000000000000, 1.000000000000000000, 1.000000000000000000 ) ;
#3119 = ORIENTED_EDGE ( 'NONE', *, *, #1995, .T. ) ;
#3120 = EDGE_CURVE ( 'NONE', #5938, #5204, #4980, .T. ) ;
#3121 = MECHANICAL_DESIGN_GEOMETRIC_PRESENTATION_REPRESENTATION (  '', ( #491 ), #4496 ) ;
#3122 = SURFACE_STYLE_FILL_AREA ( #5822 ) ;
#3123 = AXIS2_PLACEMENT_3D ( 'NONE', #3598, #4697, #5234 ) ;
#3124 = ORIENTED_EDGE ( 'NONE', *, *, #1065, .T. ) ;
#3125 = STYLED_ITEM ( 'NONE', ( #6119 ), #5966 ) ;
#3126 = SURFACE_SIDE_STYLE ('',( #4644 ) ) ;
#3127 = EDGE_CURVE ( 'NONE', #790, #215, #6372, .T. ) ;
#3128 = FILL_AREA_STYLE ('',( #4684 ) ) ;
#3129 = COLOUR_RGB ( '',0.7803921568627451011, 0.7607843137254901578, 0.7411764705882353255 ) ;
#3130 = SURFACE_STYLE_FILL_AREA ( #2863 ) ;
#3131 = PLANE ( 'NONE',  #4341 ) ;
#3132 = DIRECTION ( 'NONE',  ( -0.9544338947578753229, 0.000000000000000000, -0.2984224196291438980 ) ) ;
#3133 =( NAMED_UNIT ( * ) PLANE_ANGLE_UNIT ( ) SI_UNIT ( $, .RADIAN. ) );
#3134 = EDGE_CURVE ( 'NONE', #6086, #5785, #5239, .T. ) ;
#3135 =( LENGTH_UNIT ( ) NAMED_UNIT ( * ) SI_UNIT ( $, .METRE. ) );
#3136 = STYLED_ITEM ( 'NONE', ( #6024 ), #6986 ) ;
#3137 = UNCERTAINTY_MEASURE_WITH_UNIT (LENGTH_MEASURE( 1.000000000000000082E-05 ), #6337, 'distance_accuracy_value', 'NONE');
#3138 =( GEOMETRIC_REPRESENTATION_CONTEXT ( 3 ) GLOBAL_UNCERTAINTY_ASSIGNED_CONTEXT ( ( #6990 ) ) GLOBAL_UNIT_ASSIGNED_CONTEXT ( ( #1507, #1015, #4307 ) ) REPRESENTATION_CONTEXT ( 'NONE', 'WORKASPACE' ) );
#3139 =( NAMED_UNIT ( * ) PLANE_ANGLE_UNIT ( ) SI_UNIT ( $, .RADIAN. ) );
#3140 = CARTESIAN_POINT ( 'NONE',  ( 0.2215389376202312466, 0.5985779925567662474, 0.7697447871910348960 ) ) ;
#3141 = ORIENTED_EDGE ( 'NONE', *, *, #3372, .F. ) ;
#3142 = COLOUR_RGB ( '',1.000000000000000000, 1.000000000000000000, 1.000000000000000000 ) ;
#3143 =( NAMED_UNIT ( * ) SI_UNIT ( $, .STERADIAN. ) SOLID_ANGLE_UNIT ( ) );
#3144 = EDGE_CURVE ( 'NONE', #5323, #1568, #6643, .T. ) ;
#3145 = DIMENSIONAL_EXPONENTS ( 1.000000000000000000, 0.000000000000000000, 0.000000000000000000, 0.000000000000000000, 0.000000000000000000, 0.000000000000000000, 0.000000000000000000 ) ;
#3146 = VECTOR ( 'NONE', #2808, 39.37007874015748854 ) ;
#3147 = ADVANCED_FACE ( 'NONE', ( #4043 ), #2674, .T. ) ;
#3148 =( GEOMETRIC_REPRESENTATION_CONTEXT ( 3 ) GLOBAL_UNCERTAINTY_ASSIGNED_CONTEXT ( ( #349 ) ) GLOBAL_UNIT_ASSIGNED_CONTEXT ( ( #6260, #1760, #5143 ) ) REPRESENTATION_CONTEXT ( 'NONE', 'WORKASPACE' ) );
#3149 = LINE ( 'NONE', #4076, #2194 ) ;
#3150 =( LENGTH_UNIT ( ) NAMED_UNIT ( * ) SI_UNIT ( $, .METRE. ) );
#3151 = ORIENTED_EDGE ( 'NONE', *, *, #802, .F. ) ;
#3152 =( CONVERSION_BASED_UNIT ( 'INCH', #1590 ) LENGTH_UNIT ( ) NAMED_UNIT ( #1939 ) );
#3153 = FILL_AREA_STYLE_COLOUR ( '', #2451 ) ;
#3154 = VECTOR ( 'NONE', #6772, 39.37007874015748143 ) ;
#3155 =( LENGTH_UNIT ( ) NAMED_UNIT ( * ) SI_UNIT ( $, .METRE. ) );
#3156 = CARTESIAN_POINT ( 'NONE',  ( 0.06209011872259351944, 0.3092079138166087260, 0.8248628974272557146 ) ) ;
#3157 = CYLINDRICAL_SURFACE ( 'NONE', #5603, 0.07480314960629924625 ) ;
#3158 = MECHANICAL_DESIGN_GEOMETRIC_PRESENTATION_REPRESENTATION (  '', ( #4720 ), #1514 ) ;
#3159 = CARTESIAN_POINT ( 'NONE',  ( 0.1546098037619636212, 0.1359795673599157873, 0.7500597478209566349 ) ) ;
#3160 = CARTESIAN_POINT ( 'NONE',  ( 0.1034287013997588905, 0.1064520083047976878, 0.7894298265611140453 ) ) ;
#3161 = ORIENTED_EDGE ( 'NONE', *, *, #3797, .F. ) ;
#3162 = VERTEX_POINT ( 'NONE', #6028 ) ;
#3163 = VERTEX_POINT ( 'NONE', #6620 ) ;
#3164 = CARTESIAN_POINT ( 'NONE',  ( 0.1014601974627510061, 0.1753496461000733087, 0.5532093541201690279 ) ) ;
#3165 = PLANE ( 'NONE',  #3673 ) ;
#3166 = CIRCLE ( 'NONE', #2652, 0.07480314960629924625 ) ;
#3167 = CARTESIAN_POINT ( 'NONE',  ( 0.4183893313210187981, 0.4430661815331417563, 0.4744691966398540961 ) ) ;
#3168 = COLOUR_RGB ( '',1.000000000000000000, 1.000000000000000000, 1.000000000000000000 ) ;
#3169 = ORIENTED_EDGE ( 'NONE', *, *, #1355, .F. ) ;
#3170 = STYLED_ITEM ( 'NONE', ( #3492 ), #960 ) ;
#3171 =( NAMED_UNIT ( * ) PLANE_ANGLE_UNIT ( ) SI_UNIT ( $, .RADIAN. ) );
#3172 = ORIENTED_EDGE ( 'NONE', *, *, #6985, .F. ) ;
#3173 = EDGE_CURVE ( 'NONE', #3964, #264, #5774, .T. ) ;
#3174 = LENGTH_MEASURE_WITH_UNIT ( LENGTH_MEASURE( 0.02539999999999999897 ), #3406 );
#3175 =( LENGTH_UNIT ( ) NAMED_UNIT ( * ) SI_UNIT ( $, .METRE. ) );
#3176 = ADVANCED_FACE ( 'NONE', ( #540 ), #3863, .F. ) ;
#3177 = DIRECTION ( 'NONE',  ( 1.000000000000000000, 0.000000000000000000, 0.000000000000000000 ) ) ;
#3178 =( NAMED_UNIT ( * ) PLANE_ANGLE_UNIT ( ) SI_UNIT ( $, .RADIAN. ) );
#3179 = EDGE_LOOP ( 'NONE', ( #5044, #3119, #7219, #5341, #1667, #5762, #5174, #4012, #3036, #1140, #3889, #5074, #1245, #2501 ) ) ;
#3180 = PRESENTATION_STYLE_ASSIGNMENT (( #2167 ) ) ;
#3181 = FILL_AREA_STYLE_COLOUR ( '', #7216 ) ;
#3182 = STYLED_ITEM ( 'NONE', ( #369 ), #7092 ) ;
#3183 = VECTOR ( 'NONE', #6380, 39.37007874015748143 ) ;
#3184 = ORIENTED_EDGE ( 'NONE', *, *, #4147, .F. ) ;
#3185 = MECHANICAL_DESIGN_GEOMETRIC_PRESENTATION_REPRESENTATION (  '', ( #32 ), #3044 ) ;
#3186 = CARTESIAN_POINT ( 'NONE',  ( 0.1501442762013350252, 0.5985779925567662474, 0.7920677240924275386 ) ) ;
#3187 = PLANE ( 'NONE',  #6413 ) ;
#3188 = UNCERTAINTY_MEASURE_WITH_UNIT (LENGTH_MEASURE( 1.000000000000000082E-05 ), #3307, 'distance_accuracy_value', 'NONE');
#3189 = CARTESIAN_POINT ( 'NONE',  ( 0.3475231895887347933, 0.1910976775961362728, 0.5177762832540273585 ) ) ;
#3190 = ADVANCED_FACE ( 'NONE', ( #4040 ), #7125, .T. ) ;
#3191 = COLOUR_RGB ( '',1.000000000000000000, 1.000000000000000000, 1.000000000000000000 ) ;
#3192 =( CONVERSION_BASED_UNIT ( 'INCH', #2554 ) LENGTH_UNIT ( ) NAMED_UNIT ( #397 ) );
#3193 = LENGTH_MEASURE_WITH_UNIT ( LENGTH_MEASURE( 0.02539999999999999897 ), #3423 );
#3194 = EDGE_LOOP ( 'NONE', ( #1096, #6992, #2006, #3377 ) ) ;
#3195 = FILL_AREA_STYLE ('',( #2528 ) ) ;
#3196 = EDGE_CURVE ( 'NONE', #1705, #2567, #1680, .T. ) ;
#3197 = CARTESIAN_POINT ( 'NONE',  ( 0.4183893313210187981, 0.08479846499771107049, 0.8681699840414289771 ) ) ;
#3198 = MECHANICAL_DESIGN_GEOMETRIC_PRESENTATION_REPRESENTATION (  '', ( #3327 ), #1688 ) ;
#3199 = ORIENTED_EDGE ( 'NONE', *, *, #6472, .T. ) ;
#3200 = VERTEX_POINT ( 'NONE', #1658 ) ;
#3201 = FILL_AREA_STYLE ('',( #2078 ) ) ;
#3202 = CIRCLE ( 'NONE', #19, 0.03937007874015747977 ) ;
#3203 = ORIENTED_EDGE ( 'NONE', *, *, #3456, .F. ) ;
#3204 = ADVANCED_FACE ( 'NONE', ( #5148 ), #5987, .T. ) ;
#3205 = ORIENTED_EDGE ( 'NONE', *, *, #6963, .F. ) ;
#3206 = CARTESIAN_POINT ( 'NONE',  ( 0.3475231895887351818, 0.3407039768087347098, 0.5925794328603265493 ) ) ;
#3207 = DIRECTION ( 'NONE',  ( 0.000000000000000000, 1.000000000000000000, 0.000000000000000000 ) ) ;
#3208 = CARTESIAN_POINT ( 'NONE',  ( 0.2215389376202312466, 0.5985779925567662474, 0.7697447871910348960 ) ) ;
#3209 = CARTESIAN_POINT ( 'NONE',  ( 0.1546098037619636212, 0.1359795673599157873, 0.5925794328603265493 ) ) ;
#3210 = LENGTH_MEASURE_WITH_UNIT ( LENGTH_MEASURE( 0.02539999999999999897 ), #6015 );
#3211 = LINE ( 'NONE', #2246, #7104 ) ;
#3212 = ORIENTED_EDGE ( 'NONE', *, *, #1393, .T. ) ;
#3213 = ADVANCED_FACE ( 'NONE', ( #7061 ), #2795, .F. ) ;
#3214 = AXIS2_PLACEMENT_3D ( 'NONE', #6781, #1199, #4937 ) ;
#3215 = EDGE_CURVE ( 'NONE', #5750, #1040, #3085, .T. ) ;
#3216 = CARTESIAN_POINT ( 'NONE',  ( 0.2372869691162943495, 0.09267248074574256644, 0.7894298265611140453 ) ) ;
#3217 = VECTOR ( 'NONE', #3818, 39.37007874015748143 ) ;
#3218 = CARTESIAN_POINT ( 'NONE',  ( 0.02468854391944393101, 0.6950346854701520138, 0.8681699840414289771 ) ) ;
#3219 =( NAMED_UNIT ( * ) PLANE_ANGLE_UNIT ( ) SI_UNIT ( $, .RADIAN. ) );
#3220 = CARTESIAN_POINT ( 'NONE',  ( 0.1034287013997588905, 0.1064520083047976878, 0.7500597478209566349 ) ) ;
#3221 = DIMENSIONAL_EXPONENTS ( 1.000000000000000000, 0.000000000000000000, 0.000000000000000000, 0.000000000000000000, 0.000000000000000000, 0.000000000000000000, 0.000000000000000000 ) ;
#3222 = AXIS2_PLACEMENT_3D ( 'NONE', #2773, #1679, #4402 ) ;
#3223 = FILL_AREA_STYLE_COLOUR ( '', #795 ) ;
#3224 = FILL_AREA_STYLE ('',( #2083 ) ) ;
#3225 = LENGTH_MEASURE_WITH_UNIT ( LENGTH_MEASURE( 0.02539999999999999897 ), #3755 );
#3226 = CARTESIAN_POINT ( 'NONE',  ( 0.3475231895887351818, 0.3092079138166087260, 0.8248628974272557146 ) ) ;
#3227 = ORIENTED_EDGE ( 'NONE', *, *, #3291, .F. ) ;
#3228 = VERTEX_POINT ( 'NONE', #6090 ) ;
#3229 = DIRECTION ( 'NONE',  ( -1.224646799147353454E-16, 1.000000000000000000, -1.848892746611746419E-32 ) ) ;
#3230 = CARTESIAN_POINT ( 'NONE',  ( 0.1501442762013350252, 0.5985779925567662474, 0.5505714565888555345 ) ) ;
#3231 = EDGE_CURVE ( 'NONE', #2489, #3435, #2292, .T. ) ;
#3232 = CARTESIAN_POINT ( 'NONE',  ( 0.06209011872259351944, 0.1359795673599158150, 0.5532093541201690279 ) ) ;
#3233 = DIRECTION ( 'NONE',  ( 0.000000000000000000, 0.000000000000000000, -1.000000000000000000 ) ) ;
#3234 = LINE ( 'NONE', #5655, #1297 ) ;
#3235 =( GEOMETRIC_REPRESENTATION_CONTEXT ( 3 ) GLOBAL_UNCERTAINTY_ASSIGNED_CONTEXT ( ( #3137 ) ) GLOBAL_UNIT_ASSIGNED_CONTEXT ( ( #6337, #4711, #4230 ) ) REPRESENTATION_CONTEXT ( 'NONE', 'WORKASPACE' ) );
#3236 = ORIENTED_EDGE ( 'NONE', *, *, #4390, .F. ) ;
#3237 = FACE_OUTER_BOUND ( 'NONE', #3323, .T. ) ;
#3238 =( LENGTH_UNIT ( ) NAMED_UNIT ( * ) SI_UNIT ( $, .METRE. ) );
#3239 =( NAMED_UNIT ( * ) PLANE_ANGLE_UNIT ( ) SI_UNIT ( $, .RADIAN. ) );
#3240 = PRESENTATION_STYLE_ASSIGNMENT (( #2259 ) ) ;
#3241 = DIRECTION ( 'NONE',  ( 0.000000000000000000, -0.000000000000000000, 1.000000000000000000 ) ) ;
#3242 = LINE ( 'NONE', #1321, #4761 ) ;
#3243 = LINE ( 'NONE', #269, #5218 ) ;
#3244 = AXIS2_PLACEMENT_3D ( 'NONE', #1342, #4641, #5215 ) ;
#3245 = VERTEX_POINT ( 'NONE', #3350 ) ;
#3246 = LINE ( 'NONE', #6253, #1578 ) ;
#3247 = ADVANCED_FACE ( 'NONE', ( #4541, #6886 ), #1684, .T. ) ;
#3248 = SURFACE_STYLE_USAGE ( .BOTH. , #6487 ) ;
#3249 = DIRECTION ( 'NONE',  ( 0.000000000000000000, 0.000000000000000000, 1.000000000000000000 ) ) ;
#3250 = LINE ( 'NONE', #5709, #5401 ) ;
#3251 =( NAMED_UNIT ( * ) SI_UNIT ( $, .STERADIAN. ) SOLID_ANGLE_UNIT ( ) );
#3252 = CARTESIAN_POINT ( 'NONE',  ( 0.1785912521295395516, 0.3407039768087347098, 0.7894298265611140453 ) ) ;
#3253 = VERTEX_POINT ( 'NONE', #4954 ) ;
#3254 = DIMENSIONAL_EXPONENTS ( 1.000000000000000000, 0.000000000000000000, 0.000000000000000000, 0.000000000000000000, 0.000000000000000000, 0.000000000000000000, 0.000000000000000000 ) ;
#3255 = AXIS2_PLACEMENT_3D ( 'NONE', #5798, #2504, #3045 ) ;
#3256 = EDGE_CURVE ( 'NONE', #351, #885, #3948, .T. ) ;
#3257 = DIMENSIONAL_EXPONENTS ( 1.000000000000000000, 0.000000000000000000, 0.000000000000000000, 0.000000000000000000, 0.000000000000000000, 0.000000000000000000, 0.000000000000000000 ) ;
#3258 = ORIENTED_EDGE ( 'NONE', *, *, #5803, .T. ) ;
#3259 = VECTOR ( 'NONE', #51, 39.37007874015748143 ) ;
#3260 = UNCERTAINTY_MEASURE_WITH_UNIT (LENGTH_MEASURE( 1.000000000000000082E-05 ), #5734, 'distance_accuracy_value', 'NONE');
#3261 = SURFACE_SIDE_STYLE ('',( #5096 ) ) ;
#3262 = ORIENTED_EDGE ( 'NONE', *, *, #3173, .F. ) ;
#3263 =( LENGTH_UNIT ( ) NAMED_UNIT ( * ) SI_UNIT ( $, .METRE. ) );
#3264 = MECHANICAL_DESIGN_GEOMETRIC_PRESENTATION_REPRESENTATION (  '', ( #2335 ), #4001 ) ;
#3265 = VECTOR ( 'NONE', #1379, 39.37007874015748143 ) ;
#3266 = AXIS2_PLACEMENT_3D ( 'NONE', #6961, #886, #277 ) ;
#3267 = ORIENTED_EDGE ( 'NONE', *, *, #1247, .F. ) ;
#3268 = EDGE_CURVE ( 'NONE', #215, #1255, #5136, .T. ) ;
#3269 = CARTESIAN_POINT ( 'NONE',  ( 0.2215389376202312466, 0.6182630319268449526, 0.5728943934902481772 ) ) ;
#3270 = LENGTH_MEASURE_WITH_UNIT ( LENGTH_MEASURE( 0.02539999999999999897 ), #6137 );
#3271 =( CONVERSION_BASED_UNIT ( 'INCH', #471 ) LENGTH_UNIT ( ) NAMED_UNIT ( #851 ) );
#3272 = COLOUR_RGB ( '',1.000000000000000000, 1.000000000000000000, 1.000000000000000000 ) ;
#3273 = UNCERTAINTY_MEASURE_WITH_UNIT (LENGTH_MEASURE( 1.000000000000000082E-05 ), #229, 'distance_accuracy_value', 'NONE');
#3274 = VERTEX_POINT ( 'NONE', #1143 ) ;
#3275 = FILL_AREA_STYLE_COLOUR ( '', #3504 ) ;
#3276 =( NAMED_UNIT ( * ) PLANE_ANGLE_UNIT ( ) SI_UNIT ( $, .RADIAN. ) );
#3277 = AXIS2_PLACEMENT_3D ( 'NONE', #6457, #1400, #1466 ) ;
#3278 = ORIENTED_EDGE ( 'NONE', *, *, #6220, .F. ) ;
#3279 = ORIENTED_EDGE ( 'NONE', *, *, #3088, .F. ) ;
#3280 = DIRECTION ( 'NONE',  ( -0.000000000000000000, -0.000000000000000000, -1.000000000000000000 ) ) ;
#3281 = CIRCLE ( 'NONE', #5293, 0.03937007874015747977 ) ;
#3282 = SURFACE_STYLE_USAGE ( .BOTH. , #3860 ) ;
#3283 =( LENGTH_UNIT ( ) NAMED_UNIT ( * ) SI_UNIT ( $, .METRE. ) );
#3284 = CARTESIAN_POINT ( 'NONE',  ( 0.3475231895887345157, 0.3092079138166087260, 0.6280125037264683296 ) ) ;
#3285 = ORIENTED_EDGE ( 'NONE', *, *, #5306, .F. ) ;
#3286 = SURFACE_STYLE_FILL_AREA ( #4837 ) ;
#3287 = LENGTH_MEASURE_WITH_UNIT ( LENGTH_MEASURE( 0.02539999999999999897 ), #2794 );
#3288 = ORIENTED_EDGE ( 'NONE', *, *, #3636, .T. ) ;
#3289 = ADVANCED_FACE ( 'NONE', ( #2122 ), #5640, .F. ) ;
#3290 =( CONVERSION_BASED_UNIT ( 'INCH', #5178 ) LENGTH_UNIT ( ) NAMED_UNIT ( #6327 ) );
#3291 = EDGE_CURVE ( 'NONE', #5243, #557, #7150, .T. ) ;
#3292 = ORIENTED_EDGE ( 'NONE', *, *, #4791, .T. ) ;
#3293 = VECTOR ( 'NONE', #3443, 39.37007874015748143 ) ;
#3294 = DIRECTION ( 'NONE',  ( 0.5882254945458063045, 0.7875050010075858031, -0.1839202026814447943 ) ) ;
#3295 = STYLED_ITEM ( 'NONE', ( #6363 ), #3316 ) ;
#3296 = VERTEX_POINT ( 'NONE', #6829 ) ;
#3297 = DIRECTION ( 'NONE',  ( -0.000000000000000000, -0.8944271909999162995, -0.4472135954999568730 ) ) ;
#3298 = SURFACE_STYLE_USAGE ( .BOTH. , #7182 ) ;
#3299 = VECTOR ( 'NONE', #4942, 39.37007874015748143 ) ;
#3300 = DIMENSIONAL_EXPONENTS ( 1.000000000000000000, 0.000000000000000000, 0.000000000000000000, 0.000000000000000000, 0.000000000000000000, 0.000000000000000000, 0.000000000000000000 ) ;
#3301 = CARTESIAN_POINT ( 'NONE',  ( 0.2057909061241683379, -0.06480783421488736651, 0.5532093541201690279 ) ) ;
#3302 = ORIENTED_EDGE ( 'NONE', *, *, #6633, .F. ) ;
#3303 = CARTESIAN_POINT ( 'NONE',  ( 0.3475231895887351818, 0.3092079138166087260, 0.5532093541201690279 ) ) ;
#3304 =( GEOMETRIC_REPRESENTATION_CONTEXT ( 3 ) GLOBAL_UNCERTAINTY_ASSIGNED_CONTEXT ( ( #4969 ) ) GLOBAL_UNIT_ASSIGNED_CONTEXT ( ( #2308, #4527, #4629 ) ) REPRESENTATION_CONTEXT ( 'NONE', 'WORKASPACE' ) );
#3305 = EDGE_CURVE ( 'NONE', #1685, #5316, #88, .T. ) ;
#3306 = DIRECTION ( 'NONE',  ( -1.591489427501660608E-16, 1.000000000000000000, 0.000000000000000000 ) ) ;
#3307 =( CONVERSION_BASED_UNIT ( 'INCH', #684 ) LENGTH_UNIT ( ) NAMED_UNIT ( #2197 ) );
#3308 = FILL_AREA_STYLE ('',( #4909 ) ) ;
#3309 = FILL_AREA_STYLE_COLOUR ( '', #2048 ) ;
#3310 = AXIS2_PLACEMENT_3D ( 'NONE', #319, #5885, #2073 ) ;
#3311 = AXIS2_PLACEMENT_3D ( 'NONE', #132, #679, #2299 ) ;
#3312 = DIRECTION ( 'NONE',  ( -0.000000000000000000, -0.000000000000000000, 1.000000000000000000 ) ) ;
#3313 = DIRECTION ( 'NONE',  ( -0.000000000000000000, 1.000000000000000000, -0.000000000000000000 ) ) ;
#3314 = LENGTH_MEASURE_WITH_UNIT ( LENGTH_MEASURE( 0.02539999999999999897 ), #897 );
#3315 = PRESENTATION_LAYER_ASSIGNMENT (  '', '', ( #576 ) ) ;
#3316 = ADVANCED_FACE ( 'NONE', ( #6267 ), #655, .F. ) ;
#3317 = AXIS2_PLACEMENT_3D ( 'NONE', #3944, #6202, #3177 ) ;
#3318 = ORIENTED_EDGE ( 'NONE', *, *, #2772, .T. ) ;
#3319 = DIRECTION ( 'NONE',  ( -0.000000000000000000, -0.000000000000000000, 1.000000000000000000 ) ) ;
#3320 = DIRECTION ( 'NONE',  ( 0.000000000000000000, 0.000000000000000000, 1.000000000000000000 ) ) ;
#3321 = VECTOR ( 'NONE', #4924, 39.37007874015748143 ) ;
#3322 = PLANE ( 'NONE',  #4058 ) ;
#3323 = EDGE_LOOP ( 'NONE', ( #1871, #6425, #7169, #5373 ) ) ;
#3324 = CARTESIAN_POINT ( 'NONE',  ( 0.3475231895887351818, 0.3092079138166087260, 0.7894298265611140453 ) ) ;
#3325 = EDGE_CURVE ( 'NONE', #5173, #5323, #2986, .T. ) ;
#3326 = CYLINDRICAL_SURFACE ( 'NONE', #1122, 0.03937007874015747977 ) ;
#3327 = STYLED_ITEM ( 'NONE', ( #4871 ), #2651 ) ;
#3328 = LINE ( 'NONE', #2881, #1222 ) ;
#3329 = VECTOR ( 'NONE', #2453, 39.37007874015748143 ) ;
#3330 =( CONVERSION_BASED_UNIT ( 'INCH', #2356 ) LENGTH_UNIT ( ) NAMED_UNIT ( #693 ) );
#3331 = ORIENTED_EDGE ( 'NONE', *, *, #4455, .F. ) ;
#3332 = EDGE_LOOP ( 'NONE', ( #989, #2778, #3169, #3446 ) ) ;
#3333 = VERTEX_POINT ( 'NONE', #3511 ) ;
#3334 = LENGTH_MEASURE_WITH_UNIT ( LENGTH_MEASURE( 0.02539999999999999897 ), #5290 );
#3335 = COLOUR_RGB ( '',0.7803921568627451011, 0.7607843137254901578, 0.7411764705882353255 ) ;
#3336 = COLOUR_RGB ( '',1.000000000000000000, 1.000000000000000000, 1.000000000000000000 ) ;
#3337 = MECHANICAL_DESIGN_GEOMETRIC_PRESENTATION_REPRESENTATION (  '', ( #2253 ), #6808 ) ;
#3338 = PRESENTATION_STYLE_ASSIGNMENT (( #6429 ) ) ;
#3339 = SURFACE_STYLE_FILL_AREA ( #5789 ) ;
#3340 = VERTEX_POINT ( 'NONE', #6184 ) ;
#3341 = FILL_AREA_STYLE ('',( #2202 ) ) ;
#3342 = ORIENTED_EDGE ( 'NONE', *, *, #2765, .F. ) ;
#3343 = LENGTH_MEASURE_WITH_UNIT ( LENGTH_MEASURE( 0.02539999999999999897 ), #6994 );
#3344 = SURFACE_SIDE_STYLE ('',( #6495 ) ) ;
#3345 =( NAMED_UNIT ( * ) SI_UNIT ( $, .STERADIAN. ) SOLID_ANGLE_UNIT ( ) );
#3346 = FACE_OUTER_BOUND ( 'NONE', #131, .T. ) ;
#3347 = ORIENTED_EDGE ( 'NONE', *, *, #6043, .F. ) ;
#3348 = AXIS2_PLACEMENT_3D ( 'NONE', #3164, #1463, #2141 ) ;
#3349 =( CONVERSION_BASED_UNIT ( 'INCH', #3532 ) LENGTH_UNIT ( ) NAMED_UNIT ( #205 ) );
#3350 = CARTESIAN_POINT ( 'NONE',  ( 0.3475231895887351818, 0.3092079138166087260, 0.5532093541201690279 ) ) ;
#3351 = ORIENTED_EDGE ( 'NONE', *, *, #488, .T. ) ;
#3352 = LINE ( 'NONE', #5935, #5510 ) ;
#3353 = EDGE_CURVE ( 'NONE', #3934, #4481, #82, .T. ) ;
#3354 = ADVANCED_FACE ( 'NONE', ( #3067 ), #3437, .F. ) ;
#3355 = AXIS2_PLACEMENT_3D ( 'NONE', #6199, #6766, #123 ) ;
#3356 = ORIENTED_EDGE ( 'NONE', *, *, #3114, .F. ) ;
#3357 = CARTESIAN_POINT ( 'NONE',  ( 0.2057909061241683379, 0.1359795673599158150, 0.7500597478209566349 ) ) ;
#3358 = UNCERTAINTY_MEASURE_WITH_UNIT (LENGTH_MEASURE( 1.000000000000000082E-05 ), #788, 'distance_accuracy_value', 'NONE');
#3359 = STYLED_ITEM ( 'NONE', ( #6105 ), #6128 ) ;
#3360 = ORIENTED_EDGE ( 'NONE', *, *, #340, .T. ) ;
#3361 = DIMENSIONAL_EXPONENTS ( 1.000000000000000000, 0.000000000000000000, 0.000000000000000000, 0.000000000000000000, 0.000000000000000000, 0.000000000000000000, 0.000000000000000000 ) ;
#3362 = VECTOR ( 'NONE', #5804, 39.37007874015748143 ) ;
#3363 = ORIENTED_EDGE ( 'NONE', *, *, #534, .F. ) ;
#3364 = EDGE_LOOP ( 'NONE', ( #5783, #4438, #1265, #3640 ) ) ;
#3365 = SURFACE_SIDE_STYLE ('',( #6347 ) ) ;
#3366 = CARTESIAN_POINT ( 'NONE',  ( 0.09358618171471951019, 0.2698378350764509270, 0.7894298265611140453 ) ) ;
#3367 = EDGE_CURVE ( 'NONE', #2221, #2616, #6705, .T. ) ;
#3368 = FILL_AREA_STYLE ('',( #482 ) ) ;
#3369 = VECTOR ( 'NONE', #3464, 39.37007874015748143 ) ;
#3370 =( NAMED_UNIT ( * ) PLANE_ANGLE_UNIT ( ) SI_UNIT ( $, .RADIAN. ) );
#3371 = CARTESIAN_POINT ( 'NONE',  ( 0.02468854391944393101, 0.4395663694583710757, 0.8681699840414289771 ) ) ;
#3372 = EDGE_CURVE ( 'NONE', #5938, #5424, #6167, .T. ) ;
#3373 = VECTOR ( 'NONE', #4886, 39.37007874015748143 ) ;
#3374 = MECHANICAL_DESIGN_GEOMETRIC_PRESENTATION_REPRESENTATION (  '', ( #4383 ), #7078 ) ;
#3375 = FILL_AREA_STYLE ('',( #2231 ) ) ;
#3376 = SURFACE_STYLE_USAGE ( .BOTH. , #4517 ) ;
#3377 = ORIENTED_EDGE ( 'NONE', *, *, #1502, .T. ) ;
#3378 = LENGTH_MEASURE_WITH_UNIT ( LENGTH_MEASURE( 0.02539999999999999897 ), #280 );
#3379 = DIRECTION ( 'NONE',  ( -1.000000000000000000, -0.000000000000000000, -0.000000000000000000 ) ) ;
#3380 = AXIS2_PLACEMENT_3D ( 'NONE', #5678, #2924, #3470 ) ;
#3381 = CYLINDRICAL_SURFACE ( 'NONE', #6860, 0.04724409448818903123 ) ;
#3382 = CARTESIAN_POINT ( 'NONE',  ( 0.1329562604548769900, 0.09267248074574256644, 0.5532093541201690279 ) ) ;
#3383 = FILL_AREA_STYLE ('',( #2242 ) ) ;
#3384 = ADVANCED_FACE ( 'NONE', ( #599 ), #1311, .F. ) ;
#3385 = DIRECTION ( 'NONE',  ( 7.228014483236698528E-16, 0.000000000000000000, -1.000000000000000000 ) ) ;
#3386 = CARTESIAN_POINT ( 'NONE',  ( 0.4105153155729872605, 0.08479846499771107049, 0.4744691966398540961 ) ) ;
#3387 = AXIS2_PLACEMENT_3D ( 'NONE', #7144, #3306, #1610 ) ;
#3388 = CARTESIAN_POINT ( 'NONE',  ( 0.3475231895887351818, 0.3092079138166087260, 0.7500597478209566349 ) ) ;
#3389 = DIRECTION ( 'NONE',  ( -0.000000000000000000, -0.000000000000000000, -1.000000000000000000 ) ) ;
#3390 = DIRECTION ( 'NONE',  ( -0.7589466384404125465, 0.5692099788303074392, 0.3162277660168359983 ) ) ;
#3391 = DIMENSIONAL_EXPONENTS ( 1.000000000000000000, 0.000000000000000000, 0.000000000000000000, 0.000000000000000000, 0.000000000000000000, 0.000000000000000000, 0.000000000000000000 ) ;
#3392 = FILL_AREA_STYLE_COLOUR ( '', #5416 ) ;
#3393 = PRESENTATION_STYLE_ASSIGNMENT (( #1913 ) ) ;
#3394 = STYLED_ITEM ( 'NONE', ( #4273 ), #1001 ) ;
#3395 = VERTEX_POINT ( 'NONE', #1235 ) ;
#3396 = EDGE_CURVE ( 'NONE', #801, #3052, #175, .T. ) ;
#3397 = VERTEX_POINT ( 'NONE', #6868 ) ;
#3398 = ORIENTED_EDGE ( 'NONE', *, *, #6281, .F. ) ;
#3399 = DIRECTION ( 'NONE',  ( 0.000000000000000000, 0.000000000000000000, 1.000000000000000000 ) ) ;
#3400 = VECTOR ( 'NONE', #6140, 39.37007874015748143 ) ;
#3401 = EDGE_CURVE ( 'NONE', #2230, #5694, #5224, .T. ) ;
#3402 = EDGE_LOOP ( 'NONE', ( #715, #1226 ) ) ;
#3403 = ORIENTED_EDGE ( 'NONE', *, *, #6079, .T. ) ;
#3404 = MECHANICAL_DESIGN_GEOMETRIC_PRESENTATION_REPRESENTATION (  '', ( #3182 ), #4650 ) ;
#3405 = COLOUR_RGB ( '',0.7803921568627451011, 0.7607843137254901578, 0.7411764705882353255 ) ;
#3406 =( LENGTH_UNIT ( ) NAMED_UNIT ( * ) SI_UNIT ( $, .METRE. ) );
#3407 = FILL_AREA_STYLE_COLOUR ( '', #4782 ) ;
#3408 = AXIS2_PLACEMENT_3D ( 'NONE', #5857, #2066, #235 ) ;
#3409 =( NAMED_UNIT ( * ) SI_UNIT ( $, .STERADIAN. ) SOLID_ANGLE_UNIT ( ) );
#3410 =( NAMED_UNIT ( * ) SI_UNIT ( $, .STERADIAN. ) SOLID_ANGLE_UNIT ( ) );
#3411 = ORIENTED_EDGE ( 'NONE', *, *, #6778, .T. ) ;
#3412 = LINE ( 'NONE', #6151, #5310 ) ;
#3413 = DIRECTION ( 'NONE',  ( 0.000000000000000000, 1.000000000000000000, 0.000000000000000000 ) ) ;
#3414 =( NAMED_UNIT ( * ) SI_UNIT ( $, .STERADIAN. ) SOLID_ANGLE_UNIT ( ) );
#3415 = SURFACE_STYLE_FILL_AREA ( #3383 ) ;
#3416 = EDGE_CURVE ( 'NONE', #10, #5903, #7055, .T. ) ;
#3417 = AXIS2_PLACEMENT_3D ( 'NONE', #6542, #7077, #3767 ) ;
#3418 = ADVANCED_FACE ( 'NONE', ( #5833 ), #3157, .T. ) ;
#3419 = ORIENTED_EDGE ( 'NONE', *, *, #583, .T. ) ;
#3420 = ORIENTED_EDGE ( 'NONE', *, *, #5374, .T. ) ;
#3422 = LENGTH_MEASURE_WITH_UNIT ( LENGTH_MEASURE( 0.02539999999999999897 ), #4792 );
#3421 = VECTOR ( 'NONE', #878, 39.37007874015748143 ) ;
#3423 =( LENGTH_UNIT ( ) NAMED_UNIT ( * ) SI_UNIT ( $, .METRE. ) );
#3424 = MECHANICAL_DESIGN_GEOMETRIC_PRESENTATION_REPRESENTATION (  '', ( #2311 ), #3664 ) ;
#3425 = ORIENTED_EDGE ( 'NONE', *, *, #4164, .F. ) ;
#3426 = LINE ( 'NONE', #2303, #2912 ) ;
#3427 = VECTOR ( 'NONE', #5860, 39.37007874015748143 ) ;
#3428 = PRESENTATION_STYLE_ASSIGNMENT (( #5091 ) ) ;
#3429 = CARTESIAN_POINT ( 'NONE',  ( 0.2372869691162943495, 0.1674756303520417988, 0.5925794328603265493 ) ) ;
#3430 = UNCERTAINTY_MEASURE_WITH_UNIT (LENGTH_MEASURE( 1.000000000000000082E-05 ), #6576, 'distance_accuracy_value', 'NONE');
#3431 = CARTESIAN_POINT ( 'NONE',  ( 0.2215389376202313021, 0.5533024020055851144, 0.7697447871910352291 ) ) ;
#3432 =( CONVERSION_BASED_UNIT ( 'INCH', #441 ) LENGTH_UNIT ( ) NAMED_UNIT ( #2301 ) );
#3433 = LINE ( 'NONE', #6503, #5422 ) ;
#3434 = PRESENTATION_LAYER_ASSIGNMENT (  '', '', ( #4534 ) ) ;
#3435 = VERTEX_POINT ( 'NONE', #1207 ) ;
#3436 = DIRECTION ( 'NONE',  ( -1.224646799147353454E-16, 1.000000000000000000, 2.465190328815661892E-32 ) ) ;
#3437 = PLANE ( 'NONE',  #3050 ) ;
#3438 = VECTOR ( 'NONE', #5523, 39.37007874015748143 ) ;
#3439 = CARTESIAN_POINT ( 'NONE',  ( 0.2215389376202313021, 0.2973968901945615029, 0.5728943934902478441 ) ) ;
#3440 = ORIENTED_EDGE ( 'NONE', *, *, #1764, .T. ) ;
#3441 = ORIENTED_EDGE ( 'NONE', *, *, #1115, .T. ) ;
#3442 = VECTOR ( 'NONE', #1086, 39.37007874015748143 ) ;
#3443 = DIRECTION ( 'NONE',  ( 1.000000000000000000, 0.000000000000000000, 0.000000000000000000 ) ) ;
#3444 = EDGE_CURVE ( 'NONE', #4775, #1225, #1752, .T. ) ;
#3445 = PRESENTATION_LAYER_ASSIGNMENT (  '', '', ( #6270 ) ) ;
#3446 = ORIENTED_EDGE ( 'NONE', *, *, #6314, .F. ) ;
#3447 = AXIS2_PLACEMENT_3D ( 'NONE', #5958, #5324, #3132 ) ;
#3448 = DIRECTION ( 'NONE',  ( 1.000000000000000000, -0.000000000000000000, 0.000000000000000000 ) ) ;
#3449 = ORIENTED_EDGE ( 'NONE', *, *, #5714, .T. ) ;
#3451 = EDGE_LOOP ( 'NONE', ( #62, #1788, #4466, #5777 ) ) ;
#3450 = CARTESIAN_POINT ( 'NONE',  ( 0.03256255966747541308, 0.08479846499771107049, 0.8681699840414289771 ) ) ;
#3452 = ADVANCED_FACE ( 'NONE', ( #166 ), #6786, .F. ) ;
#3453 = DIRECTION ( 'NONE',  ( -1.224646799147353454E-16, 1.000000000000000000, 2.465190328815661892E-32 ) ) ;
#3454 = SURFACE_STYLE_FILL_AREA ( #3201 ) ;
#3455 = CARTESIAN_POINT ( 'NONE',  ( 0.3300504510675431047, 0.6809519746124021999, 0.8681699840414289771 ) ) ;
#3456 = EDGE_CURVE ( 'NONE', #6729, #3583, #6527, .T. ) ;
#3457 = ORIENTED_EDGE ( 'NONE', *, *, #2468, .T. ) ;
#3458 = DIRECTION ( 'NONE',  ( 0.9544338947578754340, 1.168844414212974006E-16, 0.2984224196291437869 ) ) ;
#3459 = SURFACE_STYLE_USAGE ( .BOTH. , #4515 ) ;
#3460 = DIMENSIONAL_EXPONENTS ( 1.000000000000000000, 0.000000000000000000, 0.000000000000000000, 0.000000000000000000, 0.000000000000000000, 0.000000000000000000, 0.000000000000000000 ) ;
#3461 = LINE ( 'NONE', #5704, #4928 ) ;
#3462 = MECHANICAL_DESIGN_GEOMETRIC_PRESENTATION_REPRESENTATION (  '', ( #7184 ), #3851 ) ;
#3463 = VECTOR ( 'NONE', #1513, 39.37007874015748143 ) ;
#3464 = DIRECTION ( 'NONE',  ( -0.000000000000000000, 1.000000000000000000, -0.000000000000000000 ) ) ;
#3465 = LENGTH_MEASURE_WITH_UNIT ( LENGTH_MEASURE( 0.02539999999999999897 ), #226 );
#3466 = UNCERTAINTY_MEASURE_WITH_UNIT (LENGTH_MEASURE( 1.000000000000000082E-05 ), #826, 'distance_accuracy_value', 'NONE');
#3467 = MANIFOLD_SOLID_BREP ( 'KRE 02 SCREW-2-solid1', #3107 ) ;
#3468 = FILL_AREA_STYLE_COLOUR ( '', #7143 ) ;
#3469 = LINE ( 'NONE', #3082, #6146 ) ;
#3470 = DIRECTION ( 'NONE',  ( 1.000000000000000000, 0.000000000000000000, 0.000000000000000000 ) ) ;
#3471 = LINE ( 'NONE', #3518, #5021 ) ;
#3472 =( LENGTH_UNIT ( ) NAMED_UNIT ( * ) SI_UNIT ( $, .METRE. ) );
#3473 = STYLED_ITEM ( 'NONE', ( #5197 ), #5351 ) ;
#3474 = DIRECTION ( 'NONE',  ( -0.000000000000000000, -0.000000000000000000, 1.000000000000000000 ) ) ;
#3475 = DIRECTION ( 'NONE',  ( 0.000000000000000000, -1.000000000000000000, 0.000000000000000000 ) ) ;
#3476 = UNCERTAINTY_MEASURE_WITH_UNIT (LENGTH_MEASURE( 1.000000000000000082E-05 ), #2837, 'distance_accuracy_value', 'NONE');
#3477 = EDGE_LOOP ( 'NONE', ( #3398, #4117, #3184, #5519 ) ) ;
#3478 = CARTESIAN_POINT ( 'NONE',  ( 0.2215389376202313021, 0.6950346854701520138, 0.8445479367973344198 ) ) ;
#3479 =( CONVERSION_BASED_UNIT ( 'INCH', #2116 ) LENGTH_UNIT ( ) NAMED_UNIT ( #622 ) );
#3480 = DIRECTION ( 'NONE',  ( -0.9586468662780974759, -0.2845982884263074664, 0.000000000000000000 ) ) ;
#3481 = COLOUR_RGB ( '',1.000000000000000000, 1.000000000000000000, 1.000000000000000000 ) ;
#3482 = PRESENTATION_LAYER_ASSIGNMENT (  '', '', ( #6049 ) ) ;
#3483 = LINE ( 'NONE', #161, #336 ) ;
#3484 =( CONVERSION_BASED_UNIT ( 'INCH', #255 ) LENGTH_UNIT ( ) NAMED_UNIT ( #2257 ) );
#3485 = MECHANICAL_DESIGN_GEOMETRIC_PRESENTATION_REPRESENTATION (  '', ( #3637 ), #4227 ) ;
#3486 = EDGE_CURVE ( 'NONE', #1491, #2140, #1486, .T. ) ;
#3487 = EDGE_LOOP ( 'NONE', ( #3004, #2621, #3141, #3892 ) ) ;
#3488 = DIRECTION ( 'NONE',  ( -0.000000000000000000, -0.000000000000000000, 1.000000000000000000 ) ) ;
#3489 = VECTOR ( 'NONE', #652, 39.37007874015748143 ) ;
#3490 = CARTESIAN_POINT ( 'NONE',  ( 0.2215389376202313021, 0.2973968901945615029, 0.8169888816792241215 ) ) ;
#3491 = EDGE_CURVE ( 'NONE', #431, #6036, #2810, .T. ) ;
#3492 = PRESENTATION_STYLE_ASSIGNMENT (( #5697 ) ) ;
#3493 = SURFACE_STYLE_FILL_AREA ( #4745 ) ;
#3494 = DIRECTION ( 'NONE',  ( -0.000000000000000000, -0.000000000000000000, -1.000000000000000000 ) ) ;
#3495 = EDGE_CURVE ( 'NONE', #2567, #296, #5746, .T. ) ;
#3496 =( GEOMETRIC_REPRESENTATION_CONTEXT ( 3 ) GLOBAL_UNCERTAINTY_ASSIGNED_CONTEXT ( ( #2203 ) ) GLOBAL_UNIT_ASSIGNED_CONTEXT ( ( #4702, #5756, #5209 ) ) REPRESENTATION_CONTEXT ( 'NONE', 'WORKASPACE' ) );
#3497 = SURFACE_SIDE_STYLE ('',( #3600 ) ) ;
#3498 = CARTESIAN_POINT ( 'NONE',  ( 0.4105153155729872605, 0.09267248074574256644, 0.4744691966398540961 ) ) ;
#3499 = VERTEX_POINT ( 'NONE', #3429 ) ;
#3500 = AXIS2_PLACEMENT_3D ( 'NONE', #2608, #961, #5458 ) ;
#3501 = VERTEX_POINT ( 'NONE', #2834 ) ;
#3502 = PRESENTATION_STYLE_ASSIGNMENT (( #3857 ) ) ;
#3503 = CARTESIAN_POINT ( 'NONE',  ( 0.1329562604548769900, 0.09267248074574256644, 0.5925794328603265493 ) ) ;
#3504 = COLOUR_RGB ( '',0.7803921568627451011, 0.7607843137254901578, 0.7411764705882353255 ) ;
#3505 = LINE ( 'NONE', #342, #2031 ) ;
#3506 = CARTESIAN_POINT ( 'NONE',  ( 0.1785912521295394961, 0.3407039768087347098, 0.7500597478209566349 ) ) ;
#3507 = DIMENSIONAL_EXPONENTS ( 1.000000000000000000, 0.000000000000000000, 0.000000000000000000, 0.000000000000000000, 0.000000000000000000, 0.000000000000000000, 0.000000000000000000 ) ;
#3508 = CIRCLE ( 'NONE', #3645, 0.07480314960629924625 ) ;
#3509 = CARTESIAN_POINT ( 'NONE',  ( 0.2372869691162943495, -0.06480783421488736651, 0.7894298265611140453 ) ) ;
#3510 = VERTEX_POINT ( 'NONE', #71 ) ;
#3511 = CARTESIAN_POINT ( 'NONE',  ( 0.1664208273840108721, 0.1359795673599158150, 0.7894298265611140453 ) ) ;
#3512 =( NAMED_UNIT ( * ) SI_UNIT ( $, .STERADIAN. ) SOLID_ANGLE_UNIT ( ) );
#3513 = EDGE_CURVE ( 'NONE', #2302, #409, #1313, .T. ) ;
#3514 = SURFACE_STYLE_FILL_AREA ( #4723 ) ;
#3515 = CARTESIAN_POINT ( 'NONE',  ( 0.1546098037619636212, 0.1359795673599157873, 0.5532093541201690279 ) ) ;
#3516 = ORIENTED_EDGE ( 'NONE', *, *, #379, .F. ) ;
#3517 = VECTOR ( 'NONE', #84, 39.37007874015748143 ) ;
#3518 = CARTESIAN_POINT ( 'NONE',  ( 0.1329562604548772953, 0.1674756303520417988, 0.7500597478209566349 ) ) ;
#3519 = PLANE ( 'NONE',  #6182 ) ;
#3520 = LENGTH_MEASURE_WITH_UNIT ( LENGTH_MEASURE( 0.02539999999999999897 ), #2090 );
#3521 = MECHANICAL_DESIGN_GEOMETRIC_PRESENTATION_REPRESENTATION (  '', ( #6762 ), #1273 ) ;
#3522 = ORIENTED_EDGE ( 'NONE', *, *, #3256, .T. ) ;
#3523 = SURFACE_SIDE_STYLE ('',( #5225 ) ) ;
#3524 = DIRECTION ( 'NONE',  ( 1.000000000000000000, 0.000000000000000000, 0.000000000000000000 ) ) ;
#3525 =( GEOMETRIC_REPRESENTATION_CONTEXT ( 3 ) GLOBAL_UNCERTAINTY_ASSIGNED_CONTEXT ( ( #861 ) ) GLOBAL_UNIT_ASSIGNED_CONTEXT ( ( #1470, #2535, #6984 ) ) REPRESENTATION_CONTEXT ( 'NONE', 'WORKASPACE' ) );
#3526 = CARTESIAN_POINT ( 'NONE',  ( 0.2372869691162943495, -0.06480783421488736651, 0.5689573856162322141 ) ) ;
#3527 = DIRECTION ( 'NONE',  ( 0.000000000000000000, 0.000000000000000000, 1.000000000000000000 ) ) ;
#3528 =( LENGTH_UNIT ( ) NAMED_UNIT ( * ) SI_UNIT ( $, .METRE. ) );
#3529 = MECHANICAL_DESIGN_GEOMETRIC_PRESENTATION_REPRESENTATION (  '', ( #7005 ), #3631 ) ;
#3530 = ORIENTED_EDGE ( 'NONE', *, *, #3353, .F. ) ;
#3531 = PLANE ( 'NONE',  #1796 ) ;
#3532 = LENGTH_MEASURE_WITH_UNIT ( LENGTH_MEASURE( 0.02539999999999999897 ), #549 );
#3533 = PRESENTATION_LAYER_ASSIGNMENT (  '', '', ( #3170 ) ) ;
#3534 = CIRCLE ( 'NONE', #3266, 0.07480314960629924625 ) ;
#3535 = ORIENTED_EDGE ( 'NONE', *, *, #5778, .T. ) ;
#3536 = ORIENTED_EDGE ( 'NONE', *, *, #5092, .F. ) ;
#3537 = PRESENTATION_LAYER_ASSIGNMENT (  '', '', ( #1147 ) ) ;
#3538 = DIRECTION ( 'NONE',  ( 0.000000000000000000, 0.000000000000000000, 1.000000000000000000 ) ) ;
#3539 = PLANE ( 'NONE',  #2417 ) ;
#3540 = DIRECTION ( 'NONE',  ( -1.000000000000000000, 0.000000000000000000, 0.000000000000000000 ) ) ;
#3541 = CARTESIAN_POINT ( 'NONE',  ( 0.2372869691162943495, -0.06480783421488736651, 0.7894298265611140453 ) ) ;
#3542 = CIRCLE ( 'NONE', #4082, 0.04724409448818903123 ) ;
#3543 = SURFACE_STYLE_USAGE ( .BOTH. , #759 ) ;
#3544 = CARTESIAN_POINT ( 'NONE',  ( 0.2215389376202312466, 0.6182630319268449526, 0.7697447871910348960 ) ) ;
#3545 = PLANE ( 'NONE',  #5623 ) ;
#3546 = LINE ( 'NONE', #7033, #5354 ) ;
#3547 = COLOUR_RGB ( '',0.6470588235294117974, 0.6196078431372549211, 0.5882352941176470784 ) ;
#3548 =( GEOMETRIC_REPRESENTATION_CONTEXT ( 3 ) GLOBAL_UNCERTAINTY_ASSIGNED_CONTEXT ( ( #4754 ) ) GLOBAL_UNIT_ASSIGNED_CONTEXT ( ( #1877, #3602, #245 ) ) REPRESENTATION_CONTEXT ( 'NONE', 'WORKASPACE' ) );
#3549 = ORIENTED_EDGE ( 'NONE', *, *, #1120, .F. ) ;
#3550 =( GEOMETRIC_REPRESENTATION_CONTEXT ( 3 ) GLOBAL_UNCERTAINTY_ASSIGNED_CONTEXT ( ( #3668 ) ) GLOBAL_UNIT_ASSIGNED_CONTEXT ( ( #2753, #1589, #507 ) ) REPRESENTATION_CONTEXT ( 'NONE', 'WORKASPACE' ) );
#3551 = DIRECTION ( 'NONE',  ( -0.000000000000000000, -0.000000000000000000, -1.000000000000000000 ) ) ;
#3552 = DIRECTION ( 'NONE',  ( -0.000000000000000000, -0.000000000000000000, 1.000000000000000000 ) ) ;
#3553 = FILL_AREA_STYLE ('',( #144 ) ) ;
#3554 = DIRECTION ( 'NONE',  ( -0.000000000000000000, 0.8944271909999162995, 0.4472135954999568730 ) ) ;
#3555 = SURFACE_STYLE_USAGE ( .BOTH. , #6864 ) ;
#3556 = EDGE_CURVE ( 'NONE', #4947, #548, #437, .T. ) ;
#3557 = FACE_OUTER_BOUND ( 'NONE', #3701, .T. ) ;
#3558 = AXIS2_PLACEMENT_3D ( 'NONE', #1611, #7145, #3921 ) ;
#3559 = DIRECTION ( 'NONE',  ( 0.000000000000000000, 0.000000000000000000, 1.000000000000000000 ) ) ;
#3560 = CARTESIAN_POINT ( 'NONE',  ( 0.1979168903761368559, 0.1674756303520417988, 0.7894298265611140453 ) ) ;
#3561 = LINE ( 'NONE', #3737, #4246 ) ;
#3562 = DIRECTION ( 'NONE',  ( -1.224646799147353454E-16, 1.000000000000000000, -1.848892746611746419E-32 ) ) ;
#3563 = CARTESIAN_POINT ( 'NONE',  ( 0.2591150752091240239, 0.3525150004307819329, 0.7579958730324072302 ) ) ;
#3564 = STYLED_ITEM ( 'NONE', ( #1019 ), #4362 ) ;
#3565 = CARTESIAN_POINT ( 'NONE',  ( 0.2372869691162943495, -0.06480783421488736651, 0.7894298265611140453 ) ) ;
#3566 = DIRECTION ( 'NONE',  ( 1.000000000000000000, 0.000000000000000000, 0.000000000000000000 ) ) ;
#3567 = DIRECTION ( 'NONE',  ( -1.000000000000000000, 0.000000000000000000, 0.000000000000000000 ) ) ;
#3568 = ORIENTED_EDGE ( 'NONE', *, *, #7027, .T. ) ;
#3569 = EDGE_LOOP ( 'NONE', ( #1867, #2496, #582, #2867 ) ) ;
#3570 = LINE ( 'NONE', #455, #3659 ) ;
#3571 = CARTESIAN_POINT ( 'NONE',  ( 0.1785912521295395516, 0.3092079138166087260, 0.7894298265611140453 ) ) ;
#3572 = UNCERTAINTY_MEASURE_WITH_UNIT (LENGTH_MEASURE( 1.000000000000000082E-05 ), #5598, 'distance_accuracy_value', 'NONE');
#3573 = AXIS2_PLACEMENT_3D ( 'NONE', #4075, #690, #1868 ) ;
#3574 = EDGE_LOOP ( 'NONE', ( #5602, #6266, #7220, #4489 ) ) ;
#3575 =( LENGTH_UNIT ( ) NAMED_UNIT ( * ) SI_UNIT ( $, .METRE. ) );
#3576 = EDGE_LOOP ( 'NONE', ( #1879, #6282, #3845, #2098 ) ) ;
#3577 = DIMENSIONAL_EXPONENTS ( 1.000000000000000000, 0.000000000000000000, 0.000000000000000000, 0.000000000000000000, 0.000000000000000000, 0.000000000000000000, 0.000000000000000000 ) ;
#3578 = DIRECTION ( 'NONE',  ( 0.000000000000000000, 1.000000000000000000, 0.000000000000000000 ) ) ;
#3579 = DIRECTION ( 'NONE',  ( 1.000000000000000000, 0.000000000000000000, 0.000000000000000000 ) ) ;
#3580 = PRESENTATION_STYLE_ASSIGNMENT (( #1252 ) ) ;
#3581 = LINE ( 'NONE', #6479, #4776 ) ;
#3582 = DIRECTION ( 'NONE',  ( 0.000000000000000000, 0.000000000000000000, -1.000000000000000000 ) ) ;
#3583 = VERTEX_POINT ( 'NONE', #199 ) ;
#3584 =( LENGTH_UNIT ( ) NAMED_UNIT ( * ) SI_UNIT ( $, .METRE. ) );
#3585 = STYLED_ITEM ( 'NONE', ( #6568 ), #6660 ) ;
#3586 = LINE ( 'NONE', #4512, #6530 ) ;
#3587 = FILL_AREA_STYLE_COLOUR ( '', #4674 ) ;
#3588 = UNCERTAINTY_MEASURE_WITH_UNIT (LENGTH_MEASURE( 1.000000000000000082E-05 ), #2045, 'distance_accuracy_value', 'NONE');
#3589 =( NAMED_UNIT ( * ) SI_UNIT ( $, .STERADIAN. ) SOLID_ANGLE_UNIT ( ) );
#3590 = LINE ( 'NONE', #1300, #5227 ) ;
#3591 = VECTOR ( 'NONE', #4110, 39.37007874015748143 ) ;
#3592 =( NAMED_UNIT ( * ) PLANE_ANGLE_UNIT ( ) SI_UNIT ( $, .RADIAN. ) );
#3593 = VERTEX_POINT ( 'NONE', #749 ) ;
#3594 = EDGE_CURVE ( 'NONE', #2230, #1243, #6160, .T. ) ;
#3595 = SURFACE_STYLE_USAGE ( .BOTH. , #5332 ) ;
#3596 = VERTEX_POINT ( 'NONE', #6789 ) ;
#3597 = LINE ( 'NONE', #3112, #609 ) ;
#3598 = CARTESIAN_POINT ( 'NONE',  ( 0.1014601974627510061, 0.1753496461000733087, 0.5532093541201690279 ) ) ;
#3599 = CARTESIAN_POINT ( 'NONE',  ( 0.1329562604548769900, 0.2068457090921992647, 0.5925794328603265493 ) ) ;
#3600 = SURFACE_STYLE_FILL_AREA ( #5677 ) ;
#3601 = AXIS2_PLACEMENT_3D ( 'NONE', #4828, #5249, #838 ) ;
#3602 =( NAMED_UNIT ( * ) PLANE_ANGLE_UNIT ( ) SI_UNIT ( $, .RADIAN. ) );
#3603 = PLANE ( 'NONE',  #5230 ) ;
#3604 = ORIENTED_EDGE ( 'NONE', *, *, #2993, .T. ) ;
#3605 = VECTOR ( 'NONE', #2925, 39.37007874015748143 ) ;
#3606 = ORIENTED_EDGE ( 'NONE', *, *, #1475, .T. ) ;
#3607 = SURFACE_SIDE_STYLE ('',( #116 ) ) ;
#3608 = CARTESIAN_POINT ( 'NONE',  ( 0.2215389376202313021, 0.3092079138166087260, 0.7697447871910352291 ) ) ;
#3609 = FILL_AREA_STYLE ('',( #4708 ) ) ;
#3610 =( GEOMETRIC_REPRESENTATION_CONTEXT ( 3 ) GLOBAL_UNCERTAINTY_ASSIGNED_CONTEXT ( ( #2943 ) ) GLOBAL_UNIT_ASSIGNED_CONTEXT ( ( #6888, #4080, #6249 ) ) REPRESENTATION_CONTEXT ( 'NONE', 'WORKASPACE' ) );
#3611 = FACE_OUTER_BOUND ( 'NONE', #301, .T. ) ;
#3612 = CARTESIAN_POINT ( 'NONE',  ( 0.1329562604548772675, 0.3092079138166086705, 0.5532093541201690279 ) ) ;
#3613 = LINE ( 'NONE', #4445, #1518 ) ;
#3614 = VERTEX_POINT ( 'NONE', #672 ) ;
#3615 = DIRECTION ( 'NONE',  ( 0.000000000000000000, 0.000000000000000000, 1.000000000000000000 ) ) ;
#3616 = SURFACE_STYLE_USAGE ( .BOTH. , #4134 ) ;
#3617 = EDGE_LOOP ( 'NONE', ( #1109, #1347, #2639, #561 ) ) ;
#3618 = DIRECTION ( 'NONE',  ( -0.000000000000000000, -0.000000000000000000, 1.000000000000000000 ) ) ;
#3619 = CARTESIAN_POINT ( 'NONE',  ( 0.06209011872259351944, 0.3407039768087347098, 0.5532093541201690279 ) ) ;
#3620 = VECTOR ( 'NONE', #3977, 39.37007874015748143 ) ;
#3621 = EDGE_LOOP ( 'NONE', ( #6185, #510, #4565, #5089, #4688, #1978, #3449 ) ) ;
#3622 = EDGE_LOOP ( 'NONE', ( #806, #117, #6900, #3124, #2334, #6737, #5132, #6960, #2328, #5690, #5141, #3707, #1919, #5004, #5965, #1358 ) ) ;
#3623 = AXIS2_PLACEMENT_3D ( 'NONE', #2584, #1980, #347 ) ;
#3624 = LINE ( 'NONE', #3041, #2675 ) ;
#3625 = PLANE ( 'NONE',  #2092 ) ;
#3626 = SURFACE_STYLE_FILL_AREA ( #5327 ) ;
#3627 = DIRECTION ( 'NONE',  ( -1.000000000000000000, 0.000000000000000000, 0.000000000000000000 ) ) ;
#3628 = EDGE_CURVE ( 'NONE', #3499, #5080, #952, .T. ) ;
#3629 = VECTOR ( 'NONE', #1733, 39.37007874015748143 ) ;
#3630 = ORIENTED_EDGE ( 'NONE', *, *, #6608, .T. ) ;
#3631 =( GEOMETRIC_REPRESENTATION_CONTEXT ( 3 ) GLOBAL_UNCERTAINTY_ASSIGNED_CONTEXT ( ( #2189 ) ) GLOBAL_UNIT_ASSIGNED_CONTEXT ( ( #4048, #2491, #6852 ) ) REPRESENTATION_CONTEXT ( 'NONE', 'WORKASPACE' ) );
#3632 = SURFACE_STYLE_USAGE ( .BOTH. , #1950 ) ;
#3633 = PRESENTATION_STYLE_ASSIGNMENT (( #4890 ) ) ;
#3634 = MECHANICAL_DESIGN_GEOMETRIC_PRESENTATION_REPRESENTATION (  '', ( #4687 ), #110 ) ;
#3635 = VERTEX_POINT ( 'NONE', #5722 ) ;
#3636 = EDGE_CURVE ( 'NONE', #3811, #1005, #2275, .T. ) ;
#3637 = STYLED_ITEM ( 'NONE', ( #6029 ), #6096 ) ;
#3638 = SURFACE_SIDE_STYLE ('',( #1691 ) ) ;
#3639 = CARTESIAN_POINT ( 'NONE',  ( 0.1034287013997588905, 0.1359795673599157873, 0.5925794328603265493 ) ) ;
#3640 = ORIENTED_EDGE ( 'NONE', *, *, #5334, .T. ) ;
#3641 = DIRECTION ( 'NONE',  ( 1.000000000000000000, 0.000000000000000000, 0.000000000000000000 ) ) ;
#3642 = FILL_AREA_STYLE_COLOUR ( '', #3405 ) ;
#3643 =( CONVERSION_BASED_UNIT ( 'INCH', #2348 ) LENGTH_UNIT ( ) NAMED_UNIT ( #5237 ) );
#3644 =( CONVERSION_BASED_UNIT ( 'INCH', #1037 ) LENGTH_UNIT ( ) NAMED_UNIT ( #6322 ) );
#3645 = AXIS2_PLACEMENT_3D ( 'NONE', #3140, #5311, #6935 ) ;
#3646 = CARTESIAN_POINT ( 'NONE',  ( 0.2215389376202313021, 0.5533024020055851144, 0.4980912438839485978 ) ) ;
#3647 = DIMENSIONAL_EXPONENTS ( 1.000000000000000000, 0.000000000000000000, 0.000000000000000000, 0.000000000000000000, 0.000000000000000000, 0.000000000000000000, 0.000000000000000000 ) ;
#3648 = VECTOR ( 'NONE', #6005, 39.37007874015748143 ) ;
#3649 = DIRECTION ( 'NONE',  ( -1.000000000000000000, 0.000000000000000000, 0.000000000000000000 ) ) ;
#3650 = CARTESIAN_POINT ( 'NONE',  ( 0.1979168903761368559, 0.1281055516118843052, 0.5532093541201690279 ) ) ;
#3651 = FACE_OUTER_BOUND ( 'NONE', #6156, .T. ) ;
#3652 = DIMENSIONAL_EXPONENTS ( 1.000000000000000000, 0.000000000000000000, 0.000000000000000000, 0.000000000000000000, 0.000000000000000000, 0.000000000000000000, 0.000000000000000000 ) ;
#3653 = ADVANCED_FACE ( 'NONE', ( #2107 ), #1761, .T. ) ;
#3654 = UNCERTAINTY_MEASURE_WITH_UNIT (LENGTH_MEASURE( 1.000000000000000082E-05 ), #2479, 'distance_accuracy_value', 'NONE');
#3655 = VERTEX_POINT ( 'NONE', #5779 ) ;
#3656 = LINE ( 'NONE', #333, #500 ) ;
#3657 = DIRECTION ( 'NONE',  ( -0.000000000000000000, -1.000000000000000000, -0.000000000000000000 ) ) ;
#3658 = SURFACE_SIDE_STYLE ('',( #2823 ) ) ;
#3659 = VECTOR ( 'NONE', #7014, 39.37007874015748143 ) ;
#3660 = FACE_OUTER_BOUND ( 'NONE', #4408, .T. ) ;
#3661 = FILL_AREA_STYLE_COLOUR ( '', #1832 ) ;
#3662 = VERTEX_POINT ( 'NONE', #6325 ) ;
#3663 = DIRECTION ( 'NONE',  ( -0.000000000000000000, -0.000000000000000000, -1.000000000000000000 ) ) ;
#3664 =( GEOMETRIC_REPRESENTATION_CONTEXT ( 3 ) GLOBAL_UNCERTAINTY_ASSIGNED_CONTEXT ( ( #2188 ) ) GLOBAL_UNIT_ASSIGNED_CONTEXT ( ( #4678, #5845, #4165 ) ) REPRESENTATION_CONTEXT ( 'NONE', 'WORKASPACE' ) );
#3665 = CARTESIAN_POINT ( 'NONE',  ( 0.1034287013997588905, 0.1064520083047976878, 0.5925794328603265493 ) ) ;
#3666 =( NAMED_UNIT ( * ) SI_UNIT ( $, .STERADIAN. ) SOLID_ANGLE_UNIT ( ) );
#3667 = LINE ( 'NONE', #3366, #6246 ) ;
#3668 = UNCERTAINTY_MEASURE_WITH_UNIT (LENGTH_MEASURE( 1.000000000000000082E-05 ), #2753, 'distance_accuracy_value', 'NONE');
#3669 = FILL_AREA_STYLE_COLOUR ( '', #3547 ) ;
#3670 = FILL_AREA_STYLE ('',( #647 ) ) ;
#3671 =( NAMED_UNIT ( * ) PLANE_ANGLE_UNIT ( ) SI_UNIT ( $, .RADIAN. ) );
#3672 = CIRCLE ( 'NONE', #5865, 0.03937007874015747977 ) ;
#3673 = AXIS2_PLACEMENT_3D ( 'NONE', #4842, #7028, #373 ) ;
#3674 =( NAMED_UNIT ( * ) SI_UNIT ( $, .STERADIAN. ) SOLID_ANGLE_UNIT ( ) );
#3675 = AXIS2_PLACEMENT_3D ( 'NONE', #1783, #2932, #2343 ) ;
#3676 = EDGE_CURVE ( 'NONE', #4888, #3747, #447, .T. ) ;
#3677 = VECTOR ( 'NONE', #6106, 39.37007874015748143 ) ;
#3678 = DIRECTION ( 'NONE',  ( -0.000000000000000000, -0.000000000000000000, 1.000000000000000000 ) ) ;
#3680 = COLOUR_RGB ( '',1.000000000000000000, 1.000000000000000000, 1.000000000000000000 ) ;
#3679 = LENGTH_MEASURE_WITH_UNIT ( LENGTH_MEASURE( 0.02539999999999999897 ), #449 );
#3681 = ORIENTED_EDGE ( 'NONE', *, *, #5188, .F. ) ;
#3682 = ORIENTED_EDGE ( 'NONE', *, *, #4233, .T. ) ;
#3683 = LINE ( 'NONE', #2776, #86 ) ;
#3684 = DIMENSIONAL_EXPONENTS ( 1.000000000000000000, 0.000000000000000000, 0.000000000000000000, 0.000000000000000000, 0.000000000000000000, 0.000000000000000000, 0.000000000000000000 ) ;
#3685 = FACE_OUTER_BOUND ( 'NONE', #1164, .T. ) ;
#3686 = DIRECTION ( 'NONE',  ( -0.9544338947578753229, 0.000000000000000000, 0.2984224196291437314 ) ) ;
#3687 = PRESENTATION_STYLE_ASSIGNMENT (( #2362 ) ) ;
#3688 = VECTOR ( 'NONE', #1493, 39.37007874015748854 ) ;
#3689 = FILL_AREA_STYLE_COLOUR ( '', #324 ) ;
#3690 = AXIS2_PLACEMENT_3D ( 'NONE', #6488, #411, #6561 ) ;
#3691 = CIRCLE ( 'NONE', #5521, 0.04724409448818896184 ) ;
#3692 = STYLED_ITEM ( 'NONE', ( #1655 ), #1737 ) ;
#3693 = EDGE_LOOP ( 'NONE', ( #362, #3717, #3549, #2591 ) ) ;
#3694 = SURFACE_STYLE_USAGE ( .BOTH. , #4314 ) ;
#3695 =( LENGTH_UNIT ( ) NAMED_UNIT ( * ) SI_UNIT ( $, .METRE. ) );
#3696 = CARTESIAN_POINT ( 'NONE',  ( 0.4183893313210187981, 0.6950346854701520138, 0.4744691966398540961 ) ) ;
#3697 = DIMENSIONAL_EXPONENTS ( 1.000000000000000000, 0.000000000000000000, 0.000000000000000000, 0.000000000000000000, 0.000000000000000000, 0.000000000000000000, 0.000000000000000000 ) ;
#3698 = VERTEX_POINT ( 'NONE', #3022 ) ;
#3699 = SURFACE_STYLE_USAGE ( .BOTH. , #2020 ) ;
#3700 = EDGE_CURVE ( 'NONE', #3583, #3596, #3941, .T. ) ;
#3701 = EDGE_LOOP ( 'NONE', ( #476, #2216, #4113, #6741 ) ) ;
#3702 = CARTESIAN_POINT ( 'NONE',  ( 0.09358618171471953795, 0.2068457090921995423, 0.7500597478209566349 ) ) ;
#3703 =( CONVERSION_BASED_UNIT ( 'INCH', #439 ) LENGTH_UNIT ( ) NAMED_UNIT ( #1896 ) );
#3704 = LINE ( 'NONE', #5882, #2304 ) ;
#3705 =( GEOMETRIC_REPRESENTATION_CONTEXT ( 3 ) GLOBAL_UNCERTAINTY_ASSIGNED_CONTEXT ( ( #6275 ) ) GLOBAL_UNIT_ASSIGNED_CONTEXT ( ( #3644, #1488, #7003 ) ) REPRESENTATION_CONTEXT ( 'NONE', 'WORKASPACE' ) );
#3706 = DIRECTION ( 'NONE',  ( 0.000000000000000000, -0.000000000000000000, -1.000000000000000000 ) ) ;
#3707 = ORIENTED_EDGE ( 'NONE', *, *, #2340, .T. ) ;
#3708 = UNCERTAINTY_MEASURE_WITH_UNIT (LENGTH_MEASURE( 1.000000000000000082E-05 ), #4474, 'distance_accuracy_value', 'NONE');
#3709 = PLANE ( 'NONE',  #6110 ) ;
#3710 = FILL_AREA_STYLE_COLOUR ( '', #3843 ) ;
#3711 = ORIENTED_EDGE ( 'NONE', *, *, #2357, .T. ) ;
#3712 = ORIENTED_EDGE ( 'NONE', *, *, #1244, .F. ) ;
#3713 = SURFACE_STYLE_USAGE ( .BOTH. , #3757 ) ;
#3714 = MECHANICAL_DESIGN_GEOMETRIC_PRESENTATION_REPRESENTATION (  '', ( #6942 ), #2962 ) ;
#3715 = CARTESIAN_POINT ( 'NONE',  ( 0.1979168903761368559, 0.1281055516118843052, 0.5532093541201690279 ) ) ;
#3716 = ORIENTED_EDGE ( 'NONE', *, *, #5384, .F. ) ;
#3717 = ORIENTED_EDGE ( 'NONE', *, *, #3867, .T. ) ;
#3718 = CARTESIAN_POINT ( 'NONE',  ( 0.06209011872259351944, 0.3092079138166087260, 0.5925794328603265493 ) ) ;
#3719 = DIRECTION ( 'NONE',  ( 0.000000000000000000, -1.000000000000000000, 0.000000000000000000 ) ) ;
#3720 = UNCERTAINTY_MEASURE_WITH_UNIT (LENGTH_MEASURE( 1.000000000000000082E-05 ), #4090, 'distance_accuracy_value', 'NONE');
#3721 = SURFACE_STYLE_USAGE ( .BOTH. , #6971 ) ;
#3722 = DIRECTION ( 'NONE',  ( -0.000000000000000000, 1.000000000000000000, -0.000000000000000000 ) ) ;
#3723 = ADVANCED_FACE ( 'NONE', ( #7135 ), #125, .F. ) ;
#3724 =( GEOMETRIC_REPRESENTATION_CONTEXT ( 3 ) GLOBAL_UNCERTAINTY_ASSIGNED_CONTEXT ( ( #5463 ) ) GLOBAL_UNIT_ASSIGNED_CONTEXT ( ( #3290, #6190, #2786 ) ) REPRESENTATION_CONTEXT ( 'NONE', 'WORKASPACE' ) );
#3725 = CARTESIAN_POINT ( 'NONE',  ( 0.3475231895887351818, 0.3407039768087347098, 0.5925794328603265493 ) ) ;
#3726 =( NAMED_UNIT ( * ) SI_UNIT ( $, .STERADIAN. ) SOLID_ANGLE_UNIT ( ) );
#3727 = SURFACE_SIDE_STYLE ('',( #1047 ) ) ;
#3728 = ORIENTED_EDGE ( 'NONE', *, *, #3127, .F. ) ;
#3729 = DIRECTION ( 'NONE',  ( 0.000000000000000000, -1.000000000000000000, 0.000000000000000000 ) ) ;
#3730 = CARTESIAN_POINT ( 'NONE',  ( 0.2057909061241683379, -0.03331177122276113983, 0.7894298265611140453 ) ) ;
#3731 = FACE_OUTER_BOUND ( 'NONE', #523, .T. ) ;
#3732 = STYLED_ITEM ( 'NONE', ( #4549 ), #5977 ) ;
#3733 =( NAMED_UNIT ( * ) SI_UNIT ( $, .STERADIAN. ) SOLID_ANGLE_UNIT ( ) );
#3734 = CARTESIAN_POINT ( 'NONE',  ( 0.2215389376202312466, 0.6182630319268449526, 0.5728943934902481772 ) ) ;
#3735 = LINE ( 'NONE', #1380, #1723 ) ;
#3736 =( NAMED_UNIT ( * ) SI_UNIT ( $, .STERADIAN. ) SOLID_ANGLE_UNIT ( ) );
#3737 = CARTESIAN_POINT ( 'NONE',  ( 0.03256255966747541308, 0.08479846499771107049, 0.4744691966398540961 ) ) ;
#3738 = CARTESIAN_POINT ( 'NONE',  ( 0.2372869691162943495, 0.1281055516118842774, 0.7500597478209566349 ) ) ;
#3739 = EDGE_CURVE ( 'NONE', #2315, #1744, #261, .T. ) ;
#3740 = CARTESIAN_POINT ( 'NONE',  ( 0.1664208273840108721, 0.09660948861975832136, 0.7894298265611140453 ) ) ;
#3741 =( NAMED_UNIT ( * ) PLANE_ANGLE_UNIT ( ) SI_UNIT ( $, .RADIAN. ) );
#3742 = EDGE_CURVE ( 'NONE', #5336, #2351, #3590, .T. ) ;
#3743 = PRESENTATION_LAYER_ASSIGNMENT (  '', '', ( #6974 ) ) ;
#3744 = CARTESIAN_POINT ( 'NONE',  ( 0.1014601974627510061, 0.1359795673599158150, 0.7500597478209566349 ) ) ;
#3745 = CARTESIAN_POINT ( 'NONE',  ( 0.2372869691162943495, -0.06480783421488736651, 0.5532093541201690279 ) ) ;
#3746 = DIRECTION ( 'NONE',  ( 1.000000000000000000, 1.591489427501660608E-16, -0.000000000000000000 ) ) ;
#3747 = VERTEX_POINT ( 'NONE', #169 ) ;
#3748 = CARTESIAN_POINT ( 'NONE',  ( 0.2215389376202313021, 0.3092079138166087260, 0.5256502990020588406 ) ) ;
#3749 = EDGE_LOOP ( 'NONE', ( #1720, #3347 ) ) ;
#3750 = VECTOR ( 'NONE', #5613, 39.37007874015748143 ) ;
#3751 = AXIS2_PLACEMENT_3D ( 'NONE', #2581, #1923, #6455 ) ;
#3752 = FACE_OUTER_BOUND ( 'NONE', #4599, .T. ) ;
#3753 = CARTESIAN_POINT ( 'NONE',  ( 0.2591150752091239684, 0.6182630319268449526, 0.7579958730324072302 ) ) ;
#3754 = ADVANCED_FACE ( 'NONE', ( #3774 ), #2724, .T. ) ;
#3755 =( LENGTH_UNIT ( ) NAMED_UNIT ( * ) SI_UNIT ( $, .METRE. ) );
#3756 = ORIENTED_EDGE ( 'NONE', *, *, #6836, .F. ) ;
#3757 = SURFACE_SIDE_STYLE ('',( #3074 ) ) ;
#3758 = VERTEX_POINT ( 'NONE', #6953 ) ;
#3759 = SURFACE_STYLE_USAGE ( .BOTH. , #5895 ) ;
#3760 = PRESENTATION_STYLE_ASSIGNMENT (( #2445 ) ) ;
#3761 = FILL_AREA_STYLE ('',( #3587 ) ) ;
#3762 = CARTESIAN_POINT ( 'NONE',  ( 0.3475231895887350708, 0.3092079138166087260, 0.5177762832540273585 ) ) ;
#3763 = SURFACE_STYLE_FILL_AREA ( #650 ) ;
#3764 = DIMENSIONAL_EXPONENTS ( 1.000000000000000000, 0.000000000000000000, 0.000000000000000000, 0.000000000000000000, 0.000000000000000000, 0.000000000000000000, 0.000000000000000000 ) ;
#3765 =( GEOMETRIC_REPRESENTATION_CONTEXT ( 3 ) GLOBAL_UNCERTAINTY_ASSIGNED_CONTEXT ( ( #61 ) ) GLOBAL_UNIT_ASSIGNED_CONTEXT ( ( #4379, #7190, #4997 ) ) REPRESENTATION_CONTEXT ( 'NONE', 'WORKASPACE' ) );
#3766 =( NAMED_UNIT ( * ) PLANE_ANGLE_UNIT ( ) SI_UNIT ( $, .RADIAN. ) );
#3767 = DIRECTION ( 'NONE',  ( -1.000000000000000000, -6.938893903907228378E-15, 0.000000000000000000 ) ) ;
#3768 = SURFACE_STYLE_FILL_AREA ( #949 ) ;
#3769 = ORIENTED_EDGE ( 'NONE', *, *, #4338, .F. ) ;
#3770 = CARTESIAN_POINT ( 'NONE',  ( 0.3475231895887351818, 0.3407039768087347098, 0.7500597478209566349 ) ) ;
#3771 = STYLED_ITEM ( 'NONE', ( #2484 ), #420 ) ;
#3772 =( NAMED_UNIT ( * ) PLANE_ANGLE_UNIT ( ) SI_UNIT ( $, .RADIAN. ) );
#3773 = COLOUR_RGB ( '',0.7803921568627451011, 0.7607843137254901578, 0.7411764705882353255 ) ;
#3774 = FACE_OUTER_BOUND ( 'NONE', #4732, .T. ) ;
#3775 = DIRECTION ( 'NONE',  ( 1.000000000000000000, 0.000000000000000000, 0.000000000000000000 ) ) ;
#3776 = LINE ( 'NONE', #3541, #964 ) ;
#3777 =( GEOMETRIC_REPRESENTATION_CONTEXT ( 3 ) GLOBAL_UNCERTAINTY_ASSIGNED_CONTEXT ( ( #225 ) ) GLOBAL_UNIT_ASSIGNED_CONTEXT ( ( #4266, #3772, #3726 ) ) REPRESENTATION_CONTEXT ( 'NONE', 'WORKASPACE' ) );
#3778 = CARTESIAN_POINT ( 'NONE',  ( 0.09687298726624835044, 0.1910976775961362728, 0.7894298265611140453 ) ) ;
#3779 = ORIENTED_EDGE ( 'NONE', *, *, #2340, .F. ) ;
#3780 = ORIENTED_EDGE ( 'NONE', *, *, #4835, .F. ) ;
#3782 = CIRCLE ( 'NONE', #5661, 0.04724409448818896184 ) ;
#3781 = SURFACE_STYLE_FILL_AREA ( #4146 ) ;
#3783 = VECTOR ( 'NONE', #5144, 39.37007874015748143 ) ;
#3784 =( NAMED_UNIT ( * ) SI_UNIT ( $, .STERADIAN. ) SOLID_ANGLE_UNIT ( ) );
#3785 = FILL_AREA_STYLE_COLOUR ( '', #2184 ) ;
#3786 = EDGE_CURVE ( 'NONE', #3510, #3274, #2895, .T. ) ;
#3787 = ORIENTED_EDGE ( 'NONE', *, *, #1230, .T. ) ;
#3788 = VECTOR ( 'NONE', #3981, 39.37007874015748143 ) ;
#3789 = MECHANICAL_DESIGN_GEOMETRIC_PRESENTATION_REPRESENTATION (  '', ( #2805 ), #2012 ) ;
#3790 = VERTEX_POINT ( 'NONE', #5816 ) ;
#3791 = AXIS2_PLACEMENT_3D ( 'NONE', #6006, #2695, #7123 ) ;
#3792 = PLANE ( 'NONE',  #5256 ) ;
#3793 = SURFACE_STYLE_USAGE ( .BOTH. , #996 ) ;
#3794 = ADVANCED_FACE ( 'NONE', ( #6950 ), #1975, .T. ) ;
#3795 = EDGE_LOOP ( 'NONE', ( #5086, #6334, #5902, #4773 ) ) ;
#3796 = UNCERTAINTY_MEASURE_WITH_UNIT (LENGTH_MEASURE( 1.000000000000000082E-05 ), #1388, 'distance_accuracy_value', 'NONE');
#3797 = EDGE_CURVE ( 'NONE', #5464, #2409, #1841, .T. ) ;
#3798 = ORIENTED_EDGE ( 'NONE', *, *, #5092, .T. ) ;
#3799 = LINE ( 'NONE', #6753, #4391 ) ;
#3800 = SURFACE_SIDE_STYLE ('',( #1220 ) ) ;
#3801 = AXIS2_PLACEMENT_3D ( 'NONE', #4339, #3233, #2756 ) ;
#3802 = LINE ( 'NONE', #3560, #4311 ) ;
#3803 = ORIENTED_EDGE ( 'NONE', *, *, #366, .F. ) ;
#3804 = ORIENTED_EDGE ( 'NONE', *, *, #1158, .T. ) ;
#3805 =( NAMED_UNIT ( * ) SI_UNIT ( $, .STERADIAN. ) SOLID_ANGLE_UNIT ( ) );
#3806 = FACE_OUTER_BOUND ( 'NONE', #762, .T. ) ;
#3807 = CARTESIAN_POINT ( 'NONE',  ( 0.2057909061241683379, 0.09660948861975832136, 0.7894298265611140453 ) ) ;
#3808 = CIRCLE ( 'NONE', #1229, 0.07480314960629924625 ) ;
#3809 = LENGTH_MEASURE_WITH_UNIT ( LENGTH_MEASURE( 0.02539999999999999897 ), #3283 );
#3810 =( NAMED_UNIT ( * ) PLANE_ANGLE_UNIT ( ) SI_UNIT ( $, .RADIAN. ) );
#3811 = VERTEX_POINT ( 'NONE', #1448 ) ;
#3812 =( NAMED_UNIT ( * ) SI_UNIT ( $, .STERADIAN. ) SOLID_ANGLE_UNIT ( ) );
#3813 = UNCERTAINTY_MEASURE_WITH_UNIT (LENGTH_MEASURE( 1.000000000000000082E-05 ), #1033, 'distance_accuracy_value', 'NONE');
#3814 =( NAMED_UNIT ( * ) SI_UNIT ( $, .STERADIAN. ) SOLID_ANGLE_UNIT ( ) );
#3815 = PRESENTATION_LAYER_ASSIGNMENT (  '', '', ( #4036 ) ) ;
#3816 = DIRECTION ( 'NONE',  ( -0.000000000000000000, -0.000000000000000000, -1.000000000000000000 ) ) ;
#3817 = ORIENTED_EDGE ( 'NONE', *, *, #3911, .F. ) ;
#3818 = DIRECTION ( 'NONE',  ( -1.000000000000000000, 0.000000000000000000, 0.000000000000000000 ) ) ;
#3819 = PLANE ( 'NONE',  #298 ) ;
#3820 = DIRECTION ( 'NONE',  ( 0.000000000000000000, -1.000000000000000000, 0.000000000000000000 ) ) ;
#3821 = VECTOR ( 'NONE', #6555, 39.37007874015748143 ) ;
#3822 = PRESENTATION_LAYER_ASSIGNMENT (  '', '', ( #6410 ) ) ;
#3823 = VERTEX_POINT ( 'NONE', #1377 ) ;
#3824 = STYLED_ITEM ( 'NONE', ( #387 ), #5555 ) ;
#3825 = DIRECTION ( 'NONE',  ( 0.000000000000000000, -1.000000000000000000, 0.000000000000000000 ) ) ;
#3826 = LENGTH_MEASURE_WITH_UNIT ( LENGTH_MEASURE( 0.02539999999999999897 ), #1079 );
#3827 =( NAMED_UNIT ( * ) PLANE_ANGLE_UNIT ( ) SI_UNIT ( $, .RADIAN. ) );
#3828 = FILL_AREA_STYLE_COLOUR ( '', #4525 ) ;
#3829 =( LENGTH_UNIT ( ) NAMED_UNIT ( * ) SI_UNIT ( $, .METRE. ) );
#3830 = EDGE_CURVE ( 'NONE', #5648, #557, #6445, .T. ) ;
#3831 = AXIS2_PLACEMENT_3D ( 'NONE', #5876, #2003, #3686 ) ;
#3832 = ADVANCED_FACE ( 'NONE', ( #6349 ), #6979, .F. ) ;
#3833 =( GEOMETRIC_REPRESENTATION_CONTEXT ( 3 ) GLOBAL_UNCERTAINTY_ASSIGNED_CONTEXT ( ( #6432 ) ) GLOBAL_UNIT_ASSIGNED_CONTEXT ( ( #944, #3592, #6346 ) ) REPRESENTATION_CONTEXT ( 'NONE', 'WORKASPACE' ) );
#3834 = DIRECTION ( 'NONE',  ( 1.224646799147353454E-16, -1.000000000000000000, -3.081487911019577365E-32 ) ) ;
#3835 = SURFACE_STYLE_FILL_AREA ( #6995 ) ;
#3836 = FILL_AREA_STYLE_COLOUR ( '', #1360 ) ;
#3837 =( NAMED_UNIT ( * ) PLANE_ANGLE_UNIT ( ) SI_UNIT ( $, .RADIAN. ) );
#3838 = ORIENTED_EDGE ( 'NONE', *, *, #5007, .T. ) ;
#3839 =( CONVERSION_BASED_UNIT ( 'INCH', #4573 ) LENGTH_UNIT ( ) NAMED_UNIT ( #4413 ) );
#3840 =( LENGTH_UNIT ( ) NAMED_UNIT ( * ) SI_UNIT ( $, .METRE. ) );
#3841 = SURFACE_SIDE_STYLE ('',( #5936 ) ) ;
#3842 = EDGE_CURVE ( 'NONE', #4667, #390, #1933, .T. ) ;
#3843 = COLOUR_RGB ( '',0.6470588235294117974, 0.6196078431372549211, 0.5882352941176470784 ) ;
#3844 = AXIS2_PLACEMENT_3D ( 'NONE', #113, #6219, #4051 ) ;
#3845 = ORIENTED_EDGE ( 'NONE', *, *, #3513, .T. ) ;
#3846 = CIRCLE ( 'NONE', #5279, 0.07480314960629917687 ) ;
#3847 =( LENGTH_UNIT ( ) NAMED_UNIT ( * ) SI_UNIT ( $, .METRE. ) );
#3848 = LINE ( 'NONE', #6926, #669 ) ;
#3849 = DIRECTION ( 'NONE',  ( 0.000000000000000000, -1.000000000000000000, 0.000000000000000000 ) ) ;
#3850 = DIRECTION ( 'NONE',  ( -1.000000000000000000, 0.000000000000000000, 0.000000000000000000 ) ) ;
#3851 =( GEOMETRIC_REPRESENTATION_CONTEXT ( 3 ) GLOBAL_UNCERTAINTY_ASSIGNED_CONTEXT ( ( #4462 ) ) GLOBAL_UNIT_ASSIGNED_CONTEXT ( ( #733, #1885, #4109 ) ) REPRESENTATION_CONTEXT ( 'NONE', 'WORKASPACE' ) );
#3852 = SURFACE_STYLE_USAGE ( .BOTH. , #2225 ) ;
#3853 = FILL_AREA_STYLE ('',( #5558 ) ) ;
#3854 = VECTOR ( 'NONE', #562, 39.37007874015748143 ) ;
#3855 = SURFACE_STYLE_FILL_AREA ( #578 ) ;
#3856 = CARTESIAN_POINT ( 'NONE',  ( 0.06209011872259351944, 0.1753496461000732809, 0.5532093541201690279 ) ) ;
#3857 = SURFACE_STYLE_USAGE ( .BOTH. , #6614 ) ;
#3858 = ORIENTED_EDGE ( 'NONE', *, *, #7196, .F. ) ;
#3859 = EDGE_LOOP ( 'NONE', ( #3522, #138, #4440, #6559, #5684, #627, #5031 ) ) ;
#3860 = SURFACE_SIDE_STYLE ('',( #2079 ) ) ;
#3861 = STYLED_ITEM ( 'NONE', ( #6237 ), #5315 ) ;
#3862 = SURFACE_SIDE_STYLE ('',( #6386 ) ) ;
#3863 = PLANE ( 'NONE',  #137 ) ;
#3864 = EDGE_CURVE ( 'NONE', #6884, #1250, #2811, .T. ) ;
#3865 = SURFACE_STYLE_FILL_AREA ( #5093 ) ;
#3866 = LINE ( 'NONE', #3526, #5499 ) ;
#3867 = EDGE_CURVE ( 'NONE', #2799, #1968, #3243, .T. ) ;
#3868 = ADVANCED_FACE ( 'NONE', ( #4274 ), #4784, .T. ) ;
#3869 = VERTEX_POINT ( 'NONE', #3167 ) ;
#3870 = CIRCLE ( 'NONE', #2566, 0.03937007874015752140 ) ;
#3871 = CARTESIAN_POINT ( 'NONE',  ( 0.06209011872259351944, 0.1910976775961362728, 0.5532093541201690279 ) ) ;
#3872 = PRESENTATION_STYLE_ASSIGNMENT (( #4978 ) ) ;
#3873 = STYLED_ITEM ( 'NONE', ( #4345 ), #1146 ) ;
#3874 = EDGE_CURVE ( 'NONE', #1471, #6944, #3581, .T. ) ;
#3875 = AXIS2_PLACEMENT_3D ( 'NONE', #1430, #3073, #4774 ) ;
#3876 = SURFACE_STYLE_FILL_AREA ( #1251 ) ;
#3877 = EDGE_CURVE ( 'NONE', #3274, #296, #4600, .T. ) ;
#3878 = CARTESIAN_POINT ( 'NONE',  ( 0.06209011872259351944, 0.1359795673599158150, 0.7500597478209566349 ) ) ;
#3879 = DIMENSIONAL_EXPONENTS ( 1.000000000000000000, 0.000000000000000000, 0.000000000000000000, 0.000000000000000000, 0.000000000000000000, 0.000000000000000000, 0.000000000000000000 ) ;
#3880 = COLOUR_RGB ( '',1.000000000000000000, 1.000000000000000000, 1.000000000000000000 ) ;
#3881 = DIRECTION ( 'NONE',  ( -1.000000000000000000, 0.000000000000000000, 0.000000000000000000 ) ) ;
#3882 = ORIENTED_EDGE ( 'NONE', *, *, #3416, .T. ) ;
#3883 = EDGE_CURVE ( 'NONE', #1744, #215, #2019, .T. ) ;
#3884 =( LENGTH_UNIT ( ) NAMED_UNIT ( * ) SI_UNIT ( $, .METRE. ) );
#3885 =( GEOMETRIC_REPRESENTATION_CONTEXT ( 3 ) GLOBAL_UNCERTAINTY_ASSIGNED_CONTEXT ( ( #4333 ) ) GLOBAL_UNIT_ASSIGNED_CONTEXT ( ( #1847, #1900, #4122 ) ) REPRESENTATION_CONTEXT ( 'NONE', 'WORKASPACE' ) );
#3886 = PRESENTATION_LAYER_ASSIGNMENT (  '', '', ( #2866 ) ) ;
#3887 = PRESENTATION_STYLE_ASSIGNMENT (( #6631 ) ) ;
#3888 = VERTEX_POINT ( 'NONE', #5450 ) ;
#3889 = ORIENTED_EDGE ( 'NONE', *, *, #5098, .T. ) ;
#3890 = LINE ( 'NONE', #4999, #26 ) ;
#3891 = ORIENTED_EDGE ( 'NONE', *, *, #1244, .T. ) ;
#3892 = ORIENTED_EDGE ( 'NONE', *, *, #3120, .T. ) ;
#3893 = EDGE_CURVE ( 'NONE', #4775, #1471, #2727, .T. ) ;
#3894 = VERTEX_POINT ( 'NONE', #6551 ) ;
#3895 = CARTESIAN_POINT ( 'NONE',  ( 0.1839628000313384970, 0.3525150004307819329, 0.7814937013496626728 ) ) ;
#3896 = PRESENTATION_LAYER_ASSIGNMENT (  '', '', ( #1503 ) ) ;
#3897 = UNCERTAINTY_MEASURE_WITH_UNIT (LENGTH_MEASURE( 1.000000000000000082E-05 ), #1536, 'distance_accuracy_value', 'NONE');
#3898 = CYLINDRICAL_SURFACE ( 'NONE', #1663, 0.04724409448818896184 ) ;
#3899 = VECTOR ( 'NONE', #5997, 39.37007874015748143 ) ;
#3900 = PRESENTATION_STYLE_ASSIGNMENT (( #3699 ) ) ;
#3901 = VERTEX_POINT ( 'NONE', #1003 ) ;
#3902 = ADVANCED_FACE ( 'NONE', ( #674 ), #7107, .T. ) ;
#3903 =( NAMED_UNIT ( * ) PLANE_ANGLE_UNIT ( ) SI_UNIT ( $, .RADIAN. ) );
#3904 = MECHANICAL_DESIGN_GEOMETRIC_PRESENTATION_REPRESENTATION (  '', ( #2262 ), #3765 ) ;
#3905 = DIRECTION ( 'NONE',  ( 0.000000000000000000, 0.000000000000000000, 1.000000000000000000 ) ) ;
#3906 = DIRECTION ( 'NONE',  ( 0.000000000000000000, 0.000000000000000000, -1.000000000000000000 ) ) ;
#3907 = PRESENTATION_STYLE_ASSIGNMENT (( #6053 ) ) ;
#3908 = DIRECTION ( 'NONE',  ( 0.000000000000000000, 0.000000000000000000, -1.000000000000000000 ) ) ;
#3909 = MECHANICAL_DESIGN_GEOMETRIC_PRESENTATION_REPRESENTATION (  '', ( #3170 ), #3027 ) ;
#3910 =( GEOMETRIC_REPRESENTATION_CONTEXT ( 3 ) GLOBAL_UNCERTAINTY_ASSIGNED_CONTEXT ( ( #3273 ) ) GLOBAL_UNIT_ASSIGNED_CONTEXT ( ( #229, #2419, #6306 ) ) REPRESENTATION_CONTEXT ( 'NONE', 'WORKASPACE' ) );
#3911 = EDGE_CURVE ( 'NONE', #548, #2799, #6780, .T. ) ;
#3912 = FILL_AREA_STYLE_COLOUR ( '', #4361 ) ;
#3913 = EDGE_CURVE ( 'NONE', #1225, #238, #5740, .T. ) ;
#3914 =( NAMED_UNIT ( * ) SI_UNIT ( $, .STERADIAN. ) SOLID_ANGLE_UNIT ( ) );
#3915 = SURFACE_STYLE_USAGE ( .BOTH. , #1114 ) ;
#3916 = MECHANICAL_DESIGN_GEOMETRIC_PRESENTATION_REPRESENTATION (  '', ( #5897 ), #1542 ) ;
#3917 = ORIENTED_EDGE ( 'NONE', *, *, #6570, .F. ) ;
#3918 = SURFACE_SIDE_STYLE ('',( #6379 ) ) ;
#3919 = ORIENTED_EDGE ( 'NONE', *, *, #2560, .T. ) ;
#3920 = FILL_AREA_STYLE ('',( #2321 ) ) ;
#3921 = DIRECTION ( 'NONE',  ( 0.000000000000000000, 0.000000000000000000, -1.000000000000000000 ) ) ;
#3922 = ORIENTED_EDGE ( 'NONE', *, *, #6985, .T. ) ;
#3923 = CARTESIAN_POINT ( 'NONE',  ( 0.2215389376202313021, 0.3092079138166087260, 0.5728943934902478441 ) ) ;
#3924 =( CONVERSION_BASED_UNIT ( 'INCH', #4378 ) LENGTH_UNIT ( ) NAMED_UNIT ( #4539 ) );
#3925 = EDGE_CURVE ( 'NONE', #4903, #5864, #4264, .T. ) ;
#3926 = DIRECTION ( 'NONE',  ( 1.000000000000000000, 0.000000000000000000, 0.000000000000000000 ) ) ;
#3927 = DIRECTION ( 'NONE',  ( -0.000000000000000000, 1.000000000000000000, -0.000000000000000000 ) ) ;
#3928 =( GEOMETRIC_REPRESENTATION_CONTEXT ( 3 ) GLOBAL_UNCERTAINTY_ASSIGNED_CONTEXT ( ( #3720 ) ) GLOBAL_UNIT_ASSIGNED_CONTEXT ( ( #4090, #4074, #711 ) ) REPRESENTATION_CONTEXT ( 'NONE', 'WORKASPACE' ) );
#3929 = FACE_OUTER_BOUND ( 'NONE', #992, .T. ) ;
#3930 = ADVANCED_FACE ( 'NONE', ( #857 ), #946, .F. ) ;
#3931 = FACE_OUTER_BOUND ( 'NONE', #638, .T. ) ;
#3932 = UNCERTAINTY_MEASURE_WITH_UNIT (LENGTH_MEASURE( 1.000000000000000082E-05 ), #5182, 'distance_accuracy_value', 'NONE');
#3933 = DIRECTION ( 'NONE',  ( 1.000000000000000000, 0.000000000000000000, 0.000000000000000000 ) ) ;
#3934 = VERTEX_POINT ( 'NONE', #5476 ) ;
#3935 = EDGE_LOOP ( 'NONE', ( #6554, #6522, #4988, #2236 ) ) ;
#3936 = FILL_AREA_STYLE_COLOUR ( '', #5782 ) ;
#3937 = FACE_OUTER_BOUND ( 'NONE', #804, .T. ) ;
#3938 = DIMENSIONAL_EXPONENTS ( 1.000000000000000000, 0.000000000000000000, 0.000000000000000000, 0.000000000000000000, 0.000000000000000000, 0.000000000000000000, 0.000000000000000000 ) ;
#3939 = PRESENTATION_LAYER_ASSIGNMENT (  '', '', ( #192 ) ) ;
#3940 = LENGTH_MEASURE_WITH_UNIT ( LENGTH_MEASURE( 0.02539999999999999897 ), #6849 );
#3941 = CIRCLE ( 'NONE', #3380, 0.03937007874015747977 ) ;
#3942 = VECTOR ( 'NONE', #4583, 39.37007874015748143 ) ;
#3943 =( LENGTH_UNIT ( ) NAMED_UNIT ( * ) SI_UNIT ( $, .METRE. ) );
#3944 = CARTESIAN_POINT ( 'NONE',  ( 0.1329562604548769900, 0.2698378350764512046, 0.5925794328603265493 ) ) ;
#3945 = ORIENTED_EDGE ( 'NONE', *, *, #3700, .T. ) ;
#3946 = DIRECTION ( 'NONE',  ( 1.000000000000000000, 0.000000000000000000, 0.000000000000000000 ) ) ;
#3947 = VECTOR ( 'NONE', #2934, 39.37007874015748143 ) ;
#3948 = LINE ( 'NONE', #1640, #874 ) ;
#3949 = DIRECTION ( 'NONE',  ( 0.000000000000000000, 0.000000000000000000, 1.000000000000000000 ) ) ;
#3950 = DIRECTION ( 'NONE',  ( 1.000000000000000000, 0.000000000000000000, 0.000000000000000000 ) ) ;
#3951 = ORIENTED_EDGE ( 'NONE', *, *, #1284, .T. ) ;
#3952 = FACE_OUTER_BOUND ( 'NONE', #4484, .T. ) ;
#3953 = DIRECTION ( 'NONE',  ( 0.000000000000000000, -0.000000000000000000, 1.000000000000000000 ) ) ;
#3954 = EDGE_LOOP ( 'NONE', ( #2991, #355, #5689, #2804 ) ) ;
#3955 = VECTOR ( 'NONE', #5078, 39.37007874015748143 ) ;
#3956 = PLANE ( 'NONE',  #6080 ) ;
#3957 = ORIENTED_EDGE ( 'NONE', *, *, #6683, .F. ) ;
#3958 = SURFACE_STYLE_USAGE ( .BOTH. , #2276 ) ;
#3959 = VECTOR ( 'NONE', #3578, 39.37007874015748143 ) ;
#3960 = STYLED_ITEM ( 'NONE', ( #4396 ), #6621 ) ;
#3961 = ORIENTED_EDGE ( 'NONE', *, *, #1644, .F. ) ;
#3962 = CARTESIAN_POINT ( 'NONE',  ( 0.1664208273840108721, 0.1359795673599158150, 0.5532093541201690279 ) ) ;
#3963 = ORIENTED_EDGE ( 'NONE', *, *, #6323, .T. ) ;
#3964 = VERTEX_POINT ( 'NONE', #4419 ) ;
#3965 = ORIENTED_EDGE ( 'NONE', *, *, #951, .F. ) ;
#3966 =( NAMED_UNIT ( * ) PLANE_ANGLE_UNIT ( ) SI_UNIT ( $, .RADIAN. ) );
#3967 = CARTESIAN_POINT ( 'NONE',  ( 0.06209011872259351944, 0.1359795673599158150, 0.7500597478209566349 ) ) ;
#3968 = ADVANCED_FACE ( 'NONE', ( #5211 ), #6340, .F. ) ;
#3969 = DIRECTION ( 'NONE',  ( 0.000000000000000000, 1.000000000000000000, 0.000000000000000000 ) ) ;
#3970 = UNCERTAINTY_MEASURE_WITH_UNIT (LENGTH_MEASURE( 1.000000000000000082E-05 ), #4972, 'distance_accuracy_value', 'NONE');
#3971 = FACE_OUTER_BOUND ( 'NONE', #2053, .T. ) ;
#3972 = EDGE_CURVE ( 'NONE', #7039, #6086, #6243, .T. ) ;
#3973 = CARTESIAN_POINT ( 'NONE',  ( 0.06209011872259351944, 0.1359795673599158150, 0.7500597478209566349 ) ) ;
#3974 = PRODUCT_RELATED_PRODUCT_CATEGORY ( 'part', '', ( #1423 ) ) ;
#3975 = CIRCLE ( 'NONE', #3311, 0.03937007874015747977 ) ;
#3976 = VERTEX_POINT ( 'NONE', #4392 ) ;
#3977 = DIRECTION ( 'NONE',  ( 0.000000000000000000, 0.000000000000000000, 1.000000000000000000 ) ) ;
#3978 =( NAMED_UNIT ( * ) PLANE_ANGLE_UNIT ( ) SI_UNIT ( $, .RADIAN. ) );
#3979 = DIMENSIONAL_EXPONENTS ( 1.000000000000000000, 0.000000000000000000, 0.000000000000000000, 0.000000000000000000, 0.000000000000000000, 0.000000000000000000, 0.000000000000000000 ) ;
#3980 = VECTOR ( 'NONE', #2646, 39.37007874015748143 ) ;
#3981 = DIRECTION ( 'NONE',  ( 1.000000000000000000, -0.000000000000000000, -0.000000000000000000 ) ) ;
#3982 = ORIENTED_EDGE ( 'NONE', *, *, #3830, .F. ) ;
#3983 = VECTOR ( 'NONE', #5879, 39.37007874015748143 ) ;
#3984 = AXIS2_PLACEMENT_3D ( 'NONE', #1898, #6301, #2431 ) ;
#3985 = FILL_AREA_STYLE ('',( #5084 ) ) ;
#3986 = ORIENTED_EDGE ( 'NONE', *, *, #5480, .T. ) ;
#3987 = DIRECTION ( 'NONE',  ( 1.000000000000000000, 0.000000000000000000, 0.000000000000000000 ) ) ;
#3988 = VECTOR ( 'NONE', #1880, 39.37007874015748143 ) ;
#3989 =( CONVERSION_BASED_UNIT ( 'INCH', #5398 ) LENGTH_UNIT ( ) NAMED_UNIT ( #736 ) );
#3990 = DIRECTION ( 'NONE',  ( 1.000000000000000000, 0.000000000000000000, 0.000000000000000000 ) ) ;
#3991 = CARTESIAN_POINT ( 'NONE',  ( 0.06209011872259351944, 0.3407039768087347098, 0.7500597478209566349 ) ) ;
#3992 = PRESENTATION_LAYER_ASSIGNMENT (  '', '', ( #7000 ) ) ;
#3993 = EDGE_CURVE ( 'NONE', #5694, #372, #1649, .T. ) ;
#3994 = CARTESIAN_POINT ( 'NONE',  ( 0.09358618171471951019, 0.2698378350764509270, 0.5925794328603265493 ) ) ;
#3995 = CARTESIAN_POINT ( 'NONE',  ( 0.06209011872259351944, 0.3092079138166087260, 0.8248628974272557146 ) ) ;
#3996 = EDGE_CURVE ( 'NONE', #2124, #626, #5821, .T. ) ;
#3997 = CARTESIAN_POINT ( 'NONE',  ( 0.1014601974627510061, 0.3407039768087347098, 0.5532093541201690279 ) ) ;
#3998 = DIRECTION ( 'NONE',  ( 1.000000000000000000, 0.000000000000000000, 0.000000000000000000 ) ) ;
#3999 = CARTESIAN_POINT ( 'NONE',  ( 0.2057909061241683379, 0.09660948861975832136, 0.5532093541201690279 ) ) ;
#4000 = CIRCLE ( 'NONE', #7162, 0.07480314960629920462 ) ;
#4001 =( GEOMETRIC_REPRESENTATION_CONTEXT ( 3 ) GLOBAL_UNCERTAINTY_ASSIGNED_CONTEXT ( ( #6195 ) ) GLOBAL_UNIT_ASSIGNED_CONTEXT ( ( #2007, #2106, #7073 ) ) REPRESENTATION_CONTEXT ( 'NONE', 'WORKASPACE' ) );
#4002 = ADVANCED_FACE ( 'NONE', ( #3237 ), #1600, .F. ) ;
#4003 = ORIENTED_EDGE ( 'NONE', *, *, #353, .F. ) ;
#4004 = SURFACE_STYLE_FILL_AREA ( #4693 ) ;
#4005 = EDGE_CURVE ( 'NONE', #4888, #431, #6076, .T. ) ;
#4006 = MECHANICAL_DESIGN_GEOMETRIC_PRESENTATION_REPRESENTATION (  '', ( #1765 ), #4728 ) ;
#4007 = EDGE_CURVE ( 'NONE', #5424, #171, #1829, .T. ) ;
#4008 = LINE ( 'NONE', #53, #243 ) ;
#4009 = FILL_AREA_STYLE ('',( #91 ) ) ;
#4010 = COLOUR_RGB ( '',0.7803921568627451011, 0.7607843137254901578, 0.7411764705882353255 ) ;
#4011 = UNCERTAINTY_MEASURE_WITH_UNIT (LENGTH_MEASURE( 1.000000000000000082E-05 ), #728, 'distance_accuracy_value', 'NONE');
#4012 = ORIENTED_EDGE ( 'NONE', *, *, #2436, .T. ) ;
#4013 = CARTESIAN_POINT ( 'NONE',  ( 0.2372869691162943495, -0.06480783421488736651, 0.5689573856162322141 ) ) ;
#4014 = AXIS2_PLACEMENT_3D ( 'NONE', #6526, #477, #3241 ) ;
#4015 = VECTOR ( 'NONE', #2369, 39.37007874015748143 ) ;
#4016 = CARTESIAN_POINT ( 'NONE',  ( 0.06209011872259351944, 0.1910976775961362728, 0.5532093541201690279 ) ) ;
#4017 =( GEOMETRIC_REPRESENTATION_CONTEXT ( 3 ) GLOBAL_UNCERTAINTY_ASSIGNED_CONTEXT ( ( #5913 ) ) GLOBAL_UNIT_ASSIGNED_CONTEXT ( ( #5806, #4170, #4753 ) ) REPRESENTATION_CONTEXT ( 'NONE', 'WORKASPACE' ) );
#4018 = COLOUR_RGB ( '',1.000000000000000000, 1.000000000000000000, 1.000000000000000000 ) ;
#4019 = CARTESIAN_POINT ( 'NONE',  ( 0.02468854391944393101, 0.08479846499771107049, 0.8681699840414289771 ) ) ;
#4020 = FACE_OUTER_BOUND ( 'NONE', #223, .T. ) ;
#4021 = VECTOR ( 'NONE', #6176, 39.37007874015748143 ) ;
#4022 = UNCERTAINTY_MEASURE_WITH_UNIT (LENGTH_MEASURE( 1.000000000000000082E-05 ), #6916, 'distance_accuracy_value', 'NONE');
#4023 = DIRECTION ( 'NONE',  ( -0.000000000000000000, 0.000000000000000000, -1.000000000000000000 ) ) ;
#4024 = EDGE_CURVE ( 'NONE', #3964, #3811, #5474, .T. ) ;
#4025 = PRESENTATION_STYLE_ASSIGNMENT (( #2195 ) ) ;
#4026 = DIRECTION ( 'NONE',  ( -0.9544338947578754340, -1.168844414212973759E-16, 0.2984224196291437869 ) ) ;
#4027 = PRESENTATION_LAYER_ASSIGNMENT (  '', '', ( #2027 ) ) ;
#4028 = ORIENTED_EDGE ( 'NONE', *, *, #1569, .F. ) ;
#4029 = VERTEX_POINT ( 'NONE', #1624 ) ;
#4030 = COLOUR_RGB ( '',0.7803921568627451011, 0.7607843137254901578, 0.7411764705882353255 ) ;
#4031 = SURFACE_STYLE_FILL_AREA ( #3609 ) ;
#4032 = LENGTH_MEASURE_WITH_UNIT ( LENGTH_MEASURE( 0.02539999999999999897 ), #292 );
#4033 = LENGTH_MEASURE_WITH_UNIT ( LENGTH_MEASURE( 0.02539999999999999897 ), #5075 );
#4035 = PRESENTATION_STYLE_ASSIGNMENT (( #4816 ) ) ;
#4034 = VECTOR ( 'NONE', #3297, 39.37007874015748854 ) ;
#4036 = STYLED_ITEM ( 'NONE', ( #5983 ), #4428 ) ;
#4037 = PRESENTATION_STYLE_ASSIGNMENT (( #3543 ) ) ;
#4038 = CARTESIAN_POINT ( 'NONE',  ( 0.1329562604548769900, 0.2068457090921992647, 0.7500597478209566349 ) ) ;
#4039 = AXIS2_PLACEMENT_3D ( 'NONE', #5060, #5010, #3399 ) ;
#4040 = FACE_OUTER_BOUND ( 'NONE', #7221, .T. ) ;
#4041 = DIRECTION ( 'NONE',  ( 1.000000000000000000, -0.000000000000000000, 0.000000000000000000 ) ) ;
#4042 = DIRECTION ( 'NONE',  ( 1.000000000000000000, 1.591489427501660608E-16, 0.000000000000000000 ) ) ;
#4043 = FACE_OUTER_BOUND ( 'NONE', #5447, .T. ) ;
#4044 =( GEOMETRIC_REPRESENTATION_CONTEXT ( 3 ) GLOBAL_UNCERTAINTY_ASSIGNED_CONTEXT ( ( #5059 ) ) GLOBAL_UNIT_ASSIGNED_CONTEXT ( ( #692, #6453, #165 ) ) REPRESENTATION_CONTEXT ( 'NONE', 'WORKASPACE' ) );
#4045 = PRESENTATION_STYLE_ASSIGNMENT (( #502 ) ) ;
#4046 = PRESENTATION_LAYER_ASSIGNMENT (  '', '', ( #2187 ) ) ;
#4047 = VERTEX_POINT ( 'NONE', #3871 ) ;
#4048 =( CONVERSION_BASED_UNIT ( 'INCH', #6797 ) LENGTH_UNIT ( ) NAMED_UNIT ( #7103 ) );
#4049 = COLOUR_RGB ( '',1.000000000000000000, 1.000000000000000000, 1.000000000000000000 ) ;
#4050 = ORIENTED_EDGE ( 'NONE', *, *, #1007, .F. ) ;
#4051 = DIRECTION ( 'NONE',  ( -0.9544338947578753229, 0.000000000000000000, -0.2984224196291438980 ) ) ;
#4052 = ORIENTED_EDGE ( 'NONE', *, *, #3196, .T. ) ;
#4053 = ORIENTED_EDGE ( 'NONE', *, *, #4846, .F. ) ;
#4054 = DIMENSIONAL_EXPONENTS ( 1.000000000000000000, 0.000000000000000000, 0.000000000000000000, 0.000000000000000000, 0.000000000000000000, 0.000000000000000000, 0.000000000000000000 ) ;
#4055 = CARTESIAN_POINT ( 'NONE',  ( 0.2644866231109230803, 0.3407039768087347098, 0.7894298265611140453 ) ) ;
#4056 = PRESENTATION_LAYER_ASSIGNMENT (  '', '', ( #922 ) ) ;
#4057 = ORIENTED_EDGE ( 'NONE', *, *, #5056, .T. ) ;
#4058 = AXIS2_PLACEMENT_3D ( 'NONE', #4384, #4357, #5520 ) ;
#4059 = SURFACE_STYLE_USAGE ( .BOTH. , #2378 ) ;
#4060 = VERTEX_POINT ( 'NONE', #4985 ) ;
#4061 = LENGTH_MEASURE_WITH_UNIT ( LENGTH_MEASURE( 0.02539999999999999897 ), #5353 );
#4062 =( NAMED_UNIT ( * ) SI_UNIT ( $, .STERADIAN. ) SOLID_ANGLE_UNIT ( ) );
#4063 = SURFACE_SIDE_STYLE ('',( #4881 ) ) ;
#4064 = DIRECTION ( 'NONE',  ( -0.9544338947578754340, -1.168844414212974006E-16, -0.2984224196291437869 ) ) ;
#4065 = CARTESIAN_POINT ( 'NONE',  ( 0.3475231895887351818, 0.3092079138166087260, 0.5925794328603265493 ) ) ;
#4066 = FILL_AREA_STYLE_COLOUR ( '', #5222 ) ;
#4067 = CIRCLE ( 'NONE', #6546, 0.07480314960629924625 ) ;
#4068 = ORIENTED_EDGE ( 'NONE', *, *, #2393, .T. ) ;
#4069 = CARTESIAN_POINT ( 'NONE',  ( 0.4183893313210187981, 0.6950346854701520138, 0.8681699840414289771 ) ) ;
#4070 = DIRECTION ( 'NONE',  ( -0.000000000000000000, -1.000000000000000000, -0.000000000000000000 ) ) ;
#4071 = DIRECTION ( 'NONE',  ( -0.000000000000000000, -0.000000000000000000, -1.000000000000000000 ) ) ;
#4072 = DIRECTION ( 'NONE',  ( -0.000000000000000000, -0.000000000000000000, -1.000000000000000000 ) ) ;
#4073 = LENGTH_MEASURE_WITH_UNIT ( LENGTH_MEASURE( 0.02539999999999999897 ), #503 );
#4074 =( NAMED_UNIT ( * ) PLANE_ANGLE_UNIT ( ) SI_UNIT ( $, .RADIAN. ) );
#4075 = CARTESIAN_POINT ( 'NONE',  ( 0.1329562604548769900, 0.2068457090921992647, 0.7894298265611140453 ) ) ;
#4076 = CARTESIAN_POINT ( 'NONE',  ( 0.1329562604548772953, 0.1674756303520417988, 0.5532093541201690279 ) ) ;
#4077 = PLANE ( 'NONE',  #2797 ) ;
#4078 =( LENGTH_UNIT ( ) NAMED_UNIT ( * ) SI_UNIT ( $, .METRE. ) );
#4079 = DIRECTION ( 'NONE',  ( 0.000000000000000000, 0.000000000000000000, 1.000000000000000000 ) ) ;
#4080 =( NAMED_UNIT ( * ) PLANE_ANGLE_UNIT ( ) SI_UNIT ( $, .RADIAN. ) );
#4081 = SURFACE_STYLE_FILL_AREA ( #6294 ) ;
#4082 = AXIS2_PLACEMENT_3D ( 'NONE', #2217, #6077, #4520 ) ;
#4083 = FILL_AREA_STYLE_COLOUR ( '', #6757 ) ;
#4084 =( NAMED_UNIT ( * ) PLANE_ANGLE_UNIT ( ) SI_UNIT ( $, .RADIAN. ) );
#4085 = ORIENTED_EDGE ( 'NONE', *, *, #5531, .T. ) ;
#4086 =( LENGTH_UNIT ( ) NAMED_UNIT ( * ) SI_UNIT ( $, .METRE. ) );
#4087 = DIRECTION ( 'NONE',  ( -1.000000000000000000, 0.000000000000000000, 0.000000000000000000 ) ) ;
#4088 = VERTEX_POINT ( 'NONE', #3895 ) ;
#4089 = PRESENTATION_STYLE_ASSIGNMENT (( #2450 ) ) ;
#4090 =( CONVERSION_BASED_UNIT ( 'INCH', #592 ) LENGTH_UNIT ( ) NAMED_UNIT ( #5537 ) );
#4091 = PRESENTATION_LAYER_ASSIGNMENT (  '', '', ( #3732 ) ) ;
#4092 = ORIENTED_EDGE ( 'NONE', *, *, #6929, .F. ) ;
#4093 =( NAMED_UNIT ( * ) PLANE_ANGLE_UNIT ( ) SI_UNIT ( $, .RADIAN. ) );
#4094 = DIRECTION ( 'NONE',  ( 7.228014483236698528E-16, 0.000000000000000000, 1.000000000000000000 ) ) ;
#4095 = SURFACE_STYLE_FILL_AREA ( #1346 ) ;
#4096 = CARTESIAN_POINT ( 'NONE',  ( 0.06209011872259351944, 0.3407039768087347098, 0.5532093541201690279 ) ) ;
#4097 = EDGE_CURVE ( 'NONE', #5606, #2574, #2191, .T. ) ;
#4098 = VECTOR ( 'NONE', #628, 39.37007874015748143 ) ;
#4099 = ORIENTED_EDGE ( 'NONE', *, *, #1264, .T. ) ;
#4100 = CARTESIAN_POINT ( 'NONE',  ( 0.2929335990391274125, 0.5985779925567662474, 0.5952173303916408198 ) ) ;
#4101 = ORIENTED_EDGE ( 'NONE', *, *, #3444, .F. ) ;
#4102 = CIRCLE ( 'NONE', #5963, 0.04724409448818903123 ) ;
#4103 = UNCERTAINTY_MEASURE_WITH_UNIT (LENGTH_MEASURE( 1.000000000000000082E-05 ), #4168, 'distance_accuracy_value', 'NONE');
#4104 = LENGTH_MEASURE_WITH_UNIT ( LENGTH_MEASURE( 0.02539999999999999897 ), #2161 );
#4105 = VECTOR ( 'NONE', #5764, 39.37007874015748143 ) ;
#4106 = DIRECTION ( 'NONE',  ( 0.000000000000000000, -0.000000000000000000, -1.000000000000000000 ) ) ;
#4107 = ORIENTED_EDGE ( 'NONE', *, *, #4210, .F. ) ;
#4108 = CARTESIAN_POINT ( 'NONE',  ( 0.3475231895887351818, 0.3092079138166087260, 0.7894298265611140453 ) ) ;
#4109 =( NAMED_UNIT ( * ) SI_UNIT ( $, .STERADIAN. ) SOLID_ANGLE_UNIT ( ) );
#4110 = DIRECTION ( 'NONE',  ( 0.000000000000000000, -1.000000000000000000, 0.000000000000000000 ) ) ;
#4111 = VECTOR ( 'NONE', #2394, 39.37007874015748143 ) ;
#4112 = AXIS2_PLACEMENT_3D ( 'NONE', #3650, #244, #4188 ) ;
#4113 = ORIENTED_EDGE ( 'NONE', *, *, #346, .T. ) ;
#4114 =( NAMED_UNIT ( * ) SI_UNIT ( $, .STERADIAN. ) SOLID_ANGLE_UNIT ( ) );
#4115 = CARTESIAN_POINT ( 'NONE',  ( 0.1329562604548772675, 0.3092079138166086705, 0.7500597478209566349 ) ) ;
#4116 = DIMENSIONAL_EXPONENTS ( 1.000000000000000000, 0.000000000000000000, 0.000000000000000000, 0.000000000000000000, 0.000000000000000000, 0.000000000000000000, 0.000000000000000000 ) ;
#4117 = ORIENTED_EDGE ( 'NONE', *, *, #5471, .T. ) ;
#4118 = CARTESIAN_POINT ( 'NONE',  ( 0.1546098037619636212, 0.1064520083047976878, 0.7894298265611140453 ) ) ;
#4119 =( NAMED_UNIT ( * ) PLANE_ANGLE_UNIT ( ) SI_UNIT ( $, .RADIAN. ) );
#4120 = ORIENTED_EDGE ( 'NONE', *, *, #956, .T. ) ;
#4121 =( GEOMETRIC_REPRESENTATION_CONTEXT ( 3 ) GLOBAL_UNCERTAINTY_ASSIGNED_CONTEXT ( ( #3970 ) ) GLOBAL_UNIT_ASSIGNED_CONTEXT ( ( #4972, #6590, #7164 ) ) REPRESENTATION_CONTEXT ( 'NONE', 'WORKASPACE' ) );
#4122 =( NAMED_UNIT ( * ) SI_UNIT ( $, .STERADIAN. ) SOLID_ANGLE_UNIT ( ) );
#4123 = ORIENTED_EDGE ( 'NONE', *, *, #3972, .F. ) ;
#4124 =( GEOMETRIC_REPRESENTATION_CONTEXT ( 3 ) GLOBAL_UNCERTAINTY_ASSIGNED_CONTEXT ( ( #2732 ) ) GLOBAL_UNIT_ASSIGNED_CONTEXT ( ( #5719, #2406, #1294 ) ) REPRESENTATION_CONTEXT ( 'NONE', 'WORKASPACE' ) );
#4125 = SURFACE_STYLE_FILL_AREA ( #2515 ) ;
#4126 = VERTEX_POINT ( 'NONE', #6672 ) ;
#4127 = ORIENTED_EDGE ( 'NONE', *, *, #898, .F. ) ;
#4128 = EDGE_CURVE ( 'NONE', #2302, #2812, #4592, .T. ) ;
#4129 =( GEOMETRIC_REPRESENTATION_CONTEXT ( 3 ) GLOBAL_UNCERTAINTY_ASSIGNED_CONTEXT ( ( #5294 ) ) GLOBAL_UNIT_ASSIGNED_CONTEXT ( ( #6665, #7215, #2868 ) ) REPRESENTATION_CONTEXT ( 'NONE', 'WORKASPACE' ) );
#4130 =( LENGTH_UNIT ( ) NAMED_UNIT ( * ) SI_UNIT ( $, .METRE. ) );
#4131 = VECTOR ( 'NONE', #2449, 39.37007874015748143 ) ;
#4132 =( LENGTH_UNIT ( ) NAMED_UNIT ( * ) SI_UNIT ( $, .METRE. ) );
#4133 = ORIENTED_EDGE ( 'NONE', *, *, #3127, .T. ) ;
#4134 = SURFACE_SIDE_STYLE ('',( #408 ) ) ;
#4135 = EDGE_CURVE ( 'NONE', #585, #1705, #5650, .T. ) ;
#4136 = DIRECTION ( 'NONE',  ( -0.000000000000000000, 1.000000000000000000, -0.000000000000000000 ) ) ;
#4137 = DIRECTION ( 'NONE',  ( 1.000000000000000000, 1.591489427501660608E-16, -0.000000000000000000 ) ) ;
#4138 = AXIS2_PLACEMENT_3D ( 'NONE', #2433, #5781, #5818 ) ;
#4139 = VERTEX_POINT ( 'NONE', #1151 ) ;
#4140 = PRESENTATION_LAYER_ASSIGNMENT (  '', '', ( #1440 ) ) ;
#4141 = DIMENSIONAL_EXPONENTS ( 1.000000000000000000, 0.000000000000000000, 0.000000000000000000, 0.000000000000000000, 0.000000000000000000, 0.000000000000000000, 0.000000000000000000 ) ;
#4142 = CYLINDRICAL_SURFACE ( 'NONE', #2064, 0.07480314960629917687 ) ;
#4143 = CARTESIAN_POINT ( 'NONE',  ( 0.1475151801965485232, 0.6182630319268449526, 0.5621243179147400459 ) ) ;
#4144 = DIRECTION ( 'NONE',  ( 0.000000000000000000, 0.000000000000000000, 1.000000000000000000 ) ) ;
#4145 = ORIENTED_EDGE ( 'NONE', *, *, #469, .F. ) ;
#4146 = FILL_AREA_STYLE ('',( #2412 ) ) ;
#4147 = EDGE_CURVE ( 'NONE', #6081, #4819, #6520, .T. ) ;
#4148 = DIMENSIONAL_EXPONENTS ( 1.000000000000000000, 0.000000000000000000, 0.000000000000000000, 0.000000000000000000, 0.000000000000000000, 0.000000000000000000, 0.000000000000000000 ) ;
#4149 = PRESENTATION_STYLE_ASSIGNMENT (( #2472 ) ) ;
#4150 = PRESENTATION_LAYER_ASSIGNMENT (  '', '', ( #5504 ) ) ;
#4151 = DIRECTION ( 'NONE',  ( -1.445602896647339706E-15, 0.000000000000000000, 1.000000000000000000 ) ) ;
#4152 =( NAMED_UNIT ( * ) PLANE_ANGLE_UNIT ( ) SI_UNIT ( $, .RADIAN. ) );
#4153 = COLOUR_RGB ( '',1.000000000000000000, 1.000000000000000000, 1.000000000000000000 ) ;
#4154 = AXIS2_PLACEMENT_3D ( 'NONE', #5535, #6123, #4918 ) ;
#4155 =( NAMED_UNIT ( * ) PLANE_ANGLE_UNIT ( ) SI_UNIT ( $, .RADIAN. ) );
#4156 = CARTESIAN_POINT ( 'NONE',  ( 0.1034287013997588905, 0.1359795673599157873, 0.5532093541201690279 ) ) ;
#4157 = ORIENTED_EDGE ( 'NONE', *, *, #154, .T. ) ;
#4158 = DIRECTION ( 'NONE',  ( 1.224646799147353207E-16, -1.000000000000000000, 3.697785493223492838E-32 ) ) ;
#4159 = LINE ( 'NONE', #1725, #6688 ) ;
#4160 = PRESENTATION_STYLE_ASSIGNMENT (( #3721 ) ) ;
#4161 = FILL_AREA_STYLE ('',( #2558 ) ) ;
#4162 = PRESENTATION_LAYER_ASSIGNMENT (  '', '', ( #3824 ) ) ;
#4163 = EDGE_LOOP ( 'NONE', ( #2102, #2739, #2260, #300, #480, #1168 ) ) ;
#4164 = EDGE_CURVE ( 'NONE', #2351, #3017, #667, .T. ) ;
#4165 =( NAMED_UNIT ( * ) SI_UNIT ( $, .STERADIAN. ) SOLID_ANGLE_UNIT ( ) );
#4166 = COLOUR_RGB ( '',0.7803921568627451011, 0.7607843137254901578, 0.7411764705882353255 ) ;
#4167 = UNCERTAINTY_MEASURE_WITH_UNIT (LENGTH_MEASURE( 1.000000000000000082E-05 ), #644, 'distance_accuracy_value', 'NONE');
#4168 =( CONVERSION_BASED_UNIT ( 'INCH', #7166 ) LENGTH_UNIT ( ) NAMED_UNIT ( #4116 ) );
#4169 = PLANE ( 'NONE',  #5057 ) ;
#4170 =( NAMED_UNIT ( * ) PLANE_ANGLE_UNIT ( ) SI_UNIT ( $, .RADIAN. ) );
#4171 =( GEOMETRIC_REPRESENTATION_CONTEXT ( 3 ) GLOBAL_UNCERTAINTY_ASSIGNED_CONTEXT ( ( #3048 ) ) GLOBAL_UNIT_ASSIGNED_CONTEXT ( ( #386, #937, #7067 ) ) REPRESENTATION_CONTEXT ( 'NONE', 'WORKASPACE' ) );
#4172 = SURFACE_STYLE_FILL_AREA ( #5344 ) ;
#4173 = PRESENTATION_STYLE_ASSIGNMENT (( #5638 ) ) ;
#4174 =( GEOMETRIC_REPRESENTATION_CONTEXT ( 3 ) GLOBAL_UNCERTAINTY_ASSIGNED_CONTEXT ( ( #7188 ) ) GLOBAL_UNIT_ASSIGNED_CONTEXT ( ( #6833, #1722, #5868 ) ) REPRESENTATION_CONTEXT ( 'NONE', 'WORKASPACE' ) );
#4175 = DIRECTION ( 'NONE',  ( -0.000000000000000000, -0.000000000000000000, 1.000000000000000000 ) ) ;
#4176 = DIRECTION ( 'NONE',  ( 1.000000000000000000, 0.000000000000000000, 0.000000000000000000 ) ) ;
#4177 = COLOUR_RGB ( '',1.000000000000000000, 1.000000000000000000, 1.000000000000000000 ) ;
#4178 = SURFACE_SIDE_STYLE ('',( #4004 ) ) ;
#4179 = CARTESIAN_POINT ( 'NONE',  ( 0.06209011872259351944, 0.3013338980685772439, 0.7894298265611140453 ) ) ;
#4180 = ADVANCED_FACE ( 'NONE', ( #2534 ), #47, .F. ) ;
#4181 = VERTEX_POINT ( 'NONE', #6162 ) ;
#4182 = ORIENTED_EDGE ( 'NONE', *, *, #617, .T. ) ;
#4183 = PRESENTATION_STYLE_ASSIGNMENT (( #6069 ) ) ;
#4184 = COLOUR_RGB ( '',0.6470588235294117974, 0.6196078431372549211, 0.5882352941176470784 ) ;
#4185 = DIRECTION ( 'NONE',  ( -0.000000000000000000, -1.000000000000000000, 0.000000000000000000 ) ) ;
#4186 = EDGE_CURVE ( 'NONE', #6769, #1491, #5035, .T. ) ;
#4187 = LINE ( 'NONE', #1523, #6544 ) ;
#4188 = DIRECTION ( 'NONE',  ( -1.000000000000000000, 0.000000000000000000, 0.000000000000000000 ) ) ;
#4189 = FACE_OUTER_BOUND ( 'NONE', #3179, .T. ) ;
#4190 =( GEOMETRIC_REPRESENTATION_CONTEXT ( 3 ) GLOBAL_UNCERTAINTY_ASSIGNED_CONTEXT ( ( #3188 ) ) GLOBAL_UNIT_ASSIGNED_CONTEXT ( ( #3307, #3837, #4407 ) ) REPRESENTATION_CONTEXT ( 'NONE', 'WORKASPACE' ) );
#4191 =( LENGTH_UNIT ( ) NAMED_UNIT ( * ) SI_UNIT ( $, .METRE. ) );
#4192 = DIRECTION ( 'NONE',  ( 1.000000000000000000, 1.591489427501660608E-16, 0.000000000000000000 ) ) ;
#4193 = ORIENTED_EDGE ( 'NONE', *, *, #2192, .F. ) ;
#4194 = VECTOR ( 'NONE', #2816, 39.37007874015748143 ) ;
#4195 = PRESENTATION_STYLE_ASSIGNMENT (( #6353 ) ) ;
#4196 = SURFACE_STYLE_FILL_AREA ( #5162 ) ;
#4197 =( CONVERSION_BASED_UNIT ( 'INCH', #2147 ) LENGTH_UNIT ( ) NAMED_UNIT ( #1348 ) );
#4198 = STYLED_ITEM ( 'NONE', ( #4694 ), #3868 ) ;
#4199 = SURFACE_STYLE_FILL_AREA ( #6756 ) ;
#4200 = FILL_AREA_STYLE_COLOUR ( '', #4756 ) ;
#4201 = VECTOR ( 'NONE', #4926, 39.37007874015748143 ) ;
#4202 = ORIENTED_EDGE ( 'NONE', *, *, #1644, .T. ) ;
#4203 = SURFACE_SIDE_STYLE ('',( #6842 ) ) ;
#4204 =( LENGTH_UNIT ( ) NAMED_UNIT ( * ) SI_UNIT ( $, .METRE. ) );
#4205 = CARTESIAN_POINT ( 'NONE',  ( 0.06209011872259351944, 0.3092079138166087260, 0.6280125037264683296 ) ) ;
#4206 = VERTEX_POINT ( 'NONE', #2906 ) ;
#4207 = CARTESIAN_POINT ( 'NONE',  ( 0.1329562604548769900, 0.2068457090921992647, 0.5532093541201690279 ) ) ;
#4208 = LENGTH_MEASURE_WITH_UNIT ( LENGTH_MEASURE( 0.02539999999999999897 ), #4376 );
#4209 = EDGE_LOOP ( 'NONE', ( #945, #4982 ) ) ;
#4210 = EDGE_CURVE ( 'NONE', #5243, #1061, #3846, .T. ) ;
#4211 = ORIENTED_EDGE ( 'NONE', *, *, #2436, .F. ) ;
#4212 =( NAMED_UNIT ( * ) PLANE_ANGLE_UNIT ( ) SI_UNIT ( $, .RADIAN. ) );
#4213 = PLANE ( 'NONE',  #4269 ) ;
#4214 = COLOUR_RGB ( '',1.000000000000000000, 1.000000000000000000, 1.000000000000000000 ) ;
#4215 = EDGE_CURVE ( 'NONE', #1789, #1656, #4255, .T. ) ;
#4216 = LINE ( 'NONE', #1759, #2770 ) ;
#4217 = EDGE_LOOP ( 'NONE', ( #2662, #3891, #5533, #6800 ) ) ;
#4218 =( LENGTH_UNIT ( ) NAMED_UNIT ( * ) SI_UNIT ( $, .METRE. ) );
#4219 = UNCERTAINTY_MEASURE_WITH_UNIT (LENGTH_MEASURE( 1.000000000000000082E-05 ), #1724, 'distance_accuracy_value', 'NONE');
#4220 = DIRECTION ( 'NONE',  ( 1.000000000000000000, 0.000000000000000000, -0.000000000000000000 ) ) ;
#4221 = DIMENSIONAL_EXPONENTS ( 1.000000000000000000, 0.000000000000000000, 0.000000000000000000, 0.000000000000000000, 0.000000000000000000, 0.000000000000000000, 0.000000000000000000 ) ;
#4222 = ORIENTED_EDGE ( 'NONE', *, *, #6547, .T. ) ;
#4223 = SURFACE_STYLE_FILL_AREA ( #947 ) ;
#4224 = DIMENSIONAL_EXPONENTS ( 1.000000000000000000, 0.000000000000000000, 0.000000000000000000, 0.000000000000000000, 0.000000000000000000, 0.000000000000000000, 0.000000000000000000 ) ;
#4225 = ORIENTED_EDGE ( 'NONE', *, *, #1305, .T. ) ;
#4226 = EDGE_CURVE ( 'NONE', #409, #1058, #2966, .T. ) ;
#4227 =( GEOMETRIC_REPRESENTATION_CONTEXT ( 3 ) GLOBAL_UNCERTAINTY_ASSIGNED_CONTEXT ( ( #3572 ) ) GLOBAL_UNIT_ASSIGNED_CONTEXT ( ( #5598, #6186, #2871 ) ) REPRESENTATION_CONTEXT ( 'NONE', 'WORKASPACE' ) );
#4228 = DIRECTION ( 'NONE',  ( -0.5470897178282073670, -0.8054376401359748527, -0.2279540490950847931 ) ) ;
#4229 = PLANE ( 'NONE',  #1959 ) ;
#4230 =( NAMED_UNIT ( * ) SI_UNIT ( $, .STERADIAN. ) SOLID_ANGLE_UNIT ( ) );
#4231 = EDGE_LOOP ( 'NONE', ( #1190, #1208, #4900, #6641 ) ) ;
#4232 = SURFACE_STYLE_USAGE ( .BOTH. , #4858 ) ;
#4233 = EDGE_CURVE ( 'NONE', #4710, #3758, #7204, .T. ) ;
#4234 = PRESENTATION_STYLE_ASSIGNMENT (( #3282 ) ) ;
#4235 = SURFACE_STYLE_USAGE ( .BOTH. , #5280 ) ;
#4236 = UNCERTAINTY_MEASURE_WITH_UNIT (LENGTH_MEASURE( 1.000000000000000082E-05 ), #5769, 'distance_accuracy_value', 'NONE');
#4237 = LINE ( 'NONE', #6955, #6919 ) ;
#4238 = AXIS2_PLACEMENT_3D ( 'NONE', #6817, #1333, #4064 ) ;
#4239 = MECHANICAL_DESIGN_GEOMETRIC_PRESENTATION_REPRESENTATION (  '', ( #1253 ), #4476 ) ;
#4240 =( NAMED_UNIT ( * ) PLANE_ANGLE_UNIT ( ) SI_UNIT ( $, .RADIAN. ) );
#4241 = CARTESIAN_POINT ( 'NONE',  ( 0.1475151801965485232, 0.5985779925567662474, 0.5621243179147400459 ) ) ;
#4242 = DIRECTION ( 'NONE',  ( 0.000000000000000000, 1.000000000000000000, 0.000000000000000000 ) ) ;
#4243 = DIRECTION ( 'NONE',  ( -1.224646799147353454E-16, 1.000000000000000000, 2.465190328815661892E-32 ) ) ;
#4244 = PLANE ( 'NONE',  #6348 ) ;
#4245 = STYLED_ITEM ( 'NONE', ( #2476 ), #3176 ) ;
#4246 = VECTOR ( 'NONE', #5390, 39.37007874015748143 ) ;
#4247 = VECTOR ( 'NONE', #1288, 39.37007874015748143 ) ;
#4248 = FILL_AREA_STYLE ('',( #2563 ) ) ;
#4249 = ADVANCED_FACE ( 'NONE', ( #1295 ), #6725, .F. ) ;
#4250 = PLANE ( 'NONE',  #3500 ) ;
#4251 = CARTESIAN_POINT ( 'NONE',  ( 0.3475231895887351818, 0.3092079138166087260, 0.5177762832540273585 ) ) ;
#4252 =( NAMED_UNIT ( * ) PLANE_ANGLE_UNIT ( ) SI_UNIT ( $, .RADIAN. ) );
#4253 = ORIENTED_EDGE ( 'NONE', *, *, #551, .T. ) ;
#4254 =( NAMED_UNIT ( * ) SI_UNIT ( $, .STERADIAN. ) SOLID_ANGLE_UNIT ( ) );
#4255 = LINE ( 'NONE', #6150, #2800 ) ;
#4256 =( LENGTH_UNIT ( ) NAMED_UNIT ( * ) SI_UNIT ( $, .METRE. ) );
#4257 = PRESENTATION_LAYER_ASSIGNMENT (  '', '', ( #6632 ) ) ;
#4258 = DIRECTION ( 'NONE',  ( 0.000000000000000000, 0.000000000000000000, 1.000000000000000000 ) ) ;
#4259 = FILL_AREA_STYLE_COLOUR ( '', #4010 ) ;
#4260 = VERTEX_POINT ( 'NONE', #5587 ) ;
#4261 = DIMENSIONAL_EXPONENTS ( 1.000000000000000000, 0.000000000000000000, 0.000000000000000000, 0.000000000000000000, 0.000000000000000000, 0.000000000000000000, 0.000000000000000000 ) ;
#4262 = VECTOR ( 'NONE', #2423, 39.37007874015748143 ) ;
#4263 = ORIENTED_EDGE ( 'NONE', *, *, #1241, .T. ) ;
#4264 = LINE ( 'NONE', #3197, #1835 ) ;
#4265 = DIRECTION ( 'NONE',  ( 1.000000000000000000, 0.000000000000000000, 0.000000000000000000 ) ) ;
#4266 =( CONVERSION_BASED_UNIT ( 'INCH', #3422 ) LENGTH_UNIT ( ) NAMED_UNIT ( #3071 ) );
#4267 = CARTESIAN_POINT ( 'NONE',  ( 0.06209011872259351944, 0.08479846499771107049, 0.6713195903406415921 ) ) ;
#4268 = VECTOR ( 'NONE', #2590, 39.37007874015748143 ) ;
#4269 = AXIS2_PLACEMENT_3D ( 'NONE', #4743, #4591, #3089 ) ;
#4270 = FILL_AREA_STYLE ('',( #6412 ) ) ;
#4271 = EDGE_CURVE ( 'NONE', #1739, #1792, #835, .T. ) ;
#4272 = CARTESIAN_POINT ( 'NONE',  ( 0.2644866231109230803, 0.2973968901945615029, 0.5532093541201690279 ) ) ;
#4273 = PRESENTATION_STYLE_ASSIGNMENT (( #2376 ) ) ;
#4274 = FACE_OUTER_BOUND ( 'NONE', #3194, .T. ) ;
#4275 = ORIENTED_EDGE ( 'NONE', *, *, #3325, .F. ) ;
#4276 = ORIENTED_EDGE ( 'NONE', *, *, #6083, .T. ) ;
#4277 = ORIENTED_EDGE ( 'NONE', *, *, #465, .T. ) ;
#4278 = FILL_AREA_STYLE_COLOUR ( '', #4049 ) ;
#4279 = LENGTH_MEASURE_WITH_UNIT ( LENGTH_MEASURE( 0.02539999999999999897 ), #303 );
#4280 = EDGE_CURVE ( 'NONE', #238, #3051, #1200, .T. ) ;
#4281 = SURFACE_SIDE_STYLE ('',( #6652 ) ) ;
#4282 = CIRCLE ( 'NONE', #7151, 0.03937007874015747977 ) ;
#4283 = CARTESIAN_POINT ( 'NONE',  ( 0.1106993531933221642, 0.5985779925567662474, 0.7920260509539009952 ) ) ;
#4284 = PRESENTATION_LAYER_ASSIGNMENT (  '', '', ( #3182 ) ) ;
#4285 = AXIS2_PLACEMENT_3D ( 'NONE', #5016, #7161, #4444 ) ;
#4286 = ORIENTED_EDGE ( 'NONE', *, *, #7130, .T. ) ;
#4287 = SURFACE_SIDE_STYLE ('',( #4670 ) ) ;
#4288 =( LENGTH_UNIT ( ) NAMED_UNIT ( * ) SI_UNIT ( $, .METRE. ) );
#4289 = SURFACE_SIDE_STYLE ('',( #5113 ) ) ;
#4290 = ORIENTED_EDGE ( 'NONE', *, *, #4961, .T. ) ;
#4292 = LENGTH_MEASURE_WITH_UNIT ( LENGTH_MEASURE( 0.02539999999999999897 ), #1839 );
#4291 = LENGTH_MEASURE_WITH_UNIT ( LENGTH_MEASURE( 0.02539999999999999897 ), #3528 );
#4293 = ORIENTED_EDGE ( 'NONE', *, *, #5703, .T. ) ;
#4294 = CARTESIAN_POINT ( 'NONE',  ( 0.2057909061241683379, 0.1359795673599158150, 0.5532093541201690279 ) ) ;
#4295 = ADVANCED_FACE ( 'NONE', ( #6933 ), #36, .T. ) ;
#4296 = CARTESIAN_POINT ( 'NONE',  ( 0.2215389376202312466, 0.5985779925567662474, 0.5728943934902481772 ) ) ;
#4297 = EDGE_LOOP ( 'NONE', ( #389, #4653, #167, #5220 ) ) ;
#4298 = CARTESIAN_POINT ( 'NONE',  ( 0.3111794497628561085, 0.6950346854701520138, 0.4744691966398540961 ) ) ;
#4299 = DIRECTION ( 'NONE',  ( 0.000000000000000000, 0.000000000000000000, -1.000000000000000000 ) ) ;
#4300 = VECTOR ( 'NONE', #1592, 39.37007874015748143 ) ;
#4301 = AXIS2_PLACEMENT_3D ( 'NONE', #2207, #6636, #2865 ) ;
#4302 =( NAMED_UNIT ( * ) PLANE_ANGLE_UNIT ( ) SI_UNIT ( $, .RADIAN. ) );
#4303 = ORIENTED_EDGE ( 'NONE', *, *, #5047, .F. ) ;
#4304 = DIRECTION ( 'NONE',  ( -0.9544338947578753229, 0.000000000000000000, -0.2984224196291438980 ) ) ;
#4305 = ADVANCED_FACE ( 'NONE', ( #3651 ), #4934, .T. ) ;
#4306 = DIRECTION ( 'NONE',  ( -1.224646799147353454E-16, 1.000000000000000000, -1.848892746611746419E-32 ) ) ;
#4307 =( NAMED_UNIT ( * ) SI_UNIT ( $, .STERADIAN. ) SOLID_ANGLE_UNIT ( ) );
#4308 = ORIENTED_EDGE ( 'NONE', *, *, #3874, .F. ) ;
#4309 =( GEOMETRIC_REPRESENTATION_CONTEXT ( 3 ) GLOBAL_UNCERTAINTY_ASSIGNED_CONTEXT ( ( #5728 ) ) GLOBAL_UNIT_ASSIGNED_CONTEXT ( ( #6749, #3370, #1756 ) ) REPRESENTATION_CONTEXT ( 'NONE', 'WORKASPACE' ) );
#4310 = DIRECTION ( 'NONE',  ( -0.000000000000000000, -0.000000000000000000, -1.000000000000000000 ) ) ;
#4311 = VECTOR ( 'NONE', #6331, 39.37007874015748143 ) ;
#4312 = ORIENTED_EDGE ( 'NONE', *, *, #4749, .T. ) ;
#4313 = ORIENTED_EDGE ( 'NONE', *, *, #1628, .T. ) ;
#4314 = SURFACE_SIDE_STYLE ('',( #1198 ) ) ;
#4315 = FILL_AREA_STYLE_COLOUR ( '', #3129 ) ;
#4316 = SURFACE_SIDE_STYLE ('',( #2388 ) ) ;
#4317 = LINE ( 'NONE', #1054, #7088 ) ;
#4318 = VERTEX_POINT ( 'NONE', #3994 ) ;
#4319 =( GEOMETRIC_REPRESENTATION_CONTEXT ( 3 ) GLOBAL_UNCERTAINTY_ASSIGNED_CONTEXT ( ( #1602 ) ) GLOBAL_UNIT_ASSIGNED_CONTEXT ( ( #716, #2963, #4620 ) ) REPRESENTATION_CONTEXT ( 'NONE', 'WORKASPACE' ) );
#4320 = COLOUR_RGB ( '',0.7803921568627451011, 0.7607843137254901578, 0.7411764705882353255 ) ;
#4321 = PLANE ( 'NONE',  #5283 ) ;
#4322 = FACE_OUTER_BOUND ( 'NONE', #3097, .T. ) ;
#4323 = DIRECTION ( 'NONE',  ( 1.000000000000000000, 0.000000000000000000, 0.000000000000000000 ) ) ;
#4324 = ORIENTED_EDGE ( 'NONE', *, *, #4593, .F. ) ;
#4325 = DIRECTION ( 'NONE',  ( -0.000000000000000000, 0.000000000000000000, -1.000000000000000000 ) ) ;
#4326 = SURFACE_SIDE_STYLE ('',( #4838 ) ) ;
#4327 = LENGTH_MEASURE_WITH_UNIT ( LENGTH_MEASURE( 0.02539999999999999897 ), #484 );
#4328 = PRESENTATION_LAYER_ASSIGNMENT (  '', '', ( #3585 ) ) ;
#4329 = FILL_AREA_STYLE ('',( #3223 ) ) ;
#4330 = VERTEX_POINT ( 'NONE', #176 ) ;
#4331 = ADVANCED_FACE ( 'NONE', ( #6142 ), #2928, .T. ) ;
#4332 =( CONVERSION_BASED_UNIT ( 'INCH', #5472 ) LENGTH_UNIT ( ) NAMED_UNIT ( #1711 ) );
#4333 = UNCERTAINTY_MEASURE_WITH_UNIT (LENGTH_MEASURE( 1.000000000000000082E-05 ), #1847, 'distance_accuracy_value', 'NONE');
#4334 =( NAMED_UNIT ( * ) PLANE_ANGLE_UNIT ( ) SI_UNIT ( $, .RADIAN. ) );
#4335 = LENGTH_MEASURE_WITH_UNIT ( LENGTH_MEASURE( 0.02539999999999999897 ), #418 );
#4336 =( LENGTH_UNIT ( ) NAMED_UNIT ( * ) SI_UNIT ( $, .METRE. ) );
#4337 = DIRECTION ( 'NONE',  ( 0.000000000000000000, -0.000000000000000000, 1.000000000000000000 ) ) ;
#4338 = EDGE_CURVE ( 'NONE', #7039, #4377, #745, .T. ) ;
#4339 = CARTESIAN_POINT ( 'NONE',  ( 0.1329562604548769900, 0.2068457090921992647, 0.5532093541201690279 ) ) ;
#4340 = EDGE_CURVE ( 'NONE', #3655, #3163, #6848, .T. ) ;
#4341 = AXIS2_PLACEMENT_3D ( 'NONE', #859, #1935, #3102 ) ;
#4342 = DIRECTION ( 'NONE',  ( -0.000000000000000000, -0.000000000000000000, -1.000000000000000000 ) ) ;
#4343 = SURFACE_STYLE_FILL_AREA ( #3224 ) ;
#4344 = CARTESIAN_POINT ( 'NONE',  ( 0.1329562604548772953, 0.1674756303520417988, 0.5925794328603265493 ) ) ;
#4345 = PRESENTATION_STYLE_ASSIGNMENT (( #5200 ) ) ;
#4346 = SURFACE_SIDE_STYLE ('',( #4889 ) ) ;
#4347 = VERTEX_POINT ( 'NONE', #6304 ) ;
#4348 = ORIENTED_EDGE ( 'NONE', *, *, #33, .T. ) ;
#4349 = DIRECTION ( 'NONE',  ( 0.000000000000000000, -0.000000000000000000, 1.000000000000000000 ) ) ;
#4350 = MECHANICAL_DESIGN_GEOMETRIC_PRESENTATION_REPRESENTATION (  '', ( #3008 ), #4568 ) ;
#4351 = SURFACE_STYLE_USAGE ( .BOTH. , #983 ) ;
#4352 =( LENGTH_UNIT ( ) NAMED_UNIT ( * ) SI_UNIT ( $, .METRE. ) );
#4353 = ORIENTED_EDGE ( 'NONE', *, *, #1284, .F. ) ;
#4354 = SURFACE_STYLE_FILL_AREA ( #1057 ) ;
#4355 = CARTESIAN_POINT ( 'NONE',  ( 0.09358618171471951019, 0.2698378350764509270, 0.7894298265611140453 ) ) ;
#4356 =( LENGTH_UNIT ( ) NAMED_UNIT ( * ) SI_UNIT ( $, .METRE. ) );
#4357 = DIRECTION ( 'NONE',  ( 0.000000000000000000, -1.000000000000000000, 0.000000000000000000 ) ) ;
#4358 = SURFACE_STYLE_FILL_AREA ( #293 ) ;
#4359 = PRESENTATION_LAYER_ASSIGNMENT (  '', '', ( #2262 ) ) ;
#4360 =( NAMED_UNIT ( * ) PLANE_ANGLE_UNIT ( ) SI_UNIT ( $, .RADIAN. ) );
#4361 = COLOUR_RGB ( '',0.7803921568627451011, 0.7607843137254901578, 0.7411764705882353255 ) ;
#4362 = ADVANCED_FACE ( 'NONE', ( #5631 ), #675, .F. ) ;
#4363 = CARTESIAN_POINT ( 'NONE',  ( 0.1329562604548772953, 0.1674756303520417988, 0.5925794328603265493 ) ) ;
#4364 = LENGTH_MEASURE_WITH_UNIT ( LENGTH_MEASURE( 0.02539999999999999897 ), #6499 );
#4365 = FILL_AREA_STYLE_COLOUR ( '', #1659 ) ;
#4366 = PLANE ( 'NONE',  #1249 ) ;
#4367 =( GEOMETRIC_REPRESENTATION_CONTEXT ( 3 ) GLOBAL_UNCERTAINTY_ASSIGNED_CONTEXT ( ( #2748 ) ) GLOBAL_UNIT_ASSIGNED_CONTEXT ( ( #7089, #6585, #3784 ) ) REPRESENTATION_CONTEXT ( 'NONE', 'WORKASPACE' ) );
#4368 = ORIENTED_EDGE ( 'NONE', *, *, #1158, .F. ) ;
#4369 = VECTOR ( 'NONE', #3906, 39.37007874015748143 ) ;
#4370 = EDGE_CURVE ( 'NONE', #6273, #6463, #6138, .T. ) ;
#4371 = CARTESIAN_POINT ( 'NONE',  ( 0.1034287013997588905, 0.1064520083047976878, 0.7500597478209566349 ) ) ;
#4372 = DIMENSIONAL_EXPONENTS ( 1.000000000000000000, 0.000000000000000000, 0.000000000000000000, 0.000000000000000000, 0.000000000000000000, 0.000000000000000000, 0.000000000000000000 ) ;
#4373 = FACE_OUTER_BOUND ( 'NONE', #6477, .T. ) ;
#4374 =( CONVERSION_BASED_UNIT ( 'INCH', #1571 ) LENGTH_UNIT ( ) NAMED_UNIT ( #1671 ) );
#4375 = EDGE_CURVE ( 'NONE', #2942, #3501, #3461, .T. ) ;
#4376 =( LENGTH_UNIT ( ) NAMED_UNIT ( * ) SI_UNIT ( $, .METRE. ) );
#4377 = VERTEX_POINT ( 'NONE', #4065 ) ;
#4378 = LENGTH_MEASURE_WITH_UNIT ( LENGTH_MEASURE( 0.02539999999999999897 ), #5548 );
#4379 =( CONVERSION_BASED_UNIT ( 'INCH', #4327 ) LENGTH_UNIT ( ) NAMED_UNIT ( #265 ) );
#4380 = PLANE ( 'NONE',  #5817 ) ;
#4381 = STYLED_ITEM ( 'NONE', ( #2125 ), #7126 ) ;
#4382 = ORIENTED_EDGE ( 'NONE', *, *, #6668, .T. ) ;
#4383 = STYLED_ITEM ( 'NONE', ( #661 ), #2082 ) ;
#4384 = CARTESIAN_POINT ( 'NONE',  ( 0.06209011872259351944, 0.1910976775961362728, 0.5177762832540273585 ) ) ;
#4385 = SURFACE_SIDE_STYLE ('',( #6045 ) ) ;
#4386 =( CONVERSION_BASED_UNIT ( 'INCH', #1160 ) LENGTH_UNIT ( ) NAMED_UNIT ( #1195 ) );
#4387 = LINE ( 'NONE', #6556, #2916 ) ;
#4388 = LINE ( 'NONE', #3386, #6557 ) ;
#4389 = DIRECTION ( 'NONE',  ( 1.000000000000000000, 0.000000000000000000, 0.000000000000000000 ) ) ;
#4390 = EDGE_CURVE ( 'NONE', #2384, #3823, #7108, .T. ) ;
#4391 = VECTOR ( 'NONE', #3390, 39.37007874015748854 ) ;
#4392 = CARTESIAN_POINT ( 'NONE',  ( 0.2372869691162943495, -0.03331177122276120922, 0.7500597478209566349 ) ) ;
#4393 = ORIENTED_EDGE ( 'NONE', *, *, #2240, .F. ) ;
#4394 = EDGE_LOOP ( 'NONE', ( #3630, #3516, #181, #2922, #2715, #6515, #6904, #2034, #760, #3172, #1511, #6242 ) ) ;
#4395 = FILL_AREA_STYLE_COLOUR ( '', #6879 ) ;
#4396 = PRESENTATION_STYLE_ASSIGNMENT (( #6532 ) ) ;
#4397 = VECTOR ( 'NONE', #2474, 39.37007874015748143 ) ;
#4398 = DIRECTION ( 'NONE',  ( 1.000000000000000000, 0.000000000000000000, 0.000000000000000000 ) ) ;
#4399 = VERTEX_POINT ( 'NONE', #1901 ) ;
#4400 = ADVANCED_FACE ( 'NONE', ( #2512, #228 ), #3531, .T. ) ;
#4401 = CARTESIAN_POINT ( 'NONE',  ( 0.02589487869740784640, 0.4463515188007882162, 0.4744691966398540961 ) ) ;
#4402 = DIRECTION ( 'NONE',  ( 1.000000000000000000, 0.000000000000000000, -0.000000000000000000 ) ) ;
#4403 = MECHANICAL_DESIGN_GEOMETRIC_PRESENTATION_REPRESENTATION (  '', ( #6899 ), #1695 ) ;
#4404 = ORIENTED_EDGE ( 'NONE', *, *, #3628, .F. ) ;
#4405 = LINE ( 'NONE', #421, #2775 ) ;
#4406 =( CONVERSION_BASED_UNIT ( 'INCH', #4073 ) LENGTH_UNIT ( ) NAMED_UNIT ( #1408 ) );
#4407 =( NAMED_UNIT ( * ) SI_UNIT ( $, .STERADIAN. ) SOLID_ANGLE_UNIT ( ) );
#4408 = EDGE_LOOP ( 'NONE', ( #4891, #2058, #1613, #4550 ) ) ;
#4409 = SURFACE_STYLE_USAGE ( .BOTH. , #1024 ) ;
#4410 = DIRECTION ( 'NONE',  ( 0.000000000000000000, -1.445602896647339163E-16, 1.000000000000000000 ) ) ;
#4411 = DIRECTION ( 'NONE',  ( -0.3846153846153820277, 0.000000000000000000, 0.9230769230769242384 ) ) ;
#4412 = VECTOR ( 'NONE', #3850, 39.37007874015748143 ) ;
#4413 = DIMENSIONAL_EXPONENTS ( 1.000000000000000000, 0.000000000000000000, 0.000000000000000000, 0.000000000000000000, 0.000000000000000000, 0.000000000000000000, 0.000000000000000000 ) ;
#4414 = FACE_OUTER_BOUND ( 'NONE', #246, .T. ) ;
#4415 = ORIENTED_EDGE ( 'NONE', *, *, #1007, .T. ) ;
#4416 =( GEOMETRIC_REPRESENTATION_CONTEXT ( 3 ) GLOBAL_UNCERTAINTY_ASSIGNED_CONTEXT ( ( #1371 ) ) GLOBAL_UNIT_ASSIGNED_CONTEXT ( ( #5934, #7124, #5469 ) ) REPRESENTATION_CONTEXT ( 'NONE', 'WORKASPACE' ) );
#4417 = DIRECTION ( 'NONE',  ( -0.000000000000000000, 1.000000000000000000, -1.445602896647339163E-16 ) ) ;
#4418 = VECTOR ( 'NONE', #5495, 39.37007874015748143 ) ;
#4419 = CARTESIAN_POINT ( 'NONE',  ( 0.1546098037619636212, 0.1359795673599157873, 0.5925794328603265493 ) ) ;
#4420 = UNCERTAINTY_MEASURE_WITH_UNIT (LENGTH_MEASURE( 1.000000000000000082E-05 ), #5363, 'distance_accuracy_value', 'NONE');
#4421 = CARTESIAN_POINT ( 'NONE',  ( 0.2215389376202312466, 0.5533024020055851144, 0.5728943934902481772 ) ) ;
#4422 = LENGTH_MEASURE_WITH_UNIT ( LENGTH_MEASURE( 0.02539999999999999897 ), #1187 );
#4423 =( GEOMETRIC_REPRESENTATION_CONTEXT ( 3 ) GLOBAL_UNCERTAINTY_ASSIGNED_CONTEXT ( ( #6679 ) ) GLOBAL_UNIT_ASSIGNED_CONTEXT ( ( #2032, #5894, #2517 ) ) REPRESENTATION_CONTEXT ( 'NONE', 'WORKASPACE' ) );
#4424 = MECHANICAL_DESIGN_GEOMETRIC_PRESENTATION_REPRESENTATION (  '', ( #1440 ), #3550 ) ;
#4425 = EDGE_CURVE ( 'NONE', #3162, #2488, #3735, .T. ) ;
#4426 = FILL_AREA_STYLE_COLOUR ( '', #3880 ) ;
#4427 = VECTOR ( 'NONE', #4778, 39.37007874015748143 ) ;
#4428 = ADVANCED_FACE ( 'NONE', ( #3557 ), #3603, .F. ) ;
#4429 =( NAMED_UNIT ( * ) PLANE_ANGLE_UNIT ( ) SI_UNIT ( $, .RADIAN. ) );
#4430 = CIRCLE ( 'NONE', #5478, 0.07480314960629924625 ) ;
#4431 = FILL_AREA_STYLE_COLOUR ( '', #5184 ) ;
#4432 = FILL_AREA_STYLE_COLOUR ( '', #1977 ) ;
#4433 =( NAMED_UNIT ( * ) PLANE_ANGLE_UNIT ( ) SI_UNIT ( $, .RADIAN. ) );
#4434 = EDGE_CURVE ( 'NONE', #2799, #208, #6843, .T. ) ;
#4435 = COLOUR_RGB ( '',1.000000000000000000, 1.000000000000000000, 1.000000000000000000 ) ;
#4436 = PRESENTATION_LAYER_ASSIGNMENT (  '', '', ( #5908 ) ) ;
#4437 = ADVANCED_FACE ( 'NONE', ( #1717 ), #3709, .T. ) ;
#4438 = ORIENTED_EDGE ( 'NONE', *, *, #758, .F. ) ;
#4439 = ORIENTED_EDGE ( 'NONE', *, *, #5940, .F. ) ;
#4440 = ORIENTED_EDGE ( 'NONE', *, *, #4375, .F. ) ;
#4441 = PRESENTATION_STYLE_ASSIGNMENT (( #6578 ) ) ;
#4442 = DIMENSIONAL_EXPONENTS ( 1.000000000000000000, 0.000000000000000000, 0.000000000000000000, 0.000000000000000000, 0.000000000000000000, 0.000000000000000000, 0.000000000000000000 ) ;
#4443 = STYLED_ITEM ( 'NONE', ( #7112 ), #4331 ) ;
#4444 = DIRECTION ( 'NONE',  ( 0.000000000000000000, -0.000000000000000000, -1.000000000000000000 ) ) ;
#4445 = CARTESIAN_POINT ( 'NONE',  ( 0.1664208273840108721, 0.1359795673599158150, 0.7894298265611140453 ) ) ;
#4446 = VECTOR ( 'NONE', #6065, 39.37007874015748143 ) ;
#4447 =( NAMED_UNIT ( * ) SI_UNIT ( $, .STERADIAN. ) SOLID_ANGLE_UNIT ( ) );
#4448 = PLANE ( 'NONE',  #3558 ) ;
#4449 = EDGE_LOOP ( 'NONE', ( #150, #1622, #4101, #330, #3604, #2549, #4057, #2029, #1269, #3986, #6670, #1353 ) ) ;
#4450 = ORIENTED_EDGE ( 'NONE', *, *, #6596, .F. ) ;
#4451 = ORIENTED_EDGE ( 'NONE', *, *, #6323, .F. ) ;
#4452 = LENGTH_MEASURE_WITH_UNIT ( LENGTH_MEASURE( 0.02539999999999999897 ), #5561 );
#4453 = PLANE ( 'NONE',  #1425 ) ;
#4454 = CARTESIAN_POINT ( 'NONE',  ( 0.1329562604548769900, 0.2068457090921992647, 0.5925794328603265493 ) ) ;
#4455 = EDGE_CURVE ( 'NONE', #1275, #3614, #2422, .T. ) ;
#4456 = COLOUR_RGB ( '',0.7803921568627451011, 0.7607843137254901578, 0.7411764705882353255 ) ;
#4457 = PRESENTATION_STYLE_ASSIGNMENT (( #2466 ) ) ;
#4458 = VERTEX_POINT ( 'NONE', #912 ) ;
#4459 = EDGE_CURVE ( 'NONE', #5204, #171, #4237, .T. ) ;
#4460 = ORIENTED_EDGE ( 'NONE', *, *, #4932, .T. ) ;
#4461 = LINE ( 'NONE', #4585, #1072 ) ;
#4462 = UNCERTAINTY_MEASURE_WITH_UNIT (LENGTH_MEASURE( 1.000000000000000082E-05 ), #733, 'distance_accuracy_value', 'NONE');
#4463 = FILL_AREA_STYLE_COLOUR ( '', #2008 ) ;
#4464 = FACE_OUTER_BOUND ( 'NONE', #6709, .T. ) ;
#4465 = MECHANICAL_DESIGN_GEOMETRIC_PRESENTATION_REPRESENTATION (  '', ( #7111 ), #2514 ) ;
#4466 = ORIENTED_EDGE ( 'NONE', *, *, #6426, .T. ) ;
#4467 = ORIENTED_EDGE ( 'NONE', *, *, #5011, .F. ) ;
#4468 = VECTOR ( 'NONE', #3084, 39.37007874015748143 ) ;
#4469 = VECTOR ( 'NONE', #200, 39.37007874015748143 ) ;
#4470 = CARTESIAN_POINT ( 'NONE',  ( 0.03256255966747541308, 0.08479846499771107049, 0.4744691966398540961 ) ) ;
#4471 = ADVANCED_FACE ( 'NONE', ( #3731 ), #4244, .T. ) ;
#4472 = EDGE_LOOP ( 'NONE', ( #5915, #207, #3535, #6055 ) ) ;
#4473 = EDGE_CURVE ( 'NONE', #4807, #3163, #6311, .T. ) ;
#4474 =( CONVERSION_BASED_UNIT ( 'INCH', #5989 ) LENGTH_UNIT ( ) NAMED_UNIT ( #3979 ) );
#4475 = DIRECTION ( 'NONE',  ( -0.000000000000000000, -1.000000000000000000, 0.000000000000000000 ) ) ;
#4476 =( GEOMETRIC_REPRESENTATION_CONTEXT ( 3 ) GLOBAL_UNCERTAINTY_ASSIGNED_CONTEXT ( ( #1833 ) ) GLOBAL_UNIT_ASSIGNED_CONTEXT ( ( #5955, #5926, #3736 ) ) REPRESENTATION_CONTEXT ( 'NONE', 'WORKASPACE' ) );
#4477 = ORIENTED_EDGE ( 'NONE', *, *, #5803, .F. ) ;
#4478 =( NAMED_UNIT ( * ) SI_UNIT ( $, .STERADIAN. ) SOLID_ANGLE_UNIT ( ) );
#4479 = DIRECTION ( 'NONE',  ( -1.224646799147353454E-16, 1.000000000000000000, 2.465190328815661892E-32 ) ) ;
#4480 = SURFACE_STYLE_FILL_AREA ( #6493 ) ;
#4481 = VERTEX_POINT ( 'NONE', #1035 ) ;
#4482 = VERTEX_POINT ( 'NONE', #1552 ) ;
#4483 = STYLED_ITEM ( 'NONE', ( #1489 ), #3832 ) ;
#4484 = EDGE_LOOP ( 'NONE', ( #3212, #426, #955, #4680 ) ) ;
#4485 =( NAMED_UNIT ( * ) PLANE_ANGLE_UNIT ( ) SI_UNIT ( $, .RADIAN. ) );
#4486 = SURFACE_SIDE_STYLE ('',( #3855 ) ) ;
#4487 = PRESENTATION_STYLE_ASSIGNMENT (( #5460 ) ) ;
#4488 = LINE ( 'NONE', #3745, #1266 ) ;
#4489 = ORIENTED_EDGE ( 'NONE', *, *, #2801, .F. ) ;
#4490 =( CONVERSION_BASED_UNIT ( 'INCH', #593 ) LENGTH_UNIT ( ) NAMED_UNIT ( #1343 ) );
#4491 = CARTESIAN_POINT ( 'NONE',  ( 0.2885133465487373372, 0.6182630319268449526, 0.6062101516190919748 ) ) ;
#4492 = DIRECTION ( 'NONE',  ( -0.000000000000000000, 1.000000000000000000, -0.000000000000000000 ) ) ;
#4493 = DIRECTION ( 'NONE',  ( 0.000000000000000000, 1.000000000000000000, 0.000000000000000000 ) ) ;
#4494 = LENGTH_MEASURE_WITH_UNIT ( LENGTH_MEASURE( 0.02539999999999999897 ), #3884 );
#4495 = ORIENTED_EDGE ( 'NONE', *, *, #2379, .T. ) ;
#4496 =( GEOMETRIC_REPRESENTATION_CONTEXT ( 3 ) GLOBAL_UNCERTAINTY_ASSIGNED_CONTEXT ( ( #3260 ) ) GLOBAL_UNIT_ASSIGNED_CONTEXT ( ( #5734, #6830, #3512 ) ) REPRESENTATION_CONTEXT ( 'NONE', 'WORKASPACE' ) );
#4497 = DIRECTION ( 'NONE',  ( -1.224646799147353454E-16, 1.000000000000000000, 2.465190328815661892E-32 ) ) ;
#4498 = STYLED_ITEM ( 'NONE', ( #5579 ), #558 ) ;
#4499 = ADVANCED_FACE ( 'NONE', ( #1188 ), #2154, .F. ) ;
#4500 = EDGE_CURVE ( 'NONE', #5080, #5125, #4567, .T. ) ;
#4501 = AXIS2_PLACEMENT_3D ( 'NONE', #80, #5142, #1884 ) ;
#4502 = CARTESIAN_POINT ( 'NONE',  ( 0.3111794497628561085, 0.6753496461000733087, 0.4744691966398540961 ) ) ;
#4503 = VECTOR ( 'NONE', #7043, 39.37007874015748143 ) ;
#4504 = CARTESIAN_POINT ( 'NONE',  ( 0.2057909061241683379, -0.06480783421488736651, 0.7894298265611140453 ) ) ;
#4505 = DIMENSIONAL_EXPONENTS ( 1.000000000000000000, 0.000000000000000000, 0.000000000000000000, 0.000000000000000000, 0.000000000000000000, 0.000000000000000000, 0.000000000000000000 ) ;
#4506 =( NAMED_UNIT ( * ) SI_UNIT ( $, .STERADIAN. ) SOLID_ANGLE_UNIT ( ) );
#4507 = DIRECTION ( 'NONE',  ( -0.000000000000000000, 1.000000000000000000, -0.000000000000000000 ) ) ;
#4508 = ORIENTED_EDGE ( 'NONE', *, *, #3114, .T. ) ;
#4509 =( GEOMETRIC_REPRESENTATION_CONTEXT ( 3 ) GLOBAL_UNCERTAINTY_ASSIGNED_CONTEXT ( ( #1285 ) ) GLOBAL_UNIT_ASSIGNED_CONTEXT ( ( #3839, #487, #464 ) ) REPRESENTATION_CONTEXT ( 'NONE', 'WORKASPACE' ) );
#4510 = ORIENTED_EDGE ( 'NONE', *, *, #4824, .F. ) ;
#4511 = CARTESIAN_POINT ( 'NONE',  ( 0.03256255966747541308, 0.09267248074574256644, 0.8681699840414289771 ) ) ;
#4512 = CARTESIAN_POINT ( 'NONE',  ( 0.3111794497628561085, 0.6950346854701520138, 0.6713195903406415921 ) ) ;
#4513 = ORIENTED_EDGE ( 'NONE', *, *, #3797, .T. ) ;
#4514 = CARTESIAN_POINT ( 'NONE',  ( 0.1839628000313384970, 0.6182630319268449526, 0.5611454793316205114 ) ) ;
#4515 = SURFACE_SIDE_STYLE ('',( #6712 ) ) ;
#4516 = VECTOR ( 'NONE', #2872, 39.37007874015748143 ) ;
#4517 = SURFACE_SIDE_STYLE ('',( #275 ) ) ;
#4518 =( GEOMETRIC_REPRESENTATION_CONTEXT ( 3 ) GLOBAL_UNCERTAINTY_ASSIGNED_CONTEXT ( ( #2958 ) ) GLOBAL_UNIT_ASSIGNED_CONTEXT ( ( #2183, #2138, #6514 ) ) REPRESENTATION_CONTEXT ( 'NONE', 'WORKASPACE' ) );
#4519 = LINE ( 'NONE', #6288, #75 ) ;
#4520 = DIRECTION ( 'NONE',  ( 0.000000000000000000, 0.000000000000000000, 1.000000000000000000 ) ) ;
#4521 = LINE ( 'NONE', #1803, #514 ) ;
#4522 = UNCERTAINTY_MEASURE_WITH_UNIT (LENGTH_MEASURE( 1.000000000000000082E-05 ), #5088, 'distance_accuracy_value', 'NONE');
#4523 =( NAMED_UNIT ( * ) SI_UNIT ( $, .STERADIAN. ) SOLID_ANGLE_UNIT ( ) );
#4524 = MECHANICAL_DESIGN_GEOMETRIC_PRESENTATION_REPRESENTATION (  '', ( #2177 ), #5924 ) ;
#4525 = COLOUR_RGB ( '',0.7921568627450980005, 0.8196078431372548767, 0.9333333333333333481 ) ;
#4526 = CARTESIAN_POINT ( 'NONE',  ( 0.02468854391944393101, 0.08479846499771107049, 0.4744691966398540961 ) ) ;
#4527 =( NAMED_UNIT ( * ) PLANE_ANGLE_UNIT ( ) SI_UNIT ( $, .RADIAN. ) );
#4528 = ADVANCED_FACE ( 'NONE', ( #2505 ), #2783, .T. ) ;
#4529 = DIRECTION ( 'NONE',  ( 1.000000000000000000, 0.000000000000000000, 0.000000000000000000 ) ) ;
#4530 = ORIENTED_EDGE ( 'NONE', *, *, #763, .F. ) ;
#4531 = DIRECTION ( 'NONE',  ( 0.000000000000000000, -1.000000000000000000, 0.000000000000000000 ) ) ;
#4532 = FILL_AREA_STYLE_COLOUR ( '', #1028 ) ;
#4533 =( NAMED_UNIT ( * ) SI_UNIT ( $, .STERADIAN. ) SOLID_ANGLE_UNIT ( ) );
#4534 = STYLED_ITEM ( 'NONE', ( #2467 ), #614 ) ;
#4535 = UNCERTAINTY_MEASURE_WITH_UNIT (LENGTH_MEASURE( 1.000000000000000082E-05 ), #3152, 'distance_accuracy_value', 'NONE');
#4536 = CARTESIAN_POINT ( 'NONE',  ( 0.2955626950439139700, 0.6182630319268449526, 0.7589747116155266538 ) ) ;
#4537 = CARTESIAN_POINT ( 'NONE',  ( 0.06209011872259351944, 0.1910976775961362728, 0.8248628974272557146 ) ) ;
#4538 = EDGE_CURVE ( 'NONE', #6944, #5938, #5000, .T. ) ;
#4539 = DIMENSIONAL_EXPONENTS ( 1.000000000000000000, 0.000000000000000000, 0.000000000000000000, 0.000000000000000000, 0.000000000000000000, 0.000000000000000000, 0.000000000000000000 ) ;
#4540 = VERTEX_POINT ( 'NONE', #1532 ) ;
#4541 = FACE_BOUND ( 'NONE', #7090, .T. ) ;
#4542 = VECTOR ( 'NONE', #5042, 39.37007874015748143 ) ;
#4543 = CIRCLE ( 'NONE', #3355, 0.03937007874015748671 ) ;
#4544 = SURFACE_STYLE_FILL_AREA ( #4329 ) ;
#4545 = DIRECTION ( 'NONE',  ( -1.000000000000000000, -0.000000000000000000, 0.000000000000000000 ) ) ;
#4546 = AXIS2_PLACEMENT_3D ( 'NONE', #962, #4852, #1537 ) ;
#4547 = AXIS2_PLACEMENT_3D ( 'NONE', #3563, #2498, #6292 ) ;
#4548 = LINE ( 'NONE', #4536, #6812 ) ;
#4549 = PRESENTATION_STYLE_ASSIGNMENT (( #5318 ) ) ;
#4550 = ORIENTED_EDGE ( 'NONE', *, *, #6755, .F. ) ;
#4551 = VERTEX_POINT ( 'NONE', #6482 ) ;
#4552 =( LENGTH_UNIT ( ) NAMED_UNIT ( * ) SI_UNIT ( $, .METRE. ) );
#4553 = SURFACE_STYLE_FILL_AREA ( #3368 ) ;
#4554 = ORIENTED_EDGE ( 'NONE', *, *, #5501, .T. ) ;
#4555 = DIRECTION ( 'NONE',  ( 0.9544338947578754340, -5.580238493437923206E-18, 0.2984224196291437869 ) ) ;
#4556 = CARTESIAN_POINT ( 'NONE',  ( 0.1014601974627510061, 0.3013338980685772439, 0.7894298265611140453 ) ) ;
#4557 = EDGE_CURVE ( 'NONE', #1329, #7105, #3546, .T. ) ;
#4558 = PRODUCT_DEFINITION_FORMATION_WITH_SPECIFIED_SOURCE ( 'ANY', '', #1423, .NOT_KNOWN. ) ;
#4559 = STYLED_ITEM ( 'NONE', ( #6247 ), #2747 ) ;
#4560 = ORIENTED_EDGE ( 'NONE', *, *, #1718, .F. ) ;
#4561 = CARTESIAN_POINT ( 'NONE',  ( 0.3475231895887351818, 0.3407039768087347098, 0.7894298265611140453 ) ) ;
#4562 = VERTEX_POINT ( 'NONE', #3730 ) ;
#4563 = CIRCLE ( 'NONE', #567, 0.07480314960629920462 ) ;
#4564 = CARTESIAN_POINT ( 'NONE',  ( 0.2215389376202312743, 0.3525150004307819329, 0.5728943934902481772 ) ) ;
#4565 = ORIENTED_EDGE ( 'NONE', *, *, #2393, .F. ) ;
#4566 = DIRECTION ( 'NONE',  ( 1.000000000000000000, 0.000000000000000000, 0.000000000000000000 ) ) ;
#4567 = LINE ( 'NONE', #2707, #1102 ) ;
#4568 =( GEOMETRIC_REPRESENTATION_CONTEXT ( 3 ) GLOBAL_UNCERTAINTY_ASSIGNED_CONTEXT ( ( #3466 ) ) GLOBAL_UNIT_ASSIGNED_CONTEXT ( ( #826, #1948, #2022 ) ) REPRESENTATION_CONTEXT ( 'NONE', 'WORKASPACE' ) );
#4569 = DIRECTION ( 'NONE',  ( -1.000000000000000000, -0.000000000000000000, -0.000000000000000000 ) ) ;
#4570 = VERTEX_POINT ( 'NONE', #934 ) ;
#4571 = CARTESIAN_POINT ( 'NONE',  ( 0.2215389376202313021, 0.5533024020055851144, 0.5256502990020588406 ) ) ;
#4572 = DIMENSIONAL_EXPONENTS ( 1.000000000000000000, 0.000000000000000000, 0.000000000000000000, 0.000000000000000000, 0.000000000000000000, 0.000000000000000000, 0.000000000000000000 ) ;
#4573 = LENGTH_MEASURE_WITH_UNIT ( LENGTH_MEASURE( 0.02539999999999999897 ), #524 );
#4574 =( NAMED_UNIT ( * ) PLANE_ANGLE_UNIT ( ) SI_UNIT ( $, .RADIAN. ) );
#4575 = CARTESIAN_POINT ( 'NONE',  ( 0.1546098037619636212, 0.1359795673599157873, 0.7894298265611140453 ) ) ;
#4576 = SURFACE_SIDE_STYLE ('',( #984 ) ) ;
#4577 = MECHANICAL_DESIGN_GEOMETRIC_PRESENTATION_REPRESENTATION (  '', ( #3473 ), #5802 ) ;
#4578 = FILL_AREA_STYLE ('',( #701 ) ) ;
#4579 = SURFACE_STYLE_USAGE ( .BOTH. , #2387 ) ;
#4580 = FACE_OUTER_BOUND ( 'NONE', #6873, .T. ) ;
#4581 = EDGE_CURVE ( 'NONE', #3976, #1491, #3116, .T. ) ;
#4582 = STYLED_ITEM ( 'NONE', ( #2828 ), #4 ) ;
#4583 = DIRECTION ( 'NONE',  ( 0.000000000000000000, -1.000000000000000000, 0.000000000000000000 ) ) ;
#4584 = PRESENTATION_STYLE_ASSIGNMENT (( #2518 ) ) ;
#4585 = CARTESIAN_POINT ( 'NONE',  ( 0.3475231895887349043, 0.1910976775961362728, 0.8248628974272557146 ) ) ;
#4586 = DIRECTION ( 'NONE',  ( 0.000000000000000000, 1.000000000000000000, -1.445602896647339163E-16 ) ) ;
#4587 = EDGE_CURVE ( 'NONE', #6060, #3894, #643, .T. ) ;
#4588 = DIRECTION ( 'NONE',  ( 0.000000000000000000, 0.000000000000000000, 1.000000000000000000 ) ) ;
#4589 = PLANE ( 'NONE',  #2763 ) ;
#4590 = VERTEX_POINT ( 'NONE', #2626 ) ;
#4591 = DIRECTION ( 'NONE',  ( -0.3846153846153820277, 0.000000000000000000, -0.9230769230769242384 ) ) ;
#4592 = LINE ( 'NONE', #2802, #3400 ) ;
#4593 = EDGE_CURVE ( 'NONE', #3051, #5204, #6750, .T. ) ;
#4594 = ORIENTED_EDGE ( 'NONE', *, *, #1201, .T. ) ;
#4595 = AXIS2_PLACEMENT_3D ( 'NONE', #5371, #3729, #3706 ) ;
#4596 = CARTESIAN_POINT ( 'NONE',  ( 0.1839628000313384970, 0.5533024020055851144, 0.7814937013496626728 ) ) ;
#4597 = STYLED_ITEM ( 'NONE', ( #5568 ), #2224 ) ;
#4598 = CARTESIAN_POINT ( 'NONE',  ( 0.2057909061241683379, -0.06480783421488736651, 0.7894298265611140453 ) ) ;
#4599 = EDGE_LOOP ( 'NONE', ( #6389, #6580, #2631, #5528 ) ) ;
#4600 = LINE ( 'NONE', #3218, #1479 ) ;
#4601 =( NAMED_UNIT ( * ) PLANE_ANGLE_UNIT ( ) SI_UNIT ( $, .RADIAN. ) );
#4602 =( LENGTH_UNIT ( ) NAMED_UNIT ( * ) SI_UNIT ( $, .METRE. ) );
#4603 = SURFACE_STYLE_FILL_AREA ( #388 ) ;
#4604 = VECTOR ( 'NONE', #3475, 39.37007874015748143 ) ;
#4605 = CARTESIAN_POINT ( 'NONE',  ( 0.2372869691162943495, 0.09267248074574256644, 0.7500597478209566349 ) ) ;
#4606 = DIRECTION ( 'NONE',  ( 0.000000000000000000, 0.000000000000000000, 1.000000000000000000 ) ) ;
#4607 = CARTESIAN_POINT ( 'NONE',  ( 0.4183893313210187981, 0.6950346854701520138, 0.8543904564823739944 ) ) ;
#4608 = VECTOR ( 'NONE', #5015, 39.37007874015748143 ) ;
#4609 = DIMENSIONAL_EXPONENTS ( 1.000000000000000000, 0.000000000000000000, 0.000000000000000000, 0.000000000000000000, 0.000000000000000000, 0.000000000000000000, 0.000000000000000000 ) ;
#4610 =( NAMED_UNIT ( * ) PLANE_ANGLE_UNIT ( ) SI_UNIT ( $, .RADIAN. ) );
#4611 = STYLED_ITEM ( 'NONE', ( #3180 ), #3147 ) ;
#4612 = DIRECTION ( 'NONE',  ( 0.000000000000000000, 0.000000000000000000, 1.000000000000000000 ) ) ;
#4613 = ORIENTED_EDGE ( 'NONE', *, *, #3739, .F. ) ;
#4614 = ORIENTED_EDGE ( 'NONE', *, *, #465, .F. ) ;
#4615 = ORIENTED_EDGE ( 'NONE', *, *, #21, .F. ) ;
#4616 = PRESENTATION_STYLE_ASSIGNMENT (( #3054 ) ) ;
#4617 = VECTOR ( 'NONE', #25, 39.37007874015748143 ) ;
#4618 = DIMENSIONAL_EXPONENTS ( 1.000000000000000000, 0.000000000000000000, 0.000000000000000000, 0.000000000000000000, 0.000000000000000000, 0.000000000000000000, 0.000000000000000000 ) ;
#4619 = LENGTH_MEASURE_WITH_UNIT ( LENGTH_MEASURE( 0.02539999999999999897 ), #4191 );
#4620 =( NAMED_UNIT ( * ) SI_UNIT ( $, .STERADIAN. ) SOLID_ANGLE_UNIT ( ) );
#4621 = CYLINDRICAL_SURFACE ( 'NONE', #48, 0.04724409448818896184 ) ;
#4622 = ORIENTED_EDGE ( 'NONE', *, *, #5703, .F. ) ;
#4623 = SURFACE_STYLE_USAGE ( .BOTH. , #3523 ) ;
#4624 = ORIENTED_EDGE ( 'NONE', *, *, #5425, .F. ) ;
#4625 =( NAMED_UNIT ( * ) PLANE_ANGLE_UNIT ( ) SI_UNIT ( $, .RADIAN. ) );
#4626 = AXIS2_PLACEMENT_3D ( 'NONE', #953, #7060, #4349 ) ;
#4627 = UNCERTAINTY_MEASURE_WITH_UNIT (LENGTH_MEASURE( 1.000000000000000082E-05 ), #7193, 'distance_accuracy_value', 'NONE');
#4628 = CARTESIAN_POINT ( 'NONE',  ( 0.1546098037619636212, 0.1359795673599157873, 0.5532093541201690279 ) ) ;
#4629 =( NAMED_UNIT ( * ) SI_UNIT ( $, .STERADIAN. ) SOLID_ANGLE_UNIT ( ) );
#4630 = CARTESIAN_POINT ( 'NONE',  ( 0.1785912521295394961, 0.3407039768087347098, 0.5925794328603265493 ) ) ;
#4631 = CARTESIAN_POINT ( 'NONE',  ( 0.06209011872259351944, 0.3092079138166087260, 0.7146266769548147435 ) ) ;
#4632 = ORIENTED_EDGE ( 'NONE', *, *, #3594, .F. ) ;
#4633 = LENGTH_MEASURE_WITH_UNIT ( LENGTH_MEASURE( 0.02539999999999999897 ), #1145 );
#4634 = LINE ( 'NONE', #5328, #704 ) ;
#4635 = PRESENTATION_LAYER_ASSIGNMENT (  '', '', ( #3394 ) ) ;
#4636 = LINE ( 'NONE', #798, #3183 ) ;
#4637 = PRESENTATION_LAYER_ASSIGNMENT (  '', '', ( #5140 ) ) ;
#4638 = ORIENTED_EDGE ( 'NONE', *, *, #134, .T. ) ;
#4639 = PLANE ( 'NONE',  #5003 ) ;
#4640 = CARTESIAN_POINT ( 'NONE',  ( 0.4183893313210187981, 0.08479846499771107049, 0.4744691966398540961 ) ) ;
#4641 = DIRECTION ( 'NONE',  ( 0.000000000000000000, 1.000000000000000000, 0.000000000000000000 ) ) ;
#4642 = CARTESIAN_POINT ( 'NONE',  ( 0.2644866231109231358, 0.3092079138166087260, 0.5925794328603265493 ) ) ;
#4643 = CARTESIAN_POINT ( 'NONE',  ( 0.2372869691162943495, -0.06480783421488736651, 0.5689573856162322141 ) ) ;
#4644 = SURFACE_STYLE_FILL_AREA ( #4248 ) ;
#4645 = CARTESIAN_POINT ( 'NONE',  ( 0.09358618171471951019, 0.2698378350764509270, 0.7500597478209566349 ) ) ;
#4646 = ORIENTED_EDGE ( 'NONE', *, *, #3864, .F. ) ;
#4647 = CARTESIAN_POINT ( 'NONE',  ( 0.09687298726624835044, 0.1910976775961362728, 0.5532093541201690279 ) ) ;
#4648 = EDGE_CURVE ( 'NONE', #6944, #3051, #919, .T. ) ;
#4649 = DIRECTION ( 'NONE',  ( -0.9544338947578753229, 0.000000000000000000, 0.2984224196291437314 ) ) ;
#4650 =( GEOMETRIC_REPRESENTATION_CONTEXT ( 3 ) GLOBAL_UNCERTAINTY_ASSIGNED_CONTEXT ( ( #7127 ) ) GLOBAL_UNIT_ASSIGNED_CONTEXT ( ( #5946, #3065, #376 ) ) REPRESENTATION_CONTEXT ( 'NONE', 'WORKASPACE' ) );
#4651 = FACE_OUTER_BOUND ( 'NONE', #5770, .T. ) ;
#4652 = VERTEX_POINT ( 'NONE', #5974 ) ;
#4653 = ORIENTED_EDGE ( 'NONE', *, *, #3088, .T. ) ;
#4654 =( GEOMETRIC_REPRESENTATION_CONTEXT ( 3 ) GLOBAL_UNCERTAINTY_ASSIGNED_CONTEXT ( ( #738 ) ) GLOBAL_UNIT_ASSIGNED_CONTEXT ( ( #6047, #1607, #5556 ) ) REPRESENTATION_CONTEXT ( 'NONE', 'WORKASPACE' ) );
#4655 = FILL_AREA_STYLE ('',( #721 ) ) ;
#4656 = VECTOR ( 'NONE', #4545, 39.37007874015748143 ) ;
#4657 = DIRECTION ( 'NONE',  ( -0.000000000000000000, -1.000000000000000000, 0.000000000000000000 ) ) ;
#4658 = FILL_AREA_STYLE_COLOUR ( '', #5149 ) ;
#4659 = DIMENSIONAL_EXPONENTS ( 1.000000000000000000, 0.000000000000000000, 0.000000000000000000, 0.000000000000000000, 0.000000000000000000, 0.000000000000000000, 0.000000000000000000 ) ;
#4660 = MECHANICAL_DESIGN_GEOMETRIC_PRESENTATION_REPRESENTATION (  '', ( #1976 ), #5027 ) ;
#4661 = ORIENTED_EDGE ( 'NONE', *, *, #2435, .T. ) ;
#4662 = DIRECTION ( 'NONE',  ( 1.000000000000000000, 0.000000000000000000, 0.000000000000000000 ) ) ;
#4663 = FILL_AREA_STYLE ('',( #6869 ) ) ;
#4664 = FACE_OUTER_BOUND ( 'NONE', #2508, .T. ) ;
#4665 = CARTESIAN_POINT ( 'NONE',  ( 0.1546098037619636212, 0.1064520083047976878, 0.5925794328603265493 ) ) ;
#4666 = FILL_AREA_STYLE ('',( #6313 ) ) ;
#4667 = VERTEX_POINT ( 'NONE', #3748 ) ;
#4668 =( NAMED_UNIT ( * ) SI_UNIT ( $, .STERADIAN. ) SOLID_ANGLE_UNIT ( ) );
#4669 = STYLED_ITEM ( 'NONE', ( #233 ), #4295 ) ;
#4670 = SURFACE_STYLE_FILL_AREA ( #2036 ) ;
#4671 = DIRECTION ( 'NONE',  ( -1.224646799147353454E-16, 1.000000000000000000, -1.848892746611746419E-32 ) ) ;
#4672 = CARTESIAN_POINT ( 'NONE',  ( 0.2372869691162943495, 0.09267248074574256644, 0.5532093541201690279 ) ) ;
#4673 = DIRECTION ( 'NONE',  ( -1.224646799147353454E-16, 1.000000000000000000, -1.848892746611746419E-32 ) ) ;
#4674 = COLOUR_RGB ( '',0.7921568627450980005, 0.8196078431372548767, 0.9333333333333333481 ) ;
#4675 = FILL_AREA_STYLE ('',( #2411 ) ) ;
#4676 = COLOUR_RGB ( '',1.000000000000000000, 1.000000000000000000, 1.000000000000000000 ) ;
#4677 = AXIS2_PLACEMENT_3D ( 'NONE', #2896, #6649, #4389 ) ;
#4678 =( CONVERSION_BASED_UNIT ( 'INCH', #413 ) LENGTH_UNIT ( ) NAMED_UNIT ( #887 ) );
#4679 = LINE ( 'NONE', #5297, #1997 ) ;
#4680 = ORIENTED_EDGE ( 'NONE', *, *, #6472, .F. ) ;
#4681 = ORIENTED_EDGE ( 'NONE', *, *, #213, .F. ) ;
#4682 = CARTESIAN_POINT ( 'NONE',  ( 0.1475151801965484955, 0.5985779925567662474, 0.7805148627665431382 ) ) ;
#4683 = CARTESIAN_POINT ( 'NONE',  ( 0.2372869691162943495, -0.06480783421488736651, 0.5532093541201690279 ) ) ;
#4684 = FILL_AREA_STYLE_COLOUR ( '', #535 ) ;
#4685 = SURFACE_STYLE_FILL_AREA ( #5154 ) ;
#4686 = SURFACE_SIDE_STYLE ('',( #1205 ) ) ;
#4687 = STYLED_ITEM ( 'NONE', ( #6317 ), #1476 ) ;
#4688 = ORIENTED_EDGE ( 'NONE', *, *, #1104, .T. ) ;
#4689 = CARTESIAN_POINT ( 'NONE',  ( 0.1664208273840108721, 0.09660948861975832136, 0.5532093541201690279 ) ) ;
#4690 = PRESENTATION_STYLE_ASSIGNMENT (( #5551 ) ) ;
#4691 = DIRECTION ( 'NONE',  ( 0.000000000000000000, -0.000000000000000000, -1.000000000000000000 ) ) ;
#4692 = VERTEX_POINT ( 'NONE', #3807 ) ;
#4693 = FILL_AREA_STYLE ('',( #5181 ) ) ;
#4694 = PRESENTATION_STYLE_ASSIGNMENT (( #4843 ) ) ;
#4695 = CARTESIAN_POINT ( 'NONE',  ( 0.4183893313210187981, 0.08479846499771107049, 0.8681699840414289771 ) ) ;
#4696 = EDGE_CURVE ( 'NONE', #4029, #2848, #304, .T. ) ;
#4697 = DIRECTION ( 'NONE',  ( -0.000000000000000000, -0.000000000000000000, 1.000000000000000000 ) ) ;
#4698 = CARTESIAN_POINT ( 'NONE',  ( 0.1309502551813970517, 0.6950346854701520138, 0.8681699840414288660 ) ) ;
#4699 = ORIENTED_EDGE ( 'NONE', *, *, #4873, .T. ) ;
#4700 = PRESENTATION_LAYER_ASSIGNMENT (  '', '', ( #6934 ) ) ;
#4701 = LINE ( 'NONE', #1233, #2024 ) ;
#4702 =( CONVERSION_BASED_UNIT ( 'INCH', #6894 ) LENGTH_UNIT ( ) NAMED_UNIT ( #7100 ) );
#4703 = SURFACE_STYLE_USAGE ( .BOTH. , #803 ) ;
#4704 = COLOUR_RGB ( '',1.000000000000000000, 1.000000000000000000, 1.000000000000000000 ) ;
#4705 = UNCERTAINTY_MEASURE_WITH_UNIT (LENGTH_MEASURE( 1.000000000000000082E-05 ), #5453, 'distance_accuracy_value', 'NONE');
#4706 = EDGE_LOOP ( 'NONE', ( #975, #3961, #542, #2548 ) ) ;
#4707 = FILL_AREA_STYLE_COLOUR ( '', #5608 ) ;
#4708 = FILL_AREA_STYLE_COLOUR ( '', #4184 ) ;
#4709 = AXIS2_PLACEMENT_3D ( 'NONE', #2845, #463, #740 ) ;
#4710 = VERTEX_POINT ( 'NONE', #4874 ) ;
#4711 =( NAMED_UNIT ( * ) PLANE_ANGLE_UNIT ( ) SI_UNIT ( $, .RADIAN. ) );
#4712 = LINE ( 'NONE', #6169, #2126 ) ;
#4713 =( NAMED_UNIT ( * ) PLANE_ANGLE_UNIT ( ) SI_UNIT ( $, .RADIAN. ) );
#4714 = DIRECTION ( 'NONE',  ( 0.000000000000000000, -1.000000000000000000, 0.000000000000000000 ) ) ;
#4715 = ORIENTED_EDGE ( 'NONE', *, *, #7205, .F. ) ;
#4716 = SURFACE_STYLE_USAGE ( .BOTH. , #6423 ) ;
#4717 =( NAMED_UNIT ( * ) SI_UNIT ( $, .STERADIAN. ) SOLID_ANGLE_UNIT ( ) );
#4718 = ORIENTED_EDGE ( 'NONE', *, *, #6820, .T. ) ;
#4719 = DIMENSIONAL_EXPONENTS ( 1.000000000000000000, 0.000000000000000000, 0.000000000000000000, 0.000000000000000000, 0.000000000000000000, 0.000000000000000000, 0.000000000000000000 ) ;
#4720 = STYLED_ITEM ( 'NONE', ( #2864 ), #4471 ) ;
#4721 = PLANE ( 'NONE',  #6244 ) ;
#4722 = SURFACE_STYLE_USAGE ( .BOTH. , #4063 ) ;
#4723 = FILL_AREA_STYLE ('',( #1996 ) ) ;
#4724 = ORIENTED_EDGE ( 'NONE', *, *, #299, .T. ) ;
#4725 = ORIENTED_EDGE ( 'NONE', *, *, #6701, .F. ) ;
#4726 = ORIENTED_EDGE ( 'NONE', *, *, #6740, .T. ) ;
#4727 = EDGE_CURVE ( 'NONE', #120, #4906, #1629, .T. ) ;
#4728 =( GEOMETRIC_REPRESENTATION_CONTEXT ( 3 ) GLOBAL_UNCERTAINTY_ASSIGNED_CONTEXT ( ( #973 ) ) GLOBAL_UNIT_ASSIGNED_CONTEXT ( ( #212, #4610, #1345 ) ) REPRESENTATION_CONTEXT ( 'NONE', 'WORKASPACE' ) );
#4729 = DIRECTION ( 'NONE',  ( 0.000000000000000000, 0.000000000000000000, 1.000000000000000000 ) ) ;
#4730 = COLOUR_RGB ( '',1.000000000000000000, 1.000000000000000000, 1.000000000000000000 ) ;
#4731 = COLOUR_RGB ( '',1.000000000000000000, 1.000000000000000000, 1.000000000000000000 ) ;
#4732 = EDGE_LOOP ( 'NONE', ( #6686, #2041, #1697, #1625 ) ) ;
#4733 = CARTESIAN_POINT ( 'NONE',  ( 0.1329562604548772953, 0.1674756303520417988, 0.7894298265611140453 ) ) ;
#4734 = ORIENTED_EDGE ( 'NONE', *, *, #1427, .F. ) ;
#4735 =( LENGTH_UNIT ( ) NAMED_UNIT ( * ) SI_UNIT ( $, .METRE. ) );
#4736 = EDGE_LOOP ( 'NONE', ( #969, #533, #5263, #5952 ) ) ;
#4737 = DIRECTION ( 'NONE',  ( -0.9544338947578755450, 0.000000000000000000, 0.2984224196291434539 ) ) ;
#4738 = PRESENTATION_LAYER_ASSIGNMENT (  '', '', ( #5014 ) ) ;
#4739 = ORIENTED_EDGE ( 'NONE', *, *, #3786, .F. ) ;
#4740 = PRESENTATION_LAYER_ASSIGNMENT (  '', '', ( #2902 ) ) ;
#4741 = CARTESIAN_POINT ( 'NONE',  ( 0.3258696462816486616, 0.6950346854701520138, 0.4744691966398540961 ) ) ;
#4742 = LINE ( 'NONE', #2174, #5094 ) ;
#4743 = CARTESIAN_POINT ( 'NONE',  ( 0.3475231895887345157, 0.3092079138166087260, 0.7146266769548147435 ) ) ;
#4744 = PRESENTATION_STYLE_ASSIGNMENT (( #3595 ) ) ;
#4745 = FILL_AREA_STYLE ('',( #3090 ) ) ;
#4746 = ORIENTED_EDGE ( 'NONE', *, *, #5347, .T. ) ;
#4747 = UNCERTAINTY_MEASURE_WITH_UNIT (LENGTH_MEASURE( 1.000000000000000082E-05 ), #3025, 'distance_accuracy_value', 'NONE');
#4748 = SURFACE_SIDE_STYLE ('',( #3122 ) ) ;
#4749 = EDGE_CURVE ( 'NONE', #1085, #3901, #2330, .T. ) ;
#4750 = AXIS2_PLACEMENT_3D ( 'NONE', #7022, #315, #5300 ) ;
#4751 = SURFACE_STYLE_USAGE ( .BOTH. , #1474 ) ;
#4752 =( NAMED_UNIT ( * ) SI_UNIT ( $, .STERADIAN. ) SOLID_ANGLE_UNIT ( ) );
#4753 =( NAMED_UNIT ( * ) SI_UNIT ( $, .STERADIAN. ) SOLID_ANGLE_UNIT ( ) );
#4754 = UNCERTAINTY_MEASURE_WITH_UNIT (LENGTH_MEASURE( 1.000000000000000082E-05 ), #1877, 'distance_accuracy_value', 'NONE');
#4755 = CARTESIAN_POINT ( 'NONE',  ( 0.3475231895887351818, 0.3407039768087347098, 0.5532093541201690279 ) ) ;
#4756 = COLOUR_RGB ( '',0.7803921568627451011, 0.7607843137254901578, 0.7411764705882353255 ) ;
#4757 = STYLED_ITEM ( 'NONE', ( #4864 ), #4180 ) ;
#4758 =( NAMED_UNIT ( * ) SI_UNIT ( $, .STERADIAN. ) SOLID_ANGLE_UNIT ( ) );
#4759 = FILL_AREA_STYLE ('',( #4259 ) ) ;
#4760 = DIMENSIONAL_EXPONENTS ( 1.000000000000000000, 0.000000000000000000, 0.000000000000000000, 0.000000000000000000, 0.000000000000000000, 0.000000000000000000, 0.000000000000000000 ) ;
#4761 = VECTOR ( 'NONE', #1987, 39.37007874015748143 ) ;
#4762 = LINE ( 'NONE', #6837, #4247 ) ;
#4763 = DIRECTION ( 'NONE',  ( 0.000000000000000000, 0.000000000000000000, -1.000000000000000000 ) ) ;
#4764 = AXIS2_PLACEMENT_3D ( 'NONE', #2875, #5130, #601 ) ;
#4765 = FILL_AREA_STYLE ('',( #5232 ) ) ;
#4766 = FACE_OUTER_BOUND ( 'NONE', #673, .T. ) ;
#4767 = DIRECTION ( 'NONE',  ( 1.000000000000000000, 0.000000000000000000, 0.000000000000000000 ) ) ;
#4768 = MECHANICAL_DESIGN_GEOMETRIC_PRESENTATION_REPRESENTATION (  '', ( #17 ), #3777 ) ;
#4769 =( NAMED_UNIT ( * ) PLANE_ANGLE_UNIT ( ) SI_UNIT ( $, .RADIAN. ) );
#4770 =( GEOMETRIC_REPRESENTATION_CONTEXT ( 3 ) GLOBAL_UNCERTAINTY_ASSIGNED_CONTEXT ( ( #2686 ) ) GLOBAL_UNIT_ASSIGNED_CONTEXT ( ( #2499, #6370, #3059 ) ) REPRESENTATION_CONTEXT ( 'NONE', 'WORKASPACE' ) );
#4771 = ORIENTED_EDGE ( 'NONE', *, *, #1634, .T. ) ;
#4772 = EDGE_CURVE ( 'NONE', #7181, #5053, #4742, .T. ) ;
#4773 = ORIENTED_EDGE ( 'NONE', *, *, #4097, .T. ) ;
#4774 = DIRECTION ( 'NONE',  ( 0.000000000000000000, -0.000000000000000000, 1.000000000000000000 ) ) ;
#4775 = VERTEX_POINT ( 'NONE', #3878 ) ;
#4776 = VECTOR ( 'NONE', #448, 39.37007874015748143 ) ;
#4777 = DIRECTION ( 'NONE',  ( 1.000000000000000000, 0.000000000000000000, 0.000000000000000000 ) ) ;
#4778 = DIRECTION ( 'NONE',  ( 0.000000000000000000, 1.000000000000000000, 0.000000000000000000 ) ) ;
#4779 = AXIS2_PLACEMENT_3D ( 'NONE', #6362, #5853, #3075 ) ;
#4780 = PRESENTATION_LAYER_ASSIGNMENT (  '', '', ( #1291 ) ) ;
#4781 =( LENGTH_UNIT ( ) NAMED_UNIT ( * ) SI_UNIT ( $, .METRE. ) );
#4782 = COLOUR_RGB ( '',0.7921568627450980005, 0.8196078431372548767, 0.9333333333333333481 ) ;
#4783 =( CONVERSION_BASED_UNIT ( 'INCH', #3314 ) LENGTH_UNIT ( ) NAMED_UNIT ( #5642 ) );
#4784 = CYLINDRICAL_SURFACE ( 'NONE', #1985, 0.03937007874015747977 ) ;
#4785 = EDGE_LOOP ( 'NONE', ( #4293, #4495, #6263, #6163 ) ) ;
#4786 = ORIENTED_EDGE ( 'NONE', *, *, #2507, .F. ) ;
#4787 = ORIENTED_EDGE ( 'NONE', *, *, #4581, .T. ) ;
#4788 = SURFACE_STYLE_FILL_AREA ( #5126 ) ;
#4789 = FILL_AREA_STYLE ('',( #5449 ) ) ;
#4790 = COLOUR_RGB ( '',0.7803921568627451011, 0.7607843137254901578, 0.7411764705882353255 ) ;
#4791 = EDGE_CURVE ( 'NONE', #7121, #2489, #7183, .T. ) ;
#4792 =( LENGTH_UNIT ( ) NAMED_UNIT ( * ) SI_UNIT ( $, .METRE. ) );
#4793 = COLOUR_RGB ( '',0.7803921568627451011, 0.7607843137254901578, 0.7411764705882353255 ) ;
#4794 = CARTESIAN_POINT ( 'NONE',  ( 0.2215389376202313021, 0.2973968901945615029, 0.5256502990020588406 ) ) ;
#4795 =( GEOMETRIC_REPRESENTATION_CONTEXT ( 3 ) GLOBAL_UNCERTAINTY_ASSIGNED_CONTEXT ( ( #5534 ) ) GLOBAL_UNIT_ASSIGNED_CONTEXT ( ( #3432, #633, #4533 ) ) REPRESENTATION_CONTEXT ( 'NONE', 'WORKASPACE' ) );
#4796 = EDGE_LOOP ( 'NONE', ( #5811, #4068, #2241, #5522, #6565, #5846, #5942, #2295 ) ) ;
#4797 = ORIENTED_EDGE ( 'NONE', *, *, #2233, .T. ) ;
#4798 = SURFACE_STYLE_USAGE ( .BOTH. , #4748 ) ;
#4799 = ADVANCED_FACE ( 'NONE', ( #2936 ), #3381, .F. ) ;
#4800 = LINE ( 'NONE', #4598, #6973 ) ;
#4801 = LENGTH_MEASURE_WITH_UNIT ( LENGTH_MEASURE( 0.02539999999999999897 ), #143 );
#4802 = AXIS2_PLACEMENT_3D ( 'NONE', #586, #4493, #2293 ) ;
#4803 = EDGE_LOOP ( 'NONE', ( #5628, #170, #1522, #6543 ) ) ;
#4804 = VECTOR ( 'NONE', #2594, 39.37007874015748143 ) ;
#4805 =( LENGTH_UNIT ( ) NAMED_UNIT ( * ) SI_UNIT ( $, .METRE. ) );
#4806 = LINE ( 'NONE', #2861, #3605 ) ;
#4807 = VERTEX_POINT ( 'NONE', #2719 ) ;
#4808 = CARTESIAN_POINT ( 'NONE',  ( 0.1014601974627510061, 0.3407039768087347098, 0.7894298265611140453 ) ) ;
#4809 = PLANE ( 'NONE',  #3791 ) ;
#4810 = DIRECTION ( 'NONE',  ( 0.000000000000000000, 0.000000000000000000, 1.000000000000000000 ) ) ;
#4811 = VECTOR ( 'NONE', #3657, 39.37007874015748143 ) ;
#4812 = SURFACE_STYLE_USAGE ( .BOTH. , #2619 ) ;
#4813 = STYLED_ITEM ( 'NONE', ( #3633 ), #5005 ) ;
#4814 = CLOSED_SHELL ( 'NONE', ( #2850, #6534, #4877, #3418, #4892, #2660, #2699, #5040, #1113, #7160, #2186, #5529 ) ) ;
#4815 = PLANE ( 'NONE',  #5187 ) ;
#4816 = SURFACE_STYLE_USAGE ( .BOTH. , #7082 ) ;
#4817 = SURFACE_STYLE_FILL_AREA ( #5339 ) ;
#4818 = ORIENTED_EDGE ( 'NONE', *, *, #3883, .T. ) ;
#4819 = VERTEX_POINT ( 'NONE', #544 ) ;
#4820 = CARTESIAN_POINT ( 'NONE',  ( 0.1177487016884987969, 0.5985779925567662474, 0.8145717335072365506 ) ) ;
#4821 = EDGE_CURVE ( 'NONE', #4181, #4481, #1710, .T. ) ;
#4822 = CARTESIAN_POINT ( 'NONE',  ( 0.2372869691162943495, -0.06480783421488736651, 0.7500597478209566349 ) ) ;
#4823 = VECTOR ( 'NONE', #5794, 39.37007874015748143 ) ;
#4824 = EDGE_CURVE ( 'NONE', #3596, #5418, #5621, .T. ) ;
#4825 = AXIS2_PLACEMENT_3D ( 'NONE', #3439, #3927, #109 ) ;
#4826 = FILL_AREA_STYLE ('',( #4278 ) ) ;
#4827 = ADVANCED_FACE ( 'NONE', ( #5968 ), #1074, .F. ) ;
#4828 = CARTESIAN_POINT ( 'NONE',  ( 0.02468854391944393101, 0.6950346854701520138, 0.8681699840414289771 ) ) ;
#4829 = DIRECTION ( 'NONE',  ( 0.000000000000000000, 0.000000000000000000, 1.000000000000000000 ) ) ;
#4830 = SURFACE_STYLE_FILL_AREA ( #4765 ) ;
#4831 = SURFACE_STYLE_USAGE ( .BOTH. , #5417 ) ;
#4832 = ORIENTED_EDGE ( 'NONE', *, *, #6963, .T. ) ;
#4833 = CARTESIAN_POINT ( 'NONE',  ( 0.02468854391944393101, 0.08479846499771107049, 0.8681699840414289771 ) ) ;
#4834 = SURFACE_SIDE_STYLE ('',( #1455 ) ) ;
#4835 = EDGE_CURVE ( 'NONE', #1494, #3245, #1108, .T. ) ;
#4836 = VECTOR ( 'NONE', #5278, 39.37007874015748143 ) ;
#4837 = FILL_AREA_STYLE ('',( #2725 ) ) ;
#4838 = SURFACE_STYLE_FILL_AREA ( #407 ) ;
#4839 = EDGE_CURVE ( 'NONE', #3758, #208, #3211, .T. ) ;
#4840 = PRESENTATION_STYLE_ASSIGNMENT (( #6663 ) ) ;
#4841 = FILL_AREA_STYLE ('',( #6518 ) ) ;
#4842 = CARTESIAN_POINT ( 'NONE',  ( 0.1329562604548769900, 0.2068457090921992647, 0.5532093541201690279 ) ) ;
#4843 = SURFACE_STYLE_USAGE ( .BOTH. , #5990 ) ;
#4844 = SURFACE_STYLE_FILL_AREA ( #3068 ) ;
#4845 = DIRECTION ( 'NONE',  ( 0.000000000000000000, 0.000000000000000000, -1.000000000000000000 ) ) ;
#4846 = EDGE_CURVE ( 'NONE', #1341, #390, #3026, .T. ) ;
#4847 = PRESENTATION_LAYER_ASSIGNMENT (  '', '', ( #6942 ) ) ;
#4848 = LINE ( 'NONE', #7098, #5639 ) ;
#4849 =( NAMED_UNIT ( * ) SI_UNIT ( $, .STERADIAN. ) SOLID_ANGLE_UNIT ( ) );
#4850 = SURFACE_STYLE_USAGE ( .BOTH. , #6000 ) ;
#4851 = UNCERTAINTY_MEASURE_WITH_UNIT (LENGTH_MEASURE( 1.000000000000000082E-05 ), #1515, 'distance_accuracy_value', 'NONE');
#4852 = DIRECTION ( 'NONE',  ( -1.224646799147353454E-16, 1.000000000000000000, 2.465190328815661892E-32 ) ) ;
#4853 = FACE_OUTER_BOUND ( 'NONE', #450, .T. ) ;
#4854 = ADVANCED_FACE ( 'NONE', ( #5359 ), #4927, .F. ) ;
#4855 =( NAMED_UNIT ( * ) SI_UNIT ( $, .STERADIAN. ) SOLID_ANGLE_UNIT ( ) );
#4856 = ORIENTED_EDGE ( 'NONE', *, *, #4147, .T. ) ;
#4857 = CARTESIAN_POINT ( 'NONE',  ( 0.2372869691162943495, 0.1674756303520417988, 0.7500597478209566349 ) ) ;
#4858 = SURFACE_SIDE_STYLE ('',( #2789 ) ) ;
#4859 = PRESENTATION_LAYER_ASSIGNMENT (  '', '', ( #1897 ) ) ;
#4860 = CARTESIAN_POINT ( 'NONE',  ( 0.2964995675414904830, 0.2293653941315694222, 0.8036030549075708906 ) ) ;
#4861 = ORIENTED_EDGE ( 'NONE', *, *, #1230, .F. ) ;
#4862 = ADVANCED_FACE ( 'NONE', ( #6312 ), #5001, .T. ) ;
#4863 = ORIENTED_EDGE ( 'NONE', *, *, #656, .T. ) ;
#4864 = PRESENTATION_STYLE_ASSIGNMENT (( #3958 ) ) ;
#4865 = FILL_AREA_STYLE_COLOUR ( '', #7095 ) ;
#4866 = ORIENTED_EDGE ( 'NONE', *, *, #3893, .T. ) ;
#4867 = FILL_AREA_STYLE_COLOUR ( '', #1594 ) ;
#4868 = DIRECTION ( 'NONE',  ( -0.9544338947578753229, 0.000000000000000000, -0.2984224196291438980 ) ) ;
#4869 = LENGTH_MEASURE_WITH_UNIT ( LENGTH_MEASURE( 0.02539999999999999897 ), #1134 );
#4870 = PRESENTATION_LAYER_ASSIGNMENT (  '', '', ( #17 ) ) ;
#4871 = PRESENTATION_STYLE_ASSIGNMENT (( #2915 ) ) ;
#4872 = AXIS2_PLACEMENT_3D ( 'NONE', #3030, #1387, #6850 ) ;
#4873 = EDGE_CURVE ( 'NONE', #821, #703, #560, .T. ) ;
#4874 = CARTESIAN_POINT ( 'NONE',  ( 0.2591150752091240239, 0.3525150004307819329, 0.5846433076488758429 ) ) ;
#4875 = DIMENSIONAL_EXPONENTS ( 1.000000000000000000, 0.000000000000000000, 0.000000000000000000, 0.000000000000000000, 0.000000000000000000, 0.000000000000000000, 0.000000000000000000 ) ;
#4876 = LENGTH_MEASURE_WITH_UNIT ( LENGTH_MEASURE( 0.02539999999999999897 ), #1818 );
#4877 = ADVANCED_FACE ( 'NONE', ( #4414 ), #6350, .F. ) ;
#4878 = ORIENTED_EDGE ( 'NONE', *, *, #5480, .F. ) ;
#4879 = SURFACE_STYLE_FILL_AREA ( #5070 ) ;
#4880 = CARTESIAN_POINT ( 'NONE',  ( 0.1177487016884988247, 0.5985779925567662474, 0.5280674471740465226 ) ) ;
#4881 = SURFACE_STYLE_FILL_AREA ( #3553 ) ;
#4882 = MECHANICAL_DESIGN_GEOMETRIC_PRESENTATION_REPRESENTATION (  '', ( #7119 ), #3885 ) ;
#4883 = ORIENTED_EDGE ( 'NONE', *, *, #5778, .F. ) ;
#4884 = CARTESIAN_POINT ( 'NONE',  ( 0.1034287013997588905, 0.1359795673599157873, 0.7500597478209566349 ) ) ;
#4885 = FACE_OUTER_BOUND ( 'NONE', #1293, .T. ) ;
#4886 = DIRECTION ( 'NONE',  ( 1.000000000000000000, 0.000000000000000000, 0.000000000000000000 ) ) ;
#4887 = FILL_AREA_STYLE_COLOUR ( '', #2222 ) ;
#4888 = VERTEX_POINT ( 'NONE', #5281 ) ;
#4889 = SURFACE_STYLE_FILL_AREA ( #5973 ) ;
#4890 = SURFACE_STYLE_USAGE ( .BOTH. , #6009 ) ;
#4891 = ORIENTED_EDGE ( 'NONE', *, *, #2139, .T. ) ;
#4892 = ADVANCED_FACE ( 'NONE', ( #1272 ), #4721, .F. ) ;
#4893 = PRESENTATION_LAYER_ASSIGNMENT (  '', '', ( #6485 ) ) ;
#4894 = LINE ( 'NONE', #3503, #196 ) ;
#4895 = SURFACE_STYLE_USAGE ( .BOTH. , #4346 ) ;
#4896 = ORIENTED_EDGE ( 'NONE', *, *, #2153, .T. ) ;
#4897 = ADVANCED_FACE ( 'NONE', ( #1893 ), #2552, .F. ) ;
#4898 = SURFACE_SIDE_STYLE ('',( #4943 ) ) ;
#4899 = FACE_OUTER_BOUND ( 'NONE', #290, .T. ) ;
#4900 = ORIENTED_EDGE ( 'NONE', *, *, #6570, .T. ) ;
#4901 = SURFACE_STYLE_USAGE ( .BOTH. , #2663 ) ;
#4902 = AXIS2_PLACEMENT_3D ( 'NONE', #2738, #2787, #6062 ) ;
#4903 = VERTEX_POINT ( 'NONE', #4695 ) ;
#4904 = DIRECTION ( 'NONE',  ( 1.000000000000000000, 0.000000000000000000, 0.000000000000000000 ) ) ;
#4905 = ORIENTED_EDGE ( 'NONE', *, *, #2235, .T. ) ;
#4906 = VERTEX_POINT ( 'NONE', #341 ) ;
#4907 = CARTESIAN_POINT ( 'NONE',  ( 0.2644866231109230803, 0.3092079138166087260, 0.7894298265611140453 ) ) ;
#4908 = DIMENSIONAL_EXPONENTS ( 1.000000000000000000, 0.000000000000000000, 0.000000000000000000, 0.000000000000000000, 0.000000000000000000, 0.000000000000000000, 0.000000000000000000 ) ;
#4909 = FILL_AREA_STYLE_COLOUR ( '', #4214 ) ;
#4910 = SURFACE_SIDE_STYLE ('',( #374 ) ) ;
#4911 = VECTOR ( 'NONE', #619, 39.37007874015748143 ) ;
#4912 = MECHANICAL_DESIGN_GEOMETRIC_PRESENTATION_REPRESENTATION (  '', ( #2415 ), #4124 ) ;
#4913 = LINE ( 'NONE', #2269, #3438 ) ;
#4914 = ORIENTED_EDGE ( 'NONE', *, *, #6177, .F. ) ;
#4915 = EDGE_CURVE ( 'NONE', #6575, #372, #130, .T. ) ;
#4916 =( LENGTH_UNIT ( ) NAMED_UNIT ( * ) SI_UNIT ( $, .METRE. ) );
#4917 = EDGE_LOOP ( 'NONE', ( #892, #6198, #1034, #2760 ) ) ;
#4918 = DIRECTION ( 'NONE',  ( 1.000000000000000000, 0.000000000000000000, 0.000000000000000000 ) ) ;
#4919 = VERTEX_POINT ( 'NONE', #5840 ) ;
#4920 =( CONVERSION_BASED_UNIT ( 'INCH', #1063 ) LENGTH_UNIT ( ) NAMED_UNIT ( #348 ) );
#4921 =( NAMED_UNIT ( * ) SI_UNIT ( $, .STERADIAN. ) SOLID_ANGLE_UNIT ( ) );
#4922 = PRESENTATION_LAYER_ASSIGNMENT (  '', '', ( #3960 ) ) ;
#4923 = EDGE_LOOP ( 'NONE', ( #879, #2096, #6863, #4099 ) ) ;
#4924 = DIRECTION ( 'NONE',  ( 0.000000000000000000, -1.000000000000000000, 0.000000000000000000 ) ) ;
#4925 = AXIS2_PLACEMENT_3D ( 'NONE', #4689, #1368, #3641 ) ;
#4926 = DIRECTION ( 'NONE',  ( -0.000000000000000000, -0.8944271909999161885, 0.4472135954999569285 ) ) ;
#4927 = PLANE ( 'NONE',  #3387 ) ;
#4928 = VECTOR ( 'NONE', #6280, 39.37007874015748143 ) ;
#4929 = UNCERTAINTY_MEASURE_WITH_UNIT (LENGTH_MEASURE( 1.000000000000000082E-05 ), #3643, 'distance_accuracy_value', 'NONE');
#4930 = FILL_AREA_STYLE_COLOUR ( '', #5008 ) ;
#4931 =( LENGTH_UNIT ( ) NAMED_UNIT ( * ) SI_UNIT ( $, .METRE. ) );
#4932 = EDGE_CURVE ( 'NONE', #3790, #1527, #4067, .T. ) ;
#4933 = CIRCLE ( 'NONE', #2366, 0.03937007874015747977 ) ;
#4934 = CYLINDRICAL_SURFACE ( 'NONE', #6765, 0.07480314960629920462 ) ;
#4935 = AXIS2_PLACEMENT_3D ( 'NONE', #2349, #660, #4586 ) ;
#4936 = ADVANCED_FACE ( 'NONE', ( #1103 ), #3625, .F. ) ;
#4937 = DIRECTION ( 'NONE',  ( 0.000000000000000000, -0.000000000000000000, -1.000000000000000000 ) ) ;
#4938 = DIRECTION ( 'NONE',  ( -1.000000000000000000, 0.000000000000000000, 0.000000000000000000 ) ) ;
#4939 = COLOUR_RGB ( '',0.6470588235294117974, 0.6196078431372549211, 0.5882352941176470784 ) ;
#4940 = FILL_AREA_STYLE ('',( #4395 ) ) ;
#4941 = ORIENTED_EDGE ( 'NONE', *, *, #6912, .F. ) ;
#4942 = DIRECTION ( 'NONE',  ( 1.224646799147353454E-16, -1.000000000000000000, -2.465190328815661892E-32 ) ) ;
#4943 = SURFACE_STYLE_FILL_AREA ( #430 ) ;
#4944 = PRESENTATION_LAYER_ASSIGNMENT (  '', '', ( #4198 ) ) ;
#4945 = SURFACE_STYLE_FILL_AREA ( #3109 ) ;
#4946 = SURFACE_SIDE_STYLE ('',( #954 ) ) ;
#4947 = VERTEX_POINT ( 'NONE', #4143 ) ;
#4948 = DIRECTION ( 'NONE',  ( 1.000000000000000000, 0.000000000000000000, 0.000000000000000000 ) ) ;
#4949 = FACE_OUTER_BOUND ( 'NONE', #965, .T. ) ;
#4950 =( NAMED_UNIT ( * ) SI_UNIT ( $, .STERADIAN. ) SOLID_ANGLE_UNIT ( ) );
#4951 = STYLED_ITEM ( 'NONE', ( #2706 ), #5366 ) ;
#4952 = VERTEX_POINT ( 'NONE', #3216 ) ;
#4953 = DIRECTION ( 'NONE',  ( -0.000000000000000000, -1.000000000000000000, -0.000000000000000000 ) ) ;
#4954 = CARTESIAN_POINT ( 'NONE',  ( 0.2885133465487373372, 0.5985779925567662474, 0.7364290290621910984 ) ) ;
#4955 = VECTOR ( 'NONE', #2117, 39.37007874015748143 ) ;
#4956 = EDGE_CURVE ( 'NONE', #2368, #4540, #1002, .T. ) ;
#4957 = EDGE_CURVE ( 'NONE', #6087, #4206, #819, .T. ) ;
#4958 = CARTESIAN_POINT ( 'NONE',  ( 0.2215389376202312466, 0.6182630319268449526, 0.7697447871910348960 ) ) ;
#4959 = COLOUR_RGB ( '',0.7803921568627451011, 0.7607843137254901578, 0.7411764705882353255 ) ;
#4960 = VERTEX_POINT ( 'NONE', #2072 ) ;
#4961 = EDGE_CURVE ( 'NONE', #208, #2489, #4563, .T. ) ;
#4962 = MECHANICAL_DESIGN_GEOMETRIC_PRESENTATION_REPRESENTATION (  '', ( #114 ), #855 ) ;
#4963 = ORIENTED_EDGE ( 'NONE', *, *, #1485, .F. ) ;
#4964 = EDGE_CURVE ( 'NONE', #4919, #2124, #4405, .T. ) ;
#4965 = CIRCLE ( 'NONE', #3079, 0.04724409448818903123 ) ;
#4966 = CIRCLE ( 'NONE', #5526, 0.07480314960629924625 ) ;
#4967 = ADVANCED_FACE ( 'NONE', ( #4322 ), #6577, .T. ) ;
#4968 = CARTESIAN_POINT ( 'NONE',  ( 0.3300504510675431047, 0.6809519746124021999, 0.4744691966398540961 ) ) ;
#4969 = UNCERTAINTY_MEASURE_WITH_UNIT (LENGTH_MEASURE( 1.000000000000000082E-05 ), #2308, 'distance_accuracy_value', 'NONE');
#4970 = ORIENTED_EDGE ( 'NONE', *, *, #6701, .T. ) ;
#4971 =( LENGTH_UNIT ( ) NAMED_UNIT ( * ) SI_UNIT ( $, .METRE. ) );
#4972 =( CONVERSION_BASED_UNIT ( 'INCH', #1270 ) LENGTH_UNIT ( ) NAMED_UNIT ( #3061 ) );
#4973 = CARTESIAN_POINT ( 'NONE',  ( 0.2372869691162943495, -0.03331177122276113983, 0.5925794328603265493 ) ) ;
#4974 = EDGE_CURVE ( 'NONE', #5029, #1105, #43, .T. ) ;
#4975 = ORIENTED_EDGE ( 'NONE', *, *, #1628, .F. ) ;
#4976 =( GEOMETRIC_REPRESENTATION_CONTEXT ( 3 ) GLOBAL_UNCERTAINTY_ASSIGNED_CONTEXT ( ( #521 ) ) GLOBAL_UNIT_ASSIGNED_CONTEXT ( ( #2131, #2609, #2033 ) ) REPRESENTATION_CONTEXT ( 'NONE', 'WORKASPACE' ) );
#4977 = CARTESIAN_POINT ( 'NONE',  ( 0.3475231895887351818, 0.3407039768087347098, 0.5532093541201690279 ) ) ;
#4978 = SURFACE_STYLE_USAGE ( .BOTH. , #1100 ) ;
#4979 = ORIENTED_EDGE ( 'NONE', *, *, #2199, .T. ) ;
#4980 = LINE ( 'NONE', #5442, #7069 ) ;
#4981 = VECTOR ( 'NONE', #2319, 39.37007874015748143 ) ;
#4982 = ORIENTED_EDGE ( 'NONE', *, *, #571, .F. ) ;
#4983 = EDGE_CURVE ( 'NONE', #909, #2263, #4488, .T. ) ;
#4984 = UNCERTAINTY_MEASURE_WITH_UNIT (LENGTH_MEASURE( 1.000000000000000082E-05 ), #4783, 'distance_accuracy_value', 'NONE');
#4985 = CARTESIAN_POINT ( 'NONE',  ( 0.3475231895887351818, 0.3407039768087347098, 0.5925794328603265493 ) ) ;
#4986 = MECHANICAL_DESIGN_GEOMETRIC_PRESENTATION_REPRESENTATION (  '', ( #5504 ), #424 ) ;
#4987 = LENGTH_MEASURE_WITH_UNIT ( LENGTH_MEASURE( 0.02539999999999999897 ), #1406 );
#4988 = ORIENTED_EDGE ( 'NONE', *, *, #1446, .F. ) ;
#4989 = MECHANICAL_DESIGN_GEOMETRIC_PRESENTATION_REPRESENTATION (  '', ( #2258 ), #5122 ) ;
#4990 = COLOUR_RGB ( '',1.000000000000000000, 1.000000000000000000, 1.000000000000000000 ) ;
#4991 = ORIENTED_EDGE ( 'NONE', *, *, #497, .T. ) ;
#4992 = ORIENTED_EDGE ( 'NONE', *, *, #5071, .F. ) ;
#4993 = CARTESIAN_POINT ( 'NONE',  ( 0.3475231895887351818, 0.3407039768087347098, 0.7500597478209566349 ) ) ;
#4994 =( LENGTH_UNIT ( ) NAMED_UNIT ( * ) SI_UNIT ( $, .METRE. ) );
#4995 =( GEOMETRIC_REPRESENTATION_CONTEXT ( 3 ) GLOBAL_UNCERTAINTY_ASSIGNED_CONTEXT ( ( #6536 ) ) GLOBAL_UNIT_ASSIGNED_CONTEXT ( ( #519, #1097, #3251 ) ) REPRESENTATION_CONTEXT ( 'NONE', 'WORKASPACE' ) );
#4996 = VECTOR ( 'NONE', #4417, 39.37007874015748143 ) ;
#4997 =( NAMED_UNIT ( * ) SI_UNIT ( $, .STERADIAN. ) SOLID_ANGLE_UNIT ( ) );
#4998 =( CONVERSION_BASED_UNIT ( 'INCH', #4452 ) LENGTH_UNIT ( ) NAMED_UNIT ( #3300 ) );
#4999 = CARTESIAN_POINT ( 'NONE',  ( 0.2372869691162943495, -0.06480783421488736651, 0.5532093541201690279 ) ) ;
#5000 = LINE ( 'NONE', #4371, #5443 ) ;
#5001 = CYLINDRICAL_SURFACE ( 'NONE', #241, 0.03937007874015747977 ) ;
#5002 = FILL_AREA_STYLE_COLOUR ( '', #5062 ) ;
#5003 = AXIS2_PLACEMENT_3D ( 'NONE', #4069, #3567, #5745 ) ;
#5004 = ORIENTED_EDGE ( 'NONE', *, *, #3996, .T. ) ;
#5005 = ADVANCED_FACE ( 'NONE', ( #639 ), #4815, .F. ) ;
#5006 = MECHANICAL_DESIGN_GEOMETRIC_PRESENTATION_REPRESENTATION (  '', ( #1531 ), #4770 ) ;
#5007 = EDGE_CURVE ( 'NONE', #171, #2574, #6215, .T. ) ;
#5008 = COLOUR_RGB ( '',0.7803921568627451011, 0.7607843137254901578, 0.7411764705882353255 ) ;
#5009 = DIRECTION ( 'NONE',  ( -0.000000000000000000, -0.000000000000000000, 1.000000000000000000 ) ) ;
#5010 = DIRECTION ( 'NONE',  ( 0.000000000000000000, -1.000000000000000000, 0.000000000000000000 ) ) ;
#5011 = EDGE_CURVE ( 'NONE', #2315, #790, #1971, .T. ) ;
#5012 = VECTOR ( 'NONE', #925, 39.37007874015748143 ) ;
#5013 = LENGTH_MEASURE_WITH_UNIT ( LENGTH_MEASURE( 0.02539999999999999897 ), #5287 );
#5014 = STYLED_ITEM ( 'NONE', ( #4195 ), #7052 ) ;
#5015 = DIRECTION ( 'NONE',  ( 0.000000000000000000, -1.000000000000000000, 0.000000000000000000 ) ) ;
#5016 = CARTESIAN_POINT ( 'NONE',  ( 0.2215389376202313021, 0.6950346854701520138, 0.6713195903406415921 ) ) ;
#5017 = PRESENTATION_LAYER_ASSIGNMENT (  '', '', ( #664 ) ) ;
#5018 = SURFACE_STYLE_USAGE ( .BOTH. , #1210 ) ;
#5019 = DIRECTION ( 'NONE',  ( 0.000000000000000000, 0.000000000000000000, 1.000000000000000000 ) ) ;
#5020 = VECTOR ( 'NONE', #7019, 39.37007874015748143 ) ;
#5021 = VECTOR ( 'NONE', #2399, 39.37007874015748143 ) ;
#5022 =( NAMED_UNIT ( * ) SI_UNIT ( $, .STERADIAN. ) SOLID_ANGLE_UNIT ( ) );
#5023 = FILL_AREA_STYLE ('',( #7102 ) ) ;
#5024 = EDGE_CURVE ( 'NONE', #1541, #4906, #2852, .T. ) ;
#5025 = DIRECTION ( 'NONE',  ( -0.000000000000000000, -1.000000000000000000, -0.000000000000000000 ) ) ;
#5026 =( CONVERSION_BASED_UNIT ( 'INCH', #4633 ) LENGTH_UNIT ( ) NAMED_UNIT ( #5169 ) );
#5027 =( GEOMETRIC_REPRESENTATION_CONTEXT ( 3 ) GLOBAL_UNCERTAINTY_ASSIGNED_CONTEXT ( ( #3932 ) ) GLOBAL_UNIT_ASSIGNED_CONTEXT ( ( #5182, #717, #4717 ) ) REPRESENTATION_CONTEXT ( 'NONE', 'WORKASPACE' ) );
#5028 = FACE_OUTER_BOUND ( 'NONE', #3621, .T. ) ;
#5029 = VERTEX_POINT ( 'NONE', #5500 ) ;
#5030 = DIRECTION ( 'NONE',  ( -1.000000000000000000, 0.000000000000000000, 0.000000000000000000 ) ) ;
#5031 = ORIENTED_EDGE ( 'NONE', *, *, #2252, .F. ) ;
#5032 = SURFACE_STYLE_FILL_AREA ( #6017 ) ;
#5033 = ORIENTED_EDGE ( 'NONE', *, *, #2002, .F. ) ;
#5034 = CARTESIAN_POINT ( 'NONE',  ( 0.1034287013997588905, 0.1064520083047976878, 0.5925794328603265493 ) ) ;
#5035 = CIRCLE ( 'NONE', #2919, 0.03937007874015747977 ) ;
#5036 = DIRECTION ( 'NONE',  ( -1.000000000000000000, 0.000000000000000000, 0.000000000000000000 ) ) ;
#5037 =( GEOMETRIC_REPRESENTATION_CONTEXT ( 3 ) GLOBAL_UNCERTAINTY_ASSIGNED_CONTEXT ( ( #7017 ) ) GLOBAL_UNIT_ASSIGNED_CONTEXT ( ( #3330, #1665, #1128 ) ) REPRESENTATION_CONTEXT ( 'NONE', 'WORKASPACE' ) );
#5038 = CYLINDRICAL_SURFACE ( 'NONE', #2437, 0.07480314960629924625 ) ;
#5039 = CARTESIAN_POINT ( 'NONE',  ( 0.1309502551813970517, 0.6753496461000733087, 0.6713195903406415921 ) ) ;
#5040 = ADVANCED_FACE ( 'NONE', ( #810 ), #6206, .T. ) ;
#5041 = CARTESIAN_POINT ( 'NONE',  ( 0.2215389376202313021, 0.3407039768087347098, 0.5728943934902478441 ) ) ;
#5042 = DIRECTION ( 'NONE',  ( -0.000000000000000000, -1.000000000000000000, 0.000000000000000000 ) ) ;
#5043 = VECTOR ( 'NONE', #4657, 39.37007874015748143 ) ;
#5044 = ORIENTED_EDGE ( 'NONE', *, *, #2818, .F. ) ;
#5045 = PRESENTATION_LAYER_ASSIGNMENT (  '', '', ( #700 ) ) ;
#5046 = FILL_AREA_STYLE_COLOUR ( '', #694 ) ;
#5047 = EDGE_CURVE ( 'NONE', #4482, #3052, #3020, .T. ) ;
#5048 = DIMENSIONAL_EXPONENTS ( 1.000000000000000000, 0.000000000000000000, 0.000000000000000000, 0.000000000000000000, 0.000000000000000000, 0.000000000000000000, 0.000000000000000000 ) ;
#5049 = FILL_AREA_STYLE_COLOUR ( '', #6642 ) ;
#5050 = ORIENTED_EDGE ( 'NONE', *, *, #3367, .F. ) ;
#5051 = DIRECTION ( 'NONE',  ( -1.224646799147353454E-16, 1.000000000000000000, 2.465190328815661892E-32 ) ) ;
#5052 = DIRECTION ( 'NONE',  ( -0.000000000000000000, -0.000000000000000000, -1.000000000000000000 ) ) ;
#5053 = VERTEX_POINT ( 'NONE', #64 ) ;
#5055 = LINE ( 'NONE', #3646, #1946 ) ;
#5054 = SURFACE_STYLE_FILL_AREA ( #4270 ) ;
#5056 = EDGE_CURVE ( 'NONE', #3823, #2149, #1175, .T. ) ;
#5057 = AXIS2_PLACEMENT_3D ( 'NONE', #432, #1580, #7117 ) ;
#5058 = AXIS2_PLACEMENT_3D ( 'NONE', #392, #436, #7020 ) ;
#5059 = UNCERTAINTY_MEASURE_WITH_UNIT (LENGTH_MEASURE( 1.000000000000000082E-05 ), #692, 'distance_accuracy_value', 'NONE');
#5060 = CARTESIAN_POINT ( 'NONE',  ( 0.1329562604548772953, 0.1674756303520417988, 0.5532093541201690279 ) ) ;
#5061 = EDGE_LOOP ( 'NONE', ( #3099, #3882, #5348, #7032 ) ) ;
#5062 = COLOUR_RGB ( '',1.000000000000000000, 1.000000000000000000, 1.000000000000000000 ) ;
#5063 = LINE ( 'NONE', #3000, #4469 ) ;
#5064 = DIRECTION ( 'NONE',  ( 0.000000000000000000, -0.000000000000000000, -1.000000000000000000 ) ) ;
#5065 =( NAMED_UNIT ( * ) PLANE_ANGLE_UNIT ( ) SI_UNIT ( $, .RADIAN. ) );
#5066 = DIRECTION ( 'NONE',  ( 0.000000000000000000, -1.000000000000000000, 0.000000000000000000 ) ) ;
#5067 = ORIENTED_EDGE ( 'NONE', *, *, #6683, .T. ) ;
#5068 = EDGE_CURVE ( 'NONE', #801, #3698, #1702, .T. ) ;
#5069 = CARTESIAN_POINT ( 'NONE',  ( 0.1034287013997588905, 0.1359795673599157873, 0.7894298265611140453 ) ) ;
#5070 = FILL_AREA_STYLE ('',( #6726 ) ) ;
#5071 = EDGE_CURVE ( 'NONE', #390, #1341, #3542, .T. ) ;
#5072 = STYLED_ITEM ( 'NONE', ( #6433 ), #2807 ) ;
#5073 = UNCERTAINTY_MEASURE_WITH_UNIT (LENGTH_MEASURE( 1.000000000000000082E-05 ), #570, 'distance_accuracy_value', 'NONE');
#5074 = ORIENTED_EDGE ( 'NONE', *, *, #4005, .T. ) ;
#5075 =( LENGTH_UNIT ( ) NAMED_UNIT ( * ) SI_UNIT ( $, .METRE. ) );
#5076 = ORIENTED_EDGE ( 'NONE', *, *, #5641, .T. ) ;
#5077 = LINE ( 'NONE', #1683, #1794 ) ;
#5078 = DIRECTION ( 'NONE',  ( 0.000000000000000000, 0.000000000000000000, -1.000000000000000000 ) ) ;
#5079 = ORIENTED_EDGE ( 'NONE', *, *, #4271, .F. ) ;
#5080 = VERTEX_POINT ( 'NONE', #4363 ) ;
#5081 = ADVANCED_FACE ( 'NONE', ( #6040 ), #2917, .T. ) ;
#5082 = LINE ( 'NONE', #6221, #4823 ) ;
#5083 = STYLED_ITEM ( 'NONE', ( #1218 ), #3794 ) ;
#5084 = FILL_AREA_STYLE_COLOUR ( '', #1538 ) ;
#5085 = CIRCLE ( 'NONE', #3675, 0.07480314960629924625 ) ;
#5086 = ORIENTED_EDGE ( 'NONE', *, *, #7063, .T. ) ;
#5087 = LENGTH_MEASURE_WITH_UNIT ( LENGTH_MEASURE( 0.02539999999999999897 ), #3238 );
#5089 = ORIENTED_EDGE ( 'NONE', *, *, #5569, .F. ) ;
#5088 =( CONVERSION_BASED_UNIT ( 'INCH', #3174 ) LENGTH_UNIT ( ) NAMED_UNIT ( #4261 ) );
#5090 = DIRECTION ( 'NONE',  ( -1.224646799147353454E-16, 1.000000000000000000, -1.848892746611746419E-32 ) ) ;
#5091 = SURFACE_STYLE_USAGE ( .BOTH. , #2386 ) ;
#5092 = EDGE_CURVE ( 'NONE', #6887, #2221, #914, .T. ) ;
#5093 = FILL_AREA_STYLE ('',( #1167 ) ) ;
#5094 = VECTOR ( 'NONE', #2742, 39.37007874015748143 ) ;
#5095 = DIRECTION ( 'NONE',  ( -0.000000000000000000, -0.000000000000000000, -1.000000000000000000 ) ) ;
#5096 = SURFACE_STYLE_FILL_AREA ( #3195 ) ;
#5097 = ORIENTED_EDGE ( 'NONE', *, *, #4500, .T. ) ;
#5098 = EDGE_CURVE ( 'NONE', #4960, #4888, #396, .T. ) ;
#5099 = DIRECTION ( 'NONE',  ( 1.000000000000000000, -0.000000000000000000, -0.000000000000000000 ) ) ;
#5100 = FILL_AREA_STYLE ('',( #6777 ) ) ;
#5101 =( NAMED_UNIT ( * ) PLANE_ANGLE_UNIT ( ) SI_UNIT ( $, .RADIAN. ) );
#5102 = MECHANICAL_DESIGN_GEOMETRIC_PRESENTATION_REPRESENTATION (  '', ( #6049 ), #3833 ) ;
#5103 = PRESENTATION_LAYER_ASSIGNMENT (  '', '', ( #3359 ) ) ;
#5104 = UNCERTAINTY_MEASURE_WITH_UNIT (LENGTH_MEASURE( 1.000000000000000082E-05 ), #1457, 'distance_accuracy_value', 'NONE');
#5105 = LENGTH_MEASURE_WITH_UNIT ( LENGTH_MEASURE( 0.02539999999999999897 ), #6364 );
#5106 = DIRECTION ( 'NONE',  ( 1.000000000000000000, 0.000000000000000000, 0.000000000000000000 ) ) ;
#5107 = ORIENTED_EDGE ( 'NONE', *, *, #5384, .T. ) ;
#5108 = FACE_OUTER_BOUND ( 'NONE', #2814, .T. ) ;
#5109 = AXIS2_PLACEMENT_3D ( 'NONE', #4283, #1510, #2694 ) ;
#5110 = CARTESIAN_POINT ( 'NONE',  ( 0.2057909061241683379, -0.06480783421488736651, 0.7658077793170195990 ) ) ;
#5111 = CARTESIAN_POINT ( 'NONE',  ( 0.1475151801965484955, 0.6182630319268449526, 0.7805148627665431382 ) ) ;
#5112 = VECTOR ( 'NONE', #5981, 39.37007874015748143 ) ;
#5113 = SURFACE_STYLE_FILL_AREA ( #4759 ) ;
#5114 = EDGE_LOOP ( 'NONE', ( #4275, #184, #2813, #1714 ) ) ;
#5115 =( NAMED_UNIT ( * ) PLANE_ANGLE_UNIT ( ) SI_UNIT ( $, .RADIAN. ) );
#5116 = VECTOR ( 'NONE', #3379, 39.37007874015748143 ) ;
#5117 = EDGE_CURVE ( 'NONE', #3253, #5948, #3808, .T. ) ;
#5118 =( NAMED_UNIT ( * ) SI_UNIT ( $, .STERADIAN. ) SOLID_ANGLE_UNIT ( ) );
#5119 = AXIS2_PLACEMENT_3D ( 'NONE', #5961, #5421, #2109 ) ;
#5120 =( LENGTH_UNIT ( ) NAMED_UNIT ( * ) SI_UNIT ( $, .METRE. ) );
#5121 = DIRECTION ( 'NONE',  ( -0.000000000000000000, -1.000000000000000000, -0.000000000000000000 ) ) ;
#5122 =( GEOMETRIC_REPRESENTATION_CONTEXT ( 3 ) GLOBAL_UNCERTAINTY_ASSIGNED_CONTEXT ( ( #3796 ) ) GLOBAL_UNIT_ASSIGNED_CONTEXT ( ( #1388, #5271, #1956 ) ) REPRESENTATION_CONTEXT ( 'NONE', 'WORKASPACE' ) );
#5123 = FILL_AREA_STYLE_COLOUR ( '', #1754 ) ;
#5124 = FACE_OUTER_BOUND ( 'NONE', #2314, .T. ) ;
#5125 = VERTEX_POINT ( 'NONE', #6601 ) ;
#5126 = FILL_AREA_STYLE ('',( #722 ) ) ;
#5127 = PRESENTATION_LAYER_ASSIGNMENT (  '', '', ( #6899 ) ) ;
#5129 = VECTOR ( 'NONE', #5036, 39.37007874015748143 ) ;
#5128 = SURFACE_STYLE_FILL_AREA ( #6013 ) ;
#5130 = DIRECTION ( 'NONE',  ( 0.000000000000000000, 0.000000000000000000, 1.000000000000000000 ) ) ;
#5131 = CARTESIAN_POINT ( 'NONE',  ( 0.06209011872259351944, 0.1359795673599158150, 0.7894298265611140453 ) ) ;
#5132 = ORIENTED_EDGE ( 'NONE', *, *, #1718, .T. ) ;
#5133 = ORIENTED_EDGE ( 'NONE', *, *, #6083, .F. ) ;
#5134 = DIRECTION ( 'NONE',  ( 1.000000000000000000, 0.000000000000000000, 0.000000000000000000 ) ) ;
#5135 = LINE ( 'NONE', #5695, #1670 ) ;
#5136 = CIRCLE ( 'NONE', #7218, 0.03937007874015747977 ) ;
#5137 = DIRECTION ( 'NONE',  ( -0.000000000000000000, 1.000000000000000000, -0.000000000000000000 ) ) ;
#5138 = DIRECTION ( 'NONE',  ( -0.000000000000000000, -0.000000000000000000, -1.000000000000000000 ) ) ;
#5139 = MECHANICAL_DESIGN_GEOMETRIC_PRESENTATION_REPRESENTATION (  '', ( #4534 ), #2272 ) ;
#5140 = STYLED_ITEM ( 'NONE', ( #1696 ), #5484 ) ;
#5141 = ORIENTED_EDGE ( 'NONE', *, *, #3864, .T. ) ;
#5142 = DIRECTION ( 'NONE',  ( -0.000000000000000000, -0.000000000000000000, -1.000000000000000000 ) ) ;
#5143 =( NAMED_UNIT ( * ) SI_UNIT ( $, .STERADIAN. ) SOLID_ANGLE_UNIT ( ) );
#5144 = DIRECTION ( 'NONE',  ( -1.000000000000000000, 0.000000000000000000, 0.000000000000000000 ) ) ;
#5145 = EDGE_CURVE ( 'NONE', #7105, #7179, #997, .T. ) ;
#5146 = FACE_OUTER_BOUND ( 'NONE', #3576, .T. ) ;
#5147 =( LENGTH_UNIT ( ) NAMED_UNIT ( * ) SI_UNIT ( $, .METRE. ) );
#5148 = FACE_OUTER_BOUND ( 'NONE', #5557, .T. ) ;
#5150 = FACE_OUTER_BOUND ( 'NONE', #3574, .T. ) ;
#5149 = COLOUR_RGB ( '',1.000000000000000000, 1.000000000000000000, 1.000000000000000000 ) ;
#5151 =( LENGTH_UNIT ( ) NAMED_UNIT ( * ) SI_UNIT ( $, .METRE. ) );
#5152 = PRESENTATION_STYLE_ASSIGNMENT (( #2968 ) ) ;
#5153 = ORIENTED_EDGE ( 'NONE', *, *, #42, .T. ) ;
#5154 = FILL_AREA_STYLE ('',( #3661 ) ) ;
#5155 =( GEOMETRIC_REPRESENTATION_CONTEXT ( 3 ) GLOBAL_UNCERTAINTY_ASSIGNED_CONTEXT ( ( #3476 ) ) GLOBAL_UNIT_ASSIGNED_CONTEXT ( ( #2837, #7140, #6084 ) ) REPRESENTATION_CONTEXT ( 'NONE', 'WORKASPACE' ) );
#5156 = COLOUR_RGB ( '',0.7803921568627451011, 0.7607843137254901578, 0.7411764705882353255 ) ;
#5157 =( NAMED_UNIT ( * ) PLANE_ANGLE_UNIT ( ) SI_UNIT ( $, .RADIAN. ) );
#5158 = ORIENTED_EDGE ( 'NONE', *, *, #5047, .T. ) ;
#5159 = PRESENTATION_LAYER_ASSIGNMENT (  '', '', ( #1022 ) ) ;
#5160 = PLANE ( 'NONE',  #6254 ) ;
#5161 = UNCERTAINTY_MEASURE_WITH_UNIT (LENGTH_MEASURE( 1.000000000000000082E-05 ), #6112, 'distance_accuracy_value', 'NONE');
#5162 = FILL_AREA_STYLE ('',( #5611 ) ) ;
#5163 = VECTOR ( 'NONE', #2245, 39.37007874015748854 ) ;
#5164 = PLANE ( 'NONE',  #4238 ) ;
#5165 = ORIENTED_EDGE ( 'NONE', *, *, #5807, .T. ) ;
#5166 = ORIENTED_EDGE ( 'NONE', *, *, #2213, .F. ) ;
#5167 = CARTESIAN_POINT ( 'NONE',  ( 0.06209011872259351944, 0.1359795673599158150, 0.5925794328603265493 ) ) ;
#5168 = EDGE_CURVE ( 'NONE', #3894, #4482, #4317, .T. ) ;
#5169 = DIMENSIONAL_EXPONENTS ( 1.000000000000000000, 0.000000000000000000, 0.000000000000000000, 0.000000000000000000, 0.000000000000000000, 0.000000000000000000, 0.000000000000000000 ) ;
#5170 = LENGTH_MEASURE_WITH_UNIT ( LENGTH_MEASURE( 0.02539999999999999897 ), #4288 );
#5171 = STYLED_ITEM ( 'NONE', ( #1661 ), #2620 ) ;
#5172 = FACE_BOUND ( 'NONE', #608, .T. ) ;
#5173 = VERTEX_POINT ( 'NONE', #5741 ) ;
#5174 = ORIENTED_EDGE ( 'NONE', *, *, #763, .T. ) ;
#5175 =( CONVERSION_BASED_UNIT ( 'INCH', #3940 ) LENGTH_UNIT ( ) NAMED_UNIT ( #2629 ) );
#5176 =( NAMED_UNIT ( * ) SI_UNIT ( $, .STERADIAN. ) SOLID_ANGLE_UNIT ( ) );
#5177 = DIRECTION ( 'NONE',  ( 0.000000000000000000, 1.000000000000000000, 1.445602896647339163E-16 ) ) ;
#5178 = LENGTH_MEASURE_WITH_UNIT ( LENGTH_MEASURE( 0.02539999999999999897 ), #3847 );
#5179 = DIRECTION ( 'NONE',  ( -1.224646799147353454E-16, 1.000000000000000000, -1.848892746611746419E-32 ) ) ;
#5180 = PRESENTATION_LAYER_ASSIGNMENT (  '', '', ( #4443 ) ) ;
#5181 = FILL_AREA_STYLE_COLOUR ( '', #6770 ) ;
#5182 =( CONVERSION_BASED_UNIT ( 'INCH', #670 ) LENGTH_UNIT ( ) NAMED_UNIT ( #6802 ) );
#5183 = EDGE_LOOP ( 'NONE', ( #2992, #2826, #1182, #4863, #7035, #6653, #4253, #4638 ) ) ;
#5184 = COLOUR_RGB ( '',1.000000000000000000, 1.000000000000000000, 1.000000000000000000 ) ;
#5185 = CARTESIAN_POINT ( 'NONE',  ( 0.1034287013997588905, 0.1359795673599158150, 0.7894298265611140453 ) ) ;
#5186 = DIRECTION ( 'NONE',  ( 1.000000000000000000, 0.000000000000000000, 0.000000000000000000 ) ) ;
#5187 = AXIS2_PLACEMENT_3D ( 'NONE', #2622, #6496, #974 ) ;
#5188 = EDGE_CURVE ( 'NONE', #1789, #2209, #5082, .T. ) ;
#5189 = SURFACE_SIDE_STYLE ('',( #653 ) ) ;
#5190 = VECTOR ( 'NONE', #3474, 39.37007874015748143 ) ;
#5191 = EDGE_CURVE ( 'NONE', #4947, #1968, #5790, .T. ) ;
#5192 = PRESENTATION_LAYER_ASSIGNMENT (  '', '', ( #2975 ) ) ;
#5193 = DIRECTION ( 'NONE',  ( -1.000000000000000000, 0.000000000000000000, 0.000000000000000000 ) ) ;
#5194 = FILL_AREA_STYLE ('',( #6390 ) ) ;
#5195 = FILL_AREA_STYLE ('',( #5735 ) ) ;
#5196 = PRESENTATION_STYLE_ASSIGNMENT (( #924 ) ) ;
#5197 = PRESENTATION_STYLE_ASSIGNMENT (( #865 ) ) ;
#5198 = EDGE_CURVE ( 'NONE', #2307, #2140, #6906, .T. ) ;
#5199 = STYLED_ITEM ( 'NONE', ( #539 ), #6159 ) ;
#5200 = SURFACE_STYLE_USAGE ( .BOTH. , #5831 ) ;
#5201 = DIMENSIONAL_EXPONENTS ( 1.000000000000000000, 0.000000000000000000, 0.000000000000000000, 0.000000000000000000, 0.000000000000000000, 0.000000000000000000, 0.000000000000000000 ) ;
#5202 = SURFACE_SIDE_STYLE ('',( #4081 ) ) ;
#5203 = CARTESIAN_POINT ( 'NONE',  ( 0.06209011872259351944, 0.1359795673599158150, 0.5532093541201690279 ) ) ;
#5204 = VERTEX_POINT ( 'NONE', #4118 ) ;
#5205 = EDGE_CURVE ( 'NONE', #2438, #2935, #3624, .T. ) ;
#5206 = UNCERTAINTY_MEASURE_WITH_UNIT (LENGTH_MEASURE( 1.000000000000000082E-05 ), #4998, 'distance_accuracy_value', 'NONE');
#5207 = ORIENTED_EDGE ( 'NONE', *, *, #417, .F. ) ;
#5208 =( NAMED_UNIT ( * ) PLANE_ANGLE_UNIT ( ) SI_UNIT ( $, .RADIAN. ) );
#5209 =( NAMED_UNIT ( * ) SI_UNIT ( $, .STERADIAN. ) SOLID_ANGLE_UNIT ( ) );
#5210 = EDGE_LOOP ( 'NONE', ( #4725, #4615, #6075, #7192 ) ) ;
#5211 = FACE_OUTER_BOUND ( 'NONE', #3954, .T. ) ;
#5212 = FACE_OUTER_BOUND ( 'NONE', #6188, .T. ) ;
#5213 = FILL_AREA_STYLE_COLOUR ( '', #4704 ) ;
#5214 = CARTESIAN_POINT ( 'NONE',  ( 0.1546098037619636212, 0.1064520083047976878, 0.7500597478209566349 ) ) ;
#5215 = DIRECTION ( 'NONE',  ( 0.000000000000000000, -0.000000000000000000, 1.000000000000000000 ) ) ;
#5216 = VECTOR ( 'NONE', #2284, 39.37007874015748143 ) ;
#5217 = EDGE_CURVE ( 'NONE', #1275, #2942, #5866, .T. ) ;
#5218 = VECTOR ( 'NONE', #6908, 39.37007874015748143 ) ;
#5219 =( GEOMETRIC_REPRESENTATION_CONTEXT ( 3 ) GLOBAL_UNCERTAINTY_ASSIGNED_CONTEXT ( ( #1642 ) ) GLOBAL_UNIT_ASSIGNED_CONTEXT ( ( #3703, #3671, #1420 ) ) REPRESENTATION_CONTEXT ( 'NONE', 'WORKASPACE' ) );
#5220 = ORIENTED_EDGE ( 'NONE', *, *, #631, .T. ) ;
#5221 = FILL_AREA_STYLE ('',( #5855 ) ) ;
#5222 = COLOUR_RGB ( '',1.000000000000000000, 1.000000000000000000, 1.000000000000000000 ) ;
#5223 = SURFACE_SIDE_STYLE ('',( #1715 ) ) ;
#5224 = CIRCLE ( 'NONE', #4709, 0.03937007874015748671 ) ;
#5225 = SURFACE_STYLE_FILL_AREA ( #4655 ) ;
#5226 = DIRECTION ( 'NONE',  ( 1.000000000000000000, 0.000000000000000000, -0.000000000000000000 ) ) ;
#5227 = VECTOR ( 'NONE', #5186, 39.37007874015748143 ) ;
#5228 = CARTESIAN_POINT ( 'NONE',  ( 0.2215389376202313021, 0.5533024020055851144, 0.8169888816792241215 ) ) ;
#5229 = ORIENTED_EDGE ( 'NONE', *, *, #6951, .T. ) ;
#5230 = AXIS2_PLACEMENT_3D ( 'NONE', #2510, #830, #6431 ) ;
#5231 = VECTOR ( 'NONE', #4072, 39.37007874015748143 ) ;
#5232 = FILL_AREA_STYLE_COLOUR ( '', #920 ) ;
#5233 = ORIENTED_EDGE ( 'NONE', *, *, #2656, .T. ) ;
#5234 = DIRECTION ( 'NONE',  ( 1.000000000000000000, 0.000000000000000000, 0.000000000000000000 ) ) ;
#5235 =( NAMED_UNIT ( * ) PLANE_ANGLE_UNIT ( ) SI_UNIT ( $, .RADIAN. ) );
#5236 = CARTESIAN_POINT ( 'NONE',  ( 0.2057909061241683657, -0.03331177122276113983, 0.5925794328603265493 ) ) ;
#5237 = DIMENSIONAL_EXPONENTS ( 1.000000000000000000, 0.000000000000000000, 0.000000000000000000, 0.000000000000000000, 0.000000000000000000, 0.000000000000000000, 0.000000000000000000 ) ;
#5238 = ORIENTED_EDGE ( 'NONE', *, *, #2233, .F. ) ;
#5239 = LINE ( 'NONE', #2726, #4300 ) ;
#5240 = MECHANICAL_DESIGN_GEOMETRIC_PRESENTATION_REPRESENTATION (  '', ( #3873 ), #248 ) ;
#5241 = UNCERTAINTY_MEASURE_WITH_UNIT (LENGTH_MEASURE( 1.000000000000000082E-05 ), #367, 'distance_accuracy_value', 'NONE');
#5242 = PRESENTATION_LAYER_ASSIGNMENT (  '', '', ( #1282 ) ) ;
#5243 = VERTEX_POINT ( 'NONE', #1349 ) ;
#5244 = SURFACE_SIDE_STYLE ('',( #3339 ) ) ;
#5245 = CARTESIAN_POINT ( 'NONE',  ( 0.4006727958879479079, 0.4430661815331417563, 0.4744691966398540961 ) ) ;
#5246 = VECTOR ( 'NONE', #4306, 39.37007874015748143 ) ;
#5247 = EDGE_LOOP ( 'NONE', ( #635, #6915, #3530, #908, #1296, #5771 ) ) ;
#5248 = FILL_AREA_STYLE ('',( #1891 ) ) ;
#5249 = DIRECTION ( 'NONE',  ( 0.000000000000000000, 0.000000000000000000, -1.000000000000000000 ) ) ;
#5250 = CARTESIAN_POINT ( 'NONE',  ( 0.06209011872259351944, 0.3407039768087347098, 0.7500597478209566349 ) ) ;
#5251 =( LENGTH_UNIT ( ) NAMED_UNIT ( * ) SI_UNIT ( $, .METRE. ) );
#5252 = AXIS2_PLACEMENT_3D ( 'NONE', #4820, #5405, #2118 ) ;
#5253 = FACE_BOUND ( 'NONE', #24, .T. ) ;
#5254 = ORIENTED_EDGE ( 'NONE', *, *, #5205, .T. ) ;
#5255 = ORIENTED_EDGE ( 'NONE', *, *, #6912, .T. ) ;
#5256 = AXIS2_PLACEMENT_3D ( 'NONE', #6026, #6056, #2780 ) ;
#5257 = LENGTH_MEASURE_WITH_UNIT ( LENGTH_MEASURE( 0.02539999999999999897 ), #4916 );
#5258 =( LENGTH_UNIT ( ) NAMED_UNIT ( * ) SI_UNIT ( $, .METRE. ) );
#5259 = FILL_AREA_STYLE ('',( #6907 ) ) ;
#5260 = LINE ( 'NONE', #3696, #2494 ) ;
#5261 =( LENGTH_UNIT ( ) NAMED_UNIT ( * ) SI_UNIT ( $, .METRE. ) );
#5262 = FACE_OUTER_BOUND ( 'NONE', #6108, .T. ) ;
#5263 = ORIENTED_EDGE ( 'NONE', *, *, #3893, .F. ) ;
#5264 =( LENGTH_UNIT ( ) NAMED_UNIT ( * ) SI_UNIT ( $, .METRE. ) );
#5265 = FILL_AREA_STYLE ('',( #7010 ) ) ;
#5266 = EDGE_CURVE ( 'NONE', #1568, #5928, #115, .T. ) ;
#5267 =( GEOMETRIC_REPRESENTATION_CONTEXT ( 3 ) GLOBAL_UNCERTAINTY_ASSIGNED_CONTEXT ( ( #2642 ) ) GLOBAL_UNIT_ASSIGNED_CONTEXT ( ( #468, #4360, #419 ) ) REPRESENTATION_CONTEXT ( 'NONE', 'WORKASPACE' ) );
#5268 = PRESENTATION_LAYER_ASSIGNMENT (  '', '', ( #434 ) ) ;
#5269 = ORIENTED_EDGE ( 'NONE', *, *, #575, .F. ) ;
#5270 =( NAMED_UNIT ( * ) SI_UNIT ( $, .STERADIAN. ) SOLID_ANGLE_UNIT ( ) );
#5271 =( NAMED_UNIT ( * ) PLANE_ANGLE_UNIT ( ) SI_UNIT ( $, .RADIAN. ) );
#5272 = SURFACE_STYLE_USAGE ( .BOTH. , #5826 ) ;
#5273 = VECTOR ( 'NONE', #1501, 39.37007874015748143 ) ;
#5274 = LENGTH_MEASURE_WITH_UNIT ( LENGTH_MEASURE( 0.02539999999999999897 ), #1972 );
#5275 = SURFACE_STYLE_USAGE ( .BOTH. , #3077 ) ;
#5276 = EDGE_LOOP ( 'NONE', ( #2028, #3419, #538, #1478, #12, #4718, #2062 ) ) ;
#5277 = SURFACE_SIDE_STYLE ('',( #753 ) ) ;
#5278 = DIRECTION ( 'NONE',  ( -1.000000000000000000, 0.000000000000000000, 0.000000000000000000 ) ) ;
#5279 = AXIS2_PLACEMENT_3D ( 'NONE', #3431, #5681, #3949 ) ;
#5280 = SURFACE_SIDE_STYLE ('',( #2432 ) ) ;
#5281 = CARTESIAN_POINT ( 'NONE',  ( 0.4105153155729872605, 0.09267248074574256644, 0.4744691966398540961 ) ) ;
#5282 =( LENGTH_UNIT ( ) NAMED_UNIT ( * ) SI_UNIT ( $, .METRE. ) );
#5283 = AXIS2_PLACEMENT_3D ( 'NONE', #7056, #1549, #976 ) ;
#5284 =( CONVERSION_BASED_UNIT ( 'INCH', #4619 ) LENGTH_UNIT ( ) NAMED_UNIT ( #3106 ) );
#5285 = MECHANICAL_DESIGN_GEOMETRIC_PRESENTATION_REPRESENTATION (  '', ( #1147 ), #405 ) ;
#5286 = UNCERTAINTY_MEASURE_WITH_UNIT (LENGTH_MEASURE( 1.000000000000000082E-05 ), #6815, 'distance_accuracy_value', 'NONE');
#5287 =( LENGTH_UNIT ( ) NAMED_UNIT ( * ) SI_UNIT ( $, .METRE. ) );
#5288 = EDGE_LOOP ( 'NONE', ( #4624, #1738, #2575, #3957 ) ) ;
#5289 =( NAMED_UNIT ( * ) PLANE_ANGLE_UNIT ( ) SI_UNIT ( $, .RADIAN. ) );
#5290 =( LENGTH_UNIT ( ) NAMED_UNIT ( * ) SI_UNIT ( $, .METRE. ) );
#5291 = PRESENTATION_STYLE_ASSIGNMENT (( #2692 ) ) ;
#5292 = DIRECTION ( 'NONE',  ( 0.000000000000000000, -0.000000000000000000, -1.000000000000000000 ) ) ;
#5293 = AXIS2_PLACEMENT_3D ( 'NONE', #1116, #3319, #4948 ) ;
#5294 = UNCERTAINTY_MEASURE_WITH_UNIT (LENGTH_MEASURE( 1.000000000000000082E-05 ), #6665, 'distance_accuracy_value', 'NONE');
#5295 =( GEOMETRIC_REPRESENTATION_CONTEXT ( 3 ) GLOBAL_UNCERTAINTY_ASSIGNED_CONTEXT ( ( #5104 ) ) GLOBAL_UNIT_ASSIGNED_CONTEXT ( ( #1457, #416, #1512 ) ) REPRESENTATION_CONTEXT ( 'NONE', 'WORKASPACE' ) );
#5296 = ORIENTED_EDGE ( 'NONE', *, *, #7116, .F. ) ;
#5297 = CARTESIAN_POINT ( 'NONE',  ( 0.3475231895887351818, 0.3092079138166087260, 0.7500597478209566349 ) ) ;
#5298 = FILL_AREA_STYLE ('',( #3642 ) ) ;
#5299 = CARTESIAN_POINT ( 'NONE',  ( 0.2215389376202313021, 0.2973968901945615029, 0.7697447871910352291 ) ) ;
#5300 = DIRECTION ( 'NONE',  ( 0.000000000000000000, 0.000000000000000000, 1.000000000000000000 ) ) ;
#5301 = SURFACE_STYLE_FILL_AREA ( #5298 ) ;
#5302 = CYLINDRICAL_SURFACE ( 'NONE', #5309, 0.03937007874015747977 ) ;
#5303 = CARTESIAN_POINT ( 'NONE',  ( 0.09358618171471953795, 0.2068457090921995423, 0.5532093541201690279 ) ) ;
#5304 = DIMENSIONAL_EXPONENTS ( 1.000000000000000000, 0.000000000000000000, 0.000000000000000000, 0.000000000000000000, 0.000000000000000000, 0.000000000000000000, 0.000000000000000000 ) ;
#5305 =( NAMED_UNIT ( * ) SI_UNIT ( $, .STERADIAN. ) SOLID_ANGLE_UNIT ( ) );
#5306 = EDGE_CURVE ( 'NONE', #1792, #5173, #1618, .T. ) ;
#5307 = DIRECTION ( 'NONE',  ( -0.000000000000000000, -0.000000000000000000, 1.000000000000000000 ) ) ;
#5308 = PRESENTATION_STYLE_ASSIGNMENT (( #4831 ) ) ;
#5309 = AXIS2_PLACEMENT_3D ( 'NONE', #5713, #2982, #4566 ) ;
#5310 = VECTOR ( 'NONE', #1729, 39.37007874015748143 ) ;
#5311 = DIRECTION ( 'NONE',  ( -1.224646799147353454E-16, 1.000000000000000000, -1.848892746611746419E-32 ) ) ;
#5312 = PRESENTATION_STYLE_ASSIGNMENT (( #1183 ) ) ;
#5313 =( NAMED_UNIT ( * ) SI_UNIT ( $, .STERADIAN. ) SOLID_ANGLE_UNIT ( ) );
#5314 = LENGTH_MEASURE_WITH_UNIT ( LENGTH_MEASURE( 0.02539999999999999897 ), #121 );
#5315 = ADVANCED_FACE ( 'NONE', ( #505 ), #6880, .F. ) ;
#5316 = VERTEX_POINT ( 'NONE', #140 ) ;
#5317 = CLOSED_SHELL ( 'NONE', ( #960, #5351, #350, #4799, #1662, #4295, #4331, #46, #6128, #2329, #1554, #7052, #5403, #1476, #3289, #899, #72, #5892, #2114, #1737, #6660, #1632, #3247, #5999, #4400, #7198, #5601, #7189, #3902, #1184, #2620, #6684, #2218, #5484, #1550, #2105, #2285, #5315, #490, #3176, #1777, #6504, #6201, #6066, #4180, #4471, #4936, #1597, #4499, #3794, #2123, #6720, #6031, #4428, #3384, #1038, #6651, #5555, #6096, #4002, #2747, #515, #3204, #5081, #2145, #4897, #1217, #3868, #3190, #7092, #383, #1001, #614, #6476, #5366, #4437, #5966, #3832, #6759, #1084, #4, #316 ) ) ;
#5318 = SURFACE_STYLE_USAGE ( .BOTH. , #3126 ) ;
#5319 = COLOUR_RGB ( '',1.000000000000000000, 1.000000000000000000, 1.000000000000000000 ) ;
#5320 = FILL_AREA_STYLE_COLOUR ( '', #1495 ) ;
#5321 = COLOUR_RGB ( '',0.6470588235294117974, 0.6196078431372549211, 0.5882352941176470784 ) ;
#5322 = AXIS2_PLACEMENT_3D ( 'NONE', #4267, #4323, #932 ) ;
#5323 = VERTEX_POINT ( 'NONE', #4055 ) ;
#5324 = DIRECTION ( 'NONE',  ( -1.224646799147353454E-16, 1.000000000000000000, 2.465190328815661892E-32 ) ) ;
#5325 = DIRECTION ( 'NONE',  ( 0.000000000000000000, 0.000000000000000000, 1.000000000000000000 ) ) ;
#5326 = CIRCLE ( 'NONE', #5479, 0.03937007874015747977 ) ;
#5327 = FILL_AREA_STYLE ('',( #6401 ) ) ;
#5328 = CARTESIAN_POINT ( 'NONE',  ( 0.2057909061241683379, 0.09660948861975832136, 0.5925794328603265493 ) ) ;
#5329 = VECTOR ( 'NONE', #173, 39.37007874015748143 ) ;
#5330 = VECTOR ( 'NONE', #6744, 39.37007874015748143 ) ;
#5331 = PRESENTATION_LAYER_ASSIGNMENT (  '', '', ( #1949 ) ) ;
#5332 = SURFACE_SIDE_STYLE ('',( #4830 ) ) ;
#5333 = VECTOR ( 'NONE', #6424, 39.37007874015748143 ) ;
#5334 = EDGE_CURVE ( 'NONE', #6463, #4318, #6856, .T. ) ;
#5335 = FACE_OUTER_BOUND ( 'NONE', #3103, .T. ) ;
#5336 = VERTEX_POINT ( 'NONE', #662 ) ;
#5337 = DIRECTION ( 'NONE',  ( -0.000000000000000000, 1.000000000000000000, -0.000000000000000000 ) ) ;
#5338 = STYLED_ITEM ( 'NONE', ( #102 ), #6050 ) ;
#5339 = FILL_AREA_STYLE ('',( #1362 ) ) ;
#5340 = EDGE_CURVE ( 'NONE', #7179, #475, #4762, .T. ) ;
#5341 = ORIENTED_EDGE ( 'NONE', *, *, #951, .T. ) ;
#5342 = EDGE_LOOP ( 'NONE', ( #5376, #2190, #6702, #6459 ) ) ;
#5343 = FILL_AREA_STYLE ('',( #5320 ) ) ;
#5344 = FILL_AREA_STYLE ('',( #3153 ) ) ;
#5345 = ORIENTED_EDGE ( 'NONE', *, *, #1194, .T. ) ;
#5346 = ORIENTED_EDGE ( 'NONE', *, *, #1149, .F. ) ;
#5347 = EDGE_CURVE ( 'NONE', #6769, #2849, #3471, .T. ) ;
#5348 = ORIENTED_EDGE ( 'NONE', *, *, #5626, .F. ) ;
#5349 = DIRECTION ( 'NONE',  ( -0.000000000000000000, -0.000000000000000000, 1.000000000000000000 ) ) ;
#5350 = DIRECTION ( 'NONE',  ( 0.000000000000000000, 0.000000000000000000, -1.000000000000000000 ) ) ;
#5351 = ADVANCED_FACE ( 'NONE', ( #6502 ), #145, .F. ) ;
#5352 = PRESENTATION_LAYER_ASSIGNMENT (  '', '', ( #4597 ) ) ;
#5353 =( LENGTH_UNIT ( ) NAMED_UNIT ( * ) SI_UNIT ( $, .METRE. ) );
#5354 = VECTOR ( 'NONE', #378, 39.37007874015748143 ) ;
#5355 = ORIENTED_EDGE ( 'NONE', *, *, #4648, .F. ) ;
#5356 = PLANE ( 'NONE',  #3277 ) ;
#5357 = CARTESIAN_POINT ( 'NONE',  ( 0.1546098037619636212, 0.1359795673599157873, 0.5925794328603265493 ) ) ;
#5358 =( GEOMETRIC_REPRESENTATION_CONTEXT ( 3 ) GLOBAL_UNCERTAINTY_ASSIGNED_CONTEXT ( ( #4984 ) ) GLOBAL_UNIT_ASSIGNED_CONTEXT ( ( #4783, #3741, #3666 ) ) REPRESENTATION_CONTEXT ( 'NONE', 'WORKASPACE' ) );
#5359 = FACE_OUTER_BOUND ( 'NONE', #5644, .T. ) ;
#5360 =( NAMED_UNIT ( * ) SI_UNIT ( $, .STERADIAN. ) SOLID_ANGLE_UNIT ( ) );
#5361 = DIRECTION ( 'NONE',  ( -1.000000000000000000, 0.000000000000000000, 0.000000000000000000 ) ) ;
#5362 = SURFACE_STYLE_USAGE ( .BOTH. , #6945 ) ;
#5363 =( CONVERSION_BASED_UNIT ( 'INCH', #499 ) LENGTH_UNIT ( ) NAMED_UNIT ( #3938 ) );
#5364 = SURFACE_STYLE_USAGE ( .BOTH. , #394 ) ;
#5365 =( LENGTH_UNIT ( ) NAMED_UNIT ( * ) SI_UNIT ( $, .METRE. ) );
#5366 = ADVANCED_FACE ( 'NONE', ( #1646 ), #5834, .T. ) ;
#5367 =( NAMED_UNIT ( * ) SI_UNIT ( $, .STERADIAN. ) SOLID_ANGLE_UNIT ( ) );
#5368 = PRESENTATION_STYLE_ASSIGNMENT (( #4850 ) ) ;
#5369 = CARTESIAN_POINT ( 'NONE',  ( 0.4183893313210187981, 0.1379480712969235467, 0.8681699840414289771 ) ) ;
#5370 = AXIS2_PLACEMENT_3D ( 'NONE', #1132, #6692, #2256 ) ;
#5371 = CARTESIAN_POINT ( 'NONE',  ( 0.06209011872259351944, 0.1359795673599158150, 0.7500597478209566349 ) ) ;
#5372 = AXIS2_PLACEMENT_3D ( 'NONE', #3108, #5349, #5810 ) ;
#5373 = ORIENTED_EDGE ( 'NONE', *, *, #4648, .T. ) ;
#5374 = EDGE_CURVE ( 'NONE', #5730, #4775, #5616, .T. ) ;
#5375 = CARTESIAN_POINT ( 'NONE',  ( 0.4183893313210187981, 0.4135386224780265851, 0.8681699840414289771 ) ) ;
#5376 = ORIENTED_EDGE ( 'NONE', *, *, #406, .T. ) ;
#5377 = DIMENSIONAL_EXPONENTS ( 1.000000000000000000, 0.000000000000000000, 0.000000000000000000, 0.000000000000000000, 0.000000000000000000, 0.000000000000000000, 0.000000000000000000 ) ;
#5378 = SURFACE_STYLE_FILL_AREA ( #2989 ) ;
#5379 = UNCERTAINTY_MEASURE_WITH_UNIT (LENGTH_MEASURE( 1.000000000000000082E-05 ), #863, 'distance_accuracy_value', 'NONE');
#5380 = CARTESIAN_POINT ( 'NONE',  ( 0.4183893313210187981, 0.6950346854701520138, 0.8681699840414289771 ) ) ;
#5381 = SURFACE_STYLE_USAGE ( .BOTH. , #4898 ) ;
#5382 = UNCERTAINTY_MEASURE_WITH_UNIT (LENGTH_MEASURE( 1.000000000000000082E-05 ), #1609, 'distance_accuracy_value', 'NONE');
#5383 = ORIENTED_EDGE ( 'NONE', *, *, #4434, .F. ) ;
#5384 = EDGE_CURVE ( 'NONE', #4570, #1085, #7172, .T. ) ;
#5385 =( LENGTH_UNIT ( ) NAMED_UNIT ( * ) SI_UNIT ( $, .METRE. ) );
#5386 = PLANE ( 'NONE',  #5593 ) ;
#5387 = PRESENTATION_LAYER_ASSIGNMENT (  '', '', ( #4381 ) ) ;
#5388 = LINE ( 'NONE', #6238, #4015 ) ;
#5389 = AXIS2_PLACEMENT_3D ( 'NONE', #332, #4714, #3038 ) ;
#5390 = DIRECTION ( 'NONE',  ( -0.000000000000000000, -0.000000000000000000, 1.000000000000000000 ) ) ;
#5391 = LINE ( 'NONE', #1292, #3329 ) ;
#5392 = CARTESIAN_POINT ( 'NONE',  ( 0.2215389376202312466, 0.6182630319268449526, 0.7697447871910348960 ) ) ;
#5393 = EDGE_LOOP ( 'NONE', ( #1666, #2981, #4182, #3403 ) ) ;
#5394 = EDGE_LOOP ( 'NONE', ( #403, #3262, #2111, #2457 ) ) ;
#5395 =( NAMED_UNIT ( * ) PLANE_ANGLE_UNIT ( ) SI_UNIT ( $, .RADIAN. ) );
#5396 = UNCERTAINTY_MEASURE_WITH_UNIT (LENGTH_MEASURE( 1.000000000000000082E-05 ), #5175, 'distance_accuracy_value', 'NONE');
#5397 = SURFACE_STYLE_FILL_AREA ( #3670 ) ;
#5398 = LENGTH_MEASURE_WITH_UNIT ( LENGTH_MEASURE( 0.02539999999999999897 ), #3943 );
#5399 = EDGE_CURVE ( 'NONE', #5606, #5415, #3656, .T. ) ;
#5401 = VECTOR ( 'NONE', #5193, 39.37007874015748143 ) ;
#5400 = SURFACE_STYLE_FILL_AREA ( #4940 ) ;
#5402 = FILL_AREA_STYLE_COLOUR ( '', #6161 ) ;
#5403 = ADVANCED_FACE ( 'NONE', ( #3021 ), #3898, .F. ) ;
#5404 = AXIS2_PLACEMENT_3D ( 'NONE', #1850, #1821, #702 ) ;
#5405 = DIRECTION ( 'NONE',  ( 0.2984224196291437869, 3.654620609926393066E-17, 0.9544338947578754340 ) ) ;
#5406 = EDGE_LOOP ( 'NONE', ( #588, #6400, #6046, #6658 ) ) ;
#5407 = DIRECTION ( 'NONE',  ( 1.000000000000000000, 0.000000000000000000, 0.000000000000000000 ) ) ;
#5408 = COLOUR_RGB ( '',0.7921568627450980005, 0.8196078431372548767, 0.9333333333333333481 ) ;
#5409 = VECTOR ( 'NONE', #5732, 39.37007874015748143 ) ;
#5410 = ORIENTED_EDGE ( 'NONE', *, *, #2074, .F. ) ;
#5411 = LINE ( 'NONE', #4683, #1155 ) ;
#5412 = SURFACE_STYLE_USAGE ( .BOTH. , #1553 ) ;
#5413 = ADVANCED_FACE ( 'NONE', ( #1974 ), #1890, .F. ) ;
#5414 =( CONVERSION_BASED_UNIT ( 'INCH', #3225 ) LENGTH_UNIT ( ) NAMED_UNIT ( #7138 ) );
#5415 = VERTEX_POINT ( 'NONE', #2038 ) ;
#5416 = COLOUR_RGB ( '',0.6470588235294117974, 0.6196078431372549211, 0.5882352941176470784 ) ;
#5417 = SURFACE_SIDE_STYLE ('',( #2956 ) ) ;
#5418 = VERTEX_POINT ( 'NONE', #5901 ) ;
#5419 = DIRECTION ( 'NONE',  ( 0.000000000000000000, 0.000000000000000000, -1.000000000000000000 ) ) ;
#5420 = DIRECTION ( 'NONE',  ( 0.000000000000000000, 0.000000000000000000, 1.000000000000000000 ) ) ;
#5421 = DIRECTION ( 'NONE',  ( -1.000000000000000000, 0.000000000000000000, 0.000000000000000000 ) ) ;
#5422 = VECTOR ( 'NONE', #7065, 39.37007874015748143 ) ;
#5423 = AXIS2_PLACEMENT_3D ( 'NONE', #765, #2937, #6809 ) ;
#5424 = VERTEX_POINT ( 'NONE', #3159 ) ;
#5425 = EDGE_CURVE ( 'NONE', #3333, #4692, #3202, .T. ) ;
#5426 = FILL_AREA_STYLE_COLOUR ( '', #5825 ) ;
#5427 = ORIENTED_EDGE ( 'NONE', *, *, #3049, .T. ) ;
#5428 = ORIENTED_EDGE ( 'NONE', *, *, #2244, .T. ) ;
#5429 =( NAMED_UNIT ( * ) PLANE_ANGLE_UNIT ( ) SI_UNIT ( $, .RADIAN. ) );
#5430 = VECTOR ( 'NONE', #3014, 39.37007874015748143 ) ;
#5431 = EDGE_CURVE ( 'NONE', #264, #821, #998, .T. ) ;
#5432 = MECHANICAL_DESIGN_GEOMETRIC_PRESENTATION_REPRESENTATION (  '', ( #922 ), #2854 ) ;
#5433 = DIRECTION ( 'NONE',  ( 1.000000000000000000, -0.000000000000000000, 0.000000000000000000 ) ) ;
#5434 = ORIENTED_EDGE ( 'NONE', *, *, #3372, .T. ) ;
#5435 = STYLED_ITEM ( 'NONE', ( #5717 ), #1519 ) ;
#5436 = FILL_AREA_STYLE ('',( #3275 ) ) ;
#5437 = ORIENTED_EDGE ( 'NONE', *, *, #1340, .T. ) ;
#5438 = CARTESIAN_POINT ( 'NONE',  ( 0.2215389376202313021, 0.5533024020055851144, 0.6201384879784368476 ) ) ;
#5439 = DIRECTION ( 'NONE',  ( 1.000000000000000000, 0.000000000000000000, 0.000000000000000000 ) ) ;
#5440 = FACE_OUTER_BOUND ( 'NONE', #1648, .T. ) ;
#5441 = DIRECTION ( 'NONE',  ( 1.000000000000000000, 0.000000000000000000, 0.000000000000000000 ) ) ;
#5442 = CARTESIAN_POINT ( 'NONE',  ( 0.1546098037619636212, 0.1064520083047976878, 0.7500597478209566349 ) ) ;
#5443 = VECTOR ( 'NONE', #2605, 39.37007874015748143 ) ;
#5444 = EDGE_CURVE ( 'NONE', #3869, #5864, #5260, .T. ) ;
#5445 = SURFACE_STYLE_FILL_AREA ( #7208 ) ;
#5446 = STYLED_ITEM ( 'NONE', ( #1227 ), #2329 ) ;
#5447 = EDGE_LOOP ( 'NONE', ( #6210, #3568, #4050, #5346, #1778, #2487, #5033, #4622, #1682, #4123, #1797, #440, #6446, #6089, #4467, #5166 ) ) ;
#5448 = ADVANCED_FACE ( 'NONE', ( #2677 ), #3819, .F. ) ;
#5449 = FILL_AREA_STYLE_COLOUR ( '', #1623 ) ;
#5450 = CARTESIAN_POINT ( 'NONE',  ( 0.2057909061241683379, 0.09660948861975832136, 0.5925794328603265493 ) ) ;
#5451 = PRESENTATION_STYLE_ASSIGNMENT (( #3555 ) ) ;
#5452 = APPLICATION_PROTOCOL_DEFINITION ( 'draft international standard', 'automotive_design', 1998, #1573 ) ;
#5453 =( CONVERSION_BASED_UNIT ( 'INCH', #3210 ) LENGTH_UNIT ( ) NAMED_UNIT ( #3684 ) );
#5454 = DIMENSIONAL_EXPONENTS ( 1.000000000000000000, 0.000000000000000000, 0.000000000000000000, 0.000000000000000000, 0.000000000000000000, 0.000000000000000000, 0.000000000000000000 ) ;
#5455 = PRESENTATION_LAYER_ASSIGNMENT (  '', '', ( #5083 ) ) ;
#5456 = LINE ( 'NONE', #6998, #6141 ) ;
#5457 = COLOUR_RGB ( '',1.000000000000000000, 1.000000000000000000, 1.000000000000000000 ) ;
#5458 = DIRECTION ( 'NONE',  ( 0.000000000000000000, 0.000000000000000000, -1.000000000000000000 ) ) ;
#5459 =( LENGTH_UNIT ( ) NAMED_UNIT ( * ) SI_UNIT ( $, .METRE. ) );
#5460 = SURFACE_STYLE_USAGE ( .BOTH. , #1653 ) ;
#5461 = FILL_AREA_STYLE_COLOUR ( '', #5319 ) ;
#5462 = VECTOR ( 'NONE', #2471, 39.37007874015748143 ) ;
#5463 = UNCERTAINTY_MEASURE_WITH_UNIT (LENGTH_MEASURE( 1.000000000000000082E-05 ), #3290, 'distance_accuracy_value', 'NONE');
#5464 = VERTEX_POINT ( 'NONE', #467 ) ;
#5465 = VECTOR ( 'NONE', #3618, 39.37007874015748143 ) ;
#5466 = CARTESIAN_POINT ( 'NONE',  ( 0.06209011872259351944, 0.1359795673599158150, 0.5532093541201690279 ) ) ;
#5467 = DIRECTION ( 'NONE',  ( -1.000000000000000000, 0.000000000000000000, 0.000000000000000000 ) ) ;
#5468 =( GEOMETRIC_REPRESENTATION_CONTEXT ( 3 ) GLOBAL_UNCERTAINTY_ASSIGNED_CONTEXT ( ( #6003 ) ) GLOBAL_UNIT_ASSIGNED_CONTEXT ( ( #4406, #3276, #4447 ) ) REPRESENTATION_CONTEXT ( 'NONE', 'WORKASPACE' ) );
#5469 =( NAMED_UNIT ( * ) SI_UNIT ( $, .STERADIAN. ) SOLID_ANGLE_UNIT ( ) );
#5470 =( NAMED_UNIT ( * ) PLANE_ANGLE_UNIT ( ) SI_UNIT ( $, .RADIAN. ) );
#5471 = EDGE_CURVE ( 'NONE', #5903, #4819, #1092, .T. ) ;
#5472 = LENGTH_MEASURE_WITH_UNIT ( LENGTH_MEASURE( 0.02539999999999999897 ), #5951 );
#5473 = EDGE_LOOP ( 'NONE', ( #7203, #5669, #2647, #6903, #4145, #1834, #5875, #5736, #6625, #193, #4404, #6448 ) ) ;
#5474 = LINE ( 'NONE', #6099, #849 ) ;
#5475 = CARTESIAN_POINT ( 'NONE',  ( 0.4105153155729872605, 0.08479846499771107049, 0.4744691966398540961 ) ) ;
#5476 = CARTESIAN_POINT ( 'NONE',  ( 0.4183893313210187981, 0.4135386224780265851, 0.8543904564823739944 ) ) ;
#5477 = CIRCLE ( 'NONE', #3408, 0.07480314960629920462 ) ;
#5478 = AXIS2_PLACEMENT_3D ( 'NONE', #837, #2447, #6925 ) ;
#5479 = AXIS2_PLACEMENT_3D ( 'NONE', #2443, #3582, #6310 ) ;
#5480 = EDGE_CURVE ( 'NONE', #3397, #3162, #1351, .T. ) ;
#5481 = PRESENTATION_STYLE_ASSIGNMENT (( #4722 ) ) ;
#5482 = SURFACE_STYLE_USAGE ( .BOTH. , #6581 ) ;
#5483 = SURFACE_STYLE_FILL_AREA ( #7157 ) ;
#5484 = ADVANCED_FACE ( 'NONE', ( #990 ), #3187, .F. ) ;
#5485 = CARTESIAN_POINT ( 'NONE',  ( 0.06209011872259351944, 0.1910976775961362728, 0.7146266769548147435 ) ) ;
#5486 = CARTESIAN_POINT ( 'NONE',  ( 0.2057909061241683657, -0.03331177122276113983, 0.7894298265611140453 ) ) ;
#5487 = VECTOR ( 'NONE', #6901, 39.37007874015748143 ) ;
#5488 = PRESENTATION_STYLE_ASSIGNMENT (( #5700 ) ) ;
#5489 = FILL_AREA_STYLE_COLOUR ( '', #4320 ) ;
#5490 = STYLED_ITEM ( 'NONE', ( #7142 ), #6365 ) ;
#5491 = CLOSED_SHELL ( 'NONE', ( #6545, #5448, #929, #2807, #2876, #1519, #558, #420, #3452, #4362, #5413, #4854, #3147, #6579, #3968, #3754, #6986, #4967, #1585, #454 ) ) ;
#5492 = AXIS2_PLACEMENT_3D ( 'NONE', #7066, #1477, #2713 ) ;
#5493 = ORIENTED_EDGE ( 'NONE', *, *, #5117, .T. ) ;
#5494 = VECTOR ( 'NONE', #4904, 39.37007874015748143 ) ;
#5495 = DIRECTION ( 'NONE',  ( 0.9544338947578754340, 1.168844414212973759E-16, -0.2984224196291437869 ) ) ;
#5496 = SURFACE_STYLE_FILL_AREA ( #5343 ) ;
#5497 = DIRECTION ( 'NONE',  ( 0.000000000000000000, -1.000000000000000000, -1.445602896647339163E-16 ) ) ;
#5498 = SURFACE_STYLE_FILL_AREA ( #4161 ) ;
#5499 = VECTOR ( 'NONE', #5751, 39.37007874015748143 ) ;
#5500 = CARTESIAN_POINT ( 'NONE',  ( 0.09358618171471951019, 0.2698378350764509270, 0.7500597478209566349 ) ) ;
#5501 = EDGE_CURVE ( 'NONE', #683, #3002, #1259, .T. ) ;
#5502 = LINE ( 'NONE', #657, #6803 ) ;
#5503 =( LENGTH_UNIT ( ) NAMED_UNIT ( * ) SI_UNIT ( $, .METRE. ) );
#5504 = STYLED_ITEM ( 'NONE', ( #3872 ), #3204 ) ;
#5505 =( CONVERSION_BASED_UNIT ( 'INCH', #3679 ) LENGTH_UNIT ( ) NAMED_UNIT ( #935 ) );
#5506 = PRESENTATION_LAYER_ASSIGNMENT (  '', '', ( #3771 ) ) ;
#5507 = FACE_OUTER_BOUND ( 'NONE', #2768, .T. ) ;
#5508 = FILL_AREA_STYLE ('',( #6609 ) ) ;
#5509 = LINE ( 'NONE', #3753, #5246 ) ;
#5510 = VECTOR ( 'NONE', #6494, 39.37007874015748143 ) ;
#5511 = CARTESIAN_POINT ( 'NONE',  ( 0.2372869691162943495, -0.06480783421488736651, 0.7658077793170195990 ) ) ;
#5512 =( CONVERSION_BASED_UNIT ( 'INCH', #7132 ) LENGTH_UNIT ( ) NAMED_UNIT ( #1012 ) );
#5513 = ORIENTED_EDGE ( 'NONE', *, *, #5720, .T. ) ;
#5514 = UNCERTAINTY_MEASURE_WITH_UNIT (LENGTH_MEASURE( 1.000000000000000082E-05 ), #4490, 'distance_accuracy_value', 'NONE');
#5515 = DIRECTION ( 'NONE',  ( 0.9544338947578754340, 1.168844414212974006E-16, 0.2984224196291437869 ) ) ;
#5516 = MECHANICAL_DESIGN_GEOMETRIC_PRESENTATION_REPRESENTATION (  '', ( #192 ), #5037 ) ;
#5517 = SURFACE_SIDE_STYLE ('',( #566 ) ) ;
#5518 = CARTESIAN_POINT ( 'NONE',  ( 0.1979168903761368559, 0.1674756303520417988, 0.5532093541201690279 ) ) ;
#5519 = ORIENTED_EDGE ( 'NONE', *, *, #5716, .T. ) ;
#5520 = DIRECTION ( 'NONE',  ( 0.000000000000000000, -0.000000000000000000, -1.000000000000000000 ) ) ;
#5521 = AXIS2_PLACEMENT_3D ( 'NONE', #3608, #781, #153 ) ;
#5522 = ORIENTED_EDGE ( 'NONE', *, *, #4340, .F. ) ;
#5523 = DIRECTION ( 'NONE',  ( -1.000000000000000000, 0.000000000000000000, 0.000000000000000000 ) ) ;
#5524 = FILL_AREA_STYLE_COLOUR ( '', #3336 ) ;
#5525 = EDGE_LOOP ( 'NONE', ( #4451, #3203, #2903, #5699 ) ) ;
#5526 = AXIS2_PLACEMENT_3D ( 'NONE', #5761, #3005, #3538 ) ;
#5527 = VECTOR ( 'NONE', #6359, 39.37007874015748143 ) ;
#5528 = ORIENTED_EDGE ( 'NONE', *, *, #1009, .F. ) ;
#5529 = ADVANCED_FACE ( 'NONE', ( #2580 ), #1591, .T. ) ;
#5530 = STYLED_ITEM ( 'NONE', ( #206 ), #5529 ) ;
#5531 = EDGE_CURVE ( 'NONE', #1766, #6923, #3890, .T. ) ;
#5532 = CARTESIAN_POINT ( 'NONE',  ( 0.06209011872259351944, 0.3092079138166087260, 0.8248628974272557146 ) ) ;
#5533 = ORIENTED_EDGE ( 'NONE', *, *, #5996, .T. ) ;
#5534 = UNCERTAINTY_MEASURE_WITH_UNIT (LENGTH_MEASURE( 1.000000000000000082E-05 ), #3432, 'distance_accuracy_value', 'NONE');
#5535 = CARTESIAN_POINT ( 'NONE',  ( 0.1014601974627510061, 0.1753496461000733087, 0.7894298265611140453 ) ) ;
#5536 = ORIENTED_EDGE ( 'NONE', *, *, #5720, .F. ) ;
#5537 = DIMENSIONAL_EXPONENTS ( 1.000000000000000000, 0.000000000000000000, 0.000000000000000000, 0.000000000000000000, 0.000000000000000000, 0.000000000000000000, 0.000000000000000000 ) ;
#5538 = MECHANICAL_DESIGN_GEOMETRIC_PRESENTATION_REPRESENTATION (  '', ( #2469 ), #5155 ) ;
#5539 = ORIENTED_EDGE ( 'NONE', *, *, #856, .T. ) ;
#5540 = CARTESIAN_POINT ( 'NONE',  ( 0.1979168903761368559, 0.1281055516118843052, 0.7894298265611140453 ) ) ;
#5541 = AXIS2_PLACEMENT_3D ( 'NONE', #5540, #563, #3881 ) ;
#5542 =( CONVERSION_BASED_UNIT ( 'INCH', #6981 ) LENGTH_UNIT ( ) NAMED_UNIT ( #1452 ) );
#5543 = CARTESIAN_POINT ( 'NONE',  ( 0.3475231895887351818, 0.3092079138166087260, 0.5177762832540273585 ) ) ;
#5544 = PRESENTATION_STYLE_ASSIGNMENT (( #1604 ) ) ;
#5545 = FILL_AREA_STYLE_COLOUR ( '', #4030 ) ;
#5546 = VECTOR ( 'NONE', #5560, 39.37007874015748854 ) ;
#5547 = SURFACE_STYLE_USAGE ( .BOTH. , #4385 ) ;
#5548 =( LENGTH_UNIT ( ) NAMED_UNIT ( * ) SI_UNIT ( $, .METRE. ) );
#5549 = EDGE_CURVE ( 'NONE', #773, #7185, #905, .T. ) ;
#5550 = FACE_OUTER_BOUND ( 'NONE', #1846, .T. ) ;
#5551 = SURFACE_STYLE_USAGE ( .BOTH. , #6650 ) ;
#5552 = VECTOR ( 'NONE', #435, 39.37007874015748143 ) ;
#5553 = AXIS2_PLACEMENT_3D ( 'NONE', #5167, #2460, #6822 ) ;
#5554 = CARTESIAN_POINT ( 'NONE',  ( 0.2372869691162943495, 0.1281055516118842774, 0.7894298265611140453 ) ) ;
#5555 = ADVANCED_FACE ( 'NONE', ( #5954 ), #6639, .F. ) ;
#5556 =( NAMED_UNIT ( * ) SI_UNIT ( $, .STERADIAN. ) SOLID_ANGLE_UNIT ( ) );
#5557 = EDGE_LOOP ( 'NONE', ( #1302, #1614, #1090, #5863 ) ) ;
#5558 = FILL_AREA_STYLE_COLOUR ( '', #900 ) ;
#5559 = ORIENTED_EDGE ( 'NONE', *, *, #4772, .T. ) ;
#5560 = DIRECTION ( 'NONE',  ( 0.5470897178282073670, 0.8054376401359748527, -0.2279540490950845710 ) ) ;
#5561 =( LENGTH_UNIT ( ) NAMED_UNIT ( * ) SI_UNIT ( $, .METRE. ) );
#5562 = COLOUR_RGB ( '',0.7803921568627451011, 0.7607843137254901578, 0.7411764705882353255 ) ;
#5563 = MECHANICAL_DESIGN_GEOMETRIC_PRESENTATION_REPRESENTATION (  '', ( #700 ), #1616 ) ;
#5564 = ORIENTED_EDGE ( 'NONE', *, *, #3396, .F. ) ;
#5565 = SURFACE_SIDE_STYLE ('',( #1773 ) ) ;
#5566 = DIMENSIONAL_EXPONENTS ( 1.000000000000000000, 0.000000000000000000, 0.000000000000000000, 0.000000000000000000, 0.000000000000000000, 0.000000000000000000, 0.000000000000000000 ) ;
#5567 = FILL_AREA_STYLE ('',( #5002 ) ) ;
#5568 = PRESENTATION_STYLE_ASSIGNMENT (( #3759 ) ) ;
#5569 = EDGE_CURVE ( 'NONE', #2165, #4667, #6209, .T. ) ;
#5570 = LENGTH_MEASURE_WITH_UNIT ( LENGTH_MEASURE( 0.02539999999999999897 ), #5120 );
#5571 = COLOUR_RGB ( '',0.6470588235294117974, 0.6196078431372549211, 0.5882352941176470784 ) ;
#5572 = DIRECTION ( 'NONE',  ( 0.000000000000000000, 0.000000000000000000, -1.000000000000000000 ) ) ;
#5573 = ORIENTED_EDGE ( 'NONE', *, *, #1101, .F. ) ;
#5574 = EDGE_LOOP ( 'NONE', ( #5233, #338, #4560, #5957 ) ) ;
#5575 = DIRECTION ( 'NONE',  ( 1.000000000000000000, 0.000000000000000000, 0.000000000000000000 ) ) ;
#5576 = SURFACE_STYLE_FILL_AREA ( #2752 ) ;
#5577 =( NAMED_UNIT ( * ) PLANE_ANGLE_UNIT ( ) SI_UNIT ( $, .RADIAN. ) );
#5578 = EDGE_CURVE ( 'NONE', #6087, #3655, #4913, .T. ) ;
#5579 = PRESENTATION_STYLE_ASSIGNMENT (( #141 ) ) ;
#5580 = FACE_OUTER_BOUND ( 'NONE', #457, .T. ) ;
#5581 = DIRECTION ( 'NONE',  ( -0.000000000000000000, -0.000000000000000000, 1.000000000000000000 ) ) ;
#5582 = DIRECTION ( 'NONE',  ( -0.3846153846153821387, -1.334402673828314572E-16, 0.9230769230769241274 ) ) ;
#5583 = ORIENTED_EDGE ( 'NONE', *, *, #5626, .T. ) ;
#5584 = EDGE_CURVE ( 'NONE', #2310, #2158, #2143, .T. ) ;
#5585 = FILL_AREA_STYLE_COLOUR ( '', #3272 ) ;
#5586 = LINE ( 'NONE', #6804, #7156 ) ;
#5587 = CARTESIAN_POINT ( 'NONE',  ( 0.06209011872259351944, 0.3013338980685772439, 0.5925794328603265493 ) ) ;
#5588 = CARTESIAN_POINT ( 'NONE',  ( 0.2057909061241683379, -0.06480783421488736651, 0.7736817950650509701 ) ) ;
#5589 = EDGE_CURVE ( 'NONE', #4260, #3596, #5077, .T. ) ;
#5590 = EDGE_LOOP ( 'NONE', ( #6025, #4734 ) ) ;
#5591 = COLOUR_RGB ( '',0.6470588235294117974, 0.6196078431372549211, 0.5882352941176470784 ) ;
#5592 = EDGE_LOOP ( 'NONE', ( #5153, #1545, #5383, #3817, #3057, #1159 ) ) ;
#5593 = AXIS2_PLACEMENT_3D ( 'NONE', #2086, #5361, #2638 ) ;
#5594 = CARTESIAN_POINT ( 'NONE',  ( 0.1014601974627510061, 0.1753496461000733087, 0.7500597478209566349 ) ) ;
#5595 = DIRECTION ( 'NONE',  ( 1.000000000000000000, 0.000000000000000000, 0.000000000000000000 ) ) ;
#5596 = CARTESIAN_POINT ( 'NONE',  ( 0.3475231895887351818, 0.3407039768087347098, 0.5532093541201690279 ) ) ;
#5597 = ORIENTED_EDGE ( 'NONE', *, *, #6824, .F. ) ;
#5598 =( CONVERSION_BASED_UNIT ( 'INCH', #3270 ) LENGTH_UNIT ( ) NAMED_UNIT ( #5858 ) );
#5599 = VECTOR ( 'NONE', #1394, 39.37007874015748143 ) ;
#5600 = LINE ( 'NONE', #5236, #2223 ) ;
#5601 = ADVANCED_FACE ( 'NONE', ( #295 ), #2211, .F. ) ;
#5602 = ORIENTED_EDGE ( 'NONE', *, *, #5716, .F. ) ;
#5603 = AXIS2_PLACEMENT_3D ( 'NONE', #30, #52, #1749 ) ;
#5604 = VECTOR ( 'NONE', #517, 39.37007874015748143 ) ;
#5605 = SURFACE_STYLE_FILL_AREA ( #6124 ) ;
#5606 = VERTEX_POINT ( 'NONE', #1045 ) ;
#5607 = SURFACE_SIDE_STYLE ('',( #202 ) ) ;
#5608 = COLOUR_RGB ( '',1.000000000000000000, 1.000000000000000000, 1.000000000000000000 ) ;
#5609 = ORIENTED_EDGE ( 'NONE', *, *, #966, .T. ) ;
#5610 = ORIENTED_EDGE ( 'NONE', *, *, #6648, .F. ) ;
#5611 = FILL_AREA_STYLE_COLOUR ( '', #5679 ) ;
#5612 = CARTESIAN_POINT ( 'NONE',  ( 0.1034287013997588905, 0.1359795673599157873, 0.5925794328603265493 ) ) ;
#5613 = DIRECTION ( 'NONE',  ( -0.000000000000000000, -0.000000000000000000, 1.000000000000000000 ) ) ;
#5614 = CARTESIAN_POINT ( 'NONE',  ( 0.1979168903761368559, 0.1674756303520417988, 0.7500597478209566349 ) ) ;
#5615 = AXIS2_PLACEMENT_3D ( 'NONE', #4355, #1118, #2162 ) ;
#5616 = LINE ( 'NONE', #5250, #2320 ) ;
#5617 = DIRECTION ( 'NONE',  ( 0.000000000000000000, 1.000000000000000000, 0.000000000000000000 ) ) ;
#5618 = EDGE_LOOP ( 'NONE', ( #5207, #2444, #3951, #5428, #5564, #267, #6659, #3016 ) ) ;
#5619 = UNCERTAINTY_MEASURE_WITH_UNIT (LENGTH_MEASURE( 1.000000000000000082E-05 ), #7037, 'distance_accuracy_value', 'NONE');
#5620 =( CONVERSION_BASED_UNIT ( 'INCH', #2825 ) LENGTH_UNIT ( ) NAMED_UNIT ( #2364 ) );
#5621 = LINE ( 'NONE', #3856, #2857 ) ;
#5622 = SURFACE_SIDE_STYLE ('',( #6369 ) ) ;
#5623 = AXIS2_PLACEMENT_3D ( 'NONE', #893, #6441, #3104 ) ;
#5624 = ORIENTED_EDGE ( 'NONE', *, *, #4587, .F. ) ;
#5625 = AXIS2_PLACEMENT_3D ( 'NONE', #1238, #5791, #4087 ) ;
#5626 = EDGE_CURVE ( 'NONE', #274, #5903, #2761, .T. ) ;
#5627 =( LENGTH_UNIT ( ) NAMED_UNIT ( * ) SI_UNIT ( $, .METRE. ) );
#5628 = ORIENTED_EDGE ( 'NONE', *, *, #1065, .F. ) ;
#5629 = PLANE ( 'NONE',  #754 ) ;
#5630 = FACE_OUTER_BOUND ( 'NONE', #160, .T. ) ;
#5631 = FACE_OUTER_BOUND ( 'NONE', #3364, .T. ) ;
#5632 = STYLED_ITEM ( 'NONE', ( #6092 ), #7189 ) ;
#5633 =( NAMED_UNIT ( * ) SI_UNIT ( $, .STERADIAN. ) SOLID_ANGLE_UNIT ( ) );
#5634 = CARTESIAN_POINT ( 'NONE',  ( 0.1014601974627510061, 0.1359795673599158150, 0.5532093541201690279 ) ) ;
#5635 = ADVANCED_FACE ( 'NONE', ( #5262 ), #4453, .T. ) ;
#5636 = AXIS2_PLACEMENT_3D ( 'NONE', #7168, #6070, #5467 ) ;
#5637 =( LENGTH_UNIT ( ) NAMED_UNIT ( * ) SI_UNIT ( $, .METRE. ) );
#5638 = SURFACE_STYLE_USAGE ( .BOTH. , #1757 ) ;
#5639 = VECTOR ( 'NONE', #6567, 39.37007874015748143 ) ;
#5640 = PLANE ( 'NONE',  #6987 ) ;
#5641 = EDGE_CURVE ( 'NONE', #3435, #1534, #6196, .T. ) ;
#5642 = DIMENSIONAL_EXPONENTS ( 1.000000000000000000, 0.000000000000000000, 0.000000000000000000, 0.000000000000000000, 0.000000000000000000, 0.000000000000000000, 0.000000000000000000 ) ;
#5643 =( GEOMETRIC_REPRESENTATION_CONTEXT ( 3 ) GLOBAL_UNCERTAINTY_ASSIGNED_CONTEXT ( ( #2421 ) ) GLOBAL_UNIT_ASSIGNED_CONTEXT ( ( #4386, #5470, #7171 ) ) REPRESENTATION_CONTEXT ( 'NONE', 'WORKASPACE' ) );
#5644 = EDGE_LOOP ( 'NONE', ( #6430, #6549, #489, #309 ) ) ;
#5645 = LENGTH_MEASURE_WITH_UNIT ( LENGTH_MEASURE( 0.02539999999999999897 ), #7002 );
#5646 = VECTOR ( 'NONE', #6768, 39.37007874015748854 ) ;
#5647 =( NAMED_UNIT ( * ) SI_UNIT ( $, .STERADIAN. ) SOLID_ANGLE_UNIT ( ) );
#5648 = VERTEX_POINT ( 'NONE', #3478 ) ;
#5649 = SURFACE_STYLE_USAGE ( .BOTH. , #2874 ) ;
#5650 = CIRCLE ( 'NONE', #1557, 0.01968503937007875723 ) ;
#5651 = STYLED_ITEM ( 'NONE', ( #2175 ), #4305 ) ;
#5652 = LINE ( 'NONE', #6082, #3146 ) ;
#5653 = COLOUR_RGB ( '',0.6470588235294117974, 0.6196078431372549211, 0.5882352941176470784 ) ;
#5654 = PLANE ( 'NONE',  #6685 ) ;
#5655 = CARTESIAN_POINT ( 'NONE',  ( 0.02468854391944393101, 0.08479846499771107049, 0.8681699840414289771 ) ) ;
#5656 = CARTESIAN_POINT ( 'NONE',  ( 0.3475231895887351818, 0.3092079138166087260, 0.8248628974272557146 ) ) ;
#5657 = LENGTH_MEASURE_WITH_UNIT ( LENGTH_MEASURE( 0.02539999999999999897 ), #423 );
#5658 = DIRECTION ( 'NONE',  ( 1.000000000000000000, 0.000000000000000000, 0.000000000000000000 ) ) ;
#5659 = CARTESIAN_POINT ( 'NONE',  ( 0.3475231895887351818, 0.3407039768087347098, 0.7894298265611140453 ) ) ;
#5660 = PRESENTATION_STYLE_ASSIGNMENT (( #7042 ) ) ;
#5661 = AXIS2_PLACEMENT_3D ( 'NONE', #823, #1397, #5835 ) ;
#5662 = AXIS2_PLACEMENT_3D ( 'NONE', #3208, #2614, #1123 ) ;
#5663 = CARTESIAN_POINT ( 'NONE',  ( 0.3475231895887351818, 0.3092079138166087260, 0.7894298265611140453 ) ) ;
#5664 = SURFACE_SIDE_STYLE ('',( #6627 ) ) ;
#5665 = EDGE_CURVE ( 'NONE', #6575, #3002, #4548, .T. ) ;
#5666 = VECTOR ( 'NONE', #3527, 39.37007874015748143 ) ;
#5667 = SURFACE_SIDE_STYLE ('',( #2649 ) ) ;
#5668 = CARTESIAN_POINT ( 'NONE',  ( 0.2644866231109231358, 0.2973968901945615029, 0.5925794328603265493 ) ) ;
#5669 = ORIENTED_EDGE ( 'NONE', *, *, #3636, .F. ) ;
#5670 = VECTOR ( 'NONE', #1193, 39.37007874015748143 ) ;
#5671 = VECTOR ( 'NONE', #2017, 39.37007874015748143 ) ;
#5672 =( GEOMETRIC_REPRESENTATION_CONTEXT ( 3 ) GLOBAL_UNCERTAINTY_ASSIGNED_CONTEXT ( ( #1236 ) ) GLOBAL_UNIT_ASSIGNED_CONTEXT ( ( #391, #6968, #4254 ) ) REPRESENTATION_CONTEXT ( 'NONE', 'WORKASPACE' ) );
#5673 = CARTESIAN_POINT ( 'NONE',  ( 0.1664208273840108721, 0.1359795673599158150, 0.7500597478209566349 ) ) ;
#5674 = DIMENSIONAL_EXPONENTS ( 1.000000000000000000, 0.000000000000000000, 0.000000000000000000, 0.000000000000000000, 0.000000000000000000, 0.000000000000000000, 0.000000000000000000 ) ;
#5675 = ORIENTED_EDGE ( 'NONE', *, *, #1081, .T. ) ;
#5676 = DIRECTION ( 'NONE',  ( 0.000000000000000000, 0.000000000000000000, -1.000000000000000000 ) ) ;
#5677 = FILL_AREA_STYLE ('',( #1181 ) ) ;
#5678 = CARTESIAN_POINT ( 'NONE',  ( 0.1014601974627510061, 0.1753496461000733087, 0.5925794328603265493 ) ) ;
#5679 = COLOUR_RGB ( '',1.000000000000000000, 1.000000000000000000, 1.000000000000000000 ) ;
#5680 = CARTESIAN_POINT ( 'NONE',  ( 0.2372869691162943495, 0.1674756303520417988, 0.7894298265611140453 ) ) ;
#5681 = DIRECTION ( 'NONE',  ( 0.000000000000000000, 1.000000000000000000, 0.000000000000000000 ) ) ;
#5682 = FACE_OUTER_BOUND ( 'NONE', #3487, .T. ) ;
#5683 = MECHANICAL_DESIGN_GEOMETRIC_PRESENTATION_REPRESENTATION (  '', ( #6573 ), #3928 ) ;
#5684 = ORIENTED_EDGE ( 'NONE', *, *, #4455, .T. ) ;
#5685 = CARTESIAN_POINT ( 'NONE',  ( 0.06209011872259351944, 0.3092079138166087260, 0.5177762832540273585 ) ) ;
#5686 = DIRECTION ( 'NONE',  ( -0.9544338947578755450, 0.000000000000000000, -0.2984224196291431763 ) ) ;
#5687 = VERTEX_POINT ( 'NONE', #1213 ) ;
#5688 =( NAMED_UNIT ( * ) PLANE_ANGLE_UNIT ( ) SI_UNIT ( $, .RADIAN. ) );
#5689 = ORIENTED_EDGE ( 'NONE', *, *, #6633, .T. ) ;
#5690 = ORIENTED_EDGE ( 'NONE', *, *, #5813, .T. ) ;
#5691 = STYLED_ITEM ( 'NONE', ( #3580 ), #3653 ) ;
#5692 = CARTESIAN_POINT ( 'NONE',  ( 0.1106993531933222058, 0.6182630319268449526, 0.5506131297273821890 ) ) ;
#5693 = LINE ( 'NONE', #4605, #3362 ) ;
#5694 = VERTEX_POINT ( 'NONE', #6259 ) ;
#5695 = CARTESIAN_POINT ( 'NONE',  ( 0.1785912521295394961, 0.2973968901945615029, 0.5925794328603265493 ) ) ;
#5696 = ORIENTED_EDGE ( 'NONE', *, *, #344, .F. ) ;
#5697 = SURFACE_STYLE_USAGE ( .BOTH. , #6787 ) ;
#5698 = UNCERTAINTY_MEASURE_WITH_UNIT (LENGTH_MEASURE( 1.000000000000000082E-05 ), #6943, 'distance_accuracy_value', 'NONE');
#5699 = ORIENTED_EDGE ( 'NONE', *, *, #444, .F. ) ;
#5700 = SURFACE_STYLE_USAGE ( .BOTH. , #2969 ) ;
#5701 = FILL_AREA_STYLE ('',( #5585 ) ) ;
#5702 = STYLED_ITEM ( 'NONE', ( #289 ), #5040 ) ;
#5703 = EDGE_CURVE ( 'NONE', #5785, #5796, #108, .T. ) ;
#5704 = CARTESIAN_POINT ( 'NONE',  ( 0.06209011872259351944, 0.3092079138166087260, 0.6280125037264683296 ) ) ;
#5705 = FILL_AREA_STYLE ('',( #4066 ) ) ;
#5706 = EDGE_CURVE ( 'NONE', #870, #385, #3975, .T. ) ;
#5707 = ORIENTED_EDGE ( 'NONE', *, *, #6010, .F. ) ;
#5708 =( GEOMETRIC_REPRESENTATION_CONTEXT ( 3 ) GLOBAL_UNCERTAINTY_ASSIGNED_CONTEXT ( ( #5286 ) ) GLOBAL_UNIT_ASSIGNED_CONTEXT ( ( #6815, #3966, #4506 ) ) REPRESENTATION_CONTEXT ( 'NONE', 'WORKASPACE' ) );
#5709 = CARTESIAN_POINT ( 'NONE',  ( 0.3475231895887351818, 0.3407039768087347098, 0.7500597478209566349 ) ) ;
#5710 = FILL_AREA_STYLE_COLOUR ( '', #4177 ) ;
#5711 = SURFACE_STYLE_USAGE ( .BOTH. , #5244 ) ;
#5712 = DIRECTION ( 'NONE',  ( 1.000000000000000000, 0.000000000000000000, 0.000000000000000000 ) ) ;
#5713 = CARTESIAN_POINT ( 'NONE',  ( 0.1664208273840108721, 0.09660948861975832136, 0.7894298265611140453 ) ) ;
#5714 = EDGE_CURVE ( 'NONE', #3698, #1494, #3095, .T. ) ;
#5715 = MECHANICAL_DESIGN_GEOMETRIC_PRESENTATION_REPRESENTATION (  '', ( #3359 ), #6835 ) ;
#5716 = EDGE_CURVE ( 'NONE', #6081, #1853, #3799, .T. ) ;
#5717 = PRESENTATION_STYLE_ASSIGNMENT (( #7074 ) ) ;
#5718 = DIRECTION ( 'NONE',  ( 0.000000000000000000, 0.000000000000000000, 1.000000000000000000 ) ) ;
#5719 =( CONVERSION_BASED_UNIT ( 'INCH', #2040 ) LENGTH_UNIT ( ) NAMED_UNIT ( #2014 ) );
#5720 = EDGE_CURVE ( 'NONE', #1527, #3790, #5085, .T. ) ;
#5721 = DIRECTION ( 'NONE',  ( 0.000000000000000000, -1.000000000000000000, 0.000000000000000000 ) ) ;
#5722 = CARTESIAN_POINT ( 'NONE',  ( 0.2644866231109231358, 0.3407039768087347098, 0.7500597478209566349 ) ) ;
#5723 = VECTOR ( 'NONE', #3488, 39.37007874015748143 ) ;
#5724 = PRESENTATION_LAYER_ASSIGNMENT (  '', '', ( #1253 ) ) ;
#5725 = CARTESIAN_POINT ( 'NONE',  ( 0.2057909061241683379, -0.03331177122276107738, 0.5532093541201690279 ) ) ;
#5726 =( NAMED_UNIT ( * ) SI_UNIT ( $, .STERADIAN. ) SOLID_ANGLE_UNIT ( ) );
#5727 = DIRECTION ( 'NONE',  ( 1.000000000000000000, 0.000000000000000000, 0.000000000000000000 ) ) ;
#5728 = UNCERTAINTY_MEASURE_WITH_UNIT (LENGTH_MEASURE( 1.000000000000000082E-05 ), #6749, 'distance_accuracy_value', 'NONE');
#5729 = DIRECTION ( 'NONE',  ( 0.000000000000000000, 1.000000000000000000, -0.000000000000000000 ) ) ;
#5730 = VERTEX_POINT ( 'NONE', #2886 ) ;
#5731 = SURFACE_STYLE_USAGE ( .BOTH. , #3607 ) ;
#5732 = DIRECTION ( 'NONE',  ( -0.000000000000000000, -0.000000000000000000, -1.000000000000000000 ) ) ;
#5733 = VECTOR ( 'NONE', #2839, 39.37007874015748143 ) ;
#5734 =( CONVERSION_BASED_UNIT ( 'INCH', #6708 ) LENGTH_UNIT ( ) NAMED_UNIT ( #6484 ) );
#5735 = FILL_AREA_STYLE_COLOUR ( '', #5408 ) ;
#5736 = ORIENTED_EDGE ( 'NONE', *, *, #1755, .F. ) ;
#5737 = LINE ( 'NONE', #5485, #1472 ) ;
#5738 = FILL_AREA_STYLE ('',( #1865 ) ) ;
#5739 = ORIENTED_EDGE ( 'NONE', *, *, #7075, .F. ) ;
#5740 = LINE ( 'NONE', #2624, #4955 ) ;
#5741 = CARTESIAN_POINT ( 'NONE',  ( 0.3475231895887351818, 0.3407039768087347098, 0.7894298265611140453 ) ) ;
#5742 = SURFACE_SIDE_STYLE ('',( #6078 ) ) ;
#5743 = LENGTH_MEASURE_WITH_UNIT ( LENGTH_MEASURE( 0.02539999999999999897 ), #4336 );
#5744 = VECTOR ( 'NONE', #1790, 39.37007874015748143 ) ;
#5745 = DIRECTION ( 'NONE',  ( 0.000000000000000000, 0.000000000000000000, 1.000000000000000000 ) ) ;
#5746 = CIRCLE ( 'NONE', #2630, 0.01968503937007875723 ) ;
#5747 = DIMENSIONAL_EXPONENTS ( 1.000000000000000000, 0.000000000000000000, 0.000000000000000000, 0.000000000000000000, 0.000000000000000000, 0.000000000000000000, 0.000000000000000000 ) ;
#5748 = CYLINDRICAL_SURFACE ( 'NONE', #5370, 0.07480314960629924625 ) ;
#5749 = UNCERTAINTY_MEASURE_WITH_UNIT (LENGTH_MEASURE( 1.000000000000000082E-05 ), #14, 'distance_accuracy_value', 'NONE');
#5750 = VERTEX_POINT ( 'NONE', #5663 ) ;
#5751 = DIRECTION ( 'NONE',  ( 0.000000000000000000, 0.8944271909999167436, -0.4472135954999562069 ) ) ;
#5752 =( LENGTH_UNIT ( ) NAMED_UNIT ( * ) SI_UNIT ( $, .METRE. ) );
#5753 = ORIENTED_EDGE ( 'NONE', *, *, #6523, .F. ) ;
#5754 = ORIENTED_EDGE ( 'NONE', *, *, #6796, .F. ) ;
#5755 = LINE ( 'NONE', #545, #5494 ) ;
#5756 =( NAMED_UNIT ( * ) PLANE_ANGLE_UNIT ( ) SI_UNIT ( $, .RADIAN. ) );
#5757 = VECTOR ( 'NONE', #3524, 39.37007874015748143 ) ;
#5758 = DIMENSIONAL_EXPONENTS ( 1.000000000000000000, 0.000000000000000000, 0.000000000000000000, 0.000000000000000000, 0.000000000000000000, 0.000000000000000000, 0.000000000000000000 ) ;
#5759 = MECHANICAL_DESIGN_GEOMETRIC_PRESENTATION_REPRESENTATION (  '', ( #6410 ), #148 ) ;
#5760 = AXIS2_PLACEMENT_3D ( 'NONE', #1142, #526, #13 ) ;
#5761 = CARTESIAN_POINT ( 'NONE',  ( 0.2215389376202313021, 0.6950346854701520138, 0.5728943934902478441 ) ) ;
#5762 = ORIENTED_EDGE ( 'NONE', *, *, #4135, .T. ) ;
#5763 = CARTESIAN_POINT ( 'NONE',  ( 0.1839628000313384970, 0.5533024020055851144, 0.5611454793316205114 ) ) ;
#5764 = DIRECTION ( 'NONE',  ( 1.000000000000000000, -0.000000000000000000, -0.000000000000000000 ) ) ;
#5765 = CARTESIAN_POINT ( 'NONE',  ( 0.4183893313210187981, 0.6950346854701520138, 0.6850991178996964637 ) ) ;
#5766 = EDGE_CURVE ( 'NONE', #703, #1005, #805, .T. ) ;
#5767 = DIRECTION ( 'NONE',  ( -1.224646799147353454E-16, 1.000000000000000000, 2.465190328815661892E-32 ) ) ;
#5768 = PRESENTATION_STYLE_ASSIGNMENT (( #2697 ) ) ;
#5769 =( CONVERSION_BASED_UNIT ( 'INCH', #5570 ) LENGTH_UNIT ( ) NAMED_UNIT ( #1605 ) );
#5770 = EDGE_LOOP ( 'NONE', ( #1894, #5792, #28, #6814 ) ) ;
#5771 = ORIENTED_EDGE ( 'NONE', *, *, #1115, .F. ) ;
#5772 = SURFACE_STYLE_USAGE ( .BOTH. , #5202 ) ;
#5773 =( NAMED_UNIT ( * ) SI_UNIT ( $, .STERADIAN. ) SOLID_ANGLE_UNIT ( ) );
#5774 = LINE ( 'NONE', #3209, #1082 ) ;
#5775 =( GEOMETRIC_REPRESENTATION_CONTEXT ( 3 ) GLOBAL_UNCERTAINTY_ASSIGNED_CONTEXT ( ( #1743 ) ) GLOBAL_UNIT_ASSIGNED_CONTEXT ( ( #5284, #3171, #3674 ) ) REPRESENTATION_CONTEXT ( 'NONE', 'WORKASPACE' ) );
#5776 = LINE ( 'NONE', #6204, #4981 ) ;
#5777 = ORIENTED_EDGE ( 'NONE', *, *, #2892, .T. ) ;
#5778 = EDGE_CURVE ( 'NONE', #3296, #5929, #634, .T. ) ;
#5779 = CARTESIAN_POINT ( 'NONE',  ( 0.2644866231109231358, 0.3407039768087347098, 0.5925794328603265493 ) ) ;
#5780 = FACE_OUTER_BOUND ( 'NONE', #2803, .T. ) ;
#5781 = DIRECTION ( 'NONE',  ( 0.000000000000000000, 0.000000000000000000, 1.000000000000000000 ) ) ;
#5782 = COLOUR_RGB ( '',0.6470588235294117974, 0.6196078431372549211, 0.5882352941176470784 ) ;
#5783 = ORIENTED_EDGE ( 'NONE', *, *, #2274, .F. ) ;
#5784 = STYLED_ITEM ( 'NONE', ( #4183 ), #2285 ) ;
#5785 = VERTEX_POINT ( 'NONE', #3997 ) ;
#5786 = ORIENTED_EDGE ( 'NONE', *, *, #3996, .F. ) ;
#5787 = DIRECTION ( 'NONE',  ( 0.000000000000000000, 1.000000000000000000, 0.000000000000000000 ) ) ;
#5788 = CARTESIAN_POINT ( 'NONE',  ( 0.3475231895887345157, 0.3092079138166087260, 0.8248628974272557146 ) ) ;
#5789 = FILL_AREA_STYLE ('',( #3007 ) ) ;
#5790 = LINE ( 'NONE', #5692, #4131 ) ;
#5791 = DIRECTION ( 'NONE',  ( -0.000000000000000000, -0.000000000000000000, 1.000000000000000000 ) ) ;
#5792 = ORIENTED_EDGE ( 'NONE', *, *, #864, .T. ) ;
#5793 =( CONVERSION_BASED_UNIT ( 'INCH', #6309 ) LENGTH_UNIT ( ) NAMED_UNIT ( #6103 ) );
#5794 = DIRECTION ( 'NONE',  ( -0.000000000000000000, -0.000000000000000000, 1.000000000000000000 ) ) ;
#5795 = FILL_AREA_STYLE_COLOUR ( '', #6517 ) ;
#5796 = VERTEX_POINT ( 'NONE', #1169 ) ;
#5797 =( NAMED_UNIT ( * ) SI_UNIT ( $, .STERADIAN. ) SOLID_ANGLE_UNIT ( ) );
#5798 = CARTESIAN_POINT ( 'NONE',  ( 0.2215389376202312466, 0.6182630319268449526, 0.7697447871910348960 ) ) ;
#5799 = LENGTH_MEASURE_WITH_UNIT ( LENGTH_MEASURE( 0.02539999999999999897 ), #2486 );
#5800 = DIRECTION ( 'NONE',  ( 0.000000000000000000, 0.000000000000000000, 1.000000000000000000 ) ) ;
#5801 = ORIENTED_EDGE ( 'NONE', *, *, #4135, .F. ) ;
#5802 =( GEOMETRIC_REPRESENTATION_CONTEXT ( 3 ) GLOBAL_UNCERTAINTY_ASSIGNED_CONTEXT ( ( #6218 ) ) GLOBAL_UNIT_ASSIGNED_CONTEXT ( ( #2546, #4155, #4758 ) ) REPRESENTATION_CONTEXT ( 'NONE', 'WORKASPACE' ) );
#5803 = EDGE_CURVE ( 'NONE', #7105, #2849, #6574, .T. ) ;
#5804 = DIRECTION ( 'NONE',  ( 0.000000000000000000, 0.000000000000000000, 1.000000000000000000 ) ) ;
#5805 = LINE ( 'NONE', #3206, #2341 ) ;
#5806 =( CONVERSION_BASED_UNIT ( 'INCH', #5105 ) LENGTH_UNIT ( ) NAMED_UNIT ( #5566 ) );
#5807 = EDGE_CURVE ( 'NONE', #548, #2799, #1526, .T. ) ;
#5808 = PRESENTATION_LAYER_ASSIGNMENT (  '', '', ( #5435 ) ) ;
#5809 = DIRECTION ( 'NONE',  ( -1.000000000000000000, 0.000000000000000000, 0.000000000000000000 ) ) ;
#5810 = DIRECTION ( 'NONE',  ( -1.000000000000000000, 0.000000000000000000, 0.000000000000000000 ) ) ;
#5811 = ORIENTED_EDGE ( 'NONE', *, *, #3842, .F. ) ;
#5812 = ORIENTED_EDGE ( 'NONE', *, *, #4581, .F. ) ;
#5813 = EDGE_CURVE ( 'NONE', #5750, #6884, #2061, .T. ) ;
#5814 = DIMENSIONAL_EXPONENTS ( 1.000000000000000000, 0.000000000000000000, 0.000000000000000000, 0.000000000000000000, 0.000000000000000000, 0.000000000000000000, 0.000000000000000000 ) ;
#5815 = FACE_OUTER_BOUND ( 'NONE', #6826, .T. ) ;
#5816 = CARTESIAN_POINT ( 'NONE',  ( 0.2215389376202313021, 0.5533024020055851144, 0.6476975430965470348 ) ) ;
#5817 = AXIS2_PLACEMENT_3D ( 'NONE', #504, #1119, #485 ) ;
#5818 = DIRECTION ( 'NONE',  ( -1.000000000000000000, 0.000000000000000000, 0.000000000000000000 ) ) ;
#5819 = UNCERTAINTY_MEASURE_WITH_UNIT (LENGTH_MEASURE( 1.000000000000000082E-05 ), #6840, 'distance_accuracy_value', 'NONE');
#5820 = ORIENTED_EDGE ( 'NONE', *, *, #5399, .T. ) ;
#5821 = CIRCLE ( 'NONE', #4154, 0.03937007874015747977 ) ;
#5822 = FILL_AREA_STYLE ('',( #850 ) ) ;
#5823 = DIRECTION ( 'NONE',  ( -0.000000000000000000, 0.000000000000000000, -1.000000000000000000 ) ) ;
#5824 = PRESENTATION_STYLE_ASSIGNMENT (( #6250 ) ) ;
#5825 = COLOUR_RGB ( '',0.7803921568627451011, 0.7607843137254901578, 0.7411764705882353255 ) ;
#5826 = SURFACE_SIDE_STYLE ('',( #5496 ) ) ;
#5827 = MECHANICAL_DESIGN_GEOMETRIC_PRESENTATION_REPRESENTATION (  '', ( #5083 ), #1742 ) ;
#5828 = DIRECTION ( 'NONE',  ( 0.000000000000000000, 0.000000000000000000, -1.000000000000000000 ) ) ;
#5829 = VECTOR ( 'NONE', #587, 39.37007874015748143 ) ;
#5830 = UNCERTAINTY_MEASURE_WITH_UNIT (LENGTH_MEASURE( 1.000000000000000082E-05 ), #345, 'distance_accuracy_value', 'NONE');
#5831 = SURFACE_SIDE_STYLE ('',( #1736 ) ) ;
#5832 = CARTESIAN_POINT ( 'NONE',  ( 0.1545645286917251282, 0.6182630319268449526, 0.5395786353614043795 ) ) ;
#5833 = FACE_OUTER_BOUND ( 'NONE', #1934, .T. ) ;
#5834 = PLANE ( 'NONE',  #56 ) ;
#5835 = DIRECTION ( 'NONE',  ( -3.614007241618349165E-15, 0.000000000000000000, 1.000000000000000000 ) ) ;
#5836 = ORIENTED_EDGE ( 'NONE', *, *, #5549, .T. ) ;
#5837 = LINE ( 'NONE', #7016, #4369 ) ;
#5838 = PRESENTATION_LAYER_ASSIGNMENT (  '', '', ( #2879 ) ) ;
#5839 = CONICAL_SURFACE ( 'NONE', #4779, 0.03937007874015748671, 0.6640461628266847161 ) ;
#5840 = CARTESIAN_POINT ( 'NONE',  ( 0.06209011872259351944, 0.3013338980685772439, 0.7894298265611140453 ) ) ;
#5841 = PLANE ( 'NONE',  #6644 ) ;
#5842 = COLOUR_RGB ( '',1.000000000000000000, 1.000000000000000000, 1.000000000000000000 ) ;
#5843 = EDGE_CURVE ( 'NONE', #2849, #475, #718, .T. ) ;
#5844 = PRESENTATION_LAYER_ASSIGNMENT (  '', '', ( #491 ) ) ;
#5845 =( NAMED_UNIT ( * ) PLANE_ANGLE_UNIT ( ) SI_UNIT ( $, .RADIAN. ) );
#5846 = ORIENTED_EDGE ( 'NONE', *, *, #2252, .T. ) ;
#5847 = MECHANICAL_DESIGN_GEOMETRIC_PRESENTATION_REPRESENTATION (  '', ( #6604 ), #494 ) ;
#5848 = PRESENTATION_STYLE_ASSIGNMENT (( #6844 ) ) ;
#5849 = EDGE_CURVE ( 'NONE', #3340, #4590, #5869, .T. ) ;
#5850 = ORIENTED_EDGE ( 'NONE', *, *, #1686, .T. ) ;
#5851 = DIRECTION ( 'NONE',  ( -0.000000000000000000, 1.000000000000000000, -0.000000000000000000 ) ) ;
#5852 = EDGE_CURVE ( 'NONE', #4330, #4952, #5693, .T. ) ;
#5853 = DIRECTION ( 'NONE',  ( -1.224646799147353454E-16, 1.000000000000000000, -1.848892746611746419E-32 ) ) ;
#5854 = LINE ( 'NONE', #2157, #982 ) ;
#5855 = FILL_AREA_STYLE_COLOUR ( '', #4435 ) ;
#5856 = FILL_AREA_STYLE_COLOUR ( '', #5893 ) ;
#5857 = CARTESIAN_POINT ( 'NONE',  ( 0.2215389376202312466, 0.5985779925567662474, 0.5728943934902481772 ) ) ;
#5858 = DIMENSIONAL_EXPONENTS ( 1.000000000000000000, 0.000000000000000000, 0.000000000000000000, 0.000000000000000000, 0.000000000000000000, 0.000000000000000000, 0.000000000000000000 ) ;
#5859 = SURFACE_SIDE_STYLE ('',( #6208 ) ) ;
#5860 = DIRECTION ( 'NONE',  ( 0.000000000000000000, 1.000000000000000000, 0.000000000000000000 ) ) ;
#5861 = VECTOR ( 'NONE', #5099, 39.37007874015748143 ) ;
#5862 = MECHANICAL_DESIGN_GEOMETRIC_PRESENTATION_REPRESENTATION (  '', ( #3136 ), #3496 ) ;
#5863 = ORIENTED_EDGE ( 'NONE', *, *, #3256, .F. ) ;
#5864 = VERTEX_POINT ( 'NONE', #4640 ) ;
#5865 = AXIS2_PLACEMENT_3D ( 'NONE', #3715, #361, #6563 ) ;
#5866 = LINE ( 'NONE', #194, #2926 ) ;
#5867 = DIRECTION ( 'NONE',  ( 0.9544338947578754340, 1.168844414212973759E-16, -0.2984224196291437869 ) ) ;
#5868 =( NAMED_UNIT ( * ) SI_UNIT ( $, .STERADIAN. ) SOLID_ANGLE_UNIT ( ) );
#5869 = CIRCLE ( 'NONE', #6256, 0.04724409448818896184 ) ;
#5870 = ORIENTED_EDGE ( 'NONE', *, *, #1873, .T. ) ;
#5871 = DIRECTION ( 'NONE',  ( -1.000000000000000000, 0.000000000000000000, 0.000000000000000000 ) ) ;
#5872 = CARTESIAN_POINT ( 'NONE',  ( 0.1329562604548769900, 0.2068457090921992647, 0.7500597478209566349 ) ) ;
#5873 = EDGE_CURVE ( 'NONE', #5694, #2230, #7085, .T. ) ;
#5874 = ORIENTED_EDGE ( 'NONE', *, *, #2627, .F. ) ;
#5875 = ORIENTED_EDGE ( 'NONE', *, *, #2289, .F. ) ;
#5876 = CARTESIAN_POINT ( 'NONE',  ( 0.2215389376202312466, 0.5985779925567662474, 0.7697447871910348960 ) ) ;
#5877 = CARTESIAN_POINT ( 'NONE',  ( 0.1329562604548769900, 0.2068457090921992647, 0.7894298265611140453 ) ) ;
#5878 = ORIENTED_EDGE ( 'NONE', *, *, #6321, .T. ) ;
#5879 = DIRECTION ( 'NONE',  ( -0.000000000000000000, -0.000000000000000000, 1.000000000000000000 ) ) ;
#5880 = AXIS2_PLACEMENT_3D ( 'NONE', #651, #8, #4555 ) ;
#5881 = DIRECTION ( 'NONE',  ( 0.000000000000000000, 0.000000000000000000, 1.000000000000000000 ) ) ;
#5882 = CARTESIAN_POINT ( 'NONE',  ( 0.06209011872259351944, 0.1910976775961362728, 0.8248628974272557146 ) ) ;
#5883 = PRESENTATION_LAYER_ASSIGNMENT (  '', '', ( #7005 ) ) ;
#5884 = CARTESIAN_POINT ( 'NONE',  ( 0.2057909061241683379, -0.06480783421488736651, 0.5532093541201690279 ) ) ;
#5885 = DIRECTION ( 'NONE',  ( 0.000000000000000000, 1.000000000000000000, 0.000000000000000000 ) ) ;
#5886 = SURFACE_STYLE_USAGE ( .BOTH. , #2506 ) ;
#5887 = CARTESIAN_POINT ( 'NONE',  ( 0.1545645286917251282, 0.6182630319268449526, 0.5395786353614043795 ) ) ;
#5888 = STYLED_ITEM ( 'NONE', ( #999 ), #5601 ) ;
#5889 = EDGE_CURVE ( 'NONE', #885, #6087, #4216, .T. ) ;
#5890 = DIRECTION ( 'NONE',  ( -1.000000000000000000, 0.000000000000000000, 0.000000000000000000 ) ) ;
#5891 = UNCERTAINTY_MEASURE_WITH_UNIT (LENGTH_MEASURE( 1.000000000000000082E-05 ), #6366, 'distance_accuracy_value', 'NONE');
#5892 = ADVANCED_FACE ( 'NONE', ( #4651 ), #3539, .F. ) ;
#5893 = COLOUR_RGB ( '',0.7803921568627451011, 0.7607843137254901578, 0.7411764705882353255 ) ;
#5894 =( NAMED_UNIT ( * ) PLANE_ANGLE_UNIT ( ) SI_UNIT ( $, .RADIAN. ) );
#5895 = SURFACE_SIDE_STYLE ('',( #4172 ) ) ;
#5896 = PRESENTATION_LAYER_ASSIGNMENT (  '', '', ( #2711 ) ) ;
#5897 = STYLED_ITEM ( 'NONE', ( #5291 ), #2042 ) ;
#5898 = ORIENTED_EDGE ( 'NONE', *, *, #1872, .T. ) ;
#5899 = LENGTH_MEASURE_WITH_UNIT ( LENGTH_MEASURE( 0.02539999999999999897 ), #5627 );
#5900 =( NAMED_UNIT ( * ) PLANE_ANGLE_UNIT ( ) SI_UNIT ( $, .RADIAN. ) );
#5901 = CARTESIAN_POINT ( 'NONE',  ( 0.06209011872259351944, 0.1753496461000732809, 0.5532093541201690279 ) ) ;
#5902 = ORIENTED_EDGE ( 'NONE', *, *, #5399, .F. ) ;
#5903 = VERTEX_POINT ( 'NONE', #1283 ) ;
#5904 = DIRECTION ( 'NONE',  ( -1.224646799147353454E-16, 1.000000000000000000, 2.465190328815661892E-32 ) ) ;
#5905 = EDGE_CURVE ( 'NONE', #1040, #120, #6996, .T. ) ;
#5906 = CARTESIAN_POINT ( 'NONE',  ( 0.2215389376202312466, 0.5985779925567662474, 0.5728943934902481772 ) ) ;
#5907 = LINE ( 'NONE', #3226, #2729 ) ;
#5908 = STYLED_ITEM ( 'NONE', ( #4173 ), #2497 ) ;
#5909 = DIRECTION ( 'NONE',  ( -1.224646799147353454E-16, 1.000000000000000000, 3.081487911019577365E-32 ) ) ;
#5910 =( CONVERSION_BASED_UNIT ( 'INCH', #1011 ) LENGTH_UNIT ( ) NAMED_UNIT ( #4719 ) );
#5911 = LINE ( 'NONE', #3301, #4446 ) ;
#5912 = ORIENTED_EDGE ( 'NONE', *, *, #1547, .T. ) ;
#5913 = UNCERTAINTY_MEASURE_WITH_UNIT (LENGTH_MEASURE( 1.000000000000000082E-05 ), #5806, 'distance_accuracy_value', 'NONE');
#5914 = ORIENTED_EDGE ( 'NONE', *, *, #6824, .T. ) ;
#5915 = ORIENTED_EDGE ( 'NONE', *, *, #4233, .F. ) ;
#5916 = PLANE ( 'NONE',  #2239 ) ;
#5917 = ADVANCED_FACE ( 'NONE', ( #2667 ), #1619, .T. ) ;
#5918 = PLANE ( 'NONE',  #3601 ) ;
#5919 = UNCERTAINTY_MEASURE_WITH_UNIT (LENGTH_MEASURE( 1.000000000000000082E-05 ), #5505, 'distance_accuracy_value', 'NONE');
#5920 = CIRCLE ( 'NONE', #3831, 0.07480314960629924625 ) ;
#5921 = LINE ( 'NONE', #119, #6793 ) ;
#5922 = CARTESIAN_POINT ( 'NONE',  ( 0.03256255966747541308, 0.09267248074574256644, 0.4744691966398540961 ) ) ;
#5923 = VECTOR ( 'NONE', #3540, 39.37007874015748143 ) ;
#5924 =( GEOMETRIC_REPRESENTATION_CONTEXT ( 3 ) GLOBAL_UNCERTAINTY_ASSIGNED_CONTEXT ( ( #6048 ) ) GLOBAL_UNIT_ASSIGNED_CONTEXT ( ( #2193, #7200, #2172 ) ) REPRESENTATION_CONTEXT ( 'NONE', 'WORKASPACE' ) );
#5925 = EDGE_CURVE ( 'NONE', #6489, #5750, #6657, .T. ) ;
#5926 =( NAMED_UNIT ( * ) PLANE_ANGLE_UNIT ( ) SI_UNIT ( $, .RADIAN. ) );
#5927 = SURFACE_STYLE_FILL_AREA ( #4663 ) ;
#5928 = VERTEX_POINT ( 'NONE', #6287 ) ;
#5929 = VERTEX_POINT ( 'NONE', #5763 ) ;
#5930 = CARTESIAN_POINT ( 'NONE',  ( 0.09358618171471953795, 0.2068457090921995423, 0.5925794328603265493 ) ) ;
#5931 =( NAMED_UNIT ( * ) PLANE_ANGLE_UNIT ( ) SI_UNIT ( $, .RADIAN. ) );
#5932 = DIMENSIONAL_EXPONENTS ( 1.000000000000000000, 0.000000000000000000, 0.000000000000000000, 0.000000000000000000, 0.000000000000000000, 0.000000000000000000, 0.000000000000000000 ) ;
#5933 = LINE ( 'NONE', #2979, #1237 ) ;
#5934 =( CONVERSION_BASED_UNIT ( 'INCH', #7083 ) LENGTH_UNIT ( ) NAMED_UNIT ( #4148 ) );
#5935 = CARTESIAN_POINT ( 'NONE',  ( 0.2885133465487373372, 0.6182630319268449526, 0.7364290290621910984 ) ) ;
#5936 = SURFACE_STYLE_FILL_AREA ( #1046 ) ;
#5937 = VECTOR ( 'NONE', #875, 39.37007874015748143 ) ;
#5938 = VERTEX_POINT ( 'NONE', #5214 ) ;
#5939 = PRESENTATION_LAYER_ASSIGNMENT (  '', '', ( #4951 ) ) ;
#5940 = EDGE_CURVE ( 'NONE', #557, #5648, #2402, .T. ) ;
#5941 = DIRECTION ( 'NONE',  ( -0.000000000000000000, -0.000000000000000000, -1.000000000000000000 ) ) ;
#5942 = ORIENTED_EDGE ( 'NONE', *, *, #6836, .T. ) ;
#5943 = SURFACE_STYLE_USAGE ( .BOTH. , #422 ) ;
#5944 = LINE ( 'NONE', #4179, #2759 ) ;
#5945 = VECTOR ( 'NONE', #1819, 39.37007874015748143 ) ;
#5946 =( CONVERSION_BASED_UNIT ( 'INCH', #11 ) LENGTH_UNIT ( ) NAMED_UNIT ( #5932 ) );
#5947 = EDGE_CURVE ( 'NONE', #1329, #6769, #3802, .T. ) ;
#5948 = VERTEX_POINT ( 'NONE', #4682 ) ;
#5949 = MECHANICAL_DESIGN_GEOMETRIC_PRESENTATION_REPRESENTATION (  '', ( #5199 ), #5994 ) ;
#5950 = DIRECTION ( 'NONE',  ( 0.000000000000000000, 0.000000000000000000, 1.000000000000000000 ) ) ;
#5951 =( LENGTH_UNIT ( ) NAMED_UNIT ( * ) SI_UNIT ( $, .METRE. ) );
#5952 = ORIENTED_EDGE ( 'NONE', *, *, #3444, .T. ) ;
#5953 = PLANE ( 'NONE',  #3690 ) ;
#5954 = FACE_OUTER_BOUND ( 'NONE', #66, .T. ) ;
#5955 =( CONVERSION_BASED_UNIT ( 'INCH', #2023 ) LENGTH_UNIT ( ) NAMED_UNIT ( #4442 ) );
#5956 = ORIENTED_EDGE ( 'NONE', *, *, #5024, .T. ) ;
#5957 = ORIENTED_EDGE ( 'NONE', *, *, #5340, .T. ) ;
#5958 = CARTESIAN_POINT ( 'NONE',  ( 0.2215389376202312466, 0.5985779925567662474, 0.5728943934902481772 ) ) ;
#5959 = CARTESIAN_POINT ( 'NONE',  ( 0.3475231895887351818, 0.3407039768087347098, 0.5925794328603265493 ) ) ;
#5960 = EDGE_CURVE ( 'NONE', #5464, #2409, #3534, .T. ) ;
#5961 = CARTESIAN_POINT ( 'NONE',  ( 0.2372869691162943495, -0.06480783421488736651, 0.5925794328603265493 ) ) ;
#5962 = COLOUR_RGB ( '',0.7803921568627451011, 0.7607843137254901578, 0.7411764705882353255 ) ;
#5963 = AXIS2_PLACEMENT_3D ( 'NONE', #6664, #4475, #3320 ) ;
#5964 = DIRECTION ( 'NONE',  ( 0.2845982884263074109, -0.9586468662780973649, 0.000000000000000000 ) ) ;
#5965 = ORIENTED_EDGE ( 'NONE', *, *, #1378, .T. ) ;
#5966 = ADVANCED_FACE ( 'NONE', ( #5172, #907, #5253 ), #6939, .F. ) ;
#5967 =( NAMED_UNIT ( * ) SI_UNIT ( $, .STERADIAN. ) SOLID_ANGLE_UNIT ( ) );
#5968 = FACE_OUTER_BOUND ( 'NONE', #5574, .T. ) ;
#5969 = FILL_AREA_STYLE ('',( #1973 ) ) ;
#5970 = VECTOR ( 'NONE', #4342, 39.37007874015748143 ) ;
#5971 = CARTESIAN_POINT ( 'NONE',  ( 0.1329562604548769900, 0.2068457090921992647, 0.7894298265611140453 ) ) ;
#5972 = ORIENTED_EDGE ( 'NONE', *, *, #5569, .T. ) ;
#5973 = FILL_AREA_STYLE ('',( #2740 ) ) ;
#5974 = CARTESIAN_POINT ( 'NONE',  ( 0.1664208273840108721, 0.1359795673599158150, 0.5925794328603265493 ) ) ;
#5975 = DIMENSIONAL_EXPONENTS ( 1.000000000000000000, 0.000000000000000000, 0.000000000000000000, 0.000000000000000000, 0.000000000000000000, 0.000000000000000000, 0.000000000000000000 ) ;
#5976 = LINE ( 'NONE', #6969, #3983 ) ;
#5977 = ADVANCED_FACE ( 'NONE', ( #1874 ), #831, .F. ) ;
#5978 = MECHANICAL_DESIGN_GEOMETRIC_PRESENTATION_REPRESENTATION (  '', ( #5691 ), #6336 ) ;
#5979 = PLANE ( 'NONE',  #2606 ) ;
#5980 = ORIENTED_EDGE ( 'NONE', *, *, #3215, .F. ) ;
#5981 = DIRECTION ( 'NONE',  ( 0.000000000000000000, -1.000000000000000000, 0.000000000000000000 ) ) ;
#5982 = FILL_AREA_STYLE ('',( #988 ) ) ;
#5983 = PRESENTATION_STYLE_ASSIGNMENT (( #3632 ) ) ;
#5984 = FILL_AREA_STYLE ('',( #3689 ) ) ;
#5985 = MECHANICAL_DESIGN_GEOMETRIC_PRESENTATION_REPRESENTATION (  '', ( #4036 ), #393 ) ;
#5986 = FILL_AREA_STYLE_COLOUR ( '', #1434 ) ;
#5987 = PLANE ( 'NONE',  #7133 ) ;
#5988 = LINE ( 'NONE', #2640, #4503 ) ;
#5989 = LENGTH_MEASURE_WITH_UNIT ( LENGTH_MEASURE( 0.02539999999999999897 ), #6175 );
#5990 = SURFACE_SIDE_STYLE ('',( #3768 ) ) ;
#5991 = AXIS2_PLACEMENT_3D ( 'NONE', #1268, #4612, #2280 ) ;
#5992 =( LENGTH_UNIT ( ) NAMED_UNIT ( * ) SI_UNIT ( $, .METRE. ) );
#5993 = ORIENTED_EDGE ( 'NONE', *, *, #1247, .T. ) ;
#5994 =( GEOMETRIC_REPRESENTATION_CONTEXT ( 3 ) GLOBAL_UNCERTAINTY_ASSIGNED_CONTEXT ( ( #1203 ) ) GLOBAL_UNIT_ASSIGNED_CONTEXT ( ( #2820, #6216, #1713 ) ) REPRESENTATION_CONTEXT ( 'NONE', 'WORKASPACE' ) );
#5995 = ORIENTED_EDGE ( 'NONE', *, *, #6796, .T. ) ;
#5996 = EDGE_CURVE ( 'NONE', #3901, #4903, #3009, .T. ) ;
#5997 = DIRECTION ( 'NONE',  ( 0.000000000000000000, 1.000000000000000000, 0.000000000000000000 ) ) ;
#5998 = DIRECTION ( 'NONE',  ( -0.000000000000000000, -1.000000000000000000, -0.000000000000000000 ) ) ;
#5999 = ADVANCED_FACE ( 'NONE', ( #6564 ), #6035, .F. ) ;
#6000 = SURFACE_SIDE_STYLE ('',( #508 ) ) ;
#6001 = ORIENTED_EDGE ( 'NONE', *, *, #307, .F. ) ;
#6002 = PRESENTATION_LAYER_ASSIGNMENT (  '', '', ( #5632 ) ) ;
#6003 = UNCERTAINTY_MEASURE_WITH_UNIT (LENGTH_MEASURE( 1.000000000000000082E-05 ), #4406, 'distance_accuracy_value', 'NONE');
#6004 = AXIS2_PLACEMENT_3D ( 'NONE', #6898, #2520, #4691 ) ;
#6005 = DIRECTION ( 'NONE',  ( 1.000000000000000000, 0.000000000000000000, 0.000000000000000000 ) ) ;
#6006 = CARTESIAN_POINT ( 'NONE',  ( 0.2372869691162943495, -0.06480783421488736651, 0.5532093541201690279 ) ) ;
#6007 = FILL_AREA_STYLE_COLOUR ( '', #1953 ) ;
#6008 = DIMENSIONAL_EXPONENTS ( 1.000000000000000000, 0.000000000000000000, 0.000000000000000000, 0.000000000000000000, 0.000000000000000000, 0.000000000000000000, 0.000000000000000000 ) ;
#6009 = SURFACE_SIDE_STYLE ('',( #4223 ) ) ;
#6010 = EDGE_CURVE ( 'NONE', #3934, #10, #2573, .T. ) ;
#6011 = SURFACE_STYLE_FILL_AREA ( #2352 ) ;
#6012 = STYLED_ITEM ( 'NONE', ( #459 ), #3213 ) ;
#6013 = FILL_AREA_STYLE ('',( #3828 ) ) ;
#6014 = VERTEX_POINT ( 'NONE', #2056 ) ;
#6015 =( LENGTH_UNIT ( ) NAMED_UNIT ( * ) SI_UNIT ( $, .METRE. ) );
#6016 = LINE ( 'NONE', #1464, #1154 ) ;
#6017 = FILL_AREA_STYLE ('',( #3710 ) ) ;
#6018 = CARTESIAN_POINT ( 'NONE',  ( 0.2955626950439139700, 0.5985779925567662474, 0.7589747116155266538 ) ) ;
#6019 = AXIS2_PLACEMENT_3D ( 'NONE', #5971, #6524, #4938 ) ;
#6020 = EDGE_LOOP ( 'NONE', ( #1139, #2270, #6298, #5097 ) ) ;
#6021 = PRESENTATION_STYLE_ASSIGNMENT (( #3376 ) ) ;
#6022 = DIRECTION ( 'NONE',  ( 0.5882254945458061934, 0.7875050010075858031, 0.1839202026814449054 ) ) ;
#6023 = SURFACE_STYLE_USAGE ( .BOTH. , #2163 ) ;
#6024 = PRESENTATION_STYLE_ASSIGNMENT (( #1279 ) ) ;
#6025 = ORIENTED_EDGE ( 'NONE', *, *, #6462, .F. ) ;
#6026 = CARTESIAN_POINT ( 'NONE',  ( 0.3475231895887351818, 0.3092079138166087260, 0.8248628974272557146 ) ) ;
#6027 =( NAMED_UNIT ( * ) SI_UNIT ( $, .STERADIAN. ) SOLID_ANGLE_UNIT ( ) );
#6028 = CARTESIAN_POINT ( 'NONE',  ( 0.06209011872259351944, 0.3092079138166087260, 0.7894298265611140453 ) ) ;
#6029 = PRESENTATION_STYLE_ASSIGNMENT (( #6734 ) ) ;
#6030 = PRESENTATION_LAYER_ASSIGNMENT (  '', '', ( #4498 ) ) ;
#6031 = ADVANCED_FACE ( 'NONE', ( #1612 ), #5916, .F. ) ;
#6032 =( GEOMETRIC_REPRESENTATION_CONTEXT ( 3 ) GLOBAL_UNCERTAINTY_ASSIGNED_CONTEXT ( ( #1287 ) ) GLOBAL_UNIT_ASSIGNED_CONTEXT ( ( #3349, #7170, #4478 ) ) REPRESENTATION_CONTEXT ( 'NONE', 'WORKASPACE' ) );
#6033 = FACE_OUTER_BOUND ( 'NONE', #5592, .T. ) ;
#6034 = SURFACE_SIDE_STYLE ('',( #5483 ) ) ;
#6035 = CYLINDRICAL_SURFACE ( 'NONE', #1386, 0.07480314960629924625 ) ;
#6036 = VERTEX_POINT ( 'NONE', #325 ) ;
#6037 = ORIENTED_EDGE ( 'NONE', *, *, #1910, .F. ) ;
#6038 = CARTESIAN_POINT ( 'NONE',  ( 0.000000000000000000, 0.000000000000000000, 0.000000000000000000 ) ) ;
#6039 = CARTESIAN_POINT ( 'NONE',  ( 0.2955626950439139700, 0.6182630319268449526, 0.5836644690657563084 ) ) ;
#6040 = FACE_OUTER_BOUND ( 'NONE', #556, .T. ) ;
#6041 = ORIENTED_EDGE ( 'NONE', *, *, #1201, .F. ) ;
#6042 = DIRECTION ( 'NONE',  ( 1.000000000000000000, 0.000000000000000000, 0.000000000000000000 ) ) ;
#6043 = EDGE_CURVE ( 'NONE', #7121, #1693, #5854, .T. ) ;
#6044 =( GEOMETRIC_REPRESENTATION_CONTEXT ( 3 ) GLOBAL_UNCERTAINTY_ASSIGNED_CONTEXT ( ( #1520 ) ) GLOBAL_UNIT_ASSIGNED_CONTEXT ( ( #858, #4334, #3814 ) ) REPRESENTATION_CONTEXT ( 'NONE', 'WORKASPACE' ) );
#6045 = SURFACE_STYLE_FILL_AREA ( #1657 ) ;
#6046 = ORIENTED_EDGE ( 'NONE', *, *, #177, .F. ) ;
#6047 =( CONVERSION_BASED_UNIT ( 'INCH', #4869 ) LENGTH_UNIT ( ) NAMED_UNIT ( #3391 ) );
#6048 = UNCERTAINTY_MEASURE_WITH_UNIT (LENGTH_MEASURE( 1.000000000000000082E-05 ), #2193, 'distance_accuracy_value', 'NONE');
#6049 = STYLED_ITEM ( 'NONE', ( #1582 ), #1038 ) ;
#6050 = MANIFOLD_SOLID_BREP ( 'KRE 02 SCREW-1-solid1', #4814 ) ;
#6051 = PLANE ( 'NONE',  #2200 ) ;
#6052 = ORIENTED_EDGE ( 'NONE', *, *, #5011, .T. ) ;
#6053 = SURFACE_STYLE_USAGE ( .BOTH. , #3344 ) ;
#6054 = DIRECTION ( 'NONE',  ( 1.000000000000000000, 0.000000000000000000, 0.000000000000000000 ) ) ;
#6055 = ORIENTED_EDGE ( 'NONE', *, *, #1462, .F. ) ;
#6056 = DIRECTION ( 'NONE',  ( -0.8272166912750229528, 0.5618830355830325418, 0.000000000000000000 ) ) ;
#6057 = DIRECTION ( 'NONE',  ( 0.000000000000000000, 1.000000000000000000, 0.000000000000000000 ) ) ;
#6058 = EDGE_CURVE ( 'NONE', #4692, #4562, #4387, .T. ) ;
#6059 = AXIS2_PLACEMENT_3D ( 'NONE', #159, #3562, #6779 ) ;
#6060 = VERTEX_POINT ( 'NONE', #1013 ) ;
#6061 = UNCERTAINTY_MEASURE_WITH_UNIT (LENGTH_MEASURE( 1.000000000000000082E-05 ), #2084, 'distance_accuracy_value', 'NONE');
#6062 = DIRECTION ( 'NONE',  ( 0.000000000000000000, -0.000000000000000000, -1.000000000000000000 ) ) ;
#6063 = MECHANICAL_DESIGN_GEOMETRIC_PRESENTATION_REPRESENTATION (  '', ( #2493 ), #1889 ) ;
#6064 = CIRCLE ( 'NONE', #5058, 0.03937007874015747977 ) ;
#6065 = DIRECTION ( 'NONE',  ( -0.000000000000000000, -1.000000000000000000, 0.000000000000000000 ) ) ;
#6066 = ADVANCED_FACE ( 'NONE', ( #3611 ), #5979, .F. ) ;
#6067 = CARTESIAN_POINT ( 'NONE',  ( 0.2057909061241683379, 0.09660948861975832136, 0.7500597478209566349 ) ) ;
#6068 = CARTESIAN_POINT ( 'NONE',  ( 0.1014601974627510061, 0.3013338980685772439, 0.7894298265611140453 ) ) ;
#6069 = SURFACE_STYLE_USAGE ( .BOTH. , #1654 ) ;
#6070 = DIRECTION ( 'NONE',  ( -0.000000000000000000, -0.4472135954999562069, -0.8944271909999167436 ) ) ;
#6071 = MECHANICAL_DESIGN_GEOMETRIC_PRESENTATION_REPRESENTATION (  '', ( #3861 ), #4319 ) ;
#6072 = CARTESIAN_POINT ( 'NONE',  ( 0.1177487016884988247, 0.5985779925567662474, 0.5280674471740465226 ) ) ;
#6073 = EDGE_CURVE ( 'NONE', #2858, #5694, #5509, .T. ) ;
#6074 = FACE_OUTER_BOUND ( 'NONE', #2784, .T. ) ;
#6075 = ORIENTED_EDGE ( 'NONE', *, *, #3925, .F. ) ;
#6076 = LINE ( 'NONE', #2762, #5116 ) ;
#6077 = DIRECTION ( 'NONE',  ( 0.000000000000000000, 1.000000000000000000, 0.000000000000000000 ) ) ;
#6078 = SURFACE_STYLE_FILL_AREA ( #1325 ) ;
#6079 = EDGE_CURVE ( 'NONE', #4126, #6060, #3433, .T. ) ;
#6080 = AXIS2_PLACEMENT_3D ( 'NONE', #1215, #1126, #1687 ) ;
#6081 = VERTEX_POINT ( 'NONE', #958 ) ;
#6082 = CARTESIAN_POINT ( 'NONE',  ( 0.1172082289588141368, 0.6950346854701520138, 0.8681699840414289771 ) ) ;
#6083 = EDGE_CURVE ( 'NONE', #2678, #3747, #2309, .T. ) ;
#6084 =( NAMED_UNIT ( * ) SI_UNIT ( $, .STERADIAN. ) SOLID_ANGLE_UNIT ( ) );
#6085 = DIRECTION ( 'NONE',  ( 0.000000000000000000, 0.000000000000000000, 1.000000000000000000 ) ) ;
#6086 = VERTEX_POINT ( 'NONE', #4977 ) ;
#6087 = VERTEX_POINT ( 'NONE', #6111 ) ;
#6088 =( GEOMETRIC_REPRESENTATION_CONTEXT ( 3 ) GLOBAL_UNCERTAINTY_ASSIGNED_CONTEXT ( ( #6460 ) ) GLOBAL_UNIT_ASSIGNED_CONTEXT ( ( #6508, #4252, #4855 ) ) REPRESENTATION_CONTEXT ( 'NONE', 'WORKASPACE' ) );
#6089 = ORIENTED_EDGE ( 'NONE', *, *, #735, .F. ) ;
#6090 = CARTESIAN_POINT ( 'NONE',  ( 0.2372869691162943495, -0.06480783421488736651, 0.5768314013642634741 ) ) ;
#6091 = LINE ( 'NONE', #4013, #5757 ) ;
#6093 = VECTOR ( 'NONE', #317, 39.37007874015748143 ) ;
#6092 = PRESENTATION_STYLE_ASSIGNMENT (( #4895 ) ) ;
#6094 = LINE ( 'NONE', #4607, #1674 ) ;
#6095 = ORIENTED_EDGE ( 'NONE', *, *, #3742, .T. ) ;
#6096 = ADVANCED_FACE ( 'NONE', ( #5682 ), #3956, .F. ) ;
#6097 = VERTEX_POINT ( 'NONE', #3999 ) ;
#6098 = CIRCLE ( 'NONE', #5625, 0.01968503937007873988 ) ;
#6099 = CARTESIAN_POINT ( 'NONE',  ( 0.06209011872259351944, 0.1359795673599158150, 0.5925794328603265493 ) ) ;
#6100 = SURFACE_STYLE_FILL_AREA ( #550 ) ;
#6101 = AXIS2_PLACEMENT_3D ( 'NONE', #1966, #2523, #4737 ) ;
#6102 = APPLICATION_PROTOCOL_DEFINITION ( 'draft international standard', 'automotive_design', 1998, #574 ) ;
#6103 = DIMENSIONAL_EXPONENTS ( 1.000000000000000000, 0.000000000000000000, 0.000000000000000000, 0.000000000000000000, 0.000000000000000000, 0.000000000000000000, 0.000000000000000000 ) ;
#6104 = ORIENTED_EDGE ( 'NONE', *, *, #5188, .T. ) ;
#6105 = PRESENTATION_STYLE_ASSIGNMENT (( #591 ) ) ;
#6106 = DIRECTION ( 'NONE',  ( -0.000000000000000000, -0.000000000000000000, 1.000000000000000000 ) ) ;
#6107 = FILL_AREA_STYLE ('',( #481 ) ) ;
#6108 = EDGE_LOOP ( 'NONE', ( #5610, #5296, #6041, #3342 ) ) ;
#6109 = DIRECTION ( 'NONE',  ( 0.000000000000000000, 0.000000000000000000, 1.000000000000000000 ) ) ;
#6110 = AXIS2_PLACEMENT_3D ( 'NONE', #5357, #5890, #6414 ) ;
#6111 = CARTESIAN_POINT ( 'NONE',  ( 0.3475231895887351818, 0.3407039768087347098, 0.5925794328603265493 ) ) ;
#6112 =( CONVERSION_BASED_UNIT ( 'INCH', #7051 ) LENGTH_UNIT ( ) NAMED_UNIT ( #6693 ) );
#6113 = COLOUR_RGB ( '',0.7803921568627451011, 0.7607843137254901578, 0.7411764705882353255 ) ;
#6114 = ORIENTED_EDGE ( 'NONE', *, *, #3830, .T. ) ;
#6115 = DIRECTION ( 'NONE',  ( -0.000000000000000000, -0.000000000000000000, -1.000000000000000000 ) ) ;
#6116 =( LENGTH_UNIT ( ) NAMED_UNIT ( * ) SI_UNIT ( $, .METRE. ) );
#6117 = PLANE ( 'NONE',  #6738 ) ;
#6118 = MECHANICAL_DESIGN_GEOMETRIC_PRESENTATION_REPRESENTATION (  '', ( #3394 ), #1239 ) ;
#6119 = PRESENTATION_STYLE_ASSIGNMENT (( #1983 ) ) ;
#6120 = ORIENTED_EDGE ( 'NONE', *, *, #2656, .F. ) ;
#6121 = ORIENTED_EDGE ( 'NONE', *, *, #856, .F. ) ;
#6122 = PRESENTATION_LAYER_ASSIGNMENT (  '', '', ( #5888 ) ) ;
#6123 = DIRECTION ( 'NONE',  ( 0.000000000000000000, 0.000000000000000000, 1.000000000000000000 ) ) ;
#6124 = FILL_AREA_STYLE ('',( #3936 ) ) ;
#6125 = FILL_AREA_STYLE_COLOUR ( '', #3680 ) ;
#6126 = ORIENTED_EDGE ( 'NONE', *, *, #6281, .T. ) ;
#6127 = DIRECTION ( 'NONE',  ( -1.000000000000000000, 0.000000000000000000, 0.000000000000000000 ) ) ;
#6128 = ADVANCED_FACE ( 'NONE', ( #1338 ), #95, .F. ) ;
#6129 =( NAMED_UNIT ( * ) PLANE_ANGLE_UNIT ( ) SI_UNIT ( $, .RADIAN. ) );
#6130 = MECHANICAL_DESIGN_GEOMETRIC_PRESENTATION_REPRESENTATION (  '', ( #2428 ), #4509 ) ;
#6131 = SURFACE_SIDE_STYLE ('',( #2229 ) ) ;
#6132 = VECTOR ( 'NONE', #2097, 39.37007874015748143 ) ;
#6133 = DIRECTION ( 'NONE',  ( 0.000000000000000000, 0.000000000000000000, 1.000000000000000000 ) ) ;
#6134 = EDGE_LOOP ( 'NONE', ( #2044, #4510, #6480, #2268 ) ) ;
#6135 = EDGE_CURVE ( 'NONE', #3747, #6821, #2832, .T. ) ;
#6136 = CARTESIAN_POINT ( 'NONE',  ( 0.2215389376202313021, 0.3092079138166087260, 0.7697447871910352291 ) ) ;
#6137 =( LENGTH_UNIT ( ) NAMED_UNIT ( * ) SI_UNIT ( $, .METRE. ) );
#6138 = LINE ( 'NONE', #6891, #1197 ) ;
#6139 =( GEOMETRIC_REPRESENTATION_CONTEXT ( 3 ) GLOBAL_UNCERTAINTY_ASSIGNED_CONTEXT ( ( #1888 ) ) GLOBAL_UNIT_ASSIGNED_CONTEXT ( ( #3484, #139, #1286 ) ) REPRESENTATION_CONTEXT ( 'NONE', 'WORKASPACE' ) );
#6140 = DIRECTION ( 'NONE',  ( -0.000000000000000000, -0.000000000000000000, -1.000000000000000000 ) ) ;
#6141 = VECTOR ( 'NONE', #1712, 39.37007874015748143 ) ;
#6142 = FACE_OUTER_BOUND ( 'NONE', #5394, .T. ) ;
#6143 = CARTESIAN_POINT ( 'NONE',  ( 0.06209011872259351944, 0.3407039768087347098, 0.7500597478209566349 ) ) ;
#6144 = SURFACE_STYLE_FILL_AREA ( #5221 ) ;
#6145 = PRESENTATION_LAYER_ASSIGNMENT (  '', '', ( #5651 ) ) ;
#6146 = VECTOR ( 'NONE', #5809, 39.37007874015748143 ) ;
#6147 = DIRECTION ( 'NONE',  ( -0.000000000000000000, -0.000000000000000000, 1.000000000000000000 ) ) ;
#6148 = DIRECTION ( 'NONE',  ( -0.000000000000000000, -0.000000000000000000, -1.000000000000000000 ) ) ;
#6149 = ORIENTED_EDGE ( 'NONE', *, *, #2599, .F. ) ;
#6150 = CARTESIAN_POINT ( 'NONE',  ( 0.1172082289588141368, 0.6950346854701520138, 0.4744691966398540961 ) ) ;
#6151 = CARTESIAN_POINT ( 'NONE',  ( 0.3475231895887351818, 0.3092079138166087260, 0.7894298265611140453 ) ) ;
#6152 = LINE ( 'NONE', #3515, #4262 ) ;
#6153 = PRESENTATION_LAYER_ASSIGNMENT (  '', '', ( #4813 ) ) ;
#6154 = VERTEX_POINT ( 'NONE', #2327 ) ;
#6155 = EDGE_CURVE ( 'NONE', #4139, #5415, #1772, .T. ) ;
#6156 = EDGE_LOOP ( 'NONE', ( #4263, #6562, #5874, #3292 ) ) ;
#6157 = DIRECTION ( 'NONE',  ( -1.000000000000000000, 0.000000000000000000, 0.000000000000000000 ) ) ;
#6158 = FACE_BOUND ( 'NONE', #1468, .T. ) ;
#6159 = ADVANCED_FACE ( 'NONE', ( #2046 ), #458, .T. ) ;
#6160 = LINE ( 'NONE', #4596, #769 ) ;
#6161 = COLOUR_RGB ( '',1.000000000000000000, 1.000000000000000000, 1.000000000000000000 ) ;
#6162 = CARTESIAN_POINT ( 'NONE',  ( 0.3475231895887350708, 0.3092079138166087260, 0.7146266769548147435 ) ) ;
#6163 = ORIENTED_EDGE ( 'NONE', *, *, #911, .T. ) ;
#6164 = MECHANICAL_DESIGN_GEOMETRIC_PRESENTATION_REPRESENTATION (  '', ( #2940 ), #308 ) ;
#6165 = PRESENTATION_LAYER_ASSIGNMENT (  '', '', ( #3873 ) ) ;
#6166 = SURFACE_STYLE_USAGE ( .BOTH. , #5607 ) ;
#6167 = LINE ( 'NONE', #1828, #1401 ) ;
#6168 = SURFACE_STYLE_FILL_AREA ( #4841 ) ;
#6169 = CARTESIAN_POINT ( 'NONE',  ( 0.2372869691162943495, 0.09267248074574256644, 0.5925794328603265493 ) ) ;
#6170 = DIRECTION ( 'NONE',  ( -1.000000000000000000, 0.000000000000000000, 0.000000000000000000 ) ) ;
#6171 = CARTESIAN_POINT ( 'NONE',  ( 0.02468854391944393101, 0.08479846499771107049, 0.4744691966398540961 ) ) ;
#6172 = ORIENTED_EDGE ( 'NONE', *, *, #6135, .F. ) ;
#6173 = EDGE_CURVE ( 'NONE', #2488, #10, #1952, .T. ) ;
#6174 =( CONVERSION_BASED_UNIT ( 'INCH', #3010 ) LENGTH_UNIT ( ) NAMED_UNIT ( #466 ) );
#6175 =( LENGTH_UNIT ( ) NAMED_UNIT ( * ) SI_UNIT ( $, .METRE. ) );
#6176 = DIRECTION ( 'NONE',  ( 0.000000000000000000, 1.000000000000000000, -1.445602896647339163E-16 ) ) ;
#6177 = EDGE_CURVE ( 'NONE', #620, #5730, #3426, .T. ) ;
#6178 = ORIENTED_EDGE ( 'NONE', *, *, #4473, .F. ) ;
#6180 = LINE ( 'NONE', #841, #5671 ) ;
#6179 = COLOUR_RGB ( '',0.6470588235294117974, 0.6196078431372549211, 0.5882352941176470784 ) ;
#6181 = PRESENTATION_STYLE_ASSIGNMENT (( #2316 ) ) ;
#6182 = AXIS2_PLACEMENT_3D ( 'NONE', #2400, #6858, #5718 ) ;
#6183 = CARTESIAN_POINT ( 'NONE',  ( 0.2215389376202312466, 0.5985779925567662474, 0.5728943934902481772 ) ) ;
#6184 = CARTESIAN_POINT ( 'NONE',  ( 0.1785912521295394961, 0.3092079138166086705, 0.7500597478209566349 ) ) ;
#6185 = ORIENTED_EDGE ( 'NONE', *, *, #4835, .T. ) ;
#6186 =( NAMED_UNIT ( * ) PLANE_ANGLE_UNIT ( ) SI_UNIT ( $, .RADIAN. ) );
#6187 = CYLINDRICAL_SURFACE ( 'NONE', #2382, 0.03937007874015747977 ) ;
#6188 = EDGE_LOOP ( 'NONE', ( #5493, #1559, #7048, #6647 ) ) ;
#6189 = AXIS2_PLACEMENT_3D ( 'NONE', #2531, #4242, #4144 ) ;
#6190 =( NAMED_UNIT ( * ) PLANE_ANGLE_UNIT ( ) SI_UNIT ( $, .RADIAN. ) );
#6191 = LINE ( 'NONE', #3303, #279 ) ;
#6192 = LENGTH_MEASURE_WITH_UNIT ( LENGTH_MEASURE( 0.02539999999999999897 ), #1156 );
#6193 = ORIENTED_EDGE ( 'NONE', *, *, #5117, .F. ) ;
#6194 = SURFACE_SIDE_STYLE ('',( #5605 ) ) ;
#6195 = UNCERTAINTY_MEASURE_WITH_UNIT (LENGTH_MEASURE( 1.000000000000000082E-05 ), #2007, 'distance_accuracy_value', 'NONE');
#6196 = CIRCLE ( 'NONE', #2559, 0.07480314960629920462 ) ;
#6197 = ORIENTED_EDGE ( 'NONE', *, *, #4557, .F. ) ;
#6198 = ORIENTED_EDGE ( 'NONE', *, *, #4226, .F. ) ;
#6199 = CARTESIAN_POINT ( 'NONE',  ( 0.2215389376202312466, 0.5533024020055851144, 0.5728943934902481772 ) ) ;
#6200 = SURFACE_SIDE_STYLE ('',( #3415 ) ) ;
#6201 = ADVANCED_FACE ( 'NONE', ( #612 ), #6117, .F. ) ;
#6202 = DIRECTION ( 'NONE',  ( 0.000000000000000000, 0.000000000000000000, -1.000000000000000000 ) ) ;
#6203 = VECTOR ( 'NONE', #4829, 39.37007874015748143 ) ;
#6204 = CARTESIAN_POINT ( 'NONE',  ( 0.2215389376202313021, 0.2973968901945615029, 0.6201384879784368476 ) ) ;
#6205 = MECHANICAL_DESIGN_GEOMETRIC_PRESENTATION_REPRESENTATION (  '', ( #2879 ), #6594 ) ;
#6206 = CYLINDRICAL_SURFACE ( 'NONE', #3113, 0.03937007874015748671 ) ;
#6207 = ORIENTED_EDGE ( 'NONE', *, *, #1822, .T. ) ;
#6208 = SURFACE_STYLE_FILL_AREA ( #2571 ) ;
#6209 = CIRCLE ( 'NONE', #3029, 0.04724409448818903123 ) ;
#6210 = ORIENTED_EDGE ( 'NONE', *, *, #5531, .F. ) ;
#6211 = MECHANICAL_DESIGN_GEOMETRIC_PRESENTATION_REPRESENTATION (  '', ( #4582 ), #5708 ) ;
#6212 = DIRECTION ( 'NONE',  ( 0.000000000000000000, -1.000000000000000000, -0.000000000000000000 ) ) ;
#6213 = DIMENSIONAL_EXPONENTS ( 1.000000000000000000, 0.000000000000000000, 0.000000000000000000, 0.000000000000000000, 0.000000000000000000, 0.000000000000000000, 0.000000000000000000 ) ;
#6214 = ORIENTED_EDGE ( 'NONE', *, *, #1120, .T. ) ;
#6215 = LINE ( 'NONE', #6622, #3293 ) ;
#6216 =( NAMED_UNIT ( * ) PLANE_ANGLE_UNIT ( ) SI_UNIT ( $, .RADIAN. ) );
#6217 = ORIENTED_EDGE ( 'NONE', *, *, #3353, .T. ) ;
#6218 = UNCERTAINTY_MEASURE_WITH_UNIT (LENGTH_MEASURE( 1.000000000000000082E-05 ), #2546, 'distance_accuracy_value', 'NONE');
#6219 = DIRECTION ( 'NONE',  ( -1.224646799147353454E-16, 1.000000000000000000, 2.465190328815661892E-32 ) ) ;
#6220 = EDGE_CURVE ( 'NONE', #4458, #3096, #6710, .T. ) ;
#6221 = CARTESIAN_POINT ( 'NONE',  ( 0.02589487869740784640, 0.4463515188007882162, 0.8681699840414289771 ) ) ;
#6222 = VERTEX_POINT ( 'NONE', #186 ) ;
#6223 = DIRECTION ( 'NONE',  ( -0.9544338947578755450, 0.000000000000000000, -0.2984224196291434539 ) ) ;
#6224 = EDGE_CURVE ( 'NONE', #3253, #5948, #5933, .T. ) ;
#6225 = PRESENTATION_LAYER_ASSIGNMENT (  '', '', ( #5490 ) ) ;
#6226 =( CONVERSION_BASED_UNIT ( 'INCH', #74 ) LENGTH_UNIT ( ) NAMED_UNIT ( #4572 ) );
#6227 = AXIS2_PLACEMENT_3D ( 'NONE', #4733, #1409, #5292 ) ;
#6228 = FILL_AREA_STYLE_COLOUR ( '', #6719 ) ;
#6229 = SURFACE_SIDE_STYLE ('',( #2426 ) ) ;
#6230 = CARTESIAN_POINT ( 'NONE',  ( 0.2372869691162943495, 0.1674756303520417988, 0.7500597478209566349 ) ) ;
#6231 = DIRECTION ( 'NONE',  ( -0.9544338947578753229, 0.000000000000000000, -0.2984224196291438980 ) ) ;
#6232 = DIRECTION ( 'NONE',  ( 0.000000000000000000, -1.000000000000000000, 0.000000000000000000 ) ) ;
#6233 = EDGE_CURVE ( 'NONE', #585, #3510, #2121, .T. ) ;
#6234 = CARTESIAN_POINT ( 'NONE',  ( 0.1545645286917251282, 0.6182630319268449526, 0.8030605453198788046 ) ) ;
#6235 = PRESENTATION_LAYER_ASSIGNMENT (  '', '', ( #2395 ) ) ;
#6236 = CIRCLE ( 'NONE', #4925, 0.03937007874015747977 ) ;
#6237 = PRESENTATION_STYLE_ASSIGNMENT (( #5772 ) ) ;
#6238 = CARTESIAN_POINT ( 'NONE',  ( 0.2215389376202313021, 0.2973968901945615029, 0.7225006927028462256 ) ) ;
#6239 = PRESENTATION_STYLE_ASSIGNMENT (( #278 ) ) ;
#6240 = CARTESIAN_POINT ( 'NONE',  ( 0.3475231895887351818, 0.3407039768087347098, 0.7500597478209566349 ) ) ;
#6241 = CARTESIAN_POINT ( 'NONE',  ( 0.1329562604548769900, 0.2068457090921992647, 0.5925794328603265493 ) ) ;
#6242 = ORIENTED_EDGE ( 'NONE', *, *, #5068, .T. ) ;
#6243 = LINE ( 'NONE', #6602, #68 ) ;
#6244 = AXIS2_PLACEMENT_3D ( 'NONE', #1417, #4158, #5867 ) ;
#6245 =( CONVERSION_BASED_UNIT ( 'INCH', #5314 ) LENGTH_UNIT ( ) NAMED_UNIT ( #6516 ) );
#6246 = VECTOR ( 'NONE', #1647, 39.37007874015748143 ) ;
#6247 = PRESENTATION_STYLE_ASSIGNMENT (( #2500 ) ) ;
#6248 = PLANE ( 'NONE',  #4764 ) ;
#6249 =( NAMED_UNIT ( * ) SI_UNIT ( $, .STERADIAN. ) SOLID_ANGLE_UNIT ( ) );
#6250 = SURFACE_STYLE_USAGE ( .BOTH. , #4946 ) ;
#6251 = DIRECTION ( 'NONE',  ( -1.224646799147353454E-16, 1.000000000000000000, -1.848892746611746419E-32 ) ) ;
#6252 = VERTEX_POINT ( 'NONE', #4643 ) ;
#6253 = CARTESIAN_POINT ( 'NONE',  ( 0.3258696462816486616, 0.6950346854701520138, 0.8681699840414289771 ) ) ;
#6254 = AXIS2_PLACEMENT_3D ( 'NONE', #6407, #2945, #4767 ) ;
#6255 = SURFACE_STYLE_FILL_AREA ( #5705 ) ;
#6256 = AXIS2_PLACEMENT_3D ( 'NONE', #3053, #250, #4151 ) ;
#6257 = UNCERTAINTY_MEASURE_WITH_UNIT (LENGTH_MEASURE( 1.000000000000000082E-05 ), #7131, 'distance_accuracy_value', 'NONE');
#6258 = CARTESIAN_POINT ( 'NONE',  ( 0.1329562604548769900, 0.2068457090921992647, 0.7500597478209566349 ) ) ;
#6259 = CARTESIAN_POINT ( 'NONE',  ( 0.2591150752091239684, 0.5533024020055851144, 0.7579958730324072302 ) ) ;
#6260 =( CONVERSION_BASED_UNIT ( 'INCH', #4033 ) LENGTH_UNIT ( ) NAMED_UNIT ( #5747 ) );
#6261 =( LENGTH_UNIT ( ) NAMED_UNIT ( * ) SI_UNIT ( $, .METRE. ) );
#6262 = CARTESIAN_POINT ( 'NONE',  ( 0.02468854391944393101, 0.6950346854701520138, 0.4744691966398540961 ) ) ;
#6263 = ORIENTED_EDGE ( 'NONE', *, *, #2160, .T. ) ;
#6264 = ORIENTED_EDGE ( 'NONE', *, *, #2536, .F. ) ;
#6265 = DIRECTION ( 'NONE',  ( -0.9544338947578753229, 0.000000000000000000, 0.2984224196291437314 ) ) ;
#6266 = ORIENTED_EDGE ( 'NONE', *, *, #318, .F. ) ;
#6267 = FACE_OUTER_BOUND ( 'NONE', #1500, .T. ) ;
#6268 = CARTESIAN_POINT ( 'NONE',  ( 0.2215389376202313021, 0.5533024020055851144, 0.7697447871910352291 ) ) ;
#6269 =( LENGTH_UNIT ( ) NAMED_UNIT ( * ) SI_UNIT ( $, .METRE. ) );
#6270 = STYLED_ITEM ( 'NONE', ( #174 ), #6504 ) ;
#6271 = ORIENTED_EDGE ( 'NONE', *, *, #307, .T. ) ;
#6272 =( GEOMETRIC_REPRESENTATION_CONTEXT ( 3 ) GLOBAL_UNCERTAINTY_ASSIGNED_CONTEXT ( ( #2367 ) ) GLOBAL_UNIT_ASSIGNED_CONTEXT ( ( #4374, #6129, #6629 ) ) REPRESENTATION_CONTEXT ( 'NONE', 'WORKASPACE' ) );
#6273 = VERTEX_POINT ( 'NONE', #2959 ) ;
#6274 = DIRECTION ( 'NONE',  ( 0.000000000000000000, 0.000000000000000000, -1.000000000000000000 ) ) ;
#6275 = UNCERTAINTY_MEASURE_WITH_UNIT (LENGTH_MEASURE( 1.000000000000000082E-05 ), #3644, 'distance_accuracy_value', 'NONE');
#6276 = VECTOR ( 'NONE', #1708, 39.37007874015748143 ) ;
#6277 = SURFACE_SIDE_STYLE ('',( #4196 ) ) ;
#6278 = CARTESIAN_POINT ( 'NONE',  ( 0.2057909061241683379, -0.06480783421488736651, 0.5925794328603265493 ) ) ;
#6279 = CARTESIAN_POINT ( 'NONE',  ( 0.1034287013997588905, 0.1064520083047976878, 0.7500597478209566349 ) ) ;
#6280 = DIRECTION ( 'NONE',  ( 1.000000000000000000, -0.000000000000000000, -0.000000000000000000 ) ) ;
#6281 = EDGE_CURVE ( 'NONE', #5903, #1853, #4461, .T. ) ;
#6282 = ORIENTED_EDGE ( 'NONE', *, *, #4128, .F. ) ;
#6283 = LENGTH_MEASURE_WITH_UNIT ( LENGTH_MEASURE( 0.02539999999999999897 ), #1735 );
#6284 = PRESENTATION_LAYER_ASSIGNMENT (  '', '', ( #5784 ) ) ;
#6285 = LINE ( 'NONE', #3973, #6374 ) ;
#6286 = ORIENTED_EDGE ( 'NONE', *, *, #5843, .T. ) ;
#6287 = CARTESIAN_POINT ( 'NONE',  ( 0.2215389376202313021, 0.3092079138166087260, 0.8169888816792241215 ) ) ;
#6288 = CARTESIAN_POINT ( 'NONE',  ( 0.3475231895887349043, 0.3092079138166083374, 0.5177762832540271365 ) ) ;
#6289 = CARTESIAN_POINT ( 'NONE',  ( 0.3475231895887351818, 0.3092079138166087260, 0.7894298265611140453 ) ) ;
#6290 =( CONVERSION_BASED_UNIT ( 'INCH', #69 ) LENGTH_UNIT ( ) NAMED_UNIT ( #2758 ) );
#6291 = ORIENTED_EDGE ( 'NONE', *, *, #5471, .F. ) ;
#6292 = DIRECTION ( 'NONE',  ( -0.9544338947578754340, -1.168844414212973759E-16, 0.2984224196291437869 ) ) ;
#6293 =( GEOMETRIC_REPRESENTATION_CONTEXT ( 3 ) GLOBAL_UNCERTAINTY_ASSIGNED_CONTEXT ( ( #2731 ) ) GLOBAL_UNIT_ASSIGNED_CONTEXT ( ( #752, #4601, #5726 ) ) REPRESENTATION_CONTEXT ( 'NONE', 'WORKASPACE' ) );
#6294 = FILL_AREA_STYLE ('',( #1324 ) ) ;
#6295 = DIRECTION ( 'NONE',  ( 0.000000000000000000, 1.000000000000000000, 0.000000000000000000 ) ) ;
#6296 = VECTOR ( 'NONE', #1931, 39.37007874015748143 ) ;
#6297 = EDGE_LOOP ( 'NONE', ( #4303, #1899, #2655, #6958 ) ) ;
#6298 = ORIENTED_EDGE ( 'NONE', *, *, #3628, .T. ) ;
#6299 = DIRECTION ( 'NONE',  ( 0.000000000000000000, 1.000000000000000000, 0.000000000000000000 ) ) ;
#6300 = LENGTH_MEASURE_WITH_UNIT ( LENGTH_MEASURE( 0.02539999999999999897 ), #2011 );
#6301 = DIRECTION ( 'NONE',  ( -1.224646799147353454E-16, 1.000000000000000000, 2.465190328815661892E-32 ) ) ;
#6302 =( LENGTH_UNIT ( ) NAMED_UNIT ( * ) SI_UNIT ( $, .METRE. ) );
#6303 = AXIS2_PLACEMENT_3D ( 'NONE', #6268, #744, #5881 ) ;
#6304 = CARTESIAN_POINT ( 'NONE',  ( 0.1664208273840108721, 0.1359795673599158150, 0.5532093541201690279 ) ) ;
#6305 = ORIENTED_EDGE ( 'NONE', *, *, #6648, .T. ) ;
#6306 =( NAMED_UNIT ( * ) SI_UNIT ( $, .STERADIAN. ) SOLID_ANGLE_UNIT ( ) );
#6307 = SURFACE_SIDE_STYLE ('',( #2734 ) ) ;
#6308 = DIRECTION ( 'NONE',  ( 0.000000000000000000, 0.000000000000000000, 1.000000000000000000 ) ) ;
#6309 = LENGTH_MEASURE_WITH_UNIT ( LENGTH_MEASURE( 0.02539999999999999897 ), #4735 );
#6310 = DIRECTION ( 'NONE',  ( 1.000000000000000000, 0.000000000000000000, 0.000000000000000000 ) ) ;
#6311 = LINE ( 'NONE', #4272, #6132 ) ;
#6312 = FACE_OUTER_BOUND ( 'NONE', #2705, .T. ) ;
#6313 = FILL_AREA_STYLE_COLOUR ( '', #4166 ) ;
#6314 = EDGE_CURVE ( 'NONE', #3593, #157, #1328, .T. ) ;
#6315 = AXIS2_PLACEMENT_3D ( 'NONE', #2913, #6707, #60 ) ;
#6316 =( NAMED_UNIT ( * ) SI_UNIT ( $, .STERADIAN. ) SOLID_ANGLE_UNIT ( ) );
#6317 = PRESENTATION_STYLE_ASSIGNMENT (( #4232 ) ) ;
#6318 =( LENGTH_UNIT ( ) NAMED_UNIT ( * ) SI_UNIT ( $, .METRE. ) );
#6319 = SURFACE_STYLE_USAGE ( .BOTH. , #6344 ) ;
#6320 = COLOUR_RGB ( '',1.000000000000000000, 1.000000000000000000, 1.000000000000000000 ) ;
#6321 = EDGE_CURVE ( 'NONE', #3274, #730, #6098, .T. ) ;
#6322 = DIMENSIONAL_EXPONENTS ( 1.000000000000000000, 0.000000000000000000, 0.000000000000000000, 0.000000000000000000, 0.000000000000000000, 0.000000000000000000, 0.000000000000000000 ) ;
#6323 = EDGE_CURVE ( 'NONE', #3583, #4652, #5502, .T. ) ;
#6324 = LINE ( 'NONE', #4833, #3046 ) ;
#6325 = CARTESIAN_POINT ( 'NONE',  ( 0.3475231895887347933, 0.1910976775961362728, 0.6280125037264683296 ) ) ;
#6326 = CARTESIAN_POINT ( 'NONE',  ( 0.09358618171471951019, 0.2698378350764509270, 0.5532093541201690279 ) ) ;
#6327 = DIMENSIONAL_EXPONENTS ( 1.000000000000000000, 0.000000000000000000, 0.000000000000000000, 0.000000000000000000, 0.000000000000000000, 0.000000000000000000, 0.000000000000000000 ) ;
#6328 = COLOUR_RGB ( '',1.000000000000000000, 1.000000000000000000, 1.000000000000000000 ) ;
#6329 = FACE_OUTER_BOUND ( 'NONE', #3622, .T. ) ;
#6330 = ORIENTED_EDGE ( 'NONE', *, *, #3196, .F. ) ;
#6331 = DIRECTION ( 'NONE',  ( 0.000000000000000000, 0.000000000000000000, -1.000000000000000000 ) ) ;
#6332 = FILL_AREA_STYLE_COLOUR ( '', #2909 ) ;
#6333 = EDGE_CURVE ( 'NONE', #2967, #5029, #782, .T. ) ;
#6334 = ORIENTED_EDGE ( 'NONE', *, *, #6155, .T. ) ;
#6335 = FACE_OUTER_BOUND ( 'NONE', #3111, .T. ) ;
#6336 =( GEOMETRIC_REPRESENTATION_CONTEXT ( 3 ) GLOBAL_UNCERTAINTY_ASSIGNED_CONTEXT ( ( #2405 ) ) GLOBAL_UNIT_ASSIGNED_CONTEXT ( ( #6226, #5208, #221 ) ) REPRESENTATION_CONTEXT ( 'NONE', 'WORKASPACE' ) );
#6337 =( CONVERSION_BASED_UNIT ( 'INCH', #1459 ) LENGTH_UNIT ( ) NAMED_UNIT ( #5048 ) );
#6338 = ORIENTED_EDGE ( 'NONE', *, *, #1355, .T. ) ;
#6339 =( LENGTH_UNIT ( ) NAMED_UNIT ( * ) SI_UNIT ( $, .METRE. ) );
#6340 = CYLINDRICAL_SURFACE ( 'NONE', #281, 0.03937007874015747977 ) ;
#6341 = CARTESIAN_POINT ( 'NONE',  ( 0.1329562604548769900, 0.2068457090921992647, 0.7894298265611140453 ) ) ;
#6342 = ORIENTED_EDGE ( 'NONE', *, *, #2757, .F. ) ;
#6343 = CARTESIAN_POINT ( 'NONE',  ( 0.2215389376202312466, 0.5985779925567662474, 0.7697447871910348960 ) ) ;
#6344 = SURFACE_SIDE_STYLE ('',( #5378 ) ) ;
#6345 = FACE_OUTER_BOUND ( 'NONE', #4803, .T. ) ;
#6346 =( NAMED_UNIT ( * ) SI_UNIT ( $, .STERADIAN. ) SOLID_ANGLE_UNIT ( ) );
#6347 = SURFACE_STYLE_FILL_AREA ( #602 ) ;
#6348 = AXIS2_PLACEMENT_3D ( 'NONE', #5872, #6913, #4220 ) ;
#6349 = FACE_OUTER_BOUND ( 'NONE', #1509, .T. ) ;
#6350 = PLANE ( 'NONE',  #3255 ) ;
#6351 = ORIENTED_EDGE ( 'NONE', *, *, #5056, .F. ) ;
#6352 = LINE ( 'NONE', #1781, #4604 ) ;
#6353 = SURFACE_STYLE_USAGE ( .BOTH. , #224 ) ;
#6354 = MANIFOLD_SOLID_BREP ( 'KRE 02 Body-1-solid1', #5 ) ;
#6355 =( CONVERSION_BASED_UNIT ( 'INCH', #136 ) LENGTH_UNIT ( ) NAMED_UNIT ( #6405 ) );
#6356 = VECTOR ( 'NONE', #5964, 39.37007874015748854 ) ;
#6357 = AXIS2_PLACEMENT_3D ( 'NONE', #2722, #4479, #6538 ) ;
#6358 = ORIENTED_EDGE ( 'NONE', *, *, #1264, .F. ) ;
#6359 = DIRECTION ( 'NONE',  ( 0.000000000000000000, 1.000000000000000000, 0.000000000000000000 ) ) ;
#6360 = DIMENSIONAL_EXPONENTS ( 1.000000000000000000, 0.000000000000000000, 0.000000000000000000, 0.000000000000000000, 0.000000000000000000, 0.000000000000000000, 0.000000000000000000 ) ;
#6361 = COLOUR_RGB ( '',0.7803921568627451011, 0.7607843137254901578, 0.7411764705882353255 ) ;
#6362 = CARTESIAN_POINT ( 'NONE',  ( 0.2215389376202312466, 0.5533024020055851144, 0.7697447871910348960 ) ) ;
#6363 = PRESENTATION_STYLE_ASSIGNMENT (( #3459 ) ) ;
#6364 =( LENGTH_UNIT ( ) NAMED_UNIT ( * ) SI_UNIT ( $, .METRE. ) );
#6365 = ADVANCED_BREP_SHAPE_REPRESENTATION ( 'KRE 02', ( #6354, #2497, #1192, #6050, #3467, #220 ), #2899 ) ;
#6366 =( CONVERSION_BASED_UNIT ( 'INCH', #7120 ) LENGTH_UNIT ( ) NAMED_UNIT ( #2676 ) );
#6367 = FILL_AREA_STYLE_COLOUR ( '', #2862 ) ;
#6368 = VERTEX_POINT ( 'NONE', #6289 ) ;
#6369 = SURFACE_STYLE_FILL_AREA ( #553 ) ;
#6370 =( NAMED_UNIT ( * ) PLANE_ANGLE_UNIT ( ) SI_UNIT ( $, .RADIAN. ) );
#6371 = DIRECTION ( 'NONE',  ( -1.000000000000000000, -0.000000000000000000, 0.000000000000000000 ) ) ;
#6372 = LINE ( 'NONE', #334, #5333 ) ;
#6373 =( GEOMETRIC_REPRESENTATION_CONTEXT ( 3 ) GLOBAL_UNCERTAINTY_ASSIGNED_CONTEXT ( ( #2597 ) ) GLOBAL_UNIT_ASSIGNED_CONTEXT ( ( #4920, #3219, #3805 ) ) REPRESENTATION_CONTEXT ( 'NONE', 'WORKASPACE' ) );
#6374 = VECTOR ( 'NONE', #3946, 39.37007874015748143 ) ;
#6375 = ORIENTED_EDGE ( 'NONE', *, *, #1101, .T. ) ;
#6376 = MECHANICAL_DESIGN_GEOMETRIC_PRESENTATION_REPRESENTATION (  '', ( #310 ), #768 ) ;
#6377 = CARTESIAN_POINT ( 'NONE',  ( 0.2215389376202312466, 0.5985779925567662474, 0.7697447871910348960 ) ) ;
#6378 =( LENGTH_UNIT ( ) NAMED_UNIT ( * ) SI_UNIT ( $, .METRE. ) );
#6379 = SURFACE_STYLE_FILL_AREA ( #2749 ) ;
#6380 = DIRECTION ( 'NONE',  ( -1.000000000000000000, 0.000000000000000000, 0.000000000000000000 ) ) ;
#6381 = VECTOR ( 'NONE', #3987, 39.37007874015748143 ) ;
#6382 = ORIENTED_EDGE ( 'NONE', *, *, #5306, .T. ) ;
#6383 = DIRECTION ( 'NONE',  ( 0.000000000000000000, -0.000000000000000000, 1.000000000000000000 ) ) ;
#6384 = EDGE_CURVE ( 'NONE', #683, #2964, #1150, .T. ) ;
#6385 = ORIENTED_EDGE ( 'NONE', *, *, #4375, .T. ) ;
#6386 = SURFACE_STYLE_FILL_AREA ( #3375 ) ;
#6387 = MECHANICAL_DESIGN_GEOMETRIC_PRESENTATION_REPRESENTATION (  '', ( #2027 ), #5358 ) ;
#6388 = EDGE_LOOP ( 'NONE', ( #4699, #4277, #913, #3318, #623, #2771, #3922, #6338, #3711, #1982, #1675, #2473 ) ) ;
#6389 = ORIENTED_EDGE ( 'NONE', *, *, #6668, .F. ) ;
#6390 = FILL_AREA_STYLE_COLOUR ( '', #27 ) ;
#6391 = LENGTH_MEASURE_WITH_UNIT ( LENGTH_MEASURE( 0.02539999999999999897 ), #5385 );
#6392 = PLANE ( 'NONE',  #1437 ) ;
#6393 = AXIS2_PLACEMENT_3D ( 'NONE', #1535, #382, #7091 ) ;
#6394 = PLANE ( 'NONE',  #6227 ) ;
#6395 = LENGTH_MEASURE_WITH_UNIT ( LENGTH_MEASURE( 0.02539999999999999897 ), #3840 );
#6396 = ORIENTED_EDGE ( 'NONE', *, *, #3396, .T. ) ;
#6397 =( CONVERSION_BASED_UNIT ( 'INCH', #6937 ) LENGTH_UNIT ( ) NAMED_UNIT ( #6415 ) );
#6398 = PLANE ( 'NONE',  #5389 ) ;
#6399 =( GEOMETRIC_REPRESENTATION_CONTEXT ( 3 ) GLOBAL_UNCERTAINTY_ASSIGNED_CONTEXT ( ( #4747 ) ) GLOBAL_UNIT_ASSIGNED_CONTEXT ( ( #3025, #1257, #1359 ) ) REPRESENTATION_CONTEXT ( 'NONE', 'WORKASPACE' ) );
#6400 = ORIENTED_EDGE ( 'NONE', *, *, #7027, .F. ) ;
#6401 = FILL_AREA_STYLE_COLOUR ( '', #1356 ) ;
#6402 = CARTESIAN_POINT ( 'NONE',  ( 0.2057909061241683379, -0.06480783421488736651, 0.5689573856162322141 ) ) ;
#6403 = ORIENTED_EDGE ( 'NONE', *, *, #6155, .F. ) ;
#6404 = CARTESIAN_POINT ( 'NONE',  ( 0.2372869691162943495, 0.09267248074574256644, 0.5925794328603265493 ) ) ;
#6405 = DIMENSIONAL_EXPONENTS ( 1.000000000000000000, 0.000000000000000000, 0.000000000000000000, 0.000000000000000000, 0.000000000000000000, 0.000000000000000000, 0.000000000000000000 ) ;
#6406 = COLOUR_RGB ( '',1.000000000000000000, 1.000000000000000000, 1.000000000000000000 ) ;
#6407 = CARTESIAN_POINT ( 'NONE',  ( 0.1329562604548769900, 0.2068457090921992647, 0.5532093541201690279 ) ) ;
#6408 = PRESENTATION_STYLE_ASSIGNMENT (( #6452 ) ) ;
#6409 = CARTESIAN_POINT ( 'NONE',  ( 0.1106993531933221642, 0.6182630319268449526, 0.7920260509539009952 ) ) ;
#6410 = STYLED_ITEM ( 'NONE', ( #360 ), #853 ) ;
#6411 = ORIENTED_EDGE ( 'NONE', *, *, #177, .T. ) ;
#6412 = FILL_AREA_STYLE_COLOUR ( '', #6179 ) ;
#6413 = AXIS2_PLACEMENT_3D ( 'NONE', #1487, #6571, #5420 ) ;
#6414 = DIRECTION ( 'NONE',  ( 0.000000000000000000, 0.000000000000000000, 1.000000000000000000 ) ) ;
#6415 = DIMENSIONAL_EXPONENTS ( 1.000000000000000000, 0.000000000000000000, 0.000000000000000000, 0.000000000000000000, 0.000000000000000000, 0.000000000000000000, 0.000000000000000000 ) ;
#6416 =( CONVERSION_BASED_UNIT ( 'INCH', #4987 ) LENGTH_UNIT ( ) NAMED_UNIT ( #3577 ) );
#6417 =( NAMED_UNIT ( * ) PLANE_ANGLE_UNIT ( ) SI_UNIT ( $, .RADIAN. ) );
#6418 = VECTOR ( 'NONE', #2358, 39.37007874015748143 ) ;
#6419 =( NAMED_UNIT ( * ) PLANE_ANGLE_UNIT ( ) SI_UNIT ( $, .RADIAN. ) );
#6420 = MECHANICAL_DESIGN_GEOMETRIC_PRESENTATION_REPRESENTATION (  '', ( #3585 ), #6782 ) ;
#6421 = STYLED_ITEM ( 'NONE', ( #5196 ), #1192 ) ;
#6422 = DIRECTION ( 'NONE',  ( 0.000000000000000000, 0.000000000000000000, -1.000000000000000000 ) ) ;
#6423 = SURFACE_SIDE_STYLE ('',( #3626 ) ) ;
#6424 = DIRECTION ( 'NONE',  ( -0.000000000000000000, -0.000000000000000000, 1.000000000000000000 ) ) ;
#6425 = ORIENTED_EDGE ( 'NONE', *, *, #3120, .F. ) ;
#6426 = EDGE_CURVE ( 'NONE', #6463, #2142, #5326, .T. ) ;
#6427 = COLOUR_RGB ( '',0.6470588235294117974, 0.6196078431372549211, 0.5882352941176470784 ) ;
#6428 = STYLED_ITEM ( 'NONE', ( #4160 ), #2850 ) ;
#6429 = SURFACE_STYLE_USAGE ( .BOTH. , #829 ) ;
#6430 = ORIENTED_EDGE ( 'NONE', *, *, #2359, .F. ) ;
#6431 = DIRECTION ( 'NONE',  ( 0.000000000000000000, 0.000000000000000000, -1.000000000000000000 ) ) ;
#6432 = UNCERTAINTY_MEASURE_WITH_UNIT (LENGTH_MEASURE( 1.000000000000000082E-05 ), #944, 'distance_accuracy_value', 'NONE');
#6433 = PRESENTATION_STYLE_ASSIGNMENT (( #6319 ) ) ;
#6434 =( NAMED_UNIT ( * ) SI_UNIT ( $, .STERADIAN. ) SOLID_ANGLE_UNIT ( ) );
#6435 = ORIENTED_EDGE ( 'NONE', *, *, #5940, .T. ) ;
#6436 =( NAMED_UNIT ( * ) SI_UNIT ( $, .STERADIAN. ) SOLID_ANGLE_UNIT ( ) );
#6437 = PRESENTATION_LAYER_ASSIGNMENT (  '', '', ( #5691 ) ) ;
#6438 = FILL_AREA_STYLE_COLOUR ( '', #4153 ) ;
#6439 = FACE_OUTER_BOUND ( 'NONE', #3935, .T. ) ;
#6440 = CIRCLE ( 'NONE', #2952, 0.04724409448818903123 ) ;
#6441 = DIRECTION ( 'NONE',  ( 0.000000000000000000, 1.000000000000000000, -0.000000000000000000 ) ) ;
#6442 = FACE_OUTER_BOUND ( 'NONE', #1758, .T. ) ;
#6443 = SURFACE_STYLE_USAGE ( .BOTH. , #5859 ) ;
#6444 = CARTESIAN_POINT ( 'NONE',  ( 0.2372869691162943495, -0.06480783421488736651, 0.7500597478209566349 ) ) ;
#6445 = CIRCLE ( 'NONE', #6189, 0.07480314960629917687 ) ;
#6446 = ORIENTED_EDGE ( 'NONE', *, *, #4370, .F. ) ;
#6447 = DIRECTION ( 'NONE',  ( 1.000000000000000000, 0.000000000000000000, 0.000000000000000000 ) ) ;
#6448 = ORIENTED_EDGE ( 'NONE', *, *, #2238, .F. ) ;
#6449 = VECTOR ( 'NONE', #6054, 39.37007874015748143 ) ;
#6450 =( GEOMETRIC_REPRESENTATION_CONTEXT ( 3 ) GLOBAL_UNCERTAINTY_ASSIGNED_CONTEXT ( ( #4929 ) ) GLOBAL_UNIT_ASSIGNED_CONTEXT ( ( #3643, #1965, #6970 ) ) REPRESENTATION_CONTEXT ( 'NONE', 'WORKASPACE' ) );
#6451 = VECTOR ( 'NONE', #1480, 39.37007874015748143 ) ;
#6452 = SURFACE_STYLE_USAGE ( .BOTH. , #242 ) ;
#6453 =( NAMED_UNIT ( * ) PLANE_ANGLE_UNIT ( ) SI_UNIT ( $, .RADIAN. ) );
#6454 = LINE ( 'NONE', #2071, #3688 ) ;
#6455 = DIRECTION ( 'NONE',  ( 1.000000000000000000, 0.000000000000000000, -0.000000000000000000 ) ) ;
#6456 = CIRCLE ( 'NONE', #1036, 0.04724409448818896184 ) ;
#6457 = CARTESIAN_POINT ( 'NONE',  ( 0.2057909061241683379, -0.06480783421488736651, 0.5925794328603265493 ) ) ;
#6458 = STYLED_ITEM ( 'NONE', ( #5152 ), #46 ) ;
#6459 = ORIENTED_EDGE ( 'NONE', *, *, #7116, .T. ) ;
#6460 = UNCERTAINTY_MEASURE_WITH_UNIT (LENGTH_MEASURE( 1.000000000000000082E-05 ), #6508, 'distance_accuracy_value', 'NONE');
#6461 = PRESENTATION_LAYER_ASSIGNMENT (  '', '', ( #3125 ) ) ;
#6462 = EDGE_CURVE ( 'NONE', #3296, #4710, #3870, .T. ) ;
#6463 = VERTEX_POINT ( 'NONE', #6853 ) ;
#6464 = COLOUR_RGB ( '',1.000000000000000000, 1.000000000000000000, 1.000000000000000000 ) ;
#6465 = VECTOR ( 'NONE', #1617, 39.37007874015748143 ) ;
#6466 = CARTESIAN_POINT ( 'NONE',  ( 0.1014601974627510061, 0.3407039768087347098, 0.7894298265611140453 ) ) ;
#6467 = ORIENTED_EDGE ( 'NONE', *, *, #931, .T. ) ;
#6468 = CARTESIAN_POINT ( 'NONE',  ( 0.1329562604548769900, 0.2068457090921992647, 0.5925794328603265493 ) ) ;
#6469 = FILL_AREA_STYLE_COLOUR ( '', #2870 ) ;
#6470 = EDGE_CURVE ( 'NONE', #2935, #1969, #5586, .T. ) ;
#6471 = CARTESIAN_POINT ( 'NONE',  ( 0.1545645286917251282, 0.5985779925567662474, 0.8030605453198788046 ) ) ;
#6472 = EDGE_CURVE ( 'NONE', #2288, #2165, #1861, .T. ) ;
#6473 = STYLED_ITEM ( 'NONE', ( #3502 ), #2251 ) ;
#6474 = DIRECTION ( 'NONE',  ( -0.5882254945458065265, 0.7875050010075858031, -0.1839202026814448221 ) ) ;
#6475 = LINE ( 'NONE', #4251, #630 ) ;
#6476 = ADVANCED_FACE ( 'NONE', ( #5146 ), #4229, .T. ) ;
#6477 = EDGE_LOOP ( 'NONE', ( #5801, #6819, #1405, #6330 ) ) ;
#6478 =( LENGTH_UNIT ( ) NAMED_UNIT ( * ) SI_UNIT ( $, .METRE. ) );
#6479 = CARTESIAN_POINT ( 'NONE',  ( 0.1034287013997588905, 0.1359795673599157873, 0.7500597478209566349 ) ) ;
#6480 = ORIENTED_EDGE ( 'NONE', *, *, #5589, .F. ) ;
#6481 = ORIENTED_EDGE ( 'NONE', *, *, #1764, .F. ) ;
#6482 = CARTESIAN_POINT ( 'NONE',  ( 0.2057909061241683379, -0.06480783421488736651, 0.5768314013642634741 ) ) ;
#6483 = EDGE_CURVE ( 'NONE', #5125, #1094, #6964, .T. ) ;
#6484 = DIMENSIONAL_EXPONENTS ( 1.000000000000000000, 0.000000000000000000, 0.000000000000000000, 0.000000000000000000, 0.000000000000000000, 0.000000000000000000, 0.000000000000000000 ) ;
#6485 = STYLED_ITEM ( 'NONE', ( #5768 ), #3190 ) ;
#6486 = CARTESIAN_POINT ( 'NONE',  ( 0.2057909061241683379, -0.06480783421488736651, 0.7500597478209566349 ) ) ;
#6487 = SURFACE_SIDE_STYLE ('',( #4343 ) ) ;
#6488 = CARTESIAN_POINT ( 'NONE',  ( 0.1329562604548769900, 0.2068457090921992647, 0.5925794328603265493 ) ) ;
#6489 = VERTEX_POINT ( 'NONE', #3100 ) ;
#6490 = CARTESIAN_POINT ( 'NONE',  ( 0.1124715505892821821, 0.6821347954424904492, 0.4744691966398541516 ) ) ;
#6491 = SURFACE_STYLE_USAGE ( .BOTH. , #4834 ) ;
#6492 =( GEOMETRIC_REPRESENTATION_CONTEXT ( 3 ) GLOBAL_UNCERTAINTY_ASSIGNED_CONTEXT ( ( #2354 ) ) GLOBAL_UNIT_ASSIGNED_CONTEXT ( ( #5910, #2657, #1010 ) ) REPRESENTATION_CONTEXT ( 'NONE', 'WORKASPACE' ) );
#6493 = FILL_AREA_STYLE ('',( #7076 ) ) ;
#6494 = DIRECTION ( 'NONE',  ( 1.224646799147353454E-16, -1.000000000000000000, 1.848892746611746419E-32 ) ) ;
#6495 = SURFACE_STYLE_FILL_AREA ( #2206 ) ;
#6496 = DIRECTION ( 'NONE',  ( -1.000000000000000000, 0.000000000000000000, 0.000000000000000000 ) ) ;
#6497 = CARTESIAN_POINT ( 'NONE',  ( 0.1329562604548769900, 0.2068457090921992647, 0.7894298265611140453 ) ) ;
#6498 = AXIS2_PLACEMENT_3D ( 'NONE', #3509, #5729, #3559 ) ;
#6499 =( LENGTH_UNIT ( ) NAMED_UNIT ( * ) SI_UNIT ( $, .METRE. ) );
#6500 = MECHANICAL_DESIGN_GEOMETRIC_PRESENTATION_REPRESENTATION (  '', ( #2187 ), #4129 ) ;
#6501 = UNCERTAINTY_MEASURE_WITH_UNIT (LENGTH_MEASURE( 1.000000000000000082E-05 ), #6290, 'distance_accuracy_value', 'NONE');
#6502 = FACE_OUTER_BOUND ( 'NONE', #2585, .T. ) ;
#6503 = CARTESIAN_POINT ( 'NONE',  ( 0.4183893313210187981, 0.6950346854701520138, 0.6575400627815866095 ) ) ;
#6504 = ADVANCED_FACE ( 'NONE', ( #4885 ), #6392, .F. ) ;
#6505 = PLANE ( 'NONE',  #2618 ) ;
#6506 = FILL_AREA_STYLE ('',( #2634 ) ) ;
#6507 = LENGTH_MEASURE_WITH_UNIT ( LENGTH_MEASURE( 0.02539999999999999897 ), #4352 );
#6508 =( CONVERSION_BASED_UNIT ( 'INCH', #5743 ) LENGTH_UNIT ( ) NAMED_UNIT ( #4372 ) );
#6509 = AXIS2_PLACEMENT_3D ( 'NONE', #6982, #5909, #3093 ) ;
#6510 = AXIS2_PLACEMENT_3D ( 'NONE', #501, #5582, #1095 ) ;
#6511 = ORIENTED_EDGE ( 'NONE', *, *, #318, .T. ) ;
#6512 = DIRECTION ( 'NONE',  ( -0.000000000000000000, -0.000000000000000000, -1.000000000000000000 ) ) ;
#6513 = DIRECTION ( 'NONE',  ( -0.000000000000000000, -0.000000000000000000, -1.000000000000000000 ) ) ;
#6514 =( NAMED_UNIT ( * ) SI_UNIT ( $, .STERADIAN. ) SOLID_ANGLE_UNIT ( ) );
#6515 = ORIENTED_EDGE ( 'NONE', *, *, #344, .T. ) ;
#6516 = DIMENSIONAL_EXPONENTS ( 1.000000000000000000, 0.000000000000000000, 0.000000000000000000, 0.000000000000000000, 0.000000000000000000, 0.000000000000000000, 0.000000000000000000 ) ;
#6517 = COLOUR_RGB ( '',0.7803921568627451011, 0.7607843137254901578, 0.7411764705882353255 ) ;
#6518 = FILL_AREA_STYLE_COLOUR ( '', #3773 ) ;
#6519 = ORIENTED_EDGE ( 'NONE', *, *, #735, .T. ) ;
#6520 = LINE ( 'NONE', #1716, #4516 ) ;
#6521 =( NAMED_UNIT ( * ) PLANE_ANGLE_UNIT ( ) SI_UNIT ( $, .RADIAN. ) );
#6522 = ORIENTED_EDGE ( 'NONE', *, *, #956, .F. ) ;
#6523 = EDGE_CURVE ( 'NONE', #5948, #1243, #5920, .T. ) ;
#6524 = DIRECTION ( 'NONE',  ( -0.000000000000000000, -0.000000000000000000, -1.000000000000000000 ) ) ;
#6525 = SURFACE_STYLE_FILL_AREA ( #5738 ) ;
#6526 = CARTESIAN_POINT ( 'NONE',  ( 0.06209011872259351944, 0.3092079138166087260, 0.8248628974272557146 ) ) ;
#6527 = LINE ( 'NONE', #5634, #251 ) ;
#6528 = VECTOR ( 'NONE', #1064, 39.37007874015748143 ) ;
#6529 = EDGE_LOOP ( 'NONE', ( #4053, #4992 ) ) ;
#6530 = VECTOR ( 'NONE', #3389, 39.37007874015748143 ) ;
#6531 =( NAMED_UNIT ( * ) SI_UNIT ( $, .STERADIAN. ) SOLID_ANGLE_UNIT ( ) );
#6532 = SURFACE_STYLE_USAGE ( .BOTH. , #4281 ) ;
#6533 = AXIS2_PLACEMENT_3D ( 'NONE', #1304, #5137, #127 ) ;
#6534 = ADVANCED_FACE ( 'NONE', ( #685 ), #5839, .T. ) ;
#6535 = LINE ( 'NONE', #1312, #3591 ) ;
#6536 = UNCERTAINTY_MEASURE_WITH_UNIT (LENGTH_MEASURE( 1.000000000000000082E-05 ), #519, 'distance_accuracy_value', 'NONE');
#6537 = ORIENTED_EDGE ( 'NONE', *, *, #406, .F. ) ;
#6538 = DIRECTION ( 'NONE',  ( -0.9544338947578755450, 0.000000000000000000, -0.2984224196291431763 ) ) ;
#6539 =( CONVERSION_BASED_UNIT ( 'INCH', #7197 ) LENGTH_UNIT ( ) NAMED_UNIT ( #3879 ) );
#6540 = LENGTH_MEASURE_WITH_UNIT ( LENGTH_MEASURE( 0.02539999999999999897 ), #5147 );
#6541 =( NAMED_UNIT ( * ) SI_UNIT ( $, .STERADIAN. ) SOLID_ANGLE_UNIT ( ) );
#6542 = CARTESIAN_POINT ( 'NONE',  ( 0.04437358328952269171, 0.4395663694583710757, 0.8681699840414289771 ) ) ;
#6543 = ORIENTED_EDGE ( 'NONE', *, *, #5947, .F. ) ;
#6544 = VECTOR ( 'NONE', #1372, 39.37007874015748143 ) ;
#6545 = ADVANCED_FACE ( 'NONE', ( #87 ), #4169, .F. ) ;
#6546 = AXIS2_PLACEMENT_3D ( 'NONE', #1374, #3087, #771 ) ;
#6547 = EDGE_CURVE ( 'NONE', #5687, #3614, #4965, .T. ) ;
#6548 =( CONVERSION_BASED_UNIT ( 'INCH', #6743 ) LENGTH_UNIT ( ) NAMED_UNIT ( #6360 ) );
#6549 = ORIENTED_EDGE ( 'NONE', *, *, #2892, .F. ) ;
#6550 = LENGTH_MEASURE_WITH_UNIT ( LENGTH_MEASURE( 0.02539999999999999897 ), #640 );
#6551 = CARTESIAN_POINT ( 'NONE',  ( 0.4183893313210187981, 0.4135386224780265851, 0.4882487241989090787 ) ) ;
#6552 = LINE ( 'NONE', #750, #1162 ) ;
#6553 = CARTESIAN_POINT ( 'NONE',  ( 0.2372869691162943495, -0.03331177122276113983, 0.5925794328603265493 ) ) ;
#6554 = ORIENTED_EDGE ( 'NONE', *, *, #4974, .T. ) ;
#6555 = DIRECTION ( 'NONE',  ( -0.000000000000000000, -0.000000000000000000, -1.000000000000000000 ) ) ;
#6556 = CARTESIAN_POINT ( 'NONE',  ( 0.2057909061241683379, -0.06480783421488736651, 0.7894298265611140453 ) ) ;
#6557 = VECTOR ( 'NONE', #1228, 39.37007874015748143 ) ;
#6558 = LINE ( 'NONE', #4504, #23 ) ;
#6559 = ORIENTED_EDGE ( 'NONE', *, *, #5217, .F. ) ;
#6560 = AXIS2_PLACEMENT_3D ( 'NONE', #4038, #796, #1376 ) ;
#6561 = DIRECTION ( 'NONE',  ( 1.000000000000000000, 0.000000000000000000, 0.000000000000000000 ) ) ;
#6562 = ORIENTED_EDGE ( 'NONE', *, *, #7075, .T. ) ;
#6563 = DIRECTION ( 'NONE',  ( 1.000000000000000000, 0.000000000000000000, 0.000000000000000000 ) ) ;
#6564 = FACE_OUTER_BOUND ( 'NONE', #4231, .T. ) ;
#6565 = ORIENTED_EDGE ( 'NONE', *, *, #2680, .F. ) ;
#6566 = ORIENTED_EDGE ( 'NONE', *, *, #3786, .T. ) ;
#6567 = DIRECTION ( 'NONE',  ( 1.000000000000000000, 1.591489427501660608E-16, -0.000000000000000000 ) ) ;
#6568 = PRESENTATION_STYLE_ASSIGNMENT (( #1650 ) ) ;
#6569 = FILL_AREA_STYLE_COLOUR ( '', #1370 ) ;
#6570 = EDGE_CURVE ( 'NONE', #3790, #3200, #2905, .T. ) ;
#6571 = DIRECTION ( 'NONE',  ( -0.8272166912750229528, 0.5618830355830325418, 0.000000000000000000 ) ) ;
#6572 = COLOUR_RGB ( '',0.6470588235294117974, 0.6196078431372549211, 0.5882352941176470784 ) ;
#6573 = STYLED_ITEM ( 'NONE', ( #3760 ), #2699 ) ;
#6574 = LINE ( 'NONE', #106, #3629 ) ;
#6575 = VERTEX_POINT ( 'NONE', #6018 ) ;
#6576 =( CONVERSION_BASED_UNIT ( 'INCH', #5087 ) LENGTH_UNIT ( ) NAMED_UNIT ( #5304 ) );
#6577 = CYLINDRICAL_SURFACE ( 'NONE', #3348, 0.03937007874015747977 ) ;
#6578 = SURFACE_STYLE_USAGE ( .BOTH. , #3800 ) ;
#6579 = ADVANCED_FACE ( 'NONE', ( #3685 ), #5953, .F. ) ;
#6580 = ORIENTED_EDGE ( 'NONE', *, *, #340, .F. ) ;
#6581 = SURFACE_SIDE_STYLE ('',( #3454 ) ) ;
#6582 = COLOUR_RGB ( '',0.6470588235294117974, 0.6196078431372549211, 0.5882352941176470784 ) ;
#6583 = PRESENTATION_LAYER_ASSIGNMENT (  '', '', ( #2253 ) ) ;
#6584 = LENGTH_MEASURE_WITH_UNIT ( LENGTH_MEASURE( 0.02539999999999999897 ), #5258 );
#6585 =( NAMED_UNIT ( * ) PLANE_ANGLE_UNIT ( ) SI_UNIT ( $, .RADIAN. ) );
#6586 = ORIENTED_EDGE ( 'NONE', *, *, #6462, .T. ) ;
#6587 = ADVANCED_FACE ( 'NONE', ( #5108 ), #2057, .T. ) ;
#6588 = CARTESIAN_POINT ( 'NONE',  ( 0.2644866231109231358, 0.2973968901945615029, 0.7500597478209566349 ) ) ;
#6589 =( NAMED_UNIT ( * ) PLANE_ANGLE_UNIT ( ) SI_UNIT ( $, .RADIAN. ) );
#6590 =( NAMED_UNIT ( * ) PLANE_ANGLE_UNIT ( ) SI_UNIT ( $, .RADIAN. ) );
#6591 = LENGTH_MEASURE_WITH_UNIT ( LENGTH_MEASURE( 0.02539999999999999897 ), #6795 );
#6592 =( LENGTH_UNIT ( ) NAMED_UNIT ( * ) SI_UNIT ( $, .METRE. ) );
#6593 = DIRECTION ( 'NONE',  ( 0.000000000000000000, 0.000000000000000000, 1.000000000000000000 ) ) ;
#6594 =( GEOMETRIC_REPRESENTATION_CONTEXT ( 3 ) GLOBAL_UNCERTAINTY_ASSIGNED_CONTEXT ( ( #3654 ) ) GLOBAL_UNIT_ASSIGNED_CONTEXT ( ( #2479, #3139, #1992 ) ) REPRESENTATION_CONTEXT ( 'NONE', 'WORKASPACE' ) );
#6595 = SURFACE_STYLE_USAGE ( .BOTH. , #4316 ) ;
#6596 = EDGE_CURVE ( 'NONE', #885, #3501, #6475, .T. ) ;
#6597 = DIMENSIONAL_EXPONENTS ( 1.000000000000000000, 0.000000000000000000, 0.000000000000000000, 0.000000000000000000, 0.000000000000000000, 0.000000000000000000, 0.000000000000000000 ) ;
#6598 = LINE ( 'NONE', #5466, #3648 ) ;
#6599 = AXIS2_PLACEMENT_3D ( 'NONE', #680, #6917, #3579 ) ;
#6600 = UNCERTAINTY_MEASURE_WITH_UNIT (LENGTH_MEASURE( 1.000000000000000082E-05 ), #230, 'distance_accuracy_value', 'NONE');
#6601 = CARTESIAN_POINT ( 'NONE',  ( 0.1329562604548772953, 0.1674756303520417988, 0.5532093541201690279 ) ) ;
#6602 = CARTESIAN_POINT ( 'NONE',  ( 0.3475231895887351818, 0.3092079138166087260, 0.5532093541201690279 ) ) ;
#6603 = LENGTH_MEASURE_WITH_UNIT ( LENGTH_MEASURE( 0.02539999999999999897 ), #3155 );
#6604 = STYLED_ITEM ( 'NONE', ( #3393 ), #1113 ) ;
#6605 = ORIENTED_EDGE ( 'NONE', *, *, #2332, .T. ) ;
#6606 = EDGE_CURVE ( 'NONE', #431, #6821, #808, .T. ) ;
#6607 = AXIS2_PLACEMENT_3D ( 'NONE', #1907, #5787, #2464 ) ;
#6608 = EDGE_CURVE ( 'NONE', #3698, #1587, #288, .T. ) ;
#6609 = FILL_AREA_STYLE_COLOUR ( '', #6406 ) ;
#6610 = FILL_AREA_STYLE ('',( #5123 ) ) ;
#6611 = EDGE_LOOP ( 'NONE', ( #5437, #5980, #2843, #4120 ) ) ;
#6612 = CARTESIAN_POINT ( 'NONE',  ( 0.1172082289588141368, 0.6950346854701520138, 0.6713195903406415921 ) ) ;
#6613 = FILL_AREA_STYLE ('',( #5489 ) ) ;
#6614 = SURFACE_SIDE_STYLE ('',( #357 ) ) ;
#6615 = MECHANICAL_DESIGN_GEOMETRIC_PRESENTATION_REPRESENTATION (  '', ( #1161 ), #1395 ) ;
#6616 = COLOUR_RGB ( '',1.000000000000000000, 1.000000000000000000, 1.000000000000000000 ) ;
#6617 = STYLED_ITEM ( 'NONE', ( #5368 ), #2105 ) ;
#6618 = PLANE ( 'NONE',  #5636 ) ;
#6619 = DIRECTION ( 'NONE',  ( 1.000000000000000000, 0.000000000000000000, 0.000000000000000000 ) ) ;
#6620 = CARTESIAN_POINT ( 'NONE',  ( 0.2644866231109230803, 0.3407039768087347098, 0.5532093541201690279 ) ) ;
#6621 = ADVANCED_FACE ( 'NONE', ( #6739 ), #7040, .F. ) ;
#6622 = CARTESIAN_POINT ( 'NONE',  ( 0.06209011872259351944, 0.1359795673599158150, 0.7894298265611140453 ) ) ;
#6623 = CARTESIAN_POINT ( 'NONE',  ( 0.1546098037619636212, 0.1359795673599157873, 0.7500597478209566349 ) ) ;
#6624 = MECHANICAL_DESIGN_GEOMETRIC_PRESENTATION_REPRESENTATION (  '', ( #2395 ), #2914 ) ;
#6625 = ORIENTED_EDGE ( 'NONE', *, *, #417, .T. ) ;
#6626 = ORIENTED_EDGE ( 'NONE', *, *, #631, .F. ) ;
#6627 = SURFACE_STYLE_FILL_AREA ( #1784 ) ;
#6628 = SURFACE_STYLE_FILL_AREA ( #2390 ) ;
#6629 =( NAMED_UNIT ( * ) SI_UNIT ( $, .STERADIAN. ) SOLID_ANGLE_UNIT ( ) );
#6630 = ORIENTED_EDGE ( 'NONE', *, *, #6470, .F. ) ;
#6631 = SURFACE_STYLE_USAGE ( .BOTH. , #1041 ) ;
#6632 = STYLED_ITEM ( 'NONE', ( #4840 ), #4862 ) ;
#6633 = EDGE_CURVE ( 'NONE', #3888, #4652, #3281, .T. ) ;
#6634 = LENGTH_MEASURE_WITH_UNIT ( LENGTH_MEASURE( 0.02539999999999999897 ), #4931 );
#6635 = CARTESIAN_POINT ( 'NONE',  ( 0.2215389376202313021, 0.5533024020055851144, 0.5728943934902478441 ) ) ;
#6636 = DIRECTION ( 'NONE',  ( 0.000000000000000000, 1.000000000000000000, -0.000000000000000000 ) ) ;
#6637 = LINE ( 'NONE', #5725, #5329 ) ;
#6638 = EDGE_LOOP ( 'NONE', ( #6264, #5427, #5254, #5539, #793, #3420, #4866, #2323, #1173, #5434, #5914, #5820 ) ) ;
#6639 = PLANE ( 'NONE',  #5760 ) ;
#6640 = DIRECTION ( 'NONE',  ( 0.000000000000000000, 1.000000000000000000, 0.000000000000000000 ) ) ;
#6641 = ORIENTED_EDGE ( 'NONE', *, *, #881, .T. ) ;
#6642 = COLOUR_RGB ( '',1.000000000000000000, 1.000000000000000000, 1.000000000000000000 ) ;
#6643 = LINE ( 'NONE', #967, #6465 ) ;
#6644 = AXIS2_PLACEMENT_3D ( 'NONE', #2529, #3649, #1418 ) ;
#6645 = SURFACE_STYLE_FILL_AREA ( #6890 ) ;
#6646 = MECHANICAL_DESIGN_GEOMETRIC_PRESENTATION_REPRESENTATION (  '', ( #1282 ), #532 ) ;
#6647 = ORIENTED_EDGE ( 'NONE', *, *, #3039, .T. ) ;
#6648 = EDGE_CURVE ( 'NONE', #2389, #4562, #1791, .T. ) ;
#6649 = DIRECTION ( 'NONE',  ( -0.000000000000000000, -0.000000000000000000, -1.000000000000000000 ) ) ;
#6650 = SURFACE_SIDE_STYLE ('',( #4354 ) ) ;
#6651 = ADVANCED_FACE ( 'NONE', ( #3971 ), #7163, .F. ) ;
#6652 = SURFACE_STYLE_FILL_AREA ( #5982 ) ;
#6653 = ORIENTED_EDGE ( 'NONE', *, *, #5266, .T. ) ;
#6654 = ORIENTED_EDGE ( 'NONE', *, *, #3877, .F. ) ;
#6655 = COLOUR_RGB ( '',0.6470588235294117974, 0.6196078431372549211, 0.5882352941176470784 ) ;
#6656 = STYLED_ITEM ( 'NONE', ( #1141 ), #6579 ) ;
#6657 = LINE ( 'NONE', #4108, #6296 ) ;
#6658 = ORIENTED_EDGE ( 'NONE', *, *, #488, .F. ) ;
#6659 = ORIENTED_EDGE ( 'NONE', *, *, #100, .T. ) ;
#6660 = ADVANCED_FACE ( 'NONE', ( #3806 ), #2205, .F. ) ;
#6661 = DIRECTION ( 'NONE',  ( -0.000000000000000000, -0.000000000000000000, -1.000000000000000000 ) ) ;
#6662 = PRESENTATION_LAYER_ASSIGNMENT (  '', '', ( #5897 ) ) ;
#6663 = SURFACE_STYLE_USAGE ( .BOTH. , #5517 ) ;
#6664 = CARTESIAN_POINT ( 'NONE',  ( 0.2215389376202313021, 0.3092079138166087260, 0.5728943934902478441 ) ) ;
#6665 =( CONVERSION_BASED_UNIT ( 'INCH', #3287 ) LENGTH_UNIT ( ) NAMED_UNIT ( #4659 ) );
#6666 = CARTESIAN_POINT ( 'NONE',  ( 0.3475231895887351818, 0.3092079138166087260, 0.7894298265611140453 ) ) ;
#6667 = VECTOR ( 'NONE', #498, 39.37007874015748143 ) ;
#6668 = EDGE_CURVE ( 'NONE', #537, #6752, #7079, .T. ) ;
#6669 =( GEOMETRIC_REPRESENTATION_CONTEXT ( 3 ) GLOBAL_UNCERTAINTY_ASSIGNED_CONTEXT ( ( #5206 ) ) GLOBAL_UNIT_ASSIGNED_CONTEXT ( ( #4998, #4429, #3345 ) ) REPRESENTATION_CONTEXT ( 'NONE', 'WORKASPACE' ) );
#6670 = ORIENTED_EDGE ( 'NONE', *, *, #4425, .T. ) ;
#6671 = SURFACE_STYLE_FILL_AREA ( #2181 ) ;
#6672 = CARTESIAN_POINT ( 'NONE',  ( 0.4183893313210187981, 0.1379480712969235467, 0.6575400627815866095 ) ) ;
#6673 = MECHANICAL_DESIGN_GEOMETRIC_PRESENTATION_REPRESENTATION (  '', ( #1179 ), #4309 ) ;
#6674 = SURFACE_STYLE_USAGE ( .BOTH. , #6200 ) ;
#6675 =( NAMED_UNIT ( * ) PLANE_ANGLE_UNIT ( ) SI_UNIT ( $, .RADIAN. ) );
#6676 = CARTESIAN_POINT ( 'NONE',  ( 0.1979168903761368559, 0.1281055516118843052, 0.7500597478209566349 ) ) ;
#6677 = LINE ( 'NONE', #940, #6855 ) ;
#6678 = UNCERTAINTY_MEASURE_WITH_UNIT (LENGTH_MEASURE( 1.000000000000000082E-05 ), #6539, 'distance_accuracy_value', 'NONE');
#6679 = UNCERTAINTY_MEASURE_WITH_UNIT (LENGTH_MEASURE( 1.000000000000000082E-05 ), #2032, 'distance_accuracy_value', 'NONE');
#6680 = PRESENTATION_LAYER_ASSIGNMENT (  '', '', ( #1848 ) ) ;
#6681 = CARTESIAN_POINT ( 'NONE',  ( 0.2215389376202313021, 0.5533024020055851144, 0.7697447871910352291 ) ) ;
#6682 = CARTESIAN_POINT ( 'NONE',  ( 0.2057909061241683379, 0.09267248074574256644, 0.7500597478209566349 ) ) ;
#6683 = EDGE_CURVE ( 'NONE', #4692, #870, #3092, .T. ) ;
#6684 = ADVANCED_FACE ( 'NONE', ( #5335 ), #6051, .F. ) ;
#6685 = AXIS2_PLACEMENT_3D ( 'NONE', #6788, #5721, #5064 ) ;
#6686 = ORIENTED_EDGE ( 'NONE', *, *, #2213, .T. ) ;
#6687 = ORIENTED_EDGE ( 'NONE', *, *, #714, .T. ) ;
#6688 = VECTOR ( 'NONE', #3969, 39.37007874015748143 ) ;
#6689 = EDGE_CURVE ( 'NONE', #385, #3333, #3613, .T. ) ;
#6690 = PRESENTATION_LAYER_ASSIGNMENT (  '', '', ( #2893 ) ) ;
#6691 = ORIENTED_EDGE ( 'NONE', *, *, #3877, .T. ) ;
#6692 = DIRECTION ( 'NONE',  ( -0.000000000000000000, 1.000000000000000000, -0.000000000000000000 ) ) ;
#6693 = DIMENSIONAL_EXPONENTS ( 1.000000000000000000, 0.000000000000000000, 0.000000000000000000, 0.000000000000000000, 0.000000000000000000, 0.000000000000000000, 0.000000000000000000 ) ;
#6694 = VECTOR ( 'NONE', #6834, 39.37007874015748143 ) ;
#6695 = CARTESIAN_POINT ( 'NONE',  ( 0.1475151801965485232, 0.6182630319268449526, 0.5621243179147400459 ) ) ;
#6696 = DIRECTION ( 'NONE',  ( 1.000000000000000000, 1.591489427501660608E-16, -0.000000000000000000 ) ) ;
#6697 = EDGE_CURVE ( 'NONE', #2142, #7039, #6191, .T. ) ;
#6698 = LENGTH_MEASURE_WITH_UNIT ( LENGTH_MEASURE( 0.02539999999999999897 ), #4552 );
#6699 = VECTOR ( 'NONE', #320, 39.37007874015748143 ) ;
#6700 = CARTESIAN_POINT ( 'NONE',  ( 0.2644866231109231358, 0.3092079138166087260, 0.7500597478209566349 ) ) ;
#6701 = EDGE_CURVE ( 'NONE', #4960, #2678, #4388, .T. ) ;
#6702 = ORIENTED_EDGE ( 'NONE', *, *, #3305, .F. ) ;
#6703 = MECHANICAL_DESIGN_GEOMETRIC_PRESENTATION_REPRESENTATION (  '', ( #4597 ), #6088 ) ;
#6704 = SURFACE_STYLE_USAGE ( .BOTH. , #3862 ) ;
#6705 = CIRCLE ( 'NONE', #2305, 0.04724409448818896184 ) ;
#6706 = LINE ( 'NONE', #3018, #1672 ) ;
#6707 = DIRECTION ( 'NONE',  ( -1.224646799147353454E-16, 1.000000000000000000, 2.465190328815661892E-32 ) ) ;
#6708 = LENGTH_MEASURE_WITH_UNIT ( LENGTH_MEASURE( 0.02539999999999999897 ), #2955 );
#6709 = EDGE_LOOP ( 'NONE', ( #1014, #4290, #848, #5076, #5850, #5165 ) ) ;
#6710 = LINE ( 'NONE', #4665, #4111 ) ;
#6711 = DIRECTION ( 'NONE',  ( 1.000000000000000000, 0.000000000000000000, 0.000000000000000000 ) ) ;
#6712 = SURFACE_STYLE_FILL_AREA ( #708 ) ;
#6713 = AXIS2_PLACEMENT_3D ( 'NONE', #5131, #698, #6816 ) ;
#6714 = EDGE_LOOP ( 'NONE', ( #1678, #3278, #4348, #3023 ) ) ;
#6715 = CYLINDRICAL_SURFACE ( 'NONE', #6599, 0.01968503937007875723 ) ;
#6716 = DIRECTION ( 'NONE',  ( -1.224646799147353454E-16, 1.000000000000000000, 2.465190328815661892E-32 ) ) ;
#6717 = ORIENTED_EDGE ( 'NONE', *, *, #7153, .F. ) ;
#6718 = LINE ( 'NONE', #283, #4804 ) ;
#6719 = COLOUR_RGB ( '',1.000000000000000000, 1.000000000000000000, 1.000000000000000000 ) ;
#6720 = ADVANCED_FACE ( 'NONE', ( #2482 ), #6187, .T. ) ;
#6721 = DIRECTION ( 'NONE',  ( -0.9544338947578755450, 0.000000000000000000, 0.2984224196291431763 ) ) ;
#6722 = ORIENTED_EDGE ( 'NONE', *, *, #1436, .F. ) ;
#6723 = FILL_AREA_STYLE ('',( #6228 ) ) ;
#6724 = MECHANICAL_DESIGN_GEOMETRIC_PRESENTATION_REPRESENTATION (  '', ( #6632 ), #4995 ) ;
#6725 = PLANE ( 'NONE',  #5880 ) ;
#6726 = FILL_AREA_STYLE_COLOUR ( '', #678 ) ;
#6727 = PRESENTATION_STYLE_ASSIGNMENT (( #5412 ) ) ;
#6728 = PRESENTATION_STYLE_ASSIGNMENT (( #584 ) ) ;
#6729 = VERTEX_POINT ( 'NONE', #2290 ) ;
#6730 = CARTESIAN_POINT ( 'NONE',  ( 0.2057909061241683379, 0.09267248074574256644, 0.5925794328603265493 ) ) ;
#6731 = FILL_AREA_STYLE ('',( #5046 ) ) ;
#6732 = DIMENSIONAL_EXPONENTS ( 1.000000000000000000, 0.000000000000000000, 0.000000000000000000, 0.000000000000000000, 0.000000000000000000, 0.000000000000000000, 0.000000000000000000 ) ;
#6733 = VERTEX_POINT ( 'NONE', #5680 ) ;
#6734 = SURFACE_STYLE_USAGE ( .BOTH. , #2846 ) ;
#6735 = AXIS2_PLACEMENT_3D ( 'NONE', #2718, #5676, #6867 ) ;
#6736 = EDGE_LOOP ( 'NONE', ( #3356, #3681, #3072, #45 ) ) ;
#6737 = ORIENTED_EDGE ( 'NONE', *, *, #5145, .T. ) ;
#6738 = AXIS2_PLACEMENT_3D ( 'NONE', #1862, #3480, #1831 ) ;
#6739 = FACE_OUTER_BOUND ( 'NONE', #1174, .T. ) ;
#6740 = EDGE_CURVE ( 'NONE', #3888, #5336, #22, .T. ) ;
#6741 = ORIENTED_EDGE ( 'NONE', *, *, #1306, .F. ) ;
#6742 = CARTESIAN_POINT ( 'NONE',  ( 0.1329562604548769900, -0.03331177122276113983, 0.5925794328603265493 ) ) ;
#6743 = LENGTH_MEASURE_WITH_UNIT ( LENGTH_MEASURE( 0.02539999999999999897 ), #6478 );
#6745 = ORIENTED_EDGE ( 'NONE', *, *, #898, .T. ) ;
#6744 = DIRECTION ( 'NONE',  ( 0.000000000000000000, 1.000000000000000000, 0.000000000000000000 ) ) ;
#6746 = PRESENTATION_LAYER_ASSIGNMENT (  '', '', ( #32 ) ) ;
#6747 = PLANE ( 'NONE',  #3043 ) ;
#6748 = COLOUR_RGB ( '',1.000000000000000000, 1.000000000000000000, 1.000000000000000000 ) ;
#6749 =( CONVERSION_BASED_UNIT ( 'INCH', #1469 ) LENGTH_UNIT ( ) NAMED_UNIT ( #5674 ) );
#6750 = LINE ( 'NONE', #451, #128 ) ;
#6751 = DIRECTION ( 'NONE',  ( -1.445602896647337536E-15, 0.000000000000000000, 1.000000000000000000 ) ) ;
#6752 = VERTEX_POINT ( 'NONE', #5110 ) ;
#6753 = CARTESIAN_POINT ( 'NONE',  ( 0.2964995675414904830, 0.2293653941315694222, 0.7358865194744996785 ) ) ;
#6754 = CARTESIAN_POINT ( 'NONE',  ( 0.4183893313210187981, 0.4135386224780265851, 0.8681699840414289771 ) ) ;
#6755 = EDGE_CURVE ( 'NONE', #4088, #2230, #1339, .T. ) ;
#6756 = FILL_AREA_STYLE ('',( #5049 ) ) ;
#6757 = COLOUR_RGB ( '',1.000000000000000000, 1.000000000000000000, 1.000000000000000000 ) ;
#6758 = MECHANICAL_DESIGN_GEOMETRIC_PRESENTATION_REPRESENTATION (  '', ( #4245 ), #5643 ) ;
#6759 = ADVANCED_FACE ( 'NONE', ( #5780 ), #6747, .F. ) ;
#6760 = UNCERTAINTY_MEASURE_WITH_UNIT (LENGTH_MEASURE( 1.000000000000000082E-05 ), #1546, 'distance_accuracy_value', 'NONE');
#6761 = LINE ( 'NONE', #4857, #5552 ) ;
#6762 = STYLED_ITEM ( 'NONE', ( #547 ), #412 ) ;
#6763 =( CONVERSION_BASED_UNIT ( 'INCH', #6192 ) LENGTH_UNIT ( ) NAMED_UNIT ( #4760 ) );
#6764 = DIMENSIONAL_EXPONENTS ( 1.000000000000000000, 0.000000000000000000, 0.000000000000000000, 0.000000000000000000, 0.000000000000000000, 0.000000000000000000, 0.000000000000000000 ) ;
#6765 = AXIS2_PLACEMENT_3D ( 'NONE', #2880, #632, #1849 ) ;
#6766 = DIRECTION ( 'NONE',  ( -1.224646799147353454E-16, 1.000000000000000000, 2.465190328815661892E-32 ) ) ;
#6767 =( LENGTH_UNIT ( ) NAMED_UNIT ( * ) SI_UNIT ( $, .METRE. ) );
#6768 = DIRECTION ( 'NONE',  ( 0.7589466384404125465, -0.5692099788303074392, 0.3162277660168359983 ) ) ;
#6769 = VERTEX_POINT ( 'NONE', #5614 ) ;
#6770 = COLOUR_RGB ( '',1.000000000000000000, 1.000000000000000000, 1.000000000000000000 ) ;
#6771 = DIRECTION ( 'NONE',  ( -0.000000000000000000, -0.000000000000000000, 1.000000000000000000 ) ) ;
#6772 = DIRECTION ( 'NONE',  ( -1.000000000000000000, -0.000000000000000000, 0.000000000000000000 ) ) ;
#6773 = CIRCLE ( 'NONE', #6883, 0.01968503937007873988 ) ;
#6774 = PRESENTATION_LAYER_ASSIGNMENT (  '', '', ( #2557 ) ) ;
#6775 = ORIENTED_EDGE ( 'NONE', *, *, #5947, .T. ) ;
#6776 = CARTESIAN_POINT ( 'NONE',  ( 0.1106993531933222058, 0.5985779925567662474, 0.5506131297273821890 ) ) ;
#6777 = FILL_AREA_STYLE_COLOUR ( '', #4456 ) ;
#6778 = EDGE_CURVE ( 'NONE', #5316, #3976, #4806, .T. ) ;
#6779 = DIRECTION ( 'NONE',  ( -0.9544338947578755450, 0.000000000000000000, 0.2984224196291434539 ) ) ;
#6780 = CIRCLE ( 'NONE', #2350, 0.07480314960629920462 ) ;
#6781 = CARTESIAN_POINT ( 'NONE',  ( 0.3475231895887351818, 0.3407039768087347098, 0.5925794328603265493 ) ) ;
#6782 =( GEOMETRIC_REPRESENTATION_CONTEXT ( 3 ) GLOBAL_UNCERTAINTY_ASSIGNED_CONTEXT ( ( #5382 ) ) GLOBAL_UNIT_ASSIGNED_CONTEXT ( ( #1609, #2261, #1071 ) ) REPRESENTATION_CONTEXT ( 'NONE', 'WORKASPACE' ) );
#6783 = FACE_OUTER_BOUND ( 'NONE', #4394, .T. ) ;
#6784 = LINE ( 'NONE', #2339, #3154 ) ;
#6785 =( NAMED_UNIT ( * ) PLANE_ANGLE_UNIT ( ) SI_UNIT ( $, .RADIAN. ) );
#6786 = CYLINDRICAL_SURFACE ( 'NONE', #2873, 0.03937007874015747977 ) ;
#6787 = SURFACE_SIDE_STYLE ('',( #6011 ) ) ;
#6788 = CARTESIAN_POINT ( 'NONE',  ( 0.2215389376202313021, 0.08479846499771107049, 0.6713195903406415921 ) ) ;
#6789 = CARTESIAN_POINT ( 'NONE',  ( 0.06209011872259351944, 0.1753496461000732809, 0.5925794328603265493 ) ) ;
#6790 = ORIENTED_EDGE ( 'NONE', *, *, #2274, .T. ) ;
#6791 = ORIENTED_EDGE ( 'NONE', *, *, #1569, .T. ) ;
#6792 = CARTESIAN_POINT ( 'NONE',  ( 0.1329562604548769900, 0.2068457090921992647, 0.7500597478209566349 ) ) ;
#6793 = VECTOR ( 'NONE', #666, 39.37007874015748143 ) ;
#6794 = VECTOR ( 'NONE', #3453, 39.37007874015748143 ) ;
#6795 =( LENGTH_UNIT ( ) NAMED_UNIT ( * ) SI_UNIT ( $, .METRE. ) );
#6796 = EDGE_CURVE ( 'NONE', #3340, #2616, #2833, .T. ) ;
#6797 = LENGTH_MEASURE_WITH_UNIT ( LENGTH_MEASURE( 0.02539999999999999897 ), #6261 );
#6798 = MECHANICAL_DESIGN_GEOMETRIC_PRESENTATION_REPRESENTATION (  '', ( #5446 ), #4190 ) ;
#6799 = UNCERTAINTY_MEASURE_WITH_UNIT (LENGTH_MEASURE( 1.000000000000000082E-05 ), #3989, 'distance_accuracy_value', 'NONE');
#6800 = ORIENTED_EDGE ( 'NONE', *, *, #3925, .T. ) ;
#6801 =( LENGTH_UNIT ( ) NAMED_UNIT ( * ) SI_UNIT ( $, .METRE. ) );
#6802 = DIMENSIONAL_EXPONENTS ( 1.000000000000000000, 0.000000000000000000, 0.000000000000000000, 0.000000000000000000, 0.000000000000000000, 0.000000000000000000, 0.000000000000000000 ) ;
#6803 = VECTOR ( 'NONE', #5712, 39.37007874015748143 ) ;
#6804 = CARTESIAN_POINT ( 'NONE',  ( 0.1329562604548772953, 0.1674756303520417988, 0.7500597478209566349 ) ) ;
#6805 = COLOUR_RGB ( '',1.000000000000000000, 1.000000000000000000, 1.000000000000000000 ) ;
#6806 = LINE ( 'NONE', #1775, #5330 ) ;
#6807 = DIMENSIONAL_EXPONENTS ( 1.000000000000000000, 0.000000000000000000, 0.000000000000000000, 0.000000000000000000, 0.000000000000000000, 0.000000000000000000, 0.000000000000000000 ) ;
#6808 =( GEOMETRIC_REPRESENTATION_CONTEXT ( 3 ) GLOBAL_UNCERTAINTY_ASSIGNED_CONTEXT ( ( #6799 ) ) GLOBAL_UNIT_ASSIGNED_CONTEXT ( ( #3989, #2859, #3914 ) ) REPRESENTATION_CONTEXT ( 'NONE', 'WORKASPACE' ) );
#6809 = DIRECTION ( 'NONE',  ( 0.000000000000000000, 1.000000000000000000, -1.445602896647339163E-16 ) ) ;
#6810 =( NAMED_UNIT ( * ) SI_UNIT ( $, .STERADIAN. ) SOLID_ANGLE_UNIT ( ) );
#6811 = ORIENTED_EDGE ( 'NONE', *, *, #3401, .T. ) ;
#6812 = VECTOR ( 'NONE', #40, 39.37007874015748143 ) ;
#6813 = SURFACE_STYLE_FILL_AREA ( #4826 ) ;
#6814 = ORIENTED_EDGE ( 'NONE', *, *, #1928, .T. ) ;
#6815 =( CONVERSION_BASED_UNIT ( 'INCH', #4801 ) LENGTH_UNIT ( ) NAMED_UNIT ( #3697 ) );
#6816 = DIRECTION ( 'NONE',  ( 0.000000000000000000, -0.000000000000000000, 1.000000000000000000 ) ) ;
#6817 = CARTESIAN_POINT ( 'NONE',  ( 0.2215389376202312466, 0.5985779925567662474, 0.5728943934902481772 ) ) ;
#6818 = PRESENTATION_LAYER_ASSIGNMENT (  '', '', ( #3473 ) ) ;
#6819 = ORIENTED_EDGE ( 'NONE', *, *, #2435, .F. ) ;
#6820 = EDGE_CURVE ( 'NONE', #6368, #10, #3003, .T. ) ;
#6821 = VERTEX_POINT ( 'NONE', #4511 ) ;
#6822 = DIRECTION ( 'NONE',  ( 0.000000000000000000, -0.000000000000000000, 1.000000000000000000 ) ) ;
#6823 = CARTESIAN_POINT ( 'NONE',  ( 0.1034287013997588905, 0.1064520083047976878, 0.5532093541201690279 ) ) ;
#6824 = EDGE_CURVE ( 'NONE', #5424, #5606, #6285, .T. ) ;
#6825 = ORIENTED_EDGE ( 'NONE', *, *, #4459, .F. ) ;
#6826 = EDGE_LOOP ( 'NONE', ( #5870, #2980, #6874, #112, #4415, #889 ) ) ;
#6827 = AXIS2_PLACEMENT_3D ( 'NONE', #5039, #2283, #5106 ) ;
#6828 = DIRECTION ( 'NONE',  ( -1.000000000000000000, 0.000000000000000000, 0.000000000000000000 ) ) ;
#6829 = CARTESIAN_POINT ( 'NONE',  ( 0.1839628000313384970, 0.3525150004307819329, 0.5611454793316205114 ) ) ;
#6830 =( NAMED_UNIT ( * ) PLANE_ANGLE_UNIT ( ) SI_UNIT ( $, .RADIAN. ) );
#6831 = VERTEX_POINT ( 'NONE', #1751 ) ;
#6832 =( NAMED_UNIT ( * ) PLANE_ANGLE_UNIT ( ) SI_UNIT ( $, .RADIAN. ) );
#6833 =( CONVERSION_BASED_UNIT ( 'INCH', #4876 ) LENGTH_UNIT ( ) NAMED_UNIT ( #1566 ) );
#6834 = DIRECTION ( 'NONE',  ( -0.000000000000000000, 1.000000000000000000, -0.000000000000000000 ) ) ;
#6835 =( GEOMETRIC_REPRESENTATION_CONTEXT ( 3 ) GLOBAL_UNCERTAINTY_ASSIGNED_CONTEXT ( ( #5073 ) ) GLOBAL_UNIT_ASSIGNED_CONTEXT ( ( #570, #5101, #2889 ) ) REPRESENTATION_CONTEXT ( 'NONE', 'WORKASPACE' ) );
#6836 = EDGE_CURVE ( 'NONE', #5687, #1341, #5776, .T. ) ;
#6837 = CARTESIAN_POINT ( 'NONE',  ( 0.09358618171471953795, 0.2068457090921995423, 0.7894298265611140453 ) ) ;
#6838 = DIRECTION ( 'NONE',  ( 0.000000000000000000, 0.4472135954999570395, 0.8944271909999164105 ) ) ;
#6839 = ORIENTED_EDGE ( 'NONE', *, *, #2199, .F. ) ;
#6840 =( CONVERSION_BASED_UNIT ( 'INCH', #4292 ) LENGTH_UNIT ( ) NAMED_UNIT ( #7062 ) );
#6841 = EDGE_CURVE ( 'NONE', #1541, #7185, #7071, .T. ) ;
#6842 = SURFACE_STYLE_FILL_AREA ( #2166 ) ;
#6843 = CIRCLE ( 'NONE', #3623, 0.07480314960629920462 ) ;
#6844 = SURFACE_STYLE_USAGE ( .BOTH. , #6910 ) ;
#6845 = CARTESIAN_POINT ( 'NONE',  ( 0.3475231895887351818, 0.3092079138166087260, 0.5532093541201690279 ) ) ;
#6846 = DIMENSIONAL_EXPONENTS ( 1.000000000000000000, 0.000000000000000000, 0.000000000000000000, 0.000000000000000000, 0.000000000000000000, 0.000000000000000000, 0.000000000000000000 ) ;
#6847 = PRESENTATION_STYLE_ASSIGNMENT (( #6491 ) ) ;
#6848 = CIRCLE ( 'NONE', #6533, 0.04724409448818896184 ) ;
#6849 =( LENGTH_UNIT ( ) NAMED_UNIT ( * ) SI_UNIT ( $, .METRE. ) );
#6850 = DIRECTION ( 'NONE',  ( -0.9544338947578755450, 0.000000000000000000, 0.2984224196291434539 ) ) ;
#6851 = SURFACE_STYLE_USAGE ( .BOTH. , #2887 ) ;
#6852 =( NAMED_UNIT ( * ) SI_UNIT ( $, .STERADIAN. ) SOLID_ANGLE_UNIT ( ) );
#6853 = CARTESIAN_POINT ( 'NONE',  ( 0.09358618171471951019, 0.2698378350764509270, 0.5532093541201690279 ) ) ;
#6854 = PRESENTATION_LAYER_ASSIGNMENT (  '', '', ( #641 ) ) ;
#6855 = VECTOR ( 'NONE', #2611, 39.37007874015748854 ) ;
#6856 = LINE ( 'NONE', #2375, #5723 ) ;
#6857 = SURFACE_SIDE_STYLE ('',( #4095 ) ) ;
#6858 = DIRECTION ( 'NONE',  ( -1.000000000000000000, 0.000000000000000000, 0.000000000000000000 ) ) ;
#6859 = ORIENTED_EDGE ( 'NONE', *, *, #5198, .F. ) ;
#6860 = AXIS2_PLACEMENT_3D ( 'NONE', #2767, #3313, #7118 ) ;
#6861 = ORIENTED_EDGE ( 'NONE', *, *, #258, .T. ) ;
#6862 = CIRCLE ( 'NONE', #3317, 0.03937007874015747977 ) ;
#6863 = ORIENTED_EDGE ( 'NONE', *, *, #1378, .F. ) ;
#6864 = SURFACE_SIDE_STYLE ('',( #493 ) ) ;
#6865 = PRESENTATION_LAYER_ASSIGNMENT (  '', '', ( #2415 ) ) ;
#6866 = PRESENTATION_LAYER_ASSIGNMENT (  '', '', ( #910 ) ) ;
#6867 = DIRECTION ( 'NONE',  ( -1.000000000000000000, 0.000000000000000000, 0.000000000000000000 ) ) ;
#6868 = CARTESIAN_POINT ( 'NONE',  ( 0.06209011872259351944, 0.3407039768087347098, 0.7894298265611140453 ) ) ;
#6869 = FILL_AREA_STYLE_COLOUR ( '', #3168 ) ;
#6870 = VECTOR ( 'NONE', #1844, 39.37007874015748143 ) ;
#6871 = DIMENSIONAL_EXPONENTS ( 1.000000000000000000, 0.000000000000000000, 0.000000000000000000, 0.000000000000000000, 0.000000000000000000, 0.000000000000000000, 0.000000000000000000 ) ;
#6872 = COLOUR_RGB ( '',1.000000000000000000, 1.000000000000000000, 1.000000000000000000 ) ;
#6873 = EDGE_LOOP ( 'NONE', ( #6271, #1148, #483, #3351 ) ) ;
#6874 = ORIENTED_EDGE ( 'NONE', *, *, #6740, .F. ) ;
#6875 =( LENGTH_UNIT ( ) NAMED_UNIT ( * ) SI_UNIT ( $, .METRE. ) );
#6876 =( NAMED_UNIT ( * ) SI_UNIT ( $, .STERADIAN. ) SOLID_ANGLE_UNIT ( ) );
#6877 = COLOUR_RGB ( '',0.6470588235294117974, 0.6196078431372549211, 0.5882352941176470784 ) ;
#6878 = DIMENSIONAL_EXPONENTS ( 1.000000000000000000, 0.000000000000000000, 0.000000000000000000, 0.000000000000000000, 0.000000000000000000, 0.000000000000000000, 0.000000000000000000 ) ;
#6879 = COLOUR_RGB ( '',1.000000000000000000, 1.000000000000000000, 1.000000000000000000 ) ;
#6880 = PLANE ( 'NONE',  #5423 ) ;
#6881 = DIRECTION ( 'NONE',  ( 0.000000000000000000, 0.000000000000000000, -1.000000000000000000 ) ) ;
#6882 = MECHANICAL_DESIGN_GEOMETRIC_PRESENTATION_REPRESENTATION (  '', ( #4381 ), #5775 ) ;
#6883 = AXIS2_PLACEMENT_3D ( 'NONE', #2860, #6148, #4529 ) ;
#6884 = VERTEX_POINT ( 'NONE', #54 ) ;
#6885 = EDGE_CURVE ( 'NONE', #3228, #4551, #4636, .T. ) ;
#6886 = FACE_OUTER_BOUND ( 'NONE', #462, .T. ) ;
#6887 = VERTEX_POINT ( 'NONE', #3571 ) ;
#6888 =( CONVERSION_BASED_UNIT ( 'INCH', #2461 ) LENGTH_UNIT ( ) NAMED_UNIT ( #2478 ) );
#6889 = FACE_OUTER_BOUND ( 'NONE', #2, .T. ) ;
#6890 = FILL_AREA_STYLE ('',( #1301 ) ) ;
#6891 = CARTESIAN_POINT ( 'NONE',  ( 0.09358618171471951019, 0.2698378350764509270, 0.5532093541201690279 ) ) ;
#6892 = ORIENTED_EDGE ( 'NONE', *, *, #4749, .F. ) ;
#6893 =( GEOMETRIC_REPRESENTATION_CONTEXT ( 3 ) GLOBAL_UNCERTAINTY_ASSIGNED_CONTEXT ( ( #1344 ) ) GLOBAL_UNIT_ASSIGNED_CONTEXT ( ( #3924, #3978, #610 ) ) REPRESENTATION_CONTEXT ( 'NONE', 'WORKASPACE' ) );
#6894 = LENGTH_MEASURE_WITH_UNIT ( LENGTH_MEASURE( 0.02539999999999999897 ), #6302 );
#6895 = ORIENTED_EDGE ( 'NONE', *, *, #1709, .T. ) ;
#6896 = UNCERTAINTY_MEASURE_WITH_UNIT (LENGTH_MEASURE( 1.000000000000000082E-05 ), #5542, 'distance_accuracy_value', 'NONE');
#6897 = ORIENTED_EDGE ( 'NONE', *, *, #575, .T. ) ;
#6898 = CARTESIAN_POINT ( 'NONE',  ( 0.06209011872259351944, 0.1359795673599158150, 0.7500597478209566349 ) ) ;
#6899 = STYLED_ITEM ( 'NONE', ( #4441 ), #3930 ) ;
#6900 = ORIENTED_EDGE ( 'NONE', *, *, #5198, .T. ) ;
#6901 = DIRECTION ( 'NONE',  ( 0.000000000000000000, -1.000000000000000000, -1.445602896647339163E-16 ) ) ;
#6902 = LENGTH_MEASURE_WITH_UNIT ( LENGTH_MEASURE( 0.02539999999999999897 ), #4086 );
#6903 = ORIENTED_EDGE ( 'NONE', *, *, #33, .F. ) ;
#6904 = ORIENTED_EDGE ( 'NONE', *, *, #4956, .T. ) ;
#6905 = DIRECTION ( 'NONE',  ( 0.000000000000000000, 0.000000000000000000, 1.000000000000000000 ) ) ;
#6906 = LINE ( 'NONE', #3565, #5430 ) ;
#6907 = FILL_AREA_STYLE_COLOUR ( '', #6872 ) ;
#6908 = DIRECTION ( 'NONE',  ( -1.224646799147353454E-16, 1.000000000000000000, 2.465190328815661892E-32 ) ) ;
#6909 = VERTEX_POINT ( 'NONE', #1209 ) ;
#6910 = SURFACE_SIDE_STYLE ('',( #3781 ) ) ;
#6911 = UNCERTAINTY_MEASURE_WITH_UNIT (LENGTH_MEASURE( 1.000000000000000082E-05 ), #1837, 'distance_accuracy_value', 'NONE');
#6912 = EDGE_CURVE ( 'NONE', #870, #537, #5063, .T. ) ;
#6913 = DIRECTION ( 'NONE',  ( 0.000000000000000000, 0.000000000000000000, 1.000000000000000000 ) ) ;
#6914 = DIMENSIONAL_EXPONENTS ( 1.000000000000000000, 0.000000000000000000, 0.000000000000000000, 0.000000000000000000, 0.000000000000000000, 0.000000000000000000, 0.000000000000000000 ) ;
#6915 = ORIENTED_EDGE ( 'NONE', *, *, #4821, .T. ) ;
#6916 =( CONVERSION_BASED_UNIT ( 'INCH', #6902 ) LENGTH_UNIT ( ) NAMED_UNIT ( #3652 ) );
#6917 = DIRECTION ( 'NONE',  ( 0.000000000000000000, 0.000000000000000000, 1.000000000000000000 ) ) ;
#6918 = DIRECTION ( 'NONE',  ( 0.000000000000000000, -0.000000000000000000, -1.000000000000000000 ) ) ;
#6919 = VECTOR ( 'NONE', #5337, 39.37007874015748143 ) ;
#6920 = COLOUR_RGB ( '',0.7803921568627451011, 0.7607843137254901578, 0.7411764705882353255 ) ;
#6921 = CARTESIAN_POINT ( 'NONE',  ( 0.2372869691162943495, 0.1281055516118842774, 0.7894298265611140453 ) ) ;
#6922 = AXIS2_PLACEMENT_3D ( 'NONE', #6612, #7187, #6109 ) ;
#6923 = VERTEX_POINT ( 'NONE', #2970 ) ;
#6924 = AXIS2_PLACEMENT_3D ( 'NONE', #742, #3615, #216 ) ;
#6925 = DIRECTION ( 'NONE',  ( -0.9544338947578753229, 0.000000000000000000, 0.2984224196291437314 ) ) ;
#6926 = CARTESIAN_POINT ( 'NONE',  ( 0.06209011872259351944, 0.3407039768087347098, 0.7500597478209566349 ) ) ;
#6927 = FILL_AREA_STYLE ('',( #282 ) ) ;
#6928 = PLANE ( 'NONE',  #321 ) ;
#6929 = EDGE_CURVE ( 'NONE', #4551, #5336, #5600, .T. ) ;
#6930 = DIRECTION ( 'NONE',  ( 0.000000000000000000, 0.000000000000000000, -1.000000000000000000 ) ) ;
#6931 = LINE ( 'NONE', #1023, #834 ) ;
#6932 = DIRECTION ( 'NONE',  ( -0.000000000000000000, 1.000000000000000000, -0.000000000000000000 ) ) ;
#6933 = FACE_OUTER_BOUND ( 'NONE', #3332, .T. ) ;
#6934 = STYLED_ITEM ( 'NONE', ( #6949 ), #2660 ) ;
#6935 = DIRECTION ( 'NONE',  ( -0.9544338947578753229, 0.000000000000000000, 0.2984224196291437314 ) ) ;
#6936 = CARTESIAN_POINT ( 'NONE',  ( 0.3475231895887351818, 0.3092079138166087260, 0.5925794328603265493 ) ) ;
#6937 = LENGTH_MEASURE_WITH_UNIT ( LENGTH_MEASURE( 0.02539999999999999897 ), #6339 );
#6938 = ORIENTED_EDGE ( 'NONE', *, *, #6321, .F. ) ;
#6939 = PLANE ( 'NONE',  #3875 ) ;
#6940 = SURFACE_SIDE_STYLE ('',( #871 ) ) ;
#6941 = LINE ( 'NONE', #1185, #761 ) ;
#6942 = STYLED_ITEM ( 'NONE', ( #5312 ), #3452 ) ;
#6943 =( CONVERSION_BASED_UNIT ( 'INCH', #2796 ) LENGTH_UNIT ( ) NAMED_UNIT ( #2168 ) );
#6944 = VERTEX_POINT ( 'NONE', #6279 ) ;
#6945 = SURFACE_SIDE_STYLE ('',( #1815 ) ) ;
#6946 = CARTESIAN_POINT ( 'NONE',  ( 0.2215389376202313021, 0.5533024020055851144, 0.7697447871910352291 ) ) ;
#6947 =( NAMED_UNIT ( * ) SI_UNIT ( $, .STERADIAN. ) SOLID_ANGLE_UNIT ( ) );
#6948 = DIMENSIONAL_EXPONENTS ( 1.000000000000000000, 0.000000000000000000, 0.000000000000000000, 0.000000000000000000, 0.000000000000000000, 0.000000000000000000, 0.000000000000000000 ) ;
#6949 = PRESENTATION_STYLE_ASSIGNMENT (( #1319 ) ) ;
#6950 = FACE_OUTER_BOUND ( 'NONE', #6638, .T. ) ;
#6951 = EDGE_CURVE ( 'NONE', #1005, #707, #4894, .T. ) ;
#6952 =( LENGTH_UNIT ( ) NAMED_UNIT ( * ) SI_UNIT ( $, .METRE. ) );
#6953 = CARTESIAN_POINT ( 'NONE',  ( 0.2591150752091239684, 0.5533024020055851144, 0.5846433076488758429 ) ) ;
#6954 = SURFACE_STYLE_USAGE ( .BOTH. , #2077 ) ;
#6955 = CARTESIAN_POINT ( 'NONE',  ( 0.1546098037619636212, 0.1359795673599157873, 0.7894298265611140453 ) ) ;
#6956 = VECTOR ( 'NONE', #1817, 39.37007874015748143 ) ;
#6957 = PRESENTATION_LAYER_ASSIGNMENT (  '', '', ( #6421 ) ) ;
#6958 = ORIENTED_EDGE ( 'NONE', *, *, #2468, .F. ) ;
#6959 = AXIS2_PLACEMENT_3D ( 'NONE', #916, #4729, #356 ) ;
#6960 = ORIENTED_EDGE ( 'NONE', *, *, #1446, .T. ) ;
#6961 = CARTESIAN_POINT ( 'NONE',  ( 0.2215389376202312466, 0.6182630319268449526, 0.7697447871910348960 ) ) ;
#6962 = COLOUR_RGB ( '',1.000000000000000000, 1.000000000000000000, 1.000000000000000000 ) ;
#6963 = EDGE_CURVE ( 'NONE', #4952, #4139, #6552, .T. ) ;
#6964 = CIRCLE ( 'NONE', #1811, 0.03937007874015747977 ) ;
#6965 = SURFACE_STYLE_USAGE ( .BOTH. , #6940 ) ;
#6966 = SURFACE_STYLE_FILL_AREA ( #948 ) ;
#6967 = CARTESIAN_POINT ( 'NONE',  ( 0.06209011872259351944, 0.3092079138166087260, 0.7500597478209566349 ) ) ;
#6968 =( NAMED_UNIT ( * ) PLANE_ANGLE_UNIT ( ) SI_UNIT ( $, .RADIAN. ) );
#6969 = CARTESIAN_POINT ( 'NONE',  ( 0.3475231895887351818, 0.3407039768087347098, 0.5532093541201690279 ) ) ;
#6970 =( NAMED_UNIT ( * ) SI_UNIT ( $, .STERADIAN. ) SOLID_ANGLE_UNIT ( ) );
#6971 = SURFACE_SIDE_STYLE ('',( #4945 ) ) ;
#6972 = MECHANICAL_DESIGN_GEOMETRIC_PRESENTATION_REPRESENTATION (  '', ( #5490 ), #867 ) ;
#6973 = VECTOR ( 'NONE', #7031, 39.37007874015748143 ) ;
#6974 = STYLED_ITEM ( 'NONE', ( #59 ), #2114 ) ;
#6975 = CARTESIAN_POINT ( 'NONE',  ( 0.1329562604548772953, 0.1674756303520417988, 0.5532093541201690279 ) ) ;
#6976 = DIMENSIONAL_EXPONENTS ( 1.000000000000000000, 0.000000000000000000, 0.000000000000000000, 0.000000000000000000, 0.000000000000000000, 0.000000000000000000, 0.000000000000000000 ) ;
#6977 =( CONVERSION_BASED_UNIT ( 'INCH', #305 ) LENGTH_UNIT ( ) NAMED_UNIT ( #4141 ) );
#6978 = SURFACE_STYLE_USAGE ( .BOTH. , #2021 ) ;
#6979 = PLANE ( 'NONE',  #687 ) ;
#6980 = LINE ( 'NONE', #6444, #3427 ) ;
#6981 = LENGTH_MEASURE_WITH_UNIT ( LENGTH_MEASURE( 0.02539999999999999897 ), #4971 );
#6982 = CARTESIAN_POINT ( 'NONE',  ( 0.2591150752091240239, 0.3525150004307819329, 0.5846433076488758429 ) ) ;
#6983 = ORIENTED_EDGE ( 'NONE', *, *, #1872, .F. ) ;
#6984 =( NAMED_UNIT ( * ) SI_UNIT ( $, .STERADIAN. ) SOLID_ANGLE_UNIT ( ) );
#6985 = EDGE_CURVE ( 'NONE', #4047, #157, #1954, .T. ) ;
#6986 = ADVANCED_FACE ( 'NONE', ( #2132 ), #1863, .T. ) ;
#6987 = AXIS2_PLACEMENT_3D ( 'NONE', #4537, #6212, #1262 ) ;
#6988 = LENGTH_MEASURE_WITH_UNIT ( LENGTH_MEASURE( 0.02539999999999999897 ), #3175 );
#6989 = ORIENTED_EDGE ( 'NONE', *, *, #4915, .F. ) ;
#6990 = UNCERTAINTY_MEASURE_WITH_UNIT (LENGTH_MEASURE( 1.000000000000000082E-05 ), #1507, 'distance_accuracy_value', 'NONE');
#6991 = CARTESIAN_POINT ( 'NONE',  ( 0.2215389376202313021, 0.5533024020055851144, 0.5728943934902478441 ) ) ;
#6992 = ORIENTED_EDGE ( 'NONE', *, *, #6483, .F. ) ;
#6993 = ORIENTED_EDGE ( 'NONE', *, *, #2710, .T. ) ;
#6994 =( LENGTH_UNIT ( ) NAMED_UNIT ( * ) SI_UNIT ( $, .METRE. ) );
#6995 = FILL_AREA_STYLE ('',( #4200 ) ) ;
#6996 = LINE ( 'NONE', #1857, #5527 ) ;
#6997 = EDGE_LOOP ( 'NONE', ( #3151, #1560, #1698, #4715 ) ) ;
#6998 = CARTESIAN_POINT ( 'NONE',  ( 0.06209011872259351944, 0.1910976775961362728, 0.6280125037264683296 ) ) ;
#6999 =( NAMED_UNIT ( * ) PLANE_ANGLE_UNIT ( ) SI_UNIT ( $, .RADIAN. ) );
#7000 = STYLED_ITEM ( 'NONE', ( #5544 ), #4499 ) ;
#7001 = ORIENTED_EDGE ( 'NONE', *, *, #1999, .T. ) ;
#7002 =( LENGTH_UNIT ( ) NAMED_UNIT ( * ) SI_UNIT ( $, .METRE. ) );
#7003 =( NAMED_UNIT ( * ) SI_UNIT ( $, .STERADIAN. ) SOLID_ANGLE_UNIT ( ) );
#7004 = EDGE_LOOP ( 'NONE', ( #4092, #2170, #665, #1443 ) ) ;
#7005 = STYLED_ITEM ( 'NONE', ( #3080 ), #316 ) ;
#7006 = SURFACE_SIDE_STYLE ('',( #3493 ) ) ;
#7007 = AXIS2_PLACEMENT_3D ( 'NONE', #4207, #4763, #6447 ) ;
#7008 = VERTEX_POINT ( 'NONE', #3047 ) ;
#7009 = MECHANICAL_DESIGN_GEOMETRIC_PRESENTATION_REPRESENTATION (  '', ( #5140 ), #4416 ) ;
#7010 = FILL_AREA_STYLE_COLOUR ( '', #1808 ) ;
#7011 = SURFACE_STYLE_FILL_AREA ( #5265 ) ;
#7012 =( NAMED_UNIT ( * ) PLANE_ANGLE_UNIT ( ) SI_UNIT ( $, .RADIAN. ) );
#7013 = ADVANCED_FACE ( 'NONE', ( #4464 ), #5164, .T. ) ;
#7014 = DIRECTION ( 'NONE',  ( 0.000000000000000000, -1.000000000000000000, 0.000000000000000000 ) ) ;
#7015 = LINE ( 'NONE', #994, #3463 ) ;
#7016 = CARTESIAN_POINT ( 'NONE',  ( 0.3475231895887349043, 0.1910976775961362728, 0.5177762832540273585 ) ) ;
#7017 = UNCERTAINTY_MEASURE_WITH_UNIT (LENGTH_MEASURE( 1.000000000000000082E-05 ), #3330, 'distance_accuracy_value', 'NONE');
#7018 = STYLED_ITEM ( 'NONE', ( #2946 ), #1585 ) ;
#7019 = DIRECTION ( 'NONE',  ( -0.000000000000000000, -0.000000000000000000, -1.000000000000000000 ) ) ;
#7020 = DIRECTION ( 'NONE',  ( 1.000000000000000000, 0.000000000000000000, 0.000000000000000000 ) ) ;
#7021 =( NAMED_UNIT ( * ) PLANE_ANGLE_UNIT ( ) SI_UNIT ( $, .RADIAN. ) );
#7022 = CARTESIAN_POINT ( 'NONE',  ( 0.2057909061241683379, -0.06480783421488736651, 0.5532093541201690279 ) ) ;
#7023 = DIMENSIONAL_EXPONENTS ( 1.000000000000000000, 0.000000000000000000, 0.000000000000000000, 0.000000000000000000, 0.000000000000000000, 0.000000000000000000, 0.000000000000000000 ) ;
#7024 = VECTOR ( 'NONE', #3926, 39.37007874015748143 ) ;
#7025 = CARTESIAN_POINT ( 'NONE',  ( 0.2057909061241683379, 0.09267248074574256644, 0.5532093541201690279 ) ) ;
#7026 = CARTESIAN_POINT ( 'NONE',  ( 0.1329562604548772953, 0.1674756303520417988, 0.5532093541201690279 ) ) ;
#7027 = EDGE_CURVE ( 'NONE', #1766, #6154, #6637, .T. ) ;
#7028 = DIRECTION ( 'NONE',  ( 0.000000000000000000, 0.000000000000000000, -1.000000000000000000 ) ) ;
#7029 = DIRECTION ( 'NONE',  ( 1.000000000000000000, 0.000000000000000000, 0.000000000000000000 ) ) ;
#7030 = MECHANICAL_DESIGN_GEOMETRIC_PRESENTATION_REPRESENTATION (  '', ( #5171 ), #6139 ) ;
#7031 = DIRECTION ( 'NONE',  ( -0.000000000000000000, -1.000000000000000000, -0.000000000000000000 ) ) ;
#7032 = ORIENTED_EDGE ( 'NONE', *, *, #1467, .F. ) ;
#7033 = CARTESIAN_POINT ( 'NONE',  ( 0.1329562604548772953, 0.1674756303520417988, 0.7894298265611140453 ) ) ;
#7034 = UNCERTAINTY_MEASURE_WITH_UNIT (LENGTH_MEASURE( 1.000000000000000082E-05 ), #3479, 'distance_accuracy_value', 'NONE');
#7035 = ORIENTED_EDGE ( 'NONE', *, *, #3144, .T. ) ;
#7036 = FACE_OUTER_BOUND ( 'NONE', #5525, .T. ) ;
#7037 =( CONVERSION_BASED_UNIT ( 'INCH', #6988 ) LENGTH_UNIT ( ) NAMED_UNIT ( #1902 ) );
#7038 = PLANE ( 'NONE',  #5492 ) ;
#7039 = VERTEX_POINT ( 'NONE', #727 ) ;
#7040 = PLANE ( 'NONE',  #2427 ) ;
#7041 = PRESENTATION_LAYER_ASSIGNMENT (  '', '', ( #4669 ) ) ;
#7042 = SURFACE_STYLE_USAGE ( .BOTH. , #1020 ) ;
#7043 = DIRECTION ( 'NONE',  ( -0.000000000000000000, 0.000000000000000000, -1.000000000000000000 ) ) ;
#7044 = CARTESIAN_POINT ( 'NONE',  ( 0.06209011872259351944, 0.3092079138166087260, 0.8248628974272557146 ) ) ;
#7045 = SURFACE_STYLE_FILL_AREA ( #2456 ) ;
#7046 = CIRCLE ( 'NONE', #3123, 0.03937007874015747977 ) ;
#7047 = DIRECTION ( 'NONE',  ( 0.000000000000000000, -1.000000000000000000, 0.000000000000000000 ) ) ;
#7048 = ORIENTED_EDGE ( 'NONE', *, *, #5960, .F. ) ;
#7049 = ORIENTED_EDGE ( 'NONE', *, *, #1111, .T. ) ;
#7050 =( LENGTH_UNIT ( ) NAMED_UNIT ( * ) SI_UNIT ( $, .METRE. ) );
#7051 = LENGTH_MEASURE_WITH_UNIT ( LENGTH_MEASURE( 0.02539999999999999897 ), #2228 );
#7052 = ADVANCED_FACE ( 'NONE', ( #884 ), #1924, .F. ) ;
#7053 = MECHANICAL_DESIGN_GEOMETRIC_PRESENTATION_REPRESENTATION (  '', ( #1848 ), #1334 ) ;
#7054 = VECTOR ( 'NONE', #846, 39.37007874015748143 ) ;
#7055 = LINE ( 'NONE', #5788, #5487 ) ;
#7056 = CARTESIAN_POINT ( 'NONE',  ( 0.3475231895887351818, 0.3092079138166087260, 0.7894298265611140453 ) ) ;
#7057 = SHAPE_DEFINITION_REPRESENTATION ( #2884, #6365 ) ;
#7058 = DIRECTION ( 'NONE',  ( 0.9544338947578754340, 1.168844414212973759E-16, -0.2984224196291437869 ) ) ;
#7059 = VERTEX_POINT ( 'NONE', #4630 ) ;
#7060 = DIRECTION ( 'NONE',  ( -0.000000000000000000, 1.000000000000000000, 0.000000000000000000 ) ) ;
#7061 = FACE_OUTER_BOUND ( 'NONE', #6611, .T. ) ;
#7062 = DIMENSIONAL_EXPONENTS ( 1.000000000000000000, 0.000000000000000000, 0.000000000000000000, 0.000000000000000000, 0.000000000000000000, 0.000000000000000000, 0.000000000000000000 ) ;
#7063 = EDGE_CURVE ( 'NONE', #2574, #4139, #4800, .T. ) ;
#7064 = MECHANICAL_DESIGN_GEOMETRIC_PRESENTATION_REPRESENTATION (  '', ( #2893 ), #214 ) ;
#7065 = DIRECTION ( 'NONE',  ( 0.000000000000000000, 1.000000000000000000, 0.000000000000000000 ) ) ;
#7066 = CARTESIAN_POINT ( 'NONE',  ( 0.2215389376202312466, 0.6182630319268449526, 0.5728943934902481772 ) ) ;
#7067 =( NAMED_UNIT ( * ) SI_UNIT ( $, .STERADIAN. ) SOLID_ANGLE_UNIT ( ) );
#7068 = ORIENTED_EDGE ( 'NONE', *, *, #5205, .F. ) ;
#7069 = VECTOR ( 'NONE', #1026, 39.37007874015748143 ) ;
#7070 = CARTESIAN_POINT ( 'NONE',  ( 0.2215389376202313021, 0.5533024020055851144, 0.8445479367973344198 ) ) ;
#7071 = LINE ( 'NONE', #3991, #2306 ) ;
#7072 = ORIENTED_EDGE ( 'NONE', *, *, #6606, .F. ) ;
#7073 =( NAMED_UNIT ( * ) SI_UNIT ( $, .STERADIAN. ) SOLID_ANGLE_UNIT ( ) );
#7074 = SURFACE_STYLE_USAGE ( .BOTH. , #4287 ) ;
#7075 = EDGE_CURVE ( 'NONE', #3435, #1693, #2561, .T. ) ;
#7076 = FILL_AREA_STYLE_COLOUR ( '', #6655 ) ;
#7077 = DIRECTION ( 'NONE',  ( -0.000000000000000000, -0.000000000000000000, 1.000000000000000000 ) ) ;
#7078 =( GEOMETRIC_REPRESENTATION_CONTEXT ( 3 ) GLOBAL_UNCERTAINTY_ASSIGNED_CONTEXT ( ( #3897 ) ) GLOBAL_UNIT_ASSIGNED_CONTEXT ( ( #1536, #384, #3812 ) ) REPRESENTATION_CONTEXT ( 'NONE', 'WORKASPACE' ) );
#7079 = LINE ( 'NONE', #6, #4201 ) ;
#7080 = LENGTH_MEASURE_WITH_UNIT ( LENGTH_MEASURE( 0.02539999999999999897 ), #4130 );
#7081 = ORIENTED_EDGE ( 'NONE', *, *, #4696, .T. ) ;
#7082 = SURFACE_SIDE_STYLE ('',( #1504 ) ) ;
#7083 = LENGTH_MEASURE_WITH_UNIT ( LENGTH_MEASURE( 0.02539999999999999897 ), #2067 );
#7084 = FILL_AREA_STYLE ('',( #4365 ) ) ;
#7085 = CIRCLE ( 'NONE', #4872, 0.03937007874015748671 ) ;
#7086 = ORIENTED_EDGE ( 'NONE', *, *, #2617, .F. ) ;
#7087 = ORIENTED_EDGE ( 'NONE', *, *, #917, .F. ) ;
#7088 = VECTOR ( 'NONE', #1643, 39.37007874015748143 ) ;
#7089 =( CONVERSION_BASED_UNIT ( 'INCH', #2658 ) LENGTH_UNIT ( ) NAMED_UNIT ( #1271 ) );
#7090 = EDGE_LOOP ( 'NONE', ( #2921, #4681 ) ) ;
#7091 = DIRECTION ( 'NONE',  ( 0.000000000000000000, -0.000000000000000000, -1.000000000000000000 ) ) ;
#7092 = ADVANCED_FACE ( 'NONE', ( #3346 ), #5356, .T. ) ;
#7093 =( NAMED_UNIT ( * ) PLANE_ANGLE_UNIT ( ) SI_UNIT ( $, .RADIAN. ) );
#7094 =( CONVERSION_BASED_UNIT ( 'INCH', #1876 ) LENGTH_UNIT ( ) NAMED_UNIT ( #2010 ) );
#7095 = COLOUR_RGB ( '',0.7803921568627451011, 0.7607843137254901578, 0.7411764705882353255 ) ;
#7096 = CARTESIAN_POINT ( 'NONE',  ( 0.1839628000313384970, 0.5533024020055851144, 0.7814937013496626728 ) ) ;
#7097 = ORIENTED_EDGE ( 'NONE', *, *, #3039, .F. ) ;
#7098 = CARTESIAN_POINT ( 'NONE',  ( 0.3475231895887351818, 0.3092079138166087260, 0.7500597478209566349 ) ) ;
#7099 = CARTESIAN_POINT ( 'NONE',  ( 0.06209011872259351944, 0.3013338980685772439, 0.7500597478209566349 ) ) ;
#7100 = DIMENSIONAL_EXPONENTS ( 1.000000000000000000, 0.000000000000000000, 0.000000000000000000, 0.000000000000000000, 0.000000000000000000, 0.000000000000000000, 0.000000000000000000 ) ;
#7101 =( GEOMETRIC_REPRESENTATION_CONTEXT ( 3 ) GLOBAL_UNCERTAINTY_ASSIGNED_CONTEXT ( ( #4705 ) ) GLOBAL_UNIT_ASSIGNED_CONTEXT ( ( #5453, #980, #4921 ) ) REPRESENTATION_CONTEXT ( 'NONE', 'WORKASPACE' ) );
#7102 = FILL_AREA_STYLE_COLOUR ( '', #2995 ) ;
#7103 = DIMENSIONAL_EXPONENTS ( 1.000000000000000000, 0.000000000000000000, 0.000000000000000000, 0.000000000000000000, 0.000000000000000000, 0.000000000000000000, 0.000000000000000000 ) ;
#7104 = VECTOR ( 'NONE', #6022, 39.37007874015748854 ) ;
#7105 = VERTEX_POINT ( 'NONE', #322 ) ;
#7106 = CARTESIAN_POINT ( 'NONE',  ( 0.06209011872259351944, 0.1910976775961362728, 0.5177762832540273585 ) ) ;
#7107 = PLANE ( 'NONE',  #5322 ) ;
#7108 = LINE ( 'NONE', #4631, #3988 ) ;
#7109 = MECHANICAL_DESIGN_GEOMETRIC_PRESENTATION_REPRESENTATION (  '', ( #6421 ), #5295 ) ;
#7110 =( NAMED_UNIT ( * ) PLANE_ANGLE_UNIT ( ) SI_UNIT ( $, .RADIAN. ) );
#7111 = STYLED_ITEM ( 'NONE', ( #2313 ), #5999 ) ;
#7112 = PRESENTATION_STYLE_ASSIGNMENT (( #2950 ) ) ;
#7113 = FILL_AREA_STYLE_COLOUR ( '', #618 ) ;
#7114 = DIRECTION ( 'NONE',  ( 0.2984224196291437869, 3.654620609926394915E-17, -0.9544338947578754340 ) ) ;
#7115 = UNCERTAINTY_MEASURE_WITH_UNIT (LENGTH_MEASURE( 1.000000000000000082E-05 ), #1277, 'distance_accuracy_value', 'NONE');
#7116 = EDGE_CURVE ( 'NONE', #1685, #2389, #785, .T. ) ;
#7117 = DIRECTION ( 'NONE',  ( 0.000000000000000000, 0.000000000000000000, -1.000000000000000000 ) ) ;
#7118 = DIRECTION ( 'NONE',  ( 0.000000000000000000, 0.000000000000000000, 1.000000000000000000 ) ) ;
#7119 = STYLED_ITEM ( 'NONE', ( #5848 ), #7013 ) ;
#7120 = LENGTH_MEASURE_WITH_UNIT ( LENGTH_MEASURE( 0.02539999999999999897 ), #3013 );
#7121 = VERTEX_POINT ( 'NONE', #1422 ) ;
#7122 = MECHANICAL_DESIGN_GEOMETRIC_PRESENTATION_REPRESENTATION (  '', ( #1022 ), #263 ) ;
#7123 = DIRECTION ( 'NONE',  ( 0.000000000000000000, 0.000000000000000000, -1.000000000000000000 ) ) ;
#7124 =( NAMED_UNIT ( * ) PLANE_ANGLE_UNIT ( ) SI_UNIT ( $, .RADIAN. ) );
#7125 = PLANE ( 'NONE',  #5119 ) ;
#7126 = ADVANCED_FACE ( 'NONE', ( #970 ), #2532, .F. ) ;
#7127 = UNCERTAINTY_MEASURE_WITH_UNIT (LENGTH_MEASURE( 1.000000000000000082E-05 ), #5946, 'distance_accuracy_value', 'NONE');
#7128 = ORIENTED_EDGE ( 'NONE', *, *, #758, .T. ) ;
#7129 = SURFACE_STYLE_USAGE ( .BOTH. , #3261 ) ;
#7130 = EDGE_CURVE ( 'NONE', #2221, #3397, #3076, .T. ) ;
#7131 =( CONVERSION_BASED_UNIT ( 'INCH', #1131 ) LENGTH_UNIT ( ) NAMED_UNIT ( #3460 ) );
#7132 = LENGTH_MEASURE_WITH_UNIT ( LENGTH_MEASURE( 0.02539999999999999897 ), #7202 );
#7133 = AXIS2_PLACEMENT_3D ( 'NONE', #4454, #3908, #5595 ) ;
#7134 =( NAMED_UNIT ( * ) SI_UNIT ( $, .STERADIAN. ) SOLID_ANGLE_UNIT ( ) );
#7135 = FACE_OUTER_BOUND ( 'NONE', #4923, .T. ) ;
#7136 = DIRECTION ( 'NONE',  ( -1.224646799147353454E-16, 1.000000000000000000, 2.465190328815661892E-32 ) ) ;
#7137 = FACE_OUTER_BOUND ( 'NONE', #6736, .T. ) ;
#7138 = DIMENSIONAL_EXPONENTS ( 1.000000000000000000, 0.000000000000000000, 0.000000000000000000, 0.000000000000000000, 0.000000000000000000, 0.000000000000000000, 0.000000000000000000 ) ;
#7139 = CARTESIAN_POINT ( 'NONE',  ( 0.2372869691162943495, 0.1674756303520417988, 0.5925794328603265493 ) ) ;
#7140 =( NAMED_UNIT ( * ) PLANE_ANGLE_UNIT ( ) SI_UNIT ( $, .RADIAN. ) );
#7141 = AXIS2_PLACEMENT_3D ( 'NONE', #6497, #2465, #5226 ) ;
#7143 = COLOUR_RGB ( '',1.000000000000000000, 1.000000000000000000, 1.000000000000000000 ) ;
#7142 = PRESENTATION_STYLE_ASSIGNMENT (( #978 ) ) ;
#7144 = CARTESIAN_POINT ( 'NONE',  ( 0.3475231895887351818, 0.3092079138166087260, 0.5532093541201690279 ) ) ;
#7145 = DIRECTION ( 'NONE',  ( -0.5999999999999987566, -0.8000000000000009326, -0.000000000000000000 ) ) ;
#7146 = EDGE_LOOP ( 'NONE', ( #6983, #3769, #658, #4202 ) ) ;
#7147 = FILL_AREA_STYLE ('',( #2088 ) ) ;
#7148 = CARTESIAN_POINT ( 'NONE',  ( 0.02468854391944393101, 0.6950346854701520138, 0.8681699840414289771 ) ) ;
#7149 = DIRECTION ( 'NONE',  ( -0.000000000000000000, -0.000000000000000000, -1.000000000000000000 ) ) ;
#7150 = LINE ( 'NONE', #1858, #5670 ) ;
#7151 = AXIS2_PLACEMENT_3D ( 'NONE', #6258, #209, #4662 ) ;
#7152 =( GEOMETRIC_REPRESENTATION_CONTEXT ( 3 ) GLOBAL_UNCERTAINTY_ASSIGNED_CONTEXT ( ( #1424 ) ) GLOBAL_UNIT_ASSIGNED_CONTEXT ( ( #2755, #568, #5022 ) ) REPRESENTATION_CONTEXT ( 'NONE', 'WORKASPACE' ) );
#7153 = EDGE_CURVE ( 'NONE', #372, #3253, #3508, .T. ) ;
#7154 = SURFACE_SIDE_STYLE ('',( #1180 ) ) ;
#7155 = ORIENTED_EDGE ( 'NONE', *, *, #7130, .F. ) ;
#7156 = VECTOR ( 'NONE', #783, 39.37007874015748143 ) ;
#7157 = FILL_AREA_STYLE ('',( #3912 ) ) ;
#7158 = DIRECTION ( 'NONE',  ( -1.000000000000000000, 0.000000000000000000, 0.000000000000000000 ) ) ;
#7159 = STYLED_ITEM ( 'NONE', ( #4045 ), #6684 ) ;
#7160 = ADVANCED_FACE ( 'NONE', ( #268 ), #271, .F. ) ;
#7161 = DIRECTION ( 'NONE',  ( 0.000000000000000000, -1.000000000000000000, 0.000000000000000000 ) ) ;
#7162 = AXIS2_PLACEMENT_3D ( 'NONE', #3037, #2519, #191 ) ;
#7163 = PLANE ( 'NONE',  #3222 ) ;
#7164 =( NAMED_UNIT ( * ) SI_UNIT ( $, .STERADIAN. ) SOLID_ANGLE_UNIT ( ) );
#7165 = CARTESIAN_POINT ( 'NONE',  ( 0.06209011872259351944, 0.1359795673599158150, 0.7500597478209566349 ) ) ;
#7166 = LENGTH_MEASURE_WITH_UNIT ( LENGTH_MEASURE( 0.02539999999999999897 ), #2586 );
#7167 = ORIENTED_EDGE ( 'NONE', *, *, #3495, .T. ) ;
#7168 = CARTESIAN_POINT ( 'NONE',  ( 0.2372869691162943495, -0.06480783421488736651, 0.5689573856162322141 ) ) ;
#7169 = ORIENTED_EDGE ( 'NONE', *, *, #4538, .F. ) ;
#7170 =( NAMED_UNIT ( * ) PLANE_ANGLE_UNIT ( ) SI_UNIT ( $, .RADIAN. ) );
#7171 =( NAMED_UNIT ( * ) SI_UNIT ( $, .STERADIAN. ) SOLID_ANGLE_UNIT ( ) );
#7172 = LINE ( 'NONE', #2522, #5465 ) ;
#7173 = EDGE_CURVE ( 'NONE', #2351, #3228, #1593, .T. ) ;
#7174 = SURFACE_STYLE_FILL_AREA ( #2696 ) ;
#7175 = PRESENTATION_LAYER_ASSIGNMENT (  '', '', ( #6573 ) ) ;
#7176 = VECTOR ( 'NONE', #3458, 39.37007874015748143 ) ;
#7177 = ORIENTED_EDGE ( 'NONE', *, *, #5766, .F. ) ;
#7178 = SURFACE_STYLE_USAGE ( .BOTH. , #1029 ) ;
#7179 = VERTEX_POINT ( 'NONE', #2150 ) ;
#7180 = DIRECTION ( 'NONE',  ( 1.000000000000000000, 0.000000000000000000, 0.000000000000000000 ) ) ;
#7181 = VERTEX_POINT ( 'NONE', #3778 ) ;
#7182 = SURFACE_SIDE_STYLE ('',( #824 ) ) ;
#7183 = LINE ( 'NONE', #6039, #3299 ) ;
#7184 = STYLED_ITEM ( 'NONE', ( #2635 ), #3384 ) ;
#7185 = VERTEX_POINT ( 'NONE', #2704 ) ;
#7186 = CARTESIAN_POINT ( 'NONE',  ( 0.06209011872259351944, 0.3407039768087347098, 0.5925794328603265493 ) ) ;
#7187 = DIRECTION ( 'NONE',  ( 0.9387181932794346206, -0.3446855865947895392, 0.000000000000000000 ) ) ;
#7188 = UNCERTAINTY_MEASURE_WITH_UNIT (LENGTH_MEASURE( 1.000000000000000082E-05 ), #6833, 'distance_accuracy_value', 'NONE');
#7189 = ADVANCED_FACE ( 'NONE', ( #2744 ), #4366, .F. ) ;
#7190 =( NAMED_UNIT ( * ) PLANE_ANGLE_UNIT ( ) SI_UNIT ( $, .RADIAN. ) );
#7191 = CARTESIAN_POINT ( 'NONE',  ( 0.1785912521295395516, 0.3407039768087347098, 0.5532093541201690279 ) ) ;
#7192 = ORIENTED_EDGE ( 'NONE', *, *, #2710, .F. ) ;
#7193 =( CONVERSION_BASED_UNIT ( 'INCH', #3826 ) LENGTH_UNIT ( ) NAMED_UNIT ( #4505 ) );
#7194 = MECHANICAL_DESIGN_GEOMETRIC_PRESENTATION_REPRESENTATION (  '', ( #4951 ), #6450 ) ;
#7195 = DIRECTION ( 'NONE',  ( -1.591489427501660608E-16, 1.000000000000000000, 0.000000000000000000 ) ) ;
#7196 = EDGE_CURVE ( 'NONE', #683, #3002, #359, .T. ) ;
#7197 = LENGTH_MEASURE_WITH_UNIT ( LENGTH_MEASURE( 0.02539999999999999897 ), #4256 );
#7198 = ADVANCED_FACE ( 'NONE', ( #876 ), #495, .F. ) ;
#7199 = PRESENTATION_LAYER_ASSIGNMENT (  '', '', ( #6458 ) ) ;
#7200 =( NAMED_UNIT ( * ) PLANE_ANGLE_UNIT ( ) SI_UNIT ( $, .RADIAN. ) );
#7201 = AXIS2_PLACEMENT_3D ( 'NONE', #732, #5823, #6828 ) ;
#7202 =( LENGTH_UNIT ( ) NAMED_UNIT ( * ) SI_UNIT ( $, .METRE. ) );
#7203 = ORIENTED_EDGE ( 'NONE', *, *, #6951, .F. ) ;
#7204 = LINE ( 'NONE', #607, #6794 ) ;
#7205 = EDGE_CURVE ( 'NONE', #3501, #3662, #2735, .T. ) ;
#7206 = CARTESIAN_POINT ( 'NONE',  ( 0.06209011872259351944, 0.3092079138166087260, 0.6280125037264683296 ) ) ;
#7207 = ORIENTED_EDGE ( 'NONE', *, *, #6058, .F. ) ;
#7208 = FILL_AREA_STYLE ('',( #3836 ) ) ;
#7209 = FACE_BOUND ( 'NONE', #4209, .T. ) ;
#7210 = VECTOR ( 'NONE', #3566, 39.37007874015748143 ) ;
#7211 = UNCERTAINTY_MEASURE_WITH_UNIT (LENGTH_MEASURE( 1.000000000000000082E-05 ), #5414, 'distance_accuracy_value', 'NONE');
#7212 = MECHANICAL_DESIGN_GEOMETRIC_PRESENTATION_REPRESENTATION (  '', ( #972 ), #1732 ) ;
#7213 = UNCERTAINTY_MEASURE_WITH_UNIT (LENGTH_MEASURE( 1.000000000000000082E-05 ), #7094, 'distance_accuracy_value', 'NONE');
#7214 = ORIENTED_EDGE ( 'NONE', *, *, #4727, .F. ) ;
#7215 =( NAMED_UNIT ( * ) PLANE_ANGLE_UNIT ( ) SI_UNIT ( $, .RADIAN. ) );
#7216 = COLOUR_RGB ( '',1.000000000000000000, 1.000000000000000000, 1.000000000000000000 ) ;
#7217 = FACE_OUTER_BOUND ( 'NONE', #1439, .T. ) ;
#7218 = AXIS2_PLACEMENT_3D ( 'NONE', #41, #1170, #3998 ) ;
#7219 = ORIENTED_EDGE ( 'NONE', *, *, #4215, .T. ) ;
#7220 = ORIENTED_EDGE ( 'NONE', *, *, #4821, .F. ) ;
#7221 = EDGE_LOOP ( 'NONE', ( #1826, #1327, #2632, #1986 ) ) ;
ENDSEC;
END-ISO-10303-21;
