ISO-10303-21;
HEADER;
/* Generated by software containing ST-Developer
 * from STEP Tools, Inc. (www.steptools.com) 
 */

FILE_DESCRIPTION(
/* description */ (''),
/* implementation_level */ '2;1');

FILE_NAME(
/* name */ 
'C:\\Users\\janartha\\Desktop\\WF\\PG-DSO-14-71_Z8B00190498_V02_3D.stp',

/* time_stamp */ '2021-03-03T22:23:23+06:00',
/* author */ ('janartha'),
/* organization */ (''),
/* preprocessor_version */ 'ST-DEVELOPER v16.13',
/* originating_system */ 'AutoCAD Mechanical',
/* authorisation */ '');

FILE_SCHEMA (('AUTOMOTIVE_DESIGN { 1 0 10303 214 3 1 1 }'));
ENDSEC;

DATA;
#10=MECHANICAL_DESIGN_GEOMETRIC_PRESENTATION_REPRESENTATION('',(#282,#281,
#276,#278,#277,#279,#280,#283,#284,#286,#285,#289,#287,#288,#291,#290,#293,
#292,#297,#294,#295,#296,#301,#298,#299,#300,#304,#302,#303),#10738);
#11=PRESENTATION_LAYER_ASSIGNMENT('4','3D_Logo',(#305,#306,#307,#308,#309,
#310,#311,#312,#313,#314,#315,#316));
#12=PRESENTATION_LAYER_ASSIGNMENT('3','3D_Pin1',(#317));
#13=PRESENTATION_LAYER_ASSIGNMENT('1','3D_Mold',(#318,#333));
#14=PRESENTATION_LAYER_ASSIGNMENT('2','3D_Pins',(#319,#320,#321,#322,#323,
#324,#325,#326,#327,#328,#329,#330,#331,#332));
#15=SHAPE_REPRESENTATION_RELATIONSHIP('SRR','None',#10744,#16);
#16=ADVANCED_BREP_SHAPE_REPRESENTATION('',(#305,#306,#307,#308,#309,#310,
#311,#312,#313,#314,#315,#316,#317,#318,#319,#320,#321,#322,#323,#324,#325,
#326,#327,#328,#329,#330,#331,#332,#333),#10737);
#17=TOROIDAL_SURFACE('',#6800,1.137051835,0.062948165);
#18=ELLIPSE('',#6438,0.208840664988212,0.2);
#19=ELLIPSE('',#6439,0.375068590866308,0.2);
#20=ELLIPSE('',#6443,0.208840664988212,0.2);
#21=ELLIPSE('',#6444,0.208840664988212,0.2);
#22=ELLIPSE('',#6445,0.208840664988212,0.2);
#23=ELLIPSE('',#6449,0.565685424949238,0.4);
#24=ELLIPSE('',#6450,0.565685424949238,0.4);
#25=ELLIPSE('',#6452,0.565685424949238,0.4);
#26=ELLIPSE('',#6453,0.565685424949238,0.4);
#27=ELLIPSE('',#6457,0.565685424949238,0.4);
#28=ELLIPSE('',#6458,0.565685424949238,0.4);
#29=ELLIPSE('',#6460,0.375068590866308,0.2);
#30=ELLIPSE('',#6778,0.208840664988212,0.2);
#31=ELLIPSE('',#6780,0.565685424949235,0.4);
#32=ELLIPSE('',#6781,0.565685424949236,0.4);
#33=ELLIPSE('',#6784,0.208840664988212,0.2);
#34=ELLIPSE('',#6785,0.208840664988212,0.2);
#35=ELLIPSE('',#6786,0.208840664988212,0.2);
#36=ELLIPSE('',#6790,0.565685424949241,0.4);
#37=ELLIPSE('',#6791,0.565685424949235,0.4);
#38=B_SPLINE_CURVE_WITH_KNOTS('',3,(#9403,#9404,#9405,#9406),
 .UNSPECIFIED.,.F.,.F.,(4,4),(1.46281528475434,1.53552614143318),
 .UNSPECIFIED.);
#39=B_SPLINE_CURVE_WITH_KNOTS('',3,(#9414,#9415,#9416,#9417,#9418,#9419),
 .UNSPECIFIED.,.F.,.F.,(4,2,4),(0.,0.126080011572899,0.240172014637419),
 .UNSPECIFIED.);
#40=B_SPLINE_CURVE_WITH_KNOTS('',3,(#9425,#9426,#9427,#9428,#9429,#9430),
 .UNSPECIFIED.,.F.,.F.,(4,2,4),(1.29561354536196,1.40970554842648,1.53578555999938),
 .UNSPECIFIED.);
#41=B_SPLINE_CURVE_WITH_KNOTS('',3,(#9452,#9453,#9454,#9455,#9456,#9457),
 .UNSPECIFIED.,.F.,.F.,(4,2,4),(0.,0.114418866574779,0.222621685345014),
 .UNSPECIFIED.);
#42=B_SPLINE_CURVE_WITH_KNOTS('',3,(#9459,#9460,#9461,#9462,#9463,#9464),
 .UNSPECIFIED.,.F.,.F.,(4,2,4),(1.31291397683945,1.41419488433983,1.53538536611986),
 .UNSPECIFIED.);
#43=B_SPLINE_CURVE_WITH_KNOTS('',3,(#9477,#9478,#9479,#9480,#9481,#9482),
 .UNSPECIFIED.,.F.,.F.,(4,2,4),(0.,0.11441886657478,0.222621685345015),
 .UNSPECIFIED.);
#44=B_SPLINE_CURVE_WITH_KNOTS('',3,(#9492,#9493,#9494,#9495,#9496,#9497),
 .UNSPECIFIED.,.F.,.F.,(4,2,4),(1.31327418181843,1.4145550893188,1.53574557109884),
 .UNSPECIFIED.);
#45=B_SPLINE_CURVE_WITH_KNOTS('',3,(#9510,#9511,#9512,#9513),
 .UNSPECIFIED.,.F.,.F.,(4,4),(0.,0.0724166787334379),.UNSPECIFIED.);
#46=B_SPLINE_CURVE_WITH_KNOTS('',3,(#10567,#10568,#10569,#10570,#10571,
#10572),.UNSPECIFIED.,.F.,.F.,(4,2,4),(1.31328083749778,1.40970554842647,
1.53578555999937),.UNSPECIFIED.);
#47=B_SPLINE_CURVE_WITH_KNOTS('',3,(#10579,#10580,#10581,#10582,#10583,
#10584),.UNSPECIFIED.,.F.,.F.,(4,2,4),(0.,0.126080011572898,0.22250472250159),
 .UNSPECIFIED.);
#48=B_SPLINE_CURVE_WITH_KNOTS('',3,(#10589,#10590,#10591,#10592,#10593,
#10594),.UNSPECIFIED.,.F.,.F.,(4,2,4),(1.31328083749779,1.40970554842648,
1.53578555999938),.UNSPECIFIED.);
#49=B_SPLINE_CURVE_WITH_KNOTS('',3,(#10640,#10641,#10642,#10643,#10644,
#10645),.UNSPECIFIED.,.F.,.F.,(4,2,4),(1.31328083749775,1.40970554842648,
1.53578555999938),.UNSPECIFIED.);
#50=B_SPLINE_CURVE_WITH_KNOTS('',3,(#10649,#10650,#10651,#10652,#10653,
#10654),.UNSPECIFIED.,.F.,.F.,(4,2,4),(0.,0.11441886657478,0.22262168534506),
 .UNSPECIFIED.);
#51=B_SPLINE_CURVE_WITH_KNOTS('',3,(#10671,#10672,#10673,#10674,#10675,
#10676),.UNSPECIFIED.,.F.,.F.,(4,2,4),(0.,0.11441886657478,0.222621685345011),
 .UNSPECIFIED.);
#52=B_SPLINE_CURVE_WITH_KNOTS('',3,(#10679,#10680,#10681,#10682,#10683,
#10684),.UNSPECIFIED.,.F.,.F.,(4,2,4),(1.31328083749778,1.40970554842648,
1.53578555999937),.UNSPECIFIED.);
#53=B_SPLINE_CURVE_WITH_KNOTS('',3,(#10692,#10693,#10694,#10695,#10696,
#10697),.UNSPECIFIED.,.F.,.F.,(4,2,4),(0.,0.126080011572897,0.222504722501588),
 .UNSPECIFIED.);
#54=SPHERICAL_SURFACE('',#6432,1.54337307859115);
#55=SPHERICAL_SURFACE('',#6434,1.54337307859111);
#56=SPHERICAL_SURFACE('',#6466,1.54337307859115);
#57=CIRCLE('',#6376,0.0450144682854418);
#58=CIRCLE('',#6377,0.0450144682854418);
#59=CIRCLE('',#6382,0.0195328710229013);
#60=CIRCLE('',#6383,0.0195328710229013);
#61=CIRCLE('',#6423,0.100533040776111);
#62=CIRCLE('',#6424,0.100533040776111);
#63=CIRCLE('',#6428,0.201621576928862);
#64=CIRCLE('',#6429,0.201621576928862);
#65=CIRCLE('',#6433,0.600000000000002);
#66=CIRCLE('',#6435,0.600000000000002);
#67=CIRCLE('',#6464,0.6);
#68=CIRCLE('',#6467,0.599999999999999);
#69=CIRCLE('',#6472,0.141040909627406);
#70=CIRCLE('',#6473,0.141040909627406);
#71=CIRCLE('',#6476,0.399999999990955);
#72=CIRCLE('',#6477,0.399999999990955);
#73=CIRCLE('',#6482,0.207267270911365);
#74=CIRCLE('',#6483,0.207267270911365);
#75=CIRCLE('',#6486,0.389338510669182);
#76=CIRCLE('',#6487,0.389338510669182);
#77=CIRCLE('',#6494,0.141040909627406);
#78=CIRCLE('',#6495,0.141040909627406);
#79=CIRCLE('',#6498,0.399999999990955);
#80=CIRCLE('',#6499,0.399999999990955);
#81=CIRCLE('',#6504,0.207267270911365);
#82=CIRCLE('',#6505,0.207267270911365);
#83=CIRCLE('',#6508,0.389338510669182);
#84=CIRCLE('',#6509,0.389338510669182);
#85=CIRCLE('',#6516,0.141040909627406);
#86=CIRCLE('',#6517,0.141040909627406);
#87=CIRCLE('',#6520,0.399999999990955);
#88=CIRCLE('',#6521,0.399999999990955);
#89=CIRCLE('',#6526,0.207267270911365);
#90=CIRCLE('',#6527,0.207267270911365);
#91=CIRCLE('',#6530,0.389338510669182);
#92=CIRCLE('',#6531,0.389338510669182);
#93=CIRCLE('',#6538,0.141040909627406);
#94=CIRCLE('',#6539,0.141040909627406);
#95=CIRCLE('',#6542,0.399999999990955);
#96=CIRCLE('',#6543,0.399999999990955);
#97=CIRCLE('',#6548,0.207267270911424);
#98=CIRCLE('',#6549,0.207267270911424);
#99=CIRCLE('',#6552,0.389338510669182);
#100=CIRCLE('',#6553,0.389338510669182);
#101=CIRCLE('',#6560,0.141040909627406);
#102=CIRCLE('',#6561,0.141040909627406);
#103=CIRCLE('',#6564,0.399999999990955);
#104=CIRCLE('',#6565,0.399999999990955);
#105=CIRCLE('',#6570,0.207267270911365);
#106=CIRCLE('',#6571,0.207267270911365);
#107=CIRCLE('',#6574,0.389338510669182);
#108=CIRCLE('',#6575,0.389338510669182);
#109=CIRCLE('',#6582,0.141040909627406);
#110=CIRCLE('',#6583,0.141040909627406);
#111=CIRCLE('',#6586,0.399999999990955);
#112=CIRCLE('',#6587,0.399999999990955);
#113=CIRCLE('',#6592,0.207267270911424);
#114=CIRCLE('',#6593,0.207267270911424);
#115=CIRCLE('',#6596,0.389338510669182);
#116=CIRCLE('',#6597,0.389338510669182);
#117=CIRCLE('',#6604,0.141040909627406);
#118=CIRCLE('',#6605,0.141040909627406);
#119=CIRCLE('',#6608,0.399999999990955);
#120=CIRCLE('',#6609,0.399999999990955);
#121=CIRCLE('',#6614,0.207267270911365);
#122=CIRCLE('',#6615,0.207267270911365);
#123=CIRCLE('',#6618,0.389338510669182);
#124=CIRCLE('',#6619,0.389338510669182);
#125=CIRCLE('',#6626,0.141040909627406);
#126=CIRCLE('',#6627,0.141040909627406);
#127=CIRCLE('',#6630,0.399999999990955);
#128=CIRCLE('',#6631,0.399999999990955);
#129=CIRCLE('',#6636,0.207267270911424);
#130=CIRCLE('',#6637,0.207267270911424);
#131=CIRCLE('',#6640,0.389338510669182);
#132=CIRCLE('',#6641,0.389338510669182);
#133=CIRCLE('',#6648,0.141040909627406);
#134=CIRCLE('',#6649,0.141040909627406);
#135=CIRCLE('',#6652,0.399999999990955);
#136=CIRCLE('',#6653,0.399999999990955);
#137=CIRCLE('',#6658,0.207267270911365);
#138=CIRCLE('',#6659,0.207267270911365);
#139=CIRCLE('',#6662,0.389338510669182);
#140=CIRCLE('',#6663,0.389338510669182);
#141=CIRCLE('',#6670,0.141040909627406);
#142=CIRCLE('',#6671,0.141040909627406);
#143=CIRCLE('',#6674,0.399999999990955);
#144=CIRCLE('',#6675,0.399999999990955);
#145=CIRCLE('',#6680,0.207267270911424);
#146=CIRCLE('',#6681,0.207267270911424);
#147=CIRCLE('',#6684,0.389338510669182);
#148=CIRCLE('',#6685,0.389338510669182);
#149=CIRCLE('',#6692,0.141040909627406);
#150=CIRCLE('',#6693,0.141040909627406);
#151=CIRCLE('',#6696,0.399999999990955);
#152=CIRCLE('',#6697,0.399999999990955);
#153=CIRCLE('',#6702,0.207267270911365);
#154=CIRCLE('',#6703,0.207267270911365);
#155=CIRCLE('',#6706,0.389338510669182);
#156=CIRCLE('',#6707,0.389338510669182);
#157=CIRCLE('',#6714,0.141040909627406);
#158=CIRCLE('',#6715,0.141040909627406);
#159=CIRCLE('',#6718,0.399999999990955);
#160=CIRCLE('',#6719,0.399999999990955);
#161=CIRCLE('',#6724,0.207267270911424);
#162=CIRCLE('',#6725,0.207267270911424);
#163=CIRCLE('',#6728,0.389338510669182);
#164=CIRCLE('',#6729,0.389338510669182);
#165=CIRCLE('',#6736,0.141040909627406);
#166=CIRCLE('',#6737,0.141040909627406);
#167=CIRCLE('',#6740,0.399999999990955);
#168=CIRCLE('',#6741,0.399999999990955);
#169=CIRCLE('',#6746,0.207267270911365);
#170=CIRCLE('',#6747,0.207267270911365);
#171=CIRCLE('',#6750,0.389338510669182);
#172=CIRCLE('',#6751,0.389338510669182);
#173=CIRCLE('',#6758,0.141040909627406);
#174=CIRCLE('',#6759,0.141040909627406);
#175=CIRCLE('',#6762,0.399999999990955);
#176=CIRCLE('',#6763,0.399999999990955);
#177=CIRCLE('',#6768,0.207267270911424);
#178=CIRCLE('',#6769,0.207267270911424);
#179=CIRCLE('',#6772,0.389338510669182);
#180=CIRCLE('',#6773,0.389338510669182);
#181=CIRCLE('',#6798,1.2);
#182=CIRCLE('',#6801,1.137051835);
#183=CIRCLE('',#6802,1.2);
#184=CYLINDRICAL_SURFACE('',#6375,0.0450144682576609);
#185=CYLINDRICAL_SURFACE('',#6381,0.0195328710228915);
#186=CYLINDRICAL_SURFACE('',#6422,0.100533040776111);
#187=CYLINDRICAL_SURFACE('',#6427,0.201621576928862);
#188=CYLINDRICAL_SURFACE('',#6436,0.600000000000002);
#189=CYLINDRICAL_SURFACE('',#6437,0.2);
#190=CYLINDRICAL_SURFACE('',#6440,0.4);
#191=CYLINDRICAL_SURFACE('',#6446,0.2);
#192=CYLINDRICAL_SURFACE('',#6448,0.4);
#193=CYLINDRICAL_SURFACE('',#6451,0.4);
#194=CYLINDRICAL_SURFACE('',#6454,0.2);
#195=CYLINDRICAL_SURFACE('',#6456,0.4);
#196=CYLINDRICAL_SURFACE('',#6459,0.2);
#197=CYLINDRICAL_SURFACE('',#6462,0.4);
#198=CYLINDRICAL_SURFACE('',#6468,0.6);
#199=CYLINDRICAL_SURFACE('',#6471,0.141040909627433);
#200=CYLINDRICAL_SURFACE('',#6475,0.399999999990933);
#201=CYLINDRICAL_SURFACE('',#6481,0.207267270911462);
#202=CYLINDRICAL_SURFACE('',#6485,0.389338510669388);
#203=CYLINDRICAL_SURFACE('',#6493,0.141040909627433);
#204=CYLINDRICAL_SURFACE('',#6497,0.399999999990933);
#205=CYLINDRICAL_SURFACE('',#6503,0.207267270911462);
#206=CYLINDRICAL_SURFACE('',#6507,0.389338510669388);
#207=CYLINDRICAL_SURFACE('',#6515,0.141040909627433);
#208=CYLINDRICAL_SURFACE('',#6519,0.399999999990933);
#209=CYLINDRICAL_SURFACE('',#6525,0.207267270911462);
#210=CYLINDRICAL_SURFACE('',#6529,0.389338510669388);
#211=CYLINDRICAL_SURFACE('',#6537,0.141040909627356);
#212=CYLINDRICAL_SURFACE('',#6541,0.399999999990904);
#213=CYLINDRICAL_SURFACE('',#6547,0.207267270911593);
#214=CYLINDRICAL_SURFACE('',#6551,0.389338510669303);
#215=CYLINDRICAL_SURFACE('',#6559,0.141040909627433);
#216=CYLINDRICAL_SURFACE('',#6563,0.399999999990933);
#217=CYLINDRICAL_SURFACE('',#6569,0.207267270911462);
#218=CYLINDRICAL_SURFACE('',#6573,0.389338510669388);
#219=CYLINDRICAL_SURFACE('',#6581,0.141040909627356);
#220=CYLINDRICAL_SURFACE('',#6585,0.399999999990904);
#221=CYLINDRICAL_SURFACE('',#6591,0.207267270911593);
#222=CYLINDRICAL_SURFACE('',#6595,0.389338510669303);
#223=CYLINDRICAL_SURFACE('',#6603,0.141040909627433);
#224=CYLINDRICAL_SURFACE('',#6607,0.399999999990933);
#225=CYLINDRICAL_SURFACE('',#6613,0.207267270911462);
#226=CYLINDRICAL_SURFACE('',#6617,0.389338510669388);
#227=CYLINDRICAL_SURFACE('',#6625,0.141040909627356);
#228=CYLINDRICAL_SURFACE('',#6629,0.399999999990904);
#229=CYLINDRICAL_SURFACE('',#6635,0.207267270911593);
#230=CYLINDRICAL_SURFACE('',#6639,0.389338510669303);
#231=CYLINDRICAL_SURFACE('',#6647,0.141040909627433);
#232=CYLINDRICAL_SURFACE('',#6651,0.399999999990933);
#233=CYLINDRICAL_SURFACE('',#6657,0.207267270911462);
#234=CYLINDRICAL_SURFACE('',#6661,0.389338510669388);
#235=CYLINDRICAL_SURFACE('',#6669,0.141040909627356);
#236=CYLINDRICAL_SURFACE('',#6673,0.399999999990904);
#237=CYLINDRICAL_SURFACE('',#6679,0.207267270911593);
#238=CYLINDRICAL_SURFACE('',#6683,0.389338510669303);
#239=CYLINDRICAL_SURFACE('',#6691,0.141040909627433);
#240=CYLINDRICAL_SURFACE('',#6695,0.399999999990933);
#241=CYLINDRICAL_SURFACE('',#6701,0.207267270911462);
#242=CYLINDRICAL_SURFACE('',#6705,0.389338510669388);
#243=CYLINDRICAL_SURFACE('',#6713,0.141040909627356);
#244=CYLINDRICAL_SURFACE('',#6717,0.399999999990904);
#245=CYLINDRICAL_SURFACE('',#6723,0.207267270911593);
#246=CYLINDRICAL_SURFACE('',#6727,0.389338510669303);
#247=CYLINDRICAL_SURFACE('',#6735,0.141040909627433);
#248=CYLINDRICAL_SURFACE('',#6739,0.399999999990933);
#249=CYLINDRICAL_SURFACE('',#6745,0.207267270911462);
#250=CYLINDRICAL_SURFACE('',#6749,0.389338510669388);
#251=CYLINDRICAL_SURFACE('',#6757,0.141040909627356);
#252=CYLINDRICAL_SURFACE('',#6761,0.399999999990904);
#253=CYLINDRICAL_SURFACE('',#6767,0.207267270911593);
#254=CYLINDRICAL_SURFACE('',#6771,0.389338510669303);
#255=CYLINDRICAL_SURFACE('',#6777,0.2);
#256=CYLINDRICAL_SURFACE('',#6779,0.4);
#257=CYLINDRICAL_SURFACE('',#6787,0.2);
#258=CYLINDRICAL_SURFACE('',#6789,0.4);
#259=CYLINDRICAL_SURFACE('',#6792,0.2);
#260=CYLINDRICAL_SURFACE('',#6794,0.4);
#261=CYLINDRICAL_SURFACE('',#6795,0.2);
#262=CYLINDRICAL_SURFACE('',#6796,0.4);
#263=CYLINDRICAL_SURFACE('',#6803,1.2);
#264=FACE_BOUND('',#776,.T.);
#265=FACE_BOUND('',#778,.T.);
#266=FACE_BOUND('',#792,.T.);
#267=FACE_BOUND('',#794,.T.);
#268=FACE_BOUND('',#855,.T.);
#269=FACE_BOUND('',#859,.T.);
#270=FACE_BOUND('',#865,.T.);
#271=FACE_BOUND('',#881,.T.);
#272=FACE_BOUND('',#885,.T.);
#273=FACE_BOUND('',#1095,.T.);
#274=FACE_BOUND('',#1098,.T.);
#275=FACE_BOUND('',#1100,.T.);
#276=STYLED_ITEM('',(#10753),#305);
#277=STYLED_ITEM('',(#10753),#306);
#278=STYLED_ITEM('',(#10753),#307);
#279=STYLED_ITEM('',(#10753),#308);
#280=STYLED_ITEM('',(#10753),#309);
#281=STYLED_ITEM('',(#10753),#310);
#282=STYLED_ITEM('',(#10753),#311);
#283=STYLED_ITEM('',(#10753),#312);
#284=STYLED_ITEM('',(#10753),#313);
#285=STYLED_ITEM('',(#10753),#314);
#286=STYLED_ITEM('',(#10753),#315);
#287=STYLED_ITEM('',(#10753),#316);
#288=STYLED_ITEM('',(#10754),#317);
#289=STYLED_ITEM('',(#10755),#318);
#290=STYLED_ITEM('',(#10756),#319);
#291=STYLED_ITEM('',(#10756),#320);
#292=STYLED_ITEM('',(#10756),#321);
#293=STYLED_ITEM('',(#10756),#322);
#294=STYLED_ITEM('',(#10756),#323);
#295=STYLED_ITEM('',(#10756),#324);
#296=STYLED_ITEM('',(#10756),#325);
#297=STYLED_ITEM('',(#10756),#326);
#298=STYLED_ITEM('',(#10756),#327);
#299=STYLED_ITEM('',(#10756),#328);
#300=STYLED_ITEM('',(#10756),#329);
#301=STYLED_ITEM('',(#10756),#330);
#302=STYLED_ITEM('',(#10756),#331);
#303=STYLED_ITEM('',(#10756),#332);
#304=STYLED_ITEM('',(#10755),#333);
#305=MANIFOLD_SOLID_BREP('1EE6',#6299);
#306=MANIFOLD_SOLID_BREP('1EEA',#6300);
#307=MANIFOLD_SOLID_BREP('1EEE',#6301);
#308=MANIFOLD_SOLID_BREP('1EF1',#6302);
#309=MANIFOLD_SOLID_BREP('1EF4',#6303);
#310=MANIFOLD_SOLID_BREP('1EF8',#6304);
#311=MANIFOLD_SOLID_BREP('1EFC',#6305);
#312=MANIFOLD_SOLID_BREP('1F00',#6306);
#313=MANIFOLD_SOLID_BREP('1F04',#6307);
#314=MANIFOLD_SOLID_BREP('1F08',#6308);
#315=MANIFOLD_SOLID_BREP('1F0C',#6309);
#316=MANIFOLD_SOLID_BREP('1F10',#6310);
#317=MANIFOLD_SOLID_BREP('5A19',#6311);
#318=MANIFOLD_SOLID_BREP('5A2F',#6312);
#319=MANIFOLD_SOLID_BREP('5B41',#6313);
#320=MANIFOLD_SOLID_BREP('5CAE',#6314);
#321=MANIFOLD_SOLID_BREP('5CB6',#6315);
#322=MANIFOLD_SOLID_BREP('5CBA',#6316);
#323=MANIFOLD_SOLID_BREP('5CBE',#6317);
#324=MANIFOLD_SOLID_BREP('5CC2',#6318);
#325=MANIFOLD_SOLID_BREP('5CC6',#6319);
#326=MANIFOLD_SOLID_BREP('5CCA',#6320);
#327=MANIFOLD_SOLID_BREP('5CCE',#6321);
#328=MANIFOLD_SOLID_BREP('5CD2',#6322);
#329=MANIFOLD_SOLID_BREP('5CD6',#6323);
#330=MANIFOLD_SOLID_BREP('5CDA',#6324);
#331=MANIFOLD_SOLID_BREP('5CDE',#6325);
#332=MANIFOLD_SOLID_BREP('5CE2',#6326);
#333=MANIFOLD_SOLID_BREP('700D',#6327);
#334=(
BOUNDED_CURVE()
B_SPLINE_CURVE(3,(#8489,#8490,#8491,#8492,#8493),.UNSPECIFIED.,.F.,.F.)
B_SPLINE_CURVE_WITH_KNOTS((4,1,4),(7.,7.48334208929532,8.),
 .UNSPECIFIED.)
CURVE()
GEOMETRIC_REPRESENTATION_ITEM()
RATIONAL_B_SPLINE_CURVE((1.,1.,1.,1.,1.))
REPRESENTATION_ITEM('')
);
#335=(
BOUNDED_CURVE()
B_SPLINE_CURVE(3,(#8495,#8496,#8497,#8498,#8499),.UNSPECIFIED.,.F.,.F.)
B_SPLINE_CURVE_WITH_KNOTS((4,1,4),(7.,7.48334208929532,8.),
 .UNSPECIFIED.)
CURVE()
GEOMETRIC_REPRESENTATION_ITEM()
RATIONAL_B_SPLINE_CURVE((1.,1.,1.,1.,1.))
REPRESENTATION_ITEM('')
);
#336=(
BOUNDED_CURVE()
B_SPLINE_CURVE(3,(#8542,#8543,#8544,#8545,#8546),.UNSPECIFIED.,.F.,.F.)
B_SPLINE_CURVE_WITH_KNOTS((4,1,4),(1.,1.5920259182923,2.),.UNSPECIFIED.)
CURVE()
GEOMETRIC_REPRESENTATION_ITEM()
RATIONAL_B_SPLINE_CURVE((1.,1.,1.,1.,1.))
REPRESENTATION_ITEM('')
);
#337=(
BOUNDED_CURVE()
B_SPLINE_CURVE(3,(#8548,#8549,#8550,#8551,#8552),.UNSPECIFIED.,.F.,.F.)
B_SPLINE_CURVE_WITH_KNOTS((4,1,4),(1.,1.5920259182923,2.),.UNSPECIFIED.)
CURVE()
GEOMETRIC_REPRESENTATION_ITEM()
RATIONAL_B_SPLINE_CURVE((1.,1.,1.,1.,1.))
REPRESENTATION_ITEM('')
);
#338=(
BOUNDED_CURVE()
B_SPLINE_CURVE(3,(#8585,#8586,#8587,#8588,#8589),.UNSPECIFIED.,.F.,.F.)
B_SPLINE_CURVE_WITH_KNOTS((4,1,4),(7.,7.48334208929532,8.),
 .UNSPECIFIED.)
CURVE()
GEOMETRIC_REPRESENTATION_ITEM()
RATIONAL_B_SPLINE_CURVE((1.,1.,1.,1.,1.))
REPRESENTATION_ITEM('')
);
#339=(
BOUNDED_CURVE()
B_SPLINE_CURVE(3,(#8591,#8592,#8593,#8594,#8595),.UNSPECIFIED.,.F.,.F.)
B_SPLINE_CURVE_WITH_KNOTS((4,1,4),(7.,7.48334208929532,8.),
 .UNSPECIFIED.)
CURVE()
GEOMETRIC_REPRESENTATION_ITEM()
RATIONAL_B_SPLINE_CURVE((1.,1.,1.,1.,1.))
REPRESENTATION_ITEM('')
);
#340=(
BOUNDED_CURVE()
B_SPLINE_CURVE(3,(#8638,#8639,#8640,#8641,#8642),.UNSPECIFIED.,.F.,.F.)
B_SPLINE_CURVE_WITH_KNOTS((4,1,4),(1.,1.5920259182923,2.),.UNSPECIFIED.)
CURVE()
GEOMETRIC_REPRESENTATION_ITEM()
RATIONAL_B_SPLINE_CURVE((1.,1.,1.,1.,1.))
REPRESENTATION_ITEM('')
);
#341=(
BOUNDED_CURVE()
B_SPLINE_CURVE(3,(#8644,#8645,#8646,#8647,#8648),.UNSPECIFIED.,.F.,.F.)
B_SPLINE_CURVE_WITH_KNOTS((4,1,4),(1.,1.5920259182923,2.),.UNSPECIFIED.)
CURVE()
GEOMETRIC_REPRESENTATION_ITEM()
RATIONAL_B_SPLINE_CURVE((1.,1.,1.,1.,1.))
REPRESENTATION_ITEM('')
);
#342=(
BOUNDED_CURVE()
B_SPLINE_CURVE(3,(#8677,#8678,#8679,#8680,#8681,#8682),.UNSPECIFIED.,.F.,
 .F.)
B_SPLINE_CURVE_WITH_KNOTS((4,1,1,4),(2.,2.39640660165355,2.61092728425034,
3.),.UNSPECIFIED.)
CURVE()
GEOMETRIC_REPRESENTATION_ITEM()
RATIONAL_B_SPLINE_CURVE((1.,1.,1.,1.,1.,1.))
REPRESENTATION_ITEM('')
);
#343=(
BOUNDED_CURVE()
B_SPLINE_CURVE(3,(#8685,#8686,#8687,#8688,#8689,#8690),.UNSPECIFIED.,.F.,
 .F.)
B_SPLINE_CURVE_WITH_KNOTS((4,1,1,4),(-3.,-2.61092728425034,-2.39640660165355,
-2.),.UNSPECIFIED.)
CURVE()
GEOMETRIC_REPRESENTATION_ITEM()
RATIONAL_B_SPLINE_CURVE((1.,1.,1.,1.,1.,1.))
REPRESENTATION_ITEM('')
);
#344=(
BOUNDED_CURVE()
B_SPLINE_CURVE(3,(#8711,#8712,#8713,#8714,#8715,#8716,#8717),
 .UNSPECIFIED.,.F.,.F.)
B_SPLINE_CURVE_WITH_KNOTS((4,1,1,1,4),(0.,0.418649488434145,0.532294059930023,
0.683579709482041,1.),.UNSPECIFIED.)
CURVE()
GEOMETRIC_REPRESENTATION_ITEM()
RATIONAL_B_SPLINE_CURVE((1.,1.,1.,1.,1.,1.,1.))
REPRESENTATION_ITEM('')
);
#345=(
BOUNDED_CURVE()
B_SPLINE_CURVE(3,(#8718,#8719,#8720,#8721,#8722,#8723,#8724),
 .UNSPECIFIED.,.F.,.F.)
B_SPLINE_CURVE_WITH_KNOTS((4,1,1,1,4),(-1.,-0.683579709482041,-0.532294059930023,
-0.418649488434145,0.),.UNSPECIFIED.)
CURVE()
GEOMETRIC_REPRESENTATION_ITEM()
RATIONAL_B_SPLINE_CURVE((1.,1.,1.,1.,1.,1.,1.))
REPRESENTATION_ITEM('')
);
#346=(
BOUNDED_CURVE()
B_SPLINE_CURVE(3,(#8749,#8750,#8751,#8752,#8753,#8754,#8755),
 .UNSPECIFIED.,.F.,.F.)
B_SPLINE_CURVE_WITH_KNOTS((4,1,1,1,4),(2.,2.36588473477958,2.64574388840695,
2.85017808885691,3.),.UNSPECIFIED.)
CURVE()
GEOMETRIC_REPRESENTATION_ITEM()
RATIONAL_B_SPLINE_CURVE((1.,1.,1.,1.,1.,1.,1.))
REPRESENTATION_ITEM('')
);
#347=(
BOUNDED_CURVE()
B_SPLINE_CURVE(3,(#8757,#8758,#8759,#8760,#8761,#8762,#8763),
 .UNSPECIFIED.,.F.,.F.)
B_SPLINE_CURVE_WITH_KNOTS((4,1,1,1,4),(2.,2.36588473477958,2.64574388840695,
2.85017808885691,3.),.UNSPECIFIED.)
CURVE()
GEOMETRIC_REPRESENTATION_ITEM()
RATIONAL_B_SPLINE_CURVE((1.,1.,1.,1.,1.,1.,1.))
REPRESENTATION_ITEM('')
);
#348=(
BOUNDED_CURVE()
B_SPLINE_CURVE(3,(#8787,#8788,#8789,#8790,#8791,#8792,#8793,#8794),
 .UNSPECIFIED.,.F.,.F.)
B_SPLINE_CURVE_WITH_KNOTS((4,1,1,1,1,4),(0.,0.188902427375748,0.334094152988106,
0.595542716039057,0.825784726570953,1.),.UNSPECIFIED.)
CURVE()
GEOMETRIC_REPRESENTATION_ITEM()
RATIONAL_B_SPLINE_CURVE((1.,1.,1.,1.,1.,1.,1.,1.))
REPRESENTATION_ITEM('')
);
#349=(
BOUNDED_CURVE()
B_SPLINE_CURVE(3,(#8795,#8796,#8797,#8798,#8799,#8800,#8801,#8802),
 .UNSPECIFIED.,.F.,.F.)
B_SPLINE_CURVE_WITH_KNOTS((4,1,1,1,1,4),(0.,0.188902427375748,0.334094152988106,
0.595542716039057,0.825784726570953,1.),.UNSPECIFIED.)
CURVE()
GEOMETRIC_REPRESENTATION_ITEM()
RATIONAL_B_SPLINE_CURVE((1.,1.,1.,1.,1.,1.,1.,1.))
REPRESENTATION_ITEM('')
);
#350=(
BOUNDED_CURVE()
B_SPLINE_CURVE(3,(#8827,#8828,#8829,#8830,#8831,#8832),.UNSPECIFIED.,.F.,
 .F.)
B_SPLINE_CURVE_WITH_KNOTS((4,1,1,4),(2.,2.36816815049859,2.57197231118893,
3.),.UNSPECIFIED.)
CURVE()
GEOMETRIC_REPRESENTATION_ITEM()
RATIONAL_B_SPLINE_CURVE((1.,1.,1.,1.,1.,1.))
REPRESENTATION_ITEM('')
);
#351=(
BOUNDED_CURVE()
B_SPLINE_CURVE(3,(#8835,#8836,#8837,#8838,#8839,#8840),.UNSPECIFIED.,.F.,
 .F.)
B_SPLINE_CURVE_WITH_KNOTS((4,1,1,4),(-3.,-2.57197231118893,-2.36816815049859,
-2.),.UNSPECIFIED.)
CURVE()
GEOMETRIC_REPRESENTATION_ITEM()
RATIONAL_B_SPLINE_CURVE((1.,1.,1.,1.,1.,1.))
REPRESENTATION_ITEM('')
);
#352=(
BOUNDED_CURVE()
B_SPLINE_CURVE(3,(#8876,#8877,#8878,#8879,#8880,#8881,#8882,#8883),
 .UNSPECIFIED.,.F.,.F.)
B_SPLINE_CURVE_WITH_KNOTS((4,1,1,1,1,4),(6.,6.35634257120569,6.6407327697063,
6.76350645891632,6.79943318194569,7.),.UNSPECIFIED.)
CURVE()
GEOMETRIC_REPRESENTATION_ITEM()
RATIONAL_B_SPLINE_CURVE((1.,1.,1.,1.,1.,1.,1.,1.))
REPRESENTATION_ITEM('')
);
#353=(
BOUNDED_CURVE()
B_SPLINE_CURVE(3,(#8885,#8886,#8887,#8888,#8889,#8890,#8891,#8892),
 .UNSPECIFIED.,.F.,.F.)
B_SPLINE_CURVE_WITH_KNOTS((4,1,1,1,1,4),(6.,6.35634257120569,6.6407327697063,
6.76350645891632,6.79943318194569,7.),.UNSPECIFIED.)
CURVE()
GEOMETRIC_REPRESENTATION_ITEM()
RATIONAL_B_SPLINE_CURVE((1.,1.,1.,1.,1.,1.,1.,1.))
REPRESENTATION_ITEM('')
);
#354=(
BOUNDED_CURVE()
B_SPLINE_CURVE(3,(#8913,#8914,#8915,#8916,#8917,#8918),.UNSPECIFIED.,.F.,
 .F.)
B_SPLINE_CURVE_WITH_KNOTS((4,1,1,4),(4.,4.35112244727096,4.62418818878798,
5.),.UNSPECIFIED.)
CURVE()
GEOMETRIC_REPRESENTATION_ITEM()
RATIONAL_B_SPLINE_CURVE((1.,1.,1.,1.,1.,1.))
REPRESENTATION_ITEM('')
);
#355=(
BOUNDED_CURVE()
B_SPLINE_CURVE(3,(#8920,#8921,#8922,#8923,#8924,#8925),.UNSPECIFIED.,.F.,
 .F.)
B_SPLINE_CURVE_WITH_KNOTS((4,1,1,4),(4.,4.35112244727096,4.62418818878798,
5.),.UNSPECIFIED.)
CURVE()
GEOMETRIC_REPRESENTATION_ITEM()
RATIONAL_B_SPLINE_CURVE((1.,1.,1.,1.,1.,1.))
REPRESENTATION_ITEM('')
);
#356=(
BOUNDED_CURVE()
B_SPLINE_CURVE(3,(#8946,#8947,#8948,#8949,#8950,#8951),.UNSPECIFIED.,.F.,
 .F.)
B_SPLINE_CURVE_WITH_KNOTS((4,1,1,4),(2.,2.34950281914503,2.59418067072782,
3.),.UNSPECIFIED.)
CURVE()
GEOMETRIC_REPRESENTATION_ITEM()
RATIONAL_B_SPLINE_CURVE((1.,1.,1.,1.,1.,1.))
REPRESENTATION_ITEM('')
);
#357=(
BOUNDED_CURVE()
B_SPLINE_CURVE(3,(#8953,#8954,#8955,#8956,#8957,#8958),.UNSPECIFIED.,.F.,
 .F.)
B_SPLINE_CURVE_WITH_KNOTS((4,1,1,4),(2.,2.34950281914503,2.59418067072782,
3.),.UNSPECIFIED.)
CURVE()
GEOMETRIC_REPRESENTATION_ITEM()
RATIONAL_B_SPLINE_CURVE((1.,1.,1.,1.,1.,1.))
REPRESENTATION_ITEM('')
);
#358=(
BOUNDED_CURVE()
B_SPLINE_CURVE(3,(#9053,#9054,#9055,#9056,#9057,#9058,#9059,#9060),
 .UNSPECIFIED.,.F.,.F.)
B_SPLINE_CURVE_WITH_KNOTS((4,1,1,1,1,4),(4.6525861610868,4.81592874652022,
4.92079542300742,5.04888722282976,5.17922170931421,5.6525861610868),
 .UNSPECIFIED.)
CURVE()
GEOMETRIC_REPRESENTATION_ITEM()
RATIONAL_B_SPLINE_CURVE((1.,1.,1.,1.,1.,1.,1.,1.))
REPRESENTATION_ITEM('')
);
#359=(
BOUNDED_CURVE()
B_SPLINE_CURVE(3,(#9062,#9063,#9064,#9065,#9066,#9067,#9068,#9069),
 .UNSPECIFIED.,.F.,.F.)
B_SPLINE_CURVE_WITH_KNOTS((4,1,1,1,1,4),(4.6525861610868,4.81592874652022,
4.92079542300742,5.04888722282976,5.17922170931421,5.6525861610868),
 .UNSPECIFIED.)
CURVE()
GEOMETRIC_REPRESENTATION_ITEM()
RATIONAL_B_SPLINE_CURVE((1.,1.,1.,1.,1.,1.,1.,1.))
REPRESENTATION_ITEM('')
);
#360=(
BOUNDED_CURVE()
B_SPLINE_CURVE(3,(#9092,#9093,#9094,#9095,#9096,#9097,#9098),
 .UNSPECIFIED.,.F.,.F.)
B_SPLINE_CURVE_WITH_KNOTS((4,1,1,1,4),(2.6525861610868,3.16072805534536,
3.25433065421683,3.46312777598975,3.6525861610868),.UNSPECIFIED.)
CURVE()
GEOMETRIC_REPRESENTATION_ITEM()
RATIONAL_B_SPLINE_CURVE((1.,1.,1.,1.,1.,1.,1.))
REPRESENTATION_ITEM('')
);
#361=(
BOUNDED_CURVE()
B_SPLINE_CURVE(3,(#9100,#9101,#9102,#9103,#9104,#9105,#9106),
 .UNSPECIFIED.,.F.,.F.)
B_SPLINE_CURVE_WITH_KNOTS((4,1,1,1,4),(2.6525861610868,3.16072805534536,
3.25433065421683,3.46312777598975,3.6525861610868),.UNSPECIFIED.)
CURVE()
GEOMETRIC_REPRESENTATION_ITEM()
RATIONAL_B_SPLINE_CURVE((1.,1.,1.,1.,1.,1.,1.))
REPRESENTATION_ITEM('')
);
#362=(
BOUNDED_CURVE()
B_SPLINE_CURVE(3,(#9217,#9218,#9219,#9220),.UNSPECIFIED.,.F.,.F.)
B_SPLINE_CURVE_WITH_KNOTS((4,4),(3.,4.),.UNSPECIFIED.)
CURVE()
GEOMETRIC_REPRESENTATION_ITEM()
RATIONAL_B_SPLINE_CURVE((1.,1.,1.,1.))
REPRESENTATION_ITEM('')
);
#363=(
BOUNDED_CURVE()
B_SPLINE_CURVE(3,(#9222,#9223,#9224,#9225),.UNSPECIFIED.,.F.,.F.)
B_SPLINE_CURVE_WITH_KNOTS((4,4),(3.,4.),.UNSPECIFIED.)
CURVE()
GEOMETRIC_REPRESENTATION_ITEM()
RATIONAL_B_SPLINE_CURVE((1.,1.,1.,1.))
REPRESENTATION_ITEM('')
);
#364=(
BOUNDED_CURVE()
B_SPLINE_CURVE(3,(#9242,#9243,#9244,#9245),.UNSPECIFIED.,.F.,.F.)
B_SPLINE_CURVE_WITH_KNOTS((4,4),(1.,2.),.UNSPECIFIED.)
CURVE()
GEOMETRIC_REPRESENTATION_ITEM()
RATIONAL_B_SPLINE_CURVE((1.,1.,1.,1.))
REPRESENTATION_ITEM('')
);
#365=(
BOUNDED_CURVE()
B_SPLINE_CURVE(3,(#9247,#9248,#9249,#9250),.UNSPECIFIED.,.F.,.F.)
B_SPLINE_CURVE_WITH_KNOTS((4,4),(1.,2.),.UNSPECIFIED.)
CURVE()
GEOMETRIC_REPRESENTATION_ITEM()
RATIONAL_B_SPLINE_CURVE((1.,1.,1.,1.))
REPRESENTATION_ITEM('')
);
#366=(
BOUNDED_CURVE()
B_SPLINE_CURVE(3,(#9283,#9284,#9285,#9286,#9287),.UNSPECIFIED.,.F.,.F.)
B_SPLINE_CURVE_WITH_KNOTS((4,1,4),(7.,7.5920259182923,8.),.UNSPECIFIED.)
CURVE()
GEOMETRIC_REPRESENTATION_ITEM()
RATIONAL_B_SPLINE_CURVE((1.,1.,1.,1.,1.))
REPRESENTATION_ITEM('')
);
#367=(
BOUNDED_CURVE()
B_SPLINE_CURVE(3,(#9289,#9290,#9291,#9292,#9293),.UNSPECIFIED.,.F.,.F.)
B_SPLINE_CURVE_WITH_KNOTS((4,1,4),(7.,7.5920259182923,8.),.UNSPECIFIED.)
CURVE()
GEOMETRIC_REPRESENTATION_ITEM()
RATIONAL_B_SPLINE_CURVE((1.,1.,1.,1.,1.))
REPRESENTATION_ITEM('')
);
#368=(
BOUNDED_CURVE()
B_SPLINE_CURVE(3,(#9324,#9325,#9326,#9327,#9328),.UNSPECIFIED.,.F.,.F.)
B_SPLINE_CURVE_WITH_KNOTS((4,1,4),(3.,3.48334208929532,4.),
 .UNSPECIFIED.)
CURVE()
GEOMETRIC_REPRESENTATION_ITEM()
RATIONAL_B_SPLINE_CURVE((1.,1.,1.,1.,1.))
REPRESENTATION_ITEM('')
);
#369=(
BOUNDED_CURVE()
B_SPLINE_CURVE(3,(#9330,#9331,#9332,#9333,#9334),.UNSPECIFIED.,.F.,.F.)
B_SPLINE_CURVE_WITH_KNOTS((4,1,4),(3.,3.48334208929532,4.),
 .UNSPECIFIED.)
CURVE()
GEOMETRIC_REPRESENTATION_ITEM()
RATIONAL_B_SPLINE_CURVE((1.,1.,1.,1.,1.))
REPRESENTATION_ITEM('')
);
#370=(
BOUNDED_SURFACE()
B_SPLINE_SURFACE(3,1,((#8478,#8479),(#8480,#8481),(#8482,#8483),(#8484,
#8485),(#8486,#8487)),.UNSPECIFIED.,.F.,.F.,.F.)
B_SPLINE_SURFACE_WITH_KNOTS((4,1,4),(2,2),(7.,7.48334208929532,8.),(0.,
0.01),.UNSPECIFIED.)
GEOMETRIC_REPRESENTATION_ITEM()
RATIONAL_B_SPLINE_SURFACE(((1.,1.),(1.,1.),(1.,1.),(1.,1.),(1.,1.)))
REPRESENTATION_ITEM('')
SURFACE()
);
#371=(
BOUNDED_SURFACE()
B_SPLINE_SURFACE(3,1,((#8531,#8532),(#8533,#8534),(#8535,#8536),(#8537,
#8538),(#8539,#8540)),.UNSPECIFIED.,.F.,.F.,.F.)
B_SPLINE_SURFACE_WITH_KNOTS((4,1,4),(2,2),(1.,1.5920259182923,2.),(0.,0.01),
 .UNSPECIFIED.)
GEOMETRIC_REPRESENTATION_ITEM()
RATIONAL_B_SPLINE_SURFACE(((1.,1.),(1.,1.),(1.,1.),(1.,1.),(1.,1.)))
REPRESENTATION_ITEM('')
SURFACE()
);
#372=(
BOUNDED_SURFACE()
B_SPLINE_SURFACE(3,1,((#8574,#8575),(#8576,#8577),(#8578,#8579),(#8580,
#8581),(#8582,#8583)),.UNSPECIFIED.,.F.,.F.,.F.)
B_SPLINE_SURFACE_WITH_KNOTS((4,1,4),(2,2),(7.,7.48334208929532,8.),(0.,
0.01),.UNSPECIFIED.)
GEOMETRIC_REPRESENTATION_ITEM()
RATIONAL_B_SPLINE_SURFACE(((1.,1.),(1.,1.),(1.,1.),(1.,1.),(1.,1.)))
REPRESENTATION_ITEM('')
SURFACE()
);
#373=(
BOUNDED_SURFACE()
B_SPLINE_SURFACE(3,1,((#8627,#8628),(#8629,#8630),(#8631,#8632),(#8633,
#8634),(#8635,#8636)),.UNSPECIFIED.,.F.,.F.,.F.)
B_SPLINE_SURFACE_WITH_KNOTS((4,1,4),(2,2),(1.,1.5920259182923,2.),(0.,0.01),
 .UNSPECIFIED.)
GEOMETRIC_REPRESENTATION_ITEM()
RATIONAL_B_SPLINE_SURFACE(((1.,1.),(1.,1.),(1.,1.),(1.,1.),(1.,1.)))
REPRESENTATION_ITEM('')
SURFACE()
);
#374=(
BOUNDED_SURFACE()
B_SPLINE_SURFACE(3,1,((#8664,#8665),(#8666,#8667),(#8668,#8669),(#8670,
#8671),(#8672,#8673),(#8674,#8675)),.UNSPECIFIED.,.F.,.F.,.F.)
B_SPLINE_SURFACE_WITH_KNOTS((4,1,1,4),(2,2),(2.,2.39640660165355,2.61092728425034,
3.),(0.,0.01),.UNSPECIFIED.)
GEOMETRIC_REPRESENTATION_ITEM()
RATIONAL_B_SPLINE_SURFACE(((1.,1.),(1.,1.),(1.,1.),(1.,1.),(1.,1.),(1.,
1.)))
REPRESENTATION_ITEM('')
SURFACE()
);
#375=(
BOUNDED_SURFACE()
B_SPLINE_SURFACE(3,1,((#8697,#8698),(#8699,#8700),(#8701,#8702),(#8703,
#8704),(#8705,#8706),(#8707,#8708),(#8709,#8710)),.UNSPECIFIED.,.F.,.F.,
 .F.)
B_SPLINE_SURFACE_WITH_KNOTS((4,1,1,1,4),(2,2),(0.,0.418649488434145,0.532294059930023,
0.683579709482041,1.),(0.,0.01),.UNSPECIFIED.)
GEOMETRIC_REPRESENTATION_ITEM()
RATIONAL_B_SPLINE_SURFACE(((1.,1.),(1.,1.),(1.,1.),(1.,1.),(1.,1.),(1.,
1.),(1.,1.)))
REPRESENTATION_ITEM('')
SURFACE()
);
#376=(
BOUNDED_SURFACE()
B_SPLINE_SURFACE(3,1,((#8734,#8735),(#8736,#8737),(#8738,#8739),(#8740,
#8741),(#8742,#8743),(#8744,#8745),(#8746,#8747)),.UNSPECIFIED.,.F.,.F.,
 .F.)
B_SPLINE_SURFACE_WITH_KNOTS((4,1,1,1,4),(2,2),(2.,2.36588473477958,2.64574388840695,
2.85017808885691,3.),(0.,0.01),.UNSPECIFIED.)
GEOMETRIC_REPRESENTATION_ITEM()
RATIONAL_B_SPLINE_SURFACE(((1.,1.),(1.,1.),(1.,1.),(1.,1.),(1.,1.),(1.,
1.),(1.,1.)))
REPRESENTATION_ITEM('')
SURFACE()
);
#377=(
BOUNDED_SURFACE()
B_SPLINE_SURFACE(3,1,((#8771,#8772),(#8773,#8774),(#8775,#8776),(#8777,
#8778),(#8779,#8780),(#8781,#8782),(#8783,#8784),(#8785,#8786)),
 .UNSPECIFIED.,.F.,.F.,.F.)
B_SPLINE_SURFACE_WITH_KNOTS((4,1,1,1,1,4),(2,2),(0.,0.188902427375748,0.334094152988106,
0.595542716039057,0.825784726570953,1.),(0.,0.01),.UNSPECIFIED.)
GEOMETRIC_REPRESENTATION_ITEM()
RATIONAL_B_SPLINE_SURFACE(((1.,1.),(1.,1.),(1.,1.),(1.,1.),(1.,1.),(1.,
1.),(1.,1.),(1.,1.)))
REPRESENTATION_ITEM('')
SURFACE()
);
#378=(
BOUNDED_SURFACE()
B_SPLINE_SURFACE(3,1,((#8814,#8815),(#8816,#8817),(#8818,#8819),(#8820,
#8821),(#8822,#8823),(#8824,#8825)),.UNSPECIFIED.,.F.,.F.,.F.)
B_SPLINE_SURFACE_WITH_KNOTS((4,1,1,4),(2,2),(2.,2.36816815049859,2.57197231118893,
3.),(0.,0.01),.UNSPECIFIED.)
GEOMETRIC_REPRESENTATION_ITEM()
RATIONAL_B_SPLINE_SURFACE(((1.,1.),(1.,1.),(1.,1.),(1.,1.),(1.,1.),(1.,
1.)))
REPRESENTATION_ITEM('')
SURFACE()
);
#379=(
BOUNDED_SURFACE()
B_SPLINE_SURFACE(3,1,((#8859,#8860),(#8861,#8862),(#8863,#8864),(#8865,
#8866),(#8867,#8868),(#8869,#8870),(#8871,#8872),(#8873,#8874)),
 .UNSPECIFIED.,.F.,.F.,.F.)
B_SPLINE_SURFACE_WITH_KNOTS((4,1,1,1,1,4),(2,2),(6.,6.35634257120569,6.6407327697063,
6.76350645891632,6.79943318194569,7.),(0.,0.01),.UNSPECIFIED.)
GEOMETRIC_REPRESENTATION_ITEM()
RATIONAL_B_SPLINE_SURFACE(((1.,1.),(1.,1.),(1.,1.),(1.,1.),(1.,1.),(1.,
1.),(1.,1.),(1.,1.)))
REPRESENTATION_ITEM('')
SURFACE()
);
#380=(
BOUNDED_SURFACE()
B_SPLINE_SURFACE(3,1,((#8900,#8901),(#8902,#8903),(#8904,#8905),(#8906,
#8907),(#8908,#8909),(#8910,#8911)),.UNSPECIFIED.,.F.,.F.,.F.)
B_SPLINE_SURFACE_WITH_KNOTS((4,1,1,4),(2,2),(4.,4.35112244727096,4.62418818878798,
5.),(0.,0.01),.UNSPECIFIED.)
GEOMETRIC_REPRESENTATION_ITEM()
RATIONAL_B_SPLINE_SURFACE(((1.,1.),(1.,1.),(1.,1.),(1.,1.),(1.,1.),(1.,
1.)))
REPRESENTATION_ITEM('')
SURFACE()
);
#381=(
BOUNDED_SURFACE()
B_SPLINE_SURFACE(3,1,((#8933,#8934),(#8935,#8936),(#8937,#8938),(#8939,
#8940),(#8941,#8942),(#8943,#8944)),.UNSPECIFIED.,.F.,.F.,.F.)
B_SPLINE_SURFACE_WITH_KNOTS((4,1,1,4),(2,2),(2.,2.34950281914503,2.59418067072782,
3.),(0.,0.01),.UNSPECIFIED.)
GEOMETRIC_REPRESENTATION_ITEM()
RATIONAL_B_SPLINE_SURFACE(((1.,1.),(1.,1.),(1.,1.),(1.,1.),(1.,1.),(1.,
1.)))
REPRESENTATION_ITEM('')
SURFACE()
);
#382=(
BOUNDED_SURFACE()
B_SPLINE_SURFACE(3,1,((#9036,#9037),(#9038,#9039),(#9040,#9041),(#9042,
#9043),(#9044,#9045),(#9046,#9047),(#9048,#9049),(#9050,#9051)),
 .UNSPECIFIED.,.F.,.F.,.F.)
B_SPLINE_SURFACE_WITH_KNOTS((4,1,1,1,1,4),(2,2),(4.6525861610868,4.81592874652022,
4.92079542300742,5.04888722282976,5.17922170931421,5.6525861610868),(0.,
0.01),.UNSPECIFIED.)
GEOMETRIC_REPRESENTATION_ITEM()
RATIONAL_B_SPLINE_SURFACE(((1.,1.),(1.,1.),(1.,1.),(1.,1.),(1.,1.),(1.,
1.),(1.,1.),(1.,1.)))
REPRESENTATION_ITEM('')
SURFACE()
);
#383=(
BOUNDED_SURFACE()
B_SPLINE_SURFACE(3,1,((#9077,#9078),(#9079,#9080),(#9081,#9082),(#9083,
#9084),(#9085,#9086),(#9087,#9088),(#9089,#9090)),.UNSPECIFIED.,.F.,.F.,
 .F.)
B_SPLINE_SURFACE_WITH_KNOTS((4,1,1,1,4),(2,2),(2.6525861610868,3.16072805534536,
3.25433065421683,3.46312777598975,3.6525861610868),(0.,0.01),
 .UNSPECIFIED.)
GEOMETRIC_REPRESENTATION_ITEM()
RATIONAL_B_SPLINE_SURFACE(((1.,1.),(1.,1.),(1.,1.),(1.,1.),(1.,1.),(1.,
1.),(1.,1.)))
REPRESENTATION_ITEM('')
SURFACE()
);
#384=(
BOUNDED_SURFACE()
B_SPLINE_SURFACE(3,1,((#9208,#9209),(#9210,#9211),(#9212,#9213),(#9214,
#9215)),.UNSPECIFIED.,.F.,.F.,.F.)
B_SPLINE_SURFACE_WITH_KNOTS((4,4),(2,2),(3.,4.),(0.,0.01),.UNSPECIFIED.)
GEOMETRIC_REPRESENTATION_ITEM()
RATIONAL_B_SPLINE_SURFACE(((1.,1.),(1.,1.),(1.,1.),(1.,1.)))
REPRESENTATION_ITEM('')
SURFACE()
);
#385=(
BOUNDED_SURFACE()
B_SPLINE_SURFACE(3,1,((#9233,#9234),(#9235,#9236),(#9237,#9238),(#9239,
#9240)),.UNSPECIFIED.,.F.,.F.,.F.)
B_SPLINE_SURFACE_WITH_KNOTS((4,4),(2,2),(1.,2.),(0.,0.01),.UNSPECIFIED.)
GEOMETRIC_REPRESENTATION_ITEM()
RATIONAL_B_SPLINE_SURFACE(((1.,1.),(1.,1.),(1.,1.),(1.,1.)))
REPRESENTATION_ITEM('')
SURFACE()
);
#386=(
BOUNDED_SURFACE()
B_SPLINE_SURFACE(3,1,((#9272,#9273),(#9274,#9275),(#9276,#9277),(#9278,
#9279),(#9280,#9281)),.UNSPECIFIED.,.F.,.F.,.F.)
B_SPLINE_SURFACE_WITH_KNOTS((4,1,4),(2,2),(7.,7.5920259182923,8.),(0.,0.01),
 .UNSPECIFIED.)
GEOMETRIC_REPRESENTATION_ITEM()
RATIONAL_B_SPLINE_SURFACE(((1.,1.),(1.,1.),(1.,1.),(1.,1.),(1.,1.)))
REPRESENTATION_ITEM('')
SURFACE()
);
#387=(
BOUNDED_SURFACE()
B_SPLINE_SURFACE(3,1,((#9313,#9314),(#9315,#9316),(#9317,#9318),(#9319,
#9320),(#9321,#9322)),.UNSPECIFIED.,.F.,.F.,.F.)
B_SPLINE_SURFACE_WITH_KNOTS((4,1,4),(2,2),(3.,3.48334208929532,4.),(0.,
0.01),.UNSPECIFIED.)
GEOMETRIC_REPRESENTATION_ITEM()
RATIONAL_B_SPLINE_SURFACE(((1.,1.),(1.,1.),(1.,1.),(1.,1.),(1.,1.)))
REPRESENTATION_ITEM('')
SURFACE()
);
#388=FACE_OUTER_BOUND('',#743,.T.);
#389=FACE_OUTER_BOUND('',#744,.T.);
#390=FACE_OUTER_BOUND('',#745,.T.);
#391=FACE_OUTER_BOUND('',#746,.T.);
#392=FACE_OUTER_BOUND('',#747,.T.);
#393=FACE_OUTER_BOUND('',#748,.T.);
#394=FACE_OUTER_BOUND('',#749,.T.);
#395=FACE_OUTER_BOUND('',#750,.T.);
#396=FACE_OUTER_BOUND('',#751,.T.);
#397=FACE_OUTER_BOUND('',#752,.T.);
#398=FACE_OUTER_BOUND('',#753,.T.);
#399=FACE_OUTER_BOUND('',#754,.T.);
#400=FACE_OUTER_BOUND('',#755,.T.);
#401=FACE_OUTER_BOUND('',#756,.T.);
#402=FACE_OUTER_BOUND('',#757,.T.);
#403=FACE_OUTER_BOUND('',#758,.T.);
#404=FACE_OUTER_BOUND('',#759,.T.);
#405=FACE_OUTER_BOUND('',#760,.T.);
#406=FACE_OUTER_BOUND('',#761,.T.);
#407=FACE_OUTER_BOUND('',#762,.T.);
#408=FACE_OUTER_BOUND('',#763,.T.);
#409=FACE_OUTER_BOUND('',#764,.T.);
#410=FACE_OUTER_BOUND('',#765,.T.);
#411=FACE_OUTER_BOUND('',#766,.T.);
#412=FACE_OUTER_BOUND('',#767,.T.);
#413=FACE_OUTER_BOUND('',#768,.T.);
#414=FACE_OUTER_BOUND('',#769,.T.);
#415=FACE_OUTER_BOUND('',#770,.T.);
#416=FACE_OUTER_BOUND('',#771,.T.);
#417=FACE_OUTER_BOUND('',#772,.T.);
#418=FACE_OUTER_BOUND('',#773,.T.);
#419=FACE_OUTER_BOUND('',#774,.T.);
#420=FACE_OUTER_BOUND('',#775,.T.);
#421=FACE_OUTER_BOUND('',#777,.T.);
#422=FACE_OUTER_BOUND('',#779,.T.);
#423=FACE_OUTER_BOUND('',#780,.T.);
#424=FACE_OUTER_BOUND('',#781,.T.);
#425=FACE_OUTER_BOUND('',#782,.T.);
#426=FACE_OUTER_BOUND('',#783,.T.);
#427=FACE_OUTER_BOUND('',#784,.T.);
#428=FACE_OUTER_BOUND('',#785,.T.);
#429=FACE_OUTER_BOUND('',#786,.T.);
#430=FACE_OUTER_BOUND('',#787,.T.);
#431=FACE_OUTER_BOUND('',#788,.T.);
#432=FACE_OUTER_BOUND('',#789,.T.);
#433=FACE_OUTER_BOUND('',#790,.T.);
#434=FACE_OUTER_BOUND('',#791,.T.);
#435=FACE_OUTER_BOUND('',#793,.T.);
#436=FACE_OUTER_BOUND('',#795,.T.);
#437=FACE_OUTER_BOUND('',#796,.T.);
#438=FACE_OUTER_BOUND('',#797,.T.);
#439=FACE_OUTER_BOUND('',#798,.T.);
#440=FACE_OUTER_BOUND('',#799,.T.);
#441=FACE_OUTER_BOUND('',#800,.T.);
#442=FACE_OUTER_BOUND('',#801,.T.);
#443=FACE_OUTER_BOUND('',#802,.T.);
#444=FACE_OUTER_BOUND('',#803,.T.);
#445=FACE_OUTER_BOUND('',#804,.T.);
#446=FACE_OUTER_BOUND('',#805,.T.);
#447=FACE_OUTER_BOUND('',#806,.T.);
#448=FACE_OUTER_BOUND('',#807,.T.);
#449=FACE_OUTER_BOUND('',#808,.T.);
#450=FACE_OUTER_BOUND('',#809,.T.);
#451=FACE_OUTER_BOUND('',#810,.T.);
#452=FACE_OUTER_BOUND('',#811,.T.);
#453=FACE_OUTER_BOUND('',#812,.T.);
#454=FACE_OUTER_BOUND('',#813,.T.);
#455=FACE_OUTER_BOUND('',#814,.T.);
#456=FACE_OUTER_BOUND('',#815,.T.);
#457=FACE_OUTER_BOUND('',#816,.T.);
#458=FACE_OUTER_BOUND('',#817,.T.);
#459=FACE_OUTER_BOUND('',#818,.T.);
#460=FACE_OUTER_BOUND('',#819,.T.);
#461=FACE_OUTER_BOUND('',#820,.T.);
#462=FACE_OUTER_BOUND('',#821,.T.);
#463=FACE_OUTER_BOUND('',#822,.T.);
#464=FACE_OUTER_BOUND('',#823,.T.);
#465=FACE_OUTER_BOUND('',#824,.T.);
#466=FACE_OUTER_BOUND('',#825,.T.);
#467=FACE_OUTER_BOUND('',#826,.T.);
#468=FACE_OUTER_BOUND('',#827,.T.);
#469=FACE_OUTER_BOUND('',#828,.T.);
#470=FACE_OUTER_BOUND('',#829,.T.);
#471=FACE_OUTER_BOUND('',#830,.T.);
#472=FACE_OUTER_BOUND('',#831,.T.);
#473=FACE_OUTER_BOUND('',#832,.T.);
#474=FACE_OUTER_BOUND('',#833,.T.);
#475=FACE_OUTER_BOUND('',#834,.T.);
#476=FACE_OUTER_BOUND('',#835,.T.);
#477=FACE_OUTER_BOUND('',#836,.T.);
#478=FACE_OUTER_BOUND('',#837,.T.);
#479=FACE_OUTER_BOUND('',#838,.T.);
#480=FACE_OUTER_BOUND('',#839,.T.);
#481=FACE_OUTER_BOUND('',#840,.T.);
#482=FACE_OUTER_BOUND('',#841,.T.);
#483=FACE_OUTER_BOUND('',#842,.T.);
#484=FACE_OUTER_BOUND('',#843,.T.);
#485=FACE_OUTER_BOUND('',#844,.T.);
#486=FACE_OUTER_BOUND('',#845,.T.);
#487=FACE_OUTER_BOUND('',#846,.T.);
#488=FACE_OUTER_BOUND('',#847,.T.);
#489=FACE_OUTER_BOUND('',#848,.T.);
#490=FACE_OUTER_BOUND('',#849,.T.);
#491=FACE_OUTER_BOUND('',#850,.T.);
#492=FACE_OUTER_BOUND('',#851,.T.);
#493=FACE_OUTER_BOUND('',#852,.T.);
#494=FACE_OUTER_BOUND('',#853,.T.);
#495=FACE_OUTER_BOUND('',#854,.T.);
#496=FACE_OUTER_BOUND('',#856,.T.);
#497=FACE_OUTER_BOUND('',#857,.T.);
#498=FACE_OUTER_BOUND('',#858,.T.);
#499=FACE_OUTER_BOUND('',#860,.T.);
#500=FACE_OUTER_BOUND('',#861,.T.);
#501=FACE_OUTER_BOUND('',#862,.T.);
#502=FACE_OUTER_BOUND('',#863,.T.);
#503=FACE_OUTER_BOUND('',#864,.T.);
#504=FACE_OUTER_BOUND('',#866,.T.);
#505=FACE_OUTER_BOUND('',#867,.T.);
#506=FACE_OUTER_BOUND('',#868,.T.);
#507=FACE_OUTER_BOUND('',#869,.T.);
#508=FACE_OUTER_BOUND('',#870,.T.);
#509=FACE_OUTER_BOUND('',#871,.T.);
#510=FACE_OUTER_BOUND('',#872,.T.);
#511=FACE_OUTER_BOUND('',#873,.T.);
#512=FACE_OUTER_BOUND('',#874,.T.);
#513=FACE_OUTER_BOUND('',#875,.T.);
#514=FACE_OUTER_BOUND('',#876,.T.);
#515=FACE_OUTER_BOUND('',#877,.T.);
#516=FACE_OUTER_BOUND('',#878,.T.);
#517=FACE_OUTER_BOUND('',#879,.T.);
#518=FACE_OUTER_BOUND('',#880,.T.);
#519=FACE_OUTER_BOUND('',#882,.T.);
#520=FACE_OUTER_BOUND('',#883,.T.);
#521=FACE_OUTER_BOUND('',#884,.T.);
#522=FACE_OUTER_BOUND('',#886,.T.);
#523=FACE_OUTER_BOUND('',#887,.T.);
#524=FACE_OUTER_BOUND('',#888,.T.);
#525=FACE_OUTER_BOUND('',#889,.T.);
#526=FACE_OUTER_BOUND('',#890,.T.);
#527=FACE_OUTER_BOUND('',#891,.T.);
#528=FACE_OUTER_BOUND('',#892,.T.);
#529=FACE_OUTER_BOUND('',#893,.T.);
#530=FACE_OUTER_BOUND('',#894,.T.);
#531=FACE_OUTER_BOUND('',#895,.T.);
#532=FACE_OUTER_BOUND('',#896,.T.);
#533=FACE_OUTER_BOUND('',#897,.T.);
#534=FACE_OUTER_BOUND('',#898,.T.);
#535=FACE_OUTER_BOUND('',#899,.T.);
#536=FACE_OUTER_BOUND('',#900,.T.);
#537=FACE_OUTER_BOUND('',#901,.T.);
#538=FACE_OUTER_BOUND('',#902,.T.);
#539=FACE_OUTER_BOUND('',#903,.T.);
#540=FACE_OUTER_BOUND('',#904,.T.);
#541=FACE_OUTER_BOUND('',#905,.T.);
#542=FACE_OUTER_BOUND('',#906,.T.);
#543=FACE_OUTER_BOUND('',#907,.T.);
#544=FACE_OUTER_BOUND('',#908,.T.);
#545=FACE_OUTER_BOUND('',#909,.T.);
#546=FACE_OUTER_BOUND('',#910,.T.);
#547=FACE_OUTER_BOUND('',#911,.T.);
#548=FACE_OUTER_BOUND('',#912,.T.);
#549=FACE_OUTER_BOUND('',#913,.T.);
#550=FACE_OUTER_BOUND('',#914,.T.);
#551=FACE_OUTER_BOUND('',#915,.T.);
#552=FACE_OUTER_BOUND('',#916,.T.);
#553=FACE_OUTER_BOUND('',#917,.T.);
#554=FACE_OUTER_BOUND('',#918,.T.);
#555=FACE_OUTER_BOUND('',#919,.T.);
#556=FACE_OUTER_BOUND('',#920,.T.);
#557=FACE_OUTER_BOUND('',#921,.T.);
#558=FACE_OUTER_BOUND('',#922,.T.);
#559=FACE_OUTER_BOUND('',#923,.T.);
#560=FACE_OUTER_BOUND('',#924,.T.);
#561=FACE_OUTER_BOUND('',#925,.T.);
#562=FACE_OUTER_BOUND('',#926,.T.);
#563=FACE_OUTER_BOUND('',#927,.T.);
#564=FACE_OUTER_BOUND('',#928,.T.);
#565=FACE_OUTER_BOUND('',#929,.T.);
#566=FACE_OUTER_BOUND('',#930,.T.);
#567=FACE_OUTER_BOUND('',#931,.T.);
#568=FACE_OUTER_BOUND('',#932,.T.);
#569=FACE_OUTER_BOUND('',#933,.T.);
#570=FACE_OUTER_BOUND('',#934,.T.);
#571=FACE_OUTER_BOUND('',#935,.T.);
#572=FACE_OUTER_BOUND('',#936,.T.);
#573=FACE_OUTER_BOUND('',#937,.T.);
#574=FACE_OUTER_BOUND('',#938,.T.);
#575=FACE_OUTER_BOUND('',#939,.T.);
#576=FACE_OUTER_BOUND('',#940,.T.);
#577=FACE_OUTER_BOUND('',#941,.T.);
#578=FACE_OUTER_BOUND('',#942,.T.);
#579=FACE_OUTER_BOUND('',#943,.T.);
#580=FACE_OUTER_BOUND('',#944,.T.);
#581=FACE_OUTER_BOUND('',#945,.T.);
#582=FACE_OUTER_BOUND('',#946,.T.);
#583=FACE_OUTER_BOUND('',#947,.T.);
#584=FACE_OUTER_BOUND('',#948,.T.);
#585=FACE_OUTER_BOUND('',#949,.T.);
#586=FACE_OUTER_BOUND('',#950,.T.);
#587=FACE_OUTER_BOUND('',#951,.T.);
#588=FACE_OUTER_BOUND('',#952,.T.);
#589=FACE_OUTER_BOUND('',#953,.T.);
#590=FACE_OUTER_BOUND('',#954,.T.);
#591=FACE_OUTER_BOUND('',#955,.T.);
#592=FACE_OUTER_BOUND('',#956,.T.);
#593=FACE_OUTER_BOUND('',#957,.T.);
#594=FACE_OUTER_BOUND('',#958,.T.);
#595=FACE_OUTER_BOUND('',#959,.T.);
#596=FACE_OUTER_BOUND('',#960,.T.);
#597=FACE_OUTER_BOUND('',#961,.T.);
#598=FACE_OUTER_BOUND('',#962,.T.);
#599=FACE_OUTER_BOUND('',#963,.T.);
#600=FACE_OUTER_BOUND('',#964,.T.);
#601=FACE_OUTER_BOUND('',#965,.T.);
#602=FACE_OUTER_BOUND('',#966,.T.);
#603=FACE_OUTER_BOUND('',#967,.T.);
#604=FACE_OUTER_BOUND('',#968,.T.);
#605=FACE_OUTER_BOUND('',#969,.T.);
#606=FACE_OUTER_BOUND('',#970,.T.);
#607=FACE_OUTER_BOUND('',#971,.T.);
#608=FACE_OUTER_BOUND('',#972,.T.);
#609=FACE_OUTER_BOUND('',#973,.T.);
#610=FACE_OUTER_BOUND('',#974,.T.);
#611=FACE_OUTER_BOUND('',#975,.T.);
#612=FACE_OUTER_BOUND('',#976,.T.);
#613=FACE_OUTER_BOUND('',#977,.T.);
#614=FACE_OUTER_BOUND('',#978,.T.);
#615=FACE_OUTER_BOUND('',#979,.T.);
#616=FACE_OUTER_BOUND('',#980,.T.);
#617=FACE_OUTER_BOUND('',#981,.T.);
#618=FACE_OUTER_BOUND('',#982,.T.);
#619=FACE_OUTER_BOUND('',#983,.T.);
#620=FACE_OUTER_BOUND('',#984,.T.);
#621=FACE_OUTER_BOUND('',#985,.T.);
#622=FACE_OUTER_BOUND('',#986,.T.);
#623=FACE_OUTER_BOUND('',#987,.T.);
#624=FACE_OUTER_BOUND('',#988,.T.);
#625=FACE_OUTER_BOUND('',#989,.T.);
#626=FACE_OUTER_BOUND('',#990,.T.);
#627=FACE_OUTER_BOUND('',#991,.T.);
#628=FACE_OUTER_BOUND('',#992,.T.);
#629=FACE_OUTER_BOUND('',#993,.T.);
#630=FACE_OUTER_BOUND('',#994,.T.);
#631=FACE_OUTER_BOUND('',#995,.T.);
#632=FACE_OUTER_BOUND('',#996,.T.);
#633=FACE_OUTER_BOUND('',#997,.T.);
#634=FACE_OUTER_BOUND('',#998,.T.);
#635=FACE_OUTER_BOUND('',#999,.T.);
#636=FACE_OUTER_BOUND('',#1000,.T.);
#637=FACE_OUTER_BOUND('',#1001,.T.);
#638=FACE_OUTER_BOUND('',#1002,.T.);
#639=FACE_OUTER_BOUND('',#1003,.T.);
#640=FACE_OUTER_BOUND('',#1004,.T.);
#641=FACE_OUTER_BOUND('',#1005,.T.);
#642=FACE_OUTER_BOUND('',#1006,.T.);
#643=FACE_OUTER_BOUND('',#1007,.T.);
#644=FACE_OUTER_BOUND('',#1008,.T.);
#645=FACE_OUTER_BOUND('',#1009,.T.);
#646=FACE_OUTER_BOUND('',#1010,.T.);
#647=FACE_OUTER_BOUND('',#1011,.T.);
#648=FACE_OUTER_BOUND('',#1012,.T.);
#649=FACE_OUTER_BOUND('',#1013,.T.);
#650=FACE_OUTER_BOUND('',#1014,.T.);
#651=FACE_OUTER_BOUND('',#1015,.T.);
#652=FACE_OUTER_BOUND('',#1016,.T.);
#653=FACE_OUTER_BOUND('',#1017,.T.);
#654=FACE_OUTER_BOUND('',#1018,.T.);
#655=FACE_OUTER_BOUND('',#1019,.T.);
#656=FACE_OUTER_BOUND('',#1020,.T.);
#657=FACE_OUTER_BOUND('',#1021,.T.);
#658=FACE_OUTER_BOUND('',#1022,.T.);
#659=FACE_OUTER_BOUND('',#1023,.T.);
#660=FACE_OUTER_BOUND('',#1024,.T.);
#661=FACE_OUTER_BOUND('',#1025,.T.);
#662=FACE_OUTER_BOUND('',#1026,.T.);
#663=FACE_OUTER_BOUND('',#1027,.T.);
#664=FACE_OUTER_BOUND('',#1028,.T.);
#665=FACE_OUTER_BOUND('',#1029,.T.);
#666=FACE_OUTER_BOUND('',#1030,.T.);
#667=FACE_OUTER_BOUND('',#1031,.T.);
#668=FACE_OUTER_BOUND('',#1032,.T.);
#669=FACE_OUTER_BOUND('',#1033,.T.);
#670=FACE_OUTER_BOUND('',#1034,.T.);
#671=FACE_OUTER_BOUND('',#1035,.T.);
#672=FACE_OUTER_BOUND('',#1036,.T.);
#673=FACE_OUTER_BOUND('',#1037,.T.);
#674=FACE_OUTER_BOUND('',#1038,.T.);
#675=FACE_OUTER_BOUND('',#1039,.T.);
#676=FACE_OUTER_BOUND('',#1040,.T.);
#677=FACE_OUTER_BOUND('',#1041,.T.);
#678=FACE_OUTER_BOUND('',#1042,.T.);
#679=FACE_OUTER_BOUND('',#1043,.T.);
#680=FACE_OUTER_BOUND('',#1044,.T.);
#681=FACE_OUTER_BOUND('',#1045,.T.);
#682=FACE_OUTER_BOUND('',#1046,.T.);
#683=FACE_OUTER_BOUND('',#1047,.T.);
#684=FACE_OUTER_BOUND('',#1048,.T.);
#685=FACE_OUTER_BOUND('',#1049,.T.);
#686=FACE_OUTER_BOUND('',#1050,.T.);
#687=FACE_OUTER_BOUND('',#1051,.T.);
#688=FACE_OUTER_BOUND('',#1052,.T.);
#689=FACE_OUTER_BOUND('',#1053,.T.);
#690=FACE_OUTER_BOUND('',#1054,.T.);
#691=FACE_OUTER_BOUND('',#1055,.T.);
#692=FACE_OUTER_BOUND('',#1056,.T.);
#693=FACE_OUTER_BOUND('',#1057,.T.);
#694=FACE_OUTER_BOUND('',#1058,.T.);
#695=FACE_OUTER_BOUND('',#1059,.T.);
#696=FACE_OUTER_BOUND('',#1060,.T.);
#697=FACE_OUTER_BOUND('',#1061,.T.);
#698=FACE_OUTER_BOUND('',#1062,.T.);
#699=FACE_OUTER_BOUND('',#1063,.T.);
#700=FACE_OUTER_BOUND('',#1064,.T.);
#701=FACE_OUTER_BOUND('',#1065,.T.);
#702=FACE_OUTER_BOUND('',#1066,.T.);
#703=FACE_OUTER_BOUND('',#1067,.T.);
#704=FACE_OUTER_BOUND('',#1068,.T.);
#705=FACE_OUTER_BOUND('',#1069,.T.);
#706=FACE_OUTER_BOUND('',#1070,.T.);
#707=FACE_OUTER_BOUND('',#1071,.T.);
#708=FACE_OUTER_BOUND('',#1072,.T.);
#709=FACE_OUTER_BOUND('',#1073,.T.);
#710=FACE_OUTER_BOUND('',#1074,.T.);
#711=FACE_OUTER_BOUND('',#1075,.T.);
#712=FACE_OUTER_BOUND('',#1076,.T.);
#713=FACE_OUTER_BOUND('',#1077,.T.);
#714=FACE_OUTER_BOUND('',#1078,.T.);
#715=FACE_OUTER_BOUND('',#1079,.T.);
#716=FACE_OUTER_BOUND('',#1080,.T.);
#717=FACE_OUTER_BOUND('',#1081,.T.);
#718=FACE_OUTER_BOUND('',#1082,.T.);
#719=FACE_OUTER_BOUND('',#1083,.T.);
#720=FACE_OUTER_BOUND('',#1084,.T.);
#721=FACE_OUTER_BOUND('',#1085,.T.);
#722=FACE_OUTER_BOUND('',#1086,.T.);
#723=FACE_OUTER_BOUND('',#1087,.T.);
#724=FACE_OUTER_BOUND('',#1088,.T.);
#725=FACE_OUTER_BOUND('',#1089,.T.);
#726=FACE_OUTER_BOUND('',#1090,.T.);
#727=FACE_OUTER_BOUND('',#1091,.T.);
#728=FACE_OUTER_BOUND('',#1092,.T.);
#729=FACE_OUTER_BOUND('',#1093,.T.);
#730=FACE_OUTER_BOUND('',#1094,.T.);
#731=FACE_OUTER_BOUND('',#1096,.T.);
#732=FACE_OUTER_BOUND('',#1097,.T.);
#733=FACE_OUTER_BOUND('',#1099,.T.);
#734=FACE_OUTER_BOUND('',#1101,.T.);
#735=FACE_OUTER_BOUND('',#1102,.T.);
#736=FACE_OUTER_BOUND('',#1103,.T.);
#737=FACE_OUTER_BOUND('',#1104,.T.);
#738=FACE_OUTER_BOUND('',#1105,.T.);
#739=FACE_OUTER_BOUND('',#1106,.T.);
#740=FACE_OUTER_BOUND('',#1107,.T.);
#741=FACE_OUTER_BOUND('',#1108,.T.);
#742=FACE_OUTER_BOUND('',#1109,.T.);
#743=EDGE_LOOP('',(#3935,#3936,#3937,#3938));
#744=EDGE_LOOP('',(#3939,#3940,#3941,#3942));
#745=EDGE_LOOP('',(#3943,#3944,#3945,#3946));
#746=EDGE_LOOP('',(#3947,#3948,#3949,#3950));
#747=EDGE_LOOP('',(#3951,#3952,#3953,#3954));
#748=EDGE_LOOP('',(#3955,#3956,#3957,#3958));
#749=EDGE_LOOP('',(#3959,#3960,#3961,#3962));
#750=EDGE_LOOP('',(#3963,#3964,#3965,#3966));
#751=EDGE_LOOP('',(#3967,#3968,#3969,#3970));
#752=EDGE_LOOP('',(#3971,#3972,#3973,#3974));
#753=EDGE_LOOP('',(#3975,#3976,#3977,#3978,#3979,#3980,#3981,#3982,#3983,
#3984));
#754=EDGE_LOOP('',(#3985,#3986,#3987,#3988,#3989,#3990,#3991,#3992,#3993,
#3994));
#755=EDGE_LOOP('',(#3995,#3996,#3997,#3998));
#756=EDGE_LOOP('',(#3999,#4000,#4001,#4002));
#757=EDGE_LOOP('',(#4003,#4004,#4005,#4006));
#758=EDGE_LOOP('',(#4007,#4008,#4009,#4010));
#759=EDGE_LOOP('',(#4011,#4012,#4013,#4014));
#760=EDGE_LOOP('',(#4015,#4016,#4017,#4018));
#761=EDGE_LOOP('',(#4019,#4020,#4021,#4022));
#762=EDGE_LOOP('',(#4023,#4024,#4025,#4026));
#763=EDGE_LOOP('',(#4027,#4028,#4029,#4030));
#764=EDGE_LOOP('',(#4031,#4032,#4033,#4034));
#765=EDGE_LOOP('',(#4035,#4036,#4037,#4038,#4039,#4040,#4041,#4042,#4043,
#4044));
#766=EDGE_LOOP('',(#4045,#4046,#4047,#4048,#4049,#4050,#4051,#4052,#4053,
#4054));
#767=EDGE_LOOP('',(#4055,#4056,#4057,#4058));
#768=EDGE_LOOP('',(#4059,#4060,#4061,#4062));
#769=EDGE_LOOP('',(#4063,#4064,#4065,#4066));
#770=EDGE_LOOP('',(#4067,#4068,#4069,#4070));
#771=EDGE_LOOP('',(#4071,#4072,#4073,#4074));
#772=EDGE_LOOP('',(#4075,#4076,#4077,#4078));
#773=EDGE_LOOP('',(#4079,#4080,#4081,#4082));
#774=EDGE_LOOP('',(#4083,#4084,#4085,#4086));
#775=EDGE_LOOP('',(#4087,#4088,#4089,#4090));
#776=EDGE_LOOP('',(#4091,#4092,#4093,#4094));
#777=EDGE_LOOP('',(#4095,#4096,#4097,#4098));
#778=EDGE_LOOP('',(#4099,#4100,#4101,#4102));
#779=EDGE_LOOP('',(#4103,#4104,#4105,#4106));
#780=EDGE_LOOP('',(#4107,#4108,#4109,#4110));
#781=EDGE_LOOP('',(#4111,#4112,#4113,#4114));
#782=EDGE_LOOP('',(#4115,#4116,#4117,#4118));
#783=EDGE_LOOP('',(#4119,#4120,#4121,#4122));
#784=EDGE_LOOP('',(#4123,#4124,#4125,#4126));
#785=EDGE_LOOP('',(#4127,#4128,#4129,#4130));
#786=EDGE_LOOP('',(#4131,#4132,#4133,#4134));
#787=EDGE_LOOP('',(#4135,#4136,#4137,#4138));
#788=EDGE_LOOP('',(#4139,#4140,#4141,#4142));
#789=EDGE_LOOP('',(#4143,#4144,#4145,#4146));
#790=EDGE_LOOP('',(#4147,#4148,#4149,#4150));
#791=EDGE_LOOP('',(#4151,#4152,#4153,#4154,#4155,#4156,#4157,#4158));
#792=EDGE_LOOP('',(#4159,#4160,#4161,#4162));
#793=EDGE_LOOP('',(#4163,#4164,#4165,#4166,#4167,#4168,#4169,#4170));
#794=EDGE_LOOP('',(#4171,#4172,#4173,#4174));
#795=EDGE_LOOP('',(#4175,#4176,#4177,#4178));
#796=EDGE_LOOP('',(#4179,#4180,#4181,#4182));
#797=EDGE_LOOP('',(#4183,#4184,#4185,#4186));
#798=EDGE_LOOP('',(#4187,#4188,#4189,#4190));
#799=EDGE_LOOP('',(#4191,#4192,#4193,#4194));
#800=EDGE_LOOP('',(#4195,#4196,#4197,#4198));
#801=EDGE_LOOP('',(#4199,#4200,#4201,#4202));
#802=EDGE_LOOP('',(#4203,#4204,#4205,#4206));
#803=EDGE_LOOP('',(#4207,#4208,#4209,#4210));
#804=EDGE_LOOP('',(#4211,#4212,#4213,#4214));
#805=EDGE_LOOP('',(#4215,#4216,#4217,#4218));
#806=EDGE_LOOP('',(#4219,#4220,#4221,#4222));
#807=EDGE_LOOP('',(#4223,#4224,#4225,#4226));
#808=EDGE_LOOP('',(#4227,#4228,#4229,#4230));
#809=EDGE_LOOP('',(#4231,#4232,#4233,#4234));
#810=EDGE_LOOP('',(#4235,#4236,#4237,#4238));
#811=EDGE_LOOP('',(#4239,#4240,#4241,#4242));
#812=EDGE_LOOP('',(#4243,#4244,#4245,#4246,#4247,#4248,#4249,#4250,#4251,
#4252,#4253));
#813=EDGE_LOOP('',(#4254,#4255,#4256,#4257,#4258,#4259,#4260,#4261,#4262,
#4263,#4264));
#814=EDGE_LOOP('',(#4265,#4266,#4267,#4268));
#815=EDGE_LOOP('',(#4269,#4270,#4271,#4272));
#816=EDGE_LOOP('',(#4273,#4274,#4275,#4276));
#817=EDGE_LOOP('',(#4277,#4278,#4279,#4280));
#818=EDGE_LOOP('',(#4281,#4282,#4283,#4284));
#819=EDGE_LOOP('',(#4285,#4286,#4287,#4288));
#820=EDGE_LOOP('',(#4289,#4290,#4291,#4292));
#821=EDGE_LOOP('',(#4293,#4294,#4295,#4296));
#822=EDGE_LOOP('',(#4297,#4298,#4299,#4300));
#823=EDGE_LOOP('',(#4301,#4302,#4303,#4304));
#824=EDGE_LOOP('',(#4305,#4306,#4307,#4308));
#825=EDGE_LOOP('',(#4309,#4310,#4311,#4312));
#826=EDGE_LOOP('',(#4313,#4314,#4315,#4316));
#827=EDGE_LOOP('',(#4317,#4318,#4319,#4320));
#828=EDGE_LOOP('',(#4321,#4322,#4323,#4324));
#829=EDGE_LOOP('',(#4325,#4326,#4327,#4328));
#830=EDGE_LOOP('',(#4329,#4330,#4331,#4332));
#831=EDGE_LOOP('',(#4333,#4334,#4335,#4336));
#832=EDGE_LOOP('',(#4337,#4338,#4339,#4340));
#833=EDGE_LOOP('',(#4341,#4342,#4343,#4344));
#834=EDGE_LOOP('',(#4345,#4346,#4347,#4348,#4349,#4350,#4351,#4352,#4353,
#4354,#4355,#4356,#4357,#4358));
#835=EDGE_LOOP('',(#4359,#4360,#4361,#4362,#4363,#4364,#4365,#4366,#4367,
#4368,#4369,#4370,#4371,#4372));
#836=EDGE_LOOP('',(#4373,#4374,#4375,#4376));
#837=EDGE_LOOP('',(#4377,#4378,#4379,#4380));
#838=EDGE_LOOP('',(#4381,#4382,#4383,#4384));
#839=EDGE_LOOP('',(#4385,#4386,#4387,#4388));
#840=EDGE_LOOP('',(#4389,#4390,#4391,#4392));
#841=EDGE_LOOP('',(#4393,#4394,#4395,#4396));
#842=EDGE_LOOP('',(#4397,#4398,#4399,#4400));
#843=EDGE_LOOP('',(#4401,#4402,#4403,#4404));
#844=EDGE_LOOP('',(#4405,#4406,#4407,#4408));
#845=EDGE_LOOP('',(#4409,#4410,#4411,#4412));
#846=EDGE_LOOP('',(#4413,#4414,#4415,#4416,#4417,#4418,#4419,#4420,#4421,
#4422));
#847=EDGE_LOOP('',(#4423,#4424,#4425,#4426,#4427,#4428,#4429,#4430,#4431,
#4432));
#848=EDGE_LOOP('',(#4433,#4434,#4435,#4436));
#849=EDGE_LOOP('',(#4437,#4438,#4439,#4440));
#850=EDGE_LOOP('',(#4441,#4442,#4443,#4444));
#851=EDGE_LOOP('',(#4445,#4446,#4447,#4448));
#852=EDGE_LOOP('',(#4449,#4450,#4451,#4452));
#853=EDGE_LOOP('',(#4453,#4454,#4455,#4456));
#854=EDGE_LOOP('',(#4457));
#855=EDGE_LOOP('',(#4458));
#856=EDGE_LOOP('',(#4459));
#857=EDGE_LOOP('',(#4460));
#858=EDGE_LOOP('',(#4461));
#859=EDGE_LOOP('',(#4462));
#860=EDGE_LOOP('',(#4463));
#861=EDGE_LOOP('',(#4464));
#862=EDGE_LOOP('',(#4465));
#863=EDGE_LOOP('',(#4466));
#864=EDGE_LOOP('',(#4467));
#865=EDGE_LOOP('',(#4468));
#866=EDGE_LOOP('',(#4469,#4470,#4471,#4472,#4473,#4474));
#867=EDGE_LOOP('',(#4475,#4476,#4477,#4478));
#868=EDGE_LOOP('',(#4479,#4480,#4481,#4482));
#869=EDGE_LOOP('',(#4483,#4484,#4485,#4486,#4487,#4488,#4489,#4490));
#870=EDGE_LOOP('',(#4491,#4492,#4493,#4494,#4495));
#871=EDGE_LOOP('',(#4496,#4497,#4498,#4499));
#872=EDGE_LOOP('',(#4500,#4501,#4502,#4503,#4504,#4505));
#873=EDGE_LOOP('',(#4506,#4507,#4508,#4509,#4510,#4511,#4512));
#874=EDGE_LOOP('',(#4513,#4514,#4515,#4516,#4517));
#875=EDGE_LOOP('',(#4518,#4519,#4520,#4521));
#876=EDGE_LOOP('',(#4522,#4523,#4524,#4525,#4526,#4527,#4528));
#877=EDGE_LOOP('',(#4529,#4530,#4531,#4532,#4533,#4534));
#878=EDGE_LOOP('',(#4535,#4536,#4537,#4538,#4539,#4540));
#879=EDGE_LOOP('',(#4541,#4542,#4543,#4544));
#880=EDGE_LOOP('',(#4545,#4546,#4547,#4548));
#881=EDGE_LOOP('',(#4549));
#882=EDGE_LOOP('',(#4550,#4551,#4552,#4553));
#883=EDGE_LOOP('',(#4554));
#884=EDGE_LOOP('',(#4555));
#885=EDGE_LOOP('',(#4556));
#886=EDGE_LOOP('',(#4557,#4558,#4559,#4560));
#887=EDGE_LOOP('',(#4561,#4562,#4563,#4564));
#888=EDGE_LOOP('',(#4565,#4566,#4567,#4568));
#889=EDGE_LOOP('',(#4569,#4570,#4571,#4572));
#890=EDGE_LOOP('',(#4573,#4574,#4575,#4576));
#891=EDGE_LOOP('',(#4577,#4578,#4579,#4580));
#892=EDGE_LOOP('',(#4581,#4582,#4583,#4584));
#893=EDGE_LOOP('',(#4585,#4586,#4587,#4588));
#894=EDGE_LOOP('',(#4589,#4590,#4591,#4592));
#895=EDGE_LOOP('',(#4593,#4594,#4595,#4596));
#896=EDGE_LOOP('',(#4597,#4598,#4599,#4600));
#897=EDGE_LOOP('',(#4601,#4602,#4603,#4604));
#898=EDGE_LOOP('',(#4605,#4606,#4607,#4608,#4609,#4610,#4611,#4612,#4613,
#4614,#4615,#4616));
#899=EDGE_LOOP('',(#4617,#4618,#4619,#4620,#4621,#4622,#4623,#4624,#4625,
#4626,#4627,#4628));
#900=EDGE_LOOP('',(#4629,#4630,#4631,#4632));
#901=EDGE_LOOP('',(#4633,#4634,#4635,#4636));
#902=EDGE_LOOP('',(#4637,#4638,#4639,#4640));
#903=EDGE_LOOP('',(#4641,#4642,#4643,#4644));
#904=EDGE_LOOP('',(#4645,#4646,#4647,#4648));
#905=EDGE_LOOP('',(#4649,#4650,#4651,#4652));
#906=EDGE_LOOP('',(#4653,#4654,#4655,#4656));
#907=EDGE_LOOP('',(#4657,#4658,#4659,#4660));
#908=EDGE_LOOP('',(#4661,#4662,#4663,#4664));
#909=EDGE_LOOP('',(#4665,#4666,#4667,#4668));
#910=EDGE_LOOP('',(#4669,#4670,#4671,#4672));
#911=EDGE_LOOP('',(#4673,#4674,#4675,#4676));
#912=EDGE_LOOP('',(#4677,#4678,#4679,#4680,#4681,#4682,#4683,#4684,#4685,
#4686,#4687,#4688));
#913=EDGE_LOOP('',(#4689,#4690,#4691,#4692,#4693,#4694,#4695,#4696,#4697,
#4698,#4699,#4700));
#914=EDGE_LOOP('',(#4701,#4702,#4703,#4704));
#915=EDGE_LOOP('',(#4705,#4706,#4707,#4708));
#916=EDGE_LOOP('',(#4709,#4710,#4711,#4712));
#917=EDGE_LOOP('',(#4713,#4714,#4715,#4716));
#918=EDGE_LOOP('',(#4717,#4718,#4719,#4720));
#919=EDGE_LOOP('',(#4721,#4722,#4723,#4724));
#920=EDGE_LOOP('',(#4725,#4726,#4727,#4728));
#921=EDGE_LOOP('',(#4729,#4730,#4731,#4732));
#922=EDGE_LOOP('',(#4733,#4734,#4735,#4736));
#923=EDGE_LOOP('',(#4737,#4738,#4739,#4740));
#924=EDGE_LOOP('',(#4741,#4742,#4743,#4744));
#925=EDGE_LOOP('',(#4745,#4746,#4747,#4748));
#926=EDGE_LOOP('',(#4749,#4750,#4751,#4752,#4753,#4754,#4755,#4756,#4757,
#4758,#4759,#4760));
#927=EDGE_LOOP('',(#4761,#4762,#4763,#4764,#4765,#4766,#4767,#4768,#4769,
#4770,#4771,#4772));
#928=EDGE_LOOP('',(#4773,#4774,#4775,#4776));
#929=EDGE_LOOP('',(#4777,#4778,#4779,#4780));
#930=EDGE_LOOP('',(#4781,#4782,#4783,#4784));
#931=EDGE_LOOP('',(#4785,#4786,#4787,#4788));
#932=EDGE_LOOP('',(#4789,#4790,#4791,#4792));
#933=EDGE_LOOP('',(#4793,#4794,#4795,#4796));
#934=EDGE_LOOP('',(#4797,#4798,#4799,#4800));
#935=EDGE_LOOP('',(#4801,#4802,#4803,#4804));
#936=EDGE_LOOP('',(#4805,#4806,#4807,#4808));
#937=EDGE_LOOP('',(#4809,#4810,#4811,#4812));
#938=EDGE_LOOP('',(#4813,#4814,#4815,#4816));
#939=EDGE_LOOP('',(#4817,#4818,#4819,#4820));
#940=EDGE_LOOP('',(#4821,#4822,#4823,#4824,#4825,#4826,#4827,#4828,#4829,
#4830,#4831,#4832));
#941=EDGE_LOOP('',(#4833,#4834,#4835,#4836,#4837,#4838,#4839,#4840,#4841,
#4842,#4843,#4844));
#942=EDGE_LOOP('',(#4845,#4846,#4847,#4848));
#943=EDGE_LOOP('',(#4849,#4850,#4851,#4852));
#944=EDGE_LOOP('',(#4853,#4854,#4855,#4856));
#945=EDGE_LOOP('',(#4857,#4858,#4859,#4860));
#946=EDGE_LOOP('',(#4861,#4862,#4863,#4864));
#947=EDGE_LOOP('',(#4865,#4866,#4867,#4868));
#948=EDGE_LOOP('',(#4869,#4870,#4871,#4872));
#949=EDGE_LOOP('',(#4873,#4874,#4875,#4876));
#950=EDGE_LOOP('',(#4877,#4878,#4879,#4880));
#951=EDGE_LOOP('',(#4881,#4882,#4883,#4884));
#952=EDGE_LOOP('',(#4885,#4886,#4887,#4888));
#953=EDGE_LOOP('',(#4889,#4890,#4891,#4892));
#954=EDGE_LOOP('',(#4893,#4894,#4895,#4896,#4897,#4898,#4899,#4900,#4901,
#4902,#4903,#4904));
#955=EDGE_LOOP('',(#4905,#4906,#4907,#4908,#4909,#4910,#4911,#4912,#4913,
#4914,#4915,#4916));
#956=EDGE_LOOP('',(#4917,#4918,#4919,#4920));
#957=EDGE_LOOP('',(#4921,#4922,#4923,#4924));
#958=EDGE_LOOP('',(#4925,#4926,#4927,#4928));
#959=EDGE_LOOP('',(#4929,#4930,#4931,#4932));
#960=EDGE_LOOP('',(#4933,#4934,#4935,#4936));
#961=EDGE_LOOP('',(#4937,#4938,#4939,#4940));
#962=EDGE_LOOP('',(#4941,#4942,#4943,#4944));
#963=EDGE_LOOP('',(#4945,#4946,#4947,#4948));
#964=EDGE_LOOP('',(#4949,#4950,#4951,#4952));
#965=EDGE_LOOP('',(#4953,#4954,#4955,#4956));
#966=EDGE_LOOP('',(#4957,#4958,#4959,#4960));
#967=EDGE_LOOP('',(#4961,#4962,#4963,#4964));
#968=EDGE_LOOP('',(#4965,#4966,#4967,#4968,#4969,#4970,#4971,#4972,#4973,
#4974,#4975,#4976));
#969=EDGE_LOOP('',(#4977,#4978,#4979,#4980,#4981,#4982,#4983,#4984,#4985,
#4986,#4987,#4988));
#970=EDGE_LOOP('',(#4989,#4990,#4991,#4992));
#971=EDGE_LOOP('',(#4993,#4994,#4995,#4996));
#972=EDGE_LOOP('',(#4997,#4998,#4999,#5000));
#973=EDGE_LOOP('',(#5001,#5002,#5003,#5004));
#974=EDGE_LOOP('',(#5005,#5006,#5007,#5008));
#975=EDGE_LOOP('',(#5009,#5010,#5011,#5012));
#976=EDGE_LOOP('',(#5013,#5014,#5015,#5016));
#977=EDGE_LOOP('',(#5017,#5018,#5019,#5020));
#978=EDGE_LOOP('',(#5021,#5022,#5023,#5024));
#979=EDGE_LOOP('',(#5025,#5026,#5027,#5028));
#980=EDGE_LOOP('',(#5029,#5030,#5031,#5032));
#981=EDGE_LOOP('',(#5033,#5034,#5035,#5036));
#982=EDGE_LOOP('',(#5037,#5038,#5039,#5040,#5041,#5042,#5043,#5044,#5045,
#5046,#5047,#5048));
#983=EDGE_LOOP('',(#5049,#5050,#5051,#5052,#5053,#5054,#5055,#5056,#5057,
#5058,#5059,#5060));
#984=EDGE_LOOP('',(#5061,#5062,#5063,#5064));
#985=EDGE_LOOP('',(#5065,#5066,#5067,#5068));
#986=EDGE_LOOP('',(#5069,#5070,#5071,#5072));
#987=EDGE_LOOP('',(#5073,#5074,#5075,#5076));
#988=EDGE_LOOP('',(#5077,#5078,#5079,#5080));
#989=EDGE_LOOP('',(#5081,#5082,#5083,#5084));
#990=EDGE_LOOP('',(#5085,#5086,#5087,#5088));
#991=EDGE_LOOP('',(#5089,#5090,#5091,#5092));
#992=EDGE_LOOP('',(#5093,#5094,#5095,#5096));
#993=EDGE_LOOP('',(#5097,#5098,#5099,#5100));
#994=EDGE_LOOP('',(#5101,#5102,#5103,#5104));
#995=EDGE_LOOP('',(#5105,#5106,#5107,#5108));
#996=EDGE_LOOP('',(#5109,#5110,#5111,#5112,#5113,#5114,#5115,#5116,#5117,
#5118,#5119,#5120));
#997=EDGE_LOOP('',(#5121,#5122,#5123,#5124,#5125,#5126,#5127,#5128,#5129,
#5130,#5131,#5132));
#998=EDGE_LOOP('',(#5133,#5134,#5135,#5136));
#999=EDGE_LOOP('',(#5137,#5138,#5139,#5140));
#1000=EDGE_LOOP('',(#5141,#5142,#5143,#5144));
#1001=EDGE_LOOP('',(#5145,#5146,#5147,#5148));
#1002=EDGE_LOOP('',(#5149,#5150,#5151,#5152));
#1003=EDGE_LOOP('',(#5153,#5154,#5155,#5156));
#1004=EDGE_LOOP('',(#5157,#5158,#5159,#5160));
#1005=EDGE_LOOP('',(#5161,#5162,#5163,#5164));
#1006=EDGE_LOOP('',(#5165,#5166,#5167,#5168));
#1007=EDGE_LOOP('',(#5169,#5170,#5171,#5172));
#1008=EDGE_LOOP('',(#5173,#5174,#5175,#5176));
#1009=EDGE_LOOP('',(#5177,#5178,#5179,#5180));
#1010=EDGE_LOOP('',(#5181,#5182,#5183,#5184,#5185,#5186,#5187,#5188,#5189,
#5190,#5191,#5192));
#1011=EDGE_LOOP('',(#5193,#5194,#5195,#5196,#5197,#5198,#5199,#5200,#5201,
#5202,#5203,#5204));
#1012=EDGE_LOOP('',(#5205,#5206,#5207,#5208));
#1013=EDGE_LOOP('',(#5209,#5210,#5211,#5212));
#1014=EDGE_LOOP('',(#5213,#5214,#5215,#5216));
#1015=EDGE_LOOP('',(#5217,#5218,#5219,#5220));
#1016=EDGE_LOOP('',(#5221,#5222,#5223,#5224));
#1017=EDGE_LOOP('',(#5225,#5226,#5227,#5228));
#1018=EDGE_LOOP('',(#5229,#5230,#5231,#5232));
#1019=EDGE_LOOP('',(#5233,#5234,#5235,#5236));
#1020=EDGE_LOOP('',(#5237,#5238,#5239,#5240));
#1021=EDGE_LOOP('',(#5241,#5242,#5243,#5244));
#1022=EDGE_LOOP('',(#5245,#5246,#5247,#5248));
#1023=EDGE_LOOP('',(#5249,#5250,#5251,#5252));
#1024=EDGE_LOOP('',(#5253,#5254,#5255,#5256,#5257,#5258,#5259,#5260,#5261,
#5262,#5263,#5264));
#1025=EDGE_LOOP('',(#5265,#5266,#5267,#5268,#5269,#5270,#5271,#5272,#5273,
#5274,#5275,#5276));
#1026=EDGE_LOOP('',(#5277,#5278,#5279,#5280));
#1027=EDGE_LOOP('',(#5281,#5282,#5283,#5284));
#1028=EDGE_LOOP('',(#5285,#5286,#5287,#5288));
#1029=EDGE_LOOP('',(#5289,#5290,#5291,#5292));
#1030=EDGE_LOOP('',(#5293,#5294,#5295,#5296));
#1031=EDGE_LOOP('',(#5297,#5298,#5299,#5300));
#1032=EDGE_LOOP('',(#5301,#5302,#5303,#5304));
#1033=EDGE_LOOP('',(#5305,#5306,#5307,#5308));
#1034=EDGE_LOOP('',(#5309,#5310,#5311,#5312));
#1035=EDGE_LOOP('',(#5313,#5314,#5315,#5316));
#1036=EDGE_LOOP('',(#5317,#5318,#5319,#5320));
#1037=EDGE_LOOP('',(#5321,#5322,#5323,#5324));
#1038=EDGE_LOOP('',(#5325,#5326,#5327,#5328,#5329,#5330,#5331,#5332,#5333,
#5334,#5335,#5336));
#1039=EDGE_LOOP('',(#5337,#5338,#5339,#5340,#5341,#5342,#5343,#5344,#5345,
#5346,#5347,#5348));
#1040=EDGE_LOOP('',(#5349,#5350,#5351,#5352));
#1041=EDGE_LOOP('',(#5353,#5354,#5355,#5356));
#1042=EDGE_LOOP('',(#5357,#5358,#5359,#5360));
#1043=EDGE_LOOP('',(#5361,#5362,#5363,#5364));
#1044=EDGE_LOOP('',(#5365,#5366,#5367,#5368));
#1045=EDGE_LOOP('',(#5369,#5370,#5371,#5372));
#1046=EDGE_LOOP('',(#5373,#5374,#5375,#5376));
#1047=EDGE_LOOP('',(#5377,#5378,#5379,#5380));
#1048=EDGE_LOOP('',(#5381,#5382,#5383,#5384));
#1049=EDGE_LOOP('',(#5385,#5386,#5387,#5388));
#1050=EDGE_LOOP('',(#5389,#5390,#5391,#5392));
#1051=EDGE_LOOP('',(#5393,#5394,#5395,#5396));
#1052=EDGE_LOOP('',(#5397,#5398,#5399,#5400,#5401,#5402,#5403,#5404,#5405,
#5406,#5407,#5408));
#1053=EDGE_LOOP('',(#5409,#5410,#5411,#5412,#5413,#5414,#5415,#5416,#5417,
#5418,#5419,#5420));
#1054=EDGE_LOOP('',(#5421,#5422,#5423,#5424));
#1055=EDGE_LOOP('',(#5425,#5426,#5427,#5428));
#1056=EDGE_LOOP('',(#5429,#5430,#5431,#5432));
#1057=EDGE_LOOP('',(#5433,#5434,#5435,#5436));
#1058=EDGE_LOOP('',(#5437,#5438,#5439,#5440));
#1059=EDGE_LOOP('',(#5441,#5442,#5443,#5444));
#1060=EDGE_LOOP('',(#5445,#5446,#5447,#5448));
#1061=EDGE_LOOP('',(#5449,#5450,#5451,#5452));
#1062=EDGE_LOOP('',(#5453,#5454,#5455,#5456));
#1063=EDGE_LOOP('',(#5457,#5458,#5459,#5460));
#1064=EDGE_LOOP('',(#5461,#5462,#5463,#5464));
#1065=EDGE_LOOP('',(#5465,#5466,#5467,#5468));
#1066=EDGE_LOOP('',(#5469,#5470,#5471,#5472,#5473,#5474,#5475,#5476,#5477,
#5478,#5479,#5480));
#1067=EDGE_LOOP('',(#5481,#5482,#5483,#5484,#5485,#5486,#5487,#5488,#5489,
#5490,#5491,#5492));
#1068=EDGE_LOOP('',(#5493,#5494,#5495,#5496));
#1069=EDGE_LOOP('',(#5497,#5498,#5499,#5500));
#1070=EDGE_LOOP('',(#5501,#5502,#5503,#5504));
#1071=EDGE_LOOP('',(#5505,#5506,#5507,#5508));
#1072=EDGE_LOOP('',(#5509,#5510,#5511,#5512));
#1073=EDGE_LOOP('',(#5513,#5514,#5515,#5516));
#1074=EDGE_LOOP('',(#5517,#5518,#5519,#5520));
#1075=EDGE_LOOP('',(#5521,#5522,#5523,#5524));
#1076=EDGE_LOOP('',(#5525,#5526,#5527,#5528));
#1077=EDGE_LOOP('',(#5529,#5530,#5531,#5532));
#1078=EDGE_LOOP('',(#5533,#5534,#5535,#5536));
#1079=EDGE_LOOP('',(#5537,#5538,#5539,#5540));
#1080=EDGE_LOOP('',(#5541,#5542,#5543,#5544,#5545,#5546,#5547,#5548,#5549,
#5550,#5551,#5552));
#1081=EDGE_LOOP('',(#5553,#5554,#5555,#5556,#5557,#5558,#5559,#5560,#5561,
#5562,#5563,#5564));
#1082=EDGE_LOOP('',(#5565,#5566,#5567,#5568,#5569));
#1083=EDGE_LOOP('',(#5570,#5571,#5572,#5573,#5574,#5575));
#1084=EDGE_LOOP('',(#5576,#5577,#5578,#5579,#5580,#5581,#5582,#5583));
#1085=EDGE_LOOP('',(#5584,#5585,#5586,#5587,#5588,#5589,#5590,#5591,#5592,
#5593,#5594,#5595,#5596,#5597,#5598,#5599));
#1086=EDGE_LOOP('',(#5600,#5601,#5602,#5603,#5604));
#1087=EDGE_LOOP('',(#5605,#5606,#5607,#5608,#5609,#5610,#5611,#5612));
#1088=EDGE_LOOP('',(#5613,#5614,#5615,#5616,#5617,#5618));
#1089=EDGE_LOOP('',(#5619,#5620,#5621,#5622,#5623));
#1090=EDGE_LOOP('',(#5624,#5625,#5626,#5627));
#1091=EDGE_LOOP('',(#5628,#5629,#5630,#5631,#5632,#5633));
#1092=EDGE_LOOP('',(#5634,#5635,#5636,#5637,#5638));
#1093=EDGE_LOOP('',(#5639,#5640,#5641,#5642,#5643,#5644));
#1094=EDGE_LOOP('',(#5645,#5646,#5647,#5648));
#1095=EDGE_LOOP('',(#5649));
#1096=EDGE_LOOP('',(#5650,#5651,#5652,#5653));
#1097=EDGE_LOOP('',(#5654));
#1098=EDGE_LOOP('',(#5655));
#1099=EDGE_LOOP('',(#5656));
#1100=EDGE_LOOP('',(#5657));
#1101=EDGE_LOOP('',(#5658));
#1102=EDGE_LOOP('',(#5659,#5660,#5661,#5662));
#1103=EDGE_LOOP('',(#5663,#5664,#5665,#5666));
#1104=EDGE_LOOP('',(#5667,#5668,#5669,#5670));
#1105=EDGE_LOOP('',(#5671,#5672,#5673,#5674));
#1106=EDGE_LOOP('',(#5675,#5676,#5677,#5678));
#1107=EDGE_LOOP('',(#5679,#5680,#5681,#5682));
#1108=EDGE_LOOP('',(#5683,#5684,#5685,#5686));
#1109=EDGE_LOOP('',(#5687,#5688,#5689,#5690));
#1110=LINE('',#8466,#1789);
#1111=LINE('',#8468,#1790);
#1112=LINE('',#8470,#1791);
#1113=LINE('',#8471,#1792);
#1114=LINE('',#8474,#1793);
#1115=LINE('',#8476,#1794);
#1116=LINE('',#8477,#1795);
#1117=LINE('',#8500,#1796);
#1118=LINE('',#8503,#1797);
#1119=LINE('',#8505,#1798);
#1120=LINE('',#8506,#1799);
#1121=LINE('',#8509,#1800);
#1122=LINE('',#8511,#1801);
#1123=LINE('',#8512,#1802);
#1124=LINE('',#8515,#1803);
#1125=LINE('',#8517,#1804);
#1126=LINE('',#8518,#1805);
#1127=LINE('',#8521,#1806);
#1128=LINE('',#8523,#1807);
#1129=LINE('',#8524,#1808);
#1130=LINE('',#8527,#1809);
#1131=LINE('',#8529,#1810);
#1132=LINE('',#8530,#1811);
#1133=LINE('',#8553,#1812);
#1134=LINE('',#8555,#1813);
#1135=LINE('',#8556,#1814);
#1136=LINE('',#8562,#1815);
#1137=LINE('',#8564,#1816);
#1138=LINE('',#8566,#1817);
#1139=LINE('',#8567,#1818);
#1140=LINE('',#8570,#1819);
#1141=LINE('',#8572,#1820);
#1142=LINE('',#8573,#1821);
#1143=LINE('',#8596,#1822);
#1144=LINE('',#8599,#1823);
#1145=LINE('',#8601,#1824);
#1146=LINE('',#8602,#1825);
#1147=LINE('',#8605,#1826);
#1148=LINE('',#8607,#1827);
#1149=LINE('',#8608,#1828);
#1150=LINE('',#8611,#1829);
#1151=LINE('',#8613,#1830);
#1152=LINE('',#8614,#1831);
#1153=LINE('',#8617,#1832);
#1154=LINE('',#8619,#1833);
#1155=LINE('',#8620,#1834);
#1156=LINE('',#8623,#1835);
#1157=LINE('',#8625,#1836);
#1158=LINE('',#8626,#1837);
#1159=LINE('',#8649,#1838);
#1160=LINE('',#8651,#1839);
#1161=LINE('',#8652,#1840);
#1162=LINE('',#8658,#1841);
#1163=LINE('',#8660,#1842);
#1164=LINE('',#8662,#1843);
#1165=LINE('',#8663,#1844);
#1166=LINE('',#8684,#1845);
#1167=LINE('',#8693,#1846);
#1168=LINE('',#8695,#1847);
#1169=LINE('',#8696,#1848);
#1170=LINE('',#8728,#1849);
#1171=LINE('',#8730,#1850);
#1172=LINE('',#8732,#1851);
#1173=LINE('',#8733,#1852);
#1174=LINE('',#8764,#1853);
#1175=LINE('',#8767,#1854);
#1176=LINE('',#8769,#1855);
#1177=LINE('',#8770,#1856);
#1178=LINE('',#8808,#1857);
#1179=LINE('',#8810,#1858);
#1180=LINE('',#8812,#1859);
#1181=LINE('',#8813,#1860);
#1182=LINE('',#8834,#1861);
#1183=LINE('',#8843,#1862);
#1184=LINE('',#8845,#1863);
#1185=LINE('',#8846,#1864);
#1186=LINE('',#8848,#1865);
#1187=LINE('',#8849,#1866);
#1188=LINE('',#8853,#1867);
#1189=LINE('',#8855,#1868);
#1190=LINE('',#8857,#1869);
#1191=LINE('',#8858,#1870);
#1192=LINE('',#8893,#1871);
#1193=LINE('',#8896,#1872);
#1194=LINE('',#8898,#1873);
#1195=LINE('',#8899,#1874);
#1196=LINE('',#8926,#1875);
#1197=LINE('',#8929,#1876);
#1198=LINE('',#8931,#1877);
#1199=LINE('',#8932,#1878);
#1200=LINE('',#8959,#1879);
#1201=LINE('',#8962,#1880);
#1202=LINE('',#8964,#1881);
#1203=LINE('',#8965,#1882);
#1204=LINE('',#8967,#1883);
#1205=LINE('',#8968,#1884);
#1206=LINE('',#8974,#1885);
#1207=LINE('',#8976,#1886);
#1208=LINE('',#8978,#1887);
#1209=LINE('',#8979,#1888);
#1210=LINE('',#8982,#1889);
#1211=LINE('',#8984,#1890);
#1212=LINE('',#8985,#1891);
#1213=LINE('',#8988,#1892);
#1214=LINE('',#8990,#1893);
#1215=LINE('',#8991,#1894);
#1216=LINE('',#8993,#1895);
#1217=LINE('',#8994,#1896);
#1218=LINE('',#9000,#1897);
#1219=LINE('',#9002,#1898);
#1220=LINE('',#9004,#1899);
#1221=LINE('',#9005,#1900);
#1222=LINE('',#9008,#1901);
#1223=LINE('',#9010,#1902);
#1224=LINE('',#9011,#1903);
#1225=LINE('',#9014,#1904);
#1226=LINE('',#9016,#1905);
#1227=LINE('',#9017,#1906);
#1228=LINE('',#9020,#1907);
#1229=LINE('',#9022,#1908);
#1230=LINE('',#9023,#1909);
#1231=LINE('',#9029,#1910);
#1232=LINE('',#9032,#1911);
#1233=LINE('',#9034,#1912);
#1234=LINE('',#9035,#1913);
#1235=LINE('',#9070,#1914);
#1236=LINE('',#9073,#1915);
#1237=LINE('',#9075,#1916);
#1238=LINE('',#9076,#1917);
#1239=LINE('',#9107,#1918);
#1240=LINE('',#9110,#1919);
#1241=LINE('',#9112,#1920);
#1242=LINE('',#9113,#1921);
#1243=LINE('',#9122,#1922);
#1244=LINE('',#9124,#1923);
#1245=LINE('',#9126,#1924);
#1246=LINE('',#9127,#1925);
#1247=LINE('',#9130,#1926);
#1248=LINE('',#9132,#1927);
#1249=LINE('',#9133,#1928);
#1250=LINE('',#9136,#1929);
#1251=LINE('',#9138,#1930);
#1252=LINE('',#9139,#1931);
#1253=LINE('',#9141,#1932);
#1254=LINE('',#9142,#1933);
#1255=LINE('',#9148,#1934);
#1256=LINE('',#9150,#1935);
#1257=LINE('',#9152,#1936);
#1258=LINE('',#9153,#1937);
#1259=LINE('',#9156,#1938);
#1260=LINE('',#9158,#1939);
#1261=LINE('',#9159,#1940);
#1262=LINE('',#9162,#1941);
#1263=LINE('',#9164,#1942);
#1264=LINE('',#9165,#1943);
#1265=LINE('',#9168,#1944);
#1266=LINE('',#9170,#1945);
#1267=LINE('',#9171,#1946);
#1268=LINE('',#9174,#1947);
#1269=LINE('',#9176,#1948);
#1270=LINE('',#9177,#1949);
#1271=LINE('',#9180,#1950);
#1272=LINE('',#9182,#1951);
#1273=LINE('',#9183,#1952);
#1274=LINE('',#9186,#1953);
#1275=LINE('',#9188,#1954);
#1276=LINE('',#9189,#1955);
#1277=LINE('',#9192,#1956);
#1278=LINE('',#9194,#1957);
#1279=LINE('',#9195,#1958);
#1280=LINE('',#9198,#1959);
#1281=LINE('',#9200,#1960);
#1282=LINE('',#9201,#1961);
#1283=LINE('',#9204,#1962);
#1284=LINE('',#9206,#1963);
#1285=LINE('',#9207,#1964);
#1286=LINE('',#9226,#1965);
#1287=LINE('',#9229,#1966);
#1288=LINE('',#9231,#1967);
#1289=LINE('',#9232,#1968);
#1290=LINE('',#9251,#1969);
#1291=LINE('',#9253,#1970);
#1292=LINE('',#9254,#1971);
#1293=LINE('',#9260,#1972);
#1294=LINE('',#9262,#1973);
#1295=LINE('',#9264,#1974);
#1296=LINE('',#9265,#1975);
#1297=LINE('',#9268,#1976);
#1298=LINE('',#9270,#1977);
#1299=LINE('',#9271,#1978);
#1300=LINE('',#9294,#1979);
#1301=LINE('',#9297,#1980);
#1302=LINE('',#9299,#1981);
#1303=LINE('',#9300,#1982);
#1304=LINE('',#9303,#1983);
#1305=LINE('',#9305,#1984);
#1306=LINE('',#9306,#1985);
#1307=LINE('',#9309,#1986);
#1308=LINE('',#9311,#1987);
#1309=LINE('',#9312,#1988);
#1310=LINE('',#9335,#1989);
#1311=LINE('',#9338,#1990);
#1312=LINE('',#9340,#1991);
#1313=LINE('',#9341,#1992);
#1314=LINE('',#9344,#1993);
#1315=LINE('',#9346,#1994);
#1316=LINE('',#9347,#1995);
#1317=LINE('',#9349,#1996);
#1318=LINE('',#9350,#1997);
#1319=LINE('',#9356,#1998);
#1320=LINE('',#9358,#1999);
#1321=LINE('',#9360,#2000);
#1322=LINE('',#9361,#2001);
#1323=LINE('',#9364,#2002);
#1324=LINE('',#9366,#2003);
#1325=LINE('',#9367,#2004);
#1326=LINE('',#9370,#2005);
#1327=LINE('',#9372,#2006);
#1328=LINE('',#9373,#2007);
#1329=LINE('',#9375,#2008);
#1330=LINE('',#9376,#2009);
#1331=LINE('',#9408,#2010);
#1332=LINE('',#9412,#2011);
#1333=LINE('',#9423,#2012);
#1334=LINE('',#9431,#2013);
#1335=LINE('',#9434,#2014);
#1336=LINE('',#9435,#2015);
#1337=LINE('',#9438,#2016);
#1338=LINE('',#9442,#2017);
#1339=LINE('',#9446,#2018);
#1340=LINE('',#9450,#2019);
#1341=LINE('',#9465,#2020);
#1342=LINE('',#9468,#2021);
#1343=LINE('',#9469,#2022);
#1344=LINE('',#9474,#2023);
#1345=LINE('',#9488,#2024);
#1346=LINE('',#9489,#2025);
#1347=LINE('',#9498,#2026);
#1348=LINE('',#9501,#2027);
#1349=LINE('',#9502,#2028);
#1350=LINE('',#9505,#2029);
#1351=LINE('',#9517,#2030);
#1352=LINE('',#9519,#2031);
#1353=LINE('',#9531,#2032);
#1354=LINE('',#9533,#2033);
#1355=LINE('',#9535,#2034);
#1356=LINE('',#9536,#2035);
#1357=LINE('',#9539,#2036);
#1358=LINE('',#9541,#2037);
#1359=LINE('',#9542,#2038);
#1360=LINE('',#9548,#2039);
#1361=LINE('',#9551,#2040);
#1362=LINE('',#9553,#2041);
#1363=LINE('',#9554,#2042);
#1364=LINE('',#9560,#2043);
#1365=LINE('',#9563,#2044);
#1366=LINE('',#9565,#2045);
#1367=LINE('',#9566,#2046);
#1368=LINE('',#9569,#2047);
#1369=LINE('',#9571,#2048);
#1370=LINE('',#9572,#2049);
#1371=LINE('',#9575,#2050);
#1372=LINE('',#9577,#2051);
#1373=LINE('',#9578,#2052);
#1374=LINE('',#9584,#2053);
#1375=LINE('',#9587,#2054);
#1376=LINE('',#9589,#2055);
#1377=LINE('',#9590,#2056);
#1378=LINE('',#9596,#2057);
#1379=LINE('',#9598,#2058);
#1380=LINE('',#9599,#2059);
#1381=LINE('',#9605,#2060);
#1382=LINE('',#9607,#2061);
#1383=LINE('',#9609,#2062);
#1384=LINE('',#9610,#2063);
#1385=LINE('',#9613,#2064);
#1386=LINE('',#9615,#2065);
#1387=LINE('',#9616,#2066);
#1388=LINE('',#9622,#2067);
#1389=LINE('',#9625,#2068);
#1390=LINE('',#9627,#2069);
#1391=LINE('',#9628,#2070);
#1392=LINE('',#9634,#2071);
#1393=LINE('',#9637,#2072);
#1394=LINE('',#9639,#2073);
#1395=LINE('',#9640,#2074);
#1396=LINE('',#9643,#2075);
#1397=LINE('',#9645,#2076);
#1398=LINE('',#9646,#2077);
#1399=LINE('',#9649,#2078);
#1400=LINE('',#9651,#2079);
#1401=LINE('',#9652,#2080);
#1402=LINE('',#9658,#2081);
#1403=LINE('',#9661,#2082);
#1404=LINE('',#9663,#2083);
#1405=LINE('',#9664,#2084);
#1406=LINE('',#9670,#2085);
#1407=LINE('',#9672,#2086);
#1408=LINE('',#9673,#2087);
#1409=LINE('',#9679,#2088);
#1410=LINE('',#9681,#2089);
#1411=LINE('',#9683,#2090);
#1412=LINE('',#9684,#2091);
#1413=LINE('',#9687,#2092);
#1414=LINE('',#9689,#2093);
#1415=LINE('',#9690,#2094);
#1416=LINE('',#9696,#2095);
#1417=LINE('',#9699,#2096);
#1418=LINE('',#9701,#2097);
#1419=LINE('',#9702,#2098);
#1420=LINE('',#9708,#2099);
#1421=LINE('',#9711,#2100);
#1422=LINE('',#9713,#2101);
#1423=LINE('',#9714,#2102);
#1424=LINE('',#9717,#2103);
#1425=LINE('',#9719,#2104);
#1426=LINE('',#9720,#2105);
#1427=LINE('',#9723,#2106);
#1428=LINE('',#9725,#2107);
#1429=LINE('',#9726,#2108);
#1430=LINE('',#9732,#2109);
#1431=LINE('',#9735,#2110);
#1432=LINE('',#9737,#2111);
#1433=LINE('',#9738,#2112);
#1434=LINE('',#9744,#2113);
#1435=LINE('',#9746,#2114);
#1436=LINE('',#9747,#2115);
#1437=LINE('',#9753,#2116);
#1438=LINE('',#9755,#2117);
#1439=LINE('',#9757,#2118);
#1440=LINE('',#9758,#2119);
#1441=LINE('',#9761,#2120);
#1442=LINE('',#9763,#2121);
#1443=LINE('',#9764,#2122);
#1444=LINE('',#9769,#2123);
#1445=LINE('',#9773,#2124);
#1446=LINE('',#9775,#2125);
#1447=LINE('',#9776,#2126);
#1448=LINE('',#9781,#2127);
#1449=LINE('',#9785,#2128);
#1450=LINE('',#9787,#2129);
#1451=LINE('',#9788,#2130);
#1452=LINE('',#9791,#2131);
#1453=LINE('',#9793,#2132);
#1454=LINE('',#9794,#2133);
#1455=LINE('',#9797,#2134);
#1456=LINE('',#9799,#2135);
#1457=LINE('',#9800,#2136);
#1458=LINE('',#9805,#2137);
#1459=LINE('',#9809,#2138);
#1460=LINE('',#9811,#2139);
#1461=LINE('',#9812,#2140);
#1462=LINE('',#9817,#2141);
#1463=LINE('',#9820,#2142);
#1464=LINE('',#9821,#2143);
#1465=LINE('',#9827,#2144);
#1466=LINE('',#9829,#2145);
#1467=LINE('',#9831,#2146);
#1468=LINE('',#9832,#2147);
#1469=LINE('',#9835,#2148);
#1470=LINE('',#9837,#2149);
#1471=LINE('',#9838,#2150);
#1472=LINE('',#9844,#2151);
#1473=LINE('',#9847,#2152);
#1474=LINE('',#9849,#2153);
#1475=LINE('',#9850,#2154);
#1476=LINE('',#9856,#2155);
#1477=LINE('',#9859,#2156);
#1478=LINE('',#9861,#2157);
#1479=LINE('',#9862,#2158);
#1480=LINE('',#9865,#2159);
#1481=LINE('',#9867,#2160);
#1482=LINE('',#9868,#2161);
#1483=LINE('',#9871,#2162);
#1484=LINE('',#9873,#2163);
#1485=LINE('',#9874,#2164);
#1486=LINE('',#9880,#2165);
#1487=LINE('',#9883,#2166);
#1488=LINE('',#9885,#2167);
#1489=LINE('',#9886,#2168);
#1490=LINE('',#9892,#2169);
#1491=LINE('',#9894,#2170);
#1492=LINE('',#9895,#2171);
#1493=LINE('',#9901,#2172);
#1494=LINE('',#9903,#2173);
#1495=LINE('',#9905,#2174);
#1496=LINE('',#9906,#2175);
#1497=LINE('',#9909,#2176);
#1498=LINE('',#9911,#2177);
#1499=LINE('',#9912,#2178);
#1500=LINE('',#9917,#2179);
#1501=LINE('',#9921,#2180);
#1502=LINE('',#9923,#2181);
#1503=LINE('',#9924,#2182);
#1504=LINE('',#9929,#2183);
#1505=LINE('',#9933,#2184);
#1506=LINE('',#9935,#2185);
#1507=LINE('',#9936,#2186);
#1508=LINE('',#9939,#2187);
#1509=LINE('',#9941,#2188);
#1510=LINE('',#9942,#2189);
#1511=LINE('',#9945,#2190);
#1512=LINE('',#9947,#2191);
#1513=LINE('',#9948,#2192);
#1514=LINE('',#9953,#2193);
#1515=LINE('',#9957,#2194);
#1516=LINE('',#9959,#2195);
#1517=LINE('',#9960,#2196);
#1518=LINE('',#9965,#2197);
#1519=LINE('',#9968,#2198);
#1520=LINE('',#9969,#2199);
#1521=LINE('',#9975,#2200);
#1522=LINE('',#9977,#2201);
#1523=LINE('',#9979,#2202);
#1524=LINE('',#9980,#2203);
#1525=LINE('',#9983,#2204);
#1526=LINE('',#9985,#2205);
#1527=LINE('',#9986,#2206);
#1528=LINE('',#9992,#2207);
#1529=LINE('',#9995,#2208);
#1530=LINE('',#9997,#2209);
#1531=LINE('',#9998,#2210);
#1532=LINE('',#10004,#2211);
#1533=LINE('',#10007,#2212);
#1534=LINE('',#10009,#2213);
#1535=LINE('',#10010,#2214);
#1536=LINE('',#10013,#2215);
#1537=LINE('',#10015,#2216);
#1538=LINE('',#10016,#2217);
#1539=LINE('',#10019,#2218);
#1540=LINE('',#10021,#2219);
#1541=LINE('',#10022,#2220);
#1542=LINE('',#10028,#2221);
#1543=LINE('',#10031,#2222);
#1544=LINE('',#10033,#2223);
#1545=LINE('',#10034,#2224);
#1546=LINE('',#10040,#2225);
#1547=LINE('',#10042,#2226);
#1548=LINE('',#10043,#2227);
#1549=LINE('',#10049,#2228);
#1550=LINE('',#10051,#2229);
#1551=LINE('',#10053,#2230);
#1552=LINE('',#10054,#2231);
#1553=LINE('',#10057,#2232);
#1554=LINE('',#10059,#2233);
#1555=LINE('',#10060,#2234);
#1556=LINE('',#10065,#2235);
#1557=LINE('',#10069,#2236);
#1558=LINE('',#10071,#2237);
#1559=LINE('',#10072,#2238);
#1560=LINE('',#10077,#2239);
#1561=LINE('',#10081,#2240);
#1562=LINE('',#10083,#2241);
#1563=LINE('',#10084,#2242);
#1564=LINE('',#10087,#2243);
#1565=LINE('',#10089,#2244);
#1566=LINE('',#10090,#2245);
#1567=LINE('',#10093,#2246);
#1568=LINE('',#10095,#2247);
#1569=LINE('',#10096,#2248);
#1570=LINE('',#10101,#2249);
#1571=LINE('',#10105,#2250);
#1572=LINE('',#10107,#2251);
#1573=LINE('',#10108,#2252);
#1574=LINE('',#10113,#2253);
#1575=LINE('',#10116,#2254);
#1576=LINE('',#10117,#2255);
#1577=LINE('',#10123,#2256);
#1578=LINE('',#10125,#2257);
#1579=LINE('',#10127,#2258);
#1580=LINE('',#10128,#2259);
#1581=LINE('',#10131,#2260);
#1582=LINE('',#10133,#2261);
#1583=LINE('',#10134,#2262);
#1584=LINE('',#10140,#2263);
#1585=LINE('',#10143,#2264);
#1586=LINE('',#10145,#2265);
#1587=LINE('',#10146,#2266);
#1588=LINE('',#10152,#2267);
#1589=LINE('',#10155,#2268);
#1590=LINE('',#10157,#2269);
#1591=LINE('',#10158,#2270);
#1592=LINE('',#10161,#2271);
#1593=LINE('',#10163,#2272);
#1594=LINE('',#10164,#2273);
#1595=LINE('',#10167,#2274);
#1596=LINE('',#10169,#2275);
#1597=LINE('',#10170,#2276);
#1598=LINE('',#10176,#2277);
#1599=LINE('',#10179,#2278);
#1600=LINE('',#10181,#2279);
#1601=LINE('',#10182,#2280);
#1602=LINE('',#10188,#2281);
#1603=LINE('',#10190,#2282);
#1604=LINE('',#10191,#2283);
#1605=LINE('',#10197,#2284);
#1606=LINE('',#10199,#2285);
#1607=LINE('',#10201,#2286);
#1608=LINE('',#10202,#2287);
#1609=LINE('',#10205,#2288);
#1610=LINE('',#10207,#2289);
#1611=LINE('',#10208,#2290);
#1612=LINE('',#10213,#2291);
#1613=LINE('',#10217,#2292);
#1614=LINE('',#10219,#2293);
#1615=LINE('',#10220,#2294);
#1616=LINE('',#10225,#2295);
#1617=LINE('',#10229,#2296);
#1618=LINE('',#10231,#2297);
#1619=LINE('',#10232,#2298);
#1620=LINE('',#10235,#2299);
#1621=LINE('',#10237,#2300);
#1622=LINE('',#10238,#2301);
#1623=LINE('',#10241,#2302);
#1624=LINE('',#10243,#2303);
#1625=LINE('',#10244,#2304);
#1626=LINE('',#10249,#2305);
#1627=LINE('',#10253,#2306);
#1628=LINE('',#10255,#2307);
#1629=LINE('',#10256,#2308);
#1630=LINE('',#10261,#2309);
#1631=LINE('',#10264,#2310);
#1632=LINE('',#10265,#2311);
#1633=LINE('',#10271,#2312);
#1634=LINE('',#10273,#2313);
#1635=LINE('',#10275,#2314);
#1636=LINE('',#10276,#2315);
#1637=LINE('',#10279,#2316);
#1638=LINE('',#10281,#2317);
#1639=LINE('',#10282,#2318);
#1640=LINE('',#10288,#2319);
#1641=LINE('',#10291,#2320);
#1642=LINE('',#10293,#2321);
#1643=LINE('',#10294,#2322);
#1644=LINE('',#10300,#2323);
#1645=LINE('',#10303,#2324);
#1646=LINE('',#10305,#2325);
#1647=LINE('',#10306,#2326);
#1648=LINE('',#10309,#2327);
#1649=LINE('',#10311,#2328);
#1650=LINE('',#10312,#2329);
#1651=LINE('',#10315,#2330);
#1652=LINE('',#10317,#2331);
#1653=LINE('',#10318,#2332);
#1654=LINE('',#10324,#2333);
#1655=LINE('',#10327,#2334);
#1656=LINE('',#10329,#2335);
#1657=LINE('',#10330,#2336);
#1658=LINE('',#10336,#2337);
#1659=LINE('',#10338,#2338);
#1660=LINE('',#10339,#2339);
#1661=LINE('',#10345,#2340);
#1662=LINE('',#10347,#2341);
#1663=LINE('',#10349,#2342);
#1664=LINE('',#10350,#2343);
#1665=LINE('',#10353,#2344);
#1666=LINE('',#10355,#2345);
#1667=LINE('',#10356,#2346);
#1668=LINE('',#10361,#2347);
#1669=LINE('',#10365,#2348);
#1670=LINE('',#10367,#2349);
#1671=LINE('',#10368,#2350);
#1672=LINE('',#10373,#2351);
#1673=LINE('',#10377,#2352);
#1674=LINE('',#10379,#2353);
#1675=LINE('',#10380,#2354);
#1676=LINE('',#10383,#2355);
#1677=LINE('',#10385,#2356);
#1678=LINE('',#10386,#2357);
#1679=LINE('',#10389,#2358);
#1680=LINE('',#10391,#2359);
#1681=LINE('',#10392,#2360);
#1682=LINE('',#10397,#2361);
#1683=LINE('',#10401,#2362);
#1684=LINE('',#10403,#2363);
#1685=LINE('',#10404,#2364);
#1686=LINE('',#10409,#2365);
#1687=LINE('',#10412,#2366);
#1688=LINE('',#10413,#2367);
#1689=LINE('',#10419,#2368);
#1690=LINE('',#10421,#2369);
#1691=LINE('',#10423,#2370);
#1692=LINE('',#10424,#2371);
#1693=LINE('',#10427,#2372);
#1694=LINE('',#10429,#2373);
#1695=LINE('',#10430,#2374);
#1696=LINE('',#10436,#2375);
#1697=LINE('',#10439,#2376);
#1698=LINE('',#10441,#2377);
#1699=LINE('',#10442,#2378);
#1700=LINE('',#10448,#2379);
#1701=LINE('',#10451,#2380);
#1702=LINE('',#10453,#2381);
#1703=LINE('',#10454,#2382);
#1704=LINE('',#10457,#2383);
#1705=LINE('',#10459,#2384);
#1706=LINE('',#10460,#2385);
#1707=LINE('',#10463,#2386);
#1708=LINE('',#10465,#2387);
#1709=LINE('',#10466,#2388);
#1710=LINE('',#10472,#2389);
#1711=LINE('',#10475,#2390);
#1712=LINE('',#10477,#2391);
#1713=LINE('',#10478,#2392);
#1714=LINE('',#10484,#2393);
#1715=LINE('',#10486,#2394);
#1716=LINE('',#10487,#2395);
#1717=LINE('',#10493,#2396);
#1718=LINE('',#10495,#2397);
#1719=LINE('',#10497,#2398);
#1720=LINE('',#10498,#2399);
#1721=LINE('',#10501,#2400);
#1722=LINE('',#10503,#2401);
#1723=LINE('',#10504,#2402);
#1724=LINE('',#10509,#2403);
#1725=LINE('',#10513,#2404);
#1726=LINE('',#10515,#2405);
#1727=LINE('',#10516,#2406);
#1728=LINE('',#10521,#2407);
#1729=LINE('',#10525,#2408);
#1730=LINE('',#10527,#2409);
#1731=LINE('',#10528,#2410);
#1732=LINE('',#10531,#2411);
#1733=LINE('',#10533,#2412);
#1734=LINE('',#10534,#2413);
#1735=LINE('',#10537,#2414);
#1736=LINE('',#10539,#2415);
#1737=LINE('',#10540,#2416);
#1738=LINE('',#10545,#2417);
#1739=LINE('',#10549,#2418);
#1740=LINE('',#10551,#2419);
#1741=LINE('',#10552,#2420);
#1742=LINE('',#10557,#2421);
#1743=LINE('',#10560,#2422);
#1744=LINE('',#10561,#2423);
#1745=LINE('',#10574,#2424);
#1746=LINE('',#10578,#2425);
#1747=LINE('',#10587,#2426);
#1748=LINE('',#10598,#2427);
#1749=LINE('',#10602,#2428);
#1750=LINE('',#10604,#2429);
#1751=LINE('',#10606,#2430);
#1752=LINE('',#10608,#2431);
#1753=LINE('',#10610,#2432);
#1754=LINE('',#10611,#2433);
#1755=LINE('',#10614,#2434);
#1756=LINE('',#10618,#2435);
#1757=LINE('',#10620,#2436);
#1758=LINE('',#10622,#2437);
#1759=LINE('',#10624,#2438);
#1760=LINE('',#10626,#2439);
#1761=LINE('',#10630,#2440);
#1762=LINE('',#10633,#2441);
#1763=LINE('',#10635,#2442);
#1764=LINE('',#10636,#2443);
#1765=LINE('',#10646,#2444);
#1766=LINE('',#10648,#2445);
#1767=LINE('',#10657,#2446);
#1768=LINE('',#10658,#2447);
#1769=LINE('',#10660,#2448);
#1770=LINE('',#10662,#2449);
#1771=LINE('',#10663,#2450);
#1772=LINE('',#10668,#2451);
#1773=LINE('',#10685,#2452);
#1774=LINE('',#10688,#2453);
#1775=LINE('',#10689,#2454);
#1776=LINE('',#10691,#2455);
#1777=LINE('',#10700,#2456);
#1778=LINE('',#10701,#2457);
#1779=LINE('',#10715,#2458);
#1780=LINE('',#10716,#2459);
#1781=LINE('',#10719,#2460);
#1782=LINE('',#10720,#2461);
#1783=LINE('',#10722,#2462);
#1784=LINE('',#10726,#2463);
#1785=LINE('',#10727,#2464);
#1786=LINE('',#10730,#2465);
#1787=LINE('',#10731,#2466);
#1788=LINE('',#10733,#2467);
#1789=VECTOR('',#6817,1.);
#1790=VECTOR('',#6818,1.);
#1791=VECTOR('',#6819,1.);
#1792=VECTOR('',#6820,1.);
#1793=VECTOR('',#6823,1.);
#1794=VECTOR('',#6824,1.);
#1795=VECTOR('',#6825,1.);
#1796=VECTOR('',#6826,1.);
#1797=VECTOR('',#6829,1.);
#1798=VECTOR('',#6830,1.);
#1799=VECTOR('',#6831,1.);
#1800=VECTOR('',#6834,1.);
#1801=VECTOR('',#6835,1.);
#1802=VECTOR('',#6836,1.);
#1803=VECTOR('',#6839,1.);
#1804=VECTOR('',#6840,1.);
#1805=VECTOR('',#6841,1.);
#1806=VECTOR('',#6844,1.);
#1807=VECTOR('',#6845,1.);
#1808=VECTOR('',#6846,1.);
#1809=VECTOR('',#6849,1.);
#1810=VECTOR('',#6850,1.);
#1811=VECTOR('',#6851,1.);
#1812=VECTOR('',#6852,1.);
#1813=VECTOR('',#6855,1.);
#1814=VECTOR('',#6856,1.);
#1815=VECTOR('',#6863,1.);
#1816=VECTOR('',#6864,1.);
#1817=VECTOR('',#6865,1.);
#1818=VECTOR('',#6866,1.);
#1819=VECTOR('',#6869,1.);
#1820=VECTOR('',#6870,1.);
#1821=VECTOR('',#6871,1.);
#1822=VECTOR('',#6872,1.);
#1823=VECTOR('',#6875,1.);
#1824=VECTOR('',#6876,1.);
#1825=VECTOR('',#6877,1.);
#1826=VECTOR('',#6880,1.);
#1827=VECTOR('',#6881,1.);
#1828=VECTOR('',#6882,1.);
#1829=VECTOR('',#6885,1.);
#1830=VECTOR('',#6886,1.);
#1831=VECTOR('',#6887,1.);
#1832=VECTOR('',#6890,1.);
#1833=VECTOR('',#6891,1.);
#1834=VECTOR('',#6892,1.);
#1835=VECTOR('',#6895,1.);
#1836=VECTOR('',#6896,1.);
#1837=VECTOR('',#6897,1.);
#1838=VECTOR('',#6898,1.);
#1839=VECTOR('',#6901,1.);
#1840=VECTOR('',#6902,1.);
#1841=VECTOR('',#6909,1.);
#1842=VECTOR('',#6910,1.);
#1843=VECTOR('',#6911,1.);
#1844=VECTOR('',#6912,1.);
#1845=VECTOR('',#6913,1.);
#1846=VECTOR('',#6916,1.);
#1847=VECTOR('',#6917,1.);
#1848=VECTOR('',#6918,1.);
#1849=VECTOR('',#6921,1.);
#1850=VECTOR('',#6922,1.);
#1851=VECTOR('',#6923,1.);
#1852=VECTOR('',#6924,1.);
#1853=VECTOR('',#6925,1.);
#1854=VECTOR('',#6928,1.);
#1855=VECTOR('',#6929,1.);
#1856=VECTOR('',#6930,1.);
#1857=VECTOR('',#6937,1.);
#1858=VECTOR('',#6938,1.);
#1859=VECTOR('',#6939,1.);
#1860=VECTOR('',#6940,1.);
#1861=VECTOR('',#6941,1.);
#1862=VECTOR('',#6944,1.);
#1863=VECTOR('',#6945,1.);
#1864=VECTOR('',#6946,1.);
#1865=VECTOR('',#6949,1.);
#1866=VECTOR('',#6950,1.);
#1867=VECTOR('',#6953,1.);
#1868=VECTOR('',#6954,1.);
#1869=VECTOR('',#6955,1.);
#1870=VECTOR('',#6956,1.);
#1871=VECTOR('',#6957,1.);
#1872=VECTOR('',#6960,1.);
#1873=VECTOR('',#6961,1.);
#1874=VECTOR('',#6962,1.);
#1875=VECTOR('',#6963,1.);
#1876=VECTOR('',#6966,1.);
#1877=VECTOR('',#6967,1.);
#1878=VECTOR('',#6968,1.);
#1879=VECTOR('',#6969,1.);
#1880=VECTOR('',#6972,1.);
#1881=VECTOR('',#6973,1.);
#1882=VECTOR('',#6974,1.);
#1883=VECTOR('',#6977,1.);
#1884=VECTOR('',#6978,1.);
#1885=VECTOR('',#6985,1.);
#1886=VECTOR('',#6986,1.);
#1887=VECTOR('',#6987,1.);
#1888=VECTOR('',#6988,1.);
#1889=VECTOR('',#6991,1.);
#1890=VECTOR('',#6992,1.);
#1891=VECTOR('',#6993,1.);
#1892=VECTOR('',#6996,1.);
#1893=VECTOR('',#6997,1.);
#1894=VECTOR('',#6998,1.);
#1895=VECTOR('',#7001,1.);
#1896=VECTOR('',#7002,1.);
#1897=VECTOR('',#7009,1.);
#1898=VECTOR('',#7010,1.);
#1899=VECTOR('',#7011,1.);
#1900=VECTOR('',#7012,1.);
#1901=VECTOR('',#7015,1.);
#1902=VECTOR('',#7016,1.);
#1903=VECTOR('',#7017,1.);
#1904=VECTOR('',#7020,1.);
#1905=VECTOR('',#7021,1.);
#1906=VECTOR('',#7022,1.);
#1907=VECTOR('',#7025,1.);
#1908=VECTOR('',#7026,1.);
#1909=VECTOR('',#7027,1.);
#1910=VECTOR('',#7034,1.);
#1911=VECTOR('',#7037,1.);
#1912=VECTOR('',#7038,1.);
#1913=VECTOR('',#7039,1.);
#1914=VECTOR('',#7040,1.);
#1915=VECTOR('',#7043,1.);
#1916=VECTOR('',#7044,1.);
#1917=VECTOR('',#7045,1.);
#1918=VECTOR('',#7046,1.);
#1919=VECTOR('',#7049,1.);
#1920=VECTOR('',#7050,1.);
#1921=VECTOR('',#7051,1.);
#1922=VECTOR('',#7064,1.);
#1923=VECTOR('',#7065,1.);
#1924=VECTOR('',#7066,1.);
#1925=VECTOR('',#7067,1.);
#1926=VECTOR('',#7070,1.);
#1927=VECTOR('',#7071,1.);
#1928=VECTOR('',#7072,1.);
#1929=VECTOR('',#7075,1.);
#1930=VECTOR('',#7076,1.);
#1931=VECTOR('',#7077,1.);
#1932=VECTOR('',#7080,1.);
#1933=VECTOR('',#7081,1.);
#1934=VECTOR('',#7088,1.);
#1935=VECTOR('',#7089,1.);
#1936=VECTOR('',#7090,1.);
#1937=VECTOR('',#7091,1.);
#1938=VECTOR('',#7094,1.);
#1939=VECTOR('',#7095,1.);
#1940=VECTOR('',#7096,1.);
#1941=VECTOR('',#7099,1.);
#1942=VECTOR('',#7100,1.);
#1943=VECTOR('',#7101,1.);
#1944=VECTOR('',#7104,1.);
#1945=VECTOR('',#7105,1.);
#1946=VECTOR('',#7106,1.);
#1947=VECTOR('',#7109,1.);
#1948=VECTOR('',#7110,1.);
#1949=VECTOR('',#7111,1.);
#1950=VECTOR('',#7114,1.);
#1951=VECTOR('',#7115,1.);
#1952=VECTOR('',#7116,1.);
#1953=VECTOR('',#7119,1.);
#1954=VECTOR('',#7120,1.);
#1955=VECTOR('',#7121,1.);
#1956=VECTOR('',#7124,1.);
#1957=VECTOR('',#7125,1.);
#1958=VECTOR('',#7126,1.);
#1959=VECTOR('',#7129,1.);
#1960=VECTOR('',#7130,1.);
#1961=VECTOR('',#7131,1.);
#1962=VECTOR('',#7134,1.);
#1963=VECTOR('',#7135,1.);
#1964=VECTOR('',#7136,1.);
#1965=VECTOR('',#7137,1.);
#1966=VECTOR('',#7140,1.);
#1967=VECTOR('',#7141,1.);
#1968=VECTOR('',#7142,1.);
#1969=VECTOR('',#7143,1.);
#1970=VECTOR('',#7146,1.);
#1971=VECTOR('',#7147,1.);
#1972=VECTOR('',#7154,1.);
#1973=VECTOR('',#7155,1.);
#1974=VECTOR('',#7156,1.);
#1975=VECTOR('',#7157,1.);
#1976=VECTOR('',#7160,1.);
#1977=VECTOR('',#7161,1.);
#1978=VECTOR('',#7162,1.);
#1979=VECTOR('',#7163,1.);
#1980=VECTOR('',#7166,1.);
#1981=VECTOR('',#7167,1.);
#1982=VECTOR('',#7168,1.);
#1983=VECTOR('',#7171,1.);
#1984=VECTOR('',#7172,1.);
#1985=VECTOR('',#7173,1.);
#1986=VECTOR('',#7176,1.);
#1987=VECTOR('',#7177,1.);
#1988=VECTOR('',#7178,1.);
#1989=VECTOR('',#7179,1.);
#1990=VECTOR('',#7182,1.);
#1991=VECTOR('',#7183,1.);
#1992=VECTOR('',#7184,1.);
#1993=VECTOR('',#7187,1.);
#1994=VECTOR('',#7188,1.);
#1995=VECTOR('',#7189,1.);
#1996=VECTOR('',#7192,1.);
#1997=VECTOR('',#7193,1.);
#1998=VECTOR('',#7200,1.);
#1999=VECTOR('',#7201,1.);
#2000=VECTOR('',#7202,1.);
#2001=VECTOR('',#7203,1.);
#2002=VECTOR('',#7206,1.);
#2003=VECTOR('',#7207,1.);
#2004=VECTOR('',#7208,1.);
#2005=VECTOR('',#7211,1.);
#2006=VECTOR('',#7212,1.);
#2007=VECTOR('',#7213,1.);
#2008=VECTOR('',#7216,1.);
#2009=VECTOR('',#7217,1.);
#2010=VECTOR('',#7254,1.);
#2011=VECTOR('',#7257,1.);
#2012=VECTOR('',#7262,1.);
#2013=VECTOR('',#7263,1.);
#2014=VECTOR('',#7266,1.);
#2015=VECTOR('',#7267,1.);
#2016=VECTOR('',#7270,1.);
#2017=VECTOR('',#7273,1.);
#2018=VECTOR('',#7276,1.);
#2019=VECTOR('',#7281,1.);
#2020=VECTOR('',#7282,1.);
#2021=VECTOR('',#7285,1.);
#2022=VECTOR('',#7286,1.);
#2023=VECTOR('',#7291,1.);
#2024=VECTOR('',#7300,1.);
#2025=VECTOR('',#7301,1.);
#2026=VECTOR('',#7304,1.);
#2027=VECTOR('',#7307,1.);
#2028=VECTOR('',#7308,1.);
#2029=VECTOR('',#7311,1.);
#2030=VECTOR('',#7322,1.);
#2031=VECTOR('',#7325,1.);
#2032=VECTOR('',#7340,1.);
#2033=VECTOR('',#7341,1.);
#2034=VECTOR('',#7342,1.);
#2035=VECTOR('',#7343,1.);
#2036=VECTOR('',#7346,1.);
#2037=VECTOR('',#7347,1.);
#2038=VECTOR('',#7348,1.);
#2039=VECTOR('',#7355,1.);
#2040=VECTOR('',#7358,1.);
#2041=VECTOR('',#7359,1.);
#2042=VECTOR('',#7360,1.);
#2043=VECTOR('',#7367,1.);
#2044=VECTOR('',#7370,1.);
#2045=VECTOR('',#7371,1.);
#2046=VECTOR('',#7372,1.);
#2047=VECTOR('',#7375,1.);
#2048=VECTOR('',#7376,1.);
#2049=VECTOR('',#7377,1.);
#2050=VECTOR('',#7380,1.);
#2051=VECTOR('',#7381,1.);
#2052=VECTOR('',#7382,1.);
#2053=VECTOR('',#7389,1.);
#2054=VECTOR('',#7392,1.);
#2055=VECTOR('',#7393,1.);
#2056=VECTOR('',#7394,1.);
#2057=VECTOR('',#7401,1.);
#2058=VECTOR('',#7404,1.);
#2059=VECTOR('',#7405,1.);
#2060=VECTOR('',#7412,1.);
#2061=VECTOR('',#7413,1.);
#2062=VECTOR('',#7414,1.);
#2063=VECTOR('',#7415,1.);
#2064=VECTOR('',#7418,1.);
#2065=VECTOR('',#7419,1.);
#2066=VECTOR('',#7420,1.);
#2067=VECTOR('',#7427,1.);
#2068=VECTOR('',#7430,1.);
#2069=VECTOR('',#7431,1.);
#2070=VECTOR('',#7432,1.);
#2071=VECTOR('',#7439,1.);
#2072=VECTOR('',#7442,1.);
#2073=VECTOR('',#7443,1.);
#2074=VECTOR('',#7444,1.);
#2075=VECTOR('',#7447,1.);
#2076=VECTOR('',#7448,1.);
#2077=VECTOR('',#7449,1.);
#2078=VECTOR('',#7452,1.);
#2079=VECTOR('',#7453,1.);
#2080=VECTOR('',#7454,1.);
#2081=VECTOR('',#7461,1.);
#2082=VECTOR('',#7464,1.);
#2083=VECTOR('',#7465,1.);
#2084=VECTOR('',#7466,1.);
#2085=VECTOR('',#7473,1.);
#2086=VECTOR('',#7476,1.);
#2087=VECTOR('',#7477,1.);
#2088=VECTOR('',#7484,1.);
#2089=VECTOR('',#7485,1.);
#2090=VECTOR('',#7486,1.);
#2091=VECTOR('',#7487,1.);
#2092=VECTOR('',#7490,1.);
#2093=VECTOR('',#7491,1.);
#2094=VECTOR('',#7492,1.);
#2095=VECTOR('',#7499,1.);
#2096=VECTOR('',#7502,1.);
#2097=VECTOR('',#7503,1.);
#2098=VECTOR('',#7504,1.);
#2099=VECTOR('',#7511,1.);
#2100=VECTOR('',#7514,1.);
#2101=VECTOR('',#7515,1.);
#2102=VECTOR('',#7516,1.);
#2103=VECTOR('',#7519,1.);
#2104=VECTOR('',#7520,1.);
#2105=VECTOR('',#7521,1.);
#2106=VECTOR('',#7524,1.);
#2107=VECTOR('',#7525,1.);
#2108=VECTOR('',#7526,1.);
#2109=VECTOR('',#7533,1.);
#2110=VECTOR('',#7536,1.);
#2111=VECTOR('',#7537,1.);
#2112=VECTOR('',#7538,1.);
#2113=VECTOR('',#7545,1.);
#2114=VECTOR('',#7548,1.);
#2115=VECTOR('',#7549,1.);
#2116=VECTOR('',#7556,1.);
#2117=VECTOR('',#7557,1.);
#2118=VECTOR('',#7558,1.);
#2119=VECTOR('',#7559,1.);
#2120=VECTOR('',#7562,1.);
#2121=VECTOR('',#7563,1.);
#2122=VECTOR('',#7564,1.);
#2123=VECTOR('',#7569,1.);
#2124=VECTOR('',#7574,1.);
#2125=VECTOR('',#7575,1.);
#2126=VECTOR('',#7576,1.);
#2127=VECTOR('',#7581,1.);
#2128=VECTOR('',#7586,1.);
#2129=VECTOR('',#7587,1.);
#2130=VECTOR('',#7588,1.);
#2131=VECTOR('',#7591,1.);
#2132=VECTOR('',#7592,1.);
#2133=VECTOR('',#7593,1.);
#2134=VECTOR('',#7596,1.);
#2135=VECTOR('',#7597,1.);
#2136=VECTOR('',#7598,1.);
#2137=VECTOR('',#7603,1.);
#2138=VECTOR('',#7608,1.);
#2139=VECTOR('',#7609,1.);
#2140=VECTOR('',#7610,1.);
#2141=VECTOR('',#7615,1.);
#2142=VECTOR('',#7620,1.);
#2143=VECTOR('',#7621,1.);
#2144=VECTOR('',#7628,1.);
#2145=VECTOR('',#7629,1.);
#2146=VECTOR('',#7630,1.);
#2147=VECTOR('',#7631,1.);
#2148=VECTOR('',#7634,1.);
#2149=VECTOR('',#7635,1.);
#2150=VECTOR('',#7636,1.);
#2151=VECTOR('',#7643,1.);
#2152=VECTOR('',#7646,1.);
#2153=VECTOR('',#7647,1.);
#2154=VECTOR('',#7648,1.);
#2155=VECTOR('',#7655,1.);
#2156=VECTOR('',#7658,1.);
#2157=VECTOR('',#7659,1.);
#2158=VECTOR('',#7660,1.);
#2159=VECTOR('',#7663,1.);
#2160=VECTOR('',#7664,1.);
#2161=VECTOR('',#7665,1.);
#2162=VECTOR('',#7668,1.);
#2163=VECTOR('',#7669,1.);
#2164=VECTOR('',#7670,1.);
#2165=VECTOR('',#7677,1.);
#2166=VECTOR('',#7680,1.);
#2167=VECTOR('',#7681,1.);
#2168=VECTOR('',#7682,1.);
#2169=VECTOR('',#7689,1.);
#2170=VECTOR('',#7692,1.);
#2171=VECTOR('',#7693,1.);
#2172=VECTOR('',#7700,1.);
#2173=VECTOR('',#7701,1.);
#2174=VECTOR('',#7702,1.);
#2175=VECTOR('',#7703,1.);
#2176=VECTOR('',#7706,1.);
#2177=VECTOR('',#7707,1.);
#2178=VECTOR('',#7708,1.);
#2179=VECTOR('',#7713,1.);
#2180=VECTOR('',#7718,1.);
#2181=VECTOR('',#7719,1.);
#2182=VECTOR('',#7720,1.);
#2183=VECTOR('',#7725,1.);
#2184=VECTOR('',#7730,1.);
#2185=VECTOR('',#7731,1.);
#2186=VECTOR('',#7732,1.);
#2187=VECTOR('',#7735,1.);
#2188=VECTOR('',#7736,1.);
#2189=VECTOR('',#7737,1.);
#2190=VECTOR('',#7740,1.);
#2191=VECTOR('',#7741,1.);
#2192=VECTOR('',#7742,1.);
#2193=VECTOR('',#7747,1.);
#2194=VECTOR('',#7752,1.);
#2195=VECTOR('',#7753,1.);
#2196=VECTOR('',#7754,1.);
#2197=VECTOR('',#7759,1.);
#2198=VECTOR('',#7764,1.);
#2199=VECTOR('',#7765,1.);
#2200=VECTOR('',#7772,1.);
#2201=VECTOR('',#7773,1.);
#2202=VECTOR('',#7774,1.);
#2203=VECTOR('',#7775,1.);
#2204=VECTOR('',#7778,1.);
#2205=VECTOR('',#7779,1.);
#2206=VECTOR('',#7780,1.);
#2207=VECTOR('',#7787,1.);
#2208=VECTOR('',#7790,1.);
#2209=VECTOR('',#7791,1.);
#2210=VECTOR('',#7792,1.);
#2211=VECTOR('',#7799,1.);
#2212=VECTOR('',#7802,1.);
#2213=VECTOR('',#7803,1.);
#2214=VECTOR('',#7804,1.);
#2215=VECTOR('',#7807,1.);
#2216=VECTOR('',#7808,1.);
#2217=VECTOR('',#7809,1.);
#2218=VECTOR('',#7812,1.);
#2219=VECTOR('',#7813,1.);
#2220=VECTOR('',#7814,1.);
#2221=VECTOR('',#7821,1.);
#2222=VECTOR('',#7824,1.);
#2223=VECTOR('',#7825,1.);
#2224=VECTOR('',#7826,1.);
#2225=VECTOR('',#7833,1.);
#2226=VECTOR('',#7836,1.);
#2227=VECTOR('',#7837,1.);
#2228=VECTOR('',#7844,1.);
#2229=VECTOR('',#7845,1.);
#2230=VECTOR('',#7846,1.);
#2231=VECTOR('',#7847,1.);
#2232=VECTOR('',#7850,1.);
#2233=VECTOR('',#7851,1.);
#2234=VECTOR('',#7852,1.);
#2235=VECTOR('',#7857,1.);
#2236=VECTOR('',#7862,1.);
#2237=VECTOR('',#7863,1.);
#2238=VECTOR('',#7864,1.);
#2239=VECTOR('',#7869,1.);
#2240=VECTOR('',#7874,1.);
#2241=VECTOR('',#7875,1.);
#2242=VECTOR('',#7876,1.);
#2243=VECTOR('',#7879,1.);
#2244=VECTOR('',#7880,1.);
#2245=VECTOR('',#7881,1.);
#2246=VECTOR('',#7884,1.);
#2247=VECTOR('',#7885,1.);
#2248=VECTOR('',#7886,1.);
#2249=VECTOR('',#7891,1.);
#2250=VECTOR('',#7896,1.);
#2251=VECTOR('',#7897,1.);
#2252=VECTOR('',#7898,1.);
#2253=VECTOR('',#7903,1.);
#2254=VECTOR('',#7908,1.);
#2255=VECTOR('',#7909,1.);
#2256=VECTOR('',#7916,1.);
#2257=VECTOR('',#7917,1.);
#2258=VECTOR('',#7918,1.);
#2259=VECTOR('',#7919,1.);
#2260=VECTOR('',#7922,1.);
#2261=VECTOR('',#7923,1.);
#2262=VECTOR('',#7924,1.);
#2263=VECTOR('',#7931,1.);
#2264=VECTOR('',#7934,1.);
#2265=VECTOR('',#7935,1.);
#2266=VECTOR('',#7936,1.);
#2267=VECTOR('',#7943,1.);
#2268=VECTOR('',#7946,1.);
#2269=VECTOR('',#7947,1.);
#2270=VECTOR('',#7948,1.);
#2271=VECTOR('',#7951,1.);
#2272=VECTOR('',#7952,1.);
#2273=VECTOR('',#7953,1.);
#2274=VECTOR('',#7956,1.);
#2275=VECTOR('',#7957,1.);
#2276=VECTOR('',#7958,1.);
#2277=VECTOR('',#7965,1.);
#2278=VECTOR('',#7968,1.);
#2279=VECTOR('',#7969,1.);
#2280=VECTOR('',#7970,1.);
#2281=VECTOR('',#7977,1.);
#2282=VECTOR('',#7980,1.);
#2283=VECTOR('',#7981,1.);
#2284=VECTOR('',#7988,1.);
#2285=VECTOR('',#7989,1.);
#2286=VECTOR('',#7990,1.);
#2287=VECTOR('',#7991,1.);
#2288=VECTOR('',#7994,1.);
#2289=VECTOR('',#7995,1.);
#2290=VECTOR('',#7996,1.);
#2291=VECTOR('',#8001,1.);
#2292=VECTOR('',#8006,1.);
#2293=VECTOR('',#8007,1.);
#2294=VECTOR('',#8008,1.);
#2295=VECTOR('',#8013,1.);
#2296=VECTOR('',#8018,1.);
#2297=VECTOR('',#8019,1.);
#2298=VECTOR('',#8020,1.);
#2299=VECTOR('',#8023,1.);
#2300=VECTOR('',#8024,1.);
#2301=VECTOR('',#8025,1.);
#2302=VECTOR('',#8028,1.);
#2303=VECTOR('',#8029,1.);
#2304=VECTOR('',#8030,1.);
#2305=VECTOR('',#8035,1.);
#2306=VECTOR('',#8040,1.);
#2307=VECTOR('',#8041,1.);
#2308=VECTOR('',#8042,1.);
#2309=VECTOR('',#8047,1.);
#2310=VECTOR('',#8052,1.);
#2311=VECTOR('',#8053,1.);
#2312=VECTOR('',#8060,1.);
#2313=VECTOR('',#8061,1.);
#2314=VECTOR('',#8062,1.);
#2315=VECTOR('',#8063,1.);
#2316=VECTOR('',#8066,1.);
#2317=VECTOR('',#8067,1.);
#2318=VECTOR('',#8068,1.);
#2319=VECTOR('',#8075,1.);
#2320=VECTOR('',#8078,1.);
#2321=VECTOR('',#8079,1.);
#2322=VECTOR('',#8080,1.);
#2323=VECTOR('',#8087,1.);
#2324=VECTOR('',#8090,1.);
#2325=VECTOR('',#8091,1.);
#2326=VECTOR('',#8092,1.);
#2327=VECTOR('',#8095,1.);
#2328=VECTOR('',#8096,1.);
#2329=VECTOR('',#8097,1.);
#2330=VECTOR('',#8100,1.);
#2331=VECTOR('',#8101,1.);
#2332=VECTOR('',#8102,1.);
#2333=VECTOR('',#8109,1.);
#2334=VECTOR('',#8112,1.);
#2335=VECTOR('',#8113,1.);
#2336=VECTOR('',#8114,1.);
#2337=VECTOR('',#8121,1.);
#2338=VECTOR('',#8124,1.);
#2339=VECTOR('',#8125,1.);
#2340=VECTOR('',#8132,1.);
#2341=VECTOR('',#8133,1.);
#2342=VECTOR('',#8134,1.);
#2343=VECTOR('',#8135,1.);
#2344=VECTOR('',#8138,1.);
#2345=VECTOR('',#8139,1.);
#2346=VECTOR('',#8140,1.);
#2347=VECTOR('',#8145,1.);
#2348=VECTOR('',#8150,1.);
#2349=VECTOR('',#8151,1.);
#2350=VECTOR('',#8152,1.);
#2351=VECTOR('',#8157,1.);
#2352=VECTOR('',#8162,1.);
#2353=VECTOR('',#8163,1.);
#2354=VECTOR('',#8164,1.);
#2355=VECTOR('',#8167,1.);
#2356=VECTOR('',#8168,1.);
#2357=VECTOR('',#8169,1.);
#2358=VECTOR('',#8172,1.);
#2359=VECTOR('',#8173,1.);
#2360=VECTOR('',#8174,1.);
#2361=VECTOR('',#8179,1.);
#2362=VECTOR('',#8184,1.);
#2363=VECTOR('',#8185,1.);
#2364=VECTOR('',#8186,1.);
#2365=VECTOR('',#8191,1.);
#2366=VECTOR('',#8196,1.);
#2367=VECTOR('',#8197,1.);
#2368=VECTOR('',#8204,1.);
#2369=VECTOR('',#8205,1.);
#2370=VECTOR('',#8206,1.);
#2371=VECTOR('',#8207,1.);
#2372=VECTOR('',#8210,1.);
#2373=VECTOR('',#8211,1.);
#2374=VECTOR('',#8212,1.);
#2375=VECTOR('',#8219,1.);
#2376=VECTOR('',#8222,1.);
#2377=VECTOR('',#8223,1.);
#2378=VECTOR('',#8224,1.);
#2379=VECTOR('',#8231,1.);
#2380=VECTOR('',#8234,1.);
#2381=VECTOR('',#8235,1.);
#2382=VECTOR('',#8236,1.);
#2383=VECTOR('',#8239,1.);
#2384=VECTOR('',#8240,1.);
#2385=VECTOR('',#8241,1.);
#2386=VECTOR('',#8244,1.);
#2387=VECTOR('',#8245,1.);
#2388=VECTOR('',#8246,1.);
#2389=VECTOR('',#8253,1.);
#2390=VECTOR('',#8256,1.);
#2391=VECTOR('',#8257,1.);
#2392=VECTOR('',#8258,1.);
#2393=VECTOR('',#8265,1.);
#2394=VECTOR('',#8268,1.);
#2395=VECTOR('',#8269,1.);
#2396=VECTOR('',#8276,1.);
#2397=VECTOR('',#8277,1.);
#2398=VECTOR('',#8278,1.);
#2399=VECTOR('',#8279,1.);
#2400=VECTOR('',#8282,1.);
#2401=VECTOR('',#8283,1.);
#2402=VECTOR('',#8284,1.);
#2403=VECTOR('',#8289,1.);
#2404=VECTOR('',#8294,1.);
#2405=VECTOR('',#8295,1.);
#2406=VECTOR('',#8296,1.);
#2407=VECTOR('',#8301,1.);
#2408=VECTOR('',#8306,1.);
#2409=VECTOR('',#8307,1.);
#2410=VECTOR('',#8308,1.);
#2411=VECTOR('',#8311,1.);
#2412=VECTOR('',#8312,1.);
#2413=VECTOR('',#8313,1.);
#2414=VECTOR('',#8316,1.);
#2415=VECTOR('',#8317,1.);
#2416=VECTOR('',#8318,1.);
#2417=VECTOR('',#8323,1.);
#2418=VECTOR('',#8328,1.);
#2419=VECTOR('',#8329,1.);
#2420=VECTOR('',#8330,1.);
#2421=VECTOR('',#8335,1.);
#2422=VECTOR('',#8340,1.);
#2423=VECTOR('',#8341,1.);
#2424=VECTOR('',#8348,1.);
#2425=VECTOR('',#8351,1.);
#2426=VECTOR('',#8354,1.);
#2427=VECTOR('',#8357,1.);
#2428=VECTOR('',#8362,1.);
#2429=VECTOR('',#8363,1.);
#2430=VECTOR('',#8364,1.);
#2431=VECTOR('',#8365,1.);
#2432=VECTOR('',#8366,1.);
#2433=VECTOR('',#8367,1.);
#2434=VECTOR('',#8370,1.);
#2435=VECTOR('',#8373,1.);
#2436=VECTOR('',#8374,1.);
#2437=VECTOR('',#8375,1.);
#2438=VECTOR('',#8376,1.);
#2439=VECTOR('',#8377,1.);
#2440=VECTOR('',#8380,1.);
#2441=VECTOR('',#8383,1.);
#2442=VECTOR('',#8384,1.);
#2443=VECTOR('',#8385,1.);
#2444=VECTOR('',#8388,1.);
#2445=VECTOR('',#8389,1.);
#2446=VECTOR('',#8392,1.);
#2447=VECTOR('',#8393,1.);
#2448=VECTOR('',#8394,1.);
#2449=VECTOR('',#8395,1.);
#2450=VECTOR('',#8396,1.);
#2451=VECTOR('',#8401,1.);
#2452=VECTOR('',#8406,1.);
#2453=VECTOR('',#8409,1.);
#2454=VECTOR('',#8410,1.);
#2455=VECTOR('',#8413,1.);
#2456=VECTOR('',#8418,1.);
#2457=VECTOR('',#8419,1.);
#2458=VECTOR('',#8438,1.);
#2459=VECTOR('',#8439,1.);
#2460=VECTOR('',#8442,1.);
#2461=VECTOR('',#8443,1.);
#2462=VECTOR('',#8446,1.);
#2463=VECTOR('',#8451,1.);
#2464=VECTOR('',#8452,1.);
#2465=VECTOR('',#8455,1.);
#2466=VECTOR('',#8456,1.);
#2467=VECTOR('',#8459,1.);
#2468=VERTEX_POINT('',#8464);
#2469=VERTEX_POINT('',#8465);
#2470=VERTEX_POINT('',#8467);
#2471=VERTEX_POINT('',#8469);
#2472=VERTEX_POINT('',#8473);
#2473=VERTEX_POINT('',#8475);
#2474=VERTEX_POINT('',#8488);
#2475=VERTEX_POINT('',#8494);
#2476=VERTEX_POINT('',#8502);
#2477=VERTEX_POINT('',#8504);
#2478=VERTEX_POINT('',#8508);
#2479=VERTEX_POINT('',#8510);
#2480=VERTEX_POINT('',#8514);
#2481=VERTEX_POINT('',#8516);
#2482=VERTEX_POINT('',#8520);
#2483=VERTEX_POINT('',#8522);
#2484=VERTEX_POINT('',#8526);
#2485=VERTEX_POINT('',#8528);
#2486=VERTEX_POINT('',#8541);
#2487=VERTEX_POINT('',#8547);
#2488=VERTEX_POINT('',#8560);
#2489=VERTEX_POINT('',#8561);
#2490=VERTEX_POINT('',#8563);
#2491=VERTEX_POINT('',#8565);
#2492=VERTEX_POINT('',#8569);
#2493=VERTEX_POINT('',#8571);
#2494=VERTEX_POINT('',#8584);
#2495=VERTEX_POINT('',#8590);
#2496=VERTEX_POINT('',#8598);
#2497=VERTEX_POINT('',#8600);
#2498=VERTEX_POINT('',#8604);
#2499=VERTEX_POINT('',#8606);
#2500=VERTEX_POINT('',#8610);
#2501=VERTEX_POINT('',#8612);
#2502=VERTEX_POINT('',#8616);
#2503=VERTEX_POINT('',#8618);
#2504=VERTEX_POINT('',#8622);
#2505=VERTEX_POINT('',#8624);
#2506=VERTEX_POINT('',#8637);
#2507=VERTEX_POINT('',#8643);
#2508=VERTEX_POINT('',#8656);
#2509=VERTEX_POINT('',#8657);
#2510=VERTEX_POINT('',#8659);
#2511=VERTEX_POINT('',#8661);
#2512=VERTEX_POINT('',#8676);
#2513=VERTEX_POINT('',#8683);
#2514=VERTEX_POINT('',#8692);
#2515=VERTEX_POINT('',#8694);
#2516=VERTEX_POINT('',#8726);
#2517=VERTEX_POINT('',#8727);
#2518=VERTEX_POINT('',#8729);
#2519=VERTEX_POINT('',#8731);
#2520=VERTEX_POINT('',#8748);
#2521=VERTEX_POINT('',#8756);
#2522=VERTEX_POINT('',#8766);
#2523=VERTEX_POINT('',#8768);
#2524=VERTEX_POINT('',#8806);
#2525=VERTEX_POINT('',#8807);
#2526=VERTEX_POINT('',#8809);
#2527=VERTEX_POINT('',#8811);
#2528=VERTEX_POINT('',#8826);
#2529=VERTEX_POINT('',#8833);
#2530=VERTEX_POINT('',#8842);
#2531=VERTEX_POINT('',#8844);
#2532=VERTEX_POINT('',#8851);
#2533=VERTEX_POINT('',#8852);
#2534=VERTEX_POINT('',#8854);
#2535=VERTEX_POINT('',#8856);
#2536=VERTEX_POINT('',#8875);
#2537=VERTEX_POINT('',#8884);
#2538=VERTEX_POINT('',#8895);
#2539=VERTEX_POINT('',#8897);
#2540=VERTEX_POINT('',#8912);
#2541=VERTEX_POINT('',#8919);
#2542=VERTEX_POINT('',#8928);
#2543=VERTEX_POINT('',#8930);
#2544=VERTEX_POINT('',#8945);
#2545=VERTEX_POINT('',#8952);
#2546=VERTEX_POINT('',#8961);
#2547=VERTEX_POINT('',#8963);
#2548=VERTEX_POINT('',#8972);
#2549=VERTEX_POINT('',#8973);
#2550=VERTEX_POINT('',#8975);
#2551=VERTEX_POINT('',#8977);
#2552=VERTEX_POINT('',#8981);
#2553=VERTEX_POINT('',#8983);
#2554=VERTEX_POINT('',#8987);
#2555=VERTEX_POINT('',#8989);
#2556=VERTEX_POINT('',#8998);
#2557=VERTEX_POINT('',#8999);
#2558=VERTEX_POINT('',#9001);
#2559=VERTEX_POINT('',#9003);
#2560=VERTEX_POINT('',#9007);
#2561=VERTEX_POINT('',#9009);
#2562=VERTEX_POINT('',#9013);
#2563=VERTEX_POINT('',#9015);
#2564=VERTEX_POINT('',#9019);
#2565=VERTEX_POINT('',#9021);
#2566=VERTEX_POINT('',#9025);
#2567=VERTEX_POINT('',#9027);
#2568=VERTEX_POINT('',#9031);
#2569=VERTEX_POINT('',#9033);
#2570=VERTEX_POINT('',#9052);
#2571=VERTEX_POINT('',#9061);
#2572=VERTEX_POINT('',#9072);
#2573=VERTEX_POINT('',#9074);
#2574=VERTEX_POINT('',#9091);
#2575=VERTEX_POINT('',#9099);
#2576=VERTEX_POINT('',#9109);
#2577=VERTEX_POINT('',#9111);
#2578=VERTEX_POINT('',#9120);
#2579=VERTEX_POINT('',#9121);
#2580=VERTEX_POINT('',#9123);
#2581=VERTEX_POINT('',#9125);
#2582=VERTEX_POINT('',#9129);
#2583=VERTEX_POINT('',#9131);
#2584=VERTEX_POINT('',#9135);
#2585=VERTEX_POINT('',#9137);
#2586=VERTEX_POINT('',#9146);
#2587=VERTEX_POINT('',#9147);
#2588=VERTEX_POINT('',#9149);
#2589=VERTEX_POINT('',#9151);
#2590=VERTEX_POINT('',#9155);
#2591=VERTEX_POINT('',#9157);
#2592=VERTEX_POINT('',#9161);
#2593=VERTEX_POINT('',#9163);
#2594=VERTEX_POINT('',#9167);
#2595=VERTEX_POINT('',#9169);
#2596=VERTEX_POINT('',#9173);
#2597=VERTEX_POINT('',#9175);
#2598=VERTEX_POINT('',#9179);
#2599=VERTEX_POINT('',#9181);
#2600=VERTEX_POINT('',#9185);
#2601=VERTEX_POINT('',#9187);
#2602=VERTEX_POINT('',#9191);
#2603=VERTEX_POINT('',#9193);
#2604=VERTEX_POINT('',#9197);
#2605=VERTEX_POINT('',#9199);
#2606=VERTEX_POINT('',#9203);
#2607=VERTEX_POINT('',#9205);
#2608=VERTEX_POINT('',#9216);
#2609=VERTEX_POINT('',#9221);
#2610=VERTEX_POINT('',#9228);
#2611=VERTEX_POINT('',#9230);
#2612=VERTEX_POINT('',#9241);
#2613=VERTEX_POINT('',#9246);
#2614=VERTEX_POINT('',#9258);
#2615=VERTEX_POINT('',#9259);
#2616=VERTEX_POINT('',#9261);
#2617=VERTEX_POINT('',#9263);
#2618=VERTEX_POINT('',#9267);
#2619=VERTEX_POINT('',#9269);
#2620=VERTEX_POINT('',#9282);
#2621=VERTEX_POINT('',#9288);
#2622=VERTEX_POINT('',#9296);
#2623=VERTEX_POINT('',#9298);
#2624=VERTEX_POINT('',#9302);
#2625=VERTEX_POINT('',#9304);
#2626=VERTEX_POINT('',#9308);
#2627=VERTEX_POINT('',#9310);
#2628=VERTEX_POINT('',#9323);
#2629=VERTEX_POINT('',#9329);
#2630=VERTEX_POINT('',#9337);
#2631=VERTEX_POINT('',#9339);
#2632=VERTEX_POINT('',#9343);
#2633=VERTEX_POINT('',#9345);
#2634=VERTEX_POINT('',#9354);
#2635=VERTEX_POINT('',#9355);
#2636=VERTEX_POINT('',#9357);
#2637=VERTEX_POINT('',#9359);
#2638=VERTEX_POINT('',#9363);
#2639=VERTEX_POINT('',#9365);
#2640=VERTEX_POINT('',#9369);
#2641=VERTEX_POINT('',#9371);
#2642=VERTEX_POINT('',#9380);
#2643=VERTEX_POINT('',#9382);
#2644=VERTEX_POINT('',#9387);
#2645=VERTEX_POINT('',#9389);
#2646=VERTEX_POINT('',#9394);
#2647=VERTEX_POINT('',#9397);
#2648=VERTEX_POINT('',#9401);
#2649=VERTEX_POINT('',#9402);
#2650=VERTEX_POINT('',#9407);
#2651=VERTEX_POINT('',#9409);
#2652=VERTEX_POINT('',#9411);
#2653=VERTEX_POINT('',#9413);
#2654=VERTEX_POINT('',#9422);
#2655=VERTEX_POINT('',#9424);
#2656=VERTEX_POINT('',#9433);
#2657=VERTEX_POINT('',#9437);
#2658=VERTEX_POINT('',#9439);
#2659=VERTEX_POINT('',#9441);
#2660=VERTEX_POINT('',#9443);
#2661=VERTEX_POINT('',#9445);
#2662=VERTEX_POINT('',#9449);
#2663=VERTEX_POINT('',#9451);
#2664=VERTEX_POINT('',#9458);
#2665=VERTEX_POINT('',#9467);
#2666=VERTEX_POINT('',#9471);
#2667=VERTEX_POINT('',#9473);
#2668=VERTEX_POINT('',#9475);
#2669=VERTEX_POINT('',#9484);
#2670=VERTEX_POINT('',#9486);
#2671=VERTEX_POINT('',#9491);
#2672=VERTEX_POINT('',#9500);
#2673=VERTEX_POINT('',#9504);
#2674=VERTEX_POINT('',#9506);
#2675=VERTEX_POINT('',#9508);
#2676=VERTEX_POINT('',#9521);
#2677=VERTEX_POINT('',#9525);
#2678=VERTEX_POINT('',#9529);
#2679=VERTEX_POINT('',#9530);
#2680=VERTEX_POINT('',#9532);
#2681=VERTEX_POINT('',#9534);
#2682=VERTEX_POINT('',#9538);
#2683=VERTEX_POINT('',#9540);
#2684=VERTEX_POINT('',#9544);
#2685=VERTEX_POINT('',#9546);
#2686=VERTEX_POINT('',#9550);
#2687=VERTEX_POINT('',#9552);
#2688=VERTEX_POINT('',#9556);
#2689=VERTEX_POINT('',#9558);
#2690=VERTEX_POINT('',#9562);
#2691=VERTEX_POINT('',#9564);
#2692=VERTEX_POINT('',#9568);
#2693=VERTEX_POINT('',#9570);
#2694=VERTEX_POINT('',#9574);
#2695=VERTEX_POINT('',#9576);
#2696=VERTEX_POINT('',#9580);
#2697=VERTEX_POINT('',#9582);
#2698=VERTEX_POINT('',#9586);
#2699=VERTEX_POINT('',#9588);
#2700=VERTEX_POINT('',#9592);
#2701=VERTEX_POINT('',#9594);
#2702=VERTEX_POINT('',#9603);
#2703=VERTEX_POINT('',#9604);
#2704=VERTEX_POINT('',#9606);
#2705=VERTEX_POINT('',#9608);
#2706=VERTEX_POINT('',#9612);
#2707=VERTEX_POINT('',#9614);
#2708=VERTEX_POINT('',#9618);
#2709=VERTEX_POINT('',#9620);
#2710=VERTEX_POINT('',#9624);
#2711=VERTEX_POINT('',#9626);
#2712=VERTEX_POINT('',#9630);
#2713=VERTEX_POINT('',#9632);
#2714=VERTEX_POINT('',#9636);
#2715=VERTEX_POINT('',#9638);
#2716=VERTEX_POINT('',#9642);
#2717=VERTEX_POINT('',#9644);
#2718=VERTEX_POINT('',#9648);
#2719=VERTEX_POINT('',#9650);
#2720=VERTEX_POINT('',#9654);
#2721=VERTEX_POINT('',#9656);
#2722=VERTEX_POINT('',#9660);
#2723=VERTEX_POINT('',#9662);
#2724=VERTEX_POINT('',#9666);
#2725=VERTEX_POINT('',#9668);
#2726=VERTEX_POINT('',#9677);
#2727=VERTEX_POINT('',#9678);
#2728=VERTEX_POINT('',#9680);
#2729=VERTEX_POINT('',#9682);
#2730=VERTEX_POINT('',#9686);
#2731=VERTEX_POINT('',#9688);
#2732=VERTEX_POINT('',#9692);
#2733=VERTEX_POINT('',#9694);
#2734=VERTEX_POINT('',#9698);
#2735=VERTEX_POINT('',#9700);
#2736=VERTEX_POINT('',#9704);
#2737=VERTEX_POINT('',#9706);
#2738=VERTEX_POINT('',#9710);
#2739=VERTEX_POINT('',#9712);
#2740=VERTEX_POINT('',#9716);
#2741=VERTEX_POINT('',#9718);
#2742=VERTEX_POINT('',#9722);
#2743=VERTEX_POINT('',#9724);
#2744=VERTEX_POINT('',#9728);
#2745=VERTEX_POINT('',#9730);
#2746=VERTEX_POINT('',#9734);
#2747=VERTEX_POINT('',#9736);
#2748=VERTEX_POINT('',#9740);
#2749=VERTEX_POINT('',#9742);
#2750=VERTEX_POINT('',#9751);
#2751=VERTEX_POINT('',#9752);
#2752=VERTEX_POINT('',#9754);
#2753=VERTEX_POINT('',#9756);
#2754=VERTEX_POINT('',#9760);
#2755=VERTEX_POINT('',#9762);
#2756=VERTEX_POINT('',#9766);
#2757=VERTEX_POINT('',#9768);
#2758=VERTEX_POINT('',#9772);
#2759=VERTEX_POINT('',#9774);
#2760=VERTEX_POINT('',#9778);
#2761=VERTEX_POINT('',#9780);
#2762=VERTEX_POINT('',#9784);
#2763=VERTEX_POINT('',#9786);
#2764=VERTEX_POINT('',#9790);
#2765=VERTEX_POINT('',#9792);
#2766=VERTEX_POINT('',#9796);
#2767=VERTEX_POINT('',#9798);
#2768=VERTEX_POINT('',#9802);
#2769=VERTEX_POINT('',#9804);
#2770=VERTEX_POINT('',#9808);
#2771=VERTEX_POINT('',#9810);
#2772=VERTEX_POINT('',#9814);
#2773=VERTEX_POINT('',#9816);
#2774=VERTEX_POINT('',#9825);
#2775=VERTEX_POINT('',#9826);
#2776=VERTEX_POINT('',#9828);
#2777=VERTEX_POINT('',#9830);
#2778=VERTEX_POINT('',#9834);
#2779=VERTEX_POINT('',#9836);
#2780=VERTEX_POINT('',#9840);
#2781=VERTEX_POINT('',#9842);
#2782=VERTEX_POINT('',#9846);
#2783=VERTEX_POINT('',#9848);
#2784=VERTEX_POINT('',#9852);
#2785=VERTEX_POINT('',#9854);
#2786=VERTEX_POINT('',#9858);
#2787=VERTEX_POINT('',#9860);
#2788=VERTEX_POINT('',#9864);
#2789=VERTEX_POINT('',#9866);
#2790=VERTEX_POINT('',#9870);
#2791=VERTEX_POINT('',#9872);
#2792=VERTEX_POINT('',#9876);
#2793=VERTEX_POINT('',#9878);
#2794=VERTEX_POINT('',#9882);
#2795=VERTEX_POINT('',#9884);
#2796=VERTEX_POINT('',#9888);
#2797=VERTEX_POINT('',#9890);
#2798=VERTEX_POINT('',#9899);
#2799=VERTEX_POINT('',#9900);
#2800=VERTEX_POINT('',#9902);
#2801=VERTEX_POINT('',#9904);
#2802=VERTEX_POINT('',#9908);
#2803=VERTEX_POINT('',#9910);
#2804=VERTEX_POINT('',#9914);
#2805=VERTEX_POINT('',#9916);
#2806=VERTEX_POINT('',#9920);
#2807=VERTEX_POINT('',#9922);
#2808=VERTEX_POINT('',#9926);
#2809=VERTEX_POINT('',#9928);
#2810=VERTEX_POINT('',#9932);
#2811=VERTEX_POINT('',#9934);
#2812=VERTEX_POINT('',#9938);
#2813=VERTEX_POINT('',#9940);
#2814=VERTEX_POINT('',#9944);
#2815=VERTEX_POINT('',#9946);
#2816=VERTEX_POINT('',#9950);
#2817=VERTEX_POINT('',#9952);
#2818=VERTEX_POINT('',#9956);
#2819=VERTEX_POINT('',#9958);
#2820=VERTEX_POINT('',#9962);
#2821=VERTEX_POINT('',#9964);
#2822=VERTEX_POINT('',#9973);
#2823=VERTEX_POINT('',#9974);
#2824=VERTEX_POINT('',#9976);
#2825=VERTEX_POINT('',#9978);
#2826=VERTEX_POINT('',#9982);
#2827=VERTEX_POINT('',#9984);
#2828=VERTEX_POINT('',#9988);
#2829=VERTEX_POINT('',#9990);
#2830=VERTEX_POINT('',#9994);
#2831=VERTEX_POINT('',#9996);
#2832=VERTEX_POINT('',#10000);
#2833=VERTEX_POINT('',#10002);
#2834=VERTEX_POINT('',#10006);
#2835=VERTEX_POINT('',#10008);
#2836=VERTEX_POINT('',#10012);
#2837=VERTEX_POINT('',#10014);
#2838=VERTEX_POINT('',#10018);
#2839=VERTEX_POINT('',#10020);
#2840=VERTEX_POINT('',#10024);
#2841=VERTEX_POINT('',#10026);
#2842=VERTEX_POINT('',#10030);
#2843=VERTEX_POINT('',#10032);
#2844=VERTEX_POINT('',#10036);
#2845=VERTEX_POINT('',#10038);
#2846=VERTEX_POINT('',#10047);
#2847=VERTEX_POINT('',#10048);
#2848=VERTEX_POINT('',#10050);
#2849=VERTEX_POINT('',#10052);
#2850=VERTEX_POINT('',#10056);
#2851=VERTEX_POINT('',#10058);
#2852=VERTEX_POINT('',#10062);
#2853=VERTEX_POINT('',#10064);
#2854=VERTEX_POINT('',#10068);
#2855=VERTEX_POINT('',#10070);
#2856=VERTEX_POINT('',#10074);
#2857=VERTEX_POINT('',#10076);
#2858=VERTEX_POINT('',#10080);
#2859=VERTEX_POINT('',#10082);
#2860=VERTEX_POINT('',#10086);
#2861=VERTEX_POINT('',#10088);
#2862=VERTEX_POINT('',#10092);
#2863=VERTEX_POINT('',#10094);
#2864=VERTEX_POINT('',#10098);
#2865=VERTEX_POINT('',#10100);
#2866=VERTEX_POINT('',#10104);
#2867=VERTEX_POINT('',#10106);
#2868=VERTEX_POINT('',#10110);
#2869=VERTEX_POINT('',#10112);
#2870=VERTEX_POINT('',#10121);
#2871=VERTEX_POINT('',#10122);
#2872=VERTEX_POINT('',#10124);
#2873=VERTEX_POINT('',#10126);
#2874=VERTEX_POINT('',#10130);
#2875=VERTEX_POINT('',#10132);
#2876=VERTEX_POINT('',#10136);
#2877=VERTEX_POINT('',#10138);
#2878=VERTEX_POINT('',#10142);
#2879=VERTEX_POINT('',#10144);
#2880=VERTEX_POINT('',#10148);
#2881=VERTEX_POINT('',#10150);
#2882=VERTEX_POINT('',#10154);
#2883=VERTEX_POINT('',#10156);
#2884=VERTEX_POINT('',#10160);
#2885=VERTEX_POINT('',#10162);
#2886=VERTEX_POINT('',#10166);
#2887=VERTEX_POINT('',#10168);
#2888=VERTEX_POINT('',#10172);
#2889=VERTEX_POINT('',#10174);
#2890=VERTEX_POINT('',#10178);
#2891=VERTEX_POINT('',#10180);
#2892=VERTEX_POINT('',#10184);
#2893=VERTEX_POINT('',#10186);
#2894=VERTEX_POINT('',#10195);
#2895=VERTEX_POINT('',#10196);
#2896=VERTEX_POINT('',#10198);
#2897=VERTEX_POINT('',#10200);
#2898=VERTEX_POINT('',#10204);
#2899=VERTEX_POINT('',#10206);
#2900=VERTEX_POINT('',#10210);
#2901=VERTEX_POINT('',#10212);
#2902=VERTEX_POINT('',#10216);
#2903=VERTEX_POINT('',#10218);
#2904=VERTEX_POINT('',#10222);
#2905=VERTEX_POINT('',#10224);
#2906=VERTEX_POINT('',#10228);
#2907=VERTEX_POINT('',#10230);
#2908=VERTEX_POINT('',#10234);
#2909=VERTEX_POINT('',#10236);
#2910=VERTEX_POINT('',#10240);
#2911=VERTEX_POINT('',#10242);
#2912=VERTEX_POINT('',#10246);
#2913=VERTEX_POINT('',#10248);
#2914=VERTEX_POINT('',#10252);
#2915=VERTEX_POINT('',#10254);
#2916=VERTEX_POINT('',#10258);
#2917=VERTEX_POINT('',#10260);
#2918=VERTEX_POINT('',#10269);
#2919=VERTEX_POINT('',#10270);
#2920=VERTEX_POINT('',#10272);
#2921=VERTEX_POINT('',#10274);
#2922=VERTEX_POINT('',#10278);
#2923=VERTEX_POINT('',#10280);
#2924=VERTEX_POINT('',#10284);
#2925=VERTEX_POINT('',#10286);
#2926=VERTEX_POINT('',#10290);
#2927=VERTEX_POINT('',#10292);
#2928=VERTEX_POINT('',#10296);
#2929=VERTEX_POINT('',#10298);
#2930=VERTEX_POINT('',#10302);
#2931=VERTEX_POINT('',#10304);
#2932=VERTEX_POINT('',#10308);
#2933=VERTEX_POINT('',#10310);
#2934=VERTEX_POINT('',#10314);
#2935=VERTEX_POINT('',#10316);
#2936=VERTEX_POINT('',#10320);
#2937=VERTEX_POINT('',#10322);
#2938=VERTEX_POINT('',#10326);
#2939=VERTEX_POINT('',#10328);
#2940=VERTEX_POINT('',#10332);
#2941=VERTEX_POINT('',#10334);
#2942=VERTEX_POINT('',#10343);
#2943=VERTEX_POINT('',#10344);
#2944=VERTEX_POINT('',#10346);
#2945=VERTEX_POINT('',#10348);
#2946=VERTEX_POINT('',#10352);
#2947=VERTEX_POINT('',#10354);
#2948=VERTEX_POINT('',#10358);
#2949=VERTEX_POINT('',#10360);
#2950=VERTEX_POINT('',#10364);
#2951=VERTEX_POINT('',#10366);
#2952=VERTEX_POINT('',#10370);
#2953=VERTEX_POINT('',#10372);
#2954=VERTEX_POINT('',#10376);
#2955=VERTEX_POINT('',#10378);
#2956=VERTEX_POINT('',#10382);
#2957=VERTEX_POINT('',#10384);
#2958=VERTEX_POINT('',#10388);
#2959=VERTEX_POINT('',#10390);
#2960=VERTEX_POINT('',#10394);
#2961=VERTEX_POINT('',#10396);
#2962=VERTEX_POINT('',#10400);
#2963=VERTEX_POINT('',#10402);
#2964=VERTEX_POINT('',#10406);
#2965=VERTEX_POINT('',#10408);
#2966=VERTEX_POINT('',#10417);
#2967=VERTEX_POINT('',#10418);
#2968=VERTEX_POINT('',#10420);
#2969=VERTEX_POINT('',#10422);
#2970=VERTEX_POINT('',#10426);
#2971=VERTEX_POINT('',#10428);
#2972=VERTEX_POINT('',#10432);
#2973=VERTEX_POINT('',#10434);
#2974=VERTEX_POINT('',#10438);
#2975=VERTEX_POINT('',#10440);
#2976=VERTEX_POINT('',#10444);
#2977=VERTEX_POINT('',#10446);
#2978=VERTEX_POINT('',#10450);
#2979=VERTEX_POINT('',#10452);
#2980=VERTEX_POINT('',#10456);
#2981=VERTEX_POINT('',#10458);
#2982=VERTEX_POINT('',#10462);
#2983=VERTEX_POINT('',#10464);
#2984=VERTEX_POINT('',#10468);
#2985=VERTEX_POINT('',#10470);
#2986=VERTEX_POINT('',#10474);
#2987=VERTEX_POINT('',#10476);
#2988=VERTEX_POINT('',#10480);
#2989=VERTEX_POINT('',#10482);
#2990=VERTEX_POINT('',#10491);
#2991=VERTEX_POINT('',#10492);
#2992=VERTEX_POINT('',#10494);
#2993=VERTEX_POINT('',#10496);
#2994=VERTEX_POINT('',#10500);
#2995=VERTEX_POINT('',#10502);
#2996=VERTEX_POINT('',#10506);
#2997=VERTEX_POINT('',#10508);
#2998=VERTEX_POINT('',#10512);
#2999=VERTEX_POINT('',#10514);
#3000=VERTEX_POINT('',#10518);
#3001=VERTEX_POINT('',#10520);
#3002=VERTEX_POINT('',#10524);
#3003=VERTEX_POINT('',#10526);
#3004=VERTEX_POINT('',#10530);
#3005=VERTEX_POINT('',#10532);
#3006=VERTEX_POINT('',#10536);
#3007=VERTEX_POINT('',#10538);
#3008=VERTEX_POINT('',#10542);
#3009=VERTEX_POINT('',#10544);
#3010=VERTEX_POINT('',#10548);
#3011=VERTEX_POINT('',#10550);
#3012=VERTEX_POINT('',#10554);
#3013=VERTEX_POINT('',#10556);
#3014=VERTEX_POINT('',#10565);
#3015=VERTEX_POINT('',#10566);
#3016=VERTEX_POINT('',#10573);
#3017=VERTEX_POINT('',#10575);
#3018=VERTEX_POINT('',#10577);
#3019=VERTEX_POINT('',#10586);
#3020=VERTEX_POINT('',#10588);
#3021=VERTEX_POINT('',#10595);
#3022=VERTEX_POINT('',#10597);
#3023=VERTEX_POINT('',#10601);
#3024=VERTEX_POINT('',#10603);
#3025=VERTEX_POINT('',#10605);
#3026=VERTEX_POINT('',#10607);
#3027=VERTEX_POINT('',#10609);
#3028=VERTEX_POINT('',#10613);
#3029=VERTEX_POINT('',#10615);
#3030=VERTEX_POINT('',#10617);
#3031=VERTEX_POINT('',#10619);
#3032=VERTEX_POINT('',#10621);
#3033=VERTEX_POINT('',#10623);
#3034=VERTEX_POINT('',#10625);
#3035=VERTEX_POINT('',#10627);
#3036=VERTEX_POINT('',#10629);
#3037=VERTEX_POINT('',#10632);
#3038=VERTEX_POINT('',#10634);
#3039=VERTEX_POINT('',#10638);
#3040=VERTEX_POINT('',#10639);
#3041=VERTEX_POINT('',#10647);
#3042=VERTEX_POINT('',#10656);
#3043=VERTEX_POINT('',#10659);
#3044=VERTEX_POINT('',#10661);
#3045=VERTEX_POINT('',#10665);
#3046=VERTEX_POINT('',#10667);
#3047=VERTEX_POINT('',#10669);
#3048=VERTEX_POINT('',#10678);
#3049=VERTEX_POINT('',#10687);
#3050=VERTEX_POINT('',#10703);
#3051=VERTEX_POINT('',#10707);
#3052=VERTEX_POINT('',#10709);
#3053=VERTEX_POINT('',#10714);
#3054=VERTEX_POINT('',#10718);
#3055=VERTEX_POINT('',#10725);
#3056=VERTEX_POINT('',#10729);
#3057=EDGE_CURVE('',#2468,#2469,#1110,.T.);
#3058=EDGE_CURVE('',#2469,#2470,#1111,.T.);
#3059=EDGE_CURVE('',#2471,#2470,#1112,.T.);
#3060=EDGE_CURVE('',#2468,#2471,#1113,.T.);
#3061=EDGE_CURVE('',#2472,#2468,#1114,.T.);
#3062=EDGE_CURVE('',#2473,#2471,#1115,.T.);
#3063=EDGE_CURVE('',#2472,#2473,#1116,.T.);
#3064=EDGE_CURVE('',#2474,#2472,#334,.T.);
#3065=EDGE_CURVE('',#2475,#2473,#335,.T.);
#3066=EDGE_CURVE('',#2474,#2475,#1117,.T.);
#3067=EDGE_CURVE('',#2476,#2474,#1118,.T.);
#3068=EDGE_CURVE('',#2477,#2475,#1119,.T.);
#3069=EDGE_CURVE('',#2476,#2477,#1120,.T.);
#3070=EDGE_CURVE('',#2478,#2476,#1121,.T.);
#3071=EDGE_CURVE('',#2479,#2477,#1122,.T.);
#3072=EDGE_CURVE('',#2478,#2479,#1123,.T.);
#3073=EDGE_CURVE('',#2480,#2478,#1124,.T.);
#3074=EDGE_CURVE('',#2481,#2479,#1125,.T.);
#3075=EDGE_CURVE('',#2480,#2481,#1126,.T.);
#3076=EDGE_CURVE('',#2482,#2480,#1127,.T.);
#3077=EDGE_CURVE('',#2483,#2481,#1128,.T.);
#3078=EDGE_CURVE('',#2482,#2483,#1129,.T.);
#3079=EDGE_CURVE('',#2484,#2482,#1130,.T.);
#3080=EDGE_CURVE('',#2485,#2483,#1131,.T.);
#3081=EDGE_CURVE('',#2484,#2485,#1132,.T.);
#3082=EDGE_CURVE('',#2486,#2484,#336,.T.);
#3083=EDGE_CURVE('',#2487,#2485,#337,.T.);
#3084=EDGE_CURVE('',#2486,#2487,#1133,.T.);
#3085=EDGE_CURVE('',#2469,#2486,#1134,.T.);
#3086=EDGE_CURVE('',#2470,#2487,#1135,.T.);
#3087=EDGE_CURVE('',#2488,#2489,#1136,.T.);
#3088=EDGE_CURVE('',#2489,#2490,#1137,.T.);
#3089=EDGE_CURVE('',#2491,#2490,#1138,.T.);
#3090=EDGE_CURVE('',#2488,#2491,#1139,.T.);
#3091=EDGE_CURVE('',#2492,#2488,#1140,.T.);
#3092=EDGE_CURVE('',#2493,#2491,#1141,.T.);
#3093=EDGE_CURVE('',#2492,#2493,#1142,.T.);
#3094=EDGE_CURVE('',#2494,#2492,#338,.T.);
#3095=EDGE_CURVE('',#2495,#2493,#339,.T.);
#3096=EDGE_CURVE('',#2494,#2495,#1143,.T.);
#3097=EDGE_CURVE('',#2496,#2494,#1144,.T.);
#3098=EDGE_CURVE('',#2497,#2495,#1145,.T.);
#3099=EDGE_CURVE('',#2496,#2497,#1146,.T.);
#3100=EDGE_CURVE('',#2498,#2496,#1147,.T.);
#3101=EDGE_CURVE('',#2499,#2497,#1148,.T.);
#3102=EDGE_CURVE('',#2498,#2499,#1149,.T.);
#3103=EDGE_CURVE('',#2500,#2498,#1150,.T.);
#3104=EDGE_CURVE('',#2501,#2499,#1151,.T.);
#3105=EDGE_CURVE('',#2500,#2501,#1152,.T.);
#3106=EDGE_CURVE('',#2502,#2500,#1153,.T.);
#3107=EDGE_CURVE('',#2503,#2501,#1154,.T.);
#3108=EDGE_CURVE('',#2502,#2503,#1155,.T.);
#3109=EDGE_CURVE('',#2504,#2502,#1156,.T.);
#3110=EDGE_CURVE('',#2505,#2503,#1157,.T.);
#3111=EDGE_CURVE('',#2504,#2505,#1158,.T.);
#3112=EDGE_CURVE('',#2506,#2504,#340,.T.);
#3113=EDGE_CURVE('',#2507,#2505,#341,.T.);
#3114=EDGE_CURVE('',#2506,#2507,#1159,.T.);
#3115=EDGE_CURVE('',#2489,#2506,#1160,.T.);
#3116=EDGE_CURVE('',#2490,#2507,#1161,.T.);
#3117=EDGE_CURVE('',#2508,#2509,#1162,.T.);
#3118=EDGE_CURVE('',#2508,#2510,#1163,.T.);
#3119=EDGE_CURVE('',#2511,#2510,#1164,.T.);
#3120=EDGE_CURVE('',#2509,#2511,#1165,.T.);
#3121=EDGE_CURVE('',#2512,#2508,#342,.T.);
#3122=EDGE_CURVE('',#2512,#2513,#1166,.T.);
#3123=EDGE_CURVE('',#2510,#2513,#343,.T.);
#3124=EDGE_CURVE('',#2514,#2512,#1167,.T.);
#3125=EDGE_CURVE('',#2514,#2515,#1168,.T.);
#3126=EDGE_CURVE('',#2513,#2515,#1169,.T.);
#3127=EDGE_CURVE('',#2509,#2514,#344,.T.);
#3128=EDGE_CURVE('',#2515,#2511,#345,.T.);
#3129=EDGE_CURVE('',#2516,#2517,#1170,.T.);
#3130=EDGE_CURVE('',#2517,#2518,#1171,.T.);
#3131=EDGE_CURVE('',#2519,#2518,#1172,.T.);
#3132=EDGE_CURVE('',#2516,#2519,#1173,.T.);
#3133=EDGE_CURVE('',#2520,#2516,#346,.T.);
#3134=EDGE_CURVE('',#2521,#2519,#347,.T.);
#3135=EDGE_CURVE('',#2520,#2521,#1174,.T.);
#3136=EDGE_CURVE('',#2522,#2520,#1175,.T.);
#3137=EDGE_CURVE('',#2523,#2521,#1176,.T.);
#3138=EDGE_CURVE('',#2522,#2523,#1177,.T.);
#3139=EDGE_CURVE('',#2517,#2522,#348,.T.);
#3140=EDGE_CURVE('',#2518,#2523,#349,.T.);
#3141=EDGE_CURVE('',#2524,#2525,#1178,.T.);
#3142=EDGE_CURVE('',#2524,#2526,#1179,.T.);
#3143=EDGE_CURVE('',#2527,#2526,#1180,.T.);
#3144=EDGE_CURVE('',#2525,#2527,#1181,.T.);
#3145=EDGE_CURVE('',#2528,#2524,#350,.T.);
#3146=EDGE_CURVE('',#2528,#2529,#1182,.T.);
#3147=EDGE_CURVE('',#2526,#2529,#351,.T.);
#3148=EDGE_CURVE('',#2530,#2528,#1183,.T.);
#3149=EDGE_CURVE('',#2530,#2531,#1184,.T.);
#3150=EDGE_CURVE('',#2529,#2531,#1185,.T.);
#3151=EDGE_CURVE('',#2525,#2530,#1186,.T.);
#3152=EDGE_CURVE('',#2531,#2527,#1187,.T.);
#3153=EDGE_CURVE('',#2532,#2533,#1188,.T.);
#3154=EDGE_CURVE('',#2533,#2534,#1189,.T.);
#3155=EDGE_CURVE('',#2535,#2534,#1190,.T.);
#3156=EDGE_CURVE('',#2532,#2535,#1191,.T.);
#3157=EDGE_CURVE('',#2536,#2532,#352,.T.);
#3158=EDGE_CURVE('',#2537,#2535,#353,.T.);
#3159=EDGE_CURVE('',#2536,#2537,#1192,.T.);
#3160=EDGE_CURVE('',#2538,#2536,#1193,.T.);
#3161=EDGE_CURVE('',#2539,#2537,#1194,.T.);
#3162=EDGE_CURVE('',#2538,#2539,#1195,.T.);
#3163=EDGE_CURVE('',#2540,#2538,#354,.T.);
#3164=EDGE_CURVE('',#2541,#2539,#355,.T.);
#3165=EDGE_CURVE('',#2540,#2541,#1196,.T.);
#3166=EDGE_CURVE('',#2542,#2540,#1197,.T.);
#3167=EDGE_CURVE('',#2543,#2541,#1198,.T.);
#3168=EDGE_CURVE('',#2542,#2543,#1199,.T.);
#3169=EDGE_CURVE('',#2544,#2542,#356,.T.);
#3170=EDGE_CURVE('',#2545,#2543,#357,.T.);
#3171=EDGE_CURVE('',#2544,#2545,#1200,.T.);
#3172=EDGE_CURVE('',#2546,#2544,#1201,.T.);
#3173=EDGE_CURVE('',#2547,#2545,#1202,.T.);
#3174=EDGE_CURVE('',#2546,#2547,#1203,.T.);
#3175=EDGE_CURVE('',#2533,#2546,#1204,.T.);
#3176=EDGE_CURVE('',#2534,#2547,#1205,.T.);
#3177=EDGE_CURVE('',#2548,#2549,#1206,.T.);
#3178=EDGE_CURVE('',#2549,#2550,#1207,.T.);
#3179=EDGE_CURVE('',#2551,#2550,#1208,.T.);
#3180=EDGE_CURVE('',#2548,#2551,#1209,.T.);
#3181=EDGE_CURVE('',#2552,#2548,#1210,.T.);
#3182=EDGE_CURVE('',#2553,#2551,#1211,.T.);
#3183=EDGE_CURVE('',#2552,#2553,#1212,.T.);
#3184=EDGE_CURVE('',#2554,#2552,#1213,.T.);
#3185=EDGE_CURVE('',#2555,#2553,#1214,.T.);
#3186=EDGE_CURVE('',#2554,#2555,#1215,.T.);
#3187=EDGE_CURVE('',#2549,#2554,#1216,.T.);
#3188=EDGE_CURVE('',#2550,#2555,#1217,.T.);
#3189=EDGE_CURVE('',#2556,#2557,#1218,.T.);
#3190=EDGE_CURVE('',#2557,#2558,#1219,.T.);
#3191=EDGE_CURVE('',#2559,#2558,#1220,.T.);
#3192=EDGE_CURVE('',#2556,#2559,#1221,.T.);
#3193=EDGE_CURVE('',#2560,#2556,#1222,.T.);
#3194=EDGE_CURVE('',#2561,#2559,#1223,.T.);
#3195=EDGE_CURVE('',#2560,#2561,#1224,.T.);
#3196=EDGE_CURVE('',#2562,#2560,#1225,.T.);
#3197=EDGE_CURVE('',#2563,#2561,#1226,.T.);
#3198=EDGE_CURVE('',#2562,#2563,#1227,.T.);
#3199=EDGE_CURVE('',#2564,#2562,#1228,.T.);
#3200=EDGE_CURVE('',#2565,#2563,#1229,.T.);
#3201=EDGE_CURVE('',#2564,#2565,#1230,.T.);
#3202=EDGE_CURVE('',#2566,#2564,#57,.T.);
#3203=EDGE_CURVE('',#2567,#2565,#58,.T.);
#3204=EDGE_CURVE('',#2566,#2567,#1231,.T.);
#3205=EDGE_CURVE('',#2568,#2566,#1232,.T.);
#3206=EDGE_CURVE('',#2569,#2567,#1233,.T.);
#3207=EDGE_CURVE('',#2568,#2569,#1234,.T.);
#3208=EDGE_CURVE('',#2570,#2568,#358,.T.);
#3209=EDGE_CURVE('',#2571,#2569,#359,.T.);
#3210=EDGE_CURVE('',#2570,#2571,#1235,.T.);
#3211=EDGE_CURVE('',#2572,#2570,#1236,.T.);
#3212=EDGE_CURVE('',#2573,#2571,#1237,.T.);
#3213=EDGE_CURVE('',#2572,#2573,#1238,.T.);
#3214=EDGE_CURVE('',#2574,#2572,#360,.T.);
#3215=EDGE_CURVE('',#2575,#2573,#361,.T.);
#3216=EDGE_CURVE('',#2574,#2575,#1239,.T.);
#3217=EDGE_CURVE('',#2576,#2574,#1240,.T.);
#3218=EDGE_CURVE('',#2577,#2575,#1241,.T.);
#3219=EDGE_CURVE('',#2576,#2577,#1242,.T.);
#3220=EDGE_CURVE('',#2557,#2576,#59,.T.);
#3221=EDGE_CURVE('',#2558,#2577,#60,.T.);
#3222=EDGE_CURVE('',#2578,#2579,#1243,.T.);
#3223=EDGE_CURVE('',#2579,#2580,#1244,.T.);
#3224=EDGE_CURVE('',#2581,#2580,#1245,.T.);
#3225=EDGE_CURVE('',#2578,#2581,#1246,.T.);
#3226=EDGE_CURVE('',#2582,#2578,#1247,.T.);
#3227=EDGE_CURVE('',#2583,#2581,#1248,.T.);
#3228=EDGE_CURVE('',#2582,#2583,#1249,.T.);
#3229=EDGE_CURVE('',#2584,#2582,#1250,.T.);
#3230=EDGE_CURVE('',#2585,#2583,#1251,.T.);
#3231=EDGE_CURVE('',#2584,#2585,#1252,.T.);
#3232=EDGE_CURVE('',#2579,#2584,#1253,.T.);
#3233=EDGE_CURVE('',#2580,#2585,#1254,.T.);
#3234=EDGE_CURVE('',#2586,#2587,#1255,.T.);
#3235=EDGE_CURVE('',#2587,#2588,#1256,.T.);
#3236=EDGE_CURVE('',#2589,#2588,#1257,.T.);
#3237=EDGE_CURVE('',#2586,#2589,#1258,.T.);
#3238=EDGE_CURVE('',#2590,#2586,#1259,.T.);
#3239=EDGE_CURVE('',#2591,#2589,#1260,.T.);
#3240=EDGE_CURVE('',#2590,#2591,#1261,.T.);
#3241=EDGE_CURVE('',#2592,#2590,#1262,.T.);
#3242=EDGE_CURVE('',#2593,#2591,#1263,.T.);
#3243=EDGE_CURVE('',#2592,#2593,#1264,.T.);
#3244=EDGE_CURVE('',#2594,#2592,#1265,.T.);
#3245=EDGE_CURVE('',#2595,#2593,#1266,.T.);
#3246=EDGE_CURVE('',#2594,#2595,#1267,.T.);
#3247=EDGE_CURVE('',#2596,#2594,#1268,.T.);
#3248=EDGE_CURVE('',#2597,#2595,#1269,.T.);
#3249=EDGE_CURVE('',#2596,#2597,#1270,.T.);
#3250=EDGE_CURVE('',#2598,#2596,#1271,.T.);
#3251=EDGE_CURVE('',#2599,#2597,#1272,.T.);
#3252=EDGE_CURVE('',#2598,#2599,#1273,.T.);
#3253=EDGE_CURVE('',#2600,#2598,#1274,.T.);
#3254=EDGE_CURVE('',#2601,#2599,#1275,.T.);
#3255=EDGE_CURVE('',#2600,#2601,#1276,.T.);
#3256=EDGE_CURVE('',#2602,#2600,#1277,.T.);
#3257=EDGE_CURVE('',#2603,#2601,#1278,.T.);
#3258=EDGE_CURVE('',#2602,#2603,#1279,.T.);
#3259=EDGE_CURVE('',#2604,#2602,#1280,.T.);
#3260=EDGE_CURVE('',#2605,#2603,#1281,.T.);
#3261=EDGE_CURVE('',#2604,#2605,#1282,.T.);
#3262=EDGE_CURVE('',#2606,#2604,#1283,.T.);
#3263=EDGE_CURVE('',#2607,#2605,#1284,.T.);
#3264=EDGE_CURVE('',#2606,#2607,#1285,.T.);
#3265=EDGE_CURVE('',#2608,#2606,#362,.T.);
#3266=EDGE_CURVE('',#2609,#2607,#363,.T.);
#3267=EDGE_CURVE('',#2608,#2609,#1286,.T.);
#3268=EDGE_CURVE('',#2610,#2608,#1287,.T.);
#3269=EDGE_CURVE('',#2611,#2609,#1288,.T.);
#3270=EDGE_CURVE('',#2610,#2611,#1289,.T.);
#3271=EDGE_CURVE('',#2612,#2610,#364,.T.);
#3272=EDGE_CURVE('',#2613,#2611,#365,.T.);
#3273=EDGE_CURVE('',#2612,#2613,#1290,.T.);
#3274=EDGE_CURVE('',#2587,#2612,#1291,.T.);
#3275=EDGE_CURVE('',#2588,#2613,#1292,.T.);
#3276=EDGE_CURVE('',#2614,#2615,#1293,.T.);
#3277=EDGE_CURVE('',#2615,#2616,#1294,.T.);
#3278=EDGE_CURVE('',#2617,#2616,#1295,.T.);
#3279=EDGE_CURVE('',#2614,#2617,#1296,.T.);
#3280=EDGE_CURVE('',#2618,#2614,#1297,.T.);
#3281=EDGE_CURVE('',#2619,#2617,#1298,.T.);
#3282=EDGE_CURVE('',#2618,#2619,#1299,.T.);
#3283=EDGE_CURVE('',#2620,#2618,#366,.T.);
#3284=EDGE_CURVE('',#2621,#2619,#367,.T.);
#3285=EDGE_CURVE('',#2620,#2621,#1300,.T.);
#3286=EDGE_CURVE('',#2622,#2620,#1301,.T.);
#3287=EDGE_CURVE('',#2623,#2621,#1302,.T.);
#3288=EDGE_CURVE('',#2622,#2623,#1303,.T.);
#3289=EDGE_CURVE('',#2624,#2622,#1304,.T.);
#3290=EDGE_CURVE('',#2625,#2623,#1305,.T.);
#3291=EDGE_CURVE('',#2624,#2625,#1306,.T.);
#3292=EDGE_CURVE('',#2626,#2624,#1307,.T.);
#3293=EDGE_CURVE('',#2627,#2625,#1308,.T.);
#3294=EDGE_CURVE('',#2626,#2627,#1309,.T.);
#3295=EDGE_CURVE('',#2628,#2626,#368,.T.);
#3296=EDGE_CURVE('',#2629,#2627,#369,.T.);
#3297=EDGE_CURVE('',#2628,#2629,#1310,.T.);
#3298=EDGE_CURVE('',#2630,#2628,#1311,.T.);
#3299=EDGE_CURVE('',#2631,#2629,#1312,.T.);
#3300=EDGE_CURVE('',#2630,#2631,#1313,.T.);
#3301=EDGE_CURVE('',#2632,#2630,#1314,.T.);
#3302=EDGE_CURVE('',#2633,#2631,#1315,.T.);
#3303=EDGE_CURVE('',#2632,#2633,#1316,.T.);
#3304=EDGE_CURVE('',#2615,#2632,#1317,.T.);
#3305=EDGE_CURVE('',#2616,#2633,#1318,.T.);
#3306=EDGE_CURVE('',#2634,#2635,#1319,.T.);
#3307=EDGE_CURVE('',#2635,#2636,#1320,.T.);
#3308=EDGE_CURVE('',#2637,#2636,#1321,.T.);
#3309=EDGE_CURVE('',#2634,#2637,#1322,.T.);
#3310=EDGE_CURVE('',#2638,#2634,#1323,.T.);
#3311=EDGE_CURVE('',#2639,#2637,#1324,.T.);
#3312=EDGE_CURVE('',#2638,#2639,#1325,.T.);
#3313=EDGE_CURVE('',#2640,#2638,#1326,.T.);
#3314=EDGE_CURVE('',#2641,#2639,#1327,.T.);
#3315=EDGE_CURVE('',#2640,#2641,#1328,.T.);
#3316=EDGE_CURVE('',#2635,#2640,#1329,.T.);
#3317=EDGE_CURVE('',#2636,#2641,#1330,.T.);
#3318=EDGE_CURVE('',#2642,#2642,#61,.T.);
#3319=EDGE_CURVE('',#2643,#2643,#62,.T.);
#3320=EDGE_CURVE('',#2644,#2644,#63,.T.);
#3321=EDGE_CURVE('',#2645,#2645,#64,.T.);
#3322=EDGE_CURVE('',#2646,#2646,#65,.T.);
#3323=EDGE_CURVE('',#2647,#2647,#66,.T.);
#3324=EDGE_CURVE('',#2648,#2649,#38,.T.);
#3325=EDGE_CURVE('',#2649,#2650,#1331,.T.);
#3326=EDGE_CURVE('',#2650,#2651,#18,.T.);
#3327=EDGE_CURVE('',#2651,#2652,#1332,.T.);
#3328=EDGE_CURVE('',#2652,#2653,#39,.T.);
#3329=EDGE_CURVE('',#2653,#2648,#19,.T.);
#3330=EDGE_CURVE('',#2652,#2654,#1333,.T.);
#3331=EDGE_CURVE('',#2655,#2654,#40,.T.);
#3332=EDGE_CURVE('',#2655,#2653,#1334,.T.);
#3333=EDGE_CURVE('',#2651,#2656,#1335,.T.);
#3334=EDGE_CURVE('',#2654,#2656,#1336,.T.);
#3335=EDGE_CURVE('',#2657,#2650,#1337,.T.);
#3336=EDGE_CURVE('',#2658,#2657,#20,.T.);
#3337=EDGE_CURVE('',#2659,#2658,#1338,.T.);
#3338=EDGE_CURVE('',#2660,#2659,#21,.T.);
#3339=EDGE_CURVE('',#2661,#2660,#1339,.T.);
#3340=EDGE_CURVE('',#2656,#2661,#22,.T.);
#3341=EDGE_CURVE('',#2657,#2662,#1340,.T.);
#3342=EDGE_CURVE('',#2662,#2663,#41,.T.);
#3343=EDGE_CURVE('',#2663,#2664,#42,.T.);
#3344=EDGE_CURVE('',#2664,#2658,#1341,.T.);
#3345=EDGE_CURVE('',#2665,#2664,#1342,.T.);
#3346=EDGE_CURVE('',#2659,#2665,#1343,.T.);
#3347=EDGE_CURVE('',#2666,#2663,#23,.T.);
#3348=EDGE_CURVE('',#2666,#2667,#1344,.T.);
#3349=EDGE_CURVE('',#2668,#2667,#24,.T.);
#3350=EDGE_CURVE('',#2665,#2668,#43,.T.);
#3351=EDGE_CURVE('',#2648,#2669,#25,.T.);
#3352=EDGE_CURVE('',#2670,#2669,#26,.T.);
#3353=EDGE_CURVE('',#2670,#2666,#1345,.T.);
#3354=EDGE_CURVE('',#2662,#2649,#1346,.T.);
#3355=EDGE_CURVE('',#2668,#2671,#44,.T.);
#3356=EDGE_CURVE('',#2671,#2660,#1347,.T.);
#3357=EDGE_CURVE('',#2672,#2671,#1348,.T.);
#3358=EDGE_CURVE('',#2661,#2672,#1349,.T.);
#3359=EDGE_CURVE('',#2667,#2673,#1350,.T.);
#3360=EDGE_CURVE('',#2673,#2674,#27,.T.);
#3361=EDGE_CURVE('',#2674,#2675,#28,.T.);
#3362=EDGE_CURVE('',#2672,#2675,#45,.T.);
#3363=EDGE_CURVE('',#2675,#2655,#29,.T.);
#3364=EDGE_CURVE('',#2669,#2674,#1351,.T.);
#3365=EDGE_CURVE('',#2673,#2670,#1352,.T.);
#3366=EDGE_CURVE('',#2676,#2676,#67,.T.);
#3367=EDGE_CURVE('',#2677,#2677,#68,.T.);
#3368=EDGE_CURVE('',#2678,#2679,#1353,.T.);
#3369=EDGE_CURVE('',#2679,#2680,#1354,.T.);
#3370=EDGE_CURVE('',#2681,#2680,#1355,.T.);
#3371=EDGE_CURVE('',#2678,#2681,#1356,.T.);
#3372=EDGE_CURVE('',#2682,#2678,#1357,.T.);
#3373=EDGE_CURVE('',#2683,#2681,#1358,.T.);
#3374=EDGE_CURVE('',#2682,#2683,#1359,.T.);
#3375=EDGE_CURVE('',#2684,#2682,#69,.T.);
#3376=EDGE_CURVE('',#2685,#2683,#70,.T.);
#3377=EDGE_CURVE('',#2684,#2685,#1360,.T.);
#3378=EDGE_CURVE('',#2686,#2684,#1361,.T.);
#3379=EDGE_CURVE('',#2687,#2685,#1362,.T.);
#3380=EDGE_CURVE('',#2686,#2687,#1363,.T.);
#3381=EDGE_CURVE('',#2688,#2686,#71,.T.);
#3382=EDGE_CURVE('',#2689,#2687,#72,.T.);
#3383=EDGE_CURVE('',#2688,#2689,#1364,.T.);
#3384=EDGE_CURVE('',#2690,#2688,#1365,.T.);
#3385=EDGE_CURVE('',#2691,#2689,#1366,.T.);
#3386=EDGE_CURVE('',#2690,#2691,#1367,.T.);
#3387=EDGE_CURVE('',#2692,#2690,#1368,.T.);
#3388=EDGE_CURVE('',#2693,#2691,#1369,.T.);
#3389=EDGE_CURVE('',#2692,#2693,#1370,.T.);
#3390=EDGE_CURVE('',#2694,#2692,#1371,.T.);
#3391=EDGE_CURVE('',#2695,#2693,#1372,.T.);
#3392=EDGE_CURVE('',#2694,#2695,#1373,.T.);
#3393=EDGE_CURVE('',#2696,#2694,#73,.T.);
#3394=EDGE_CURVE('',#2697,#2695,#74,.T.);
#3395=EDGE_CURVE('',#2696,#2697,#1374,.T.);
#3396=EDGE_CURVE('',#2698,#2696,#1375,.T.);
#3397=EDGE_CURVE('',#2699,#2697,#1376,.T.);
#3398=EDGE_CURVE('',#2698,#2699,#1377,.T.);
#3399=EDGE_CURVE('',#2700,#2698,#75,.T.);
#3400=EDGE_CURVE('',#2701,#2699,#76,.T.);
#3401=EDGE_CURVE('',#2700,#2701,#1378,.T.);
#3402=EDGE_CURVE('',#2679,#2700,#1379,.T.);
#3403=EDGE_CURVE('',#2680,#2701,#1380,.T.);
#3404=EDGE_CURVE('',#2702,#2703,#1381,.T.);
#3405=EDGE_CURVE('',#2703,#2704,#1382,.T.);
#3406=EDGE_CURVE('',#2705,#2704,#1383,.T.);
#3407=EDGE_CURVE('',#2702,#2705,#1384,.T.);
#3408=EDGE_CURVE('',#2706,#2702,#1385,.T.);
#3409=EDGE_CURVE('',#2707,#2705,#1386,.T.);
#3410=EDGE_CURVE('',#2706,#2707,#1387,.T.);
#3411=EDGE_CURVE('',#2708,#2706,#77,.T.);
#3412=EDGE_CURVE('',#2709,#2707,#78,.T.);
#3413=EDGE_CURVE('',#2708,#2709,#1388,.T.);
#3414=EDGE_CURVE('',#2710,#2708,#1389,.T.);
#3415=EDGE_CURVE('',#2711,#2709,#1390,.T.);
#3416=EDGE_CURVE('',#2710,#2711,#1391,.T.);
#3417=EDGE_CURVE('',#2712,#2710,#79,.T.);
#3418=EDGE_CURVE('',#2713,#2711,#80,.T.);
#3419=EDGE_CURVE('',#2712,#2713,#1392,.T.);
#3420=EDGE_CURVE('',#2714,#2712,#1393,.T.);
#3421=EDGE_CURVE('',#2715,#2713,#1394,.T.);
#3422=EDGE_CURVE('',#2714,#2715,#1395,.T.);
#3423=EDGE_CURVE('',#2716,#2714,#1396,.T.);
#3424=EDGE_CURVE('',#2717,#2715,#1397,.T.);
#3425=EDGE_CURVE('',#2716,#2717,#1398,.T.);
#3426=EDGE_CURVE('',#2718,#2716,#1399,.T.);
#3427=EDGE_CURVE('',#2719,#2717,#1400,.T.);
#3428=EDGE_CURVE('',#2718,#2719,#1401,.T.);
#3429=EDGE_CURVE('',#2720,#2718,#81,.T.);
#3430=EDGE_CURVE('',#2721,#2719,#82,.T.);
#3431=EDGE_CURVE('',#2720,#2721,#1402,.T.);
#3432=EDGE_CURVE('',#2722,#2720,#1403,.T.);
#3433=EDGE_CURVE('',#2723,#2721,#1404,.T.);
#3434=EDGE_CURVE('',#2722,#2723,#1405,.T.);
#3435=EDGE_CURVE('',#2724,#2722,#83,.T.);
#3436=EDGE_CURVE('',#2725,#2723,#84,.T.);
#3437=EDGE_CURVE('',#2724,#2725,#1406,.T.);
#3438=EDGE_CURVE('',#2703,#2724,#1407,.T.);
#3439=EDGE_CURVE('',#2704,#2725,#1408,.T.);
#3440=EDGE_CURVE('',#2726,#2727,#1409,.T.);
#3441=EDGE_CURVE('',#2727,#2728,#1410,.T.);
#3442=EDGE_CURVE('',#2729,#2728,#1411,.T.);
#3443=EDGE_CURVE('',#2726,#2729,#1412,.T.);
#3444=EDGE_CURVE('',#2730,#2726,#1413,.T.);
#3445=EDGE_CURVE('',#2731,#2729,#1414,.T.);
#3446=EDGE_CURVE('',#2730,#2731,#1415,.T.);
#3447=EDGE_CURVE('',#2732,#2730,#85,.T.);
#3448=EDGE_CURVE('',#2733,#2731,#86,.T.);
#3449=EDGE_CURVE('',#2732,#2733,#1416,.T.);
#3450=EDGE_CURVE('',#2734,#2732,#1417,.T.);
#3451=EDGE_CURVE('',#2735,#2733,#1418,.T.);
#3452=EDGE_CURVE('',#2734,#2735,#1419,.T.);
#3453=EDGE_CURVE('',#2736,#2734,#87,.T.);
#3454=EDGE_CURVE('',#2737,#2735,#88,.T.);
#3455=EDGE_CURVE('',#2736,#2737,#1420,.T.);
#3456=EDGE_CURVE('',#2738,#2736,#1421,.T.);
#3457=EDGE_CURVE('',#2739,#2737,#1422,.T.);
#3458=EDGE_CURVE('',#2738,#2739,#1423,.T.);
#3459=EDGE_CURVE('',#2740,#2738,#1424,.T.);
#3460=EDGE_CURVE('',#2741,#2739,#1425,.T.);
#3461=EDGE_CURVE('',#2740,#2741,#1426,.T.);
#3462=EDGE_CURVE('',#2742,#2740,#1427,.T.);
#3463=EDGE_CURVE('',#2743,#2741,#1428,.T.);
#3464=EDGE_CURVE('',#2742,#2743,#1429,.T.);
#3465=EDGE_CURVE('',#2744,#2742,#89,.T.);
#3466=EDGE_CURVE('',#2745,#2743,#90,.T.);
#3467=EDGE_CURVE('',#2744,#2745,#1430,.T.);
#3468=EDGE_CURVE('',#2746,#2744,#1431,.T.);
#3469=EDGE_CURVE('',#2747,#2745,#1432,.T.);
#3470=EDGE_CURVE('',#2746,#2747,#1433,.T.);
#3471=EDGE_CURVE('',#2748,#2746,#91,.T.);
#3472=EDGE_CURVE('',#2749,#2747,#92,.T.);
#3473=EDGE_CURVE('',#2748,#2749,#1434,.T.);
#3474=EDGE_CURVE('',#2727,#2748,#1435,.T.);
#3475=EDGE_CURVE('',#2728,#2749,#1436,.T.);
#3476=EDGE_CURVE('',#2750,#2751,#1437,.T.);
#3477=EDGE_CURVE('',#2750,#2752,#1438,.T.);
#3478=EDGE_CURVE('',#2752,#2753,#1439,.T.);
#3479=EDGE_CURVE('',#2751,#2753,#1440,.T.);
#3480=EDGE_CURVE('',#2754,#2750,#1441,.T.);
#3481=EDGE_CURVE('',#2754,#2755,#1442,.T.);
#3482=EDGE_CURVE('',#2755,#2752,#1443,.T.);
#3483=EDGE_CURVE('',#2756,#2754,#93,.T.);
#3484=EDGE_CURVE('',#2756,#2757,#1444,.T.);
#3485=EDGE_CURVE('',#2757,#2755,#94,.T.);
#3486=EDGE_CURVE('',#2758,#2756,#1445,.T.);
#3487=EDGE_CURVE('',#2758,#2759,#1446,.T.);
#3488=EDGE_CURVE('',#2759,#2757,#1447,.T.);
#3489=EDGE_CURVE('',#2760,#2758,#95,.T.);
#3490=EDGE_CURVE('',#2760,#2761,#1448,.T.);
#3491=EDGE_CURVE('',#2761,#2759,#96,.T.);
#3492=EDGE_CURVE('',#2762,#2760,#1449,.T.);
#3493=EDGE_CURVE('',#2762,#2763,#1450,.T.);
#3494=EDGE_CURVE('',#2763,#2761,#1451,.T.);
#3495=EDGE_CURVE('',#2764,#2762,#1452,.T.);
#3496=EDGE_CURVE('',#2764,#2765,#1453,.T.);
#3497=EDGE_CURVE('',#2765,#2763,#1454,.T.);
#3498=EDGE_CURVE('',#2766,#2764,#1455,.T.);
#3499=EDGE_CURVE('',#2766,#2767,#1456,.T.);
#3500=EDGE_CURVE('',#2767,#2765,#1457,.T.);
#3501=EDGE_CURVE('',#2768,#2766,#97,.T.);
#3502=EDGE_CURVE('',#2768,#2769,#1458,.T.);
#3503=EDGE_CURVE('',#2769,#2767,#98,.T.);
#3504=EDGE_CURVE('',#2770,#2768,#1459,.T.);
#3505=EDGE_CURVE('',#2770,#2771,#1460,.T.);
#3506=EDGE_CURVE('',#2771,#2769,#1461,.T.);
#3507=EDGE_CURVE('',#2772,#2770,#99,.T.);
#3508=EDGE_CURVE('',#2772,#2773,#1462,.T.);
#3509=EDGE_CURVE('',#2773,#2771,#100,.T.);
#3510=EDGE_CURVE('',#2751,#2772,#1463,.T.);
#3511=EDGE_CURVE('',#2753,#2773,#1464,.T.);
#3512=EDGE_CURVE('',#2774,#2775,#1465,.T.);
#3513=EDGE_CURVE('',#2775,#2776,#1466,.T.);
#3514=EDGE_CURVE('',#2777,#2776,#1467,.T.);
#3515=EDGE_CURVE('',#2774,#2777,#1468,.T.);
#3516=EDGE_CURVE('',#2778,#2774,#1469,.T.);
#3517=EDGE_CURVE('',#2779,#2777,#1470,.T.);
#3518=EDGE_CURVE('',#2778,#2779,#1471,.T.);
#3519=EDGE_CURVE('',#2780,#2778,#101,.T.);
#3520=EDGE_CURVE('',#2781,#2779,#102,.T.);
#3521=EDGE_CURVE('',#2780,#2781,#1472,.T.);
#3522=EDGE_CURVE('',#2782,#2780,#1473,.T.);
#3523=EDGE_CURVE('',#2783,#2781,#1474,.T.);
#3524=EDGE_CURVE('',#2782,#2783,#1475,.T.);
#3525=EDGE_CURVE('',#2784,#2782,#103,.T.);
#3526=EDGE_CURVE('',#2785,#2783,#104,.T.);
#3527=EDGE_CURVE('',#2784,#2785,#1476,.T.);
#3528=EDGE_CURVE('',#2786,#2784,#1477,.T.);
#3529=EDGE_CURVE('',#2787,#2785,#1478,.T.);
#3530=EDGE_CURVE('',#2786,#2787,#1479,.T.);
#3531=EDGE_CURVE('',#2788,#2786,#1480,.T.);
#3532=EDGE_CURVE('',#2789,#2787,#1481,.T.);
#3533=EDGE_CURVE('',#2788,#2789,#1482,.T.);
#3534=EDGE_CURVE('',#2790,#2788,#1483,.T.);
#3535=EDGE_CURVE('',#2791,#2789,#1484,.T.);
#3536=EDGE_CURVE('',#2790,#2791,#1485,.T.);
#3537=EDGE_CURVE('',#2792,#2790,#105,.T.);
#3538=EDGE_CURVE('',#2793,#2791,#106,.T.);
#3539=EDGE_CURVE('',#2792,#2793,#1486,.T.);
#3540=EDGE_CURVE('',#2794,#2792,#1487,.T.);
#3541=EDGE_CURVE('',#2795,#2793,#1488,.T.);
#3542=EDGE_CURVE('',#2794,#2795,#1489,.T.);
#3543=EDGE_CURVE('',#2796,#2794,#107,.T.);
#3544=EDGE_CURVE('',#2797,#2795,#108,.T.);
#3545=EDGE_CURVE('',#2796,#2797,#1490,.T.);
#3546=EDGE_CURVE('',#2775,#2796,#1491,.T.);
#3547=EDGE_CURVE('',#2776,#2797,#1492,.T.);
#3548=EDGE_CURVE('',#2798,#2799,#1493,.T.);
#3549=EDGE_CURVE('',#2798,#2800,#1494,.T.);
#3550=EDGE_CURVE('',#2800,#2801,#1495,.T.);
#3551=EDGE_CURVE('',#2799,#2801,#1496,.T.);
#3552=EDGE_CURVE('',#2802,#2798,#1497,.T.);
#3553=EDGE_CURVE('',#2802,#2803,#1498,.T.);
#3554=EDGE_CURVE('',#2803,#2800,#1499,.T.);
#3555=EDGE_CURVE('',#2804,#2802,#109,.T.);
#3556=EDGE_CURVE('',#2804,#2805,#1500,.T.);
#3557=EDGE_CURVE('',#2805,#2803,#110,.T.);
#3558=EDGE_CURVE('',#2806,#2804,#1501,.T.);
#3559=EDGE_CURVE('',#2806,#2807,#1502,.T.);
#3560=EDGE_CURVE('',#2807,#2805,#1503,.T.);
#3561=EDGE_CURVE('',#2808,#2806,#111,.T.);
#3562=EDGE_CURVE('',#2808,#2809,#1504,.T.);
#3563=EDGE_CURVE('',#2809,#2807,#112,.T.);
#3564=EDGE_CURVE('',#2810,#2808,#1505,.T.);
#3565=EDGE_CURVE('',#2810,#2811,#1506,.T.);
#3566=EDGE_CURVE('',#2811,#2809,#1507,.T.);
#3567=EDGE_CURVE('',#2812,#2810,#1508,.T.);
#3568=EDGE_CURVE('',#2812,#2813,#1509,.T.);
#3569=EDGE_CURVE('',#2813,#2811,#1510,.T.);
#3570=EDGE_CURVE('',#2814,#2812,#1511,.T.);
#3571=EDGE_CURVE('',#2814,#2815,#1512,.T.);
#3572=EDGE_CURVE('',#2815,#2813,#1513,.T.);
#3573=EDGE_CURVE('',#2816,#2814,#113,.T.);
#3574=EDGE_CURVE('',#2816,#2817,#1514,.T.);
#3575=EDGE_CURVE('',#2817,#2815,#114,.T.);
#3576=EDGE_CURVE('',#2818,#2816,#1515,.T.);
#3577=EDGE_CURVE('',#2818,#2819,#1516,.T.);
#3578=EDGE_CURVE('',#2819,#2817,#1517,.T.);
#3579=EDGE_CURVE('',#2820,#2818,#115,.T.);
#3580=EDGE_CURVE('',#2820,#2821,#1518,.T.);
#3581=EDGE_CURVE('',#2821,#2819,#116,.T.);
#3582=EDGE_CURVE('',#2799,#2820,#1519,.T.);
#3583=EDGE_CURVE('',#2801,#2821,#1520,.T.);
#3584=EDGE_CURVE('',#2822,#2823,#1521,.T.);
#3585=EDGE_CURVE('',#2823,#2824,#1522,.T.);
#3586=EDGE_CURVE('',#2825,#2824,#1523,.T.);
#3587=EDGE_CURVE('',#2822,#2825,#1524,.T.);
#3588=EDGE_CURVE('',#2826,#2822,#1525,.T.);
#3589=EDGE_CURVE('',#2827,#2825,#1526,.T.);
#3590=EDGE_CURVE('',#2826,#2827,#1527,.T.);
#3591=EDGE_CURVE('',#2828,#2826,#117,.T.);
#3592=EDGE_CURVE('',#2829,#2827,#118,.T.);
#3593=EDGE_CURVE('',#2828,#2829,#1528,.T.);
#3594=EDGE_CURVE('',#2830,#2828,#1529,.T.);
#3595=EDGE_CURVE('',#2831,#2829,#1530,.T.);
#3596=EDGE_CURVE('',#2830,#2831,#1531,.T.);
#3597=EDGE_CURVE('',#2832,#2830,#119,.T.);
#3598=EDGE_CURVE('',#2833,#2831,#120,.T.);
#3599=EDGE_CURVE('',#2832,#2833,#1532,.T.);
#3600=EDGE_CURVE('',#2834,#2832,#1533,.T.);
#3601=EDGE_CURVE('',#2835,#2833,#1534,.T.);
#3602=EDGE_CURVE('',#2834,#2835,#1535,.T.);
#3603=EDGE_CURVE('',#2836,#2834,#1536,.T.);
#3604=EDGE_CURVE('',#2837,#2835,#1537,.T.);
#3605=EDGE_CURVE('',#2836,#2837,#1538,.T.);
#3606=EDGE_CURVE('',#2838,#2836,#1539,.T.);
#3607=EDGE_CURVE('',#2839,#2837,#1540,.T.);
#3608=EDGE_CURVE('',#2838,#2839,#1541,.T.);
#3609=EDGE_CURVE('',#2840,#2838,#121,.T.);
#3610=EDGE_CURVE('',#2841,#2839,#122,.T.);
#3611=EDGE_CURVE('',#2840,#2841,#1542,.T.);
#3612=EDGE_CURVE('',#2842,#2840,#1543,.T.);
#3613=EDGE_CURVE('',#2843,#2841,#1544,.T.);
#3614=EDGE_CURVE('',#2842,#2843,#1545,.T.);
#3615=EDGE_CURVE('',#2844,#2842,#123,.T.);
#3616=EDGE_CURVE('',#2845,#2843,#124,.T.);
#3617=EDGE_CURVE('',#2844,#2845,#1546,.T.);
#3618=EDGE_CURVE('',#2823,#2844,#1547,.T.);
#3619=EDGE_CURVE('',#2824,#2845,#1548,.T.);
#3620=EDGE_CURVE('',#2846,#2847,#1549,.T.);
#3621=EDGE_CURVE('',#2846,#2848,#1550,.T.);
#3622=EDGE_CURVE('',#2848,#2849,#1551,.T.);
#3623=EDGE_CURVE('',#2847,#2849,#1552,.T.);
#3624=EDGE_CURVE('',#2850,#2846,#1553,.T.);
#3625=EDGE_CURVE('',#2850,#2851,#1554,.T.);
#3626=EDGE_CURVE('',#2851,#2848,#1555,.T.);
#3627=EDGE_CURVE('',#2852,#2850,#125,.T.);
#3628=EDGE_CURVE('',#2852,#2853,#1556,.T.);
#3629=EDGE_CURVE('',#2853,#2851,#126,.T.);
#3630=EDGE_CURVE('',#2854,#2852,#1557,.T.);
#3631=EDGE_CURVE('',#2854,#2855,#1558,.T.);
#3632=EDGE_CURVE('',#2855,#2853,#1559,.T.);
#3633=EDGE_CURVE('',#2856,#2854,#127,.T.);
#3634=EDGE_CURVE('',#2856,#2857,#1560,.T.);
#3635=EDGE_CURVE('',#2857,#2855,#128,.T.);
#3636=EDGE_CURVE('',#2858,#2856,#1561,.T.);
#3637=EDGE_CURVE('',#2858,#2859,#1562,.T.);
#3638=EDGE_CURVE('',#2859,#2857,#1563,.T.);
#3639=EDGE_CURVE('',#2860,#2858,#1564,.T.);
#3640=EDGE_CURVE('',#2860,#2861,#1565,.T.);
#3641=EDGE_CURVE('',#2861,#2859,#1566,.T.);
#3642=EDGE_CURVE('',#2862,#2860,#1567,.T.);
#3643=EDGE_CURVE('',#2862,#2863,#1568,.T.);
#3644=EDGE_CURVE('',#2863,#2861,#1569,.T.);
#3645=EDGE_CURVE('',#2864,#2862,#129,.T.);
#3646=EDGE_CURVE('',#2864,#2865,#1570,.T.);
#3647=EDGE_CURVE('',#2865,#2863,#130,.T.);
#3648=EDGE_CURVE('',#2866,#2864,#1571,.T.);
#3649=EDGE_CURVE('',#2866,#2867,#1572,.T.);
#3650=EDGE_CURVE('',#2867,#2865,#1573,.T.);
#3651=EDGE_CURVE('',#2868,#2866,#131,.T.);
#3652=EDGE_CURVE('',#2868,#2869,#1574,.T.);
#3653=EDGE_CURVE('',#2869,#2867,#132,.T.);
#3654=EDGE_CURVE('',#2847,#2868,#1575,.T.);
#3655=EDGE_CURVE('',#2849,#2869,#1576,.T.);
#3656=EDGE_CURVE('',#2870,#2871,#1577,.T.);
#3657=EDGE_CURVE('',#2871,#2872,#1578,.T.);
#3658=EDGE_CURVE('',#2873,#2872,#1579,.T.);
#3659=EDGE_CURVE('',#2870,#2873,#1580,.T.);
#3660=EDGE_CURVE('',#2874,#2870,#1581,.T.);
#3661=EDGE_CURVE('',#2875,#2873,#1582,.T.);
#3662=EDGE_CURVE('',#2874,#2875,#1583,.T.);
#3663=EDGE_CURVE('',#2876,#2874,#133,.T.);
#3664=EDGE_CURVE('',#2877,#2875,#134,.T.);
#3665=EDGE_CURVE('',#2876,#2877,#1584,.T.);
#3666=EDGE_CURVE('',#2878,#2876,#1585,.T.);
#3667=EDGE_CURVE('',#2879,#2877,#1586,.T.);
#3668=EDGE_CURVE('',#2878,#2879,#1587,.T.);
#3669=EDGE_CURVE('',#2880,#2878,#135,.T.);
#3670=EDGE_CURVE('',#2881,#2879,#136,.T.);
#3671=EDGE_CURVE('',#2880,#2881,#1588,.T.);
#3672=EDGE_CURVE('',#2882,#2880,#1589,.T.);
#3673=EDGE_CURVE('',#2883,#2881,#1590,.T.);
#3674=EDGE_CURVE('',#2882,#2883,#1591,.T.);
#3675=EDGE_CURVE('',#2884,#2882,#1592,.T.);
#3676=EDGE_CURVE('',#2885,#2883,#1593,.T.);
#3677=EDGE_CURVE('',#2884,#2885,#1594,.T.);
#3678=EDGE_CURVE('',#2886,#2884,#1595,.T.);
#3679=EDGE_CURVE('',#2887,#2885,#1596,.T.);
#3680=EDGE_CURVE('',#2886,#2887,#1597,.T.);
#3681=EDGE_CURVE('',#2888,#2886,#137,.T.);
#3682=EDGE_CURVE('',#2889,#2887,#138,.T.);
#3683=EDGE_CURVE('',#2888,#2889,#1598,.T.);
#3684=EDGE_CURVE('',#2890,#2888,#1599,.T.);
#3685=EDGE_CURVE('',#2891,#2889,#1600,.T.);
#3686=EDGE_CURVE('',#2890,#2891,#1601,.T.);
#3687=EDGE_CURVE('',#2892,#2890,#139,.T.);
#3688=EDGE_CURVE('',#2893,#2891,#140,.T.);
#3689=EDGE_CURVE('',#2892,#2893,#1602,.T.);
#3690=EDGE_CURVE('',#2871,#2892,#1603,.T.);
#3691=EDGE_CURVE('',#2872,#2893,#1604,.T.);
#3692=EDGE_CURVE('',#2894,#2895,#1605,.T.);
#3693=EDGE_CURVE('',#2894,#2896,#1606,.T.);
#3694=EDGE_CURVE('',#2896,#2897,#1607,.T.);
#3695=EDGE_CURVE('',#2895,#2897,#1608,.T.);
#3696=EDGE_CURVE('',#2898,#2894,#1609,.T.);
#3697=EDGE_CURVE('',#2898,#2899,#1610,.T.);
#3698=EDGE_CURVE('',#2899,#2896,#1611,.T.);
#3699=EDGE_CURVE('',#2900,#2898,#141,.T.);
#3700=EDGE_CURVE('',#2900,#2901,#1612,.T.);
#3701=EDGE_CURVE('',#2901,#2899,#142,.T.);
#3702=EDGE_CURVE('',#2902,#2900,#1613,.T.);
#3703=EDGE_CURVE('',#2902,#2903,#1614,.T.);
#3704=EDGE_CURVE('',#2903,#2901,#1615,.T.);
#3705=EDGE_CURVE('',#2904,#2902,#143,.T.);
#3706=EDGE_CURVE('',#2904,#2905,#1616,.T.);
#3707=EDGE_CURVE('',#2905,#2903,#144,.T.);
#3708=EDGE_CURVE('',#2906,#2904,#1617,.T.);
#3709=EDGE_CURVE('',#2906,#2907,#1618,.T.);
#3710=EDGE_CURVE('',#2907,#2905,#1619,.T.);
#3711=EDGE_CURVE('',#2908,#2906,#1620,.T.);
#3712=EDGE_CURVE('',#2908,#2909,#1621,.T.);
#3713=EDGE_CURVE('',#2909,#2907,#1622,.T.);
#3714=EDGE_CURVE('',#2910,#2908,#1623,.T.);
#3715=EDGE_CURVE('',#2910,#2911,#1624,.T.);
#3716=EDGE_CURVE('',#2911,#2909,#1625,.T.);
#3717=EDGE_CURVE('',#2912,#2910,#145,.T.);
#3718=EDGE_CURVE('',#2912,#2913,#1626,.T.);
#3719=EDGE_CURVE('',#2913,#2911,#146,.T.);
#3720=EDGE_CURVE('',#2914,#2912,#1627,.T.);
#3721=EDGE_CURVE('',#2914,#2915,#1628,.T.);
#3722=EDGE_CURVE('',#2915,#2913,#1629,.T.);
#3723=EDGE_CURVE('',#2916,#2914,#147,.T.);
#3724=EDGE_CURVE('',#2916,#2917,#1630,.T.);
#3725=EDGE_CURVE('',#2917,#2915,#148,.T.);
#3726=EDGE_CURVE('',#2895,#2916,#1631,.T.);
#3727=EDGE_CURVE('',#2897,#2917,#1632,.T.);
#3728=EDGE_CURVE('',#2918,#2919,#1633,.T.);
#3729=EDGE_CURVE('',#2919,#2920,#1634,.T.);
#3730=EDGE_CURVE('',#2921,#2920,#1635,.T.);
#3731=EDGE_CURVE('',#2918,#2921,#1636,.T.);
#3732=EDGE_CURVE('',#2922,#2918,#1637,.T.);
#3733=EDGE_CURVE('',#2923,#2921,#1638,.T.);
#3734=EDGE_CURVE('',#2922,#2923,#1639,.T.);
#3735=EDGE_CURVE('',#2924,#2922,#149,.T.);
#3736=EDGE_CURVE('',#2925,#2923,#150,.T.);
#3737=EDGE_CURVE('',#2924,#2925,#1640,.T.);
#3738=EDGE_CURVE('',#2926,#2924,#1641,.T.);
#3739=EDGE_CURVE('',#2927,#2925,#1642,.T.);
#3740=EDGE_CURVE('',#2926,#2927,#1643,.T.);
#3741=EDGE_CURVE('',#2928,#2926,#151,.T.);
#3742=EDGE_CURVE('',#2929,#2927,#152,.T.);
#3743=EDGE_CURVE('',#2928,#2929,#1644,.T.);
#3744=EDGE_CURVE('',#2930,#2928,#1645,.T.);
#3745=EDGE_CURVE('',#2931,#2929,#1646,.T.);
#3746=EDGE_CURVE('',#2930,#2931,#1647,.T.);
#3747=EDGE_CURVE('',#2932,#2930,#1648,.T.);
#3748=EDGE_CURVE('',#2933,#2931,#1649,.T.);
#3749=EDGE_CURVE('',#2932,#2933,#1650,.T.);
#3750=EDGE_CURVE('',#2934,#2932,#1651,.T.);
#3751=EDGE_CURVE('',#2935,#2933,#1652,.T.);
#3752=EDGE_CURVE('',#2934,#2935,#1653,.T.);
#3753=EDGE_CURVE('',#2936,#2934,#153,.T.);
#3754=EDGE_CURVE('',#2937,#2935,#154,.T.);
#3755=EDGE_CURVE('',#2936,#2937,#1654,.T.);
#3756=EDGE_CURVE('',#2938,#2936,#1655,.T.);
#3757=EDGE_CURVE('',#2939,#2937,#1656,.T.);
#3758=EDGE_CURVE('',#2938,#2939,#1657,.T.);
#3759=EDGE_CURVE('',#2940,#2938,#155,.T.);
#3760=EDGE_CURVE('',#2941,#2939,#156,.T.);
#3761=EDGE_CURVE('',#2940,#2941,#1658,.T.);
#3762=EDGE_CURVE('',#2919,#2940,#1659,.T.);
#3763=EDGE_CURVE('',#2920,#2941,#1660,.T.);
#3764=EDGE_CURVE('',#2942,#2943,#1661,.T.);
#3765=EDGE_CURVE('',#2942,#2944,#1662,.T.);
#3766=EDGE_CURVE('',#2944,#2945,#1663,.T.);
#3767=EDGE_CURVE('',#2943,#2945,#1664,.T.);
#3768=EDGE_CURVE('',#2946,#2942,#1665,.T.);
#3769=EDGE_CURVE('',#2946,#2947,#1666,.T.);
#3770=EDGE_CURVE('',#2947,#2944,#1667,.T.);
#3771=EDGE_CURVE('',#2948,#2946,#157,.T.);
#3772=EDGE_CURVE('',#2948,#2949,#1668,.T.);
#3773=EDGE_CURVE('',#2949,#2947,#158,.T.);
#3774=EDGE_CURVE('',#2950,#2948,#1669,.T.);
#3775=EDGE_CURVE('',#2950,#2951,#1670,.T.);
#3776=EDGE_CURVE('',#2951,#2949,#1671,.T.);
#3777=EDGE_CURVE('',#2952,#2950,#159,.T.);
#3778=EDGE_CURVE('',#2952,#2953,#1672,.T.);
#3779=EDGE_CURVE('',#2953,#2951,#160,.T.);
#3780=EDGE_CURVE('',#2954,#2952,#1673,.T.);
#3781=EDGE_CURVE('',#2954,#2955,#1674,.T.);
#3782=EDGE_CURVE('',#2955,#2953,#1675,.T.);
#3783=EDGE_CURVE('',#2956,#2954,#1676,.T.);
#3784=EDGE_CURVE('',#2956,#2957,#1677,.T.);
#3785=EDGE_CURVE('',#2957,#2955,#1678,.T.);
#3786=EDGE_CURVE('',#2958,#2956,#1679,.T.);
#3787=EDGE_CURVE('',#2958,#2959,#1680,.T.);
#3788=EDGE_CURVE('',#2959,#2957,#1681,.T.);
#3789=EDGE_CURVE('',#2960,#2958,#161,.T.);
#3790=EDGE_CURVE('',#2960,#2961,#1682,.T.);
#3791=EDGE_CURVE('',#2961,#2959,#162,.T.);
#3792=EDGE_CURVE('',#2962,#2960,#1683,.T.);
#3793=EDGE_CURVE('',#2962,#2963,#1684,.T.);
#3794=EDGE_CURVE('',#2963,#2961,#1685,.T.);
#3795=EDGE_CURVE('',#2964,#2962,#163,.T.);
#3796=EDGE_CURVE('',#2964,#2965,#1686,.T.);
#3797=EDGE_CURVE('',#2965,#2963,#164,.T.);
#3798=EDGE_CURVE('',#2943,#2964,#1687,.T.);
#3799=EDGE_CURVE('',#2945,#2965,#1688,.T.);
#3800=EDGE_CURVE('',#2966,#2967,#1689,.T.);
#3801=EDGE_CURVE('',#2967,#2968,#1690,.T.);
#3802=EDGE_CURVE('',#2969,#2968,#1691,.T.);
#3803=EDGE_CURVE('',#2966,#2969,#1692,.T.);
#3804=EDGE_CURVE('',#2970,#2966,#1693,.T.);
#3805=EDGE_CURVE('',#2971,#2969,#1694,.T.);
#3806=EDGE_CURVE('',#2970,#2971,#1695,.T.);
#3807=EDGE_CURVE('',#2972,#2970,#165,.T.);
#3808=EDGE_CURVE('',#2973,#2971,#166,.T.);
#3809=EDGE_CURVE('',#2972,#2973,#1696,.T.);
#3810=EDGE_CURVE('',#2974,#2972,#1697,.T.);
#3811=EDGE_CURVE('',#2975,#2973,#1698,.T.);
#3812=EDGE_CURVE('',#2974,#2975,#1699,.T.);
#3813=EDGE_CURVE('',#2976,#2974,#167,.T.);
#3814=EDGE_CURVE('',#2977,#2975,#168,.T.);
#3815=EDGE_CURVE('',#2976,#2977,#1700,.T.);
#3816=EDGE_CURVE('',#2978,#2976,#1701,.T.);
#3817=EDGE_CURVE('',#2979,#2977,#1702,.T.);
#3818=EDGE_CURVE('',#2978,#2979,#1703,.T.);
#3819=EDGE_CURVE('',#2980,#2978,#1704,.T.);
#3820=EDGE_CURVE('',#2981,#2979,#1705,.T.);
#3821=EDGE_CURVE('',#2980,#2981,#1706,.T.);
#3822=EDGE_CURVE('',#2982,#2980,#1707,.T.);
#3823=EDGE_CURVE('',#2983,#2981,#1708,.T.);
#3824=EDGE_CURVE('',#2982,#2983,#1709,.T.);
#3825=EDGE_CURVE('',#2984,#2982,#169,.T.);
#3826=EDGE_CURVE('',#2985,#2983,#170,.T.);
#3827=EDGE_CURVE('',#2984,#2985,#1710,.T.);
#3828=EDGE_CURVE('',#2986,#2984,#1711,.T.);
#3829=EDGE_CURVE('',#2987,#2985,#1712,.T.);
#3830=EDGE_CURVE('',#2986,#2987,#1713,.T.);
#3831=EDGE_CURVE('',#2988,#2986,#171,.T.);
#3832=EDGE_CURVE('',#2989,#2987,#172,.T.);
#3833=EDGE_CURVE('',#2988,#2989,#1714,.T.);
#3834=EDGE_CURVE('',#2967,#2988,#1715,.T.);
#3835=EDGE_CURVE('',#2968,#2989,#1716,.T.);
#3836=EDGE_CURVE('',#2990,#2991,#1717,.T.);
#3837=EDGE_CURVE('',#2990,#2992,#1718,.T.);
#3838=EDGE_CURVE('',#2992,#2993,#1719,.T.);
#3839=EDGE_CURVE('',#2991,#2993,#1720,.T.);
#3840=EDGE_CURVE('',#2994,#2990,#1721,.T.);
#3841=EDGE_CURVE('',#2994,#2995,#1722,.T.);
#3842=EDGE_CURVE('',#2995,#2992,#1723,.T.);
#3843=EDGE_CURVE('',#2996,#2994,#173,.T.);
#3844=EDGE_CURVE('',#2996,#2997,#1724,.T.);
#3845=EDGE_CURVE('',#2997,#2995,#174,.T.);
#3846=EDGE_CURVE('',#2998,#2996,#1725,.T.);
#3847=EDGE_CURVE('',#2998,#2999,#1726,.T.);
#3848=EDGE_CURVE('',#2999,#2997,#1727,.T.);
#3849=EDGE_CURVE('',#3000,#2998,#175,.T.);
#3850=EDGE_CURVE('',#3000,#3001,#1728,.T.);
#3851=EDGE_CURVE('',#3001,#2999,#176,.T.);
#3852=EDGE_CURVE('',#3002,#3000,#1729,.T.);
#3853=EDGE_CURVE('',#3002,#3003,#1730,.T.);
#3854=EDGE_CURVE('',#3003,#3001,#1731,.T.);
#3855=EDGE_CURVE('',#3004,#3002,#1732,.T.);
#3856=EDGE_CURVE('',#3004,#3005,#1733,.T.);
#3857=EDGE_CURVE('',#3005,#3003,#1734,.T.);
#3858=EDGE_CURVE('',#3006,#3004,#1735,.T.);
#3859=EDGE_CURVE('',#3006,#3007,#1736,.T.);
#3860=EDGE_CURVE('',#3007,#3005,#1737,.T.);
#3861=EDGE_CURVE('',#3008,#3006,#177,.T.);
#3862=EDGE_CURVE('',#3008,#3009,#1738,.T.);
#3863=EDGE_CURVE('',#3009,#3007,#178,.T.);
#3864=EDGE_CURVE('',#3010,#3008,#1739,.T.);
#3865=EDGE_CURVE('',#3010,#3011,#1740,.T.);
#3866=EDGE_CURVE('',#3011,#3009,#1741,.T.);
#3867=EDGE_CURVE('',#3012,#3010,#179,.T.);
#3868=EDGE_CURVE('',#3012,#3013,#1742,.T.);
#3869=EDGE_CURVE('',#3013,#3011,#180,.T.);
#3870=EDGE_CURVE('',#2991,#3012,#1743,.T.);
#3871=EDGE_CURVE('',#2993,#3013,#1744,.T.);
#3872=EDGE_CURVE('',#3014,#3015,#46,.T.);
#3873=EDGE_CURVE('',#3015,#3016,#1745,.T.);
#3874=EDGE_CURVE('',#3016,#3017,#30,.T.);
#3875=EDGE_CURVE('',#3017,#3018,#1746,.T.);
#3876=EDGE_CURVE('',#3018,#3014,#47,.T.);
#3877=EDGE_CURVE('',#3018,#3019,#1747,.T.);
#3878=EDGE_CURVE('',#3020,#3019,#48,.T.);
#3879=EDGE_CURVE('',#3021,#3020,#31,.T.);
#3880=EDGE_CURVE('',#3021,#3022,#1748,.T.);
#3881=EDGE_CURVE('',#3022,#3014,#32,.T.);
#3882=EDGE_CURVE('',#3017,#3023,#1749,.T.);
#3883=EDGE_CURVE('',#3023,#3024,#1750,.T.);
#3884=EDGE_CURVE('',#3024,#3025,#1751,.T.);
#3885=EDGE_CURVE('',#3025,#3026,#1752,.T.);
#3886=EDGE_CURVE('',#3026,#3027,#1753,.T.);
#3887=EDGE_CURVE('',#3019,#3027,#1754,.T.);
#3888=EDGE_CURVE('',#3028,#3016,#1755,.T.);
#3889=EDGE_CURVE('',#3029,#3028,#33,.T.);
#3890=EDGE_CURVE('',#3030,#3029,#1756,.T.);
#3891=EDGE_CURVE('',#3030,#3031,#1757,.T.);
#3892=EDGE_CURVE('',#3031,#3032,#1758,.T.);
#3893=EDGE_CURVE('',#3032,#3033,#1759,.T.);
#3894=EDGE_CURVE('',#3034,#3033,#1760,.T.);
#3895=EDGE_CURVE('',#3035,#3034,#34,.T.);
#3896=EDGE_CURVE('',#3036,#3035,#1761,.T.);
#3897=EDGE_CURVE('',#3027,#3036,#35,.T.);
#3898=EDGE_CURVE('',#3026,#3037,#1762,.T.);
#3899=EDGE_CURVE('',#3037,#3038,#1763,.T.);
#3900=EDGE_CURVE('',#3038,#3023,#1764,.T.);
#3901=EDGE_CURVE('',#3039,#3040,#49,.T.);
#3902=EDGE_CURVE('',#3040,#3029,#1765,.T.);
#3903=EDGE_CURVE('',#3028,#3041,#1766,.T.);
#3904=EDGE_CURVE('',#3041,#3039,#50,.T.);
#3905=EDGE_CURVE('',#3042,#3040,#1767,.T.);
#3906=EDGE_CURVE('',#3034,#3042,#1768,.T.);
#3907=EDGE_CURVE('',#3033,#3043,#1769,.T.);
#3908=EDGE_CURVE('',#3043,#3044,#1770,.T.);
#3909=EDGE_CURVE('',#3044,#3030,#1771,.T.);
#3910=EDGE_CURVE('',#3045,#3039,#36,.T.);
#3911=EDGE_CURVE('',#3045,#3046,#1772,.T.);
#3912=EDGE_CURVE('',#3047,#3046,#37,.T.);
#3913=EDGE_CURVE('',#3042,#3047,#51,.T.);
#3914=EDGE_CURVE('',#3047,#3048,#52,.T.);
#3915=EDGE_CURVE('',#3048,#3035,#1773,.T.);
#3916=EDGE_CURVE('',#3049,#3048,#1774,.T.);
#3917=EDGE_CURVE('',#3036,#3049,#1775,.T.);
#3918=EDGE_CURVE('',#3046,#3021,#1776,.T.);
#3919=EDGE_CURVE('',#3049,#3020,#53,.T.);
#3920=EDGE_CURVE('',#3022,#3045,#1777,.T.);
#3921=EDGE_CURVE('',#3041,#3015,#1778,.T.);
#3922=EDGE_CURVE('',#3050,#3050,#181,.T.);
#3923=EDGE_CURVE('',#3051,#3051,#182,.T.);
#3924=EDGE_CURVE('',#3052,#3052,#183,.T.);
#3925=EDGE_CURVE('',#3053,#3032,#1779,.T.);
#3926=EDGE_CURVE('',#3053,#3043,#1780,.T.);
#3927=EDGE_CURVE('',#3054,#3053,#1781,.T.);
#3928=EDGE_CURVE('',#3054,#3044,#1782,.T.);
#3929=EDGE_CURVE('',#3031,#3054,#1783,.T.);
#3930=EDGE_CURVE('',#3038,#3055,#1784,.T.);
#3931=EDGE_CURVE('',#3024,#3055,#1785,.T.);
#3932=EDGE_CURVE('',#3055,#3056,#1786,.T.);
#3933=EDGE_CURVE('',#3025,#3056,#1787,.T.);
#3934=EDGE_CURVE('',#3056,#3037,#1788,.T.);
#3935=ORIENTED_EDGE('',*,*,#3057,.T.);
#3936=ORIENTED_EDGE('',*,*,#3058,.T.);
#3937=ORIENTED_EDGE('',*,*,#3059,.F.);
#3938=ORIENTED_EDGE('',*,*,#3060,.F.);
#3939=ORIENTED_EDGE('',*,*,#3061,.T.);
#3940=ORIENTED_EDGE('',*,*,#3060,.T.);
#3941=ORIENTED_EDGE('',*,*,#3062,.F.);
#3942=ORIENTED_EDGE('',*,*,#3063,.F.);
#3943=ORIENTED_EDGE('',*,*,#3064,.T.);
#3944=ORIENTED_EDGE('',*,*,#3063,.T.);
#3945=ORIENTED_EDGE('',*,*,#3065,.F.);
#3946=ORIENTED_EDGE('',*,*,#3066,.F.);
#3947=ORIENTED_EDGE('',*,*,#3067,.T.);
#3948=ORIENTED_EDGE('',*,*,#3066,.T.);
#3949=ORIENTED_EDGE('',*,*,#3068,.F.);
#3950=ORIENTED_EDGE('',*,*,#3069,.F.);
#3951=ORIENTED_EDGE('',*,*,#3070,.T.);
#3952=ORIENTED_EDGE('',*,*,#3069,.T.);
#3953=ORIENTED_EDGE('',*,*,#3071,.F.);
#3954=ORIENTED_EDGE('',*,*,#3072,.F.);
#3955=ORIENTED_EDGE('',*,*,#3073,.T.);
#3956=ORIENTED_EDGE('',*,*,#3072,.T.);
#3957=ORIENTED_EDGE('',*,*,#3074,.F.);
#3958=ORIENTED_EDGE('',*,*,#3075,.F.);
#3959=ORIENTED_EDGE('',*,*,#3076,.T.);
#3960=ORIENTED_EDGE('',*,*,#3075,.T.);
#3961=ORIENTED_EDGE('',*,*,#3077,.F.);
#3962=ORIENTED_EDGE('',*,*,#3078,.F.);
#3963=ORIENTED_EDGE('',*,*,#3079,.T.);
#3964=ORIENTED_EDGE('',*,*,#3078,.T.);
#3965=ORIENTED_EDGE('',*,*,#3080,.F.);
#3966=ORIENTED_EDGE('',*,*,#3081,.F.);
#3967=ORIENTED_EDGE('',*,*,#3082,.T.);
#3968=ORIENTED_EDGE('',*,*,#3081,.T.);
#3969=ORIENTED_EDGE('',*,*,#3083,.F.);
#3970=ORIENTED_EDGE('',*,*,#3084,.F.);
#3971=ORIENTED_EDGE('',*,*,#3085,.T.);
#3972=ORIENTED_EDGE('',*,*,#3084,.T.);
#3973=ORIENTED_EDGE('',*,*,#3086,.F.);
#3974=ORIENTED_EDGE('',*,*,#3058,.F.);
#3975=ORIENTED_EDGE('',*,*,#3086,.T.);
#3976=ORIENTED_EDGE('',*,*,#3083,.T.);
#3977=ORIENTED_EDGE('',*,*,#3080,.T.);
#3978=ORIENTED_EDGE('',*,*,#3077,.T.);
#3979=ORIENTED_EDGE('',*,*,#3074,.T.);
#3980=ORIENTED_EDGE('',*,*,#3071,.T.);
#3981=ORIENTED_EDGE('',*,*,#3068,.T.);
#3982=ORIENTED_EDGE('',*,*,#3065,.T.);
#3983=ORIENTED_EDGE('',*,*,#3062,.T.);
#3984=ORIENTED_EDGE('',*,*,#3059,.T.);
#3985=ORIENTED_EDGE('',*,*,#3085,.F.);
#3986=ORIENTED_EDGE('',*,*,#3057,.F.);
#3987=ORIENTED_EDGE('',*,*,#3061,.F.);
#3988=ORIENTED_EDGE('',*,*,#3064,.F.);
#3989=ORIENTED_EDGE('',*,*,#3067,.F.);
#3990=ORIENTED_EDGE('',*,*,#3070,.F.);
#3991=ORIENTED_EDGE('',*,*,#3073,.F.);
#3992=ORIENTED_EDGE('',*,*,#3076,.F.);
#3993=ORIENTED_EDGE('',*,*,#3079,.F.);
#3994=ORIENTED_EDGE('',*,*,#3082,.F.);
#3995=ORIENTED_EDGE('',*,*,#3087,.T.);
#3996=ORIENTED_EDGE('',*,*,#3088,.T.);
#3997=ORIENTED_EDGE('',*,*,#3089,.F.);
#3998=ORIENTED_EDGE('',*,*,#3090,.F.);
#3999=ORIENTED_EDGE('',*,*,#3091,.T.);
#4000=ORIENTED_EDGE('',*,*,#3090,.T.);
#4001=ORIENTED_EDGE('',*,*,#3092,.F.);
#4002=ORIENTED_EDGE('',*,*,#3093,.F.);
#4003=ORIENTED_EDGE('',*,*,#3094,.T.);
#4004=ORIENTED_EDGE('',*,*,#3093,.T.);
#4005=ORIENTED_EDGE('',*,*,#3095,.F.);
#4006=ORIENTED_EDGE('',*,*,#3096,.F.);
#4007=ORIENTED_EDGE('',*,*,#3097,.T.);
#4008=ORIENTED_EDGE('',*,*,#3096,.T.);
#4009=ORIENTED_EDGE('',*,*,#3098,.F.);
#4010=ORIENTED_EDGE('',*,*,#3099,.F.);
#4011=ORIENTED_EDGE('',*,*,#3100,.T.);
#4012=ORIENTED_EDGE('',*,*,#3099,.T.);
#4013=ORIENTED_EDGE('',*,*,#3101,.F.);
#4014=ORIENTED_EDGE('',*,*,#3102,.F.);
#4015=ORIENTED_EDGE('',*,*,#3103,.T.);
#4016=ORIENTED_EDGE('',*,*,#3102,.T.);
#4017=ORIENTED_EDGE('',*,*,#3104,.F.);
#4018=ORIENTED_EDGE('',*,*,#3105,.F.);
#4019=ORIENTED_EDGE('',*,*,#3106,.T.);
#4020=ORIENTED_EDGE('',*,*,#3105,.T.);
#4021=ORIENTED_EDGE('',*,*,#3107,.F.);
#4022=ORIENTED_EDGE('',*,*,#3108,.F.);
#4023=ORIENTED_EDGE('',*,*,#3109,.T.);
#4024=ORIENTED_EDGE('',*,*,#3108,.T.);
#4025=ORIENTED_EDGE('',*,*,#3110,.F.);
#4026=ORIENTED_EDGE('',*,*,#3111,.F.);
#4027=ORIENTED_EDGE('',*,*,#3112,.T.);
#4028=ORIENTED_EDGE('',*,*,#3111,.T.);
#4029=ORIENTED_EDGE('',*,*,#3113,.F.);
#4030=ORIENTED_EDGE('',*,*,#3114,.F.);
#4031=ORIENTED_EDGE('',*,*,#3115,.T.);
#4032=ORIENTED_EDGE('',*,*,#3114,.T.);
#4033=ORIENTED_EDGE('',*,*,#3116,.F.);
#4034=ORIENTED_EDGE('',*,*,#3088,.F.);
#4035=ORIENTED_EDGE('',*,*,#3116,.T.);
#4036=ORIENTED_EDGE('',*,*,#3113,.T.);
#4037=ORIENTED_EDGE('',*,*,#3110,.T.);
#4038=ORIENTED_EDGE('',*,*,#3107,.T.);
#4039=ORIENTED_EDGE('',*,*,#3104,.T.);
#4040=ORIENTED_EDGE('',*,*,#3101,.T.);
#4041=ORIENTED_EDGE('',*,*,#3098,.T.);
#4042=ORIENTED_EDGE('',*,*,#3095,.T.);
#4043=ORIENTED_EDGE('',*,*,#3092,.T.);
#4044=ORIENTED_EDGE('',*,*,#3089,.T.);
#4045=ORIENTED_EDGE('',*,*,#3115,.F.);
#4046=ORIENTED_EDGE('',*,*,#3087,.F.);
#4047=ORIENTED_EDGE('',*,*,#3091,.F.);
#4048=ORIENTED_EDGE('',*,*,#3094,.F.);
#4049=ORIENTED_EDGE('',*,*,#3097,.F.);
#4050=ORIENTED_EDGE('',*,*,#3100,.F.);
#4051=ORIENTED_EDGE('',*,*,#3103,.F.);
#4052=ORIENTED_EDGE('',*,*,#3106,.F.);
#4053=ORIENTED_EDGE('',*,*,#3109,.F.);
#4054=ORIENTED_EDGE('',*,*,#3112,.F.);
#4055=ORIENTED_EDGE('',*,*,#3117,.F.);
#4056=ORIENTED_EDGE('',*,*,#3118,.T.);
#4057=ORIENTED_EDGE('',*,*,#3119,.F.);
#4058=ORIENTED_EDGE('',*,*,#3120,.F.);
#4059=ORIENTED_EDGE('',*,*,#3121,.F.);
#4060=ORIENTED_EDGE('',*,*,#3122,.T.);
#4061=ORIENTED_EDGE('',*,*,#3123,.F.);
#4062=ORIENTED_EDGE('',*,*,#3118,.F.);
#4063=ORIENTED_EDGE('',*,*,#3124,.F.);
#4064=ORIENTED_EDGE('',*,*,#3125,.T.);
#4065=ORIENTED_EDGE('',*,*,#3126,.F.);
#4066=ORIENTED_EDGE('',*,*,#3122,.F.);
#4067=ORIENTED_EDGE('',*,*,#3127,.F.);
#4068=ORIENTED_EDGE('',*,*,#3120,.T.);
#4069=ORIENTED_EDGE('',*,*,#3128,.F.);
#4070=ORIENTED_EDGE('',*,*,#3125,.F.);
#4071=ORIENTED_EDGE('',*,*,#3129,.T.);
#4072=ORIENTED_EDGE('',*,*,#3130,.T.);
#4073=ORIENTED_EDGE('',*,*,#3131,.F.);
#4074=ORIENTED_EDGE('',*,*,#3132,.F.);
#4075=ORIENTED_EDGE('',*,*,#3133,.T.);
#4076=ORIENTED_EDGE('',*,*,#3132,.T.);
#4077=ORIENTED_EDGE('',*,*,#3134,.F.);
#4078=ORIENTED_EDGE('',*,*,#3135,.F.);
#4079=ORIENTED_EDGE('',*,*,#3136,.T.);
#4080=ORIENTED_EDGE('',*,*,#3135,.T.);
#4081=ORIENTED_EDGE('',*,*,#3137,.F.);
#4082=ORIENTED_EDGE('',*,*,#3138,.F.);
#4083=ORIENTED_EDGE('',*,*,#3139,.T.);
#4084=ORIENTED_EDGE('',*,*,#3138,.T.);
#4085=ORIENTED_EDGE('',*,*,#3140,.F.);
#4086=ORIENTED_EDGE('',*,*,#3130,.F.);
#4087=ORIENTED_EDGE('',*,*,#3140,.T.);
#4088=ORIENTED_EDGE('',*,*,#3137,.T.);
#4089=ORIENTED_EDGE('',*,*,#3134,.T.);
#4090=ORIENTED_EDGE('',*,*,#3131,.T.);
#4091=ORIENTED_EDGE('',*,*,#3119,.T.);
#4092=ORIENTED_EDGE('',*,*,#3123,.T.);
#4093=ORIENTED_EDGE('',*,*,#3126,.T.);
#4094=ORIENTED_EDGE('',*,*,#3128,.T.);
#4095=ORIENTED_EDGE('',*,*,#3139,.F.);
#4096=ORIENTED_EDGE('',*,*,#3129,.F.);
#4097=ORIENTED_EDGE('',*,*,#3133,.F.);
#4098=ORIENTED_EDGE('',*,*,#3136,.F.);
#4099=ORIENTED_EDGE('',*,*,#3117,.T.);
#4100=ORIENTED_EDGE('',*,*,#3127,.T.);
#4101=ORIENTED_EDGE('',*,*,#3124,.T.);
#4102=ORIENTED_EDGE('',*,*,#3121,.T.);
#4103=ORIENTED_EDGE('',*,*,#3141,.F.);
#4104=ORIENTED_EDGE('',*,*,#3142,.T.);
#4105=ORIENTED_EDGE('',*,*,#3143,.F.);
#4106=ORIENTED_EDGE('',*,*,#3144,.F.);
#4107=ORIENTED_EDGE('',*,*,#3145,.F.);
#4108=ORIENTED_EDGE('',*,*,#3146,.T.);
#4109=ORIENTED_EDGE('',*,*,#3147,.F.);
#4110=ORIENTED_EDGE('',*,*,#3142,.F.);
#4111=ORIENTED_EDGE('',*,*,#3148,.F.);
#4112=ORIENTED_EDGE('',*,*,#3149,.T.);
#4113=ORIENTED_EDGE('',*,*,#3150,.F.);
#4114=ORIENTED_EDGE('',*,*,#3146,.F.);
#4115=ORIENTED_EDGE('',*,*,#3151,.F.);
#4116=ORIENTED_EDGE('',*,*,#3144,.T.);
#4117=ORIENTED_EDGE('',*,*,#3152,.F.);
#4118=ORIENTED_EDGE('',*,*,#3149,.F.);
#4119=ORIENTED_EDGE('',*,*,#3153,.T.);
#4120=ORIENTED_EDGE('',*,*,#3154,.T.);
#4121=ORIENTED_EDGE('',*,*,#3155,.F.);
#4122=ORIENTED_EDGE('',*,*,#3156,.F.);
#4123=ORIENTED_EDGE('',*,*,#3157,.T.);
#4124=ORIENTED_EDGE('',*,*,#3156,.T.);
#4125=ORIENTED_EDGE('',*,*,#3158,.F.);
#4126=ORIENTED_EDGE('',*,*,#3159,.F.);
#4127=ORIENTED_EDGE('',*,*,#3160,.T.);
#4128=ORIENTED_EDGE('',*,*,#3159,.T.);
#4129=ORIENTED_EDGE('',*,*,#3161,.F.);
#4130=ORIENTED_EDGE('',*,*,#3162,.F.);
#4131=ORIENTED_EDGE('',*,*,#3163,.T.);
#4132=ORIENTED_EDGE('',*,*,#3162,.T.);
#4133=ORIENTED_EDGE('',*,*,#3164,.F.);
#4134=ORIENTED_EDGE('',*,*,#3165,.F.);
#4135=ORIENTED_EDGE('',*,*,#3166,.T.);
#4136=ORIENTED_EDGE('',*,*,#3165,.T.);
#4137=ORIENTED_EDGE('',*,*,#3167,.F.);
#4138=ORIENTED_EDGE('',*,*,#3168,.F.);
#4139=ORIENTED_EDGE('',*,*,#3169,.T.);
#4140=ORIENTED_EDGE('',*,*,#3168,.T.);
#4141=ORIENTED_EDGE('',*,*,#3170,.F.);
#4142=ORIENTED_EDGE('',*,*,#3171,.F.);
#4143=ORIENTED_EDGE('',*,*,#3172,.T.);
#4144=ORIENTED_EDGE('',*,*,#3171,.T.);
#4145=ORIENTED_EDGE('',*,*,#3173,.F.);
#4146=ORIENTED_EDGE('',*,*,#3174,.F.);
#4147=ORIENTED_EDGE('',*,*,#3175,.T.);
#4148=ORIENTED_EDGE('',*,*,#3174,.T.);
#4149=ORIENTED_EDGE('',*,*,#3176,.F.);
#4150=ORIENTED_EDGE('',*,*,#3154,.F.);
#4151=ORIENTED_EDGE('',*,*,#3176,.T.);
#4152=ORIENTED_EDGE('',*,*,#3173,.T.);
#4153=ORIENTED_EDGE('',*,*,#3170,.T.);
#4154=ORIENTED_EDGE('',*,*,#3167,.T.);
#4155=ORIENTED_EDGE('',*,*,#3164,.T.);
#4156=ORIENTED_EDGE('',*,*,#3161,.T.);
#4157=ORIENTED_EDGE('',*,*,#3158,.T.);
#4158=ORIENTED_EDGE('',*,*,#3155,.T.);
#4159=ORIENTED_EDGE('',*,*,#3143,.T.);
#4160=ORIENTED_EDGE('',*,*,#3147,.T.);
#4161=ORIENTED_EDGE('',*,*,#3150,.T.);
#4162=ORIENTED_EDGE('',*,*,#3152,.T.);
#4163=ORIENTED_EDGE('',*,*,#3175,.F.);
#4164=ORIENTED_EDGE('',*,*,#3153,.F.);
#4165=ORIENTED_EDGE('',*,*,#3157,.F.);
#4166=ORIENTED_EDGE('',*,*,#3160,.F.);
#4167=ORIENTED_EDGE('',*,*,#3163,.F.);
#4168=ORIENTED_EDGE('',*,*,#3166,.F.);
#4169=ORIENTED_EDGE('',*,*,#3169,.F.);
#4170=ORIENTED_EDGE('',*,*,#3172,.F.);
#4171=ORIENTED_EDGE('',*,*,#3141,.T.);
#4172=ORIENTED_EDGE('',*,*,#3151,.T.);
#4173=ORIENTED_EDGE('',*,*,#3148,.T.);
#4174=ORIENTED_EDGE('',*,*,#3145,.T.);
#4175=ORIENTED_EDGE('',*,*,#3177,.T.);
#4176=ORIENTED_EDGE('',*,*,#3178,.T.);
#4177=ORIENTED_EDGE('',*,*,#3179,.F.);
#4178=ORIENTED_EDGE('',*,*,#3180,.F.);
#4179=ORIENTED_EDGE('',*,*,#3181,.T.);
#4180=ORIENTED_EDGE('',*,*,#3180,.T.);
#4181=ORIENTED_EDGE('',*,*,#3182,.F.);
#4182=ORIENTED_EDGE('',*,*,#3183,.F.);
#4183=ORIENTED_EDGE('',*,*,#3184,.T.);
#4184=ORIENTED_EDGE('',*,*,#3183,.T.);
#4185=ORIENTED_EDGE('',*,*,#3185,.F.);
#4186=ORIENTED_EDGE('',*,*,#3186,.F.);
#4187=ORIENTED_EDGE('',*,*,#3187,.T.);
#4188=ORIENTED_EDGE('',*,*,#3186,.T.);
#4189=ORIENTED_EDGE('',*,*,#3188,.F.);
#4190=ORIENTED_EDGE('',*,*,#3178,.F.);
#4191=ORIENTED_EDGE('',*,*,#3188,.T.);
#4192=ORIENTED_EDGE('',*,*,#3185,.T.);
#4193=ORIENTED_EDGE('',*,*,#3182,.T.);
#4194=ORIENTED_EDGE('',*,*,#3179,.T.);
#4195=ORIENTED_EDGE('',*,*,#3187,.F.);
#4196=ORIENTED_EDGE('',*,*,#3177,.F.);
#4197=ORIENTED_EDGE('',*,*,#3181,.F.);
#4198=ORIENTED_EDGE('',*,*,#3184,.F.);
#4199=ORIENTED_EDGE('',*,*,#3189,.T.);
#4200=ORIENTED_EDGE('',*,*,#3190,.T.);
#4201=ORIENTED_EDGE('',*,*,#3191,.F.);
#4202=ORIENTED_EDGE('',*,*,#3192,.F.);
#4203=ORIENTED_EDGE('',*,*,#3193,.T.);
#4204=ORIENTED_EDGE('',*,*,#3192,.T.);
#4205=ORIENTED_EDGE('',*,*,#3194,.F.);
#4206=ORIENTED_EDGE('',*,*,#3195,.F.);
#4207=ORIENTED_EDGE('',*,*,#3196,.T.);
#4208=ORIENTED_EDGE('',*,*,#3195,.T.);
#4209=ORIENTED_EDGE('',*,*,#3197,.F.);
#4210=ORIENTED_EDGE('',*,*,#3198,.F.);
#4211=ORIENTED_EDGE('',*,*,#3199,.T.);
#4212=ORIENTED_EDGE('',*,*,#3198,.T.);
#4213=ORIENTED_EDGE('',*,*,#3200,.F.);
#4214=ORIENTED_EDGE('',*,*,#3201,.F.);
#4215=ORIENTED_EDGE('',*,*,#3202,.T.);
#4216=ORIENTED_EDGE('',*,*,#3201,.T.);
#4217=ORIENTED_EDGE('',*,*,#3203,.F.);
#4218=ORIENTED_EDGE('',*,*,#3204,.F.);
#4219=ORIENTED_EDGE('',*,*,#3205,.T.);
#4220=ORIENTED_EDGE('',*,*,#3204,.T.);
#4221=ORIENTED_EDGE('',*,*,#3206,.F.);
#4222=ORIENTED_EDGE('',*,*,#3207,.F.);
#4223=ORIENTED_EDGE('',*,*,#3208,.T.);
#4224=ORIENTED_EDGE('',*,*,#3207,.T.);
#4225=ORIENTED_EDGE('',*,*,#3209,.F.);
#4226=ORIENTED_EDGE('',*,*,#3210,.F.);
#4227=ORIENTED_EDGE('',*,*,#3211,.T.);
#4228=ORIENTED_EDGE('',*,*,#3210,.T.);
#4229=ORIENTED_EDGE('',*,*,#3212,.F.);
#4230=ORIENTED_EDGE('',*,*,#3213,.F.);
#4231=ORIENTED_EDGE('',*,*,#3214,.T.);
#4232=ORIENTED_EDGE('',*,*,#3213,.T.);
#4233=ORIENTED_EDGE('',*,*,#3215,.F.);
#4234=ORIENTED_EDGE('',*,*,#3216,.F.);
#4235=ORIENTED_EDGE('',*,*,#3217,.T.);
#4236=ORIENTED_EDGE('',*,*,#3216,.T.);
#4237=ORIENTED_EDGE('',*,*,#3218,.F.);
#4238=ORIENTED_EDGE('',*,*,#3219,.F.);
#4239=ORIENTED_EDGE('',*,*,#3220,.T.);
#4240=ORIENTED_EDGE('',*,*,#3219,.T.);
#4241=ORIENTED_EDGE('',*,*,#3221,.F.);
#4242=ORIENTED_EDGE('',*,*,#3190,.F.);
#4243=ORIENTED_EDGE('',*,*,#3221,.T.);
#4244=ORIENTED_EDGE('',*,*,#3218,.T.);
#4245=ORIENTED_EDGE('',*,*,#3215,.T.);
#4246=ORIENTED_EDGE('',*,*,#3212,.T.);
#4247=ORIENTED_EDGE('',*,*,#3209,.T.);
#4248=ORIENTED_EDGE('',*,*,#3206,.T.);
#4249=ORIENTED_EDGE('',*,*,#3203,.T.);
#4250=ORIENTED_EDGE('',*,*,#3200,.T.);
#4251=ORIENTED_EDGE('',*,*,#3197,.T.);
#4252=ORIENTED_EDGE('',*,*,#3194,.T.);
#4253=ORIENTED_EDGE('',*,*,#3191,.T.);
#4254=ORIENTED_EDGE('',*,*,#3220,.F.);
#4255=ORIENTED_EDGE('',*,*,#3189,.F.);
#4256=ORIENTED_EDGE('',*,*,#3193,.F.);
#4257=ORIENTED_EDGE('',*,*,#3196,.F.);
#4258=ORIENTED_EDGE('',*,*,#3199,.F.);
#4259=ORIENTED_EDGE('',*,*,#3202,.F.);
#4260=ORIENTED_EDGE('',*,*,#3205,.F.);
#4261=ORIENTED_EDGE('',*,*,#3208,.F.);
#4262=ORIENTED_EDGE('',*,*,#3211,.F.);
#4263=ORIENTED_EDGE('',*,*,#3214,.F.);
#4264=ORIENTED_EDGE('',*,*,#3217,.F.);
#4265=ORIENTED_EDGE('',*,*,#3222,.T.);
#4266=ORIENTED_EDGE('',*,*,#3223,.T.);
#4267=ORIENTED_EDGE('',*,*,#3224,.F.);
#4268=ORIENTED_EDGE('',*,*,#3225,.F.);
#4269=ORIENTED_EDGE('',*,*,#3226,.T.);
#4270=ORIENTED_EDGE('',*,*,#3225,.T.);
#4271=ORIENTED_EDGE('',*,*,#3227,.F.);
#4272=ORIENTED_EDGE('',*,*,#3228,.F.);
#4273=ORIENTED_EDGE('',*,*,#3229,.T.);
#4274=ORIENTED_EDGE('',*,*,#3228,.T.);
#4275=ORIENTED_EDGE('',*,*,#3230,.F.);
#4276=ORIENTED_EDGE('',*,*,#3231,.F.);
#4277=ORIENTED_EDGE('',*,*,#3232,.T.);
#4278=ORIENTED_EDGE('',*,*,#3231,.T.);
#4279=ORIENTED_EDGE('',*,*,#3233,.F.);
#4280=ORIENTED_EDGE('',*,*,#3223,.F.);
#4281=ORIENTED_EDGE('',*,*,#3233,.T.);
#4282=ORIENTED_EDGE('',*,*,#3230,.T.);
#4283=ORIENTED_EDGE('',*,*,#3227,.T.);
#4284=ORIENTED_EDGE('',*,*,#3224,.T.);
#4285=ORIENTED_EDGE('',*,*,#3232,.F.);
#4286=ORIENTED_EDGE('',*,*,#3222,.F.);
#4287=ORIENTED_EDGE('',*,*,#3226,.F.);
#4288=ORIENTED_EDGE('',*,*,#3229,.F.);
#4289=ORIENTED_EDGE('',*,*,#3234,.T.);
#4290=ORIENTED_EDGE('',*,*,#3235,.T.);
#4291=ORIENTED_EDGE('',*,*,#3236,.F.);
#4292=ORIENTED_EDGE('',*,*,#3237,.F.);
#4293=ORIENTED_EDGE('',*,*,#3238,.T.);
#4294=ORIENTED_EDGE('',*,*,#3237,.T.);
#4295=ORIENTED_EDGE('',*,*,#3239,.F.);
#4296=ORIENTED_EDGE('',*,*,#3240,.F.);
#4297=ORIENTED_EDGE('',*,*,#3241,.T.);
#4298=ORIENTED_EDGE('',*,*,#3240,.T.);
#4299=ORIENTED_EDGE('',*,*,#3242,.F.);
#4300=ORIENTED_EDGE('',*,*,#3243,.F.);
#4301=ORIENTED_EDGE('',*,*,#3244,.T.);
#4302=ORIENTED_EDGE('',*,*,#3243,.T.);
#4303=ORIENTED_EDGE('',*,*,#3245,.F.);
#4304=ORIENTED_EDGE('',*,*,#3246,.F.);
#4305=ORIENTED_EDGE('',*,*,#3247,.T.);
#4306=ORIENTED_EDGE('',*,*,#3246,.T.);
#4307=ORIENTED_EDGE('',*,*,#3248,.F.);
#4308=ORIENTED_EDGE('',*,*,#3249,.F.);
#4309=ORIENTED_EDGE('',*,*,#3250,.T.);
#4310=ORIENTED_EDGE('',*,*,#3249,.T.);
#4311=ORIENTED_EDGE('',*,*,#3251,.F.);
#4312=ORIENTED_EDGE('',*,*,#3252,.F.);
#4313=ORIENTED_EDGE('',*,*,#3253,.T.);
#4314=ORIENTED_EDGE('',*,*,#3252,.T.);
#4315=ORIENTED_EDGE('',*,*,#3254,.F.);
#4316=ORIENTED_EDGE('',*,*,#3255,.F.);
#4317=ORIENTED_EDGE('',*,*,#3256,.T.);
#4318=ORIENTED_EDGE('',*,*,#3255,.T.);
#4319=ORIENTED_EDGE('',*,*,#3257,.F.);
#4320=ORIENTED_EDGE('',*,*,#3258,.F.);
#4321=ORIENTED_EDGE('',*,*,#3259,.T.);
#4322=ORIENTED_EDGE('',*,*,#3258,.T.);
#4323=ORIENTED_EDGE('',*,*,#3260,.F.);
#4324=ORIENTED_EDGE('',*,*,#3261,.F.);
#4325=ORIENTED_EDGE('',*,*,#3262,.T.);
#4326=ORIENTED_EDGE('',*,*,#3261,.T.);
#4327=ORIENTED_EDGE('',*,*,#3263,.F.);
#4328=ORIENTED_EDGE('',*,*,#3264,.F.);
#4329=ORIENTED_EDGE('',*,*,#3265,.T.);
#4330=ORIENTED_EDGE('',*,*,#3264,.T.);
#4331=ORIENTED_EDGE('',*,*,#3266,.F.);
#4332=ORIENTED_EDGE('',*,*,#3267,.F.);
#4333=ORIENTED_EDGE('',*,*,#3268,.T.);
#4334=ORIENTED_EDGE('',*,*,#3267,.T.);
#4335=ORIENTED_EDGE('',*,*,#3269,.F.);
#4336=ORIENTED_EDGE('',*,*,#3270,.F.);
#4337=ORIENTED_EDGE('',*,*,#3271,.T.);
#4338=ORIENTED_EDGE('',*,*,#3270,.T.);
#4339=ORIENTED_EDGE('',*,*,#3272,.F.);
#4340=ORIENTED_EDGE('',*,*,#3273,.F.);
#4341=ORIENTED_EDGE('',*,*,#3274,.T.);
#4342=ORIENTED_EDGE('',*,*,#3273,.T.);
#4343=ORIENTED_EDGE('',*,*,#3275,.F.);
#4344=ORIENTED_EDGE('',*,*,#3235,.F.);
#4345=ORIENTED_EDGE('',*,*,#3275,.T.);
#4346=ORIENTED_EDGE('',*,*,#3272,.T.);
#4347=ORIENTED_EDGE('',*,*,#3269,.T.);
#4348=ORIENTED_EDGE('',*,*,#3266,.T.);
#4349=ORIENTED_EDGE('',*,*,#3263,.T.);
#4350=ORIENTED_EDGE('',*,*,#3260,.T.);
#4351=ORIENTED_EDGE('',*,*,#3257,.T.);
#4352=ORIENTED_EDGE('',*,*,#3254,.T.);
#4353=ORIENTED_EDGE('',*,*,#3251,.T.);
#4354=ORIENTED_EDGE('',*,*,#3248,.T.);
#4355=ORIENTED_EDGE('',*,*,#3245,.T.);
#4356=ORIENTED_EDGE('',*,*,#3242,.T.);
#4357=ORIENTED_EDGE('',*,*,#3239,.T.);
#4358=ORIENTED_EDGE('',*,*,#3236,.T.);
#4359=ORIENTED_EDGE('',*,*,#3274,.F.);
#4360=ORIENTED_EDGE('',*,*,#3234,.F.);
#4361=ORIENTED_EDGE('',*,*,#3238,.F.);
#4362=ORIENTED_EDGE('',*,*,#3241,.F.);
#4363=ORIENTED_EDGE('',*,*,#3244,.F.);
#4364=ORIENTED_EDGE('',*,*,#3247,.F.);
#4365=ORIENTED_EDGE('',*,*,#3250,.F.);
#4366=ORIENTED_EDGE('',*,*,#3253,.F.);
#4367=ORIENTED_EDGE('',*,*,#3256,.F.);
#4368=ORIENTED_EDGE('',*,*,#3259,.F.);
#4369=ORIENTED_EDGE('',*,*,#3262,.F.);
#4370=ORIENTED_EDGE('',*,*,#3265,.F.);
#4371=ORIENTED_EDGE('',*,*,#3268,.F.);
#4372=ORIENTED_EDGE('',*,*,#3271,.F.);
#4373=ORIENTED_EDGE('',*,*,#3276,.T.);
#4374=ORIENTED_EDGE('',*,*,#3277,.T.);
#4375=ORIENTED_EDGE('',*,*,#3278,.F.);
#4376=ORIENTED_EDGE('',*,*,#3279,.F.);
#4377=ORIENTED_EDGE('',*,*,#3280,.T.);
#4378=ORIENTED_EDGE('',*,*,#3279,.T.);
#4379=ORIENTED_EDGE('',*,*,#3281,.F.);
#4380=ORIENTED_EDGE('',*,*,#3282,.F.);
#4381=ORIENTED_EDGE('',*,*,#3283,.T.);
#4382=ORIENTED_EDGE('',*,*,#3282,.T.);
#4383=ORIENTED_EDGE('',*,*,#3284,.F.);
#4384=ORIENTED_EDGE('',*,*,#3285,.F.);
#4385=ORIENTED_EDGE('',*,*,#3286,.T.);
#4386=ORIENTED_EDGE('',*,*,#3285,.T.);
#4387=ORIENTED_EDGE('',*,*,#3287,.F.);
#4388=ORIENTED_EDGE('',*,*,#3288,.F.);
#4389=ORIENTED_EDGE('',*,*,#3289,.T.);
#4390=ORIENTED_EDGE('',*,*,#3288,.T.);
#4391=ORIENTED_EDGE('',*,*,#3290,.F.);
#4392=ORIENTED_EDGE('',*,*,#3291,.F.);
#4393=ORIENTED_EDGE('',*,*,#3292,.T.);
#4394=ORIENTED_EDGE('',*,*,#3291,.T.);
#4395=ORIENTED_EDGE('',*,*,#3293,.F.);
#4396=ORIENTED_EDGE('',*,*,#3294,.F.);
#4397=ORIENTED_EDGE('',*,*,#3295,.T.);
#4398=ORIENTED_EDGE('',*,*,#3294,.T.);
#4399=ORIENTED_EDGE('',*,*,#3296,.F.);
#4400=ORIENTED_EDGE('',*,*,#3297,.F.);
#4401=ORIENTED_EDGE('',*,*,#3298,.T.);
#4402=ORIENTED_EDGE('',*,*,#3297,.T.);
#4403=ORIENTED_EDGE('',*,*,#3299,.F.);
#4404=ORIENTED_EDGE('',*,*,#3300,.F.);
#4405=ORIENTED_EDGE('',*,*,#3301,.T.);
#4406=ORIENTED_EDGE('',*,*,#3300,.T.);
#4407=ORIENTED_EDGE('',*,*,#3302,.F.);
#4408=ORIENTED_EDGE('',*,*,#3303,.F.);
#4409=ORIENTED_EDGE('',*,*,#3304,.T.);
#4410=ORIENTED_EDGE('',*,*,#3303,.T.);
#4411=ORIENTED_EDGE('',*,*,#3305,.F.);
#4412=ORIENTED_EDGE('',*,*,#3277,.F.);
#4413=ORIENTED_EDGE('',*,*,#3305,.T.);
#4414=ORIENTED_EDGE('',*,*,#3302,.T.);
#4415=ORIENTED_EDGE('',*,*,#3299,.T.);
#4416=ORIENTED_EDGE('',*,*,#3296,.T.);
#4417=ORIENTED_EDGE('',*,*,#3293,.T.);
#4418=ORIENTED_EDGE('',*,*,#3290,.T.);
#4419=ORIENTED_EDGE('',*,*,#3287,.T.);
#4420=ORIENTED_EDGE('',*,*,#3284,.T.);
#4421=ORIENTED_EDGE('',*,*,#3281,.T.);
#4422=ORIENTED_EDGE('',*,*,#3278,.T.);
#4423=ORIENTED_EDGE('',*,*,#3304,.F.);
#4424=ORIENTED_EDGE('',*,*,#3276,.F.);
#4425=ORIENTED_EDGE('',*,*,#3280,.F.);
#4426=ORIENTED_EDGE('',*,*,#3283,.F.);
#4427=ORIENTED_EDGE('',*,*,#3286,.F.);
#4428=ORIENTED_EDGE('',*,*,#3289,.F.);
#4429=ORIENTED_EDGE('',*,*,#3292,.F.);
#4430=ORIENTED_EDGE('',*,*,#3295,.F.);
#4431=ORIENTED_EDGE('',*,*,#3298,.F.);
#4432=ORIENTED_EDGE('',*,*,#3301,.F.);
#4433=ORIENTED_EDGE('',*,*,#3306,.T.);
#4434=ORIENTED_EDGE('',*,*,#3307,.T.);
#4435=ORIENTED_EDGE('',*,*,#3308,.F.);
#4436=ORIENTED_EDGE('',*,*,#3309,.F.);
#4437=ORIENTED_EDGE('',*,*,#3310,.T.);
#4438=ORIENTED_EDGE('',*,*,#3309,.T.);
#4439=ORIENTED_EDGE('',*,*,#3311,.F.);
#4440=ORIENTED_EDGE('',*,*,#3312,.F.);
#4441=ORIENTED_EDGE('',*,*,#3313,.T.);
#4442=ORIENTED_EDGE('',*,*,#3312,.T.);
#4443=ORIENTED_EDGE('',*,*,#3314,.F.);
#4444=ORIENTED_EDGE('',*,*,#3315,.F.);
#4445=ORIENTED_EDGE('',*,*,#3316,.T.);
#4446=ORIENTED_EDGE('',*,*,#3315,.T.);
#4447=ORIENTED_EDGE('',*,*,#3317,.F.);
#4448=ORIENTED_EDGE('',*,*,#3307,.F.);
#4449=ORIENTED_EDGE('',*,*,#3317,.T.);
#4450=ORIENTED_EDGE('',*,*,#3314,.T.);
#4451=ORIENTED_EDGE('',*,*,#3311,.T.);
#4452=ORIENTED_EDGE('',*,*,#3308,.T.);
#4453=ORIENTED_EDGE('',*,*,#3316,.F.);
#4454=ORIENTED_EDGE('',*,*,#3306,.F.);
#4455=ORIENTED_EDGE('',*,*,#3310,.F.);
#4456=ORIENTED_EDGE('',*,*,#3313,.F.);
#4457=ORIENTED_EDGE('',*,*,#3318,.F.);
#4458=ORIENTED_EDGE('',*,*,#3319,.T.);
#4459=ORIENTED_EDGE('',*,*,#3318,.T.);
#4460=ORIENTED_EDGE('',*,*,#3319,.F.);
#4461=ORIENTED_EDGE('',*,*,#3320,.F.);
#4462=ORIENTED_EDGE('',*,*,#3321,.T.);
#4463=ORIENTED_EDGE('',*,*,#3320,.T.);
#4464=ORIENTED_EDGE('',*,*,#3321,.F.);
#4465=ORIENTED_EDGE('',*,*,#3322,.F.);
#4466=ORIENTED_EDGE('',*,*,#3323,.F.);
#4467=ORIENTED_EDGE('',*,*,#3322,.T.);
#4468=ORIENTED_EDGE('',*,*,#3323,.T.);
#4469=ORIENTED_EDGE('',*,*,#3324,.T.);
#4470=ORIENTED_EDGE('',*,*,#3325,.T.);
#4471=ORIENTED_EDGE('',*,*,#3326,.T.);
#4472=ORIENTED_EDGE('',*,*,#3327,.T.);
#4473=ORIENTED_EDGE('',*,*,#3328,.T.);
#4474=ORIENTED_EDGE('',*,*,#3329,.T.);
#4475=ORIENTED_EDGE('',*,*,#3328,.F.);
#4476=ORIENTED_EDGE('',*,*,#3330,.T.);
#4477=ORIENTED_EDGE('',*,*,#3331,.F.);
#4478=ORIENTED_EDGE('',*,*,#3332,.T.);
#4479=ORIENTED_EDGE('',*,*,#3327,.F.);
#4480=ORIENTED_EDGE('',*,*,#3333,.T.);
#4481=ORIENTED_EDGE('',*,*,#3334,.F.);
#4482=ORIENTED_EDGE('',*,*,#3330,.F.);
#4483=ORIENTED_EDGE('',*,*,#3326,.F.);
#4484=ORIENTED_EDGE('',*,*,#3335,.F.);
#4485=ORIENTED_EDGE('',*,*,#3336,.F.);
#4486=ORIENTED_EDGE('',*,*,#3337,.F.);
#4487=ORIENTED_EDGE('',*,*,#3338,.F.);
#4488=ORIENTED_EDGE('',*,*,#3339,.F.);
#4489=ORIENTED_EDGE('',*,*,#3340,.F.);
#4490=ORIENTED_EDGE('',*,*,#3333,.F.);
#4491=ORIENTED_EDGE('',*,*,#3336,.T.);
#4492=ORIENTED_EDGE('',*,*,#3341,.T.);
#4493=ORIENTED_EDGE('',*,*,#3342,.T.);
#4494=ORIENTED_EDGE('',*,*,#3343,.T.);
#4495=ORIENTED_EDGE('',*,*,#3344,.T.);
#4496=ORIENTED_EDGE('',*,*,#3344,.F.);
#4497=ORIENTED_EDGE('',*,*,#3345,.F.);
#4498=ORIENTED_EDGE('',*,*,#3346,.F.);
#4499=ORIENTED_EDGE('',*,*,#3337,.T.);
#4500=ORIENTED_EDGE('',*,*,#3343,.F.);
#4501=ORIENTED_EDGE('',*,*,#3347,.F.);
#4502=ORIENTED_EDGE('',*,*,#3348,.T.);
#4503=ORIENTED_EDGE('',*,*,#3349,.F.);
#4504=ORIENTED_EDGE('',*,*,#3350,.F.);
#4505=ORIENTED_EDGE('',*,*,#3345,.T.);
#4506=ORIENTED_EDGE('',*,*,#3324,.F.);
#4507=ORIENTED_EDGE('',*,*,#3351,.T.);
#4508=ORIENTED_EDGE('',*,*,#3352,.F.);
#4509=ORIENTED_EDGE('',*,*,#3353,.T.);
#4510=ORIENTED_EDGE('',*,*,#3347,.T.);
#4511=ORIENTED_EDGE('',*,*,#3342,.F.);
#4512=ORIENTED_EDGE('',*,*,#3354,.T.);
#4513=ORIENTED_EDGE('',*,*,#3338,.T.);
#4514=ORIENTED_EDGE('',*,*,#3346,.T.);
#4515=ORIENTED_EDGE('',*,*,#3350,.T.);
#4516=ORIENTED_EDGE('',*,*,#3355,.T.);
#4517=ORIENTED_EDGE('',*,*,#3356,.T.);
#4518=ORIENTED_EDGE('',*,*,#3356,.F.);
#4519=ORIENTED_EDGE('',*,*,#3357,.F.);
#4520=ORIENTED_EDGE('',*,*,#3358,.F.);
#4521=ORIENTED_EDGE('',*,*,#3339,.T.);
#4522=ORIENTED_EDGE('',*,*,#3355,.F.);
#4523=ORIENTED_EDGE('',*,*,#3349,.T.);
#4524=ORIENTED_EDGE('',*,*,#3359,.T.);
#4525=ORIENTED_EDGE('',*,*,#3360,.T.);
#4526=ORIENTED_EDGE('',*,*,#3361,.T.);
#4527=ORIENTED_EDGE('',*,*,#3362,.F.);
#4528=ORIENTED_EDGE('',*,*,#3357,.T.);
#4529=ORIENTED_EDGE('',*,*,#3331,.T.);
#4530=ORIENTED_EDGE('',*,*,#3334,.T.);
#4531=ORIENTED_EDGE('',*,*,#3340,.T.);
#4532=ORIENTED_EDGE('',*,*,#3358,.T.);
#4533=ORIENTED_EDGE('',*,*,#3362,.T.);
#4534=ORIENTED_EDGE('',*,*,#3363,.T.);
#4535=ORIENTED_EDGE('',*,*,#3329,.F.);
#4536=ORIENTED_EDGE('',*,*,#3332,.F.);
#4537=ORIENTED_EDGE('',*,*,#3363,.F.);
#4538=ORIENTED_EDGE('',*,*,#3361,.F.);
#4539=ORIENTED_EDGE('',*,*,#3364,.F.);
#4540=ORIENTED_EDGE('',*,*,#3351,.F.);
#4541=ORIENTED_EDGE('',*,*,#3365,.T.);
#4542=ORIENTED_EDGE('',*,*,#3352,.T.);
#4543=ORIENTED_EDGE('',*,*,#3364,.T.);
#4544=ORIENTED_EDGE('',*,*,#3360,.F.);
#4545=ORIENTED_EDGE('',*,*,#3359,.F.);
#4546=ORIENTED_EDGE('',*,*,#3348,.F.);
#4547=ORIENTED_EDGE('',*,*,#3353,.F.);
#4548=ORIENTED_EDGE('',*,*,#3365,.F.);
#4549=ORIENTED_EDGE('',*,*,#3366,.T.);
#4550=ORIENTED_EDGE('',*,*,#3325,.F.);
#4551=ORIENTED_EDGE('',*,*,#3354,.F.);
#4552=ORIENTED_EDGE('',*,*,#3341,.F.);
#4553=ORIENTED_EDGE('',*,*,#3335,.T.);
#4554=ORIENTED_EDGE('',*,*,#3367,.T.);
#4555=ORIENTED_EDGE('',*,*,#3366,.F.);
#4556=ORIENTED_EDGE('',*,*,#3367,.F.);
#4557=ORIENTED_EDGE('',*,*,#3368,.T.);
#4558=ORIENTED_EDGE('',*,*,#3369,.T.);
#4559=ORIENTED_EDGE('',*,*,#3370,.F.);
#4560=ORIENTED_EDGE('',*,*,#3371,.F.);
#4561=ORIENTED_EDGE('',*,*,#3372,.T.);
#4562=ORIENTED_EDGE('',*,*,#3371,.T.);
#4563=ORIENTED_EDGE('',*,*,#3373,.F.);
#4564=ORIENTED_EDGE('',*,*,#3374,.F.);
#4565=ORIENTED_EDGE('',*,*,#3375,.T.);
#4566=ORIENTED_EDGE('',*,*,#3374,.T.);
#4567=ORIENTED_EDGE('',*,*,#3376,.F.);
#4568=ORIENTED_EDGE('',*,*,#3377,.F.);
#4569=ORIENTED_EDGE('',*,*,#3378,.T.);
#4570=ORIENTED_EDGE('',*,*,#3377,.T.);
#4571=ORIENTED_EDGE('',*,*,#3379,.F.);
#4572=ORIENTED_EDGE('',*,*,#3380,.F.);
#4573=ORIENTED_EDGE('',*,*,#3381,.T.);
#4574=ORIENTED_EDGE('',*,*,#3380,.T.);
#4575=ORIENTED_EDGE('',*,*,#3382,.F.);
#4576=ORIENTED_EDGE('',*,*,#3383,.F.);
#4577=ORIENTED_EDGE('',*,*,#3384,.T.);
#4578=ORIENTED_EDGE('',*,*,#3383,.T.);
#4579=ORIENTED_EDGE('',*,*,#3385,.F.);
#4580=ORIENTED_EDGE('',*,*,#3386,.F.);
#4581=ORIENTED_EDGE('',*,*,#3387,.T.);
#4582=ORIENTED_EDGE('',*,*,#3386,.T.);
#4583=ORIENTED_EDGE('',*,*,#3388,.F.);
#4584=ORIENTED_EDGE('',*,*,#3389,.F.);
#4585=ORIENTED_EDGE('',*,*,#3390,.T.);
#4586=ORIENTED_EDGE('',*,*,#3389,.T.);
#4587=ORIENTED_EDGE('',*,*,#3391,.F.);
#4588=ORIENTED_EDGE('',*,*,#3392,.F.);
#4589=ORIENTED_EDGE('',*,*,#3393,.T.);
#4590=ORIENTED_EDGE('',*,*,#3392,.T.);
#4591=ORIENTED_EDGE('',*,*,#3394,.F.);
#4592=ORIENTED_EDGE('',*,*,#3395,.F.);
#4593=ORIENTED_EDGE('',*,*,#3396,.T.);
#4594=ORIENTED_EDGE('',*,*,#3395,.T.);
#4595=ORIENTED_EDGE('',*,*,#3397,.F.);
#4596=ORIENTED_EDGE('',*,*,#3398,.F.);
#4597=ORIENTED_EDGE('',*,*,#3399,.T.);
#4598=ORIENTED_EDGE('',*,*,#3398,.T.);
#4599=ORIENTED_EDGE('',*,*,#3400,.F.);
#4600=ORIENTED_EDGE('',*,*,#3401,.F.);
#4601=ORIENTED_EDGE('',*,*,#3402,.T.);
#4602=ORIENTED_EDGE('',*,*,#3401,.T.);
#4603=ORIENTED_EDGE('',*,*,#3403,.F.);
#4604=ORIENTED_EDGE('',*,*,#3369,.F.);
#4605=ORIENTED_EDGE('',*,*,#3403,.T.);
#4606=ORIENTED_EDGE('',*,*,#3400,.T.);
#4607=ORIENTED_EDGE('',*,*,#3397,.T.);
#4608=ORIENTED_EDGE('',*,*,#3394,.T.);
#4609=ORIENTED_EDGE('',*,*,#3391,.T.);
#4610=ORIENTED_EDGE('',*,*,#3388,.T.);
#4611=ORIENTED_EDGE('',*,*,#3385,.T.);
#4612=ORIENTED_EDGE('',*,*,#3382,.T.);
#4613=ORIENTED_EDGE('',*,*,#3379,.T.);
#4614=ORIENTED_EDGE('',*,*,#3376,.T.);
#4615=ORIENTED_EDGE('',*,*,#3373,.T.);
#4616=ORIENTED_EDGE('',*,*,#3370,.T.);
#4617=ORIENTED_EDGE('',*,*,#3402,.F.);
#4618=ORIENTED_EDGE('',*,*,#3368,.F.);
#4619=ORIENTED_EDGE('',*,*,#3372,.F.);
#4620=ORIENTED_EDGE('',*,*,#3375,.F.);
#4621=ORIENTED_EDGE('',*,*,#3378,.F.);
#4622=ORIENTED_EDGE('',*,*,#3381,.F.);
#4623=ORIENTED_EDGE('',*,*,#3384,.F.);
#4624=ORIENTED_EDGE('',*,*,#3387,.F.);
#4625=ORIENTED_EDGE('',*,*,#3390,.F.);
#4626=ORIENTED_EDGE('',*,*,#3393,.F.);
#4627=ORIENTED_EDGE('',*,*,#3396,.F.);
#4628=ORIENTED_EDGE('',*,*,#3399,.F.);
#4629=ORIENTED_EDGE('',*,*,#3404,.T.);
#4630=ORIENTED_EDGE('',*,*,#3405,.T.);
#4631=ORIENTED_EDGE('',*,*,#3406,.F.);
#4632=ORIENTED_EDGE('',*,*,#3407,.F.);
#4633=ORIENTED_EDGE('',*,*,#3408,.T.);
#4634=ORIENTED_EDGE('',*,*,#3407,.T.);
#4635=ORIENTED_EDGE('',*,*,#3409,.F.);
#4636=ORIENTED_EDGE('',*,*,#3410,.F.);
#4637=ORIENTED_EDGE('',*,*,#3411,.T.);
#4638=ORIENTED_EDGE('',*,*,#3410,.T.);
#4639=ORIENTED_EDGE('',*,*,#3412,.F.);
#4640=ORIENTED_EDGE('',*,*,#3413,.F.);
#4641=ORIENTED_EDGE('',*,*,#3414,.T.);
#4642=ORIENTED_EDGE('',*,*,#3413,.T.);
#4643=ORIENTED_EDGE('',*,*,#3415,.F.);
#4644=ORIENTED_EDGE('',*,*,#3416,.F.);
#4645=ORIENTED_EDGE('',*,*,#3417,.T.);
#4646=ORIENTED_EDGE('',*,*,#3416,.T.);
#4647=ORIENTED_EDGE('',*,*,#3418,.F.);
#4648=ORIENTED_EDGE('',*,*,#3419,.F.);
#4649=ORIENTED_EDGE('',*,*,#3420,.T.);
#4650=ORIENTED_EDGE('',*,*,#3419,.T.);
#4651=ORIENTED_EDGE('',*,*,#3421,.F.);
#4652=ORIENTED_EDGE('',*,*,#3422,.F.);
#4653=ORIENTED_EDGE('',*,*,#3423,.T.);
#4654=ORIENTED_EDGE('',*,*,#3422,.T.);
#4655=ORIENTED_EDGE('',*,*,#3424,.F.);
#4656=ORIENTED_EDGE('',*,*,#3425,.F.);
#4657=ORIENTED_EDGE('',*,*,#3426,.T.);
#4658=ORIENTED_EDGE('',*,*,#3425,.T.);
#4659=ORIENTED_EDGE('',*,*,#3427,.F.);
#4660=ORIENTED_EDGE('',*,*,#3428,.F.);
#4661=ORIENTED_EDGE('',*,*,#3429,.T.);
#4662=ORIENTED_EDGE('',*,*,#3428,.T.);
#4663=ORIENTED_EDGE('',*,*,#3430,.F.);
#4664=ORIENTED_EDGE('',*,*,#3431,.F.);
#4665=ORIENTED_EDGE('',*,*,#3432,.T.);
#4666=ORIENTED_EDGE('',*,*,#3431,.T.);
#4667=ORIENTED_EDGE('',*,*,#3433,.F.);
#4668=ORIENTED_EDGE('',*,*,#3434,.F.);
#4669=ORIENTED_EDGE('',*,*,#3435,.T.);
#4670=ORIENTED_EDGE('',*,*,#3434,.T.);
#4671=ORIENTED_EDGE('',*,*,#3436,.F.);
#4672=ORIENTED_EDGE('',*,*,#3437,.F.);
#4673=ORIENTED_EDGE('',*,*,#3438,.T.);
#4674=ORIENTED_EDGE('',*,*,#3437,.T.);
#4675=ORIENTED_EDGE('',*,*,#3439,.F.);
#4676=ORIENTED_EDGE('',*,*,#3405,.F.);
#4677=ORIENTED_EDGE('',*,*,#3439,.T.);
#4678=ORIENTED_EDGE('',*,*,#3436,.T.);
#4679=ORIENTED_EDGE('',*,*,#3433,.T.);
#4680=ORIENTED_EDGE('',*,*,#3430,.T.);
#4681=ORIENTED_EDGE('',*,*,#3427,.T.);
#4682=ORIENTED_EDGE('',*,*,#3424,.T.);
#4683=ORIENTED_EDGE('',*,*,#3421,.T.);
#4684=ORIENTED_EDGE('',*,*,#3418,.T.);
#4685=ORIENTED_EDGE('',*,*,#3415,.T.);
#4686=ORIENTED_EDGE('',*,*,#3412,.T.);
#4687=ORIENTED_EDGE('',*,*,#3409,.T.);
#4688=ORIENTED_EDGE('',*,*,#3406,.T.);
#4689=ORIENTED_EDGE('',*,*,#3438,.F.);
#4690=ORIENTED_EDGE('',*,*,#3404,.F.);
#4691=ORIENTED_EDGE('',*,*,#3408,.F.);
#4692=ORIENTED_EDGE('',*,*,#3411,.F.);
#4693=ORIENTED_EDGE('',*,*,#3414,.F.);
#4694=ORIENTED_EDGE('',*,*,#3417,.F.);
#4695=ORIENTED_EDGE('',*,*,#3420,.F.);
#4696=ORIENTED_EDGE('',*,*,#3423,.F.);
#4697=ORIENTED_EDGE('',*,*,#3426,.F.);
#4698=ORIENTED_EDGE('',*,*,#3429,.F.);
#4699=ORIENTED_EDGE('',*,*,#3432,.F.);
#4700=ORIENTED_EDGE('',*,*,#3435,.F.);
#4701=ORIENTED_EDGE('',*,*,#3440,.T.);
#4702=ORIENTED_EDGE('',*,*,#3441,.T.);
#4703=ORIENTED_EDGE('',*,*,#3442,.F.);
#4704=ORIENTED_EDGE('',*,*,#3443,.F.);
#4705=ORIENTED_EDGE('',*,*,#3444,.T.);
#4706=ORIENTED_EDGE('',*,*,#3443,.T.);
#4707=ORIENTED_EDGE('',*,*,#3445,.F.);
#4708=ORIENTED_EDGE('',*,*,#3446,.F.);
#4709=ORIENTED_EDGE('',*,*,#3447,.T.);
#4710=ORIENTED_EDGE('',*,*,#3446,.T.);
#4711=ORIENTED_EDGE('',*,*,#3448,.F.);
#4712=ORIENTED_EDGE('',*,*,#3449,.F.);
#4713=ORIENTED_EDGE('',*,*,#3450,.T.);
#4714=ORIENTED_EDGE('',*,*,#3449,.T.);
#4715=ORIENTED_EDGE('',*,*,#3451,.F.);
#4716=ORIENTED_EDGE('',*,*,#3452,.F.);
#4717=ORIENTED_EDGE('',*,*,#3453,.T.);
#4718=ORIENTED_EDGE('',*,*,#3452,.T.);
#4719=ORIENTED_EDGE('',*,*,#3454,.F.);
#4720=ORIENTED_EDGE('',*,*,#3455,.F.);
#4721=ORIENTED_EDGE('',*,*,#3456,.T.);
#4722=ORIENTED_EDGE('',*,*,#3455,.T.);
#4723=ORIENTED_EDGE('',*,*,#3457,.F.);
#4724=ORIENTED_EDGE('',*,*,#3458,.F.);
#4725=ORIENTED_EDGE('',*,*,#3459,.T.);
#4726=ORIENTED_EDGE('',*,*,#3458,.T.);
#4727=ORIENTED_EDGE('',*,*,#3460,.F.);
#4728=ORIENTED_EDGE('',*,*,#3461,.F.);
#4729=ORIENTED_EDGE('',*,*,#3462,.T.);
#4730=ORIENTED_EDGE('',*,*,#3461,.T.);
#4731=ORIENTED_EDGE('',*,*,#3463,.F.);
#4732=ORIENTED_EDGE('',*,*,#3464,.F.);
#4733=ORIENTED_EDGE('',*,*,#3465,.T.);
#4734=ORIENTED_EDGE('',*,*,#3464,.T.);
#4735=ORIENTED_EDGE('',*,*,#3466,.F.);
#4736=ORIENTED_EDGE('',*,*,#3467,.F.);
#4737=ORIENTED_EDGE('',*,*,#3468,.T.);
#4738=ORIENTED_EDGE('',*,*,#3467,.T.);
#4739=ORIENTED_EDGE('',*,*,#3469,.F.);
#4740=ORIENTED_EDGE('',*,*,#3470,.F.);
#4741=ORIENTED_EDGE('',*,*,#3471,.T.);
#4742=ORIENTED_EDGE('',*,*,#3470,.T.);
#4743=ORIENTED_EDGE('',*,*,#3472,.F.);
#4744=ORIENTED_EDGE('',*,*,#3473,.F.);
#4745=ORIENTED_EDGE('',*,*,#3474,.T.);
#4746=ORIENTED_EDGE('',*,*,#3473,.T.);
#4747=ORIENTED_EDGE('',*,*,#3475,.F.);
#4748=ORIENTED_EDGE('',*,*,#3441,.F.);
#4749=ORIENTED_EDGE('',*,*,#3475,.T.);
#4750=ORIENTED_EDGE('',*,*,#3472,.T.);
#4751=ORIENTED_EDGE('',*,*,#3469,.T.);
#4752=ORIENTED_EDGE('',*,*,#3466,.T.);
#4753=ORIENTED_EDGE('',*,*,#3463,.T.);
#4754=ORIENTED_EDGE('',*,*,#3460,.T.);
#4755=ORIENTED_EDGE('',*,*,#3457,.T.);
#4756=ORIENTED_EDGE('',*,*,#3454,.T.);
#4757=ORIENTED_EDGE('',*,*,#3451,.T.);
#4758=ORIENTED_EDGE('',*,*,#3448,.T.);
#4759=ORIENTED_EDGE('',*,*,#3445,.T.);
#4760=ORIENTED_EDGE('',*,*,#3442,.T.);
#4761=ORIENTED_EDGE('',*,*,#3474,.F.);
#4762=ORIENTED_EDGE('',*,*,#3440,.F.);
#4763=ORIENTED_EDGE('',*,*,#3444,.F.);
#4764=ORIENTED_EDGE('',*,*,#3447,.F.);
#4765=ORIENTED_EDGE('',*,*,#3450,.F.);
#4766=ORIENTED_EDGE('',*,*,#3453,.F.);
#4767=ORIENTED_EDGE('',*,*,#3456,.F.);
#4768=ORIENTED_EDGE('',*,*,#3459,.F.);
#4769=ORIENTED_EDGE('',*,*,#3462,.F.);
#4770=ORIENTED_EDGE('',*,*,#3465,.F.);
#4771=ORIENTED_EDGE('',*,*,#3468,.F.);
#4772=ORIENTED_EDGE('',*,*,#3471,.F.);
#4773=ORIENTED_EDGE('',*,*,#3476,.F.);
#4774=ORIENTED_EDGE('',*,*,#3477,.T.);
#4775=ORIENTED_EDGE('',*,*,#3478,.T.);
#4776=ORIENTED_EDGE('',*,*,#3479,.F.);
#4777=ORIENTED_EDGE('',*,*,#3480,.F.);
#4778=ORIENTED_EDGE('',*,*,#3481,.T.);
#4779=ORIENTED_EDGE('',*,*,#3482,.T.);
#4780=ORIENTED_EDGE('',*,*,#3477,.F.);
#4781=ORIENTED_EDGE('',*,*,#3483,.F.);
#4782=ORIENTED_EDGE('',*,*,#3484,.T.);
#4783=ORIENTED_EDGE('',*,*,#3485,.T.);
#4784=ORIENTED_EDGE('',*,*,#3481,.F.);
#4785=ORIENTED_EDGE('',*,*,#3486,.F.);
#4786=ORIENTED_EDGE('',*,*,#3487,.T.);
#4787=ORIENTED_EDGE('',*,*,#3488,.T.);
#4788=ORIENTED_EDGE('',*,*,#3484,.F.);
#4789=ORIENTED_EDGE('',*,*,#3489,.F.);
#4790=ORIENTED_EDGE('',*,*,#3490,.T.);
#4791=ORIENTED_EDGE('',*,*,#3491,.T.);
#4792=ORIENTED_EDGE('',*,*,#3487,.F.);
#4793=ORIENTED_EDGE('',*,*,#3492,.F.);
#4794=ORIENTED_EDGE('',*,*,#3493,.T.);
#4795=ORIENTED_EDGE('',*,*,#3494,.T.);
#4796=ORIENTED_EDGE('',*,*,#3490,.F.);
#4797=ORIENTED_EDGE('',*,*,#3495,.F.);
#4798=ORIENTED_EDGE('',*,*,#3496,.T.);
#4799=ORIENTED_EDGE('',*,*,#3497,.T.);
#4800=ORIENTED_EDGE('',*,*,#3493,.F.);
#4801=ORIENTED_EDGE('',*,*,#3498,.F.);
#4802=ORIENTED_EDGE('',*,*,#3499,.T.);
#4803=ORIENTED_EDGE('',*,*,#3500,.T.);
#4804=ORIENTED_EDGE('',*,*,#3496,.F.);
#4805=ORIENTED_EDGE('',*,*,#3501,.F.);
#4806=ORIENTED_EDGE('',*,*,#3502,.T.);
#4807=ORIENTED_EDGE('',*,*,#3503,.T.);
#4808=ORIENTED_EDGE('',*,*,#3499,.F.);
#4809=ORIENTED_EDGE('',*,*,#3504,.F.);
#4810=ORIENTED_EDGE('',*,*,#3505,.T.);
#4811=ORIENTED_EDGE('',*,*,#3506,.T.);
#4812=ORIENTED_EDGE('',*,*,#3502,.F.);
#4813=ORIENTED_EDGE('',*,*,#3507,.F.);
#4814=ORIENTED_EDGE('',*,*,#3508,.T.);
#4815=ORIENTED_EDGE('',*,*,#3509,.T.);
#4816=ORIENTED_EDGE('',*,*,#3505,.F.);
#4817=ORIENTED_EDGE('',*,*,#3510,.F.);
#4818=ORIENTED_EDGE('',*,*,#3479,.T.);
#4819=ORIENTED_EDGE('',*,*,#3511,.T.);
#4820=ORIENTED_EDGE('',*,*,#3508,.F.);
#4821=ORIENTED_EDGE('',*,*,#3511,.F.);
#4822=ORIENTED_EDGE('',*,*,#3478,.F.);
#4823=ORIENTED_EDGE('',*,*,#3482,.F.);
#4824=ORIENTED_EDGE('',*,*,#3485,.F.);
#4825=ORIENTED_EDGE('',*,*,#3488,.F.);
#4826=ORIENTED_EDGE('',*,*,#3491,.F.);
#4827=ORIENTED_EDGE('',*,*,#3494,.F.);
#4828=ORIENTED_EDGE('',*,*,#3497,.F.);
#4829=ORIENTED_EDGE('',*,*,#3500,.F.);
#4830=ORIENTED_EDGE('',*,*,#3503,.F.);
#4831=ORIENTED_EDGE('',*,*,#3506,.F.);
#4832=ORIENTED_EDGE('',*,*,#3509,.F.);
#4833=ORIENTED_EDGE('',*,*,#3510,.T.);
#4834=ORIENTED_EDGE('',*,*,#3507,.T.);
#4835=ORIENTED_EDGE('',*,*,#3504,.T.);
#4836=ORIENTED_EDGE('',*,*,#3501,.T.);
#4837=ORIENTED_EDGE('',*,*,#3498,.T.);
#4838=ORIENTED_EDGE('',*,*,#3495,.T.);
#4839=ORIENTED_EDGE('',*,*,#3492,.T.);
#4840=ORIENTED_EDGE('',*,*,#3489,.T.);
#4841=ORIENTED_EDGE('',*,*,#3486,.T.);
#4842=ORIENTED_EDGE('',*,*,#3483,.T.);
#4843=ORIENTED_EDGE('',*,*,#3480,.T.);
#4844=ORIENTED_EDGE('',*,*,#3476,.T.);
#4845=ORIENTED_EDGE('',*,*,#3512,.T.);
#4846=ORIENTED_EDGE('',*,*,#3513,.T.);
#4847=ORIENTED_EDGE('',*,*,#3514,.F.);
#4848=ORIENTED_EDGE('',*,*,#3515,.F.);
#4849=ORIENTED_EDGE('',*,*,#3516,.T.);
#4850=ORIENTED_EDGE('',*,*,#3515,.T.);
#4851=ORIENTED_EDGE('',*,*,#3517,.F.);
#4852=ORIENTED_EDGE('',*,*,#3518,.F.);
#4853=ORIENTED_EDGE('',*,*,#3519,.T.);
#4854=ORIENTED_EDGE('',*,*,#3518,.T.);
#4855=ORIENTED_EDGE('',*,*,#3520,.F.);
#4856=ORIENTED_EDGE('',*,*,#3521,.F.);
#4857=ORIENTED_EDGE('',*,*,#3522,.T.);
#4858=ORIENTED_EDGE('',*,*,#3521,.T.);
#4859=ORIENTED_EDGE('',*,*,#3523,.F.);
#4860=ORIENTED_EDGE('',*,*,#3524,.F.);
#4861=ORIENTED_EDGE('',*,*,#3525,.T.);
#4862=ORIENTED_EDGE('',*,*,#3524,.T.);
#4863=ORIENTED_EDGE('',*,*,#3526,.F.);
#4864=ORIENTED_EDGE('',*,*,#3527,.F.);
#4865=ORIENTED_EDGE('',*,*,#3528,.T.);
#4866=ORIENTED_EDGE('',*,*,#3527,.T.);
#4867=ORIENTED_EDGE('',*,*,#3529,.F.);
#4868=ORIENTED_EDGE('',*,*,#3530,.F.);
#4869=ORIENTED_EDGE('',*,*,#3531,.T.);
#4870=ORIENTED_EDGE('',*,*,#3530,.T.);
#4871=ORIENTED_EDGE('',*,*,#3532,.F.);
#4872=ORIENTED_EDGE('',*,*,#3533,.F.);
#4873=ORIENTED_EDGE('',*,*,#3534,.T.);
#4874=ORIENTED_EDGE('',*,*,#3533,.T.);
#4875=ORIENTED_EDGE('',*,*,#3535,.F.);
#4876=ORIENTED_EDGE('',*,*,#3536,.F.);
#4877=ORIENTED_EDGE('',*,*,#3537,.T.);
#4878=ORIENTED_EDGE('',*,*,#3536,.T.);
#4879=ORIENTED_EDGE('',*,*,#3538,.F.);
#4880=ORIENTED_EDGE('',*,*,#3539,.F.);
#4881=ORIENTED_EDGE('',*,*,#3540,.T.);
#4882=ORIENTED_EDGE('',*,*,#3539,.T.);
#4883=ORIENTED_EDGE('',*,*,#3541,.F.);
#4884=ORIENTED_EDGE('',*,*,#3542,.F.);
#4885=ORIENTED_EDGE('',*,*,#3543,.T.);
#4886=ORIENTED_EDGE('',*,*,#3542,.T.);
#4887=ORIENTED_EDGE('',*,*,#3544,.F.);
#4888=ORIENTED_EDGE('',*,*,#3545,.F.);
#4889=ORIENTED_EDGE('',*,*,#3546,.T.);
#4890=ORIENTED_EDGE('',*,*,#3545,.T.);
#4891=ORIENTED_EDGE('',*,*,#3547,.F.);
#4892=ORIENTED_EDGE('',*,*,#3513,.F.);
#4893=ORIENTED_EDGE('',*,*,#3547,.T.);
#4894=ORIENTED_EDGE('',*,*,#3544,.T.);
#4895=ORIENTED_EDGE('',*,*,#3541,.T.);
#4896=ORIENTED_EDGE('',*,*,#3538,.T.);
#4897=ORIENTED_EDGE('',*,*,#3535,.T.);
#4898=ORIENTED_EDGE('',*,*,#3532,.T.);
#4899=ORIENTED_EDGE('',*,*,#3529,.T.);
#4900=ORIENTED_EDGE('',*,*,#3526,.T.);
#4901=ORIENTED_EDGE('',*,*,#3523,.T.);
#4902=ORIENTED_EDGE('',*,*,#3520,.T.);
#4903=ORIENTED_EDGE('',*,*,#3517,.T.);
#4904=ORIENTED_EDGE('',*,*,#3514,.T.);
#4905=ORIENTED_EDGE('',*,*,#3546,.F.);
#4906=ORIENTED_EDGE('',*,*,#3512,.F.);
#4907=ORIENTED_EDGE('',*,*,#3516,.F.);
#4908=ORIENTED_EDGE('',*,*,#3519,.F.);
#4909=ORIENTED_EDGE('',*,*,#3522,.F.);
#4910=ORIENTED_EDGE('',*,*,#3525,.F.);
#4911=ORIENTED_EDGE('',*,*,#3528,.F.);
#4912=ORIENTED_EDGE('',*,*,#3531,.F.);
#4913=ORIENTED_EDGE('',*,*,#3534,.F.);
#4914=ORIENTED_EDGE('',*,*,#3537,.F.);
#4915=ORIENTED_EDGE('',*,*,#3540,.F.);
#4916=ORIENTED_EDGE('',*,*,#3543,.F.);
#4917=ORIENTED_EDGE('',*,*,#3548,.F.);
#4918=ORIENTED_EDGE('',*,*,#3549,.T.);
#4919=ORIENTED_EDGE('',*,*,#3550,.T.);
#4920=ORIENTED_EDGE('',*,*,#3551,.F.);
#4921=ORIENTED_EDGE('',*,*,#3552,.F.);
#4922=ORIENTED_EDGE('',*,*,#3553,.T.);
#4923=ORIENTED_EDGE('',*,*,#3554,.T.);
#4924=ORIENTED_EDGE('',*,*,#3549,.F.);
#4925=ORIENTED_EDGE('',*,*,#3555,.F.);
#4926=ORIENTED_EDGE('',*,*,#3556,.T.);
#4927=ORIENTED_EDGE('',*,*,#3557,.T.);
#4928=ORIENTED_EDGE('',*,*,#3553,.F.);
#4929=ORIENTED_EDGE('',*,*,#3558,.F.);
#4930=ORIENTED_EDGE('',*,*,#3559,.T.);
#4931=ORIENTED_EDGE('',*,*,#3560,.T.);
#4932=ORIENTED_EDGE('',*,*,#3556,.F.);
#4933=ORIENTED_EDGE('',*,*,#3561,.F.);
#4934=ORIENTED_EDGE('',*,*,#3562,.T.);
#4935=ORIENTED_EDGE('',*,*,#3563,.T.);
#4936=ORIENTED_EDGE('',*,*,#3559,.F.);
#4937=ORIENTED_EDGE('',*,*,#3564,.F.);
#4938=ORIENTED_EDGE('',*,*,#3565,.T.);
#4939=ORIENTED_EDGE('',*,*,#3566,.T.);
#4940=ORIENTED_EDGE('',*,*,#3562,.F.);
#4941=ORIENTED_EDGE('',*,*,#3567,.F.);
#4942=ORIENTED_EDGE('',*,*,#3568,.T.);
#4943=ORIENTED_EDGE('',*,*,#3569,.T.);
#4944=ORIENTED_EDGE('',*,*,#3565,.F.);
#4945=ORIENTED_EDGE('',*,*,#3570,.F.);
#4946=ORIENTED_EDGE('',*,*,#3571,.T.);
#4947=ORIENTED_EDGE('',*,*,#3572,.T.);
#4948=ORIENTED_EDGE('',*,*,#3568,.F.);
#4949=ORIENTED_EDGE('',*,*,#3573,.F.);
#4950=ORIENTED_EDGE('',*,*,#3574,.T.);
#4951=ORIENTED_EDGE('',*,*,#3575,.T.);
#4952=ORIENTED_EDGE('',*,*,#3571,.F.);
#4953=ORIENTED_EDGE('',*,*,#3576,.F.);
#4954=ORIENTED_EDGE('',*,*,#3577,.T.);
#4955=ORIENTED_EDGE('',*,*,#3578,.T.);
#4956=ORIENTED_EDGE('',*,*,#3574,.F.);
#4957=ORIENTED_EDGE('',*,*,#3579,.F.);
#4958=ORIENTED_EDGE('',*,*,#3580,.T.);
#4959=ORIENTED_EDGE('',*,*,#3581,.T.);
#4960=ORIENTED_EDGE('',*,*,#3577,.F.);
#4961=ORIENTED_EDGE('',*,*,#3582,.F.);
#4962=ORIENTED_EDGE('',*,*,#3551,.T.);
#4963=ORIENTED_EDGE('',*,*,#3583,.T.);
#4964=ORIENTED_EDGE('',*,*,#3580,.F.);
#4965=ORIENTED_EDGE('',*,*,#3583,.F.);
#4966=ORIENTED_EDGE('',*,*,#3550,.F.);
#4967=ORIENTED_EDGE('',*,*,#3554,.F.);
#4968=ORIENTED_EDGE('',*,*,#3557,.F.);
#4969=ORIENTED_EDGE('',*,*,#3560,.F.);
#4970=ORIENTED_EDGE('',*,*,#3563,.F.);
#4971=ORIENTED_EDGE('',*,*,#3566,.F.);
#4972=ORIENTED_EDGE('',*,*,#3569,.F.);
#4973=ORIENTED_EDGE('',*,*,#3572,.F.);
#4974=ORIENTED_EDGE('',*,*,#3575,.F.);
#4975=ORIENTED_EDGE('',*,*,#3578,.F.);
#4976=ORIENTED_EDGE('',*,*,#3581,.F.);
#4977=ORIENTED_EDGE('',*,*,#3582,.T.);
#4978=ORIENTED_EDGE('',*,*,#3579,.T.);
#4979=ORIENTED_EDGE('',*,*,#3576,.T.);
#4980=ORIENTED_EDGE('',*,*,#3573,.T.);
#4981=ORIENTED_EDGE('',*,*,#3570,.T.);
#4982=ORIENTED_EDGE('',*,*,#3567,.T.);
#4983=ORIENTED_EDGE('',*,*,#3564,.T.);
#4984=ORIENTED_EDGE('',*,*,#3561,.T.);
#4985=ORIENTED_EDGE('',*,*,#3558,.T.);
#4986=ORIENTED_EDGE('',*,*,#3555,.T.);
#4987=ORIENTED_EDGE('',*,*,#3552,.T.);
#4988=ORIENTED_EDGE('',*,*,#3548,.T.);
#4989=ORIENTED_EDGE('',*,*,#3584,.T.);
#4990=ORIENTED_EDGE('',*,*,#3585,.T.);
#4991=ORIENTED_EDGE('',*,*,#3586,.F.);
#4992=ORIENTED_EDGE('',*,*,#3587,.F.);
#4993=ORIENTED_EDGE('',*,*,#3588,.T.);
#4994=ORIENTED_EDGE('',*,*,#3587,.T.);
#4995=ORIENTED_EDGE('',*,*,#3589,.F.);
#4996=ORIENTED_EDGE('',*,*,#3590,.F.);
#4997=ORIENTED_EDGE('',*,*,#3591,.T.);
#4998=ORIENTED_EDGE('',*,*,#3590,.T.);
#4999=ORIENTED_EDGE('',*,*,#3592,.F.);
#5000=ORIENTED_EDGE('',*,*,#3593,.F.);
#5001=ORIENTED_EDGE('',*,*,#3594,.T.);
#5002=ORIENTED_EDGE('',*,*,#3593,.T.);
#5003=ORIENTED_EDGE('',*,*,#3595,.F.);
#5004=ORIENTED_EDGE('',*,*,#3596,.F.);
#5005=ORIENTED_EDGE('',*,*,#3597,.T.);
#5006=ORIENTED_EDGE('',*,*,#3596,.T.);
#5007=ORIENTED_EDGE('',*,*,#3598,.F.);
#5008=ORIENTED_EDGE('',*,*,#3599,.F.);
#5009=ORIENTED_EDGE('',*,*,#3600,.T.);
#5010=ORIENTED_EDGE('',*,*,#3599,.T.);
#5011=ORIENTED_EDGE('',*,*,#3601,.F.);
#5012=ORIENTED_EDGE('',*,*,#3602,.F.);
#5013=ORIENTED_EDGE('',*,*,#3603,.T.);
#5014=ORIENTED_EDGE('',*,*,#3602,.T.);
#5015=ORIENTED_EDGE('',*,*,#3604,.F.);
#5016=ORIENTED_EDGE('',*,*,#3605,.F.);
#5017=ORIENTED_EDGE('',*,*,#3606,.T.);
#5018=ORIENTED_EDGE('',*,*,#3605,.T.);
#5019=ORIENTED_EDGE('',*,*,#3607,.F.);
#5020=ORIENTED_EDGE('',*,*,#3608,.F.);
#5021=ORIENTED_EDGE('',*,*,#3609,.T.);
#5022=ORIENTED_EDGE('',*,*,#3608,.T.);
#5023=ORIENTED_EDGE('',*,*,#3610,.F.);
#5024=ORIENTED_EDGE('',*,*,#3611,.F.);
#5025=ORIENTED_EDGE('',*,*,#3612,.T.);
#5026=ORIENTED_EDGE('',*,*,#3611,.T.);
#5027=ORIENTED_EDGE('',*,*,#3613,.F.);
#5028=ORIENTED_EDGE('',*,*,#3614,.F.);
#5029=ORIENTED_EDGE('',*,*,#3615,.T.);
#5030=ORIENTED_EDGE('',*,*,#3614,.T.);
#5031=ORIENTED_EDGE('',*,*,#3616,.F.);
#5032=ORIENTED_EDGE('',*,*,#3617,.F.);
#5033=ORIENTED_EDGE('',*,*,#3618,.T.);
#5034=ORIENTED_EDGE('',*,*,#3617,.T.);
#5035=ORIENTED_EDGE('',*,*,#3619,.F.);
#5036=ORIENTED_EDGE('',*,*,#3585,.F.);
#5037=ORIENTED_EDGE('',*,*,#3619,.T.);
#5038=ORIENTED_EDGE('',*,*,#3616,.T.);
#5039=ORIENTED_EDGE('',*,*,#3613,.T.);
#5040=ORIENTED_EDGE('',*,*,#3610,.T.);
#5041=ORIENTED_EDGE('',*,*,#3607,.T.);
#5042=ORIENTED_EDGE('',*,*,#3604,.T.);
#5043=ORIENTED_EDGE('',*,*,#3601,.T.);
#5044=ORIENTED_EDGE('',*,*,#3598,.T.);
#5045=ORIENTED_EDGE('',*,*,#3595,.T.);
#5046=ORIENTED_EDGE('',*,*,#3592,.T.);
#5047=ORIENTED_EDGE('',*,*,#3589,.T.);
#5048=ORIENTED_EDGE('',*,*,#3586,.T.);
#5049=ORIENTED_EDGE('',*,*,#3618,.F.);
#5050=ORIENTED_EDGE('',*,*,#3584,.F.);
#5051=ORIENTED_EDGE('',*,*,#3588,.F.);
#5052=ORIENTED_EDGE('',*,*,#3591,.F.);
#5053=ORIENTED_EDGE('',*,*,#3594,.F.);
#5054=ORIENTED_EDGE('',*,*,#3597,.F.);
#5055=ORIENTED_EDGE('',*,*,#3600,.F.);
#5056=ORIENTED_EDGE('',*,*,#3603,.F.);
#5057=ORIENTED_EDGE('',*,*,#3606,.F.);
#5058=ORIENTED_EDGE('',*,*,#3609,.F.);
#5059=ORIENTED_EDGE('',*,*,#3612,.F.);
#5060=ORIENTED_EDGE('',*,*,#3615,.F.);
#5061=ORIENTED_EDGE('',*,*,#3620,.F.);
#5062=ORIENTED_EDGE('',*,*,#3621,.T.);
#5063=ORIENTED_EDGE('',*,*,#3622,.T.);
#5064=ORIENTED_EDGE('',*,*,#3623,.F.);
#5065=ORIENTED_EDGE('',*,*,#3624,.F.);
#5066=ORIENTED_EDGE('',*,*,#3625,.T.);
#5067=ORIENTED_EDGE('',*,*,#3626,.T.);
#5068=ORIENTED_EDGE('',*,*,#3621,.F.);
#5069=ORIENTED_EDGE('',*,*,#3627,.F.);
#5070=ORIENTED_EDGE('',*,*,#3628,.T.);
#5071=ORIENTED_EDGE('',*,*,#3629,.T.);
#5072=ORIENTED_EDGE('',*,*,#3625,.F.);
#5073=ORIENTED_EDGE('',*,*,#3630,.F.);
#5074=ORIENTED_EDGE('',*,*,#3631,.T.);
#5075=ORIENTED_EDGE('',*,*,#3632,.T.);
#5076=ORIENTED_EDGE('',*,*,#3628,.F.);
#5077=ORIENTED_EDGE('',*,*,#3633,.F.);
#5078=ORIENTED_EDGE('',*,*,#3634,.T.);
#5079=ORIENTED_EDGE('',*,*,#3635,.T.);
#5080=ORIENTED_EDGE('',*,*,#3631,.F.);
#5081=ORIENTED_EDGE('',*,*,#3636,.F.);
#5082=ORIENTED_EDGE('',*,*,#3637,.T.);
#5083=ORIENTED_EDGE('',*,*,#3638,.T.);
#5084=ORIENTED_EDGE('',*,*,#3634,.F.);
#5085=ORIENTED_EDGE('',*,*,#3639,.F.);
#5086=ORIENTED_EDGE('',*,*,#3640,.T.);
#5087=ORIENTED_EDGE('',*,*,#3641,.T.);
#5088=ORIENTED_EDGE('',*,*,#3637,.F.);
#5089=ORIENTED_EDGE('',*,*,#3642,.F.);
#5090=ORIENTED_EDGE('',*,*,#3643,.T.);
#5091=ORIENTED_EDGE('',*,*,#3644,.T.);
#5092=ORIENTED_EDGE('',*,*,#3640,.F.);
#5093=ORIENTED_EDGE('',*,*,#3645,.F.);
#5094=ORIENTED_EDGE('',*,*,#3646,.T.);
#5095=ORIENTED_EDGE('',*,*,#3647,.T.);
#5096=ORIENTED_EDGE('',*,*,#3643,.F.);
#5097=ORIENTED_EDGE('',*,*,#3648,.F.);
#5098=ORIENTED_EDGE('',*,*,#3649,.T.);
#5099=ORIENTED_EDGE('',*,*,#3650,.T.);
#5100=ORIENTED_EDGE('',*,*,#3646,.F.);
#5101=ORIENTED_EDGE('',*,*,#3651,.F.);
#5102=ORIENTED_EDGE('',*,*,#3652,.T.);
#5103=ORIENTED_EDGE('',*,*,#3653,.T.);
#5104=ORIENTED_EDGE('',*,*,#3649,.F.);
#5105=ORIENTED_EDGE('',*,*,#3654,.F.);
#5106=ORIENTED_EDGE('',*,*,#3623,.T.);
#5107=ORIENTED_EDGE('',*,*,#3655,.T.);
#5108=ORIENTED_EDGE('',*,*,#3652,.F.);
#5109=ORIENTED_EDGE('',*,*,#3655,.F.);
#5110=ORIENTED_EDGE('',*,*,#3622,.F.);
#5111=ORIENTED_EDGE('',*,*,#3626,.F.);
#5112=ORIENTED_EDGE('',*,*,#3629,.F.);
#5113=ORIENTED_EDGE('',*,*,#3632,.F.);
#5114=ORIENTED_EDGE('',*,*,#3635,.F.);
#5115=ORIENTED_EDGE('',*,*,#3638,.F.);
#5116=ORIENTED_EDGE('',*,*,#3641,.F.);
#5117=ORIENTED_EDGE('',*,*,#3644,.F.);
#5118=ORIENTED_EDGE('',*,*,#3647,.F.);
#5119=ORIENTED_EDGE('',*,*,#3650,.F.);
#5120=ORIENTED_EDGE('',*,*,#3653,.F.);
#5121=ORIENTED_EDGE('',*,*,#3654,.T.);
#5122=ORIENTED_EDGE('',*,*,#3651,.T.);
#5123=ORIENTED_EDGE('',*,*,#3648,.T.);
#5124=ORIENTED_EDGE('',*,*,#3645,.T.);
#5125=ORIENTED_EDGE('',*,*,#3642,.T.);
#5126=ORIENTED_EDGE('',*,*,#3639,.T.);
#5127=ORIENTED_EDGE('',*,*,#3636,.T.);
#5128=ORIENTED_EDGE('',*,*,#3633,.T.);
#5129=ORIENTED_EDGE('',*,*,#3630,.T.);
#5130=ORIENTED_EDGE('',*,*,#3627,.T.);
#5131=ORIENTED_EDGE('',*,*,#3624,.T.);
#5132=ORIENTED_EDGE('',*,*,#3620,.T.);
#5133=ORIENTED_EDGE('',*,*,#3656,.T.);
#5134=ORIENTED_EDGE('',*,*,#3657,.T.);
#5135=ORIENTED_EDGE('',*,*,#3658,.F.);
#5136=ORIENTED_EDGE('',*,*,#3659,.F.);
#5137=ORIENTED_EDGE('',*,*,#3660,.T.);
#5138=ORIENTED_EDGE('',*,*,#3659,.T.);
#5139=ORIENTED_EDGE('',*,*,#3661,.F.);
#5140=ORIENTED_EDGE('',*,*,#3662,.F.);
#5141=ORIENTED_EDGE('',*,*,#3663,.T.);
#5142=ORIENTED_EDGE('',*,*,#3662,.T.);
#5143=ORIENTED_EDGE('',*,*,#3664,.F.);
#5144=ORIENTED_EDGE('',*,*,#3665,.F.);
#5145=ORIENTED_EDGE('',*,*,#3666,.T.);
#5146=ORIENTED_EDGE('',*,*,#3665,.T.);
#5147=ORIENTED_EDGE('',*,*,#3667,.F.);
#5148=ORIENTED_EDGE('',*,*,#3668,.F.);
#5149=ORIENTED_EDGE('',*,*,#3669,.T.);
#5150=ORIENTED_EDGE('',*,*,#3668,.T.);
#5151=ORIENTED_EDGE('',*,*,#3670,.F.);
#5152=ORIENTED_EDGE('',*,*,#3671,.F.);
#5153=ORIENTED_EDGE('',*,*,#3672,.T.);
#5154=ORIENTED_EDGE('',*,*,#3671,.T.);
#5155=ORIENTED_EDGE('',*,*,#3673,.F.);
#5156=ORIENTED_EDGE('',*,*,#3674,.F.);
#5157=ORIENTED_EDGE('',*,*,#3675,.T.);
#5158=ORIENTED_EDGE('',*,*,#3674,.T.);
#5159=ORIENTED_EDGE('',*,*,#3676,.F.);
#5160=ORIENTED_EDGE('',*,*,#3677,.F.);
#5161=ORIENTED_EDGE('',*,*,#3678,.T.);
#5162=ORIENTED_EDGE('',*,*,#3677,.T.);
#5163=ORIENTED_EDGE('',*,*,#3679,.F.);
#5164=ORIENTED_EDGE('',*,*,#3680,.F.);
#5165=ORIENTED_EDGE('',*,*,#3681,.T.);
#5166=ORIENTED_EDGE('',*,*,#3680,.T.);
#5167=ORIENTED_EDGE('',*,*,#3682,.F.);
#5168=ORIENTED_EDGE('',*,*,#3683,.F.);
#5169=ORIENTED_EDGE('',*,*,#3684,.T.);
#5170=ORIENTED_EDGE('',*,*,#3683,.T.);
#5171=ORIENTED_EDGE('',*,*,#3685,.F.);
#5172=ORIENTED_EDGE('',*,*,#3686,.F.);
#5173=ORIENTED_EDGE('',*,*,#3687,.T.);
#5174=ORIENTED_EDGE('',*,*,#3686,.T.);
#5175=ORIENTED_EDGE('',*,*,#3688,.F.);
#5176=ORIENTED_EDGE('',*,*,#3689,.F.);
#5177=ORIENTED_EDGE('',*,*,#3690,.T.);
#5178=ORIENTED_EDGE('',*,*,#3689,.T.);
#5179=ORIENTED_EDGE('',*,*,#3691,.F.);
#5180=ORIENTED_EDGE('',*,*,#3657,.F.);
#5181=ORIENTED_EDGE('',*,*,#3691,.T.);
#5182=ORIENTED_EDGE('',*,*,#3688,.T.);
#5183=ORIENTED_EDGE('',*,*,#3685,.T.);
#5184=ORIENTED_EDGE('',*,*,#3682,.T.);
#5185=ORIENTED_EDGE('',*,*,#3679,.T.);
#5186=ORIENTED_EDGE('',*,*,#3676,.T.);
#5187=ORIENTED_EDGE('',*,*,#3673,.T.);
#5188=ORIENTED_EDGE('',*,*,#3670,.T.);
#5189=ORIENTED_EDGE('',*,*,#3667,.T.);
#5190=ORIENTED_EDGE('',*,*,#3664,.T.);
#5191=ORIENTED_EDGE('',*,*,#3661,.T.);
#5192=ORIENTED_EDGE('',*,*,#3658,.T.);
#5193=ORIENTED_EDGE('',*,*,#3690,.F.);
#5194=ORIENTED_EDGE('',*,*,#3656,.F.);
#5195=ORIENTED_EDGE('',*,*,#3660,.F.);
#5196=ORIENTED_EDGE('',*,*,#3663,.F.);
#5197=ORIENTED_EDGE('',*,*,#3666,.F.);
#5198=ORIENTED_EDGE('',*,*,#3669,.F.);
#5199=ORIENTED_EDGE('',*,*,#3672,.F.);
#5200=ORIENTED_EDGE('',*,*,#3675,.F.);
#5201=ORIENTED_EDGE('',*,*,#3678,.F.);
#5202=ORIENTED_EDGE('',*,*,#3681,.F.);
#5203=ORIENTED_EDGE('',*,*,#3684,.F.);
#5204=ORIENTED_EDGE('',*,*,#3687,.F.);
#5205=ORIENTED_EDGE('',*,*,#3692,.F.);
#5206=ORIENTED_EDGE('',*,*,#3693,.T.);
#5207=ORIENTED_EDGE('',*,*,#3694,.T.);
#5208=ORIENTED_EDGE('',*,*,#3695,.F.);
#5209=ORIENTED_EDGE('',*,*,#3696,.F.);
#5210=ORIENTED_EDGE('',*,*,#3697,.T.);
#5211=ORIENTED_EDGE('',*,*,#3698,.T.);
#5212=ORIENTED_EDGE('',*,*,#3693,.F.);
#5213=ORIENTED_EDGE('',*,*,#3699,.F.);
#5214=ORIENTED_EDGE('',*,*,#3700,.T.);
#5215=ORIENTED_EDGE('',*,*,#3701,.T.);
#5216=ORIENTED_EDGE('',*,*,#3697,.F.);
#5217=ORIENTED_EDGE('',*,*,#3702,.F.);
#5218=ORIENTED_EDGE('',*,*,#3703,.T.);
#5219=ORIENTED_EDGE('',*,*,#3704,.T.);
#5220=ORIENTED_EDGE('',*,*,#3700,.F.);
#5221=ORIENTED_EDGE('',*,*,#3705,.F.);
#5222=ORIENTED_EDGE('',*,*,#3706,.T.);
#5223=ORIENTED_EDGE('',*,*,#3707,.T.);
#5224=ORIENTED_EDGE('',*,*,#3703,.F.);
#5225=ORIENTED_EDGE('',*,*,#3708,.F.);
#5226=ORIENTED_EDGE('',*,*,#3709,.T.);
#5227=ORIENTED_EDGE('',*,*,#3710,.T.);
#5228=ORIENTED_EDGE('',*,*,#3706,.F.);
#5229=ORIENTED_EDGE('',*,*,#3711,.F.);
#5230=ORIENTED_EDGE('',*,*,#3712,.T.);
#5231=ORIENTED_EDGE('',*,*,#3713,.T.);
#5232=ORIENTED_EDGE('',*,*,#3709,.F.);
#5233=ORIENTED_EDGE('',*,*,#3714,.F.);
#5234=ORIENTED_EDGE('',*,*,#3715,.T.);
#5235=ORIENTED_EDGE('',*,*,#3716,.T.);
#5236=ORIENTED_EDGE('',*,*,#3712,.F.);
#5237=ORIENTED_EDGE('',*,*,#3717,.F.);
#5238=ORIENTED_EDGE('',*,*,#3718,.T.);
#5239=ORIENTED_EDGE('',*,*,#3719,.T.);
#5240=ORIENTED_EDGE('',*,*,#3715,.F.);
#5241=ORIENTED_EDGE('',*,*,#3720,.F.);
#5242=ORIENTED_EDGE('',*,*,#3721,.T.);
#5243=ORIENTED_EDGE('',*,*,#3722,.T.);
#5244=ORIENTED_EDGE('',*,*,#3718,.F.);
#5245=ORIENTED_EDGE('',*,*,#3723,.F.);
#5246=ORIENTED_EDGE('',*,*,#3724,.T.);
#5247=ORIENTED_EDGE('',*,*,#3725,.T.);
#5248=ORIENTED_EDGE('',*,*,#3721,.F.);
#5249=ORIENTED_EDGE('',*,*,#3726,.F.);
#5250=ORIENTED_EDGE('',*,*,#3695,.T.);
#5251=ORIENTED_EDGE('',*,*,#3727,.T.);
#5252=ORIENTED_EDGE('',*,*,#3724,.F.);
#5253=ORIENTED_EDGE('',*,*,#3727,.F.);
#5254=ORIENTED_EDGE('',*,*,#3694,.F.);
#5255=ORIENTED_EDGE('',*,*,#3698,.F.);
#5256=ORIENTED_EDGE('',*,*,#3701,.F.);
#5257=ORIENTED_EDGE('',*,*,#3704,.F.);
#5258=ORIENTED_EDGE('',*,*,#3707,.F.);
#5259=ORIENTED_EDGE('',*,*,#3710,.F.);
#5260=ORIENTED_EDGE('',*,*,#3713,.F.);
#5261=ORIENTED_EDGE('',*,*,#3716,.F.);
#5262=ORIENTED_EDGE('',*,*,#3719,.F.);
#5263=ORIENTED_EDGE('',*,*,#3722,.F.);
#5264=ORIENTED_EDGE('',*,*,#3725,.F.);
#5265=ORIENTED_EDGE('',*,*,#3726,.T.);
#5266=ORIENTED_EDGE('',*,*,#3723,.T.);
#5267=ORIENTED_EDGE('',*,*,#3720,.T.);
#5268=ORIENTED_EDGE('',*,*,#3717,.T.);
#5269=ORIENTED_EDGE('',*,*,#3714,.T.);
#5270=ORIENTED_EDGE('',*,*,#3711,.T.);
#5271=ORIENTED_EDGE('',*,*,#3708,.T.);
#5272=ORIENTED_EDGE('',*,*,#3705,.T.);
#5273=ORIENTED_EDGE('',*,*,#3702,.T.);
#5274=ORIENTED_EDGE('',*,*,#3699,.T.);
#5275=ORIENTED_EDGE('',*,*,#3696,.T.);
#5276=ORIENTED_EDGE('',*,*,#3692,.T.);
#5277=ORIENTED_EDGE('',*,*,#3728,.T.);
#5278=ORIENTED_EDGE('',*,*,#3729,.T.);
#5279=ORIENTED_EDGE('',*,*,#3730,.F.);
#5280=ORIENTED_EDGE('',*,*,#3731,.F.);
#5281=ORIENTED_EDGE('',*,*,#3732,.T.);
#5282=ORIENTED_EDGE('',*,*,#3731,.T.);
#5283=ORIENTED_EDGE('',*,*,#3733,.F.);
#5284=ORIENTED_EDGE('',*,*,#3734,.F.);
#5285=ORIENTED_EDGE('',*,*,#3735,.T.);
#5286=ORIENTED_EDGE('',*,*,#3734,.T.);
#5287=ORIENTED_EDGE('',*,*,#3736,.F.);
#5288=ORIENTED_EDGE('',*,*,#3737,.F.);
#5289=ORIENTED_EDGE('',*,*,#3738,.T.);
#5290=ORIENTED_EDGE('',*,*,#3737,.T.);
#5291=ORIENTED_EDGE('',*,*,#3739,.F.);
#5292=ORIENTED_EDGE('',*,*,#3740,.F.);
#5293=ORIENTED_EDGE('',*,*,#3741,.T.);
#5294=ORIENTED_EDGE('',*,*,#3740,.T.);
#5295=ORIENTED_EDGE('',*,*,#3742,.F.);
#5296=ORIENTED_EDGE('',*,*,#3743,.F.);
#5297=ORIENTED_EDGE('',*,*,#3744,.T.);
#5298=ORIENTED_EDGE('',*,*,#3743,.T.);
#5299=ORIENTED_EDGE('',*,*,#3745,.F.);
#5300=ORIENTED_EDGE('',*,*,#3746,.F.);
#5301=ORIENTED_EDGE('',*,*,#3747,.T.);
#5302=ORIENTED_EDGE('',*,*,#3746,.T.);
#5303=ORIENTED_EDGE('',*,*,#3748,.F.);
#5304=ORIENTED_EDGE('',*,*,#3749,.F.);
#5305=ORIENTED_EDGE('',*,*,#3750,.T.);
#5306=ORIENTED_EDGE('',*,*,#3749,.T.);
#5307=ORIENTED_EDGE('',*,*,#3751,.F.);
#5308=ORIENTED_EDGE('',*,*,#3752,.F.);
#5309=ORIENTED_EDGE('',*,*,#3753,.T.);
#5310=ORIENTED_EDGE('',*,*,#3752,.T.);
#5311=ORIENTED_EDGE('',*,*,#3754,.F.);
#5312=ORIENTED_EDGE('',*,*,#3755,.F.);
#5313=ORIENTED_EDGE('',*,*,#3756,.T.);
#5314=ORIENTED_EDGE('',*,*,#3755,.T.);
#5315=ORIENTED_EDGE('',*,*,#3757,.F.);
#5316=ORIENTED_EDGE('',*,*,#3758,.F.);
#5317=ORIENTED_EDGE('',*,*,#3759,.T.);
#5318=ORIENTED_EDGE('',*,*,#3758,.T.);
#5319=ORIENTED_EDGE('',*,*,#3760,.F.);
#5320=ORIENTED_EDGE('',*,*,#3761,.F.);
#5321=ORIENTED_EDGE('',*,*,#3762,.T.);
#5322=ORIENTED_EDGE('',*,*,#3761,.T.);
#5323=ORIENTED_EDGE('',*,*,#3763,.F.);
#5324=ORIENTED_EDGE('',*,*,#3729,.F.);
#5325=ORIENTED_EDGE('',*,*,#3763,.T.);
#5326=ORIENTED_EDGE('',*,*,#3760,.T.);
#5327=ORIENTED_EDGE('',*,*,#3757,.T.);
#5328=ORIENTED_EDGE('',*,*,#3754,.T.);
#5329=ORIENTED_EDGE('',*,*,#3751,.T.);
#5330=ORIENTED_EDGE('',*,*,#3748,.T.);
#5331=ORIENTED_EDGE('',*,*,#3745,.T.);
#5332=ORIENTED_EDGE('',*,*,#3742,.T.);
#5333=ORIENTED_EDGE('',*,*,#3739,.T.);
#5334=ORIENTED_EDGE('',*,*,#3736,.T.);
#5335=ORIENTED_EDGE('',*,*,#3733,.T.);
#5336=ORIENTED_EDGE('',*,*,#3730,.T.);
#5337=ORIENTED_EDGE('',*,*,#3762,.F.);
#5338=ORIENTED_EDGE('',*,*,#3728,.F.);
#5339=ORIENTED_EDGE('',*,*,#3732,.F.);
#5340=ORIENTED_EDGE('',*,*,#3735,.F.);
#5341=ORIENTED_EDGE('',*,*,#3738,.F.);
#5342=ORIENTED_EDGE('',*,*,#3741,.F.);
#5343=ORIENTED_EDGE('',*,*,#3744,.F.);
#5344=ORIENTED_EDGE('',*,*,#3747,.F.);
#5345=ORIENTED_EDGE('',*,*,#3750,.F.);
#5346=ORIENTED_EDGE('',*,*,#3753,.F.);
#5347=ORIENTED_EDGE('',*,*,#3756,.F.);
#5348=ORIENTED_EDGE('',*,*,#3759,.F.);
#5349=ORIENTED_EDGE('',*,*,#3764,.F.);
#5350=ORIENTED_EDGE('',*,*,#3765,.T.);
#5351=ORIENTED_EDGE('',*,*,#3766,.T.);
#5352=ORIENTED_EDGE('',*,*,#3767,.F.);
#5353=ORIENTED_EDGE('',*,*,#3768,.F.);
#5354=ORIENTED_EDGE('',*,*,#3769,.T.);
#5355=ORIENTED_EDGE('',*,*,#3770,.T.);
#5356=ORIENTED_EDGE('',*,*,#3765,.F.);
#5357=ORIENTED_EDGE('',*,*,#3771,.F.);
#5358=ORIENTED_EDGE('',*,*,#3772,.T.);
#5359=ORIENTED_EDGE('',*,*,#3773,.T.);
#5360=ORIENTED_EDGE('',*,*,#3769,.F.);
#5361=ORIENTED_EDGE('',*,*,#3774,.F.);
#5362=ORIENTED_EDGE('',*,*,#3775,.T.);
#5363=ORIENTED_EDGE('',*,*,#3776,.T.);
#5364=ORIENTED_EDGE('',*,*,#3772,.F.);
#5365=ORIENTED_EDGE('',*,*,#3777,.F.);
#5366=ORIENTED_EDGE('',*,*,#3778,.T.);
#5367=ORIENTED_EDGE('',*,*,#3779,.T.);
#5368=ORIENTED_EDGE('',*,*,#3775,.F.);
#5369=ORIENTED_EDGE('',*,*,#3780,.F.);
#5370=ORIENTED_EDGE('',*,*,#3781,.T.);
#5371=ORIENTED_EDGE('',*,*,#3782,.T.);
#5372=ORIENTED_EDGE('',*,*,#3778,.F.);
#5373=ORIENTED_EDGE('',*,*,#3783,.F.);
#5374=ORIENTED_EDGE('',*,*,#3784,.T.);
#5375=ORIENTED_EDGE('',*,*,#3785,.T.);
#5376=ORIENTED_EDGE('',*,*,#3781,.F.);
#5377=ORIENTED_EDGE('',*,*,#3786,.F.);
#5378=ORIENTED_EDGE('',*,*,#3787,.T.);
#5379=ORIENTED_EDGE('',*,*,#3788,.T.);
#5380=ORIENTED_EDGE('',*,*,#3784,.F.);
#5381=ORIENTED_EDGE('',*,*,#3789,.F.);
#5382=ORIENTED_EDGE('',*,*,#3790,.T.);
#5383=ORIENTED_EDGE('',*,*,#3791,.T.);
#5384=ORIENTED_EDGE('',*,*,#3787,.F.);
#5385=ORIENTED_EDGE('',*,*,#3792,.F.);
#5386=ORIENTED_EDGE('',*,*,#3793,.T.);
#5387=ORIENTED_EDGE('',*,*,#3794,.T.);
#5388=ORIENTED_EDGE('',*,*,#3790,.F.);
#5389=ORIENTED_EDGE('',*,*,#3795,.F.);
#5390=ORIENTED_EDGE('',*,*,#3796,.T.);
#5391=ORIENTED_EDGE('',*,*,#3797,.T.);
#5392=ORIENTED_EDGE('',*,*,#3793,.F.);
#5393=ORIENTED_EDGE('',*,*,#3798,.F.);
#5394=ORIENTED_EDGE('',*,*,#3767,.T.);
#5395=ORIENTED_EDGE('',*,*,#3799,.T.);
#5396=ORIENTED_EDGE('',*,*,#3796,.F.);
#5397=ORIENTED_EDGE('',*,*,#3799,.F.);
#5398=ORIENTED_EDGE('',*,*,#3766,.F.);
#5399=ORIENTED_EDGE('',*,*,#3770,.F.);
#5400=ORIENTED_EDGE('',*,*,#3773,.F.);
#5401=ORIENTED_EDGE('',*,*,#3776,.F.);
#5402=ORIENTED_EDGE('',*,*,#3779,.F.);
#5403=ORIENTED_EDGE('',*,*,#3782,.F.);
#5404=ORIENTED_EDGE('',*,*,#3785,.F.);
#5405=ORIENTED_EDGE('',*,*,#3788,.F.);
#5406=ORIENTED_EDGE('',*,*,#3791,.F.);
#5407=ORIENTED_EDGE('',*,*,#3794,.F.);
#5408=ORIENTED_EDGE('',*,*,#3797,.F.);
#5409=ORIENTED_EDGE('',*,*,#3798,.T.);
#5410=ORIENTED_EDGE('',*,*,#3795,.T.);
#5411=ORIENTED_EDGE('',*,*,#3792,.T.);
#5412=ORIENTED_EDGE('',*,*,#3789,.T.);
#5413=ORIENTED_EDGE('',*,*,#3786,.T.);
#5414=ORIENTED_EDGE('',*,*,#3783,.T.);
#5415=ORIENTED_EDGE('',*,*,#3780,.T.);
#5416=ORIENTED_EDGE('',*,*,#3777,.T.);
#5417=ORIENTED_EDGE('',*,*,#3774,.T.);
#5418=ORIENTED_EDGE('',*,*,#3771,.T.);
#5419=ORIENTED_EDGE('',*,*,#3768,.T.);
#5420=ORIENTED_EDGE('',*,*,#3764,.T.);
#5421=ORIENTED_EDGE('',*,*,#3800,.T.);
#5422=ORIENTED_EDGE('',*,*,#3801,.T.);
#5423=ORIENTED_EDGE('',*,*,#3802,.F.);
#5424=ORIENTED_EDGE('',*,*,#3803,.F.);
#5425=ORIENTED_EDGE('',*,*,#3804,.T.);
#5426=ORIENTED_EDGE('',*,*,#3803,.T.);
#5427=ORIENTED_EDGE('',*,*,#3805,.F.);
#5428=ORIENTED_EDGE('',*,*,#3806,.F.);
#5429=ORIENTED_EDGE('',*,*,#3807,.T.);
#5430=ORIENTED_EDGE('',*,*,#3806,.T.);
#5431=ORIENTED_EDGE('',*,*,#3808,.F.);
#5432=ORIENTED_EDGE('',*,*,#3809,.F.);
#5433=ORIENTED_EDGE('',*,*,#3810,.T.);
#5434=ORIENTED_EDGE('',*,*,#3809,.T.);
#5435=ORIENTED_EDGE('',*,*,#3811,.F.);
#5436=ORIENTED_EDGE('',*,*,#3812,.F.);
#5437=ORIENTED_EDGE('',*,*,#3813,.T.);
#5438=ORIENTED_EDGE('',*,*,#3812,.T.);
#5439=ORIENTED_EDGE('',*,*,#3814,.F.);
#5440=ORIENTED_EDGE('',*,*,#3815,.F.);
#5441=ORIENTED_EDGE('',*,*,#3816,.T.);
#5442=ORIENTED_EDGE('',*,*,#3815,.T.);
#5443=ORIENTED_EDGE('',*,*,#3817,.F.);
#5444=ORIENTED_EDGE('',*,*,#3818,.F.);
#5445=ORIENTED_EDGE('',*,*,#3819,.T.);
#5446=ORIENTED_EDGE('',*,*,#3818,.T.);
#5447=ORIENTED_EDGE('',*,*,#3820,.F.);
#5448=ORIENTED_EDGE('',*,*,#3821,.F.);
#5449=ORIENTED_EDGE('',*,*,#3822,.T.);
#5450=ORIENTED_EDGE('',*,*,#3821,.T.);
#5451=ORIENTED_EDGE('',*,*,#3823,.F.);
#5452=ORIENTED_EDGE('',*,*,#3824,.F.);
#5453=ORIENTED_EDGE('',*,*,#3825,.T.);
#5454=ORIENTED_EDGE('',*,*,#3824,.T.);
#5455=ORIENTED_EDGE('',*,*,#3826,.F.);
#5456=ORIENTED_EDGE('',*,*,#3827,.F.);
#5457=ORIENTED_EDGE('',*,*,#3828,.T.);
#5458=ORIENTED_EDGE('',*,*,#3827,.T.);
#5459=ORIENTED_EDGE('',*,*,#3829,.F.);
#5460=ORIENTED_EDGE('',*,*,#3830,.F.);
#5461=ORIENTED_EDGE('',*,*,#3831,.T.);
#5462=ORIENTED_EDGE('',*,*,#3830,.T.);
#5463=ORIENTED_EDGE('',*,*,#3832,.F.);
#5464=ORIENTED_EDGE('',*,*,#3833,.F.);
#5465=ORIENTED_EDGE('',*,*,#3834,.T.);
#5466=ORIENTED_EDGE('',*,*,#3833,.T.);
#5467=ORIENTED_EDGE('',*,*,#3835,.F.);
#5468=ORIENTED_EDGE('',*,*,#3801,.F.);
#5469=ORIENTED_EDGE('',*,*,#3835,.T.);
#5470=ORIENTED_EDGE('',*,*,#3832,.T.);
#5471=ORIENTED_EDGE('',*,*,#3829,.T.);
#5472=ORIENTED_EDGE('',*,*,#3826,.T.);
#5473=ORIENTED_EDGE('',*,*,#3823,.T.);
#5474=ORIENTED_EDGE('',*,*,#3820,.T.);
#5475=ORIENTED_EDGE('',*,*,#3817,.T.);
#5476=ORIENTED_EDGE('',*,*,#3814,.T.);
#5477=ORIENTED_EDGE('',*,*,#3811,.T.);
#5478=ORIENTED_EDGE('',*,*,#3808,.T.);
#5479=ORIENTED_EDGE('',*,*,#3805,.T.);
#5480=ORIENTED_EDGE('',*,*,#3802,.T.);
#5481=ORIENTED_EDGE('',*,*,#3834,.F.);
#5482=ORIENTED_EDGE('',*,*,#3800,.F.);
#5483=ORIENTED_EDGE('',*,*,#3804,.F.);
#5484=ORIENTED_EDGE('',*,*,#3807,.F.);
#5485=ORIENTED_EDGE('',*,*,#3810,.F.);
#5486=ORIENTED_EDGE('',*,*,#3813,.F.);
#5487=ORIENTED_EDGE('',*,*,#3816,.F.);
#5488=ORIENTED_EDGE('',*,*,#3819,.F.);
#5489=ORIENTED_EDGE('',*,*,#3822,.F.);
#5490=ORIENTED_EDGE('',*,*,#3825,.F.);
#5491=ORIENTED_EDGE('',*,*,#3828,.F.);
#5492=ORIENTED_EDGE('',*,*,#3831,.F.);
#5493=ORIENTED_EDGE('',*,*,#3836,.F.);
#5494=ORIENTED_EDGE('',*,*,#3837,.T.);
#5495=ORIENTED_EDGE('',*,*,#3838,.T.);
#5496=ORIENTED_EDGE('',*,*,#3839,.F.);
#5497=ORIENTED_EDGE('',*,*,#3840,.F.);
#5498=ORIENTED_EDGE('',*,*,#3841,.T.);
#5499=ORIENTED_EDGE('',*,*,#3842,.T.);
#5500=ORIENTED_EDGE('',*,*,#3837,.F.);
#5501=ORIENTED_EDGE('',*,*,#3843,.F.);
#5502=ORIENTED_EDGE('',*,*,#3844,.T.);
#5503=ORIENTED_EDGE('',*,*,#3845,.T.);
#5504=ORIENTED_EDGE('',*,*,#3841,.F.);
#5505=ORIENTED_EDGE('',*,*,#3846,.F.);
#5506=ORIENTED_EDGE('',*,*,#3847,.T.);
#5507=ORIENTED_EDGE('',*,*,#3848,.T.);
#5508=ORIENTED_EDGE('',*,*,#3844,.F.);
#5509=ORIENTED_EDGE('',*,*,#3849,.F.);
#5510=ORIENTED_EDGE('',*,*,#3850,.T.);
#5511=ORIENTED_EDGE('',*,*,#3851,.T.);
#5512=ORIENTED_EDGE('',*,*,#3847,.F.);
#5513=ORIENTED_EDGE('',*,*,#3852,.F.);
#5514=ORIENTED_EDGE('',*,*,#3853,.T.);
#5515=ORIENTED_EDGE('',*,*,#3854,.T.);
#5516=ORIENTED_EDGE('',*,*,#3850,.F.);
#5517=ORIENTED_EDGE('',*,*,#3855,.F.);
#5518=ORIENTED_EDGE('',*,*,#3856,.T.);
#5519=ORIENTED_EDGE('',*,*,#3857,.T.);
#5520=ORIENTED_EDGE('',*,*,#3853,.F.);
#5521=ORIENTED_EDGE('',*,*,#3858,.F.);
#5522=ORIENTED_EDGE('',*,*,#3859,.T.);
#5523=ORIENTED_EDGE('',*,*,#3860,.T.);
#5524=ORIENTED_EDGE('',*,*,#3856,.F.);
#5525=ORIENTED_EDGE('',*,*,#3861,.F.);
#5526=ORIENTED_EDGE('',*,*,#3862,.T.);
#5527=ORIENTED_EDGE('',*,*,#3863,.T.);
#5528=ORIENTED_EDGE('',*,*,#3859,.F.);
#5529=ORIENTED_EDGE('',*,*,#3864,.F.);
#5530=ORIENTED_EDGE('',*,*,#3865,.T.);
#5531=ORIENTED_EDGE('',*,*,#3866,.T.);
#5532=ORIENTED_EDGE('',*,*,#3862,.F.);
#5533=ORIENTED_EDGE('',*,*,#3867,.F.);
#5534=ORIENTED_EDGE('',*,*,#3868,.T.);
#5535=ORIENTED_EDGE('',*,*,#3869,.T.);
#5536=ORIENTED_EDGE('',*,*,#3865,.F.);
#5537=ORIENTED_EDGE('',*,*,#3870,.F.);
#5538=ORIENTED_EDGE('',*,*,#3839,.T.);
#5539=ORIENTED_EDGE('',*,*,#3871,.T.);
#5540=ORIENTED_EDGE('',*,*,#3868,.F.);
#5541=ORIENTED_EDGE('',*,*,#3871,.F.);
#5542=ORIENTED_EDGE('',*,*,#3838,.F.);
#5543=ORIENTED_EDGE('',*,*,#3842,.F.);
#5544=ORIENTED_EDGE('',*,*,#3845,.F.);
#5545=ORIENTED_EDGE('',*,*,#3848,.F.);
#5546=ORIENTED_EDGE('',*,*,#3851,.F.);
#5547=ORIENTED_EDGE('',*,*,#3854,.F.);
#5548=ORIENTED_EDGE('',*,*,#3857,.F.);
#5549=ORIENTED_EDGE('',*,*,#3860,.F.);
#5550=ORIENTED_EDGE('',*,*,#3863,.F.);
#5551=ORIENTED_EDGE('',*,*,#3866,.F.);
#5552=ORIENTED_EDGE('',*,*,#3869,.F.);
#5553=ORIENTED_EDGE('',*,*,#3870,.T.);
#5554=ORIENTED_EDGE('',*,*,#3867,.T.);
#5555=ORIENTED_EDGE('',*,*,#3864,.T.);
#5556=ORIENTED_EDGE('',*,*,#3861,.T.);
#5557=ORIENTED_EDGE('',*,*,#3858,.T.);
#5558=ORIENTED_EDGE('',*,*,#3855,.T.);
#5559=ORIENTED_EDGE('',*,*,#3852,.T.);
#5560=ORIENTED_EDGE('',*,*,#3849,.T.);
#5561=ORIENTED_EDGE('',*,*,#3846,.T.);
#5562=ORIENTED_EDGE('',*,*,#3843,.T.);
#5563=ORIENTED_EDGE('',*,*,#3840,.T.);
#5564=ORIENTED_EDGE('',*,*,#3836,.T.);
#5565=ORIENTED_EDGE('',*,*,#3872,.T.);
#5566=ORIENTED_EDGE('',*,*,#3873,.T.);
#5567=ORIENTED_EDGE('',*,*,#3874,.T.);
#5568=ORIENTED_EDGE('',*,*,#3875,.T.);
#5569=ORIENTED_EDGE('',*,*,#3876,.T.);
#5570=ORIENTED_EDGE('',*,*,#3876,.F.);
#5571=ORIENTED_EDGE('',*,*,#3877,.T.);
#5572=ORIENTED_EDGE('',*,*,#3878,.F.);
#5573=ORIENTED_EDGE('',*,*,#3879,.F.);
#5574=ORIENTED_EDGE('',*,*,#3880,.T.);
#5575=ORIENTED_EDGE('',*,*,#3881,.T.);
#5576=ORIENTED_EDGE('',*,*,#3875,.F.);
#5577=ORIENTED_EDGE('',*,*,#3882,.T.);
#5578=ORIENTED_EDGE('',*,*,#3883,.T.);
#5579=ORIENTED_EDGE('',*,*,#3884,.T.);
#5580=ORIENTED_EDGE('',*,*,#3885,.T.);
#5581=ORIENTED_EDGE('',*,*,#3886,.T.);
#5582=ORIENTED_EDGE('',*,*,#3887,.F.);
#5583=ORIENTED_EDGE('',*,*,#3877,.F.);
#5584=ORIENTED_EDGE('',*,*,#3874,.F.);
#5585=ORIENTED_EDGE('',*,*,#3888,.F.);
#5586=ORIENTED_EDGE('',*,*,#3889,.F.);
#5587=ORIENTED_EDGE('',*,*,#3890,.F.);
#5588=ORIENTED_EDGE('',*,*,#3891,.T.);
#5589=ORIENTED_EDGE('',*,*,#3892,.T.);
#5590=ORIENTED_EDGE('',*,*,#3893,.T.);
#5591=ORIENTED_EDGE('',*,*,#3894,.F.);
#5592=ORIENTED_EDGE('',*,*,#3895,.F.);
#5593=ORIENTED_EDGE('',*,*,#3896,.F.);
#5594=ORIENTED_EDGE('',*,*,#3897,.F.);
#5595=ORIENTED_EDGE('',*,*,#3886,.F.);
#5596=ORIENTED_EDGE('',*,*,#3898,.T.);
#5597=ORIENTED_EDGE('',*,*,#3899,.T.);
#5598=ORIENTED_EDGE('',*,*,#3900,.T.);
#5599=ORIENTED_EDGE('',*,*,#3882,.F.);
#5600=ORIENTED_EDGE('',*,*,#3901,.T.);
#5601=ORIENTED_EDGE('',*,*,#3902,.T.);
#5602=ORIENTED_EDGE('',*,*,#3889,.T.);
#5603=ORIENTED_EDGE('',*,*,#3903,.T.);
#5604=ORIENTED_EDGE('',*,*,#3904,.T.);
#5605=ORIENTED_EDGE('',*,*,#3902,.F.);
#5606=ORIENTED_EDGE('',*,*,#3905,.F.);
#5607=ORIENTED_EDGE('',*,*,#3906,.F.);
#5608=ORIENTED_EDGE('',*,*,#3894,.T.);
#5609=ORIENTED_EDGE('',*,*,#3907,.T.);
#5610=ORIENTED_EDGE('',*,*,#3908,.T.);
#5611=ORIENTED_EDGE('',*,*,#3909,.T.);
#5612=ORIENTED_EDGE('',*,*,#3890,.T.);
#5613=ORIENTED_EDGE('',*,*,#3901,.F.);
#5614=ORIENTED_EDGE('',*,*,#3910,.F.);
#5615=ORIENTED_EDGE('',*,*,#3911,.T.);
#5616=ORIENTED_EDGE('',*,*,#3912,.F.);
#5617=ORIENTED_EDGE('',*,*,#3913,.F.);
#5618=ORIENTED_EDGE('',*,*,#3905,.T.);
#5619=ORIENTED_EDGE('',*,*,#3914,.T.);
#5620=ORIENTED_EDGE('',*,*,#3915,.T.);
#5621=ORIENTED_EDGE('',*,*,#3895,.T.);
#5622=ORIENTED_EDGE('',*,*,#3906,.T.);
#5623=ORIENTED_EDGE('',*,*,#3913,.T.);
#5624=ORIENTED_EDGE('',*,*,#3915,.F.);
#5625=ORIENTED_EDGE('',*,*,#3916,.F.);
#5626=ORIENTED_EDGE('',*,*,#3917,.F.);
#5627=ORIENTED_EDGE('',*,*,#3896,.T.);
#5628=ORIENTED_EDGE('',*,*,#3914,.F.);
#5629=ORIENTED_EDGE('',*,*,#3912,.T.);
#5630=ORIENTED_EDGE('',*,*,#3918,.T.);
#5631=ORIENTED_EDGE('',*,*,#3879,.T.);
#5632=ORIENTED_EDGE('',*,*,#3919,.F.);
#5633=ORIENTED_EDGE('',*,*,#3916,.T.);
#5634=ORIENTED_EDGE('',*,*,#3878,.T.);
#5635=ORIENTED_EDGE('',*,*,#3887,.T.);
#5636=ORIENTED_EDGE('',*,*,#3897,.T.);
#5637=ORIENTED_EDGE('',*,*,#3917,.T.);
#5638=ORIENTED_EDGE('',*,*,#3919,.T.);
#5639=ORIENTED_EDGE('',*,*,#3872,.F.);
#5640=ORIENTED_EDGE('',*,*,#3881,.F.);
#5641=ORIENTED_EDGE('',*,*,#3920,.T.);
#5642=ORIENTED_EDGE('',*,*,#3910,.T.);
#5643=ORIENTED_EDGE('',*,*,#3904,.F.);
#5644=ORIENTED_EDGE('',*,*,#3921,.T.);
#5645=ORIENTED_EDGE('',*,*,#3918,.F.);
#5646=ORIENTED_EDGE('',*,*,#3911,.F.);
#5647=ORIENTED_EDGE('',*,*,#3920,.F.);
#5648=ORIENTED_EDGE('',*,*,#3880,.F.);
#5649=ORIENTED_EDGE('',*,*,#3922,.T.);
#5650=ORIENTED_EDGE('',*,*,#3873,.F.);
#5651=ORIENTED_EDGE('',*,*,#3921,.F.);
#5652=ORIENTED_EDGE('',*,*,#3903,.F.);
#5653=ORIENTED_EDGE('',*,*,#3888,.T.);
#5654=ORIENTED_EDGE('',*,*,#3923,.T.);
#5655=ORIENTED_EDGE('',*,*,#3924,.T.);
#5656=ORIENTED_EDGE('',*,*,#3922,.F.);
#5657=ORIENTED_EDGE('',*,*,#3924,.F.);
#5658=ORIENTED_EDGE('',*,*,#3923,.F.);
#5659=ORIENTED_EDGE('',*,*,#3907,.F.);
#5660=ORIENTED_EDGE('',*,*,#3893,.F.);
#5661=ORIENTED_EDGE('',*,*,#3925,.F.);
#5662=ORIENTED_EDGE('',*,*,#3926,.T.);
#5663=ORIENTED_EDGE('',*,*,#3908,.F.);
#5664=ORIENTED_EDGE('',*,*,#3926,.F.);
#5665=ORIENTED_EDGE('',*,*,#3927,.F.);
#5666=ORIENTED_EDGE('',*,*,#3928,.T.);
#5667=ORIENTED_EDGE('',*,*,#3909,.F.);
#5668=ORIENTED_EDGE('',*,*,#3928,.F.);
#5669=ORIENTED_EDGE('',*,*,#3929,.F.);
#5670=ORIENTED_EDGE('',*,*,#3891,.F.);
#5671=ORIENTED_EDGE('',*,*,#3892,.F.);
#5672=ORIENTED_EDGE('',*,*,#3929,.T.);
#5673=ORIENTED_EDGE('',*,*,#3927,.T.);
#5674=ORIENTED_EDGE('',*,*,#3925,.T.);
#5675=ORIENTED_EDGE('',*,*,#3883,.F.);
#5676=ORIENTED_EDGE('',*,*,#3900,.F.);
#5677=ORIENTED_EDGE('',*,*,#3930,.T.);
#5678=ORIENTED_EDGE('',*,*,#3931,.F.);
#5679=ORIENTED_EDGE('',*,*,#3884,.F.);
#5680=ORIENTED_EDGE('',*,*,#3931,.T.);
#5681=ORIENTED_EDGE('',*,*,#3932,.T.);
#5682=ORIENTED_EDGE('',*,*,#3933,.F.);
#5683=ORIENTED_EDGE('',*,*,#3885,.F.);
#5684=ORIENTED_EDGE('',*,*,#3933,.T.);
#5685=ORIENTED_EDGE('',*,*,#3934,.T.);
#5686=ORIENTED_EDGE('',*,*,#3898,.F.);
#5687=ORIENTED_EDGE('',*,*,#3899,.F.);
#5688=ORIENTED_EDGE('',*,*,#3934,.F.);
#5689=ORIENTED_EDGE('',*,*,#3932,.F.);
#5690=ORIENTED_EDGE('',*,*,#3930,.F.);
#5691=PLANE('',#6329);
#5692=PLANE('',#6330);
#5693=PLANE('',#6331);
#5694=PLANE('',#6332);
#5695=PLANE('',#6333);
#5696=PLANE('',#6334);
#5697=PLANE('',#6335);
#5698=PLANE('',#6336);
#5699=PLANE('',#6337);
#5700=PLANE('',#6338);
#5701=PLANE('',#6339);
#5702=PLANE('',#6340);
#5703=PLANE('',#6341);
#5704=PLANE('',#6342);
#5705=PLANE('',#6343);
#5706=PLANE('',#6344);
#5707=PLANE('',#6345);
#5708=PLANE('',#6346);
#5709=PLANE('',#6347);
#5710=PLANE('',#6348);
#5711=PLANE('',#6349);
#5712=PLANE('',#6350);
#5713=PLANE('',#6351);
#5714=PLANE('',#6352);
#5715=PLANE('',#6353);
#5716=PLANE('',#6354);
#5717=PLANE('',#6355);
#5718=PLANE('',#6356);
#5719=PLANE('',#6357);
#5720=PLANE('',#6358);
#5721=PLANE('',#6359);
#5722=PLANE('',#6360);
#5723=PLANE('',#6361);
#5724=PLANE('',#6362);
#5725=PLANE('',#6363);
#5726=PLANE('',#6364);
#5727=PLANE('',#6365);
#5728=PLANE('',#6366);
#5729=PLANE('',#6367);
#5730=PLANE('',#6368);
#5731=PLANE('',#6369);
#5732=PLANE('',#6370);
#5733=PLANE('',#6371);
#5734=PLANE('',#6372);
#5735=PLANE('',#6373);
#5736=PLANE('',#6374);
#5737=PLANE('',#6378);
#5738=PLANE('',#6379);
#5739=PLANE('',#6380);
#5740=PLANE('',#6384);
#5741=PLANE('',#6385);
#5742=PLANE('',#6386);
#5743=PLANE('',#6387);
#5744=PLANE('',#6388);
#5745=PLANE('',#6389);
#5746=PLANE('',#6390);
#5747=PLANE('',#6391);
#5748=PLANE('',#6392);
#5749=PLANE('',#6393);
#5750=PLANE('',#6394);
#5751=PLANE('',#6395);
#5752=PLANE('',#6396);
#5753=PLANE('',#6397);
#5754=PLANE('',#6398);
#5755=PLANE('',#6399);
#5756=PLANE('',#6400);
#5757=PLANE('',#6401);
#5758=PLANE('',#6402);
#5759=PLANE('',#6403);
#5760=PLANE('',#6404);
#5761=PLANE('',#6405);
#5762=PLANE('',#6406);
#5763=PLANE('',#6407);
#5764=PLANE('',#6408);
#5765=PLANE('',#6409);
#5766=PLANE('',#6410);
#5767=PLANE('',#6411);
#5768=PLANE('',#6412);
#5769=PLANE('',#6413);
#5770=PLANE('',#6414);
#5771=PLANE('',#6415);
#5772=PLANE('',#6416);
#5773=PLANE('',#6417);
#5774=PLANE('',#6418);
#5775=PLANE('',#6419);
#5776=PLANE('',#6420);
#5777=PLANE('',#6421);
#5778=PLANE('',#6425);
#5779=PLANE('',#6426);
#5780=PLANE('',#6430);
#5781=PLANE('',#6431);
#5782=PLANE('',#6441);
#5783=PLANE('',#6442);
#5784=PLANE('',#6447);
#5785=PLANE('',#6455);
#5786=PLANE('',#6461);
#5787=PLANE('',#6463);
#5788=PLANE('',#6465);
#5789=PLANE('',#6469);
#5790=PLANE('',#6470);
#5791=PLANE('',#6474);
#5792=PLANE('',#6478);
#5793=PLANE('',#6479);
#5794=PLANE('',#6480);
#5795=PLANE('',#6484);
#5796=PLANE('',#6488);
#5797=PLANE('',#6489);
#5798=PLANE('',#6490);
#5799=PLANE('',#6491);
#5800=PLANE('',#6492);
#5801=PLANE('',#6496);
#5802=PLANE('',#6500);
#5803=PLANE('',#6501);
#5804=PLANE('',#6502);
#5805=PLANE('',#6506);
#5806=PLANE('',#6510);
#5807=PLANE('',#6511);
#5808=PLANE('',#6512);
#5809=PLANE('',#6513);
#5810=PLANE('',#6514);
#5811=PLANE('',#6518);
#5812=PLANE('',#6522);
#5813=PLANE('',#6523);
#5814=PLANE('',#6524);
#5815=PLANE('',#6528);
#5816=PLANE('',#6532);
#5817=PLANE('',#6533);
#5818=PLANE('',#6534);
#5819=PLANE('',#6535);
#5820=PLANE('',#6536);
#5821=PLANE('',#6540);
#5822=PLANE('',#6544);
#5823=PLANE('',#6545);
#5824=PLANE('',#6546);
#5825=PLANE('',#6550);
#5826=PLANE('',#6554);
#5827=PLANE('',#6555);
#5828=PLANE('',#6556);
#5829=PLANE('',#6557);
#5830=PLANE('',#6558);
#5831=PLANE('',#6562);
#5832=PLANE('',#6566);
#5833=PLANE('',#6567);
#5834=PLANE('',#6568);
#5835=PLANE('',#6572);
#5836=PLANE('',#6576);
#5837=PLANE('',#6577);
#5838=PLANE('',#6578);
#5839=PLANE('',#6579);
#5840=PLANE('',#6580);
#5841=PLANE('',#6584);
#5842=PLANE('',#6588);
#5843=PLANE('',#6589);
#5844=PLANE('',#6590);
#5845=PLANE('',#6594);
#5846=PLANE('',#6598);
#5847=PLANE('',#6599);
#5848=PLANE('',#6600);
#5849=PLANE('',#6601);
#5850=PLANE('',#6602);
#5851=PLANE('',#6606);
#5852=PLANE('',#6610);
#5853=PLANE('',#6611);
#5854=PLANE('',#6612);
#5855=PLANE('',#6616);
#5856=PLANE('',#6620);
#5857=PLANE('',#6621);
#5858=PLANE('',#6622);
#5859=PLANE('',#6623);
#5860=PLANE('',#6624);
#5861=PLANE('',#6628);
#5862=PLANE('',#6632);
#5863=PLANE('',#6633);
#5864=PLANE('',#6634);
#5865=PLANE('',#6638);
#5866=PLANE('',#6642);
#5867=PLANE('',#6643);
#5868=PLANE('',#6644);
#5869=PLANE('',#6645);
#5870=PLANE('',#6646);
#5871=PLANE('',#6650);
#5872=PLANE('',#6654);
#5873=PLANE('',#6655);
#5874=PLANE('',#6656);
#5875=PLANE('',#6660);
#5876=PLANE('',#6664);
#5877=PLANE('',#6665);
#5878=PLANE('',#6666);
#5879=PLANE('',#6667);
#5880=PLANE('',#6668);
#5881=PLANE('',#6672);
#5882=PLANE('',#6676);
#5883=PLANE('',#6677);
#5884=PLANE('',#6678);
#5885=PLANE('',#6682);
#5886=PLANE('',#6686);
#5887=PLANE('',#6687);
#5888=PLANE('',#6688);
#5889=PLANE('',#6689);
#5890=PLANE('',#6690);
#5891=PLANE('',#6694);
#5892=PLANE('',#6698);
#5893=PLANE('',#6699);
#5894=PLANE('',#6700);
#5895=PLANE('',#6704);
#5896=PLANE('',#6708);
#5897=PLANE('',#6709);
#5898=PLANE('',#6710);
#5899=PLANE('',#6711);
#5900=PLANE('',#6712);
#5901=PLANE('',#6716);
#5902=PLANE('',#6720);
#5903=PLANE('',#6721);
#5904=PLANE('',#6722);
#5905=PLANE('',#6726);
#5906=PLANE('',#6730);
#5907=PLANE('',#6731);
#5908=PLANE('',#6732);
#5909=PLANE('',#6733);
#5910=PLANE('',#6734);
#5911=PLANE('',#6738);
#5912=PLANE('',#6742);
#5913=PLANE('',#6743);
#5914=PLANE('',#6744);
#5915=PLANE('',#6748);
#5916=PLANE('',#6752);
#5917=PLANE('',#6753);
#5918=PLANE('',#6754);
#5919=PLANE('',#6755);
#5920=PLANE('',#6756);
#5921=PLANE('',#6760);
#5922=PLANE('',#6764);
#5923=PLANE('',#6765);
#5924=PLANE('',#6766);
#5925=PLANE('',#6770);
#5926=PLANE('',#6774);
#5927=PLANE('',#6775);
#5928=PLANE('',#6776);
#5929=PLANE('',#6782);
#5930=PLANE('',#6783);
#5931=PLANE('',#6788);
#5932=PLANE('',#6793);
#5933=PLANE('',#6797);
#5934=PLANE('',#6799);
#5935=PLANE('',#6804);
#5936=PLANE('',#6805);
#5937=PLANE('',#6806);
#5938=PLANE('',#6807);
#5939=PLANE('',#6808);
#5940=PLANE('',#6809);
#5941=PLANE('',#6810);
#5942=PLANE('',#6811);
#5943=PLANE('',#6812);
#5944=ADVANCED_FACE('',(#388),#5691,.T.);
#5945=ADVANCED_FACE('',(#389),#5692,.T.);
#5946=ADVANCED_FACE('',(#390),#370,.T.);
#5947=ADVANCED_FACE('',(#391),#5693,.T.);
#5948=ADVANCED_FACE('',(#392),#5694,.T.);
#5949=ADVANCED_FACE('',(#393),#5695,.T.);
#5950=ADVANCED_FACE('',(#394),#5696,.T.);
#5951=ADVANCED_FACE('',(#395),#5697,.T.);
#5952=ADVANCED_FACE('',(#396),#371,.T.);
#5953=ADVANCED_FACE('',(#397),#5698,.T.);
#5954=ADVANCED_FACE('',(#398),#5699,.T.);
#5955=ADVANCED_FACE('',(#399),#5700,.F.);
#5956=ADVANCED_FACE('',(#400),#5701,.T.);
#5957=ADVANCED_FACE('',(#401),#5702,.T.);
#5958=ADVANCED_FACE('',(#402),#372,.T.);
#5959=ADVANCED_FACE('',(#403),#5703,.T.);
#5960=ADVANCED_FACE('',(#404),#5704,.T.);
#5961=ADVANCED_FACE('',(#405),#5705,.T.);
#5962=ADVANCED_FACE('',(#406),#5706,.T.);
#5963=ADVANCED_FACE('',(#407),#5707,.T.);
#5964=ADVANCED_FACE('',(#408),#373,.T.);
#5965=ADVANCED_FACE('',(#409),#5708,.T.);
#5966=ADVANCED_FACE('',(#410),#5709,.T.);
#5967=ADVANCED_FACE('',(#411),#5710,.F.);
#5968=ADVANCED_FACE('',(#412),#5711,.F.);
#5969=ADVANCED_FACE('',(#413),#374,.F.);
#5970=ADVANCED_FACE('',(#414),#5712,.F.);
#5971=ADVANCED_FACE('',(#415),#375,.F.);
#5972=ADVANCED_FACE('',(#416),#5713,.T.);
#5973=ADVANCED_FACE('',(#417),#376,.T.);
#5974=ADVANCED_FACE('',(#418),#5714,.T.);
#5975=ADVANCED_FACE('',(#419),#377,.T.);
#5976=ADVANCED_FACE('',(#420,#264),#5715,.T.);
#5977=ADVANCED_FACE('',(#421,#265),#5716,.F.);
#5978=ADVANCED_FACE('',(#422),#5717,.F.);
#5979=ADVANCED_FACE('',(#423),#378,.F.);
#5980=ADVANCED_FACE('',(#424),#5718,.F.);
#5981=ADVANCED_FACE('',(#425),#5719,.F.);
#5982=ADVANCED_FACE('',(#426),#5720,.T.);
#5983=ADVANCED_FACE('',(#427),#379,.T.);
#5984=ADVANCED_FACE('',(#428),#5721,.T.);
#5985=ADVANCED_FACE('',(#429),#380,.T.);
#5986=ADVANCED_FACE('',(#430),#5722,.T.);
#5987=ADVANCED_FACE('',(#431),#381,.T.);
#5988=ADVANCED_FACE('',(#432),#5723,.T.);
#5989=ADVANCED_FACE('',(#433),#5724,.T.);
#5990=ADVANCED_FACE('',(#434,#266),#5725,.T.);
#5991=ADVANCED_FACE('',(#435,#267),#5726,.F.);
#5992=ADVANCED_FACE('',(#436),#5727,.T.);
#5993=ADVANCED_FACE('',(#437),#5728,.T.);
#5994=ADVANCED_FACE('',(#438),#5729,.T.);
#5995=ADVANCED_FACE('',(#439),#5730,.T.);
#5996=ADVANCED_FACE('',(#440),#5731,.T.);
#5997=ADVANCED_FACE('',(#441),#5732,.F.);
#5998=ADVANCED_FACE('',(#442),#5733,.T.);
#5999=ADVANCED_FACE('',(#443),#5734,.T.);
#6000=ADVANCED_FACE('',(#444),#5735,.T.);
#6001=ADVANCED_FACE('',(#445),#5736,.T.);
#6002=ADVANCED_FACE('',(#446),#184,.T.);
#6003=ADVANCED_FACE('',(#447),#5737,.T.);
#6004=ADVANCED_FACE('',(#448),#382,.T.);
#6005=ADVANCED_FACE('',(#449),#5738,.T.);
#6006=ADVANCED_FACE('',(#450),#383,.T.);
#6007=ADVANCED_FACE('',(#451),#5739,.T.);
#6008=ADVANCED_FACE('',(#452),#185,.F.);
#6009=ADVANCED_FACE('',(#453),#5740,.T.);
#6010=ADVANCED_FACE('',(#454),#5741,.F.);
#6011=ADVANCED_FACE('',(#455),#5742,.T.);
#6012=ADVANCED_FACE('',(#456),#5743,.T.);
#6013=ADVANCED_FACE('',(#457),#5744,.T.);
#6014=ADVANCED_FACE('',(#458),#5745,.T.);
#6015=ADVANCED_FACE('',(#459),#5746,.T.);
#6016=ADVANCED_FACE('',(#460),#5747,.F.);
#6017=ADVANCED_FACE('',(#461),#5748,.T.);
#6018=ADVANCED_FACE('',(#462),#5749,.T.);
#6019=ADVANCED_FACE('',(#463),#5750,.T.);
#6020=ADVANCED_FACE('',(#464),#5751,.T.);
#6021=ADVANCED_FACE('',(#465),#5752,.T.);
#6022=ADVANCED_FACE('',(#466),#5753,.T.);
#6023=ADVANCED_FACE('',(#467),#5754,.T.);
#6024=ADVANCED_FACE('',(#468),#5755,.T.);
#6025=ADVANCED_FACE('',(#469),#5756,.T.);
#6026=ADVANCED_FACE('',(#470),#5757,.T.);
#6027=ADVANCED_FACE('',(#471),#384,.T.);
#6028=ADVANCED_FACE('',(#472),#5758,.T.);
#6029=ADVANCED_FACE('',(#473),#385,.T.);
#6030=ADVANCED_FACE('',(#474),#5759,.T.);
#6031=ADVANCED_FACE('',(#475),#5760,.T.);
#6032=ADVANCED_FACE('',(#476),#5761,.F.);
#6033=ADVANCED_FACE('',(#477),#5762,.T.);
#6034=ADVANCED_FACE('',(#478),#5763,.T.);
#6035=ADVANCED_FACE('',(#479),#386,.T.);
#6036=ADVANCED_FACE('',(#480),#5764,.T.);
#6037=ADVANCED_FACE('',(#481),#5765,.T.);
#6038=ADVANCED_FACE('',(#482),#5766,.T.);
#6039=ADVANCED_FACE('',(#483),#387,.T.);
#6040=ADVANCED_FACE('',(#484),#5767,.T.);
#6041=ADVANCED_FACE('',(#485),#5768,.T.);
#6042=ADVANCED_FACE('',(#486),#5769,.T.);
#6043=ADVANCED_FACE('',(#487),#5770,.T.);
#6044=ADVANCED_FACE('',(#488),#5771,.F.);
#6045=ADVANCED_FACE('',(#489),#5772,.T.);
#6046=ADVANCED_FACE('',(#490),#5773,.T.);
#6047=ADVANCED_FACE('',(#491),#5774,.T.);
#6048=ADVANCED_FACE('',(#492),#5775,.T.);
#6049=ADVANCED_FACE('',(#493),#5776,.T.);
#6050=ADVANCED_FACE('',(#494),#5777,.F.);
#6051=ADVANCED_FACE('',(#495,#268),#186,.T.);
#6052=ADVANCED_FACE('',(#496),#5778,.T.);
#6053=ADVANCED_FACE('',(#497),#5779,.F.);
#6054=ADVANCED_FACE('',(#498,#269),#187,.T.);
#6055=ADVANCED_FACE('',(#499),#5780,.T.);
#6056=ADVANCED_FACE('',(#500),#5781,.F.);
#6057=ADVANCED_FACE('',(#501),#54,.F.);
#6058=ADVANCED_FACE('',(#502),#55,.T.);
#6059=ADVANCED_FACE('',(#503,#270),#188,.T.);
#6060=ADVANCED_FACE('',(#504),#189,.T.);
#6061=ADVANCED_FACE('',(#505),#190,.T.);
#6062=ADVANCED_FACE('',(#506),#5782,.T.);
#6063=ADVANCED_FACE('',(#507),#5783,.F.);
#6064=ADVANCED_FACE('',(#508),#191,.T.);
#6065=ADVANCED_FACE('',(#509),#5784,.T.);
#6066=ADVANCED_FACE('',(#510),#192,.T.);
#6067=ADVANCED_FACE('',(#511),#193,.T.);
#6068=ADVANCED_FACE('',(#512),#194,.T.);
#6069=ADVANCED_FACE('',(#513),#5785,.T.);
#6070=ADVANCED_FACE('',(#514),#195,.T.);
#6071=ADVANCED_FACE('',(#515),#196,.T.);
#6072=ADVANCED_FACE('',(#516),#5786,.F.);
#6073=ADVANCED_FACE('',(#517),#197,.T.);
#6074=ADVANCED_FACE('',(#518,#271),#5787,.T.);
#6075=ADVANCED_FACE('',(#519),#5788,.T.);
#6076=ADVANCED_FACE('',(#520),#56,.F.);
#6077=ADVANCED_FACE('',(#521,#272),#198,.F.);
#6078=ADVANCED_FACE('',(#522),#5789,.T.);
#6079=ADVANCED_FACE('',(#523),#5790,.T.);
#6080=ADVANCED_FACE('',(#524),#199,.F.);
#6081=ADVANCED_FACE('',(#525),#5791,.T.);
#6082=ADVANCED_FACE('',(#526),#200,.T.);
#6083=ADVANCED_FACE('',(#527),#5792,.T.);
#6084=ADVANCED_FACE('',(#528),#5793,.T.);
#6085=ADVANCED_FACE('',(#529),#5794,.T.);
#6086=ADVANCED_FACE('',(#530),#201,.F.);
#6087=ADVANCED_FACE('',(#531),#5795,.T.);
#6088=ADVANCED_FACE('',(#532),#202,.T.);
#6089=ADVANCED_FACE('',(#533),#5796,.T.);
#6090=ADVANCED_FACE('',(#534),#5797,.T.);
#6091=ADVANCED_FACE('',(#535),#5798,.F.);
#6092=ADVANCED_FACE('',(#536),#5799,.T.);
#6093=ADVANCED_FACE('',(#537),#5800,.T.);
#6094=ADVANCED_FACE('',(#538),#203,.F.);
#6095=ADVANCED_FACE('',(#539),#5801,.T.);
#6096=ADVANCED_FACE('',(#540),#204,.T.);
#6097=ADVANCED_FACE('',(#541),#5802,.T.);
#6098=ADVANCED_FACE('',(#542),#5803,.T.);
#6099=ADVANCED_FACE('',(#543),#5804,.T.);
#6100=ADVANCED_FACE('',(#544),#205,.F.);
#6101=ADVANCED_FACE('',(#545),#5805,.T.);
#6102=ADVANCED_FACE('',(#546),#206,.T.);
#6103=ADVANCED_FACE('',(#547),#5806,.T.);
#6104=ADVANCED_FACE('',(#548),#5807,.T.);
#6105=ADVANCED_FACE('',(#549),#5808,.F.);
#6106=ADVANCED_FACE('',(#550),#5809,.T.);
#6107=ADVANCED_FACE('',(#551),#5810,.T.);
#6108=ADVANCED_FACE('',(#552),#207,.F.);
#6109=ADVANCED_FACE('',(#553),#5811,.T.);
#6110=ADVANCED_FACE('',(#554),#208,.T.);
#6111=ADVANCED_FACE('',(#555),#5812,.T.);
#6112=ADVANCED_FACE('',(#556),#5813,.T.);
#6113=ADVANCED_FACE('',(#557),#5814,.T.);
#6114=ADVANCED_FACE('',(#558),#209,.F.);
#6115=ADVANCED_FACE('',(#559),#5815,.T.);
#6116=ADVANCED_FACE('',(#560),#210,.T.);
#6117=ADVANCED_FACE('',(#561),#5816,.T.);
#6118=ADVANCED_FACE('',(#562),#5817,.T.);
#6119=ADVANCED_FACE('',(#563),#5818,.F.);
#6120=ADVANCED_FACE('',(#564),#5819,.F.);
#6121=ADVANCED_FACE('',(#565),#5820,.F.);
#6122=ADVANCED_FACE('',(#566),#211,.F.);
#6123=ADVANCED_FACE('',(#567),#5821,.F.);
#6124=ADVANCED_FACE('',(#568),#212,.T.);
#6125=ADVANCED_FACE('',(#569),#5822,.F.);
#6126=ADVANCED_FACE('',(#570),#5823,.F.);
#6127=ADVANCED_FACE('',(#571),#5824,.F.);
#6128=ADVANCED_FACE('',(#572),#213,.F.);
#6129=ADVANCED_FACE('',(#573),#5825,.F.);
#6130=ADVANCED_FACE('',(#574),#214,.T.);
#6131=ADVANCED_FACE('',(#575),#5826,.F.);
#6132=ADVANCED_FACE('',(#576),#5827,.F.);
#6133=ADVANCED_FACE('',(#577),#5828,.T.);
#6134=ADVANCED_FACE('',(#578),#5829,.T.);
#6135=ADVANCED_FACE('',(#579),#5830,.T.);
#6136=ADVANCED_FACE('',(#580),#215,.F.);
#6137=ADVANCED_FACE('',(#581),#5831,.T.);
#6138=ADVANCED_FACE('',(#582),#216,.T.);
#6139=ADVANCED_FACE('',(#583),#5832,.T.);
#6140=ADVANCED_FACE('',(#584),#5833,.T.);
#6141=ADVANCED_FACE('',(#585),#5834,.T.);
#6142=ADVANCED_FACE('',(#586),#217,.F.);
#6143=ADVANCED_FACE('',(#587),#5835,.T.);
#6144=ADVANCED_FACE('',(#588),#218,.T.);
#6145=ADVANCED_FACE('',(#589),#5836,.T.);
#6146=ADVANCED_FACE('',(#590),#5837,.T.);
#6147=ADVANCED_FACE('',(#591),#5838,.F.);
#6148=ADVANCED_FACE('',(#592),#5839,.F.);
#6149=ADVANCED_FACE('',(#593),#5840,.F.);
#6150=ADVANCED_FACE('',(#594),#219,.F.);
#6151=ADVANCED_FACE('',(#595),#5841,.F.);
#6152=ADVANCED_FACE('',(#596),#220,.T.);
#6153=ADVANCED_FACE('',(#597),#5842,.F.);
#6154=ADVANCED_FACE('',(#598),#5843,.F.);
#6155=ADVANCED_FACE('',(#599),#5844,.F.);
#6156=ADVANCED_FACE('',(#600),#221,.F.);
#6157=ADVANCED_FACE('',(#601),#5845,.F.);
#6158=ADVANCED_FACE('',(#602),#222,.T.);
#6159=ADVANCED_FACE('',(#603),#5846,.F.);
#6160=ADVANCED_FACE('',(#604),#5847,.F.);
#6161=ADVANCED_FACE('',(#605),#5848,.T.);
#6162=ADVANCED_FACE('',(#606),#5849,.T.);
#6163=ADVANCED_FACE('',(#607),#5850,.T.);
#6164=ADVANCED_FACE('',(#608),#223,.F.);
#6165=ADVANCED_FACE('',(#609),#5851,.T.);
#6166=ADVANCED_FACE('',(#610),#224,.T.);
#6167=ADVANCED_FACE('',(#611),#5852,.T.);
#6168=ADVANCED_FACE('',(#612),#5853,.T.);
#6169=ADVANCED_FACE('',(#613),#5854,.T.);
#6170=ADVANCED_FACE('',(#614),#225,.F.);
#6171=ADVANCED_FACE('',(#615),#5855,.T.);
#6172=ADVANCED_FACE('',(#616),#226,.T.);
#6173=ADVANCED_FACE('',(#617),#5856,.T.);
#6174=ADVANCED_FACE('',(#618),#5857,.T.);
#6175=ADVANCED_FACE('',(#619),#5858,.F.);
#6176=ADVANCED_FACE('',(#620),#5859,.F.);
#6177=ADVANCED_FACE('',(#621),#5860,.F.);
#6178=ADVANCED_FACE('',(#622),#227,.F.);
#6179=ADVANCED_FACE('',(#623),#5861,.F.);
#6180=ADVANCED_FACE('',(#624),#228,.T.);
#6181=ADVANCED_FACE('',(#625),#5862,.F.);
#6182=ADVANCED_FACE('',(#626),#5863,.F.);
#6183=ADVANCED_FACE('',(#627),#5864,.F.);
#6184=ADVANCED_FACE('',(#628),#229,.F.);
#6185=ADVANCED_FACE('',(#629),#5865,.F.);
#6186=ADVANCED_FACE('',(#630),#230,.T.);
#6187=ADVANCED_FACE('',(#631),#5866,.F.);
#6188=ADVANCED_FACE('',(#632),#5867,.F.);
#6189=ADVANCED_FACE('',(#633),#5868,.T.);
#6190=ADVANCED_FACE('',(#634),#5869,.T.);
#6191=ADVANCED_FACE('',(#635),#5870,.T.);
#6192=ADVANCED_FACE('',(#636),#231,.F.);
#6193=ADVANCED_FACE('',(#637),#5871,.T.);
#6194=ADVANCED_FACE('',(#638),#232,.T.);
#6195=ADVANCED_FACE('',(#639),#5872,.T.);
#6196=ADVANCED_FACE('',(#640),#5873,.T.);
#6197=ADVANCED_FACE('',(#641),#5874,.T.);
#6198=ADVANCED_FACE('',(#642),#233,.F.);
#6199=ADVANCED_FACE('',(#643),#5875,.T.);
#6200=ADVANCED_FACE('',(#644),#234,.T.);
#6201=ADVANCED_FACE('',(#645),#5876,.T.);
#6202=ADVANCED_FACE('',(#646),#5877,.T.);
#6203=ADVANCED_FACE('',(#647),#5878,.F.);
#6204=ADVANCED_FACE('',(#648),#5879,.F.);
#6205=ADVANCED_FACE('',(#649),#5880,.F.);
#6206=ADVANCED_FACE('',(#650),#235,.F.);
#6207=ADVANCED_FACE('',(#651),#5881,.F.);
#6208=ADVANCED_FACE('',(#652),#236,.T.);
#6209=ADVANCED_FACE('',(#653),#5882,.F.);
#6210=ADVANCED_FACE('',(#654),#5883,.F.);
#6211=ADVANCED_FACE('',(#655),#5884,.F.);
#6212=ADVANCED_FACE('',(#656),#237,.F.);
#6213=ADVANCED_FACE('',(#657),#5885,.F.);
#6214=ADVANCED_FACE('',(#658),#238,.T.);
#6215=ADVANCED_FACE('',(#659),#5886,.F.);
#6216=ADVANCED_FACE('',(#660),#5887,.F.);
#6217=ADVANCED_FACE('',(#661),#5888,.T.);
#6218=ADVANCED_FACE('',(#662),#5889,.T.);
#6219=ADVANCED_FACE('',(#663),#5890,.T.);
#6220=ADVANCED_FACE('',(#664),#239,.F.);
#6221=ADVANCED_FACE('',(#665),#5891,.T.);
#6222=ADVANCED_FACE('',(#666),#240,.T.);
#6223=ADVANCED_FACE('',(#667),#5892,.T.);
#6224=ADVANCED_FACE('',(#668),#5893,.T.);
#6225=ADVANCED_FACE('',(#669),#5894,.T.);
#6226=ADVANCED_FACE('',(#670),#241,.F.);
#6227=ADVANCED_FACE('',(#671),#5895,.T.);
#6228=ADVANCED_FACE('',(#672),#242,.T.);
#6229=ADVANCED_FACE('',(#673),#5896,.T.);
#6230=ADVANCED_FACE('',(#674),#5897,.T.);
#6231=ADVANCED_FACE('',(#675),#5898,.F.);
#6232=ADVANCED_FACE('',(#676),#5899,.F.);
#6233=ADVANCED_FACE('',(#677),#5900,.F.);
#6234=ADVANCED_FACE('',(#678),#243,.F.);
#6235=ADVANCED_FACE('',(#679),#5901,.F.);
#6236=ADVANCED_FACE('',(#680),#244,.T.);
#6237=ADVANCED_FACE('',(#681),#5902,.F.);
#6238=ADVANCED_FACE('',(#682),#5903,.F.);
#6239=ADVANCED_FACE('',(#683),#5904,.F.);
#6240=ADVANCED_FACE('',(#684),#245,.F.);
#6241=ADVANCED_FACE('',(#685),#5905,.F.);
#6242=ADVANCED_FACE('',(#686),#246,.T.);
#6243=ADVANCED_FACE('',(#687),#5906,.F.);
#6244=ADVANCED_FACE('',(#688),#5907,.F.);
#6245=ADVANCED_FACE('',(#689),#5908,.T.);
#6246=ADVANCED_FACE('',(#690),#5909,.T.);
#6247=ADVANCED_FACE('',(#691),#5910,.T.);
#6248=ADVANCED_FACE('',(#692),#247,.F.);
#6249=ADVANCED_FACE('',(#693),#5911,.T.);
#6250=ADVANCED_FACE('',(#694),#248,.T.);
#6251=ADVANCED_FACE('',(#695),#5912,.T.);
#6252=ADVANCED_FACE('',(#696),#5913,.T.);
#6253=ADVANCED_FACE('',(#697),#5914,.T.);
#6254=ADVANCED_FACE('',(#698),#249,.F.);
#6255=ADVANCED_FACE('',(#699),#5915,.T.);
#6256=ADVANCED_FACE('',(#700),#250,.T.);
#6257=ADVANCED_FACE('',(#701),#5916,.T.);
#6258=ADVANCED_FACE('',(#702),#5917,.T.);
#6259=ADVANCED_FACE('',(#703),#5918,.F.);
#6260=ADVANCED_FACE('',(#704),#5919,.F.);
#6261=ADVANCED_FACE('',(#705),#5920,.F.);
#6262=ADVANCED_FACE('',(#706),#251,.F.);
#6263=ADVANCED_FACE('',(#707),#5921,.F.);
#6264=ADVANCED_FACE('',(#708),#252,.T.);
#6265=ADVANCED_FACE('',(#709),#5922,.F.);
#6266=ADVANCED_FACE('',(#710),#5923,.F.);
#6267=ADVANCED_FACE('',(#711),#5924,.F.);
#6268=ADVANCED_FACE('',(#712),#253,.F.);
#6269=ADVANCED_FACE('',(#713),#5925,.F.);
#6270=ADVANCED_FACE('',(#714),#254,.T.);
#6271=ADVANCED_FACE('',(#715),#5926,.F.);
#6272=ADVANCED_FACE('',(#716),#5927,.F.);
#6273=ADVANCED_FACE('',(#717),#5928,.T.);
#6274=ADVANCED_FACE('',(#718),#255,.T.);
#6275=ADVANCED_FACE('',(#719),#256,.T.);
#6276=ADVANCED_FACE('',(#720),#5929,.T.);
#6277=ADVANCED_FACE('',(#721),#5930,.T.);
#6278=ADVANCED_FACE('',(#722),#257,.T.);
#6279=ADVANCED_FACE('',(#723),#5931,.T.);
#6280=ADVANCED_FACE('',(#724),#258,.T.);
#6281=ADVANCED_FACE('',(#725),#259,.T.);
#6282=ADVANCED_FACE('',(#726),#5932,.T.);
#6283=ADVANCED_FACE('',(#727),#260,.T.);
#6284=ADVANCED_FACE('',(#728),#261,.T.);
#6285=ADVANCED_FACE('',(#729),#262,.T.);
#6286=ADVANCED_FACE('',(#730,#273),#5933,.F.);
#6287=ADVANCED_FACE('',(#731),#5934,.T.);
#6288=ADVANCED_FACE('',(#732,#274),#17,.F.);
#6289=ADVANCED_FACE('',(#733,#275),#263,.F.);
#6290=ADVANCED_FACE('',(#734),#5935,.F.);
#6291=ADVANCED_FACE('',(#735),#5936,.F.);
#6292=ADVANCED_FACE('',(#736),#5937,.F.);
#6293=ADVANCED_FACE('',(#737),#5938,.F.);
#6294=ADVANCED_FACE('',(#738),#5939,.T.);
#6295=ADVANCED_FACE('',(#739),#5940,.F.);
#6296=ADVANCED_FACE('',(#740),#5941,.F.);
#6297=ADVANCED_FACE('',(#741),#5942,.F.);
#6298=ADVANCED_FACE('',(#742),#5943,.F.);
#6299=CLOSED_SHELL('',(#5944,#5945,#5946,#5947,#5948,#5949,#5950,#5951,
#5952,#5953,#5954,#5955));
#6300=CLOSED_SHELL('',(#5956,#5957,#5958,#5959,#5960,#5961,#5962,#5963,
#5964,#5965,#5966,#5967));
#6301=CLOSED_SHELL('',(#5968,#5969,#5970,#5971,#5972,#5973,#5974,#5975,
#5976,#5977));
#6302=CLOSED_SHELL('',(#5978,#5979,#5980,#5981,#5982,#5983,#5984,#5985,
#5986,#5987,#5988,#5989,#5990,#5991));
#6303=CLOSED_SHELL('',(#5992,#5993,#5994,#5995,#5996,#5997));
#6304=CLOSED_SHELL('',(#5998,#5999,#6000,#6001,#6002,#6003,#6004,#6005,
#6006,#6007,#6008,#6009,#6010));
#6305=CLOSED_SHELL('',(#6011,#6012,#6013,#6014,#6015,#6016));
#6306=CLOSED_SHELL('',(#6017,#6018,#6019,#6020,#6021,#6022,#6023,#6024,
#6025,#6026,#6027,#6028,#6029,#6030,#6031,#6032));
#6307=CLOSED_SHELL('',(#6033,#6034,#6035,#6036,#6037,#6038,#6039,#6040,
#6041,#6042,#6043,#6044));
#6308=CLOSED_SHELL('',(#6045,#6046,#6047,#6048,#6049,#6050));
#6309=CLOSED_SHELL('',(#6051,#6052,#6053));
#6310=CLOSED_SHELL('',(#6054,#6055,#6056));
#6311=CLOSED_SHELL('',(#6057,#6058,#6059));
#6312=CLOSED_SHELL('',(#6060,#6061,#6062,#6063,#6064,#6065,#6066,#6067,
#6068,#6069,#6070,#6071,#6072,#6073,#6074,#6075,#6076,#6077));
#6313=CLOSED_SHELL('',(#6078,#6079,#6080,#6081,#6082,#6083,#6084,#6085,
#6086,#6087,#6088,#6089,#6090,#6091));
#6314=CLOSED_SHELL('',(#6092,#6093,#6094,#6095,#6096,#6097,#6098,#6099,
#6100,#6101,#6102,#6103,#6104,#6105));
#6315=CLOSED_SHELL('',(#6106,#6107,#6108,#6109,#6110,#6111,#6112,#6113,
#6114,#6115,#6116,#6117,#6118,#6119));
#6316=CLOSED_SHELL('',(#6120,#6121,#6122,#6123,#6124,#6125,#6126,#6127,
#6128,#6129,#6130,#6131,#6132,#6133));
#6317=CLOSED_SHELL('',(#6134,#6135,#6136,#6137,#6138,#6139,#6140,#6141,
#6142,#6143,#6144,#6145,#6146,#6147));
#6318=CLOSED_SHELL('',(#6148,#6149,#6150,#6151,#6152,#6153,#6154,#6155,
#6156,#6157,#6158,#6159,#6160,#6161));
#6319=CLOSED_SHELL('',(#6162,#6163,#6164,#6165,#6166,#6167,#6168,#6169,
#6170,#6171,#6172,#6173,#6174,#6175));
#6320=CLOSED_SHELL('',(#6176,#6177,#6178,#6179,#6180,#6181,#6182,#6183,
#6184,#6185,#6186,#6187,#6188,#6189));
#6321=CLOSED_SHELL('',(#6190,#6191,#6192,#6193,#6194,#6195,#6196,#6197,
#6198,#6199,#6200,#6201,#6202,#6203));
#6322=CLOSED_SHELL('',(#6204,#6205,#6206,#6207,#6208,#6209,#6210,#6211,
#6212,#6213,#6214,#6215,#6216,#6217));
#6323=CLOSED_SHELL('',(#6218,#6219,#6220,#6221,#6222,#6223,#6224,#6225,
#6226,#6227,#6228,#6229,#6230,#6231));
#6324=CLOSED_SHELL('',(#6232,#6233,#6234,#6235,#6236,#6237,#6238,#6239,
#6240,#6241,#6242,#6243,#6244,#6245));
#6325=CLOSED_SHELL('',(#6246,#6247,#6248,#6249,#6250,#6251,#6252,#6253,
#6254,#6255,#6256,#6257,#6258,#6259));
#6326=CLOSED_SHELL('',(#6260,#6261,#6262,#6263,#6264,#6265,#6266,#6267,
#6268,#6269,#6270,#6271,#6272,#6273));
#6327=CLOSED_SHELL('',(#6274,#6275,#6276,#6277,#6278,#6279,#6280,#6281,
#6282,#6283,#6284,#6285,#6286,#6287,#6288,#6289,#6290,#6291,#6292,#6293,
#6294,#6295,#6296,#6297,#6298));
#6328=AXIS2_PLACEMENT_3D('placement',#8462,#6813,#6814);
#6329=AXIS2_PLACEMENT_3D('',#8463,#6815,#6816);
#6330=AXIS2_PLACEMENT_3D('',#8472,#6821,#6822);
#6331=AXIS2_PLACEMENT_3D('',#8501,#6827,#6828);
#6332=AXIS2_PLACEMENT_3D('',#8507,#6832,#6833);
#6333=AXIS2_PLACEMENT_3D('',#8513,#6837,#6838);
#6334=AXIS2_PLACEMENT_3D('',#8519,#6842,#6843);
#6335=AXIS2_PLACEMENT_3D('',#8525,#6847,#6848);
#6336=AXIS2_PLACEMENT_3D('',#8554,#6853,#6854);
#6337=AXIS2_PLACEMENT_3D('',#8557,#6857,#6858);
#6338=AXIS2_PLACEMENT_3D('',#8558,#6859,#6860);
#6339=AXIS2_PLACEMENT_3D('',#8559,#6861,#6862);
#6340=AXIS2_PLACEMENT_3D('',#8568,#6867,#6868);
#6341=AXIS2_PLACEMENT_3D('',#8597,#6873,#6874);
#6342=AXIS2_PLACEMENT_3D('',#8603,#6878,#6879);
#6343=AXIS2_PLACEMENT_3D('',#8609,#6883,#6884);
#6344=AXIS2_PLACEMENT_3D('',#8615,#6888,#6889);
#6345=AXIS2_PLACEMENT_3D('',#8621,#6893,#6894);
#6346=AXIS2_PLACEMENT_3D('',#8650,#6899,#6900);
#6347=AXIS2_PLACEMENT_3D('',#8653,#6903,#6904);
#6348=AXIS2_PLACEMENT_3D('',#8654,#6905,#6906);
#6349=AXIS2_PLACEMENT_3D('',#8655,#6907,#6908);
#6350=AXIS2_PLACEMENT_3D('',#8691,#6914,#6915);
#6351=AXIS2_PLACEMENT_3D('',#8725,#6919,#6920);
#6352=AXIS2_PLACEMENT_3D('',#8765,#6926,#6927);
#6353=AXIS2_PLACEMENT_3D('',#8803,#6931,#6932);
#6354=AXIS2_PLACEMENT_3D('',#8804,#6933,#6934);
#6355=AXIS2_PLACEMENT_3D('',#8805,#6935,#6936);
#6356=AXIS2_PLACEMENT_3D('',#8841,#6942,#6943);
#6357=AXIS2_PLACEMENT_3D('',#8847,#6947,#6948);
#6358=AXIS2_PLACEMENT_3D('',#8850,#6951,#6952);
#6359=AXIS2_PLACEMENT_3D('',#8894,#6958,#6959);
#6360=AXIS2_PLACEMENT_3D('',#8927,#6964,#6965);
#6361=AXIS2_PLACEMENT_3D('',#8960,#6970,#6971);
#6362=AXIS2_PLACEMENT_3D('',#8966,#6975,#6976);
#6363=AXIS2_PLACEMENT_3D('',#8969,#6979,#6980);
#6364=AXIS2_PLACEMENT_3D('',#8970,#6981,#6982);
#6365=AXIS2_PLACEMENT_3D('',#8971,#6983,#6984);
#6366=AXIS2_PLACEMENT_3D('',#8980,#6989,#6990);
#6367=AXIS2_PLACEMENT_3D('',#8986,#6994,#6995);
#6368=AXIS2_PLACEMENT_3D('',#8992,#6999,#7000);
#6369=AXIS2_PLACEMENT_3D('',#8995,#7003,#7004);
#6370=AXIS2_PLACEMENT_3D('',#8996,#7005,#7006);
#6371=AXIS2_PLACEMENT_3D('',#8997,#7007,#7008);
#6372=AXIS2_PLACEMENT_3D('',#9006,#7013,#7014);
#6373=AXIS2_PLACEMENT_3D('',#9012,#7018,#7019);
#6374=AXIS2_PLACEMENT_3D('',#9018,#7023,#7024);
#6375=AXIS2_PLACEMENT_3D('',#9024,#7028,#7029);
#6376=AXIS2_PLACEMENT_3D('',#9026,#7030,#7031);
#6377=AXIS2_PLACEMENT_3D('',#9028,#7032,#7033);
#6378=AXIS2_PLACEMENT_3D('',#9030,#7035,#7036);
#6379=AXIS2_PLACEMENT_3D('',#9071,#7041,#7042);
#6380=AXIS2_PLACEMENT_3D('',#9108,#7047,#7048);
#6381=AXIS2_PLACEMENT_3D('',#9114,#7052,#7053);
#6382=AXIS2_PLACEMENT_3D('',#9115,#7054,#7055);
#6383=AXIS2_PLACEMENT_3D('',#9116,#7056,#7057);
#6384=AXIS2_PLACEMENT_3D('',#9117,#7058,#7059);
#6385=AXIS2_PLACEMENT_3D('',#9118,#7060,#7061);
#6386=AXIS2_PLACEMENT_3D('',#9119,#7062,#7063);
#6387=AXIS2_PLACEMENT_3D('',#9128,#7068,#7069);
#6388=AXIS2_PLACEMENT_3D('',#9134,#7073,#7074);
#6389=AXIS2_PLACEMENT_3D('',#9140,#7078,#7079);
#6390=AXIS2_PLACEMENT_3D('',#9143,#7082,#7083);
#6391=AXIS2_PLACEMENT_3D('',#9144,#7084,#7085);
#6392=AXIS2_PLACEMENT_3D('',#9145,#7086,#7087);
#6393=AXIS2_PLACEMENT_3D('',#9154,#7092,#7093);
#6394=AXIS2_PLACEMENT_3D('',#9160,#7097,#7098);
#6395=AXIS2_PLACEMENT_3D('',#9166,#7102,#7103);
#6396=AXIS2_PLACEMENT_3D('',#9172,#7107,#7108);
#6397=AXIS2_PLACEMENT_3D('',#9178,#7112,#7113);
#6398=AXIS2_PLACEMENT_3D('',#9184,#7117,#7118);
#6399=AXIS2_PLACEMENT_3D('',#9190,#7122,#7123);
#6400=AXIS2_PLACEMENT_3D('',#9196,#7127,#7128);
#6401=AXIS2_PLACEMENT_3D('',#9202,#7132,#7133);
#6402=AXIS2_PLACEMENT_3D('',#9227,#7138,#7139);
#6403=AXIS2_PLACEMENT_3D('',#9252,#7144,#7145);
#6404=AXIS2_PLACEMENT_3D('',#9255,#7148,#7149);
#6405=AXIS2_PLACEMENT_3D('',#9256,#7150,#7151);
#6406=AXIS2_PLACEMENT_3D('',#9257,#7152,#7153);
#6407=AXIS2_PLACEMENT_3D('',#9266,#7158,#7159);
#6408=AXIS2_PLACEMENT_3D('',#9295,#7164,#7165);
#6409=AXIS2_PLACEMENT_3D('',#9301,#7169,#7170);
#6410=AXIS2_PLACEMENT_3D('',#9307,#7174,#7175);
#6411=AXIS2_PLACEMENT_3D('',#9336,#7180,#7181);
#6412=AXIS2_PLACEMENT_3D('',#9342,#7185,#7186);
#6413=AXIS2_PLACEMENT_3D('',#9348,#7190,#7191);
#6414=AXIS2_PLACEMENT_3D('',#9351,#7194,#7195);
#6415=AXIS2_PLACEMENT_3D('',#9352,#7196,#7197);
#6416=AXIS2_PLACEMENT_3D('',#9353,#7198,#7199);
#6417=AXIS2_PLACEMENT_3D('',#9362,#7204,#7205);
#6418=AXIS2_PLACEMENT_3D('',#9368,#7209,#7210);
#6419=AXIS2_PLACEMENT_3D('',#9374,#7214,#7215);
#6420=AXIS2_PLACEMENT_3D('',#9377,#7218,#7219);
#6421=AXIS2_PLACEMENT_3D('',#9378,#7220,#7221);
#6422=AXIS2_PLACEMENT_3D('',#9379,#7222,#7223);
#6423=AXIS2_PLACEMENT_3D('',#9381,#7224,#7225);
#6424=AXIS2_PLACEMENT_3D('',#9383,#7226,#7227);
#6425=AXIS2_PLACEMENT_3D('',#9384,#7228,#7229);
#6426=AXIS2_PLACEMENT_3D('',#9385,#7230,#7231);
#6427=AXIS2_PLACEMENT_3D('',#9386,#7232,#7233);
#6428=AXIS2_PLACEMENT_3D('',#9388,#7234,#7235);
#6429=AXIS2_PLACEMENT_3D('',#9390,#7236,#7237);
#6430=AXIS2_PLACEMENT_3D('',#9391,#7238,#7239);
#6431=AXIS2_PLACEMENT_3D('',#9392,#7240,#7241);
#6432=AXIS2_PLACEMENT_3D('',#9393,#7242,#7243);
#6433=AXIS2_PLACEMENT_3D('',#9395,#7244,#7245);
#6434=AXIS2_PLACEMENT_3D('',#9396,#7246,#7247);
#6435=AXIS2_PLACEMENT_3D('',#9398,#7248,#7249);
#6436=AXIS2_PLACEMENT_3D('',#9399,#7250,#7251);
#6437=AXIS2_PLACEMENT_3D('',#9400,#7252,#7253);
#6438=AXIS2_PLACEMENT_3D('',#9410,#7255,#7256);
#6439=AXIS2_PLACEMENT_3D('',#9420,#7258,#7259);
#6440=AXIS2_PLACEMENT_3D('',#9421,#7260,#7261);
#6441=AXIS2_PLACEMENT_3D('',#9432,#7264,#7265);
#6442=AXIS2_PLACEMENT_3D('',#9436,#7268,#7269);
#6443=AXIS2_PLACEMENT_3D('',#9440,#7271,#7272);
#6444=AXIS2_PLACEMENT_3D('',#9444,#7274,#7275);
#6445=AXIS2_PLACEMENT_3D('',#9447,#7277,#7278);
#6446=AXIS2_PLACEMENT_3D('',#9448,#7279,#7280);
#6447=AXIS2_PLACEMENT_3D('',#9466,#7283,#7284);
#6448=AXIS2_PLACEMENT_3D('',#9470,#7287,#7288);
#6449=AXIS2_PLACEMENT_3D('',#9472,#7289,#7290);
#6450=AXIS2_PLACEMENT_3D('',#9476,#7292,#7293);
#6451=AXIS2_PLACEMENT_3D('',#9483,#7294,#7295);
#6452=AXIS2_PLACEMENT_3D('',#9485,#7296,#7297);
#6453=AXIS2_PLACEMENT_3D('',#9487,#7298,#7299);
#6454=AXIS2_PLACEMENT_3D('',#9490,#7302,#7303);
#6455=AXIS2_PLACEMENT_3D('',#9499,#7305,#7306);
#6456=AXIS2_PLACEMENT_3D('',#9503,#7309,#7310);
#6457=AXIS2_PLACEMENT_3D('',#9507,#7312,#7313);
#6458=AXIS2_PLACEMENT_3D('',#9509,#7314,#7315);
#6459=AXIS2_PLACEMENT_3D('',#9514,#7316,#7317);
#6460=AXIS2_PLACEMENT_3D('',#9515,#7318,#7319);
#6461=AXIS2_PLACEMENT_3D('',#9516,#7320,#7321);
#6462=AXIS2_PLACEMENT_3D('',#9518,#7323,#7324);
#6463=AXIS2_PLACEMENT_3D('',#9520,#7326,#7327);
#6464=AXIS2_PLACEMENT_3D('',#9522,#7328,#7329);
#6465=AXIS2_PLACEMENT_3D('',#9523,#7330,#7331);
#6466=AXIS2_PLACEMENT_3D('',#9524,#7332,#7333);
#6467=AXIS2_PLACEMENT_3D('',#9526,#7334,#7335);
#6468=AXIS2_PLACEMENT_3D('',#9527,#7336,#7337);
#6469=AXIS2_PLACEMENT_3D('',#9528,#7338,#7339);
#6470=AXIS2_PLACEMENT_3D('',#9537,#7344,#7345);
#6471=AXIS2_PLACEMENT_3D('',#9543,#7349,#7350);
#6472=AXIS2_PLACEMENT_3D('',#9545,#7351,#7352);
#6473=AXIS2_PLACEMENT_3D('',#9547,#7353,#7354);
#6474=AXIS2_PLACEMENT_3D('',#9549,#7356,#7357);
#6475=AXIS2_PLACEMENT_3D('',#9555,#7361,#7362);
#6476=AXIS2_PLACEMENT_3D('',#9557,#7363,#7364);
#6477=AXIS2_PLACEMENT_3D('',#9559,#7365,#7366);
#6478=AXIS2_PLACEMENT_3D('',#9561,#7368,#7369);
#6479=AXIS2_PLACEMENT_3D('',#9567,#7373,#7374);
#6480=AXIS2_PLACEMENT_3D('',#9573,#7378,#7379);
#6481=AXIS2_PLACEMENT_3D('',#9579,#7383,#7384);
#6482=AXIS2_PLACEMENT_3D('',#9581,#7385,#7386);
#6483=AXIS2_PLACEMENT_3D('',#9583,#7387,#7388);
#6484=AXIS2_PLACEMENT_3D('',#9585,#7390,#7391);
#6485=AXIS2_PLACEMENT_3D('',#9591,#7395,#7396);
#6486=AXIS2_PLACEMENT_3D('',#9593,#7397,#7398);
#6487=AXIS2_PLACEMENT_3D('',#9595,#7399,#7400);
#6488=AXIS2_PLACEMENT_3D('',#9597,#7402,#7403);
#6489=AXIS2_PLACEMENT_3D('',#9600,#7406,#7407);
#6490=AXIS2_PLACEMENT_3D('',#9601,#7408,#7409);
#6491=AXIS2_PLACEMENT_3D('',#9602,#7410,#7411);
#6492=AXIS2_PLACEMENT_3D('',#9611,#7416,#7417);
#6493=AXIS2_PLACEMENT_3D('',#9617,#7421,#7422);
#6494=AXIS2_PLACEMENT_3D('',#9619,#7423,#7424);
#6495=AXIS2_PLACEMENT_3D('',#9621,#7425,#7426);
#6496=AXIS2_PLACEMENT_3D('',#9623,#7428,#7429);
#6497=AXIS2_PLACEMENT_3D('',#9629,#7433,#7434);
#6498=AXIS2_PLACEMENT_3D('',#9631,#7435,#7436);
#6499=AXIS2_PLACEMENT_3D('',#9633,#7437,#7438);
#6500=AXIS2_PLACEMENT_3D('',#9635,#7440,#7441);
#6501=AXIS2_PLACEMENT_3D('',#9641,#7445,#7446);
#6502=AXIS2_PLACEMENT_3D('',#9647,#7450,#7451);
#6503=AXIS2_PLACEMENT_3D('',#9653,#7455,#7456);
#6504=AXIS2_PLACEMENT_3D('',#9655,#7457,#7458);
#6505=AXIS2_PLACEMENT_3D('',#9657,#7459,#7460);
#6506=AXIS2_PLACEMENT_3D('',#9659,#7462,#7463);
#6507=AXIS2_PLACEMENT_3D('',#9665,#7467,#7468);
#6508=AXIS2_PLACEMENT_3D('',#9667,#7469,#7470);
#6509=AXIS2_PLACEMENT_3D('',#9669,#7471,#7472);
#6510=AXIS2_PLACEMENT_3D('',#9671,#7474,#7475);
#6511=AXIS2_PLACEMENT_3D('',#9674,#7478,#7479);
#6512=AXIS2_PLACEMENT_3D('',#9675,#7480,#7481);
#6513=AXIS2_PLACEMENT_3D('',#9676,#7482,#7483);
#6514=AXIS2_PLACEMENT_3D('',#9685,#7488,#7489);
#6515=AXIS2_PLACEMENT_3D('',#9691,#7493,#7494);
#6516=AXIS2_PLACEMENT_3D('',#9693,#7495,#7496);
#6517=AXIS2_PLACEMENT_3D('',#9695,#7497,#7498);
#6518=AXIS2_PLACEMENT_3D('',#9697,#7500,#7501);
#6519=AXIS2_PLACEMENT_3D('',#9703,#7505,#7506);
#6520=AXIS2_PLACEMENT_3D('',#9705,#7507,#7508);
#6521=AXIS2_PLACEMENT_3D('',#9707,#7509,#7510);
#6522=AXIS2_PLACEMENT_3D('',#9709,#7512,#7513);
#6523=AXIS2_PLACEMENT_3D('',#9715,#7517,#7518);
#6524=AXIS2_PLACEMENT_3D('',#9721,#7522,#7523);
#6525=AXIS2_PLACEMENT_3D('',#9727,#7527,#7528);
#6526=AXIS2_PLACEMENT_3D('',#9729,#7529,#7530);
#6527=AXIS2_PLACEMENT_3D('',#9731,#7531,#7532);
#6528=AXIS2_PLACEMENT_3D('',#9733,#7534,#7535);
#6529=AXIS2_PLACEMENT_3D('',#9739,#7539,#7540);
#6530=AXIS2_PLACEMENT_3D('',#9741,#7541,#7542);
#6531=AXIS2_PLACEMENT_3D('',#9743,#7543,#7544);
#6532=AXIS2_PLACEMENT_3D('',#9745,#7546,#7547);
#6533=AXIS2_PLACEMENT_3D('',#9748,#7550,#7551);
#6534=AXIS2_PLACEMENT_3D('',#9749,#7552,#7553);
#6535=AXIS2_PLACEMENT_3D('',#9750,#7554,#7555);
#6536=AXIS2_PLACEMENT_3D('',#9759,#7560,#7561);
#6537=AXIS2_PLACEMENT_3D('',#9765,#7565,#7566);
#6538=AXIS2_PLACEMENT_3D('',#9767,#7567,#7568);
#6539=AXIS2_PLACEMENT_3D('',#9770,#7570,#7571);
#6540=AXIS2_PLACEMENT_3D('',#9771,#7572,#7573);
#6541=AXIS2_PLACEMENT_3D('',#9777,#7577,#7578);
#6542=AXIS2_PLACEMENT_3D('',#9779,#7579,#7580);
#6543=AXIS2_PLACEMENT_3D('',#9782,#7582,#7583);
#6544=AXIS2_PLACEMENT_3D('',#9783,#7584,#7585);
#6545=AXIS2_PLACEMENT_3D('',#9789,#7589,#7590);
#6546=AXIS2_PLACEMENT_3D('',#9795,#7594,#7595);
#6547=AXIS2_PLACEMENT_3D('',#9801,#7599,#7600);
#6548=AXIS2_PLACEMENT_3D('',#9803,#7601,#7602);
#6549=AXIS2_PLACEMENT_3D('',#9806,#7604,#7605);
#6550=AXIS2_PLACEMENT_3D('',#9807,#7606,#7607);
#6551=AXIS2_PLACEMENT_3D('',#9813,#7611,#7612);
#6552=AXIS2_PLACEMENT_3D('',#9815,#7613,#7614);
#6553=AXIS2_PLACEMENT_3D('',#9818,#7616,#7617);
#6554=AXIS2_PLACEMENT_3D('',#9819,#7618,#7619);
#6555=AXIS2_PLACEMENT_3D('',#9822,#7622,#7623);
#6556=AXIS2_PLACEMENT_3D('',#9823,#7624,#7625);
#6557=AXIS2_PLACEMENT_3D('',#9824,#7626,#7627);
#6558=AXIS2_PLACEMENT_3D('',#9833,#7632,#7633);
#6559=AXIS2_PLACEMENT_3D('',#9839,#7637,#7638);
#6560=AXIS2_PLACEMENT_3D('',#9841,#7639,#7640);
#6561=AXIS2_PLACEMENT_3D('',#9843,#7641,#7642);
#6562=AXIS2_PLACEMENT_3D('',#9845,#7644,#7645);
#6563=AXIS2_PLACEMENT_3D('',#9851,#7649,#7650);
#6564=AXIS2_PLACEMENT_3D('',#9853,#7651,#7652);
#6565=AXIS2_PLACEMENT_3D('',#9855,#7653,#7654);
#6566=AXIS2_PLACEMENT_3D('',#9857,#7656,#7657);
#6567=AXIS2_PLACEMENT_3D('',#9863,#7661,#7662);
#6568=AXIS2_PLACEMENT_3D('',#9869,#7666,#7667);
#6569=AXIS2_PLACEMENT_3D('',#9875,#7671,#7672);
#6570=AXIS2_PLACEMENT_3D('',#9877,#7673,#7674);
#6571=AXIS2_PLACEMENT_3D('',#9879,#7675,#7676);
#6572=AXIS2_PLACEMENT_3D('',#9881,#7678,#7679);
#6573=AXIS2_PLACEMENT_3D('',#9887,#7683,#7684);
#6574=AXIS2_PLACEMENT_3D('',#9889,#7685,#7686);
#6575=AXIS2_PLACEMENT_3D('',#9891,#7687,#7688);
#6576=AXIS2_PLACEMENT_3D('',#9893,#7690,#7691);
#6577=AXIS2_PLACEMENT_3D('',#9896,#7694,#7695);
#6578=AXIS2_PLACEMENT_3D('',#9897,#7696,#7697);
#6579=AXIS2_PLACEMENT_3D('',#9898,#7698,#7699);
#6580=AXIS2_PLACEMENT_3D('',#9907,#7704,#7705);
#6581=AXIS2_PLACEMENT_3D('',#9913,#7709,#7710);
#6582=AXIS2_PLACEMENT_3D('',#9915,#7711,#7712);
#6583=AXIS2_PLACEMENT_3D('',#9918,#7714,#7715);
#6584=AXIS2_PLACEMENT_3D('',#9919,#7716,#7717);
#6585=AXIS2_PLACEMENT_3D('',#9925,#7721,#7722);
#6586=AXIS2_PLACEMENT_3D('',#9927,#7723,#7724);
#6587=AXIS2_PLACEMENT_3D('',#9930,#7726,#7727);
#6588=AXIS2_PLACEMENT_3D('',#9931,#7728,#7729);
#6589=AXIS2_PLACEMENT_3D('',#9937,#7733,#7734);
#6590=AXIS2_PLACEMENT_3D('',#9943,#7738,#7739);
#6591=AXIS2_PLACEMENT_3D('',#9949,#7743,#7744);
#6592=AXIS2_PLACEMENT_3D('',#9951,#7745,#7746);
#6593=AXIS2_PLACEMENT_3D('',#9954,#7748,#7749);
#6594=AXIS2_PLACEMENT_3D('',#9955,#7750,#7751);
#6595=AXIS2_PLACEMENT_3D('',#9961,#7755,#7756);
#6596=AXIS2_PLACEMENT_3D('',#9963,#7757,#7758);
#6597=AXIS2_PLACEMENT_3D('',#9966,#7760,#7761);
#6598=AXIS2_PLACEMENT_3D('',#9967,#7762,#7763);
#6599=AXIS2_PLACEMENT_3D('',#9970,#7766,#7767);
#6600=AXIS2_PLACEMENT_3D('',#9971,#7768,#7769);
#6601=AXIS2_PLACEMENT_3D('',#9972,#7770,#7771);
#6602=AXIS2_PLACEMENT_3D('',#9981,#7776,#7777);
#6603=AXIS2_PLACEMENT_3D('',#9987,#7781,#7782);
#6604=AXIS2_PLACEMENT_3D('',#9989,#7783,#7784);
#6605=AXIS2_PLACEMENT_3D('',#9991,#7785,#7786);
#6606=AXIS2_PLACEMENT_3D('',#9993,#7788,#7789);
#6607=AXIS2_PLACEMENT_3D('',#9999,#7793,#7794);
#6608=AXIS2_PLACEMENT_3D('',#10001,#7795,#7796);
#6609=AXIS2_PLACEMENT_3D('',#10003,#7797,#7798);
#6610=AXIS2_PLACEMENT_3D('',#10005,#7800,#7801);
#6611=AXIS2_PLACEMENT_3D('',#10011,#7805,#7806);
#6612=AXIS2_PLACEMENT_3D('',#10017,#7810,#7811);
#6613=AXIS2_PLACEMENT_3D('',#10023,#7815,#7816);
#6614=AXIS2_PLACEMENT_3D('',#10025,#7817,#7818);
#6615=AXIS2_PLACEMENT_3D('',#10027,#7819,#7820);
#6616=AXIS2_PLACEMENT_3D('',#10029,#7822,#7823);
#6617=AXIS2_PLACEMENT_3D('',#10035,#7827,#7828);
#6618=AXIS2_PLACEMENT_3D('',#10037,#7829,#7830);
#6619=AXIS2_PLACEMENT_3D('',#10039,#7831,#7832);
#6620=AXIS2_PLACEMENT_3D('',#10041,#7834,#7835);
#6621=AXIS2_PLACEMENT_3D('',#10044,#7838,#7839);
#6622=AXIS2_PLACEMENT_3D('',#10045,#7840,#7841);
#6623=AXIS2_PLACEMENT_3D('',#10046,#7842,#7843);
#6624=AXIS2_PLACEMENT_3D('',#10055,#7848,#7849);
#6625=AXIS2_PLACEMENT_3D('',#10061,#7853,#7854);
#6626=AXIS2_PLACEMENT_3D('',#10063,#7855,#7856);
#6627=AXIS2_PLACEMENT_3D('',#10066,#7858,#7859);
#6628=AXIS2_PLACEMENT_3D('',#10067,#7860,#7861);
#6629=AXIS2_PLACEMENT_3D('',#10073,#7865,#7866);
#6630=AXIS2_PLACEMENT_3D('',#10075,#7867,#7868);
#6631=AXIS2_PLACEMENT_3D('',#10078,#7870,#7871);
#6632=AXIS2_PLACEMENT_3D('',#10079,#7872,#7873);
#6633=AXIS2_PLACEMENT_3D('',#10085,#7877,#7878);
#6634=AXIS2_PLACEMENT_3D('',#10091,#7882,#7883);
#6635=AXIS2_PLACEMENT_3D('',#10097,#7887,#7888);
#6636=AXIS2_PLACEMENT_3D('',#10099,#7889,#7890);
#6637=AXIS2_PLACEMENT_3D('',#10102,#7892,#7893);
#6638=AXIS2_PLACEMENT_3D('',#10103,#7894,#7895);
#6639=AXIS2_PLACEMENT_3D('',#10109,#7899,#7900);
#6640=AXIS2_PLACEMENT_3D('',#10111,#7901,#7902);
#6641=AXIS2_PLACEMENT_3D('',#10114,#7904,#7905);
#6642=AXIS2_PLACEMENT_3D('',#10115,#7906,#7907);
#6643=AXIS2_PLACEMENT_3D('',#10118,#7910,#7911);
#6644=AXIS2_PLACEMENT_3D('',#10119,#7912,#7913);
#6645=AXIS2_PLACEMENT_3D('',#10120,#7914,#7915);
#6646=AXIS2_PLACEMENT_3D('',#10129,#7920,#7921);
#6647=AXIS2_PLACEMENT_3D('',#10135,#7925,#7926);
#6648=AXIS2_PLACEMENT_3D('',#10137,#7927,#7928);
#6649=AXIS2_PLACEMENT_3D('',#10139,#7929,#7930);
#6650=AXIS2_PLACEMENT_3D('',#10141,#7932,#7933);
#6651=AXIS2_PLACEMENT_3D('',#10147,#7937,#7938);
#6652=AXIS2_PLACEMENT_3D('',#10149,#7939,#7940);
#6653=AXIS2_PLACEMENT_3D('',#10151,#7941,#7942);
#6654=AXIS2_PLACEMENT_3D('',#10153,#7944,#7945);
#6655=AXIS2_PLACEMENT_3D('',#10159,#7949,#7950);
#6656=AXIS2_PLACEMENT_3D('',#10165,#7954,#7955);
#6657=AXIS2_PLACEMENT_3D('',#10171,#7959,#7960);
#6658=AXIS2_PLACEMENT_3D('',#10173,#7961,#7962);
#6659=AXIS2_PLACEMENT_3D('',#10175,#7963,#7964);
#6660=AXIS2_PLACEMENT_3D('',#10177,#7966,#7967);
#6661=AXIS2_PLACEMENT_3D('',#10183,#7971,#7972);
#6662=AXIS2_PLACEMENT_3D('',#10185,#7973,#7974);
#6663=AXIS2_PLACEMENT_3D('',#10187,#7975,#7976);
#6664=AXIS2_PLACEMENT_3D('',#10189,#7978,#7979);
#6665=AXIS2_PLACEMENT_3D('',#10192,#7982,#7983);
#6666=AXIS2_PLACEMENT_3D('',#10193,#7984,#7985);
#6667=AXIS2_PLACEMENT_3D('',#10194,#7986,#7987);
#6668=AXIS2_PLACEMENT_3D('',#10203,#7992,#7993);
#6669=AXIS2_PLACEMENT_3D('',#10209,#7997,#7998);
#6670=AXIS2_PLACEMENT_3D('',#10211,#7999,#8000);
#6671=AXIS2_PLACEMENT_3D('',#10214,#8002,#8003);
#6672=AXIS2_PLACEMENT_3D('',#10215,#8004,#8005);
#6673=AXIS2_PLACEMENT_3D('',#10221,#8009,#8010);
#6674=AXIS2_PLACEMENT_3D('',#10223,#8011,#8012);
#6675=AXIS2_PLACEMENT_3D('',#10226,#8014,#8015);
#6676=AXIS2_PLACEMENT_3D('',#10227,#8016,#8017);
#6677=AXIS2_PLACEMENT_3D('',#10233,#8021,#8022);
#6678=AXIS2_PLACEMENT_3D('',#10239,#8026,#8027);
#6679=AXIS2_PLACEMENT_3D('',#10245,#8031,#8032);
#6680=AXIS2_PLACEMENT_3D('',#10247,#8033,#8034);
#6681=AXIS2_PLACEMENT_3D('',#10250,#8036,#8037);
#6682=AXIS2_PLACEMENT_3D('',#10251,#8038,#8039);
#6683=AXIS2_PLACEMENT_3D('',#10257,#8043,#8044);
#6684=AXIS2_PLACEMENT_3D('',#10259,#8045,#8046);
#6685=AXIS2_PLACEMENT_3D('',#10262,#8048,#8049);
#6686=AXIS2_PLACEMENT_3D('',#10263,#8050,#8051);
#6687=AXIS2_PLACEMENT_3D('',#10266,#8054,#8055);
#6688=AXIS2_PLACEMENT_3D('',#10267,#8056,#8057);
#6689=AXIS2_PLACEMENT_3D('',#10268,#8058,#8059);
#6690=AXIS2_PLACEMENT_3D('',#10277,#8064,#8065);
#6691=AXIS2_PLACEMENT_3D('',#10283,#8069,#8070);
#6692=AXIS2_PLACEMENT_3D('',#10285,#8071,#8072);
#6693=AXIS2_PLACEMENT_3D('',#10287,#8073,#8074);
#6694=AXIS2_PLACEMENT_3D('',#10289,#8076,#8077);
#6695=AXIS2_PLACEMENT_3D('',#10295,#8081,#8082);
#6696=AXIS2_PLACEMENT_3D('',#10297,#8083,#8084);
#6697=AXIS2_PLACEMENT_3D('',#10299,#8085,#8086);
#6698=AXIS2_PLACEMENT_3D('',#10301,#8088,#8089);
#6699=AXIS2_PLACEMENT_3D('',#10307,#8093,#8094);
#6700=AXIS2_PLACEMENT_3D('',#10313,#8098,#8099);
#6701=AXIS2_PLACEMENT_3D('',#10319,#8103,#8104);
#6702=AXIS2_PLACEMENT_3D('',#10321,#8105,#8106);
#6703=AXIS2_PLACEMENT_3D('',#10323,#8107,#8108);
#6704=AXIS2_PLACEMENT_3D('',#10325,#8110,#8111);
#6705=AXIS2_PLACEMENT_3D('',#10331,#8115,#8116);
#6706=AXIS2_PLACEMENT_3D('',#10333,#8117,#8118);
#6707=AXIS2_PLACEMENT_3D('',#10335,#8119,#8120);
#6708=AXIS2_PLACEMENT_3D('',#10337,#8122,#8123);
#6709=AXIS2_PLACEMENT_3D('',#10340,#8126,#8127);
#6710=AXIS2_PLACEMENT_3D('',#10341,#8128,#8129);
#6711=AXIS2_PLACEMENT_3D('',#10342,#8130,#8131);
#6712=AXIS2_PLACEMENT_3D('',#10351,#8136,#8137);
#6713=AXIS2_PLACEMENT_3D('',#10357,#8141,#8142);
#6714=AXIS2_PLACEMENT_3D('',#10359,#8143,#8144);
#6715=AXIS2_PLACEMENT_3D('',#10362,#8146,#8147);
#6716=AXIS2_PLACEMENT_3D('',#10363,#8148,#8149);
#6717=AXIS2_PLACEMENT_3D('',#10369,#8153,#8154);
#6718=AXIS2_PLACEMENT_3D('',#10371,#8155,#8156);
#6719=AXIS2_PLACEMENT_3D('',#10374,#8158,#8159);
#6720=AXIS2_PLACEMENT_3D('',#10375,#8160,#8161);
#6721=AXIS2_PLACEMENT_3D('',#10381,#8165,#8166);
#6722=AXIS2_PLACEMENT_3D('',#10387,#8170,#8171);
#6723=AXIS2_PLACEMENT_3D('',#10393,#8175,#8176);
#6724=AXIS2_PLACEMENT_3D('',#10395,#8177,#8178);
#6725=AXIS2_PLACEMENT_3D('',#10398,#8180,#8181);
#6726=AXIS2_PLACEMENT_3D('',#10399,#8182,#8183);
#6727=AXIS2_PLACEMENT_3D('',#10405,#8187,#8188);
#6728=AXIS2_PLACEMENT_3D('',#10407,#8189,#8190);
#6729=AXIS2_PLACEMENT_3D('',#10410,#8192,#8193);
#6730=AXIS2_PLACEMENT_3D('',#10411,#8194,#8195);
#6731=AXIS2_PLACEMENT_3D('',#10414,#8198,#8199);
#6732=AXIS2_PLACEMENT_3D('',#10415,#8200,#8201);
#6733=AXIS2_PLACEMENT_3D('',#10416,#8202,#8203);
#6734=AXIS2_PLACEMENT_3D('',#10425,#8208,#8209);
#6735=AXIS2_PLACEMENT_3D('',#10431,#8213,#8214);
#6736=AXIS2_PLACEMENT_3D('',#10433,#8215,#8216);
#6737=AXIS2_PLACEMENT_3D('',#10435,#8217,#8218);
#6738=AXIS2_PLACEMENT_3D('',#10437,#8220,#8221);
#6739=AXIS2_PLACEMENT_3D('',#10443,#8225,#8226);
#6740=AXIS2_PLACEMENT_3D('',#10445,#8227,#8228);
#6741=AXIS2_PLACEMENT_3D('',#10447,#8229,#8230);
#6742=AXIS2_PLACEMENT_3D('',#10449,#8232,#8233);
#6743=AXIS2_PLACEMENT_3D('',#10455,#8237,#8238);
#6744=AXIS2_PLACEMENT_3D('',#10461,#8242,#8243);
#6745=AXIS2_PLACEMENT_3D('',#10467,#8247,#8248);
#6746=AXIS2_PLACEMENT_3D('',#10469,#8249,#8250);
#6747=AXIS2_PLACEMENT_3D('',#10471,#8251,#8252);
#6748=AXIS2_PLACEMENT_3D('',#10473,#8254,#8255);
#6749=AXIS2_PLACEMENT_3D('',#10479,#8259,#8260);
#6750=AXIS2_PLACEMENT_3D('',#10481,#8261,#8262);
#6751=AXIS2_PLACEMENT_3D('',#10483,#8263,#8264);
#6752=AXIS2_PLACEMENT_3D('',#10485,#8266,#8267);
#6753=AXIS2_PLACEMENT_3D('',#10488,#8270,#8271);
#6754=AXIS2_PLACEMENT_3D('',#10489,#8272,#8273);
#6755=AXIS2_PLACEMENT_3D('',#10490,#8274,#8275);
#6756=AXIS2_PLACEMENT_3D('',#10499,#8280,#8281);
#6757=AXIS2_PLACEMENT_3D('',#10505,#8285,#8286);
#6758=AXIS2_PLACEMENT_3D('',#10507,#8287,#8288);
#6759=AXIS2_PLACEMENT_3D('',#10510,#8290,#8291);
#6760=AXIS2_PLACEMENT_3D('',#10511,#8292,#8293);
#6761=AXIS2_PLACEMENT_3D('',#10517,#8297,#8298);
#6762=AXIS2_PLACEMENT_3D('',#10519,#8299,#8300);
#6763=AXIS2_PLACEMENT_3D('',#10522,#8302,#8303);
#6764=AXIS2_PLACEMENT_3D('',#10523,#8304,#8305);
#6765=AXIS2_PLACEMENT_3D('',#10529,#8309,#8310);
#6766=AXIS2_PLACEMENT_3D('',#10535,#8314,#8315);
#6767=AXIS2_PLACEMENT_3D('',#10541,#8319,#8320);
#6768=AXIS2_PLACEMENT_3D('',#10543,#8321,#8322);
#6769=AXIS2_PLACEMENT_3D('',#10546,#8324,#8325);
#6770=AXIS2_PLACEMENT_3D('',#10547,#8326,#8327);
#6771=AXIS2_PLACEMENT_3D('',#10553,#8331,#8332);
#6772=AXIS2_PLACEMENT_3D('',#10555,#8333,#8334);
#6773=AXIS2_PLACEMENT_3D('',#10558,#8336,#8337);
#6774=AXIS2_PLACEMENT_3D('',#10559,#8338,#8339);
#6775=AXIS2_PLACEMENT_3D('',#10562,#8342,#8343);
#6776=AXIS2_PLACEMENT_3D('',#10563,#8344,#8345);
#6777=AXIS2_PLACEMENT_3D('',#10564,#8346,#8347);
#6778=AXIS2_PLACEMENT_3D('',#10576,#8349,#8350);
#6779=AXIS2_PLACEMENT_3D('',#10585,#8352,#8353);
#6780=AXIS2_PLACEMENT_3D('',#10596,#8355,#8356);
#6781=AXIS2_PLACEMENT_3D('',#10599,#8358,#8359);
#6782=AXIS2_PLACEMENT_3D('',#10600,#8360,#8361);
#6783=AXIS2_PLACEMENT_3D('',#10612,#8368,#8369);
#6784=AXIS2_PLACEMENT_3D('',#10616,#8371,#8372);
#6785=AXIS2_PLACEMENT_3D('',#10628,#8378,#8379);
#6786=AXIS2_PLACEMENT_3D('',#10631,#8381,#8382);
#6787=AXIS2_PLACEMENT_3D('',#10637,#8386,#8387);
#6788=AXIS2_PLACEMENT_3D('',#10655,#8390,#8391);
#6789=AXIS2_PLACEMENT_3D('',#10664,#8397,#8398);
#6790=AXIS2_PLACEMENT_3D('',#10666,#8399,#8400);
#6791=AXIS2_PLACEMENT_3D('',#10670,#8402,#8403);
#6792=AXIS2_PLACEMENT_3D('',#10677,#8404,#8405);
#6793=AXIS2_PLACEMENT_3D('',#10686,#8407,#8408);
#6794=AXIS2_PLACEMENT_3D('',#10690,#8411,#8412);
#6795=AXIS2_PLACEMENT_3D('',#10698,#8414,#8415);
#6796=AXIS2_PLACEMENT_3D('',#10699,#8416,#8417);
#6797=AXIS2_PLACEMENT_3D('',#10702,#8420,#8421);
#6798=AXIS2_PLACEMENT_3D('',#10704,#8422,#8423);
#6799=AXIS2_PLACEMENT_3D('',#10705,#8424,#8425);
#6800=AXIS2_PLACEMENT_3D('',#10706,#8426,#8427);
#6801=AXIS2_PLACEMENT_3D('',#10708,#8428,#8429);
#6802=AXIS2_PLACEMENT_3D('',#10710,#8430,#8431);
#6803=AXIS2_PLACEMENT_3D('',#10711,#8432,#8433);
#6804=AXIS2_PLACEMENT_3D('',#10712,#8434,#8435);
#6805=AXIS2_PLACEMENT_3D('',#10713,#8436,#8437);
#6806=AXIS2_PLACEMENT_3D('',#10717,#8440,#8441);
#6807=AXIS2_PLACEMENT_3D('',#10721,#8444,#8445);
#6808=AXIS2_PLACEMENT_3D('',#10723,#8447,#8448);
#6809=AXIS2_PLACEMENT_3D('',#10724,#8449,#8450);
#6810=AXIS2_PLACEMENT_3D('',#10728,#8453,#8454);
#6811=AXIS2_PLACEMENT_3D('',#10732,#8457,#8458);
#6812=AXIS2_PLACEMENT_3D('',#10734,#8460,#8461);
#6813=DIRECTION('axis',(0.,0.,1.));
#6814=DIRECTION('refdir',(1.,0.,0.));
#6815=DIRECTION('center_axis',(-1.,-7.08560013104948E-14,0.));
#6816=DIRECTION('ref_axis',(7.08560013104948E-14,-1.,0.));
#6817=DIRECTION('',(2.34553808636122E-14,-1.,0.));
#6818=DIRECTION('',(0.,0.,1.));
#6819=DIRECTION('',(2.34553808636122E-14,-1.,0.));
#6820=DIRECTION('',(0.,0.,1.));
#6821=DIRECTION('center_axis',(1.70970612186931E-10,1.,0.));
#6822=DIRECTION('ref_axis',(-1.,1.70970612186931E-10,0.));
#6823=DIRECTION('',(-1.,5.69903673515074E-11,0.));
#6824=DIRECTION('',(-1.,5.69903673515074E-11,0.));
#6825=DIRECTION('',(0.,0.,1.));
#6826=DIRECTION('',(0.,0.,1.));
#6827=DIRECTION('center_axis',(-9.1275373284134E-15,-1.,0.));
#6828=DIRECTION('ref_axis',(1.,-9.1275373284134E-15,0.));
#6829=DIRECTION('',(1.,-3.20579868269075E-15,0.));
#6830=DIRECTION('',(1.,-3.20579868269075E-15,0.));
#6831=DIRECTION('',(0.,0.,1.));
#6832=DIRECTION('center_axis',(-1.,1.41088193676196E-13,0.));
#6833=DIRECTION('ref_axis',(-1.41088193676196E-13,-1.,0.));
#6834=DIRECTION('',(-4.7192684131951E-14,-1.,0.));
#6835=DIRECTION('',(-4.7192684131951E-14,-1.,0.));
#6836=DIRECTION('',(0.,0.,1.));
#6837=DIRECTION('center_axis',(6.70348449709336E-15,1.,0.));
#6838=DIRECTION('ref_axis',(-1.,6.70348449709336E-15,0.));
#6839=DIRECTION('',(-1.,2.39778107225075E-15,0.));
#6840=DIRECTION('',(-1.,2.39778107225075E-15,0.));
#6841=DIRECTION('',(0.,0.,1.));
#6842=DIRECTION('center_axis',(1.,-2.44929359829471E-16,0.));
#6843=DIRECTION('ref_axis',(2.44929359829471E-16,1.,0.));
#6844=DIRECTION('',(2.44929359829471E-16,1.,0.));
#6845=DIRECTION('',(2.44929359829471E-16,1.,0.));
#6846=DIRECTION('',(0.,0.,1.));
#6847=DIRECTION('center_axis',(-2.15283528547382E-9,-1.,0.));
#6848=DIRECTION('ref_axis',(1.,-2.15283528547382E-9,0.));
#6849=DIRECTION('',(1.,-7.17611924927844E-10,0.));
#6850=DIRECTION('',(1.,-7.17611924927844E-10,0.));
#6851=DIRECTION('',(0.,0.,1.));
#6852=DIRECTION('',(0.,0.,1.));
#6853=DIRECTION('center_axis',(-5.99447191839178E-11,-1.,0.));
#6854=DIRECTION('ref_axis',(1.,-5.99447191839178E-11,0.));
#6855=DIRECTION('',(1.,-5.99447191839178E-11,0.));
#6856=DIRECTION('',(1.,-5.99447191839178E-11,0.));
#6857=DIRECTION('center_axis',(0.,0.,1.));
#6858=DIRECTION('ref_axis',(1.,-2.44929359829471E-16,0.));
#6859=DIRECTION('center_axis',(0.,0.,1.));
#6860=DIRECTION('ref_axis',(1.,-2.44929359829471E-16,0.));
#6861=DIRECTION('center_axis',(-1.,2.44929359829471E-16,0.));
#6862=DIRECTION('ref_axis',(-2.44929359829471E-16,-1.,0.));
#6863=DIRECTION('',(-2.44929359829471E-16,-1.,0.));
#6864=DIRECTION('',(0.,0.,1.));
#6865=DIRECTION('',(-2.44929359829471E-16,-1.,0.));
#6866=DIRECTION('',(0.,0.,1.));
#6867=DIRECTION('center_axis',(7.90418820857562E-11,1.,0.));
#6868=DIRECTION('ref_axis',(-1.,7.90418820857562E-11,0.));
#6869=DIRECTION('',(-1.,-2.6637935797688E-15,0.));
#6870=DIRECTION('',(-1.,-2.6637935797688E-15,0.));
#6871=DIRECTION('',(0.,0.,1.));
#6872=DIRECTION('',(0.,0.,1.));
#6873=DIRECTION('center_axis',(8.63767860875446E-15,-1.,0.));
#6874=DIRECTION('ref_axis',(1.,8.63767860875446E-15,0.));
#6875=DIRECTION('',(1.,2.7159399630318E-15,0.));
#6876=DIRECTION('',(1.,2.7159399630318E-15,0.));
#6877=DIRECTION('',(0.,0.,1.));
#6878=DIRECTION('center_axis',(-1.,1.4108819376925E-13,0.));
#6879=DIRECTION('ref_axis',(-1.4108819376925E-13,-1.,0.));
#6880=DIRECTION('',(-4.71926841629703E-14,-1.,0.));
#6881=DIRECTION('',(-4.71926841629703E-14,-1.,0.));
#6882=DIRECTION('',(0.,0.,1.));
#6883=DIRECTION('center_axis',(-6.21362577743442E-15,1.,0.));
#6884=DIRECTION('ref_axis',(-1.,-6.21362577743442E-15,0.));
#6885=DIRECTION('',(-1.,-1.90792235259181E-15,0.));
#6886=DIRECTION('',(-1.,-1.90792235259181E-15,0.));
#6887=DIRECTION('',(0.,0.,1.));
#6888=DIRECTION('center_axis',(1.,-2.44929359829471E-16,0.));
#6889=DIRECTION('ref_axis',(2.44929359829471E-16,1.,0.));
#6890=DIRECTION('',(2.44929359829471E-16,1.,0.));
#6891=DIRECTION('',(2.44929359829471E-16,1.,0.));
#6892=DIRECTION('',(0.,0.,1.));
#6893=DIRECTION('center_axis',(1.78220890905663E-9,-1.,0.));
#6894=DIRECTION('ref_axis',(1.,1.78220890905663E-9,0.));
#6895=DIRECTION('',(1.,5.94069472914473E-10,0.));
#6896=DIRECTION('',(1.,5.94069472914473E-10,0.));
#6897=DIRECTION('',(0.,0.,1.));
#6898=DIRECTION('',(0.,0.,1.));
#6899=DIRECTION('center_axis',(6.82171987989689E-11,-1.,0.));
#6900=DIRECTION('ref_axis',(1.,6.82171987989689E-11,0.));
#6901=DIRECTION('',(1.,6.82171987989689E-11,0.));
#6902=DIRECTION('',(1.,6.82171987989689E-11,0.));
#6903=DIRECTION('center_axis',(0.,0.,1.));
#6904=DIRECTION('ref_axis',(1.,-2.44929359829471E-16,0.));
#6905=DIRECTION('center_axis',(0.,0.,1.));
#6906=DIRECTION('ref_axis',(1.,-2.44929359829471E-16,0.));
#6907=DIRECTION('center_axis',(-1.06414160083641E-10,1.,0.));
#6908=DIRECTION('ref_axis',(-1.,-1.06414160083641E-10,0.));
#6909=DIRECTION('',(-1.,-1.06414160083641E-10,0.));
#6910=DIRECTION('',(0.,0.,1.));
#6911=DIRECTION('',(1.,1.06414160083641E-10,0.));
#6912=DIRECTION('',(0.,0.,1.));
#6913=DIRECTION('',(0.,0.,1.));
#6914=DIRECTION('center_axis',(4.4278623592779E-10,-1.,0.));
#6915=DIRECTION('ref_axis',(1.,4.4278623592779E-10,0.));
#6916=DIRECTION('',(1.,4.4278623592779E-10,0.));
#6917=DIRECTION('',(0.,0.,1.));
#6918=DIRECTION('',(-1.,-4.4278623592779E-10,0.));
#6919=DIRECTION('center_axis',(3.32389590339516E-10,1.,0.));
#6920=DIRECTION('ref_axis',(-1.,3.32389590339516E-10,0.));
#6921=DIRECTION('',(-1.,1.1079669335612E-10,0.));
#6922=DIRECTION('',(0.,0.,1.));
#6923=DIRECTION('',(-1.,1.1079669335612E-10,0.));
#6924=DIRECTION('',(0.,0.,1.));
#6925=DIRECTION('',(0.,0.,1.));
#6926=DIRECTION('center_axis',(1.23020675742149E-10,-1.,0.));
#6927=DIRECTION('ref_axis',(1.,1.23020675742149E-10,0.));
#6928=DIRECTION('',(1.,4.10067286417823E-11,0.));
#6929=DIRECTION('',(1.,4.10067286417823E-11,0.));
#6930=DIRECTION('',(0.,0.,1.));
#6931=DIRECTION('center_axis',(0.,0.,1.));
#6932=DIRECTION('ref_axis',(1.,-2.44929359829471E-16,0.));
#6933=DIRECTION('center_axis',(0.,0.,1.));
#6934=DIRECTION('ref_axis',(1.,-2.44929359829471E-16,0.));
#6935=DIRECTION('center_axis',(-8.02143735774132E-10,1.,0.));
#6936=DIRECTION('ref_axis',(-1.,-8.02143735774132E-10,0.));
#6937=DIRECTION('',(-1.,-8.02143735774132E-10,0.));
#6938=DIRECTION('',(0.,0.,1.));
#6939=DIRECTION('',(1.,8.02143735774132E-10,0.));
#6940=DIRECTION('',(0.,0.,1.));
#6941=DIRECTION('',(0.,0.,1.));
#6942=DIRECTION('center_axis',(9.51121771727428E-14,-1.,0.));
#6943=DIRECTION('ref_axis',(1.,9.51121771727428E-14,0.));
#6944=DIRECTION('',(1.,9.51121771727428E-14,0.));
#6945=DIRECTION('',(0.,0.,1.));
#6946=DIRECTION('',(-1.,-9.51121771727428E-14,0.));
#6947=DIRECTION('center_axis',(-1.,2.44929359829471E-16,0.));
#6948=DIRECTION('ref_axis',(-2.44929359829471E-16,-1.,0.));
#6949=DIRECTION('',(-2.44929359829471E-16,-1.,0.));
#6950=DIRECTION('',(2.44929359829471E-16,1.,0.));
#6951=DIRECTION('center_axis',(1.26336252814757E-9,-1.,0.));
#6952=DIRECTION('ref_axis',(1.,1.26336252814757E-9,0.));
#6953=DIRECTION('',(1.,4.21120679554354E-10,0.));
#6954=DIRECTION('',(0.,0.,1.));
#6955=DIRECTION('',(1.,4.21120679554354E-10,0.));
#6956=DIRECTION('',(0.,0.,1.));
#6957=DIRECTION('',(0.,0.,1.));
#6958=DIRECTION('center_axis',(1.,9.95590096213316E-10,0.));
#6959=DIRECTION('ref_axis',(-9.95590096213316E-10,1.,0.));
#6960=DIRECTION('',(-3.3186320222845E-10,1.,0.));
#6961=DIRECTION('',(-3.3186320222845E-10,1.,0.));
#6962=DIRECTION('',(0.,0.,1.));
#6963=DIRECTION('',(0.,0.,1.));
#6964=DIRECTION('center_axis',(4.64283001875137E-10,1.,0.));
#6965=DIRECTION('ref_axis',(-1.,4.64283001875137E-10,0.));
#6966=DIRECTION('',(-1.,1.54761163901291E-10,0.));
#6967=DIRECTION('',(-1.,1.54761163901291E-10,0.));
#6968=DIRECTION('',(0.,0.,1.));
#6969=DIRECTION('',(0.,0.,1.));
#6970=DIRECTION('center_axis',(-2.42253836483486E-14,-1.,0.));
#6971=DIRECTION('ref_axis',(1.,-2.42253836483486E-14,0.));
#6972=DIRECTION('',(1.,-8.23841412266893E-15,0.));
#6973=DIRECTION('',(1.,-8.23841412266893E-15,0.));
#6974=DIRECTION('',(0.,0.,1.));
#6975=DIRECTION('center_axis',(-1.,2.44929359829471E-16,0.));
#6976=DIRECTION('ref_axis',(-2.44929359829471E-16,-1.,0.));
#6977=DIRECTION('',(-2.44929359829471E-16,-1.,0.));
#6978=DIRECTION('',(-2.44929359829471E-16,-1.,0.));
#6979=DIRECTION('center_axis',(0.,0.,1.));
#6980=DIRECTION('ref_axis',(1.,-2.44929359829471E-16,0.));
#6981=DIRECTION('center_axis',(0.,0.,1.));
#6982=DIRECTION('ref_axis',(1.,-2.44929359829471E-16,0.));
#6983=DIRECTION('center_axis',(0.999979466694849,-0.00640829062113965,0.));
#6984=DIRECTION('ref_axis',(0.00640829062113965,0.999979466694849,0.));
#6985=DIRECTION('',(0.00640829062113965,0.999979466694849,0.));
#6986=DIRECTION('',(0.,0.,1.));
#6987=DIRECTION('',(0.00640829062113965,0.999979466694849,0.));
#6988=DIRECTION('',(0.,0.,1.));
#6989=DIRECTION('center_axis',(0.225003229673519,-0.974358017689846,0.));
#6990=DIRECTION('ref_axis',(0.974358017689846,0.225003229673519,0.));
#6991=DIRECTION('',(0.974358017689846,0.225003229673519,0.));
#6992=DIRECTION('',(0.974358017689846,0.225003229673519,0.));
#6993=DIRECTION('',(0.,0.,1.));
#6994=DIRECTION('center_axis',(-1.,2.44929359829471E-16,0.));
#6995=DIRECTION('ref_axis',(-2.44929359829471E-16,-1.,0.));
#6996=DIRECTION('',(-2.44929359829471E-16,-1.,0.));
#6997=DIRECTION('',(-2.44929359829471E-16,-1.,0.));
#6998=DIRECTION('',(0.,0.,1.));
#6999=DIRECTION('center_axis',(-0.225003229703771,0.97435801768286,0.));
#7000=DIRECTION('ref_axis',(-0.97435801768286,-0.225003229703771,0.));
#7001=DIRECTION('',(-0.97435801768286,-0.225003229703771,0.));
#7002=DIRECTION('',(-0.97435801768286,-0.225003229703771,0.));
#7003=DIRECTION('center_axis',(0.,0.,1.));
#7004=DIRECTION('ref_axis',(1.,-2.44929359829471E-16,0.));
#7005=DIRECTION('center_axis',(0.,0.,1.));
#7006=DIRECTION('ref_axis',(1.,-2.44929359829471E-16,0.));
#7007=DIRECTION('center_axis',(-0.996917178038344,-0.0784610739925492,0.));
#7008=DIRECTION('ref_axis',(0.0784610739925492,-0.996917178038344,0.));
#7009=DIRECTION('',(0.0784610739925135,-0.996917178038347,0.));
#7010=DIRECTION('',(0.,0.,1.));
#7011=DIRECTION('',(0.0784610739925135,-0.996917178038347,0.));
#7012=DIRECTION('',(0.,0.,1.));
#7013=DIRECTION('center_axis',(-0.0784610745677737,0.996917177993072,0.));
#7014=DIRECTION('ref_axis',(-0.996917177993072,-0.0784610745677737,0.));
#7015=DIRECTION('',(-0.996917177993069,-0.0784610745678131,0.));
#7016=DIRECTION('',(-0.996917177993069,-0.0784610745678131,0.));
#7017=DIRECTION('',(0.,0.,1.));
#7018=DIRECTION('center_axis',(0.994855001328235,-0.101309063425725,0.));
#7019=DIRECTION('ref_axis',(0.101309063425725,0.994855001328235,0.));
#7020=DIRECTION('',(0.101309063425768,0.994855001328231,0.));
#7021=DIRECTION('',(0.101309063425768,0.994855001328231,0.));
#7022=DIRECTION('',(0.,0.,1.));
#7023=DIRECTION('center_axis',(0.986221325825559,-0.165431243986364,0.));
#7024=DIRECTION('ref_axis',(0.165431243986364,0.986221325825559,0.));
#7025=DIRECTION('',(0.1654312450323,0.986221325650111,0.));
#7026=DIRECTION('',(0.1654312450323,0.986221325650111,0.));
#7027=DIRECTION('',(0.,0.,1.));
#7028=DIRECTION('center_axis',(0.,0.,-1.));
#7029=DIRECTION('ref_axis',(0.686681653785941,-0.726958256266345,0.));
#7030=DIRECTION('center_axis',(0.,0.,1.));
#7031=DIRECTION('ref_axis',(0.960275618327845,-0.279053286748381,0.));
#7032=DIRECTION('center_axis',(0.,0.,1.));
#7033=DIRECTION('ref_axis',(0.960275618327845,-0.279053286748381,0.));
#7034=DIRECTION('',(0.,0.,1.));
#7035=DIRECTION('center_axis',(0.223925765612684,-0.974606203291757,0.));
#7036=DIRECTION('ref_axis',(0.974606203291757,0.223925765612684,0.));
#7037=DIRECTION('',(0.97460620329027,0.223925765619155,0.));
#7038=DIRECTION('',(0.97460620329027,0.223925765619155,0.));
#7039=DIRECTION('',(0.,0.,1.));
#7040=DIRECTION('',(0.,0.,1.));
#7041=DIRECTION('center_axis',(0.400141594106206,-0.916453329235125,0.));
#7042=DIRECTION('ref_axis',(0.916453329235125,0.400141594106206,0.));
#7043=DIRECTION('',(0.916453329223886,0.400141594131948,0.));
#7044=DIRECTION('',(0.916453329223886,0.400141594131948,0.));
#7045=DIRECTION('',(0.,0.,1.));
#7046=DIRECTION('',(0.,0.,1.));
#7047=DIRECTION('center_axis',(-0.221762503793627,0.975100708599467,0.));
#7048=DIRECTION('ref_axis',(-0.975100708599467,-0.221762503793627,0.));
#7049=DIRECTION('',(-0.975100708604174,-0.22176250377293,0.));
#7050=DIRECTION('',(-0.975100708604174,-0.22176250377293,0.));
#7051=DIRECTION('',(0.,0.,1.));
#7052=DIRECTION('center_axis',(0.,0.,1.));
#7053=DIRECTION('ref_axis',(0.733219832574352,-0.679991674301708,0.));
#7054=DIRECTION('center_axis',(0.,0.,-1.));
#7055=DIRECTION('ref_axis',(-0.00324802765561644,-0.999994725144262,0.));
#7056=DIRECTION('center_axis',(0.,0.,-1.));
#7057=DIRECTION('ref_axis',(-0.00324802765561644,-0.999994725144262,0.));
#7058=DIRECTION('center_axis',(0.,0.,1.));
#7059=DIRECTION('ref_axis',(1.,-2.44929359829471E-16,0.));
#7060=DIRECTION('center_axis',(0.,0.,1.));
#7061=DIRECTION('ref_axis',(1.,-2.44929359829471E-16,0.));
#7062=DIRECTION('center_axis',(2.44929359829471E-16,1.,0.));
#7063=DIRECTION('ref_axis',(-1.,2.44929359829471E-16,0.));
#7064=DIRECTION('',(-1.,2.44929359829471E-16,0.));
#7065=DIRECTION('',(0.,0.,1.));
#7066=DIRECTION('',(-1.,2.44929359829471E-16,0.));
#7067=DIRECTION('',(0.,0.,1.));
#7068=DIRECTION('center_axis',(1.,-2.44929359829471E-16,0.));
#7069=DIRECTION('ref_axis',(2.44929359829471E-16,1.,0.));
#7070=DIRECTION('',(2.44929359829471E-16,1.,0.));
#7071=DIRECTION('',(2.44929359829471E-16,1.,0.));
#7072=DIRECTION('',(0.,0.,1.));
#7073=DIRECTION('center_axis',(-2.44929359829471E-16,-1.,0.));
#7074=DIRECTION('ref_axis',(1.,-2.44929359829471E-16,0.));
#7075=DIRECTION('',(1.,-2.44929359829471E-16,0.));
#7076=DIRECTION('',(1.,-2.44929359829471E-16,0.));
#7077=DIRECTION('',(0.,0.,1.));
#7078=DIRECTION('center_axis',(-1.,2.44929359829471E-16,0.));
#7079=DIRECTION('ref_axis',(-2.44929359829471E-16,-1.,0.));
#7080=DIRECTION('',(-2.44929359829471E-16,-1.,0.));
#7081=DIRECTION('',(-2.44929359829471E-16,-1.,0.));
#7082=DIRECTION('center_axis',(0.,0.,1.));
#7083=DIRECTION('ref_axis',(1.,-2.44929359829471E-16,0.));
#7084=DIRECTION('center_axis',(0.,0.,1.));
#7085=DIRECTION('ref_axis',(1.,-2.44929359829471E-16,0.));
#7086=DIRECTION('center_axis',(1.,-2.44929359829471E-16,0.));
#7087=DIRECTION('ref_axis',(2.44929359829471E-16,1.,0.));
#7088=DIRECTION('',(2.44929359829471E-16,1.,0.));
#7089=DIRECTION('',(0.,0.,1.));
#7090=DIRECTION('',(2.44929359829471E-16,1.,0.));
#7091=DIRECTION('',(0.,0.,1.));
#7092=DIRECTION('center_axis',(4.47433921691998E-14,-1.,0.));
#7093=DIRECTION('ref_axis',(1.,4.47433921691998E-14,0.));
#7094=DIRECTION('',(1.,1.47511778165136E-14,0.));
#7095=DIRECTION('',(1.,1.47511778165136E-14,0.));
#7096=DIRECTION('',(0.,0.,1.));
#7097=DIRECTION('center_axis',(-1.,-1.85273451290235E-13,0.));
#7098=DIRECTION('ref_axis',(1.85273451290235E-13,-1.,0.));
#7099=DIRECTION('',(6.15945308568595E-14,-1.,0.));
#7100=DIRECTION('',(6.15945308568595E-14,-1.,0.));
#7101=DIRECTION('',(0.,0.,1.));
#7102=DIRECTION('center_axis',(-2.44929359829471E-16,-1.,0.));
#7103=DIRECTION('ref_axis',(1.,-2.44929359829471E-16,0.));
#7104=DIRECTION('',(1.,-2.44929359829471E-16,0.));
#7105=DIRECTION('',(1.,-2.44929359829471E-16,0.));
#7106=DIRECTION('',(0.,0.,1.));
#7107=DIRECTION('center_axis',(-1.,1.37907088352028E-13,0.));
#7108=DIRECTION('ref_axis',(-1.37907088352028E-13,-1.,0.));
#7109=DIRECTION('',(-4.61323156905624E-14,-1.,0.));
#7110=DIRECTION('',(-4.61323156905624E-14,-1.,0.));
#7111=DIRECTION('',(0.,0.,1.));
#7112=DIRECTION('center_axis',(-7.29624159287815E-15,1.,0.));
#7113=DIRECTION('ref_axis',(-1.,-7.29624159287815E-15,0.));
#7114=DIRECTION('',(-1.,-2.26879429107305E-15,0.));
#7115=DIRECTION('',(-1.,-2.26879429107305E-15,0.));
#7116=DIRECTION('',(0.,0.,1.));
#7117=DIRECTION('center_axis',(-1.,2.44929359829471E-16,0.));
#7118=DIRECTION('ref_axis',(-2.44929359829471E-16,-1.,0.));
#7119=DIRECTION('',(-2.44929359829471E-16,-1.,0.));
#7120=DIRECTION('',(-2.44929359829471E-16,-1.,0.));
#7121=DIRECTION('',(0.,0.,1.));
#7122=DIRECTION('center_axis',(4.52332508888587E-14,1.,0.));
#7123=DIRECTION('ref_axis',(-1.,4.52332508888587E-14,0.));
#7124=DIRECTION('',(-1.,1.52410365361726E-14,0.));
#7125=DIRECTION('',(-1.,1.52410365361726E-14,0.));
#7126=DIRECTION('',(0.,0.,1.));
#7127=DIRECTION('center_axis',(1.,-2.44929359829471E-16,0.));
#7128=DIRECTION('ref_axis',(2.44929359829471E-16,1.,0.));
#7129=DIRECTION('',(2.44929359829471E-16,1.,0.));
#7130=DIRECTION('',(2.44929359829471E-16,1.,0.));
#7131=DIRECTION('',(0.,0.,1.));
#7132=DIRECTION('center_axis',(1.05463327155196E-10,1.,0.));
#7133=DIRECTION('ref_axis',(-1.,1.05463327155196E-10,0.));
#7134=DIRECTION('',(-1.,3.51546056718399E-11,0.));
#7135=DIRECTION('',(-1.,3.51546056718399E-11,0.));
#7136=DIRECTION('',(0.,0.,1.));
#7137=DIRECTION('',(0.,0.,1.));
#7138=DIRECTION('center_axis',(8.28186367332893E-10,-1.,0.));
#7139=DIRECTION('ref_axis',(1.,8.28186367332893E-10,0.));
#7140=DIRECTION('',(1.,2.76061959083348E-10,0.));
#7141=DIRECTION('',(1.,2.76061959083348E-10,0.));
#7142=DIRECTION('',(0.,0.,1.));
#7143=DIRECTION('',(0.,0.,1.));
#7144=DIRECTION('center_axis',(-2.44929359829471E-16,-1.,0.));
#7145=DIRECTION('ref_axis',(1.,-2.44929359829471E-16,0.));
#7146=DIRECTION('',(1.,-2.44929359829471E-16,0.));
#7147=DIRECTION('',(1.,-2.44929359829471E-16,0.));
#7148=DIRECTION('center_axis',(0.,0.,1.));
#7149=DIRECTION('ref_axis',(1.,-2.44929359829471E-16,0.));
#7150=DIRECTION('center_axis',(0.,0.,1.));
#7151=DIRECTION('ref_axis',(1.,-2.44929359829471E-16,0.));
#7152=DIRECTION('center_axis',(1.,-2.44929359829471E-16,0.));
#7153=DIRECTION('ref_axis',(2.44929359829471E-16,1.,0.));
#7154=DIRECTION('',(2.44929359829471E-16,1.,0.));
#7155=DIRECTION('',(0.,0.,1.));
#7156=DIRECTION('',(2.44929359829471E-16,1.,0.));
#7157=DIRECTION('',(0.,0.,1.));
#7158=DIRECTION('center_axis',(-2.19757693787514E-9,-1.,0.));
#7159=DIRECTION('ref_axis',(1.,-2.19757693787514E-9,0.));
#7160=DIRECTION('',(1.,-7.32525809057814E-10,0.));
#7161=DIRECTION('',(1.,-7.32525809057814E-10,0.));
#7162=DIRECTION('',(0.,0.,1.));
#7163=DIRECTION('',(0.,0.,1.));
#7164=DIRECTION('center_axis',(-6.2026809211812E-11,-1.,0.));
#7165=DIRECTION('ref_axis',(1.,-6.2026809211812E-11,0.));
#7166=DIRECTION('',(1.,-6.20242286424882E-11,0.));
#7167=DIRECTION('',(1.,-6.20242286424882E-11,0.));
#7168=DIRECTION('',(0.,0.,1.));
#7169=DIRECTION('center_axis',(-1.,7.13458600301537E-14,0.));
#7170=DIRECTION('ref_axis',(-7.13458600301537E-14,-1.,0.));
#7171=DIRECTION('',(-2.39452395832709E-14,-1.,0.));
#7172=DIRECTION('',(-2.39452395832709E-14,-1.,0.));
#7173=DIRECTION('',(0.,0.,1.));
#7174=DIRECTION('center_axis',(1.7175734678266E-10,1.,0.));
#7175=DIRECTION('ref_axis',(-1.,1.7175734678266E-10,0.));
#7176=DIRECTION('',(-1.,5.72526122168628E-11,0.));
#7177=DIRECTION('',(-1.,5.72526122168628E-11,0.));
#7178=DIRECTION('',(0.,0.,1.));
#7179=DIRECTION('',(0.,0.,1.));
#7180=DIRECTION('center_axis',(-2.44929359829471E-16,-1.,0.));
#7181=DIRECTION('ref_axis',(1.,-2.44929359829471E-16,0.));
#7182=DIRECTION('',(1.,-2.44929359829471E-16,0.));
#7183=DIRECTION('',(1.,-2.44929359829471E-16,0.));
#7184=DIRECTION('',(0.,0.,1.));
#7185=DIRECTION('center_axis',(-1.,1.41088193676196E-13,0.));
#7186=DIRECTION('ref_axis',(-1.41088193676196E-13,-1.,0.));
#7187=DIRECTION('',(-4.71926841319516E-14,-1.,0.));
#7188=DIRECTION('',(-4.71926841319516E-14,-1.,0.));
#7189=DIRECTION('',(0.,0.,1.));
#7190=DIRECTION('center_axis',(2.44929359829471E-16,1.,0.));
#7191=DIRECTION('ref_axis',(-1.,2.44929359829471E-16,0.));
#7192=DIRECTION('',(-1.,2.44929359829471E-16,0.));
#7193=DIRECTION('',(-1.,2.44929359829471E-16,0.));
#7194=DIRECTION('center_axis',(0.,0.,1.));
#7195=DIRECTION('ref_axis',(1.,-2.44929359829471E-16,0.));
#7196=DIRECTION('center_axis',(0.,0.,1.));
#7197=DIRECTION('ref_axis',(1.,-2.44929359829471E-16,0.));
#7198=DIRECTION('center_axis',(2.44929359829471E-16,1.,0.));
#7199=DIRECTION('ref_axis',(-1.,2.44929359829471E-16,0.));
#7200=DIRECTION('',(-1.,2.44929359829471E-16,0.));
#7201=DIRECTION('',(0.,0.,1.));
#7202=DIRECTION('',(-1.,2.44929359829471E-16,0.));
#7203=DIRECTION('',(0.,0.,1.));
#7204=DIRECTION('center_axis',(1.,-2.44929359829471E-16,0.));
#7205=DIRECTION('ref_axis',(2.44929359829471E-16,1.,0.));
#7206=DIRECTION('',(2.44929359829471E-16,1.,0.));
#7207=DIRECTION('',(2.44929359829471E-16,1.,0.));
#7208=DIRECTION('',(0.,0.,1.));
#7209=DIRECTION('center_axis',(-2.44929359829471E-16,-1.,0.));
#7210=DIRECTION('ref_axis',(1.,-2.44929359829471E-16,0.));
#7211=DIRECTION('',(1.,-2.44929359829471E-16,0.));
#7212=DIRECTION('',(1.,-2.44929359829471E-16,0.));
#7213=DIRECTION('',(0.,0.,1.));
#7214=DIRECTION('center_axis',(-1.,2.44929359829471E-16,0.));
#7215=DIRECTION('ref_axis',(-2.44929359829471E-16,-1.,0.));
#7216=DIRECTION('',(-2.44929359829471E-16,-1.,0.));
#7217=DIRECTION('',(-2.44929359829471E-16,-1.,0.));
#7218=DIRECTION('center_axis',(0.,0.,1.));
#7219=DIRECTION('ref_axis',(1.,-2.44929359829471E-16,0.));
#7220=DIRECTION('center_axis',(0.,0.,1.));
#7221=DIRECTION('ref_axis',(1.,-2.44929359829471E-16,0.));
#7222=DIRECTION('center_axis',(0.,0.,1.));
#7223=DIRECTION('ref_axis',(-1.,2.44929359829471E-16,0.));
#7224=DIRECTION('center_axis',(0.,0.,1.));
#7225=DIRECTION('ref_axis',(-1.,2.44929359829471E-16,0.));
#7226=DIRECTION('center_axis',(0.,0.,1.));
#7227=DIRECTION('ref_axis',(-1.,2.44929359829471E-16,0.));
#7228=DIRECTION('center_axis',(0.,0.,1.));
#7229=DIRECTION('ref_axis',(1.,-2.44929359829471E-16,0.));
#7230=DIRECTION('center_axis',(0.,0.,1.));
#7231=DIRECTION('ref_axis',(1.,-2.44929359829471E-16,0.));
#7232=DIRECTION('center_axis',(0.,0.,1.));
#7233=DIRECTION('ref_axis',(-1.,2.44929359829471E-16,0.));
#7234=DIRECTION('center_axis',(0.,0.,1.));
#7235=DIRECTION('ref_axis',(-1.,2.44929359829471E-16,0.));
#7236=DIRECTION('center_axis',(0.,0.,1.));
#7237=DIRECTION('ref_axis',(-1.,2.44929359829471E-16,0.));
#7238=DIRECTION('center_axis',(0.,0.,1.));
#7239=DIRECTION('ref_axis',(1.,-2.44929359829471E-16,0.));
#7240=DIRECTION('center_axis',(0.,0.,1.));
#7241=DIRECTION('ref_axis',(1.,-2.44929359829471E-16,0.));
#7242=DIRECTION('center_axis',(0.,1.,0.));
#7243=DIRECTION('ref_axis',(-1.,0.,0.));
#7244=DIRECTION('center_axis',(0.,0.,-1.));
#7245=DIRECTION('ref_axis',(-1.,0.,0.));
#7246=DIRECTION('center_axis',(0.,1.,0.));
#7247=DIRECTION('ref_axis',(-1.,0.,0.));
#7248=DIRECTION('center_axis',(0.,0.,1.));
#7249=DIRECTION('ref_axis',(-1.,0.,0.));
#7250=DIRECTION('center_axis',(0.,0.,1.));
#7251=DIRECTION('ref_axis',(-1.,0.,0.));
#7252=DIRECTION('center_axis',(0.20355859495278,-0.203558594952781,0.957667894857972));
#7253=DIRECTION('ref_axis',(-0.67717346257872,0.677173462578714,0.287875325719835));
#7254=DIRECTION('',(-0.20355859495278,0.203558594952781,-0.957667894857972));
#7255=DIRECTION('center_axis',(0.,0.,1.));
#7256=DIRECTION('ref_axis',(-0.70710678118655,0.707106781186545,0.));
#7257=DIRECTION('',(0.20355859495278,-0.203558594952781,0.957667894857972));
#7258=DIRECTION('center_axis',(0.707106781186547,0.,-0.707106781186548));
#7259=DIRECTION('ref_axis',(-0.686331123408,0.24062248041907,-0.686331123407999));
#7260=DIRECTION('center_axis',(2.33282812365153E-16,1.,2.33282812365153E-16));
#7261=DIRECTION('ref_axis',(-0.878817112661965,2.89476474109541E-16,0.477158760259609));
#7262=DIRECTION('',(-2.33282812365153E-16,-1.,-2.33282812365153E-16));
#7263=DIRECTION('',(2.33282812365153E-16,1.,2.33282812365153E-16));
#7264=DIRECTION('center_axis',(-0.978147600733805,1.79682799249848E-16,
0.20791169081776));
#7265=DIRECTION('ref_axis',(-1.83697019872103E-16,-1.,0.));
#7266=DIRECTION('',(-1.83697019872103E-16,-1.,0.));
#7267=DIRECTION('',(-0.20355859495278,-0.203558594952781,-0.957667894857972));
#7268=DIRECTION('center_axis',(0.,0.,1.));
#7269=DIRECTION('ref_axis',(-1.83697019872103E-16,-1.,0.));
#7270=DIRECTION('',(-1.,1.83697019872103E-16,0.));
#7271=DIRECTION('center_axis',(0.,0.,1.));
#7272=DIRECTION('ref_axis',(0.707106781186547,0.707106781186548,0.));
#7273=DIRECTION('',(1.83697019872103E-16,1.,0.));
#7274=DIRECTION('center_axis',(0.,0.,1.));
#7275=DIRECTION('ref_axis',(0.70710678118655,-0.707106781186545,0.));
#7276=DIRECTION('',(1.,-1.83697019872103E-16,0.));
#7277=DIRECTION('center_axis',(0.,0.,1.));
#7278=DIRECTION('ref_axis',(-0.707106781186546,-0.707106781186549,0.));
#7279=DIRECTION('center_axis',(0.20355859495278,0.203558594952781,-0.957667894857972));
#7280=DIRECTION('ref_axis',(0.677173462578718,0.677173462578718,0.287875325719834));
#7281=DIRECTION('',(-0.20355859495278,-0.203558594952781,0.957667894857972));
#7282=DIRECTION('',(0.20355859495278,0.203558594952781,-0.957667894857972));
#7283=DIRECTION('center_axis',(0.978147600733805,-1.79682799249848E-16,
0.20791169081776));
#7284=DIRECTION('ref_axis',(1.83697019872103E-16,1.,0.));
#7285=DIRECTION('',(1.83697019872103E-16,1.,0.));
#7286=DIRECTION('',(-0.20355859495278,0.203558594952781,0.957667894857972));
#7287=DIRECTION('center_axis',(1.83697019872103E-16,1.,0.));
#7288=DIRECTION('ref_axis',(0.629320391049837,0.,0.777145961456971));
#7289=DIRECTION('center_axis',(-0.707106781186548,0.707106781186547,0.));
#7290=DIRECTION('ref_axis',(0.707106781186547,0.707106781186548,0.));
#7291=DIRECTION('',(-1.83697019872103E-16,-1.,0.));
#7292=DIRECTION('center_axis',(-0.707106781186548,-0.707106781186548,0.));
#7293=DIRECTION('ref_axis',(0.707106781186547,-0.707106781186547,0.));
#7294=DIRECTION('center_axis',(-1.,1.83697019872103E-16,0.));
#7295=DIRECTION('ref_axis',(0.,0.629320391049837,0.777145961456971));
#7296=DIRECTION('center_axis',(0.707106781186547,0.,-0.707106781186548));
#7297=DIRECTION('ref_axis',(0.707106781186548,-2.4532694666934E-16,0.707106781186547));
#7298=DIRECTION('center_axis',(-0.707106781186547,-0.707106781186548,0.));
#7299=DIRECTION('ref_axis',(-0.707106781186548,0.707106781186547,0.));
#7300=DIRECTION('',(1.,-1.83697019872103E-16,0.));
#7301=DIRECTION('',(-1.,1.83697019872103E-16,0.));
#7302=DIRECTION('center_axis',(0.20355859495278,-0.203558594952781,-0.957667894857972));
#7303=DIRECTION('ref_axis',(0.67717346257872,-0.677173462578714,0.287875325719835));
#7304=DIRECTION('',(0.20355859495278,-0.203558594952781,-0.957667894857972));
#7305=DIRECTION('center_axis',(-1.79682799249848E-16,-0.978147600733805,
0.207911690817762));
#7306=DIRECTION('ref_axis',(1.,-1.83697019872103E-16,0.));
#7307=DIRECTION('',(1.,-1.83697019872103E-16,0.));
#7308=DIRECTION('',(0.20355859495278,0.203558594952781,0.957667894857972));
#7309=DIRECTION('center_axis',(-1.,1.83697019872103E-16,0.));
#7310=DIRECTION('ref_axis',(-3.57147524302816E-16,-0.629320391049836,0.777145961456973));
#7311=DIRECTION('',(-1.,1.83697019872103E-16,0.));
#7312=DIRECTION('center_axis',(0.707106781186547,-0.707106781186548,0.));
#7313=DIRECTION('ref_axis',(0.707106781186548,0.707106781186547,0.));
#7314=DIRECTION('center_axis',(0.707106781186547,0.,-0.707106781186548));
#7315=DIRECTION('ref_axis',(0.707106781186548,-2.4532694666934E-16,0.707106781186547));
#7316=DIRECTION('center_axis',(0.20355859495278,0.203558594952781,0.957667894857972));
#7317=DIRECTION('ref_axis',(-0.677173462578716,-0.677173462578719,0.287875325719834));
#7318=DIRECTION('center_axis',(0.707106781186547,0.,-0.707106781186548));
#7319=DIRECTION('ref_axis',(-0.686331123408,-0.24062248041907,-0.686331123407999));
#7320=DIRECTION('center_axis',(0.707106781186547,0.,-0.707106781186548));
#7321=DIRECTION('ref_axis',(0.707106781186548,0.,0.707106781186547));
#7322=DIRECTION('',(0.,-1.,0.));
#7323=DIRECTION('center_axis',(0.,-1.,0.));
#7324=DIRECTION('ref_axis',(-0.382683432365089,0.,0.923879532511287));
#7325=DIRECTION('',(0.,1.,0.));
#7326=DIRECTION('center_axis',(0.,0.,1.));
#7327=DIRECTION('ref_axis',(1.,0.,0.));
#7328=DIRECTION('center_axis',(0.,0.,-1.));
#7329=DIRECTION('ref_axis',(-1.,0.,3.33066907387547E-14));
#7330=DIRECTION('center_axis',(1.79682799249848E-16,0.978147600733805,0.207911690817762));
#7331=DIRECTION('ref_axis',(-1.,1.83697019872103E-16,0.));
#7332=DIRECTION('center_axis',(0.,1.,0.));
#7333=DIRECTION('ref_axis',(-1.,0.,0.));
#7334=DIRECTION('center_axis',(3.33062965309172E-14,0.,1.));
#7335=DIRECTION('ref_axis',(-1.,0.,3.33062965309172E-14));
#7336=DIRECTION('center_axis',(3.33062965309172E-14,0.,1.));
#7337=DIRECTION('ref_axis',(-1.,0.,3.33066907387547E-14));
#7338=DIRECTION('center_axis',(-0.997178329516591,0.,-0.0750691623937616));
#7339=DIRECTION('ref_axis',(0.0750691623937616,-7.12904645450177E-17,-0.997178329516591));
#7340=DIRECTION('',(0.075069162393649,-7.12904645450188E-17,-0.9971783295166));
#7341=DIRECTION('',(0.,-1.,0.));
#7342=DIRECTION('',(0.075069162393649,-2.22044604906461E-16,-0.9971783295166));
#7343=DIRECTION('',(0.,-1.,0.));
#7344=DIRECTION('center_axis',(-0.190731691484357,0.,0.981642206643294));
#7345=DIRECTION('ref_axis',(-0.981642206643294,-1.36358266990905E-17,-0.190731691484357));
#7346=DIRECTION('',(-0.981642206643292,-1.36358266990915E-17,-0.19073169148437));
#7347=DIRECTION('',(-0.981642206643292,0.,-0.19073169148437));
#7348=DIRECTION('',(0.,-1.,0.));
#7349=DIRECTION('center_axis',(0.,-1.,0.));
#7350=DIRECTION('ref_axis',(0.640846989226973,0.,-0.767668637107655));
#7351=DIRECTION('center_axis',(2.82754294644743E-31,1.,-7.14921919528462E-17));
#7352=DIRECTION('ref_axis',(0.178748432161103,-7.03407966489929E-17,-0.983894810434504));
#7353=DIRECTION('center_axis',(-1.93804536732372E-15,1.,2.32157858396274E-15));
#7354=DIRECTION('ref_axis',(0.178748432161103,2.75507340136509E-15,-0.983894810434504));
#7355=DIRECTION('',(0.,-1.,0.));
#7356=DIRECTION('center_axis',(-0.986247151763312,0.,0.165277208467335));
#7357=DIRECTION('ref_axis',(-0.165277208467335,-7.050897068681E-17,-0.986247151763312));
#7358=DIRECTION('',(-0.165277208467335,-7.050897068681E-17,-0.986247151763312));
#7359=DIRECTION('',(-0.165277208467335,-7.0661713141918E-17,-0.986247151763312));
#7360=DIRECTION('',(0.,-1.,0.));
#7361=DIRECTION('center_axis',(0.,1.,0.));
#7362=DIRECTION('ref_axis',(-0.646035135076922,0.,0.763307673383508));
#7363=DIRECTION('center_axis',(-1.02334845581975E-31,-1.,7.14921919528457E-17));
#7364=DIRECTION('ref_axis',(-0.986247151760996,1.18160299141653E-17,0.165277208481156));
#7365=DIRECTION('center_axis',(0.,-1.,0.));
#7366=DIRECTION('ref_axis',(-0.986247151760996,0.,0.165277208481156));
#7367=DIRECTION('',(0.,-1.,0.));
#7368=DIRECTION('center_axis',(-1.48354583851504E-14,0.,1.));
#7369=DIRECTION('ref_axis',(-1.,-1.23530006100468E-30,-1.48354583851504E-14));
#7370=DIRECTION('',(-1.,-1.0294167175039E-30,-1.48354583851504E-14));
#7371=DIRECTION('',(-1.,0.,-1.48354583851504E-14));
#7372=DIRECTION('',(0.,-1.,0.));
#7373=DIRECTION('center_axis',(1.,0.,0.));
#7374=DIRECTION('ref_axis',(0.,7.14921919528455E-17,1.));
#7375=DIRECTION('',(0.,7.14921919528456E-17,1.));
#7376=DIRECTION('',(0.,0.,1.));
#7377=DIRECTION('',(0.,-1.,0.));
#7378=DIRECTION('center_axis',(0.,0.,-1.));
#7379=DIRECTION('ref_axis',(1.,0.,0.));
#7380=DIRECTION('',(1.,0.,0.));
#7381=DIRECTION('',(1.,0.,0.));
#7382=DIRECTION('',(0.,-1.,0.));
#7383=DIRECTION('center_axis',(0.,-1.,0.));
#7384=DIRECTION('ref_axis',(-0.646035100890694,0.,0.763307702317454));
#7385=DIRECTION('center_axis',(6.30343657219924E-31,1.,-7.14921919528462E-17));
#7386=DIRECTION('ref_axis',(-8.26620931601568E-8,7.14921919528459E-17,0.999999999999997));
#7387=DIRECTION('center_axis',(7.31007095658034E-16,1.,-8.63704380450947E-16));
#7388=DIRECTION('ref_axis',(-8.26620931601568E-8,8.03472024123815E-16,0.999999999999997));
#7389=DIRECTION('',(0.,-1.,0.));
#7390=DIRECTION('center_axis',(0.986247151758463,0.,-0.165277208496267));
#7391=DIRECTION('ref_axis',(0.165277208496267,7.05089706864635E-17,0.986247151758463));
#7392=DIRECTION('',(0.165277208496304,7.0508970686463E-17,0.986247151758457));
#7393=DIRECTION('',(0.165277208496304,7.35354664892677E-17,0.986247151758457));
#7394=DIRECTION('',(0.,-1.,0.));
#7395=DIRECTION('center_axis',(0.,1.,0.));
#7396=DIRECTION('ref_axis',(0.671742419990149,0.,-0.740784800860397));
#7397=DIRECTION('center_axis',(1.14198105580166E-30,-1.,7.14921919528443E-17));
#7398=DIRECTION('ref_axis',(0.960431718428624,-1.99116875018514E-17,-0.278515554747381));
#7399=DIRECTION('center_axis',(0.,-1.,0.));
#7400=DIRECTION('ref_axis',(0.960431718428624,0.,-0.278515554747381));
#7401=DIRECTION('',(0.,-1.,0.));
#7402=DIRECTION('center_axis',(0.190731691430531,0.,-0.981642206653753));
#7403=DIRECTION('ref_axis',(0.981642206653753,1.36358266952428E-17,0.190731691430531));
#7404=DIRECTION('',(0.98164220665375,1.36358266952435E-17,0.190731691430546));
#7405=DIRECTION('',(0.98164220665375,9.78599425822504E-17,0.190731691430546));
#7406=DIRECTION('center_axis',(1.90493466208729E-31,-1.,7.14921919528455E-17));
#7407=DIRECTION('ref_axis',(1.,1.90493466208729E-31,0.));
#7408=DIRECTION('center_axis',(1.90493466208729E-31,-1.,7.14921919528455E-17));
#7409=DIRECTION('ref_axis',(1.,1.90493466208729E-31,0.));
#7410=DIRECTION('center_axis',(-0.997178329516591,0.,-0.0750691623937616));
#7411=DIRECTION('ref_axis',(0.0750691623937616,-7.12904645450177E-17,-0.997178329516591));
#7412=DIRECTION('',(0.075069162393649,-7.12904645450188E-17,-0.9971783295166));
#7413=DIRECTION('',(0.,-1.,0.));
#7414=DIRECTION('',(0.075069162393649,-2.22044604906461E-16,-0.9971783295166));
#7415=DIRECTION('',(0.,-1.,0.));
#7416=DIRECTION('center_axis',(-0.190731691484357,0.,0.981642206643294));
#7417=DIRECTION('ref_axis',(-0.981642206643294,-1.36358266990905E-17,-0.190731691484357));
#7418=DIRECTION('',(-0.981642206643292,-1.36358266990915E-17,-0.19073169148437));
#7419=DIRECTION('',(-0.981642206643292,0.,-0.19073169148437));
#7420=DIRECTION('',(0.,-1.,0.));
#7421=DIRECTION('center_axis',(0.,-1.,0.));
#7422=DIRECTION('ref_axis',(0.640846989226973,0.,-0.767668637107655));
#7423=DIRECTION('center_axis',(2.82754294644743E-31,1.,-7.14921919528462E-17));
#7424=DIRECTION('ref_axis',(0.178748432161103,-7.03407966489929E-17,-0.983894810434504));
#7425=DIRECTION('center_axis',(-1.93804536732372E-15,1.,2.32157858396274E-15));
#7426=DIRECTION('ref_axis',(0.178748432161103,2.75507340136509E-15,-0.983894810434504));
#7427=DIRECTION('',(0.,-1.,0.));
#7428=DIRECTION('center_axis',(-0.986247151763312,0.,0.165277208467335));
#7429=DIRECTION('ref_axis',(-0.165277208467335,-7.050897068681E-17,-0.986247151763312));
#7430=DIRECTION('',(-0.165277208467335,-7.050897068681E-17,-0.986247151763312));
#7431=DIRECTION('',(-0.165277208467335,-7.0661713141918E-17,-0.986247151763312));
#7432=DIRECTION('',(0.,-1.,0.));
#7433=DIRECTION('center_axis',(0.,1.,0.));
#7434=DIRECTION('ref_axis',(-0.646035135076922,0.,0.763307673383508));
#7435=DIRECTION('center_axis',(-1.02334845581975E-31,-1.,7.14921919528457E-17));
#7436=DIRECTION('ref_axis',(-0.986247151760996,1.18160299141653E-17,0.165277208481156));
#7437=DIRECTION('center_axis',(0.,-1.,0.));
#7438=DIRECTION('ref_axis',(-0.986247151760996,0.,0.165277208481156));
#7439=DIRECTION('',(0.,-1.,0.));
#7440=DIRECTION('center_axis',(-1.48354583851504E-14,0.,1.));
#7441=DIRECTION('ref_axis',(-1.,-1.23530006100468E-30,-1.48354583851504E-14));
#7442=DIRECTION('',(-1.,-1.0294167175039E-30,-1.48354583851504E-14));
#7443=DIRECTION('',(-1.,0.,-1.48354583851504E-14));
#7444=DIRECTION('',(0.,-1.,0.));
#7445=DIRECTION('center_axis',(1.,0.,0.));
#7446=DIRECTION('ref_axis',(0.,7.14921919528455E-17,1.));
#7447=DIRECTION('',(0.,7.14921919528456E-17,1.));
#7448=DIRECTION('',(0.,0.,1.));
#7449=DIRECTION('',(0.,-1.,0.));
#7450=DIRECTION('center_axis',(0.,0.,-1.));
#7451=DIRECTION('ref_axis',(1.,0.,0.));
#7452=DIRECTION('',(1.,0.,0.));
#7453=DIRECTION('',(1.,0.,0.));
#7454=DIRECTION('',(0.,-1.,0.));
#7455=DIRECTION('center_axis',(0.,-1.,0.));
#7456=DIRECTION('ref_axis',(-0.646035100890694,0.,0.763307702317454));
#7457=DIRECTION('center_axis',(6.30343657219924E-31,1.,-7.14921919528462E-17));
#7458=DIRECTION('ref_axis',(-8.26620931601568E-8,7.14921919528459E-17,0.999999999999997));
#7459=DIRECTION('center_axis',(7.31007095658034E-16,1.,-8.63704380450947E-16));
#7460=DIRECTION('ref_axis',(-8.26620931601568E-8,8.03472024123815E-16,0.999999999999997));
#7461=DIRECTION('',(0.,-1.,0.));
#7462=DIRECTION('center_axis',(0.986247151758463,0.,-0.165277208496267));
#7463=DIRECTION('ref_axis',(0.165277208496267,7.05089706864635E-17,0.986247151758463));
#7464=DIRECTION('',(0.165277208496304,7.0508970686463E-17,0.986247151758457));
#7465=DIRECTION('',(0.165277208496304,7.35354664892677E-17,0.986247151758457));
#7466=DIRECTION('',(0.,-1.,0.));
#7467=DIRECTION('center_axis',(0.,1.,0.));
#7468=DIRECTION('ref_axis',(0.671742419990149,0.,-0.740784800860397));
#7469=DIRECTION('center_axis',(1.14198105580166E-30,-1.,7.14921919528443E-17));
#7470=DIRECTION('ref_axis',(0.960431718428624,-1.99116875018514E-17,-0.278515554747381));
#7471=DIRECTION('center_axis',(0.,-1.,0.));
#7472=DIRECTION('ref_axis',(0.960431718428624,0.,-0.278515554747381));
#7473=DIRECTION('',(0.,-1.,0.));
#7474=DIRECTION('center_axis',(0.190731691430531,0.,-0.981642206653753));
#7475=DIRECTION('ref_axis',(0.981642206653753,1.36358266952428E-17,0.190731691430531));
#7476=DIRECTION('',(0.98164220665375,1.36358266952435E-17,0.190731691430546));
#7477=DIRECTION('',(0.98164220665375,9.78599425822504E-17,0.190731691430546));
#7478=DIRECTION('center_axis',(1.90493466208729E-31,-1.,7.14921919528455E-17));
#7479=DIRECTION('ref_axis',(1.,1.90493466208729E-31,0.));
#7480=DIRECTION('center_axis',(1.90493466208729E-31,-1.,7.14921919528455E-17));
#7481=DIRECTION('ref_axis',(1.,1.90493466208729E-31,0.));
#7482=DIRECTION('center_axis',(-0.997178329516591,0.,-0.0750691623937616));
#7483=DIRECTION('ref_axis',(0.0750691623937616,-7.12904645450177E-17,-0.997178329516591));
#7484=DIRECTION('',(0.075069162393649,-7.12904645450188E-17,-0.9971783295166));
#7485=DIRECTION('',(0.,-1.,0.));
#7486=DIRECTION('',(0.075069162393649,-2.22044604906461E-16,-0.9971783295166));
#7487=DIRECTION('',(0.,-1.,0.));
#7488=DIRECTION('center_axis',(-0.190731691484357,0.,0.981642206643294));
#7489=DIRECTION('ref_axis',(-0.981642206643294,-1.36358266990905E-17,-0.190731691484357));
#7490=DIRECTION('',(-0.981642206643292,-1.36358266990915E-17,-0.19073169148437));
#7491=DIRECTION('',(-0.981642206643292,0.,-0.19073169148437));
#7492=DIRECTION('',(0.,-1.,0.));
#7493=DIRECTION('center_axis',(0.,-1.,0.));
#7494=DIRECTION('ref_axis',(0.640846989226973,0.,-0.767668637107655));
#7495=DIRECTION('center_axis',(2.82754294644743E-31,1.,-7.14921919528462E-17));
#7496=DIRECTION('ref_axis',(0.178748432161103,-7.03407966489929E-17,-0.983894810434504));
#7497=DIRECTION('center_axis',(-1.93804536732372E-15,1.,2.32157858396274E-15));
#7498=DIRECTION('ref_axis',(0.178748432161103,2.75507340136509E-15,-0.983894810434504));
#7499=DIRECTION('',(0.,-1.,0.));
#7500=DIRECTION('center_axis',(-0.986247151763312,0.,0.165277208467335));
#7501=DIRECTION('ref_axis',(-0.165277208467335,-7.050897068681E-17,-0.986247151763312));
#7502=DIRECTION('',(-0.165277208467335,-7.050897068681E-17,-0.986247151763312));
#7503=DIRECTION('',(-0.165277208467335,-7.0661713141918E-17,-0.986247151763312));
#7504=DIRECTION('',(0.,-1.,0.));
#7505=DIRECTION('center_axis',(0.,1.,0.));
#7506=DIRECTION('ref_axis',(-0.646035135076922,0.,0.763307673383508));
#7507=DIRECTION('center_axis',(-1.02334845581975E-31,-1.,7.14921919528457E-17));
#7508=DIRECTION('ref_axis',(-0.986247151760996,1.18160299141653E-17,0.165277208481156));
#7509=DIRECTION('center_axis',(0.,-1.,0.));
#7510=DIRECTION('ref_axis',(-0.986247151760996,0.,0.165277208481156));
#7511=DIRECTION('',(0.,-1.,0.));
#7512=DIRECTION('center_axis',(-1.48354583851504E-14,0.,1.));
#7513=DIRECTION('ref_axis',(-1.,-1.23530006100468E-30,-1.48354583851504E-14));
#7514=DIRECTION('',(-1.,-1.0294167175039E-30,-1.48354583851504E-14));
#7515=DIRECTION('',(-1.,0.,-1.48354583851504E-14));
#7516=DIRECTION('',(0.,-1.,0.));
#7517=DIRECTION('center_axis',(1.,0.,0.));
#7518=DIRECTION('ref_axis',(0.,7.14921919528455E-17,1.));
#7519=DIRECTION('',(0.,7.14921919528456E-17,1.));
#7520=DIRECTION('',(0.,0.,1.));
#7521=DIRECTION('',(0.,-1.,0.));
#7522=DIRECTION('center_axis',(0.,0.,-1.));
#7523=DIRECTION('ref_axis',(1.,0.,0.));
#7524=DIRECTION('',(1.,0.,0.));
#7525=DIRECTION('',(1.,0.,0.));
#7526=DIRECTION('',(0.,-1.,0.));
#7527=DIRECTION('center_axis',(0.,-1.,0.));
#7528=DIRECTION('ref_axis',(-0.646035100890694,0.,0.763307702317454));
#7529=DIRECTION('center_axis',(6.30343657219924E-31,1.,-7.14921919528462E-17));
#7530=DIRECTION('ref_axis',(-8.26620931601568E-8,7.14921919528459E-17,0.999999999999997));
#7531=DIRECTION('center_axis',(7.31007095658034E-16,1.,-8.63704380450947E-16));
#7532=DIRECTION('ref_axis',(-8.26620931601568E-8,8.03472024123815E-16,0.999999999999997));
#7533=DIRECTION('',(0.,-1.,0.));
#7534=DIRECTION('center_axis',(0.986247151758463,0.,-0.165277208496267));
#7535=DIRECTION('ref_axis',(0.165277208496267,7.05089706864635E-17,0.986247151758463));
#7536=DIRECTION('',(0.165277208496304,7.0508970686463E-17,0.986247151758457));
#7537=DIRECTION('',(0.165277208496304,7.35354664892677E-17,0.986247151758457));
#7538=DIRECTION('',(0.,-1.,0.));
#7539=DIRECTION('center_axis',(0.,1.,0.));
#7540=DIRECTION('ref_axis',(0.671742419990149,0.,-0.740784800860397));
#7541=DIRECTION('center_axis',(1.14198105580166E-30,-1.,7.14921919528443E-17));
#7542=DIRECTION('ref_axis',(0.960431718428624,-1.99116875018514E-17,-0.278515554747381));
#7543=DIRECTION('center_axis',(0.,-1.,0.));
#7544=DIRECTION('ref_axis',(0.960431718428624,0.,-0.278515554747381));
#7545=DIRECTION('',(0.,-1.,0.));
#7546=DIRECTION('center_axis',(0.190731691430531,0.,-0.981642206653753));
#7547=DIRECTION('ref_axis',(0.981642206653753,1.36358266952428E-17,0.190731691430531));
#7548=DIRECTION('',(0.98164220665375,1.36358266952435E-17,0.190731691430546));
#7549=DIRECTION('',(0.98164220665375,9.78599425822504E-17,0.190731691430546));
#7550=DIRECTION('center_axis',(1.90493466208729E-31,-1.,7.14921919528455E-17));
#7551=DIRECTION('ref_axis',(1.,1.90493466208729E-31,0.));
#7552=DIRECTION('center_axis',(1.90493466208729E-31,-1.,7.14921919528455E-17));
#7553=DIRECTION('ref_axis',(1.,1.90493466208729E-31,0.));
#7554=DIRECTION('center_axis',(-0.997178329516591,0.,0.0750691623937616));
#7555=DIRECTION('ref_axis',(-0.0750691623937616,-7.12904645450177E-17,-0.997178329516591));
#7556=DIRECTION('',(-0.075069162393649,-7.12904645450188E-17,-0.9971783295166));
#7557=DIRECTION('',(0.,-1.,0.));
#7558=DIRECTION('',(-0.075069162393649,-2.22044604906461E-16,-0.9971783295166));
#7559=DIRECTION('',(0.,-1.,0.));
#7560=DIRECTION('center_axis',(-0.190731691484357,0.,-0.981642206643294));
#7561=DIRECTION('ref_axis',(0.981642206643294,-1.36358266990905E-17,-0.190731691484357));
#7562=DIRECTION('',(0.981642206643292,-1.36358266990915E-17,-0.19073169148437));
#7563=DIRECTION('',(0.,-1.,0.));
#7564=DIRECTION('',(0.981642206643292,0.,-0.19073169148437));
#7565=DIRECTION('center_axis',(0.,1.,0.));
#7566=DIRECTION('ref_axis',(-0.640846989226922,0.,-0.767668637107698));
#7567=DIRECTION('center_axis',(2.82754294644743E-31,-1.,7.14921919528462E-17));
#7568=DIRECTION('ref_axis',(-0.178748432161103,-7.03407966489929E-17,-0.983894810434504));
#7569=DIRECTION('',(0.,-1.,0.));
#7570=DIRECTION('center_axis',(-1.93804536732372E-15,-1.,-2.32157858396274E-15));
#7571=DIRECTION('ref_axis',(-0.178748432161103,2.75507340136509E-15,-0.983894810434504));
#7572=DIRECTION('center_axis',(-0.986247151763312,0.,-0.165277208467335));
#7573=DIRECTION('ref_axis',(0.165277208467335,-7.050897068681E-17,-0.986247151763312));
#7574=DIRECTION('',(0.165277208467335,-7.050897068681E-17,-0.986247151763312));
#7575=DIRECTION('',(0.,-1.,0.));
#7576=DIRECTION('',(0.165277208467335,-7.0661713141918E-17,-0.986247151763312));
#7577=DIRECTION('center_axis',(0.,-1.,0.));
#7578=DIRECTION('ref_axis',(0.646035135076898,0.,0.763307673383528));
#7579=DIRECTION('center_axis',(-1.02334845581975E-31,1.,-7.14921919528457E-17));
#7580=DIRECTION('ref_axis',(0.986247151760996,1.18160299141653E-17,0.165277208481156));
#7581=DIRECTION('',(0.,-1.,0.));
#7582=DIRECTION('center_axis',(0.,1.,0.));
#7583=DIRECTION('ref_axis',(0.986247151760996,0.,0.165277208481156));
#7584=DIRECTION('center_axis',(-1.48354583851504E-14,0.,-1.));
#7585=DIRECTION('ref_axis',(1.,-1.23530006100468E-30,-1.48354583851504E-14));
#7586=DIRECTION('',(1.,-1.0294167175039E-30,-1.48354583851504E-14));
#7587=DIRECTION('',(0.,-1.,0.));
#7588=DIRECTION('',(1.,0.,-1.48354583851504E-14));
#7589=DIRECTION('center_axis',(1.,0.,0.));
#7590=DIRECTION('ref_axis',(0.,7.14921919528455E-17,1.));
#7591=DIRECTION('',(0.,7.14921919528456E-17,1.));
#7592=DIRECTION('',(0.,-1.,0.));
#7593=DIRECTION('',(0.,0.,1.));
#7594=DIRECTION('center_axis',(0.,0.,1.));
#7595=DIRECTION('ref_axis',(-1.,0.,0.));
#7596=DIRECTION('',(-1.,0.,0.));
#7597=DIRECTION('',(0.,-1.,0.));
#7598=DIRECTION('',(-1.,0.,0.));
#7599=DIRECTION('center_axis',(0.,1.,0.));
#7600=DIRECTION('ref_axis',(0.646035100890836,0.,0.763307702317334));
#7601=DIRECTION('center_axis',(6.3034365722016E-31,-1.,7.14921919528462E-17));
#7602=DIRECTION('ref_axis',(8.26623674119177E-8,7.14921919528459E-17,0.999999999999997));
#7603=DIRECTION('',(0.,-1.,0.));
#7604=DIRECTION('center_axis',(7.31007095658307E-16,-1.,8.6370438045127E-16));
#7605=DIRECTION('ref_axis',(8.26623674119177E-8,8.03472024123587E-16,0.999999999999997));
#7606=DIRECTION('center_axis',(0.986247151758463,0.,0.165277208496267));
#7607=DIRECTION('ref_axis',(-0.165277208496267,7.05089706864635E-17,0.986247151758463));
#7608=DIRECTION('',(-0.165277208496304,7.0508970686463E-17,0.986247151758457));
#7609=DIRECTION('',(0.,-1.,0.));
#7610=DIRECTION('',(-0.165277208496304,7.35354664892677E-17,0.986247151758457));
#7611=DIRECTION('center_axis',(0.,-1.,0.));
#7612=DIRECTION('ref_axis',(-0.671742419990223,0.,-0.74078480086033));
#7613=DIRECTION('center_axis',(1.14198105580166E-30,1.,-7.14921919528443E-17));
#7614=DIRECTION('ref_axis',(-0.960431718428624,-1.99116875018514E-17,-0.278515554747381));
#7615=DIRECTION('',(0.,-1.,0.));
#7616=DIRECTION('center_axis',(0.,1.,0.));
#7617=DIRECTION('ref_axis',(-0.960431718428624,0.,-0.278515554747381));
#7618=DIRECTION('center_axis',(0.190731691430531,0.,0.981642206653753));
#7619=DIRECTION('ref_axis',(-0.981642206653753,1.36358266952428E-17,0.190731691430531));
#7620=DIRECTION('',(-0.98164220665375,1.36358266952435E-17,0.190731691430546));
#7621=DIRECTION('',(-0.98164220665375,9.78599425822504E-17,0.190731691430546));
#7622=DIRECTION('center_axis',(1.90493466208729E-31,1.,-7.14921919528455E-17));
#7623=DIRECTION('ref_axis',(-1.,1.90493466208729E-31,0.));
#7624=DIRECTION('center_axis',(1.90493466208729E-31,1.,-7.14921919528455E-17));
#7625=DIRECTION('ref_axis',(-1.,1.90493466208729E-31,0.));
#7626=DIRECTION('center_axis',(-0.997178329516591,0.,-0.0750691623937616));
#7627=DIRECTION('ref_axis',(0.0750691623937616,-7.12904645450177E-17,-0.997178329516591));
#7628=DIRECTION('',(0.075069162393649,-7.12904645450188E-17,-0.9971783295166));
#7629=DIRECTION('',(0.,-1.,0.));
#7630=DIRECTION('',(0.075069162393649,-2.22044604906461E-16,-0.9971783295166));
#7631=DIRECTION('',(0.,-1.,0.));
#7632=DIRECTION('center_axis',(-0.190731691484357,0.,0.981642206643294));
#7633=DIRECTION('ref_axis',(-0.981642206643294,-1.36358266990905E-17,-0.190731691484357));
#7634=DIRECTION('',(-0.981642206643292,-1.36358266990915E-17,-0.19073169148437));
#7635=DIRECTION('',(-0.981642206643292,0.,-0.19073169148437));
#7636=DIRECTION('',(0.,-1.,0.));
#7637=DIRECTION('center_axis',(0.,-1.,0.));
#7638=DIRECTION('ref_axis',(0.640846989226973,0.,-0.767668637107655));
#7639=DIRECTION('center_axis',(2.82754294644743E-31,1.,-7.14921919528462E-17));
#7640=DIRECTION('ref_axis',(0.178748432161103,-7.03407966489929E-17,-0.983894810434504));
#7641=DIRECTION('center_axis',(-1.93804536732372E-15,1.,2.32157858396274E-15));
#7642=DIRECTION('ref_axis',(0.178748432161103,2.75507340136509E-15,-0.983894810434504));
#7643=DIRECTION('',(0.,-1.,0.));
#7644=DIRECTION('center_axis',(-0.986247151763312,0.,0.165277208467335));
#7645=DIRECTION('ref_axis',(-0.165277208467335,-7.050897068681E-17,-0.986247151763312));
#7646=DIRECTION('',(-0.165277208467335,-7.050897068681E-17,-0.986247151763312));
#7647=DIRECTION('',(-0.165277208467335,-7.0661713141918E-17,-0.986247151763312));
#7648=DIRECTION('',(0.,-1.,0.));
#7649=DIRECTION('center_axis',(0.,1.,0.));
#7650=DIRECTION('ref_axis',(-0.646035135076922,0.,0.763307673383508));
#7651=DIRECTION('center_axis',(-1.02334845581975E-31,-1.,7.14921919528457E-17));
#7652=DIRECTION('ref_axis',(-0.986247151760996,1.18160299141653E-17,0.165277208481156));
#7653=DIRECTION('center_axis',(0.,-1.,0.));
#7654=DIRECTION('ref_axis',(-0.986247151760996,0.,0.165277208481156));
#7655=DIRECTION('',(0.,-1.,0.));
#7656=DIRECTION('center_axis',(-1.48354583851504E-14,0.,1.));
#7657=DIRECTION('ref_axis',(-1.,-1.23530006100468E-30,-1.48354583851504E-14));
#7658=DIRECTION('',(-1.,-1.0294167175039E-30,-1.48354583851504E-14));
#7659=DIRECTION('',(-1.,0.,-1.48354583851504E-14));
#7660=DIRECTION('',(0.,-1.,0.));
#7661=DIRECTION('center_axis',(1.,0.,0.));
#7662=DIRECTION('ref_axis',(0.,7.14921919528455E-17,1.));
#7663=DIRECTION('',(0.,7.14921919528456E-17,1.));
#7664=DIRECTION('',(0.,0.,1.));
#7665=DIRECTION('',(0.,-1.,0.));
#7666=DIRECTION('center_axis',(0.,0.,-1.));
#7667=DIRECTION('ref_axis',(1.,0.,0.));
#7668=DIRECTION('',(1.,0.,0.));
#7669=DIRECTION('',(1.,0.,0.));
#7670=DIRECTION('',(0.,-1.,0.));
#7671=DIRECTION('center_axis',(0.,-1.,0.));
#7672=DIRECTION('ref_axis',(-0.646035100890694,0.,0.763307702317454));
#7673=DIRECTION('center_axis',(6.30343657219924E-31,1.,-7.14921919528462E-17));
#7674=DIRECTION('ref_axis',(-8.26620931601568E-8,7.14921919528459E-17,0.999999999999997));
#7675=DIRECTION('center_axis',(7.31007095658034E-16,1.,-8.63704380450947E-16));
#7676=DIRECTION('ref_axis',(-8.26620931601568E-8,8.03472024123815E-16,0.999999999999997));
#7677=DIRECTION('',(0.,-1.,0.));
#7678=DIRECTION('center_axis',(0.986247151758463,0.,-0.165277208496267));
#7679=DIRECTION('ref_axis',(0.165277208496267,7.05089706864635E-17,0.986247151758463));
#7680=DIRECTION('',(0.165277208496304,7.0508970686463E-17,0.986247151758457));
#7681=DIRECTION('',(0.165277208496304,7.35354664892677E-17,0.986247151758457));
#7682=DIRECTION('',(0.,-1.,0.));
#7683=DIRECTION('center_axis',(0.,1.,0.));
#7684=DIRECTION('ref_axis',(0.671742419990149,0.,-0.740784800860397));
#7685=DIRECTION('center_axis',(1.14198105580166E-30,-1.,7.14921919528443E-17));
#7686=DIRECTION('ref_axis',(0.960431718428624,-1.99116875018514E-17,-0.278515554747381));
#7687=DIRECTION('center_axis',(0.,-1.,0.));
#7688=DIRECTION('ref_axis',(0.960431718428624,0.,-0.278515554747381));
#7689=DIRECTION('',(0.,-1.,0.));
#7690=DIRECTION('center_axis',(0.190731691430531,0.,-0.981642206653753));
#7691=DIRECTION('ref_axis',(0.981642206653753,1.36358266952428E-17,0.190731691430531));
#7692=DIRECTION('',(0.98164220665375,1.36358266952435E-17,0.190731691430546));
#7693=DIRECTION('',(0.98164220665375,9.78599425822504E-17,0.190731691430546));
#7694=DIRECTION('center_axis',(1.90493466208729E-31,-1.,7.14921919528455E-17));
#7695=DIRECTION('ref_axis',(1.,1.90493466208729E-31,0.));
#7696=DIRECTION('center_axis',(1.90493466208729E-31,-1.,7.14921919528455E-17));
#7697=DIRECTION('ref_axis',(1.,1.90493466208729E-31,0.));
#7698=DIRECTION('center_axis',(-0.997178329516591,0.,0.0750691623937616));
#7699=DIRECTION('ref_axis',(-0.0750691623937616,-7.12904645450177E-17,-0.997178329516591));
#7700=DIRECTION('',(-0.075069162393649,-7.12904645450188E-17,-0.9971783295166));
#7701=DIRECTION('',(0.,-1.,0.));
#7702=DIRECTION('',(-0.075069162393649,-2.22044604906461E-16,-0.9971783295166));
#7703=DIRECTION('',(0.,-1.,0.));
#7704=DIRECTION('center_axis',(-0.190731691484357,0.,-0.981642206643294));
#7705=DIRECTION('ref_axis',(0.981642206643294,-1.36358266990905E-17,-0.190731691484357));
#7706=DIRECTION('',(0.981642206643292,-1.36358266990915E-17,-0.19073169148437));
#7707=DIRECTION('',(0.,-1.,0.));
#7708=DIRECTION('',(0.981642206643292,0.,-0.19073169148437));
#7709=DIRECTION('center_axis',(0.,1.,0.));
#7710=DIRECTION('ref_axis',(-0.640846989226922,0.,-0.767668637107698));
#7711=DIRECTION('center_axis',(2.82754294644743E-31,-1.,7.14921919528462E-17));
#7712=DIRECTION('ref_axis',(-0.178748432161103,-7.03407966489929E-17,-0.983894810434504));
#7713=DIRECTION('',(0.,-1.,0.));
#7714=DIRECTION('center_axis',(-1.93804536732372E-15,-1.,-2.32157858396274E-15));
#7715=DIRECTION('ref_axis',(-0.178748432161103,2.75507340136509E-15,-0.983894810434504));
#7716=DIRECTION('center_axis',(-0.986247151763312,0.,-0.165277208467335));
#7717=DIRECTION('ref_axis',(0.165277208467335,-7.050897068681E-17,-0.986247151763312));
#7718=DIRECTION('',(0.165277208467335,-7.050897068681E-17,-0.986247151763312));
#7719=DIRECTION('',(0.,-1.,0.));
#7720=DIRECTION('',(0.165277208467335,-7.0661713141918E-17,-0.986247151763312));
#7721=DIRECTION('center_axis',(0.,-1.,0.));
#7722=DIRECTION('ref_axis',(0.646035135076898,0.,0.763307673383528));
#7723=DIRECTION('center_axis',(-1.02334845581975E-31,1.,-7.14921919528457E-17));
#7724=DIRECTION('ref_axis',(0.986247151760996,1.18160299141653E-17,0.165277208481156));
#7725=DIRECTION('',(0.,-1.,0.));
#7726=DIRECTION('center_axis',(0.,1.,0.));
#7727=DIRECTION('ref_axis',(0.986247151760996,0.,0.165277208481156));
#7728=DIRECTION('center_axis',(-1.48354583851504E-14,0.,-1.));
#7729=DIRECTION('ref_axis',(1.,-1.23530006100468E-30,-1.48354583851504E-14));
#7730=DIRECTION('',(1.,-1.0294167175039E-30,-1.48354583851504E-14));
#7731=DIRECTION('',(0.,-1.,0.));
#7732=DIRECTION('',(1.,0.,-1.48354583851504E-14));
#7733=DIRECTION('center_axis',(1.,0.,0.));
#7734=DIRECTION('ref_axis',(0.,7.14921919528455E-17,1.));
#7735=DIRECTION('',(0.,7.14921919528456E-17,1.));
#7736=DIRECTION('',(0.,-1.,0.));
#7737=DIRECTION('',(0.,0.,1.));
#7738=DIRECTION('center_axis',(0.,0.,1.));
#7739=DIRECTION('ref_axis',(-1.,0.,0.));
#7740=DIRECTION('',(-1.,0.,0.));
#7741=DIRECTION('',(0.,-1.,0.));
#7742=DIRECTION('',(-1.,0.,0.));
#7743=DIRECTION('center_axis',(0.,1.,0.));
#7744=DIRECTION('ref_axis',(0.646035100890836,0.,0.763307702317334));
#7745=DIRECTION('center_axis',(6.3034365722016E-31,-1.,7.14921919528462E-17));
#7746=DIRECTION('ref_axis',(8.26623674119177E-8,7.14921919528459E-17,0.999999999999997));
#7747=DIRECTION('',(0.,-1.,0.));
#7748=DIRECTION('center_axis',(7.31007095658307E-16,-1.,8.6370438045127E-16));
#7749=DIRECTION('ref_axis',(8.26623674119177E-8,8.03472024123587E-16,0.999999999999997));
#7750=DIRECTION('center_axis',(0.986247151758463,0.,0.165277208496267));
#7751=DIRECTION('ref_axis',(-0.165277208496267,7.05089706864635E-17,0.986247151758463));
#7752=DIRECTION('',(-0.165277208496304,7.0508970686463E-17,0.986247151758457));
#7753=DIRECTION('',(0.,-1.,0.));
#7754=DIRECTION('',(-0.165277208496304,7.35354664892677E-17,0.986247151758457));
#7755=DIRECTION('center_axis',(0.,-1.,0.));
#7756=DIRECTION('ref_axis',(-0.671742419990223,0.,-0.74078480086033));
#7757=DIRECTION('center_axis',(1.14198105580166E-30,1.,-7.14921919528443E-17));
#7758=DIRECTION('ref_axis',(-0.960431718428624,-1.99116875018514E-17,-0.278515554747381));
#7759=DIRECTION('',(0.,-1.,0.));
#7760=DIRECTION('center_axis',(0.,1.,0.));
#7761=DIRECTION('ref_axis',(-0.960431718428624,0.,-0.278515554747381));
#7762=DIRECTION('center_axis',(0.190731691430531,0.,0.981642206653753));
#7763=DIRECTION('ref_axis',(-0.981642206653753,1.36358266952428E-17,0.190731691430531));
#7764=DIRECTION('',(-0.98164220665375,1.36358266952435E-17,0.190731691430546));
#7765=DIRECTION('',(-0.98164220665375,9.78599425822504E-17,0.190731691430546));
#7766=DIRECTION('center_axis',(1.90493466208729E-31,1.,-7.14921919528455E-17));
#7767=DIRECTION('ref_axis',(-1.,1.90493466208729E-31,0.));
#7768=DIRECTION('center_axis',(1.90493466208729E-31,1.,-7.14921919528455E-17));
#7769=DIRECTION('ref_axis',(-1.,1.90493466208729E-31,0.));
#7770=DIRECTION('center_axis',(-0.997178329516591,0.,-0.0750691623937616));
#7771=DIRECTION('ref_axis',(0.0750691623937616,-7.12904645450177E-17,-0.997178329516591));
#7772=DIRECTION('',(0.075069162393649,-7.12904645450188E-17,-0.9971783295166));
#7773=DIRECTION('',(0.,-1.,0.));
#7774=DIRECTION('',(0.075069162393649,-2.22044604906461E-16,-0.9971783295166));
#7775=DIRECTION('',(0.,-1.,0.));
#7776=DIRECTION('center_axis',(-0.190731691484357,0.,0.981642206643294));
#7777=DIRECTION('ref_axis',(-0.981642206643294,-1.36358266990905E-17,-0.190731691484357));
#7778=DIRECTION('',(-0.981642206643292,-1.36358266990915E-17,-0.19073169148437));
#7779=DIRECTION('',(-0.981642206643292,0.,-0.19073169148437));
#7780=DIRECTION('',(0.,-1.,0.));
#7781=DIRECTION('center_axis',(0.,-1.,0.));
#7782=DIRECTION('ref_axis',(0.640846989226973,0.,-0.767668637107655));
#7783=DIRECTION('center_axis',(2.82754294644743E-31,1.,-7.14921919528462E-17));
#7784=DIRECTION('ref_axis',(0.178748432161103,-7.03407966489929E-17,-0.983894810434504));
#7785=DIRECTION('center_axis',(-1.93804536732372E-15,1.,2.32157858396274E-15));
#7786=DIRECTION('ref_axis',(0.178748432161103,2.75507340136509E-15,-0.983894810434504));
#7787=DIRECTION('',(0.,-1.,0.));
#7788=DIRECTION('center_axis',(-0.986247151763312,0.,0.165277208467335));
#7789=DIRECTION('ref_axis',(-0.165277208467335,-7.050897068681E-17,-0.986247151763312));
#7790=DIRECTION('',(-0.165277208467335,-7.050897068681E-17,-0.986247151763312));
#7791=DIRECTION('',(-0.165277208467335,-7.0661713141918E-17,-0.986247151763312));
#7792=DIRECTION('',(0.,-1.,0.));
#7793=DIRECTION('center_axis',(0.,1.,0.));
#7794=DIRECTION('ref_axis',(-0.646035135076922,0.,0.763307673383508));
#7795=DIRECTION('center_axis',(-1.02334845581975E-31,-1.,7.14921919528457E-17));
#7796=DIRECTION('ref_axis',(-0.986247151760996,1.18160299141653E-17,0.165277208481156));
#7797=DIRECTION('center_axis',(0.,-1.,0.));
#7798=DIRECTION('ref_axis',(-0.986247151760996,0.,0.165277208481156));
#7799=DIRECTION('',(0.,-1.,0.));
#7800=DIRECTION('center_axis',(-1.48354583851504E-14,0.,1.));
#7801=DIRECTION('ref_axis',(-1.,-1.23530006100468E-30,-1.48354583851504E-14));
#7802=DIRECTION('',(-1.,-1.0294167175039E-30,-1.48354583851504E-14));
#7803=DIRECTION('',(-1.,0.,-1.48354583851504E-14));
#7804=DIRECTION('',(0.,-1.,0.));
#7805=DIRECTION('center_axis',(1.,0.,0.));
#7806=DIRECTION('ref_axis',(0.,7.14921919528455E-17,1.));
#7807=DIRECTION('',(0.,7.14921919528456E-17,1.));
#7808=DIRECTION('',(0.,0.,1.));
#7809=DIRECTION('',(0.,-1.,0.));
#7810=DIRECTION('center_axis',(0.,0.,-1.));
#7811=DIRECTION('ref_axis',(1.,0.,0.));
#7812=DIRECTION('',(1.,0.,0.));
#7813=DIRECTION('',(1.,0.,0.));
#7814=DIRECTION('',(0.,-1.,0.));
#7815=DIRECTION('center_axis',(0.,-1.,0.));
#7816=DIRECTION('ref_axis',(-0.646035100890694,0.,0.763307702317454));
#7817=DIRECTION('center_axis',(6.30343657219924E-31,1.,-7.14921919528462E-17));
#7818=DIRECTION('ref_axis',(-8.26620931601568E-8,7.14921919528459E-17,0.999999999999997));
#7819=DIRECTION('center_axis',(7.31007095658034E-16,1.,-8.63704380450947E-16));
#7820=DIRECTION('ref_axis',(-8.26620931601568E-8,8.03472024123815E-16,0.999999999999997));
#7821=DIRECTION('',(0.,-1.,0.));
#7822=DIRECTION('center_axis',(0.986247151758463,0.,-0.165277208496267));
#7823=DIRECTION('ref_axis',(0.165277208496267,7.05089706864635E-17,0.986247151758463));
#7824=DIRECTION('',(0.165277208496304,7.0508970686463E-17,0.986247151758457));
#7825=DIRECTION('',(0.165277208496304,7.35354664892677E-17,0.986247151758457));
#7826=DIRECTION('',(0.,-1.,0.));
#7827=DIRECTION('center_axis',(0.,1.,0.));
#7828=DIRECTION('ref_axis',(0.671742419990149,0.,-0.740784800860397));
#7829=DIRECTION('center_axis',(1.14198105580166E-30,-1.,7.14921919528443E-17));
#7830=DIRECTION('ref_axis',(0.960431718428624,-1.99116875018514E-17,-0.278515554747381));
#7831=DIRECTION('center_axis',(0.,-1.,0.));
#7832=DIRECTION('ref_axis',(0.960431718428624,0.,-0.278515554747381));
#7833=DIRECTION('',(0.,-1.,0.));
#7834=DIRECTION('center_axis',(0.190731691430531,0.,-0.981642206653753));
#7835=DIRECTION('ref_axis',(0.981642206653753,1.36358266952428E-17,0.190731691430531));
#7836=DIRECTION('',(0.98164220665375,1.36358266952435E-17,0.190731691430546));
#7837=DIRECTION('',(0.98164220665375,9.78599425822504E-17,0.190731691430546));
#7838=DIRECTION('center_axis',(1.90493466208729E-31,-1.,7.14921919528455E-17));
#7839=DIRECTION('ref_axis',(1.,1.90493466208729E-31,0.));
#7840=DIRECTION('center_axis',(1.90493466208729E-31,-1.,7.14921919528455E-17));
#7841=DIRECTION('ref_axis',(1.,1.90493466208729E-31,0.));
#7842=DIRECTION('center_axis',(-0.997178329516591,0.,0.0750691623937616));
#7843=DIRECTION('ref_axis',(-0.0750691623937616,-7.12904645450177E-17,-0.997178329516591));
#7844=DIRECTION('',(-0.075069162393649,-7.12904645450188E-17,-0.9971783295166));
#7845=DIRECTION('',(0.,-1.,0.));
#7846=DIRECTION('',(-0.075069162393649,-2.22044604906461E-16,-0.9971783295166));
#7847=DIRECTION('',(0.,-1.,0.));
#7848=DIRECTION('center_axis',(-0.190731691484357,0.,-0.981642206643294));
#7849=DIRECTION('ref_axis',(0.981642206643294,-1.36358266990905E-17,-0.190731691484357));
#7850=DIRECTION('',(0.981642206643292,-1.36358266990915E-17,-0.19073169148437));
#7851=DIRECTION('',(0.,-1.,0.));
#7852=DIRECTION('',(0.981642206643292,0.,-0.19073169148437));
#7853=DIRECTION('center_axis',(0.,1.,0.));
#7854=DIRECTION('ref_axis',(-0.640846989226922,0.,-0.767668637107698));
#7855=DIRECTION('center_axis',(2.82754294644743E-31,-1.,7.14921919528462E-17));
#7856=DIRECTION('ref_axis',(-0.178748432161103,-7.03407966489929E-17,-0.983894810434504));
#7857=DIRECTION('',(0.,-1.,0.));
#7858=DIRECTION('center_axis',(-1.93804536732372E-15,-1.,-2.32157858396274E-15));
#7859=DIRECTION('ref_axis',(-0.178748432161103,2.75507340136509E-15,-0.983894810434504));
#7860=DIRECTION('center_axis',(-0.986247151763312,0.,-0.165277208467335));
#7861=DIRECTION('ref_axis',(0.165277208467335,-7.050897068681E-17,-0.986247151763312));
#7862=DIRECTION('',(0.165277208467335,-7.050897068681E-17,-0.986247151763312));
#7863=DIRECTION('',(0.,-1.,0.));
#7864=DIRECTION('',(0.165277208467335,-7.0661713141918E-17,-0.986247151763312));
#7865=DIRECTION('center_axis',(0.,-1.,0.));
#7866=DIRECTION('ref_axis',(0.646035135076898,0.,0.763307673383528));
#7867=DIRECTION('center_axis',(-1.02334845581975E-31,1.,-7.14921919528457E-17));
#7868=DIRECTION('ref_axis',(0.986247151760996,1.18160299141653E-17,0.165277208481156));
#7869=DIRECTION('',(0.,-1.,0.));
#7870=DIRECTION('center_axis',(0.,1.,0.));
#7871=DIRECTION('ref_axis',(0.986247151760996,0.,0.165277208481156));
#7872=DIRECTION('center_axis',(-1.48354583851504E-14,0.,-1.));
#7873=DIRECTION('ref_axis',(1.,-1.23530006100468E-30,-1.48354583851504E-14));
#7874=DIRECTION('',(1.,-1.0294167175039E-30,-1.48354583851504E-14));
#7875=DIRECTION('',(0.,-1.,0.));
#7876=DIRECTION('',(1.,0.,-1.48354583851504E-14));
#7877=DIRECTION('center_axis',(1.,0.,0.));
#7878=DIRECTION('ref_axis',(0.,7.14921919528455E-17,1.));
#7879=DIRECTION('',(0.,7.14921919528456E-17,1.));
#7880=DIRECTION('',(0.,-1.,0.));
#7881=DIRECTION('',(0.,0.,1.));
#7882=DIRECTION('center_axis',(0.,0.,1.));
#7883=DIRECTION('ref_axis',(-1.,0.,0.));
#7884=DIRECTION('',(-1.,0.,0.));
#7885=DIRECTION('',(0.,-1.,0.));
#7886=DIRECTION('',(-1.,0.,0.));
#7887=DIRECTION('center_axis',(0.,1.,0.));
#7888=DIRECTION('ref_axis',(0.646035100890836,0.,0.763307702317334));
#7889=DIRECTION('center_axis',(6.3034365722016E-31,-1.,7.14921919528462E-17));
#7890=DIRECTION('ref_axis',(8.26623674119177E-8,7.14921919528459E-17,0.999999999999997));
#7891=DIRECTION('',(0.,-1.,0.));
#7892=DIRECTION('center_axis',(7.31007095658307E-16,-1.,8.6370438045127E-16));
#7893=DIRECTION('ref_axis',(8.26623674119177E-8,8.03472024123587E-16,0.999999999999997));
#7894=DIRECTION('center_axis',(0.986247151758463,0.,0.165277208496267));
#7895=DIRECTION('ref_axis',(-0.165277208496267,7.05089706864635E-17,0.986247151758463));
#7896=DIRECTION('',(-0.165277208496304,7.0508970686463E-17,0.986247151758457));
#7897=DIRECTION('',(0.,-1.,0.));
#7898=DIRECTION('',(-0.165277208496304,7.35354664892677E-17,0.986247151758457));
#7899=DIRECTION('center_axis',(0.,-1.,0.));
#7900=DIRECTION('ref_axis',(-0.671742419990223,0.,-0.74078480086033));
#7901=DIRECTION('center_axis',(1.14198105580166E-30,1.,-7.14921919528443E-17));
#7902=DIRECTION('ref_axis',(-0.960431718428624,-1.99116875018514E-17,-0.278515554747381));
#7903=DIRECTION('',(0.,-1.,0.));
#7904=DIRECTION('center_axis',(0.,1.,0.));
#7905=DIRECTION('ref_axis',(-0.960431718428624,0.,-0.278515554747381));
#7906=DIRECTION('center_axis',(0.190731691430531,0.,0.981642206653753));
#7907=DIRECTION('ref_axis',(-0.981642206653753,1.36358266952428E-17,0.190731691430531));
#7908=DIRECTION('',(-0.98164220665375,1.36358266952435E-17,0.190731691430546));
#7909=DIRECTION('',(-0.98164220665375,9.78599425822504E-17,0.190731691430546));
#7910=DIRECTION('center_axis',(1.90493466208729E-31,1.,-7.14921919528455E-17));
#7911=DIRECTION('ref_axis',(-1.,1.90493466208729E-31,0.));
#7912=DIRECTION('center_axis',(1.90493466208729E-31,1.,-7.14921919528455E-17));
#7913=DIRECTION('ref_axis',(-1.,1.90493466208729E-31,0.));
#7914=DIRECTION('center_axis',(-0.997178329516591,0.,-0.0750691623937616));
#7915=DIRECTION('ref_axis',(0.0750691623937616,-7.12904645450177E-17,-0.997178329516591));
#7916=DIRECTION('',(0.075069162393649,-7.12904645450188E-17,-0.9971783295166));
#7917=DIRECTION('',(0.,-1.,0.));
#7918=DIRECTION('',(0.075069162393649,-2.22044604906461E-16,-0.9971783295166));
#7919=DIRECTION('',(0.,-1.,0.));
#7920=DIRECTION('center_axis',(-0.190731691484357,0.,0.981642206643294));
#7921=DIRECTION('ref_axis',(-0.981642206643294,-1.36358266990905E-17,-0.190731691484357));
#7922=DIRECTION('',(-0.981642206643292,-1.36358266990915E-17,-0.19073169148437));
#7923=DIRECTION('',(-0.981642206643292,0.,-0.19073169148437));
#7924=DIRECTION('',(0.,-1.,0.));
#7925=DIRECTION('center_axis',(0.,-1.,0.));
#7926=DIRECTION('ref_axis',(0.640846989226973,0.,-0.767668637107655));
#7927=DIRECTION('center_axis',(2.82754294644743E-31,1.,-7.14921919528462E-17));
#7928=DIRECTION('ref_axis',(0.178748432161103,-7.03407966489929E-17,-0.983894810434504));
#7929=DIRECTION('center_axis',(-1.93804536732372E-15,1.,2.32157858396274E-15));
#7930=DIRECTION('ref_axis',(0.178748432161103,2.75507340136509E-15,-0.983894810434504));
#7931=DIRECTION('',(0.,-1.,0.));
#7932=DIRECTION('center_axis',(-0.986247151763312,0.,0.165277208467335));
#7933=DIRECTION('ref_axis',(-0.165277208467335,-7.050897068681E-17,-0.986247151763312));
#7934=DIRECTION('',(-0.165277208467335,-7.050897068681E-17,-0.986247151763312));
#7935=DIRECTION('',(-0.165277208467335,-7.0661713141918E-17,-0.986247151763312));
#7936=DIRECTION('',(0.,-1.,0.));
#7937=DIRECTION('center_axis',(0.,1.,0.));
#7938=DIRECTION('ref_axis',(-0.646035135076922,0.,0.763307673383508));
#7939=DIRECTION('center_axis',(-1.02334845581975E-31,-1.,7.14921919528457E-17));
#7940=DIRECTION('ref_axis',(-0.986247151760996,1.18160299141653E-17,0.165277208481156));
#7941=DIRECTION('center_axis',(0.,-1.,0.));
#7942=DIRECTION('ref_axis',(-0.986247151760996,0.,0.165277208481156));
#7943=DIRECTION('',(0.,-1.,0.));
#7944=DIRECTION('center_axis',(-1.48354583851504E-14,0.,1.));
#7945=DIRECTION('ref_axis',(-1.,-1.23530006100468E-30,-1.48354583851504E-14));
#7946=DIRECTION('',(-1.,-1.0294167175039E-30,-1.48354583851504E-14));
#7947=DIRECTION('',(-1.,0.,-1.48354583851504E-14));
#7948=DIRECTION('',(0.,-1.,0.));
#7949=DIRECTION('center_axis',(1.,0.,0.));
#7950=DIRECTION('ref_axis',(0.,7.14921919528455E-17,1.));
#7951=DIRECTION('',(0.,7.14921919528456E-17,1.));
#7952=DIRECTION('',(0.,0.,1.));
#7953=DIRECTION('',(0.,-1.,0.));
#7954=DIRECTION('center_axis',(0.,0.,-1.));
#7955=DIRECTION('ref_axis',(1.,0.,0.));
#7956=DIRECTION('',(1.,0.,0.));
#7957=DIRECTION('',(1.,0.,0.));
#7958=DIRECTION('',(0.,-1.,0.));
#7959=DIRECTION('center_axis',(0.,-1.,0.));
#7960=DIRECTION('ref_axis',(-0.646035100890694,0.,0.763307702317454));
#7961=DIRECTION('center_axis',(6.30343657219924E-31,1.,-7.14921919528462E-17));
#7962=DIRECTION('ref_axis',(-8.26620931601568E-8,7.14921919528459E-17,0.999999999999997));
#7963=DIRECTION('center_axis',(7.31007095658034E-16,1.,-8.63704380450947E-16));
#7964=DIRECTION('ref_axis',(-8.26620931601568E-8,8.03472024123815E-16,0.999999999999997));
#7965=DIRECTION('',(0.,-1.,0.));
#7966=DIRECTION('center_axis',(0.986247151758463,0.,-0.165277208496267));
#7967=DIRECTION('ref_axis',(0.165277208496267,7.05089706864635E-17,0.986247151758463));
#7968=DIRECTION('',(0.165277208496304,7.0508970686463E-17,0.986247151758457));
#7969=DIRECTION('',(0.165277208496304,7.35354664892677E-17,0.986247151758457));
#7970=DIRECTION('',(0.,-1.,0.));
#7971=DIRECTION('center_axis',(0.,1.,0.));
#7972=DIRECTION('ref_axis',(0.671742419990149,0.,-0.740784800860397));
#7973=DIRECTION('center_axis',(1.14198105580166E-30,-1.,7.14921919528443E-17));
#7974=DIRECTION('ref_axis',(0.960431718428624,-1.99116875018514E-17,-0.278515554747381));
#7975=DIRECTION('center_axis',(0.,-1.,0.));
#7976=DIRECTION('ref_axis',(0.960431718428624,0.,-0.278515554747381));
#7977=DIRECTION('',(0.,-1.,0.));
#7978=DIRECTION('center_axis',(0.190731691430531,0.,-0.981642206653753));
#7979=DIRECTION('ref_axis',(0.981642206653753,1.36358266952428E-17,0.190731691430531));
#7980=DIRECTION('',(0.98164220665375,1.36358266952435E-17,0.190731691430546));
#7981=DIRECTION('',(0.98164220665375,9.78599425822504E-17,0.190731691430546));
#7982=DIRECTION('center_axis',(1.90493466208729E-31,-1.,7.14921919528455E-17));
#7983=DIRECTION('ref_axis',(1.,1.90493466208729E-31,0.));
#7984=DIRECTION('center_axis',(1.90493466208729E-31,-1.,7.14921919528455E-17));
#7985=DIRECTION('ref_axis',(1.,1.90493466208729E-31,0.));
#7986=DIRECTION('center_axis',(-0.997178329516591,0.,0.0750691623937616));
#7987=DIRECTION('ref_axis',(-0.0750691623937616,-7.12904645450177E-17,-0.997178329516591));
#7988=DIRECTION('',(-0.075069162393649,-7.12904645450188E-17,-0.9971783295166));
#7989=DIRECTION('',(0.,-1.,0.));
#7990=DIRECTION('',(-0.075069162393649,-2.22044604906461E-16,-0.9971783295166));
#7991=DIRECTION('',(0.,-1.,0.));
#7992=DIRECTION('center_axis',(-0.190731691484357,0.,-0.981642206643294));
#7993=DIRECTION('ref_axis',(0.981642206643294,-1.36358266990905E-17,-0.190731691484357));
#7994=DIRECTION('',(0.981642206643292,-1.36358266990915E-17,-0.19073169148437));
#7995=DIRECTION('',(0.,-1.,0.));
#7996=DIRECTION('',(0.981642206643292,0.,-0.19073169148437));
#7997=DIRECTION('center_axis',(0.,1.,0.));
#7998=DIRECTION('ref_axis',(-0.640846989226922,0.,-0.767668637107698));
#7999=DIRECTION('center_axis',(2.82754294644743E-31,-1.,7.14921919528462E-17));
#8000=DIRECTION('ref_axis',(-0.178748432161103,-7.03407966489929E-17,-0.983894810434504));
#8001=DIRECTION('',(0.,-1.,0.));
#8002=DIRECTION('center_axis',(-1.93804536732372E-15,-1.,-2.32157858396274E-15));
#8003=DIRECTION('ref_axis',(-0.178748432161103,2.75507340136509E-15,-0.983894810434504));
#8004=DIRECTION('center_axis',(-0.986247151763312,0.,-0.165277208467335));
#8005=DIRECTION('ref_axis',(0.165277208467335,-7.050897068681E-17,-0.986247151763312));
#8006=DIRECTION('',(0.165277208467335,-7.050897068681E-17,-0.986247151763312));
#8007=DIRECTION('',(0.,-1.,0.));
#8008=DIRECTION('',(0.165277208467335,-7.0661713141918E-17,-0.986247151763312));
#8009=DIRECTION('center_axis',(0.,-1.,0.));
#8010=DIRECTION('ref_axis',(0.646035135076898,0.,0.763307673383528));
#8011=DIRECTION('center_axis',(-1.02334845581975E-31,1.,-7.14921919528457E-17));
#8012=DIRECTION('ref_axis',(0.986247151760996,1.18160299141653E-17,0.165277208481156));
#8013=DIRECTION('',(0.,-1.,0.));
#8014=DIRECTION('center_axis',(0.,1.,0.));
#8015=DIRECTION('ref_axis',(0.986247151760996,0.,0.165277208481156));
#8016=DIRECTION('center_axis',(-1.48354583851504E-14,0.,-1.));
#8017=DIRECTION('ref_axis',(1.,-1.23530006100468E-30,-1.48354583851504E-14));
#8018=DIRECTION('',(1.,-1.0294167175039E-30,-1.48354583851504E-14));
#8019=DIRECTION('',(0.,-1.,0.));
#8020=DIRECTION('',(1.,0.,-1.48354583851504E-14));
#8021=DIRECTION('center_axis',(1.,0.,0.));
#8022=DIRECTION('ref_axis',(0.,7.14921919528455E-17,1.));
#8023=DIRECTION('',(0.,7.14921919528456E-17,1.));
#8024=DIRECTION('',(0.,-1.,0.));
#8025=DIRECTION('',(0.,0.,1.));
#8026=DIRECTION('center_axis',(0.,0.,1.));
#8027=DIRECTION('ref_axis',(-1.,0.,0.));
#8028=DIRECTION('',(-1.,0.,0.));
#8029=DIRECTION('',(0.,-1.,0.));
#8030=DIRECTION('',(-1.,0.,0.));
#8031=DIRECTION('center_axis',(0.,1.,0.));
#8032=DIRECTION('ref_axis',(0.646035100890836,0.,0.763307702317334));
#8033=DIRECTION('center_axis',(6.3034365722016E-31,-1.,7.14921919528462E-17));
#8034=DIRECTION('ref_axis',(8.26623674119177E-8,7.14921919528459E-17,0.999999999999997));
#8035=DIRECTION('',(0.,-1.,0.));
#8036=DIRECTION('center_axis',(7.31007095658307E-16,-1.,8.6370438045127E-16));
#8037=DIRECTION('ref_axis',(8.26623674119177E-8,8.03472024123587E-16,0.999999999999997));
#8038=DIRECTION('center_axis',(0.986247151758463,0.,0.165277208496267));
#8039=DIRECTION('ref_axis',(-0.165277208496267,7.05089706864635E-17,0.986247151758463));
#8040=DIRECTION('',(-0.165277208496304,7.0508970686463E-17,0.986247151758457));
#8041=DIRECTION('',(0.,-1.,0.));
#8042=DIRECTION('',(-0.165277208496304,7.35354664892677E-17,0.986247151758457));
#8043=DIRECTION('center_axis',(0.,-1.,0.));
#8044=DIRECTION('ref_axis',(-0.671742419990223,0.,-0.74078480086033));
#8045=DIRECTION('center_axis',(1.14198105580166E-30,1.,-7.14921919528443E-17));
#8046=DIRECTION('ref_axis',(-0.960431718428624,-1.99116875018514E-17,-0.278515554747381));
#8047=DIRECTION('',(0.,-1.,0.));
#8048=DIRECTION('center_axis',(0.,1.,0.));
#8049=DIRECTION('ref_axis',(-0.960431718428624,0.,-0.278515554747381));
#8050=DIRECTION('center_axis',(0.190731691430531,0.,0.981642206653753));
#8051=DIRECTION('ref_axis',(-0.981642206653753,1.36358266952428E-17,0.190731691430531));
#8052=DIRECTION('',(-0.98164220665375,1.36358266952435E-17,0.190731691430546));
#8053=DIRECTION('',(-0.98164220665375,9.78599425822504E-17,0.190731691430546));
#8054=DIRECTION('center_axis',(1.90493466208729E-31,1.,-7.14921919528455E-17));
#8055=DIRECTION('ref_axis',(-1.,1.90493466208729E-31,0.));
#8056=DIRECTION('center_axis',(1.90493466208729E-31,1.,-7.14921919528455E-17));
#8057=DIRECTION('ref_axis',(-1.,1.90493466208729E-31,0.));
#8058=DIRECTION('center_axis',(-0.997178329516591,0.,-0.0750691623937616));
#8059=DIRECTION('ref_axis',(0.0750691623937616,-7.12904645450177E-17,-0.997178329516591));
#8060=DIRECTION('',(0.075069162393649,-7.12904645450188E-17,-0.9971783295166));
#8061=DIRECTION('',(0.,-1.,0.));
#8062=DIRECTION('',(0.075069162393649,-2.22044604906461E-16,-0.9971783295166));
#8063=DIRECTION('',(0.,-1.,0.));
#8064=DIRECTION('center_axis',(-0.190731691484357,0.,0.981642206643294));
#8065=DIRECTION('ref_axis',(-0.981642206643294,-1.36358266990905E-17,-0.190731691484357));
#8066=DIRECTION('',(-0.981642206643292,-1.36358266990915E-17,-0.19073169148437));
#8067=DIRECTION('',(-0.981642206643292,0.,-0.19073169148437));
#8068=DIRECTION('',(0.,-1.,0.));
#8069=DIRECTION('center_axis',(0.,-1.,0.));
#8070=DIRECTION('ref_axis',(0.640846989226973,0.,-0.767668637107655));
#8071=DIRECTION('center_axis',(2.82754294644743E-31,1.,-7.14921919528462E-17));
#8072=DIRECTION('ref_axis',(0.178748432161103,-7.03407966489929E-17,-0.983894810434504));
#8073=DIRECTION('center_axis',(-1.93804536732372E-15,1.,2.32157858396274E-15));
#8074=DIRECTION('ref_axis',(0.178748432161103,2.75507340136509E-15,-0.983894810434504));
#8075=DIRECTION('',(0.,-1.,0.));
#8076=DIRECTION('center_axis',(-0.986247151763312,0.,0.165277208467335));
#8077=DIRECTION('ref_axis',(-0.165277208467335,-7.050897068681E-17,-0.986247151763312));
#8078=DIRECTION('',(-0.165277208467335,-7.050897068681E-17,-0.986247151763312));
#8079=DIRECTION('',(-0.165277208467335,-7.0661713141918E-17,-0.986247151763312));
#8080=DIRECTION('',(0.,-1.,0.));
#8081=DIRECTION('center_axis',(0.,1.,0.));
#8082=DIRECTION('ref_axis',(-0.646035135076922,0.,0.763307673383508));
#8083=DIRECTION('center_axis',(-1.02334845581975E-31,-1.,7.14921919528457E-17));
#8084=DIRECTION('ref_axis',(-0.986247151760996,1.18160299141653E-17,0.165277208481156));
#8085=DIRECTION('center_axis',(0.,-1.,0.));
#8086=DIRECTION('ref_axis',(-0.986247151760996,0.,0.165277208481156));
#8087=DIRECTION('',(0.,-1.,0.));
#8088=DIRECTION('center_axis',(-1.48354583851504E-14,0.,1.));
#8089=DIRECTION('ref_axis',(-1.,-1.23530006100468E-30,-1.48354583851504E-14));
#8090=DIRECTION('',(-1.,-1.0294167175039E-30,-1.48354583851504E-14));
#8091=DIRECTION('',(-1.,0.,-1.48354583851504E-14));
#8092=DIRECTION('',(0.,-1.,0.));
#8093=DIRECTION('center_axis',(1.,0.,0.));
#8094=DIRECTION('ref_axis',(0.,7.14921919528455E-17,1.));
#8095=DIRECTION('',(0.,7.14921919528456E-17,1.));
#8096=DIRECTION('',(0.,0.,1.));
#8097=DIRECTION('',(0.,-1.,0.));
#8098=DIRECTION('center_axis',(0.,0.,-1.));
#8099=DIRECTION('ref_axis',(1.,0.,0.));
#8100=DIRECTION('',(1.,0.,0.));
#8101=DIRECTION('',(1.,0.,0.));
#8102=DIRECTION('',(0.,-1.,0.));
#8103=DIRECTION('center_axis',(0.,-1.,0.));
#8104=DIRECTION('ref_axis',(-0.646035100890694,0.,0.763307702317454));
#8105=DIRECTION('center_axis',(6.30343657219924E-31,1.,-7.14921919528462E-17));
#8106=DIRECTION('ref_axis',(-8.26620931601568E-8,7.14921919528459E-17,0.999999999999997));
#8107=DIRECTION('center_axis',(7.31007095658034E-16,1.,-8.63704380450947E-16));
#8108=DIRECTION('ref_axis',(-8.26620931601568E-8,8.03472024123815E-16,0.999999999999997));
#8109=DIRECTION('',(0.,-1.,0.));
#8110=DIRECTION('center_axis',(0.986247151758463,0.,-0.165277208496267));
#8111=DIRECTION('ref_axis',(0.165277208496267,7.05089706864635E-17,0.986247151758463));
#8112=DIRECTION('',(0.165277208496304,7.0508970686463E-17,0.986247151758457));
#8113=DIRECTION('',(0.165277208496304,7.35354664892677E-17,0.986247151758457));
#8114=DIRECTION('',(0.,-1.,0.));
#8115=DIRECTION('center_axis',(0.,1.,0.));
#8116=DIRECTION('ref_axis',(0.671742419990149,0.,-0.740784800860397));
#8117=DIRECTION('center_axis',(1.14198105580166E-30,-1.,7.14921919528443E-17));
#8118=DIRECTION('ref_axis',(0.960431718428624,-1.99116875018514E-17,-0.278515554747381));
#8119=DIRECTION('center_axis',(0.,-1.,0.));
#8120=DIRECTION('ref_axis',(0.960431718428624,0.,-0.278515554747381));
#8121=DIRECTION('',(0.,-1.,0.));
#8122=DIRECTION('center_axis',(0.190731691430531,0.,-0.981642206653753));
#8123=DIRECTION('ref_axis',(0.981642206653753,1.36358266952428E-17,0.190731691430531));
#8124=DIRECTION('',(0.98164220665375,1.36358266952435E-17,0.190731691430546));
#8125=DIRECTION('',(0.98164220665375,9.78599425822504E-17,0.190731691430546));
#8126=DIRECTION('center_axis',(1.90493466208729E-31,-1.,7.14921919528455E-17));
#8127=DIRECTION('ref_axis',(1.,1.90493466208729E-31,0.));
#8128=DIRECTION('center_axis',(1.90493466208729E-31,-1.,7.14921919528455E-17));
#8129=DIRECTION('ref_axis',(1.,1.90493466208729E-31,0.));
#8130=DIRECTION('center_axis',(-0.997178329516591,0.,0.0750691623937616));
#8131=DIRECTION('ref_axis',(-0.0750691623937616,-7.12904645450177E-17,-0.997178329516591));
#8132=DIRECTION('',(-0.075069162393649,-7.12904645450188E-17,-0.9971783295166));
#8133=DIRECTION('',(0.,-1.,0.));
#8134=DIRECTION('',(-0.075069162393649,-2.22044604906461E-16,-0.9971783295166));
#8135=DIRECTION('',(0.,-1.,0.));
#8136=DIRECTION('center_axis',(-0.190731691484357,0.,-0.981642206643294));
#8137=DIRECTION('ref_axis',(0.981642206643294,-1.36358266990905E-17,-0.190731691484357));
#8138=DIRECTION('',(0.981642206643292,-1.36358266990915E-17,-0.19073169148437));
#8139=DIRECTION('',(0.,-1.,0.));
#8140=DIRECTION('',(0.981642206643292,0.,-0.19073169148437));
#8141=DIRECTION('center_axis',(0.,1.,0.));
#8142=DIRECTION('ref_axis',(-0.640846989226922,0.,-0.767668637107698));
#8143=DIRECTION('center_axis',(2.82754294644743E-31,-1.,7.14921919528462E-17));
#8144=DIRECTION('ref_axis',(-0.178748432161103,-7.03407966489929E-17,-0.983894810434504));
#8145=DIRECTION('',(0.,-1.,0.));
#8146=DIRECTION('center_axis',(-1.93804536732372E-15,-1.,-2.32157858396274E-15));
#8147=DIRECTION('ref_axis',(-0.178748432161103,2.75507340136509E-15,-0.983894810434504));
#8148=DIRECTION('center_axis',(-0.986247151763312,0.,-0.165277208467335));
#8149=DIRECTION('ref_axis',(0.165277208467335,-7.050897068681E-17,-0.986247151763312));
#8150=DIRECTION('',(0.165277208467335,-7.050897068681E-17,-0.986247151763312));
#8151=DIRECTION('',(0.,-1.,0.));
#8152=DIRECTION('',(0.165277208467335,-7.0661713141918E-17,-0.986247151763312));
#8153=DIRECTION('center_axis',(0.,-1.,0.));
#8154=DIRECTION('ref_axis',(0.646035135076898,0.,0.763307673383528));
#8155=DIRECTION('center_axis',(-1.02334845581975E-31,1.,-7.14921919528457E-17));
#8156=DIRECTION('ref_axis',(0.986247151760996,1.18160299141653E-17,0.165277208481156));
#8157=DIRECTION('',(0.,-1.,0.));
#8158=DIRECTION('center_axis',(0.,1.,0.));
#8159=DIRECTION('ref_axis',(0.986247151760996,0.,0.165277208481156));
#8160=DIRECTION('center_axis',(-1.48354583851504E-14,0.,-1.));
#8161=DIRECTION('ref_axis',(1.,-1.23530006100468E-30,-1.48354583851504E-14));
#8162=DIRECTION('',(1.,-1.0294167175039E-30,-1.48354583851504E-14));
#8163=DIRECTION('',(0.,-1.,0.));
#8164=DIRECTION('',(1.,0.,-1.48354583851504E-14));
#8165=DIRECTION('center_axis',(1.,0.,0.));
#8166=DIRECTION('ref_axis',(0.,7.14921919528455E-17,1.));
#8167=DIRECTION('',(0.,7.14921919528456E-17,1.));
#8168=DIRECTION('',(0.,-1.,0.));
#8169=DIRECTION('',(0.,0.,1.));
#8170=DIRECTION('center_axis',(0.,0.,1.));
#8171=DIRECTION('ref_axis',(-1.,0.,0.));
#8172=DIRECTION('',(-1.,0.,0.));
#8173=DIRECTION('',(0.,-1.,0.));
#8174=DIRECTION('',(-1.,0.,0.));
#8175=DIRECTION('center_axis',(0.,1.,0.));
#8176=DIRECTION('ref_axis',(0.646035100890836,0.,0.763307702317334));
#8177=DIRECTION('center_axis',(6.3034365722016E-31,-1.,7.14921919528462E-17));
#8178=DIRECTION('ref_axis',(8.26623674119177E-8,7.14921919528459E-17,0.999999999999997));
#8179=DIRECTION('',(0.,-1.,0.));
#8180=DIRECTION('center_axis',(7.31007095658307E-16,-1.,8.6370438045127E-16));
#8181=DIRECTION('ref_axis',(8.26623674119177E-8,8.03472024123587E-16,0.999999999999997));
#8182=DIRECTION('center_axis',(0.986247151758463,0.,0.165277208496267));
#8183=DIRECTION('ref_axis',(-0.165277208496267,7.05089706864635E-17,0.986247151758463));
#8184=DIRECTION('',(-0.165277208496304,7.0508970686463E-17,0.986247151758457));
#8185=DIRECTION('',(0.,-1.,0.));
#8186=DIRECTION('',(-0.165277208496304,7.35354664892677E-17,0.986247151758457));
#8187=DIRECTION('center_axis',(0.,-1.,0.));
#8188=DIRECTION('ref_axis',(-0.671742419990223,0.,-0.74078480086033));
#8189=DIRECTION('center_axis',(1.14198105580166E-30,1.,-7.14921919528443E-17));
#8190=DIRECTION('ref_axis',(-0.960431718428624,-1.99116875018514E-17,-0.278515554747381));
#8191=DIRECTION('',(0.,-1.,0.));
#8192=DIRECTION('center_axis',(0.,1.,0.));
#8193=DIRECTION('ref_axis',(-0.960431718428624,0.,-0.278515554747381));
#8194=DIRECTION('center_axis',(0.190731691430531,0.,0.981642206653753));
#8195=DIRECTION('ref_axis',(-0.981642206653753,1.36358266952428E-17,0.190731691430531));
#8196=DIRECTION('',(-0.98164220665375,1.36358266952435E-17,0.190731691430546));
#8197=DIRECTION('',(-0.98164220665375,9.78599425822504E-17,0.190731691430546));
#8198=DIRECTION('center_axis',(1.90493466208729E-31,1.,-7.14921919528455E-17));
#8199=DIRECTION('ref_axis',(-1.,1.90493466208729E-31,0.));
#8200=DIRECTION('center_axis',(1.90493466208729E-31,1.,-7.14921919528455E-17));
#8201=DIRECTION('ref_axis',(-1.,1.90493466208729E-31,0.));
#8202=DIRECTION('center_axis',(-0.997178329516591,0.,-0.0750691623937616));
#8203=DIRECTION('ref_axis',(0.0750691623937616,-7.12904645450177E-17,-0.997178329516591));
#8204=DIRECTION('',(0.075069162393649,-7.12904645450188E-17,-0.9971783295166));
#8205=DIRECTION('',(0.,-1.,0.));
#8206=DIRECTION('',(0.075069162393649,-2.22044604906461E-16,-0.9971783295166));
#8207=DIRECTION('',(0.,-1.,0.));
#8208=DIRECTION('center_axis',(-0.190731691484357,0.,0.981642206643294));
#8209=DIRECTION('ref_axis',(-0.981642206643294,-1.36358266990905E-17,-0.190731691484357));
#8210=DIRECTION('',(-0.981642206643292,-1.36358266990915E-17,-0.19073169148437));
#8211=DIRECTION('',(-0.981642206643292,0.,-0.19073169148437));
#8212=DIRECTION('',(0.,-1.,0.));
#8213=DIRECTION('center_axis',(0.,-1.,0.));
#8214=DIRECTION('ref_axis',(0.640846989226973,0.,-0.767668637107655));
#8215=DIRECTION('center_axis',(2.82754294644743E-31,1.,-7.14921919528462E-17));
#8216=DIRECTION('ref_axis',(0.178748432161103,-7.03407966489929E-17,-0.983894810434504));
#8217=DIRECTION('center_axis',(-1.93804536732372E-15,1.,2.32157858396274E-15));
#8218=DIRECTION('ref_axis',(0.178748432161103,2.75507340136509E-15,-0.983894810434504));
#8219=DIRECTION('',(0.,-1.,0.));
#8220=DIRECTION('center_axis',(-0.986247151763312,0.,0.165277208467335));
#8221=DIRECTION('ref_axis',(-0.165277208467335,-7.050897068681E-17,-0.986247151763312));
#8222=DIRECTION('',(-0.165277208467335,-7.050897068681E-17,-0.986247151763312));
#8223=DIRECTION('',(-0.165277208467335,-7.0661713141918E-17,-0.986247151763312));
#8224=DIRECTION('',(0.,-1.,0.));
#8225=DIRECTION('center_axis',(0.,1.,0.));
#8226=DIRECTION('ref_axis',(-0.646035135076922,0.,0.763307673383508));
#8227=DIRECTION('center_axis',(-1.02334845581975E-31,-1.,7.14921919528457E-17));
#8228=DIRECTION('ref_axis',(-0.986247151760996,1.18160299141653E-17,0.165277208481156));
#8229=DIRECTION('center_axis',(0.,-1.,0.));
#8230=DIRECTION('ref_axis',(-0.986247151760996,0.,0.165277208481156));
#8231=DIRECTION('',(0.,-1.,0.));
#8232=DIRECTION('center_axis',(-1.48354583851504E-14,0.,1.));
#8233=DIRECTION('ref_axis',(-1.,-1.23530006100468E-30,-1.48354583851504E-14));
#8234=DIRECTION('',(-1.,-1.0294167175039E-30,-1.48354583851504E-14));
#8235=DIRECTION('',(-1.,0.,-1.48354583851504E-14));
#8236=DIRECTION('',(0.,-1.,0.));
#8237=DIRECTION('center_axis',(1.,0.,0.));
#8238=DIRECTION('ref_axis',(0.,7.14921919528455E-17,1.));
#8239=DIRECTION('',(0.,7.14921919528456E-17,1.));
#8240=DIRECTION('',(0.,0.,1.));
#8241=DIRECTION('',(0.,-1.,0.));
#8242=DIRECTION('center_axis',(0.,0.,-1.));
#8243=DIRECTION('ref_axis',(1.,0.,0.));
#8244=DIRECTION('',(1.,0.,0.));
#8245=DIRECTION('',(1.,0.,0.));
#8246=DIRECTION('',(0.,-1.,0.));
#8247=DIRECTION('center_axis',(0.,-1.,0.));
#8248=DIRECTION('ref_axis',(-0.646035100890694,0.,0.763307702317454));
#8249=DIRECTION('center_axis',(6.30343657219924E-31,1.,-7.14921919528462E-17));
#8250=DIRECTION('ref_axis',(-8.26620931601568E-8,7.14921919528459E-17,0.999999999999997));
#8251=DIRECTION('center_axis',(7.31007095658034E-16,1.,-8.63704380450947E-16));
#8252=DIRECTION('ref_axis',(-8.26620931601568E-8,8.03472024123815E-16,0.999999999999997));
#8253=DIRECTION('',(0.,-1.,0.));
#8254=DIRECTION('center_axis',(0.986247151758463,0.,-0.165277208496267));
#8255=DIRECTION('ref_axis',(0.165277208496267,7.05089706864635E-17,0.986247151758463));
#8256=DIRECTION('',(0.165277208496304,7.0508970686463E-17,0.986247151758457));
#8257=DIRECTION('',(0.165277208496304,7.35354664892677E-17,0.986247151758457));
#8258=DIRECTION('',(0.,-1.,0.));
#8259=DIRECTION('center_axis',(0.,1.,0.));
#8260=DIRECTION('ref_axis',(0.671742419990149,0.,-0.740784800860397));
#8261=DIRECTION('center_axis',(1.14198105580166E-30,-1.,7.14921919528443E-17));
#8262=DIRECTION('ref_axis',(0.960431718428624,-1.99116875018514E-17,-0.278515554747381));
#8263=DIRECTION('center_axis',(0.,-1.,0.));
#8264=DIRECTION('ref_axis',(0.960431718428624,0.,-0.278515554747381));
#8265=DIRECTION('',(0.,-1.,0.));
#8266=DIRECTION('center_axis',(0.190731691430531,0.,-0.981642206653753));
#8267=DIRECTION('ref_axis',(0.981642206653753,1.36358266952428E-17,0.190731691430531));
#8268=DIRECTION('',(0.98164220665375,1.36358266952435E-17,0.190731691430546));
#8269=DIRECTION('',(0.98164220665375,9.78599425822504E-17,0.190731691430546));
#8270=DIRECTION('center_axis',(1.90493466208729E-31,-1.,7.14921919528455E-17));
#8271=DIRECTION('ref_axis',(1.,1.90493466208729E-31,0.));
#8272=DIRECTION('center_axis',(1.90493466208729E-31,-1.,7.14921919528455E-17));
#8273=DIRECTION('ref_axis',(1.,1.90493466208729E-31,0.));
#8274=DIRECTION('center_axis',(-0.997178329516591,0.,0.0750691623937616));
#8275=DIRECTION('ref_axis',(-0.0750691623937616,-7.12904645450177E-17,-0.997178329516591));
#8276=DIRECTION('',(-0.075069162393649,-7.12904645450188E-17,-0.9971783295166));
#8277=DIRECTION('',(0.,-1.,0.));
#8278=DIRECTION('',(-0.075069162393649,-2.22044604906461E-16,-0.9971783295166));
#8279=DIRECTION('',(0.,-1.,0.));
#8280=DIRECTION('center_axis',(-0.190731691484357,0.,-0.981642206643294));
#8281=DIRECTION('ref_axis',(0.981642206643294,-1.36358266990905E-17,-0.190731691484357));
#8282=DIRECTION('',(0.981642206643292,-1.36358266990915E-17,-0.19073169148437));
#8283=DIRECTION('',(0.,-1.,0.));
#8284=DIRECTION('',(0.981642206643292,0.,-0.19073169148437));
#8285=DIRECTION('center_axis',(0.,1.,0.));
#8286=DIRECTION('ref_axis',(-0.640846989226922,0.,-0.767668637107698));
#8287=DIRECTION('center_axis',(2.82754294644743E-31,-1.,7.14921919528462E-17));
#8288=DIRECTION('ref_axis',(-0.178748432161103,-7.03407966489929E-17,-0.983894810434504));
#8289=DIRECTION('',(0.,-1.,0.));
#8290=DIRECTION('center_axis',(-1.93804536732372E-15,-1.,-2.32157858396274E-15));
#8291=DIRECTION('ref_axis',(-0.178748432161103,2.75507340136509E-15,-0.983894810434504));
#8292=DIRECTION('center_axis',(-0.986247151763312,0.,-0.165277208467335));
#8293=DIRECTION('ref_axis',(0.165277208467335,-7.050897068681E-17,-0.986247151763312));
#8294=DIRECTION('',(0.165277208467335,-7.050897068681E-17,-0.986247151763312));
#8295=DIRECTION('',(0.,-1.,0.));
#8296=DIRECTION('',(0.165277208467335,-7.0661713141918E-17,-0.986247151763312));
#8297=DIRECTION('center_axis',(0.,-1.,0.));
#8298=DIRECTION('ref_axis',(0.646035135076898,0.,0.763307673383528));
#8299=DIRECTION('center_axis',(-1.02334845581975E-31,1.,-7.14921919528457E-17));
#8300=DIRECTION('ref_axis',(0.986247151760996,1.18160299141653E-17,0.165277208481156));
#8301=DIRECTION('',(0.,-1.,0.));
#8302=DIRECTION('center_axis',(0.,1.,0.));
#8303=DIRECTION('ref_axis',(0.986247151760996,0.,0.165277208481156));
#8304=DIRECTION('center_axis',(-1.48354583851504E-14,0.,-1.));
#8305=DIRECTION('ref_axis',(1.,-1.23530006100468E-30,-1.48354583851504E-14));
#8306=DIRECTION('',(1.,-1.0294167175039E-30,-1.48354583851504E-14));
#8307=DIRECTION('',(0.,-1.,0.));
#8308=DIRECTION('',(1.,0.,-1.48354583851504E-14));
#8309=DIRECTION('center_axis',(1.,0.,0.));
#8310=DIRECTION('ref_axis',(0.,7.14921919528455E-17,1.));
#8311=DIRECTION('',(0.,7.14921919528456E-17,1.));
#8312=DIRECTION('',(0.,-1.,0.));
#8313=DIRECTION('',(0.,0.,1.));
#8314=DIRECTION('center_axis',(0.,0.,1.));
#8315=DIRECTION('ref_axis',(-1.,0.,0.));
#8316=DIRECTION('',(-1.,0.,0.));
#8317=DIRECTION('',(0.,-1.,0.));
#8318=DIRECTION('',(-1.,0.,0.));
#8319=DIRECTION('center_axis',(0.,1.,0.));
#8320=DIRECTION('ref_axis',(0.646035100890836,0.,0.763307702317334));
#8321=DIRECTION('center_axis',(6.3034365722016E-31,-1.,7.14921919528462E-17));
#8322=DIRECTION('ref_axis',(8.26623674119177E-8,7.14921919528459E-17,0.999999999999997));
#8323=DIRECTION('',(0.,-1.,0.));
#8324=DIRECTION('center_axis',(7.31007095658307E-16,-1.,8.6370438045127E-16));
#8325=DIRECTION('ref_axis',(8.26623674119177E-8,8.03472024123587E-16,0.999999999999997));
#8326=DIRECTION('center_axis',(0.986247151758463,0.,0.165277208496267));
#8327=DIRECTION('ref_axis',(-0.165277208496267,7.05089706864635E-17,0.986247151758463));
#8328=DIRECTION('',(-0.165277208496304,7.0508970686463E-17,0.986247151758457));
#8329=DIRECTION('',(0.,-1.,0.));
#8330=DIRECTION('',(-0.165277208496304,7.35354664892677E-17,0.986247151758457));
#8331=DIRECTION('center_axis',(0.,-1.,0.));
#8332=DIRECTION('ref_axis',(-0.671742419990223,0.,-0.74078480086033));
#8333=DIRECTION('center_axis',(1.14198105580166E-30,1.,-7.14921919528443E-17));
#8334=DIRECTION('ref_axis',(-0.960431718428624,-1.99116875018514E-17,-0.278515554747381));
#8335=DIRECTION('',(0.,-1.,0.));
#8336=DIRECTION('center_axis',(0.,1.,0.));
#8337=DIRECTION('ref_axis',(-0.960431718428624,0.,-0.278515554747381));
#8338=DIRECTION('center_axis',(0.190731691430531,0.,0.981642206653753));
#8339=DIRECTION('ref_axis',(-0.981642206653753,1.36358266952428E-17,0.190731691430531));
#8340=DIRECTION('',(-0.98164220665375,1.36358266952435E-17,0.190731691430546));
#8341=DIRECTION('',(-0.98164220665375,9.78599425822504E-17,0.190731691430546));
#8342=DIRECTION('center_axis',(1.90493466208729E-31,1.,-7.14921919528455E-17));
#8343=DIRECTION('ref_axis',(-1.,1.90493466208729E-31,0.));
#8344=DIRECTION('center_axis',(1.90493466208729E-31,1.,-7.14921919528455E-17));
#8345=DIRECTION('ref_axis',(-1.,1.90493466208729E-31,0.));
#8346=DIRECTION('center_axis',(0.203558594952779,0.203558594952777,-0.957667894857973));
#8347=DIRECTION('ref_axis',(-0.677173462578733,-0.677173462578702,-0.287875325719835));
#8348=DIRECTION('',(-0.203558594952779,-0.203558594952777,0.957667894857973));
#8349=DIRECTION('center_axis',(0.,0.,-1.));
#8350=DIRECTION('ref_axis',(-0.707106781186563,-0.707106781186532,0.));
#8351=DIRECTION('',(0.203558594952779,0.203558594952777,-0.957667894857973));
#8352=DIRECTION('center_axis',(-1.83697019872103E-16,-1.,0.));
#8353=DIRECTION('ref_axis',(-0.629320391049838,1.15604280380602E-16,-0.777145961456971));
#8354=DIRECTION('',(1.83697019872103E-16,1.,0.));
#8355=DIRECTION('center_axis',(0.707106781186551,0.707106781186544,-7.85046229341892E-16));
#8356=DIRECTION('ref_axis',(0.707106781186544,-0.707106781186551,7.850462293419E-16));
#8357=DIRECTION('',(-1.83697019872103E-16,-1.,0.));
#8358=DIRECTION('center_axis',(-0.707106781186545,0.70710678118655,0.));
#8359=DIRECTION('ref_axis',(0.70710678118655,0.707106781186545,0.));
#8360=DIRECTION('center_axis',(-0.978147600733806,1.79682799249848E-16,
-0.207911690817759));
#8361=DIRECTION('ref_axis',(1.83697019872103E-16,1.,0.));
#8362=DIRECTION('',(1.83697019872103E-16,1.,0.));
#8363=DIRECTION('',(0.207911690817759,-3.81927579997925E-17,-0.978147600733806));
#8364=DIRECTION('',(1.83697019872103E-16,1.,0.));
#8365=DIRECTION('',(-0.207911690817759,3.81927579997925E-17,0.978147600733806));
#8366=DIRECTION('',(1.83697019872103E-16,1.,0.));
#8367=DIRECTION('',(-0.203558594952779,0.203558594952779,0.957667894857973));
#8368=DIRECTION('center_axis',(0.,0.,1.));
#8369=DIRECTION('ref_axis',(-1.83697019872103E-16,-1.,0.));
#8370=DIRECTION('',(-1.,1.83697019872103E-16,0.));
#8371=DIRECTION('center_axis',(0.,0.,-1.));
#8372=DIRECTION('ref_axis',(0.707106781186542,-0.707106781186553,0.));
#8373=DIRECTION('',(-1.83697019872103E-16,-1.,0.));
#8374=DIRECTION('',(-1.,1.83697019872103E-16,0.));
#8375=DIRECTION('',(1.83697019872103E-16,1.,0.));
#8376=DIRECTION('',(1.,-1.83697019872103E-16,0.));
#8377=DIRECTION('',(-1.83697019872103E-16,-1.,0.));
#8378=DIRECTION('center_axis',(0.,0.,-1.));
#8379=DIRECTION('ref_axis',(0.707106781186548,0.707106781186547,0.));
#8380=DIRECTION('',(1.,-1.83697019872103E-16,0.));
#8381=DIRECTION('center_axis',(0.,0.,-1.));
#8382=DIRECTION('ref_axis',(-0.707106781186549,0.707106781186546,0.));
#8383=DIRECTION('',(1.,-1.83697019872103E-16,0.));
#8384=DIRECTION('',(-1.83697019872103E-16,-1.,0.));
#8385=DIRECTION('',(-1.,1.83697019872103E-16,0.));
#8386=DIRECTION('center_axis',(-0.203558594952779,0.203558594952777,-0.957667894857973));
#8387=DIRECTION('ref_axis',(0.677173462578713,-0.677173462578726,-0.287875325719825));
#8388=DIRECTION('',(0.203558594952779,-0.203558594952777,0.957667894857973));
#8389=DIRECTION('',(-0.203558594952779,0.203558594952777,-0.957667894857973));
#8390=DIRECTION('center_axis',(0.978147600733806,-1.79682799249848E-16,
-0.20791169081776));
#8391=DIRECTION('ref_axis',(-1.83697019872103E-16,-1.,0.));
#8392=DIRECTION('',(-1.83697019872103E-16,-1.,0.));
#8393=DIRECTION('',(-0.203558594952779,-0.203558594952779,-0.957667894857973));
#8394=DIRECTION('',(-0.20791169081776,3.81927579997925E-17,-0.978147600733806));
#8395=DIRECTION('',(-1.83697019872103E-16,-1.,0.));
#8396=DIRECTION('',(0.20791169081776,-3.81927579997925E-17,0.978147600733806));
#8397=DIRECTION('center_axis',(-1.83697019872103E-16,-1.,0.));
#8398=DIRECTION('ref_axis',(0.629320391049838,-1.15604280380602E-16,-0.777145961456971));
#8399=DIRECTION('center_axis',(-0.707106781186544,-0.707106781186551,0.));
#8400=DIRECTION('ref_axis',(-0.707106781186551,0.707106781186544,0.));
#8401=DIRECTION('',(1.83697019872103E-16,1.,0.));
#8402=DIRECTION('center_axis',(-0.707106781186551,0.707106781186544,0.));
#8403=DIRECTION('ref_axis',(0.707106781186544,0.707106781186551,0.));
#8404=DIRECTION('center_axis',(-0.203558594952779,-0.203558594952779,-0.957667894857973));
#8405=DIRECTION('ref_axis',(0.677173462578718,0.677173462578718,-0.287875325719833));
#8406=DIRECTION('',(0.203558594952779,0.203558594952779,0.957667894857973));
#8407=DIRECTION('center_axis',(1.79682799249848E-16,0.978147600733806,-0.20791169081776));
#8408=DIRECTION('ref_axis',(1.,-1.83697019872103E-16,0.));
#8409=DIRECTION('',(1.,-1.83697019872103E-16,0.));
#8410=DIRECTION('',(0.203558594952779,-0.203558594952779,-0.957667894857973));
#8411=DIRECTION('center_axis',(-1.,1.83697019872103E-16,0.));
#8412=DIRECTION('ref_axis',(1.15604280380601E-16,0.629320391049834,-0.777145961456973));
#8413=DIRECTION('',(-1.,1.83697019872103E-16,0.));
#8414=DIRECTION('center_axis',(0.203558594952779,-0.203558594952779,-0.957667894857973));
#8415=DIRECTION('ref_axis',(-0.677173462578719,0.677173462578717,-0.287875325719831));
#8416=DIRECTION('center_axis',(1.,-1.83697019872103E-16,0.));
#8417=DIRECTION('ref_axis',(-1.15604280380601E-16,-0.629320391049836,-0.777145961456972));
#8418=DIRECTION('',(1.,-1.83697019872103E-16,0.));
#8419=DIRECTION('',(-1.,1.83697019872103E-16,0.));
#8420=DIRECTION('center_axis',(0.,0.,1.));
#8421=DIRECTION('ref_axis',(-1.83697019872103E-16,-1.,0.));
#8422=DIRECTION('center_axis',(0.,0.,1.));
#8423=DIRECTION('ref_axis',(1.83697019872103E-16,1.,0.));
#8424=DIRECTION('center_axis',(-1.79682799249848E-16,-0.978147600733806,
-0.207911690817757));
#8425=DIRECTION('ref_axis',(-1.,1.83697019872103E-16,0.));
#8426=DIRECTION('center_axis',(0.,0.,1.));
#8427=DIRECTION('ref_axis',(-1.83697019960628E-16,-1.,0.));
#8428=DIRECTION('center_axis',(0.,0.,1.));
#8429=DIRECTION('ref_axis',(1.83697019872103E-16,1.,0.));
#8430=DIRECTION('center_axis',(0.,0.,-1.));
#8431=DIRECTION('ref_axis',(1.83697019872103E-16,1.,0.));
#8432=DIRECTION('center_axis',(0.,0.,1.));
#8433=DIRECTION('ref_axis',(1.83697019872103E-16,1.,0.));
#8434=DIRECTION('center_axis',(0.,0.,1.));
#8435=DIRECTION('ref_axis',(-1.83697019872103E-16,-1.,0.));
#8436=DIRECTION('center_axis',(1.83697019872103E-16,1.,0.));
#8437=DIRECTION('ref_axis',(0.,0.,1.));
#8438=DIRECTION('',(0.,0.,1.));
#8439=DIRECTION('',(1.,-1.83697019872103E-16,0.));
#8440=DIRECTION('center_axis',(0.,0.,-1.));
#8441=DIRECTION('ref_axis',(1.83697019872103E-16,1.,0.));
#8442=DIRECTION('',(1.83697019872103E-16,1.,0.));
#8443=DIRECTION('',(1.,-1.83697019872103E-16,0.));
#8444=DIRECTION('center_axis',(-1.83697019872103E-16,-1.,0.));
#8445=DIRECTION('ref_axis',(0.,0.,-1.));
#8446=DIRECTION('',(0.,0.,-1.));
#8447=DIRECTION('center_axis',(1.,-1.83697019872103E-16,0.));
#8448=DIRECTION('ref_axis',(0.,0.,1.));
#8449=DIRECTION('center_axis',(-1.83697019872103E-16,-1.,0.));
#8450=DIRECTION('ref_axis',(0.,0.,-1.));
#8451=DIRECTION('',(0.,0.,-1.));
#8452=DIRECTION('',(1.,-1.83697019872103E-16,0.));
#8453=DIRECTION('center_axis',(0.,0.,-1.));
#8454=DIRECTION('ref_axis',(1.83697019872103E-16,1.,0.));
#8455=DIRECTION('',(1.83697019872103E-16,1.,0.));
#8456=DIRECTION('',(1.,-1.83697019872103E-16,0.));
#8457=DIRECTION('center_axis',(1.83697019872103E-16,1.,0.));
#8458=DIRECTION('ref_axis',(0.,0.,1.));
#8459=DIRECTION('',(0.,0.,1.));
#8460=DIRECTION('center_axis',(1.,-1.83697019872103E-16,0.));
#8461=DIRECTION('ref_axis',(0.,0.,1.));
#8462=CARTESIAN_POINT('',(0.,0.,0.));
#8463=CARTESIAN_POINT('Origin',(1.06802181737285,-3.03292805183872,2.65));
#8464=CARTESIAN_POINT('',(1.06802181737285,-3.03292805183872,2.65));
#8465=CARTESIAN_POINT('',(1.06802181737285,-3.18282962043872,2.65));
#8466=CARTESIAN_POINT('',(1.06802181737285,-3.03292805183872,2.65));
#8467=CARTESIAN_POINT('',(1.06802181737285,-3.18282962043872,2.66));
#8468=CARTESIAN_POINT('',(1.06802181737285,-3.18282962043872,2.65));
#8469=CARTESIAN_POINT('',(1.06802181737285,-3.03292805183872,2.66));
#8470=CARTESIAN_POINT('',(1.06802181737285,-3.03292805183872,2.66));
#8471=CARTESIAN_POINT('',(1.06802181737285,-3.03292805183872,2.65));
#8472=CARTESIAN_POINT('Origin',(1.70007808358925,-3.03292805187474,2.65));
#8473=CARTESIAN_POINT('',(1.70007808358925,-3.03292805187474,2.65));
#8474=CARTESIAN_POINT('',(1.70007808358925,-3.03292805187474,2.65));
#8475=CARTESIAN_POINT('',(1.70007808358925,-3.03292805187474,2.66));
#8476=CARTESIAN_POINT('',(1.70007808358925,-3.03292805187474,2.66));
#8477=CARTESIAN_POINT('',(1.70007808358925,-3.03292805187474,2.65));
#8478=CARTESIAN_POINT('Ctrl Pts',(1.66796617347285,-2.83098566033872,2.65));
#8479=CARTESIAN_POINT('Ctrl Pts',(1.66796617347285,-2.83098566033872,2.66));
#8480=CARTESIAN_POINT('Ctrl Pts',(1.71447820772955,-2.83359791700128,2.65));
#8481=CARTESIAN_POINT('Ctrl Pts',(1.71447820772955,-2.83359791700128,2.66));
#8482=CARTESIAN_POINT('Ctrl Pts',(1.79813351215449,-2.91005335198532,2.65));
#8483=CARTESIAN_POINT('Ctrl Pts',(1.79813351215449,-2.91005335198532,2.66));
#8484=CARTESIAN_POINT('Ctrl Pts',(1.75131517655447,-3.02052616451348,2.65));
#8485=CARTESIAN_POINT('Ctrl Pts',(1.75131517655447,-3.02052616451348,2.66));
#8486=CARTESIAN_POINT('Ctrl Pts',(1.70007808358925,-3.03292805187474,2.65));
#8487=CARTESIAN_POINT('Ctrl Pts',(1.70007808358925,-3.03292805187474,2.66));
#8488=CARTESIAN_POINT('',(1.66796617347285,-2.83098566033872,2.65));
#8489=CARTESIAN_POINT('Ctrl Pts',(1.66796617347285,-2.83098566033872,2.65));
#8490=CARTESIAN_POINT('Ctrl Pts',(1.71447820772955,-2.83359791700128,2.65));
#8491=CARTESIAN_POINT('Ctrl Pts',(1.79813351215449,-2.91005335198532,2.65));
#8492=CARTESIAN_POINT('Ctrl Pts',(1.75131517655447,-3.02052616451348,2.65));
#8493=CARTESIAN_POINT('Ctrl Pts',(1.70007808358925,-3.03292805187474,2.65));
#8494=CARTESIAN_POINT('',(1.66796617347285,-2.83098566033872,2.66));
#8495=CARTESIAN_POINT('Ctrl Pts',(1.66796617347285,-2.83098566033872,2.66));
#8496=CARTESIAN_POINT('Ctrl Pts',(1.71447820772955,-2.83359791700128,2.66));
#8497=CARTESIAN_POINT('Ctrl Pts',(1.79813351215449,-2.91005335198532,2.66));
#8498=CARTESIAN_POINT('Ctrl Pts',(1.75131517655447,-3.02052616451348,2.66));
#8499=CARTESIAN_POINT('Ctrl Pts',(1.70007808358925,-3.03292805187474,2.66));
#8500=CARTESIAN_POINT('',(1.66796617347285,-2.83098566033872,2.65));
#8501=CARTESIAN_POINT('Origin',(1.06802181737285,-2.83098566033872,2.65));
#8502=CARTESIAN_POINT('',(1.06802181737285,-2.83098566033872,2.65));
#8503=CARTESIAN_POINT('',(1.06802181737285,-2.83098566033872,2.65));
#8504=CARTESIAN_POINT('',(1.06802181737285,-2.83098566033872,2.66));
#8505=CARTESIAN_POINT('',(1.06802181737285,-2.83098566033872,2.66));
#8506=CARTESIAN_POINT('',(1.06802181737285,-2.83098566033872,2.65));
#8507=CARTESIAN_POINT('Origin',(1.06802181737286,-2.67963811683872,2.65));
#8508=CARTESIAN_POINT('',(1.06802181737286,-2.67963811683872,2.65));
#8509=CARTESIAN_POINT('',(1.06802181737286,-2.67963811683872,2.65));
#8510=CARTESIAN_POINT('',(1.06802181737286,-2.67963811683872,2.66));
#8511=CARTESIAN_POINT('',(1.06802181737286,-2.67963811683872,2.66));
#8512=CARTESIAN_POINT('',(1.06802181737286,-2.67963811683872,2.65));
#8513=CARTESIAN_POINT('Origin',(1.89313988247285,-2.67963811683872,2.65));
#8514=CARTESIAN_POINT('',(1.89313988247285,-2.67963811683872,2.65));
#8515=CARTESIAN_POINT('',(1.89313988247285,-2.67963811683872,2.65));
#8516=CARTESIAN_POINT('',(1.89313988247285,-2.67963811683872,2.66));
#8517=CARTESIAN_POINT('',(1.89313988247285,-2.67963811683872,2.66));
#8518=CARTESIAN_POINT('',(1.89313988247285,-2.67963811683872,2.65));
#8519=CARTESIAN_POINT('Origin',(1.89313988247285,-2.83098566033872,2.65));
#8520=CARTESIAN_POINT('',(1.89313988247285,-2.83098566033872,2.65));
#8521=CARTESIAN_POINT('',(1.89313988247285,-2.83098566033872,2.65));
#8522=CARTESIAN_POINT('',(1.89313988247285,-2.83098566033872,2.66));
#8523=CARTESIAN_POINT('',(1.89313988247285,-2.83098566033872,2.66));
#8524=CARTESIAN_POINT('',(1.89313988247285,-2.83098566033872,2.65));
#8525=CARTESIAN_POINT('Origin',(1.82596320008141,-2.83098566029051,2.65));
#8526=CARTESIAN_POINT('',(1.82596320008141,-2.83098566029051,2.65));
#8527=CARTESIAN_POINT('',(1.82596320008141,-2.83098566029051,2.65));
#8528=CARTESIAN_POINT('',(1.82596320008141,-2.83098566029051,2.66));
#8529=CARTESIAN_POINT('',(1.82596320008141,-2.83098566029051,2.66));
#8530=CARTESIAN_POINT('',(1.82596320008141,-2.83098566029051,2.65));
#8531=CARTESIAN_POINT('Ctrl Pts',(1.76362074935433,-3.18282962048041,2.65));
#8532=CARTESIAN_POINT('Ctrl Pts',(1.76362074935433,-3.18282962048041,2.66));
#8533=CARTESIAN_POINT('Ctrl Pts',(1.87438845116866,-3.16212205453634,2.65));
#8534=CARTESIAN_POINT('Ctrl Pts',(1.87438845116866,-3.16212205453634,2.66));
#8535=CARTESIAN_POINT('Ctrl Pts',(1.95223915282429,-2.99940421284587,2.65));
#8536=CARTESIAN_POINT('Ctrl Pts',(1.95223915282429,-2.99940421284587,2.66));
#8537=CARTESIAN_POINT('Ctrl Pts',(1.85966967497775,-2.87591853064498,2.65));
#8538=CARTESIAN_POINT('Ctrl Pts',(1.85966967497775,-2.87591853064498,2.66));
#8539=CARTESIAN_POINT('Ctrl Pts',(1.82596320008141,-2.83098566029051,2.65));
#8540=CARTESIAN_POINT('Ctrl Pts',(1.82596320008141,-2.83098566029051,2.66));
#8541=CARTESIAN_POINT('',(1.76362074935433,-3.18282962048041,2.65));
#8542=CARTESIAN_POINT('Ctrl Pts',(1.76362074935433,-3.18282962048041,2.65));
#8543=CARTESIAN_POINT('Ctrl Pts',(1.87438845116866,-3.16212205453634,2.65));
#8544=CARTESIAN_POINT('Ctrl Pts',(1.95223915282429,-2.99940421284587,2.65));
#8545=CARTESIAN_POINT('Ctrl Pts',(1.85966967497775,-2.87591853064498,2.65));
#8546=CARTESIAN_POINT('Ctrl Pts',(1.82596320008141,-2.83098566029051,2.65));
#8547=CARTESIAN_POINT('',(1.76362074935433,-3.18282962048041,2.66));
#8548=CARTESIAN_POINT('Ctrl Pts',(1.76362074935433,-3.18282962048041,2.66));
#8549=CARTESIAN_POINT('Ctrl Pts',(1.87438845116866,-3.16212205453634,2.66));
#8550=CARTESIAN_POINT('Ctrl Pts',(1.95223915282429,-2.99940421284587,2.66));
#8551=CARTESIAN_POINT('Ctrl Pts',(1.85966967497775,-2.87591853064498,2.66));
#8552=CARTESIAN_POINT('Ctrl Pts',(1.82596320008141,-2.83098566029051,2.66));
#8553=CARTESIAN_POINT('',(1.76362074935433,-3.18282962048041,2.65));
#8554=CARTESIAN_POINT('Origin',(1.06802181737285,-3.18282962043872,2.65));
#8555=CARTESIAN_POINT('',(1.06802181737285,-3.18282962043872,2.65));
#8556=CARTESIAN_POINT('',(1.06802181737285,-3.18282962043872,2.66));
#8557=CARTESIAN_POINT('Origin',(1.48957407163213,-2.92585837379873,2.66));
#8558=CARTESIAN_POINT('Origin',(1.48957407163213,-2.92585837379873,2.65));
#8559=CARTESIAN_POINT('Origin',(1.06802181737285,-1.05010268773872,2.65));
#8560=CARTESIAN_POINT('',(1.06802181737285,-1.05010268773872,2.65));
#8561=CARTESIAN_POINT('',(1.06802181737285,-1.20000425623872,2.65));
#8562=CARTESIAN_POINT('',(1.06802181737285,-1.05010268773872,2.65));
#8563=CARTESIAN_POINT('',(1.06802181737285,-1.20000425623872,2.66));
#8564=CARTESIAN_POINT('',(1.06802181737285,-1.20000425623872,2.65));
#8565=CARTESIAN_POINT('',(1.06802181737285,-1.05010268773872,2.66));
#8566=CARTESIAN_POINT('',(1.06802181737285,-1.05010268773872,2.66));
#8567=CARTESIAN_POINT('',(1.06802181737285,-1.05010268773872,2.65));
#8568=CARTESIAN_POINT('Origin',(1.67872172805104,-1.05010268773872,2.65));
#8569=CARTESIAN_POINT('',(1.67872172805104,-1.05010268773872,2.65));
#8570=CARTESIAN_POINT('',(1.67872172805104,-1.05010268773872,2.65));
#8571=CARTESIAN_POINT('',(1.67872172805104,-1.05010268773872,2.66));
#8572=CARTESIAN_POINT('',(1.67872172805104,-1.05010268773872,2.66));
#8573=CARTESIAN_POINT('',(1.67872172805104,-1.05010268773872,2.65));
#8574=CARTESIAN_POINT('Ctrl Pts',(1.66796617347285,-0.848160296138717,2.65));
#8575=CARTESIAN_POINT('Ctrl Pts',(1.66796617347285,-0.848160296138717,2.66));
#8576=CARTESIAN_POINT('Ctrl Pts',(1.7245110281491,-0.853046651050891,2.65));
#8577=CARTESIAN_POINT('Ctrl Pts',(1.7245110281491,-0.853046651050891,2.66));
#8578=CARTESIAN_POINT('Ctrl Pts',(1.79813351215449,-0.927227987873438,2.65));
#8579=CARTESIAN_POINT('Ctrl Pts',(1.79813351215449,-0.927227987873438,2.66));
#8580=CARTESIAN_POINT('Ctrl Pts',(1.75291199391087,-1.05093583864126,2.65));
#8581=CARTESIAN_POINT('Ctrl Pts',(1.75291199391087,-1.05093583864126,2.66));
#8582=CARTESIAN_POINT('Ctrl Pts',(1.67872172805104,-1.05010268773872,2.65));
#8583=CARTESIAN_POINT('Ctrl Pts',(1.67872172805104,-1.05010268773872,2.66));
#8584=CARTESIAN_POINT('',(1.66796617347285,-0.848160296138717,2.65));
#8585=CARTESIAN_POINT('Ctrl Pts',(1.66796617347285,-0.848160296138717,2.65));
#8586=CARTESIAN_POINT('Ctrl Pts',(1.7245110281491,-0.853046651050891,2.65));
#8587=CARTESIAN_POINT('Ctrl Pts',(1.79813351215449,-0.927227987873438,2.65));
#8588=CARTESIAN_POINT('Ctrl Pts',(1.75291199391087,-1.05093583864126,2.65));
#8589=CARTESIAN_POINT('Ctrl Pts',(1.67872172805104,-1.05010268773872,2.65));
#8590=CARTESIAN_POINT('',(1.66796617347285,-0.848160296138717,2.66));
#8591=CARTESIAN_POINT('Ctrl Pts',(1.66796617347285,-0.848160296138717,2.66));
#8592=CARTESIAN_POINT('Ctrl Pts',(1.7245110281491,-0.853046651050891,2.66));
#8593=CARTESIAN_POINT('Ctrl Pts',(1.79813351215449,-0.927227987873438,2.66));
#8594=CARTESIAN_POINT('Ctrl Pts',(1.75291199391087,-1.05093583864126,2.66));
#8595=CARTESIAN_POINT('Ctrl Pts',(1.67872172805104,-1.05010268773872,2.66));
#8596=CARTESIAN_POINT('',(1.66796617347285,-0.848160296138717,2.65));
#8597=CARTESIAN_POINT('Origin',(1.06802181737285,-0.848160296138719,2.65));
#8598=CARTESIAN_POINT('',(1.06802181737285,-0.848160296138719,2.65));
#8599=CARTESIAN_POINT('',(1.06802181737285,-0.848160296138719,2.65));
#8600=CARTESIAN_POINT('',(1.06802181737285,-0.848160296138719,2.66));
#8601=CARTESIAN_POINT('',(1.06802181737285,-0.848160296138719,2.66));
#8602=CARTESIAN_POINT('',(1.06802181737285,-0.848160296138719,2.65));
#8603=CARTESIAN_POINT('Origin',(1.06802181737286,-0.696812752738717,2.65));
#8604=CARTESIAN_POINT('',(1.06802181737286,-0.696812752738717,2.65));
#8605=CARTESIAN_POINT('',(1.06802181737286,-0.696812752738717,2.65));
#8606=CARTESIAN_POINT('',(1.06802181737286,-0.696812752738717,2.66));
#8607=CARTESIAN_POINT('',(1.06802181737286,-0.696812752738717,2.66));
#8608=CARTESIAN_POINT('',(1.06802181737286,-0.696812752738717,2.65));
#8609=CARTESIAN_POINT('Origin',(1.89313988247285,-0.696812752738715,2.65));
#8610=CARTESIAN_POINT('',(1.89313988247285,-0.696812752738715,2.65));
#8611=CARTESIAN_POINT('',(1.89313988247285,-0.696812752738715,2.65));
#8612=CARTESIAN_POINT('',(1.89313988247285,-0.696812752738715,2.66));
#8613=CARTESIAN_POINT('',(1.89313988247285,-0.696812752738715,2.66));
#8614=CARTESIAN_POINT('',(1.89313988247285,-0.696812752738715,2.65));
#8615=CARTESIAN_POINT('Origin',(1.89313988247285,-0.848160296138717,2.65));
#8616=CARTESIAN_POINT('',(1.89313988247285,-0.848160296138717,2.65));
#8617=CARTESIAN_POINT('',(1.89313988247285,-0.848160296138717,2.65));
#8618=CARTESIAN_POINT('',(1.89313988247285,-0.848160296138717,2.66));
#8619=CARTESIAN_POINT('',(1.89313988247285,-0.848160296138717,2.66));
#8620=CARTESIAN_POINT('',(1.89313988247285,-0.848160296138717,2.65));
#8621=CARTESIAN_POINT('Origin',(1.82596320008141,-0.848160296178625,2.65));
#8622=CARTESIAN_POINT('',(1.82596320008141,-0.848160296178625,2.65));
#8623=CARTESIAN_POINT('',(1.82596320008141,-0.848160296178625,2.65));
#8624=CARTESIAN_POINT('',(1.82596320008141,-0.848160296178625,2.66));
#8625=CARTESIAN_POINT('',(1.82596320008141,-0.848160296178625,2.66));
#8626=CARTESIAN_POINT('',(1.82596320008141,-0.848160296178625,2.65));
#8627=CARTESIAN_POINT('Ctrl Pts',(1.74843728996631,-1.2000042561923,2.65));
#8628=CARTESIAN_POINT('Ctrl Pts',(1.74843728996631,-1.2000042561923,2.66));
#8629=CARTESIAN_POINT('Ctrl Pts',(1.87438845116866,-1.17929669042445,2.65));
#8630=CARTESIAN_POINT('Ctrl Pts',(1.87438845116866,-1.17929669042445,2.66));
#8631=CARTESIAN_POINT('Ctrl Pts',(1.94078767790102,-1.01278147392391,2.65));
#8632=CARTESIAN_POINT('Ctrl Pts',(1.94078767790102,-1.01278147392391,2.66));
#8633=CARTESIAN_POINT('Ctrl Pts',(1.85966967497775,-0.89309316653309,2.65));
#8634=CARTESIAN_POINT('Ctrl Pts',(1.85966967497775,-0.89309316653309,2.66));
#8635=CARTESIAN_POINT('Ctrl Pts',(1.82596320008141,-0.848160296178625,2.65));
#8636=CARTESIAN_POINT('Ctrl Pts',(1.82596320008141,-0.848160296178625,2.66));
#8637=CARTESIAN_POINT('',(1.74843728996631,-1.2000042561923,2.65));
#8638=CARTESIAN_POINT('Ctrl Pts',(1.74843728996631,-1.2000042561923,2.65));
#8639=CARTESIAN_POINT('Ctrl Pts',(1.87438845116866,-1.17929669042445,2.65));
#8640=CARTESIAN_POINT('Ctrl Pts',(1.94078767790102,-1.01278147392391,2.65));
#8641=CARTESIAN_POINT('Ctrl Pts',(1.85966967497775,-0.89309316653309,2.65));
#8642=CARTESIAN_POINT('Ctrl Pts',(1.82596320008141,-0.848160296178625,2.65));
#8643=CARTESIAN_POINT('',(1.74843728996631,-1.2000042561923,2.66));
#8644=CARTESIAN_POINT('Ctrl Pts',(1.74843728996631,-1.2000042561923,2.66));
#8645=CARTESIAN_POINT('Ctrl Pts',(1.87438845116866,-1.17929669042445,2.66));
#8646=CARTESIAN_POINT('Ctrl Pts',(1.94078767790102,-1.01278147392391,2.66));
#8647=CARTESIAN_POINT('Ctrl Pts',(1.85966967497775,-0.89309316653309,2.66));
#8648=CARTESIAN_POINT('Ctrl Pts',(1.82596320008141,-0.848160296178625,2.66));
#8649=CARTESIAN_POINT('',(1.74843728996631,-1.2000042561923,2.65));
#8650=CARTESIAN_POINT('Origin',(1.06802181737285,-1.20000425623872,2.65));
#8651=CARTESIAN_POINT('',(1.06802181737285,-1.20000425623872,2.65));
#8652=CARTESIAN_POINT('',(1.06802181737285,-1.20000425623872,2.66));
#8653=CARTESIAN_POINT('Origin',(1.48880257561387,-0.942534201493824,2.66));
#8654=CARTESIAN_POINT('Origin',(1.48880257561387,-0.942534201493824,2.65));
#8655=CARTESIAN_POINT('Origin',(1.58616128476925,-2.13179959993127,2.65));
#8656=CARTESIAN_POINT('',(1.58616128476925,-2.13179959993127,2.65));
#8657=CARTESIAN_POINT('',(1.37613218441843,-2.13179959993127,2.65));
#8658=CARTESIAN_POINT('',(1.53251203216569,-2.13179959993698,2.65));
#8659=CARTESIAN_POINT('',(1.58616128476925,-2.13179959993127,2.66));
#8660=CARTESIAN_POINT('',(1.58616128476925,-2.13179959993127,2.65));
#8661=CARTESIAN_POINT('',(1.37613218441843,-2.13179959993127,2.66));
#8662=CARTESIAN_POINT('',(1.53251203216569,-2.13179959993698,2.66));
#8663=CARTESIAN_POINT('',(1.37613218441843,-2.13179959993127,2.65));
#8664=CARTESIAN_POINT('Ctrl Pts',(1.58070119607285,-2.39174718573872,2.65));
#8665=CARTESIAN_POINT('Ctrl Pts',(1.58070119607285,-2.39174718573872,2.66));
#8666=CARTESIAN_POINT('Ctrl Pts',(1.66526316926191,-2.39749189246596,2.65));
#8667=CARTESIAN_POINT('Ctrl Pts',(1.66526316926191,-2.39749189246596,2.66));
#8668=CARTESIAN_POINT('Ctrl Pts',(1.77852249877937,-2.37629814319963,2.65));
#8669=CARTESIAN_POINT('Ctrl Pts',(1.77852249877937,-2.37629814319963,2.66));
#8670=CARTESIAN_POINT('Ctrl Pts',(1.77852249877937,-2.14814146357489,2.65));
#8671=CARTESIAN_POINT('Ctrl Pts',(1.77852249877937,-2.14814146357489,2.66));
#8672=CARTESIAN_POINT('Ctrl Pts',(1.64180344310754,-2.13135271853309,2.65));
#8673=CARTESIAN_POINT('Ctrl Pts',(1.64180344310754,-2.13135271853309,2.66));
#8674=CARTESIAN_POINT('Ctrl Pts',(1.58616128476925,-2.13179959993127,2.65));
#8675=CARTESIAN_POINT('Ctrl Pts',(1.58616128476925,-2.13179959993127,2.66));
#8676=CARTESIAN_POINT('',(1.58070119607285,-2.39174718573872,2.65));
#8677=CARTESIAN_POINT('Ctrl Pts',(1.58070119607285,-2.39174718573872,2.65));
#8678=CARTESIAN_POINT('Ctrl Pts',(1.66526316926191,-2.39749189246596,2.65));
#8679=CARTESIAN_POINT('Ctrl Pts',(1.77852249877937,-2.37629814319963,2.65));
#8680=CARTESIAN_POINT('Ctrl Pts',(1.77852249877937,-2.14814146357489,2.65));
#8681=CARTESIAN_POINT('Ctrl Pts',(1.64180344310754,-2.13135271853309,2.65));
#8682=CARTESIAN_POINT('Ctrl Pts',(1.58616128476925,-2.13179959993127,2.65));
#8683=CARTESIAN_POINT('',(1.58070119607285,-2.39174718573872,2.66));
#8684=CARTESIAN_POINT('',(1.58070119607285,-2.39174718573872,2.65));
#8685=CARTESIAN_POINT('Ctrl Pts',(1.58616128476925,-2.13179959993127,2.66));
#8686=CARTESIAN_POINT('Ctrl Pts',(1.64180344310754,-2.13135271853309,2.66));
#8687=CARTESIAN_POINT('Ctrl Pts',(1.77852249877937,-2.14814146357489,2.66));
#8688=CARTESIAN_POINT('Ctrl Pts',(1.77852249877937,-2.37629814319963,2.66));
#8689=CARTESIAN_POINT('Ctrl Pts',(1.66526316926191,-2.39749189246596,2.66));
#8690=CARTESIAN_POINT('Ctrl Pts',(1.58070119607285,-2.39174718573872,2.66));
#8691=CARTESIAN_POINT('Origin',(1.36134572014709,-2.39174718577109,2.65));
#8692=CARTESIAN_POINT('',(1.36134572014709,-2.39174718577109,2.65));
#8693=CARTESIAN_POINT('',(1.42010424988971,-2.39174718574508,2.65));
#8694=CARTESIAN_POINT('',(1.36134572014709,-2.39174718577109,2.66));
#8695=CARTESIAN_POINT('',(1.36134572014709,-2.39174718577109,2.65));
#8696=CARTESIAN_POINT('',(1.42010424988971,-2.39174718574508,2.66));
#8697=CARTESIAN_POINT('Ctrl Pts',(1.37613218441843,-2.13179959993127,2.65));
#8698=CARTESIAN_POINT('Ctrl Pts',(1.37613218441843,-2.13179959993127,2.66));
#8699=CARTESIAN_POINT('Ctrl Pts',(1.31880747818072,-2.12850910241947,2.65));
#8700=CARTESIAN_POINT('Ctrl Pts',(1.31880747818072,-2.12850910241947,2.66));
#8701=CARTESIAN_POINT('Ctrl Pts',(1.20579219389101,-2.14568791179217,2.65));
#8702=CARTESIAN_POINT('Ctrl Pts',(1.20579219389101,-2.14568791179217,2.66));
#8703=CARTESIAN_POINT('Ctrl Pts',(1.18778776358668,-2.26485743476311,2.65));
#8704=CARTESIAN_POINT('Ctrl Pts',(1.18778776358668,-2.26485743476311,2.66));
#8705=CARTESIAN_POINT('Ctrl Pts',(1.20655626664669,-2.37089782857404,2.65));
#8706=CARTESIAN_POINT('Ctrl Pts',(1.20655626664669,-2.37089782857404,2.66));
#8707=CARTESIAN_POINT('Ctrl Pts',(1.30273282423302,-2.39285579888744,2.65));
#8708=CARTESIAN_POINT('Ctrl Pts',(1.30273282423302,-2.39285579888744,2.66));
#8709=CARTESIAN_POINT('Ctrl Pts',(1.36134572014709,-2.39174718577109,2.65));
#8710=CARTESIAN_POINT('Ctrl Pts',(1.36134572014709,-2.39174718577109,2.66));
#8711=CARTESIAN_POINT('Ctrl Pts',(1.37613218441843,-2.13179959993127,2.65));
#8712=CARTESIAN_POINT('Ctrl Pts',(1.31880747818072,-2.12850910241947,2.65));
#8713=CARTESIAN_POINT('Ctrl Pts',(1.20579219389101,-2.14568791179217,2.65));
#8714=CARTESIAN_POINT('Ctrl Pts',(1.18778776358668,-2.26485743476311,2.65));
#8715=CARTESIAN_POINT('Ctrl Pts',(1.20655626664669,-2.37089782857404,2.65));
#8716=CARTESIAN_POINT('Ctrl Pts',(1.30273282423302,-2.39285579888744,2.65));
#8717=CARTESIAN_POINT('Ctrl Pts',(1.36134572014709,-2.39174718577109,2.65));
#8718=CARTESIAN_POINT('Ctrl Pts',(1.36134572014709,-2.39174718577109,2.66));
#8719=CARTESIAN_POINT('Ctrl Pts',(1.30273282423302,-2.39285579888744,2.66));
#8720=CARTESIAN_POINT('Ctrl Pts',(1.20655626664669,-2.37089782857404,2.66));
#8721=CARTESIAN_POINT('Ctrl Pts',(1.18778776358668,-2.26485743476311,2.66));
#8722=CARTESIAN_POINT('Ctrl Pts',(1.20579219389101,-2.14568791179217,2.66));
#8723=CARTESIAN_POINT('Ctrl Pts',(1.31880747818072,-2.12850910241947,2.66));
#8724=CARTESIAN_POINT('Ctrl Pts',(1.37613218441843,-2.13179959993127,2.66));
#8725=CARTESIAN_POINT('Origin',(1.5922610263355,-1.9904436489599,2.65));
#8726=CARTESIAN_POINT('',(1.5922610263355,-1.9904436489599,2.65));
#8727=CARTESIAN_POINT('',(1.40112018615586,-1.9904436489599,2.65));
#8728=CARTESIAN_POINT('',(1.5922610263355,-1.9904436489599,2.65));
#8729=CARTESIAN_POINT('',(1.40112018615586,-1.9904436489599,2.66));
#8730=CARTESIAN_POINT('',(1.40112018615586,-1.9904436489599,2.65));
#8731=CARTESIAN_POINT('',(1.5922610263355,-1.9904436489599,2.66));
#8732=CARTESIAN_POINT('',(1.5922610263355,-1.9904436489599,2.66));
#8733=CARTESIAN_POINT('',(1.5922610263355,-1.9904436489599,2.65));
#8734=CARTESIAN_POINT('Ctrl Pts',(1.58616128477285,-2.54165675353872,2.65));
#8735=CARTESIAN_POINT('Ctrl Pts',(1.58616128477285,-2.54165675353872,2.66));
#8736=CARTESIAN_POINT('Ctrl Pts',(1.69159010685795,-2.53687461966244,2.65));
#8737=CARTESIAN_POINT('Ctrl Pts',(1.69159010685795,-2.53687461966244,2.66));
#8738=CARTESIAN_POINT('Ctrl Pts',(1.92548803066975,-2.49370690048757,2.65));
#8739=CARTESIAN_POINT('Ctrl Pts',(1.92548803066975,-2.49370690048757,2.66));
#8740=CARTESIAN_POINT('Ctrl Pts',(1.91969006619843,-2.13207891825018,2.65));
#8741=CARTESIAN_POINT('Ctrl Pts',(1.91969006619843,-2.13207891825018,2.66));
#8742=CARTESIAN_POINT('Ctrl Pts',(1.77883859808332,-2.01079574044473,2.65));
#8743=CARTESIAN_POINT('Ctrl Pts',(1.77883859808332,-2.01079574044473,2.66));
#8744=CARTESIAN_POINT('Ctrl Pts',(1.63591398680929,-1.99454491278215,2.65));
#8745=CARTESIAN_POINT('Ctrl Pts',(1.63591398680929,-1.99454491278215,2.66));
#8746=CARTESIAN_POINT('Ctrl Pts',(1.5922610263355,-1.9904436489599,2.65));
#8747=CARTESIAN_POINT('Ctrl Pts',(1.5922610263355,-1.9904436489599,2.66));
#8748=CARTESIAN_POINT('',(1.58616128477285,-2.54165675353872,2.65));
#8749=CARTESIAN_POINT('Ctrl Pts',(1.58616128477285,-2.54165675353872,2.65));
#8750=CARTESIAN_POINT('Ctrl Pts',(1.69159010685795,-2.53687461966244,2.65));
#8751=CARTESIAN_POINT('Ctrl Pts',(1.92548803066975,-2.49370690048757,2.65));
#8752=CARTESIAN_POINT('Ctrl Pts',(1.91969006619843,-2.13207891825018,2.65));
#8753=CARTESIAN_POINT('Ctrl Pts',(1.77883859808332,-2.01079574044473,2.65));
#8754=CARTESIAN_POINT('Ctrl Pts',(1.63591398680929,-1.99454491278215,2.65));
#8755=CARTESIAN_POINT('Ctrl Pts',(1.5922610263355,-1.9904436489599,2.65));
#8756=CARTESIAN_POINT('',(1.58616128477285,-2.54165675353872,2.66));
#8757=CARTESIAN_POINT('Ctrl Pts',(1.58616128477285,-2.54165675353872,2.66));
#8758=CARTESIAN_POINT('Ctrl Pts',(1.69159010685795,-2.53687461966244,2.66));
#8759=CARTESIAN_POINT('Ctrl Pts',(1.92548803066975,-2.49370690048757,2.66));
#8760=CARTESIAN_POINT('Ctrl Pts',(1.91969006619843,-2.13207891825018,2.66));
#8761=CARTESIAN_POINT('Ctrl Pts',(1.77883859808332,-2.01079574044473,2.66));
#8762=CARTESIAN_POINT('Ctrl Pts',(1.63591398680929,-1.99454491278215,2.66));
#8763=CARTESIAN_POINT('Ctrl Pts',(1.5922610263355,-1.9904436489599,2.66));
#8764=CARTESIAN_POINT('',(1.58616128477285,-2.54165675353872,2.65));
#8765=CARTESIAN_POINT('Origin',(1.4186056800443,-2.54165675354559,2.65));
#8766=CARTESIAN_POINT('',(1.4186056800443,-2.54165675354559,2.65));
#8767=CARTESIAN_POINT('',(1.4186056800443,-2.54165675354559,2.65));
#8768=CARTESIAN_POINT('',(1.4186056800443,-2.54165675354559,2.66));
#8769=CARTESIAN_POINT('',(1.4186056800443,-2.54165675354559,2.66));
#8770=CARTESIAN_POINT('',(1.4186056800443,-2.54165675354559,2.65));
#8771=CARTESIAN_POINT('Ctrl Pts',(1.40112018615586,-1.9904436489599,2.65));
#8772=CARTESIAN_POINT('Ctrl Pts',(1.40112018615586,-1.9904436489599,2.66));
#8773=CARTESIAN_POINT('Ctrl Pts',(1.30483331201165,-1.99441876237983,2.65));
#8774=CARTESIAN_POINT('Ctrl Pts',(1.30483331201165,-1.99441876237983,2.66));
#8775=CARTESIAN_POINT('Ctrl Pts',(1.18453964422671,-2.00720821087512,2.65));
#8776=CARTESIAN_POINT('Ctrl Pts',(1.18453964422671,-2.00720821087512,2.66));
#8777=CARTESIAN_POINT('Ctrl Pts',(1.03437064741099,-2.12454233873141,2.65));
#8778=CARTESIAN_POINT('Ctrl Pts',(1.03437064741099,-2.12454233873141,2.66));
#8779=CARTESIAN_POINT('Ctrl Pts',(1.04378698358994,-2.40762145941154,2.65));
#8780=CARTESIAN_POINT('Ctrl Pts',(1.04378698358994,-2.40762145941154,2.66));
#8781=CARTESIAN_POINT('Ctrl Pts',(1.17030513802623,-2.50599237596972,2.65));
#8782=CARTESIAN_POINT('Ctrl Pts',(1.17030513802623,-2.50599237596972,2.66));
#8783=CARTESIAN_POINT('Ctrl Pts',(1.29744593086004,-2.5411358476142,2.65));
#8784=CARTESIAN_POINT('Ctrl Pts',(1.29744593086004,-2.5411358476142,2.66));
#8785=CARTESIAN_POINT('Ctrl Pts',(1.4186056800443,-2.54165675354559,2.65));
#8786=CARTESIAN_POINT('Ctrl Pts',(1.4186056800443,-2.54165675354559,2.66));
#8787=CARTESIAN_POINT('Ctrl Pts',(1.40112018615586,-1.9904436489599,2.65));
#8788=CARTESIAN_POINT('Ctrl Pts',(1.30483331201165,-1.99441876237983,2.65));
#8789=CARTESIAN_POINT('Ctrl Pts',(1.18453964422671,-2.00720821087512,2.65));
#8790=CARTESIAN_POINT('Ctrl Pts',(1.03437064741099,-2.12454233873141,2.65));
#8791=CARTESIAN_POINT('Ctrl Pts',(1.04378698358994,-2.40762145941154,2.65));
#8792=CARTESIAN_POINT('Ctrl Pts',(1.17030513802623,-2.50599237596972,2.65));
#8793=CARTESIAN_POINT('Ctrl Pts',(1.29744593086004,-2.5411358476142,2.65));
#8794=CARTESIAN_POINT('Ctrl Pts',(1.4186056800443,-2.54165675354559,2.65));
#8795=CARTESIAN_POINT('Ctrl Pts',(1.40112018615586,-1.9904436489599,2.66));
#8796=CARTESIAN_POINT('Ctrl Pts',(1.30483331201165,-1.99441876237983,2.66));
#8797=CARTESIAN_POINT('Ctrl Pts',(1.18453964422671,-2.00720821087512,2.66));
#8798=CARTESIAN_POINT('Ctrl Pts',(1.03437064741099,-2.12454233873141,2.66));
#8799=CARTESIAN_POINT('Ctrl Pts',(1.04378698358994,-2.40762145941154,2.66));
#8800=CARTESIAN_POINT('Ctrl Pts',(1.17030513802623,-2.50599237596972,2.66));
#8801=CARTESIAN_POINT('Ctrl Pts',(1.29744593086004,-2.5411358476142,2.66));
#8802=CARTESIAN_POINT('Ctrl Pts',(1.4186056800443,-2.54165675354559,2.66));
#8803=CARTESIAN_POINT('Origin',(1.47886277957634,-2.26527915669534,2.66));
#8804=CARTESIAN_POINT('Origin',(1.47886277957634,-2.26527915669534,2.65));
#8805=CARTESIAN_POINT('Origin',(1.62647440676004,-1.48538359392377,2.65));
#8806=CARTESIAN_POINT('',(1.62647440676004,-1.48538359392377,2.65));
#8807=CARTESIAN_POINT('',(1.57058900177285,-1.48538359393872,2.65));
#8808=CARTESIAN_POINT('',(1.53525691987491,-1.48538359399694,2.65));
#8809=CARTESIAN_POINT('',(1.62647440676004,-1.48538359392377,2.66));
#8810=CARTESIAN_POINT('',(1.62647440676004,-1.48538359392377,2.65));
#8811=CARTESIAN_POINT('',(1.57058900177285,-1.48538359393872,2.66));
#8812=CARTESIAN_POINT('',(1.53525691987491,-1.48538359399694,2.66));
#8813=CARTESIAN_POINT('',(1.57058900177285,-1.48538359393872,2.65));
#8814=CARTESIAN_POINT('Ctrl Pts',(1.62647440677285,-1.72557281633872,2.65));
#8815=CARTESIAN_POINT('Ctrl Pts',(1.62647440677285,-1.72557281633872,2.66));
#8816=CARTESIAN_POINT('Ctrl Pts',(1.67750243821163,-1.73024734824118,2.65));
#8817=CARTESIAN_POINT('Ctrl Pts',(1.67750243821163,-1.73024734824118,2.66));
#8818=CARTESIAN_POINT('Ctrl Pts',(1.78362789451806,-1.70446733824,2.65));
#8819=CARTESIAN_POINT('Ctrl Pts',(1.78362789451806,-1.70446733824,2.66));
#8820=CARTESIAN_POINT('Ctrl Pts',(1.79362929809844,-1.52811610820897,2.65));
#8821=CARTESIAN_POINT('Ctrl Pts',(1.79362929809844,-1.52811610820897,2.66));
#8822=CARTESIAN_POINT('Ctrl Pts',(1.69250399166503,-1.48138582151445,2.65));
#8823=CARTESIAN_POINT('Ctrl Pts',(1.69250399166503,-1.48138582151445,2.66));
#8824=CARTESIAN_POINT('Ctrl Pts',(1.62647440676004,-1.48538359392377,2.65));
#8825=CARTESIAN_POINT('Ctrl Pts',(1.62647440676004,-1.48538359392377,2.66));
#8826=CARTESIAN_POINT('',(1.62647440677285,-1.72557281633872,2.65));
#8827=CARTESIAN_POINT('Ctrl Pts',(1.62647440677285,-1.72557281633872,2.65));
#8828=CARTESIAN_POINT('Ctrl Pts',(1.67750243821163,-1.73024734824118,2.65));
#8829=CARTESIAN_POINT('Ctrl Pts',(1.78362789451806,-1.70446733824,2.65));
#8830=CARTESIAN_POINT('Ctrl Pts',(1.79362929809844,-1.52811610820897,2.65));
#8831=CARTESIAN_POINT('Ctrl Pts',(1.69250399166503,-1.48138582151445,2.65));
#8832=CARTESIAN_POINT('Ctrl Pts',(1.62647440676004,-1.48538359392377,2.65));
#8833=CARTESIAN_POINT('',(1.62647440677285,-1.72557281633872,2.66));
#8834=CARTESIAN_POINT('',(1.62647440677285,-1.72557281633872,2.65));
#8835=CARTESIAN_POINT('Ctrl Pts',(1.62647440676004,-1.48538359392377,2.66));
#8836=CARTESIAN_POINT('Ctrl Pts',(1.69250399166503,-1.48138582151445,2.66));
#8837=CARTESIAN_POINT('Ctrl Pts',(1.79362929809844,-1.52811610820897,2.66));
#8838=CARTESIAN_POINT('Ctrl Pts',(1.78362789451806,-1.70446733824,2.66));
#8839=CARTESIAN_POINT('Ctrl Pts',(1.67750243821163,-1.73024734824118,2.66));
#8840=CARTESIAN_POINT('Ctrl Pts',(1.62647440677285,-1.72557281633872,2.66));
#8841=CARTESIAN_POINT('Origin',(1.57058900177285,-1.72557281633872,2.65));
#8842=CARTESIAN_POINT('',(1.57058900177285,-1.72557281633872,2.65));
#8843=CARTESIAN_POINT('',(1.50731421743164,-1.72557281633873,2.65));
#8844=CARTESIAN_POINT('',(1.57058900177285,-1.72557281633872,2.66));
#8845=CARTESIAN_POINT('',(1.57058900177285,-1.72557281633872,2.65));
#8846=CARTESIAN_POINT('',(1.50731421743164,-1.72557281633873,2.66));
#8847=CARTESIAN_POINT('Origin',(1.57058900177285,-1.48538359393872,2.65));
#8848=CARTESIAN_POINT('',(1.57058900177285,-1.54811819792383,2.65));
#8849=CARTESIAN_POINT('',(1.57058900177285,-1.54811819792383,2.66));
#8850=CARTESIAN_POINT('Origin',(1.34125224795746,-1.49000231818247,2.65));
#8851=CARTESIAN_POINT('',(1.34125224795746,-1.49000231818247,2.65));
#8852=CARTESIAN_POINT('',(1.44514561067285,-1.49000231813872,2.65));
#8853=CARTESIAN_POINT('',(1.34125224795746,-1.49000231818247,2.65));
#8854=CARTESIAN_POINT('',(1.44514561067285,-1.49000231813872,2.66));
#8855=CARTESIAN_POINT('',(1.44514561067285,-1.49000231813872,2.65));
#8856=CARTESIAN_POINT('',(1.34125224795746,-1.49000231818247,2.66));
#8857=CARTESIAN_POINT('',(1.34125224795746,-1.49000231818247,2.66));
#8858=CARTESIAN_POINT('',(1.34125224795746,-1.49000231818247,2.65));
#8859=CARTESIAN_POINT('Ctrl Pts',(1.33747655937285,-1.72195248113872,2.65));
#8860=CARTESIAN_POINT('Ctrl Pts',(1.33747655937285,-1.72195248113872,2.66));
#8861=CARTESIAN_POINT('Ctrl Pts',(1.26077615073419,-1.71635603977545,2.65));
#8862=CARTESIAN_POINT('Ctrl Pts',(1.26077615073419,-1.71635603977545,2.66));
#8863=CARTESIAN_POINT('Ctrl Pts',(1.16788663740155,-1.71364466436936,2.65));
#8864=CARTESIAN_POINT('Ctrl Pts',(1.16788663740155,-1.71364466436936,2.66));
#8865=CARTESIAN_POINT('Ctrl Pts',(1.17384489430756,-1.54428949915266,2.65));
#8866=CARTESIAN_POINT('Ctrl Pts',(1.17384489430756,-1.54428949915266,2.66));
#8867=CARTESIAN_POINT('Ctrl Pts',(1.2120390795892,-1.52168062891168,2.65));
#8868=CARTESIAN_POINT('Ctrl Pts',(1.2120390795892,-1.52168062891168,2.66));
#8869=CARTESIAN_POINT('Ctrl Pts',(1.24949825908913,-1.50155209716848,2.65));
#8870=CARTESIAN_POINT('Ctrl Pts',(1.24949825908913,-1.50155209716848,2.66));
#8871=CARTESIAN_POINT('Ctrl Pts',(1.29014186804702,-1.49126720360987,2.65));
#8872=CARTESIAN_POINT('Ctrl Pts',(1.29014186804702,-1.49126720360987,2.66));
#8873=CARTESIAN_POINT('Ctrl Pts',(1.34125224795746,-1.49000231818247,2.65));
#8874=CARTESIAN_POINT('Ctrl Pts',(1.34125224795746,-1.49000231818247,2.66));
#8875=CARTESIAN_POINT('',(1.33747655937285,-1.72195248113872,2.65));
#8876=CARTESIAN_POINT('Ctrl Pts',(1.33747655937285,-1.72195248113872,2.65));
#8877=CARTESIAN_POINT('Ctrl Pts',(1.26077615073419,-1.71635603977545,2.65));
#8878=CARTESIAN_POINT('Ctrl Pts',(1.16788663740155,-1.71364466436936,2.65));
#8879=CARTESIAN_POINT('Ctrl Pts',(1.17384489430756,-1.54428949915266,2.65));
#8880=CARTESIAN_POINT('Ctrl Pts',(1.2120390795892,-1.52168062891168,2.65));
#8881=CARTESIAN_POINT('Ctrl Pts',(1.24949825908913,-1.50155209716848,2.65));
#8882=CARTESIAN_POINT('Ctrl Pts',(1.29014186804702,-1.49126720360987,2.65));
#8883=CARTESIAN_POINT('Ctrl Pts',(1.34125224795746,-1.49000231818247,2.65));
#8884=CARTESIAN_POINT('',(1.33747655937285,-1.72195248113872,2.66));
#8885=CARTESIAN_POINT('Ctrl Pts',(1.33747655937285,-1.72195248113872,2.66));
#8886=CARTESIAN_POINT('Ctrl Pts',(1.26077615073419,-1.71635603977545,2.66));
#8887=CARTESIAN_POINT('Ctrl Pts',(1.16788663740155,-1.71364466436936,2.66));
#8888=CARTESIAN_POINT('Ctrl Pts',(1.17384489430756,-1.54428949915266,2.66));
#8889=CARTESIAN_POINT('Ctrl Pts',(1.2120390795892,-1.52168062891168,2.66));
#8890=CARTESIAN_POINT('Ctrl Pts',(1.24949825908913,-1.50155209716848,2.66));
#8891=CARTESIAN_POINT('Ctrl Pts',(1.29014186804702,-1.49126720360987,2.66));
#8892=CARTESIAN_POINT('Ctrl Pts',(1.34125224795746,-1.49000231818247,2.66));
#8893=CARTESIAN_POINT('',(1.33747655937285,-1.72195248113872,2.65));
#8894=CARTESIAN_POINT('Origin',(1.33747655941926,-1.86178573626195,2.65));
#8895=CARTESIAN_POINT('',(1.33747655941926,-1.86178573626195,2.65));
#8896=CARTESIAN_POINT('',(1.33747655941926,-1.86178573626195,2.65));
#8897=CARTESIAN_POINT('',(1.33747655941926,-1.86178573626195,2.66));
#8898=CARTESIAN_POINT('',(1.33747655941926,-1.86178573626195,2.66));
#8899=CARTESIAN_POINT('',(1.33747655941926,-1.86178573626195,2.65));
#8900=CARTESIAN_POINT('Ctrl Pts',(1.36134572017285,-1.33991236093872,2.65));
#8901=CARTESIAN_POINT('Ctrl Pts',(1.36134572017285,-1.33991236093872,2.66));
#8902=CARTESIAN_POINT('Ctrl Pts',(1.23725585495381,-1.33639974175501,2.65));
#8903=CARTESIAN_POINT('Ctrl Pts',(1.23725585495381,-1.33639974175501,2.66));
#8904=CARTESIAN_POINT('Ctrl Pts',(1.05255257328721,-1.40652736719416,2.65));
#8905=CARTESIAN_POINT('Ctrl Pts',(1.05255257328721,-1.40652736719416,2.66));
#8906=CARTESIAN_POINT('Ctrl Pts',(1.03610163143256,-1.76905537533561,2.65));
#8907=CARTESIAN_POINT('Ctrl Pts',(1.03610163143256,-1.76905537533561,2.66));
#8908=CARTESIAN_POINT('Ctrl Pts',(1.23407973718867,-1.86941801118664,2.65));
#8909=CARTESIAN_POINT('Ctrl Pts',(1.23407973718867,-1.86941801118664,2.66));
#8910=CARTESIAN_POINT('Ctrl Pts',(1.33747655941926,-1.86178573626195,2.65));
#8911=CARTESIAN_POINT('Ctrl Pts',(1.33747655941926,-1.86178573626195,2.66));
#8912=CARTESIAN_POINT('',(1.36134572017285,-1.33991236093872,2.65));
#8913=CARTESIAN_POINT('Ctrl Pts',(1.36134572017285,-1.33991236093872,2.65));
#8914=CARTESIAN_POINT('Ctrl Pts',(1.23725585495381,-1.33639974175501,2.65));
#8915=CARTESIAN_POINT('Ctrl Pts',(1.05255257328721,-1.40652736719416,2.65));
#8916=CARTESIAN_POINT('Ctrl Pts',(1.03610163143256,-1.76905537533561,2.65));
#8917=CARTESIAN_POINT('Ctrl Pts',(1.23407973718867,-1.86941801118664,2.65));
#8918=CARTESIAN_POINT('Ctrl Pts',(1.33747655941926,-1.86178573626195,2.65));
#8919=CARTESIAN_POINT('',(1.36134572017285,-1.33991236093872,2.66));
#8920=CARTESIAN_POINT('Ctrl Pts',(1.36134572017285,-1.33991236093872,2.66));
#8921=CARTESIAN_POINT('Ctrl Pts',(1.23725585495381,-1.33639974175501,2.66));
#8922=CARTESIAN_POINT('Ctrl Pts',(1.05255257328721,-1.40652736719416,2.66));
#8923=CARTESIAN_POINT('Ctrl Pts',(1.03610163143256,-1.76905537533561,2.66));
#8924=CARTESIAN_POINT('Ctrl Pts',(1.23407973718867,-1.86941801118664,2.66));
#8925=CARTESIAN_POINT('Ctrl Pts',(1.33747655941926,-1.86178573626195,2.66));
#8926=CARTESIAN_POINT('',(1.36134572017285,-1.33991236093872,2.65));
#8927=CARTESIAN_POINT('Origin',(1.60472674086499,-1.33991236097638,2.65));
#8928=CARTESIAN_POINT('',(1.60472674086499,-1.33991236097638,2.65));
#8929=CARTESIAN_POINT('',(1.60472674086499,-1.33991236097638,2.65));
#8930=CARTESIAN_POINT('',(1.60472674086499,-1.33991236097638,2.66));
#8931=CARTESIAN_POINT('',(1.60472674086499,-1.33991236097638,2.66));
#8932=CARTESIAN_POINT('',(1.60472674086499,-1.33991236097638,2.65));
#8933=CARTESIAN_POINT('Ctrl Pts',(1.66737119714776,-1.87507993093872,2.65));
#8934=CARTESIAN_POINT('Ctrl Pts',(1.66737119714776,-1.87507993093872,2.66));
#8935=CARTESIAN_POINT('Ctrl Pts',(1.74761615628083,-1.88004664297951,2.65));
#8936=CARTESIAN_POINT('Ctrl Pts',(1.74761615628083,-1.88004664297951,2.66));
#8937=CARTESIAN_POINT('Ctrl Pts',(1.92718559397287,-1.80252180960035,2.65));
#8938=CARTESIAN_POINT('Ctrl Pts',(1.92718559397287,-1.80252180960035,2.66));
#8939=CARTESIAN_POINT('Ctrl Pts',(1.94119091641869,-1.41967662152347,2.65));
#8940=CARTESIAN_POINT('Ctrl Pts',(1.94119091641869,-1.41967662152347,2.66));
#8941=CARTESIAN_POINT('Ctrl Pts',(1.71680729898725,-1.33215045447192,2.65));
#8942=CARTESIAN_POINT('Ctrl Pts',(1.71680729898725,-1.33215045447192,2.66));
#8943=CARTESIAN_POINT('Ctrl Pts',(1.60472674086499,-1.33991236097638,2.65));
#8944=CARTESIAN_POINT('Ctrl Pts',(1.60472674086499,-1.33991236097638,2.66));
#8945=CARTESIAN_POINT('',(1.66737119714776,-1.87507993093872,2.65));
#8946=CARTESIAN_POINT('Ctrl Pts',(1.66737119714776,-1.87507993093872,2.65));
#8947=CARTESIAN_POINT('Ctrl Pts',(1.74761615628083,-1.88004664297951,2.65));
#8948=CARTESIAN_POINT('Ctrl Pts',(1.92718559397287,-1.80252180960035,2.65));
#8949=CARTESIAN_POINT('Ctrl Pts',(1.94119091641869,-1.41967662152347,2.65));
#8950=CARTESIAN_POINT('Ctrl Pts',(1.71680729898725,-1.33215045447192,2.65));
#8951=CARTESIAN_POINT('Ctrl Pts',(1.60472674086499,-1.33991236097638,2.65));
#8952=CARTESIAN_POINT('',(1.66737119714776,-1.87507993093872,2.66));
#8953=CARTESIAN_POINT('Ctrl Pts',(1.66737119714776,-1.87507993093872,2.66));
#8954=CARTESIAN_POINT('Ctrl Pts',(1.74761615628083,-1.88004664297951,2.66));
#8955=CARTESIAN_POINT('Ctrl Pts',(1.92718559397287,-1.80252180960035,2.66));
#8956=CARTESIAN_POINT('Ctrl Pts',(1.94119091641869,-1.41967662152347,2.66));
#8957=CARTESIAN_POINT('Ctrl Pts',(1.71680729898725,-1.33215045447192,2.66));
#8958=CARTESIAN_POINT('Ctrl Pts',(1.60472674086499,-1.33991236097638,2.66));
#8959=CARTESIAN_POINT('',(1.66737119714776,-1.87507993093872,2.65));
#8960=CARTESIAN_POINT('Origin',(1.44514561067285,-1.87507993093871,2.65));
#8961=CARTESIAN_POINT('',(1.44514561067285,-1.87507993093871,2.65));
#8962=CARTESIAN_POINT('',(1.44514561067285,-1.87507993093871,2.65));
#8963=CARTESIAN_POINT('',(1.44514561067285,-1.87507993093871,2.66));
#8964=CARTESIAN_POINT('',(1.44514561067285,-1.87507993093871,2.66));
#8965=CARTESIAN_POINT('',(1.44514561067285,-1.87507993093871,2.65));
#8966=CARTESIAN_POINT('Origin',(1.44514561067285,-1.49000231813872,2.65));
#8967=CARTESIAN_POINT('',(1.44514561067285,-1.49000231813872,2.65));
#8968=CARTESIAN_POINT('',(1.44514561067285,-1.49000231813872,2.66));
#8969=CARTESIAN_POINT('Origin',(1.44403943309042,-1.61085280190894,2.66));
#8970=CARTESIAN_POINT('Origin',(1.44403943309042,-1.61085280190894,2.65));
#8971=CARTESIAN_POINT('Origin',(1.89065883327286,2.38380487156128,2.65));
#8972=CARTESIAN_POINT('',(1.89065883327286,2.38380487156128,2.65));
#8973=CARTESIAN_POINT('',(1.89313988247286,2.77095932546128,2.65));
#8974=CARTESIAN_POINT('',(1.89065883327286,2.38380487156128,2.65));
#8975=CARTESIAN_POINT('',(1.89313988247286,2.77095932546128,2.66));
#8976=CARTESIAN_POINT('',(1.89313988247286,2.77095932546128,2.65));
#8977=CARTESIAN_POINT('',(1.89065883327286,2.38380487156128,2.66));
#8978=CARTESIAN_POINT('',(1.89065883327286,2.38380487156128,2.66));
#8979=CARTESIAN_POINT('',(1.89065883327286,2.38380487156128,2.65));
#8980=CARTESIAN_POINT('Origin',(1.25943207757286,2.23803908926128,2.65));
#8981=CARTESIAN_POINT('',(1.25943207757286,2.23803908926128,2.65));
#8982=CARTESIAN_POINT('',(1.25943207757286,2.23803908926128,2.65));
#8983=CARTESIAN_POINT('',(1.25943207757286,2.23803908926128,2.66));
#8984=CARTESIAN_POINT('',(1.25943207757286,2.23803908926128,2.66));
#8985=CARTESIAN_POINT('',(1.25943207757286,2.23803908926128,2.65));
#8986=CARTESIAN_POINT('Origin',(1.25943207757286,2.62462060786128,2.65));
#8987=CARTESIAN_POINT('',(1.25943207757286,2.62462060786128,2.65));
#8988=CARTESIAN_POINT('',(1.25943207757286,2.62462060786128,2.65));
#8989=CARTESIAN_POINT('',(1.25943207757286,2.62462060786128,2.66));
#8990=CARTESIAN_POINT('',(1.25943207757286,2.62462060786128,2.66));
#8991=CARTESIAN_POINT('',(1.25943207757286,2.62462060786128,2.65));
#8992=CARTESIAN_POINT('Origin',(1.89313988247286,2.77095932546128,2.65));
#8993=CARTESIAN_POINT('',(1.89313988247286,2.77095932546128,2.65));
#8994=CARTESIAN_POINT('',(1.89313988247286,2.77095932546128,2.66));
#8995=CARTESIAN_POINT('Origin',(1.57575513745796,2.50461416724465,2.66));
#8996=CARTESIAN_POINT('Origin',(1.57575513745796,2.50461416724465,2.65));
#8997=CARTESIAN_POINT('Origin',(2.22544096197286,2.35904212176129,2.65));
#8998=CARTESIAN_POINT('',(2.22544096197286,2.35904212176129,2.65));
#8999=CARTESIAN_POINT('',(2.24032682433169,2.16990410610387,2.65));
#9000=CARTESIAN_POINT('',(2.22544096197286,2.35904212176129,2.65));
#9001=CARTESIAN_POINT('',(2.24032682433169,2.16990410610387,2.66));
#9002=CARTESIAN_POINT('',(2.24032682433169,2.16990410610387,2.65));
#9003=CARTESIAN_POINT('',(2.22544096197286,2.35904212176129,2.66));
#9004=CARTESIAN_POINT('',(2.22544096197286,2.35904212176129,2.66));
#9005=CARTESIAN_POINT('',(2.22544096197286,2.35904212176129,2.65));
#9006=CARTESIAN_POINT('Origin',(2.30072899027286,2.36496756846128,2.65));
#9007=CARTESIAN_POINT('',(2.30072899027286,2.36496756846128,2.65));
#9008=CARTESIAN_POINT('',(2.30072899027286,2.36496756846128,2.65));
#9009=CARTESIAN_POINT('',(2.30072899027286,2.36496756846128,2.66));
#9010=CARTESIAN_POINT('',(2.30072899027286,2.36496756846128,2.66));
#9011=CARTESIAN_POINT('',(2.30072899027286,2.36496756846128,2.65));
#9012=CARTESIAN_POINT('Origin',(2.28385928667286,2.19930707936128,2.65));
#9013=CARTESIAN_POINT('',(2.28385928667286,2.19930707936128,2.65));
#9014=CARTESIAN_POINT('',(2.28385928667286,2.19930707936128,2.65));
#9015=CARTESIAN_POINT('',(2.28385928667286,2.19930707936128,2.66));
#9016=CARTESIAN_POINT('',(2.28385928667286,2.19930707936128,2.66));
#9017=CARTESIAN_POINT('',(2.28385928667286,2.19930707936128,2.65));
#9018=CARTESIAN_POINT('Origin',(2.26406761274054,2.08131866128125,2.65));
#9019=CARTESIAN_POINT('',(2.26406761274054,2.08131866128125,2.65));
#9020=CARTESIAN_POINT('',(2.26406761274054,2.08131866128125,2.65));
#9021=CARTESIAN_POINT('',(2.26406761274054,2.08131866128125,2.66));
#9022=CARTESIAN_POINT('',(2.26406761274054,2.08131866128125,2.66));
#9023=CARTESIAN_POINT('',(2.26406761274054,2.08131866128125,2.65));
#9024=CARTESIAN_POINT('Origin',(2.22084131638361,2.09388009657836,2.65));
#9025=CARTESIAN_POINT('',(2.23092121557286,2.05000871656128,2.65));
#9026=CARTESIAN_POINT('Origin',(2.22084131637404,2.09388009660753,2.65));
#9027=CARTESIAN_POINT('',(2.23092121557286,2.05000871656128,2.66));
#9028=CARTESIAN_POINT('Origin',(2.22084131637404,2.09388009660753,2.66));
#9029=CARTESIAN_POINT('',(2.23092121557286,2.05000871656128,2.65));
#9030=CARTESIAN_POINT('Origin',(1.21561760593683,1.81673230465656,2.65));
#9031=CARTESIAN_POINT('',(1.21561760593683,1.81673230465656,2.65));
#9032=CARTESIAN_POINT('',(1.21561760593683,1.81673230465656,2.65));
#9033=CARTESIAN_POINT('',(1.21561760593683,1.81673230465656,2.66));
#9034=CARTESIAN_POINT('',(1.21561760593683,1.81673230465656,2.66));
#9035=CARTESIAN_POINT('',(1.21561760593683,1.81673230465656,2.65));
#9036=CARTESIAN_POINT('Ctrl Pts',(2.15473664877286,2.94493234516128,2.65));
#9037=CARTESIAN_POINT('Ctrl Pts',(2.15473664877286,2.94493234516128,2.66));
#9038=CARTESIAN_POINT('Ctrl Pts',(2.09247382952731,3.05675411271129,2.65));
#9039=CARTESIAN_POINT('Ctrl Pts',(2.09247382952731,3.05675411271129,2.66));
#9040=CARTESIAN_POINT('Ctrl Pts',(1.95429579454554,3.23860380825373,2.65));
#9041=CARTESIAN_POINT('Ctrl Pts',(1.95429579454554,3.23860380825373,2.66));
#9042=CARTESIAN_POINT('Ctrl Pts',(1.62650897264976,3.31867745468169,2.65));
#9043=CARTESIAN_POINT('Ctrl Pts',(1.62650897264976,3.31867745468169,2.66));
#9044=CARTESIAN_POINT('Ctrl Pts',(1.34670840076595,3.18028337494045,2.65));
#9045=CARTESIAN_POINT('Ctrl Pts',(1.34670840076595,3.18028337494045,2.66));
#9046=CARTESIAN_POINT('Ctrl Pts',(1.00670022164681,2.69225591898573,2.65));
#9047=CARTESIAN_POINT('Ctrl Pts',(1.00670022164681,2.69225591898573,2.66));
#9048=CARTESIAN_POINT('Ctrl Pts',(1.01562387583345,2.14544591824067,2.65));
#9049=CARTESIAN_POINT('Ctrl Pts',(1.01562387583345,2.14544591824067,2.66));
#9050=CARTESIAN_POINT('Ctrl Pts',(1.21561760593683,1.81673230465656,2.65));
#9051=CARTESIAN_POINT('Ctrl Pts',(1.21561760593683,1.81673230465656,2.66));
#9052=CARTESIAN_POINT('',(2.15473664877286,2.94493234516128,2.65));
#9053=CARTESIAN_POINT('Ctrl Pts',(2.15473664877286,2.94493234516128,2.65));
#9054=CARTESIAN_POINT('Ctrl Pts',(2.09247382952731,3.05675411271129,2.65));
#9055=CARTESIAN_POINT('Ctrl Pts',(1.95429579454554,3.23860380825373,2.65));
#9056=CARTESIAN_POINT('Ctrl Pts',(1.62650897264976,3.31867745468169,2.65));
#9057=CARTESIAN_POINT('Ctrl Pts',(1.34670840076595,3.18028337494045,2.65));
#9058=CARTESIAN_POINT('Ctrl Pts',(1.00670022164681,2.69225591898573,2.65));
#9059=CARTESIAN_POINT('Ctrl Pts',(1.01562387583345,2.14544591824067,2.65));
#9060=CARTESIAN_POINT('Ctrl Pts',(1.21561760593683,1.81673230465656,2.65));
#9061=CARTESIAN_POINT('',(2.15473664877286,2.94493234516128,2.66));
#9062=CARTESIAN_POINT('Ctrl Pts',(2.15473664877286,2.94493234516128,2.66));
#9063=CARTESIAN_POINT('Ctrl Pts',(2.09247382952731,3.05675411271129,2.66));
#9064=CARTESIAN_POINT('Ctrl Pts',(1.95429579454554,3.23860380825373,2.66));
#9065=CARTESIAN_POINT('Ctrl Pts',(1.62650897264976,3.31867745468169,2.66));
#9066=CARTESIAN_POINT('Ctrl Pts',(1.34670840076595,3.18028337494045,2.66));
#9067=CARTESIAN_POINT('Ctrl Pts',(1.00670022164681,2.69225591898573,2.66));
#9068=CARTESIAN_POINT('Ctrl Pts',(1.01562387583345,2.14544591824067,2.66));
#9069=CARTESIAN_POINT('Ctrl Pts',(1.21561760593683,1.81673230465656,2.66));
#9070=CARTESIAN_POINT('',(2.15473664877286,2.94493234516128,2.65));
#9071=CARTESIAN_POINT('Origin',(2.04808849047829,2.89836765636544,2.65));
#9072=CARTESIAN_POINT('',(2.04808849047829,2.89836765636544,2.65));
#9073=CARTESIAN_POINT('',(2.04808849047829,2.89836765636544,2.65));
#9074=CARTESIAN_POINT('',(2.04808849047829,2.89836765636544,2.66));
#9075=CARTESIAN_POINT('',(2.04808849047829,2.89836765636544,2.66));
#9076=CARTESIAN_POINT('',(2.04808849047829,2.89836765636544,2.65));
#9077=CARTESIAN_POINT('Ctrl Pts',(1.20159216987286,1.91704730106128,2.65));
#9078=CARTESIAN_POINT('Ctrl Pts',(1.20159216987286,1.91704730106128,2.66));
#9079=CARTESIAN_POINT('Ctrl Pts',(1.06746582799714,2.21014198275734,2.65));
#9080=CARTESIAN_POINT('Ctrl Pts',(1.06746582799714,2.21014198275734,2.66));
#9081=CARTESIAN_POINT('Ctrl Pts',(1.10865420923449,2.62969032914422,2.65));
#9082=CARTESIAN_POINT('Ctrl Pts',(1.10865420923449,2.62969032914422,2.66));
#9083=CARTESIAN_POINT('Ctrl Pts',(1.42084373320785,3.02058647507342,2.65));
#9084=CARTESIAN_POINT('Ctrl Pts',(1.42084373320785,3.02058647507342,2.66));
#9085=CARTESIAN_POINT('Ctrl Pts',(1.75181176793374,3.14164446964687,2.65));
#9086=CARTESIAN_POINT('Ctrl Pts',(1.75181176793374,3.14164446964687,2.66));
#9087=CARTESIAN_POINT('Ctrl Pts',(1.9726843444465,2.98342490730443,2.65));
#9088=CARTESIAN_POINT('Ctrl Pts',(1.9726843444465,2.98342490730443,2.66));
#9089=CARTESIAN_POINT('Ctrl Pts',(2.04808849047829,2.89836765636544,2.65));
#9090=CARTESIAN_POINT('Ctrl Pts',(2.04808849047829,2.89836765636544,2.66));
#9091=CARTESIAN_POINT('',(1.20159216987286,1.91704730106128,2.65));
#9092=CARTESIAN_POINT('Ctrl Pts',(1.20159216987286,1.91704730106128,2.65));
#9093=CARTESIAN_POINT('Ctrl Pts',(1.06746582799714,2.21014198275734,2.65));
#9094=CARTESIAN_POINT('Ctrl Pts',(1.10865420923449,2.62969032914422,2.65));
#9095=CARTESIAN_POINT('Ctrl Pts',(1.42084373320785,3.02058647507342,2.65));
#9096=CARTESIAN_POINT('Ctrl Pts',(1.75181176793374,3.14164446964687,2.65));
#9097=CARTESIAN_POINT('Ctrl Pts',(1.9726843444465,2.98342490730443,2.65));
#9098=CARTESIAN_POINT('Ctrl Pts',(2.04808849047829,2.89836765636544,2.65));
#9099=CARTESIAN_POINT('',(1.20159216987286,1.91704730106128,2.66));
#9100=CARTESIAN_POINT('Ctrl Pts',(1.20159216987286,1.91704730106128,2.66));
#9101=CARTESIAN_POINT('Ctrl Pts',(1.06746582799714,2.21014198275734,2.66));
#9102=CARTESIAN_POINT('Ctrl Pts',(1.10865420923449,2.62969032914422,2.66));
#9103=CARTESIAN_POINT('Ctrl Pts',(1.42084373320785,3.02058647507342,2.66));
#9104=CARTESIAN_POINT('Ctrl Pts',(1.75181176793374,3.14164446964687,2.66));
#9105=CARTESIAN_POINT('Ctrl Pts',(1.9726843444465,2.98342490730443,2.66));
#9106=CARTESIAN_POINT('Ctrl Pts',(2.04808849047829,2.89836765636544,2.66));
#9107=CARTESIAN_POINT('',(1.20159216987286,1.91704730106128,2.65));
#9108=CARTESIAN_POINT('Origin',(2.22079072636759,2.14883876807146,2.65));
#9109=CARTESIAN_POINT('',(2.22079072636759,2.14883876807146,2.65));
#9110=CARTESIAN_POINT('',(2.22079072636759,2.14883876807146,2.65));
#9111=CARTESIAN_POINT('',(2.22079072636759,2.14883876807146,2.66));
#9112=CARTESIAN_POINT('',(2.22079072636759,2.14883876807146,2.66));
#9113=CARTESIAN_POINT('',(2.22079072636759,2.14883876807146,2.65));
#9114=CARTESIAN_POINT('Origin',(2.22085416967287,2.16837153606128,2.65));
#9115=CARTESIAN_POINT('Origin',(2.22085416967287,2.16837153606128,2.65));
#9116=CARTESIAN_POINT('Origin',(2.22085416967287,2.16837153606128,2.66));
#9117=CARTESIAN_POINT('Origin',(1.58065462443232,2.4754328491517,2.66));
#9118=CARTESIAN_POINT('Origin',(1.58065462443232,2.4754328491517,2.65));
#9119=CARTESIAN_POINT('Origin',(1.89313988247285,-0.349587699138718,2.65));
#9120=CARTESIAN_POINT('',(1.89313988247285,-0.349587699138718,2.65));
#9121=CARTESIAN_POINT('',(1.06802181737285,-0.349587699138718,2.65));
#9122=CARTESIAN_POINT('',(1.89313988247285,-0.349587699138718,2.65));
#9123=CARTESIAN_POINT('',(1.06802181737285,-0.349587699138718,2.66));
#9124=CARTESIAN_POINT('',(1.06802181737285,-0.349587699138718,2.65));
#9125=CARTESIAN_POINT('',(1.89313988247285,-0.349587699138718,2.66));
#9126=CARTESIAN_POINT('',(1.89313988247285,-0.349587699138718,2.66));
#9127=CARTESIAN_POINT('',(1.89313988247285,-0.349587699138718,2.65));
#9128=CARTESIAN_POINT('Origin',(1.89313988247285,-0.501182205438718,2.65));
#9129=CARTESIAN_POINT('',(1.89313988247285,-0.501182205438718,2.65));
#9130=CARTESIAN_POINT('',(1.89313988247285,-0.501182205438718,2.65));
#9131=CARTESIAN_POINT('',(1.89313988247285,-0.501182205438718,2.66));
#9132=CARTESIAN_POINT('',(1.89313988247285,-0.501182205438718,2.66));
#9133=CARTESIAN_POINT('',(1.89313988247285,-0.501182205438718,2.65));
#9134=CARTESIAN_POINT('Origin',(1.06802181737285,-0.501182205438718,2.65));
#9135=CARTESIAN_POINT('',(1.06802181737285,-0.501182205438718,2.65));
#9136=CARTESIAN_POINT('',(1.06802181737285,-0.501182205438718,2.65));
#9137=CARTESIAN_POINT('',(1.06802181737285,-0.501182205438718,2.66));
#9138=CARTESIAN_POINT('',(1.06802181737285,-0.501182205438718,2.66));
#9139=CARTESIAN_POINT('',(1.06802181737285,-0.501182205438718,2.65));
#9140=CARTESIAN_POINT('Origin',(1.06802181737285,-0.349587699138718,2.65));
#9141=CARTESIAN_POINT('',(1.06802181737285,-0.349587699138718,2.65));
#9142=CARTESIAN_POINT('',(1.06802181737285,-0.349587699138718,2.66));
#9143=CARTESIAN_POINT('Origin',(1.48058084992286,-0.425384952288717,2.66));
#9144=CARTESIAN_POINT('Origin',(1.48058084992286,-0.425384952288717,2.65));
#9145=CARTESIAN_POINT('Origin',(1.89313988247285,-0.248072162038715,2.65));
#9146=CARTESIAN_POINT('',(1.89313988247285,-0.248072162038715,2.65));
#9147=CARTESIAN_POINT('',(1.89313988247286,-0.133170975438718,2.65));
#9148=CARTESIAN_POINT('',(1.89313988247285,-0.248072162038715,2.65));
#9149=CARTESIAN_POINT('',(1.89313988247286,-0.133170975438718,2.66));
#9150=CARTESIAN_POINT('',(1.89313988247286,-0.133170975438718,2.65));
#9151=CARTESIAN_POINT('',(1.89313988247285,-0.248072162038715,2.66));
#9152=CARTESIAN_POINT('',(1.89313988247285,-0.248072162038715,2.66));
#9153=CARTESIAN_POINT('',(1.89313988247285,-0.248072162038715,2.65));
#9154=CARTESIAN_POINT('Origin',(1.77468535167285,-0.248072162038717,2.65));
#9155=CARTESIAN_POINT('',(1.77468535167285,-0.248072162038717,2.65));
#9156=CARTESIAN_POINT('',(1.77468535167285,-0.248072162038717,2.65));
#9157=CARTESIAN_POINT('',(1.77468535167285,-0.248072162038717,2.66));
#9158=CARTESIAN_POINT('',(1.77468535167285,-0.248072162038717,2.66));
#9159=CARTESIAN_POINT('',(1.77468535167285,-0.248072162038717,2.65));
#9160=CARTESIAN_POINT('Origin',(1.77468535167284,-0.133170975438718,2.65));
#9161=CARTESIAN_POINT('',(1.77468535167284,-0.133170975438718,2.65));
#9162=CARTESIAN_POINT('',(1.77468535167284,-0.133170975438718,2.65));
#9163=CARTESIAN_POINT('',(1.77468535167284,-0.133170975438718,2.66));
#9164=CARTESIAN_POINT('',(1.77468535167284,-0.133170975438718,2.66));
#9165=CARTESIAN_POINT('',(1.77468535167284,-0.133170975438718,2.65));
#9166=CARTESIAN_POINT('Origin',(1.06802181737285,-0.133170975438718,2.65));
#9167=CARTESIAN_POINT('',(1.06802181737285,-0.133170975438718,2.65));
#9168=CARTESIAN_POINT('',(1.06802181737285,-0.133170975438718,2.65));
#9169=CARTESIAN_POINT('',(1.06802181737285,-0.133170975438718,2.66));
#9170=CARTESIAN_POINT('',(1.06802181737285,-0.133170975438718,2.66));
#9171=CARTESIAN_POINT('',(1.06802181737285,-0.133170975438718,2.65));
#9172=CARTESIAN_POINT('Origin',(1.06802181737286,0.0216739160612835,2.65));
#9173=CARTESIAN_POINT('',(1.06802181737286,0.0216739160612835,2.65));
#9174=CARTESIAN_POINT('',(1.06802181737286,0.0216739160612835,2.65));
#9175=CARTESIAN_POINT('',(1.06802181737286,0.0216739160612835,2.66));
#9176=CARTESIAN_POINT('',(1.06802181737286,0.0216739160612835,2.66));
#9177=CARTESIAN_POINT('',(1.06802181737286,0.0216739160612835,2.65));
#9178=CARTESIAN_POINT('Origin',(1.77468535167285,0.0216739160612853,2.65));
#9179=CARTESIAN_POINT('',(1.77468535167285,0.0216739160612853,2.65));
#9180=CARTESIAN_POINT('',(1.77468535167285,0.0216739160612853,2.65));
#9181=CARTESIAN_POINT('',(1.77468535167285,0.0216739160612853,2.66));
#9182=CARTESIAN_POINT('',(1.77468535167285,0.0216739160612853,2.66));
#9183=CARTESIAN_POINT('',(1.77468535167285,0.0216739160612853,2.65));
#9184=CARTESIAN_POINT('Origin',(1.77468535167285,0.104360643861282,2.65));
#9185=CARTESIAN_POINT('',(1.77468535167285,0.104360643861282,2.65));
#9186=CARTESIAN_POINT('',(1.77468535167285,0.104360643861282,2.65));
#9187=CARTESIAN_POINT('',(1.77468535167285,0.104360643861282,2.66));
#9188=CARTESIAN_POINT('',(1.77468535167285,0.104360643861282,2.66));
#9189=CARTESIAN_POINT('',(1.77468535167285,0.104360643861282,2.65));
#9190=CARTESIAN_POINT('Origin',(1.89313988247286,0.104360643861281,2.65));
#9191=CARTESIAN_POINT('',(1.89313988247286,0.104360643861281,2.65));
#9192=CARTESIAN_POINT('',(1.89313988247286,0.104360643861281,2.65));
#9193=CARTESIAN_POINT('',(1.89313988247286,0.104360643861281,2.66));
#9194=CARTESIAN_POINT('',(1.89313988247286,0.104360643861281,2.66));
#9195=CARTESIAN_POINT('',(1.89313988247286,0.104360643861281,2.65));
#9196=CARTESIAN_POINT('Origin',(1.89313988247286,0.0216739160612835,2.65));
#9197=CARTESIAN_POINT('',(1.89313988247286,0.0216739160612835,2.65));
#9198=CARTESIAN_POINT('',(1.89313988247286,0.0216739160612835,2.65));
#9199=CARTESIAN_POINT('',(1.89313988247286,0.0216739160612835,2.66));
#9200=CARTESIAN_POINT('',(1.89313988247286,0.0216739160612835,2.66));
#9201=CARTESIAN_POINT('',(1.89313988247286,0.0216739160612835,2.65));
#9202=CARTESIAN_POINT('Origin',(2.25463292517561,0.0216739160485755,2.65));
#9203=CARTESIAN_POINT('',(2.25463292517561,0.0216739160485755,2.65));
#9204=CARTESIAN_POINT('',(2.25463292517561,0.0216739160485755,2.65));
#9205=CARTESIAN_POINT('',(2.25463292517561,0.0216739160485755,2.66));
#9206=CARTESIAN_POINT('',(2.25463292517561,0.0216739160485755,2.66));
#9207=CARTESIAN_POINT('',(2.25463292517561,0.0216739160485755,2.65));
#9208=CARTESIAN_POINT('Ctrl Pts',(2.36777101277286,-0.259041038938717,2.65));
#9209=CARTESIAN_POINT('Ctrl Pts',(2.36777101277286,-0.259041038938717,2.66));
#9210=CARTESIAN_POINT('Ctrl Pts',(2.43254244115708,-0.15780048157283,2.65));
#9211=CARTESIAN_POINT('Ctrl Pts',(2.43254244115708,-0.15780048157283,2.66));
#9212=CARTESIAN_POINT('Ctrl Pts',(2.37441943113393,0.000486931088863329,
2.65));
#9213=CARTESIAN_POINT('Ctrl Pts',(2.37441943113393,0.000486931088863329,
2.66));
#9214=CARTESIAN_POINT('Ctrl Pts',(2.25463292517561,0.0216739160485755,2.65));
#9215=CARTESIAN_POINT('Ctrl Pts',(2.25463292517561,0.0216739160485755,2.66));
#9216=CARTESIAN_POINT('',(2.36777101277286,-0.259041038938717,2.65));
#9217=CARTESIAN_POINT('Ctrl Pts',(2.36777101277286,-0.259041038938717,2.65));
#9218=CARTESIAN_POINT('Ctrl Pts',(2.43254244115708,-0.15780048157283,2.65));
#9219=CARTESIAN_POINT('Ctrl Pts',(2.37441943113393,0.000486931088863329,
2.65));
#9220=CARTESIAN_POINT('Ctrl Pts',(2.25463292517561,0.0216739160485755,2.65));
#9221=CARTESIAN_POINT('',(2.36777101277286,-0.259041038938717,2.66));
#9222=CARTESIAN_POINT('Ctrl Pts',(2.36777101277286,-0.259041038938717,2.66));
#9223=CARTESIAN_POINT('Ctrl Pts',(2.43254244115708,-0.15780048157283,2.66));
#9224=CARTESIAN_POINT('Ctrl Pts',(2.37441943113393,0.000486931088863329,
2.66));
#9225=CARTESIAN_POINT('Ctrl Pts',(2.25463292517561,0.0216739160485755,2.66));
#9226=CARTESIAN_POINT('',(2.36777101277286,-0.259041038938717,2.65));
#9227=CARTESIAN_POINT('Origin',(2.2403268242901,-0.2590410389739,2.65));
#9228=CARTESIAN_POINT('',(2.2403268242901,-0.2590410389739,2.65));
#9229=CARTESIAN_POINT('',(2.2403268242901,-0.2590410389739,2.65));
#9230=CARTESIAN_POINT('',(2.2403268242901,-0.2590410389739,2.66));
#9231=CARTESIAN_POINT('',(2.2403268242901,-0.2590410389739,2.66));
#9232=CARTESIAN_POINT('',(2.2403268242901,-0.2590410389739,2.65));
#9233=CARTESIAN_POINT('Ctrl Pts',(2.19713780837286,-0.133170975438718,2.65));
#9234=CARTESIAN_POINT('Ctrl Pts',(2.19713780837286,-0.133170975438718,2.66));
#9235=CARTESIAN_POINT('Ctrl Pts',(2.24724574598686,-0.153856606751168,2.65));
#9236=CARTESIAN_POINT('Ctrl Pts',(2.24724574598686,-0.153856606751168,2.66));
#9237=CARTESIAN_POINT('Ctrl Pts',(2.26164208463475,-0.195813294600724,2.65));
#9238=CARTESIAN_POINT('Ctrl Pts',(2.26164208463475,-0.195813294600724,2.66));
#9239=CARTESIAN_POINT('Ctrl Pts',(2.2403268242901,-0.2590410389739,2.65));
#9240=CARTESIAN_POINT('Ctrl Pts',(2.2403268242901,-0.2590410389739,2.66));
#9241=CARTESIAN_POINT('',(2.19713780837286,-0.133170975438718,2.65));
#9242=CARTESIAN_POINT('Ctrl Pts',(2.19713780837286,-0.133170975438718,2.65));
#9243=CARTESIAN_POINT('Ctrl Pts',(2.24724574598686,-0.153856606751168,2.65));
#9244=CARTESIAN_POINT('Ctrl Pts',(2.26164208463475,-0.195813294600724,2.65));
#9245=CARTESIAN_POINT('Ctrl Pts',(2.2403268242901,-0.2590410389739,2.65));
#9246=CARTESIAN_POINT('',(2.19713780837286,-0.133170975438718,2.66));
#9247=CARTESIAN_POINT('Ctrl Pts',(2.19713780837286,-0.133170975438718,2.66));
#9248=CARTESIAN_POINT('Ctrl Pts',(2.24724574598686,-0.153856606751168,2.66));
#9249=CARTESIAN_POINT('Ctrl Pts',(2.26164208463475,-0.195813294600724,2.66));
#9250=CARTESIAN_POINT('Ctrl Pts',(2.2403268242901,-0.2590410389739,2.66));
#9251=CARTESIAN_POINT('',(2.19713780837286,-0.133170975438718,2.65));
#9252=CARTESIAN_POINT('Origin',(1.89313988247286,-0.133170975438718,2.65));
#9253=CARTESIAN_POINT('',(1.89313988247286,-0.133170975438718,2.65));
#9254=CARTESIAN_POINT('',(1.89313988247286,-0.133170975438718,2.66));
#9255=CARTESIAN_POINT('Origin',(1.76354628442624,-0.0763187232332632,2.66));
#9256=CARTESIAN_POINT('Origin',(1.76354628442624,-0.0763187232332632,2.65));
#9257=CARTESIAN_POINT('Origin',(1.89313988247286,0.572154133861284,2.65));
#9258=CARTESIAN_POINT('',(1.89313988247286,0.572154133861284,2.65));
#9259=CARTESIAN_POINT('',(1.89313988247286,0.723501677361281,2.65));
#9260=CARTESIAN_POINT('',(1.89313988247286,0.572154133861284,2.65));
#9261=CARTESIAN_POINT('',(1.89313988247286,0.723501677361281,2.66));
#9262=CARTESIAN_POINT('',(1.89313988247286,0.723501677361281,2.65));
#9263=CARTESIAN_POINT('',(1.89313988247286,0.572154133861284,2.66));
#9264=CARTESIAN_POINT('',(1.89313988247286,0.572154133861284,2.66));
#9265=CARTESIAN_POINT('',(1.89313988247286,0.572154133861284,2.65));
#9266=CARTESIAN_POINT('Origin',(1.82596320008142,0.572154133910493,2.65));
#9267=CARTESIAN_POINT('',(1.82596320008142,0.572154133910493,2.65));
#9268=CARTESIAN_POINT('',(1.82596320008142,0.572154133910493,2.65));
#9269=CARTESIAN_POINT('',(1.82596320008142,0.572154133910493,2.66));
#9270=CARTESIAN_POINT('',(1.82596320008142,0.572154133910493,2.66));
#9271=CARTESIAN_POINT('',(1.82596320008142,0.572154133910493,2.65));
#9272=CARTESIAN_POINT('Ctrl Pts',(1.75638032127766,0.220310173718588,2.65));
#9273=CARTESIAN_POINT('Ctrl Pts',(1.75638032127766,0.220310173718588,2.66));
#9274=CARTESIAN_POINT('Ctrl Pts',(1.87438845116866,0.241017739664668,2.65));
#9275=CARTESIAN_POINT('Ctrl Pts',(1.87438845116866,0.241017739664668,2.66));
#9276=CARTESIAN_POINT('Ctrl Pts',(1.95223915282429,0.403735581355127,2.65));
#9277=CARTESIAN_POINT('Ctrl Pts',(1.95223915282429,0.403735581355127,2.66));
#9278=CARTESIAN_POINT('Ctrl Pts',(1.85966967497775,0.527221263556024,2.65));
#9279=CARTESIAN_POINT('Ctrl Pts',(1.85966967497775,0.527221263556024,2.66));
#9280=CARTESIAN_POINT('Ctrl Pts',(1.82596320008142,0.572154133910493,2.65));
#9281=CARTESIAN_POINT('Ctrl Pts',(1.82596320008142,0.572154133910493,2.66));
#9282=CARTESIAN_POINT('',(1.75638032127766,0.220310173718588,2.65));
#9283=CARTESIAN_POINT('Ctrl Pts',(1.75638032127766,0.220310173718588,2.65));
#9284=CARTESIAN_POINT('Ctrl Pts',(1.87438845116866,0.241017739664668,2.65));
#9285=CARTESIAN_POINT('Ctrl Pts',(1.95223915282429,0.403735581355127,2.65));
#9286=CARTESIAN_POINT('Ctrl Pts',(1.85966967497775,0.527221263556024,2.65));
#9287=CARTESIAN_POINT('Ctrl Pts',(1.82596320008142,0.572154133910493,2.65));
#9288=CARTESIAN_POINT('',(1.75638032127766,0.220310173718588,2.66));
#9289=CARTESIAN_POINT('Ctrl Pts',(1.75638032127766,0.220310173718588,2.66));
#9290=CARTESIAN_POINT('Ctrl Pts',(1.87438845116866,0.241017739664668,2.66));
#9291=CARTESIAN_POINT('Ctrl Pts',(1.95223915282429,0.403735581355127,2.66));
#9292=CARTESIAN_POINT('Ctrl Pts',(1.85966967497775,0.527221263556024,2.66));
#9293=CARTESIAN_POINT('Ctrl Pts',(1.82596320008142,0.572154133910493,2.66));
#9294=CARTESIAN_POINT('',(1.75638032127766,0.220310173718588,2.65));
#9295=CARTESIAN_POINT('Origin',(1.06802181737286,0.220310173761282,2.65));
#9296=CARTESIAN_POINT('',(1.06802181737286,0.220310173761282,2.65));
#9297=CARTESIAN_POINT('',(1.06802181737286,0.220310173761282,2.65));
#9298=CARTESIAN_POINT('',(1.06802181737286,0.220310173761282,2.66));
#9299=CARTESIAN_POINT('',(1.06802181737286,0.220310173761282,2.66));
#9300=CARTESIAN_POINT('',(1.06802181737286,0.220310173761282,2.65));
#9301=CARTESIAN_POINT('Origin',(1.06802181737286,0.370211742361283,2.65));
#9302=CARTESIAN_POINT('',(1.06802181737286,0.370211742361283,2.65));
#9303=CARTESIAN_POINT('',(1.06802181737286,0.370211742361283,2.65));
#9304=CARTESIAN_POINT('',(1.06802181737286,0.370211742361283,2.66));
#9305=CARTESIAN_POINT('',(1.06802181737286,0.370211742361283,2.66));
#9306=CARTESIAN_POINT('',(1.06802181737286,0.370211742361283,2.65));
#9307=CARTESIAN_POINT('Origin',(1.6797458928114,0.37021174232626,2.65));
#9308=CARTESIAN_POINT('',(1.6797458928114,0.37021174232626,2.65));
#9309=CARTESIAN_POINT('',(1.6797458928114,0.37021174232626,2.65));
#9310=CARTESIAN_POINT('',(1.6797458928114,0.37021174232626,2.66));
#9311=CARTESIAN_POINT('',(1.6797458928114,0.37021174232626,2.66));
#9312=CARTESIAN_POINT('',(1.6797458928114,0.37021174232626,2.65));
#9313=CARTESIAN_POINT('Ctrl Pts',(1.66796617347286,0.572154133861284,2.65));
#9314=CARTESIAN_POINT('Ctrl Pts',(1.66796617347286,0.572154133861284,2.66));
#9315=CARTESIAN_POINT('Ctrl Pts',(1.73848888535326,0.569541877199724,2.65));
#9316=CARTESIAN_POINT('Ctrl Pts',(1.73848888535326,0.569541877199724,2.66));
#9317=CARTESIAN_POINT('Ctrl Pts',(1.79813351215449,0.493086442215676,2.65));
#9318=CARTESIAN_POINT('Ctrl Pts',(1.79813351215449,0.493086442215676,2.66));
#9319=CARTESIAN_POINT('Ctrl Pts',(1.76156649690643,0.368110114119164,2.65));
#9320=CARTESIAN_POINT('Ctrl Pts',(1.76156649690643,0.368110114119164,2.66));
#9321=CARTESIAN_POINT('Ctrl Pts',(1.6797458928114,0.37021174232626,2.65));
#9322=CARTESIAN_POINT('Ctrl Pts',(1.6797458928114,0.37021174232626,2.66));
#9323=CARTESIAN_POINT('',(1.66796617347286,0.572154133861284,2.65));
#9324=CARTESIAN_POINT('Ctrl Pts',(1.66796617347286,0.572154133861284,2.65));
#9325=CARTESIAN_POINT('Ctrl Pts',(1.73848888535326,0.569541877199724,2.65));
#9326=CARTESIAN_POINT('Ctrl Pts',(1.79813351215449,0.493086442215676,2.65));
#9327=CARTESIAN_POINT('Ctrl Pts',(1.76156649690643,0.368110114119164,2.65));
#9328=CARTESIAN_POINT('Ctrl Pts',(1.6797458928114,0.37021174232626,2.65));
#9329=CARTESIAN_POINT('',(1.66796617347286,0.572154133861284,2.66));
#9330=CARTESIAN_POINT('Ctrl Pts',(1.66796617347286,0.572154133861284,2.66));
#9331=CARTESIAN_POINT('Ctrl Pts',(1.73848888535326,0.569541877199724,2.66));
#9332=CARTESIAN_POINT('Ctrl Pts',(1.79813351215449,0.493086442215676,2.66));
#9333=CARTESIAN_POINT('Ctrl Pts',(1.76156649690643,0.368110114119164,2.66));
#9334=CARTESIAN_POINT('Ctrl Pts',(1.6797458928114,0.37021174232626,2.66));
#9335=CARTESIAN_POINT('',(1.66796617347286,0.572154133861284,2.65));
#9336=CARTESIAN_POINT('Origin',(1.06802181737286,0.572154133861284,2.65));
#9337=CARTESIAN_POINT('',(1.06802181737286,0.572154133861284,2.65));
#9338=CARTESIAN_POINT('',(1.06802181737286,0.572154133861284,2.65));
#9339=CARTESIAN_POINT('',(1.06802181737286,0.572154133861284,2.66));
#9340=CARTESIAN_POINT('',(1.06802181737286,0.572154133861284,2.66));
#9341=CARTESIAN_POINT('',(1.06802181737286,0.572154133861284,2.65));
#9342=CARTESIAN_POINT('Origin',(1.06802181737286,0.723501677361281,2.65));
#9343=CARTESIAN_POINT('',(1.06802181737286,0.723501677361281,2.65));
#9344=CARTESIAN_POINT('',(1.06802181737286,0.723501677361281,2.65));
#9345=CARTESIAN_POINT('',(1.06802181737286,0.723501677361281,2.66));
#9346=CARTESIAN_POINT('',(1.06802181737286,0.723501677361281,2.66));
#9347=CARTESIAN_POINT('',(1.06802181737286,0.723501677361281,2.65));
#9348=CARTESIAN_POINT('Origin',(1.89313988247286,0.723501677361281,2.65));
#9349=CARTESIAN_POINT('',(1.89313988247286,0.723501677361281,2.65));
#9350=CARTESIAN_POINT('',(1.89313988247286,0.723501677361281,2.66));
#9351=CARTESIAN_POINT('Origin',(1.49100655403503,0.477503391922919,2.66));
#9352=CARTESIAN_POINT('Origin',(1.49100655403503,0.477503391922919,2.65));
#9353=CARTESIAN_POINT('Origin',(2.30415804807285,1.09421387996128,2.65));
#9354=CARTESIAN_POINT('',(2.30415804807285,1.09421387996128,2.65));
#9355=CARTESIAN_POINT('',(1.06802181737286,1.09421387996128,2.65));
#9356=CARTESIAN_POINT('',(2.30415804807285,1.09421387996128,2.65));
#9357=CARTESIAN_POINT('',(1.06802181737286,1.09421387996128,2.66));
#9358=CARTESIAN_POINT('',(1.06802181737286,1.09421387996128,2.65));
#9359=CARTESIAN_POINT('',(2.30415804807285,1.09421387996128,2.66));
#9360=CARTESIAN_POINT('',(2.30415804807285,1.09421387996128,2.66));
#9361=CARTESIAN_POINT('',(2.30415804807285,1.09421387996128,2.65));
#9362=CARTESIAN_POINT('Origin',(2.30415804807285,0.936949817161282,2.65));
#9363=CARTESIAN_POINT('',(2.30415804807285,0.936949817161282,2.65));
#9364=CARTESIAN_POINT('',(2.30415804807285,0.936949817161282,2.65));
#9365=CARTESIAN_POINT('',(2.30415804807285,0.936949817161282,2.66));
#9366=CARTESIAN_POINT('',(2.30415804807285,0.936949817161282,2.66));
#9367=CARTESIAN_POINT('',(2.30415804807285,0.936949817161282,2.65));
#9368=CARTESIAN_POINT('Origin',(1.06802181737286,0.936949817161282,2.65));
#9369=CARTESIAN_POINT('',(1.06802181737286,0.936949817161282,2.65));
#9370=CARTESIAN_POINT('',(1.06802181737286,0.936949817161282,2.65));
#9371=CARTESIAN_POINT('',(1.06802181737286,0.936949817161282,2.66));
#9372=CARTESIAN_POINT('',(1.06802181737286,0.936949817161282,2.66));
#9373=CARTESIAN_POINT('',(1.06802181737286,0.936949817161282,2.65));
#9374=CARTESIAN_POINT('Origin',(1.06802181737286,1.09421387996128,2.65));
#9375=CARTESIAN_POINT('',(1.06802181737286,1.09421387996128,2.65));
#9376=CARTESIAN_POINT('',(1.06802181737286,1.09421387996128,2.66));
#9377=CARTESIAN_POINT('Origin',(1.68608993272285,1.01558184856128,2.66));
#9378=CARTESIAN_POINT('Origin',(1.68608993272285,1.01558184856128,2.65));
#9379=CARTESIAN_POINT('Origin',(2.14584016487285,-0.422683927238717,2.65));
#9380=CARTESIAN_POINT('',(2.24637320564896,-0.422683927238717,2.66));
#9381=CARTESIAN_POINT('Origin',(2.14584016487285,-0.422683927238717,2.66));
#9382=CARTESIAN_POINT('',(2.24637320564896,-0.422683927238717,2.65));
#9383=CARTESIAN_POINT('Origin',(2.14584016487285,-0.422683927238717,2.65));
#9384=CARTESIAN_POINT('Origin',(2.14584016487285,-0.422683927238717,2.66));
#9385=CARTESIAN_POINT('Origin',(2.14584016487285,-0.422683927238717,2.65));
#9386=CARTESIAN_POINT('Origin',(2.20519876687286,2.64772695616128,2.65));
#9387=CARTESIAN_POINT('',(2.40682034380172,2.64772695616128,2.66));
#9388=CARTESIAN_POINT('Origin',(2.20519876687286,2.64772695616128,2.66));
#9389=CARTESIAN_POINT('',(2.40682034380172,2.64772695616128,2.65));
#9390=CARTESIAN_POINT('Origin',(2.20519876687286,2.64772695616128,2.65));
#9391=CARTESIAN_POINT('Origin',(2.20519876687286,2.64772695616128,2.66));
#9392=CARTESIAN_POINT('Origin',(2.20519876687286,2.64772695616128,2.65));
#9393=CARTESIAN_POINT('Origin',(-2.20000000130366,3.7500000027741,4.00337070999998));
#9394=CARTESIAN_POINT('',(-2.80000000130366,3.7500000027741,2.58140008452287));
#9395=CARTESIAN_POINT('Origin',(-2.20000000130366,3.7500000027741,2.58140008452281));
#9396=CARTESIAN_POINT('Origin',(-2.20000000130367,3.7500000027741,3.99337070999998));
#9397=CARTESIAN_POINT('',(-2.80000000130366,3.7500000027741,2.57140008452287));
#9398=CARTESIAN_POINT('Origin',(-2.20000000130366,3.7500000027741,2.57140008452287));
#9399=CARTESIAN_POINT('Origin',(-2.20000000130366,3.7500000027741,2.6107000415494));
#9400=CARTESIAN_POINT('Origin',(-3.34908068252075,4.7490806841634,2.47423022885867));
#9401=CARTESIAN_POINT('',(-3.42218927185216,4.96407633260296,2.39752339854226));
#9402=CARTESIAN_POINT('',(-3.38790369016318,4.9835332119526,2.3331646763271));
#9403=CARTESIAN_POINT('Ctrl Pts',(-3.42218927185217,4.96407633260296,2.39752339854226));
#9404=CARTESIAN_POINT('Ctrl Pts',(-3.41063326513946,4.97261120413326,2.37601302317333));
#9405=CARTESIAN_POINT('Ctrl Pts',(-3.39898893773472,4.97905201733795,2.35424703943759));
#9406=CARTESIAN_POINT('Ctrl Pts',(-3.38790369016318,4.9835332119526,2.3331646763271));
#9407=CARTESIAN_POINT('',(-3.55437048098469,5.15000000277411,1.55));
#9408=CARTESIAN_POINT('',(-3.34908068252075,4.94471020431016,2.51581256702222));
#9409=CARTESIAN_POINT('',(-3.75000000113145,4.95437048262735,1.55));
#9410=CARTESIAN_POINT('Origin',(-3.54553188215844,4.9455318838011,1.55));
#9411=CARTESIAN_POINT('',(-3.63434716987087,4.83871765136677,2.09410379219494));
#9412=CARTESIAN_POINT('',(-3.54471020266751,4.7490806841634,2.51581256702222));
#9413=CARTESIAN_POINT('',(-3.52593084205197,4.9437031902331,2.29378182834245));
#9414=CARTESIAN_POINT('Ctrl Pts',(-3.63434716987087,4.83871765136677,2.09410379219494));
#9415=CARTESIAN_POINT('Ctrl Pts',(-3.62657681624445,4.85793937706147,2.13066043182711));
#9416=CARTESIAN_POINT('Ctrl Pts',(-3.61273637266909,4.87884574326852,2.1692000303697));
#9417=CARTESIAN_POINT('Ctrl Pts',(-3.57476489575577,4.91542054728375,2.23759179664169));
#9418=CARTESIAN_POINT('Ctrl Pts',(-3.55175060155033,4.9313681291968,2.26796206884409));
#9419=CARTESIAN_POINT('Ctrl Pts',(-3.52593084205197,4.9437031902331,2.29378182834245));
#9420=CARTESIAN_POINT('Origin',(-3.35005196464033,4.75005196628298,2.4696607057541));
#9421=CARTESIAN_POINT('Origin',(-3.24308812957735,0.883093893855591,2.01093911586783));
#9422=CARTESIAN_POINT('',(-3.63434716987087,-4.83871764581856,2.09410379219494));
#9423=CARTESIAN_POINT('',(-3.63434716987087,0.883093893855591,2.09410379219494));
#9424=CARTESIAN_POINT('',(-3.52593084205197,-4.94370318468489,2.29378182834245));
#9425=CARTESIAN_POINT('Ctrl Pts',(-3.52593084205197,-4.94370318468489,2.29378182834245));
#9426=CARTESIAN_POINT('Ctrl Pts',(-3.55175060155033,-4.93136812364859,2.26796206884409));
#9427=CARTESIAN_POINT('Ctrl Pts',(-3.57476489575577,-4.91542054173554,2.23759179664169));
#9428=CARTESIAN_POINT('Ctrl Pts',(-3.61273637266909,-4.87884573772031,2.1692000303697));
#9429=CARTESIAN_POINT('Ctrl Pts',(-3.62657681624445,-4.85793937151326,2.1306604318271));
#9430=CARTESIAN_POINT('Ctrl Pts',(-3.63434716987087,-4.83871764581856,2.09410379219494));
#9431=CARTESIAN_POINT('',(-3.52593084205197,0.883093893855591,2.29378182834245));
#9432=CARTESIAN_POINT('Origin',(-3.75000000113145,-5.1499999972259,1.55));
#9433=CARTESIAN_POINT('',(-3.75000000113145,-4.95437047707913,1.55));
#9434=CARTESIAN_POINT('',(-3.75000000113145,5.15000000277411,1.55));
#9435=CARTESIAN_POINT('',(-3.60272074487832,-4.807091220826,2.24289442347007));
#9436=CARTESIAN_POINT('Origin',(-1.13144871249915E-9,2.7741151598093E-9,
1.55));
#9437=CARTESIAN_POINT('',(3.55437047872179,5.15000000277411,1.55));
#9438=CARTESIAN_POINT('',(3.74999999886855,5.15000000277411,1.55));
#9439=CARTESIAN_POINT('',(3.74999999886855,4.95437048262734,1.55));
#9440=CARTESIAN_POINT('Origin',(3.54553187989555,4.9455318838011,1.55));
#9441=CARTESIAN_POINT('',(3.74999999886855,-4.95437047707914,1.55));
#9442=CARTESIAN_POINT('',(3.74999999886855,-5.1499999972259,1.55));
#9443=CARTESIAN_POINT('',(3.55437047872179,-5.1499999972259,1.55));
#9444=CARTESIAN_POINT('Origin',(3.54553187989554,-4.94553187825289,1.55));
#9445=CARTESIAN_POINT('',(-3.55437048098469,-5.1499999972259,1.55));
#9446=CARTESIAN_POINT('',(-3.75000000113145,-5.1499999972259,1.55));
#9447=CARTESIAN_POINT('Origin',(-3.54553188215844,-4.94553187825289,1.55));
#9448=CARTESIAN_POINT('Origin',(3.40709122246866,4.80709122637421,2.20131208530651));
#9449=CARTESIAN_POINT('',(3.38790368790028,4.9835332119526,2.3331646763271));
#9450=CARTESIAN_POINT('',(3.40709122246866,5.00272074652097,2.24289442347007));
#9451=CARTESIAN_POINT('',(3.48691095708651,4.88691096099206,2.5205349559143));
#9452=CARTESIAN_POINT('Ctrl Pts',(3.38790368790028,4.9835332119526,2.3331646763271));
#9453=CARTESIAN_POINT('Ctrl Pts',(3.4053475954647,4.97648153862445,2.36634019098889));
#9454=CARTESIAN_POINT('Ctrl Pts',(3.42435779763443,4.96435035501245,2.4014944274817));
#9455=CARTESIAN_POINT('Ctrl Pts',(3.45888236585295,4.93086083020692,2.4658779053802));
#9456=CARTESIAN_POINT('Ctrl Pts',(3.47449332101508,4.91003445859262,2.49535139666535));
#9457=CARTESIAN_POINT('Ctrl Pts',(3.48691095708651,4.88691096099206,2.5205349559143));
#9458=CARTESIAN_POINT('',(3.58353320804705,4.78790369180584,2.3331646763271));
#9459=CARTESIAN_POINT('Ctrl Pts',(3.48691095708651,4.88691096099206,2.5205349559143));
#9460=CARTESIAN_POINT('Ctrl Pts',(3.50887382185987,4.87511660070312,2.49661542973142));
#9461=CARTESIAN_POINT('Ctrl Pts',(3.52848696589631,4.86064090315227,2.46920324257287));
#9462=CARTESIAN_POINT('Ctrl Pts',(3.56295073000292,4.82649270085143,2.40542926598809));
#9463=CARTESIAN_POINT('Ctrl Pts',(3.57606419779047,4.80637997657551,2.36830360686821));
#9464=CARTESIAN_POINT('Ctrl Pts',(3.58353320804705,4.78790369180584,2.3331646763271));
#9465=CARTESIAN_POINT('',(3.60272074261542,4.80709122637421,2.24289442347007));
#9466=CARTESIAN_POINT('Origin',(3.74999999886855,5.15000000277411,1.55));
#9467=CARTESIAN_POINT('',(3.58353320804704,-4.78790368625763,2.3331646763271));
#9468=CARTESIAN_POINT('',(3.58353320804705,4.41263522527673,2.3331646763271));
#9469=CARTESIAN_POINT('',(3.54471020040461,-4.74908067861519,2.51581256702222));
#9470=CARTESIAN_POINT('Origin',(3.19227416775352,4.41263522527673,2.25));
#9471=CARTESIAN_POINT('',(3.19227416775352,4.59227417165908,2.65));
#9472=CARTESIAN_POINT('Origin',(3.19227416775352,4.59227417165908,2.25));
#9473=CARTESIAN_POINT('',(3.19227416775352,-4.59227416611087,2.65));
#9474=CARTESIAN_POINT('',(3.19227416775352,4.41263522527673,2.65));
#9475=CARTESIAN_POINT('',(3.48691095708651,-4.88691095544385,2.5205349559143));
#9476=CARTESIAN_POINT('Origin',(3.19227416775352,-4.59227416611087,2.25));
#9477=CARTESIAN_POINT('Ctrl Pts',(3.58353320804704,-4.78790368625763,2.3331646763271));
#9478=CARTESIAN_POINT('Ctrl Pts',(3.5764815347189,-4.80534759382205,2.36634019098889));
#9479=CARTESIAN_POINT('Ctrl Pts',(3.5643503511069,-4.82435779599178,2.40149442748171));
#9480=CARTESIAN_POINT('Ctrl Pts',(3.53086082630137,-4.8588823642103,2.4658779053802));
#9481=CARTESIAN_POINT('Ctrl Pts',(3.51003445468707,-4.87449331937243,2.49535139666535));
#9482=CARTESIAN_POINT('Ctrl Pts',(3.48691095708651,-4.88691095544385,2.5205349559143));
#9483=CARTESIAN_POINT('Origin',(-2.92398672999082,4.59227417165908,2.25));
#9484=CARTESIAN_POINT('',(-3.2868699579198,4.8751168841337,2.53284271247462));
#9485=CARTESIAN_POINT('Origin',(-3.56971267039442,4.59227417165908,2.25));
#9486=CARTESIAN_POINT('',(-3.00402724544519,4.59227417165908,2.65));
#9487=CARTESIAN_POINT('Origin',(-3.00402724544519,4.59227417165908,2.25));
#9488=CARTESIAN_POINT('',(-2.92398672999082,4.59227417165908,2.65));
#9489=CARTESIAN_POINT('',(-2.92398672999082,4.9835332119526,2.3331646763271));
#9490=CARTESIAN_POINT('Origin',(3.34908068025785,-4.74908067861519,2.47423022885867));
#9491=CARTESIAN_POINT('',(3.38790368790028,-4.98353320640439,2.3331646763271));
#9492=CARTESIAN_POINT('Ctrl Pts',(3.48691095708651,-4.88691095544385,2.5205349559143));
#9493=CARTESIAN_POINT('Ctrl Pts',(3.47511659679757,-4.90887382021721,2.49661542973141));
#9494=CARTESIAN_POINT('Ctrl Pts',(3.46064089924672,-4.92848696425366,2.46920324257287));
#9495=CARTESIAN_POINT('Ctrl Pts',(3.42649269694588,-4.96295072836026,2.40542926598809));
#9496=CARTESIAN_POINT('Ctrl Pts',(3.40637997266995,-4.97606419614781,2.36830360686821));
#9497=CARTESIAN_POINT('Ctrl Pts',(3.38790368790028,-4.98353320640439,2.3331646763271));
#9498=CARTESIAN_POINT('',(3.34908068025785,-4.94471019876195,2.51581256702222));
#9499=CARTESIAN_POINT('Origin',(3.74999999886855,-5.1499999972259,1.55));
#9500=CARTESIAN_POINT('',(-3.38790369016318,-4.98353320640439,2.3331646763271));
#9501=CARTESIAN_POINT('',(0.826013270009182,-4.98353320640439,2.3331646763271));
#9502=CARTESIAN_POINT('',(-3.40709122473156,-5.00272074097276,2.24289442347007));
#9503=CARTESIAN_POINT('Origin',(0.826013270009182,-4.59227416611087,2.25));
#9504=CARTESIAN_POINT('',(-3.00402724544519,-4.59227416611087,2.65));
#9505=CARTESIAN_POINT('',(0.826013270009182,-4.59227416611087,2.65));
#9506=CARTESIAN_POINT('',(-3.2868699579198,-4.87511687858549,2.53284271247462));
#9507=CARTESIAN_POINT('Origin',(-3.00402724544519,-4.59227416611087,2.25));
#9508=CARTESIAN_POINT('',(-3.42218927185216,-4.96407632705475,2.39752339854226));
#9509=CARTESIAN_POINT('Origin',(-3.56971267039442,-4.59227416611087,2.25));
#9510=CARTESIAN_POINT('Ctrl Pts',(-3.38790369016318,-4.98353320640439,2.3331646763271));
#9511=CARTESIAN_POINT('Ctrl Pts',(-3.39894408837516,-4.97907014207571,2.35416174314833));
#9512=CARTESIAN_POINT('Ctrl Pts',(-3.41061182825601,-4.97262703113437,2.37597312051309));
#9513=CARTESIAN_POINT('Ctrl Pts',(-3.42218927185216,-4.96407632705475,2.39752339854226));
#9514=CARTESIAN_POINT('Origin',(-3.40709122473156,-4.807091220826,2.20131208530651));
#9515=CARTESIAN_POINT('Origin',(-3.35005196464033,-4.75005196073477,2.4696607057541));
#9516=CARTESIAN_POINT('Origin',(-3.60971267039442,6.91618778493708,2.21));
#9517=CARTESIAN_POINT('',(-3.2868699579198,5.29572911635822,2.53284271247462));
#9518=CARTESIAN_POINT('Origin',(-3.00402724544519,5.29572911635822,2.25));
#9519=CARTESIAN_POINT('',(-3.00402724544519,5.29572911635822,2.65));
#9520=CARTESIAN_POINT('Origin',(-2.09797345885018,3.67527044777937,2.65));
#9521=CARTESIAN_POINT('',(-2.80000000130366,3.75000000277411,2.64999999857594));
#9522=CARTESIAN_POINT('Origin',(-2.20000000130366,3.75000000277411,2.65));
#9523=CARTESIAN_POINT('Origin',(-3.75000000113145,5.15000000277411,1.55));
#9524=CARTESIAN_POINT('Origin',(-2.20000000130366,3.75000000277411,3.99337071));
#9525=CARTESIAN_POINT('',(-2.80000000130366,3.75000000277411,2.57140008452289));
#9526=CARTESIAN_POINT('Origin',(-2.20000000130366,3.75000000277411,2.57140008452287));
#9527=CARTESIAN_POINT('Origin',(-2.20000000130366,3.75000000277411,2.6107000415494));
#9528=CARTESIAN_POINT('Origin',(-5.15000000268159,-0.434999997586001,0.249294582400001));
#9529=CARTESIAN_POINT('',(-5.15000000268159,-0.434999997586001,0.249294582400001));
#9530=CARTESIAN_POINT('',(-5.13123271208161,-0.434999997586002,1.77635683940025E-15));
#9531=CARTESIAN_POINT('',(-5.15000000268159,-0.434999997586001,0.249294582400001));
#9532=CARTESIAN_POINT('',(-5.13123271208161,-0.834999997586002,1.77635683940025E-15));
#9533=CARTESIAN_POINT('',(-5.13123271208161,-0.434999997586002,1.77635683940025E-15));
#9534=CARTESIAN_POINT('',(-5.15000000268159,-0.834999997586002,0.249294582400001));
#9535=CARTESIAN_POINT('',(-5.15000000268159,-0.834999997586002,0.249294582400001));
#9536=CARTESIAN_POINT('',(-5.15000000268159,-0.434999997586001,0.249294582400001));
#9537=CARTESIAN_POINT('Origin',(-4.62063672898159,-0.434999997586001,0.3521491173));
#9538=CARTESIAN_POINT('',(-4.62063672898159,-0.434999997586001,0.3521491173));
#9539=CARTESIAN_POINT('',(-4.62063672898159,-0.434999997586001,0.3521491173));
#9540=CARTESIAN_POINT('',(-4.62063672898159,-0.834999997586002,0.3521491173));
#9541=CARTESIAN_POINT('',(-4.62063672898159,-0.834999997586002,0.3521491173));
#9542=CARTESIAN_POINT('',(-4.62063672898159,-0.434999997586001,0.3521491173));
#9543=CARTESIAN_POINT('Origin',(-4.6458475704481,-0.434999997586001,0.490918536341374));
#9544=CARTESIAN_POINT('',(-4.51381350081493,-0.434999997586001,0.441324760072161));
#9545=CARTESIAN_POINT('Origin',(-4.64584757044807,-0.434999997586001,0.490918536341367));
#9546=CARTESIAN_POINT('',(-4.51381350081493,-0.834999997586002,0.441324760072161));
#9547=CARTESIAN_POINT('Origin',(-4.64584757044807,-0.834999997586002,0.490918536341367));
#9548=CARTESIAN_POINT('',(-4.51381350081493,-0.434999997586001,0.441324760072161));
#9549=CARTESIAN_POINT('Origin',(-4.38397334118162,-0.434999997586001,1.2161108834));
#9550=CARTESIAN_POINT('',(-4.38397334118162,-0.434999997586001,1.2161108834));
#9551=CARTESIAN_POINT('',(-4.38397334118162,-0.434999997586001,1.2161108834));
#9552=CARTESIAN_POINT('',(-4.38397334118162,-0.834999997586002,1.2161108834));
#9553=CARTESIAN_POINT('',(-4.38397334118162,-0.834999997586002,1.2161108834));
#9554=CARTESIAN_POINT('',(-4.38397334118162,-0.434999997586001,1.2161108834));
#9555=CARTESIAN_POINT('Origin',(-3.98947448048614,-0.434999997586001,1.15000000000907));
#9556=CARTESIAN_POINT('',(-3.98947448048159,-0.434999997586001,1.55));
#9557=CARTESIAN_POINT('Origin',(-3.98947448048614,-0.434999997586001,1.15000000000903));
#9558=CARTESIAN_POINT('',(-3.98947448048159,-0.834999997586002,1.55));
#9559=CARTESIAN_POINT('Origin',(-3.98947448048614,-0.834999997586002,1.15000000000903));
#9560=CARTESIAN_POINT('',(-3.98947448048159,-0.434999997586001,1.55));
#9561=CARTESIAN_POINT('Origin',(-3.75000000072055,-0.434999997586001,1.55));
#9562=CARTESIAN_POINT('',(-3.75000000072055,-0.434999997586001,1.55));
#9563=CARTESIAN_POINT('',(-3.75000000072055,-0.434999997586001,1.55));
#9564=CARTESIAN_POINT('',(-3.75000000072055,-0.834999997586002,1.55));
#9565=CARTESIAN_POINT('',(-3.75000000072055,-0.834999997586002,1.55));
#9566=CARTESIAN_POINT('',(-3.75000000072055,-0.434999997586001,1.55));
#9567=CARTESIAN_POINT('Origin',(-3.75000000072055,-0.434999997586001,1.30000000001143));
#9568=CARTESIAN_POINT('',(-3.75000000072055,-0.434999997586001,1.30000000001143));
#9569=CARTESIAN_POINT('',(-3.75000000072055,-0.434999997586001,1.30000000001143));
#9570=CARTESIAN_POINT('',(-3.75000000072055,-0.834999997586002,1.30000000001143));
#9571=CARTESIAN_POINT('',(-3.75000000072055,-0.834999997586002,1.30000000001143));
#9572=CARTESIAN_POINT('',(-3.75000000072055,-0.434999997586001,1.30000000001143));
#9573=CARTESIAN_POINT('Origin',(-3.9427317545148,-0.434999997586001,1.30000000001143));
#9574=CARTESIAN_POINT('',(-3.9427317545148,-0.434999997586001,1.30000000001143));
#9575=CARTESIAN_POINT('',(-3.9427317545148,-0.434999997586001,1.30000000001143));
#9576=CARTESIAN_POINT('',(-3.9427317545148,-0.834999997586002,1.30000000001143));
#9577=CARTESIAN_POINT('',(-3.9427317545148,-0.834999997586002,1.30000000001143));
#9578=CARTESIAN_POINT('',(-3.9427317545148,-0.434999997586001,1.30000000001143));
#9579=CARTESIAN_POINT('Origin',(-3.94273173738162,-0.434999997586001,1.09273272909996));
#9580=CARTESIAN_POINT('',(-4.14714848707067,-0.434999997586001,1.12698932025599));
#9581=CARTESIAN_POINT('Origin',(-3.94273173738165,-0.434999997586001,1.09273272910006));
#9582=CARTESIAN_POINT('',(-4.14714848707067,-0.834999997586002,1.12698932025599));
#9583=CARTESIAN_POINT('Origin',(-3.94273173738165,-0.834999997586002,1.09273272910006));
#9584=CARTESIAN_POINT('',(-4.14714848707067,-0.434999997586001,1.12698932025599));
#9585=CARTESIAN_POINT('Origin',(-4.2719145156816,-0.434999997586001,0.382481705000002));
#9586=CARTESIAN_POINT('',(-4.2719145156816,-0.434999997586001,0.382481705000002));
#9587=CARTESIAN_POINT('',(-4.2719145156816,-0.434999997586001,0.382481705000002));
#9588=CARTESIAN_POINT('',(-4.2719145156816,-0.834999997586002,0.382481705000002));
#9589=CARTESIAN_POINT('',(-4.2719145156816,-0.834999997586002,0.382481705000002));
#9590=CARTESIAN_POINT('',(-4.2719145156816,-0.434999997586001,0.382481705000002));
#9591=CARTESIAN_POINT('Origin',(-4.64584757053416,-0.434999997586001,0.490918536283724));
#9592=CARTESIAN_POINT('',(-4.57439517927045,-0.434999997586001,0.108192744530745));
#9593=CARTESIAN_POINT('Origin',(-4.64584757053404,-0.434999997586001,0.490918536283548));
#9594=CARTESIAN_POINT('',(-4.57439517927045,-0.834999997586002,0.108192744530745));
#9595=CARTESIAN_POINT('Origin',(-4.64584757053404,-0.834999997586002,0.490918536283548));
#9596=CARTESIAN_POINT('',(-4.57439517927045,-0.434999997586001,0.108192744530745));
#9597=CARTESIAN_POINT('Origin',(-5.13123271208161,-0.434999997586002,1.77635683940025E-15));
#9598=CARTESIAN_POINT('',(-5.13123271208161,-0.434999997586002,1.77635683940025E-15));
#9599=CARTESIAN_POINT('',(-5.13123271208161,-0.834999997586002,1.77635683940025E-15));
#9600=CARTESIAN_POINT('Origin',(-4.40596040306193,-0.834999997586002,0.746246251126976));
#9601=CARTESIAN_POINT('Origin',(-4.40596040306193,-0.434999997586001,0.746246251126976));
#9602=CARTESIAN_POINT('Origin',(-5.15000000268159,0.835000002413999,0.249294582400001));
#9603=CARTESIAN_POINT('',(-5.15000000268159,0.835000002413999,0.249294582400001));
#9604=CARTESIAN_POINT('',(-5.13123271208161,0.835000002413999,1.77635683940025E-15));
#9605=CARTESIAN_POINT('',(-5.15000000268159,0.835000002413999,0.249294582400001));
#9606=CARTESIAN_POINT('',(-5.13123271208161,0.435000002413999,1.77635683940025E-15));
#9607=CARTESIAN_POINT('',(-5.13123271208161,0.835000002413999,1.77635683940025E-15));
#9608=CARTESIAN_POINT('',(-5.15000000268159,0.435000002413999,0.249294582400001));
#9609=CARTESIAN_POINT('',(-5.15000000268159,0.435000002413999,0.249294582400001));
#9610=CARTESIAN_POINT('',(-5.15000000268159,0.835000002413999,0.249294582400001));
#9611=CARTESIAN_POINT('Origin',(-4.62063672898159,0.835000002413999,0.3521491173));
#9612=CARTESIAN_POINT('',(-4.62063672898159,0.835000002413999,0.3521491173));
#9613=CARTESIAN_POINT('',(-4.62063672898159,0.835000002413999,0.3521491173));
#9614=CARTESIAN_POINT('',(-4.62063672898159,0.435000002413999,0.3521491173));
#9615=CARTESIAN_POINT('',(-4.62063672898159,0.435000002413999,0.3521491173));
#9616=CARTESIAN_POINT('',(-4.62063672898159,0.835000002413999,0.3521491173));
#9617=CARTESIAN_POINT('Origin',(-4.6458475704481,0.835000002413999,0.490918536341374));
#9618=CARTESIAN_POINT('',(-4.51381350081493,0.835000002413999,0.441324760072161));
#9619=CARTESIAN_POINT('Origin',(-4.64584757044807,0.835000002413999,0.490918536341367));
#9620=CARTESIAN_POINT('',(-4.51381350081493,0.435000002413999,0.441324760072161));
#9621=CARTESIAN_POINT('Origin',(-4.64584757044807,0.435000002413998,0.490918536341367));
#9622=CARTESIAN_POINT('',(-4.51381350081493,0.835000002413999,0.441324760072161));
#9623=CARTESIAN_POINT('Origin',(-4.38397334118162,0.835000002413999,1.2161108834));
#9624=CARTESIAN_POINT('',(-4.38397334118162,0.835000002413999,1.2161108834));
#9625=CARTESIAN_POINT('',(-4.38397334118162,0.835000002413999,1.2161108834));
#9626=CARTESIAN_POINT('',(-4.38397334118162,0.435000002413999,1.2161108834));
#9627=CARTESIAN_POINT('',(-4.38397334118162,0.435000002413999,1.2161108834));
#9628=CARTESIAN_POINT('',(-4.38397334118162,0.835000002413999,1.2161108834));
#9629=CARTESIAN_POINT('Origin',(-3.98947448048614,0.835000002413999,1.15000000000907));
#9630=CARTESIAN_POINT('',(-3.98947448048159,0.835000002413999,1.55));
#9631=CARTESIAN_POINT('Origin',(-3.98947448048614,0.835000002413999,1.15000000000903));
#9632=CARTESIAN_POINT('',(-3.98947448048159,0.435000002413999,1.55));
#9633=CARTESIAN_POINT('Origin',(-3.98947448048614,0.435000002413999,1.15000000000903));
#9634=CARTESIAN_POINT('',(-3.98947448048159,0.835000002413999,1.55));
#9635=CARTESIAN_POINT('Origin',(-3.75000000072055,0.835000002413999,1.55));
#9636=CARTESIAN_POINT('',(-3.75000000072055,0.835000002413999,1.55));
#9637=CARTESIAN_POINT('',(-3.75000000072055,0.835000002413999,1.55));
#9638=CARTESIAN_POINT('',(-3.75000000072055,0.435000002413999,1.55));
#9639=CARTESIAN_POINT('',(-3.75000000072055,0.435000002413999,1.55));
#9640=CARTESIAN_POINT('',(-3.75000000072055,0.835000002413999,1.55));
#9641=CARTESIAN_POINT('Origin',(-3.75000000072055,0.835000002413999,1.30000000001143));
#9642=CARTESIAN_POINT('',(-3.75000000072055,0.835000002413999,1.30000000001143));
#9643=CARTESIAN_POINT('',(-3.75000000072055,0.835000002413999,1.30000000001143));
#9644=CARTESIAN_POINT('',(-3.75000000072055,0.435000002413999,1.30000000001143));
#9645=CARTESIAN_POINT('',(-3.75000000072055,0.435000002413999,1.30000000001143));
#9646=CARTESIAN_POINT('',(-3.75000000072055,0.835000002413999,1.30000000001143));
#9647=CARTESIAN_POINT('Origin',(-3.9427317545148,0.835000002413999,1.30000000001143));
#9648=CARTESIAN_POINT('',(-3.9427317545148,0.835000002413999,1.30000000001143));
#9649=CARTESIAN_POINT('',(-3.9427317545148,0.835000002413999,1.30000000001143));
#9650=CARTESIAN_POINT('',(-3.9427317545148,0.435000002413999,1.30000000001143));
#9651=CARTESIAN_POINT('',(-3.9427317545148,0.435000002413999,1.30000000001143));
#9652=CARTESIAN_POINT('',(-3.9427317545148,0.835000002413999,1.30000000001143));
#9653=CARTESIAN_POINT('Origin',(-3.94273173738162,0.835000002413999,1.09273272909996));
#9654=CARTESIAN_POINT('',(-4.14714848707067,0.835000002413999,1.12698932025599));
#9655=CARTESIAN_POINT('Origin',(-3.94273173738165,0.835000002413999,1.09273272910006));
#9656=CARTESIAN_POINT('',(-4.14714848707067,0.435000002413999,1.12698932025599));
#9657=CARTESIAN_POINT('Origin',(-3.94273173738165,0.435000002413998,1.09273272910006));
#9658=CARTESIAN_POINT('',(-4.14714848707067,0.835000002413999,1.12698932025599));
#9659=CARTESIAN_POINT('Origin',(-4.2719145156816,0.835000002413999,0.382481705000002));
#9660=CARTESIAN_POINT('',(-4.2719145156816,0.835000002413999,0.382481705000002));
#9661=CARTESIAN_POINT('',(-4.2719145156816,0.835000002413999,0.382481705000002));
#9662=CARTESIAN_POINT('',(-4.2719145156816,0.435000002413999,0.382481705000002));
#9663=CARTESIAN_POINT('',(-4.2719145156816,0.435000002413999,0.382481705000002));
#9664=CARTESIAN_POINT('',(-4.2719145156816,0.835000002413999,0.382481705000002));
#9665=CARTESIAN_POINT('Origin',(-4.64584757053416,0.835000002413999,0.490918536283724));
#9666=CARTESIAN_POINT('',(-4.57439517927045,0.835000002413999,0.108192744530745));
#9667=CARTESIAN_POINT('Origin',(-4.64584757053404,0.835000002413999,0.490918536283548));
#9668=CARTESIAN_POINT('',(-4.57439517927045,0.435000002413999,0.108192744530745));
#9669=CARTESIAN_POINT('Origin',(-4.64584757053404,0.435000002413999,0.490918536283548));
#9670=CARTESIAN_POINT('',(-4.57439517927045,0.835000002413999,0.108192744530745));
#9671=CARTESIAN_POINT('Origin',(-5.13123271208161,0.835000002413999,1.77635683940025E-15));
#9672=CARTESIAN_POINT('',(-5.13123271208161,0.835000002413999,1.77635683940025E-15));
#9673=CARTESIAN_POINT('',(-5.13123271208161,0.435000002413999,1.77635683940025E-15));
#9674=CARTESIAN_POINT('Origin',(-4.40596040306193,0.435000002413999,0.746246251126976));
#9675=CARTESIAN_POINT('Origin',(-4.40596040306193,0.835000002413999,0.746246251126976));
#9676=CARTESIAN_POINT('Origin',(-5.15000000268159,2.105000002414,0.249294582400001));
#9677=CARTESIAN_POINT('',(-5.15000000268159,2.105000002414,0.249294582400001));
#9678=CARTESIAN_POINT('',(-5.13123271208161,2.105000002414,1.77635683940025E-15));
#9679=CARTESIAN_POINT('',(-5.15000000268159,2.105000002414,0.249294582400001));
#9680=CARTESIAN_POINT('',(-5.13123271208161,1.705000002414,1.77635683940025E-15));
#9681=CARTESIAN_POINT('',(-5.13123271208161,2.105000002414,1.77635683940025E-15));
#9682=CARTESIAN_POINT('',(-5.15000000268159,1.705000002414,0.249294582400001));
#9683=CARTESIAN_POINT('',(-5.15000000268159,1.705000002414,0.249294582400001));
#9684=CARTESIAN_POINT('',(-5.15000000268159,2.105000002414,0.249294582400001));
#9685=CARTESIAN_POINT('Origin',(-4.62063672898159,2.105000002414,0.3521491173));
#9686=CARTESIAN_POINT('',(-4.62063672898159,2.105000002414,0.3521491173));
#9687=CARTESIAN_POINT('',(-4.62063672898159,2.105000002414,0.3521491173));
#9688=CARTESIAN_POINT('',(-4.62063672898159,1.705000002414,0.3521491173));
#9689=CARTESIAN_POINT('',(-4.62063672898159,1.705000002414,0.3521491173));
#9690=CARTESIAN_POINT('',(-4.62063672898159,2.105000002414,0.3521491173));
#9691=CARTESIAN_POINT('Origin',(-4.6458475704481,2.105000002414,0.490918536341374));
#9692=CARTESIAN_POINT('',(-4.51381350081493,2.105000002414,0.441324760072161));
#9693=CARTESIAN_POINT('Origin',(-4.64584757044807,2.105000002414,0.490918536341367));
#9694=CARTESIAN_POINT('',(-4.51381350081493,1.705000002414,0.441324760072161));
#9695=CARTESIAN_POINT('Origin',(-4.64584757044807,1.705000002414,0.490918536341367));
#9696=CARTESIAN_POINT('',(-4.51381350081493,2.105000002414,0.441324760072161));
#9697=CARTESIAN_POINT('Origin',(-4.38397334118162,2.105000002414,1.2161108834));
#9698=CARTESIAN_POINT('',(-4.38397334118162,2.105000002414,1.2161108834));
#9699=CARTESIAN_POINT('',(-4.38397334118162,2.105000002414,1.2161108834));
#9700=CARTESIAN_POINT('',(-4.38397334118162,1.705000002414,1.2161108834));
#9701=CARTESIAN_POINT('',(-4.38397334118162,1.705000002414,1.2161108834));
#9702=CARTESIAN_POINT('',(-4.38397334118162,2.105000002414,1.2161108834));
#9703=CARTESIAN_POINT('Origin',(-3.98947448048614,2.105000002414,1.15000000000907));
#9704=CARTESIAN_POINT('',(-3.98947448048159,2.105000002414,1.55));
#9705=CARTESIAN_POINT('Origin',(-3.98947448048614,2.105000002414,1.15000000000903));
#9706=CARTESIAN_POINT('',(-3.98947448048159,1.705000002414,1.55));
#9707=CARTESIAN_POINT('Origin',(-3.98947448048614,1.705000002414,1.15000000000903));
#9708=CARTESIAN_POINT('',(-3.98947448048159,2.105000002414,1.55));
#9709=CARTESIAN_POINT('Origin',(-3.75000000072055,2.105000002414,1.55));
#9710=CARTESIAN_POINT('',(-3.75000000072055,2.105000002414,1.55));
#9711=CARTESIAN_POINT('',(-3.75000000072055,2.105000002414,1.55));
#9712=CARTESIAN_POINT('',(-3.75000000072055,1.705000002414,1.55));
#9713=CARTESIAN_POINT('',(-3.75000000072055,1.705000002414,1.55));
#9714=CARTESIAN_POINT('',(-3.75000000072055,2.105000002414,1.55));
#9715=CARTESIAN_POINT('Origin',(-3.75000000072055,2.105000002414,1.30000000001143));
#9716=CARTESIAN_POINT('',(-3.75000000072055,2.105000002414,1.30000000001143));
#9717=CARTESIAN_POINT('',(-3.75000000072055,2.105000002414,1.30000000001143));
#9718=CARTESIAN_POINT('',(-3.75000000072055,1.705000002414,1.30000000001143));
#9719=CARTESIAN_POINT('',(-3.75000000072055,1.705000002414,1.30000000001143));
#9720=CARTESIAN_POINT('',(-3.75000000072055,2.105000002414,1.30000000001143));
#9721=CARTESIAN_POINT('Origin',(-3.9427317545148,2.105000002414,1.30000000001143));
#9722=CARTESIAN_POINT('',(-3.9427317545148,2.105000002414,1.30000000001143));
#9723=CARTESIAN_POINT('',(-3.9427317545148,2.105000002414,1.30000000001143));
#9724=CARTESIAN_POINT('',(-3.9427317545148,1.705000002414,1.30000000001143));
#9725=CARTESIAN_POINT('',(-3.9427317545148,1.705000002414,1.30000000001143));
#9726=CARTESIAN_POINT('',(-3.9427317545148,2.105000002414,1.30000000001143));
#9727=CARTESIAN_POINT('Origin',(-3.94273173738162,2.105000002414,1.09273272909996));
#9728=CARTESIAN_POINT('',(-4.14714848707067,2.105000002414,1.12698932025599));
#9729=CARTESIAN_POINT('Origin',(-3.94273173738165,2.105000002414,1.09273272910006));
#9730=CARTESIAN_POINT('',(-4.14714848707067,1.705000002414,1.12698932025599));
#9731=CARTESIAN_POINT('Origin',(-3.94273173738165,1.705000002414,1.09273272910006));
#9732=CARTESIAN_POINT('',(-4.14714848707067,2.105000002414,1.12698932025599));
#9733=CARTESIAN_POINT('Origin',(-4.2719145156816,2.105000002414,0.382481705000002));
#9734=CARTESIAN_POINT('',(-4.2719145156816,2.105000002414,0.382481705000002));
#9735=CARTESIAN_POINT('',(-4.2719145156816,2.105000002414,0.382481705000002));
#9736=CARTESIAN_POINT('',(-4.2719145156816,1.705000002414,0.382481705000002));
#9737=CARTESIAN_POINT('',(-4.2719145156816,1.705000002414,0.382481705000002));
#9738=CARTESIAN_POINT('',(-4.2719145156816,2.105000002414,0.382481705000002));
#9739=CARTESIAN_POINT('Origin',(-4.64584757053416,2.105000002414,0.490918536283724));
#9740=CARTESIAN_POINT('',(-4.57439517927045,2.105000002414,0.108192744530745));
#9741=CARTESIAN_POINT('Origin',(-4.64584757053404,2.105000002414,0.490918536283548));
#9742=CARTESIAN_POINT('',(-4.57439517927045,1.705000002414,0.108192744530745));
#9743=CARTESIAN_POINT('Origin',(-4.64584757053404,1.705000002414,0.490918536283548));
#9744=CARTESIAN_POINT('',(-4.57439517927045,2.105000002414,0.108192744530745));
#9745=CARTESIAN_POINT('Origin',(-5.13123271208161,2.105000002414,1.77635683940025E-15));
#9746=CARTESIAN_POINT('',(-5.13123271208161,2.105000002414,1.77635683940025E-15));
#9747=CARTESIAN_POINT('',(-5.13123271208161,1.705000002414,1.77635683940025E-15));
#9748=CARTESIAN_POINT('Origin',(-4.40596040306193,1.705000002414,0.746246251126976));
#9749=CARTESIAN_POINT('Origin',(-4.40596040306193,2.105000002414,0.746246251126976));
#9750=CARTESIAN_POINT('Origin',(5.1500000012405,2.105000002414,0.249294582400001));
#9751=CARTESIAN_POINT('',(5.1500000012405,2.105000002414,0.249294582400001));
#9752=CARTESIAN_POINT('',(5.13123271064052,2.105000002414,1.77635683940025E-15));
#9753=CARTESIAN_POINT('',(5.1500000012405,2.105000002414,0.249294582400001));
#9754=CARTESIAN_POINT('',(5.1500000012405,1.705000002414,0.249294582400001));
#9755=CARTESIAN_POINT('',(5.1500000012405,2.105000002414,0.249294582400001));
#9756=CARTESIAN_POINT('',(5.13123271064052,1.705000002414,1.77635683940025E-15));
#9757=CARTESIAN_POINT('',(5.1500000012405,1.705000002414,0.249294582400001));
#9758=CARTESIAN_POINT('',(5.13123271064052,2.105000002414,1.77635683940025E-15));
#9759=CARTESIAN_POINT('Origin',(4.6206367275405,2.105000002414,0.3521491173));
#9760=CARTESIAN_POINT('',(4.6206367275405,2.105000002414,0.3521491173));
#9761=CARTESIAN_POINT('',(4.6206367275405,2.105000002414,0.3521491173));
#9762=CARTESIAN_POINT('',(4.6206367275405,1.705000002414,0.3521491173));
#9763=CARTESIAN_POINT('',(4.6206367275405,2.105000002414,0.3521491173));
#9764=CARTESIAN_POINT('',(4.6206367275405,1.705000002414,0.3521491173));
#9765=CARTESIAN_POINT('Origin',(4.64584756900695,2.105000002414,0.49091853634132));
#9766=CARTESIAN_POINT('',(4.51381349937384,2.105000002414,0.441324760072161));
#9767=CARTESIAN_POINT('Origin',(4.64584756900697,2.105000002414,0.490918536341367));
#9768=CARTESIAN_POINT('',(4.51381349937384,1.705000002414,0.441324760072161));
#9769=CARTESIAN_POINT('',(4.51381349937384,2.105000002414,0.441324760072161));
#9770=CARTESIAN_POINT('Origin',(4.64584756900697,1.705000002414,0.490918536341367));
#9771=CARTESIAN_POINT('Origin',(4.38397333974052,2.105000002414,1.2161108834));
#9772=CARTESIAN_POINT('',(4.38397333974052,2.105000002414,1.2161108834));
#9773=CARTESIAN_POINT('',(4.38397333974052,2.105000002414,1.2161108834));
#9774=CARTESIAN_POINT('',(4.38397333974052,1.705000002414,1.2161108834));
#9775=CARTESIAN_POINT('',(4.38397333974052,2.105000002414,1.2161108834));
#9776=CARTESIAN_POINT('',(4.38397333974052,1.705000002414,1.2161108834));
#9777=CARTESIAN_POINT('Origin',(3.98947447904507,2.105000002414,1.15000000000908));
#9778=CARTESIAN_POINT('',(3.9894744790405,2.105000002414,1.55));
#9779=CARTESIAN_POINT('Origin',(3.98947447904504,2.105000002414,1.15000000000903));
#9780=CARTESIAN_POINT('',(3.9894744790405,1.705000002414,1.55));
#9781=CARTESIAN_POINT('',(3.9894744790405,2.105000002414,1.55));
#9782=CARTESIAN_POINT('Origin',(3.98947447904504,1.705000002414,1.15000000000903));
#9783=CARTESIAN_POINT('Origin',(3.74999999927945,2.105000002414,1.55));
#9784=CARTESIAN_POINT('',(3.74999999927945,2.105000002414,1.55));
#9785=CARTESIAN_POINT('',(3.74999999927945,2.105000002414,1.55));
#9786=CARTESIAN_POINT('',(3.74999999927945,1.705000002414,1.55));
#9787=CARTESIAN_POINT('',(3.74999999927945,2.105000002414,1.55));
#9788=CARTESIAN_POINT('',(3.74999999927945,1.705000002414,1.55));
#9789=CARTESIAN_POINT('Origin',(3.74999999927945,2.105000002414,1.30000000001143));
#9790=CARTESIAN_POINT('',(3.74999999927945,2.105000002414,1.30000000001143));
#9791=CARTESIAN_POINT('',(3.74999999927945,2.105000002414,1.30000000001143));
#9792=CARTESIAN_POINT('',(3.74999999927945,1.705000002414,1.30000000001143));
#9793=CARTESIAN_POINT('',(3.74999999927945,2.105000002414,1.30000000001143));
#9794=CARTESIAN_POINT('',(3.74999999927945,1.705000002414,1.30000000001143));
#9795=CARTESIAN_POINT('Origin',(3.9427317530737,2.105000002414,1.30000000001143));
#9796=CARTESIAN_POINT('',(3.9427317530737,2.105000002414,1.30000000001143));
#9797=CARTESIAN_POINT('',(3.9427317530737,2.105000002414,1.30000000001143));
#9798=CARTESIAN_POINT('',(3.9427317530737,1.705000002414,1.30000000001143));
#9799=CARTESIAN_POINT('',(3.9427317530737,2.105000002414,1.30000000001143));
#9800=CARTESIAN_POINT('',(3.9427317530737,1.705000002414,1.30000000001143));
#9801=CARTESIAN_POINT('Origin',(3.94273173594038,2.105000002414,1.09273272909989));
#9802=CARTESIAN_POINT('',(4.14714848562957,2.105000002414,1.12698932025599));
#9803=CARTESIAN_POINT('Origin',(3.9427317359405,2.105000002414,1.09273272910001));
#9804=CARTESIAN_POINT('',(4.14714848562957,1.705000002414,1.12698932025599));
#9805=CARTESIAN_POINT('',(4.14714848562957,2.105000002414,1.12698932025599));
#9806=CARTESIAN_POINT('Origin',(3.9427317359405,1.705000002414,1.09273272910001));
#9807=CARTESIAN_POINT('Origin',(4.27191451424051,2.105000002414,0.382481705000002));
#9808=CARTESIAN_POINT('',(4.27191451424051,2.105000002414,0.382481705000002));
#9809=CARTESIAN_POINT('',(4.27191451424051,2.105000002414,0.382481705000002));
#9810=CARTESIAN_POINT('',(4.27191451424051,1.705000002414,0.382481705000002));
#9811=CARTESIAN_POINT('',(4.27191451424051,2.105000002414,0.382481705000002));
#9812=CARTESIAN_POINT('',(4.27191451424051,1.705000002414,0.382481705000002));
#9813=CARTESIAN_POINT('Origin',(4.64584756909304,2.105000002414,0.490918536283635));
#9814=CARTESIAN_POINT('',(4.57439517782936,2.105000002414,0.108192744530745));
#9815=CARTESIAN_POINT('Origin',(4.64584756909295,2.105000002414,0.490918536283548));
#9816=CARTESIAN_POINT('',(4.57439517782936,1.705000002414,0.108192744530745));
#9817=CARTESIAN_POINT('',(4.57439517782936,2.105000002414,0.108192744530745));
#9818=CARTESIAN_POINT('Origin',(4.64584756909295,1.705000002414,0.490918536283548));
#9819=CARTESIAN_POINT('Origin',(5.13123271064052,2.105000002414,1.77635683940025E-15));
#9820=CARTESIAN_POINT('',(5.13123271064052,2.105000002414,1.77635683940025E-15));
#9821=CARTESIAN_POINT('',(5.13123271064052,1.705000002414,1.77635683940025E-15));
#9822=CARTESIAN_POINT('Origin',(4.40596040162083,1.705000002414,0.746246251126976));
#9823=CARTESIAN_POINT('Origin',(4.40596040162083,2.105000002414,0.746246251126976));
#9824=CARTESIAN_POINT('Origin',(-5.15000000268159,3.375000002414,0.249294582400001));
#9825=CARTESIAN_POINT('',(-5.15000000268159,3.375000002414,0.249294582400001));
#9826=CARTESIAN_POINT('',(-5.13123271208161,3.375000002414,1.77635683940025E-15));
#9827=CARTESIAN_POINT('',(-5.15000000268159,3.375000002414,0.249294582400001));
#9828=CARTESIAN_POINT('',(-5.13123271208161,2.975000002414,1.77635683940025E-15));
#9829=CARTESIAN_POINT('',(-5.13123271208161,3.375000002414,1.77635683940025E-15));
#9830=CARTESIAN_POINT('',(-5.15000000268159,2.975000002414,0.249294582400001));
#9831=CARTESIAN_POINT('',(-5.15000000268159,2.975000002414,0.249294582400001));
#9832=CARTESIAN_POINT('',(-5.15000000268159,3.375000002414,0.249294582400001));
#9833=CARTESIAN_POINT('Origin',(-4.62063672898159,3.375000002414,0.3521491173));
#9834=CARTESIAN_POINT('',(-4.62063672898159,3.375000002414,0.3521491173));
#9835=CARTESIAN_POINT('',(-4.62063672898159,3.375000002414,0.3521491173));
#9836=CARTESIAN_POINT('',(-4.62063672898159,2.975000002414,0.3521491173));
#9837=CARTESIAN_POINT('',(-4.62063672898159,2.975000002414,0.3521491173));
#9838=CARTESIAN_POINT('',(-4.62063672898159,3.375000002414,0.3521491173));
#9839=CARTESIAN_POINT('Origin',(-4.6458475704481,3.375000002414,0.490918536341374));
#9840=CARTESIAN_POINT('',(-4.51381350081493,3.375000002414,0.441324760072161));
#9841=CARTESIAN_POINT('Origin',(-4.64584757044807,3.375000002414,0.490918536341367));
#9842=CARTESIAN_POINT('',(-4.51381350081493,2.975000002414,0.441324760072161));
#9843=CARTESIAN_POINT('Origin',(-4.64584757044807,2.975000002414,0.490918536341367));
#9844=CARTESIAN_POINT('',(-4.51381350081493,3.375000002414,0.441324760072161));
#9845=CARTESIAN_POINT('Origin',(-4.38397334118162,3.375000002414,1.2161108834));
#9846=CARTESIAN_POINT('',(-4.38397334118162,3.375000002414,1.2161108834));
#9847=CARTESIAN_POINT('',(-4.38397334118162,3.375000002414,1.2161108834));
#9848=CARTESIAN_POINT('',(-4.38397334118162,2.975000002414,1.2161108834));
#9849=CARTESIAN_POINT('',(-4.38397334118162,2.975000002414,1.2161108834));
#9850=CARTESIAN_POINT('',(-4.38397334118162,3.375000002414,1.2161108834));
#9851=CARTESIAN_POINT('Origin',(-3.98947448048614,3.375000002414,1.15000000000907));
#9852=CARTESIAN_POINT('',(-3.98947448048159,3.375000002414,1.55));
#9853=CARTESIAN_POINT('Origin',(-3.98947448048614,3.375000002414,1.15000000000903));
#9854=CARTESIAN_POINT('',(-3.98947448048159,2.975000002414,1.55));
#9855=CARTESIAN_POINT('Origin',(-3.98947448048614,2.975000002414,1.15000000000903));
#9856=CARTESIAN_POINT('',(-3.98947448048159,3.375000002414,1.55));
#9857=CARTESIAN_POINT('Origin',(-3.75000000072055,3.375000002414,1.55));
#9858=CARTESIAN_POINT('',(-3.75000000072055,3.375000002414,1.55));
#9859=CARTESIAN_POINT('',(-3.75000000072055,3.375000002414,1.55));
#9860=CARTESIAN_POINT('',(-3.75000000072055,2.975000002414,1.55));
#9861=CARTESIAN_POINT('',(-3.75000000072055,2.975000002414,1.55));
#9862=CARTESIAN_POINT('',(-3.75000000072055,3.375000002414,1.55));
#9863=CARTESIAN_POINT('Origin',(-3.75000000072055,3.375000002414,1.30000000001143));
#9864=CARTESIAN_POINT('',(-3.75000000072055,3.375000002414,1.30000000001143));
#9865=CARTESIAN_POINT('',(-3.75000000072055,3.375000002414,1.30000000001143));
#9866=CARTESIAN_POINT('',(-3.75000000072055,2.975000002414,1.30000000001143));
#9867=CARTESIAN_POINT('',(-3.75000000072055,2.975000002414,1.30000000001143));
#9868=CARTESIAN_POINT('',(-3.75000000072055,3.375000002414,1.30000000001143));
#9869=CARTESIAN_POINT('Origin',(-3.9427317545148,3.375000002414,1.30000000001143));
#9870=CARTESIAN_POINT('',(-3.9427317545148,3.375000002414,1.30000000001143));
#9871=CARTESIAN_POINT('',(-3.9427317545148,3.375000002414,1.30000000001143));
#9872=CARTESIAN_POINT('',(-3.9427317545148,2.975000002414,1.30000000001143));
#9873=CARTESIAN_POINT('',(-3.9427317545148,2.975000002414,1.30000000001143));
#9874=CARTESIAN_POINT('',(-3.9427317545148,3.375000002414,1.30000000001143));
#9875=CARTESIAN_POINT('Origin',(-3.94273173738162,3.375000002414,1.09273272909996));
#9876=CARTESIAN_POINT('',(-4.14714848707067,3.375000002414,1.12698932025599));
#9877=CARTESIAN_POINT('Origin',(-3.94273173738165,3.375000002414,1.09273272910006));
#9878=CARTESIAN_POINT('',(-4.14714848707067,2.975000002414,1.12698932025599));
#9879=CARTESIAN_POINT('Origin',(-3.94273173738165,2.975000002414,1.09273272910006));
#9880=CARTESIAN_POINT('',(-4.14714848707067,3.375000002414,1.12698932025599));
#9881=CARTESIAN_POINT('Origin',(-4.2719145156816,3.375000002414,0.382481705000002));
#9882=CARTESIAN_POINT('',(-4.2719145156816,3.375000002414,0.382481705000002));
#9883=CARTESIAN_POINT('',(-4.2719145156816,3.375000002414,0.382481705000002));
#9884=CARTESIAN_POINT('',(-4.2719145156816,2.975000002414,0.382481705000002));
#9885=CARTESIAN_POINT('',(-4.2719145156816,2.975000002414,0.382481705000002));
#9886=CARTESIAN_POINT('',(-4.2719145156816,3.375000002414,0.382481705000002));
#9887=CARTESIAN_POINT('Origin',(-4.64584757053416,3.375000002414,0.490918536283724));
#9888=CARTESIAN_POINT('',(-4.57439517927045,3.375000002414,0.108192744530745));
#9889=CARTESIAN_POINT('Origin',(-4.64584757053404,3.375000002414,0.490918536283548));
#9890=CARTESIAN_POINT('',(-4.57439517927045,2.975000002414,0.108192744530745));
#9891=CARTESIAN_POINT('Origin',(-4.64584757053404,2.975000002414,0.490918536283548));
#9892=CARTESIAN_POINT('',(-4.57439517927045,3.375000002414,0.108192744530745));
#9893=CARTESIAN_POINT('Origin',(-5.13123271208161,3.375000002414,1.77635683940025E-15));
#9894=CARTESIAN_POINT('',(-5.13123271208161,3.375000002414,1.77635683940025E-15));
#9895=CARTESIAN_POINT('',(-5.13123271208161,2.975000002414,1.77635683940025E-15));
#9896=CARTESIAN_POINT('Origin',(-4.40596040306193,2.975000002414,0.746246251126976));
#9897=CARTESIAN_POINT('Origin',(-4.40596040306193,3.375000002414,0.746246251126976));
#9898=CARTESIAN_POINT('Origin',(5.1500000012405,3.375000002414,0.249294582400001));
#9899=CARTESIAN_POINT('',(5.1500000012405,3.375000002414,0.249294582400001));
#9900=CARTESIAN_POINT('',(5.13123271064052,3.375000002414,1.77635683940025E-15));
#9901=CARTESIAN_POINT('',(5.1500000012405,3.375000002414,0.249294582400001));
#9902=CARTESIAN_POINT('',(5.1500000012405,2.975000002414,0.249294582400001));
#9903=CARTESIAN_POINT('',(5.1500000012405,3.375000002414,0.249294582400001));
#9904=CARTESIAN_POINT('',(5.13123271064052,2.975000002414,1.77635683940025E-15));
#9905=CARTESIAN_POINT('',(5.1500000012405,2.975000002414,0.249294582400001));
#9906=CARTESIAN_POINT('',(5.13123271064052,3.375000002414,1.77635683940025E-15));
#9907=CARTESIAN_POINT('Origin',(4.6206367275405,3.375000002414,0.3521491173));
#9908=CARTESIAN_POINT('',(4.6206367275405,3.375000002414,0.3521491173));
#9909=CARTESIAN_POINT('',(4.6206367275405,3.375000002414,0.3521491173));
#9910=CARTESIAN_POINT('',(4.6206367275405,2.975000002414,0.3521491173));
#9911=CARTESIAN_POINT('',(4.6206367275405,3.375000002414,0.3521491173));
#9912=CARTESIAN_POINT('',(4.6206367275405,2.975000002414,0.3521491173));
#9913=CARTESIAN_POINT('Origin',(4.64584756900695,3.375000002414,0.49091853634132));
#9914=CARTESIAN_POINT('',(4.51381349937384,3.375000002414,0.441324760072161));
#9915=CARTESIAN_POINT('Origin',(4.64584756900697,3.375000002414,0.490918536341367));
#9916=CARTESIAN_POINT('',(4.51381349937384,2.975000002414,0.441324760072161));
#9917=CARTESIAN_POINT('',(4.51381349937384,3.375000002414,0.441324760072161));
#9918=CARTESIAN_POINT('Origin',(4.64584756900697,2.975000002414,0.490918536341367));
#9919=CARTESIAN_POINT('Origin',(4.38397333974052,3.375000002414,1.2161108834));
#9920=CARTESIAN_POINT('',(4.38397333974052,3.375000002414,1.2161108834));
#9921=CARTESIAN_POINT('',(4.38397333974052,3.375000002414,1.2161108834));
#9922=CARTESIAN_POINT('',(4.38397333974052,2.975000002414,1.2161108834));
#9923=CARTESIAN_POINT('',(4.38397333974052,3.375000002414,1.2161108834));
#9924=CARTESIAN_POINT('',(4.38397333974052,2.975000002414,1.2161108834));
#9925=CARTESIAN_POINT('Origin',(3.98947447904507,3.375000002414,1.15000000000908));
#9926=CARTESIAN_POINT('',(3.9894744790405,3.375000002414,1.55));
#9927=CARTESIAN_POINT('Origin',(3.98947447904504,3.375000002414,1.15000000000903));
#9928=CARTESIAN_POINT('',(3.9894744790405,2.975000002414,1.55));
#9929=CARTESIAN_POINT('',(3.9894744790405,3.375000002414,1.55));
#9930=CARTESIAN_POINT('Origin',(3.98947447904504,2.975000002414,1.15000000000903));
#9931=CARTESIAN_POINT('Origin',(3.74999999927945,3.375000002414,1.55));
#9932=CARTESIAN_POINT('',(3.74999999927945,3.375000002414,1.55));
#9933=CARTESIAN_POINT('',(3.74999999927945,3.375000002414,1.55));
#9934=CARTESIAN_POINT('',(3.74999999927945,2.975000002414,1.55));
#9935=CARTESIAN_POINT('',(3.74999999927945,3.375000002414,1.55));
#9936=CARTESIAN_POINT('',(3.74999999927945,2.975000002414,1.55));
#9937=CARTESIAN_POINT('Origin',(3.74999999927945,3.375000002414,1.30000000001143));
#9938=CARTESIAN_POINT('',(3.74999999927945,3.375000002414,1.30000000001143));
#9939=CARTESIAN_POINT('',(3.74999999927945,3.375000002414,1.30000000001143));
#9940=CARTESIAN_POINT('',(3.74999999927945,2.975000002414,1.30000000001143));
#9941=CARTESIAN_POINT('',(3.74999999927945,3.375000002414,1.30000000001143));
#9942=CARTESIAN_POINT('',(3.74999999927945,2.975000002414,1.30000000001143));
#9943=CARTESIAN_POINT('Origin',(3.9427317530737,3.375000002414,1.30000000001143));
#9944=CARTESIAN_POINT('',(3.9427317530737,3.375000002414,1.30000000001143));
#9945=CARTESIAN_POINT('',(3.9427317530737,3.375000002414,1.30000000001143));
#9946=CARTESIAN_POINT('',(3.9427317530737,2.975000002414,1.30000000001143));
#9947=CARTESIAN_POINT('',(3.9427317530737,3.375000002414,1.30000000001143));
#9948=CARTESIAN_POINT('',(3.9427317530737,2.975000002414,1.30000000001143));
#9949=CARTESIAN_POINT('Origin',(3.94273173594038,3.375000002414,1.09273272909989));
#9950=CARTESIAN_POINT('',(4.14714848562957,3.375000002414,1.12698932025599));
#9951=CARTESIAN_POINT('Origin',(3.9427317359405,3.375000002414,1.09273272910001));
#9952=CARTESIAN_POINT('',(4.14714848562957,2.975000002414,1.12698932025599));
#9953=CARTESIAN_POINT('',(4.14714848562957,3.375000002414,1.12698932025599));
#9954=CARTESIAN_POINT('Origin',(3.9427317359405,2.975000002414,1.09273272910001));
#9955=CARTESIAN_POINT('Origin',(4.27191451424051,3.375000002414,0.382481705000002));
#9956=CARTESIAN_POINT('',(4.27191451424051,3.375000002414,0.382481705000002));
#9957=CARTESIAN_POINT('',(4.27191451424051,3.375000002414,0.382481705000002));
#9958=CARTESIAN_POINT('',(4.27191451424051,2.975000002414,0.382481705000002));
#9959=CARTESIAN_POINT('',(4.27191451424051,3.375000002414,0.382481705000002));
#9960=CARTESIAN_POINT('',(4.27191451424051,2.975000002414,0.382481705000002));
#9961=CARTESIAN_POINT('Origin',(4.64584756909304,3.375000002414,0.490918536283635));
#9962=CARTESIAN_POINT('',(4.57439517782936,3.375000002414,0.108192744530745));
#9963=CARTESIAN_POINT('Origin',(4.64584756909295,3.375000002414,0.490918536283548));
#9964=CARTESIAN_POINT('',(4.57439517782936,2.975000002414,0.108192744530745));
#9965=CARTESIAN_POINT('',(4.57439517782936,3.375000002414,0.108192744530745));
#9966=CARTESIAN_POINT('Origin',(4.64584756909295,2.975000002414,0.490918536283548));
#9967=CARTESIAN_POINT('Origin',(5.13123271064052,3.375000002414,1.77635683940025E-15));
#9968=CARTESIAN_POINT('',(5.13123271064052,3.375000002414,1.77635683940025E-15));
#9969=CARTESIAN_POINT('',(5.13123271064052,2.975000002414,1.77635683940025E-15));
#9970=CARTESIAN_POINT('Origin',(4.40596040162083,2.975000002414,0.746246251126976));
#9971=CARTESIAN_POINT('Origin',(4.40596040162083,3.375000002414,0.746246251126976));
#9972=CARTESIAN_POINT('Origin',(-5.15000000268159,4.645000002414,0.249294582400001));
#9973=CARTESIAN_POINT('',(-5.15000000268159,4.645000002414,0.249294582400001));
#9974=CARTESIAN_POINT('',(-5.13123271208161,4.645000002414,1.77635683940025E-15));
#9975=CARTESIAN_POINT('',(-5.15000000268159,4.645000002414,0.249294582400001));
#9976=CARTESIAN_POINT('',(-5.13123271208161,4.245000002414,1.77635683940025E-15));
#9977=CARTESIAN_POINT('',(-5.13123271208161,4.645000002414,1.77635683940025E-15));
#9978=CARTESIAN_POINT('',(-5.15000000268159,4.245000002414,0.249294582400001));
#9979=CARTESIAN_POINT('',(-5.15000000268159,4.245000002414,0.249294582400001));
#9980=CARTESIAN_POINT('',(-5.15000000268159,4.645000002414,0.249294582400001));
#9981=CARTESIAN_POINT('Origin',(-4.62063672898159,4.645000002414,0.3521491173));
#9982=CARTESIAN_POINT('',(-4.62063672898159,4.645000002414,0.3521491173));
#9983=CARTESIAN_POINT('',(-4.62063672898159,4.645000002414,0.3521491173));
#9984=CARTESIAN_POINT('',(-4.62063672898159,4.245000002414,0.3521491173));
#9985=CARTESIAN_POINT('',(-4.62063672898159,4.245000002414,0.3521491173));
#9986=CARTESIAN_POINT('',(-4.62063672898159,4.645000002414,0.3521491173));
#9987=CARTESIAN_POINT('Origin',(-4.6458475704481,4.645000002414,0.490918536341374));
#9988=CARTESIAN_POINT('',(-4.51381350081493,4.645000002414,0.441324760072161));
#9989=CARTESIAN_POINT('Origin',(-4.64584757044807,4.645000002414,0.490918536341367));
#9990=CARTESIAN_POINT('',(-4.51381350081493,4.245000002414,0.441324760072161));
#9991=CARTESIAN_POINT('Origin',(-4.64584757044807,4.245000002414,0.490918536341367));
#9992=CARTESIAN_POINT('',(-4.51381350081493,4.645000002414,0.441324760072161));
#9993=CARTESIAN_POINT('Origin',(-4.38397334118162,4.645000002414,1.2161108834));
#9994=CARTESIAN_POINT('',(-4.38397334118162,4.645000002414,1.2161108834));
#9995=CARTESIAN_POINT('',(-4.38397334118162,4.645000002414,1.2161108834));
#9996=CARTESIAN_POINT('',(-4.38397334118162,4.245000002414,1.2161108834));
#9997=CARTESIAN_POINT('',(-4.38397334118162,4.245000002414,1.2161108834));
#9998=CARTESIAN_POINT('',(-4.38397334118162,4.645000002414,1.2161108834));
#9999=CARTESIAN_POINT('Origin',(-3.98947448048614,4.645000002414,1.15000000000907));
#10000=CARTESIAN_POINT('',(-3.98947448048159,4.645000002414,1.55));
#10001=CARTESIAN_POINT('Origin',(-3.98947448048614,4.645000002414,1.15000000000903));
#10002=CARTESIAN_POINT('',(-3.98947448048159,4.245000002414,1.55));
#10003=CARTESIAN_POINT('Origin',(-3.98947448048614,4.245000002414,1.15000000000903));
#10004=CARTESIAN_POINT('',(-3.98947448048159,4.645000002414,1.55));
#10005=CARTESIAN_POINT('Origin',(-3.75000000072055,4.645000002414,1.55));
#10006=CARTESIAN_POINT('',(-3.75000000072055,4.645000002414,1.55));
#10007=CARTESIAN_POINT('',(-3.75000000072055,4.645000002414,1.55));
#10008=CARTESIAN_POINT('',(-3.75000000072055,4.245000002414,1.55));
#10009=CARTESIAN_POINT('',(-3.75000000072055,4.245000002414,1.55));
#10010=CARTESIAN_POINT('',(-3.75000000072055,4.645000002414,1.55));
#10011=CARTESIAN_POINT('Origin',(-3.75000000072055,4.645000002414,1.30000000001143));
#10012=CARTESIAN_POINT('',(-3.75000000072055,4.645000002414,1.30000000001143));
#10013=CARTESIAN_POINT('',(-3.75000000072055,4.645000002414,1.30000000001143));
#10014=CARTESIAN_POINT('',(-3.75000000072055,4.245000002414,1.30000000001143));
#10015=CARTESIAN_POINT('',(-3.75000000072055,4.245000002414,1.30000000001143));
#10016=CARTESIAN_POINT('',(-3.75000000072055,4.645000002414,1.30000000001143));
#10017=CARTESIAN_POINT('Origin',(-3.9427317545148,4.645000002414,1.30000000001143));
#10018=CARTESIAN_POINT('',(-3.9427317545148,4.645000002414,1.30000000001143));
#10019=CARTESIAN_POINT('',(-3.9427317545148,4.645000002414,1.30000000001143));
#10020=CARTESIAN_POINT('',(-3.9427317545148,4.245000002414,1.30000000001143));
#10021=CARTESIAN_POINT('',(-3.9427317545148,4.245000002414,1.30000000001143));
#10022=CARTESIAN_POINT('',(-3.9427317545148,4.645000002414,1.30000000001143));
#10023=CARTESIAN_POINT('Origin',(-3.94273173738162,4.645000002414,1.09273272909996));
#10024=CARTESIAN_POINT('',(-4.14714848707067,4.645000002414,1.12698932025599));
#10025=CARTESIAN_POINT('Origin',(-3.94273173738165,4.645000002414,1.09273272910006));
#10026=CARTESIAN_POINT('',(-4.14714848707067,4.245000002414,1.12698932025599));
#10027=CARTESIAN_POINT('Origin',(-3.94273173738165,4.245000002414,1.09273272910006));
#10028=CARTESIAN_POINT('',(-4.14714848707067,4.645000002414,1.12698932025599));
#10029=CARTESIAN_POINT('Origin',(-4.2719145156816,4.645000002414,0.382481705000002));
#10030=CARTESIAN_POINT('',(-4.2719145156816,4.645000002414,0.382481705000002));
#10031=CARTESIAN_POINT('',(-4.2719145156816,4.645000002414,0.382481705000002));
#10032=CARTESIAN_POINT('',(-4.2719145156816,4.245000002414,0.382481705000002));
#10033=CARTESIAN_POINT('',(-4.2719145156816,4.245000002414,0.382481705000002));
#10034=CARTESIAN_POINT('',(-4.2719145156816,4.645000002414,0.382481705000002));
#10035=CARTESIAN_POINT('Origin',(-4.64584757053416,4.645000002414,0.490918536283724));
#10036=CARTESIAN_POINT('',(-4.57439517927045,4.645000002414,0.108192744530745));
#10037=CARTESIAN_POINT('Origin',(-4.64584757053404,4.645000002414,0.490918536283548));
#10038=CARTESIAN_POINT('',(-4.57439517927045,4.245000002414,0.108192744530745));
#10039=CARTESIAN_POINT('Origin',(-4.64584757053404,4.245000002414,0.490918536283548));
#10040=CARTESIAN_POINT('',(-4.57439517927045,4.645000002414,0.108192744530745));
#10041=CARTESIAN_POINT('Origin',(-5.13123271208161,4.645000002414,1.77635683940025E-15));
#10042=CARTESIAN_POINT('',(-5.13123271208161,4.645000002414,1.77635683940025E-15));
#10043=CARTESIAN_POINT('',(-5.13123271208161,4.245000002414,1.77635683940025E-15));
#10044=CARTESIAN_POINT('Origin',(-4.40596040306193,4.245000002414,0.746246251126976));
#10045=CARTESIAN_POINT('Origin',(-4.40596040306193,4.645000002414,0.746246251126976));
#10046=CARTESIAN_POINT('Origin',(5.1500000012405,4.645000002414,0.249294582400001));
#10047=CARTESIAN_POINT('',(5.1500000012405,4.645000002414,0.249294582400001));
#10048=CARTESIAN_POINT('',(5.13123271064052,4.645000002414,1.77635683940025E-15));
#10049=CARTESIAN_POINT('',(5.1500000012405,4.645000002414,0.249294582400001));
#10050=CARTESIAN_POINT('',(5.1500000012405,4.245000002414,0.249294582400001));
#10051=CARTESIAN_POINT('',(5.1500000012405,4.645000002414,0.249294582400001));
#10052=CARTESIAN_POINT('',(5.13123271064052,4.245000002414,1.77635683940025E-15));
#10053=CARTESIAN_POINT('',(5.1500000012405,4.245000002414,0.249294582400001));
#10054=CARTESIAN_POINT('',(5.13123271064052,4.645000002414,1.77635683940025E-15));
#10055=CARTESIAN_POINT('Origin',(4.6206367275405,4.645000002414,0.3521491173));
#10056=CARTESIAN_POINT('',(4.6206367275405,4.645000002414,0.3521491173));
#10057=CARTESIAN_POINT('',(4.6206367275405,4.645000002414,0.3521491173));
#10058=CARTESIAN_POINT('',(4.6206367275405,4.245000002414,0.3521491173));
#10059=CARTESIAN_POINT('',(4.6206367275405,4.645000002414,0.3521491173));
#10060=CARTESIAN_POINT('',(4.6206367275405,4.245000002414,0.3521491173));
#10061=CARTESIAN_POINT('Origin',(4.64584756900695,4.645000002414,0.49091853634132));
#10062=CARTESIAN_POINT('',(4.51381349937384,4.645000002414,0.441324760072161));
#10063=CARTESIAN_POINT('Origin',(4.64584756900697,4.645000002414,0.490918536341367));
#10064=CARTESIAN_POINT('',(4.51381349937384,4.245000002414,0.441324760072161));
#10065=CARTESIAN_POINT('',(4.51381349937384,4.645000002414,0.441324760072161));
#10066=CARTESIAN_POINT('Origin',(4.64584756900697,4.245000002414,0.490918536341367));
#10067=CARTESIAN_POINT('Origin',(4.38397333974052,4.645000002414,1.2161108834));
#10068=CARTESIAN_POINT('',(4.38397333974052,4.645000002414,1.2161108834));
#10069=CARTESIAN_POINT('',(4.38397333974052,4.645000002414,1.2161108834));
#10070=CARTESIAN_POINT('',(4.38397333974052,4.245000002414,1.2161108834));
#10071=CARTESIAN_POINT('',(4.38397333974052,4.645000002414,1.2161108834));
#10072=CARTESIAN_POINT('',(4.38397333974052,4.245000002414,1.2161108834));
#10073=CARTESIAN_POINT('Origin',(3.98947447904507,4.645000002414,1.15000000000908));
#10074=CARTESIAN_POINT('',(3.9894744790405,4.645000002414,1.55));
#10075=CARTESIAN_POINT('Origin',(3.98947447904504,4.645000002414,1.15000000000903));
#10076=CARTESIAN_POINT('',(3.9894744790405,4.245000002414,1.55));
#10077=CARTESIAN_POINT('',(3.9894744790405,4.645000002414,1.55));
#10078=CARTESIAN_POINT('Origin',(3.98947447904504,4.245000002414,1.15000000000903));
#10079=CARTESIAN_POINT('Origin',(3.74999999927945,4.645000002414,1.55));
#10080=CARTESIAN_POINT('',(3.74999999927945,4.645000002414,1.55));
#10081=CARTESIAN_POINT('',(3.74999999927945,4.645000002414,1.55));
#10082=CARTESIAN_POINT('',(3.74999999927945,4.245000002414,1.55));
#10083=CARTESIAN_POINT('',(3.74999999927945,4.645000002414,1.55));
#10084=CARTESIAN_POINT('',(3.74999999927945,4.245000002414,1.55));
#10085=CARTESIAN_POINT('Origin',(3.74999999927945,4.645000002414,1.30000000001143));
#10086=CARTESIAN_POINT('',(3.74999999927945,4.645000002414,1.30000000001143));
#10087=CARTESIAN_POINT('',(3.74999999927945,4.645000002414,1.30000000001143));
#10088=CARTESIAN_POINT('',(3.74999999927945,4.245000002414,1.30000000001143));
#10089=CARTESIAN_POINT('',(3.74999999927945,4.645000002414,1.30000000001143));
#10090=CARTESIAN_POINT('',(3.74999999927945,4.245000002414,1.30000000001143));
#10091=CARTESIAN_POINT('Origin',(3.9427317530737,4.645000002414,1.30000000001143));
#10092=CARTESIAN_POINT('',(3.9427317530737,4.645000002414,1.30000000001143));
#10093=CARTESIAN_POINT('',(3.9427317530737,4.645000002414,1.30000000001143));
#10094=CARTESIAN_POINT('',(3.9427317530737,4.245000002414,1.30000000001143));
#10095=CARTESIAN_POINT('',(3.9427317530737,4.645000002414,1.30000000001143));
#10096=CARTESIAN_POINT('',(3.9427317530737,4.245000002414,1.30000000001143));
#10097=CARTESIAN_POINT('Origin',(3.94273173594038,4.645000002414,1.09273272909989));
#10098=CARTESIAN_POINT('',(4.14714848562957,4.645000002414,1.12698932025599));
#10099=CARTESIAN_POINT('Origin',(3.9427317359405,4.645000002414,1.09273272910001));
#10100=CARTESIAN_POINT('',(4.14714848562957,4.245000002414,1.12698932025599));
#10101=CARTESIAN_POINT('',(4.14714848562957,4.645000002414,1.12698932025599));
#10102=CARTESIAN_POINT('Origin',(3.9427317359405,4.245000002414,1.09273272910001));
#10103=CARTESIAN_POINT('Origin',(4.27191451424051,4.645000002414,0.382481705000002));
#10104=CARTESIAN_POINT('',(4.27191451424051,4.645000002414,0.382481705000002));
#10105=CARTESIAN_POINT('',(4.27191451424051,4.645000002414,0.382481705000002));
#10106=CARTESIAN_POINT('',(4.27191451424051,4.245000002414,0.382481705000002));
#10107=CARTESIAN_POINT('',(4.27191451424051,4.645000002414,0.382481705000002));
#10108=CARTESIAN_POINT('',(4.27191451424051,4.245000002414,0.382481705000002));
#10109=CARTESIAN_POINT('Origin',(4.64584756909304,4.645000002414,0.490918536283635));
#10110=CARTESIAN_POINT('',(4.57439517782936,4.645000002414,0.108192744530745));
#10111=CARTESIAN_POINT('Origin',(4.64584756909295,4.645000002414,0.490918536283548));
#10112=CARTESIAN_POINT('',(4.57439517782936,4.245000002414,0.108192744530745));
#10113=CARTESIAN_POINT('',(4.57439517782936,4.645000002414,0.108192744530745));
#10114=CARTESIAN_POINT('Origin',(4.64584756909295,4.245000002414,0.490918536283548));
#10115=CARTESIAN_POINT('Origin',(5.13123271064052,4.645000002414,1.77635683940025E-15));
#10116=CARTESIAN_POINT('',(5.13123271064052,4.645000002414,1.77635683940025E-15));
#10117=CARTESIAN_POINT('',(5.13123271064052,4.245000002414,1.77635683940025E-15));
#10118=CARTESIAN_POINT('Origin',(4.40596040162083,4.245000002414,0.746246251126976));
#10119=CARTESIAN_POINT('Origin',(4.40596040162083,4.645000002414,0.746246251126976));
#10120=CARTESIAN_POINT('Origin',(-5.15000000268159,-1.704999997586,0.249294582400001));
#10121=CARTESIAN_POINT('',(-5.15000000268159,-1.704999997586,0.249294582400001));
#10122=CARTESIAN_POINT('',(-5.13123271208161,-1.704999997586,1.77635683940025E-15));
#10123=CARTESIAN_POINT('',(-5.15000000268159,-1.704999997586,0.249294582400001));
#10124=CARTESIAN_POINT('',(-5.13123271208161,-2.104999997586,1.77635683940025E-15));
#10125=CARTESIAN_POINT('',(-5.13123271208161,-1.704999997586,1.77635683940025E-15));
#10126=CARTESIAN_POINT('',(-5.15000000268159,-2.104999997586,0.249294582400001));
#10127=CARTESIAN_POINT('',(-5.15000000268159,-2.104999997586,0.249294582400001));
#10128=CARTESIAN_POINT('',(-5.15000000268159,-1.704999997586,0.249294582400001));
#10129=CARTESIAN_POINT('Origin',(-4.62063672898159,-1.704999997586,0.3521491173));
#10130=CARTESIAN_POINT('',(-4.62063672898159,-1.704999997586,0.3521491173));
#10131=CARTESIAN_POINT('',(-4.62063672898159,-1.704999997586,0.3521491173));
#10132=CARTESIAN_POINT('',(-4.62063672898159,-2.104999997586,0.3521491173));
#10133=CARTESIAN_POINT('',(-4.62063672898159,-2.104999997586,0.3521491173));
#10134=CARTESIAN_POINT('',(-4.62063672898159,-1.704999997586,0.3521491173));
#10135=CARTESIAN_POINT('Origin',(-4.6458475704481,-1.704999997586,0.490918536341374));
#10136=CARTESIAN_POINT('',(-4.51381350081493,-1.704999997586,0.441324760072161));
#10137=CARTESIAN_POINT('Origin',(-4.64584757044807,-1.704999997586,0.490918536341367));
#10138=CARTESIAN_POINT('',(-4.51381350081493,-2.104999997586,0.441324760072161));
#10139=CARTESIAN_POINT('Origin',(-4.64584757044807,-2.104999997586,0.490918536341367));
#10140=CARTESIAN_POINT('',(-4.51381350081493,-1.704999997586,0.441324760072161));
#10141=CARTESIAN_POINT('Origin',(-4.38397334118162,-1.704999997586,1.2161108834));
#10142=CARTESIAN_POINT('',(-4.38397334118162,-1.704999997586,1.2161108834));
#10143=CARTESIAN_POINT('',(-4.38397334118162,-1.704999997586,1.2161108834));
#10144=CARTESIAN_POINT('',(-4.38397334118162,-2.104999997586,1.2161108834));
#10145=CARTESIAN_POINT('',(-4.38397334118162,-2.104999997586,1.2161108834));
#10146=CARTESIAN_POINT('',(-4.38397334118162,-1.704999997586,1.2161108834));
#10147=CARTESIAN_POINT('Origin',(-3.98947448048614,-1.704999997586,1.15000000000907));
#10148=CARTESIAN_POINT('',(-3.98947448048159,-1.704999997586,1.55));
#10149=CARTESIAN_POINT('Origin',(-3.98947448048614,-1.704999997586,1.15000000000903));
#10150=CARTESIAN_POINT('',(-3.98947448048159,-2.104999997586,1.55));
#10151=CARTESIAN_POINT('Origin',(-3.98947448048614,-2.104999997586,1.15000000000903));
#10152=CARTESIAN_POINT('',(-3.98947448048159,-1.704999997586,1.55));
#10153=CARTESIAN_POINT('Origin',(-3.75000000072055,-1.704999997586,1.55));
#10154=CARTESIAN_POINT('',(-3.75000000072055,-1.704999997586,1.55));
#10155=CARTESIAN_POINT('',(-3.75000000072055,-1.704999997586,1.55));
#10156=CARTESIAN_POINT('',(-3.75000000072055,-2.104999997586,1.55));
#10157=CARTESIAN_POINT('',(-3.75000000072055,-2.104999997586,1.55));
#10158=CARTESIAN_POINT('',(-3.75000000072055,-1.704999997586,1.55));
#10159=CARTESIAN_POINT('Origin',(-3.75000000072055,-1.704999997586,1.30000000001143));
#10160=CARTESIAN_POINT('',(-3.75000000072055,-1.704999997586,1.30000000001143));
#10161=CARTESIAN_POINT('',(-3.75000000072055,-1.704999997586,1.30000000001143));
#10162=CARTESIAN_POINT('',(-3.75000000072055,-2.104999997586,1.30000000001143));
#10163=CARTESIAN_POINT('',(-3.75000000072055,-2.104999997586,1.30000000001143));
#10164=CARTESIAN_POINT('',(-3.75000000072055,-1.704999997586,1.30000000001143));
#10165=CARTESIAN_POINT('Origin',(-3.9427317545148,-1.704999997586,1.30000000001143));
#10166=CARTESIAN_POINT('',(-3.9427317545148,-1.704999997586,1.30000000001143));
#10167=CARTESIAN_POINT('',(-3.9427317545148,-1.704999997586,1.30000000001143));
#10168=CARTESIAN_POINT('',(-3.9427317545148,-2.104999997586,1.30000000001143));
#10169=CARTESIAN_POINT('',(-3.9427317545148,-2.104999997586,1.30000000001143));
#10170=CARTESIAN_POINT('',(-3.9427317545148,-1.704999997586,1.30000000001143));
#10171=CARTESIAN_POINT('Origin',(-3.94273173738162,-1.704999997586,1.09273272909996));
#10172=CARTESIAN_POINT('',(-4.14714848707067,-1.704999997586,1.12698932025599));
#10173=CARTESIAN_POINT('Origin',(-3.94273173738165,-1.704999997586,1.09273272910006));
#10174=CARTESIAN_POINT('',(-4.14714848707067,-2.104999997586,1.12698932025599));
#10175=CARTESIAN_POINT('Origin',(-3.94273173738165,-2.104999997586,1.09273272910006));
#10176=CARTESIAN_POINT('',(-4.14714848707067,-1.704999997586,1.12698932025599));
#10177=CARTESIAN_POINT('Origin',(-4.2719145156816,-1.704999997586,0.382481705000002));
#10178=CARTESIAN_POINT('',(-4.2719145156816,-1.704999997586,0.382481705000002));
#10179=CARTESIAN_POINT('',(-4.2719145156816,-1.704999997586,0.382481705000002));
#10180=CARTESIAN_POINT('',(-4.2719145156816,-2.104999997586,0.382481705000002));
#10181=CARTESIAN_POINT('',(-4.2719145156816,-2.104999997586,0.382481705000002));
#10182=CARTESIAN_POINT('',(-4.2719145156816,-1.704999997586,0.382481705000002));
#10183=CARTESIAN_POINT('Origin',(-4.64584757053416,-1.704999997586,0.490918536283724));
#10184=CARTESIAN_POINT('',(-4.57439517927045,-1.704999997586,0.108192744530745));
#10185=CARTESIAN_POINT('Origin',(-4.64584757053404,-1.704999997586,0.490918536283548));
#10186=CARTESIAN_POINT('',(-4.57439517927045,-2.104999997586,0.108192744530745));
#10187=CARTESIAN_POINT('Origin',(-4.64584757053404,-2.104999997586,0.490918536283548));
#10188=CARTESIAN_POINT('',(-4.57439517927045,-1.704999997586,0.108192744530745));
#10189=CARTESIAN_POINT('Origin',(-5.13123271208161,-1.704999997586,1.77635683940025E-15));
#10190=CARTESIAN_POINT('',(-5.13123271208161,-1.704999997586,1.77635683940025E-15));
#10191=CARTESIAN_POINT('',(-5.13123271208161,-2.104999997586,1.77635683940025E-15));
#10192=CARTESIAN_POINT('Origin',(-4.40596040306193,-2.104999997586,0.746246251126976));
#10193=CARTESIAN_POINT('Origin',(-4.40596040306193,-1.704999997586,0.746246251126976));
#10194=CARTESIAN_POINT('Origin',(5.1500000012405,-1.704999997586,0.249294582400001));
#10195=CARTESIAN_POINT('',(5.1500000012405,-1.704999997586,0.249294582400001));
#10196=CARTESIAN_POINT('',(5.13123271064052,-1.704999997586,1.77635683940025E-15));
#10197=CARTESIAN_POINT('',(5.1500000012405,-1.704999997586,0.249294582400001));
#10198=CARTESIAN_POINT('',(5.1500000012405,-2.104999997586,0.249294582400001));
#10199=CARTESIAN_POINT('',(5.1500000012405,-1.704999997586,0.249294582400001));
#10200=CARTESIAN_POINT('',(5.13123271064052,-2.104999997586,1.77635683940025E-15));
#10201=CARTESIAN_POINT('',(5.1500000012405,-2.104999997586,0.249294582400001));
#10202=CARTESIAN_POINT('',(5.13123271064052,-1.704999997586,1.77635683940025E-15));
#10203=CARTESIAN_POINT('Origin',(4.6206367275405,-1.704999997586,0.3521491173));
#10204=CARTESIAN_POINT('',(4.6206367275405,-1.704999997586,0.3521491173));
#10205=CARTESIAN_POINT('',(4.6206367275405,-1.704999997586,0.3521491173));
#10206=CARTESIAN_POINT('',(4.6206367275405,-2.104999997586,0.3521491173));
#10207=CARTESIAN_POINT('',(4.6206367275405,-1.704999997586,0.3521491173));
#10208=CARTESIAN_POINT('',(4.6206367275405,-2.104999997586,0.3521491173));
#10209=CARTESIAN_POINT('Origin',(4.64584756900695,-1.704999997586,0.49091853634132));
#10210=CARTESIAN_POINT('',(4.51381349937384,-1.704999997586,0.441324760072161));
#10211=CARTESIAN_POINT('Origin',(4.64584756900697,-1.704999997586,0.490918536341367));
#10212=CARTESIAN_POINT('',(4.51381349937384,-2.104999997586,0.441324760072161));
#10213=CARTESIAN_POINT('',(4.51381349937384,-1.704999997586,0.441324760072161));
#10214=CARTESIAN_POINT('Origin',(4.64584756900697,-2.104999997586,0.490918536341367));
#10215=CARTESIAN_POINT('Origin',(4.38397333974052,-1.704999997586,1.2161108834));
#10216=CARTESIAN_POINT('',(4.38397333974052,-1.704999997586,1.2161108834));
#10217=CARTESIAN_POINT('',(4.38397333974052,-1.704999997586,1.2161108834));
#10218=CARTESIAN_POINT('',(4.38397333974052,-2.104999997586,1.2161108834));
#10219=CARTESIAN_POINT('',(4.38397333974052,-1.704999997586,1.2161108834));
#10220=CARTESIAN_POINT('',(4.38397333974052,-2.104999997586,1.2161108834));
#10221=CARTESIAN_POINT('Origin',(3.98947447904507,-1.704999997586,1.15000000000908));
#10222=CARTESIAN_POINT('',(3.9894744790405,-1.704999997586,1.55));
#10223=CARTESIAN_POINT('Origin',(3.98947447904504,-1.704999997586,1.15000000000903));
#10224=CARTESIAN_POINT('',(3.9894744790405,-2.104999997586,1.55));
#10225=CARTESIAN_POINT('',(3.9894744790405,-1.704999997586,1.55));
#10226=CARTESIAN_POINT('Origin',(3.98947447904504,-2.104999997586,1.15000000000903));
#10227=CARTESIAN_POINT('Origin',(3.74999999927945,-1.704999997586,1.55));
#10228=CARTESIAN_POINT('',(3.74999999927945,-1.704999997586,1.55));
#10229=CARTESIAN_POINT('',(3.74999999927945,-1.704999997586,1.55));
#10230=CARTESIAN_POINT('',(3.74999999927945,-2.104999997586,1.55));
#10231=CARTESIAN_POINT('',(3.74999999927945,-1.704999997586,1.55));
#10232=CARTESIAN_POINT('',(3.74999999927945,-2.104999997586,1.55));
#10233=CARTESIAN_POINT('Origin',(3.74999999927945,-1.704999997586,1.30000000001143));
#10234=CARTESIAN_POINT('',(3.74999999927945,-1.704999997586,1.30000000001143));
#10235=CARTESIAN_POINT('',(3.74999999927945,-1.704999997586,1.30000000001143));
#10236=CARTESIAN_POINT('',(3.74999999927945,-2.104999997586,1.30000000001143));
#10237=CARTESIAN_POINT('',(3.74999999927945,-1.704999997586,1.30000000001143));
#10238=CARTESIAN_POINT('',(3.74999999927945,-2.104999997586,1.30000000001143));
#10239=CARTESIAN_POINT('Origin',(3.9427317530737,-1.704999997586,1.30000000001143));
#10240=CARTESIAN_POINT('',(3.9427317530737,-1.704999997586,1.30000000001143));
#10241=CARTESIAN_POINT('',(3.9427317530737,-1.704999997586,1.30000000001143));
#10242=CARTESIAN_POINT('',(3.9427317530737,-2.104999997586,1.30000000001143));
#10243=CARTESIAN_POINT('',(3.9427317530737,-1.704999997586,1.30000000001143));
#10244=CARTESIAN_POINT('',(3.9427317530737,-2.104999997586,1.30000000001143));
#10245=CARTESIAN_POINT('Origin',(3.94273173594038,-1.704999997586,1.09273272909989));
#10246=CARTESIAN_POINT('',(4.14714848562957,-1.704999997586,1.12698932025599));
#10247=CARTESIAN_POINT('Origin',(3.9427317359405,-1.704999997586,1.09273272910001));
#10248=CARTESIAN_POINT('',(4.14714848562957,-2.104999997586,1.12698932025599));
#10249=CARTESIAN_POINT('',(4.14714848562957,-1.704999997586,1.12698932025599));
#10250=CARTESIAN_POINT('Origin',(3.9427317359405,-2.104999997586,1.09273272910001));
#10251=CARTESIAN_POINT('Origin',(4.27191451424051,-1.704999997586,0.382481705000002));
#10252=CARTESIAN_POINT('',(4.27191451424051,-1.704999997586,0.382481705000002));
#10253=CARTESIAN_POINT('',(4.27191451424051,-1.704999997586,0.382481705000002));
#10254=CARTESIAN_POINT('',(4.27191451424051,-2.104999997586,0.382481705000002));
#10255=CARTESIAN_POINT('',(4.27191451424051,-1.704999997586,0.382481705000002));
#10256=CARTESIAN_POINT('',(4.27191451424051,-2.104999997586,0.382481705000002));
#10257=CARTESIAN_POINT('Origin',(4.64584756909304,-1.704999997586,0.490918536283635));
#10258=CARTESIAN_POINT('',(4.57439517782936,-1.704999997586,0.108192744530745));
#10259=CARTESIAN_POINT('Origin',(4.64584756909295,-1.704999997586,0.490918536283548));
#10260=CARTESIAN_POINT('',(4.57439517782936,-2.104999997586,0.108192744530745));
#10261=CARTESIAN_POINT('',(4.57439517782936,-1.704999997586,0.108192744530745));
#10262=CARTESIAN_POINT('Origin',(4.64584756909295,-2.104999997586,0.490918536283548));
#10263=CARTESIAN_POINT('Origin',(5.13123271064052,-1.704999997586,1.77635683940025E-15));
#10264=CARTESIAN_POINT('',(5.13123271064052,-1.704999997586,1.77635683940025E-15));
#10265=CARTESIAN_POINT('',(5.13123271064052,-2.104999997586,1.77635683940025E-15));
#10266=CARTESIAN_POINT('Origin',(4.40596040162083,-2.104999997586,0.746246251126976));
#10267=CARTESIAN_POINT('Origin',(4.40596040162083,-1.704999997586,0.746246251126976));
#10268=CARTESIAN_POINT('Origin',(-5.15000000268159,-2.974999997586,0.249294582400001));
#10269=CARTESIAN_POINT('',(-5.15000000268159,-2.974999997586,0.249294582400001));
#10270=CARTESIAN_POINT('',(-5.13123271208161,-2.974999997586,1.77635683940025E-15));
#10271=CARTESIAN_POINT('',(-5.15000000268159,-2.974999997586,0.249294582400001));
#10272=CARTESIAN_POINT('',(-5.13123271208161,-3.374999997586,1.77635683940025E-15));
#10273=CARTESIAN_POINT('',(-5.13123271208161,-2.974999997586,1.77635683940025E-15));
#10274=CARTESIAN_POINT('',(-5.15000000268159,-3.374999997586,0.249294582400001));
#10275=CARTESIAN_POINT('',(-5.15000000268159,-3.374999997586,0.249294582400001));
#10276=CARTESIAN_POINT('',(-5.15000000268159,-2.974999997586,0.249294582400001));
#10277=CARTESIAN_POINT('Origin',(-4.62063672898159,-2.974999997586,0.3521491173));
#10278=CARTESIAN_POINT('',(-4.62063672898159,-2.974999997586,0.3521491173));
#10279=CARTESIAN_POINT('',(-4.62063672898159,-2.974999997586,0.3521491173));
#10280=CARTESIAN_POINT('',(-4.62063672898159,-3.374999997586,0.3521491173));
#10281=CARTESIAN_POINT('',(-4.62063672898159,-3.374999997586,0.3521491173));
#10282=CARTESIAN_POINT('',(-4.62063672898159,-2.974999997586,0.3521491173));
#10283=CARTESIAN_POINT('Origin',(-4.6458475704481,-2.974999997586,0.490918536341374));
#10284=CARTESIAN_POINT('',(-4.51381350081493,-2.974999997586,0.441324760072161));
#10285=CARTESIAN_POINT('Origin',(-4.64584757044807,-2.974999997586,0.490918536341367));
#10286=CARTESIAN_POINT('',(-4.51381350081493,-3.374999997586,0.441324760072161));
#10287=CARTESIAN_POINT('Origin',(-4.64584757044807,-3.374999997586,0.490918536341367));
#10288=CARTESIAN_POINT('',(-4.51381350081493,-2.974999997586,0.441324760072161));
#10289=CARTESIAN_POINT('Origin',(-4.38397334118162,-2.974999997586,1.2161108834));
#10290=CARTESIAN_POINT('',(-4.38397334118162,-2.974999997586,1.2161108834));
#10291=CARTESIAN_POINT('',(-4.38397334118162,-2.974999997586,1.2161108834));
#10292=CARTESIAN_POINT('',(-4.38397334118162,-3.374999997586,1.2161108834));
#10293=CARTESIAN_POINT('',(-4.38397334118162,-3.374999997586,1.2161108834));
#10294=CARTESIAN_POINT('',(-4.38397334118162,-2.974999997586,1.2161108834));
#10295=CARTESIAN_POINT('Origin',(-3.98947448048614,-2.974999997586,1.15000000000907));
#10296=CARTESIAN_POINT('',(-3.98947448048159,-2.974999997586,1.55));
#10297=CARTESIAN_POINT('Origin',(-3.98947448048614,-2.974999997586,1.15000000000903));
#10298=CARTESIAN_POINT('',(-3.98947448048159,-3.374999997586,1.55));
#10299=CARTESIAN_POINT('Origin',(-3.98947448048614,-3.374999997586,1.15000000000903));
#10300=CARTESIAN_POINT('',(-3.98947448048159,-2.974999997586,1.55));
#10301=CARTESIAN_POINT('Origin',(-3.75000000072055,-2.974999997586,1.55));
#10302=CARTESIAN_POINT('',(-3.75000000072055,-2.974999997586,1.55));
#10303=CARTESIAN_POINT('',(-3.75000000072055,-2.974999997586,1.55));
#10304=CARTESIAN_POINT('',(-3.75000000072055,-3.374999997586,1.55));
#10305=CARTESIAN_POINT('',(-3.75000000072055,-3.374999997586,1.55));
#10306=CARTESIAN_POINT('',(-3.75000000072055,-2.974999997586,1.55));
#10307=CARTESIAN_POINT('Origin',(-3.75000000072055,-2.974999997586,1.30000000001143));
#10308=CARTESIAN_POINT('',(-3.75000000072055,-2.974999997586,1.30000000001143));
#10309=CARTESIAN_POINT('',(-3.75000000072055,-2.974999997586,1.30000000001143));
#10310=CARTESIAN_POINT('',(-3.75000000072055,-3.374999997586,1.30000000001143));
#10311=CARTESIAN_POINT('',(-3.75000000072055,-3.374999997586,1.30000000001143));
#10312=CARTESIAN_POINT('',(-3.75000000072055,-2.974999997586,1.30000000001143));
#10313=CARTESIAN_POINT('Origin',(-3.9427317545148,-2.974999997586,1.30000000001143));
#10314=CARTESIAN_POINT('',(-3.9427317545148,-2.974999997586,1.30000000001143));
#10315=CARTESIAN_POINT('',(-3.9427317545148,-2.974999997586,1.30000000001143));
#10316=CARTESIAN_POINT('',(-3.9427317545148,-3.374999997586,1.30000000001143));
#10317=CARTESIAN_POINT('',(-3.9427317545148,-3.374999997586,1.30000000001143));
#10318=CARTESIAN_POINT('',(-3.9427317545148,-2.974999997586,1.30000000001143));
#10319=CARTESIAN_POINT('Origin',(-3.94273173738162,-2.974999997586,1.09273272909996));
#10320=CARTESIAN_POINT('',(-4.14714848707067,-2.974999997586,1.12698932025599));
#10321=CARTESIAN_POINT('Origin',(-3.94273173738165,-2.974999997586,1.09273272910006));
#10322=CARTESIAN_POINT('',(-4.14714848707067,-3.374999997586,1.12698932025599));
#10323=CARTESIAN_POINT('Origin',(-3.94273173738165,-3.374999997586,1.09273272910006));
#10324=CARTESIAN_POINT('',(-4.14714848707067,-2.974999997586,1.12698932025599));
#10325=CARTESIAN_POINT('Origin',(-4.2719145156816,-2.974999997586,0.382481705000002));
#10326=CARTESIAN_POINT('',(-4.2719145156816,-2.974999997586,0.382481705000002));
#10327=CARTESIAN_POINT('',(-4.2719145156816,-2.974999997586,0.382481705000002));
#10328=CARTESIAN_POINT('',(-4.2719145156816,-3.374999997586,0.382481705000002));
#10329=CARTESIAN_POINT('',(-4.2719145156816,-3.374999997586,0.382481705000002));
#10330=CARTESIAN_POINT('',(-4.2719145156816,-2.974999997586,0.382481705000002));
#10331=CARTESIAN_POINT('Origin',(-4.64584757053416,-2.974999997586,0.490918536283724));
#10332=CARTESIAN_POINT('',(-4.57439517927045,-2.974999997586,0.108192744530745));
#10333=CARTESIAN_POINT('Origin',(-4.64584757053404,-2.974999997586,0.490918536283548));
#10334=CARTESIAN_POINT('',(-4.57439517927045,-3.374999997586,0.108192744530745));
#10335=CARTESIAN_POINT('Origin',(-4.64584757053404,-3.374999997586,0.490918536283548));
#10336=CARTESIAN_POINT('',(-4.57439517927045,-2.974999997586,0.108192744530745));
#10337=CARTESIAN_POINT('Origin',(-5.13123271208161,-2.974999997586,1.77635683940025E-15));
#10338=CARTESIAN_POINT('',(-5.13123271208161,-2.974999997586,1.77635683940025E-15));
#10339=CARTESIAN_POINT('',(-5.13123271208161,-3.374999997586,1.77635683940025E-15));
#10340=CARTESIAN_POINT('Origin',(-4.40596040306193,-3.374999997586,0.746246251126976));
#10341=CARTESIAN_POINT('Origin',(-4.40596040306193,-2.974999997586,0.746246251126976));
#10342=CARTESIAN_POINT('Origin',(5.1500000012405,-2.974999997586,0.249294582400001));
#10343=CARTESIAN_POINT('',(5.1500000012405,-2.974999997586,0.249294582400001));
#10344=CARTESIAN_POINT('',(5.13123271064052,-2.974999997586,1.77635683940025E-15));
#10345=CARTESIAN_POINT('',(5.1500000012405,-2.974999997586,0.249294582400001));
#10346=CARTESIAN_POINT('',(5.1500000012405,-3.374999997586,0.249294582400001));
#10347=CARTESIAN_POINT('',(5.1500000012405,-2.974999997586,0.249294582400001));
#10348=CARTESIAN_POINT('',(5.13123271064052,-3.374999997586,1.77635683940025E-15));
#10349=CARTESIAN_POINT('',(5.1500000012405,-3.374999997586,0.249294582400001));
#10350=CARTESIAN_POINT('',(5.13123271064052,-2.974999997586,1.77635683940025E-15));
#10351=CARTESIAN_POINT('Origin',(4.6206367275405,-2.974999997586,0.3521491173));
#10352=CARTESIAN_POINT('',(4.6206367275405,-2.974999997586,0.3521491173));
#10353=CARTESIAN_POINT('',(4.6206367275405,-2.974999997586,0.3521491173));
#10354=CARTESIAN_POINT('',(4.6206367275405,-3.374999997586,0.3521491173));
#10355=CARTESIAN_POINT('',(4.6206367275405,-2.974999997586,0.3521491173));
#10356=CARTESIAN_POINT('',(4.6206367275405,-3.374999997586,0.3521491173));
#10357=CARTESIAN_POINT('Origin',(4.64584756900695,-2.974999997586,0.49091853634132));
#10358=CARTESIAN_POINT('',(4.51381349937384,-2.974999997586,0.441324760072161));
#10359=CARTESIAN_POINT('Origin',(4.64584756900697,-2.974999997586,0.490918536341367));
#10360=CARTESIAN_POINT('',(4.51381349937384,-3.374999997586,0.441324760072161));
#10361=CARTESIAN_POINT('',(4.51381349937384,-2.974999997586,0.441324760072161));
#10362=CARTESIAN_POINT('Origin',(4.64584756900697,-3.374999997586,0.490918536341367));
#10363=CARTESIAN_POINT('Origin',(4.38397333974052,-2.974999997586,1.2161108834));
#10364=CARTESIAN_POINT('',(4.38397333974052,-2.974999997586,1.2161108834));
#10365=CARTESIAN_POINT('',(4.38397333974052,-2.974999997586,1.2161108834));
#10366=CARTESIAN_POINT('',(4.38397333974052,-3.374999997586,1.2161108834));
#10367=CARTESIAN_POINT('',(4.38397333974052,-2.974999997586,1.2161108834));
#10368=CARTESIAN_POINT('',(4.38397333974052,-3.374999997586,1.2161108834));
#10369=CARTESIAN_POINT('Origin',(3.98947447904507,-2.974999997586,1.15000000000908));
#10370=CARTESIAN_POINT('',(3.9894744790405,-2.974999997586,1.55));
#10371=CARTESIAN_POINT('Origin',(3.98947447904504,-2.974999997586,1.15000000000903));
#10372=CARTESIAN_POINT('',(3.9894744790405,-3.374999997586,1.55));
#10373=CARTESIAN_POINT('',(3.9894744790405,-2.974999997586,1.55));
#10374=CARTESIAN_POINT('Origin',(3.98947447904504,-3.374999997586,1.15000000000903));
#10375=CARTESIAN_POINT('Origin',(3.74999999927945,-2.974999997586,1.55));
#10376=CARTESIAN_POINT('',(3.74999999927945,-2.974999997586,1.55));
#10377=CARTESIAN_POINT('',(3.74999999927945,-2.974999997586,1.55));
#10378=CARTESIAN_POINT('',(3.74999999927945,-3.374999997586,1.55));
#10379=CARTESIAN_POINT('',(3.74999999927945,-2.974999997586,1.55));
#10380=CARTESIAN_POINT('',(3.74999999927945,-3.374999997586,1.55));
#10381=CARTESIAN_POINT('Origin',(3.74999999927945,-2.974999997586,1.30000000001143));
#10382=CARTESIAN_POINT('',(3.74999999927945,-2.974999997586,1.30000000001143));
#10383=CARTESIAN_POINT('',(3.74999999927945,-2.974999997586,1.30000000001143));
#10384=CARTESIAN_POINT('',(3.74999999927945,-3.374999997586,1.30000000001143));
#10385=CARTESIAN_POINT('',(3.74999999927945,-2.974999997586,1.30000000001143));
#10386=CARTESIAN_POINT('',(3.74999999927945,-3.374999997586,1.30000000001143));
#10387=CARTESIAN_POINT('Origin',(3.9427317530737,-2.974999997586,1.30000000001143));
#10388=CARTESIAN_POINT('',(3.9427317530737,-2.974999997586,1.30000000001143));
#10389=CARTESIAN_POINT('',(3.9427317530737,-2.974999997586,1.30000000001143));
#10390=CARTESIAN_POINT('',(3.9427317530737,-3.374999997586,1.30000000001143));
#10391=CARTESIAN_POINT('',(3.9427317530737,-2.974999997586,1.30000000001143));
#10392=CARTESIAN_POINT('',(3.9427317530737,-3.374999997586,1.30000000001143));
#10393=CARTESIAN_POINT('Origin',(3.94273173594038,-2.974999997586,1.09273272909989));
#10394=CARTESIAN_POINT('',(4.14714848562957,-2.974999997586,1.12698932025599));
#10395=CARTESIAN_POINT('Origin',(3.9427317359405,-2.974999997586,1.09273272910001));
#10396=CARTESIAN_POINT('',(4.14714848562957,-3.374999997586,1.12698932025599));
#10397=CARTESIAN_POINT('',(4.14714848562957,-2.974999997586,1.12698932025599));
#10398=CARTESIAN_POINT('Origin',(3.9427317359405,-3.374999997586,1.09273272910001));
#10399=CARTESIAN_POINT('Origin',(4.27191451424051,-2.974999997586,0.382481705000002));
#10400=CARTESIAN_POINT('',(4.27191451424051,-2.974999997586,0.382481705000002));
#10401=CARTESIAN_POINT('',(4.27191451424051,-2.974999997586,0.382481705000002));
#10402=CARTESIAN_POINT('',(4.27191451424051,-3.374999997586,0.382481705000002));
#10403=CARTESIAN_POINT('',(4.27191451424051,-2.974999997586,0.382481705000002));
#10404=CARTESIAN_POINT('',(4.27191451424051,-3.374999997586,0.382481705000002));
#10405=CARTESIAN_POINT('Origin',(4.64584756909304,-2.974999997586,0.490918536283635));
#10406=CARTESIAN_POINT('',(4.57439517782936,-2.974999997586,0.108192744530745));
#10407=CARTESIAN_POINT('Origin',(4.64584756909295,-2.974999997586,0.490918536283548));
#10408=CARTESIAN_POINT('',(4.57439517782936,-3.374999997586,0.108192744530745));
#10409=CARTESIAN_POINT('',(4.57439517782936,-2.974999997586,0.108192744530745));
#10410=CARTESIAN_POINT('Origin',(4.64584756909295,-3.374999997586,0.490918536283548));
#10411=CARTESIAN_POINT('Origin',(5.13123271064052,-2.974999997586,1.77635683940025E-15));
#10412=CARTESIAN_POINT('',(5.13123271064052,-2.974999997586,1.77635683940025E-15));
#10413=CARTESIAN_POINT('',(5.13123271064052,-3.374999997586,1.77635683940025E-15));
#10414=CARTESIAN_POINT('Origin',(4.40596040162083,-3.374999997586,0.746246251126976));
#10415=CARTESIAN_POINT('Origin',(4.40596040162083,-2.974999997586,0.746246251126976));
#10416=CARTESIAN_POINT('Origin',(-5.15000000268159,-4.244999997586,0.249294582400001));
#10417=CARTESIAN_POINT('',(-5.15000000268159,-4.244999997586,0.249294582400001));
#10418=CARTESIAN_POINT('',(-5.13123271208161,-4.244999997586,1.77635683940025E-15));
#10419=CARTESIAN_POINT('',(-5.15000000268159,-4.244999997586,0.249294582400001));
#10420=CARTESIAN_POINT('',(-5.13123271208161,-4.644999997586,1.77635683940025E-15));
#10421=CARTESIAN_POINT('',(-5.13123271208161,-4.244999997586,1.77635683940025E-15));
#10422=CARTESIAN_POINT('',(-5.15000000268159,-4.644999997586,0.249294582400001));
#10423=CARTESIAN_POINT('',(-5.15000000268159,-4.644999997586,0.249294582400001));
#10424=CARTESIAN_POINT('',(-5.15000000268159,-4.244999997586,0.249294582400001));
#10425=CARTESIAN_POINT('Origin',(-4.62063672898159,-4.244999997586,0.3521491173));
#10426=CARTESIAN_POINT('',(-4.62063672898159,-4.244999997586,0.3521491173));
#10427=CARTESIAN_POINT('',(-4.62063672898159,-4.244999997586,0.3521491173));
#10428=CARTESIAN_POINT('',(-4.62063672898159,-4.644999997586,0.3521491173));
#10429=CARTESIAN_POINT('',(-4.62063672898159,-4.644999997586,0.3521491173));
#10430=CARTESIAN_POINT('',(-4.62063672898159,-4.244999997586,0.3521491173));
#10431=CARTESIAN_POINT('Origin',(-4.6458475704481,-4.244999997586,0.490918536341374));
#10432=CARTESIAN_POINT('',(-4.51381350081493,-4.244999997586,0.441324760072161));
#10433=CARTESIAN_POINT('Origin',(-4.64584757044807,-4.244999997586,0.490918536341367));
#10434=CARTESIAN_POINT('',(-4.51381350081493,-4.644999997586,0.441324760072161));
#10435=CARTESIAN_POINT('Origin',(-4.64584757044807,-4.644999997586,0.490918536341367));
#10436=CARTESIAN_POINT('',(-4.51381350081493,-4.244999997586,0.441324760072161));
#10437=CARTESIAN_POINT('Origin',(-4.38397334118162,-4.244999997586,1.2161108834));
#10438=CARTESIAN_POINT('',(-4.38397334118162,-4.244999997586,1.2161108834));
#10439=CARTESIAN_POINT('',(-4.38397334118162,-4.244999997586,1.2161108834));
#10440=CARTESIAN_POINT('',(-4.38397334118162,-4.644999997586,1.2161108834));
#10441=CARTESIAN_POINT('',(-4.38397334118162,-4.644999997586,1.2161108834));
#10442=CARTESIAN_POINT('',(-4.38397334118162,-4.244999997586,1.2161108834));
#10443=CARTESIAN_POINT('Origin',(-3.98947448048614,-4.244999997586,1.15000000000907));
#10444=CARTESIAN_POINT('',(-3.98947448048159,-4.244999997586,1.55));
#10445=CARTESIAN_POINT('Origin',(-3.98947448048614,-4.244999997586,1.15000000000903));
#10446=CARTESIAN_POINT('',(-3.98947448048159,-4.644999997586,1.55));
#10447=CARTESIAN_POINT('Origin',(-3.98947448048614,-4.644999997586,1.15000000000903));
#10448=CARTESIAN_POINT('',(-3.98947448048159,-4.244999997586,1.55));
#10449=CARTESIAN_POINT('Origin',(-3.75000000072055,-4.244999997586,1.55));
#10450=CARTESIAN_POINT('',(-3.75000000072055,-4.244999997586,1.55));
#10451=CARTESIAN_POINT('',(-3.75000000072055,-4.244999997586,1.55));
#10452=CARTESIAN_POINT('',(-3.75000000072055,-4.644999997586,1.55));
#10453=CARTESIAN_POINT('',(-3.75000000072055,-4.644999997586,1.55));
#10454=CARTESIAN_POINT('',(-3.75000000072055,-4.244999997586,1.55));
#10455=CARTESIAN_POINT('Origin',(-3.75000000072055,-4.244999997586,1.30000000001143));
#10456=CARTESIAN_POINT('',(-3.75000000072055,-4.244999997586,1.30000000001143));
#10457=CARTESIAN_POINT('',(-3.75000000072055,-4.244999997586,1.30000000001143));
#10458=CARTESIAN_POINT('',(-3.75000000072055,-4.644999997586,1.30000000001143));
#10459=CARTESIAN_POINT('',(-3.75000000072055,-4.644999997586,1.30000000001143));
#10460=CARTESIAN_POINT('',(-3.75000000072055,-4.244999997586,1.30000000001143));
#10461=CARTESIAN_POINT('Origin',(-3.9427317545148,-4.244999997586,1.30000000001143));
#10462=CARTESIAN_POINT('',(-3.9427317545148,-4.244999997586,1.30000000001143));
#10463=CARTESIAN_POINT('',(-3.9427317545148,-4.244999997586,1.30000000001143));
#10464=CARTESIAN_POINT('',(-3.9427317545148,-4.644999997586,1.30000000001143));
#10465=CARTESIAN_POINT('',(-3.9427317545148,-4.644999997586,1.30000000001143));
#10466=CARTESIAN_POINT('',(-3.9427317545148,-4.244999997586,1.30000000001143));
#10467=CARTESIAN_POINT('Origin',(-3.94273173738162,-4.244999997586,1.09273272909996));
#10468=CARTESIAN_POINT('',(-4.14714848707067,-4.244999997586,1.12698932025599));
#10469=CARTESIAN_POINT('Origin',(-3.94273173738165,-4.244999997586,1.09273272910006));
#10470=CARTESIAN_POINT('',(-4.14714848707067,-4.644999997586,1.12698932025599));
#10471=CARTESIAN_POINT('Origin',(-3.94273173738165,-4.644999997586,1.09273272910006));
#10472=CARTESIAN_POINT('',(-4.14714848707067,-4.244999997586,1.12698932025599));
#10473=CARTESIAN_POINT('Origin',(-4.2719145156816,-4.244999997586,0.382481705000002));
#10474=CARTESIAN_POINT('',(-4.2719145156816,-4.244999997586,0.382481705000002));
#10475=CARTESIAN_POINT('',(-4.2719145156816,-4.244999997586,0.382481705000002));
#10476=CARTESIAN_POINT('',(-4.2719145156816,-4.644999997586,0.382481705000002));
#10477=CARTESIAN_POINT('',(-4.2719145156816,-4.644999997586,0.382481705000002));
#10478=CARTESIAN_POINT('',(-4.2719145156816,-4.244999997586,0.382481705000002));
#10479=CARTESIAN_POINT('Origin',(-4.64584757053416,-4.244999997586,0.490918536283724));
#10480=CARTESIAN_POINT('',(-4.57439517927045,-4.244999997586,0.108192744530745));
#10481=CARTESIAN_POINT('Origin',(-4.64584757053404,-4.244999997586,0.490918536283548));
#10482=CARTESIAN_POINT('',(-4.57439517927045,-4.644999997586,0.108192744530745));
#10483=CARTESIAN_POINT('Origin',(-4.64584757053404,-4.644999997586,0.490918536283548));
#10484=CARTESIAN_POINT('',(-4.57439517927045,-4.244999997586,0.108192744530745));
#10485=CARTESIAN_POINT('Origin',(-5.13123271208161,-4.244999997586,1.77635683940025E-15));
#10486=CARTESIAN_POINT('',(-5.13123271208161,-4.244999997586,1.77635683940025E-15));
#10487=CARTESIAN_POINT('',(-5.13123271208161,-4.644999997586,1.77635683940025E-15));
#10488=CARTESIAN_POINT('Origin',(-4.40596040306193,-4.644999997586,0.746246251126976));
#10489=CARTESIAN_POINT('Origin',(-4.40596040306193,-4.244999997586,0.746246251126976));
#10490=CARTESIAN_POINT('Origin',(5.1500000012405,-4.244999997586,0.249294582400001));
#10491=CARTESIAN_POINT('',(5.1500000012405,-4.244999997586,0.249294582400001));
#10492=CARTESIAN_POINT('',(5.13123271064052,-4.244999997586,1.77635683940025E-15));
#10493=CARTESIAN_POINT('',(5.1500000012405,-4.244999997586,0.249294582400001));
#10494=CARTESIAN_POINT('',(5.1500000012405,-4.644999997586,0.249294582400001));
#10495=CARTESIAN_POINT('',(5.1500000012405,-4.244999997586,0.249294582400001));
#10496=CARTESIAN_POINT('',(5.13123271064052,-4.644999997586,1.77635683940025E-15));
#10497=CARTESIAN_POINT('',(5.1500000012405,-4.644999997586,0.249294582400001));
#10498=CARTESIAN_POINT('',(5.13123271064052,-4.244999997586,1.77635683940025E-15));
#10499=CARTESIAN_POINT('Origin',(4.6206367275405,-4.244999997586,0.3521491173));
#10500=CARTESIAN_POINT('',(4.6206367275405,-4.244999997586,0.3521491173));
#10501=CARTESIAN_POINT('',(4.6206367275405,-4.244999997586,0.3521491173));
#10502=CARTESIAN_POINT('',(4.6206367275405,-4.644999997586,0.3521491173));
#10503=CARTESIAN_POINT('',(4.6206367275405,-4.244999997586,0.3521491173));
#10504=CARTESIAN_POINT('',(4.6206367275405,-4.644999997586,0.3521491173));
#10505=CARTESIAN_POINT('Origin',(4.64584756900695,-4.244999997586,0.49091853634132));
#10506=CARTESIAN_POINT('',(4.51381349937384,-4.244999997586,0.441324760072161));
#10507=CARTESIAN_POINT('Origin',(4.64584756900697,-4.244999997586,0.490918536341367));
#10508=CARTESIAN_POINT('',(4.51381349937384,-4.644999997586,0.441324760072161));
#10509=CARTESIAN_POINT('',(4.51381349937384,-4.244999997586,0.441324760072161));
#10510=CARTESIAN_POINT('Origin',(4.64584756900697,-4.644999997586,0.490918536341367));
#10511=CARTESIAN_POINT('Origin',(4.38397333974052,-4.244999997586,1.2161108834));
#10512=CARTESIAN_POINT('',(4.38397333974052,-4.244999997586,1.2161108834));
#10513=CARTESIAN_POINT('',(4.38397333974052,-4.244999997586,1.2161108834));
#10514=CARTESIAN_POINT('',(4.38397333974052,-4.644999997586,1.2161108834));
#10515=CARTESIAN_POINT('',(4.38397333974052,-4.244999997586,1.2161108834));
#10516=CARTESIAN_POINT('',(4.38397333974052,-4.644999997586,1.2161108834));
#10517=CARTESIAN_POINT('Origin',(3.98947447904507,-4.244999997586,1.15000000000908));
#10518=CARTESIAN_POINT('',(3.9894744790405,-4.244999997586,1.55));
#10519=CARTESIAN_POINT('Origin',(3.98947447904504,-4.244999997586,1.15000000000903));
#10520=CARTESIAN_POINT('',(3.9894744790405,-4.644999997586,1.55));
#10521=CARTESIAN_POINT('',(3.9894744790405,-4.244999997586,1.55));
#10522=CARTESIAN_POINT('Origin',(3.98947447904504,-4.644999997586,1.15000000000903));
#10523=CARTESIAN_POINT('Origin',(3.74999999927945,-4.244999997586,1.55));
#10524=CARTESIAN_POINT('',(3.74999999927945,-4.244999997586,1.55));
#10525=CARTESIAN_POINT('',(3.74999999927945,-4.244999997586,1.55));
#10526=CARTESIAN_POINT('',(3.74999999927945,-4.644999997586,1.55));
#10527=CARTESIAN_POINT('',(3.74999999927945,-4.244999997586,1.55));
#10528=CARTESIAN_POINT('',(3.74999999927945,-4.644999997586,1.55));
#10529=CARTESIAN_POINT('Origin',(3.74999999927945,-4.244999997586,1.30000000001143));
#10530=CARTESIAN_POINT('',(3.74999999927945,-4.244999997586,1.30000000001143));
#10531=CARTESIAN_POINT('',(3.74999999927945,-4.244999997586,1.30000000001143));
#10532=CARTESIAN_POINT('',(3.74999999927945,-4.644999997586,1.30000000001143));
#10533=CARTESIAN_POINT('',(3.74999999927945,-4.244999997586,1.30000000001143));
#10534=CARTESIAN_POINT('',(3.74999999927945,-4.644999997586,1.30000000001143));
#10535=CARTESIAN_POINT('Origin',(3.9427317530737,-4.244999997586,1.30000000001143));
#10536=CARTESIAN_POINT('',(3.9427317530737,-4.244999997586,1.30000000001143));
#10537=CARTESIAN_POINT('',(3.9427317530737,-4.244999997586,1.30000000001143));
#10538=CARTESIAN_POINT('',(3.9427317530737,-4.644999997586,1.30000000001143));
#10539=CARTESIAN_POINT('',(3.9427317530737,-4.244999997586,1.30000000001143));
#10540=CARTESIAN_POINT('',(3.9427317530737,-4.644999997586,1.30000000001143));
#10541=CARTESIAN_POINT('Origin',(3.94273173594038,-4.244999997586,1.09273272909989));
#10542=CARTESIAN_POINT('',(4.14714848562957,-4.244999997586,1.12698932025599));
#10543=CARTESIAN_POINT('Origin',(3.9427317359405,-4.244999997586,1.09273272910001));
#10544=CARTESIAN_POINT('',(4.14714848562957,-4.644999997586,1.12698932025599));
#10545=CARTESIAN_POINT('',(4.14714848562957,-4.244999997586,1.12698932025599));
#10546=CARTESIAN_POINT('Origin',(3.9427317359405,-4.644999997586,1.09273272910001));
#10547=CARTESIAN_POINT('Origin',(4.27191451424051,-4.244999997586,0.382481705000002));
#10548=CARTESIAN_POINT('',(4.27191451424051,-4.244999997586,0.382481705000002));
#10549=CARTESIAN_POINT('',(4.27191451424051,-4.244999997586,0.382481705000002));
#10550=CARTESIAN_POINT('',(4.27191451424051,-4.644999997586,0.382481705000002));
#10551=CARTESIAN_POINT('',(4.27191451424051,-4.244999997586,0.382481705000002));
#10552=CARTESIAN_POINT('',(4.27191451424051,-4.644999997586,0.382481705000002));
#10553=CARTESIAN_POINT('Origin',(4.64584756909304,-4.244999997586,0.490918536283635));
#10554=CARTESIAN_POINT('',(4.57439517782936,-4.244999997586,0.108192744530745));
#10555=CARTESIAN_POINT('Origin',(4.64584756909295,-4.244999997586,0.490918536283548));
#10556=CARTESIAN_POINT('',(4.57439517782936,-4.644999997586,0.108192744530745));
#10557=CARTESIAN_POINT('',(4.57439517782936,-4.244999997586,0.108192744530745));
#10558=CARTESIAN_POINT('Origin',(4.64584756909295,-4.644999997586,0.490918536283548));
#10559=CARTESIAN_POINT('Origin',(5.13123271064052,-4.244999997586,1.77635683940025E-15));
#10560=CARTESIAN_POINT('',(5.13123271064052,-4.244999997586,1.77635683940025E-15));
#10561=CARTESIAN_POINT('',(5.13123271064052,-4.644999997586,1.77635683940025E-15));
#10562=CARTESIAN_POINT('Origin',(4.40596040162083,-4.644999997586,0.746246251126976));
#10563=CARTESIAN_POINT('Origin',(4.40596040162083,-4.244999997586,0.746246251126976));
#10564=CARTESIAN_POINT('Origin',(-3.40154477549168,-4.77304478136241,0.620896232863636));
#10565=CARTESIAN_POINT('',(-3.48727181444231,-4.85877182031304,0.329465044085703));
#10566=CARTESIAN_POINT('',(-3.38826454525609,-4.95539407127358,0.516835323672898));
#10567=CARTESIAN_POINT('Ctrl Pts',(-3.48727181444231,-4.85877182031304,
0.329465044085705));
#10568=CARTESIAN_POINT('Ctrl Pts',(-3.47595735540316,-4.87984103710588,
0.352411307605045));
#10569=CARTESIAN_POINT('Ctrl Pts',(-3.46227696223312,-4.89860501674515,
0.378378285536835));
#10570=CARTESIAN_POINT('Ctrl Pts',(-3.42839263715783,-4.9337832740718,0.441739085498131));
#10571=CARTESIAN_POINT('Ctrl Pts',(-3.40748627095079,-4.94762371764716,
0.48027868404073));
#10572=CARTESIAN_POINT('Ctrl Pts',(-3.38826454525609,-4.95539407127358,
0.516835323672898));
#10573=CARTESIAN_POINT('',(-3.6078704764951,-5.17500000251259,1.55));
#10574=CARTESIAN_POINT('',(-3.40154477549168,-4.96867430150917,0.579313894700084));
#10575=CARTESIAN_POINT('',(-3.80349999664186,-4.97937048236583,1.55));
#10576=CARTESIAN_POINT('Origin',(-3.59903187766885,-4.97053188353958,1.55));
#10577=CARTESIAN_POINT('',(-3.58389406540285,-4.75976455112682,0.516835323672897));
#10578=CARTESIAN_POINT('',(-3.59717429563844,-4.77304478136241,0.579313894700084));
#10579=CARTESIAN_POINT('Ctrl Pts',(-3.58389406540285,-4.75976455112682,
0.516835323672896));
#10580=CARTESIAN_POINT('Ctrl Pts',(-3.57612371177642,-4.77898627682152,
0.48027868404073));
#10581=CARTESIAN_POINT('Ctrl Pts',(-3.56228326820107,-4.79989264302855,
0.441739085498135));
#10582=CARTESIAN_POINT('Ctrl Pts',(-3.52710501087442,-4.83377696810384,
0.378378285536839));
#10583=CARTESIAN_POINT('Ctrl Pts',(-3.50834103123515,-4.84745736127389,
0.352411307605046));
#10584=CARTESIAN_POINT('Ctrl Pts',(-3.48727181444231,-4.85877182031304,
0.329465044085702));
#10585=CARTESIAN_POINT('Origin',(-3.19263502510933,2.58749999748741,0.6));
#10586=CARTESIAN_POINT('',(-3.58389406540285,4.75976454610165,0.516835323672897));
#10587=CARTESIAN_POINT('',(-3.58389406540285,2.58749999748741,0.516835323672897));
#10588=CARTESIAN_POINT('',(-3.48727181444231,4.85877181528787,0.329465044085709));
#10589=CARTESIAN_POINT('Ctrl Pts',(-3.48727181444231,4.85877181528787,0.329465044085707));
#10590=CARTESIAN_POINT('Ctrl Pts',(-3.50834103123515,4.84745735624872,0.352411307605049));
#10591=CARTESIAN_POINT('Ctrl Pts',(-3.52710501087442,4.83377696307867,0.378378285536839));
#10592=CARTESIAN_POINT('Ctrl Pts',(-3.56228326820107,4.7998926380034,0.441739085498138));
#10593=CARTESIAN_POINT('Ctrl Pts',(-3.57612371177642,4.77898627179635,0.480278684040729));
#10594=CARTESIAN_POINT('Ctrl Pts',(-3.58389406540285,4.75976454610165,0.516835323672896));
#10595=CARTESIAN_POINT('',(-3.19263502510933,4.56413502595488,0.2));
#10596=CARTESIAN_POINT('Origin',(-3.19263502510932,4.56413502595488,0.6));
#10597=CARTESIAN_POINT('',(-3.19263502510933,-4.56413503098006,0.2));
#10598=CARTESIAN_POINT('',(-3.19263502510933,2.58749999748741,0.2));
#10599=CARTESIAN_POINT('Origin',(-3.19263502510933,-4.56413503098006,0.6));
#10600=CARTESIAN_POINT('Origin',(-3.80349999664186,5.17499999748742,1.55));
#10601=CARTESIAN_POINT('',(-3.80349999664186,-4.75000000251259,1.55));
#10602=CARTESIAN_POINT('',(-3.80349999664186,-5.17500000251259,1.55));
#10603=CARTESIAN_POINT('',(-3.75036085622435,-4.75000000251259,1.3));
#10604=CARTESIAN_POINT('',(-3.80349999664186,-4.75000000251259,1.55));
#10605=CARTESIAN_POINT('',(-3.75036085622435,4.74999999748741,1.3));
#10606=CARTESIAN_POINT('',(-3.75036085622435,0.212499997487409,1.3));
#10607=CARTESIAN_POINT('',(-3.80349999664186,4.74999999748741,1.55));
#10608=CARTESIAN_POINT('',(-3.77807895644962,4.74999999748741,1.43040340889734));
#10609=CARTESIAN_POINT('',(-3.80349999664186,4.97937047734066,1.55));
#10610=CARTESIAN_POINT('',(-3.80349999664186,-5.17500000251259,1.55));
#10611=CARTESIAN_POINT('',(-3.65400390895424,4.82987438965304,0.846676204615622));
#10612=CARTESIAN_POINT('Origin',(3.35814309693205E-9,-2.51259280048544E-9,
1.55));
#10613=CARTESIAN_POINT('',(3.60787048321138,-5.17500000251259,1.55));
#10614=CARTESIAN_POINT('',(3.80350000335814,-5.17500000251259,1.55));
#10615=CARTESIAN_POINT('',(3.80350000335814,-4.97937048236583,1.55));
#10616=CARTESIAN_POINT('Origin',(3.59903188438513,-4.97053188353958,1.55));
#10617=CARTESIAN_POINT('',(3.80350000335814,-4.75000000251259,1.55));
#10618=CARTESIAN_POINT('',(3.80350000335814,5.17499999748741,1.55));
#10619=CARTESIAN_POINT('',(3.75000000335814,-4.75000000251259,1.55));
#10620=CARTESIAN_POINT('',(1.87500000335814,-4.75000000251259,1.55));
#10621=CARTESIAN_POINT('',(3.75000000335814,4.74999999748741,1.55));
#10622=CARTESIAN_POINT('',(3.75000000335814,-2.51259635319911E-9,1.55));
#10623=CARTESIAN_POINT('',(3.80350000335814,4.74999999748741,1.55));
#10624=CARTESIAN_POINT('',(1.87500000335814,4.74999999748741,1.55));
#10625=CARTESIAN_POINT('',(3.80350000335814,4.97937047734065,1.55));
#10626=CARTESIAN_POINT('',(3.80350000335814,5.17499999748741,1.55));
#10627=CARTESIAN_POINT('',(3.60787048321138,5.17499999748741,1.55));
#10628=CARTESIAN_POINT('Origin',(3.59903188438513,4.97053187851441,1.55));
#10629=CARTESIAN_POINT('',(-3.6078704764951,5.17499999748742,1.55));
#10630=CARTESIAN_POINT('',(-3.80349999664186,5.17499999748742,1.55));
#10631=CARTESIAN_POINT('Origin',(-3.59903187766885,4.97053187851441,1.55));
#10632=CARTESIAN_POINT('',(-3.74999999664186,4.74999999748741,1.55));
#10633=CARTESIAN_POINT('',(-1.90174999664186,4.74999999748741,1.55));
#10634=CARTESIAN_POINT('',(-3.74999999664186,-4.75000000251259,1.55));
#10635=CARTESIAN_POINT('',(-3.74999999664186,-2.51259280048544E-9,1.55));
#10636=CARTESIAN_POINT('',(-1.90174999664186,-4.75000000251259,1.55));
#10637=CARTESIAN_POINT('Origin',(3.45837439552376,-4.82987439467822,0.888258542779172));
#10638=CARTESIAN_POINT('',(3.48727182115855,-4.858771820313,0.329465044085656));
#10639=CARTESIAN_POINT('',(3.58389407211913,-4.75976455112682,0.516835323672896));
#10640=CARTESIAN_POINT('Ctrl Pts',(3.48727182115856,-4.85877182031306,0.329465044085674));
#10641=CARTESIAN_POINT('Ctrl Pts',(3.50834103795142,-4.84745736127391,0.352411307605023));
#10642=CARTESIAN_POINT('Ctrl Pts',(3.52710501759069,-4.83377696810385,0.378378285536823));
#10643=CARTESIAN_POINT('Ctrl Pts',(3.56228327491735,-4.79989264302857,0.441739085498134));
#10644=CARTESIAN_POINT('Ctrl Pts',(3.57612371849271,-4.77898627682152,0.480278684040729));
#10645=CARTESIAN_POINT('Ctrl Pts',(3.58389407211913,-4.75976455112682,0.516835323672896));
#10646=CARTESIAN_POINT('',(3.65400391567053,-4.82987439467822,0.84667620461562));
#10647=CARTESIAN_POINT('',(3.38826455197237,-4.95539407127358,0.516835323672898));
#10648=CARTESIAN_POINT('',(3.45837439552376,-5.02550391482498,0.846676204615622));
#10649=CARTESIAN_POINT('Ctrl Pts',(3.38826455197237,-4.95539407127358,0.516835323672896));
#10650=CARTESIAN_POINT('Ctrl Pts',(3.40570845953679,-4.94834239794544,0.483659809011107));
#10651=CARTESIAN_POINT('Ctrl Pts',(3.42471866170652,-4.93621121433344,0.448505572518299));
#10652=CARTESIAN_POINT('Ctrl Pts',(3.45924322992504,-4.9027216895279,0.384122094619787));
#10653=CARTESIAN_POINT('Ctrl Pts',(3.47485418508719,-4.88189531791359,0.354648603334624));
#10654=CARTESIAN_POINT('Ctrl Pts',(3.48727182115861,-4.85877182031301,0.329465044085673));
#10655=CARTESIAN_POINT('Origin',(3.80350000335814,-5.17500000251259,1.55));
#10656=CARTESIAN_POINT('',(3.58389407211913,4.75976454610164,0.516835323672896));
#10657=CARTESIAN_POINT('',(3.58389407211913,-2.58750000251259,0.516835323672896));
#10658=CARTESIAN_POINT('',(3.59717430235472,4.77304477633723,0.579313894700073));
#10659=CARTESIAN_POINT('',(3.75036086294064,4.74999999748741,1.3));
#10660=CARTESIAN_POINT('',(3.77692263366187,4.74999999748741,1.4249633062962));
#10661=CARTESIAN_POINT('',(3.75036086294064,-4.75000000251259,1.3));
#10662=CARTESIAN_POINT('',(3.75036086294064,-4.96250000251259,1.3));
#10663=CARTESIAN_POINT('',(3.80234367385411,-4.75000000251259,1.54455989739886));
#10664=CARTESIAN_POINT('Origin',(3.19263503182561,-2.58750000251259,0.6));
#10665=CARTESIAN_POINT('',(3.19263503182561,-4.56413503098006,0.2));
#10666=CARTESIAN_POINT('Origin',(3.19263503182561,-4.56413503098006,0.6));
#10667=CARTESIAN_POINT('',(3.19263503182561,4.56413502595488,0.2));
#10668=CARTESIAN_POINT('',(3.19263503182561,-2.58750000251259,0.2));
#10669=CARTESIAN_POINT('',(3.48727182115859,4.85877181528786,0.329465044085707));
#10670=CARTESIAN_POINT('Origin',(3.19263503182561,4.56413502595488,0.6));
#10671=CARTESIAN_POINT('Ctrl Pts',(3.58389407211913,4.75976454610164,0.516835323672897));
#10672=CARTESIAN_POINT('Ctrl Pts',(3.57684239879099,4.77720845366606,0.483659809011108));
#10673=CARTESIAN_POINT('Ctrl Pts',(3.56471121517898,4.79621865583579,0.448505572518297));
#10674=CARTESIAN_POINT('Ctrl Pts',(3.53122169037346,4.83074322405431,0.3841220946198));
#10675=CARTESIAN_POINT('Ctrl Pts',(3.51039531875916,4.84635417921644,0.354648603334649));
#10676=CARTESIAN_POINT('Ctrl Pts',(3.4872718211586,4.85877181528786,0.329465044085706));
#10677=CARTESIAN_POINT('Origin',(3.40154478220796,4.77304477633723,0.620896232863625));
#10678=CARTESIAN_POINT('',(3.38826455197237,4.9553940662484,0.516835323672896));
#10679=CARTESIAN_POINT('Ctrl Pts',(3.48727182115859,4.85877181528787,0.329465044085709));
#10680=CARTESIAN_POINT('Ctrl Pts',(3.47595736211944,4.87984103208071,0.352411307605053));
#10681=CARTESIAN_POINT('Ctrl Pts',(3.4622769689494,4.89860501171997,0.378378285536844));
#10682=CARTESIAN_POINT('Ctrl Pts',(3.42839264387413,4.93378326904662,0.441739085498145));
#10683=CARTESIAN_POINT('Ctrl Pts',(3.40748627766707,4.94762371262198,0.48027868404073));
#10684=CARTESIAN_POINT('Ctrl Pts',(3.38826455197237,4.9553940662484,0.516835323672896));
#10685=CARTESIAN_POINT('',(3.40154478220796,4.96867429648399,0.579313894700073));
#10686=CARTESIAN_POINT('Origin',(3.80350000335814,5.17499999748741,1.55));
#10687=CARTESIAN_POINT('',(-3.38826454525609,4.9553940662484,0.516835323672896));
#10688=CARTESIAN_POINT('',(1.90175000335814,4.9553940662484,0.516835323672896));
#10689=CARTESIAN_POINT('',(-3.45837438880748,5.0255039097998,0.846676204615622));
#10690=CARTESIAN_POINT('Origin',(1.90175000335814,4.56413502595488,0.6));
#10691=CARTESIAN_POINT('',(1.90175000335814,4.56413502595488,0.2));
#10692=CARTESIAN_POINT('Ctrl Pts',(-3.38826454525609,4.95539406624841,0.516835323672896));
#10693=CARTESIAN_POINT('Ctrl Pts',(-3.40748627095078,4.94762371262198,0.480278684040729));
#10694=CARTESIAN_POINT('Ctrl Pts',(-3.42839263715784,4.93378326904663,0.441739085498144));
#10695=CARTESIAN_POINT('Ctrl Pts',(-3.46227696223312,4.89860501171997,0.378378285536842));
#10696=CARTESIAN_POINT('Ctrl Pts',(-3.47595735540316,4.87984103208071,0.352411307605051));
#10697=CARTESIAN_POINT('Ctrl Pts',(-3.48727181444231,4.85877181528787,0.329465044085709));
#10698=CARTESIAN_POINT('Origin',(-3.45837438880748,4.82987438965304,0.888258542779174));
#10699=CARTESIAN_POINT('Origin',(-1.90174999664186,-4.56413503098006,0.6));
#10700=CARTESIAN_POINT('',(-1.90174999664186,-4.56413503098006,0.2));
#10701=CARTESIAN_POINT('',(-1.90174999664186,-4.95539407127358,0.516835323672898));
#10702=CARTESIAN_POINT('Origin',(3.35814309693205E-9,-2.51259280048544E-9,
0.2));
#10703=CARTESIAN_POINT('',(3.35814043239679E-9,-1.2000000025126,0.2));
#10704=CARTESIAN_POINT('Origin',(3.35814043239679E-9,-2.51259280048544E-9,
0.2));
#10705=CARTESIAN_POINT('Origin',(-3.80349999664186,-5.17500000251259,1.55));
#10706=CARTESIAN_POINT('Origin',(3.35814043239679E-9,-2.51259280048544E-9,
0.262948165));
#10707=CARTESIAN_POINT('',(3.35814043239679E-9,-1.13705183751259,0.32589633));
#10708=CARTESIAN_POINT('Origin',(3.35814043239679E-9,-2.51259280048544E-9,
0.32589633));
#10709=CARTESIAN_POINT('',(3.35814043239679E-9,-1.20000000251259,0.262948165));
#10710=CARTESIAN_POINT('Origin',(3.35814043239679E-9,-2.51259280048544E-9,
0.262948165));
#10711=CARTESIAN_POINT('Origin',(3.35814043239679E-9,-2.51259280048544E-9,
0.2));
#10712=CARTESIAN_POINT('Origin',(3.35814043239679E-9,-2.51259280048544E-9,
0.32589633));
#10713=CARTESIAN_POINT('Origin',(3.75000000335814,4.74999999748741,1.3));
#10714=CARTESIAN_POINT('',(3.75000000335814,4.74999999748741,1.3));
#10715=CARTESIAN_POINT('',(3.75000000335814,4.74999999748741,1.3));
#10716=CARTESIAN_POINT('',(3.75000000335814,4.74999999748741,1.3));
#10717=CARTESIAN_POINT('Origin',(3.75000000335814,-4.75000000251259,1.3));
#10718=CARTESIAN_POINT('',(3.75000000335814,-4.75000000251259,1.3));
#10719=CARTESIAN_POINT('',(3.75000000335814,-4.75000000251259,1.3));
#10720=CARTESIAN_POINT('',(3.75000000335814,-4.75000000251259,1.3));
#10721=CARTESIAN_POINT('Origin',(3.75000000335814,-4.75000000251259,1.55));
#10722=CARTESIAN_POINT('',(3.75000000335814,-4.75000000251259,1.55));
#10723=CARTESIAN_POINT('Origin',(3.75000000335814,-2.51259635319911E-9,
1.425));
#10724=CARTESIAN_POINT('Origin',(-3.80349999664186,-4.75000000251259,1.55));
#10725=CARTESIAN_POINT('',(-3.74999999664186,-4.75000000251259,1.3));
#10726=CARTESIAN_POINT('',(-3.74999999664186,-4.75000000251259,1.55));
#10727=CARTESIAN_POINT('',(-3.80349999664186,-4.75000000251259,1.3));
#10728=CARTESIAN_POINT('Origin',(-3.80349999664186,-4.75000000251259,1.3));
#10729=CARTESIAN_POINT('',(-3.74999999664186,4.74999999748741,1.3));
#10730=CARTESIAN_POINT('',(-3.74999999664186,-4.75000000251259,1.3));
#10731=CARTESIAN_POINT('',(-3.80349999664186,4.74999999748741,1.3));
#10732=CARTESIAN_POINT('Origin',(-3.80349999664186,4.74999999748741,1.3));
#10733=CARTESIAN_POINT('',(-3.74999999664186,4.74999999748741,1.3));
#10734=CARTESIAN_POINT('Origin',(-3.74999999664186,-2.51259280048544E-9,
1.425));
#10735=UNCERTAINTY_MEASURE_WITH_UNIT(LENGTH_MEASURE(0.01),#10739,
'DISTANCE_ACCURACY_VALUE',
'Maximum model space distance between geometric entities at asserted c
onnectivities');
#10736=UNCERTAINTY_MEASURE_WITH_UNIT(LENGTH_MEASURE(0.01),#10739,
'DISTANCE_ACCURACY_VALUE',
'Maximum model space distance between geometric entities at asserted c
onnectivities');
#10737=(
GEOMETRIC_REPRESENTATION_CONTEXT(3)
GLOBAL_UNCERTAINTY_ASSIGNED_CONTEXT((#10735))
GLOBAL_UNIT_ASSIGNED_CONTEXT((#10739,#10741,#10740))
REPRESENTATION_CONTEXT('','3D')
);
#10738=(
GEOMETRIC_REPRESENTATION_CONTEXT(3)
GLOBAL_UNCERTAINTY_ASSIGNED_CONTEXT((#10736))
GLOBAL_UNIT_ASSIGNED_CONTEXT((#10739,#10741,#10740))
REPRESENTATION_CONTEXT('','3D')
);
#10739=(
LENGTH_UNIT()
NAMED_UNIT(*)
SI_UNIT(.MILLI.,.METRE.)
);
#10740=(
NAMED_UNIT(*)
SI_UNIT($,.STERADIAN.)
SOLID_ANGLE_UNIT()
);
#10741=(
NAMED_UNIT(*)
PLANE_ANGLE_UNIT()
SI_UNIT($,.RADIAN.)
);
#10742=SHAPE_DEFINITION_REPRESENTATION(#10743,#10744);
#10743=PRODUCT_DEFINITION_SHAPE('',$,#10746);
#10744=SHAPE_REPRESENTATION('',(#6328),#10737);
#10745=PRODUCT_DEFINITION_CONTEXT('part definition',#10750,'design');
#10746=PRODUCT_DEFINITION('Product','Product',#10747,#10745);
#10747=PRODUCT_DEFINITION_FORMATION('',$,#10752);
#10748=PRODUCT_RELATED_PRODUCT_CATEGORY('Product','Product',(#10752));
#10749=APPLICATION_PROTOCOL_DEFINITION('international standard',
'automotive_design',2009,#10750);
#10750=APPLICATION_CONTEXT(
'Core Data for Automotive Mechanical Design Process');
#10751=PRODUCT_CONTEXT('part definition',#10750,'mechanical');
#10752=PRODUCT('Product','Product',$,(#10751));
#10753=PRESENTATION_STYLE_ASSIGNMENT((#10757));
#10754=PRESENTATION_STYLE_ASSIGNMENT((#10758));
#10755=PRESENTATION_STYLE_ASSIGNMENT((#10759));
#10756=PRESENTATION_STYLE_ASSIGNMENT((#10760));
#10757=SURFACE_STYLE_USAGE(.BOTH.,#10761);
#10758=SURFACE_STYLE_USAGE(.BOTH.,#10762);
#10759=SURFACE_STYLE_USAGE(.BOTH.,#10763);
#10760=SURFACE_STYLE_USAGE(.BOTH.,#10764);
#10761=SURFACE_SIDE_STYLE('',(#10765));
#10762=SURFACE_SIDE_STYLE('',(#10766));
#10763=SURFACE_SIDE_STYLE('',(#10767));
#10764=SURFACE_SIDE_STYLE('',(#10768));
#10765=SURFACE_STYLE_FILL_AREA(#10769);
#10766=SURFACE_STYLE_FILL_AREA(#10770);
#10767=SURFACE_STYLE_FILL_AREA(#10771);
#10768=SURFACE_STYLE_FILL_AREA(#10772);
#10769=FILL_AREA_STYLE('',(#10773));
#10770=FILL_AREA_STYLE('',(#10774));
#10771=FILL_AREA_STYLE('',(#10775));
#10772=FILL_AREA_STYLE('',(#10776));
#10773=FILL_AREA_STYLE_COLOUR('',#10777);
#10774=FILL_AREA_STYLE_COLOUR('',#10778);
#10775=FILL_AREA_STYLE_COLOUR('',#10779);
#10776=FILL_AREA_STYLE_COLOUR('',#10780);
#10777=COLOUR_RGB('',1.,1.,1.);
#10778=COLOUR_RGB('',0.,0.,0.);
#10779=COLOUR_RGB('',0.329411764705882,0.329411764705882,0.329411764705882);
#10780=COLOUR_RGB('',0.866666666666667,0.866666666666667,0.866666666666667);
ENDSEC;
END-ISO-10303-21;
