ISO-10303-21;
HEADER;
/* Generated by software containing ST-Developer
 * from STEP Tools, Inc. (www.steptools.com) 
 */

FILE_DESCRIPTION(
/* description */ (''),
/* implementation_level */ '2;1');

FILE_NAME(
/* name */ 'EE13-pins.step',
/* time_stamp */ '2024-05-09T11:21:54-03:00',
/* author */ (''),
/* organization */ (''),
/* preprocessor_version */ 'ST-DEVELOPER v20',
/* originating_system */ 'Autodesk Translation Framework v12.20.1.177',

/* authorisation */ '');

FILE_SCHEMA (('AUTOMOTIVE_DESIGN { 1 0 10303 214 3 1 1 }'));
ENDSEC;

DATA;
#10=MECHANICAL_DESIGN_GEOMETRIC_PRESENTATION_REPRESENTATION('',(#3338,#3339,
#3340,#3341,#3342,#3343,#3344,#3345,#3346,#3347,#3348,#3349,#3350,#3351,
#3352,#3353,#3354,#3355,#3356,#3357,#3358,#3359,#3360,#3361,#3362,#3363,
#3364,#3365,#3366,#3367,#3368,#3369,#3370,#3371,#3372,#3373,#3374,#3375,
#3376,#3377,#3378,#3379,#3380,#3381,#3382,#3383,#3384,#3385,#3386,#3387,
#3388,#3389,#3390,#3391,#3392,#3393,#3394,#3395,#3396,#3397,#3398,#3399,
#3400,#3401,#3402,#3403,#3404,#3405,#3406,#3407,#3408,#3409,#3410,#3411,
#3412,#3413,#3414,#3415,#3416,#3417,#3418,#3419,#3420,#3421,#3422,#3423,
#3424,#3425,#3426,#3427,#3428,#3429,#3430,#3431,#3432,#3433,#3434,#3435,
#3436,#3437,#3438,#3439,#3440,#3441,#3442,#3443,#3444,#3445,#3446,#3447,
#3448,#3449,#3450,#3451,#3452,#3453,#3454,#3455,#3456,#3457,#3458,#3459,
#3460,#3461,#3462,#3463,#3464,#3465,#3466,#3467,#3468,#3469,#3470,#3471,
#3472,#3473,#3474,#3475,#3476,#3477,#3478,#3479,#3480,#3481,#3482,#3483,
#3484,#3485,#3486,#3487,#3488,#3489,#3490,#3491),#7621);
#11=SHAPE_REPRESENTATION_RELATIONSHIP('SRR','None',#7628,#12);
#12=ADVANCED_BREP_SHAPE_REPRESENTATION('',(#165,#166,#167,#168,#169,#170,
#171,#172,#173,#174,#175,#176,#177),#7620);
#13=CIRCLE('',#3720,0.25);
#14=CIRCLE('',#3721,0.25);
#15=CIRCLE('',#3743,0.25);
#16=CIRCLE('',#3744,0.25);
#17=CIRCLE('',#3756,0.12177953887963);
#18=CIRCLE('',#3757,0.12177953887963);
#19=CIRCLE('',#3759,0.299999999999996);
#20=CIRCLE('',#3760,0.12177953887963);
#21=CIRCLE('',#3761,0.299999999999996);
#22=CIRCLE('',#3762,0.300000000000001);
#23=CIRCLE('',#3763,0.300000000000001);
#24=CIRCLE('',#3764,0.300000000000001);
#25=CIRCLE('',#3765,0.12177953887963);
#26=CIRCLE('',#3766,0.299999999999996);
#27=CIRCLE('',#3767,0.299999999999997);
#28=CIRCLE('',#3768,0.299999999999998);
#29=CIRCLE('',#3769,0.300000000000002);
#30=CIRCLE('',#3770,0.12177953887963);
#31=CIRCLE('',#3771,0.299999999999997);
#32=CIRCLE('',#3772,0.300000000000003);
#33=CIRCLE('',#3773,0.12177953887963);
#34=CIRCLE('',#3774,0.299999999999996);
#35=CIRCLE('',#3775,0.3);
#36=CIRCLE('',#3776,0.299999999999996);
#37=CIRCLE('',#3777,0.299999999999996);
#38=CIRCLE('',#3778,0.12177953887963);
#39=CIRCLE('',#3779,0.300000000000002);
#40=CIRCLE('',#3780,0.299999999999997);
#41=CIRCLE('',#3781,0.12177953887963);
#42=CIRCLE('',#3782,0.300000000000003);
#43=CIRCLE('',#3783,0.299999999999999);
#44=CIRCLE('',#3784,0.12177953887963);
#45=CIRCLE('',#3785,0.299999999999997);
#46=CIRCLE('',#3801,0.12177953887963);
#47=CIRCLE('',#3802,0.299999999999997);
#48=CIRCLE('',#3803,0.299999999999997);
#49=CIRCLE('',#3804,0.12177953887963);
#50=CIRCLE('',#3805,0.299999999999999);
#51=CIRCLE('',#3806,0.300000000000003);
#52=CIRCLE('',#3807,0.12177953887963);
#53=CIRCLE('',#3808,0.299999999999997);
#54=CIRCLE('',#3809,0.300000000000002);
#55=CIRCLE('',#3810,0.12177953887963);
#56=CIRCLE('',#3811,0.299999999999996);
#57=CIRCLE('',#3812,0.299999999999996);
#58=CIRCLE('',#3813,0.300000000000001);
#59=CIRCLE('',#3814,0.299999999999996);
#60=CIRCLE('',#3818,0.3);
#61=CIRCLE('',#3820,0.300000000000001);
#62=CIRCLE('',#3821,0.300000000000001);
#63=CIRCLE('',#3822,0.299999999999996);
#64=CIRCLE('',#3823,0.12177953887963);
#65=CIRCLE('',#3824,0.300000000000003);
#66=CIRCLE('',#3825,0.299999999999997);
#67=CIRCLE('',#3826,0.12177953887963);
#68=CIRCLE('',#3827,0.300000000000002);
#69=CIRCLE('',#3828,0.299999999999998);
#70=CIRCLE('',#3829,0.299999999999997);
#71=CIRCLE('',#3830,0.299999999999997);
#72=CIRCLE('',#3831,0.12177953887963);
#73=CIRCLE('',#3837,0.3);
#74=CIRCLE('',#3838,0.300000000000001);
#75=CIRCLE('',#3839,0.3);
#76=CIRCLE('',#3840,0.3);
#77=CIRCLE('',#3850,0.3);
#78=CIRCLE('',#3853,0.3);
#79=CIRCLE('',#3856,0.3);
#80=CIRCLE('',#3859,0.300000000000001);
#81=CIRCLE('',#3912,0.25);
#82=CIRCLE('',#3913,0.25);
#83=CIRCLE('',#3928,0.3);
#84=CIRCLE('',#3929,0.299999999999998);
#85=CIRCLE('',#3931,0.299999999999998);
#86=CIRCLE('',#3933,0.3);
#87=CIRCLE('',#3948,0.299999999999998);
#88=CIRCLE('',#3949,0.299999999999998);
#89=CIRCLE('',#3951,0.3);
#90=CIRCLE('',#3953,0.3);
#91=CYLINDRICAL_SURFACE('',#3719,0.25);
#92=CYLINDRICAL_SURFACE('',#3742,0.25);
#93=CYLINDRICAL_SURFACE('',#3755,0.12177953887963);
#94=CYLINDRICAL_SURFACE('',#3815,0.299999999999996);
#95=CYLINDRICAL_SURFACE('',#3817,0.3);
#96=CYLINDRICAL_SURFACE('',#3832,0.300000000000001);
#97=CYLINDRICAL_SURFACE('',#3834,0.300000000000001);
#98=CYLINDRICAL_SURFACE('',#3849,0.3);
#99=CYLINDRICAL_SURFACE('',#3852,0.3);
#100=CYLINDRICAL_SURFACE('',#3855,0.3);
#101=CYLINDRICAL_SURFACE('',#3858,0.300000000000001);
#102=CYLINDRICAL_SURFACE('',#3860,0.299999999999996);
#103=CYLINDRICAL_SURFACE('',#3862,0.299999999999996);
#104=CYLINDRICAL_SURFACE('',#3863,0.300000000000001);
#105=CYLINDRICAL_SURFACE('',#3865,0.299999999999996);
#106=CYLINDRICAL_SURFACE('',#3874,0.12177953887963);
#107=CYLINDRICAL_SURFACE('',#3875,0.12177953887963);
#108=CYLINDRICAL_SURFACE('',#3876,0.12177953887963);
#109=CYLINDRICAL_SURFACE('',#3877,0.12177953887963);
#110=CYLINDRICAL_SURFACE('',#3882,0.300000000000002);
#111=CYLINDRICAL_SURFACE('',#3883,0.300000000000003);
#112=CYLINDRICAL_SURFACE('',#3884,0.299999999999997);
#113=CYLINDRICAL_SURFACE('',#3885,0.299999999999997);
#114=CYLINDRICAL_SURFACE('',#3890,0.299999999999997);
#115=CYLINDRICAL_SURFACE('',#3891,0.299999999999997);
#116=CYLINDRICAL_SURFACE('',#3892,0.299999999999997);
#117=CYLINDRICAL_SURFACE('',#3893,0.299999999999997);
#118=CYLINDRICAL_SURFACE('',#3898,0.12177953887963);
#119=CYLINDRICAL_SURFACE('',#3899,0.12177953887963);
#120=CYLINDRICAL_SURFACE('',#3900,0.12177953887963);
#121=CYLINDRICAL_SURFACE('',#3905,0.300000000000003);
#122=CYLINDRICAL_SURFACE('',#3906,0.300000000000002);
#123=CYLINDRICAL_SURFACE('',#3907,0.299999999999998);
#124=CYLINDRICAL_SURFACE('',#3908,0.299999999999999);
#125=CYLINDRICAL_SURFACE('',#3911,0.25);
#126=CYLINDRICAL_SURFACE('',#3930,0.299999999999998);
#127=CYLINDRICAL_SURFACE('',#3934,0.3);
#128=CYLINDRICAL_SURFACE('',#3947,0.299999999999998);
#129=CYLINDRICAL_SURFACE('',#3952,0.3);
#130=FACE_BOUND('',#391,.T.);
#131=FACE_BOUND('',#394,.T.);
#132=FACE_BOUND('',#401,.T.);
#133=FACE_BOUND('',#407,.T.);
#134=FACE_BOUND('',#409,.T.);
#135=FACE_BOUND('',#425,.T.);
#136=FACE_BOUND('',#431,.T.);
#137=FACE_BOUND('',#434,.T.);
#138=FACE_BOUND('',#440,.T.);
#139=FACE_BOUND('',#442,.T.);
#140=FACE_BOUND('',#449,.T.);
#141=FACE_BOUND('',#474,.T.);
#142=(
BOUNDED_CURVE()
B_SPLINE_CURVE(2,(#5201,#5202,#5203,#5204,#5205,#5206,#5207,#5208,#5209),
 .UNSPECIFIED.,.F.,.F.)
B_SPLINE_CURVE_WITH_KNOTS((3,2,2,2,3),(0.,0.00047108957010653,0.0128683828883188,
0.0133394724584254,0.0247370826603511),.UNSPECIFIED.)
CURVE()
GEOMETRIC_REPRESENTATION_ITEM()
RATIONAL_B_SPLINE_CURVE((1.,0.707106781186548,1.,1.,1.,0.707106781186549,
1.,1.,1.))
REPRESENTATION_ITEM('')
);
#143=(
BOUNDED_CURVE()
B_SPLINE_CURVE(2,(#5212,#5213,#5214,#5215,#5216,#5217,#5218,#5219,#5220),
 .UNSPECIFIED.,.F.,.F.)
B_SPLINE_CURVE_WITH_KNOTS((3,2,2,2,3),(0.,0.0116862271087865,0.0121692458826621,
0.0248804706643616,0.0253634894382372),.UNSPECIFIED.)
CURVE()
GEOMETRIC_REPRESENTATION_ITEM()
RATIONAL_B_SPLINE_CURVE((1.,1.,1.,0.707106781186549,1.,1.,1.,0.707106781186548,
1.))
REPRESENTATION_ITEM('')
);
#144=(
BOUNDED_CURVE()
B_SPLINE_CURVE(2,(#5222,#5223,#5224,#5225,#5226,#5227,#5228,#5229,#5230),
 .UNSPECIFIED.,.F.,.F.)
B_SPLINE_CURVE_WITH_KNOTS((3,2,2,2,3),(0.,0.0116862271087865,0.012169245882662,
0.0248804706643616,0.0253634894382371),.UNSPECIFIED.)
CURVE()
GEOMETRIC_REPRESENTATION_ITEM()
RATIONAL_B_SPLINE_CURVE((1.,1.,1.,0.707106781186549,1.,1.,1.,0.707106781186546,
1.))
REPRESENTATION_ITEM('')
);
#145=(
BOUNDED_CURVE()
B_SPLINE_CURVE(2,(#5233,#5234,#5235,#5236,#5237,#5238,#5239,#5240,#5241),
 .UNSPECIFIED.,.F.,.F.)
B_SPLINE_CURVE_WITH_KNOTS((3,2,2,2,3),(0.,0.000464183849372241,0.0126797447520329,
0.0131439286014051,0.0243744607823189),.UNSPECIFIED.)
CURVE()
GEOMETRIC_REPRESENTATION_ITEM()
RATIONAL_B_SPLINE_CURVE((1.,0.707106781186548,1.,1.,1.,0.707106781186549,
1.,1.,1.))
REPRESENTATION_ITEM('')
);
#146=(
BOUNDED_CURVE()
B_SPLINE_CURVE(2,(#5242,#5243,#5244,#5245,#5246,#5247,#5248,#5249,#5250),
 .UNSPECIFIED.,.F.,.F.)
B_SPLINE_CURVE_WITH_KNOTS((3,2,2,2,3),(0.,0.00046418384937286,0.012679744752049,
0.0131439286014218,0.0243744607823498),.UNSPECIFIED.)
CURVE()
GEOMETRIC_REPRESENTATION_ITEM()
RATIONAL_B_SPLINE_CURVE((1.,0.707106781186546,1.,1.,1.,0.707106781186549,
1.,1.,1.))
REPRESENTATION_ITEM('')
);
#147=(
BOUNDED_CURVE()
B_SPLINE_CURVE(2,(#5269,#5270,#5271,#5272,#5273,#5274,#5275,#5276,#5277),
 .UNSPECIFIED.,.F.,.F.)
B_SPLINE_CURVE_WITH_KNOTS((3,2,2,2,3),(0.,0.0116862271087865,0.012169245882662,
0.0248804706643616,0.0253634894382371),.UNSPECIFIED.)
CURVE()
GEOMETRIC_REPRESENTATION_ITEM()
RATIONAL_B_SPLINE_CURVE((1.,1.,1.,0.707106781186549,1.,1.,1.,0.707106781186546,
1.))
REPRESENTATION_ITEM('')
);
#148=(
BOUNDED_CURVE()
B_SPLINE_CURVE(2,(#5281,#5282,#5283,#5284,#5285,#5286,#5287,#5288,#5289),
 .UNSPECIFIED.,.F.,.F.)
B_SPLINE_CURVE_WITH_KNOTS((3,2,2,2,3),(0.,0.0115103641708966,0.0119861141231209,
0.0245060510483139,0.0249818010005383),.UNSPECIFIED.)
CURVE()
GEOMETRIC_REPRESENTATION_ITEM()
RATIONAL_B_SPLINE_CURVE((1.,1.,1.,0.707106781186549,1.,1.,1.,0.707106781186546,
1.))
REPRESENTATION_ITEM('')
);
#149=(
BOUNDED_CURVE()
B_SPLINE_CURVE(2,(#5290,#5291,#5292,#5293,#5294,#5295,#5296,#5297,#5298),
 .UNSPECIFIED.,.F.,.F.)
B_SPLINE_CURVE_WITH_KNOTS((3,2,2,2,3),(5.0821976835258E-20,0.0115103641708965,
0.0119861141231209,0.0245060510483138,0.0249818010005381),.UNSPECIFIED.)
CURVE()
GEOMETRIC_REPRESENTATION_ITEM()
RATIONAL_B_SPLINE_CURVE((1.,1.,1.,0.707106781186549,1.,1.,1.,0.707106781186548,
1.))
REPRESENTATION_ITEM('')
);
#150=(
BOUNDED_CURVE()
B_SPLINE_CURVE(2,(#5687,#5688,#5689,#5690,#5691,#5692,#5693,#5694,#5695),
 .UNSPECIFIED.,.F.,.F.)
B_SPLINE_CURVE_WITH_KNOTS((3,2,2,2,3),(0.,0.00186860681989611,0.00774115549019172,
0.00960976231008782,0.0208158514950798),.UNSPECIFIED.)
CURVE()
GEOMETRIC_REPRESENTATION_ITEM()
RATIONAL_B_SPLINE_CURVE((1.,0.707106781186548,1.,1.,1.,0.707106781186548,
1.,1.,1.))
REPRESENTATION_ITEM('')
);
#151=(
BOUNDED_CURVE()
B_SPLINE_CURVE(2,(#6021,#6022,#6023,#6024,#6025,#6026,#6027,#6028,#6029),
 .UNSPECIFIED.,.F.,.F.)
B_SPLINE_CURVE_WITH_KNOTS((3,2,2,2,3),(0.,0.00180941309630647,0.00749593118004163,
0.0093053442763481,0.0201564469876345),.UNSPECIFIED.)
CURVE()
GEOMETRIC_REPRESENTATION_ITEM()
RATIONAL_B_SPLINE_CURVE((1.,0.707106781186548,1.,1.,1.,0.707106781186548,
1.,1.,1.))
REPRESENTATION_ITEM('')
);
#152=(
BOUNDED_CURVE()
B_SPLINE_CURVE(2,(#6030,#6031,#6032,#6033,#6034,#6035,#6036,#6037,#6038),
 .UNSPECIFIED.,.F.,.F.)
B_SPLINE_CURVE_WITH_KNOTS((3,2,2,2,3),(0.,0.00180941309630621,0.00749593118004074,
0.00930534427634712,0.0201564469876322),.UNSPECIFIED.)
CURVE()
GEOMETRIC_REPRESENTATION_ITEM()
RATIONAL_B_SPLINE_CURVE((1.,0.707106781186547,1.,1.,1.,0.707106781186549,
1.,1.,1.))
REPRESENTATION_ITEM('')
);
#153=(
BOUNDED_CURVE()
B_SPLINE_CURVE(2,(#6698,#6699,#6700,#6701,#6702,#6703,#6704,#6705,#6706),
 .UNSPECIFIED.,.F.,.F.)
B_SPLINE_CURVE_WITH_KNOTS((3,2,2,2,3),(0.,0.00180857416713067,0.00749245571311854,
0.00930102988024937,0.0201471015089862),.UNSPECIFIED.)
CURVE()
GEOMETRIC_REPRESENTATION_ITEM()
RATIONAL_B_SPLINE_CURVE((1.,0.707106781186547,1.,1.,1.,0.707106781186549,
1.,1.,1.))
REPRESENTATION_ITEM('')
);
#154=(
BOUNDED_CURVE()
B_SPLINE_CURVE(2,(#6726,#6727,#6728,#6729,#6730,#6731,#6732,#6733,#6734),
 .UNSPECIFIED.,.F.,.F.)
B_SPLINE_CURVE_WITH_KNOTS((3,2,2,2,3),(0.,0.0018085741671308,0.0074924557131189,
0.0093010298802497,0.0201471015089871),.UNSPECIFIED.)
CURVE()
GEOMETRIC_REPRESENTATION_ITEM()
RATIONAL_B_SPLINE_CURVE((1.,0.707106781186548,1.,1.,1.,0.707106781186548,
1.,1.,1.))
REPRESENTATION_ITEM('')
);
#155=(
BOUNDED_SURFACE()
B_SPLINE_SURFACE(2,1,((#5179,#5180),(#5181,#5182),(#5183,#5184),(#5185,
#5186),(#5187,#5188),(#5189,#5190),(#5191,#5192),(#5193,#5194),(#5195,#5196)),
 .UNSPECIFIED.,.F.,.F.,.F.)
B_SPLINE_SURFACE_WITH_KNOTS((3,2,2,2,3),(2,2),(-24.7449239237334,-13.3437008599052,
-12.8724619618667,-0.471238898038469,0.),(0.,0.740875200058188),
 .UNSPECIFIED.)
GEOMETRIC_REPRESENTATION_ITEM()
RATIONAL_B_SPLINE_SURFACE(((1.,1.),(1.,1.),(1.,1.),(0.707106781186549,0.707106781186549),
(1.,1.),(1.,1.),(1.,1.),(0.707106781186548,0.707106781186548),(1.,1.)))
REPRESENTATION_ITEM('')
SURFACE()
);
#156=(
BOUNDED_SURFACE()
B_SPLINE_SURFACE(2,1,((#5251,#5252),(#5253,#5254),(#5255,#5256),(#5257,
#5258),(#5259,#5260),(#5261,#5262),(#5263,#5264),(#5265,#5266),(#5267,#5268)),
 .UNSPECIFIED.,.F.,.F.,.F.)
B_SPLINE_SURFACE_WITH_KNOTS((3,2,2,2,3),(2,2),(-49.4898478474668,-38.0886247836386,
-37.6173858856001,-25.2161628217719,-24.7449239237334),(0.,0.740875200058188),
 .UNSPECIFIED.)
GEOMETRIC_REPRESENTATION_ITEM()
RATIONAL_B_SPLINE_SURFACE(((1.,1.),(1.,1.),(1.,1.),(0.707106781186549,0.707106781186549),
(1.,1.),(1.,1.),(1.,1.),(0.707106781186546,0.707106781186546),(1.,1.)))
REPRESENTATION_ITEM('')
SURFACE()
);
#157=(
BOUNDED_SURFACE()
B_SPLINE_SURFACE(2,1,((#5299,#5300),(#5301,#5302),(#5303,#5304),(#5305,
#5306),(#5307,#5308),(#5309,#5310),(#5311,#5312),(#5313,#5314),(#5315,#5316)),
 .UNSPECIFIED.,.F.,.F.,.F.)
B_SPLINE_SURFACE_WITH_KNOTS((3,2,2,2,3),(2,2),(24.7449239237334,25.2161628217719,
37.6173858856001,38.0886247836386,49.4898478474668),(0.,0.740875200058188),
 .UNSPECIFIED.)
GEOMETRIC_REPRESENTATION_ITEM()
RATIONAL_B_SPLINE_SURFACE(((1.,1.),(0.707106781186546,0.707106781186546),
(1.,1.),(1.,1.),(1.,1.),(0.707106781186549,0.707106781186549),(1.,1.),(1.,
1.),(1.,1.)))
REPRESENTATION_ITEM('')
SURFACE()
);
#158=(
BOUNDED_SURFACE()
B_SPLINE_SURFACE(2,1,((#5319,#5320),(#5321,#5322),(#5323,#5324),(#5325,
#5326),(#5327,#5328),(#5329,#5330),(#5331,#5332),(#5333,#5334),(#5335,#5336)),
 .UNSPECIFIED.,.F.,.F.,.F.)
B_SPLINE_SURFACE_WITH_KNOTS((3,2,2,2,3),(2,2),(0.,0.471238898038469,12.8724619618667,
13.3437008599052,24.7449239237334),(0.,0.740875200058188),.UNSPECIFIED.)
GEOMETRIC_REPRESENTATION_ITEM()
RATIONAL_B_SPLINE_SURFACE(((1.,1.),(0.707106781186548,0.707106781186548),
(1.,1.),(1.,1.),(1.,1.),(0.707106781186549,0.707106781186549),(1.,1.),(1.,
1.),(1.,1.)))
REPRESENTATION_ITEM('')
SURFACE()
);
#159=(
BOUNDED_SURFACE()
B_SPLINE_SURFACE(1,2,((#5665,#5666,#5667,#5668,#5669,#5670,#5671,#5672,
#5673),(#5674,#5675,#5676,#5677,#5678,#5679,#5680,#5681,#5682)),
 .UNSPECIFIED.,.F.,.F.,.F.)
B_SPLINE_SURFACE_WITH_KNOTS((2,2),(3,2,2,2,3),(0.,7.18604806304404),(-12.248817623698,
-5.65473989719684,-4.55518246844041,-1.09955742875643,0.),.UNSPECIFIED.)
GEOMETRIC_REPRESENTATION_ITEM()
RATIONAL_B_SPLINE_SURFACE(((1.,1.,1.,0.707106781186548,1.,1.,1.,0.707106781186548,
1.),(1.,1.,1.,0.707106781186548,1.,1.,1.,0.707106781186548,1.)))
REPRESENTATION_ITEM('')
SURFACE()
);
#160=(
BOUNDED_SURFACE()
B_SPLINE_SURFACE(1,2,((#6039,#6040,#6041,#6042,#6043,#6044,#6045,#6046,
#6047),(#6048,#6049,#6050,#6051,#6052,#6053,#6054,#6055,#6056)),
 .UNSPECIFIED.,.F.,.F.,.F.)
B_SPLINE_SURFACE_WITH_KNOTS((2,2),(3,2,2,2,3),(0.,7.18604806304404),(-24.497635247396,
-17.9035575208949,-16.8040000921384,-13.3483750524544,-12.248817623698),
 .UNSPECIFIED.)
GEOMETRIC_REPRESENTATION_ITEM()
RATIONAL_B_SPLINE_SURFACE(((1.,1.,1.,0.707106781186549,1.,1.,1.,0.707106781186547,
1.),(1.,1.,1.,0.707106781186549,1.,1.,1.,0.707106781186547,1.)))
REPRESENTATION_ITEM('')
SURFACE()
);
#161=(
BOUNDED_SURFACE()
B_SPLINE_SURFACE(1,2,((#6540,#6541,#6542,#6543,#6544,#6545,#6546,#6547,
#6548),(#6549,#6550,#6551,#6552,#6553,#6554,#6555,#6556,#6557)),
 .UNSPECIFIED.,.F.,.F.,.F.)
B_SPLINE_SURFACE_WITH_KNOTS((2,2),(3,2,2,2,3),(0.,7.18604806304404),(12.248817623698,
13.3483750524544,16.8040000921384,17.9035575208949,24.497635247396),
 .UNSPECIFIED.)
GEOMETRIC_REPRESENTATION_ITEM()
RATIONAL_B_SPLINE_SURFACE(((1.,0.707106781186547,1.,1.,1.,0.707106781186549,
1.,1.,1.),(1.,0.707106781186547,1.,1.,1.,0.707106781186549,1.,1.,1.)))
REPRESENTATION_ITEM('')
SURFACE()
);
#162=(
BOUNDED_SURFACE()
B_SPLINE_SURFACE(1,2,((#6560,#6561,#6562,#6563,#6564,#6565,#6566,#6567,
#6568),(#6569,#6570,#6571,#6572,#6573,#6574,#6575,#6576,#6577)),
 .UNSPECIFIED.,.F.,.F.,.F.)
B_SPLINE_SURFACE_WITH_KNOTS((2,2),(3,2,2,2,3),(0.,7.18604806304404),(0.,
1.09955742875643,4.55518246844041,5.65473989719684,12.248817623698),
 .UNSPECIFIED.)
GEOMETRIC_REPRESENTATION_ITEM()
RATIONAL_B_SPLINE_SURFACE(((1.,0.707106781186548,1.,1.,1.,0.707106781186548,
1.,1.,1.),(1.,0.707106781186548,1.,1.,1.,0.707106781186548,1.,1.,1.)))
REPRESENTATION_ITEM('')
SURFACE()
);
#163=(
BOUNDED_SURFACE()
B_SPLINE_SURFACE(2,1,((#6578,#6579),(#6580,#6581),(#6582,#6583),(#6584,
#6585),(#6586,#6587),(#6588,#6589),(#6590,#6591),(#6592,#6593),(#6594,#6595)),
 .UNSPECIFIED.,.F.,.F.,.F.)
B_SPLINE_SURFACE_WITH_KNOTS((3,2,2,2,3),(2,2),(-24.497635247396,-17.9035575208949,
-16.8040000921384,-13.3483750524544,-12.248817623698),(0.,0.888),
 .UNSPECIFIED.)
GEOMETRIC_REPRESENTATION_ITEM()
RATIONAL_B_SPLINE_SURFACE(((1.,1.),(1.,1.),(1.,1.),(0.707106781186549,0.707106781186549),
(1.,1.),(1.,1.),(1.,1.),(0.707106781186547,0.707106781186547),(1.,1.)))
REPRESENTATION_ITEM('')
SURFACE()
);
#164=(
BOUNDED_SURFACE()
B_SPLINE_SURFACE(2,1,((#6708,#6709),(#6710,#6711),(#6712,#6713),(#6714,
#6715),(#6716,#6717),(#6718,#6719),(#6720,#6721),(#6722,#6723),(#6724,#6725)),
 .UNSPECIFIED.,.F.,.F.,.F.)
B_SPLINE_SURFACE_WITH_KNOTS((3,2,2,2,3),(2,2),(-12.248817623698,-5.65473989719684,
-4.55518246844041,-1.09955742875643,0.),(0.,0.888),.UNSPECIFIED.)
GEOMETRIC_REPRESENTATION_ITEM()
RATIONAL_B_SPLINE_SURFACE(((1.,1.),(1.,1.),(1.,1.),(0.707106781186548,0.707106781186548),
(1.,1.),(1.,1.),(1.,1.),(0.707106781186548,0.707106781186548),(1.,1.)))
REPRESENTATION_ITEM('')
SURFACE()
);
#165=MANIFOLD_SOLID_BREP('Body1',#3686);
#166=MANIFOLD_SOLID_BREP('Body2',#3687);
#167=MANIFOLD_SOLID_BREP('Body4',#3688);
#168=MANIFOLD_SOLID_BREP('Body5',#3689);
#169=MANIFOLD_SOLID_BREP('Body6',#3690);
#170=MANIFOLD_SOLID_BREP('Body7',#3691);
#171=MANIFOLD_SOLID_BREP('Body8',#3692);
#172=MANIFOLD_SOLID_BREP('Body9',#3693);
#173=MANIFOLD_SOLID_BREP('Body11',#3694);
#174=MANIFOLD_SOLID_BREP('Body15',#3695);
#175=MANIFOLD_SOLID_BREP('Body16',#3696);
#176=MANIFOLD_SOLID_BREP('Body17',#3697);
#177=MANIFOLD_SOLID_BREP('Body19',#3698);
#178=B_SPLINE_SURFACE_WITH_KNOTS('',2,1,((#4957,#4958),(#4959,#4960),(#4961,
#4962),(#4963,#4964),(#4965,#4966),(#4967,#4968),(#4969,#4970),(#4971,#4972),
(#4973,#4974),(#4975,#4976),(#4977,#4978),(#4979,#4980),(#4981,#4982)),
 .UNSPECIFIED.,.F.,.F.,.F.,(3,2,2,2,2,2,3),(2,2),(24.,25.,26.,27.,28.,29.,
30.),(0.,0.012),.UNSPECIFIED.);
#179=B_SPLINE_SURFACE_WITH_KNOTS('',2,1,((#5006,#5007),(#5008,#5009),(#5010,
#5011),(#5012,#5013),(#5014,#5015),(#5016,#5017),(#5018,#5019),(#5020,#5021),
(#5022,#5023),(#5024,#5025),(#5026,#5027),(#5028,#5029),(#5030,#5031),(#5032,
#5033),(#5034,#5035)),.UNSPECIFIED.,.F.,.F.,.F.,(3,2,2,2,2,2,2,3),(2,2),
(17.,18.,19.,20.,21.,22.,23.,24.),(0.,0.012),.UNSPECIFIED.);
#180=B_SPLINE_SURFACE_WITH_KNOTS('',2,1,((#5064,#5065),(#5066,#5067),(#5068,
#5069),(#5070,#5071),(#5072,#5073),(#5074,#5075),(#5076,#5077),(#5078,#5079),
(#5080,#5081),(#5082,#5083),(#5084,#5085),(#5086,#5087),(#5088,#5089),(#5090,
#5091),(#5092,#5093)),.UNSPECIFIED.,.F.,.F.,.F.,(3,2,2,2,2,2,2,3),(2,2),
(9.,10.,11.,12.,13.,14.,15.,16.),(0.,0.012),.UNSPECIFIED.);
#181=B_SPLINE_SURFACE_WITH_KNOTS('',2,1,((#5122,#5123),(#5124,#5125),(#5126,
#5127),(#5128,#5129),(#5130,#5131),(#5132,#5133),(#5134,#5135),(#5136,#5137),
(#5138,#5139),(#5140,#5141),(#5142,#5143),(#5144,#5145),(#5146,#5147),(#5148,
#5149),(#5150,#5151)),.UNSPECIFIED.,.F.,.F.,.F.,(3,2,2,2,2,2,2,3),(2,2),
(1.,2.,3.,4.,5.,6.,7.,8.),(0.,0.012),.UNSPECIFIED.);
#182=B_SPLINE_SURFACE_WITH_KNOTS('',2,1,((#5412,#5413),(#5414,#5415),(#5416,
#5417)),.UNSPECIFIED.,.F.,.F.,.F.,(3,3),(2,2),(7.,8.),(0.,0.012),
 .UNSPECIFIED.);
#183=B_SPLINE_SURFACE_WITH_KNOTS('',2,1,((#5425,#5426),(#5427,#5428),(#5429,
#5430),(#5431,#5432),(#5433,#5434),(#5435,#5436),(#5437,#5438),(#5439,#5440),
(#5441,#5442),(#5443,#5444),(#5445,#5446),(#5447,#5448),(#5449,#5450),(#5451,
#5452),(#5453,#5454)),.UNSPECIFIED.,.F.,.F.,.F.,(3,2,2,2,2,2,2,3),(2,2),
(0.,1.,2.,3.,4.,5.,6.,7.),(0.,0.012),.UNSPECIFIED.);
#184=B_SPLINE_SURFACE_WITH_KNOTS('',2,1,((#5477,#5478),(#5479,#5480),(#5481,
#5482)),.UNSPECIFIED.,.F.,.F.,.F.,(3,3),(2,2),(11.,12.),(0.,0.012),
 .UNSPECIFIED.);
#185=B_SPLINE_SURFACE_WITH_KNOTS('',2,1,((#5490,#5491),(#5492,#5493),(#5494,
#5495),(#5496,#5497),(#5498,#5499),(#5500,#5501),(#5502,#5503),(#5504,#5505),
(#5506,#5507),(#5508,#5509),(#5510,#5511),(#5512,#5513),(#5514,#5515),(#5516,
#5517),(#5518,#5519),(#5520,#5521),(#5522,#5523),(#5524,#5525),(#5526,#5527),
(#5528,#5529),(#5530,#5531),(#5532,#5533),(#5534,#5535)),.UNSPECIFIED.,
 .F.,.F.,.F.,(3,2,2,2,2,2,2,2,2,2,2,3),(2,2),(0.,1.,2.,3.,4.,5.,6.,7.,8.,
9.,10.,11.),(0.,0.012),.UNSPECIFIED.);
#186=FACE_OUTER_BOUND('',#380,.T.);
#187=FACE_OUTER_BOUND('',#381,.T.);
#188=FACE_OUTER_BOUND('',#382,.T.);
#189=FACE_OUTER_BOUND('',#383,.T.);
#190=FACE_OUTER_BOUND('',#384,.T.);
#191=FACE_OUTER_BOUND('',#385,.T.);
#192=FACE_OUTER_BOUND('',#386,.T.);
#193=FACE_OUTER_BOUND('',#387,.T.);
#194=FACE_OUTER_BOUND('',#388,.T.);
#195=FACE_OUTER_BOUND('',#389,.T.);
#196=FACE_OUTER_BOUND('',#390,.T.);
#197=FACE_OUTER_BOUND('',#392,.T.);
#198=FACE_OUTER_BOUND('',#393,.T.);
#199=FACE_OUTER_BOUND('',#395,.T.);
#200=FACE_OUTER_BOUND('',#396,.T.);
#201=FACE_OUTER_BOUND('',#397,.T.);
#202=FACE_OUTER_BOUND('',#398,.T.);
#203=FACE_OUTER_BOUND('',#399,.T.);
#204=FACE_OUTER_BOUND('',#400,.T.);
#205=FACE_OUTER_BOUND('',#402,.T.);
#206=FACE_OUTER_BOUND('',#403,.T.);
#207=FACE_OUTER_BOUND('',#404,.T.);
#208=FACE_OUTER_BOUND('',#405,.T.);
#209=FACE_OUTER_BOUND('',#406,.T.);
#210=FACE_OUTER_BOUND('',#408,.T.);
#211=FACE_OUTER_BOUND('',#410,.T.);
#212=FACE_OUTER_BOUND('',#411,.T.);
#213=FACE_OUTER_BOUND('',#412,.T.);
#214=FACE_OUTER_BOUND('',#413,.T.);
#215=FACE_OUTER_BOUND('',#414,.T.);
#216=FACE_OUTER_BOUND('',#415,.T.);
#217=FACE_OUTER_BOUND('',#416,.T.);
#218=FACE_OUTER_BOUND('',#417,.T.);
#219=FACE_OUTER_BOUND('',#418,.T.);
#220=FACE_OUTER_BOUND('',#419,.T.);
#221=FACE_OUTER_BOUND('',#420,.T.);
#222=FACE_OUTER_BOUND('',#421,.T.);
#223=FACE_OUTER_BOUND('',#422,.T.);
#224=FACE_OUTER_BOUND('',#423,.T.);
#225=FACE_OUTER_BOUND('',#424,.T.);
#226=FACE_OUTER_BOUND('',#426,.T.);
#227=FACE_OUTER_BOUND('',#427,.T.);
#228=FACE_OUTER_BOUND('',#428,.T.);
#229=FACE_OUTER_BOUND('',#429,.T.);
#230=FACE_OUTER_BOUND('',#430,.T.);
#231=FACE_OUTER_BOUND('',#432,.T.);
#232=FACE_OUTER_BOUND('',#433,.T.);
#233=FACE_OUTER_BOUND('',#435,.T.);
#234=FACE_OUTER_BOUND('',#436,.T.);
#235=FACE_OUTER_BOUND('',#437,.T.);
#236=FACE_OUTER_BOUND('',#438,.T.);
#237=FACE_OUTER_BOUND('',#439,.T.);
#238=FACE_OUTER_BOUND('',#441,.T.);
#239=FACE_OUTER_BOUND('',#443,.T.);
#240=FACE_OUTER_BOUND('',#444,.T.);
#241=FACE_OUTER_BOUND('',#445,.T.);
#242=FACE_OUTER_BOUND('',#446,.T.);
#243=FACE_OUTER_BOUND('',#447,.T.);
#244=FACE_OUTER_BOUND('',#448,.T.);
#245=FACE_OUTER_BOUND('',#450,.T.);
#246=FACE_OUTER_BOUND('',#451,.T.);
#247=FACE_OUTER_BOUND('',#452,.T.);
#248=FACE_OUTER_BOUND('',#453,.T.);
#249=FACE_OUTER_BOUND('',#454,.T.);
#250=FACE_OUTER_BOUND('',#455,.T.);
#251=FACE_OUTER_BOUND('',#456,.T.);
#252=FACE_OUTER_BOUND('',#457,.T.);
#253=FACE_OUTER_BOUND('',#458,.T.);
#254=FACE_OUTER_BOUND('',#459,.T.);
#255=FACE_OUTER_BOUND('',#460,.T.);
#256=FACE_OUTER_BOUND('',#461,.T.);
#257=FACE_OUTER_BOUND('',#462,.T.);
#258=FACE_OUTER_BOUND('',#463,.T.);
#259=FACE_OUTER_BOUND('',#464,.T.);
#260=FACE_OUTER_BOUND('',#465,.T.);
#261=FACE_OUTER_BOUND('',#466,.T.);
#262=FACE_OUTER_BOUND('',#467,.T.);
#263=FACE_OUTER_BOUND('',#468,.T.);
#264=FACE_OUTER_BOUND('',#469,.T.);
#265=FACE_OUTER_BOUND('',#470,.T.);
#266=FACE_OUTER_BOUND('',#471,.T.);
#267=FACE_OUTER_BOUND('',#472,.T.);
#268=FACE_OUTER_BOUND('',#473,.T.);
#269=FACE_OUTER_BOUND('',#475,.T.);
#270=FACE_OUTER_BOUND('',#476,.T.);
#271=FACE_OUTER_BOUND('',#477,.T.);
#272=FACE_OUTER_BOUND('',#478,.T.);
#273=FACE_OUTER_BOUND('',#479,.T.);
#274=FACE_OUTER_BOUND('',#480,.T.);
#275=FACE_OUTER_BOUND('',#481,.T.);
#276=FACE_OUTER_BOUND('',#482,.T.);
#277=FACE_OUTER_BOUND('',#483,.T.);
#278=FACE_OUTER_BOUND('',#484,.T.);
#279=FACE_OUTER_BOUND('',#485,.T.);
#280=FACE_OUTER_BOUND('',#486,.T.);
#281=FACE_OUTER_BOUND('',#487,.T.);
#282=FACE_OUTER_BOUND('',#488,.T.);
#283=FACE_OUTER_BOUND('',#489,.T.);
#284=FACE_OUTER_BOUND('',#490,.T.);
#285=FACE_OUTER_BOUND('',#491,.T.);
#286=FACE_OUTER_BOUND('',#492,.T.);
#287=FACE_OUTER_BOUND('',#493,.T.);
#288=FACE_OUTER_BOUND('',#494,.T.);
#289=FACE_OUTER_BOUND('',#495,.T.);
#290=FACE_OUTER_BOUND('',#496,.T.);
#291=FACE_OUTER_BOUND('',#497,.T.);
#292=FACE_OUTER_BOUND('',#498,.T.);
#293=FACE_OUTER_BOUND('',#499,.T.);
#294=FACE_OUTER_BOUND('',#500,.T.);
#295=FACE_OUTER_BOUND('',#501,.T.);
#296=FACE_OUTER_BOUND('',#502,.T.);
#297=FACE_OUTER_BOUND('',#503,.T.);
#298=FACE_OUTER_BOUND('',#504,.T.);
#299=FACE_OUTER_BOUND('',#505,.T.);
#300=FACE_OUTER_BOUND('',#506,.T.);
#301=FACE_OUTER_BOUND('',#507,.T.);
#302=FACE_OUTER_BOUND('',#508,.T.);
#303=FACE_OUTER_BOUND('',#509,.T.);
#304=FACE_OUTER_BOUND('',#510,.T.);
#305=FACE_OUTER_BOUND('',#511,.T.);
#306=FACE_OUTER_BOUND('',#512,.T.);
#307=FACE_OUTER_BOUND('',#513,.T.);
#308=FACE_OUTER_BOUND('',#514,.T.);
#309=FACE_OUTER_BOUND('',#515,.T.);
#310=FACE_OUTER_BOUND('',#516,.T.);
#311=FACE_OUTER_BOUND('',#517,.T.);
#312=FACE_OUTER_BOUND('',#518,.T.);
#313=FACE_OUTER_BOUND('',#519,.T.);
#314=FACE_OUTER_BOUND('',#520,.T.);
#315=FACE_OUTER_BOUND('',#521,.T.);
#316=FACE_OUTER_BOUND('',#522,.T.);
#317=FACE_OUTER_BOUND('',#523,.T.);
#318=FACE_OUTER_BOUND('',#524,.T.);
#319=FACE_OUTER_BOUND('',#525,.T.);
#320=FACE_OUTER_BOUND('',#526,.T.);
#321=FACE_OUTER_BOUND('',#527,.T.);
#322=FACE_OUTER_BOUND('',#528,.T.);
#323=FACE_OUTER_BOUND('',#529,.T.);
#324=FACE_OUTER_BOUND('',#530,.T.);
#325=FACE_OUTER_BOUND('',#531,.T.);
#326=FACE_OUTER_BOUND('',#532,.T.);
#327=FACE_OUTER_BOUND('',#533,.T.);
#328=FACE_OUTER_BOUND('',#534,.T.);
#329=FACE_OUTER_BOUND('',#535,.T.);
#330=FACE_OUTER_BOUND('',#536,.T.);
#331=FACE_OUTER_BOUND('',#537,.T.);
#332=FACE_OUTER_BOUND('',#538,.T.);
#333=FACE_OUTER_BOUND('',#539,.T.);
#334=FACE_OUTER_BOUND('',#540,.T.);
#335=FACE_OUTER_BOUND('',#541,.T.);
#336=FACE_OUTER_BOUND('',#542,.T.);
#337=FACE_OUTER_BOUND('',#543,.T.);
#338=FACE_OUTER_BOUND('',#544,.T.);
#339=FACE_OUTER_BOUND('',#545,.T.);
#340=FACE_OUTER_BOUND('',#546,.T.);
#341=FACE_OUTER_BOUND('',#547,.T.);
#342=FACE_OUTER_BOUND('',#548,.T.);
#343=FACE_OUTER_BOUND('',#549,.T.);
#344=FACE_OUTER_BOUND('',#550,.T.);
#345=FACE_OUTER_BOUND('',#551,.T.);
#346=FACE_OUTER_BOUND('',#552,.T.);
#347=FACE_OUTER_BOUND('',#553,.T.);
#348=FACE_OUTER_BOUND('',#554,.T.);
#349=FACE_OUTER_BOUND('',#555,.T.);
#350=FACE_OUTER_BOUND('',#556,.T.);
#351=FACE_OUTER_BOUND('',#557,.T.);
#352=FACE_OUTER_BOUND('',#558,.T.);
#353=FACE_OUTER_BOUND('',#559,.T.);
#354=FACE_OUTER_BOUND('',#560,.T.);
#355=FACE_OUTER_BOUND('',#561,.T.);
#356=FACE_OUTER_BOUND('',#562,.T.);
#357=FACE_OUTER_BOUND('',#563,.T.);
#358=FACE_OUTER_BOUND('',#564,.T.);
#359=FACE_OUTER_BOUND('',#565,.T.);
#360=FACE_OUTER_BOUND('',#566,.T.);
#361=FACE_OUTER_BOUND('',#567,.T.);
#362=FACE_OUTER_BOUND('',#568,.T.);
#363=FACE_OUTER_BOUND('',#569,.T.);
#364=FACE_OUTER_BOUND('',#570,.T.);
#365=FACE_OUTER_BOUND('',#571,.T.);
#366=FACE_OUTER_BOUND('',#572,.T.);
#367=FACE_OUTER_BOUND('',#573,.T.);
#368=FACE_OUTER_BOUND('',#574,.T.);
#369=FACE_OUTER_BOUND('',#575,.T.);
#370=FACE_OUTER_BOUND('',#576,.T.);
#371=FACE_OUTER_BOUND('',#577,.T.);
#372=FACE_OUTER_BOUND('',#578,.T.);
#373=FACE_OUTER_BOUND('',#579,.T.);
#374=FACE_OUTER_BOUND('',#580,.T.);
#375=FACE_OUTER_BOUND('',#581,.T.);
#376=FACE_OUTER_BOUND('',#582,.T.);
#377=FACE_OUTER_BOUND('',#583,.T.);
#378=FACE_OUTER_BOUND('',#584,.T.);
#379=FACE_OUTER_BOUND('',#585,.T.);
#380=EDGE_LOOP('',(#2205,#2206,#2207,#2208,#2209,#2210,#2211));
#381=EDGE_LOOP('',(#2212,#2213,#2214,#2215));
#382=EDGE_LOOP('',(#2216,#2217,#2218,#2219));
#383=EDGE_LOOP('',(#2220,#2221,#2222,#2223));
#384=EDGE_LOOP('',(#2224,#2225,#2226,#2227));
#385=EDGE_LOOP('',(#2228,#2229,#2230,#2231));
#386=EDGE_LOOP('',(#2232,#2233,#2234,#2235));
#387=EDGE_LOOP('',(#2236,#2237,#2238,#2239));
#388=EDGE_LOOP('',(#2240,#2241,#2242,#2243,#2244,#2245,#2246));
#389=EDGE_LOOP('',(#2247,#2248,#2249,#2250));
#390=EDGE_LOOP('',(#2251,#2252));
#391=EDGE_LOOP('',(#2253,#2254));
#392=EDGE_LOOP('',(#2255,#2256,#2257,#2258));
#393=EDGE_LOOP('',(#2259,#2260));
#394=EDGE_LOOP('',(#2261,#2262));
#395=EDGE_LOOP('',(#2263,#2264,#2265,#2266));
#396=EDGE_LOOP('',(#2267,#2268,#2269,#2270));
#397=EDGE_LOOP('',(#2271,#2272,#2273,#2274));
#398=EDGE_LOOP('',(#2275));
#399=EDGE_LOOP('',(#2276));
#400=EDGE_LOOP('',(#2277,#2278));
#401=EDGE_LOOP('',(#2279,#2280));
#402=EDGE_LOOP('',(#2281,#2282,#2283,#2284));
#403=EDGE_LOOP('',(#2285,#2286,#2287,#2288));
#404=EDGE_LOOP('',(#2289,#2290,#2291,#2292));
#405=EDGE_LOOP('',(#2293,#2294,#2295,#2296));
#406=EDGE_LOOP('',(#2297,#2298));
#407=EDGE_LOOP('',(#2299,#2300));
#408=EDGE_LOOP('',(#2301,#2302,#2303,#2304,#2305,#2306,#2307,#2308,#2309,
#2310,#2311));
#409=EDGE_LOOP('',(#2312,#2313,#2314));
#410=EDGE_LOOP('',(#2315,#2316,#2317,#2318));
#411=EDGE_LOOP('',(#2319,#2320,#2321,#2322));
#412=EDGE_LOOP('',(#2323,#2324,#2325,#2326));
#413=EDGE_LOOP('',(#2327,#2328,#2329,#2330));
#414=EDGE_LOOP('',(#2331,#2332,#2333,#2334));
#415=EDGE_LOOP('',(#2335,#2336,#2337,#2338));
#416=EDGE_LOOP('',(#2339,#2340,#2341,#2342));
#417=EDGE_LOOP('',(#2343,#2344,#2345,#2346));
#418=EDGE_LOOP('',(#2347,#2348,#2349,#2350));
#419=EDGE_LOOP('',(#2351,#2352,#2353,#2354));
#420=EDGE_LOOP('',(#2355,#2356,#2357,#2358));
#421=EDGE_LOOP('',(#2359,#2360,#2361,#2362));
#422=EDGE_LOOP('',(#2363,#2364,#2365,#2366));
#423=EDGE_LOOP('',(#2367,#2368,#2369,#2370));
#424=EDGE_LOOP('',(#2371,#2372,#2373,#2374,#2375,#2376,#2377,#2378,#2379,
#2380,#2381));
#425=EDGE_LOOP('',(#2382,#2383,#2384));
#426=EDGE_LOOP('',(#2385,#2386,#2387,#2388));
#427=EDGE_LOOP('',(#2389));
#428=EDGE_LOOP('',(#2390));
#429=EDGE_LOOP('',(#2391,#2392,#2393,#2394));
#430=EDGE_LOOP('',(#2395,#2396));
#431=EDGE_LOOP('',(#2397,#2398));
#432=EDGE_LOOP('',(#2399,#2400,#2401,#2402));
#433=EDGE_LOOP('',(#2403,#2404));
#434=EDGE_LOOP('',(#2405,#2406));
#435=EDGE_LOOP('',(#2407,#2408,#2409,#2410));
#436=EDGE_LOOP('',(#2411,#2412,#2413,#2414));
#437=EDGE_LOOP('',(#2415,#2416,#2417,#2418));
#438=EDGE_LOOP('',(#2419,#2420,#2421,#2422));
#439=EDGE_LOOP('',(#2423,#2424));
#440=EDGE_LOOP('',(#2425,#2426,#2427,#2428));
#441=EDGE_LOOP('',(#2429,#2430));
#442=EDGE_LOOP('',(#2431,#2432,#2433,#2434));
#443=EDGE_LOOP('',(#2435,#2436,#2437,#2438));
#444=EDGE_LOOP('',(#2439,#2440,#2441,#2442));
#445=EDGE_LOOP('',(#2443,#2444,#2445,#2446));
#446=EDGE_LOOP('',(#2447,#2448,#2449,#2450));
#447=EDGE_LOOP('',(#2451,#2452,#2453,#2454));
#448=EDGE_LOOP('',(#2455,#2456,#2457,#2458,#2459,#2460,#2461,#2462,#2463,
#2464,#2465,#2466,#2467,#2468,#2469,#2470,#2471,#2472,#2473,#2474,#2475,
#2476,#2477,#2478,#2479,#2480,#2481,#2482,#2483,#2484,#2485,#2486,#2487,
#2488,#2489,#2490,#2491,#2492,#2493,#2494,#2495,#2496,#2497,#2498,#2499,
#2500,#2501,#2502,#2503,#2504,#2505,#2506,#2507,#2508,#2509,#2510,#2511,
#2512,#2513,#2514,#2515,#2516,#2517,#2518));
#449=EDGE_LOOP('',(#2519,#2520,#2521,#2522));
#450=EDGE_LOOP('',(#2523,#2524,#2525,#2526,#2527,#2528));
#451=EDGE_LOOP('',(#2529,#2530,#2531,#2532));
#452=EDGE_LOOP('',(#2533,#2534,#2535,#2536,#2537,#2538));
#453=EDGE_LOOP('',(#2539,#2540));
#454=EDGE_LOOP('',(#2541,#2542,#2543,#2544));
#455=EDGE_LOOP('',(#2545,#2546,#2547,#2548,#2549,#2550,#2551,#2552,#2553,
#2554,#2555,#2556,#2557,#2558,#2559,#2560));
#456=EDGE_LOOP('',(#2561,#2562,#2563,#2564));
#457=EDGE_LOOP('',(#2565,#2566,#2567,#2568,#2569,#2570,#2571,#2572,#2573,
#2574,#2575,#2576));
#458=EDGE_LOOP('',(#2577,#2578,#2579,#2580));
#459=EDGE_LOOP('',(#2581,#2582,#2583,#2584));
#460=EDGE_LOOP('',(#2585,#2586,#2587,#2588));
#461=EDGE_LOOP('',(#2589,#2590,#2591,#2592));
#462=EDGE_LOOP('',(#2593,#2594,#2595,#2596));
#463=EDGE_LOOP('',(#2597,#2598));
#464=EDGE_LOOP('',(#2599,#2600,#2601,#2602,#2603,#2604,#2605,#2606,#2607,
#2608,#2609,#2610,#2611,#2612,#2613,#2614,#2615,#2616,#2617,#2618,#2619,
#2620,#2621,#2622,#2623,#2624,#2625,#2626,#2627,#2628));
#465=EDGE_LOOP('',(#2629,#2630,#2631,#2632));
#466=EDGE_LOOP('',(#2633,#2634,#2635,#2636));
#467=EDGE_LOOP('',(#2637,#2638,#2639,#2640));
#468=EDGE_LOOP('',(#2641,#2642,#2643,#2644,#2645,#2646,#2647,#2648,#2649,
#2650,#2651,#2652,#2653,#2654,#2655,#2656,#2657,#2658,#2659,#2660,#2661,
#2662,#2663,#2664,#2665,#2666,#2667,#2668,#2669,#2670));
#469=EDGE_LOOP('',(#2671,#2672,#2673,#2674));
#470=EDGE_LOOP('',(#2675,#2676,#2677,#2678));
#471=EDGE_LOOP('',(#2679,#2680,#2681,#2682));
#472=EDGE_LOOP('',(#2683,#2684,#2685,#2686));
#473=EDGE_LOOP('',(#2687,#2688,#2689,#2690,#2691,#2692,#2693,#2694));
#474=EDGE_LOOP('',(#2695,#2696,#2697,#2698));
#475=EDGE_LOOP('',(#2699,#2700,#2701,#2702));
#476=EDGE_LOOP('',(#2703,#2704,#2705,#2706));
#477=EDGE_LOOP('',(#2707,#2708,#2709,#2710));
#478=EDGE_LOOP('',(#2711,#2712,#2713,#2714));
#479=EDGE_LOOP('',(#2715,#2716,#2717,#2718));
#480=EDGE_LOOP('',(#2719,#2720,#2721,#2722));
#481=EDGE_LOOP('',(#2723,#2724,#2725,#2726));
#482=EDGE_LOOP('',(#2727,#2728,#2729,#2730,#2731,#2732,#2733,#2734,#2735));
#483=EDGE_LOOP('',(#2736,#2737,#2738,#2739));
#484=EDGE_LOOP('',(#2740,#2741,#2742,#2743));
#485=EDGE_LOOP('',(#2744,#2745,#2746,#2747));
#486=EDGE_LOOP('',(#2748,#2749,#2750,#2751,#2752,#2753,#2754,#2755,#2756));
#487=EDGE_LOOP('',(#2757,#2758,#2759,#2760));
#488=EDGE_LOOP('',(#2761,#2762,#2763,#2764));
#489=EDGE_LOOP('',(#2765,#2766,#2767,#2768));
#490=EDGE_LOOP('',(#2769,#2770,#2771,#2772));
#491=EDGE_LOOP('',(#2773,#2774,#2775,#2776));
#492=EDGE_LOOP('',(#2777,#2778,#2779,#2780));
#493=EDGE_LOOP('',(#2781,#2782,#2783,#2784));
#494=EDGE_LOOP('',(#2785,#2786,#2787,#2788));
#495=EDGE_LOOP('',(#2789,#2790,#2791,#2792));
#496=EDGE_LOOP('',(#2793,#2794,#2795,#2796,#2797,#2798));
#497=EDGE_LOOP('',(#2799,#2800,#2801,#2802,#2803,#2804));
#498=EDGE_LOOP('',(#2805,#2806,#2807,#2808));
#499=EDGE_LOOP('',(#2809,#2810,#2811,#2812,#2813,#2814));
#500=EDGE_LOOP('',(#2815,#2816,#2817,#2818));
#501=EDGE_LOOP('',(#2819,#2820,#2821,#2822));
#502=EDGE_LOOP('',(#2823,#2824,#2825,#2826));
#503=EDGE_LOOP('',(#2827,#2828,#2829,#2830));
#504=EDGE_LOOP('',(#2831,#2832,#2833,#2834));
#505=EDGE_LOOP('',(#2835,#2836,#2837,#2838));
#506=EDGE_LOOP('',(#2839,#2840,#2841,#2842));
#507=EDGE_LOOP('',(#2843,#2844,#2845,#2846));
#508=EDGE_LOOP('',(#2847,#2848,#2849,#2850));
#509=EDGE_LOOP('',(#2851,#2852,#2853,#2854));
#510=EDGE_LOOP('',(#2855,#2856,#2857,#2858));
#511=EDGE_LOOP('',(#2859,#2860,#2861,#2862));
#512=EDGE_LOOP('',(#2863,#2864,#2865,#2866));
#513=EDGE_LOOP('',(#2867,#2868,#2869,#2870));
#514=EDGE_LOOP('',(#2871,#2872,#2873,#2874));
#515=EDGE_LOOP('',(#2875,#2876,#2877,#2878));
#516=EDGE_LOOP('',(#2879,#2880,#2881,#2882));
#517=EDGE_LOOP('',(#2883,#2884,#2885,#2886));
#518=EDGE_LOOP('',(#2887,#2888,#2889,#2890));
#519=EDGE_LOOP('',(#2891,#2892,#2893,#2894));
#520=EDGE_LOOP('',(#2895,#2896,#2897,#2898));
#521=EDGE_LOOP('',(#2899,#2900,#2901,#2902));
#522=EDGE_LOOP('',(#2903,#2904,#2905,#2906));
#523=EDGE_LOOP('',(#2907,#2908,#2909,#2910));
#524=EDGE_LOOP('',(#2911,#2912,#2913,#2914));
#525=EDGE_LOOP('',(#2915,#2916,#2917,#2918));
#526=EDGE_LOOP('',(#2919,#2920,#2921,#2922));
#527=EDGE_LOOP('',(#2923,#2924,#2925,#2926));
#528=EDGE_LOOP('',(#2927,#2928,#2929,#2930));
#529=EDGE_LOOP('',(#2931,#2932,#2933,#2934));
#530=EDGE_LOOP('',(#2935,#2936,#2937,#2938));
#531=EDGE_LOOP('',(#2939,#2940,#2941,#2942));
#532=EDGE_LOOP('',(#2943,#2944,#2945,#2946));
#533=EDGE_LOOP('',(#2947,#2948,#2949,#2950));
#534=EDGE_LOOP('',(#2951,#2952,#2953,#2954));
#535=EDGE_LOOP('',(#2955,#2956,#2957,#2958));
#536=EDGE_LOOP('',(#2959,#2960,#2961,#2962));
#537=EDGE_LOOP('',(#2963,#2964,#2965,#2966));
#538=EDGE_LOOP('',(#2967,#2968,#2969,#2970));
#539=EDGE_LOOP('',(#2971,#2972,#2973,#2974));
#540=EDGE_LOOP('',(#2975,#2976,#2977,#2978));
#541=EDGE_LOOP('',(#2979,#2980,#2981,#2982));
#542=EDGE_LOOP('',(#2983));
#543=EDGE_LOOP('',(#2984));
#544=EDGE_LOOP('',(#2985,#2986,#2987,#2988,#2989,#2990,#2991,#2992));
#545=EDGE_LOOP('',(#2993,#2994,#2995,#2996));
#546=EDGE_LOOP('',(#2997,#2998,#2999,#3000));
#547=EDGE_LOOP('',(#3001,#3002,#3003,#3004));
#548=EDGE_LOOP('',(#3005,#3006,#3007,#3008));
#549=EDGE_LOOP('',(#3009,#3010,#3011,#3012));
#550=EDGE_LOOP('',(#3013,#3014,#3015,#3016));
#551=EDGE_LOOP('',(#3017,#3018,#3019,#3020));
#552=EDGE_LOOP('',(#3021,#3022,#3023,#3024));
#553=EDGE_LOOP('',(#3025,#3026,#3027,#3028,#3029,#3030,#3031,#3032));
#554=EDGE_LOOP('',(#3033,#3034,#3035,#3036));
#555=EDGE_LOOP('',(#3037,#3038,#3039,#3040,#3041,#3042,#3043,#3044,#3045,
#3046,#3047,#3048,#3049,#3050));
#556=EDGE_LOOP('',(#3051,#3052,#3053,#3054));
#557=EDGE_LOOP('',(#3055,#3056,#3057,#3058,#3059,#3060,#3061,#3062,#3063,
#3064,#3065,#3066,#3067,#3068));
#558=EDGE_LOOP('',(#3069,#3070,#3071,#3072));
#559=EDGE_LOOP('',(#3073,#3074,#3075,#3076));
#560=EDGE_LOOP('',(#3077,#3078,#3079,#3080));
#561=EDGE_LOOP('',(#3081,#3082,#3083,#3084));
#562=EDGE_LOOP('',(#3085,#3086,#3087,#3088));
#563=EDGE_LOOP('',(#3089,#3090,#3091,#3092));
#564=EDGE_LOOP('',(#3093,#3094,#3095,#3096));
#565=EDGE_LOOP('',(#3097,#3098,#3099,#3100));
#566=EDGE_LOOP('',(#3101,#3102,#3103,#3104));
#567=EDGE_LOOP('',(#3105,#3106,#3107,#3108));
#568=EDGE_LOOP('',(#3109,#3110,#3111,#3112));
#569=EDGE_LOOP('',(#3113,#3114,#3115,#3116));
#570=EDGE_LOOP('',(#3117,#3118,#3119,#3120));
#571=EDGE_LOOP('',(#3121,#3122,#3123,#3124));
#572=EDGE_LOOP('',(#3125,#3126,#3127,#3128,#3129,#3130,#3131,#3132,#3133,
#3134,#3135,#3136,#3137,#3138));
#573=EDGE_LOOP('',(#3139,#3140,#3141,#3142));
#574=EDGE_LOOP('',(#3143,#3144,#3145,#3146,#3147,#3148,#3149,#3150,#3151,
#3152,#3153,#3154,#3155,#3156));
#575=EDGE_LOOP('',(#3157,#3158,#3159,#3160));
#576=EDGE_LOOP('',(#3161,#3162,#3163,#3164));
#577=EDGE_LOOP('',(#3165,#3166,#3167,#3168));
#578=EDGE_LOOP('',(#3169,#3170,#3171,#3172));
#579=EDGE_LOOP('',(#3173,#3174,#3175,#3176));
#580=EDGE_LOOP('',(#3177,#3178,#3179,#3180));
#581=EDGE_LOOP('',(#3181,#3182,#3183,#3184));
#582=EDGE_LOOP('',(#3185,#3186,#3187,#3188));
#583=EDGE_LOOP('',(#3189,#3190,#3191,#3192));
#584=EDGE_LOOP('',(#3193,#3194,#3195,#3196));
#585=EDGE_LOOP('',(#3197,#3198,#3199,#3200));
#586=LINE('',#4907,#970);
#587=LINE('',#4932,#971);
#588=LINE('',#4956,#972);
#589=LINE('',#4984,#973);
#590=LINE('',#4986,#974);
#591=LINE('',#5037,#975);
#592=LINE('',#5062,#976);
#593=LINE('',#5063,#977);
#594=LINE('',#5095,#978);
#595=LINE('',#5120,#979);
#596=LINE('',#5121,#980);
#597=LINE('',#5153,#981);
#598=LINE('',#5177,#982);
#599=LINE('',#5199,#983);
#600=LINE('',#5211,#984);
#601=LINE('',#5317,#985);
#602=LINE('',#5318,#986);
#603=LINE('',#5341,#987);
#604=LINE('',#5419,#988);
#605=LINE('',#5421,#989);
#606=LINE('',#5484,#990);
#607=LINE('',#5486,#991);
#608=LINE('',#5574,#992);
#609=LINE('',#5576,#993);
#610=LINE('',#5578,#994);
#611=LINE('',#5580,#995);
#612=LINE('',#5582,#996);
#613=LINE('',#5584,#997);
#614=LINE('',#5586,#998);
#615=LINE('',#5588,#999);
#616=LINE('',#5590,#1000);
#617=LINE('',#5592,#1001);
#618=LINE('',#5593,#1002);
#619=LINE('',#5596,#1003);
#620=LINE('',#5598,#1004);
#621=LINE('',#5599,#1005);
#622=LINE('',#5602,#1006);
#623=LINE('',#5604,#1007);
#624=LINE('',#5605,#1008);
#625=LINE('',#5608,#1009);
#626=LINE('',#5609,#1010);
#627=LINE('',#5611,#1011);
#628=LINE('',#5614,#1012);
#629=LINE('',#5616,#1013);
#630=LINE('',#5617,#1014);
#631=LINE('',#5620,#1015);
#632=LINE('',#5621,#1016);
#633=LINE('',#5624,#1017);
#634=LINE('',#5625,#1018);
#635=LINE('',#5628,#1019);
#636=LINE('',#5629,#1020);
#637=LINE('',#5632,#1021);
#638=LINE('',#5633,#1022);
#639=LINE('',#5636,#1023);
#640=LINE('',#5637,#1024);
#641=LINE('',#5640,#1025);
#642=LINE('',#5641,#1026);
#643=LINE('',#5644,#1027);
#644=LINE('',#5645,#1028);
#645=LINE('',#5648,#1029);
#646=LINE('',#5649,#1030);
#647=LINE('',#5652,#1031);
#648=LINE('',#5653,#1032);
#649=LINE('',#5655,#1033);
#650=LINE('',#5661,#1034);
#651=LINE('',#5685,#1035);
#652=LINE('',#5697,#1036);
#653=LINE('',#6558,#1037);
#654=LINE('',#6559,#1038);
#655=LINE('',#6696,#1039);
#656=LINE('',#6707,#1040);
#657=LINE('',#6835,#1041);
#658=LINE('',#6837,#1042);
#659=LINE('',#6839,#1043);
#660=LINE('',#6840,#1044);
#661=LINE('',#6844,#1045);
#662=LINE('',#6846,#1046);
#663=LINE('',#6848,#1047);
#664=LINE('',#6849,#1048);
#665=LINE('',#6851,#1049);
#666=LINE('',#6852,#1050);
#667=LINE('',#6854,#1051);
#668=LINE('',#6856,#1052);
#669=LINE('',#6863,#1053);
#670=LINE('',#6866,#1054);
#671=LINE('',#6870,#1055);
#672=LINE('',#6874,#1056);
#673=LINE('',#6878,#1057);
#674=LINE('',#6882,#1058);
#675=LINE('',#6886,#1059);
#676=LINE('',#6888,#1060);
#677=LINE('',#6890,#1061);
#678=LINE('',#6892,#1062);
#679=LINE('',#6894,#1063);
#680=LINE('',#6898,#1064);
#681=LINE('',#6902,#1065);
#682=LINE('',#6906,#1066);
#683=LINE('',#6910,#1067);
#684=LINE('',#6913,#1068);
#685=LINE('',#6915,#1069);
#686=LINE('',#6919,#1070);
#687=LINE('',#6923,#1071);
#688=LINE('',#6927,#1072);
#689=LINE('',#6931,#1073);
#690=LINE('',#6935,#1074);
#691=LINE('',#6939,#1075);
#692=LINE('',#6943,#1076);
#693=LINE('',#6947,#1077);
#694=LINE('',#6949,#1078);
#695=LINE('',#6951,#1079);
#696=LINE('',#6953,#1080);
#697=LINE('',#6955,#1081);
#698=LINE('',#6959,#1082);
#699=LINE('',#6963,#1083);
#700=LINE('',#6967,#1084);
#701=LINE('',#6971,#1085);
#702=LINE('',#6975,#1086);
#703=LINE('',#6979,#1087);
#704=LINE('',#6983,#1088);
#705=LINE('',#6987,#1089);
#706=LINE('',#6991,#1090);
#707=LINE('',#6995,#1091);
#708=LINE('',#6997,#1092);
#709=LINE('',#6999,#1093);
#710=LINE('',#7000,#1094);
#711=LINE('',#7003,#1095);
#712=LINE('',#7005,#1096);
#713=LINE('',#7007,#1097);
#714=LINE('',#7009,#1098);
#715=LINE('',#7010,#1099);
#716=LINE('',#7013,#1100);
#717=LINE('',#7014,#1101);
#718=LINE('',#7017,#1102);
#719=LINE('',#7019,#1103);
#720=LINE('',#7021,#1104);
#721=LINE('',#7022,#1105);
#722=LINE('',#7024,#1106);
#723=LINE('',#7027,#1107);
#724=LINE('',#7029,#1108);
#725=LINE('',#7030,#1109);
#726=LINE('',#7033,#1110);
#727=LINE('',#7035,#1111);
#728=LINE('',#7037,#1112);
#729=LINE('',#7039,#1113);
#730=LINE('',#7041,#1114);
#731=LINE('',#7043,#1115);
#732=LINE('',#7045,#1116);
#733=LINE('',#7047,#1117);
#734=LINE('',#7049,#1118);
#735=LINE('',#7051,#1119);
#736=LINE('',#7052,#1120);
#737=LINE('',#7054,#1121);
#738=LINE('',#7055,#1122);
#739=LINE('',#7058,#1123);
#740=LINE('',#7059,#1124);
#741=LINE('',#7062,#1125);
#742=LINE('',#7064,#1126);
#743=LINE('',#7065,#1127);
#744=LINE('',#7067,#1128);
#745=LINE('',#7069,#1129);
#746=LINE('',#7071,#1130);
#747=LINE('',#7073,#1131);
#748=LINE('',#7075,#1132);
#749=LINE('',#7076,#1133);
#750=LINE('',#7079,#1134);
#751=LINE('',#7080,#1135);
#752=LINE('',#7083,#1136);
#753=LINE('',#7084,#1137);
#754=LINE('',#7086,#1138);
#755=LINE('',#7089,#1139);
#756=LINE('',#7090,#1140);
#757=LINE('',#7092,#1141);
#758=LINE('',#7094,#1142);
#759=LINE('',#7100,#1143);
#760=LINE('',#7104,#1144);
#761=LINE('',#7108,#1145);
#762=LINE('',#7112,#1146);
#763=LINE('',#7116,#1147);
#764=LINE('',#7120,#1148);
#765=LINE('',#7124,#1149);
#766=LINE('',#7128,#1150);
#767=LINE('',#7132,#1151);
#768=LINE('',#7136,#1152);
#769=LINE('',#7140,#1153);
#770=LINE('',#7145,#1154);
#771=LINE('',#7148,#1155);
#772=LINE('',#7150,#1156);
#773=LINE('',#7152,#1157);
#774=LINE('',#7155,#1158);
#775=LINE('',#7162,#1159);
#776=LINE('',#7165,#1160);
#777=LINE('',#7169,#1161);
#778=LINE('',#7173,#1162);
#779=LINE('',#7177,#1163);
#780=LINE('',#7181,#1164);
#781=LINE('',#7185,#1165);
#782=LINE('',#7189,#1166);
#783=LINE('',#7192,#1167);
#784=LINE('',#7194,#1168);
#785=LINE('',#7198,#1169);
#786=LINE('',#7202,#1170);
#787=LINE('',#7205,#1171);
#788=LINE('',#7207,#1172);
#789=LINE('',#7209,#1173);
#790=LINE('',#7211,#1174);
#791=LINE('',#7213,#1175);
#792=LINE('',#7219,#1176);
#793=LINE('',#7223,#1177);
#794=LINE('',#7227,#1178);
#795=LINE('',#7230,#1179);
#796=LINE('',#7231,#1180);
#797=LINE('',#7234,#1181);
#798=LINE('',#7236,#1182);
#799=LINE('',#7238,#1183);
#800=LINE('',#7240,#1184);
#801=LINE('',#7242,#1185);
#802=LINE('',#7244,#1186);
#803=LINE('',#7247,#1187);
#804=LINE('',#7249,#1188);
#805=LINE('',#7251,#1189);
#806=LINE('',#7252,#1190);
#807=LINE('',#7254,#1191);
#808=LINE('',#7256,#1192);
#809=LINE('',#7257,#1193);
#810=LINE('',#7260,#1194);
#811=LINE('',#7264,#1195);
#812=LINE('',#7265,#1196);
#813=LINE('',#7269,#1197);
#814=LINE('',#7272,#1198);
#815=LINE('',#7274,#1199);
#816=LINE('',#7276,#1200);
#817=LINE('',#7277,#1201);
#818=LINE('',#7279,#1202);
#819=LINE('',#7280,#1203);
#820=LINE('',#7283,#1204);
#821=LINE('',#7287,#1205);
#822=LINE('',#7288,#1206);
#823=LINE('',#7292,#1207);
#824=LINE('',#7294,#1208);
#825=LINE('',#7296,#1209);
#826=LINE('',#7298,#1210);
#827=LINE('',#7300,#1211);
#828=LINE('',#7302,#1212);
#829=LINE('',#7304,#1213);
#830=LINE('',#7306,#1214);
#831=LINE('',#7308,#1215);
#832=LINE('',#7311,#1216);
#833=LINE('',#7313,#1217);
#834=LINE('',#7315,#1218);
#835=LINE('',#7318,#1219);
#836=LINE('',#7320,#1220);
#837=LINE('',#7322,#1221);
#838=LINE('',#7324,#1222);
#839=LINE('',#7326,#1223);
#840=LINE('',#7328,#1224);
#841=LINE('',#7330,#1225);
#842=LINE('',#7332,#1226);
#843=LINE('',#7334,#1227);
#844=LINE('',#7336,#1228);
#845=LINE('',#7338,#1229);
#846=LINE('',#7340,#1230);
#847=LINE('',#7342,#1231);
#848=LINE('',#7344,#1232);
#849=LINE('',#7346,#1233);
#850=LINE('',#7348,#1234);
#851=LINE('',#7350,#1235);
#852=LINE('',#7352,#1236);
#853=LINE('',#7354,#1237);
#854=LINE('',#7356,#1238);
#855=LINE('',#7358,#1239);
#856=LINE('',#7360,#1240);
#857=LINE('',#7363,#1241);
#858=LINE('',#7365,#1242);
#859=LINE('',#7367,#1243);
#860=LINE('',#7369,#1244);
#861=LINE('',#7371,#1245);
#862=LINE('',#7373,#1246);
#863=LINE('',#7375,#1247);
#864=LINE('',#7377,#1248);
#865=LINE('',#7379,#1249);
#866=LINE('',#7381,#1250);
#867=LINE('',#7383,#1251);
#868=LINE('',#7385,#1252);
#869=LINE('',#7392,#1253);
#870=LINE('',#7399,#1254);
#871=LINE('',#7401,#1255);
#872=LINE('',#7403,#1256);
#873=LINE('',#7405,#1257);
#874=LINE('',#7407,#1258);
#875=LINE('',#7409,#1259);
#876=LINE('',#7411,#1260);
#877=LINE('',#7412,#1261);
#878=LINE('',#7415,#1262);
#879=LINE('',#7417,#1263);
#880=LINE('',#7418,#1264);
#881=LINE('',#7421,#1265);
#882=LINE('',#7422,#1266);
#883=LINE('',#7425,#1267);
#884=LINE('',#7426,#1268);
#885=LINE('',#7429,#1269);
#886=LINE('',#7430,#1270);
#887=LINE('',#7433,#1271);
#888=LINE('',#7434,#1272);
#889=LINE('',#7437,#1273);
#890=LINE('',#7438,#1274);
#891=LINE('',#7441,#1275);
#892=LINE('',#7442,#1276);
#893=LINE('',#7444,#1277);
#894=LINE('',#7449,#1278);
#895=LINE('',#7451,#1279);
#896=LINE('',#7453,#1280);
#897=LINE('',#7454,#1281);
#898=LINE('',#7458,#1282);
#899=LINE('',#7460,#1283);
#900=LINE('',#7465,#1284);
#901=LINE('',#7467,#1285);
#902=LINE('',#7469,#1286);
#903=LINE('',#7471,#1287);
#904=LINE('',#7473,#1288);
#905=LINE('',#7475,#1289);
#906=LINE('',#7477,#1290);
#907=LINE('',#7479,#1291);
#908=LINE('',#7480,#1292);
#909=LINE('',#7483,#1293);
#910=LINE('',#7489,#1294);
#911=LINE('',#7491,#1295);
#912=LINE('',#7493,#1296);
#913=LINE('',#7495,#1297);
#914=LINE('',#7497,#1298);
#915=LINE('',#7499,#1299);
#916=LINE('',#7501,#1300);
#917=LINE('',#7503,#1301);
#918=LINE('',#7505,#1302);
#919=LINE('',#7507,#1303);
#920=LINE('',#7508,#1304);
#921=LINE('',#7510,#1305);
#922=LINE('',#7512,#1306);
#923=LINE('',#7514,#1307);
#924=LINE('',#7515,#1308);
#925=LINE('',#7517,#1309);
#926=LINE('',#7519,#1310);
#927=LINE('',#7521,#1311);
#928=LINE('',#7523,#1312);
#929=LINE('',#7525,#1313);
#930=LINE('',#7527,#1314);
#931=LINE('',#7529,#1315);
#932=LINE('',#7535,#1316);
#933=LINE('',#7537,#1317);
#934=LINE('',#7539,#1318);
#935=LINE('',#7540,#1319);
#936=LINE('',#7544,#1320);
#937=LINE('',#7549,#1321);
#938=LINE('',#7553,#1322);
#939=LINE('',#7555,#1323);
#940=LINE('',#7557,#1324);
#941=LINE('',#7559,#1325);
#942=LINE('',#7561,#1326);
#943=LINE('',#7563,#1327);
#944=LINE('',#7565,#1328);
#945=LINE('',#7567,#1329);
#946=LINE('',#7569,#1330);
#947=LINE('',#7570,#1331);
#948=LINE('',#7574,#1332);
#949=LINE('',#7577,#1333);
#950=LINE('',#7579,#1334);
#951=LINE('',#7581,#1335);
#952=LINE('',#7583,#1336);
#953=LINE('',#7585,#1337);
#954=LINE('',#7587,#1338);
#955=LINE('',#7589,#1339);
#956=LINE('',#7591,#1340);
#957=LINE('',#7593,#1341);
#958=LINE('',#7595,#1342);
#959=LINE('',#7596,#1343);
#960=LINE('',#7598,#1344);
#961=LINE('',#7600,#1345);
#962=LINE('',#7601,#1346);
#963=LINE('',#7603,#1347);
#964=LINE('',#7605,#1348);
#965=LINE('',#7607,#1349);
#966=LINE('',#7609,#1350);
#967=LINE('',#7611,#1351);
#968=LINE('',#7613,#1352);
#969=LINE('',#7615,#1353);
#970=VECTOR('',#3970,1000.);
#971=VECTOR('',#3971,1000.);
#972=VECTOR('',#3972,1000.);
#973=VECTOR('',#3973,1000.);
#974=VECTOR('',#3974,1000.);
#975=VECTOR('',#3975,1000.);
#976=VECTOR('',#3978,1000.);
#977=VECTOR('',#3979,1000.);
#978=VECTOR('',#3980,1000.);
#979=VECTOR('',#3983,1000.);
#980=VECTOR('',#3984,1000.);
#981=VECTOR('',#3985,1000.);
#982=VECTOR('',#3988,1000.);
#983=VECTOR('',#3991,1000.);
#984=VECTOR('',#3992,1000.);
#985=VECTOR('',#3997,1000.);
#986=VECTOR('',#3998,1000.);
#987=VECTOR('',#4003,0.25);
#988=VECTOR('',#4012,1000.);
#989=VECTOR('',#4013,1000.);
#990=VECTOR('',#4014,1000.);
#991=VECTOR('',#4015,1000.);
#992=VECTOR('',#4020,1000.);
#993=VECTOR('',#4021,1000.);
#994=VECTOR('',#4022,1000.);
#995=VECTOR('',#4023,1000.);
#996=VECTOR('',#4024,1000.);
#997=VECTOR('',#4025,1000.);
#998=VECTOR('',#4026,1000.);
#999=VECTOR('',#4027,1000.);
#1000=VECTOR('',#4028,1000.);
#1001=VECTOR('',#4029,1000.);
#1002=VECTOR('',#4030,1000.);
#1003=VECTOR('',#4031,1000.);
#1004=VECTOR('',#4032,1000.);
#1005=VECTOR('',#4033,1000.);
#1006=VECTOR('',#4036,1000.);
#1007=VECTOR('',#4037,1000.);
#1008=VECTOR('',#4038,1000.);
#1009=VECTOR('',#4041,1000.);
#1010=VECTOR('',#4042,1000.);
#1011=VECTOR('',#4045,1000.);
#1012=VECTOR('',#4048,1000.);
#1013=VECTOR('',#4049,1000.);
#1014=VECTOR('',#4050,1000.);
#1015=VECTOR('',#4053,1000.);
#1016=VECTOR('',#4054,1000.);
#1017=VECTOR('',#4057,1000.);
#1018=VECTOR('',#4058,1000.);
#1019=VECTOR('',#4061,1000.);
#1020=VECTOR('',#4062,1000.);
#1021=VECTOR('',#4065,1000.);
#1022=VECTOR('',#4066,1000.);
#1023=VECTOR('',#4069,1000.);
#1024=VECTOR('',#4070,1000.);
#1025=VECTOR('',#4073,1000.);
#1026=VECTOR('',#4074,1000.);
#1027=VECTOR('',#4077,1000.);
#1028=VECTOR('',#4078,1000.);
#1029=VECTOR('',#4081,1000.);
#1030=VECTOR('',#4082,1000.);
#1031=VECTOR('',#4085,1000.);
#1032=VECTOR('',#4086,1000.);
#1033=VECTOR('',#4089,1000.);
#1034=VECTOR('',#4096,0.25);
#1035=VECTOR('',#4103,1000.);
#1036=VECTOR('',#4104,1000.);
#1037=VECTOR('',#4109,1000.);
#1038=VECTOR('',#4110,1000.);
#1039=VECTOR('',#4111,1000.);
#1040=VECTOR('',#4112,1000.);
#1041=VECTOR('',#4115,1000.);
#1042=VECTOR('',#4116,1000.);
#1043=VECTOR('',#4117,1000.);
#1044=VECTOR('',#4118,1000.);
#1045=VECTOR('',#4121,1000.);
#1046=VECTOR('',#4122,1000.);
#1047=VECTOR('',#4123,1000.);
#1048=VECTOR('',#4124,1000.);
#1049=VECTOR('',#4127,1000.);
#1050=VECTOR('',#4128,1000.);
#1051=VECTOR('',#4131,1000.);
#1052=VECTOR('',#4134,1000.);
#1053=VECTOR('',#4141,1000.);
#1054=VECTOR('',#4144,1000.);
#1055=VECTOR('',#4147,1000.);
#1056=VECTOR('',#4150,1000.);
#1057=VECTOR('',#4153,1000.);
#1058=VECTOR('',#4156,1000.);
#1059=VECTOR('',#4159,1000.);
#1060=VECTOR('',#4160,1000.);
#1061=VECTOR('',#4161,1000.);
#1062=VECTOR('',#4162,1000.);
#1063=VECTOR('',#4163,1000.);
#1064=VECTOR('',#4166,1000.);
#1065=VECTOR('',#4169,1000.);
#1066=VECTOR('',#4172,1000.);
#1067=VECTOR('',#4175,1000.);
#1068=VECTOR('',#4178,1000.);
#1069=VECTOR('',#4179,1000.);
#1070=VECTOR('',#4182,1000.);
#1071=VECTOR('',#4185,1000.);
#1072=VECTOR('',#4188,1000.);
#1073=VECTOR('',#4191,1000.);
#1074=VECTOR('',#4194,1000.);
#1075=VECTOR('',#4197,1000.);
#1076=VECTOR('',#4200,1000.);
#1077=VECTOR('',#4203,1000.);
#1078=VECTOR('',#4204,1000.);
#1079=VECTOR('',#4205,1000.);
#1080=VECTOR('',#4206,1000.);
#1081=VECTOR('',#4207,1000.);
#1082=VECTOR('',#4210,1000.);
#1083=VECTOR('',#4213,1000.);
#1084=VECTOR('',#4216,1000.);
#1085=VECTOR('',#4219,1000.);
#1086=VECTOR('',#4222,1000.);
#1087=VECTOR('',#4225,1000.);
#1088=VECTOR('',#4228,1000.);
#1089=VECTOR('',#4231,1000.);
#1090=VECTOR('',#4234,1000.);
#1091=VECTOR('',#4237,1000.);
#1092=VECTOR('',#4238,1000.);
#1093=VECTOR('',#4239,1000.);
#1094=VECTOR('',#4240,1000.);
#1095=VECTOR('',#4243,1000.);
#1096=VECTOR('',#4244,1000.);
#1097=VECTOR('',#4245,1000.);
#1098=VECTOR('',#4246,1000.);
#1099=VECTOR('',#4247,1000.);
#1100=VECTOR('',#4250,1000.);
#1101=VECTOR('',#4251,1000.);
#1102=VECTOR('',#4254,1000.);
#1103=VECTOR('',#4255,1000.);
#1104=VECTOR('',#4256,1000.);
#1105=VECTOR('',#4257,1000.);
#1106=VECTOR('',#4260,1000.);
#1107=VECTOR('',#4263,1000.);
#1108=VECTOR('',#4264,1000.);
#1109=VECTOR('',#4265,1000.);
#1110=VECTOR('',#4268,1000.);
#1111=VECTOR('',#4269,1000.);
#1112=VECTOR('',#4270,1000.);
#1113=VECTOR('',#4271,1000.);
#1114=VECTOR('',#4272,1000.);
#1115=VECTOR('',#4273,1000.);
#1116=VECTOR('',#4274,1000.);
#1117=VECTOR('',#4275,1000.);
#1118=VECTOR('',#4276,1000.);
#1119=VECTOR('',#4277,1000.);
#1120=VECTOR('',#4278,1000.);
#1121=VECTOR('',#4279,1000.);
#1122=VECTOR('',#4280,1000.);
#1123=VECTOR('',#4283,1000.);
#1124=VECTOR('',#4284,1000.);
#1125=VECTOR('',#4287,1000.);
#1126=VECTOR('',#4288,1000.);
#1127=VECTOR('',#4289,1000.);
#1128=VECTOR('',#4290,1000.);
#1129=VECTOR('',#4291,1000.);
#1130=VECTOR('',#4292,1000.);
#1131=VECTOR('',#4293,1000.);
#1132=VECTOR('',#4294,1000.);
#1133=VECTOR('',#4295,1000.);
#1134=VECTOR('',#4298,1000.);
#1135=VECTOR('',#4299,1000.);
#1136=VECTOR('',#4302,1000.);
#1137=VECTOR('',#4303,1000.);
#1138=VECTOR('',#4306,1000.);
#1139=VECTOR('',#4309,1000.);
#1140=VECTOR('',#4310,1000.);
#1141=VECTOR('',#4313,1000.);
#1142=VECTOR('',#4316,1000.);
#1143=VECTOR('',#4321,1000.);
#1144=VECTOR('',#4324,1000.);
#1145=VECTOR('',#4327,1000.);
#1146=VECTOR('',#4330,1000.);
#1147=VECTOR('',#4333,1000.);
#1148=VECTOR('',#4336,1000.);
#1149=VECTOR('',#4339,1000.);
#1150=VECTOR('',#4342,1000.);
#1151=VECTOR('',#4345,1000.);
#1152=VECTOR('',#4348,1000.);
#1153=VECTOR('',#4351,1000.);
#1154=VECTOR('',#4356,1000.);
#1155=VECTOR('',#4359,1000.);
#1156=VECTOR('',#4362,1000.);
#1157=VECTOR('',#4365,1000.);
#1158=VECTOR('',#4368,1000.);
#1159=VECTOR('',#4375,1000.);
#1160=VECTOR('',#4378,1000.);
#1161=VECTOR('',#4381,1000.);
#1162=VECTOR('',#4384,1000.);
#1163=VECTOR('',#4387,1000.);
#1164=VECTOR('',#4390,1000.);
#1165=VECTOR('',#4393,1000.);
#1166=VECTOR('',#4396,1000.);
#1167=VECTOR('',#4399,1000.);
#1168=VECTOR('',#4400,1000.);
#1169=VECTOR('',#4403,1000.);
#1170=VECTOR('',#4406,1000.);
#1171=VECTOR('',#4409,1000.);
#1172=VECTOR('',#4412,1000.);
#1173=VECTOR('',#4415,1000.);
#1174=VECTOR('',#4418,1000.);
#1175=VECTOR('',#4421,1000.);
#1176=VECTOR('',#4426,1000.);
#1177=VECTOR('',#4429,1000.);
#1178=VECTOR('',#4432,1000.);
#1179=VECTOR('',#4435,1000.);
#1180=VECTOR('',#4436,1000.);
#1181=VECTOR('',#4441,1000.);
#1182=VECTOR('',#4444,1000.);
#1183=VECTOR('',#4447,1000.);
#1184=VECTOR('',#4450,1000.);
#1185=VECTOR('',#4453,1000.);
#1186=VECTOR('',#4456,1000.);
#1187=VECTOR('',#4459,1000.);
#1188=VECTOR('',#4460,1000.);
#1189=VECTOR('',#4461,1000.);
#1190=VECTOR('',#4462,1000.);
#1191=VECTOR('',#4463,1000.);
#1192=VECTOR('',#4464,1000.);
#1193=VECTOR('',#4465,1000.);
#1194=VECTOR('',#4468,1000.);
#1195=VECTOR('',#4473,1000.);
#1196=VECTOR('',#4474,1000.);
#1197=VECTOR('',#4479,1000.);
#1198=VECTOR('',#4482,1000.);
#1199=VECTOR('',#4483,1000.);
#1200=VECTOR('',#4484,1000.);
#1201=VECTOR('',#4485,1000.);
#1202=VECTOR('',#4486,1000.);
#1203=VECTOR('',#4487,1000.);
#1204=VECTOR('',#4490,1000.);
#1205=VECTOR('',#4495,1000.);
#1206=VECTOR('',#4496,1000.);
#1207=VECTOR('',#4503,1000.);
#1208=VECTOR('',#4506,1000.);
#1209=VECTOR('',#4509,1000.);
#1210=VECTOR('',#4512,1000.);
#1211=VECTOR('',#4515,1000.);
#1212=VECTOR('',#4518,1000.);
#1213=VECTOR('',#4521,1000.);
#1214=VECTOR('',#4524,1000.);
#1215=VECTOR('',#4527,1000.);
#1216=VECTOR('',#4532,1000.);
#1217=VECTOR('',#4535,1000.);
#1218=VECTOR('',#4538,1000.);
#1219=VECTOR('',#4543,1000.);
#1220=VECTOR('',#4546,1000.);
#1221=VECTOR('',#4549,1000.);
#1222=VECTOR('',#4552,1000.);
#1223=VECTOR('',#4555,1000.);
#1224=VECTOR('',#4558,1000.);
#1225=VECTOR('',#4561,1000.);
#1226=VECTOR('',#4564,1000.);
#1227=VECTOR('',#4567,1000.);
#1228=VECTOR('',#4570,1000.);
#1229=VECTOR('',#4573,1000.);
#1230=VECTOR('',#4576,1000.);
#1231=VECTOR('',#4579,1000.);
#1232=VECTOR('',#4582,1000.);
#1233=VECTOR('',#4585,1000.);
#1234=VECTOR('',#4588,1000.);
#1235=VECTOR('',#4591,1000.);
#1236=VECTOR('',#4594,1000.);
#1237=VECTOR('',#4597,1000.);
#1238=VECTOR('',#4600,1000.);
#1239=VECTOR('',#4603,1000.);
#1240=VECTOR('',#4606,1000.);
#1241=VECTOR('',#4611,1000.);
#1242=VECTOR('',#4614,1000.);
#1243=VECTOR('',#4617,1000.);
#1244=VECTOR('',#4620,1000.);
#1245=VECTOR('',#4623,1000.);
#1246=VECTOR('',#4626,1000.);
#1247=VECTOR('',#4629,1000.);
#1248=VECTOR('',#4632,1000.);
#1249=VECTOR('',#4635,1000.);
#1250=VECTOR('',#4638,1000.);
#1251=VECTOR('',#4641,1000.);
#1252=VECTOR('',#4644,1000.);
#1253=VECTOR('',#4653,0.25);
#1254=VECTOR('',#4662,1000.);
#1255=VECTOR('',#4663,1000.);
#1256=VECTOR('',#4664,1000.);
#1257=VECTOR('',#4665,1000.);
#1258=VECTOR('',#4666,1000.);
#1259=VECTOR('',#4667,1000.);
#1260=VECTOR('',#4668,1000.);
#1261=VECTOR('',#4669,1000.);
#1262=VECTOR('',#4672,1000.);
#1263=VECTOR('',#4673,1000.);
#1264=VECTOR('',#4674,1000.);
#1265=VECTOR('',#4677,1000.);
#1266=VECTOR('',#4678,1000.);
#1267=VECTOR('',#4681,1000.);
#1268=VECTOR('',#4682,1000.);
#1269=VECTOR('',#4685,1000.);
#1270=VECTOR('',#4686,1000.);
#1271=VECTOR('',#4689,1000.);
#1272=VECTOR('',#4690,1000.);
#1273=VECTOR('',#4693,1000.);
#1274=VECTOR('',#4694,1000.);
#1275=VECTOR('',#4697,1000.);
#1276=VECTOR('',#4698,1000.);
#1277=VECTOR('',#4701,1000.);
#1278=VECTOR('',#4706,1000.);
#1279=VECTOR('',#4707,1000.);
#1280=VECTOR('',#4708,1000.);
#1281=VECTOR('',#4709,1000.);
#1282=VECTOR('',#4712,1000.);
#1283=VECTOR('',#4713,1000.);
#1284=VECTOR('',#4718,1000.);
#1285=VECTOR('',#4719,1000.);
#1286=VECTOR('',#4720,1000.);
#1287=VECTOR('',#4721,1000.);
#1288=VECTOR('',#4722,1000.);
#1289=VECTOR('',#4723,1000.);
#1290=VECTOR('',#4724,1000.);
#1291=VECTOR('',#4725,1000.);
#1292=VECTOR('',#4726,1000.);
#1293=VECTOR('',#4729,1000.);
#1294=VECTOR('',#4736,1000.);
#1295=VECTOR('',#4737,1000.);
#1296=VECTOR('',#4738,1000.);
#1297=VECTOR('',#4739,1000.);
#1298=VECTOR('',#4740,1000.);
#1299=VECTOR('',#4741,1000.);
#1300=VECTOR('',#4742,1000.);
#1301=VECTOR('',#4743,1000.);
#1302=VECTOR('',#4744,1000.);
#1303=VECTOR('',#4745,1000.);
#1304=VECTOR('',#4746,1000.);
#1305=VECTOR('',#4749,1000.);
#1306=VECTOR('',#4752,1000.);
#1307=VECTOR('',#4755,1000.);
#1308=VECTOR('',#4756,1000.);
#1309=VECTOR('',#4759,1000.);
#1310=VECTOR('',#4762,1000.);
#1311=VECTOR('',#4765,1000.);
#1312=VECTOR('',#4768,1000.);
#1313=VECTOR('',#4771,1000.);
#1314=VECTOR('',#4774,1000.);
#1315=VECTOR('',#4777,1000.);
#1316=VECTOR('',#4784,1000.);
#1317=VECTOR('',#4785,1000.);
#1318=VECTOR('',#4786,1000.);
#1319=VECTOR('',#4787,1000.);
#1320=VECTOR('',#4790,1000.);
#1321=VECTOR('',#4797,1000.);
#1322=VECTOR('',#4800,1000.);
#1323=VECTOR('',#4801,1000.);
#1324=VECTOR('',#4802,1000.);
#1325=VECTOR('',#4803,1000.);
#1326=VECTOR('',#4804,1000.);
#1327=VECTOR('',#4805,1000.);
#1328=VECTOR('',#4806,1000.);
#1329=VECTOR('',#4807,1000.);
#1330=VECTOR('',#4808,1000.);
#1331=VECTOR('',#4809,1000.);
#1332=VECTOR('',#4814,1000.);
#1333=VECTOR('',#4817,1000.);
#1334=VECTOR('',#4818,1000.);
#1335=VECTOR('',#4819,1000.);
#1336=VECTOR('',#4820,1000.);
#1337=VECTOR('',#4821,1000.);
#1338=VECTOR('',#4822,1000.);
#1339=VECTOR('',#4823,1000.);
#1340=VECTOR('',#4824,1000.);
#1341=VECTOR('',#4825,1000.);
#1342=VECTOR('',#4826,1000.);
#1343=VECTOR('',#4827,1000.);
#1344=VECTOR('',#4830,1000.);
#1345=VECTOR('',#4833,1000.);
#1346=VECTOR('',#4834,1000.);
#1347=VECTOR('',#4837,1000.);
#1348=VECTOR('',#4840,1000.);
#1349=VECTOR('',#4843,1000.);
#1350=VECTOR('',#4846,1000.);
#1351=VECTOR('',#4849,1000.);
#1352=VECTOR('',#4852,1000.);
#1353=VECTOR('',#4855,1000.);
#1354=B_SPLINE_CURVE_WITH_KNOTS('',3,(#4864,#4865,#4866,#4867,#4868,#4869,
#4870,#4871,#4872,#4873,#4874,#4875,#4876,#4877,#4878,#4879,#4880,#4881,
#4882,#4883,#4884,#4885),.UNSPECIFIED.,.F.,.F.,(4,3,3,3,3,3,3,4),(0.,0.000320089936055685,
0.000640179872111371,0.000960269808167056,0.00128035974422274,0.00160044968027843,
0.00192053961633411,0.0022406295523898),.UNSPECIFIED.);
#1355=B_SPLINE_CURVE_WITH_KNOTS('',3,(#4887,#4888,#4889,#4890,#4891,#4892,
#4893,#4894,#4895,#4896,#4897,#4898,#4899,#4900,#4901,#4902,#4903,#4904,
#4905),.UNSPECIFIED.,.F.,.F.,(4,3,3,3,3,3,4),(0.,0.000435356998094551,0.000870713996189103,
0.00130607099428365,0.00174142799237821,0.00217678499047276,0.00261214198856731),
 .UNSPECIFIED.);
#1356=B_SPLINE_CURVE_WITH_KNOTS('',3,(#4909,#4910,#4911,#4912,#4913,#4914,
#4915,#4916,#4917,#4918,#4919,#4920,#4921,#4922,#4923,#4924,#4925,#4926,
#4927,#4928,#4929,#4930),.UNSPECIFIED.,.F.,.F.,(4,3,3,3,3,3,3,4),(0.,0.000294034471485543,
0.000588068942971086,0.000882103414456628,0.00117613788594217,0.00147017235742771,
0.00176420682891326,0.0020582413003988),.UNSPECIFIED.);
#1357=B_SPLINE_CURVE_WITH_KNOTS('',3,(#4934,#4935,#4936,#4937,#4938,#4939,
#4940,#4941,#4942,#4943,#4944,#4945,#4946,#4947,#4948,#4949,#4950,#4951,
#4952,#4953,#4954,#4955),.UNSPECIFIED.,.F.,.F.,(4,3,3,3,3,3,3,4),(0.,0.000241915894455648,
0.000483831788911296,0.000725747683366943,0.000967663577822591,0.00120957947227824,
0.00145149536673389,0.00169341126118953),.UNSPECIFIED.);
#1358=B_SPLINE_CURVE_WITH_KNOTS('',3,(#4987,#4988,#4989,#4990,#4991,#4992,
#4993,#4994,#4995,#4996,#4997,#4998,#4999,#5000,#5001,#5002,#5003,#5004,
#5005),.UNSPECIFIED.,.F.,.F.,(4,3,3,3,3,3,4),(6.94735906980222E-18,0.000435356998094549,
0.000870713996189101,0.00130607099428365,0.0017414279923782,0.00217678499047276,
0.00261214198856731),.UNSPECIFIED.);
#1359=B_SPLINE_CURVE_WITH_KNOTS('',3,(#5038,#5039,#5040,#5041,#5042,#5043,
#5044,#5045,#5046,#5047,#5048,#5049,#5050,#5051,#5052,#5053,#5054,#5055,
#5056,#5057,#5058,#5059),.UNSPECIFIED.,.F.,.F.,(4,3,3,3,3,3,3,4),(8.94056015336375E-19,
0.000320089936055686,0.000640179872111371,0.000960269808167057,0.00128035974422274,
0.00160044968027843,0.00192053961633411,0.00224062955238979),
 .UNSPECIFIED.);
#1360=B_SPLINE_CURVE_WITH_KNOTS('',3,(#5096,#5097,#5098,#5099,#5100,#5101,
#5102,#5103,#5104,#5105,#5106,#5107,#5108,#5109,#5110,#5111,#5112,#5113,
#5114,#5115,#5116,#5117),.UNSPECIFIED.,.F.,.F.,(4,3,3,3,3,3,3,4),(3.26388075062907E-19,
0.000239395914150294,0.000478791828300589,0.000718187742450884,0.00095758365660118,
0.00119697957075148,0.00143637548490177,0.00167577139905207),
 .UNSPECIFIED.);
#1361=B_SPLINE_CURVE_WITH_KNOTS('',3,(#5154,#5155,#5156,#5157,#5158,#5159,
#5160,#5161,#5162,#5163,#5164,#5165,#5166,#5167,#5168,#5169,#5170,#5171,
#5172,#5173,#5174,#5175),.UNSPECIFIED.,.F.,.F.,(4,3,3,3,3,3,3,4),(3.42854830915693E-19,
0.000294034471485543,0.000588068942971085,0.000882103414456628,0.00117613788594217,
0.00147017235742771,0.00176420682891326,0.0020582413003988),
 .UNSPECIFIED.);
#1362=B_SPLINE_CURVE_WITH_KNOTS('',3,(#5348,#5349,#5350,#5351,#5352,#5353,
#5354,#5355,#5356,#5357,#5358,#5359,#5360,#5361,#5362,#5363,#5364,#5365,
#5366,#5367,#5368,#5369,#5370,#5371,#5372,#5373,#5374,#5375,#5376,#5377,
#5378,#5379,#5380,#5381),.UNSPECIFIED.,.F.,.F.,(4,3,3,3,3,3,3,3,3,3,3,4),
(0.,0.00041933791659468,0.00083867583318936,0.00125801374978404,0.00167735166637872,
0.0020966895829734,0.00251602749956808,0.00293536541616276,0.00335470333275744,
0.00377404124935212,0.0041933791659468,0.00461271708254148),
 .UNSPECIFIED.);
#1363=B_SPLINE_CURVE_WITH_KNOTS('',2,(#5382,#5383,#5384),.UNSPECIFIED.,
 .F.,.F.,(3,3),(0.,0.000853924687716828),.UNSPECIFIED.);
#1364=B_SPLINE_CURVE_WITH_KNOTS('',3,(#5387,#5388,#5389,#5390,#5391,#5392,
#5393,#5394,#5395,#5396,#5397,#5398,#5399,#5400,#5401,#5402,#5403,#5404,
#5405,#5406,#5407,#5408),.UNSPECIFIED.,.F.,.F.,(4,3,3,3,3,3,3,4),(0.,0.000482527910418106,
0.000965055820836212,0.00144758373125432,0.00193011164167242,0.00241263955209053,
0.00289516746250864,0.00337769537292674),.UNSPECIFIED.);
#1365=B_SPLINE_CURVE_WITH_KNOTS('',2,(#5409,#5410,#5411),.UNSPECIFIED.,
 .F.,.F.,(3,3),(0.,0.000688909208393708),.UNSPECIFIED.);
#1366=B_SPLINE_CURVE_WITH_KNOTS('',2,(#5422,#5423,#5424),.UNSPECIFIED.,
 .F.,.F.,(3,3),(0.,0.000692052734559028),.UNSPECIFIED.);
#1367=B_SPLINE_CURVE_WITH_KNOTS('',3,(#5455,#5456,#5457,#5458,#5459,#5460,
#5461,#5462,#5463,#5464,#5465,#5466,#5467,#5468,#5469,#5470,#5471,#5472,
#5473,#5474,#5475,#5476),.UNSPECIFIED.,.F.,.F.,(4,3,3,3,3,3,3,4),(0.,0.000482527910418106,
0.000965055820836212,0.00144758373125432,0.00193011164167242,0.00241263955209053,
0.00289516746250864,0.00337769537292674),.UNSPECIFIED.);
#1368=B_SPLINE_CURVE_WITH_KNOTS('',2,(#5487,#5488,#5489),.UNSPECIFIED.,
 .F.,.F.,(3,3),(0.,0.000853924687716828),.UNSPECIFIED.);
#1369=B_SPLINE_CURVE_WITH_KNOTS('',3,(#5536,#5537,#5538,#5539,#5540,#5541,
#5542,#5543,#5544,#5545,#5546,#5547,#5548,#5549,#5550,#5551,#5552,#5553,
#5554,#5555,#5556,#5557,#5558,#5559,#5560,#5561,#5562,#5563,#5564,#5565,
#5566,#5567,#5568,#5569),.UNSPECIFIED.,.F.,.F.,(4,3,3,3,3,3,3,3,3,3,3,4),
(0.,0.00041933791659468,0.000838675833189359,0.00125801374978404,0.00167735166637872,
0.0020966895829734,0.00251602749956808,0.00293536541616276,0.00335470333275744,
0.00377404124935212,0.0041933791659468,0.00461271708254148),
 .UNSPECIFIED.);
#1370=B_SPLINE_CURVE_WITH_KNOTS('',3,(#5698,#5699,#5700,#5701,#5702,#5703,
#5704,#5705,#5706,#5707,#5708,#5709,#5710,#5711,#5712,#5713,#5714,#5715,
#5716,#5717,#5718,#5719,#5720,#5721,#5722,#5723,#5724,#5725,#5726,#5727,
#5728,#5729,#5730,#5731,#5732,#5733,#5734,#5735,#5736,#5737,#5738,#5739,
#5740,#5741,#5742,#5743,#5744,#5745,#5746,#5747,#5748,#5749,#5750,#5751,
#5752,#5753,#5754,#5755,#5756,#5757,#5758,#5759,#5760,#5761,#5762,#5763,
#5764,#5765,#5766,#5767,#5768,#5769,#5770,#5771,#5772,#5773,#5774,#5775,
#5776,#5777,#5778,#5779,#5780,#5781,#5782,#5783,#5784,#5785,#5786,#5787,
#5788,#5789,#5790,#5791,#5792,#5793,#5794,#5795,#5796,#5797,#5798,#5799,
#5800,#5801,#5802,#5803,#5804,#5805,#5806,#5807,#5808,#5809,#5810,#5811,
#5812,#5813,#5814,#5815,#5816,#5817,#5818,#5819,#5820,#5821,#5822,#5823,
#5824,#5825,#5826,#5827,#5828,#5829,#5830,#5831,#5832,#5833,#5834,#5835,
#5836,#5837,#5838,#5839,#5840,#5841,#5842,#5843,#5844,#5845,#5846,#5847,
#5848,#5849,#5850,#5851,#5852,#5853,#5854,#5855,#5856,#5857),
 .UNSPECIFIED.,.F.,.F.,(4,3,3,3,3,3,3,3,3,3,3,3,3,3,3,3,3,3,3,3,3,3,3,3,
3,3,3,3,3,3,3,3,3,3,3,3,3,3,3,3,3,3,3,3,3,3,3,3,3,3,3,3,3,4),(0.,0.0056063871295393,
0.00840958069430894,0.00981117747669377,0.0105119758678862,0.0108623750634824,
0.0109499748623814,0.0109852406686271,0.0110004834132482,0.0112127742590786,
0.0113156954961857,0.0114157050505651,0.0115132932544574,0.0116089100378342,
0.011702974252743,0.0117958813994632,0.01188801008481,0.0119797275662064,
0.0120713946975473,0.0121656873321775,0.0122589465238417,0.0123533026506195,
0.0124491024587594,0.0125480263664221,0.0126489291135548,0.0127537625780915,
0.0128257357745883,0.0132358606169542,0.0160523771353644,0.0174606353945695,
0.0181647645241721,0.0185168290889734,0.0185608371595735,0.0185822624643493,
0.0185916941291335,0.0188688936537746,0.018965805862669,0.0190596610142351,
0.0191510253468226,0.0192403651153187,0.0193281051733278,0.0194146397292521,
0.019500341083414,0.0195855668543805,0.0196706661843016,0.0197559853473113,
0.0198424589076009,0.0199299216781754,0.020018711663931,0.0201091867791471,
0.0202029813492634,0.0202990137876816,0.0203989034069705,0.0204194889960846),
 .UNSPECIFIED.);
#1371=B_SPLINE_CURVE_WITH_KNOTS('',3,(#5859,#5860,#5861,#5862,#5863,#5864,
#5865,#5866,#5867,#5868,#5869,#5870,#5871,#5872,#5873,#5874,#5875,#5876,
#5877,#5878,#5879,#5880,#5881,#5882,#5883,#5884,#5885,#5886,#5887,#5888,
#5889,#5890,#5891,#5892,#5893,#5894,#5895,#5896,#5897,#5898,#5899,#5900,
#5901,#5902,#5903,#5904,#5905,#5906,#5907,#5908,#5909,#5910,#5911,#5912,
#5913,#5914,#5915,#5916,#5917,#5918,#5919,#5920,#5921,#5922,#5923,#5924,
#5925,#5926,#5927,#5928,#5929,#5930,#5931,#5932,#5933,#5934,#5935,#5936,
#5937,#5938,#5939,#5940,#5941,#5942,#5943,#5944,#5945,#5946,#5947,#5948,
#5949,#5950,#5951,#5952,#5953,#5954,#5955,#5956,#5957,#5958,#5959,#5960,
#5961,#5962,#5963,#5964,#5965,#5966,#5967,#5968,#5969,#5970,#5971,#5972,
#5973,#5974,#5975,#5976,#5977,#5978,#5979,#5980,#5981,#5982,#5983,#5984,
#5985,#5986,#5987,#5988,#5989,#5990,#5991,#5992,#5993,#5994,#5995,#5996,
#5997,#5998,#5999,#6000,#6001,#6002,#6003,#6004,#6005,#6006,#6007,#6008,
#6009,#6010,#6011,#6012,#6013,#6014,#6015,#6016,#6017,#6018),
 .UNSPECIFIED.,.F.,.F.,(4,3,3,3,3,3,3,3,3,3,3,3,3,3,3,3,3,3,3,3,3,3,3,3,
3,3,3,3,3,3,3,3,3,3,3,3,3,3,3,3,3,3,3,3,3,3,3,3,3,3,3,3,3,4),(0.,0.00560638712953927,
0.0084095806943089,0.00981117747669372,0.0105119758678861,0.0108623750634823,
0.0109499748623814,0.0109852406686271,0.011000483413252,0.0112127742590785,
0.0113156954961857,0.0114157050505651,0.0115132932544574,0.0116089100378341,
0.011702974252743,0.0117958813994631,0.0118880100848099,0.0119797275662061,
0.0120713946975471,0.0121656873321772,0.0122589465238414,0.0123533026506193,
0.0124491024587594,0.0125480263664221,0.0126489291135546,0.0127537625780914,
0.0128257357745884,0.0132358606169475,0.0160523771353611,0.0174606353945679,
0.0181647645241713,0.018516829088973,0.0185608371595732,0.0185822624643487,
0.018591694129134,0.0188688936537747,0.0189658058626691,0.0190596610142351,
0.0191510253468226,0.0192403651153187,0.0193281051733279,0.0194146397292521,
0.0195003410834141,0.0195855668543806,0.0196706661843019,0.0197559853473118,
0.0198424589076014,0.0199299216781759,0.0200187116639315,0.0201091867791476,
0.0202029813492638,0.0202990137876821,0.0203989034069709,0.0204194889960846),
 .UNSPECIFIED.);
#1372=B_SPLINE_CURVE_WITH_KNOTS('',3,(#6057,#6058,#6059,#6060,#6061,#6062,
#6063,#6064,#6065,#6066,#6067,#6068,#6069,#6070,#6071,#6072,#6073,#6074,
#6075,#6076,#6077,#6078,#6079,#6080,#6081,#6082,#6083,#6084,#6085,#6086,
#6087,#6088,#6089,#6090,#6091,#6092,#6093,#6094,#6095,#6096,#6097,#6098,
#6099,#6100,#6101,#6102,#6103,#6104,#6105,#6106,#6107,#6108,#6109,#6110,
#6111,#6112,#6113,#6114,#6115,#6116,#6117,#6118,#6119,#6120,#6121,#6122,
#6123,#6124,#6125,#6126,#6127,#6128,#6129,#6130,#6131,#6132,#6133,#6134,
#6135,#6136,#6137,#6138,#6139,#6140,#6141,#6142,#6143,#6144,#6145,#6146,
#6147,#6148,#6149,#6150,#6151,#6152,#6153,#6154,#6155,#6156,#6157,#6158,
#6159,#6160,#6161,#6162,#6163,#6164,#6165,#6166,#6167,#6168,#6169,#6170,
#6171,#6172,#6173,#6174,#6175,#6176,#6177,#6178,#6179,#6180,#6181,#6182,
#6183,#6184,#6185,#6186,#6187,#6188,#6189,#6190,#6191,#6192,#6193,#6194,
#6195,#6196,#6197,#6198,#6199,#6200,#6201,#6202,#6203,#6204,#6205,#6206,
#6207,#6208,#6209,#6210,#6211,#6212,#6213,#6214,#6215,#6216),
 .UNSPECIFIED.,.F.,.F.,(4,3,3,3,3,3,3,3,3,3,3,3,3,3,3,3,3,3,3,3,3,3,3,3,
3,3,3,3,3,3,3,3,3,3,3,3,3,3,3,3,3,3,3,3,3,3,3,3,3,3,3,3,3,4),(0.,0.00560638712953926,
0.0084095806943089,0.00981117747669371,0.0105119758678861,0.0108623750634823,
0.0109499748623814,0.0109852406686271,0.011000483413243,0.0112127742590785,
0.0113156954961856,0.0114157050505649,0.0115132932544574,0.0116089100378342,
0.0117029742527429,0.011795881399463,0.0118880100848098,0.0119797275662063,
0.0120713946975472,0.0121656873321774,0.0122589465238417,0.0123533026506194,
0.0124491024587591,0.0125480263664218,0.0126489291135546,0.0127537625780913,
0.0128257357745884,0.012859721726463,0.0158643076901189,0.0173666006719468,
0.0181177471628607,0.0184933204083177,0.0185402670639998,0.0185816135141144,
0.0185916778728391,0.0188688936537747,0.0189658058626691,0.0190596610142351,
0.0191510253468227,0.0192403651153189,0.019328105173328,0.0194146397292524,
0.0195003410834142,0.0195855668543806,0.0196706661843018,0.0197559853473115,
0.0198424589076011,0.0199299216781756,0.0200187116639311,0.0201091867791473,
0.0202029813492635,0.0202990137876816,0.0203989034069706,0.0204194889960846),
 .UNSPECIFIED.);
#1373=B_SPLINE_CURVE_WITH_KNOTS('',3,(#6220,#6221,#6222,#6223,#6224,#6225,
#6226,#6227,#6228,#6229,#6230,#6231,#6232,#6233,#6234,#6235,#6236,#6237,
#6238,#6239,#6240,#6241,#6242,#6243,#6244,#6245,#6246,#6247,#6248,#6249,
#6250,#6251,#6252,#6253,#6254,#6255,#6256,#6257,#6258,#6259,#6260,#6261,
#6262,#6263,#6264,#6265,#6266,#6267,#6268,#6269,#6270,#6271,#6272,#6273,
#6274,#6275,#6276,#6277,#6278,#6279,#6280,#6281,#6282,#6283,#6284,#6285,
#6286,#6287,#6288,#6289,#6290,#6291,#6292,#6293,#6294,#6295,#6296,#6297,
#6298,#6299,#6300,#6301,#6302,#6303,#6304,#6305,#6306,#6307,#6308,#6309,
#6310,#6311,#6312,#6313,#6314,#6315,#6316,#6317,#6318,#6319,#6320,#6321,
#6322,#6323,#6324,#6325,#6326,#6327,#6328,#6329,#6330,#6331,#6332,#6333,
#6334,#6335,#6336,#6337,#6338,#6339,#6340,#6341,#6342,#6343,#6344,#6345,
#6346,#6347,#6348,#6349,#6350,#6351,#6352,#6353,#6354,#6355,#6356,#6357,
#6358,#6359,#6360,#6361,#6362,#6363,#6364,#6365,#6366,#6367,#6368,#6369,
#6370,#6371,#6372,#6373,#6374,#6375,#6376,#6377,#6378,#6379),
 .UNSPECIFIED.,.F.,.F.,(4,3,3,3,3,3,3,3,3,3,3,3,3,3,3,3,3,3,3,3,3,3,3,3,
3,3,3,3,3,3,3,3,3,3,3,3,3,3,3,3,3,3,3,3,3,3,3,3,3,3,3,3,3,4),(8.67361737988404E-19,
0.00542832541705861,0.00814248812558791,0.00949956947985256,0.0101781101569849,
0.0105173804955511,0.0106021980801926,0.0106366197281702,0.0106512708348632,
0.0108566508341172,0.0109571084436341,0.0110547027920438,0.0111499200409762,
0.011243206036731,0.0113349756895442,0.0114256207326203,0.0115155162014595,
0.0116050259952549,0.0116945078425581,0.0117849923459712,0.0118760772172036,
0.0119682639203678,0.0120618974006089,0.0121586070897402,0.0122572932801492,
0.0123597821604779,0.0124183838698626,0.012815953353943,0.015542777212053,
0.016906189141108,0.0175878951056355,0.0179287480878993,0.0179713547106823,
0.01799228087986,0.0180013298471597,0.018269601070163,0.0183641510336559,
0.0184557392663448,0.0185448819839542,0.0186320410848903,0.0187176372615231,
0.0188020607990157,0.018885680333179,0.0189688500896461,0.0190519161041558,
0.0191352218557759,0.0192196912363026,0.0193051613313683,0.0193919688832254,
0.0194804710670093,0.0195722451620945,0.0196662619652733,0.0197639937364321,
0.0197709556189538),.UNSPECIFIED.);
#1374=B_SPLINE_CURVE_WITH_KNOTS('',3,(#6380,#6381,#6382,#6383,#6384,#6385,
#6386,#6387,#6388,#6389,#6390,#6391,#6392,#6393,#6394,#6395,#6396,#6397,
#6398,#6399,#6400,#6401,#6402,#6403,#6404,#6405,#6406,#6407,#6408,#6409,
#6410,#6411,#6412,#6413,#6414,#6415,#6416,#6417,#6418,#6419,#6420,#6421,
#6422,#6423,#6424,#6425,#6426,#6427,#6428,#6429,#6430,#6431,#6432,#6433,
#6434,#6435,#6436,#6437,#6438,#6439,#6440,#6441,#6442,#6443,#6444,#6445,
#6446,#6447,#6448,#6449,#6450,#6451,#6452,#6453,#6454,#6455,#6456,#6457,
#6458,#6459,#6460,#6461,#6462,#6463,#6464,#6465,#6466,#6467,#6468,#6469,
#6470,#6471,#6472,#6473,#6474,#6475,#6476,#6477,#6478,#6479,#6480,#6481,
#6482,#6483,#6484,#6485,#6486,#6487,#6488,#6489,#6490,#6491,#6492,#6493,
#6494,#6495,#6496,#6497,#6498,#6499,#6500,#6501,#6502,#6503,#6504,#6505,
#6506,#6507,#6508,#6509,#6510,#6511,#6512,#6513,#6514,#6515,#6516,#6517,
#6518,#6519,#6520,#6521,#6522,#6523,#6524,#6525,#6526,#6527,#6528,#6529,
#6530,#6531,#6532,#6533,#6534,#6535,#6536,#6537,#6538,#6539),
 .UNSPECIFIED.,.F.,.F.,(4,3,3,3,3,3,3,3,3,3,3,3,3,3,3,3,3,3,3,3,3,3,3,3,
3,3,3,3,3,3,3,3,3,3,3,3,3,3,3,3,3,3,3,3,3,3,3,3,3,3,3,3,3,4),(0.,0.00542832541705863,
0.00814248812558795,0.00949956947985261,0.0101781101569849,0.0105173804955511,
0.0106021980801926,0.0106366197281702,0.0106512708348584,0.0108566508341173,
0.010957108443634,0.0110547027920437,0.011149920040976,0.0112432060367307,
0.0113349756895438,0.0114256207326199,0.0115155162014591,0.0116050259952545,
0.011694507842558,0.0117849923459711,0.0118760772172035,0.0119682639203677,
0.0120618974006088,0.0121586070897401,0.0122572932801492,0.0123597821604778,
0.0124183838698626,0.0128159533498997,0.0155427772100314,0.0169061891400972,
0.0175878951051301,0.0179287480876465,0.0179713547104611,0.017992280879469,
0.0180013298470901,0.018269601070163,0.0183641510336559,0.0184557392663448,
0.0185448819839542,0.0186320410848902,0.018717637261523,0.0188020607990156,
0.0188856803331789,0.018968850089646,0.0190519161041555,0.0191352218557757,
0.0192196912363025,0.0193051613313682,0.0193919688832253,0.0194804710670097,
0.0195722451620949,0.0196662619652736,0.0197639937364327,0.0197709556189538),
 .UNSPECIFIED.);
#1375=B_SPLINE_CURVE_WITH_KNOTS('',3,(#6598,#6599,#6600,#6601,#6602,#6603,
#6604,#6605,#6606,#6607,#6608,#6609,#6610,#6611,#6612,#6613,#6614,#6615,
#6616,#6617,#6618,#6619,#6620,#6621,#6622,#6623,#6624,#6625,#6626,#6627,
#6628,#6629,#6630,#6631,#6632,#6633,#6634,#6635,#6636,#6637,#6638,#6639,
#6640,#6641,#6642,#6643,#6644,#6645,#6646,#6647,#6648,#6649,#6650,#6651,
#6652,#6653,#6654,#6655,#6656,#6657,#6658,#6659,#6660,#6661,#6662,#6663,
#6664,#6665,#6666,#6667,#6668,#6669,#6670,#6671,#6672,#6673,#6674,#6675,
#6676,#6677,#6678,#6679,#6680,#6681,#6682,#6683,#6684,#6685,#6686,#6687,
#6688,#6689,#6690,#6691,#6692,#6693,#6694),.UNSPECIFIED.,.F.,.F.,(4,3,3,
3,3,3,3,3,3,3,3,3,3,3,3,3,3,3,3,3,3,3,3,3,3,3,3,3,3,3,3,3,4),(0.,0.0106448957299095,
0.0107729121266211,0.0108982555439288,0.0110213850185486,0.011142741332475,
0.0112627505321635,0.011381827237725,0.0115003777810972,0.0116190941269678,
0.0117381968799272,0.0118580421543357,0.0119789903077191,0.0121024757703463,
0.0122276079349856,0.0123559355855669,0.0124199239694343,0.0179983793281367,
0.0181263957248483,0.018251739142156,0.0183748686167757,0.018496224930702,
0.0186162341303906,0.0187353108359518,0.0188538613793238,0.0189725777251944,
0.0190916804781538,0.0192115257525623,0.0193324739059456,0.0194559593685727,
0.0195810915332122,0.0197094191837936,0.0197734075676613),.UNSPECIFIED.);
#1376=B_SPLINE_CURVE_WITH_KNOTS('',3,(#6735,#6736,#6737,#6738,#6739,#6740,
#6741,#6742,#6743,#6744,#6745,#6746,#6747,#6748,#6749,#6750,#6751,#6752,
#6753,#6754,#6755,#6756,#6757,#6758,#6759,#6760,#6761,#6762,#6763,#6764,
#6765,#6766,#6767,#6768,#6769,#6770,#6771,#6772,#6773,#6774,#6775,#6776,
#6777,#6778,#6779,#6780,#6781,#6782,#6783,#6784,#6785,#6786,#6787,#6788,
#6789,#6790,#6791,#6792,#6793,#6794,#6795,#6796,#6797,#6798,#6799,#6800,
#6801,#6802,#6803,#6804,#6805,#6806,#6807,#6808,#6809,#6810,#6811,#6812,
#6813,#6814,#6815,#6816,#6817,#6818,#6819,#6820,#6821,#6822,#6823,#6824,
#6825,#6826,#6827,#6828,#6829,#6830,#6831),.UNSPECIFIED.,.F.,.F.,(4,3,3,
3,3,3,3,3,3,3,3,3,3,3,3,3,3,3,3,3,3,3,3,3,3,3,3,3,3,3,3,3,4),(0.,0.0106448957299096,
0.0107729121266212,0.0108982555439289,0.0110213850185486,0.0111427413324749,
0.0112627505321635,0.0113818272377247,0.0115003777810967,0.0116190941269673,
0.0117381968799267,0.0118580421543352,0.0119789903077183,0.0121024757703455,
0.012227607934985,0.0123559355855663,0.0124199239694342,0.0179983793281367,
0.0181263957248482,0.0182517391421559,0.0183748686167757,0.018496224930702,
0.0186162341303905,0.0187353108359518,0.0188538613793238,0.0189725777251944,
0.0190916804781537,0.0192115257525622,0.0193324739059455,0.0194559593685726,
0.019581091533212,0.0197094191837934,0.0197734075676613),.UNSPECIFIED.);
#1377=VERTEX_POINT('',#4862);
#1378=VERTEX_POINT('',#4863);
#1379=VERTEX_POINT('',#4886);
#1380=VERTEX_POINT('',#4906);
#1381=VERTEX_POINT('',#4908);
#1382=VERTEX_POINT('',#4931);
#1383=VERTEX_POINT('',#4933);
#1384=VERTEX_POINT('',#4983);
#1385=VERTEX_POINT('',#4985);
#1386=VERTEX_POINT('',#5036);
#1387=VERTEX_POINT('',#5061);
#1388=VERTEX_POINT('',#5094);
#1389=VERTEX_POINT('',#5119);
#1390=VERTEX_POINT('',#5152);
#1391=VERTEX_POINT('',#5197);
#1392=VERTEX_POINT('',#5198);
#1393=VERTEX_POINT('',#5200);
#1394=VERTEX_POINT('',#5210);
#1395=VERTEX_POINT('',#5231);
#1396=VERTEX_POINT('',#5232);
#1397=VERTEX_POINT('',#5279);
#1398=VERTEX_POINT('',#5280);
#1399=VERTEX_POINT('',#5338);
#1400=VERTEX_POINT('',#5340);
#1401=VERTEX_POINT('',#5346);
#1402=VERTEX_POINT('',#5347);
#1403=VERTEX_POINT('',#5385);
#1404=VERTEX_POINT('',#5386);
#1405=VERTEX_POINT('',#5418);
#1406=VERTEX_POINT('',#5420);
#1407=VERTEX_POINT('',#5483);
#1408=VERTEX_POINT('',#5485);
#1409=VERTEX_POINT('',#5572);
#1410=VERTEX_POINT('',#5573);
#1411=VERTEX_POINT('',#5575);
#1412=VERTEX_POINT('',#5577);
#1413=VERTEX_POINT('',#5579);
#1414=VERTEX_POINT('',#5581);
#1415=VERTEX_POINT('',#5583);
#1416=VERTEX_POINT('',#5585);
#1417=VERTEX_POINT('',#5587);
#1418=VERTEX_POINT('',#5589);
#1419=VERTEX_POINT('',#5591);
#1420=VERTEX_POINT('',#5594);
#1421=VERTEX_POINT('',#5595);
#1422=VERTEX_POINT('',#5597);
#1423=VERTEX_POINT('',#5601);
#1424=VERTEX_POINT('',#5603);
#1425=VERTEX_POINT('',#5607);
#1426=VERTEX_POINT('',#5613);
#1427=VERTEX_POINT('',#5615);
#1428=VERTEX_POINT('',#5619);
#1429=VERTEX_POINT('',#5623);
#1430=VERTEX_POINT('',#5627);
#1431=VERTEX_POINT('',#5631);
#1432=VERTEX_POINT('',#5635);
#1433=VERTEX_POINT('',#5639);
#1434=VERTEX_POINT('',#5643);
#1435=VERTEX_POINT('',#5647);
#1436=VERTEX_POINT('',#5651);
#1437=VERTEX_POINT('',#5658);
#1438=VERTEX_POINT('',#5660);
#1439=VERTEX_POINT('',#5683);
#1440=VERTEX_POINT('',#5684);
#1441=VERTEX_POINT('',#5686);
#1442=VERTEX_POINT('',#5696);
#1443=VERTEX_POINT('',#6019);
#1444=VERTEX_POINT('',#6020);
#1445=VERTEX_POINT('',#6218);
#1446=VERTEX_POINT('',#6219);
#1447=VERTEX_POINT('',#6596);
#1448=VERTEX_POINT('',#6597);
#1449=VERTEX_POINT('',#6695);
#1450=VERTEX_POINT('',#6697);
#1451=VERTEX_POINT('',#6833);
#1452=VERTEX_POINT('',#6834);
#1453=VERTEX_POINT('',#6836);
#1454=VERTEX_POINT('',#6838);
#1455=VERTEX_POINT('',#6842);
#1456=VERTEX_POINT('',#6843);
#1457=VERTEX_POINT('',#6845);
#1458=VERTEX_POINT('',#6847);
#1459=VERTEX_POINT('',#6859);
#1460=VERTEX_POINT('',#6860);
#1461=VERTEX_POINT('',#6862);
#1462=VERTEX_POINT('',#6864);
#1463=VERTEX_POINT('',#6868);
#1464=VERTEX_POINT('',#6869);
#1465=VERTEX_POINT('',#6871);
#1466=VERTEX_POINT('',#6873);
#1467=VERTEX_POINT('',#6875);
#1468=VERTEX_POINT('',#6877);
#1469=VERTEX_POINT('',#6879);
#1470=VERTEX_POINT('',#6881);
#1471=VERTEX_POINT('',#6883);
#1472=VERTEX_POINT('',#6885);
#1473=VERTEX_POINT('',#6887);
#1474=VERTEX_POINT('',#6889);
#1475=VERTEX_POINT('',#6891);
#1476=VERTEX_POINT('',#6893);
#1477=VERTEX_POINT('',#6895);
#1478=VERTEX_POINT('',#6897);
#1479=VERTEX_POINT('',#6899);
#1480=VERTEX_POINT('',#6901);
#1481=VERTEX_POINT('',#6903);
#1482=VERTEX_POINT('',#6905);
#1483=VERTEX_POINT('',#6907);
#1484=VERTEX_POINT('',#6909);
#1485=VERTEX_POINT('',#6911);
#1486=VERTEX_POINT('',#6914);
#1487=VERTEX_POINT('',#6916);
#1488=VERTEX_POINT('',#6918);
#1489=VERTEX_POINT('',#6920);
#1490=VERTEX_POINT('',#6922);
#1491=VERTEX_POINT('',#6924);
#1492=VERTEX_POINT('',#6926);
#1493=VERTEX_POINT('',#6928);
#1494=VERTEX_POINT('',#6930);
#1495=VERTEX_POINT('',#6932);
#1496=VERTEX_POINT('',#6934);
#1497=VERTEX_POINT('',#6936);
#1498=VERTEX_POINT('',#6938);
#1499=VERTEX_POINT('',#6940);
#1500=VERTEX_POINT('',#6942);
#1501=VERTEX_POINT('',#6944);
#1502=VERTEX_POINT('',#6946);
#1503=VERTEX_POINT('',#6948);
#1504=VERTEX_POINT('',#6950);
#1505=VERTEX_POINT('',#6952);
#1506=VERTEX_POINT('',#6954);
#1507=VERTEX_POINT('',#6956);
#1508=VERTEX_POINT('',#6958);
#1509=VERTEX_POINT('',#6960);
#1510=VERTEX_POINT('',#6962);
#1511=VERTEX_POINT('',#6964);
#1512=VERTEX_POINT('',#6966);
#1513=VERTEX_POINT('',#6968);
#1514=VERTEX_POINT('',#6970);
#1515=VERTEX_POINT('',#6972);
#1516=VERTEX_POINT('',#6974);
#1517=VERTEX_POINT('',#6976);
#1518=VERTEX_POINT('',#6978);
#1519=VERTEX_POINT('',#6980);
#1520=VERTEX_POINT('',#6982);
#1521=VERTEX_POINT('',#6984);
#1522=VERTEX_POINT('',#6986);
#1523=VERTEX_POINT('',#6988);
#1524=VERTEX_POINT('',#6990);
#1525=VERTEX_POINT('',#6993);
#1526=VERTEX_POINT('',#6994);
#1527=VERTEX_POINT('',#6996);
#1528=VERTEX_POINT('',#6998);
#1529=VERTEX_POINT('',#7002);
#1530=VERTEX_POINT('',#7004);
#1531=VERTEX_POINT('',#7006);
#1532=VERTEX_POINT('',#7008);
#1533=VERTEX_POINT('',#7012);
#1534=VERTEX_POINT('',#7016);
#1535=VERTEX_POINT('',#7018);
#1536=VERTEX_POINT('',#7020);
#1537=VERTEX_POINT('',#7026);
#1538=VERTEX_POINT('',#7028);
#1539=VERTEX_POINT('',#7032);
#1540=VERTEX_POINT('',#7034);
#1541=VERTEX_POINT('',#7036);
#1542=VERTEX_POINT('',#7038);
#1543=VERTEX_POINT('',#7040);
#1544=VERTEX_POINT('',#7042);
#1545=VERTEX_POINT('',#7044);
#1546=VERTEX_POINT('',#7046);
#1547=VERTEX_POINT('',#7048);
#1548=VERTEX_POINT('',#7050);
#1549=VERTEX_POINT('',#7053);
#1550=VERTEX_POINT('',#7057);
#1551=VERTEX_POINT('',#7061);
#1552=VERTEX_POINT('',#7063);
#1553=VERTEX_POINT('',#7066);
#1554=VERTEX_POINT('',#7068);
#1555=VERTEX_POINT('',#7070);
#1556=VERTEX_POINT('',#7072);
#1557=VERTEX_POINT('',#7074);
#1558=VERTEX_POINT('',#7078);
#1559=VERTEX_POINT('',#7082);
#1560=VERTEX_POINT('',#7088);
#1561=VERTEX_POINT('',#7096);
#1562=VERTEX_POINT('',#7097);
#1563=VERTEX_POINT('',#7099);
#1564=VERTEX_POINT('',#7101);
#1565=VERTEX_POINT('',#7103);
#1566=VERTEX_POINT('',#7105);
#1567=VERTEX_POINT('',#7107);
#1568=VERTEX_POINT('',#7109);
#1569=VERTEX_POINT('',#7111);
#1570=VERTEX_POINT('',#7113);
#1571=VERTEX_POINT('',#7115);
#1572=VERTEX_POINT('',#7117);
#1573=VERTEX_POINT('',#7119);
#1574=VERTEX_POINT('',#7121);
#1575=VERTEX_POINT('',#7123);
#1576=VERTEX_POINT('',#7125);
#1577=VERTEX_POINT('',#7127);
#1578=VERTEX_POINT('',#7129);
#1579=VERTEX_POINT('',#7131);
#1580=VERTEX_POINT('',#7133);
#1581=VERTEX_POINT('',#7135);
#1582=VERTEX_POINT('',#7137);
#1583=VERTEX_POINT('',#7139);
#1584=VERTEX_POINT('',#7142);
#1585=VERTEX_POINT('',#7144);
#1586=VERTEX_POINT('',#7146);
#1587=VERTEX_POINT('',#7154);
#1588=VERTEX_POINT('',#7158);
#1589=VERTEX_POINT('',#7159);
#1590=VERTEX_POINT('',#7161);
#1591=VERTEX_POINT('',#7164);
#1592=VERTEX_POINT('',#7166);
#1593=VERTEX_POINT('',#7168);
#1594=VERTEX_POINT('',#7170);
#1595=VERTEX_POINT('',#7172);
#1596=VERTEX_POINT('',#7174);
#1597=VERTEX_POINT('',#7176);
#1598=VERTEX_POINT('',#7178);
#1599=VERTEX_POINT('',#7180);
#1600=VERTEX_POINT('',#7182);
#1601=VERTEX_POINT('',#7184);
#1602=VERTEX_POINT('',#7186);
#1603=VERTEX_POINT('',#7188);
#1604=VERTEX_POINT('',#7190);
#1605=VERTEX_POINT('',#7193);
#1606=VERTEX_POINT('',#7195);
#1607=VERTEX_POINT('',#7197);
#1608=VERTEX_POINT('',#7199);
#1609=VERTEX_POINT('',#7201);
#1610=VERTEX_POINT('',#7203);
#1611=VERTEX_POINT('',#7215);
#1612=VERTEX_POINT('',#7216);
#1613=VERTEX_POINT('',#7218);
#1614=VERTEX_POINT('',#7220);
#1615=VERTEX_POINT('',#7222);
#1616=VERTEX_POINT('',#7224);
#1617=VERTEX_POINT('',#7226);
#1618=VERTEX_POINT('',#7228);
#1619=VERTEX_POINT('',#7246);
#1620=VERTEX_POINT('',#7248);
#1621=VERTEX_POINT('',#7250);
#1622=VERTEX_POINT('',#7253);
#1623=VERTEX_POINT('',#7255);
#1624=VERTEX_POINT('',#7259);
#1625=VERTEX_POINT('',#7263);
#1626=VERTEX_POINT('',#7267);
#1627=VERTEX_POINT('',#7271);
#1628=VERTEX_POINT('',#7273);
#1629=VERTEX_POINT('',#7275);
#1630=VERTEX_POINT('',#7278);
#1631=VERTEX_POINT('',#7282);
#1632=VERTEX_POINT('',#7286);
#1633=VERTEX_POINT('',#7389);
#1634=VERTEX_POINT('',#7391);
#1635=VERTEX_POINT('',#7397);
#1636=VERTEX_POINT('',#7398);
#1637=VERTEX_POINT('',#7400);
#1638=VERTEX_POINT('',#7402);
#1639=VERTEX_POINT('',#7404);
#1640=VERTEX_POINT('',#7406);
#1641=VERTEX_POINT('',#7408);
#1642=VERTEX_POINT('',#7410);
#1643=VERTEX_POINT('',#7414);
#1644=VERTEX_POINT('',#7416);
#1645=VERTEX_POINT('',#7420);
#1646=VERTEX_POINT('',#7424);
#1647=VERTEX_POINT('',#7428);
#1648=VERTEX_POINT('',#7432);
#1649=VERTEX_POINT('',#7436);
#1650=VERTEX_POINT('',#7440);
#1651=VERTEX_POINT('',#7447);
#1652=VERTEX_POINT('',#7448);
#1653=VERTEX_POINT('',#7450);
#1654=VERTEX_POINT('',#7452);
#1655=VERTEX_POINT('',#7456);
#1656=VERTEX_POINT('',#7457);
#1657=VERTEX_POINT('',#7459);
#1658=VERTEX_POINT('',#7462);
#1659=VERTEX_POINT('',#7464);
#1660=VERTEX_POINT('',#7466);
#1661=VERTEX_POINT('',#7468);
#1662=VERTEX_POINT('',#7470);
#1663=VERTEX_POINT('',#7472);
#1664=VERTEX_POINT('',#7474);
#1665=VERTEX_POINT('',#7476);
#1666=VERTEX_POINT('',#7478);
#1667=VERTEX_POINT('',#7482);
#1668=VERTEX_POINT('',#7486);
#1669=VERTEX_POINT('',#7488);
#1670=VERTEX_POINT('',#7490);
#1671=VERTEX_POINT('',#7492);
#1672=VERTEX_POINT('',#7494);
#1673=VERTEX_POINT('',#7496);
#1674=VERTEX_POINT('',#7498);
#1675=VERTEX_POINT('',#7500);
#1676=VERTEX_POINT('',#7502);
#1677=VERTEX_POINT('',#7504);
#1678=VERTEX_POINT('',#7506);
#1679=VERTEX_POINT('',#7533);
#1680=VERTEX_POINT('',#7534);
#1681=VERTEX_POINT('',#7536);
#1682=VERTEX_POINT('',#7538);
#1683=VERTEX_POINT('',#7542);
#1684=VERTEX_POINT('',#7543);
#1685=VERTEX_POINT('',#7548);
#1686=VERTEX_POINT('',#7550);
#1687=VERTEX_POINT('',#7552);
#1688=VERTEX_POINT('',#7554);
#1689=VERTEX_POINT('',#7556);
#1690=VERTEX_POINT('',#7558);
#1691=VERTEX_POINT('',#7560);
#1692=VERTEX_POINT('',#7562);
#1693=VERTEX_POINT('',#7564);
#1694=VERTEX_POINT('',#7566);
#1695=VERTEX_POINT('',#7568);
#1696=VERTEX_POINT('',#7572);
#1697=VERTEX_POINT('',#7576);
#1698=VERTEX_POINT('',#7578);
#1699=VERTEX_POINT('',#7580);
#1700=VERTEX_POINT('',#7582);
#1701=VERTEX_POINT('',#7584);
#1702=VERTEX_POINT('',#7586);
#1703=VERTEX_POINT('',#7588);
#1704=VERTEX_POINT('',#7590);
#1705=VERTEX_POINT('',#7592);
#1706=VERTEX_POINT('',#7594);
#1707=EDGE_CURVE('',#1377,#1378,#1354,.T.);
#1708=EDGE_CURVE('',#1378,#1379,#1355,.T.);
#1709=EDGE_CURVE('',#1379,#1380,#586,.T.);
#1710=EDGE_CURVE('',#1380,#1381,#1356,.T.);
#1711=EDGE_CURVE('',#1381,#1382,#587,.T.);
#1712=EDGE_CURVE('',#1382,#1383,#1357,.T.);
#1713=EDGE_CURVE('',#1383,#1377,#588,.T.);
#1714=EDGE_CURVE('',#1384,#1379,#589,.T.);
#1715=EDGE_CURVE('',#1378,#1385,#590,.T.);
#1716=EDGE_CURVE('',#1385,#1384,#1358,.T.);
#1717=EDGE_CURVE('',#1377,#1386,#591,.T.);
#1718=EDGE_CURVE('',#1386,#1385,#1359,.T.);
#1719=EDGE_CURVE('',#1383,#1387,#592,.T.);
#1720=EDGE_CURVE('',#1387,#1386,#593,.T.);
#1721=EDGE_CURVE('',#1382,#1388,#594,.T.);
#1722=EDGE_CURVE('',#1388,#1387,#1360,.T.);
#1723=EDGE_CURVE('',#1381,#1389,#595,.T.);
#1724=EDGE_CURVE('',#1389,#1388,#596,.T.);
#1725=EDGE_CURVE('',#1380,#1390,#597,.T.);
#1726=EDGE_CURVE('',#1390,#1389,#1361,.T.);
#1727=EDGE_CURVE('',#1384,#1390,#598,.T.);
#1728=EDGE_CURVE('',#1391,#1392,#599,.T.);
#1729=EDGE_CURVE('',#1392,#1393,#142,.T.);
#1730=EDGE_CURVE('',#1393,#1394,#600,.T.);
#1731=EDGE_CURVE('',#1394,#1391,#143,.T.);
#1732=EDGE_CURVE('',#1392,#1393,#144,.T.);
#1733=EDGE_CURVE('',#1395,#1396,#145,.T.);
#1734=EDGE_CURVE('',#1396,#1395,#146,.T.);
#1735=EDGE_CURVE('',#1391,#1394,#147,.T.);
#1736=EDGE_CURVE('',#1397,#1398,#148,.T.);
#1737=EDGE_CURVE('',#1398,#1397,#149,.T.);
#1738=EDGE_CURVE('',#1397,#1395,#601,.T.);
#1739=EDGE_CURVE('',#1396,#1398,#602,.T.);
#1740=EDGE_CURVE('',#1399,#1399,#13,.T.);
#1741=EDGE_CURVE('',#1399,#1400,#603,.T.);
#1742=EDGE_CURVE('',#1400,#1400,#14,.T.);
#1743=EDGE_CURVE('',#1401,#1402,#1362,.T.);
#1744=EDGE_CURVE('',#1402,#1401,#1363,.T.);
#1745=EDGE_CURVE('',#1403,#1404,#1364,.T.);
#1746=EDGE_CURVE('',#1404,#1403,#1365,.T.);
#1747=EDGE_CURVE('',#1405,#1403,#604,.T.);
#1748=EDGE_CURVE('',#1404,#1406,#605,.T.);
#1749=EDGE_CURVE('',#1405,#1406,#1366,.T.);
#1750=EDGE_CURVE('',#1405,#1406,#1367,.T.);
#1751=EDGE_CURVE('',#1407,#1401,#606,.T.);
#1752=EDGE_CURVE('',#1402,#1408,#607,.T.);
#1753=EDGE_CURVE('',#1408,#1407,#1368,.T.);
#1754=EDGE_CURVE('',#1407,#1408,#1369,.T.);
#1755=EDGE_CURVE('',#1409,#1410,#608,.T.);
#1756=EDGE_CURVE('',#1410,#1411,#609,.T.);
#1757=EDGE_CURVE('',#1411,#1412,#610,.T.);
#1758=EDGE_CURVE('',#1412,#1413,#611,.T.);
#1759=EDGE_CURVE('',#1413,#1414,#612,.T.);
#1760=EDGE_CURVE('',#1414,#1415,#613,.T.);
#1761=EDGE_CURVE('',#1415,#1416,#614,.T.);
#1762=EDGE_CURVE('',#1416,#1417,#615,.T.);
#1763=EDGE_CURVE('',#1417,#1418,#616,.T.);
#1764=EDGE_CURVE('',#1418,#1419,#617,.T.);
#1765=EDGE_CURVE('',#1419,#1409,#618,.T.);
#1766=EDGE_CURVE('',#1420,#1421,#619,.T.);
#1767=EDGE_CURVE('',#1421,#1422,#620,.T.);
#1768=EDGE_CURVE('',#1422,#1420,#621,.T.);
#1769=EDGE_CURVE('',#1423,#1422,#622,.T.);
#1770=EDGE_CURVE('',#1421,#1424,#623,.T.);
#1771=EDGE_CURVE('',#1424,#1423,#624,.T.);
#1772=EDGE_CURVE('',#1420,#1425,#625,.T.);
#1773=EDGE_CURVE('',#1425,#1424,#626,.T.);
#1774=EDGE_CURVE('',#1423,#1425,#627,.T.);
#1775=EDGE_CURVE('',#1426,#1411,#628,.T.);
#1776=EDGE_CURVE('',#1410,#1427,#629,.T.);
#1777=EDGE_CURVE('',#1427,#1426,#630,.T.);
#1778=EDGE_CURVE('',#1409,#1428,#631,.T.);
#1779=EDGE_CURVE('',#1428,#1427,#632,.T.);
#1780=EDGE_CURVE('',#1419,#1429,#633,.T.);
#1781=EDGE_CURVE('',#1429,#1428,#634,.T.);
#1782=EDGE_CURVE('',#1418,#1430,#635,.T.);
#1783=EDGE_CURVE('',#1430,#1429,#636,.T.);
#1784=EDGE_CURVE('',#1417,#1431,#637,.T.);
#1785=EDGE_CURVE('',#1431,#1430,#638,.T.);
#1786=EDGE_CURVE('',#1416,#1432,#639,.T.);
#1787=EDGE_CURVE('',#1432,#1431,#640,.T.);
#1788=EDGE_CURVE('',#1415,#1433,#641,.T.);
#1789=EDGE_CURVE('',#1433,#1432,#642,.T.);
#1790=EDGE_CURVE('',#1414,#1434,#643,.T.);
#1791=EDGE_CURVE('',#1434,#1433,#644,.T.);
#1792=EDGE_CURVE('',#1413,#1435,#645,.T.);
#1793=EDGE_CURVE('',#1435,#1434,#646,.T.);
#1794=EDGE_CURVE('',#1412,#1436,#647,.T.);
#1795=EDGE_CURVE('',#1436,#1435,#648,.T.);
#1796=EDGE_CURVE('',#1426,#1436,#649,.T.);
#1797=EDGE_CURVE('',#1437,#1437,#15,.T.);
#1798=EDGE_CURVE('',#1437,#1438,#650,.T.);
#1799=EDGE_CURVE('',#1438,#1438,#16,.T.);
#1800=EDGE_CURVE('',#1439,#1440,#651,.T.);
#1801=EDGE_CURVE('',#1440,#1441,#150,.T.);
#1802=EDGE_CURVE('',#1441,#1442,#652,.T.);
#1803=EDGE_CURVE('',#1442,#1439,#1370,.T.);
#1804=EDGE_CURVE('',#1440,#1441,#1371,.T.);
#1805=EDGE_CURVE('',#1443,#1444,#151,.T.);
#1806=EDGE_CURVE('',#1444,#1443,#152,.T.);
#1807=EDGE_CURVE('',#1439,#1442,#1372,.T.);
#1808=EDGE_CURVE('',#1445,#1446,#1373,.T.);
#1809=EDGE_CURVE('',#1446,#1445,#1374,.T.);
#1810=EDGE_CURVE('',#1445,#1443,#653,.T.);
#1811=EDGE_CURVE('',#1444,#1446,#654,.T.);
#1812=EDGE_CURVE('',#1447,#1448,#1375,.T.);
#1813=EDGE_CURVE('',#1448,#1449,#655,.T.);
#1814=EDGE_CURVE('',#1449,#1450,#153,.T.);
#1815=EDGE_CURVE('',#1450,#1447,#656,.T.);
#1816=EDGE_CURVE('',#1450,#1449,#154,.T.);
#1817=EDGE_CURVE('',#1448,#1447,#1376,.T.);
#1818=EDGE_CURVE('',#1451,#1452,#657,.T.);
#1819=EDGE_CURVE('',#1452,#1453,#658,.T.);
#1820=EDGE_CURVE('',#1453,#1454,#659,.T.);
#1821=EDGE_CURVE('',#1454,#1451,#660,.T.);
#1822=EDGE_CURVE('',#1455,#1456,#661,.T.);
#1823=EDGE_CURVE('',#1456,#1457,#662,.T.);
#1824=EDGE_CURVE('',#1457,#1458,#663,.T.);
#1825=EDGE_CURVE('',#1458,#1455,#664,.T.);
#1826=EDGE_CURVE('',#1452,#1458,#665,.T.);
#1827=EDGE_CURVE('',#1457,#1453,#666,.T.);
#1828=EDGE_CURVE('',#1451,#1455,#667,.T.);
#1829=EDGE_CURVE('',#1454,#1456,#668,.T.);
#1830=EDGE_CURVE('',#1459,#1460,#17,.T.);
#1831=EDGE_CURVE('',#1460,#1461,#669,.T.);
#1832=EDGE_CURVE('',#1461,#1462,#18,.T.);
#1833=EDGE_CURVE('',#1459,#1462,#670,.T.);
#1834=EDGE_CURVE('',#1463,#1464,#671,.T.);
#1835=EDGE_CURVE('',#1465,#1463,#19,.T.);
#1836=EDGE_CURVE('',#1466,#1465,#672,.T.);
#1837=EDGE_CURVE('',#1467,#1466,#20,.T.);
#1838=EDGE_CURVE('',#1468,#1467,#673,.T.);
#1839=EDGE_CURVE('',#1469,#1468,#21,.T.);
#1840=EDGE_CURVE('',#1470,#1469,#674,.T.);
#1841=EDGE_CURVE('',#1471,#1470,#22,.T.);
#1842=EDGE_CURVE('',#1471,#1472,#675,.T.);
#1843=EDGE_CURVE('',#1472,#1473,#676,.T.);
#1844=EDGE_CURVE('',#1473,#1474,#677,.T.);
#1845=EDGE_CURVE('',#1474,#1475,#678,.T.);
#1846=EDGE_CURVE('',#1475,#1476,#679,.T.);
#1847=EDGE_CURVE('',#1477,#1476,#23,.T.);
#1848=EDGE_CURVE('',#1478,#1477,#680,.T.);
#1849=EDGE_CURVE('',#1479,#1478,#24,.T.);
#1850=EDGE_CURVE('',#1480,#1479,#681,.T.);
#1851=EDGE_CURVE('',#1481,#1480,#25,.T.);
#1852=EDGE_CURVE('',#1482,#1481,#682,.T.);
#1853=EDGE_CURVE('',#1483,#1482,#26,.T.);
#1854=EDGE_CURVE('',#1484,#1483,#683,.T.);
#1855=EDGE_CURVE('',#1485,#1484,#27,.T.);
#1856=EDGE_CURVE('',#1462,#1485,#684,.T.);
#1857=EDGE_CURVE('',#1486,#1461,#685,.T.);
#1858=EDGE_CURVE('',#1487,#1486,#28,.T.);
#1859=EDGE_CURVE('',#1488,#1487,#686,.T.);
#1860=EDGE_CURVE('',#1489,#1488,#29,.T.);
#1861=EDGE_CURVE('',#1490,#1489,#687,.T.);
#1862=EDGE_CURVE('',#1491,#1490,#30,.T.);
#1863=EDGE_CURVE('',#1492,#1491,#688,.T.);
#1864=EDGE_CURVE('',#1493,#1492,#31,.T.);
#1865=EDGE_CURVE('',#1494,#1493,#689,.T.);
#1866=EDGE_CURVE('',#1495,#1494,#32,.T.);
#1867=EDGE_CURVE('',#1496,#1495,#690,.T.);
#1868=EDGE_CURVE('',#1497,#1496,#33,.T.);
#1869=EDGE_CURVE('',#1498,#1497,#691,.T.);
#1870=EDGE_CURVE('',#1499,#1498,#34,.T.);
#1871=EDGE_CURVE('',#1500,#1499,#692,.T.);
#1872=EDGE_CURVE('',#1501,#1500,#35,.T.);
#1873=EDGE_CURVE('',#1501,#1502,#693,.T.);
#1874=EDGE_CURVE('',#1502,#1503,#694,.T.);
#1875=EDGE_CURVE('',#1503,#1504,#695,.T.);
#1876=EDGE_CURVE('',#1504,#1505,#696,.T.);
#1877=EDGE_CURVE('',#1505,#1506,#697,.T.);
#1878=EDGE_CURVE('',#1507,#1506,#36,.T.);
#1879=EDGE_CURVE('',#1508,#1507,#698,.T.);
#1880=EDGE_CURVE('',#1509,#1508,#37,.T.);
#1881=EDGE_CURVE('',#1510,#1509,#699,.T.);
#1882=EDGE_CURVE('',#1511,#1510,#38,.T.);
#1883=EDGE_CURVE('',#1512,#1511,#700,.T.);
#1884=EDGE_CURVE('',#1513,#1512,#39,.T.);
#1885=EDGE_CURVE('',#1514,#1513,#701,.T.);
#1886=EDGE_CURVE('',#1515,#1514,#40,.T.);
#1887=EDGE_CURVE('',#1516,#1515,#702,.T.);
#1888=EDGE_CURVE('',#1517,#1516,#41,.T.);
#1889=EDGE_CURVE('',#1518,#1517,#703,.T.);
#1890=EDGE_CURVE('',#1519,#1518,#42,.T.);
#1891=EDGE_CURVE('',#1520,#1519,#704,.T.);
#1892=EDGE_CURVE('',#1521,#1520,#43,.T.);
#1893=EDGE_CURVE('',#1522,#1521,#705,.T.);
#1894=EDGE_CURVE('',#1523,#1522,#44,.T.);
#1895=EDGE_CURVE('',#1524,#1523,#706,.T.);
#1896=EDGE_CURVE('',#1464,#1524,#45,.T.);
#1897=EDGE_CURVE('',#1525,#1526,#707,.T.);
#1898=EDGE_CURVE('',#1526,#1527,#708,.T.);
#1899=EDGE_CURVE('',#1527,#1528,#709,.T.);
#1900=EDGE_CURVE('',#1528,#1525,#710,.T.);
#1901=EDGE_CURVE('',#1529,#1525,#711,.T.);
#1902=EDGE_CURVE('',#1529,#1530,#712,.T.);
#1903=EDGE_CURVE('',#1531,#1530,#713,.T.);
#1904=EDGE_CURVE('',#1531,#1532,#714,.T.);
#1905=EDGE_CURVE('',#1532,#1526,#715,.T.);
#1906=EDGE_CURVE('',#1533,#1529,#716,.T.);
#1907=EDGE_CURVE('',#1528,#1533,#717,.T.);
#1908=EDGE_CURVE('',#1527,#1534,#718,.T.);
#1909=EDGE_CURVE('',#1534,#1535,#719,.T.);
#1910=EDGE_CURVE('',#1535,#1536,#720,.T.);
#1911=EDGE_CURVE('',#1533,#1536,#721,.T.);
#1912=EDGE_CURVE('',#1526,#1527,#722,.T.);
#1913=EDGE_CURVE('',#1505,#1537,#723,.T.);
#1914=EDGE_CURVE('',#1537,#1538,#724,.T.);
#1915=EDGE_CURVE('',#1538,#1506,#725,.T.);
#1916=EDGE_CURVE('',#1504,#1539,#726,.T.);
#1917=EDGE_CURVE('',#1540,#1539,#727,.T.);
#1918=EDGE_CURVE('',#1541,#1540,#728,.T.);
#1919=EDGE_CURVE('',#1542,#1541,#729,.T.);
#1920=EDGE_CURVE('',#1542,#1543,#730,.T.);
#1921=EDGE_CURVE('',#1543,#1544,#731,.T.);
#1922=EDGE_CURVE('',#1544,#1545,#732,.T.);
#1923=EDGE_CURVE('',#1546,#1545,#733,.T.);
#1924=EDGE_CURVE('',#1547,#1546,#734,.T.);
#1925=EDGE_CURVE('',#1548,#1547,#735,.T.);
#1926=EDGE_CURVE('',#1473,#1548,#736,.T.);
#1927=EDGE_CURVE('',#1472,#1549,#737,.T.);
#1928=EDGE_CURVE('',#1537,#1549,#738,.T.);
#1929=EDGE_CURVE('',#1503,#1550,#739,.T.);
#1930=EDGE_CURVE('',#1550,#1539,#740,.T.);
#1931=EDGE_CURVE('',#1502,#1551,#741,.T.);
#1932=EDGE_CURVE('',#1551,#1552,#742,.T.);
#1933=EDGE_CURVE('',#1475,#1552,#743,.T.);
#1934=EDGE_CURVE('',#1474,#1553,#744,.T.);
#1935=EDGE_CURVE('',#1554,#1553,#745,.T.);
#1936=EDGE_CURVE('',#1555,#1554,#746,.T.);
#1937=EDGE_CURVE('',#1555,#1556,#747,.T.);
#1938=EDGE_CURVE('',#1557,#1556,#748,.T.);
#1939=EDGE_CURVE('',#1550,#1557,#749,.T.);
#1940=EDGE_CURVE('',#1501,#1558,#750,.T.);
#1941=EDGE_CURVE('',#1558,#1551,#751,.T.);
#1942=EDGE_CURVE('',#1552,#1559,#752,.T.);
#1943=EDGE_CURVE('',#1559,#1476,#753,.T.);
#1944=EDGE_CURVE('',#1548,#1553,#754,.T.);
#1945=EDGE_CURVE('',#1471,#1560,#755,.T.);
#1946=EDGE_CURVE('',#1560,#1549,#756,.T.);
#1947=EDGE_CURVE('',#1536,#1530,#757,.T.);
#1948=EDGE_CURVE('',#1526,#1527,#758,.T.);
#1949=EDGE_CURVE('',#1561,#1562,#46,.T.);
#1950=EDGE_CURVE('',#1563,#1561,#759,.T.);
#1951=EDGE_CURVE('',#1564,#1563,#47,.T.);
#1952=EDGE_CURVE('',#1565,#1564,#760,.T.);
#1953=EDGE_CURVE('',#1566,#1565,#48,.T.);
#1954=EDGE_CURVE('',#1567,#1566,#761,.T.);
#1955=EDGE_CURVE('',#1568,#1567,#49,.T.);
#1956=EDGE_CURVE('',#1569,#1568,#762,.T.);
#1957=EDGE_CURVE('',#1570,#1569,#50,.T.);
#1958=EDGE_CURVE('',#1571,#1570,#763,.T.);
#1959=EDGE_CURVE('',#1572,#1571,#51,.T.);
#1960=EDGE_CURVE('',#1573,#1572,#764,.T.);
#1961=EDGE_CURVE('',#1574,#1573,#52,.T.);
#1962=EDGE_CURVE('',#1575,#1574,#765,.T.);
#1963=EDGE_CURVE('',#1576,#1575,#53,.T.);
#1964=EDGE_CURVE('',#1577,#1576,#766,.T.);
#1965=EDGE_CURVE('',#1578,#1577,#54,.T.);
#1966=EDGE_CURVE('',#1579,#1578,#767,.T.);
#1967=EDGE_CURVE('',#1580,#1579,#55,.T.);
#1968=EDGE_CURVE('',#1581,#1580,#768,.T.);
#1969=EDGE_CURVE('',#1582,#1581,#56,.T.);
#1970=EDGE_CURVE('',#1583,#1582,#769,.T.);
#1971=EDGE_CURVE('',#1583,#1538,#57,.T.);
#1972=EDGE_CURVE('',#1560,#1584,#58,.T.);
#1973=EDGE_CURVE('',#1585,#1584,#770,.T.);
#1974=EDGE_CURVE('',#1586,#1585,#59,.T.);
#1975=EDGE_CURVE('',#1562,#1586,#771,.T.);
#1976=EDGE_CURVE('',#1583,#1507,#772,.T.);
#1977=EDGE_CURVE('',#1557,#1540,#773,.T.);
#1978=EDGE_CURVE('',#1500,#1587,#774,.T.);
#1979=EDGE_CURVE('',#1587,#1558,#60,.T.);
#1980=EDGE_CURVE('',#1588,#1589,#61,.T.);
#1981=EDGE_CURVE('',#1590,#1588,#775,.T.);
#1982=EDGE_CURVE('',#1590,#1559,#62,.T.);
#1983=EDGE_CURVE('',#1587,#1591,#776,.T.);
#1984=EDGE_CURVE('',#1592,#1591,#63,.T.);
#1985=EDGE_CURVE('',#1593,#1592,#777,.T.);
#1986=EDGE_CURVE('',#1594,#1593,#64,.T.);
#1987=EDGE_CURVE('',#1595,#1594,#778,.T.);
#1988=EDGE_CURVE('',#1596,#1595,#65,.T.);
#1989=EDGE_CURVE('',#1597,#1596,#779,.T.);
#1990=EDGE_CURVE('',#1598,#1597,#66,.T.);
#1991=EDGE_CURVE('',#1599,#1598,#780,.T.);
#1992=EDGE_CURVE('',#1600,#1599,#67,.T.);
#1993=EDGE_CURVE('',#1601,#1600,#781,.T.);
#1994=EDGE_CURVE('',#1602,#1601,#68,.T.);
#1995=EDGE_CURVE('',#1603,#1602,#782,.T.);
#1996=EDGE_CURVE('',#1604,#1603,#69,.T.);
#1997=EDGE_CURVE('',#1460,#1604,#783,.T.);
#1998=EDGE_CURVE('',#1605,#1459,#784,.T.);
#1999=EDGE_CURVE('',#1606,#1605,#70,.T.);
#2000=EDGE_CURVE('',#1607,#1606,#785,.T.);
#2001=EDGE_CURVE('',#1608,#1607,#71,.T.);
#2002=EDGE_CURVE('',#1609,#1608,#786,.T.);
#2003=EDGE_CURVE('',#1610,#1609,#72,.T.);
#2004=EDGE_CURVE('',#1589,#1610,#787,.T.);
#2005=EDGE_CURVE('',#1590,#1477,#788,.T.);
#2006=EDGE_CURVE('',#1547,#1554,#789,.T.);
#2007=EDGE_CURVE('',#1470,#1584,#790,.T.);
#2008=EDGE_CURVE('',#1532,#1534,#791,.T.);
#2009=EDGE_CURVE('',#1611,#1612,#73,.T.);
#2010=EDGE_CURVE('',#1612,#1613,#792,.T.);
#2011=EDGE_CURVE('',#1613,#1614,#74,.T.);
#2012=EDGE_CURVE('',#1614,#1615,#793,.T.);
#2013=EDGE_CURVE('',#1615,#1616,#75,.T.);
#2014=EDGE_CURVE('',#1616,#1617,#794,.T.);
#2015=EDGE_CURVE('',#1617,#1618,#76,.T.);
#2016=EDGE_CURVE('',#1618,#1611,#795,.T.);
#2017=EDGE_CURVE('',#1531,#1535,#796,.T.);
#2018=EDGE_CURVE('',#1582,#1508,#797,.T.);
#2019=EDGE_CURVE('',#1556,#1541,#798,.T.);
#2020=EDGE_CURVE('',#1499,#1591,#799,.T.);
#2021=EDGE_CURVE('',#1588,#1478,#800,.T.);
#2022=EDGE_CURVE('',#1546,#1555,#801,.T.);
#2023=EDGE_CURVE('',#1469,#1585,#802,.T.);
#2024=EDGE_CURVE('',#1542,#1619,#803,.T.);
#2025=EDGE_CURVE('',#1620,#1619,#804,.T.);
#2026=EDGE_CURVE('',#1620,#1621,#805,.T.);
#2027=EDGE_CURVE('',#1621,#1613,#806,.T.);
#2028=EDGE_CURVE('',#1612,#1622,#807,.T.);
#2029=EDGE_CURVE('',#1622,#1623,#808,.T.);
#2030=EDGE_CURVE('',#1543,#1623,#809,.T.);
#2031=EDGE_CURVE('',#1611,#1624,#810,.T.);
#2032=EDGE_CURVE('',#1624,#1622,#77,.T.);
#2033=EDGE_CURVE('',#1618,#1625,#811,.T.);
#2034=EDGE_CURVE('',#1625,#1624,#812,.T.);
#2035=EDGE_CURVE('',#1626,#1625,#78,.T.);
#2036=EDGE_CURVE('',#1617,#1626,#813,.T.);
#2037=EDGE_CURVE('',#1616,#1627,#814,.T.);
#2038=EDGE_CURVE('',#1627,#1628,#815,.T.);
#2039=EDGE_CURVE('',#1629,#1628,#816,.T.);
#2040=EDGE_CURVE('',#1629,#1545,#817,.T.);
#2041=EDGE_CURVE('',#1630,#1544,#818,.T.);
#2042=EDGE_CURVE('',#1630,#1626,#819,.T.);
#2043=EDGE_CURVE('',#1615,#1631,#820,.T.);
#2044=EDGE_CURVE('',#1631,#1627,#79,.T.);
#2045=EDGE_CURVE('',#1614,#1632,#821,.T.);
#2046=EDGE_CURVE('',#1632,#1631,#822,.T.);
#2047=EDGE_CURVE('',#1621,#1632,#80,.T.);
#2048=EDGE_CURVE('',#1581,#1509,#823,.T.);
#2049=EDGE_CURVE('',#1556,#1619,#824,.T.);
#2050=EDGE_CURVE('',#1498,#1592,#825,.T.);
#2051=EDGE_CURVE('',#1589,#1479,#826,.T.);
#2052=EDGE_CURVE('',#1629,#1555,#827,.T.);
#2053=EDGE_CURVE('',#1468,#1586,#828,.T.);
#2054=EDGE_CURVE('',#1630,#1623,#829,.T.);
#2055=EDGE_CURVE('',#1620,#1628,#830,.T.);
#2056=EDGE_CURVE('',#1580,#1510,#831,.T.);
#2057=EDGE_CURVE('',#1497,#1593,#832,.T.);
#2058=EDGE_CURVE('',#1610,#1480,#833,.T.);
#2059=EDGE_CURVE('',#1467,#1562,#834,.T.);
#2060=EDGE_CURVE('',#1579,#1511,#835,.T.);
#2061=EDGE_CURVE('',#1496,#1594,#836,.T.);
#2062=EDGE_CURVE('',#1609,#1481,#837,.T.);
#2063=EDGE_CURVE('',#1466,#1561,#838,.T.);
#2064=EDGE_CURVE('',#1578,#1512,#839,.T.);
#2065=EDGE_CURVE('',#1495,#1595,#840,.T.);
#2066=EDGE_CURVE('',#1608,#1482,#841,.T.);
#2067=EDGE_CURVE('',#1465,#1563,#842,.T.);
#2068=EDGE_CURVE('',#1577,#1513,#843,.T.);
#2069=EDGE_CURVE('',#1494,#1596,#844,.T.);
#2070=EDGE_CURVE('',#1607,#1483,#845,.T.);
#2071=EDGE_CURVE('',#1463,#1564,#846,.T.);
#2072=EDGE_CURVE('',#1576,#1514,#847,.T.);
#2073=EDGE_CURVE('',#1493,#1597,#848,.T.);
#2074=EDGE_CURVE('',#1606,#1484,#849,.T.);
#2075=EDGE_CURVE('',#1464,#1565,#850,.T.);
#2076=EDGE_CURVE('',#1575,#1515,#851,.T.);
#2077=EDGE_CURVE('',#1492,#1598,#852,.T.);
#2078=EDGE_CURVE('',#1605,#1485,#853,.T.);
#2079=EDGE_CURVE('',#1524,#1566,#854,.T.);
#2080=EDGE_CURVE('',#1574,#1516,#855,.T.);
#2081=EDGE_CURVE('',#1491,#1599,#856,.T.);
#2082=EDGE_CURVE('',#1523,#1567,#857,.T.);
#2083=EDGE_CURVE('',#1573,#1517,#858,.T.);
#2084=EDGE_CURVE('',#1490,#1600,#859,.T.);
#2085=EDGE_CURVE('',#1522,#1568,#860,.T.);
#2086=EDGE_CURVE('',#1572,#1518,#861,.T.);
#2087=EDGE_CURVE('',#1489,#1601,#862,.T.);
#2088=EDGE_CURVE('',#1604,#1486,#863,.T.);
#2089=EDGE_CURVE('',#1521,#1569,#864,.T.);
#2090=EDGE_CURVE('',#1571,#1519,#865,.T.);
#2091=EDGE_CURVE('',#1488,#1602,#866,.T.);
#2092=EDGE_CURVE('',#1603,#1487,#867,.T.);
#2093=EDGE_CURVE('',#1520,#1570,#868,.T.);
#2094=EDGE_CURVE('',#1633,#1633,#81,.T.);
#2095=EDGE_CURVE('',#1633,#1634,#869,.T.);
#2096=EDGE_CURVE('',#1634,#1634,#82,.T.);
#2097=EDGE_CURVE('',#1635,#1636,#870,.T.);
#2098=EDGE_CURVE('',#1636,#1637,#871,.T.);
#2099=EDGE_CURVE('',#1637,#1638,#872,.T.);
#2100=EDGE_CURVE('',#1638,#1639,#873,.T.);
#2101=EDGE_CURVE('',#1639,#1640,#874,.T.);
#2102=EDGE_CURVE('',#1640,#1641,#875,.T.);
#2103=EDGE_CURVE('',#1641,#1642,#876,.T.);
#2104=EDGE_CURVE('',#1642,#1635,#877,.T.);
#2105=EDGE_CURVE('',#1643,#1637,#878,.T.);
#2106=EDGE_CURVE('',#1636,#1644,#879,.T.);
#2107=EDGE_CURVE('',#1643,#1644,#880,.T.);
#2108=EDGE_CURVE('',#1635,#1645,#881,.T.);
#2109=EDGE_CURVE('',#1645,#1644,#882,.T.);
#2110=EDGE_CURVE('',#1642,#1646,#883,.T.);
#2111=EDGE_CURVE('',#1646,#1645,#884,.T.);
#2112=EDGE_CURVE('',#1641,#1647,#885,.T.);
#2113=EDGE_CURVE('',#1647,#1646,#886,.T.);
#2114=EDGE_CURVE('',#1640,#1648,#887,.T.);
#2115=EDGE_CURVE('',#1648,#1647,#888,.T.);
#2116=EDGE_CURVE('',#1639,#1649,#889,.T.);
#2117=EDGE_CURVE('',#1649,#1648,#890,.T.);
#2118=EDGE_CURVE('',#1638,#1650,#891,.T.);
#2119=EDGE_CURVE('',#1650,#1649,#892,.T.);
#2120=EDGE_CURVE('',#1643,#1650,#893,.T.);
#2121=EDGE_CURVE('',#1651,#1652,#894,.T.);
#2122=EDGE_CURVE('',#1652,#1653,#895,.T.);
#2123=EDGE_CURVE('',#1653,#1654,#896,.T.);
#2124=EDGE_CURVE('',#1654,#1651,#897,.T.);
#2125=EDGE_CURVE('',#1655,#1656,#898,.T.);
#2126=EDGE_CURVE('',#1655,#1657,#899,.T.);
#2127=EDGE_CURVE('',#1657,#1653,#83,.T.);
#2128=EDGE_CURVE('',#1652,#1658,#84,.T.);
#2129=EDGE_CURVE('',#1658,#1659,#900,.T.);
#2130=EDGE_CURVE('',#1660,#1659,#901,.T.);
#2131=EDGE_CURVE('',#1660,#1661,#902,.T.);
#2132=EDGE_CURVE('',#1661,#1662,#903,.T.);
#2133=EDGE_CURVE('',#1662,#1663,#904,.T.);
#2134=EDGE_CURVE('',#1663,#1664,#905,.T.);
#2135=EDGE_CURVE('',#1664,#1665,#906,.T.);
#2136=EDGE_CURVE('',#1665,#1666,#907,.T.);
#2137=EDGE_CURVE('',#1666,#1656,#908,.T.);
#2138=EDGE_CURVE('',#1667,#1658,#909,.T.);
#2139=EDGE_CURVE('',#1651,#1667,#85,.T.);
#2140=EDGE_CURVE('',#1654,#1668,#86,.T.);
#2141=EDGE_CURVE('',#1668,#1669,#910,.T.);
#2142=EDGE_CURVE('',#1670,#1669,#911,.T.);
#2143=EDGE_CURVE('',#1670,#1671,#912,.T.);
#2144=EDGE_CURVE('',#1671,#1672,#913,.T.);
#2145=EDGE_CURVE('',#1672,#1673,#914,.T.);
#2146=EDGE_CURVE('',#1673,#1674,#915,.T.);
#2147=EDGE_CURVE('',#1674,#1675,#916,.T.);
#2148=EDGE_CURVE('',#1675,#1676,#917,.T.);
#2149=EDGE_CURVE('',#1676,#1677,#918,.T.);
#2150=EDGE_CURVE('',#1678,#1677,#919,.T.);
#2151=EDGE_CURVE('',#1678,#1667,#920,.T.);
#2152=EDGE_CURVE('',#1657,#1668,#921,.T.);
#2153=EDGE_CURVE('',#1655,#1669,#922,.T.);
#2154=EDGE_CURVE('',#1666,#1671,#923,.T.);
#2155=EDGE_CURVE('',#1670,#1656,#924,.T.);
#2156=EDGE_CURVE('',#1665,#1672,#925,.T.);
#2157=EDGE_CURVE('',#1664,#1673,#926,.T.);
#2158=EDGE_CURVE('',#1663,#1674,#927,.T.);
#2159=EDGE_CURVE('',#1662,#1675,#928,.T.);
#2160=EDGE_CURVE('',#1661,#1676,#929,.T.);
#2161=EDGE_CURVE('',#1660,#1677,#930,.T.);
#2162=EDGE_CURVE('',#1678,#1659,#931,.T.);
#2163=EDGE_CURVE('',#1679,#1680,#932,.T.);
#2164=EDGE_CURVE('',#1680,#1681,#933,.T.);
#2165=EDGE_CURVE('',#1681,#1682,#934,.T.);
#2166=EDGE_CURVE('',#1682,#1679,#935,.T.);
#2167=EDGE_CURVE('',#1683,#1684,#936,.T.);
#2168=EDGE_CURVE('',#1684,#1681,#87,.T.);
#2169=EDGE_CURVE('',#1680,#1683,#88,.T.);
#2170=EDGE_CURVE('',#1685,#1683,#937,.T.);
#2171=EDGE_CURVE('',#1679,#1686,#89,.T.);
#2172=EDGE_CURVE('',#1686,#1687,#938,.T.);
#2173=EDGE_CURVE('',#1688,#1687,#939,.T.);
#2174=EDGE_CURVE('',#1688,#1689,#940,.T.);
#2175=EDGE_CURVE('',#1689,#1690,#941,.T.);
#2176=EDGE_CURVE('',#1690,#1691,#942,.T.);
#2177=EDGE_CURVE('',#1691,#1692,#943,.T.);
#2178=EDGE_CURVE('',#1692,#1693,#944,.T.);
#2179=EDGE_CURVE('',#1693,#1694,#945,.T.);
#2180=EDGE_CURVE('',#1694,#1695,#946,.T.);
#2181=EDGE_CURVE('',#1685,#1695,#947,.T.);
#2182=EDGE_CURVE('',#1682,#1696,#90,.T.);
#2183=EDGE_CURVE('',#1696,#1686,#948,.T.);
#2184=EDGE_CURVE('',#1684,#1697,#949,.T.);
#2185=EDGE_CURVE('',#1698,#1697,#950,.T.);
#2186=EDGE_CURVE('',#1698,#1699,#951,.T.);
#2187=EDGE_CURVE('',#1699,#1700,#952,.T.);
#2188=EDGE_CURVE('',#1700,#1701,#953,.T.);
#2189=EDGE_CURVE('',#1701,#1702,#954,.T.);
#2190=EDGE_CURVE('',#1702,#1703,#955,.T.);
#2191=EDGE_CURVE('',#1703,#1704,#956,.T.);
#2192=EDGE_CURVE('',#1704,#1705,#957,.T.);
#2193=EDGE_CURVE('',#1706,#1705,#958,.T.);
#2194=EDGE_CURVE('',#1706,#1696,#959,.T.);
#2195=EDGE_CURVE('',#1685,#1697,#960,.T.);
#2196=EDGE_CURVE('',#1694,#1699,#961,.T.);
#2197=EDGE_CURVE('',#1698,#1695,#962,.T.);
#2198=EDGE_CURVE('',#1693,#1700,#963,.T.);
#2199=EDGE_CURVE('',#1692,#1701,#964,.T.);
#2200=EDGE_CURVE('',#1691,#1702,#965,.T.);
#2201=EDGE_CURVE('',#1690,#1703,#966,.T.);
#2202=EDGE_CURVE('',#1689,#1704,#967,.T.);
#2203=EDGE_CURVE('',#1688,#1705,#968,.T.);
#2204=EDGE_CURVE('',#1706,#1687,#969,.T.);
#2205=ORIENTED_EDGE('',*,*,#1707,.T.);
#2206=ORIENTED_EDGE('',*,*,#1708,.T.);
#2207=ORIENTED_EDGE('',*,*,#1709,.T.);
#2208=ORIENTED_EDGE('',*,*,#1710,.T.);
#2209=ORIENTED_EDGE('',*,*,#1711,.T.);
#2210=ORIENTED_EDGE('',*,*,#1712,.T.);
#2211=ORIENTED_EDGE('',*,*,#1713,.T.);
#2212=ORIENTED_EDGE('',*,*,#1714,.T.);
#2213=ORIENTED_EDGE('',*,*,#1708,.F.);
#2214=ORIENTED_EDGE('',*,*,#1715,.T.);
#2215=ORIENTED_EDGE('',*,*,#1716,.T.);
#2216=ORIENTED_EDGE('',*,*,#1715,.F.);
#2217=ORIENTED_EDGE('',*,*,#1707,.F.);
#2218=ORIENTED_EDGE('',*,*,#1717,.T.);
#2219=ORIENTED_EDGE('',*,*,#1718,.T.);
#2220=ORIENTED_EDGE('',*,*,#1717,.F.);
#2221=ORIENTED_EDGE('',*,*,#1713,.F.);
#2222=ORIENTED_EDGE('',*,*,#1719,.T.);
#2223=ORIENTED_EDGE('',*,*,#1720,.T.);
#2224=ORIENTED_EDGE('',*,*,#1719,.F.);
#2225=ORIENTED_EDGE('',*,*,#1712,.F.);
#2226=ORIENTED_EDGE('',*,*,#1721,.T.);
#2227=ORIENTED_EDGE('',*,*,#1722,.T.);
#2228=ORIENTED_EDGE('',*,*,#1721,.F.);
#2229=ORIENTED_EDGE('',*,*,#1711,.F.);
#2230=ORIENTED_EDGE('',*,*,#1723,.T.);
#2231=ORIENTED_EDGE('',*,*,#1724,.T.);
#2232=ORIENTED_EDGE('',*,*,#1723,.F.);
#2233=ORIENTED_EDGE('',*,*,#1710,.F.);
#2234=ORIENTED_EDGE('',*,*,#1725,.T.);
#2235=ORIENTED_EDGE('',*,*,#1726,.T.);
#2236=ORIENTED_EDGE('',*,*,#1725,.F.);
#2237=ORIENTED_EDGE('',*,*,#1709,.F.);
#2238=ORIENTED_EDGE('',*,*,#1714,.F.);
#2239=ORIENTED_EDGE('',*,*,#1727,.T.);
#2240=ORIENTED_EDGE('',*,*,#1726,.F.);
#2241=ORIENTED_EDGE('',*,*,#1727,.F.);
#2242=ORIENTED_EDGE('',*,*,#1716,.F.);
#2243=ORIENTED_EDGE('',*,*,#1718,.F.);
#2244=ORIENTED_EDGE('',*,*,#1720,.F.);
#2245=ORIENTED_EDGE('',*,*,#1722,.F.);
#2246=ORIENTED_EDGE('',*,*,#1724,.F.);
#2247=ORIENTED_EDGE('',*,*,#1728,.T.);
#2248=ORIENTED_EDGE('',*,*,#1729,.T.);
#2249=ORIENTED_EDGE('',*,*,#1730,.T.);
#2250=ORIENTED_EDGE('',*,*,#1731,.T.);
#2251=ORIENTED_EDGE('',*,*,#1732,.T.);
#2252=ORIENTED_EDGE('',*,*,#1729,.F.);
#2253=ORIENTED_EDGE('',*,*,#1733,.T.);
#2254=ORIENTED_EDGE('',*,*,#1734,.T.);
#2255=ORIENTED_EDGE('',*,*,#1735,.T.);
#2256=ORIENTED_EDGE('',*,*,#1730,.F.);
#2257=ORIENTED_EDGE('',*,*,#1732,.F.);
#2258=ORIENTED_EDGE('',*,*,#1728,.F.);
#2259=ORIENTED_EDGE('',*,*,#1731,.F.);
#2260=ORIENTED_EDGE('',*,*,#1735,.F.);
#2261=ORIENTED_EDGE('',*,*,#1736,.T.);
#2262=ORIENTED_EDGE('',*,*,#1737,.T.);
#2263=ORIENTED_EDGE('',*,*,#1738,.T.);
#2264=ORIENTED_EDGE('',*,*,#1734,.F.);
#2265=ORIENTED_EDGE('',*,*,#1739,.T.);
#2266=ORIENTED_EDGE('',*,*,#1736,.F.);
#2267=ORIENTED_EDGE('',*,*,#1737,.F.);
#2268=ORIENTED_EDGE('',*,*,#1739,.F.);
#2269=ORIENTED_EDGE('',*,*,#1733,.F.);
#2270=ORIENTED_EDGE('',*,*,#1738,.F.);
#2271=ORIENTED_EDGE('',*,*,#1740,.T.);
#2272=ORIENTED_EDGE('',*,*,#1741,.T.);
#2273=ORIENTED_EDGE('',*,*,#1742,.T.);
#2274=ORIENTED_EDGE('',*,*,#1741,.F.);
#2275=ORIENTED_EDGE('',*,*,#1742,.F.);
#2276=ORIENTED_EDGE('',*,*,#1740,.F.);
#2277=ORIENTED_EDGE('',*,*,#1743,.T.);
#2278=ORIENTED_EDGE('',*,*,#1744,.T.);
#2279=ORIENTED_EDGE('',*,*,#1745,.T.);
#2280=ORIENTED_EDGE('',*,*,#1746,.T.);
#2281=ORIENTED_EDGE('',*,*,#1747,.T.);
#2282=ORIENTED_EDGE('',*,*,#1746,.F.);
#2283=ORIENTED_EDGE('',*,*,#1748,.T.);
#2284=ORIENTED_EDGE('',*,*,#1749,.F.);
#2285=ORIENTED_EDGE('',*,*,#1748,.F.);
#2286=ORIENTED_EDGE('',*,*,#1745,.F.);
#2287=ORIENTED_EDGE('',*,*,#1747,.F.);
#2288=ORIENTED_EDGE('',*,*,#1750,.T.);
#2289=ORIENTED_EDGE('',*,*,#1751,.T.);
#2290=ORIENTED_EDGE('',*,*,#1744,.F.);
#2291=ORIENTED_EDGE('',*,*,#1752,.T.);
#2292=ORIENTED_EDGE('',*,*,#1753,.T.);
#2293=ORIENTED_EDGE('',*,*,#1752,.F.);
#2294=ORIENTED_EDGE('',*,*,#1743,.F.);
#2295=ORIENTED_EDGE('',*,*,#1751,.F.);
#2296=ORIENTED_EDGE('',*,*,#1754,.T.);
#2297=ORIENTED_EDGE('',*,*,#1753,.F.);
#2298=ORIENTED_EDGE('',*,*,#1754,.F.);
#2299=ORIENTED_EDGE('',*,*,#1749,.T.);
#2300=ORIENTED_EDGE('',*,*,#1750,.F.);
#2301=ORIENTED_EDGE('',*,*,#1755,.T.);
#2302=ORIENTED_EDGE('',*,*,#1756,.T.);
#2303=ORIENTED_EDGE('',*,*,#1757,.T.);
#2304=ORIENTED_EDGE('',*,*,#1758,.T.);
#2305=ORIENTED_EDGE('',*,*,#1759,.T.);
#2306=ORIENTED_EDGE('',*,*,#1760,.T.);
#2307=ORIENTED_EDGE('',*,*,#1761,.T.);
#2308=ORIENTED_EDGE('',*,*,#1762,.T.);
#2309=ORIENTED_EDGE('',*,*,#1763,.T.);
#2310=ORIENTED_EDGE('',*,*,#1764,.T.);
#2311=ORIENTED_EDGE('',*,*,#1765,.T.);
#2312=ORIENTED_EDGE('',*,*,#1766,.T.);
#2313=ORIENTED_EDGE('',*,*,#1767,.T.);
#2314=ORIENTED_EDGE('',*,*,#1768,.T.);
#2315=ORIENTED_EDGE('',*,*,#1769,.T.);
#2316=ORIENTED_EDGE('',*,*,#1767,.F.);
#2317=ORIENTED_EDGE('',*,*,#1770,.T.);
#2318=ORIENTED_EDGE('',*,*,#1771,.T.);
#2319=ORIENTED_EDGE('',*,*,#1770,.F.);
#2320=ORIENTED_EDGE('',*,*,#1766,.F.);
#2321=ORIENTED_EDGE('',*,*,#1772,.T.);
#2322=ORIENTED_EDGE('',*,*,#1773,.T.);
#2323=ORIENTED_EDGE('',*,*,#1772,.F.);
#2324=ORIENTED_EDGE('',*,*,#1768,.F.);
#2325=ORIENTED_EDGE('',*,*,#1769,.F.);
#2326=ORIENTED_EDGE('',*,*,#1774,.T.);
#2327=ORIENTED_EDGE('',*,*,#1775,.T.);
#2328=ORIENTED_EDGE('',*,*,#1756,.F.);
#2329=ORIENTED_EDGE('',*,*,#1776,.T.);
#2330=ORIENTED_EDGE('',*,*,#1777,.T.);
#2331=ORIENTED_EDGE('',*,*,#1776,.F.);
#2332=ORIENTED_EDGE('',*,*,#1755,.F.);
#2333=ORIENTED_EDGE('',*,*,#1778,.T.);
#2334=ORIENTED_EDGE('',*,*,#1779,.T.);
#2335=ORIENTED_EDGE('',*,*,#1778,.F.);
#2336=ORIENTED_EDGE('',*,*,#1765,.F.);
#2337=ORIENTED_EDGE('',*,*,#1780,.T.);
#2338=ORIENTED_EDGE('',*,*,#1781,.T.);
#2339=ORIENTED_EDGE('',*,*,#1780,.F.);
#2340=ORIENTED_EDGE('',*,*,#1764,.F.);
#2341=ORIENTED_EDGE('',*,*,#1782,.T.);
#2342=ORIENTED_EDGE('',*,*,#1783,.T.);
#2343=ORIENTED_EDGE('',*,*,#1782,.F.);
#2344=ORIENTED_EDGE('',*,*,#1763,.F.);
#2345=ORIENTED_EDGE('',*,*,#1784,.T.);
#2346=ORIENTED_EDGE('',*,*,#1785,.T.);
#2347=ORIENTED_EDGE('',*,*,#1784,.F.);
#2348=ORIENTED_EDGE('',*,*,#1762,.F.);
#2349=ORIENTED_EDGE('',*,*,#1786,.T.);
#2350=ORIENTED_EDGE('',*,*,#1787,.T.);
#2351=ORIENTED_EDGE('',*,*,#1786,.F.);
#2352=ORIENTED_EDGE('',*,*,#1761,.F.);
#2353=ORIENTED_EDGE('',*,*,#1788,.T.);
#2354=ORIENTED_EDGE('',*,*,#1789,.T.);
#2355=ORIENTED_EDGE('',*,*,#1788,.F.);
#2356=ORIENTED_EDGE('',*,*,#1760,.F.);
#2357=ORIENTED_EDGE('',*,*,#1790,.T.);
#2358=ORIENTED_EDGE('',*,*,#1791,.T.);
#2359=ORIENTED_EDGE('',*,*,#1790,.F.);
#2360=ORIENTED_EDGE('',*,*,#1759,.F.);
#2361=ORIENTED_EDGE('',*,*,#1792,.T.);
#2362=ORIENTED_EDGE('',*,*,#1793,.T.);
#2363=ORIENTED_EDGE('',*,*,#1792,.F.);
#2364=ORIENTED_EDGE('',*,*,#1758,.F.);
#2365=ORIENTED_EDGE('',*,*,#1794,.T.);
#2366=ORIENTED_EDGE('',*,*,#1795,.T.);
#2367=ORIENTED_EDGE('',*,*,#1794,.F.);
#2368=ORIENTED_EDGE('',*,*,#1757,.F.);
#2369=ORIENTED_EDGE('',*,*,#1775,.F.);
#2370=ORIENTED_EDGE('',*,*,#1796,.T.);
#2371=ORIENTED_EDGE('',*,*,#1795,.F.);
#2372=ORIENTED_EDGE('',*,*,#1796,.F.);
#2373=ORIENTED_EDGE('',*,*,#1777,.F.);
#2374=ORIENTED_EDGE('',*,*,#1779,.F.);
#2375=ORIENTED_EDGE('',*,*,#1781,.F.);
#2376=ORIENTED_EDGE('',*,*,#1783,.F.);
#2377=ORIENTED_EDGE('',*,*,#1785,.F.);
#2378=ORIENTED_EDGE('',*,*,#1787,.F.);
#2379=ORIENTED_EDGE('',*,*,#1789,.F.);
#2380=ORIENTED_EDGE('',*,*,#1791,.F.);
#2381=ORIENTED_EDGE('',*,*,#1793,.F.);
#2382=ORIENTED_EDGE('',*,*,#1773,.F.);
#2383=ORIENTED_EDGE('',*,*,#1774,.F.);
#2384=ORIENTED_EDGE('',*,*,#1771,.F.);
#2385=ORIENTED_EDGE('',*,*,#1797,.T.);
#2386=ORIENTED_EDGE('',*,*,#1798,.T.);
#2387=ORIENTED_EDGE('',*,*,#1799,.T.);
#2388=ORIENTED_EDGE('',*,*,#1798,.F.);
#2389=ORIENTED_EDGE('',*,*,#1797,.F.);
#2390=ORIENTED_EDGE('',*,*,#1799,.F.);
#2391=ORIENTED_EDGE('',*,*,#1800,.T.);
#2392=ORIENTED_EDGE('',*,*,#1801,.T.);
#2393=ORIENTED_EDGE('',*,*,#1802,.T.);
#2394=ORIENTED_EDGE('',*,*,#1803,.T.);
#2395=ORIENTED_EDGE('',*,*,#1804,.T.);
#2396=ORIENTED_EDGE('',*,*,#1801,.F.);
#2397=ORIENTED_EDGE('',*,*,#1805,.T.);
#2398=ORIENTED_EDGE('',*,*,#1806,.T.);
#2399=ORIENTED_EDGE('',*,*,#1807,.T.);
#2400=ORIENTED_EDGE('',*,*,#1802,.F.);
#2401=ORIENTED_EDGE('',*,*,#1804,.F.);
#2402=ORIENTED_EDGE('',*,*,#1800,.F.);
#2403=ORIENTED_EDGE('',*,*,#1803,.F.);
#2404=ORIENTED_EDGE('',*,*,#1807,.F.);
#2405=ORIENTED_EDGE('',*,*,#1808,.T.);
#2406=ORIENTED_EDGE('',*,*,#1809,.T.);
#2407=ORIENTED_EDGE('',*,*,#1810,.T.);
#2408=ORIENTED_EDGE('',*,*,#1806,.F.);
#2409=ORIENTED_EDGE('',*,*,#1811,.T.);
#2410=ORIENTED_EDGE('',*,*,#1808,.F.);
#2411=ORIENTED_EDGE('',*,*,#1809,.F.);
#2412=ORIENTED_EDGE('',*,*,#1811,.F.);
#2413=ORIENTED_EDGE('',*,*,#1805,.F.);
#2414=ORIENTED_EDGE('',*,*,#1810,.F.);
#2415=ORIENTED_EDGE('',*,*,#1812,.T.);
#2416=ORIENTED_EDGE('',*,*,#1813,.T.);
#2417=ORIENTED_EDGE('',*,*,#1814,.T.);
#2418=ORIENTED_EDGE('',*,*,#1815,.T.);
#2419=ORIENTED_EDGE('',*,*,#1815,.F.);
#2420=ORIENTED_EDGE('',*,*,#1816,.T.);
#2421=ORIENTED_EDGE('',*,*,#1813,.F.);
#2422=ORIENTED_EDGE('',*,*,#1817,.T.);
#2423=ORIENTED_EDGE('',*,*,#1817,.F.);
#2424=ORIENTED_EDGE('',*,*,#1812,.F.);
#2425=ORIENTED_EDGE('',*,*,#1818,.T.);
#2426=ORIENTED_EDGE('',*,*,#1819,.T.);
#2427=ORIENTED_EDGE('',*,*,#1820,.T.);
#2428=ORIENTED_EDGE('',*,*,#1821,.T.);
#2429=ORIENTED_EDGE('',*,*,#1814,.F.);
#2430=ORIENTED_EDGE('',*,*,#1816,.F.);
#2431=ORIENTED_EDGE('',*,*,#1822,.T.);
#2432=ORIENTED_EDGE('',*,*,#1823,.T.);
#2433=ORIENTED_EDGE('',*,*,#1824,.T.);
#2434=ORIENTED_EDGE('',*,*,#1825,.T.);
#2435=ORIENTED_EDGE('',*,*,#1819,.F.);
#2436=ORIENTED_EDGE('',*,*,#1826,.T.);
#2437=ORIENTED_EDGE('',*,*,#1824,.F.);
#2438=ORIENTED_EDGE('',*,*,#1827,.T.);
#2439=ORIENTED_EDGE('',*,*,#1818,.F.);
#2440=ORIENTED_EDGE('',*,*,#1828,.T.);
#2441=ORIENTED_EDGE('',*,*,#1825,.F.);
#2442=ORIENTED_EDGE('',*,*,#1826,.F.);
#2443=ORIENTED_EDGE('',*,*,#1821,.F.);
#2444=ORIENTED_EDGE('',*,*,#1829,.T.);
#2445=ORIENTED_EDGE('',*,*,#1822,.F.);
#2446=ORIENTED_EDGE('',*,*,#1828,.F.);
#2447=ORIENTED_EDGE('',*,*,#1827,.F.);
#2448=ORIENTED_EDGE('',*,*,#1823,.F.);
#2449=ORIENTED_EDGE('',*,*,#1829,.F.);
#2450=ORIENTED_EDGE('',*,*,#1820,.F.);
#2451=ORIENTED_EDGE('',*,*,#1830,.T.);
#2452=ORIENTED_EDGE('',*,*,#1831,.T.);
#2453=ORIENTED_EDGE('',*,*,#1832,.T.);
#2454=ORIENTED_EDGE('',*,*,#1833,.F.);
#2455=ORIENTED_EDGE('',*,*,#1834,.F.);
#2456=ORIENTED_EDGE('',*,*,#1835,.F.);
#2457=ORIENTED_EDGE('',*,*,#1836,.F.);
#2458=ORIENTED_EDGE('',*,*,#1837,.F.);
#2459=ORIENTED_EDGE('',*,*,#1838,.F.);
#2460=ORIENTED_EDGE('',*,*,#1839,.F.);
#2461=ORIENTED_EDGE('',*,*,#1840,.F.);
#2462=ORIENTED_EDGE('',*,*,#1841,.F.);
#2463=ORIENTED_EDGE('',*,*,#1842,.T.);
#2464=ORIENTED_EDGE('',*,*,#1843,.T.);
#2465=ORIENTED_EDGE('',*,*,#1844,.T.);
#2466=ORIENTED_EDGE('',*,*,#1845,.T.);
#2467=ORIENTED_EDGE('',*,*,#1846,.T.);
#2468=ORIENTED_EDGE('',*,*,#1847,.F.);
#2469=ORIENTED_EDGE('',*,*,#1848,.F.);
#2470=ORIENTED_EDGE('',*,*,#1849,.F.);
#2471=ORIENTED_EDGE('',*,*,#1850,.F.);
#2472=ORIENTED_EDGE('',*,*,#1851,.F.);
#2473=ORIENTED_EDGE('',*,*,#1852,.F.);
#2474=ORIENTED_EDGE('',*,*,#1853,.F.);
#2475=ORIENTED_EDGE('',*,*,#1854,.F.);
#2476=ORIENTED_EDGE('',*,*,#1855,.F.);
#2477=ORIENTED_EDGE('',*,*,#1856,.F.);
#2478=ORIENTED_EDGE('',*,*,#1832,.F.);
#2479=ORIENTED_EDGE('',*,*,#1857,.F.);
#2480=ORIENTED_EDGE('',*,*,#1858,.F.);
#2481=ORIENTED_EDGE('',*,*,#1859,.F.);
#2482=ORIENTED_EDGE('',*,*,#1860,.F.);
#2483=ORIENTED_EDGE('',*,*,#1861,.F.);
#2484=ORIENTED_EDGE('',*,*,#1862,.F.);
#2485=ORIENTED_EDGE('',*,*,#1863,.F.);
#2486=ORIENTED_EDGE('',*,*,#1864,.F.);
#2487=ORIENTED_EDGE('',*,*,#1865,.F.);
#2488=ORIENTED_EDGE('',*,*,#1866,.F.);
#2489=ORIENTED_EDGE('',*,*,#1867,.F.);
#2490=ORIENTED_EDGE('',*,*,#1868,.F.);
#2491=ORIENTED_EDGE('',*,*,#1869,.F.);
#2492=ORIENTED_EDGE('',*,*,#1870,.F.);
#2493=ORIENTED_EDGE('',*,*,#1871,.F.);
#2494=ORIENTED_EDGE('',*,*,#1872,.F.);
#2495=ORIENTED_EDGE('',*,*,#1873,.T.);
#2496=ORIENTED_EDGE('',*,*,#1874,.T.);
#2497=ORIENTED_EDGE('',*,*,#1875,.T.);
#2498=ORIENTED_EDGE('',*,*,#1876,.T.);
#2499=ORIENTED_EDGE('',*,*,#1877,.T.);
#2500=ORIENTED_EDGE('',*,*,#1878,.F.);
#2501=ORIENTED_EDGE('',*,*,#1879,.F.);
#2502=ORIENTED_EDGE('',*,*,#1880,.F.);
#2503=ORIENTED_EDGE('',*,*,#1881,.F.);
#2504=ORIENTED_EDGE('',*,*,#1882,.F.);
#2505=ORIENTED_EDGE('',*,*,#1883,.F.);
#2506=ORIENTED_EDGE('',*,*,#1884,.F.);
#2507=ORIENTED_EDGE('',*,*,#1885,.F.);
#2508=ORIENTED_EDGE('',*,*,#1886,.F.);
#2509=ORIENTED_EDGE('',*,*,#1887,.F.);
#2510=ORIENTED_EDGE('',*,*,#1888,.F.);
#2511=ORIENTED_EDGE('',*,*,#1889,.F.);
#2512=ORIENTED_EDGE('',*,*,#1890,.F.);
#2513=ORIENTED_EDGE('',*,*,#1891,.F.);
#2514=ORIENTED_EDGE('',*,*,#1892,.F.);
#2515=ORIENTED_EDGE('',*,*,#1893,.F.);
#2516=ORIENTED_EDGE('',*,*,#1894,.F.);
#2517=ORIENTED_EDGE('',*,*,#1895,.F.);
#2518=ORIENTED_EDGE('',*,*,#1896,.F.);
#2519=ORIENTED_EDGE('',*,*,#1897,.T.);
#2520=ORIENTED_EDGE('',*,*,#1898,.T.);
#2521=ORIENTED_EDGE('',*,*,#1899,.T.);
#2522=ORIENTED_EDGE('',*,*,#1900,.T.);
#2523=ORIENTED_EDGE('',*,*,#1897,.F.);
#2524=ORIENTED_EDGE('',*,*,#1901,.F.);
#2525=ORIENTED_EDGE('',*,*,#1902,.T.);
#2526=ORIENTED_EDGE('',*,*,#1903,.F.);
#2527=ORIENTED_EDGE('',*,*,#1904,.T.);
#2528=ORIENTED_EDGE('',*,*,#1905,.T.);
#2529=ORIENTED_EDGE('',*,*,#1906,.T.);
#2530=ORIENTED_EDGE('',*,*,#1901,.T.);
#2531=ORIENTED_EDGE('',*,*,#1900,.F.);
#2532=ORIENTED_EDGE('',*,*,#1907,.T.);
#2533=ORIENTED_EDGE('',*,*,#1907,.F.);
#2534=ORIENTED_EDGE('',*,*,#1899,.F.);
#2535=ORIENTED_EDGE('',*,*,#1908,.T.);
#2536=ORIENTED_EDGE('',*,*,#1909,.T.);
#2537=ORIENTED_EDGE('',*,*,#1910,.T.);
#2538=ORIENTED_EDGE('',*,*,#1911,.F.);
#2539=ORIENTED_EDGE('',*,*,#1898,.F.);
#2540=ORIENTED_EDGE('',*,*,#1912,.T.);
#2541=ORIENTED_EDGE('',*,*,#1913,.T.);
#2542=ORIENTED_EDGE('',*,*,#1914,.T.);
#2543=ORIENTED_EDGE('',*,*,#1915,.T.);
#2544=ORIENTED_EDGE('',*,*,#1877,.F.);
#2545=ORIENTED_EDGE('',*,*,#1876,.F.);
#2546=ORIENTED_EDGE('',*,*,#1916,.T.);
#2547=ORIENTED_EDGE('',*,*,#1917,.F.);
#2548=ORIENTED_EDGE('',*,*,#1918,.F.);
#2549=ORIENTED_EDGE('',*,*,#1919,.F.);
#2550=ORIENTED_EDGE('',*,*,#1920,.T.);
#2551=ORIENTED_EDGE('',*,*,#1921,.T.);
#2552=ORIENTED_EDGE('',*,*,#1922,.T.);
#2553=ORIENTED_EDGE('',*,*,#1923,.F.);
#2554=ORIENTED_EDGE('',*,*,#1924,.F.);
#2555=ORIENTED_EDGE('',*,*,#1925,.F.);
#2556=ORIENTED_EDGE('',*,*,#1926,.F.);
#2557=ORIENTED_EDGE('',*,*,#1843,.F.);
#2558=ORIENTED_EDGE('',*,*,#1927,.T.);
#2559=ORIENTED_EDGE('',*,*,#1928,.F.);
#2560=ORIENTED_EDGE('',*,*,#1913,.F.);
#2561=ORIENTED_EDGE('',*,*,#1929,.T.);
#2562=ORIENTED_EDGE('',*,*,#1930,.T.);
#2563=ORIENTED_EDGE('',*,*,#1916,.F.);
#2564=ORIENTED_EDGE('',*,*,#1875,.F.);
#2565=ORIENTED_EDGE('',*,*,#1931,.T.);
#2566=ORIENTED_EDGE('',*,*,#1932,.T.);
#2567=ORIENTED_EDGE('',*,*,#1933,.F.);
#2568=ORIENTED_EDGE('',*,*,#1845,.F.);
#2569=ORIENTED_EDGE('',*,*,#1934,.T.);
#2570=ORIENTED_EDGE('',*,*,#1935,.F.);
#2571=ORIENTED_EDGE('',*,*,#1936,.F.);
#2572=ORIENTED_EDGE('',*,*,#1937,.T.);
#2573=ORIENTED_EDGE('',*,*,#1938,.F.);
#2574=ORIENTED_EDGE('',*,*,#1939,.F.);
#2575=ORIENTED_EDGE('',*,*,#1929,.F.);
#2576=ORIENTED_EDGE('',*,*,#1874,.F.);
#2577=ORIENTED_EDGE('',*,*,#1873,.F.);
#2578=ORIENTED_EDGE('',*,*,#1940,.T.);
#2579=ORIENTED_EDGE('',*,*,#1941,.T.);
#2580=ORIENTED_EDGE('',*,*,#1931,.F.);
#2581=ORIENTED_EDGE('',*,*,#1933,.T.);
#2582=ORIENTED_EDGE('',*,*,#1942,.T.);
#2583=ORIENTED_EDGE('',*,*,#1943,.T.);
#2584=ORIENTED_EDGE('',*,*,#1846,.F.);
#2585=ORIENTED_EDGE('',*,*,#1844,.F.);
#2586=ORIENTED_EDGE('',*,*,#1926,.T.);
#2587=ORIENTED_EDGE('',*,*,#1944,.T.);
#2588=ORIENTED_EDGE('',*,*,#1934,.F.);
#2589=ORIENTED_EDGE('',*,*,#1842,.F.);
#2590=ORIENTED_EDGE('',*,*,#1945,.T.);
#2591=ORIENTED_EDGE('',*,*,#1946,.T.);
#2592=ORIENTED_EDGE('',*,*,#1927,.F.);
#2593=ORIENTED_EDGE('',*,*,#1911,.T.);
#2594=ORIENTED_EDGE('',*,*,#1947,.T.);
#2595=ORIENTED_EDGE('',*,*,#1902,.F.);
#2596=ORIENTED_EDGE('',*,*,#1906,.F.);
#2597=ORIENTED_EDGE('',*,*,#1948,.T.);
#2598=ORIENTED_EDGE('',*,*,#1912,.F.);
#2599=ORIENTED_EDGE('',*,*,#1949,.F.);
#2600=ORIENTED_EDGE('',*,*,#1950,.F.);
#2601=ORIENTED_EDGE('',*,*,#1951,.F.);
#2602=ORIENTED_EDGE('',*,*,#1952,.F.);
#2603=ORIENTED_EDGE('',*,*,#1953,.F.);
#2604=ORIENTED_EDGE('',*,*,#1954,.F.);
#2605=ORIENTED_EDGE('',*,*,#1955,.F.);
#2606=ORIENTED_EDGE('',*,*,#1956,.F.);
#2607=ORIENTED_EDGE('',*,*,#1957,.F.);
#2608=ORIENTED_EDGE('',*,*,#1958,.F.);
#2609=ORIENTED_EDGE('',*,*,#1959,.F.);
#2610=ORIENTED_EDGE('',*,*,#1960,.F.);
#2611=ORIENTED_EDGE('',*,*,#1961,.F.);
#2612=ORIENTED_EDGE('',*,*,#1962,.F.);
#2613=ORIENTED_EDGE('',*,*,#1963,.F.);
#2614=ORIENTED_EDGE('',*,*,#1964,.F.);
#2615=ORIENTED_EDGE('',*,*,#1965,.F.);
#2616=ORIENTED_EDGE('',*,*,#1966,.F.);
#2617=ORIENTED_EDGE('',*,*,#1967,.F.);
#2618=ORIENTED_EDGE('',*,*,#1968,.F.);
#2619=ORIENTED_EDGE('',*,*,#1969,.F.);
#2620=ORIENTED_EDGE('',*,*,#1970,.F.);
#2621=ORIENTED_EDGE('',*,*,#1971,.T.);
#2622=ORIENTED_EDGE('',*,*,#1914,.F.);
#2623=ORIENTED_EDGE('',*,*,#1928,.T.);
#2624=ORIENTED_EDGE('',*,*,#1946,.F.);
#2625=ORIENTED_EDGE('',*,*,#1972,.T.);
#2626=ORIENTED_EDGE('',*,*,#1973,.F.);
#2627=ORIENTED_EDGE('',*,*,#1974,.F.);
#2628=ORIENTED_EDGE('',*,*,#1975,.F.);
#2629=ORIENTED_EDGE('',*,*,#1915,.F.);
#2630=ORIENTED_EDGE('',*,*,#1971,.F.);
#2631=ORIENTED_EDGE('',*,*,#1976,.T.);
#2632=ORIENTED_EDGE('',*,*,#1878,.T.);
#2633=ORIENTED_EDGE('',*,*,#1939,.T.);
#2634=ORIENTED_EDGE('',*,*,#1977,.T.);
#2635=ORIENTED_EDGE('',*,*,#1917,.T.);
#2636=ORIENTED_EDGE('',*,*,#1930,.F.);
#2637=ORIENTED_EDGE('',*,*,#1978,.T.);
#2638=ORIENTED_EDGE('',*,*,#1979,.T.);
#2639=ORIENTED_EDGE('',*,*,#1940,.F.);
#2640=ORIENTED_EDGE('',*,*,#1872,.T.);
#2641=ORIENTED_EDGE('',*,*,#1980,.F.);
#2642=ORIENTED_EDGE('',*,*,#1981,.F.);
#2643=ORIENTED_EDGE('',*,*,#1982,.T.);
#2644=ORIENTED_EDGE('',*,*,#1942,.F.);
#2645=ORIENTED_EDGE('',*,*,#1932,.F.);
#2646=ORIENTED_EDGE('',*,*,#1941,.F.);
#2647=ORIENTED_EDGE('',*,*,#1979,.F.);
#2648=ORIENTED_EDGE('',*,*,#1983,.T.);
#2649=ORIENTED_EDGE('',*,*,#1984,.F.);
#2650=ORIENTED_EDGE('',*,*,#1985,.F.);
#2651=ORIENTED_EDGE('',*,*,#1986,.F.);
#2652=ORIENTED_EDGE('',*,*,#1987,.F.);
#2653=ORIENTED_EDGE('',*,*,#1988,.F.);
#2654=ORIENTED_EDGE('',*,*,#1989,.F.);
#2655=ORIENTED_EDGE('',*,*,#1990,.F.);
#2656=ORIENTED_EDGE('',*,*,#1991,.F.);
#2657=ORIENTED_EDGE('',*,*,#1992,.F.);
#2658=ORIENTED_EDGE('',*,*,#1993,.F.);
#2659=ORIENTED_EDGE('',*,*,#1994,.F.);
#2660=ORIENTED_EDGE('',*,*,#1995,.F.);
#2661=ORIENTED_EDGE('',*,*,#1996,.F.);
#2662=ORIENTED_EDGE('',*,*,#1997,.F.);
#2663=ORIENTED_EDGE('',*,*,#1830,.F.);
#2664=ORIENTED_EDGE('',*,*,#1998,.F.);
#2665=ORIENTED_EDGE('',*,*,#1999,.F.);
#2666=ORIENTED_EDGE('',*,*,#2000,.F.);
#2667=ORIENTED_EDGE('',*,*,#2001,.F.);
#2668=ORIENTED_EDGE('',*,*,#2002,.F.);
#2669=ORIENTED_EDGE('',*,*,#2003,.F.);
#2670=ORIENTED_EDGE('',*,*,#2004,.F.);
#2671=ORIENTED_EDGE('',*,*,#1943,.F.);
#2672=ORIENTED_EDGE('',*,*,#1982,.F.);
#2673=ORIENTED_EDGE('',*,*,#2005,.T.);
#2674=ORIENTED_EDGE('',*,*,#1847,.T.);
#2675=ORIENTED_EDGE('',*,*,#1935,.T.);
#2676=ORIENTED_EDGE('',*,*,#1944,.F.);
#2677=ORIENTED_EDGE('',*,*,#1925,.T.);
#2678=ORIENTED_EDGE('',*,*,#2006,.T.);
#2679=ORIENTED_EDGE('',*,*,#2007,.T.);
#2680=ORIENTED_EDGE('',*,*,#1972,.F.);
#2681=ORIENTED_EDGE('',*,*,#1945,.F.);
#2682=ORIENTED_EDGE('',*,*,#1841,.T.);
#2683=ORIENTED_EDGE('',*,*,#1905,.F.);
#2684=ORIENTED_EDGE('',*,*,#2008,.T.);
#2685=ORIENTED_EDGE('',*,*,#1908,.F.);
#2686=ORIENTED_EDGE('',*,*,#1948,.F.);
#2687=ORIENTED_EDGE('',*,*,#2009,.T.);
#2688=ORIENTED_EDGE('',*,*,#2010,.T.);
#2689=ORIENTED_EDGE('',*,*,#2011,.T.);
#2690=ORIENTED_EDGE('',*,*,#2012,.T.);
#2691=ORIENTED_EDGE('',*,*,#2013,.T.);
#2692=ORIENTED_EDGE('',*,*,#2014,.T.);
#2693=ORIENTED_EDGE('',*,*,#2015,.T.);
#2694=ORIENTED_EDGE('',*,*,#2016,.T.);
#2695=ORIENTED_EDGE('',*,*,#2008,.F.);
#2696=ORIENTED_EDGE('',*,*,#1904,.F.);
#2697=ORIENTED_EDGE('',*,*,#2017,.T.);
#2698=ORIENTED_EDGE('',*,*,#1909,.F.);
#2699=ORIENTED_EDGE('',*,*,#2017,.F.);
#2700=ORIENTED_EDGE('',*,*,#1903,.T.);
#2701=ORIENTED_EDGE('',*,*,#1947,.F.);
#2702=ORIENTED_EDGE('',*,*,#1910,.F.);
#2703=ORIENTED_EDGE('',*,*,#1976,.F.);
#2704=ORIENTED_EDGE('',*,*,#1970,.T.);
#2705=ORIENTED_EDGE('',*,*,#2018,.T.);
#2706=ORIENTED_EDGE('',*,*,#1879,.T.);
#2707=ORIENTED_EDGE('',*,*,#1977,.F.);
#2708=ORIENTED_EDGE('',*,*,#1938,.T.);
#2709=ORIENTED_EDGE('',*,*,#2019,.T.);
#2710=ORIENTED_EDGE('',*,*,#1918,.T.);
#2711=ORIENTED_EDGE('',*,*,#1871,.T.);
#2712=ORIENTED_EDGE('',*,*,#2020,.T.);
#2713=ORIENTED_EDGE('',*,*,#1983,.F.);
#2714=ORIENTED_EDGE('',*,*,#1978,.F.);
#2715=ORIENTED_EDGE('',*,*,#1848,.T.);
#2716=ORIENTED_EDGE('',*,*,#2005,.F.);
#2717=ORIENTED_EDGE('',*,*,#1981,.T.);
#2718=ORIENTED_EDGE('',*,*,#2021,.T.);
#2719=ORIENTED_EDGE('',*,*,#2006,.F.);
#2720=ORIENTED_EDGE('',*,*,#1924,.T.);
#2721=ORIENTED_EDGE('',*,*,#2022,.T.);
#2722=ORIENTED_EDGE('',*,*,#1936,.T.);
#2723=ORIENTED_EDGE('',*,*,#2023,.T.);
#2724=ORIENTED_EDGE('',*,*,#1973,.T.);
#2725=ORIENTED_EDGE('',*,*,#2007,.F.);
#2726=ORIENTED_EDGE('',*,*,#1840,.T.);
#2727=ORIENTED_EDGE('',*,*,#1920,.F.);
#2728=ORIENTED_EDGE('',*,*,#2024,.T.);
#2729=ORIENTED_EDGE('',*,*,#2025,.F.);
#2730=ORIENTED_EDGE('',*,*,#2026,.T.);
#2731=ORIENTED_EDGE('',*,*,#2027,.T.);
#2732=ORIENTED_EDGE('',*,*,#2010,.F.);
#2733=ORIENTED_EDGE('',*,*,#2028,.T.);
#2734=ORIENTED_EDGE('',*,*,#2029,.T.);
#2735=ORIENTED_EDGE('',*,*,#2030,.F.);
#2736=ORIENTED_EDGE('',*,*,#2009,.F.);
#2737=ORIENTED_EDGE('',*,*,#2031,.T.);
#2738=ORIENTED_EDGE('',*,*,#2032,.T.);
#2739=ORIENTED_EDGE('',*,*,#2028,.F.);
#2740=ORIENTED_EDGE('',*,*,#2031,.F.);
#2741=ORIENTED_EDGE('',*,*,#2016,.F.);
#2742=ORIENTED_EDGE('',*,*,#2033,.T.);
#2743=ORIENTED_EDGE('',*,*,#2034,.T.);
#2744=ORIENTED_EDGE('',*,*,#2035,.T.);
#2745=ORIENTED_EDGE('',*,*,#2033,.F.);
#2746=ORIENTED_EDGE('',*,*,#2015,.F.);
#2747=ORIENTED_EDGE('',*,*,#2036,.T.);
#2748=ORIENTED_EDGE('',*,*,#2037,.T.);
#2749=ORIENTED_EDGE('',*,*,#2038,.T.);
#2750=ORIENTED_EDGE('',*,*,#2039,.F.);
#2751=ORIENTED_EDGE('',*,*,#2040,.T.);
#2752=ORIENTED_EDGE('',*,*,#1922,.F.);
#2753=ORIENTED_EDGE('',*,*,#2041,.F.);
#2754=ORIENTED_EDGE('',*,*,#2042,.T.);
#2755=ORIENTED_EDGE('',*,*,#2036,.F.);
#2756=ORIENTED_EDGE('',*,*,#2014,.F.);
#2757=ORIENTED_EDGE('',*,*,#2013,.F.);
#2758=ORIENTED_EDGE('',*,*,#2043,.T.);
#2759=ORIENTED_EDGE('',*,*,#2044,.T.);
#2760=ORIENTED_EDGE('',*,*,#2037,.F.);
#2761=ORIENTED_EDGE('',*,*,#2043,.F.);
#2762=ORIENTED_EDGE('',*,*,#2012,.F.);
#2763=ORIENTED_EDGE('',*,*,#2045,.T.);
#2764=ORIENTED_EDGE('',*,*,#2046,.T.);
#2765=ORIENTED_EDGE('',*,*,#2047,.T.);
#2766=ORIENTED_EDGE('',*,*,#2045,.F.);
#2767=ORIENTED_EDGE('',*,*,#2011,.F.);
#2768=ORIENTED_EDGE('',*,*,#2027,.F.);
#2769=ORIENTED_EDGE('',*,*,#1880,.T.);
#2770=ORIENTED_EDGE('',*,*,#2018,.F.);
#2771=ORIENTED_EDGE('',*,*,#1969,.T.);
#2772=ORIENTED_EDGE('',*,*,#2048,.T.);
#2773=ORIENTED_EDGE('',*,*,#2024,.F.);
#2774=ORIENTED_EDGE('',*,*,#1919,.T.);
#2775=ORIENTED_EDGE('',*,*,#2019,.F.);
#2776=ORIENTED_EDGE('',*,*,#2049,.T.);
#2777=ORIENTED_EDGE('',*,*,#2050,.T.);
#2778=ORIENTED_EDGE('',*,*,#1984,.T.);
#2779=ORIENTED_EDGE('',*,*,#2020,.F.);
#2780=ORIENTED_EDGE('',*,*,#1870,.T.);
#2781=ORIENTED_EDGE('',*,*,#2051,.T.);
#2782=ORIENTED_EDGE('',*,*,#1849,.T.);
#2783=ORIENTED_EDGE('',*,*,#2021,.F.);
#2784=ORIENTED_EDGE('',*,*,#1980,.T.);
#2785=ORIENTED_EDGE('',*,*,#2022,.F.);
#2786=ORIENTED_EDGE('',*,*,#1923,.T.);
#2787=ORIENTED_EDGE('',*,*,#2040,.F.);
#2788=ORIENTED_EDGE('',*,*,#2052,.T.);
#2789=ORIENTED_EDGE('',*,*,#1974,.T.);
#2790=ORIENTED_EDGE('',*,*,#2023,.F.);
#2791=ORIENTED_EDGE('',*,*,#1839,.T.);
#2792=ORIENTED_EDGE('',*,*,#2053,.T.);
#2793=ORIENTED_EDGE('',*,*,#2042,.F.);
#2794=ORIENTED_EDGE('',*,*,#2054,.T.);
#2795=ORIENTED_EDGE('',*,*,#2029,.F.);
#2796=ORIENTED_EDGE('',*,*,#2032,.F.);
#2797=ORIENTED_EDGE('',*,*,#2034,.F.);
#2798=ORIENTED_EDGE('',*,*,#2035,.F.);
#2799=ORIENTED_EDGE('',*,*,#2047,.F.);
#2800=ORIENTED_EDGE('',*,*,#2026,.F.);
#2801=ORIENTED_EDGE('',*,*,#2055,.T.);
#2802=ORIENTED_EDGE('',*,*,#2038,.F.);
#2803=ORIENTED_EDGE('',*,*,#2044,.F.);
#2804=ORIENTED_EDGE('',*,*,#2046,.F.);
#2805=ORIENTED_EDGE('',*,*,#1881,.T.);
#2806=ORIENTED_EDGE('',*,*,#2048,.F.);
#2807=ORIENTED_EDGE('',*,*,#1968,.T.);
#2808=ORIENTED_EDGE('',*,*,#2056,.T.);
#2809=ORIENTED_EDGE('',*,*,#2039,.T.);
#2810=ORIENTED_EDGE('',*,*,#2055,.F.);
#2811=ORIENTED_EDGE('',*,*,#2025,.T.);
#2812=ORIENTED_EDGE('',*,*,#2049,.F.);
#2813=ORIENTED_EDGE('',*,*,#1937,.F.);
#2814=ORIENTED_EDGE('',*,*,#2052,.F.);
#2815=ORIENTED_EDGE('',*,*,#2057,.T.);
#2816=ORIENTED_EDGE('',*,*,#1985,.T.);
#2817=ORIENTED_EDGE('',*,*,#2050,.F.);
#2818=ORIENTED_EDGE('',*,*,#1869,.T.);
#2819=ORIENTED_EDGE('',*,*,#2058,.T.);
#2820=ORIENTED_EDGE('',*,*,#1850,.T.);
#2821=ORIENTED_EDGE('',*,*,#2051,.F.);
#2822=ORIENTED_EDGE('',*,*,#2004,.T.);
#2823=ORIENTED_EDGE('',*,*,#1975,.T.);
#2824=ORIENTED_EDGE('',*,*,#2053,.F.);
#2825=ORIENTED_EDGE('',*,*,#1838,.T.);
#2826=ORIENTED_EDGE('',*,*,#2059,.T.);
#2827=ORIENTED_EDGE('',*,*,#2041,.T.);
#2828=ORIENTED_EDGE('',*,*,#1921,.F.);
#2829=ORIENTED_EDGE('',*,*,#2030,.T.);
#2830=ORIENTED_EDGE('',*,*,#2054,.F.);
#2831=ORIENTED_EDGE('',*,*,#2056,.F.);
#2832=ORIENTED_EDGE('',*,*,#1967,.T.);
#2833=ORIENTED_EDGE('',*,*,#2060,.T.);
#2834=ORIENTED_EDGE('',*,*,#1882,.T.);
#2835=ORIENTED_EDGE('',*,*,#2057,.F.);
#2836=ORIENTED_EDGE('',*,*,#1868,.T.);
#2837=ORIENTED_EDGE('',*,*,#2061,.T.);
#2838=ORIENTED_EDGE('',*,*,#1986,.T.);
#2839=ORIENTED_EDGE('',*,*,#1851,.T.);
#2840=ORIENTED_EDGE('',*,*,#2058,.F.);
#2841=ORIENTED_EDGE('',*,*,#2003,.T.);
#2842=ORIENTED_EDGE('',*,*,#2062,.T.);
#2843=ORIENTED_EDGE('',*,*,#2063,.T.);
#2844=ORIENTED_EDGE('',*,*,#1949,.T.);
#2845=ORIENTED_EDGE('',*,*,#2059,.F.);
#2846=ORIENTED_EDGE('',*,*,#1837,.T.);
#2847=ORIENTED_EDGE('',*,*,#1966,.T.);
#2848=ORIENTED_EDGE('',*,*,#2064,.T.);
#2849=ORIENTED_EDGE('',*,*,#1883,.T.);
#2850=ORIENTED_EDGE('',*,*,#2060,.F.);
#2851=ORIENTED_EDGE('',*,*,#2061,.F.);
#2852=ORIENTED_EDGE('',*,*,#1867,.T.);
#2853=ORIENTED_EDGE('',*,*,#2065,.T.);
#2854=ORIENTED_EDGE('',*,*,#1987,.T.);
#2855=ORIENTED_EDGE('',*,*,#2062,.F.);
#2856=ORIENTED_EDGE('',*,*,#2002,.T.);
#2857=ORIENTED_EDGE('',*,*,#2066,.T.);
#2858=ORIENTED_EDGE('',*,*,#1852,.T.);
#2859=ORIENTED_EDGE('',*,*,#1836,.T.);
#2860=ORIENTED_EDGE('',*,*,#2067,.T.);
#2861=ORIENTED_EDGE('',*,*,#1950,.T.);
#2862=ORIENTED_EDGE('',*,*,#2063,.F.);
#2863=ORIENTED_EDGE('',*,*,#1965,.T.);
#2864=ORIENTED_EDGE('',*,*,#2068,.T.);
#2865=ORIENTED_EDGE('',*,*,#1884,.T.);
#2866=ORIENTED_EDGE('',*,*,#2064,.F.);
#2867=ORIENTED_EDGE('',*,*,#2065,.F.);
#2868=ORIENTED_EDGE('',*,*,#1866,.T.);
#2869=ORIENTED_EDGE('',*,*,#2069,.T.);
#2870=ORIENTED_EDGE('',*,*,#1988,.T.);
#2871=ORIENTED_EDGE('',*,*,#2066,.F.);
#2872=ORIENTED_EDGE('',*,*,#2001,.T.);
#2873=ORIENTED_EDGE('',*,*,#2070,.T.);
#2874=ORIENTED_EDGE('',*,*,#1853,.T.);
#2875=ORIENTED_EDGE('',*,*,#1835,.T.);
#2876=ORIENTED_EDGE('',*,*,#2071,.T.);
#2877=ORIENTED_EDGE('',*,*,#1951,.T.);
#2878=ORIENTED_EDGE('',*,*,#2067,.F.);
#2879=ORIENTED_EDGE('',*,*,#2068,.F.);
#2880=ORIENTED_EDGE('',*,*,#1964,.T.);
#2881=ORIENTED_EDGE('',*,*,#2072,.T.);
#2882=ORIENTED_EDGE('',*,*,#1885,.T.);
#2883=ORIENTED_EDGE('',*,*,#1865,.T.);
#2884=ORIENTED_EDGE('',*,*,#2073,.T.);
#2885=ORIENTED_EDGE('',*,*,#1989,.T.);
#2886=ORIENTED_EDGE('',*,*,#2069,.F.);
#2887=ORIENTED_EDGE('',*,*,#1854,.T.);
#2888=ORIENTED_EDGE('',*,*,#2070,.F.);
#2889=ORIENTED_EDGE('',*,*,#2000,.T.);
#2890=ORIENTED_EDGE('',*,*,#2074,.T.);
#2891=ORIENTED_EDGE('',*,*,#2075,.T.);
#2892=ORIENTED_EDGE('',*,*,#1952,.T.);
#2893=ORIENTED_EDGE('',*,*,#2071,.F.);
#2894=ORIENTED_EDGE('',*,*,#1834,.T.);
#2895=ORIENTED_EDGE('',*,*,#1886,.T.);
#2896=ORIENTED_EDGE('',*,*,#2072,.F.);
#2897=ORIENTED_EDGE('',*,*,#1963,.T.);
#2898=ORIENTED_EDGE('',*,*,#2076,.T.);
#2899=ORIENTED_EDGE('',*,*,#2077,.T.);
#2900=ORIENTED_EDGE('',*,*,#1990,.T.);
#2901=ORIENTED_EDGE('',*,*,#2073,.F.);
#2902=ORIENTED_EDGE('',*,*,#1864,.T.);
#2903=ORIENTED_EDGE('',*,*,#2078,.T.);
#2904=ORIENTED_EDGE('',*,*,#1855,.T.);
#2905=ORIENTED_EDGE('',*,*,#2074,.F.);
#2906=ORIENTED_EDGE('',*,*,#1999,.T.);
#2907=ORIENTED_EDGE('',*,*,#1953,.T.);
#2908=ORIENTED_EDGE('',*,*,#2075,.F.);
#2909=ORIENTED_EDGE('',*,*,#1896,.T.);
#2910=ORIENTED_EDGE('',*,*,#2079,.T.);
#2911=ORIENTED_EDGE('',*,*,#1887,.T.);
#2912=ORIENTED_EDGE('',*,*,#2076,.F.);
#2913=ORIENTED_EDGE('',*,*,#1962,.T.);
#2914=ORIENTED_EDGE('',*,*,#2080,.T.);
#2915=ORIENTED_EDGE('',*,*,#2081,.T.);
#2916=ORIENTED_EDGE('',*,*,#1991,.T.);
#2917=ORIENTED_EDGE('',*,*,#2077,.F.);
#2918=ORIENTED_EDGE('',*,*,#1863,.T.);
#2919=ORIENTED_EDGE('',*,*,#1833,.T.);
#2920=ORIENTED_EDGE('',*,*,#1856,.T.);
#2921=ORIENTED_EDGE('',*,*,#2078,.F.);
#2922=ORIENTED_EDGE('',*,*,#1998,.T.);
#2923=ORIENTED_EDGE('',*,*,#1954,.T.);
#2924=ORIENTED_EDGE('',*,*,#2079,.F.);
#2925=ORIENTED_EDGE('',*,*,#1895,.T.);
#2926=ORIENTED_EDGE('',*,*,#2082,.T.);
#2927=ORIENTED_EDGE('',*,*,#1961,.T.);
#2928=ORIENTED_EDGE('',*,*,#2083,.T.);
#2929=ORIENTED_EDGE('',*,*,#1888,.T.);
#2930=ORIENTED_EDGE('',*,*,#2080,.F.);
#2931=ORIENTED_EDGE('',*,*,#2081,.F.);
#2932=ORIENTED_EDGE('',*,*,#1862,.T.);
#2933=ORIENTED_EDGE('',*,*,#2084,.T.);
#2934=ORIENTED_EDGE('',*,*,#1992,.T.);
#2935=ORIENTED_EDGE('',*,*,#2085,.T.);
#2936=ORIENTED_EDGE('',*,*,#1955,.T.);
#2937=ORIENTED_EDGE('',*,*,#2082,.F.);
#2938=ORIENTED_EDGE('',*,*,#1894,.T.);
#2939=ORIENTED_EDGE('',*,*,#1960,.T.);
#2940=ORIENTED_EDGE('',*,*,#2086,.T.);
#2941=ORIENTED_EDGE('',*,*,#1889,.T.);
#2942=ORIENTED_EDGE('',*,*,#2083,.F.);
#2943=ORIENTED_EDGE('',*,*,#2084,.F.);
#2944=ORIENTED_EDGE('',*,*,#1861,.T.);
#2945=ORIENTED_EDGE('',*,*,#2087,.T.);
#2946=ORIENTED_EDGE('',*,*,#1993,.T.);
#2947=ORIENTED_EDGE('',*,*,#1831,.F.);
#2948=ORIENTED_EDGE('',*,*,#1997,.T.);
#2949=ORIENTED_EDGE('',*,*,#2088,.T.);
#2950=ORIENTED_EDGE('',*,*,#1857,.T.);
#2951=ORIENTED_EDGE('',*,*,#1893,.T.);
#2952=ORIENTED_EDGE('',*,*,#2089,.T.);
#2953=ORIENTED_EDGE('',*,*,#1956,.T.);
#2954=ORIENTED_EDGE('',*,*,#2085,.F.);
#2955=ORIENTED_EDGE('',*,*,#1959,.T.);
#2956=ORIENTED_EDGE('',*,*,#2090,.T.);
#2957=ORIENTED_EDGE('',*,*,#1890,.T.);
#2958=ORIENTED_EDGE('',*,*,#2086,.F.);
#2959=ORIENTED_EDGE('',*,*,#2087,.F.);
#2960=ORIENTED_EDGE('',*,*,#1860,.T.);
#2961=ORIENTED_EDGE('',*,*,#2091,.T.);
#2962=ORIENTED_EDGE('',*,*,#1994,.T.);
#2963=ORIENTED_EDGE('',*,*,#2088,.F.);
#2964=ORIENTED_EDGE('',*,*,#1996,.T.);
#2965=ORIENTED_EDGE('',*,*,#2092,.T.);
#2966=ORIENTED_EDGE('',*,*,#1858,.T.);
#2967=ORIENTED_EDGE('',*,*,#1892,.T.);
#2968=ORIENTED_EDGE('',*,*,#2093,.T.);
#2969=ORIENTED_EDGE('',*,*,#1957,.T.);
#2970=ORIENTED_EDGE('',*,*,#2089,.F.);
#2971=ORIENTED_EDGE('',*,*,#2090,.F.);
#2972=ORIENTED_EDGE('',*,*,#1958,.T.);
#2973=ORIENTED_EDGE('',*,*,#2093,.F.);
#2974=ORIENTED_EDGE('',*,*,#1891,.T.);
#2975=ORIENTED_EDGE('',*,*,#1859,.T.);
#2976=ORIENTED_EDGE('',*,*,#2092,.F.);
#2977=ORIENTED_EDGE('',*,*,#1995,.T.);
#2978=ORIENTED_EDGE('',*,*,#2091,.F.);
#2979=ORIENTED_EDGE('',*,*,#2094,.T.);
#2980=ORIENTED_EDGE('',*,*,#2095,.T.);
#2981=ORIENTED_EDGE('',*,*,#2096,.T.);
#2982=ORIENTED_EDGE('',*,*,#2095,.F.);
#2983=ORIENTED_EDGE('',*,*,#2094,.F.);
#2984=ORIENTED_EDGE('',*,*,#2096,.F.);
#2985=ORIENTED_EDGE('',*,*,#2097,.T.);
#2986=ORIENTED_EDGE('',*,*,#2098,.T.);
#2987=ORIENTED_EDGE('',*,*,#2099,.T.);
#2988=ORIENTED_EDGE('',*,*,#2100,.T.);
#2989=ORIENTED_EDGE('',*,*,#2101,.T.);
#2990=ORIENTED_EDGE('',*,*,#2102,.T.);
#2991=ORIENTED_EDGE('',*,*,#2103,.T.);
#2992=ORIENTED_EDGE('',*,*,#2104,.T.);
#2993=ORIENTED_EDGE('',*,*,#2105,.T.);
#2994=ORIENTED_EDGE('',*,*,#2098,.F.);
#2995=ORIENTED_EDGE('',*,*,#2106,.T.);
#2996=ORIENTED_EDGE('',*,*,#2107,.F.);
#2997=ORIENTED_EDGE('',*,*,#2106,.F.);
#2998=ORIENTED_EDGE('',*,*,#2097,.F.);
#2999=ORIENTED_EDGE('',*,*,#2108,.T.);
#3000=ORIENTED_EDGE('',*,*,#2109,.T.);
#3001=ORIENTED_EDGE('',*,*,#2108,.F.);
#3002=ORIENTED_EDGE('',*,*,#2104,.F.);
#3003=ORIENTED_EDGE('',*,*,#2110,.T.);
#3004=ORIENTED_EDGE('',*,*,#2111,.T.);
#3005=ORIENTED_EDGE('',*,*,#2110,.F.);
#3006=ORIENTED_EDGE('',*,*,#2103,.F.);
#3007=ORIENTED_EDGE('',*,*,#2112,.T.);
#3008=ORIENTED_EDGE('',*,*,#2113,.T.);
#3009=ORIENTED_EDGE('',*,*,#2112,.F.);
#3010=ORIENTED_EDGE('',*,*,#2102,.F.);
#3011=ORIENTED_EDGE('',*,*,#2114,.T.);
#3012=ORIENTED_EDGE('',*,*,#2115,.T.);
#3013=ORIENTED_EDGE('',*,*,#2114,.F.);
#3014=ORIENTED_EDGE('',*,*,#2101,.F.);
#3015=ORIENTED_EDGE('',*,*,#2116,.T.);
#3016=ORIENTED_EDGE('',*,*,#2117,.T.);
#3017=ORIENTED_EDGE('',*,*,#2116,.F.);
#3018=ORIENTED_EDGE('',*,*,#2100,.F.);
#3019=ORIENTED_EDGE('',*,*,#2118,.T.);
#3020=ORIENTED_EDGE('',*,*,#2119,.T.);
#3021=ORIENTED_EDGE('',*,*,#2118,.F.);
#3022=ORIENTED_EDGE('',*,*,#2099,.F.);
#3023=ORIENTED_EDGE('',*,*,#2105,.F.);
#3024=ORIENTED_EDGE('',*,*,#2120,.T.);
#3025=ORIENTED_EDGE('',*,*,#2119,.F.);
#3026=ORIENTED_EDGE('',*,*,#2120,.F.);
#3027=ORIENTED_EDGE('',*,*,#2107,.T.);
#3028=ORIENTED_EDGE('',*,*,#2109,.F.);
#3029=ORIENTED_EDGE('',*,*,#2111,.F.);
#3030=ORIENTED_EDGE('',*,*,#2113,.F.);
#3031=ORIENTED_EDGE('',*,*,#2115,.F.);
#3032=ORIENTED_EDGE('',*,*,#2117,.F.);
#3033=ORIENTED_EDGE('',*,*,#2121,.T.);
#3034=ORIENTED_EDGE('',*,*,#2122,.T.);
#3035=ORIENTED_EDGE('',*,*,#2123,.T.);
#3036=ORIENTED_EDGE('',*,*,#2124,.T.);
#3037=ORIENTED_EDGE('',*,*,#2125,.F.);
#3038=ORIENTED_EDGE('',*,*,#2126,.T.);
#3039=ORIENTED_EDGE('',*,*,#2127,.T.);
#3040=ORIENTED_EDGE('',*,*,#2122,.F.);
#3041=ORIENTED_EDGE('',*,*,#2128,.T.);
#3042=ORIENTED_EDGE('',*,*,#2129,.T.);
#3043=ORIENTED_EDGE('',*,*,#2130,.F.);
#3044=ORIENTED_EDGE('',*,*,#2131,.T.);
#3045=ORIENTED_EDGE('',*,*,#2132,.T.);
#3046=ORIENTED_EDGE('',*,*,#2133,.T.);
#3047=ORIENTED_EDGE('',*,*,#2134,.T.);
#3048=ORIENTED_EDGE('',*,*,#2135,.T.);
#3049=ORIENTED_EDGE('',*,*,#2136,.T.);
#3050=ORIENTED_EDGE('',*,*,#2137,.T.);
#3051=ORIENTED_EDGE('',*,*,#2138,.T.);
#3052=ORIENTED_EDGE('',*,*,#2128,.F.);
#3053=ORIENTED_EDGE('',*,*,#2121,.F.);
#3054=ORIENTED_EDGE('',*,*,#2139,.T.);
#3055=ORIENTED_EDGE('',*,*,#2124,.F.);
#3056=ORIENTED_EDGE('',*,*,#2140,.T.);
#3057=ORIENTED_EDGE('',*,*,#2141,.T.);
#3058=ORIENTED_EDGE('',*,*,#2142,.F.);
#3059=ORIENTED_EDGE('',*,*,#2143,.T.);
#3060=ORIENTED_EDGE('',*,*,#2144,.T.);
#3061=ORIENTED_EDGE('',*,*,#2145,.T.);
#3062=ORIENTED_EDGE('',*,*,#2146,.T.);
#3063=ORIENTED_EDGE('',*,*,#2147,.T.);
#3064=ORIENTED_EDGE('',*,*,#2148,.T.);
#3065=ORIENTED_EDGE('',*,*,#2149,.T.);
#3066=ORIENTED_EDGE('',*,*,#2150,.F.);
#3067=ORIENTED_EDGE('',*,*,#2151,.T.);
#3068=ORIENTED_EDGE('',*,*,#2139,.F.);
#3069=ORIENTED_EDGE('',*,*,#2123,.F.);
#3070=ORIENTED_EDGE('',*,*,#2127,.F.);
#3071=ORIENTED_EDGE('',*,*,#2152,.T.);
#3072=ORIENTED_EDGE('',*,*,#2140,.F.);
#3073=ORIENTED_EDGE('',*,*,#2141,.F.);
#3074=ORIENTED_EDGE('',*,*,#2152,.F.);
#3075=ORIENTED_EDGE('',*,*,#2126,.F.);
#3076=ORIENTED_EDGE('',*,*,#2153,.T.);
#3077=ORIENTED_EDGE('',*,*,#2154,.T.);
#3078=ORIENTED_EDGE('',*,*,#2143,.F.);
#3079=ORIENTED_EDGE('',*,*,#2155,.T.);
#3080=ORIENTED_EDGE('',*,*,#2137,.F.);
#3081=ORIENTED_EDGE('',*,*,#2156,.T.);
#3082=ORIENTED_EDGE('',*,*,#2144,.F.);
#3083=ORIENTED_EDGE('',*,*,#2154,.F.);
#3084=ORIENTED_EDGE('',*,*,#2136,.F.);
#3085=ORIENTED_EDGE('',*,*,#2157,.T.);
#3086=ORIENTED_EDGE('',*,*,#2145,.F.);
#3087=ORIENTED_EDGE('',*,*,#2156,.F.);
#3088=ORIENTED_EDGE('',*,*,#2135,.F.);
#3089=ORIENTED_EDGE('',*,*,#2158,.T.);
#3090=ORIENTED_EDGE('',*,*,#2146,.F.);
#3091=ORIENTED_EDGE('',*,*,#2157,.F.);
#3092=ORIENTED_EDGE('',*,*,#2134,.F.);
#3093=ORIENTED_EDGE('',*,*,#2159,.T.);
#3094=ORIENTED_EDGE('',*,*,#2147,.F.);
#3095=ORIENTED_EDGE('',*,*,#2158,.F.);
#3096=ORIENTED_EDGE('',*,*,#2133,.F.);
#3097=ORIENTED_EDGE('',*,*,#2160,.T.);
#3098=ORIENTED_EDGE('',*,*,#2148,.F.);
#3099=ORIENTED_EDGE('',*,*,#2159,.F.);
#3100=ORIENTED_EDGE('',*,*,#2132,.F.);
#3101=ORIENTED_EDGE('',*,*,#2161,.T.);
#3102=ORIENTED_EDGE('',*,*,#2149,.F.);
#3103=ORIENTED_EDGE('',*,*,#2160,.F.);
#3104=ORIENTED_EDGE('',*,*,#2131,.F.);
#3105=ORIENTED_EDGE('',*,*,#2162,.T.);
#3106=ORIENTED_EDGE('',*,*,#2129,.F.);
#3107=ORIENTED_EDGE('',*,*,#2138,.F.);
#3108=ORIENTED_EDGE('',*,*,#2151,.F.);
#3109=ORIENTED_EDGE('',*,*,#2155,.F.);
#3110=ORIENTED_EDGE('',*,*,#2142,.T.);
#3111=ORIENTED_EDGE('',*,*,#2153,.F.);
#3112=ORIENTED_EDGE('',*,*,#2125,.T.);
#3113=ORIENTED_EDGE('',*,*,#2162,.F.);
#3114=ORIENTED_EDGE('',*,*,#2150,.T.);
#3115=ORIENTED_EDGE('',*,*,#2161,.F.);
#3116=ORIENTED_EDGE('',*,*,#2130,.T.);
#3117=ORIENTED_EDGE('',*,*,#2163,.T.);
#3118=ORIENTED_EDGE('',*,*,#2164,.T.);
#3119=ORIENTED_EDGE('',*,*,#2165,.T.);
#3120=ORIENTED_EDGE('',*,*,#2166,.T.);
#3121=ORIENTED_EDGE('',*,*,#2167,.T.);
#3122=ORIENTED_EDGE('',*,*,#2168,.T.);
#3123=ORIENTED_EDGE('',*,*,#2164,.F.);
#3124=ORIENTED_EDGE('',*,*,#2169,.T.);
#3125=ORIENTED_EDGE('',*,*,#2170,.T.);
#3126=ORIENTED_EDGE('',*,*,#2169,.F.);
#3127=ORIENTED_EDGE('',*,*,#2163,.F.);
#3128=ORIENTED_EDGE('',*,*,#2171,.T.);
#3129=ORIENTED_EDGE('',*,*,#2172,.T.);
#3130=ORIENTED_EDGE('',*,*,#2173,.F.);
#3131=ORIENTED_EDGE('',*,*,#2174,.T.);
#3132=ORIENTED_EDGE('',*,*,#2175,.T.);
#3133=ORIENTED_EDGE('',*,*,#2176,.T.);
#3134=ORIENTED_EDGE('',*,*,#2177,.T.);
#3135=ORIENTED_EDGE('',*,*,#2178,.T.);
#3136=ORIENTED_EDGE('',*,*,#2179,.T.);
#3137=ORIENTED_EDGE('',*,*,#2180,.T.);
#3138=ORIENTED_EDGE('',*,*,#2181,.F.);
#3139=ORIENTED_EDGE('',*,*,#2166,.F.);
#3140=ORIENTED_EDGE('',*,*,#2182,.T.);
#3141=ORIENTED_EDGE('',*,*,#2183,.T.);
#3142=ORIENTED_EDGE('',*,*,#2171,.F.);
#3143=ORIENTED_EDGE('',*,*,#2182,.F.);
#3144=ORIENTED_EDGE('',*,*,#2165,.F.);
#3145=ORIENTED_EDGE('',*,*,#2168,.F.);
#3146=ORIENTED_EDGE('',*,*,#2184,.T.);
#3147=ORIENTED_EDGE('',*,*,#2185,.F.);
#3148=ORIENTED_EDGE('',*,*,#2186,.T.);
#3149=ORIENTED_EDGE('',*,*,#2187,.T.);
#3150=ORIENTED_EDGE('',*,*,#2188,.T.);
#3151=ORIENTED_EDGE('',*,*,#2189,.T.);
#3152=ORIENTED_EDGE('',*,*,#2190,.T.);
#3153=ORIENTED_EDGE('',*,*,#2191,.T.);
#3154=ORIENTED_EDGE('',*,*,#2192,.T.);
#3155=ORIENTED_EDGE('',*,*,#2193,.F.);
#3156=ORIENTED_EDGE('',*,*,#2194,.T.);
#3157=ORIENTED_EDGE('',*,*,#2195,.T.);
#3158=ORIENTED_EDGE('',*,*,#2184,.F.);
#3159=ORIENTED_EDGE('',*,*,#2167,.F.);
#3160=ORIENTED_EDGE('',*,*,#2170,.F.);
#3161=ORIENTED_EDGE('',*,*,#2180,.F.);
#3162=ORIENTED_EDGE('',*,*,#2196,.T.);
#3163=ORIENTED_EDGE('',*,*,#2186,.F.);
#3164=ORIENTED_EDGE('',*,*,#2197,.T.);
#3165=ORIENTED_EDGE('',*,*,#2179,.F.);
#3166=ORIENTED_EDGE('',*,*,#2198,.T.);
#3167=ORIENTED_EDGE('',*,*,#2187,.F.);
#3168=ORIENTED_EDGE('',*,*,#2196,.F.);
#3169=ORIENTED_EDGE('',*,*,#2178,.F.);
#3170=ORIENTED_EDGE('',*,*,#2199,.T.);
#3171=ORIENTED_EDGE('',*,*,#2188,.F.);
#3172=ORIENTED_EDGE('',*,*,#2198,.F.);
#3173=ORIENTED_EDGE('',*,*,#2177,.F.);
#3174=ORIENTED_EDGE('',*,*,#2200,.T.);
#3175=ORIENTED_EDGE('',*,*,#2189,.F.);
#3176=ORIENTED_EDGE('',*,*,#2199,.F.);
#3177=ORIENTED_EDGE('',*,*,#2176,.F.);
#3178=ORIENTED_EDGE('',*,*,#2201,.T.);
#3179=ORIENTED_EDGE('',*,*,#2190,.F.);
#3180=ORIENTED_EDGE('',*,*,#2200,.F.);
#3181=ORIENTED_EDGE('',*,*,#2175,.F.);
#3182=ORIENTED_EDGE('',*,*,#2202,.T.);
#3183=ORIENTED_EDGE('',*,*,#2191,.F.);
#3184=ORIENTED_EDGE('',*,*,#2201,.F.);
#3185=ORIENTED_EDGE('',*,*,#2174,.F.);
#3186=ORIENTED_EDGE('',*,*,#2203,.T.);
#3187=ORIENTED_EDGE('',*,*,#2192,.F.);
#3188=ORIENTED_EDGE('',*,*,#2202,.F.);
#3189=ORIENTED_EDGE('',*,*,#2172,.F.);
#3190=ORIENTED_EDGE('',*,*,#2183,.F.);
#3191=ORIENTED_EDGE('',*,*,#2194,.F.);
#3192=ORIENTED_EDGE('',*,*,#2204,.T.);
#3193=ORIENTED_EDGE('',*,*,#2181,.T.);
#3194=ORIENTED_EDGE('',*,*,#2197,.F.);
#3195=ORIENTED_EDGE('',*,*,#2185,.T.);
#3196=ORIENTED_EDGE('',*,*,#2195,.F.);
#3197=ORIENTED_EDGE('',*,*,#2173,.T.);
#3198=ORIENTED_EDGE('',*,*,#2204,.F.);
#3199=ORIENTED_EDGE('',*,*,#2193,.T.);
#3200=ORIENTED_EDGE('',*,*,#2203,.F.);
#3201=PLANE('',#3712);
#3202=PLANE('',#3713);
#3203=PLANE('',#3714);
#3204=PLANE('',#3715);
#3205=PLANE('',#3716);
#3206=PLANE('',#3717);
#3207=PLANE('',#3718);
#3208=PLANE('',#3722);
#3209=PLANE('',#3723);
#3210=PLANE('',#3724);
#3211=PLANE('',#3725);
#3212=PLANE('',#3726);
#3213=PLANE('',#3727);
#3214=PLANE('',#3728);
#3215=PLANE('',#3729);
#3216=PLANE('',#3730);
#3217=PLANE('',#3731);
#3218=PLANE('',#3732);
#3219=PLANE('',#3733);
#3220=PLANE('',#3734);
#3221=PLANE('',#3735);
#3222=PLANE('',#3736);
#3223=PLANE('',#3737);
#3224=PLANE('',#3738);
#3225=PLANE('',#3739);
#3226=PLANE('',#3740);
#3227=PLANE('',#3741);
#3228=PLANE('',#3745);
#3229=PLANE('',#3746);
#3230=PLANE('',#3747);
#3231=PLANE('',#3748);
#3232=PLANE('',#3749);
#3233=PLANE('',#3750);
#3234=PLANE('',#3751);
#3235=PLANE('',#3752);
#3236=PLANE('',#3753);
#3237=PLANE('',#3754);
#3238=PLANE('',#3758);
#3239=PLANE('',#3786);
#3240=PLANE('',#3787);
#3241=PLANE('',#3788);
#3242=PLANE('',#3789);
#3243=PLANE('',#3790);
#3244=PLANE('',#3791);
#3245=PLANE('',#3792);
#3246=PLANE('',#3793);
#3247=PLANE('',#3794);
#3248=PLANE('',#3795);
#3249=PLANE('',#3796);
#3250=PLANE('',#3797);
#3251=PLANE('',#3798);
#3252=PLANE('',#3799);
#3253=PLANE('',#3800);
#3254=PLANE('',#3816);
#3255=PLANE('',#3819);
#3256=PLANE('',#3833);
#3257=PLANE('',#3835);
#3258=PLANE('',#3836);
#3259=PLANE('',#3841);
#3260=PLANE('',#3842);
#3261=PLANE('',#3843);
#3262=PLANE('',#3844);
#3263=PLANE('',#3845);
#3264=PLANE('',#3846);
#3265=PLANE('',#3847);
#3266=PLANE('',#3848);
#3267=PLANE('',#3851);
#3268=PLANE('',#3854);
#3269=PLANE('',#3857);
#3270=PLANE('',#3861);
#3271=PLANE('',#3864);
#3272=PLANE('',#3866);
#3273=PLANE('',#3867);
#3274=PLANE('',#3868);
#3275=PLANE('',#3869);
#3276=PLANE('',#3870);
#3277=PLANE('',#3871);
#3278=PLANE('',#3872);
#3279=PLANE('',#3873);
#3280=PLANE('',#3878);
#3281=PLANE('',#3879);
#3282=PLANE('',#3880);
#3283=PLANE('',#3881);
#3284=PLANE('',#3886);
#3285=PLANE('',#3887);
#3286=PLANE('',#3888);
#3287=PLANE('',#3889);
#3288=PLANE('',#3894);
#3289=PLANE('',#3895);
#3290=PLANE('',#3896);
#3291=PLANE('',#3897);
#3292=PLANE('',#3901);
#3293=PLANE('',#3902);
#3294=PLANE('',#3903);
#3295=PLANE('',#3904);
#3296=PLANE('',#3909);
#3297=PLANE('',#3910);
#3298=PLANE('',#3914);
#3299=PLANE('',#3915);
#3300=PLANE('',#3916);
#3301=PLANE('',#3917);
#3302=PLANE('',#3918);
#3303=PLANE('',#3919);
#3304=PLANE('',#3920);
#3305=PLANE('',#3921);
#3306=PLANE('',#3922);
#3307=PLANE('',#3923);
#3308=PLANE('',#3924);
#3309=PLANE('',#3925);
#3310=PLANE('',#3926);
#3311=PLANE('',#3927);
#3312=PLANE('',#3932);
#3313=PLANE('',#3935);
#3314=PLANE('',#3936);
#3315=PLANE('',#3937);
#3316=PLANE('',#3938);
#3317=PLANE('',#3939);
#3318=PLANE('',#3940);
#3319=PLANE('',#3941);
#3320=PLANE('',#3942);
#3321=PLANE('',#3943);
#3322=PLANE('',#3944);
#3323=PLANE('',#3945);
#3324=PLANE('',#3946);
#3325=PLANE('',#3950);
#3326=PLANE('',#3954);
#3327=PLANE('',#3955);
#3328=PLANE('',#3956);
#3329=PLANE('',#3957);
#3330=PLANE('',#3958);
#3331=PLANE('',#3959);
#3332=PLANE('',#3960);
#3333=PLANE('',#3961);
#3334=PLANE('',#3962);
#3335=PLANE('',#3963);
#3336=PLANE('',#3964);
#3337=PLANE('',#3965);
#3338=STYLED_ITEM('',(#7639),#3492);
#3339=STYLED_ITEM('',(#7639),#3493);
#3340=STYLED_ITEM('',(#7639),#3494);
#3341=STYLED_ITEM('',(#7639),#3495);
#3342=STYLED_ITEM('',(#7639),#3496);
#3343=STYLED_ITEM('',(#7639),#3497);
#3344=STYLED_ITEM('',(#7639),#3498);
#3345=STYLED_ITEM('',(#7639),#3499);
#3346=STYLED_ITEM('',(#7639),#3500);
#3347=STYLED_ITEM('',(#7638),#165);
#3348=STYLED_ITEM('',(#7640),#166);
#3349=STYLED_ITEM('',(#7641),#167);
#3350=STYLED_ITEM('',(#7639),#3510);
#3351=STYLED_ITEM('',(#7639),#3511);
#3352=STYLED_ITEM('',(#7639),#3512);
#3353=STYLED_ITEM('',(#7639),#3513);
#3354=STYLED_ITEM('',(#7639),#3514);
#3355=STYLED_ITEM('',(#7639),#3515);
#3356=STYLED_ITEM('',(#7638),#168);
#3357=STYLED_ITEM('',(#7639),#3516);
#3358=STYLED_ITEM('',(#7639),#3517);
#3359=STYLED_ITEM('',(#7639),#3518);
#3360=STYLED_ITEM('',(#7639),#3519);
#3361=STYLED_ITEM('',(#7639),#3520);
#3362=STYLED_ITEM('',(#7639),#3521);
#3363=STYLED_ITEM('',(#7639),#3522);
#3364=STYLED_ITEM('',(#7639),#3523);
#3365=STYLED_ITEM('',(#7639),#3524);
#3366=STYLED_ITEM('',(#7639),#3525);
#3367=STYLED_ITEM('',(#7639),#3526);
#3368=STYLED_ITEM('',(#7639),#3527);
#3369=STYLED_ITEM('',(#7639),#3528);
#3370=STYLED_ITEM('',(#7639),#3529);
#3371=STYLED_ITEM('',(#7639),#3530);
#3372=STYLED_ITEM('',(#7639),#3531);
#3373=STYLED_ITEM('',(#7638),#169);
#3374=STYLED_ITEM('',(#7641),#170);
#3375=STYLED_ITEM('',(#7640),#171);
#3376=STYLED_ITEM('',(#7643),#3541);
#3377=STYLED_ITEM('',(#7643),#3542);
#3378=STYLED_ITEM('',(#7643),#3543);
#3379=STYLED_ITEM('',(#7643),#3544);
#3380=STYLED_ITEM('',(#7643),#3545);
#3381=STYLED_ITEM('',(#7643),#3546);
#3382=STYLED_ITEM('',(#7643),#3547);
#3383=STYLED_ITEM('',(#7643),#3548);
#3384=STYLED_ITEM('',(#7642),#172);
#3385=STYLED_ITEM('',(#7645),#3549);
#3386=STYLED_ITEM('',(#7645),#3550);
#3387=STYLED_ITEM('',(#7645),#3551);
#3388=STYLED_ITEM('',(#7645),#3552);
#3389=STYLED_ITEM('',(#7645),#3553);
#3390=STYLED_ITEM('',(#7645),#3554);
#3391=STYLED_ITEM('',(#7645),#3555);
#3392=STYLED_ITEM('',(#7645),#3556);
#3393=STYLED_ITEM('',(#7645),#3557);
#3394=STYLED_ITEM('',(#7645),#3558);
#3395=STYLED_ITEM('',(#7645),#3559);
#3396=STYLED_ITEM('',(#7645),#3560);
#3397=STYLED_ITEM('',(#7645),#3561);
#3398=STYLED_ITEM('',(#7645),#3562);
#3399=STYLED_ITEM('',(#7645),#3563);
#3400=STYLED_ITEM('',(#7645),#3564);
#3401=STYLED_ITEM('',(#7645),#3565);
#3402=STYLED_ITEM('',(#7645),#3566);
#3403=STYLED_ITEM('',(#7645),#3567);
#3404=STYLED_ITEM('',(#7645),#3568);
#3405=STYLED_ITEM('',(#7645),#3569);
#3406=STYLED_ITEM('',(#7645),#3570);
#3407=STYLED_ITEM('',(#7645),#3571);
#3408=STYLED_ITEM('',(#7645),#3572);
#3409=STYLED_ITEM('',(#7645),#3573);
#3410=STYLED_ITEM('',(#7645),#3574);
#3411=STYLED_ITEM('',(#7645),#3575);
#3412=STYLED_ITEM('',(#7645),#3576);
#3413=STYLED_ITEM('',(#7645),#3577);
#3414=STYLED_ITEM('',(#7645),#3578);
#3415=STYLED_ITEM('',(#7645),#3579);
#3416=STYLED_ITEM('',(#7645),#3580);
#3417=STYLED_ITEM('',(#7645),#3581);
#3418=STYLED_ITEM('',(#7645),#3582);
#3419=STYLED_ITEM('',(#7645),#3583);
#3420=STYLED_ITEM('',(#7645),#3584);
#3421=STYLED_ITEM('',(#7645),#3585);
#3422=STYLED_ITEM('',(#7645),#3586);
#3423=STYLED_ITEM('',(#7645),#3587);
#3424=STYLED_ITEM('',(#7645),#3588);
#3425=STYLED_ITEM('',(#7645),#3589);
#3426=STYLED_ITEM('',(#7645),#3590);
#3427=STYLED_ITEM('',(#7645),#3591);
#3428=STYLED_ITEM('',(#7645),#3592);
#3429=STYLED_ITEM('',(#7645),#3593);
#3430=STYLED_ITEM('',(#7645),#3594);
#3431=STYLED_ITEM('',(#7645),#3595);
#3432=STYLED_ITEM('',(#7645),#3596);
#3433=STYLED_ITEM('',(#7645),#3597);
#3434=STYLED_ITEM('',(#7645),#3598);
#3435=STYLED_ITEM('',(#7645),#3599);
#3436=STYLED_ITEM('',(#7645),#3600);
#3437=STYLED_ITEM('',(#7645),#3601);
#3438=STYLED_ITEM('',(#7645),#3602);
#3439=STYLED_ITEM('',(#7645),#3603);
#3440=STYLED_ITEM('',(#7645),#3604);
#3441=STYLED_ITEM('',(#7645),#3605);
#3442=STYLED_ITEM('',(#7645),#3606);
#3443=STYLED_ITEM('',(#7645),#3607);
#3444=STYLED_ITEM('',(#7645),#3608);
#3445=STYLED_ITEM('',(#7645),#3609);
#3446=STYLED_ITEM('',(#7645),#3610);
#3447=STYLED_ITEM('',(#7645),#3611);
#3448=STYLED_ITEM('',(#7645),#3612);
#3449=STYLED_ITEM('',(#7645),#3613);
#3450=STYLED_ITEM('',(#7645),#3614);
#3451=STYLED_ITEM('',(#7645),#3615);
#3452=STYLED_ITEM('',(#7645),#3616);
#3453=STYLED_ITEM('',(#7645),#3617);
#3454=STYLED_ITEM('',(#7645),#3618);
#3455=STYLED_ITEM('',(#7645),#3619);
#3456=STYLED_ITEM('',(#7645),#3620);
#3457=STYLED_ITEM('',(#7645),#3621);
#3458=STYLED_ITEM('',(#7645),#3622);
#3459=STYLED_ITEM('',(#7645),#3623);
#3460=STYLED_ITEM('',(#7645),#3624);
#3461=STYLED_ITEM('',(#7645),#3625);
#3462=STYLED_ITEM('',(#7645),#3626);
#3463=STYLED_ITEM('',(#7645),#3627);
#3464=STYLED_ITEM('',(#7645),#3628);
#3465=STYLED_ITEM('',(#7645),#3629);
#3466=STYLED_ITEM('',(#7645),#3630);
#3467=STYLED_ITEM('',(#7645),#3631);
#3468=STYLED_ITEM('',(#7645),#3632);
#3469=STYLED_ITEM('',(#7645),#3633);
#3470=STYLED_ITEM('',(#7645),#3634);
#3471=STYLED_ITEM('',(#7645),#3635);
#3472=STYLED_ITEM('',(#7645),#3636);
#3473=STYLED_ITEM('',(#7645),#3637);
#3474=STYLED_ITEM('',(#7645),#3638);
#3475=STYLED_ITEM('',(#7645),#3639);
#3476=STYLED_ITEM('',(#7645),#3640);
#3477=STYLED_ITEM('',(#7644),#173);
#3478=STYLED_ITEM('',(#7641),#174);
#3479=STYLED_ITEM('',(#7639),#3644);
#3480=STYLED_ITEM('',(#7639),#3645);
#3481=STYLED_ITEM('',(#7639),#3646);
#3482=STYLED_ITEM('',(#7639),#3647);
#3483=STYLED_ITEM('',(#7639),#3648);
#3484=STYLED_ITEM('',(#7639),#3649);
#3485=STYLED_ITEM('',(#7639),#3650);
#3486=STYLED_ITEM('',(#7639),#3651);
#3487=STYLED_ITEM('',(#7639),#3652);
#3488=STYLED_ITEM('',(#7639),#3653);
#3489=STYLED_ITEM('',(#7638),#175);
#3490=STYLED_ITEM('',(#7646),#176);
#3491=STYLED_ITEM('',(#7646),#177);
#3492=ADVANCED_FACE('',(#186),#3201,.T.);
#3493=ADVANCED_FACE('',(#187),#178,.F.);
#3494=ADVANCED_FACE('',(#188),#179,.F.);
#3495=ADVANCED_FACE('',(#189),#3202,.T.);
#3496=ADVANCED_FACE('',(#190),#180,.F.);
#3497=ADVANCED_FACE('',(#191),#3203,.T.);
#3498=ADVANCED_FACE('',(#192),#181,.F.);
#3499=ADVANCED_FACE('',(#193),#3204,.T.);
#3500=ADVANCED_FACE('',(#194),#3205,.T.);
#3501=ADVANCED_FACE('',(#195),#155,.F.);
#3502=ADVANCED_FACE('',(#196,#130),#3206,.T.);
#3503=ADVANCED_FACE('',(#197),#156,.F.);
#3504=ADVANCED_FACE('',(#198,#131),#3207,.T.);
#3505=ADVANCED_FACE('',(#199),#157,.F.);
#3506=ADVANCED_FACE('',(#200),#158,.F.);
#3507=ADVANCED_FACE('',(#201),#91,.T.);
#3508=ADVANCED_FACE('',(#202),#3208,.T.);
#3509=ADVANCED_FACE('',(#203),#3209,.T.);
#3510=ADVANCED_FACE('',(#204,#132),#3210,.T.);
#3511=ADVANCED_FACE('',(#205),#182,.F.);
#3512=ADVANCED_FACE('',(#206),#183,.F.);
#3513=ADVANCED_FACE('',(#207),#184,.F.);
#3514=ADVANCED_FACE('',(#208),#185,.F.);
#3515=ADVANCED_FACE('',(#209,#133),#3211,.T.);
#3516=ADVANCED_FACE('',(#210,#134),#3212,.T.);
#3517=ADVANCED_FACE('',(#211),#3213,.T.);
#3518=ADVANCED_FACE('',(#212),#3214,.T.);
#3519=ADVANCED_FACE('',(#213),#3215,.T.);
#3520=ADVANCED_FACE('',(#214),#3216,.T.);
#3521=ADVANCED_FACE('',(#215),#3217,.T.);
#3522=ADVANCED_FACE('',(#216),#3218,.T.);
#3523=ADVANCED_FACE('',(#217),#3219,.T.);
#3524=ADVANCED_FACE('',(#218),#3220,.T.);
#3525=ADVANCED_FACE('',(#219),#3221,.T.);
#3526=ADVANCED_FACE('',(#220),#3222,.T.);
#3527=ADVANCED_FACE('',(#221),#3223,.T.);
#3528=ADVANCED_FACE('',(#222),#3224,.T.);
#3529=ADVANCED_FACE('',(#223),#3225,.T.);
#3530=ADVANCED_FACE('',(#224),#3226,.T.);
#3531=ADVANCED_FACE('',(#225,#135),#3227,.T.);
#3532=ADVANCED_FACE('',(#226),#92,.T.);
#3533=ADVANCED_FACE('',(#227),#3228,.T.);
#3534=ADVANCED_FACE('',(#228),#3229,.T.);
#3535=ADVANCED_FACE('',(#229),#159,.T.);
#3536=ADVANCED_FACE('',(#230,#136),#3230,.T.);
#3537=ADVANCED_FACE('',(#231),#160,.T.);
#3538=ADVANCED_FACE('',(#232,#137),#3231,.T.);
#3539=ADVANCED_FACE('',(#233),#161,.T.);
#3540=ADVANCED_FACE('',(#234),#162,.T.);
#3541=ADVANCED_FACE('',(#235),#163,.F.);
#3542=ADVANCED_FACE('',(#236),#164,.F.);
#3543=ADVANCED_FACE('',(#237,#138),#3232,.T.);
#3544=ADVANCED_FACE('',(#238,#139),#3233,.T.);
#3545=ADVANCED_FACE('',(#239),#3234,.T.);
#3546=ADVANCED_FACE('',(#240),#3235,.T.);
#3547=ADVANCED_FACE('',(#241),#3236,.T.);
#3548=ADVANCED_FACE('',(#242),#3237,.T.);
#3549=ADVANCED_FACE('',(#243),#93,.F.);
#3550=ADVANCED_FACE('',(#244,#140),#3238,.T.);
#3551=ADVANCED_FACE('',(#245),#3239,.T.);
#3552=ADVANCED_FACE('',(#246),#3240,.T.);
#3553=ADVANCED_FACE('',(#247),#3241,.T.);
#3554=ADVANCED_FACE('',(#248),#3242,.T.);
#3555=ADVANCED_FACE('',(#249),#3243,.T.);
#3556=ADVANCED_FACE('',(#250),#3244,.T.);
#3557=ADVANCED_FACE('',(#251),#3245,.T.);
#3558=ADVANCED_FACE('',(#252),#3246,.T.);
#3559=ADVANCED_FACE('',(#253),#3247,.T.);
#3560=ADVANCED_FACE('',(#254),#3248,.T.);
#3561=ADVANCED_FACE('',(#255),#3249,.T.);
#3562=ADVANCED_FACE('',(#256),#3250,.T.);
#3563=ADVANCED_FACE('',(#257),#3251,.T.);
#3564=ADVANCED_FACE('',(#258),#3252,.T.);
#3565=ADVANCED_FACE('',(#259),#3253,.T.);
#3566=ADVANCED_FACE('',(#260),#94,.T.);
#3567=ADVANCED_FACE('',(#261),#3254,.T.);
#3568=ADVANCED_FACE('',(#262),#95,.T.);
#3569=ADVANCED_FACE('',(#263),#3255,.T.);
#3570=ADVANCED_FACE('',(#264),#96,.T.);
#3571=ADVANCED_FACE('',(#265),#3256,.T.);
#3572=ADVANCED_FACE('',(#266),#97,.T.);
#3573=ADVANCED_FACE('',(#267),#3257,.T.);
#3574=ADVANCED_FACE('',(#268,#141),#3258,.T.);
#3575=ADVANCED_FACE('',(#269),#3259,.T.);
#3576=ADVANCED_FACE('',(#270),#3260,.T.);
#3577=ADVANCED_FACE('',(#271),#3261,.T.);
#3578=ADVANCED_FACE('',(#272),#3262,.T.);
#3579=ADVANCED_FACE('',(#273),#3263,.T.);
#3580=ADVANCED_FACE('',(#274),#3264,.T.);
#3581=ADVANCED_FACE('',(#275),#3265,.T.);
#3582=ADVANCED_FACE('',(#276),#3266,.T.);
#3583=ADVANCED_FACE('',(#277),#98,.T.);
#3584=ADVANCED_FACE('',(#278),#3267,.T.);
#3585=ADVANCED_FACE('',(#279),#99,.T.);
#3586=ADVANCED_FACE('',(#280),#3268,.T.);
#3587=ADVANCED_FACE('',(#281),#100,.T.);
#3588=ADVANCED_FACE('',(#282),#3269,.T.);
#3589=ADVANCED_FACE('',(#283),#101,.T.);
#3590=ADVANCED_FACE('',(#284),#102,.T.);
#3591=ADVANCED_FACE('',(#285),#3270,.T.);
#3592=ADVANCED_FACE('',(#286),#103,.T.);
#3593=ADVANCED_FACE('',(#287),#104,.T.);
#3594=ADVANCED_FACE('',(#288),#3271,.T.);
#3595=ADVANCED_FACE('',(#289),#105,.T.);
#3596=ADVANCED_FACE('',(#290),#3272,.T.);
#3597=ADVANCED_FACE('',(#291),#3273,.T.);
#3598=ADVANCED_FACE('',(#292),#3274,.T.);
#3599=ADVANCED_FACE('',(#293),#3275,.T.);
#3600=ADVANCED_FACE('',(#294),#3276,.T.);
#3601=ADVANCED_FACE('',(#295),#3277,.T.);
#3602=ADVANCED_FACE('',(#296),#3278,.T.);
#3603=ADVANCED_FACE('',(#297),#3279,.T.);
#3604=ADVANCED_FACE('',(#298),#106,.F.);
#3605=ADVANCED_FACE('',(#299),#107,.F.);
#3606=ADVANCED_FACE('',(#300),#108,.F.);
#3607=ADVANCED_FACE('',(#301),#109,.F.);
#3608=ADVANCED_FACE('',(#302),#3280,.T.);
#3609=ADVANCED_FACE('',(#303),#3281,.T.);
#3610=ADVANCED_FACE('',(#304),#3282,.T.);
#3611=ADVANCED_FACE('',(#305),#3283,.T.);
#3612=ADVANCED_FACE('',(#306),#110,.T.);
#3613=ADVANCED_FACE('',(#307),#111,.T.);
#3614=ADVANCED_FACE('',(#308),#112,.T.);
#3615=ADVANCED_FACE('',(#309),#113,.T.);
#3616=ADVANCED_FACE('',(#310),#3284,.T.);
#3617=ADVANCED_FACE('',(#311),#3285,.T.);
#3618=ADVANCED_FACE('',(#312),#3286,.T.);
#3619=ADVANCED_FACE('',(#313),#3287,.T.);
#3620=ADVANCED_FACE('',(#314),#114,.T.);
#3621=ADVANCED_FACE('',(#315),#115,.T.);
#3622=ADVANCED_FACE('',(#316),#116,.T.);
#3623=ADVANCED_FACE('',(#317),#117,.T.);
#3624=ADVANCED_FACE('',(#318),#3288,.T.);
#3625=ADVANCED_FACE('',(#319),#3289,.T.);
#3626=ADVANCED_FACE('',(#320),#3290,.T.);
#3627=ADVANCED_FACE('',(#321),#3291,.T.);
#3628=ADVANCED_FACE('',(#322),#118,.F.);
#3629=ADVANCED_FACE('',(#323),#119,.F.);
#3630=ADVANCED_FACE('',(#324),#120,.F.);
#3631=ADVANCED_FACE('',(#325),#3292,.T.);
#3632=ADVANCED_FACE('',(#326),#3293,.T.);
#3633=ADVANCED_FACE('',(#327),#3294,.T.);
#3634=ADVANCED_FACE('',(#328),#3295,.T.);
#3635=ADVANCED_FACE('',(#329),#121,.T.);
#3636=ADVANCED_FACE('',(#330),#122,.T.);
#3637=ADVANCED_FACE('',(#331),#123,.T.);
#3638=ADVANCED_FACE('',(#332),#124,.T.);
#3639=ADVANCED_FACE('',(#333),#3296,.T.);
#3640=ADVANCED_FACE('',(#334),#3297,.T.);
#3641=ADVANCED_FACE('',(#335),#125,.T.);
#3642=ADVANCED_FACE('',(#336),#3298,.T.);
#3643=ADVANCED_FACE('',(#337),#3299,.T.);
#3644=ADVANCED_FACE('',(#338),#3300,.T.);
#3645=ADVANCED_FACE('',(#339),#3301,.T.);
#3646=ADVANCED_FACE('',(#340),#3302,.T.);
#3647=ADVANCED_FACE('',(#341),#3303,.T.);
#3648=ADVANCED_FACE('',(#342),#3304,.T.);
#3649=ADVANCED_FACE('',(#343),#3305,.T.);
#3650=ADVANCED_FACE('',(#344),#3306,.T.);
#3651=ADVANCED_FACE('',(#345),#3307,.T.);
#3652=ADVANCED_FACE('',(#346),#3308,.T.);
#3653=ADVANCED_FACE('',(#347),#3309,.T.);
#3654=ADVANCED_FACE('',(#348),#3310,.T.);
#3655=ADVANCED_FACE('',(#349),#3311,.T.);
#3656=ADVANCED_FACE('',(#350),#126,.T.);
#3657=ADVANCED_FACE('',(#351),#3312,.T.);
#3658=ADVANCED_FACE('',(#352),#127,.T.);
#3659=ADVANCED_FACE('',(#353),#3313,.T.);
#3660=ADVANCED_FACE('',(#354),#3314,.T.);
#3661=ADVANCED_FACE('',(#355),#3315,.T.);
#3662=ADVANCED_FACE('',(#356),#3316,.T.);
#3663=ADVANCED_FACE('',(#357),#3317,.T.);
#3664=ADVANCED_FACE('',(#358),#3318,.T.);
#3665=ADVANCED_FACE('',(#359),#3319,.T.);
#3666=ADVANCED_FACE('',(#360),#3320,.T.);
#3667=ADVANCED_FACE('',(#361),#3321,.T.);
#3668=ADVANCED_FACE('',(#362),#3322,.T.);
#3669=ADVANCED_FACE('',(#363),#3323,.T.);
#3670=ADVANCED_FACE('',(#364),#3324,.T.);
#3671=ADVANCED_FACE('',(#365),#128,.T.);
#3672=ADVANCED_FACE('',(#366),#3325,.T.);
#3673=ADVANCED_FACE('',(#367),#129,.T.);
#3674=ADVANCED_FACE('',(#368),#3326,.T.);
#3675=ADVANCED_FACE('',(#369),#3327,.T.);
#3676=ADVANCED_FACE('',(#370),#3328,.T.);
#3677=ADVANCED_FACE('',(#371),#3329,.T.);
#3678=ADVANCED_FACE('',(#372),#3330,.T.);
#3679=ADVANCED_FACE('',(#373),#3331,.T.);
#3680=ADVANCED_FACE('',(#374),#3332,.T.);
#3681=ADVANCED_FACE('',(#375),#3333,.T.);
#3682=ADVANCED_FACE('',(#376),#3334,.T.);
#3683=ADVANCED_FACE('',(#377),#3335,.T.);
#3684=ADVANCED_FACE('',(#378),#3336,.T.);
#3685=ADVANCED_FACE('',(#379),#3337,.T.);
#3686=CLOSED_SHELL('',(#3492,#3493,#3494,#3495,#3496,#3497,#3498,#3499,
#3500));
#3687=CLOSED_SHELL('',(#3501,#3502,#3503,#3504,#3505,#3506));
#3688=CLOSED_SHELL('',(#3507,#3508,#3509));
#3689=CLOSED_SHELL('',(#3510,#3511,#3512,#3513,#3514,#3515));
#3690=CLOSED_SHELL('',(#3516,#3517,#3518,#3519,#3520,#3521,#3522,#3523,
#3524,#3525,#3526,#3527,#3528,#3529,#3530,#3531));
#3691=CLOSED_SHELL('',(#3532,#3533,#3534));
#3692=CLOSED_SHELL('',(#3535,#3536,#3537,#3538,#3539,#3540));
#3693=CLOSED_SHELL('',(#3541,#3542,#3543,#3544,#3545,#3546,#3547,#3548));
#3694=CLOSED_SHELL('',(#3549,#3550,#3551,#3552,#3553,#3554,#3555,#3556,
#3557,#3558,#3559,#3560,#3561,#3562,#3563,#3564,#3565,#3566,#3567,#3568,
#3569,#3570,#3571,#3572,#3573,#3574,#3575,#3576,#3577,#3578,#3579,#3580,
#3581,#3582,#3583,#3584,#3585,#3586,#3587,#3588,#3589,#3590,#3591,#3592,
#3593,#3594,#3595,#3596,#3597,#3598,#3599,#3600,#3601,#3602,#3603,#3604,
#3605,#3606,#3607,#3608,#3609,#3610,#3611,#3612,#3613,#3614,#3615,#3616,
#3617,#3618,#3619,#3620,#3621,#3622,#3623,#3624,#3625,#3626,#3627,#3628,
#3629,#3630,#3631,#3632,#3633,#3634,#3635,#3636,#3637,#3638,#3639,#3640));
#3695=CLOSED_SHELL('',(#3641,#3642,#3643));
#3696=CLOSED_SHELL('',(#3644,#3645,#3646,#3647,#3648,#3649,#3650,#3651,
#3652,#3653));
#3697=CLOSED_SHELL('',(#3654,#3655,#3656,#3657,#3658,#3659,#3660,#3661,
#3662,#3663,#3664,#3665,#3666,#3667,#3668,#3669));
#3698=CLOSED_SHELL('',(#3670,#3671,#3672,#3673,#3674,#3675,#3676,#3677,
#3678,#3679,#3680,#3681,#3682,#3683,#3684,#3685));
#3699=DERIVED_UNIT_ELEMENT(#3701,1.);
#3700=DERIVED_UNIT_ELEMENT(#7623,-3.);
#3701=(
MASS_UNIT()
NAMED_UNIT(*)
SI_UNIT(.KILO.,.GRAM.)
);
#3702=DERIVED_UNIT((#3699,#3700));
#3703=MEASURE_REPRESENTATION_ITEM('density measure',
POSITIVE_RATIO_MEASURE(7850.),#3702);
#3704=PROPERTY_DEFINITION_REPRESENTATION(#3709,#3706);
#3705=PROPERTY_DEFINITION_REPRESENTATION(#3710,#3707);
#3706=REPRESENTATION('material name',(#3708),#7620);
#3707=REPRESENTATION('density',(#3703),#7620);
#3708=DESCRIPTIVE_REPRESENTATION_ITEM('Steel','Steel');
#3709=PROPERTY_DEFINITION('material property','material name',#7630);
#3710=PROPERTY_DEFINITION('material property','density of part',#7630);
#3711=AXIS2_PLACEMENT_3D('',#4860,#3966,#3967);
#3712=AXIS2_PLACEMENT_3D('',#4861,#3968,#3969);
#3713=AXIS2_PLACEMENT_3D('',#5060,#3976,#3977);
#3714=AXIS2_PLACEMENT_3D('',#5118,#3981,#3982);
#3715=AXIS2_PLACEMENT_3D('',#5176,#3986,#3987);
#3716=AXIS2_PLACEMENT_3D('',#5178,#3989,#3990);
#3717=AXIS2_PLACEMENT_3D('',#5221,#3993,#3994);
#3718=AXIS2_PLACEMENT_3D('',#5278,#3995,#3996);
#3719=AXIS2_PLACEMENT_3D('',#5337,#3999,#4000);
#3720=AXIS2_PLACEMENT_3D('',#5339,#4001,#4002);
#3721=AXIS2_PLACEMENT_3D('',#5342,#4004,#4005);
#3722=AXIS2_PLACEMENT_3D('',#5343,#4006,#4007);
#3723=AXIS2_PLACEMENT_3D('',#5344,#4008,#4009);
#3724=AXIS2_PLACEMENT_3D('',#5345,#4010,#4011);
#3725=AXIS2_PLACEMENT_3D('',#5570,#4016,#4017);
#3726=AXIS2_PLACEMENT_3D('',#5571,#4018,#4019);
#3727=AXIS2_PLACEMENT_3D('',#5600,#4034,#4035);
#3728=AXIS2_PLACEMENT_3D('',#5606,#4039,#4040);
#3729=AXIS2_PLACEMENT_3D('',#5610,#4043,#4044);
#3730=AXIS2_PLACEMENT_3D('',#5612,#4046,#4047);
#3731=AXIS2_PLACEMENT_3D('',#5618,#4051,#4052);
#3732=AXIS2_PLACEMENT_3D('',#5622,#4055,#4056);
#3733=AXIS2_PLACEMENT_3D('',#5626,#4059,#4060);
#3734=AXIS2_PLACEMENT_3D('',#5630,#4063,#4064);
#3735=AXIS2_PLACEMENT_3D('',#5634,#4067,#4068);
#3736=AXIS2_PLACEMENT_3D('',#5638,#4071,#4072);
#3737=AXIS2_PLACEMENT_3D('',#5642,#4075,#4076);
#3738=AXIS2_PLACEMENT_3D('',#5646,#4079,#4080);
#3739=AXIS2_PLACEMENT_3D('',#5650,#4083,#4084);
#3740=AXIS2_PLACEMENT_3D('',#5654,#4087,#4088);
#3741=AXIS2_PLACEMENT_3D('',#5656,#4090,#4091);
#3742=AXIS2_PLACEMENT_3D('',#5657,#4092,#4093);
#3743=AXIS2_PLACEMENT_3D('',#5659,#4094,#4095);
#3744=AXIS2_PLACEMENT_3D('',#5662,#4097,#4098);
#3745=AXIS2_PLACEMENT_3D('',#5663,#4099,#4100);
#3746=AXIS2_PLACEMENT_3D('',#5664,#4101,#4102);
#3747=AXIS2_PLACEMENT_3D('',#5858,#4105,#4106);
#3748=AXIS2_PLACEMENT_3D('',#6217,#4107,#4108);
#3749=AXIS2_PLACEMENT_3D('',#6832,#4113,#4114);
#3750=AXIS2_PLACEMENT_3D('',#6841,#4119,#4120);
#3751=AXIS2_PLACEMENT_3D('',#6850,#4125,#4126);
#3752=AXIS2_PLACEMENT_3D('',#6853,#4129,#4130);
#3753=AXIS2_PLACEMENT_3D('',#6855,#4132,#4133);
#3754=AXIS2_PLACEMENT_3D('',#6857,#4135,#4136);
#3755=AXIS2_PLACEMENT_3D('',#6858,#4137,#4138);
#3756=AXIS2_PLACEMENT_3D('',#6861,#4139,#4140);
#3757=AXIS2_PLACEMENT_3D('',#6865,#4142,#4143);
#3758=AXIS2_PLACEMENT_3D('',#6867,#4145,#4146);
#3759=AXIS2_PLACEMENT_3D('',#6872,#4148,#4149);
#3760=AXIS2_PLACEMENT_3D('',#6876,#4151,#4152);
#3761=AXIS2_PLACEMENT_3D('',#6880,#4154,#4155);
#3762=AXIS2_PLACEMENT_3D('',#6884,#4157,#4158);
#3763=AXIS2_PLACEMENT_3D('',#6896,#4164,#4165);
#3764=AXIS2_PLACEMENT_3D('',#6900,#4167,#4168);
#3765=AXIS2_PLACEMENT_3D('',#6904,#4170,#4171);
#3766=AXIS2_PLACEMENT_3D('',#6908,#4173,#4174);
#3767=AXIS2_PLACEMENT_3D('',#6912,#4176,#4177);
#3768=AXIS2_PLACEMENT_3D('',#6917,#4180,#4181);
#3769=AXIS2_PLACEMENT_3D('',#6921,#4183,#4184);
#3770=AXIS2_PLACEMENT_3D('',#6925,#4186,#4187);
#3771=AXIS2_PLACEMENT_3D('',#6929,#4189,#4190);
#3772=AXIS2_PLACEMENT_3D('',#6933,#4192,#4193);
#3773=AXIS2_PLACEMENT_3D('',#6937,#4195,#4196);
#3774=AXIS2_PLACEMENT_3D('',#6941,#4198,#4199);
#3775=AXIS2_PLACEMENT_3D('',#6945,#4201,#4202);
#3776=AXIS2_PLACEMENT_3D('',#6957,#4208,#4209);
#3777=AXIS2_PLACEMENT_3D('',#6961,#4211,#4212);
#3778=AXIS2_PLACEMENT_3D('',#6965,#4214,#4215);
#3779=AXIS2_PLACEMENT_3D('',#6969,#4217,#4218);
#3780=AXIS2_PLACEMENT_3D('',#6973,#4220,#4221);
#3781=AXIS2_PLACEMENT_3D('',#6977,#4223,#4224);
#3782=AXIS2_PLACEMENT_3D('',#6981,#4226,#4227);
#3783=AXIS2_PLACEMENT_3D('',#6985,#4229,#4230);
#3784=AXIS2_PLACEMENT_3D('',#6989,#4232,#4233);
#3785=AXIS2_PLACEMENT_3D('',#6992,#4235,#4236);
#3786=AXIS2_PLACEMENT_3D('',#7001,#4241,#4242);
#3787=AXIS2_PLACEMENT_3D('',#7011,#4248,#4249);
#3788=AXIS2_PLACEMENT_3D('',#7015,#4252,#4253);
#3789=AXIS2_PLACEMENT_3D('',#7023,#4258,#4259);
#3790=AXIS2_PLACEMENT_3D('',#7025,#4261,#4262);
#3791=AXIS2_PLACEMENT_3D('',#7031,#4266,#4267);
#3792=AXIS2_PLACEMENT_3D('',#7056,#4281,#4282);
#3793=AXIS2_PLACEMENT_3D('',#7060,#4285,#4286);
#3794=AXIS2_PLACEMENT_3D('',#7077,#4296,#4297);
#3795=AXIS2_PLACEMENT_3D('',#7081,#4300,#4301);
#3796=AXIS2_PLACEMENT_3D('',#7085,#4304,#4305);
#3797=AXIS2_PLACEMENT_3D('',#7087,#4307,#4308);
#3798=AXIS2_PLACEMENT_3D('',#7091,#4311,#4312);
#3799=AXIS2_PLACEMENT_3D('',#7093,#4314,#4315);
#3800=AXIS2_PLACEMENT_3D('',#7095,#4317,#4318);
#3801=AXIS2_PLACEMENT_3D('',#7098,#4319,#4320);
#3802=AXIS2_PLACEMENT_3D('',#7102,#4322,#4323);
#3803=AXIS2_PLACEMENT_3D('',#7106,#4325,#4326);
#3804=AXIS2_PLACEMENT_3D('',#7110,#4328,#4329);
#3805=AXIS2_PLACEMENT_3D('',#7114,#4331,#4332);
#3806=AXIS2_PLACEMENT_3D('',#7118,#4334,#4335);
#3807=AXIS2_PLACEMENT_3D('',#7122,#4337,#4338);
#3808=AXIS2_PLACEMENT_3D('',#7126,#4340,#4341);
#3809=AXIS2_PLACEMENT_3D('',#7130,#4343,#4344);
#3810=AXIS2_PLACEMENT_3D('',#7134,#4346,#4347);
#3811=AXIS2_PLACEMENT_3D('',#7138,#4349,#4350);
#3812=AXIS2_PLACEMENT_3D('',#7141,#4352,#4353);
#3813=AXIS2_PLACEMENT_3D('',#7143,#4354,#4355);
#3814=AXIS2_PLACEMENT_3D('',#7147,#4357,#4358);
#3815=AXIS2_PLACEMENT_3D('',#7149,#4360,#4361);
#3816=AXIS2_PLACEMENT_3D('',#7151,#4363,#4364);
#3817=AXIS2_PLACEMENT_3D('',#7153,#4366,#4367);
#3818=AXIS2_PLACEMENT_3D('',#7156,#4369,#4370);
#3819=AXIS2_PLACEMENT_3D('',#7157,#4371,#4372);
#3820=AXIS2_PLACEMENT_3D('',#7160,#4373,#4374);
#3821=AXIS2_PLACEMENT_3D('',#7163,#4376,#4377);
#3822=AXIS2_PLACEMENT_3D('',#7167,#4379,#4380);
#3823=AXIS2_PLACEMENT_3D('',#7171,#4382,#4383);
#3824=AXIS2_PLACEMENT_3D('',#7175,#4385,#4386);
#3825=AXIS2_PLACEMENT_3D('',#7179,#4388,#4389);
#3826=AXIS2_PLACEMENT_3D('',#7183,#4391,#4392);
#3827=AXIS2_PLACEMENT_3D('',#7187,#4394,#4395);
#3828=AXIS2_PLACEMENT_3D('',#7191,#4397,#4398);
#3829=AXIS2_PLACEMENT_3D('',#7196,#4401,#4402);
#3830=AXIS2_PLACEMENT_3D('',#7200,#4404,#4405);
#3831=AXIS2_PLACEMENT_3D('',#7204,#4407,#4408);
#3832=AXIS2_PLACEMENT_3D('',#7206,#4410,#4411);
#3833=AXIS2_PLACEMENT_3D('',#7208,#4413,#4414);
#3834=AXIS2_PLACEMENT_3D('',#7210,#4416,#4417);
#3835=AXIS2_PLACEMENT_3D('',#7212,#4419,#4420);
#3836=AXIS2_PLACEMENT_3D('',#7214,#4422,#4423);
#3837=AXIS2_PLACEMENT_3D('',#7217,#4424,#4425);
#3838=AXIS2_PLACEMENT_3D('',#7221,#4427,#4428);
#3839=AXIS2_PLACEMENT_3D('',#7225,#4430,#4431);
#3840=AXIS2_PLACEMENT_3D('',#7229,#4433,#4434);
#3841=AXIS2_PLACEMENT_3D('',#7232,#4437,#4438);
#3842=AXIS2_PLACEMENT_3D('',#7233,#4439,#4440);
#3843=AXIS2_PLACEMENT_3D('',#7235,#4442,#4443);
#3844=AXIS2_PLACEMENT_3D('',#7237,#4445,#4446);
#3845=AXIS2_PLACEMENT_3D('',#7239,#4448,#4449);
#3846=AXIS2_PLACEMENT_3D('',#7241,#4451,#4452);
#3847=AXIS2_PLACEMENT_3D('',#7243,#4454,#4455);
#3848=AXIS2_PLACEMENT_3D('',#7245,#4457,#4458);
#3849=AXIS2_PLACEMENT_3D('',#7258,#4466,#4467);
#3850=AXIS2_PLACEMENT_3D('',#7261,#4469,#4470);
#3851=AXIS2_PLACEMENT_3D('',#7262,#4471,#4472);
#3852=AXIS2_PLACEMENT_3D('',#7266,#4475,#4476);
#3853=AXIS2_PLACEMENT_3D('',#7268,#4477,#4478);
#3854=AXIS2_PLACEMENT_3D('',#7270,#4480,#4481);
#3855=AXIS2_PLACEMENT_3D('',#7281,#4488,#4489);
#3856=AXIS2_PLACEMENT_3D('',#7284,#4491,#4492);
#3857=AXIS2_PLACEMENT_3D('',#7285,#4493,#4494);
#3858=AXIS2_PLACEMENT_3D('',#7289,#4497,#4498);
#3859=AXIS2_PLACEMENT_3D('',#7290,#4499,#4500);
#3860=AXIS2_PLACEMENT_3D('',#7291,#4501,#4502);
#3861=AXIS2_PLACEMENT_3D('',#7293,#4504,#4505);
#3862=AXIS2_PLACEMENT_3D('',#7295,#4507,#4508);
#3863=AXIS2_PLACEMENT_3D('',#7297,#4510,#4511);
#3864=AXIS2_PLACEMENT_3D('',#7299,#4513,#4514);
#3865=AXIS2_PLACEMENT_3D('',#7301,#4516,#4517);
#3866=AXIS2_PLACEMENT_3D('',#7303,#4519,#4520);
#3867=AXIS2_PLACEMENT_3D('',#7305,#4522,#4523);
#3868=AXIS2_PLACEMENT_3D('',#7307,#4525,#4526);
#3869=AXIS2_PLACEMENT_3D('',#7309,#4528,#4529);
#3870=AXIS2_PLACEMENT_3D('',#7310,#4530,#4531);
#3871=AXIS2_PLACEMENT_3D('',#7312,#4533,#4534);
#3872=AXIS2_PLACEMENT_3D('',#7314,#4536,#4537);
#3873=AXIS2_PLACEMENT_3D('',#7316,#4539,#4540);
#3874=AXIS2_PLACEMENT_3D('',#7317,#4541,#4542);
#3875=AXIS2_PLACEMENT_3D('',#7319,#4544,#4545);
#3876=AXIS2_PLACEMENT_3D('',#7321,#4547,#4548);
#3877=AXIS2_PLACEMENT_3D('',#7323,#4550,#4551);
#3878=AXIS2_PLACEMENT_3D('',#7325,#4553,#4554);
#3879=AXIS2_PLACEMENT_3D('',#7327,#4556,#4557);
#3880=AXIS2_PLACEMENT_3D('',#7329,#4559,#4560);
#3881=AXIS2_PLACEMENT_3D('',#7331,#4562,#4563);
#3882=AXIS2_PLACEMENT_3D('',#7333,#4565,#4566);
#3883=AXIS2_PLACEMENT_3D('',#7335,#4568,#4569);
#3884=AXIS2_PLACEMENT_3D('',#7337,#4571,#4572);
#3885=AXIS2_PLACEMENT_3D('',#7339,#4574,#4575);
#3886=AXIS2_PLACEMENT_3D('',#7341,#4577,#4578);
#3887=AXIS2_PLACEMENT_3D('',#7343,#4580,#4581);
#3888=AXIS2_PLACEMENT_3D('',#7345,#4583,#4584);
#3889=AXIS2_PLACEMENT_3D('',#7347,#4586,#4587);
#3890=AXIS2_PLACEMENT_3D('',#7349,#4589,#4590);
#3891=AXIS2_PLACEMENT_3D('',#7351,#4592,#4593);
#3892=AXIS2_PLACEMENT_3D('',#7353,#4595,#4596);
#3893=AXIS2_PLACEMENT_3D('',#7355,#4598,#4599);
#3894=AXIS2_PLACEMENT_3D('',#7357,#4601,#4602);
#3895=AXIS2_PLACEMENT_3D('',#7359,#4604,#4605);
#3896=AXIS2_PLACEMENT_3D('',#7361,#4607,#4608);
#3897=AXIS2_PLACEMENT_3D('',#7362,#4609,#4610);
#3898=AXIS2_PLACEMENT_3D('',#7364,#4612,#4613);
#3899=AXIS2_PLACEMENT_3D('',#7366,#4615,#4616);
#3900=AXIS2_PLACEMENT_3D('',#7368,#4618,#4619);
#3901=AXIS2_PLACEMENT_3D('',#7370,#4621,#4622);
#3902=AXIS2_PLACEMENT_3D('',#7372,#4624,#4625);
#3903=AXIS2_PLACEMENT_3D('',#7374,#4627,#4628);
#3904=AXIS2_PLACEMENT_3D('',#7376,#4630,#4631);
#3905=AXIS2_PLACEMENT_3D('',#7378,#4633,#4634);
#3906=AXIS2_PLACEMENT_3D('',#7380,#4636,#4637);
#3907=AXIS2_PLACEMENT_3D('',#7382,#4639,#4640);
#3908=AXIS2_PLACEMENT_3D('',#7384,#4642,#4643);
#3909=AXIS2_PLACEMENT_3D('',#7386,#4645,#4646);
#3910=AXIS2_PLACEMENT_3D('',#7387,#4647,#4648);
#3911=AXIS2_PLACEMENT_3D('',#7388,#4649,#4650);
#3912=AXIS2_PLACEMENT_3D('',#7390,#4651,#4652);
#3913=AXIS2_PLACEMENT_3D('',#7393,#4654,#4655);
#3914=AXIS2_PLACEMENT_3D('',#7394,#4656,#4657);
#3915=AXIS2_PLACEMENT_3D('',#7395,#4658,#4659);
#3916=AXIS2_PLACEMENT_3D('',#7396,#4660,#4661);
#3917=AXIS2_PLACEMENT_3D('',#7413,#4670,#4671);
#3918=AXIS2_PLACEMENT_3D('',#7419,#4675,#4676);
#3919=AXIS2_PLACEMENT_3D('',#7423,#4679,#4680);
#3920=AXIS2_PLACEMENT_3D('',#7427,#4683,#4684);
#3921=AXIS2_PLACEMENT_3D('',#7431,#4687,#4688);
#3922=AXIS2_PLACEMENT_3D('',#7435,#4691,#4692);
#3923=AXIS2_PLACEMENT_3D('',#7439,#4695,#4696);
#3924=AXIS2_PLACEMENT_3D('',#7443,#4699,#4700);
#3925=AXIS2_PLACEMENT_3D('',#7445,#4702,#4703);
#3926=AXIS2_PLACEMENT_3D('',#7446,#4704,#4705);
#3927=AXIS2_PLACEMENT_3D('',#7455,#4710,#4711);
#3928=AXIS2_PLACEMENT_3D('',#7461,#4714,#4715);
#3929=AXIS2_PLACEMENT_3D('',#7463,#4716,#4717);
#3930=AXIS2_PLACEMENT_3D('',#7481,#4727,#4728);
#3931=AXIS2_PLACEMENT_3D('',#7484,#4730,#4731);
#3932=AXIS2_PLACEMENT_3D('',#7485,#4732,#4733);
#3933=AXIS2_PLACEMENT_3D('',#7487,#4734,#4735);
#3934=AXIS2_PLACEMENT_3D('',#7509,#4747,#4748);
#3935=AXIS2_PLACEMENT_3D('',#7511,#4750,#4751);
#3936=AXIS2_PLACEMENT_3D('',#7513,#4753,#4754);
#3937=AXIS2_PLACEMENT_3D('',#7516,#4757,#4758);
#3938=AXIS2_PLACEMENT_3D('',#7518,#4760,#4761);
#3939=AXIS2_PLACEMENT_3D('',#7520,#4763,#4764);
#3940=AXIS2_PLACEMENT_3D('',#7522,#4766,#4767);
#3941=AXIS2_PLACEMENT_3D('',#7524,#4769,#4770);
#3942=AXIS2_PLACEMENT_3D('',#7526,#4772,#4773);
#3943=AXIS2_PLACEMENT_3D('',#7528,#4775,#4776);
#3944=AXIS2_PLACEMENT_3D('',#7530,#4778,#4779);
#3945=AXIS2_PLACEMENT_3D('',#7531,#4780,#4781);
#3946=AXIS2_PLACEMENT_3D('',#7532,#4782,#4783);
#3947=AXIS2_PLACEMENT_3D('',#7541,#4788,#4789);
#3948=AXIS2_PLACEMENT_3D('',#7545,#4791,#4792);
#3949=AXIS2_PLACEMENT_3D('',#7546,#4793,#4794);
#3950=AXIS2_PLACEMENT_3D('',#7547,#4795,#4796);
#3951=AXIS2_PLACEMENT_3D('',#7551,#4798,#4799);
#3952=AXIS2_PLACEMENT_3D('',#7571,#4810,#4811);
#3953=AXIS2_PLACEMENT_3D('',#7573,#4812,#4813);
#3954=AXIS2_PLACEMENT_3D('',#7575,#4815,#4816);
#3955=AXIS2_PLACEMENT_3D('',#7597,#4828,#4829);
#3956=AXIS2_PLACEMENT_3D('',#7599,#4831,#4832);
#3957=AXIS2_PLACEMENT_3D('',#7602,#4835,#4836);
#3958=AXIS2_PLACEMENT_3D('',#7604,#4838,#4839);
#3959=AXIS2_PLACEMENT_3D('',#7606,#4841,#4842);
#3960=AXIS2_PLACEMENT_3D('',#7608,#4844,#4845);
#3961=AXIS2_PLACEMENT_3D('',#7610,#4847,#4848);
#3962=AXIS2_PLACEMENT_3D('',#7612,#4850,#4851);
#3963=AXIS2_PLACEMENT_3D('',#7614,#4853,#4854);
#3964=AXIS2_PLACEMENT_3D('',#7616,#4856,#4857);
#3965=AXIS2_PLACEMENT_3D('',#7617,#4858,#4859);
#3966=DIRECTION('axis',(0.,0.,1.));
#3967=DIRECTION('refdir',(1.,0.,0.));
#3968=DIRECTION('center_axis',(0.,0.,-1.));
#3969=DIRECTION('ref_axis',(-1.,0.,0.));
#3970=DIRECTION('',(0.988936352868297,0.148340452930248,0.));
#3971=DIRECTION('',(0.127425202901667,0.991848182770664,0.));
#3972=DIRECTION('',(-0.988936352868298,0.148340452930242,0.));
#3973=DIRECTION('',(0.,0.,-1.));
#3974=DIRECTION('',(0.,0.,1.));
#3975=DIRECTION('',(0.,0.,1.));
#3976=DIRECTION('center_axis',(-0.148340452930242,-0.988936352868298,0.));
#3977=DIRECTION('ref_axis',(0.,0.,1.));
#3978=DIRECTION('',(0.,0.,1.));
#3979=DIRECTION('',(-0.988936352868297,0.148340452930252,0.));
#3980=DIRECTION('',(0.,0.,1.));
#3981=DIRECTION('center_axis',(-0.991848182770664,0.127425202901666,0.));
#3982=DIRECTION('ref_axis',(0.,0.,1.));
#3983=DIRECTION('',(0.,0.,1.));
#3984=DIRECTION('',(0.127425202901671,0.991848182770664,0.));
#3985=DIRECTION('',(0.,0.,1.));
#3986=DIRECTION('center_axis',(-0.148340452930247,0.988936352868297,0.));
#3987=DIRECTION('ref_axis',(0.,0.,1.));
#3988=DIRECTION('',(0.988936352868296,0.148340452930252,0.));
#3989=DIRECTION('center_axis',(0.,0.,1.));
#3990=DIRECTION('ref_axis',(1.,0.,0.));
#3991=DIRECTION('',(0.,-1.,0.));
#3992=DIRECTION('',(0.,1.,0.));
#3993=DIRECTION('center_axis',(0.,-1.,0.));
#3994=DIRECTION('ref_axis',(0.,0.,-1.));
#3995=DIRECTION('center_axis',(0.,1.,0.));
#3996=DIRECTION('ref_axis',(0.,0.,1.));
#3997=DIRECTION('',(0.,-1.,0.));
#3998=DIRECTION('',(0.,1.,0.));
#3999=DIRECTION('center_axis',(0.,0.,-1.));
#4000=DIRECTION('ref_axis',(-1.,0.,0.));
#4001=DIRECTION('center_axis',(0.,0.,1.));
#4002=DIRECTION('ref_axis',(-1.,0.,0.));
#4003=DIRECTION('',(0.,0.,1.));
#4004=DIRECTION('center_axis',(0.,0.,-1.));
#4005=DIRECTION('ref_axis',(-1.,0.,0.));
#4006=DIRECTION('center_axis',(0.,0.,1.));
#4007=DIRECTION('ref_axis',(1.,0.,0.));
#4008=DIRECTION('center_axis',(0.,0.,-1.));
#4009=DIRECTION('ref_axis',(-1.,0.,0.));
#4010=DIRECTION('center_axis',(0.,0.,-1.));
#4011=DIRECTION('ref_axis',(-1.,0.,0.));
#4012=DIRECTION('',(0.,0.,-1.));
#4013=DIRECTION('',(0.,0.,1.));
#4014=DIRECTION('',(0.,0.,-1.));
#4015=DIRECTION('',(0.,0.,1.));
#4016=DIRECTION('center_axis',(0.,0.,1.));
#4017=DIRECTION('ref_axis',(1.,0.,0.));
#4018=DIRECTION('center_axis',(0.,0.,-1.));
#4019=DIRECTION('ref_axis',(-1.,0.,0.));
#4020=DIRECTION('',(0.,-1.,0.));
#4021=DIRECTION('',(-1.,0.,0.));
#4022=DIRECTION('',(0.,1.,0.));
#4023=DIRECTION('',(-1.,0.,0.));
#4024=DIRECTION('',(0.,1.,0.));
#4025=DIRECTION('',(0.584104872050975,0.811678198824087,0.));
#4026=DIRECTION('',(1.,0.,0.));
#4027=DIRECTION('',(0.,-1.,0.));
#4028=DIRECTION('',(1.,0.,0.));
#4029=DIRECTION('',(0.,-1.,0.));
#4030=DIRECTION('',(-1.,0.,0.));
#4031=DIRECTION('',(-0.584005106603201,-0.811749983345478,0.));
#4032=DIRECTION('',(1.,0.,0.));
#4033=DIRECTION('',(0.,1.,0.));
#4034=DIRECTION('center_axis',(0.,1.,0.));
#4035=DIRECTION('ref_axis',(0.,0.,1.));
#4036=DIRECTION('',(0.,0.,-1.));
#4037=DIRECTION('',(0.,0.,1.));
#4038=DIRECTION('',(1.,0.,0.));
#4039=DIRECTION('center_axis',(0.811749983345478,-0.584005106603201,-4.90164591869604E-16));
#4040=DIRECTION('ref_axis',(0.584005106603201,0.811749983345478,4.93038065763132E-32));
#4041=DIRECTION('',(3.97891099286694E-16,-2.86258624727923E-16,1.));
#4042=DIRECTION('',(-0.584005106603201,-0.811749983345478,0.));
#4043=DIRECTION('center_axis',(-1.,0.,0.));
#4044=DIRECTION('ref_axis',(0.,0.,1.));
#4045=DIRECTION('',(0.,1.,0.));
#4046=DIRECTION('center_axis',(0.,-1.,0.));
#4047=DIRECTION('ref_axis',(0.,0.,-1.));
#4048=DIRECTION('',(0.,0.,-1.));
#4049=DIRECTION('',(0.,0.,1.));
#4050=DIRECTION('',(-1.,0.,0.));
#4051=DIRECTION('center_axis',(1.,0.,0.));
#4052=DIRECTION('ref_axis',(0.,0.,-1.));
#4053=DIRECTION('',(0.,0.,1.));
#4054=DIRECTION('',(0.,-1.,0.));
#4055=DIRECTION('center_axis',(0.,-1.,0.));
#4056=DIRECTION('ref_axis',(0.,0.,-1.));
#4057=DIRECTION('',(0.,0.,1.));
#4058=DIRECTION('',(-1.,0.,0.));
#4059=DIRECTION('center_axis',(1.,0.,0.));
#4060=DIRECTION('ref_axis',(0.,0.,-1.));
#4061=DIRECTION('',(0.,0.,1.));
#4062=DIRECTION('',(0.,-1.,0.));
#4063=DIRECTION('center_axis',(0.,1.,0.));
#4064=DIRECTION('ref_axis',(0.,0.,1.));
#4065=DIRECTION('',(0.,0.,1.));
#4066=DIRECTION('',(1.,0.,0.));
#4067=DIRECTION('center_axis',(1.,0.,0.));
#4068=DIRECTION('ref_axis',(0.,0.,-1.));
#4069=DIRECTION('',(0.,0.,1.));
#4070=DIRECTION('',(0.,-1.,0.));
#4071=DIRECTION('center_axis',(0.,1.,0.));
#4072=DIRECTION('ref_axis',(0.,0.,1.));
#4073=DIRECTION('',(0.,0.,1.));
#4074=DIRECTION('',(1.,0.,0.));
#4075=DIRECTION('center_axis',(-0.811678198824085,0.584104872050977,3.60457529968311E-16));
#4076=DIRECTION('ref_axis',(-0.584104872050978,-0.811678198824085,2.46519032881566E-32));
#4077=DIRECTION('',(2.92575518677258E-16,-2.10544999421952E-16,1.));
#4078=DIRECTION('',(0.584104872050977,0.811678198824085,0.));
#4079=DIRECTION('center_axis',(-1.,0.,0.));
#4080=DIRECTION('ref_axis',(0.,0.,1.));
#4081=DIRECTION('',(0.,0.,1.));
#4082=DIRECTION('',(0.,1.,0.));
#4083=DIRECTION('center_axis',(0.,-1.,0.));
#4084=DIRECTION('ref_axis',(0.,0.,-1.));
#4085=DIRECTION('',(0.,0.,1.));
#4086=DIRECTION('',(-1.,0.,0.));
#4087=DIRECTION('center_axis',(-1.,0.,0.));
#4088=DIRECTION('ref_axis',(0.,0.,1.));
#4089=DIRECTION('',(0.,1.,0.));
#4090=DIRECTION('center_axis',(0.,0.,1.));
#4091=DIRECTION('ref_axis',(1.,0.,0.));
#4092=DIRECTION('center_axis',(0.,0.,-1.));
#4093=DIRECTION('ref_axis',(-1.,0.,0.));
#4094=DIRECTION('center_axis',(0.,0.,1.));
#4095=DIRECTION('ref_axis',(-1.,0.,0.));
#4096=DIRECTION('',(0.,0.,1.));
#4097=DIRECTION('center_axis',(0.,0.,-1.));
#4098=DIRECTION('ref_axis',(-1.,0.,0.));
#4099=DIRECTION('center_axis',(0.,0.,-1.));
#4100=DIRECTION('ref_axis',(-1.,0.,0.));
#4101=DIRECTION('center_axis',(0.,0.,1.));
#4102=DIRECTION('ref_axis',(1.,0.,0.));
#4103=DIRECTION('',(0.,-0.00128487607738375,-0.999999174546392));
#4104=DIRECTION('',(0.,0.00128487607738362,0.999999174546392));
#4105=DIRECTION('center_axis',(-4.96833227943034E-18,0.00123117369480374,
-0.999999242105379));
#4106=DIRECTION('ref_axis',(7.52316384526264E-37,0.999999242105379,0.00123117369480374));
#4107=DIRECTION('center_axis',(-3.59102987049413E-17,-0.00123117369480374,
0.999999242105379));
#4108=DIRECTION('ref_axis',(0.,-0.999999242105379,-0.00123117369480374));
#4109=DIRECTION('',(0.,-0.00128487607738362,-0.999999174546392));
#4110=DIRECTION('',(0.,0.00128487607738375,0.999999174546392));
#4111=DIRECTION('',(0.,0.,-1.));
#4112=DIRECTION('',(0.,0.,1.));
#4113=DIRECTION('center_axis',(0.,0.,1.));
#4114=DIRECTION('ref_axis',(1.,0.,0.));
#4115=DIRECTION('',(0.,-1.,0.));
#4116=DIRECTION('',(-1.,0.,0.));
#4117=DIRECTION('',(0.,1.,0.));
#4118=DIRECTION('',(1.,0.,0.));
#4119=DIRECTION('center_axis',(0.,0.,-1.));
#4120=DIRECTION('ref_axis',(-1.,0.,0.));
#4121=DIRECTION('',(-1.,0.,0.));
#4122=DIRECTION('',(0.,-1.,0.));
#4123=DIRECTION('',(1.,0.,0.));
#4124=DIRECTION('',(0.,1.,0.));
#4125=DIRECTION('center_axis',(0.,1.,0.));
#4126=DIRECTION('ref_axis',(0.,0.,1.));
#4127=DIRECTION('',(0.,0.,-1.));
#4128=DIRECTION('',(0.,0.,1.));
#4129=DIRECTION('center_axis',(-1.,0.,0.));
#4130=DIRECTION('ref_axis',(0.,0.,1.));
#4131=DIRECTION('',(0.,0.,-1.));
#4132=DIRECTION('center_axis',(0.,-1.,0.));
#4133=DIRECTION('ref_axis',(0.,0.,-1.));
#4134=DIRECTION('',(0.,0.,-1.));
#4135=DIRECTION('center_axis',(1.,0.,0.));
#4136=DIRECTION('ref_axis',(0.,0.,-1.));
#4137=DIRECTION('center_axis',(-1.65818212552944E-16,-1.65818212552944E-16,
1.));
#4138=DIRECTION('ref_axis',(-3.28429327576129E-47,-1.,-1.65818212552944E-16));
#4139=DIRECTION('center_axis',(1.65818212552944E-16,1.65818212552944E-16,
-1.));
#4140=DIRECTION('ref_axis',(5.34179476680639E-15,-1.,-1.65818212552943E-16));
#4141=DIRECTION('',(0.,0.,1.));
#4142=DIRECTION('center_axis',(-1.65818212552944E-16,-1.65818212552944E-16,
1.));
#4143=DIRECTION('ref_axis',(2.74956796142534E-32,-1.,-1.65818212552944E-16));
#4144=DIRECTION('',(-1.88906525592662E-17,1.57213377104048E-18,1.));
#4145=DIRECTION('center_axis',(0.,0.,1.));
#4146=DIRECTION('ref_axis',(1.,0.,0.));
#4147=DIRECTION('',(-1.,0.,0.));
#4148=DIRECTION('center_axis',(-1.54675070243835E-16,2.68967938175989E-16,
-1.));
#4149=DIRECTION('ref_axis',(5.78241158658943E-15,-1.,-2.6896793817599E-16));
#4150=DIRECTION('',(-0.0829361269001533,-0.996554864949643,0.));
#4151=DIRECTION('center_axis',(-1.34880317861859E-16,1.34880317861858E-16,
1.));
#4152=DIRECTION('ref_axis',(1.,1.8192700146516E-32,1.34880317861859E-16));
#4153=DIRECTION('',(-0.0829361269001534,0.996554864949643,0.));
#4154=DIRECTION('center_axis',(-1.57090759073264E-15,-1.70707368139938E-15,
-1.));
#4155=DIRECTION('ref_axis',(-4.1074644052177E-31,1.,-1.70707368139938E-15));
#4156=DIRECTION('',(-1.,0.,0.));
#4157=DIRECTION('center_axis',(1.60494162032271E-31,-1.60494162032271E-31,
-1.));
#4158=DIRECTION('ref_axis',(1.,-2.89120579329467E-15,1.60494162032271E-31));
#4159=DIRECTION('',(0.,1.,0.));
#4160=DIRECTION('',(-1.,0.,0.));
#4161=DIRECTION('',(0.,1.,0.));
#4162=DIRECTION('',(1.,0.,0.));
#4163=DIRECTION('',(0.,1.,0.));
#4164=DIRECTION('center_axis',(-6.41976648129083E-30,-6.41976648129083E-30,
-1.));
#4165=DIRECTION('ref_axis',(1.,-8.67361737988401E-15,-6.41976648129077E-30));
#4166=DIRECTION('',(1.,0.,0.));
#4167=DIRECTION('center_axis',(0.,0.,-1.));
#4168=DIRECTION('ref_axis',(-1.,0.,0.));
#4169=DIRECTION('',(0.0829361269001534,0.996554864949643,0.));
#4170=DIRECTION('center_axis',(-1.34880317861859E-16,-1.34880317861858E-16,
1.));
#4171=DIRECTION('ref_axis',(1.,-1.8192700146516E-32,1.34880317861859E-16));
#4172=DIRECTION('',(0.0829361269001533,-0.996554864949643,0.));
#4173=DIRECTION('center_axis',(-1.54675070243839E-16,-2.68967938175993E-16,
-1.));
#4174=DIRECTION('ref_axis',(4.16026347307122E-32,-1.,2.68967938175993E-16));
#4175=DIRECTION('',(1.,0.,0.));
#4176=DIRECTION('center_axis',(0.,0.,-1.));
#4177=DIRECTION('ref_axis',(-1.,0.,0.));
#4178=DIRECTION('',(0.0829361269001537,0.996554864949643,0.));
#4179=DIRECTION('',(0.0829361269001531,-0.996554864949643,0.));
#4180=DIRECTION('center_axis',(-1.54675070243837E-16,-2.6896793817599E-16,
-1.));
#4181=DIRECTION('ref_axis',(4.16026347307112E-32,-1.,2.6896793817599E-16));
#4182=DIRECTION('',(1.,0.,0.));
#4183=DIRECTION('center_axis',(0.,0.,-1.));
#4184=DIRECTION('ref_axis',(-1.,0.,0.));
#4185=DIRECTION('',(0.0829361269001535,0.996554864949643,0.));
#4186=DIRECTION('center_axis',(2.12113767198602E-16,2.12113767198602E-16,
1.));
#4187=DIRECTION('ref_axis',(1.,-4.49922502351829E-32,-2.12113767198602E-16));
#4188=DIRECTION('',(0.0829361269001535,-0.996554864949643,0.));
#4189=DIRECTION('center_axis',(-1.54675070243843E-16,-2.68967938175998E-16,
-1.));
#4190=DIRECTION('ref_axis',(4.1602634730714E-32,-1.,2.68967938175998E-16));
#4191=DIRECTION('',(1.,0.,0.));
#4192=DIRECTION('center_axis',(0.,0.,-1.));
#4193=DIRECTION('ref_axis',(-1.,0.,0.));
#4194=DIRECTION('',(0.0829361269001535,0.996554864949643,0.));
#4195=DIRECTION('center_axis',(-9.65974553664162E-17,-9.65974553664162E-17,
1.));
#4196=DIRECTION('ref_axis',(1.,-9.33106838326677E-33,9.65974553664162E-17));
#4197=DIRECTION('',(0.0829361269001536,-0.996554864949643,0.));
#4198=DIRECTION('center_axis',(-1.54675070243825E-16,-2.68967938175978E-16,
-1.));
#4199=DIRECTION('ref_axis',(4.16026347307062E-32,-1.,2.68967938175978E-16));
#4200=DIRECTION('',(1.,0.,0.));
#4201=DIRECTION('center_axis',(0.,0.,-1.));
#4202=DIRECTION('ref_axis',(1.,0.,0.));
#4203=DIRECTION('',(0.,-1.,0.));
#4204=DIRECTION('',(1.,0.,0.));
#4205=DIRECTION('',(0.,-1.,0.));
#4206=DIRECTION('',(-1.,0.,0.));
#4207=DIRECTION('',(0.,-1.,0.));
#4208=DIRECTION('center_axis',(9.7901438839682E-30,9.7901438839682E-30,
-1.));
#4209=DIRECTION('ref_axis',(9.58469172687999E-59,-1.,-9.7901438839682E-30));
#4210=DIRECTION('',(-1.,0.,0.));
#4211=DIRECTION('center_axis',(-1.54675070243861E-16,2.68967938176017E-16,
-1.));
#4212=DIRECTION('ref_axis',(8.67361737988414E-15,-1.,-2.68967938176018E-16));
#4213=DIRECTION('',(-0.0829361269001533,-0.996554864949643,0.));
#4214=DIRECTION('center_axis',(-9.65974553664162E-17,9.65974553664162E-17,
1.));
#4215=DIRECTION('ref_axis',(1.,9.33106838326677E-33,9.65974553664162E-17));
#4216=DIRECTION('',(-0.0829361269001535,0.996554864949643,0.));
#4217=DIRECTION('center_axis',(0.,0.,-1.));
#4218=DIRECTION('ref_axis',(-1.,0.,0.));
#4219=DIRECTION('',(-1.,0.,0.));
#4220=DIRECTION('center_axis',(-1.54675070243861E-16,2.68967938176017E-16,
-1.));
#4221=DIRECTION('ref_axis',(5.05961013826573E-15,-1.,-2.68967938176018E-16));
#4222=DIRECTION('',(-0.0829361269001535,-0.996554864949643,0.));
#4223=DIRECTION('center_axis',(2.12113767198602E-16,-2.12113767198602E-16,
1.));
#4224=DIRECTION('ref_axis',(1.,4.49922502351829E-32,-2.12113767198602E-16));
#4225=DIRECTION('',(-0.0829361269001534,0.996554864949643,0.));
#4226=DIRECTION('center_axis',(0.,0.,-1.));
#4227=DIRECTION('ref_axis',(-1.,0.,0.));
#4228=DIRECTION('',(-1.,0.,0.));
#4229=DIRECTION('center_axis',(-1.54675070243864E-16,2.68967938176022E-16,
-1.));
#4230=DIRECTION('ref_axis',(-3.61400724161836E-15,-1.,-2.68967938176022E-16));
#4231=DIRECTION('',(-0.0829361269001531,-0.996554864949643,0.));
#4232=DIRECTION('center_axis',(-1.65818212552944E-16,1.65818212552944E-16,
1.));
#4233=DIRECTION('ref_axis',(-2.74956796142534E-32,-1.,1.65818212552944E-16));
#4234=DIRECTION('',(-0.0829361269001537,0.996554864949643,0.));
#4235=DIRECTION('center_axis',(-1.57090759073263E-15,-1.70707368139938E-15,
-1.));
#4236=DIRECTION('ref_axis',(-4.10746440521778E-31,1.,-1.70707368139938E-15));
#4237=DIRECTION('',(0.,1.,0.));
#4238=DIRECTION('',(1.,0.,0.));
#4239=DIRECTION('',(0.,-1.,0.));
#4240=DIRECTION('',(-1.,0.,0.));
#4241=DIRECTION('center_axis',(-1.,0.,0.));
#4242=DIRECTION('ref_axis',(0.,0.,1.));
#4243=DIRECTION('',(0.,0.,-1.));
#4244=DIRECTION('',(0.,1.,0.));
#4245=DIRECTION('',(0.,-0.00335654063804323,-0.999994366801606));
#4246=DIRECTION('',(0.,1.,0.));
#4247=DIRECTION('',(0.,-0.00335654063804308,-0.999994366801606));
#4248=DIRECTION('center_axis',(0.,-1.,0.));
#4249=DIRECTION('ref_axis',(0.,0.,-1.));
#4250=DIRECTION('',(-1.,0.,0.));
#4251=DIRECTION('',(0.,0.,1.));
#4252=DIRECTION('center_axis',(1.,0.,0.));
#4253=DIRECTION('ref_axis',(0.,0.,-1.));
#4254=DIRECTION('',(0.,0.00335654063804308,0.999994366801606));
#4255=DIRECTION('',(0.,-1.,0.));
#4256=DIRECTION('',(0.,-0.00335654063804313,-0.999994366801606));
#4257=DIRECTION('',(0.,1.,0.));
#4258=DIRECTION('center_axis',(0.,1.,0.));
#4259=DIRECTION('ref_axis',(0.,0.,1.));
#4260=DIRECTION('',(1.,0.,0.));
#4261=DIRECTION('center_axis',(-1.,0.,0.));
#4262=DIRECTION('ref_axis',(0.,0.,1.));
#4263=DIRECTION('',(0.,0.,-1.));
#4264=DIRECTION('',(0.,-1.,0.));
#4265=DIRECTION('',(0.,0.,1.));
#4266=DIRECTION('center_axis',(0.,1.,0.));
#4267=DIRECTION('ref_axis',(0.,0.,1.));
#4268=DIRECTION('',(0.,0.,-1.));
#4269=DIRECTION('',(-1.,0.,0.));
#4270=DIRECTION('',(0.,0.,-1.));
#4271=DIRECTION('',(1.,0.,0.));
#4272=DIRECTION('',(0.,0.,1.));
#4273=DIRECTION('',(1.,0.,0.));
#4274=DIRECTION('',(0.,0.,-1.));
#4275=DIRECTION('',(1.,0.,0.));
#4276=DIRECTION('',(0.,0.,1.));
#4277=DIRECTION('',(-1.,0.,0.));
#4278=DIRECTION('',(0.,0.,-1.));
#4279=DIRECTION('',(0.,0.,-1.));
#4280=DIRECTION('',(1.,0.,0.));
#4281=DIRECTION('center_axis',(-1.,0.,0.));
#4282=DIRECTION('ref_axis',(0.,0.,1.));
#4283=DIRECTION('',(0.,0.,-1.));
#4284=DIRECTION('',(0.,-1.,0.));
#4285=DIRECTION('center_axis',(0.,-1.,0.));
#4286=DIRECTION('ref_axis',(0.,0.,-1.));
#4287=DIRECTION('',(0.,0.,-1.));
#4288=DIRECTION('',(1.,0.,0.));
#4289=DIRECTION('',(0.,0.,-1.));
#4290=DIRECTION('',(0.,0.,-1.));
#4291=DIRECTION('',(1.,0.,0.));
#4292=DIRECTION('',(0.,0.,-1.));
#4293=DIRECTION('',(-0.999999999639164,0.,-2.68639402175783E-5));
#4294=DIRECTION('',(0.,0.,1.));
#4295=DIRECTION('',(1.,0.,0.));
#4296=DIRECTION('center_axis',(-1.,0.,0.));
#4297=DIRECTION('ref_axis',(0.,0.,1.));
#4298=DIRECTION('',(0.,0.,-1.));
#4299=DIRECTION('',(0.,-1.,0.));
#4300=DIRECTION('center_axis',(1.,0.,0.));
#4301=DIRECTION('ref_axis',(0.,0.,-1.));
#4302=DIRECTION('',(0.,1.,0.));
#4303=DIRECTION('',(0.,0.,1.));
#4304=DIRECTION('center_axis',(1.,0.,0.));
#4305=DIRECTION('ref_axis',(0.,0.,-1.));
#4306=DIRECTION('',(0.,1.,0.));
#4307=DIRECTION('center_axis',(1.,0.,0.));
#4308=DIRECTION('ref_axis',(0.,0.,-1.));
#4309=DIRECTION('',(0.,0.,-1.));
#4310=DIRECTION('',(0.,1.,0.));
#4311=DIRECTION('center_axis',(0.,0.,1.));
#4312=DIRECTION('ref_axis',(1.,0.,0.));
#4313=DIRECTION('',(-1.,0.,0.));
#4314=DIRECTION('center_axis',(1.41736399625775E-17,0.00337325142930198,
-0.999994310571213));
#4315=DIRECTION('ref_axis',(0.,0.999994310571213,0.00337325142930198));
#4316=DIRECTION('',(1.,-4.78112512621763E-20,1.41735593226623E-17));
#4317=DIRECTION('center_axis',(0.,0.,-1.));
#4318=DIRECTION('ref_axis',(-1.,0.,0.));
#4319=DIRECTION('center_axis',(1.34880317861859E-16,-1.34880317861858E-16,
-1.));
#4320=DIRECTION('ref_axis',(1.,-1.42447860448171E-14,1.34880317861861E-16));
#4321=DIRECTION('',(0.0829361269001533,0.996554864949643,0.));
#4322=DIRECTION('center_axis',(1.54675070243835E-16,-2.68967938175989E-16,
1.));
#4323=DIRECTION('ref_axis',(-6.56858655152258E-47,-1.,-2.68967938175989E-16));
#4324=DIRECTION('',(1.,0.,0.));
#4325=DIRECTION('center_axis',(1.57090759073263E-15,1.70707368139938E-15,
1.));
#4326=DIRECTION('ref_axis',(3.61400724161838E-15,1.,-1.70707368139939E-15));
#4327=DIRECTION('',(0.0829361269001537,-0.996554864949643,0.));
#4328=DIRECTION('center_axis',(1.65818212552944E-16,-1.65818212552944E-16,
-1.));
#4329=DIRECTION('ref_axis',(6.0212043388957E-47,-1.,1.65818212552944E-16));
#4330=DIRECTION('',(0.0829361269001531,0.996554864949643,0.));
#4331=DIRECTION('center_axis',(1.54675070243864E-16,-2.68967938176022E-16,
1.));
#4332=DIRECTION('ref_axis',(3.83167548838817E-47,-1.,-2.68967938176022E-16));
#4333=DIRECTION('',(1.,0.,0.));
#4334=DIRECTION('center_axis',(0.,0.,1.));
#4335=DIRECTION('ref_axis',(-1.,0.,0.));
#4336=DIRECTION('',(0.0829361269001534,-0.996554864949643,0.));
#4337=DIRECTION('center_axis',(-2.12113767198602E-16,2.12113767198602E-16,
-1.));
#4338=DIRECTION('ref_axis',(1.,2.18952885050753E-47,-2.12113767198602E-16));
#4339=DIRECTION('',(0.0829361269001535,0.996554864949643,0.));
#4340=DIRECTION('center_axis',(1.54675070243861E-16,-2.68967938176017E-16,
1.));
#4341=DIRECTION('ref_axis',(-2.73691106313441E-47,-1.,-2.68967938176017E-16));
#4342=DIRECTION('',(1.,0.,0.));
#4343=DIRECTION('center_axis',(0.,0.,1.));
#4344=DIRECTION('ref_axis',(-1.,0.,0.));
#4345=DIRECTION('',(0.0829361269001535,-0.996554864949643,0.));
#4346=DIRECTION('center_axis',(9.65974553664162E-17,-9.65974553664162E-17,
-1.));
#4347=DIRECTION('ref_axis',(1.,2.84895720896341E-14,9.65974553664135E-17));
#4348=DIRECTION('',(0.0829361269001533,0.996554864949643,0.));
#4349=DIRECTION('center_axis',(1.54675070243861E-16,-2.68967938176017E-16,
1.));
#4350=DIRECTION('ref_axis',(-3.83167548838817E-47,-1.,-2.68967938176017E-16));
#4351=DIRECTION('',(1.,0.,0.));
#4352=DIRECTION('center_axis',(9.7901438839682E-30,9.7901438839682E-30,
-1.));
#4353=DIRECTION('ref_axis',(5.30606196025003E-74,-1.,-9.7901438839682E-30));
#4354=DIRECTION('center_axis',(1.60494162032271E-31,-1.60494162032271E-31,
-1.));
#4355=DIRECTION('ref_axis',(1.,-2.89120579329467E-15,1.60494162032271E-31));
#4356=DIRECTION('',(1.,0.,0.));
#4357=DIRECTION('center_axis',(1.57090759073264E-15,1.70707368139938E-15,
1.));
#4358=DIRECTION('ref_axis',(-2.89120579329471E-15,1.,-1.70707368139937E-15));
#4359=DIRECTION('',(0.0829361269001534,-0.996554864949643,0.));
#4360=DIRECTION('center_axis',(-9.7901438839682E-30,-9.7901438839682E-30,
1.));
#4361=DIRECTION('ref_axis',(-3.60812213297002E-72,-1.,-9.7901438839682E-30));
#4362=DIRECTION('',(0.,0.,1.));
#4363=DIRECTION('center_axis',(0.,0.,-1.));
#4364=DIRECTION('ref_axis',(-1.,0.,0.));
#4365=DIRECTION('',(0.,-1.,0.));
#4366=DIRECTION('center_axis',(0.,0.,1.));
#4367=DIRECTION('ref_axis',(1.,0.,0.));
#4368=DIRECTION('',(0.,0.,-1.));
#4369=DIRECTION('center_axis',(0.,0.,1.));
#4370=DIRECTION('ref_axis',(1.,0.,0.));
#4371=DIRECTION('center_axis',(0.,0.,-1.));
#4372=DIRECTION('ref_axis',(-1.,0.,0.));
#4373=DIRECTION('center_axis',(0.,0.,1.));
#4374=DIRECTION('ref_axis',(-1.,-2.89120579329467E-15,0.));
#4375=DIRECTION('',(-1.,0.,0.));
#4376=DIRECTION('center_axis',(-6.41976648129083E-30,-6.41976648129083E-30,
-1.));
#4377=DIRECTION('ref_axis',(1.,-8.67361737988401E-15,-6.41976648129077E-30));
#4378=DIRECTION('',(1.,0.,0.));
#4379=DIRECTION('center_axis',(1.54675070243825E-16,2.68967938175978E-16,
1.));
#4380=DIRECTION('ref_axis',(-2.73691106313441E-47,-1.,2.68967938175978E-16));
#4381=DIRECTION('',(-0.0829361269001536,0.996554864949643,0.));
#4382=DIRECTION('center_axis',(9.65974553664162E-17,9.65974553664162E-17,
-1.));
#4383=DIRECTION('ref_axis',(1.,8.21073318940323E-48,9.65974553664162E-17));
#4384=DIRECTION('',(-0.0829361269001535,-0.996554864949643,0.));
#4385=DIRECTION('center_axis',(0.,0.,1.));
#4386=DIRECTION('ref_axis',(-1.,2.89120579329465E-15,0.));
#4387=DIRECTION('',(-1.,0.,0.));
#4388=DIRECTION('center_axis',(1.54675070243843E-16,2.68967938175998E-16,
1.));
#4389=DIRECTION('ref_axis',(2.73691106313441E-47,-1.,2.68967938175998E-16));
#4390=DIRECTION('',(-0.0829361269001535,0.996554864949643,0.));
#4391=DIRECTION('center_axis',(-2.12113767198602E-16,-2.12113767198602E-16,
-1.));
#4392=DIRECTION('ref_axis',(1.,-2.73691106313441E-47,-2.12113767198602E-16));
#4393=DIRECTION('',(-0.0829361269001535,-0.996554864949643,0.));
#4394=DIRECTION('center_axis',(0.,0.,1.));
#4395=DIRECTION('ref_axis',(-1.,-2.89120579329466E-15,0.));
#4396=DIRECTION('',(-1.,0.,0.));
#4397=DIRECTION('center_axis',(1.54675070243837E-16,2.6896793817599E-16,
1.));
#4398=DIRECTION('ref_axis',(5.47382212626882E-48,-1.,2.6896793817599E-16));
#4399=DIRECTION('',(-0.0829361269001531,0.996554864949643,0.));
#4400=DIRECTION('',(-0.0829361269001537,-0.996554864949643,0.));
#4401=DIRECTION('center_axis',(0.,0.,1.));
#4402=DIRECTION('ref_axis',(-1.,0.,0.));
#4403=DIRECTION('',(-1.,0.,0.));
#4404=DIRECTION('center_axis',(1.54675070243839E-16,2.68967938175993E-16,
1.));
#4405=DIRECTION('ref_axis',(6.0212043388957E-47,-1.,2.68967938175993E-16));
#4406=DIRECTION('',(-0.0829361269001533,0.996554864949643,0.));
#4407=DIRECTION('center_axis',(1.34880317861859E-16,1.34880317861858E-16,
-1.));
#4408=DIRECTION('ref_axis',(1.,-1.42447860448171E-14,1.34880317861857E-16));
#4409=DIRECTION('',(-0.0829361269001534,-0.996554864949643,0.));
#4410=DIRECTION('center_axis',(6.41976648129083E-30,6.41976648129083E-30,
1.));
#4411=DIRECTION('ref_axis',(1.,-3.53737464016668E-73,-6.41976648129083E-30));
#4412=DIRECTION('',(0.,0.,1.));
#4413=DIRECTION('center_axis',(0.,0.,-1.));
#4414=DIRECTION('ref_axis',(-1.,0.,0.));
#4415=DIRECTION('',(0.,1.,0.));
#4416=DIRECTION('center_axis',(-1.60494162032271E-31,1.60494162032271E-31,
1.));
#4417=DIRECTION('ref_axis',(1.,2.28858466710003E-76,1.60494162032271E-31));
#4418=DIRECTION('',(0.,0.,-1.));
#4419=DIRECTION('center_axis',(-3.26875730885369E-19,0.999994366801606,
-0.00335654063804313));
#4420=DIRECTION('ref_axis',(0.,0.00335654063804313,0.999994366801606));
#4421=DIRECTION('',(1.,3.26873889529527E-19,-1.09717167430679E-21));
#4422=DIRECTION('center_axis',(0.,0.,-1.));
#4423=DIRECTION('ref_axis',(-1.,0.,0.));
#4424=DIRECTION('center_axis',(5.78241158658936E-15,5.78241158658936E-15,
-1.));
#4425=DIRECTION('ref_axis',(-1.,0.,-5.78241158658936E-15));
#4426=DIRECTION('',(0.,1.,0.));
#4427=DIRECTION('center_axis',(0.,0.,-1.));
#4428=DIRECTION('ref_axis',(1.,0.,0.));
#4429=DIRECTION('',(1.,0.,0.));
#4430=DIRECTION('center_axis',(-5.78241158658936E-15,-5.78241158658936E-15,
-1.));
#4431=DIRECTION('ref_axis',(-1.,0.,5.78241158658936E-15));
#4432=DIRECTION('',(0.,-1.,0.));
#4433=DIRECTION('center_axis',(0.,0.,-1.));
#4434=DIRECTION('ref_axis',(1.,0.,0.));
#4435=DIRECTION('',(-1.,0.,0.));
#4436=DIRECTION('',(1.,0.,0.));
#4437=DIRECTION('center_axis',(4.45070404830356E-18,-0.999994366801606,
0.00335654063804323));
#4438=DIRECTION('ref_axis',(0.,-0.00335654063804323,-0.999994366801606));
#4439=DIRECTION('center_axis',(0.,-1.,0.));
#4440=DIRECTION('ref_axis',(0.,0.,-1.));
#4441=DIRECTION('',(0.,0.,1.));
#4442=DIRECTION('center_axis',(1.,0.,0.));
#4443=DIRECTION('ref_axis',(0.,0.,-1.));
#4444=DIRECTION('',(0.,-1.,0.));
#4445=DIRECTION('center_axis',(0.,1.,0.));
#4446=DIRECTION('ref_axis',(0.,0.,1.));
#4447=DIRECTION('',(0.,0.,-1.));
#4448=DIRECTION('center_axis',(0.,1.,0.));
#4449=DIRECTION('ref_axis',(0.,0.,1.));
#4450=DIRECTION('',(0.,0.,1.));
#4451=DIRECTION('center_axis',(-1.,0.,0.));
#4452=DIRECTION('ref_axis',(0.,0.,1.));
#4453=DIRECTION('',(0.,1.,0.));
#4454=DIRECTION('center_axis',(0.,-1.,0.));
#4455=DIRECTION('ref_axis',(0.,0.,-1.));
#4456=DIRECTION('',(0.,0.,-1.));
#4457=DIRECTION('center_axis',(-1.,0.,0.));
#4458=DIRECTION('ref_axis',(0.,0.,1.));
#4459=DIRECTION('',(0.,1.,0.));
#4460=DIRECTION('',(0.,-0.734597830122571,-0.678502784061503));
#4461=DIRECTION('',(0.,1.,0.));
#4462=DIRECTION('',(0.,0.,-1.));
#4463=DIRECTION('',(0.,0.,1.));
#4464=DIRECTION('',(0.,1.,0.));
#4465=DIRECTION('',(0.,-0.73459782997953,0.678502784216369));
#4466=DIRECTION('center_axis',(5.78241158658936E-15,5.78241158658936E-15,
-1.));
#4467=DIRECTION('ref_axis',(-1.,0.,-5.78241158658936E-15));
#4468=DIRECTION('',(0.,0.,1.));
#4469=DIRECTION('center_axis',(5.78241158658936E-15,5.78241158658936E-15,
-1.));
#4470=DIRECTION('ref_axis',(-1.,0.,-5.78241158658936E-15));
#4471=DIRECTION('center_axis',(0.,-1.,0.));
#4472=DIRECTION('ref_axis',(0.,0.,-1.));
#4473=DIRECTION('',(0.,0.,1.));
#4474=DIRECTION('',(-1.,0.,0.));
#4475=DIRECTION('center_axis',(0.,0.,1.));
#4476=DIRECTION('ref_axis',(1.,0.,0.));
#4477=DIRECTION('center_axis',(0.,0.,-1.));
#4478=DIRECTION('ref_axis',(1.,0.,0.));
#4479=DIRECTION('',(0.,0.,1.));
#4480=DIRECTION('center_axis',(1.,0.,0.));
#4481=DIRECTION('ref_axis',(0.,0.,-1.));
#4482=DIRECTION('',(0.,0.,1.));
#4483=DIRECTION('',(0.,-1.,0.));
#4484=DIRECTION('',(0.,0.734597830122571,0.678502784061502));
#4485=DIRECTION('',(0.,-1.,0.));
#4486=DIRECTION('',(0.,0.73459782997953,-0.678502784216369));
#4487=DIRECTION('',(0.,-1.,0.));
#4488=DIRECTION('center_axis',(-5.78241158658936E-15,-5.78241158658936E-15,
-1.));
#4489=DIRECTION('ref_axis',(-1.,0.,5.78241158658936E-15));
#4490=DIRECTION('',(0.,0.,1.));
#4491=DIRECTION('center_axis',(-5.78241158658936E-15,-5.78241158658936E-15,
-1.));
#4492=DIRECTION('ref_axis',(-1.,0.,5.78241158658936E-15));
#4493=DIRECTION('center_axis',(0.,1.,0.));
#4494=DIRECTION('ref_axis',(0.,0.,1.));
#4495=DIRECTION('',(0.,0.,1.));
#4496=DIRECTION('',(1.,0.,0.));
#4497=DIRECTION('center_axis',(0.,0.,1.));
#4498=DIRECTION('ref_axis',(1.,0.,0.));
#4499=DIRECTION('center_axis',(0.,0.,-1.));
#4500=DIRECTION('ref_axis',(1.,0.,0.));
#4501=DIRECTION('center_axis',(1.54675070243861E-16,-2.68967938176017E-16,
1.));
#4502=DIRECTION('ref_axis',(-5.47382212626882E-47,-1.,-2.68967938176017E-16));
#4503=DIRECTION('',(0.,0.,1.));
#4504=DIRECTION('center_axis',(0.,0.,1.));
#4505=DIRECTION('ref_axis',(1.,0.,0.));
#4506=DIRECTION('',(-0.999999999577034,2.90849096786619E-5,0.));
#4507=DIRECTION('center_axis',(1.54675070243825E-16,2.68967938175978E-16,
1.));
#4508=DIRECTION('ref_axis',(-5.47382212626882E-48,-1.,2.68967938175978E-16));
#4509=DIRECTION('',(0.,0.,-1.));
#4510=DIRECTION('center_axis',(0.,0.,-1.));
#4511=DIRECTION('ref_axis',(-1.,0.,0.));
#4512=DIRECTION('',(0.,0.,1.));
#4513=DIRECTION('center_axis',(0.,0.,1.));
#4514=DIRECTION('ref_axis',(1.,0.,0.));
#4515=DIRECTION('',(-0.999999999577034,2.90849096706966E-5,0.));
#4516=DIRECTION('center_axis',(-1.57090759073264E-15,-1.70707368139938E-15,
-1.));
#4517=DIRECTION('ref_axis',(-4.1074644052177E-31,1.,-1.70707368139938E-15));
#4518=DIRECTION('',(0.,0.,-1.));
#4519=DIRECTION('center_axis',(0.,0.,1.));
#4520=DIRECTION('ref_axis',(1.,0.,0.));
#4521=DIRECTION('',(-1.,0.,0.));
#4522=DIRECTION('center_axis',(0.,0.,1.));
#4523=DIRECTION('ref_axis',(1.,0.,0.));
#4524=DIRECTION('',(0.999999999577034,-2.90849096785851E-5,0.));
#4525=DIRECTION('center_axis',(0.996554864949643,-0.0829361269001533,1.25402931048516E-17));
#4526=DIRECTION('ref_axis',(0.0829361269001533,0.996554864949643,0.));
#4527=DIRECTION('',(-1.24970901015343E-17,1.04004334030909E-18,1.));
#4528=DIRECTION('center_axis',(-1.97341921956537E-5,-0.678502783929385,
0.734597829979531));
#4529=DIRECTION('ref_axis',(-1.6940658945086E-21,-0.734597830122571,-0.678502784061502));
#4530=DIRECTION('center_axis',(0.996554864949643,0.0829361269001536,-7.96840030005213E-17));
#4531=DIRECTION('ref_axis',(-0.0829361269001536,0.996554864949643,7.70371977754894E-34));
#4532=DIRECTION('',(-7.94094808488314E-17,-6.60868258476345E-18,-1.));
#4533=DIRECTION('center_axis',(-0.996554864949643,0.0829361269001535,-8.7580188607623E-18));
#4534=DIRECTION('ref_axis',(-0.0829361269001534,-0.996554864949643,-9.62964972193618E-35));
#4535=DIRECTION('',(-8.7278463030134E-18,7.26356163630119E-19,1.));
#4536=DIRECTION('center_axis',(-0.996554864949643,-0.0829361269001535,-8.7580188607623E-18));
#4537=DIRECTION('ref_axis',(0.0829361269001534,-0.996554864949643,9.62964972193618E-35));
#4538=DIRECTION('',(8.7278463030134E-18,7.26356163630119E-19,-1.));
#4539=DIRECTION('center_axis',(4.76058614279503E-17,0.678502784216369,0.73459782997953));
#4540=DIRECTION('ref_axis',(0.,-0.73459782997953,0.678502784216369));
#4541=DIRECTION('center_axis',(-9.65974553664162E-17,9.65974553664162E-17,
1.));
#4542=DIRECTION('ref_axis',(1.,-6.84227765783602E-48,9.65974553664162E-17));
#4543=DIRECTION('',(0.,0.,1.));
#4544=DIRECTION('center_axis',(-9.65974553664162E-17,-9.65974553664162E-17,
1.));
#4545=DIRECTION('ref_axis',(1.,6.84227765783602E-48,9.65974553664162E-17));
#4546=DIRECTION('',(0.,0.,-1.));
#4547=DIRECTION('center_axis',(-1.34880317861859E-16,-1.34880317861858E-16,
1.));
#4548=DIRECTION('ref_axis',(1.,3.01060216944785E-47,1.34880317861859E-16));
#4549=DIRECTION('',(0.,0.,1.));
#4550=DIRECTION('center_axis',(-1.34880317861859E-16,1.34880317861858E-16,
1.));
#4551=DIRECTION('ref_axis',(1.,-3.01060216944785E-47,1.34880317861859E-16));
#4552=DIRECTION('',(0.,0.,-1.));
#4553=DIRECTION('center_axis',(-0.996554864949643,-0.0829361269001536,1.8955958395949E-17));
#4554=DIRECTION('ref_axis',(0.0829361269001535,-0.996554864949643,-1.92592994438724E-34));
#4555=DIRECTION('',(1.8890652559266E-17,1.57213377104046E-18,1.));
#4556=DIRECTION('center_axis',(-0.996554864949643,0.0829361269001536,3.73714779275059E-17));
#4557=DIRECTION('ref_axis',(-0.0829361269001535,-0.996554864949643,3.85185988877447E-34));
#4558=DIRECTION('',(-3.72427281390142E-17,3.09944563584192E-18,-1.));
#4559=DIRECTION('center_axis',(0.996554864949643,0.0829361269001533,-2.47400494561633E-19));
#4560=DIRECTION('ref_axis',(-0.0829361269001533,0.996554864949643,0.));
#4561=DIRECTION('',(2.46548166446343E-19,2.05184388121243E-20,1.));
#4562=DIRECTION('center_axis',(0.996554864949643,-0.0829361269001533,-1.86629200261184E-17));
#4563=DIRECTION('ref_axis',(0.0829361269001533,0.996554864949643,0.));
#4564=DIRECTION('',(-1.85986237461944E-17,1.54783030361357E-18,-1.));
#4565=DIRECTION('center_axis',(0.,0.,-1.));
#4566=DIRECTION('ref_axis',(-1.,0.,0.));
#4567=DIRECTION('',(0.,0.,1.));
#4568=DIRECTION('center_axis',(0.,0.,-1.));
#4569=DIRECTION('ref_axis',(-1.,0.,0.));
#4570=DIRECTION('',(0.,0.,-1.));
#4571=DIRECTION('center_axis',(1.54675070243839E-16,2.68967938175993E-16,
1.));
#4572=DIRECTION('ref_axis',(6.0212043388957E-47,-1.,2.68967938175993E-16));
#4573=DIRECTION('',(0.,0.,1.));
#4574=DIRECTION('center_axis',(1.54675070243835E-16,-2.68967938175989E-16,
1.));
#4575=DIRECTION('ref_axis',(-4.92643991364193E-47,-1.,-2.68967938175989E-16));
#4576=DIRECTION('',(0.,0.,-1.));
#4577=DIRECTION('center_axis',(0.,-1.,0.));
#4578=DIRECTION('ref_axis',(0.,0.,-1.));
#4579=DIRECTION('',(0.,0.,1.));
#4580=DIRECTION('center_axis',(0.,1.,0.));
#4581=DIRECTION('ref_axis',(0.,0.,1.));
#4582=DIRECTION('',(0.,0.,-1.));
#4583=DIRECTION('center_axis',(0.,1.,0.));
#4584=DIRECTION('ref_axis',(0.,0.,1.));
#4585=DIRECTION('',(0.,0.,1.));
#4586=DIRECTION('center_axis',(0.,-1.,0.));
#4587=DIRECTION('ref_axis',(0.,0.,-1.));
#4588=DIRECTION('',(0.,0.,-1.));
#4589=DIRECTION('center_axis',(1.54675070243861E-16,-2.68967938176017E-16,
1.));
#4590=DIRECTION('ref_axis',(-1.09476442525376E-47,-1.,-2.68967938176017E-16));
#4591=DIRECTION('',(0.,0.,1.));
#4592=DIRECTION('center_axis',(1.54675070243843E-16,2.68967938175998E-16,
1.));
#4593=DIRECTION('ref_axis',(3.28429327576129E-47,-1.,2.68967938175998E-16));
#4594=DIRECTION('',(0.,0.,-1.));
#4595=DIRECTION('center_axis',(0.,0.,-1.));
#4596=DIRECTION('ref_axis',(-1.,0.,0.));
#4597=DIRECTION('',(0.,0.,1.));
#4598=DIRECTION('center_axis',(-1.57090759073263E-15,-1.70707368139938E-15,
-1.));
#4599=DIRECTION('ref_axis',(-4.10746440521778E-31,1.,-1.70707368139938E-15));
#4600=DIRECTION('',(0.,0.,-1.));
#4601=DIRECTION('center_axis',(0.996554864949643,-0.0829361269001536,0.));
#4602=DIRECTION('ref_axis',(0.0829361269001535,0.996554864949643,0.));
#4603=DIRECTION('',(0.,0.,1.));
#4604=DIRECTION('center_axis',(0.996554864949643,0.0829361269001536,8.43921759361531E-18));
#4605=DIRECTION('ref_axis',(-0.0829361269001535,0.996554864949643,0.));
#4606=DIRECTION('',(8.41014334928596E-18,6.99916021282088E-19,-1.));
#4607=DIRECTION('center_axis',(-0.996554864949643,0.0829361269001537,-1.89559583959492E-17));
#4608=DIRECTION('ref_axis',(-0.0829361269001537,-0.996554864949643,0.));
#4609=DIRECTION('center_axis',(-0.996554864949643,-0.0829361269001537,-1.89559583959492E-17));
#4610=DIRECTION('ref_axis',(0.0829361269001537,-0.996554864949643,0.));
#4611=DIRECTION('',(1.88906525592662E-17,1.57213377104048E-18,-1.));
#4612=DIRECTION('center_axis',(2.12113767198602E-16,-2.12113767198602E-16,
1.));
#4613=DIRECTION('ref_axis',(1.,4.37905770101505E-47,-2.12113767198602E-16));
#4614=DIRECTION('',(0.,0.,1.));
#4615=DIRECTION('center_axis',(2.12113767198602E-16,2.12113767198602E-16,
1.));
#4616=DIRECTION('ref_axis',(1.,-4.37905770101505E-47,-2.12113767198602E-16));
#4617=DIRECTION('',(0.,0.,-1.));
#4618=DIRECTION('center_axis',(-1.65818212552944E-16,1.65818212552944E-16,
1.));
#4619=DIRECTION('ref_axis',(5.20660583828602E-15,1.,-1.65818212552943E-16));
#4620=DIRECTION('',(0.,0.,-1.));
#4621=DIRECTION('center_axis',(-0.996554864949643,-0.0829361269001535,-8.70399551328333E-18));
#4622=DIRECTION('ref_axis',(0.0829361269001534,-0.996554864949643,0.));
#4623=DIRECTION('',(-8.67400907326237E-18,-7.21875676428032E-19,1.));
#4624=DIRECTION('center_axis',(-0.996554864949643,0.0829361269001536,-8.70399551328334E-18));
#4625=DIRECTION('ref_axis',(-0.0829361269001535,-0.996554864949643,9.62964972193618E-35));
#4626=DIRECTION('',(8.67400907326238E-18,-7.21875676428034E-19,-1.));
#4627=DIRECTION('center_axis',(0.996554864949643,0.0829361269001531,3.79196599683709E-17));
#4628=DIRECTION('ref_axis',(-0.0829361269001531,0.996554864949643,0.));
#4629=DIRECTION('',(-3.77890216187163E-17,-3.14490973114747E-18,1.));
#4630=DIRECTION('center_axis',(0.996554864949643,-0.0829361269001531,-3.2519908654474E-17));
#4631=DIRECTION('ref_axis',(0.0829361269001531,0.996554864949643,0.));
#4632=DIRECTION('',(-3.2407873177334E-17,2.69707527094884E-18,-1.));
#4633=DIRECTION('center_axis',(0.,0.,-1.));
#4634=DIRECTION('ref_axis',(-1.,0.,0.));
#4635=DIRECTION('',(0.,0.,1.));
#4636=DIRECTION('center_axis',(0.,0.,-1.));
#4637=DIRECTION('ref_axis',(-1.,0.,0.));
#4638=DIRECTION('',(1.46367293285542E-15,0.,-1.));
#4639=DIRECTION('center_axis',(1.54675070243837E-16,2.6896793817599E-16,
1.));
#4640=DIRECTION('ref_axis',(5.47382212626882E-48,-1.,2.6896793817599E-16));
#4641=DIRECTION('',(0.,0.,1.));
#4642=DIRECTION('center_axis',(1.54675070243864E-16,-2.68967938176022E-16,
1.));
#4643=DIRECTION('ref_axis',(6.56858655152258E-47,-1.,-2.68967938176022E-16));
#4644=DIRECTION('',(0.,0.,-1.));
#4645=DIRECTION('center_axis',(0.,-1.,0.));
#4646=DIRECTION('ref_axis',(0.,0.,-1.));
#4647=DIRECTION('center_axis',(0.,1.,0.));
#4648=DIRECTION('ref_axis',(0.,0.,1.));
#4649=DIRECTION('center_axis',(0.,0.,-1.));
#4650=DIRECTION('ref_axis',(-1.,0.,0.));
#4651=DIRECTION('center_axis',(0.,0.,1.));
#4652=DIRECTION('ref_axis',(-1.,0.,0.));
#4653=DIRECTION('',(0.,0.,1.));
#4654=DIRECTION('center_axis',(0.,0.,-1.));
#4655=DIRECTION('ref_axis',(-1.,0.,0.));
#4656=DIRECTION('center_axis',(0.,0.,-1.));
#4657=DIRECTION('ref_axis',(-1.,0.,0.));
#4658=DIRECTION('center_axis',(0.,0.,1.));
#4659=DIRECTION('ref_axis',(1.,0.,0.));
#4660=DIRECTION('center_axis',(0.,0.,-1.));
#4661=DIRECTION('ref_axis',(-1.,0.,0.));
#4662=DIRECTION('',(0.,-1.,0.));
#4663=DIRECTION('',(-1.,0.,0.));
#4664=DIRECTION('',(0.,1.,0.));
#4665=DIRECTION('',(-1.,0.,0.));
#4666=DIRECTION('',(0.,1.,0.));
#4667=DIRECTION('',(1.,0.,0.));
#4668=DIRECTION('',(0.,-1.,0.));
#4669=DIRECTION('',(-1.,0.,0.));
#4670=DIRECTION('center_axis',(0.,-1.,0.));
#4671=DIRECTION('ref_axis',(0.,0.,-1.));
#4672=DIRECTION('',(0.,0.,-1.));
#4673=DIRECTION('',(0.,0.,1.));
#4674=DIRECTION('',(1.,0.,0.));
#4675=DIRECTION('center_axis',(1.,0.,0.));
#4676=DIRECTION('ref_axis',(0.,0.,-1.));
#4677=DIRECTION('',(0.,0.,1.));
#4678=DIRECTION('',(0.,-1.,0.));
#4679=DIRECTION('center_axis',(0.,-1.,0.));
#4680=DIRECTION('ref_axis',(0.,0.,-1.));
#4681=DIRECTION('',(0.,0.,1.));
#4682=DIRECTION('',(-1.,0.,0.));
#4683=DIRECTION('center_axis',(1.,0.,0.));
#4684=DIRECTION('ref_axis',(0.,0.,-1.));
#4685=DIRECTION('',(0.,0.,1.));
#4686=DIRECTION('',(0.,-1.,0.));
#4687=DIRECTION('center_axis',(0.,1.,0.));
#4688=DIRECTION('ref_axis',(0.,0.,1.));
#4689=DIRECTION('',(0.,0.,1.));
#4690=DIRECTION('',(1.,0.,0.));
#4691=DIRECTION('center_axis',(-1.,0.,0.));
#4692=DIRECTION('ref_axis',(0.,0.,1.));
#4693=DIRECTION('',(0.,0.,1.));
#4694=DIRECTION('',(0.,1.,0.));
#4695=DIRECTION('center_axis',(0.,-1.,0.));
#4696=DIRECTION('ref_axis',(0.,0.,-1.));
#4697=DIRECTION('',(0.,0.,1.));
#4698=DIRECTION('',(-1.,0.,0.));
#4699=DIRECTION('center_axis',(-1.,0.,0.));
#4700=DIRECTION('ref_axis',(0.,0.,1.));
#4701=DIRECTION('',(0.,1.,0.));
#4702=DIRECTION('center_axis',(0.,0.,1.));
#4703=DIRECTION('ref_axis',(1.,0.,0.));
#4704=DIRECTION('center_axis',(0.,0.,-1.));
#4705=DIRECTION('ref_axis',(-1.,0.,0.));
#4706=DIRECTION('',(0.,1.,0.));
#4707=DIRECTION('',(1.,0.,0.));
#4708=DIRECTION('',(0.,-1.,0.));
#4709=DIRECTION('',(-1.,0.,0.));
#4710=DIRECTION('center_axis',(0.,1.,0.));
#4711=DIRECTION('ref_axis',(0.,0.,1.));
#4712=DIRECTION('',(-1.,0.,0.));
#4713=DIRECTION('',(0.,0.,-1.));
#4714=DIRECTION('center_axis',(1.44560289664734E-15,1.,-1.44560289664735E-15));
#4715=DIRECTION('ref_axis',(-1.19110369467609E-44,-1.44560289664735E-15,
-1.));
#4716=DIRECTION('center_axis',(0.,1.,0.));
#4717=DIRECTION('ref_axis',(0.,0.,-1.));
#4718=DIRECTION('',(0.,0.,1.));
#4719=DIRECTION('',(-1.,0.,0.));
#4720=DIRECTION('',(0.,0.,-1.));
#4721=DIRECTION('',(1.,0.,0.));
#4722=DIRECTION('',(0.,0.,1.));
#4723=DIRECTION('',(1.,0.,0.));
#4724=DIRECTION('',(0.,0.,-1.));
#4725=DIRECTION('',(1.,0.,0.));
#4726=DIRECTION('',(0.,0.,1.));
#4727=DIRECTION('center_axis',(0.,-1.,0.));
#4728=DIRECTION('ref_axis',(0.,0.,-1.));
#4729=DIRECTION('',(0.,1.,0.));
#4730=DIRECTION('center_axis',(0.,1.,0.));
#4731=DIRECTION('ref_axis',(0.,0.,-1.));
#4732=DIRECTION('center_axis',(0.,-1.,0.));
#4733=DIRECTION('ref_axis',(0.,0.,-1.));
#4734=DIRECTION('center_axis',(-1.44560289664734E-15,-1.,1.44560289664735E-15));
#4735=DIRECTION('ref_axis',(-1.19110369467609E-44,-1.44560289664735E-15,
-1.));
#4736=DIRECTION('',(0.,0.,1.));
#4737=DIRECTION('',(1.,0.,0.));
#4738=DIRECTION('',(0.,0.,-1.));
#4739=DIRECTION('',(-1.,0.,0.));
#4740=DIRECTION('',(0.,0.,1.));
#4741=DIRECTION('',(-1.,0.,0.));
#4742=DIRECTION('',(0.,0.,-1.));
#4743=DIRECTION('',(-1.,0.,0.));
#4744=DIRECTION('',(0.,0.,1.));
#4745=DIRECTION('',(1.,0.,0.));
#4746=DIRECTION('',(0.,0.,-1.));
#4747=DIRECTION('center_axis',(-1.44560289664734E-15,-1.,1.44560289664735E-15));
#4748=DIRECTION('ref_axis',(-1.19110369467609E-44,-1.44560289664735E-15,
-1.));
#4749=DIRECTION('',(0.,-1.,8.24720859863211E-16));
#4750=DIRECTION('center_axis',(1.,0.,0.));
#4751=DIRECTION('ref_axis',(0.,0.,-1.));
#4752=DIRECTION('',(0.,-1.,0.));
#4753=DIRECTION('center_axis',(-1.,0.,0.));
#4754=DIRECTION('ref_axis',(0.,0.,1.));
#4755=DIRECTION('',(0.,-1.,0.));
#4756=DIRECTION('',(0.,1.,0.));
#4757=DIRECTION('center_axis',(0.,0.,1.));
#4758=DIRECTION('ref_axis',(1.,0.,0.));
#4759=DIRECTION('',(0.,-1.,0.));
#4760=DIRECTION('center_axis',(1.,0.,0.));
#4761=DIRECTION('ref_axis',(0.,0.,-1.));
#4762=DIRECTION('',(0.,-1.,0.));
#4763=DIRECTION('center_axis',(0.,0.,1.));
#4764=DIRECTION('ref_axis',(1.,0.,0.));
#4765=DIRECTION('',(0.,-1.,0.));
#4766=DIRECTION('center_axis',(-1.,0.,0.));
#4767=DIRECTION('ref_axis',(0.,0.,1.));
#4768=DIRECTION('',(0.,-1.,0.));
#4769=DIRECTION('center_axis',(0.,0.,1.));
#4770=DIRECTION('ref_axis',(1.,0.,0.));
#4771=DIRECTION('',(0.,-1.,0.));
#4772=DIRECTION('center_axis',(1.,0.,0.));
#4773=DIRECTION('ref_axis',(0.,0.,-1.));
#4774=DIRECTION('',(0.,-1.,0.));
#4775=DIRECTION('center_axis',(-1.,0.,0.));
#4776=DIRECTION('ref_axis',(0.,0.,1.));
#4777=DIRECTION('',(0.,1.,0.));
#4778=DIRECTION('center_axis',(0.,0.,1.));
#4779=DIRECTION('ref_axis',(1.,0.,0.));
#4780=DIRECTION('center_axis',(0.,0.,1.));
#4781=DIRECTION('ref_axis',(1.,0.,0.));
#4782=DIRECTION('center_axis',(0.,0.,1.));
#4783=DIRECTION('ref_axis',(1.,0.,0.));
#4784=DIRECTION('',(-1.,0.,0.));
#4785=DIRECTION('',(0.,-1.,0.));
#4786=DIRECTION('',(1.,0.,0.));
#4787=DIRECTION('',(0.,1.,0.));
#4788=DIRECTION('center_axis',(0.,1.,0.));
#4789=DIRECTION('ref_axis',(0.,0.,1.));
#4790=DIRECTION('',(0.,-1.,0.));
#4791=DIRECTION('center_axis',(0.,1.,0.));
#4792=DIRECTION('ref_axis',(0.,0.,1.));
#4793=DIRECTION('center_axis',(0.,-1.,0.));
#4794=DIRECTION('ref_axis',(0.,0.,1.));
#4795=DIRECTION('center_axis',(0.,1.,0.));
#4796=DIRECTION('ref_axis',(0.,0.,1.));
#4797=DIRECTION('',(0.,0.,1.));
#4798=DIRECTION('center_axis',(0.,1.,0.));
#4799=DIRECTION('ref_axis',(0.,0.,1.));
#4800=DIRECTION('',(0.,0.,-1.));
#4801=DIRECTION('',(1.,0.,0.));
#4802=DIRECTION('',(0.,0.,1.));
#4803=DIRECTION('',(-1.,0.,0.));
#4804=DIRECTION('',(0.,0.,-1.));
#4805=DIRECTION('',(-1.,0.,0.));
#4806=DIRECTION('',(0.,0.,1.));
#4807=DIRECTION('',(-1.,0.,0.));
#4808=DIRECTION('',(0.,0.,-1.));
#4809=DIRECTION('',(1.,0.,0.));
#4810=DIRECTION('center_axis',(0.,1.,0.));
#4811=DIRECTION('ref_axis',(0.,0.,1.));
#4812=DIRECTION('center_axis',(0.,1.,0.));
#4813=DIRECTION('ref_axis',(0.,0.,1.));
#4814=DIRECTION('',(0.,1.,0.));
#4815=DIRECTION('center_axis',(0.,-1.,0.));
#4816=DIRECTION('ref_axis',(0.,0.,-1.));
#4817=DIRECTION('',(0.,0.,-1.));
#4818=DIRECTION('',(-1.,0.,0.));
#4819=DIRECTION('',(0.,0.,1.));
#4820=DIRECTION('',(1.,0.,0.));
#4821=DIRECTION('',(0.,0.,-1.));
#4822=DIRECTION('',(1.,0.,0.));
#4823=DIRECTION('',(0.,0.,1.));
#4824=DIRECTION('',(1.,0.,0.));
#4825=DIRECTION('',(0.,0.,-1.));
#4826=DIRECTION('',(-1.,0.,0.));
#4827=DIRECTION('',(0.,0.,1.));
#4828=DIRECTION('center_axis',(-1.,0.,0.));
#4829=DIRECTION('ref_axis',(0.,0.,1.));
#4830=DIRECTION('',(0.,-1.,0.));
#4831=DIRECTION('center_axis',(1.,0.,0.));
#4832=DIRECTION('ref_axis',(0.,0.,-1.));
#4833=DIRECTION('',(0.,-1.,0.));
#4834=DIRECTION('',(0.,1.,0.));
#4835=DIRECTION('center_axis',(0.,0.,-1.));
#4836=DIRECTION('ref_axis',(-1.,0.,0.));
#4837=DIRECTION('',(0.,-1.,0.));
#4838=DIRECTION('center_axis',(-1.,0.,0.));
#4839=DIRECTION('ref_axis',(0.,0.,1.));
#4840=DIRECTION('',(0.,-1.,0.));
#4841=DIRECTION('center_axis',(0.,0.,-1.));
#4842=DIRECTION('ref_axis',(-1.,0.,0.));
#4843=DIRECTION('',(0.,-1.,0.));
#4844=DIRECTION('center_axis',(1.,0.,0.));
#4845=DIRECTION('ref_axis',(0.,0.,-1.));
#4846=DIRECTION('',(0.,-1.,0.));
#4847=DIRECTION('center_axis',(0.,0.,-1.));
#4848=DIRECTION('ref_axis',(-1.,0.,0.));
#4849=DIRECTION('',(0.,-1.,0.));
#4850=DIRECTION('center_axis',(-1.,0.,0.));
#4851=DIRECTION('ref_axis',(0.,0.,1.));
#4852=DIRECTION('',(0.,-1.,0.));
#4853=DIRECTION('center_axis',(1.,0.,0.));
#4854=DIRECTION('ref_axis',(0.,0.,-1.));
#4855=DIRECTION('',(0.,1.,0.));
#4856=DIRECTION('center_axis',(0.,0.,-1.));
#4857=DIRECTION('ref_axis',(-1.,0.,0.));
#4858=DIRECTION('center_axis',(0.,0.,-1.));
#4859=DIRECTION('ref_axis',(-1.,0.,0.));
#4860=CARTESIAN_POINT('',(0.,0.,0.));
#4861=CARTESIAN_POINT('Origin',(-0.090189777317959,1.11484972228918,11.784559474584));
#4862=CARTESIAN_POINT('',(-1.18449704683897,0.492571972210326,11.784559474584));
#4863=CARTESIAN_POINT('',(-0.289165664086624,0.0876398151085847,11.784559474584));
#4864=CARTESIAN_POINT('Ctrl Pts',(-1.18449704683897,0.492571972210326,11.784559474584));
#4865=CARTESIAN_POINT('Ctrl Pts',(-1.15500399260479,0.657105164106622,11.784559474584));
#4866=CARTESIAN_POINT('Ctrl Pts',(-1.08786037426173,0.7845838436068,11.784559474584));
#4867=CARTESIAN_POINT('Ctrl Pts',(-0.983066191809785,0.875008010710861,
11.784559474584));
#4868=CARTESIAN_POINT('Ctrl Pts',(-0.878272009357844,0.96543217781492,11.784559474584));
#4869=CARTESIAN_POINT('Ctrl Pts',(-0.747938207529641,1.01064426136695,11.784559474584));
#4870=CARTESIAN_POINT('Ctrl Pts',(-0.592064786325177,1.01064426136695,11.784559474584));
#4871=CARTESIAN_POINT('Ctrl Pts',(-0.484635021488766,1.01064426136695,11.784559474584));
#4872=CARTESIAN_POINT('Ctrl Pts',(-0.385708055518529,0.987269523382435,
11.784559474584));
#4873=CARTESIAN_POINT('Ctrl Pts',(-0.295283888414468,0.940520047413405,
11.784559474584));
#4874=CARTESIAN_POINT('Ctrl Pts',(-0.204859721310407,0.893770571444372,
11.784559474584));
#4875=CARTESIAN_POINT('Ctrl Pts',(-0.135676756139277,0.830015559024202,
11.784559474584));
#4876=CARTESIAN_POINT('Ctrl Pts',(-0.0877349929010802,0.749255010152895,
11.784559474584));
#4877=CARTESIAN_POINT('Ctrl Pts',(-0.0397932296628829,0.668494461281588,
11.784559474584));
#4878=CARTESIAN_POINT('Ctrl Pts',(-0.0158223480437843,0.582745254030672,
11.784559474584));
#4879=CARTESIAN_POINT('Ctrl Pts',(-0.0158223480437845,0.492007388400148,
11.784559474584));
#4880=CARTESIAN_POINT('Ctrl Pts',(-0.0158223480437847,0.405787418875295,
11.784559474584));
#4881=CARTESIAN_POINT('Ctrl Pts',(-0.0388205742590907,0.327285879338036,
11.784559474584));
#4882=CARTESIAN_POINT('Ctrl Pts',(-0.0848170266897026,0.25650276978837,
11.784559474584));
#4883=CARTESIAN_POINT('Ctrl Pts',(-0.130813479120314,0.185719660238705,
11.784559474584));
#4884=CARTESIAN_POINT('Ctrl Pts',(-0.198929691585955,0.129432008678776,
11.784559474584));
#4885=CARTESIAN_POINT('Ctrl Pts',(-0.289165664086624,0.0876398151085847,
11.784559474584));
#4886=CARTESIAN_POINT('',(-1.20859343238113,-0.471283449476421,11.784559474584));
#4887=CARTESIAN_POINT('Ctrl Pts',(-0.289165664086624,0.0876398151085847,
11.784559474584));
#4888=CARTESIAN_POINT('Ctrl Pts',(-0.171946715813177,0.0605313354127356,
11.784559474584));
#4889=CARTESIAN_POINT('Ctrl Pts',(-0.0790124702477152,0.00421230787203941,
11.784559474584));
#4890=CARTESIAN_POINT('Ctrl Pts',(-0.0103629273902395,-0.0813172675135037,
11.784559474584));
#4891=CARTESIAN_POINT('Ctrl Pts',(0.058286615467236,-0.166846842899047,
11.784559474584));
#4892=CARTESIAN_POINT('Ctrl Pts',(0.0926113868959737,-0.273868658704268,
11.784559474584));
#4893=CARTESIAN_POINT('Ctrl Pts',(0.0926113868959737,-0.402382714929168,
11.784559474584));
#4894=CARTESIAN_POINT('Ctrl Pts',(0.0926113868959737,-0.576203074570219,
11.784559474584));
#4895=CARTESIAN_POINT('Ctrl Pts',(0.0293583901680842,-0.723511098150004,
11.784559474584));
#4896=CARTESIAN_POINT('Ctrl Pts',(-0.097147603287695,-0.844306785668523,
11.784559474584));
#4897=CARTESIAN_POINT('Ctrl Pts',(-0.223653596743474,-0.965102473187041,
11.784559474584));
#4898=CARTESIAN_POINT('Ctrl Pts',(-0.383605895447714,-1.0255003169463,11.784559474584));
#4899=CARTESIAN_POINT('Ctrl Pts',(-0.577004499400414,-1.0255003169463,11.784559474584));
#4900=CARTESIAN_POINT('Ctrl Pts',(-0.75132675217132,-1.0255003169463,11.784559474584));
#4901=CARTESIAN_POINT('Ctrl Pts',(-0.896093321308935,-0.974044474502749,
11.784559474584));
#4902=CARTESIAN_POINT('Ctrl Pts',(-1.01130420681326,-0.871132789615645,
11.784559474584));
#4903=CARTESIAN_POINT('Ctrl Pts',(-1.12651509231759,-0.768221104728543,
11.784559474584));
#4904=CARTESIAN_POINT('Ctrl Pts',(-1.19227816750688,-0.634937991348801,
11.784559474584));
#4905=CARTESIAN_POINT('Ctrl Pts',(-1.20859343238113,-0.471283449476421,
11.784559474584));
#4906=CARTESIAN_POINT('',(-0.967629576959448,-0.435138871163168,11.784559474584));
#4907=CARTESIAN_POINT('',(-1.20859343238113,-0.471283449476421,11.784559474584));
#4908=CARTESIAN_POINT('',(-0.724218395037896,-0.0495967024884687,11.784559474584));
#4909=CARTESIAN_POINT('Ctrl Pts',(-0.967629576959448,-0.435138871163168,
11.784559474584));
#4910=CARTESIAN_POINT('Ctrl Pts',(-0.938889546263689,-0.571685055902123,
11.784559474584));
#4911=CARTESIAN_POINT('Ctrl Pts',(-0.890979128365653,-0.670078630199312,
11.784559474584));
#4912=CARTESIAN_POINT('Ctrl Pts',(-0.82389832326534,-0.730319594054734,
11.784559474584));
#4913=CARTESIAN_POINT('Ctrl Pts',(-0.756817518165027,-0.790560557910155,
11.784559474584));
#4914=CARTESIAN_POINT('Ctrl Pts',(-0.67163304792732,-0.820681039837866,
11.784559474584));
#4915=CARTESIAN_POINT('Ctrl Pts',(-0.568344912552219,-0.820681039837866,
11.784559474584));
#4916=CARTESIAN_POINT('Ctrl Pts',(-0.446607945610676,-0.820681039837866,
11.784559474584));
#4917=CARTESIAN_POINT('Ctrl Pts',(-0.346174963204205,-0.781053758300026,
11.784559474584));
#4918=CARTESIAN_POINT('Ctrl Pts',(-0.267045965332808,-0.701799195224347,
11.784559474584));
#4919=CARTESIAN_POINT('Ctrl Pts',(-0.187916967461411,-0.622544632148668,
11.784559474584));
#4920=CARTESIAN_POINT('Ctrl Pts',(-0.148352468525713,-0.524433441678386,
11.784559474584));
#4921=CARTESIAN_POINT('Ctrl Pts',(-0.148352468525713,-0.407465623813503,
11.784559474584));
#4922=CARTESIAN_POINT('Ctrl Pts',(-0.148352468525713,-0.295768848155136,
11.784559474584));
#4923=CARTESIAN_POINT('Ctrl Pts',(-0.185908935332898,-0.203681754070397,
11.784559474584));
#4924=CARTESIAN_POINT('Ctrl Pts',(-0.261021868947267,-0.131204341559286,
11.784559474584));
#4925=CARTESIAN_POINT('Ctrl Pts',(-0.336134802561636,-0.0587269290481753,
11.784559474584));
#4926=CARTESIAN_POINT('Ctrl Pts',(-0.431610410647446,-0.0224882227926199,
11.784559474584));
#4927=CARTESIAN_POINT('Ctrl Pts',(-0.547448693204699,-0.0224882227926198,
11.784559474584));
#4928=CARTESIAN_POINT('Ctrl Pts',(-0.594762936827546,-0.0224882227926198,
11.784559474584));
#4929=CARTESIAN_POINT('Ctrl Pts',(-0.653686170771945,-0.0315243826912361,
11.784559474584));
#4930=CARTESIAN_POINT('Ctrl Pts',(-0.724218395037896,-0.0495967024884688,
11.784559474584));
#4931=CARTESIAN_POINT('',(-0.696356891803627,0.167270767391049,11.784559474584));
#4932=CARTESIAN_POINT('',(-0.724218395037896,-0.0495967024884687,11.784559474584));
#4933=CARTESIAN_POINT('',(-0.943533191417279,0.456427393897073,11.784559474584));
#4934=CARTESIAN_POINT('Ctrl Pts',(-0.696356891803627,0.167270767391049,
11.784559474584));
#4935=CARTESIAN_POINT('Ctrl Pts',(-0.679665115160164,0.165388331107424,
11.784559474584));
#4936=CARTESIAN_POINT('Ctrl Pts',(-0.666424635119915,0.164447112965611,
11.784559474584));
#4937=CARTESIAN_POINT('Ctrl Pts',(-0.656635451682878,0.164447112965611,
11.784559474584));
#4938=CARTESIAN_POINT('Ctrl Pts',(-0.554100339846197,0.164447112965611,
11.784559474584));
#4939=CARTESIAN_POINT('Ctrl Pts',(-0.46182502051746,0.19152415539948,11.784559474584));
#4940=CARTESIAN_POINT('Ctrl Pts',(-0.379809493696665,0.245678240267219,
11.784559474584));
#4941=CARTESIAN_POINT('Ctrl Pts',(-0.29779396687587,0.299832325134957,11.784559474584));
#4942=CARTESIAN_POINT('Ctrl Pts',(-0.256786203465472,0.38325977109029,11.784559474584));
#4943=CARTESIAN_POINT('Ctrl Pts',(-0.256786203465472,0.495960578133217,
11.784559474584));
#4944=CARTESIAN_POINT('Ctrl Pts',(-0.256786203465472,0.585318023172396,
11.784559474584));
#4945=CARTESIAN_POINT('Ctrl Pts',(-0.287157662598717,0.659301452119741,
11.784559474584));
#4946=CARTESIAN_POINT('Ctrl Pts',(-0.347900580865206,0.717910864975252,
11.784559474584));
#4947=CARTESIAN_POINT('Ctrl Pts',(-0.408643499131695,0.776520277830763,
11.784559474584));
#4948=CARTESIAN_POINT('Ctrl Pts',(-0.487082225426207,0.805824984258519,
11.784559474584));
#4949=CARTESIAN_POINT('Ctrl Pts',(-0.583216759748741,0.805824984258519,
11.784559474584));
#4950=CARTESIAN_POINT('Ctrl Pts',(-0.678347385249141,0.805824984258519,
11.784559474584));
#4951=CARTESIAN_POINT('Ctrl Pts',(-0.757664700286356,0.776708533715368,
11.784559474584));
#4952=CARTESIAN_POINT('Ctrl Pts',(-0.821168704860386,0.718475632629067,
11.784559474584));
#4953=CARTESIAN_POINT('Ctrl Pts',(-0.884672709434415,0.660242731542766,
11.784559474584));
#4954=CARTESIAN_POINT('Ctrl Pts',(-0.925460871620046,0.572893318632101,
11.784559474584));
#4955=CARTESIAN_POINT('Ctrl Pts',(-0.943533191417279,0.456427393897073,
11.784559474584));
#4956=CARTESIAN_POINT('',(-0.943533191417279,0.456427393897073,11.784559474584));
#4957=CARTESIAN_POINT('Ctrl Pts',(-0.289165664086624,0.0876398151085847,
11.784559474584));
#4958=CARTESIAN_POINT('Ctrl Pts',(-0.289165664086624,0.0876398151085847,
11.904559474584));
#4959=CARTESIAN_POINT('Ctrl Pts',(-0.113337241676453,0.046977095564811,
11.784559474584));
#4960=CARTESIAN_POINT('Ctrl Pts',(-0.113337241676453,0.046977095564811,
11.904559474584));
#4961=CARTESIAN_POINT('Ctrl Pts',(-0.0103629273902395,-0.0813172675135037,
11.784559474584));
#4962=CARTESIAN_POINT('Ctrl Pts',(-0.0103629273902395,-0.0813172675135037,
11.904559474584));
#4963=CARTESIAN_POINT('Ctrl Pts',(0.0926113868959737,-0.209611630591818,
11.784559474584));
#4964=CARTESIAN_POINT('Ctrl Pts',(0.0926113868959737,-0.209611630591818,
11.904559474584));
#4965=CARTESIAN_POINT('Ctrl Pts',(0.0926113868959737,-0.402382714929168,
11.784559474584));
#4966=CARTESIAN_POINT('Ctrl Pts',(0.0926113868959737,-0.402382714929168,
11.904559474584));
#4967=CARTESIAN_POINT('Ctrl Pts',(0.0926113868959737,-0.663113254390745,
11.784559474584));
#4968=CARTESIAN_POINT('Ctrl Pts',(0.0926113868959737,-0.663113254390745,
11.904559474584));
#4969=CARTESIAN_POINT('Ctrl Pts',(-0.097147603287695,-0.844306785668523,
11.784559474584));
#4970=CARTESIAN_POINT('Ctrl Pts',(-0.097147603287695,-0.844306785668523,
11.904559474584));
#4971=CARTESIAN_POINT('Ctrl Pts',(-0.286906593471364,-1.0255003169463,11.784559474584));
#4972=CARTESIAN_POINT('Ctrl Pts',(-0.286906593471364,-1.0255003169463,11.904559474584));
#4973=CARTESIAN_POINT('Ctrl Pts',(-0.577004499400414,-1.0255003169463,11.784559474584));
#4974=CARTESIAN_POINT('Ctrl Pts',(-0.577004499400414,-1.0255003169463,11.904559474584));
#4975=CARTESIAN_POINT('Ctrl Pts',(-0.838487878556773,-1.0255003169463,11.784559474584));
#4976=CARTESIAN_POINT('Ctrl Pts',(-0.838487878556773,-1.0255003169463,11.904559474584));
#4977=CARTESIAN_POINT('Ctrl Pts',(-1.01130420681326,-0.871132789615645,
11.784559474584));
#4978=CARTESIAN_POINT('Ctrl Pts',(-1.01130420681326,-0.871132789615645,
11.904559474584));
#4979=CARTESIAN_POINT('Ctrl Pts',(-1.18412053506976,-0.716765262284991,
11.784559474584));
#4980=CARTESIAN_POINT('Ctrl Pts',(-1.18412053506976,-0.716765262284991,
11.904559474584));
#4981=CARTESIAN_POINT('Ctrl Pts',(-1.20859343238113,-0.471283449476421,
11.784559474584));
#4982=CARTESIAN_POINT('Ctrl Pts',(-1.20859343238113,-0.471283449476421,
11.904559474584));
#4983=CARTESIAN_POINT('',(-1.20859343238113,-0.471283449476421,11.884559474584));
#4984=CARTESIAN_POINT('',(-1.20859343238113,-0.471283449476421,11.834559474584));
#4985=CARTESIAN_POINT('',(-0.289165664086617,0.0876398151085831,11.884559474584));
#4986=CARTESIAN_POINT('',(-0.289165664086624,0.0876398151085847,11.834559474584));
#4987=CARTESIAN_POINT('Ctrl Pts',(-0.289165664086616,0.087639815108583,
11.884559474584));
#4988=CARTESIAN_POINT('Ctrl Pts',(-0.171946715813173,0.0605313354127332,
11.884559474584));
#4989=CARTESIAN_POINT('Ctrl Pts',(-0.0790124702477137,0.00421230787203762,
11.884559474584));
#4990=CARTESIAN_POINT('Ctrl Pts',(-0.0103629273902395,-0.0813172675135037,
11.884559474584));
#4991=CARTESIAN_POINT('Ctrl Pts',(0.058286615467236,-0.166846842899047,
11.884559474584));
#4992=CARTESIAN_POINT('Ctrl Pts',(0.0926113868959737,-0.273868658704268,
11.884559474584));
#4993=CARTESIAN_POINT('Ctrl Pts',(0.0926113868959737,-0.402382714929168,
11.884559474584));
#4994=CARTESIAN_POINT('Ctrl Pts',(0.0926113868959737,-0.576203074570219,
11.884559474584));
#4995=CARTESIAN_POINT('Ctrl Pts',(0.0293583901680841,-0.723511098150004,
11.884559474584));
#4996=CARTESIAN_POINT('Ctrl Pts',(-0.097147603287695,-0.844306785668523,
11.884559474584));
#4997=CARTESIAN_POINT('Ctrl Pts',(-0.223653596743474,-0.965102473187041,
11.884559474584));
#4998=CARTESIAN_POINT('Ctrl Pts',(-0.383605895447712,-1.0255003169463,11.884559474584));
#4999=CARTESIAN_POINT('Ctrl Pts',(-0.577004499400412,-1.0255003169463,11.884559474584));
#5000=CARTESIAN_POINT('Ctrl Pts',(-0.751326752171318,-1.0255003169463,11.884559474584));
#5001=CARTESIAN_POINT('Ctrl Pts',(-0.896093321308935,-0.974044474502749,
11.884559474584));
#5002=CARTESIAN_POINT('Ctrl Pts',(-1.01130420681326,-0.871132789615645,
11.884559474584));
#5003=CARTESIAN_POINT('Ctrl Pts',(-1.12651509231759,-0.768221104728543,
11.884559474584));
#5004=CARTESIAN_POINT('Ctrl Pts',(-1.19227816750688,-0.634937991348801,
11.884559474584));
#5005=CARTESIAN_POINT('Ctrl Pts',(-1.20859343238113,-0.471283449476421,
11.884559474584));
#5006=CARTESIAN_POINT('Ctrl Pts',(-1.18449704683897,0.492571972210326,11.784559474584));
#5007=CARTESIAN_POINT('Ctrl Pts',(-1.18449704683897,0.492571972210326,11.904559474584));
#5008=CARTESIAN_POINT('Ctrl Pts',(-1.1402574654877,0.739371760054769,11.784559474584));
#5009=CARTESIAN_POINT('Ctrl Pts',(-1.1402574654877,0.739371760054769,11.904559474584));
#5010=CARTESIAN_POINT('Ctrl Pts',(-0.983066191809785,0.875008010710861,
11.784559474584));
#5011=CARTESIAN_POINT('Ctrl Pts',(-0.983066191809785,0.875008010710861,
11.904559474584));
#5012=CARTESIAN_POINT('Ctrl Pts',(-0.825874918131873,1.01064426136695,11.784559474584));
#5013=CARTESIAN_POINT('Ctrl Pts',(-0.825874918131873,1.01064426136695,11.904559474584));
#5014=CARTESIAN_POINT('Ctrl Pts',(-0.592064786325177,1.01064426136695,11.784559474584));
#5015=CARTESIAN_POINT('Ctrl Pts',(-0.592064786325177,1.01064426136695,11.904559474584));
#5016=CARTESIAN_POINT('Ctrl Pts',(-0.43092013907056,1.01064426136695,11.784559474584));
#5017=CARTESIAN_POINT('Ctrl Pts',(-0.43092013907056,1.01064426136695,11.904559474584));
#5018=CARTESIAN_POINT('Ctrl Pts',(-0.295283888414468,0.940520047413405,
11.784559474584));
#5019=CARTESIAN_POINT('Ctrl Pts',(-0.295283888414468,0.940520047413405,
11.904559474584));
#5020=CARTESIAN_POINT('Ctrl Pts',(-0.159647637758376,0.870395833459856,
11.784559474584));
#5021=CARTESIAN_POINT('Ctrl Pts',(-0.159647637758376,0.870395833459856,
11.904559474584));
#5022=CARTESIAN_POINT('Ctrl Pts',(-0.0877349929010802,0.749255010152895,
11.784559474584));
#5023=CARTESIAN_POINT('Ctrl Pts',(-0.0877349929010802,0.749255010152895,
11.904559474584));
#5024=CARTESIAN_POINT('Ctrl Pts',(-0.0158223480437845,0.628114186845935,
11.784559474584));
#5025=CARTESIAN_POINT('Ctrl Pts',(-0.0158223480437845,0.628114186845935,
11.904559474584));
#5026=CARTESIAN_POINT('Ctrl Pts',(-0.0158223480437845,0.492007388400149,
11.784559474584));
#5027=CARTESIAN_POINT('Ctrl Pts',(-0.0158223480437845,0.492007388400149,
11.904559474584));
#5028=CARTESIAN_POINT('Ctrl Pts',(-0.0158223480437845,0.362677434112869,
11.784559474584));
#5029=CARTESIAN_POINT('Ctrl Pts',(-0.0158223480437845,0.362677434112869,
11.904559474584));
#5030=CARTESIAN_POINT('Ctrl Pts',(-0.0848170266897026,0.25650276978837,
11.784559474584));
#5031=CARTESIAN_POINT('Ctrl Pts',(-0.0848170266897026,0.25650276978837,
11.904559474584));
#5032=CARTESIAN_POINT('Ctrl Pts',(-0.15381170533562,0.150328105463872,11.784559474584));
#5033=CARTESIAN_POINT('Ctrl Pts',(-0.15381170533562,0.150328105463872,11.904559474584));
#5034=CARTESIAN_POINT('Ctrl Pts',(-0.289165664086624,0.0876398151085847,
11.784559474584));
#5035=CARTESIAN_POINT('Ctrl Pts',(-0.289165664086624,0.0876398151085847,
11.904559474584));
#5036=CARTESIAN_POINT('',(-1.18449704683897,0.492571972210327,11.884559474584));
#5037=CARTESIAN_POINT('',(-1.18449704683897,0.492571972210326,11.834559474584));
#5038=CARTESIAN_POINT('Ctrl Pts',(-1.18449704683897,0.492571972210326,11.884559474584));
#5039=CARTESIAN_POINT('Ctrl Pts',(-1.15500399260479,0.657105164106621,11.884559474584));
#5040=CARTESIAN_POINT('Ctrl Pts',(-1.08786037426173,0.7845838436068,11.884559474584));
#5041=CARTESIAN_POINT('Ctrl Pts',(-0.983066191809785,0.875008010710861,
11.884559474584));
#5042=CARTESIAN_POINT('Ctrl Pts',(-0.878272009357844,0.96543217781492,11.884559474584));
#5043=CARTESIAN_POINT('Ctrl Pts',(-0.747938207529641,1.01064426136695,11.884559474584));
#5044=CARTESIAN_POINT('Ctrl Pts',(-0.592064786325177,1.01064426136695,11.884559474584));
#5045=CARTESIAN_POINT('Ctrl Pts',(-0.484635021488766,1.01064426136695,11.884559474584));
#5046=CARTESIAN_POINT('Ctrl Pts',(-0.385708055518529,0.987269523382435,
11.884559474584));
#5047=CARTESIAN_POINT('Ctrl Pts',(-0.295283888414468,0.940520047413405,
11.884559474584));
#5048=CARTESIAN_POINT('Ctrl Pts',(-0.204859721310407,0.893770571444372,
11.884559474584));
#5049=CARTESIAN_POINT('Ctrl Pts',(-0.135676756139277,0.830015559024202,
11.884559474584));
#5050=CARTESIAN_POINT('Ctrl Pts',(-0.0877349929010802,0.749255010152895,
11.884559474584));
#5051=CARTESIAN_POINT('Ctrl Pts',(-0.039793229662883,0.668494461281588,
11.884559474584));
#5052=CARTESIAN_POINT('Ctrl Pts',(-0.0158223480437845,0.582745254030673,
11.884559474584));
#5053=CARTESIAN_POINT('Ctrl Pts',(-0.0158223480437845,0.492007388400149,
11.884559474584));
#5054=CARTESIAN_POINT('Ctrl Pts',(-0.0158223480437845,0.405787418875296,
11.884559474584));
#5055=CARTESIAN_POINT('Ctrl Pts',(-0.0388205742590906,0.327285879338036,
11.884559474584));
#5056=CARTESIAN_POINT('Ctrl Pts',(-0.0848170266897026,0.25650276978837,
11.884559474584));
#5057=CARTESIAN_POINT('Ctrl Pts',(-0.130813479120313,0.185719660238706,
11.884559474584));
#5058=CARTESIAN_POINT('Ctrl Pts',(-0.198929691585952,0.129432008678778,
11.884559474584));
#5059=CARTESIAN_POINT('Ctrl Pts',(-0.289165664086619,0.0876398151085869,
11.884559474584));
#5060=CARTESIAN_POINT('Origin',(-0.943533191417279,0.456427393897073,11.784559474584));
#5061=CARTESIAN_POINT('',(-0.943533191417279,0.456427393897073,11.884559474584));
#5062=CARTESIAN_POINT('',(-0.943533191417279,0.456427393897073,11.834559474584));
#5063=CARTESIAN_POINT('',(-1.06401511912812,0.4744996830537,11.884559474584));
#5064=CARTESIAN_POINT('Ctrl Pts',(-0.696356891803627,0.167270767391049,
11.784559474584));
#5065=CARTESIAN_POINT('Ctrl Pts',(-0.696356891803627,0.167270767391049,
11.904559474584));
#5066=CARTESIAN_POINT('Ctrl Pts',(-0.671319226838433,0.164447112965611,
11.784559474584));
#5067=CARTESIAN_POINT('Ctrl Pts',(-0.671319226838433,0.164447112965611,
11.904559474584));
#5068=CARTESIAN_POINT('Ctrl Pts',(-0.656635451682878,0.164447112965611,
11.784559474584));
#5069=CARTESIAN_POINT('Ctrl Pts',(-0.656635451682878,0.164447112965611,
11.904559474584));
#5070=CARTESIAN_POINT('Ctrl Pts',(-0.502832783927857,0.164447112965611,
11.784559474584));
#5071=CARTESIAN_POINT('Ctrl Pts',(-0.502832783927857,0.164447112965611,
11.904559474584));
#5072=CARTESIAN_POINT('Ctrl Pts',(-0.379809493696665,0.245678240267219,
11.784559474584));
#5073=CARTESIAN_POINT('Ctrl Pts',(-0.379809493696665,0.245678240267219,
11.904559474584));
#5074=CARTESIAN_POINT('Ctrl Pts',(-0.256786203465472,0.326909367568826,
11.784559474584));
#5075=CARTESIAN_POINT('Ctrl Pts',(-0.256786203465472,0.326909367568826,
11.904559474584));
#5076=CARTESIAN_POINT('Ctrl Pts',(-0.256786203465472,0.495960578133217,
11.784559474584));
#5077=CARTESIAN_POINT('Ctrl Pts',(-0.256786203465472,0.495960578133217,
11.904559474584));
#5078=CARTESIAN_POINT('Ctrl Pts',(-0.256786203465472,0.629996745691985,
11.784559474584));
#5079=CARTESIAN_POINT('Ctrl Pts',(-0.256786203465472,0.629996745691985,
11.904559474584));
#5080=CARTESIAN_POINT('Ctrl Pts',(-0.347900580865206,0.717910864975252,
11.784559474584));
#5081=CARTESIAN_POINT('Ctrl Pts',(-0.347900580865206,0.717910864975252,
11.904559474584));
#5082=CARTESIAN_POINT('Ctrl Pts',(-0.43901495826494,0.805824984258519,11.784559474584));
#5083=CARTESIAN_POINT('Ctrl Pts',(-0.43901495826494,0.805824984258519,11.904559474584));
#5084=CARTESIAN_POINT('Ctrl Pts',(-0.583216759748742,0.805824984258519,
11.784559474584));
#5085=CARTESIAN_POINT('Ctrl Pts',(-0.583216759748742,0.805824984258519,
11.904559474584));
#5086=CARTESIAN_POINT('Ctrl Pts',(-0.725912697999341,0.805824984258519,
11.784559474584));
#5087=CARTESIAN_POINT('Ctrl Pts',(-0.725912697999341,0.805824984258519,
11.904559474584));
#5088=CARTESIAN_POINT('Ctrl Pts',(-0.821168704860386,0.718475632629067,
11.784559474584));
#5089=CARTESIAN_POINT('Ctrl Pts',(-0.821168704860386,0.718475632629067,
11.904559474584));
#5090=CARTESIAN_POINT('Ctrl Pts',(-0.91642471172143,0.631126280999615,11.784559474584));
#5091=CARTESIAN_POINT('Ctrl Pts',(-0.91642471172143,0.631126280999615,11.904559474584));
#5092=CARTESIAN_POINT('Ctrl Pts',(-0.943533191417279,0.456427393897073,
11.784559474584));
#5093=CARTESIAN_POINT('Ctrl Pts',(-0.943533191417279,0.456427393897073,
11.904559474584));
#5094=CARTESIAN_POINT('',(-0.696356891803627,0.167270767391049,11.884559474584));
#5095=CARTESIAN_POINT('',(-0.696356891803627,0.167270767391049,11.834559474584));
#5096=CARTESIAN_POINT('Ctrl Pts',(-0.696356891803627,0.167270767391049,
11.884559474584));
#5097=CARTESIAN_POINT('Ctrl Pts',(-0.679665115160164,0.165388331107424,
11.884559474584));
#5098=CARTESIAN_POINT('Ctrl Pts',(-0.666424635119915,0.164447112965611,
11.884559474584));
#5099=CARTESIAN_POINT('Ctrl Pts',(-0.656635451682878,0.164447112965611,
11.884559474584));
#5100=CARTESIAN_POINT('Ctrl Pts',(-0.554100339846197,0.164447112965611,
11.884559474584));
#5101=CARTESIAN_POINT('Ctrl Pts',(-0.46182502051746,0.19152415539948,11.884559474584));
#5102=CARTESIAN_POINT('Ctrl Pts',(-0.379809493696665,0.245678240267219,
11.884559474584));
#5103=CARTESIAN_POINT('Ctrl Pts',(-0.29779396687587,0.299832325134957,11.884559474584));
#5104=CARTESIAN_POINT('Ctrl Pts',(-0.256786203465472,0.38325977109029,11.884559474584));
#5105=CARTESIAN_POINT('Ctrl Pts',(-0.256786203465472,0.495960578133217,
11.884559474584));
#5106=CARTESIAN_POINT('Ctrl Pts',(-0.256786203465472,0.585318023172396,
11.884559474584));
#5107=CARTESIAN_POINT('Ctrl Pts',(-0.287157662598717,0.659301452119741,
11.884559474584));
#5108=CARTESIAN_POINT('Ctrl Pts',(-0.347900580865206,0.717910864975252,
11.884559474584));
#5109=CARTESIAN_POINT('Ctrl Pts',(-0.408643499131695,0.776520277830763,
11.884559474584));
#5110=CARTESIAN_POINT('Ctrl Pts',(-0.487082225426207,0.805824984258519,
11.884559474584));
#5111=CARTESIAN_POINT('Ctrl Pts',(-0.583216759748742,0.805824984258519,
11.884559474584));
#5112=CARTESIAN_POINT('Ctrl Pts',(-0.678347385249142,0.805824984258519,
11.884559474584));
#5113=CARTESIAN_POINT('Ctrl Pts',(-0.757664700286356,0.776708533715368,
11.884559474584));
#5114=CARTESIAN_POINT('Ctrl Pts',(-0.821168704860386,0.718475632629067,
11.884559474584));
#5115=CARTESIAN_POINT('Ctrl Pts',(-0.884672709434415,0.660242731542766,
11.884559474584));
#5116=CARTESIAN_POINT('Ctrl Pts',(-0.925460871620046,0.572893318632101,
11.884559474584));
#5117=CARTESIAN_POINT('Ctrl Pts',(-0.943533191417279,0.456427393897073,
11.884559474584));
#5118=CARTESIAN_POINT('Origin',(-0.724218395037896,-0.0495967024884686,
11.784559474584));
#5119=CARTESIAN_POINT('',(-0.724218395037896,-0.0495967024884687,11.884559474584));
#5120=CARTESIAN_POINT('',(-0.724218395037896,-0.0495967024884686,11.834559474584));
#5121=CARTESIAN_POINT('',(-0.710287643420761,0.0588370324512907,11.884559474584));
#5122=CARTESIAN_POINT('Ctrl Pts',(-0.967629576959448,-0.435138871163168,
11.784559474584));
#5123=CARTESIAN_POINT('Ctrl Pts',(-0.967629576959448,-0.435138871163168,
11.904559474584));
#5124=CARTESIAN_POINT('Ctrl Pts',(-0.924519530915809,-0.639958148271601,
11.784559474584));
#5125=CARTESIAN_POINT('Ctrl Pts',(-0.924519530915809,-0.639958148271601,
11.904559474584));
#5126=CARTESIAN_POINT('Ctrl Pts',(-0.82389832326534,-0.730319594054734,
11.784559474584));
#5127=CARTESIAN_POINT('Ctrl Pts',(-0.82389832326534,-0.730319594054734,
11.904559474584));
#5128=CARTESIAN_POINT('Ctrl Pts',(-0.723277115614871,-0.820681039837866,
11.784559474584));
#5129=CARTESIAN_POINT('Ctrl Pts',(-0.723277115614871,-0.820681039837866,
11.904559474584));
#5130=CARTESIAN_POINT('Ctrl Pts',(-0.568344912552219,-0.820681039837866,
11.784559474584));
#5131=CARTESIAN_POINT('Ctrl Pts',(-0.568344912552219,-0.820681039837866,
11.904559474584));
#5132=CARTESIAN_POINT('Ctrl Pts',(-0.385739462139904,-0.820681039837866,
11.784559474584));
#5133=CARTESIAN_POINT('Ctrl Pts',(-0.385739462139904,-0.820681039837866,
11.904559474584));
#5134=CARTESIAN_POINT('Ctrl Pts',(-0.267045965332808,-0.701799195224347,
11.784559474584));
#5135=CARTESIAN_POINT('Ctrl Pts',(-0.267045965332808,-0.701799195224347,
11.904559474584));
#5136=CARTESIAN_POINT('Ctrl Pts',(-0.148352468525713,-0.582917350610828,
11.784559474584));
#5137=CARTESIAN_POINT('Ctrl Pts',(-0.148352468525713,-0.582917350610828,
11.904559474584));
#5138=CARTESIAN_POINT('Ctrl Pts',(-0.148352468525713,-0.407465623813503,
11.784559474584));
#5139=CARTESIAN_POINT('Ctrl Pts',(-0.148352468525713,-0.407465623813503,
11.904559474584));
#5140=CARTESIAN_POINT('Ctrl Pts',(-0.148352468525713,-0.239920460325953,
11.784559474584));
#5141=CARTESIAN_POINT('Ctrl Pts',(-0.148352468525713,-0.239920460325953,
11.904559474584));
#5142=CARTESIAN_POINT('Ctrl Pts',(-0.261021868947267,-0.131204341559286,
11.784559474584));
#5143=CARTESIAN_POINT('Ctrl Pts',(-0.261021868947267,-0.131204341559286,
11.904559474584));
#5144=CARTESIAN_POINT('Ctrl Pts',(-0.37369126936882,-0.0224882227926198,
11.784559474584));
#5145=CARTESIAN_POINT('Ctrl Pts',(-0.37369126936882,-0.0224882227926198,
11.904559474584));
#5146=CARTESIAN_POINT('Ctrl Pts',(-0.547448693204699,-0.0224882227926198,
11.784559474584));
#5147=CARTESIAN_POINT('Ctrl Pts',(-0.547448693204699,-0.0224882227926198,
11.904559474584));
#5148=CARTESIAN_POINT('Ctrl Pts',(-0.61842005863897,-0.0224882227926198,
11.784559474584));
#5149=CARTESIAN_POINT('Ctrl Pts',(-0.61842005863897,-0.0224882227926198,
11.904559474584));
#5150=CARTESIAN_POINT('Ctrl Pts',(-0.724218395037896,-0.0495967024884688,
11.784559474584));
#5151=CARTESIAN_POINT('Ctrl Pts',(-0.724218395037896,-0.0495967024884688,
11.904559474584));
#5152=CARTESIAN_POINT('',(-0.967629576959448,-0.435138871163168,11.884559474584));
#5153=CARTESIAN_POINT('',(-0.967629576959448,-0.435138871163168,11.834559474584));
#5154=CARTESIAN_POINT('Ctrl Pts',(-0.967629576959448,-0.435138871163168,
11.884559474584));
#5155=CARTESIAN_POINT('Ctrl Pts',(-0.938889546263689,-0.571685055902123,
11.884559474584));
#5156=CARTESIAN_POINT('Ctrl Pts',(-0.890979128365653,-0.670078630199312,
11.884559474584));
#5157=CARTESIAN_POINT('Ctrl Pts',(-0.82389832326534,-0.730319594054734,
11.884559474584));
#5158=CARTESIAN_POINT('Ctrl Pts',(-0.756817518165027,-0.790560557910155,
11.884559474584));
#5159=CARTESIAN_POINT('Ctrl Pts',(-0.67163304792732,-0.820681039837866,
11.884559474584));
#5160=CARTESIAN_POINT('Ctrl Pts',(-0.568344912552219,-0.820681039837866,
11.884559474584));
#5161=CARTESIAN_POINT('Ctrl Pts',(-0.446607945610676,-0.820681039837866,
11.884559474584));
#5162=CARTESIAN_POINT('Ctrl Pts',(-0.346174963204205,-0.781053758300026,
11.884559474584));
#5163=CARTESIAN_POINT('Ctrl Pts',(-0.267045965332808,-0.701799195224347,
11.884559474584));
#5164=CARTESIAN_POINT('Ctrl Pts',(-0.187916967461411,-0.622544632148668,
11.884559474584));
#5165=CARTESIAN_POINT('Ctrl Pts',(-0.148352468525713,-0.524433441678386,
11.884559474584));
#5166=CARTESIAN_POINT('Ctrl Pts',(-0.148352468525713,-0.407465623813503,
11.884559474584));
#5167=CARTESIAN_POINT('Ctrl Pts',(-0.148352468525713,-0.295768848155136,
11.884559474584));
#5168=CARTESIAN_POINT('Ctrl Pts',(-0.185908935332898,-0.203681754070397,
11.884559474584));
#5169=CARTESIAN_POINT('Ctrl Pts',(-0.261021868947267,-0.131204341559286,
11.884559474584));
#5170=CARTESIAN_POINT('Ctrl Pts',(-0.336134802561636,-0.0587269290481753,
11.884559474584));
#5171=CARTESIAN_POINT('Ctrl Pts',(-0.431610410647446,-0.0224882227926199,
11.884559474584));
#5172=CARTESIAN_POINT('Ctrl Pts',(-0.547448693204699,-0.0224882227926198,
11.884559474584));
#5173=CARTESIAN_POINT('Ctrl Pts',(-0.594762936827546,-0.0224882227926198,
11.884559474584));
#5174=CARTESIAN_POINT('Ctrl Pts',(-0.653686170771945,-0.0315243826912361,
11.884559474584));
#5175=CARTESIAN_POINT('Ctrl Pts',(-0.724218395037896,-0.0495967024884688,
11.884559474584));
#5176=CARTESIAN_POINT('Origin',(-1.20859343238113,-0.471283449476421,11.784559474584));
#5177=CARTESIAN_POINT('',(-1.08811150467029,-0.453211160319794,11.884559474584));
#5178=CARTESIAN_POINT('Origin',(-0.090189777317959,1.11484972228918,11.884559474584));
#5179=CARTESIAN_POINT('Ctrl Pts',(6.61017575153034,-3.07243981737682,-0.0865741187459038));
#5180=CARTESIAN_POINT('Ctrl Pts',(6.61017575153034,4.33631218320506,-0.0865741187459038));
#5181=CARTESIAN_POINT('Ctrl Pts',(6.61017575153034,-3.07243981737682,5.71066343773916));
#5182=CARTESIAN_POINT('Ctrl Pts',(6.61017575153034,4.33631218320506,5.71066343773916));
#5183=CARTESIAN_POINT('Ctrl Pts',(6.61017575153034,-3.07243981737682,11.5079009942242));
#5184=CARTESIAN_POINT('Ctrl Pts',(6.61017575153034,4.33631218320506,11.5079009942242));
#5185=CARTESIAN_POINT('Ctrl Pts',(6.61017575153034,-3.07243981737682,11.8123641314595));
#5186=CARTESIAN_POINT('Ctrl Pts',(6.61017575153034,4.33631218320506,11.8123641314595));
#5187=CARTESIAN_POINT('Ctrl Pts',(6.30571261429509,-3.07243981737682,11.8123641314595));
#5188=CARTESIAN_POINT('Ctrl Pts',(6.30571261429509,4.33631218320506,11.8123641314595));
#5189=CARTESIAN_POINT('Ctrl Pts',(-4.44089209850063E-16,-3.07243981737682,
11.8123641314595));
#5190=CARTESIAN_POINT('Ctrl Pts',(-4.44089209850063E-16,4.33631218320506,
11.8123641314595));
#5191=CARTESIAN_POINT('Ctrl Pts',(-6.30571261429509,-3.07243981737682,11.8123641314595));
#5192=CARTESIAN_POINT('Ctrl Pts',(-6.30571261429509,4.33631218320506,11.8123641314595));
#5193=CARTESIAN_POINT('Ctrl Pts',(-6.61017575153034,-3.07243981737682,11.8123641314595));
#5194=CARTESIAN_POINT('Ctrl Pts',(-6.61017575153034,4.33631218320506,11.8123641314595));
#5195=CARTESIAN_POINT('Ctrl Pts',(-6.61017575153034,-3.07243981737682,11.5079009942242));
#5196=CARTESIAN_POINT('Ctrl Pts',(-6.61017575153034,4.33631218320506,11.5079009942242));
#5197=CARTESIAN_POINT('',(-6.61017575153034,3.10152018310808,11.5079009942242));
#5198=CARTESIAN_POINT('',(-6.61017575153034,-3.07243981737682,11.5079009942242));
#5199=CARTESIAN_POINT('',(-6.61017575153034,0.0145401828656301,11.5079009942242));
#5200=CARTESIAN_POINT('',(6.61017575153034,-3.07243981737682,-0.0865741187459038));
#5201=CARTESIAN_POINT('Ctrl Pts',(-6.61017575153034,-3.07243981737682,11.5079009942242));
#5202=CARTESIAN_POINT('Ctrl Pts',(-6.61017575153034,-3.07243981737682,11.8123641314595));
#5203=CARTESIAN_POINT('Ctrl Pts',(-6.30571261429509,-3.07243981737682,11.8123641314595));
#5204=CARTESIAN_POINT('Ctrl Pts',(-4.44089209850063E-16,-3.07243981737682,
11.8123641314595));
#5205=CARTESIAN_POINT('Ctrl Pts',(6.30571261429509,-3.07243981737682,11.8123641314595));
#5206=CARTESIAN_POINT('Ctrl Pts',(6.61017575153034,-3.07243981737682,11.8123641314595));
#5207=CARTESIAN_POINT('Ctrl Pts',(6.61017575153034,-3.07243981737682,11.5079009942242));
#5208=CARTESIAN_POINT('Ctrl Pts',(6.61017575153034,-3.07243981737682,5.71066343773916));
#5209=CARTESIAN_POINT('Ctrl Pts',(6.61017575153034,-3.07243981737682,-0.0865741187459038));
#5210=CARTESIAN_POINT('',(6.61017575153034,3.10152018310808,-0.0865741187459038));
#5211=CARTESIAN_POINT('',(6.61017575153034,0.0145401828656301,-0.0865741187459038));
#5212=CARTESIAN_POINT('Ctrl Pts',(6.61017575153034,3.10152018310808,-0.0865741187459038));
#5213=CARTESIAN_POINT('Ctrl Pts',(6.61017575153034,3.10152018310808,5.71066343773916));
#5214=CARTESIAN_POINT('Ctrl Pts',(6.61017575153034,3.10152018310808,11.5079009942242));
#5215=CARTESIAN_POINT('Ctrl Pts',(6.61017575153034,3.10152018310808,11.8123641314595));
#5216=CARTESIAN_POINT('Ctrl Pts',(6.30571261429509,3.10152018310808,11.8123641314595));
#5217=CARTESIAN_POINT('Ctrl Pts',(-4.44089209850063E-16,3.10152018310808,
11.8123641314595));
#5218=CARTESIAN_POINT('Ctrl Pts',(-6.30571261429509,3.10152018310808,11.8123641314595));
#5219=CARTESIAN_POINT('Ctrl Pts',(-6.61017575153034,3.10152018310808,11.8123641314595));
#5220=CARTESIAN_POINT('Ctrl Pts',(-6.61017575153034,3.10152018310808,11.5079009942242));
#5221=CARTESIAN_POINT('Origin',(-6.61017575153035,-3.07243981737682,11.8123641314595));
#5222=CARTESIAN_POINT('Ctrl Pts',(-6.61017575153034,-3.07243981737682,11.5079009942242));
#5223=CARTESIAN_POINT('Ctrl Pts',(-6.61017575153035,-3.07243981737682,5.71066343773916));
#5224=CARTESIAN_POINT('Ctrl Pts',(-6.61017575153035,-3.07243981737682,-0.0865741187459038));
#5225=CARTESIAN_POINT('Ctrl Pts',(-6.61017575153035,-3.07243981737682,-0.391037255981154));
#5226=CARTESIAN_POINT('Ctrl Pts',(-6.3057126142951,-3.07243981737682,-0.391037255981156));
#5227=CARTESIAN_POINT('Ctrl Pts',(-1.77635683940025E-15,-3.07243981737682,
-0.391037255981156));
#5228=CARTESIAN_POINT('Ctrl Pts',(6.30571261429509,-3.07243981737682,-0.391037255981156));
#5229=CARTESIAN_POINT('Ctrl Pts',(6.61017575153035,-3.07243981737682,-0.391037255981156));
#5230=CARTESIAN_POINT('Ctrl Pts',(6.61017575153034,-3.07243981737682,-0.0865741187459038));
#5231=CARTESIAN_POINT('',(-6.51327692234496,-3.07243981737682,11.4041137134452));
#5232=CARTESIAN_POINT('',(6.51327692234496,-3.07243981737682,-0.0203975278070674));
#5233=CARTESIAN_POINT('Ctrl Pts',(-6.51327692234496,-3.07243981737682,11.4041137134452));
#5234=CARTESIAN_POINT('Ctrl Pts',(-6.51327692234496,-3.07243981737682,11.7041137134452));
#5235=CARTESIAN_POINT('Ctrl Pts',(-6.21327692234496,-3.07243981737682,11.7041137134452));
#5236=CARTESIAN_POINT('Ctrl Pts',(-4.44089209850063E-16,-3.07243981737682,
11.7041137134452));
#5237=CARTESIAN_POINT('Ctrl Pts',(6.21327692234495,-3.07243981737682,11.7041137134452));
#5238=CARTESIAN_POINT('Ctrl Pts',(6.51327692234495,-3.07243981737682,11.7041137134452));
#5239=CARTESIAN_POINT('Ctrl Pts',(6.51327692234495,-3.07243981737682,11.4041137134452));
#5240=CARTESIAN_POINT('Ctrl Pts',(6.51327692234496,-3.07243981737682,5.69185809281904));
#5241=CARTESIAN_POINT('Ctrl Pts',(6.51327692234496,-3.07243981737682,-0.0203975278070674));
#5242=CARTESIAN_POINT('Ctrl Pts',(6.51327692234496,-3.07243981737682,-0.0203975278070674));
#5243=CARTESIAN_POINT('Ctrl Pts',(6.51327692234496,-3.07243981737682,-0.320397527807069));
#5244=CARTESIAN_POINT('Ctrl Pts',(6.21327692234496,-3.07243981737682,-0.320397527807069));
#5245=CARTESIAN_POINT('Ctrl Pts',(-1.77635683940025E-15,-3.07243981737682,
-0.320397527807069));
#5246=CARTESIAN_POINT('Ctrl Pts',(-6.21327692234496,-3.07243981737682,-0.320397527807069));
#5247=CARTESIAN_POINT('Ctrl Pts',(-6.51327692234496,-3.07243981737682,-0.320397527807067));
#5248=CARTESIAN_POINT('Ctrl Pts',(-6.51327692234496,-3.07243981737682,-0.0203975278070674));
#5249=CARTESIAN_POINT('Ctrl Pts',(-6.51327692234496,-3.07243981737682,5.69185809281904));
#5250=CARTESIAN_POINT('Ctrl Pts',(-6.51327692234496,-3.07243981737682,11.4041137134452));
#5251=CARTESIAN_POINT('Ctrl Pts',(-6.61017575153034,-3.07243981737682,11.5079009942242));
#5252=CARTESIAN_POINT('Ctrl Pts',(-6.61017575153034,4.33631218320506,11.5079009942242));
#5253=CARTESIAN_POINT('Ctrl Pts',(-6.61017575153035,-3.07243981737682,5.71066343773916));
#5254=CARTESIAN_POINT('Ctrl Pts',(-6.61017575153035,4.33631218320506,5.71066343773916));
#5255=CARTESIAN_POINT('Ctrl Pts',(-6.61017575153035,-3.07243981737682,-0.0865741187459038));
#5256=CARTESIAN_POINT('Ctrl Pts',(-6.61017575153035,4.33631218320506,-0.0865741187459038));
#5257=CARTESIAN_POINT('Ctrl Pts',(-6.61017575153035,-3.07243981737682,-0.391037255981154));
#5258=CARTESIAN_POINT('Ctrl Pts',(-6.61017575153035,4.33631218320506,-0.391037255981154));
#5259=CARTESIAN_POINT('Ctrl Pts',(-6.3057126142951,-3.07243981737682,-0.391037255981156));
#5260=CARTESIAN_POINT('Ctrl Pts',(-6.3057126142951,4.33631218320506,-0.391037255981156));
#5261=CARTESIAN_POINT('Ctrl Pts',(-1.77635683940025E-15,-3.07243981737682,
-0.391037255981156));
#5262=CARTESIAN_POINT('Ctrl Pts',(-1.77635683940025E-15,4.33631218320506,
-0.391037255981156));
#5263=CARTESIAN_POINT('Ctrl Pts',(6.30571261429509,-3.07243981737682,-0.391037255981156));
#5264=CARTESIAN_POINT('Ctrl Pts',(6.30571261429509,4.33631218320506,-0.391037255981156));
#5265=CARTESIAN_POINT('Ctrl Pts',(6.61017575153035,-3.07243981737682,-0.391037255981156));
#5266=CARTESIAN_POINT('Ctrl Pts',(6.61017575153035,4.33631218320506,-0.391037255981156));
#5267=CARTESIAN_POINT('Ctrl Pts',(6.61017575153034,-3.07243981737682,-0.0865741187459038));
#5268=CARTESIAN_POINT('Ctrl Pts',(6.61017575153034,4.33631218320506,-0.0865741187459038));
#5269=CARTESIAN_POINT('Ctrl Pts',(-6.61017575153034,3.10152018310808,11.5079009942242));
#5270=CARTESIAN_POINT('Ctrl Pts',(-6.61017575153035,3.10152018310808,5.71066343773916));
#5271=CARTESIAN_POINT('Ctrl Pts',(-6.61017575153035,3.10152018310808,-0.0865741187459038));
#5272=CARTESIAN_POINT('Ctrl Pts',(-6.61017575153035,3.10152018310808,-0.391037255981154));
#5273=CARTESIAN_POINT('Ctrl Pts',(-6.3057126142951,3.10152018310808,-0.391037255981156));
#5274=CARTESIAN_POINT('Ctrl Pts',(-1.77635683940025E-15,3.10152018310808,
-0.391037255981156));
#5275=CARTESIAN_POINT('Ctrl Pts',(6.30571261429509,3.10152018310808,-0.391037255981156));
#5276=CARTESIAN_POINT('Ctrl Pts',(6.61017575153035,3.10152018310808,-0.391037255981156));
#5277=CARTESIAN_POINT('Ctrl Pts',(6.61017575153034,3.10152018310808,-0.0865741187459038));
#5278=CARTESIAN_POINT('Origin',(-6.61017575153035,3.10152018310808,11.8123641314595));
#5279=CARTESIAN_POINT('',(-6.51327692234496,3.10152018310808,11.4041137134452));
#5280=CARTESIAN_POINT('',(6.51327692234496,3.10152018310808,-0.0203975278070673));
#5281=CARTESIAN_POINT('Ctrl Pts',(-6.51327692234496,3.10152018310808,11.4041137134452));
#5282=CARTESIAN_POINT('Ctrl Pts',(-6.51327692234496,3.10152018310808,5.69185809281904));
#5283=CARTESIAN_POINT('Ctrl Pts',(-6.51327692234496,3.10152018310808,-0.0203975278070674));
#5284=CARTESIAN_POINT('Ctrl Pts',(-6.51327692234496,3.10152018310808,-0.320397527807067));
#5285=CARTESIAN_POINT('Ctrl Pts',(-6.21327692234496,3.10152018310808,-0.320397527807069));
#5286=CARTESIAN_POINT('Ctrl Pts',(-1.77635683940025E-15,3.10152018310808,
-0.320397527807069));
#5287=CARTESIAN_POINT('Ctrl Pts',(6.21327692234496,3.10152018310808,-0.320397527807069));
#5288=CARTESIAN_POINT('Ctrl Pts',(6.51327692234496,3.10152018310808,-0.320397527807069));
#5289=CARTESIAN_POINT('Ctrl Pts',(6.51327692234496,3.10152018310808,-0.0203975278070673));
#5290=CARTESIAN_POINT('Ctrl Pts',(6.51327692234496,3.10152018310808,-0.0203975278070673));
#5291=CARTESIAN_POINT('Ctrl Pts',(6.51327692234496,3.10152018310808,5.69185809281904));
#5292=CARTESIAN_POINT('Ctrl Pts',(6.51327692234495,3.10152018310808,11.4041137134452));
#5293=CARTESIAN_POINT('Ctrl Pts',(6.51327692234495,3.10152018310808,11.7041137134452));
#5294=CARTESIAN_POINT('Ctrl Pts',(6.21327692234495,3.10152018310808,11.7041137134452));
#5295=CARTESIAN_POINT('Ctrl Pts',(-4.44089209850063E-16,3.10152018310808,
11.7041137134452));
#5296=CARTESIAN_POINT('Ctrl Pts',(-6.21327692234496,3.10152018310808,11.7041137134452));
#5297=CARTESIAN_POINT('Ctrl Pts',(-6.51327692234496,3.10152018310808,11.7041137134452));
#5298=CARTESIAN_POINT('Ctrl Pts',(-6.51327692234496,3.10152018310808,11.4041137134452));
#5299=CARTESIAN_POINT('Ctrl Pts',(6.51327692234496,-3.07243981737682,-0.0203975278070674));
#5300=CARTESIAN_POINT('Ctrl Pts',(6.51327692234496,4.33631218320506,-0.0203975278070674));
#5301=CARTESIAN_POINT('Ctrl Pts',(6.51327692234496,-3.07243981737682,-0.320397527807069));
#5302=CARTESIAN_POINT('Ctrl Pts',(6.51327692234496,4.33631218320506,-0.320397527807069));
#5303=CARTESIAN_POINT('Ctrl Pts',(6.21327692234496,-3.07243981737682,-0.320397527807069));
#5304=CARTESIAN_POINT('Ctrl Pts',(6.21327692234496,4.33631218320506,-0.320397527807069));
#5305=CARTESIAN_POINT('Ctrl Pts',(-1.77635683940025E-15,-3.07243981737682,
-0.320397527807069));
#5306=CARTESIAN_POINT('Ctrl Pts',(-1.77635683940025E-15,4.33631218320506,
-0.320397527807069));
#5307=CARTESIAN_POINT('Ctrl Pts',(-6.21327692234496,-3.07243981737682,-0.320397527807069));
#5308=CARTESIAN_POINT('Ctrl Pts',(-6.21327692234496,4.33631218320506,-0.320397527807069));
#5309=CARTESIAN_POINT('Ctrl Pts',(-6.51327692234496,-3.07243981737682,-0.320397527807067));
#5310=CARTESIAN_POINT('Ctrl Pts',(-6.51327692234496,4.33631218320506,-0.320397527807067));
#5311=CARTESIAN_POINT('Ctrl Pts',(-6.51327692234496,-3.07243981737682,-0.0203975278070674));
#5312=CARTESIAN_POINT('Ctrl Pts',(-6.51327692234496,4.33631218320506,-0.0203975278070674));
#5313=CARTESIAN_POINT('Ctrl Pts',(-6.51327692234496,-3.07243981737682,5.69185809281904));
#5314=CARTESIAN_POINT('Ctrl Pts',(-6.51327692234496,4.33631218320506,5.69185809281904));
#5315=CARTESIAN_POINT('Ctrl Pts',(-6.51327692234496,-3.07243981737682,11.4041137134452));
#5316=CARTESIAN_POINT('Ctrl Pts',(-6.51327692234496,4.33631218320506,11.4041137134452));
#5317=CARTESIAN_POINT('',(-6.51327692234496,0.0145401828656301,11.4041137134452));
#5318=CARTESIAN_POINT('',(6.51327692234496,0.0145401828656301,-0.0203975278070674));
#5319=CARTESIAN_POINT('Ctrl Pts',(-6.51327692234496,-3.07243981737682,11.4041137134452));
#5320=CARTESIAN_POINT('Ctrl Pts',(-6.51327692234496,4.33631218320506,11.4041137134452));
#5321=CARTESIAN_POINT('Ctrl Pts',(-6.51327692234496,-3.07243981737682,11.7041137134452));
#5322=CARTESIAN_POINT('Ctrl Pts',(-6.51327692234496,4.33631218320506,11.7041137134452));
#5323=CARTESIAN_POINT('Ctrl Pts',(-6.21327692234496,-3.07243981737682,11.7041137134452));
#5324=CARTESIAN_POINT('Ctrl Pts',(-6.21327692234496,4.33631218320506,11.7041137134452));
#5325=CARTESIAN_POINT('Ctrl Pts',(-4.44089209850063E-16,-3.07243981737682,
11.7041137134452));
#5326=CARTESIAN_POINT('Ctrl Pts',(-4.44089209850063E-16,4.33631218320506,
11.7041137134452));
#5327=CARTESIAN_POINT('Ctrl Pts',(6.21327692234495,-3.07243981737682,11.7041137134452));
#5328=CARTESIAN_POINT('Ctrl Pts',(6.21327692234495,4.33631218320506,11.7041137134452));
#5329=CARTESIAN_POINT('Ctrl Pts',(6.51327692234495,-3.07243981737682,11.7041137134452));
#5330=CARTESIAN_POINT('Ctrl Pts',(6.51327692234495,4.33631218320506,11.7041137134452));
#5331=CARTESIAN_POINT('Ctrl Pts',(6.51327692234495,-3.07243981737682,11.4041137134452));
#5332=CARTESIAN_POINT('Ctrl Pts',(6.51327692234495,4.33631218320506,11.4041137134452));
#5333=CARTESIAN_POINT('Ctrl Pts',(6.51327692234496,-3.07243981737682,5.69185809281904));
#5334=CARTESIAN_POINT('Ctrl Pts',(6.51327692234496,4.33631218320506,5.69185809281904));
#5335=CARTESIAN_POINT('Ctrl Pts',(6.51327692234496,-3.07243981737682,-0.0203975278070673));
#5336=CARTESIAN_POINT('Ctrl Pts',(6.51327692234496,4.33631218320506,-0.0203975278070673));
#5337=CARTESIAN_POINT('Origin',(-2.5,-4.35,0.326108797580222));
#5338=CARTESIAN_POINT('',(-2.25,-4.35,-4.67389120241978));
#5339=CARTESIAN_POINT('Origin',(-2.5,-4.35,-4.67389120241978));
#5340=CARTESIAN_POINT('',(-2.25,-4.35,0.326108797580222));
#5341=CARTESIAN_POINT('',(-2.25,-4.35,0.326108797580222));
#5342=CARTESIAN_POINT('Origin',(-2.5,-4.35,0.326108797580222));
#5343=CARTESIAN_POINT('Origin',(-2.75,-4.6,0.326108797580222));
#5344=CARTESIAN_POINT('Origin',(-2.75,-4.6,-4.67389120241978));
#5345=CARTESIAN_POINT('Origin',(0.333575242317661,-1.0255003169463,11.784559474584));
#5346=CARTESIAN_POINT('',(0.333575242317661,-0.00818095940627506,11.784559474584));
#5347=CARTESIAN_POINT('',(0.530864467885531,-0.82482248545554,11.784559474584));
#5348=CARTESIAN_POINT('Ctrl Pts',(0.333575242317661,-0.00818095940627506,
11.784559474584));
#5349=CARTESIAN_POINT('Ctrl Pts',(0.333575242317661,0.227637357731966,11.784559474584));
#5350=CARTESIAN_POINT('Ctrl Pts',(0.357859883744435,0.418400409940801,11.784559474584));
#5351=CARTESIAN_POINT('Ctrl Pts',(0.406429166597982,0.564108197220231,11.784559474584));
#5352=CARTESIAN_POINT('Ctrl Pts',(0.454998449451529,0.709815984499661,11.784559474584));
#5353=CARTESIAN_POINT('Ctrl Pts',(0.527130756814804,0.820665608677305,11.784559474584));
#5354=CARTESIAN_POINT('Ctrl Pts',(0.622826088687806,0.896657069753164,11.784559474584));
#5355=CARTESIAN_POINT('Ctrl Pts',(0.718521420560808,0.972648530829021,11.784559474584));
#5356=CARTESIAN_POINT('Ctrl Pts',(0.838971941650278,1.01064426136695,11.784559474584));
#5357=CARTESIAN_POINT('Ctrl Pts',(0.984177651956215,1.01064426136695,11.784559474584));
#5358=CARTESIAN_POINT('Ctrl Pts',(1.09123090502342,1.01064426136695,11.784559474584));
#5359=CARTESIAN_POINT('Ctrl Pts',(1.18614183737723,0.989120675607111,11.784559474584));
#5360=CARTESIAN_POINT('Ctrl Pts',(1.26891044901766,0.946073504087434,11.784559474584));
#5361=CARTESIAN_POINT('Ctrl Pts',(1.35167906065809,0.903026332567755,11.784559474584));
#5362=CARTESIAN_POINT('Ctrl Pts',(1.4183833846298,0.84090284050689,11.784559474584));
#5363=CARTESIAN_POINT('Ctrl Pts',(1.46902342093279,0.759703027904837,11.784559474584));
#5364=CARTESIAN_POINT('Ctrl Pts',(1.51966345723578,0.678503215302785,11.784559474584));
#5365=CARTESIAN_POINT('Ctrl Pts',(1.55994957308852,0.579639001294084,11.784559474584));
#5366=CARTESIAN_POINT('Ctrl Pts',(1.58988176849102,0.463110385878733,11.784559474584));
#5367=CARTESIAN_POINT('Ctrl Pts',(1.61981396389352,0.346581770463383,11.784559474584));
#5368=CARTESIAN_POINT('Ctrl Pts',(1.63478006159477,0.18948465536838,11.784559474584));
#5369=CARTESIAN_POINT('Ctrl Pts',(1.63478006159477,-0.00818095940627511,
11.784559474584));
#5370=CARTESIAN_POINT('Ctrl Pts',(1.63478006159477,-0.242116717698466,11.784559474584));
#5371=CARTESIAN_POINT('Ctrl Pts',(1.61074642801414,-0.431938521124882,11.784559474584));
#5372=CARTESIAN_POINT('Ctrl Pts',(1.56267916085287,-0.577646369685524,11.784559474584));
#5373=CARTESIAN_POINT('Ctrl Pts',(1.5146118936916,-0.723354218246167,11.784559474584));
#5374=CARTESIAN_POINT('Ctrl Pts',(1.44269924883431,-0.83442350492979,11.784559474584));
#5375=CARTESIAN_POINT('Ctrl Pts',(1.34694122628098,-0.910854229736394,11.784559474584));
#5376=CARTESIAN_POINT('Ctrl Pts',(1.25118320372765,-0.987284954542998,11.784559474584));
#5377=CARTESIAN_POINT('Ctrl Pts',(1.13026201228606,-1.0255003169463,11.784559474584));
#5378=CARTESIAN_POINT('Ctrl Pts',(0.984177651956215,-1.0255003169463,11.784559474584));
#5379=CARTESIAN_POINT('Ctrl Pts',(0.791783079388076,-1.0255003169463,11.784559474584));
#5380=CARTESIAN_POINT('Ctrl Pts',(0.640678684697848,-0.95860770644938,11.784559474584));
#5381=CARTESIAN_POINT('Ctrl Pts',(0.530864467885531,-0.82482248545554,11.784559474584));
#5382=CARTESIAN_POINT('Ctrl Pts',(0.530864467885531,-0.82482248545554,11.784559474584));
#5383=CARTESIAN_POINT('Ctrl Pts',(0.333575242317661,-0.569927878416718,
11.784559474584));
#5384=CARTESIAN_POINT('Ctrl Pts',(0.333575242317661,-0.00818095940627506,
11.784559474584));
#5385=CARTESIAN_POINT('',(0.574539097739347,-0.00742793586785495,11.784559474584));
#5386=CARTESIAN_POINT('',(0.701609981411367,0.663505741620767,11.784559474584));
#5387=CARTESIAN_POINT('Ctrl Pts',(0.574539097739347,-0.00742793586785495,
11.784559474584));
#5388=CARTESIAN_POINT('Ctrl Pts',(0.574539097739347,-0.33762373240565,11.784559474584));
#5389=CARTESIAN_POINT('Ctrl Pts',(0.613915371431047,-0.555714865535101,
11.784559474584));
#5390=CARTESIAN_POINT('Ctrl Pts',(0.692667918814446,-0.661701335256207,
11.784559474584));
#5391=CARTESIAN_POINT('Ctrl Pts',(0.771420466197846,-0.767687804977313,
11.784559474584));
#5392=CARTESIAN_POINT('Ctrl Pts',(0.868590377245102,-0.820681039837866,
11.784559474584));
#5393=CARTESIAN_POINT('Ctrl Pts',(0.984177651956215,-0.820681039837866,
11.784559474584));
#5394=CARTESIAN_POINT('Ctrl Pts',(1.09976504922975,-0.820681039837866,11.784559474584));
#5395=CARTESIAN_POINT('Ctrl Pts',(1.19693499091761,-0.767468173111941,11.784559474584));
#5396=CARTESIAN_POINT('Ctrl Pts',(1.2756874770198,-0.66104243966009,11.784559474584));
#5397=CARTESIAN_POINT('Ctrl Pts',(1.35443996312199,-0.554616706208239,11.784559474584));
#5398=CARTESIAN_POINT('Ctrl Pts',(1.39381620617308,-0.33674520494416,11.784559474584));
#5399=CARTESIAN_POINT('Ctrl Pts',(1.39381620617308,-0.00742793586785501,
11.784559474584));
#5400=CARTESIAN_POINT('Ctrl Pts',(1.39381620617308,0.31963026259319,11.784559474584));
#5401=CARTESIAN_POINT('Ctrl Pts',(1.35494197881427,0.536936965562847,11.784559474584));
#5402=CARTESIAN_POINT('Ctrl Pts',(1.27719352409664,0.644492173041116,11.784559474584));
#5403=CARTESIAN_POINT('Ctrl Pts',(1.19944506937901,0.752047380519385,11.784559474584));
#5404=CARTESIAN_POINT('Ctrl Pts',(1.10083189385706,0.805824984258519,11.784559474584));
#5405=CARTESIAN_POINT('Ctrl Pts',(0.981353997530777,0.805824984258519,11.784559474584));
#5406=CARTESIAN_POINT('Ctrl Pts',(0.865766600257239,0.805824984258519,11.784559474584));
#5407=CARTESIAN_POINT('Ctrl Pts',(0.772518594884102,0.758385236712602,11.784559474584));
#5408=CARTESIAN_POINT('Ctrl Pts',(0.701609981411367,0.663505741620767,11.784559474584));
#5409=CARTESIAN_POINT('Ctrl Pts',(0.701609981411367,0.663505741620767,11.784559474584));
#5410=CARTESIAN_POINT('Ctrl Pts',(0.574539097739347,0.481841570631477,11.784559474584));
#5411=CARTESIAN_POINT('Ctrl Pts',(0.574539097739347,-0.00742793586785495,
11.784559474584));
#5412=CARTESIAN_POINT('Ctrl Pts',(0.701609981411367,0.663505741620767,11.784559474584));
#5413=CARTESIAN_POINT('Ctrl Pts',(0.701609981411367,0.663505741620767,11.904559474584));
#5414=CARTESIAN_POINT('Ctrl Pts',(0.574539097739347,0.481841570631477,11.784559474584));
#5415=CARTESIAN_POINT('Ctrl Pts',(0.574539097739347,0.481841570631477,11.904559474584));
#5416=CARTESIAN_POINT('Ctrl Pts',(0.574539097739347,-0.00742793586785495,
11.784559474584));
#5417=CARTESIAN_POINT('Ctrl Pts',(0.574539097739347,-0.00742793586785495,
11.904559474584));
#5418=CARTESIAN_POINT('',(0.574539097739347,-0.00742793586785495,11.884559474584));
#5419=CARTESIAN_POINT('',(0.574539097739347,-0.00742793586785495,11.834559474584));
#5420=CARTESIAN_POINT('',(0.701609981411367,0.663505741620767,11.884559474584));
#5421=CARTESIAN_POINT('',(0.701609981411367,0.663505741620767,11.834559474584));
#5422=CARTESIAN_POINT('Ctrl Pts',(0.574539097739347,-0.00742793586785495,
11.884559474584));
#5423=CARTESIAN_POINT('Ctrl Pts',(0.574539097739347,0.481841570631477,11.884559474584));
#5424=CARTESIAN_POINT('Ctrl Pts',(0.701609981411367,0.663505741620767,11.884559474584));
#5425=CARTESIAN_POINT('Ctrl Pts',(0.574539097739347,-0.00742793586785495,
11.784559474584));
#5426=CARTESIAN_POINT('Ctrl Pts',(0.574539097739347,-0.00742793586785495,
11.904559474584));
#5427=CARTESIAN_POINT('Ctrl Pts',(0.574539097739347,-0.502721630674548,
11.784559474584));
#5428=CARTESIAN_POINT('Ctrl Pts',(0.574539097739347,-0.502721630674548,
11.904559474584));
#5429=CARTESIAN_POINT('Ctrl Pts',(0.692667918814446,-0.661701335256207,
11.784559474584));
#5430=CARTESIAN_POINT('Ctrl Pts',(0.692667918814446,-0.661701335256207,
11.904559474584));
#5431=CARTESIAN_POINT('Ctrl Pts',(0.810796739889546,-0.820681039837866,
11.784559474584));
#5432=CARTESIAN_POINT('Ctrl Pts',(0.810796739889546,-0.820681039837866,
11.904559474584));
#5433=CARTESIAN_POINT('Ctrl Pts',(0.984177651956215,-0.820681039837866,
11.784559474584));
#5434=CARTESIAN_POINT('Ctrl Pts',(0.984177651956215,-0.820681039837866,
11.904559474584));
#5435=CARTESIAN_POINT('Ctrl Pts',(1.15755874786652,-0.820681039837866,11.784559474584));
#5436=CARTESIAN_POINT('Ctrl Pts',(1.15755874786652,-0.820681039837866,11.904559474584));
#5437=CARTESIAN_POINT('Ctrl Pts',(1.2756874770198,-0.66104243966009,11.784559474584));
#5438=CARTESIAN_POINT('Ctrl Pts',(1.2756874770198,-0.66104243966009,11.904559474584));
#5439=CARTESIAN_POINT('Ctrl Pts',(1.39381620617308,-0.501403839482313,11.784559474584));
#5440=CARTESIAN_POINT('Ctrl Pts',(1.39381620617308,-0.501403839482313,11.904559474584));
#5441=CARTESIAN_POINT('Ctrl Pts',(1.39381620617308,-0.00742793586785495,
11.784559474584));
#5442=CARTESIAN_POINT('Ctrl Pts',(1.39381620617308,-0.00742793586785495,
11.904559474584));
#5443=CARTESIAN_POINT('Ctrl Pts',(1.39381620617308,0.483159361823712,11.784559474584));
#5444=CARTESIAN_POINT('Ctrl Pts',(1.39381620617308,0.483159361823712,11.904559474584));
#5445=CARTESIAN_POINT('Ctrl Pts',(1.27719352409664,0.644492173041116,11.784559474584));
#5446=CARTESIAN_POINT('Ctrl Pts',(1.27719352409664,0.644492173041116,11.904559474584));
#5447=CARTESIAN_POINT('Ctrl Pts',(1.1605708420202,0.805824984258519,11.784559474584));
#5448=CARTESIAN_POINT('Ctrl Pts',(1.1605708420202,0.805824984258519,11.904559474584));
#5449=CARTESIAN_POINT('Ctrl Pts',(0.981353997530777,0.805824984258519,11.784559474584));
#5450=CARTESIAN_POINT('Ctrl Pts',(0.981353997530777,0.805824984258519,11.904559474584));
#5451=CARTESIAN_POINT('Ctrl Pts',(0.80797290162047,0.805824984258519,11.784559474584));
#5452=CARTESIAN_POINT('Ctrl Pts',(0.80797290162047,0.805824984258519,11.904559474584));
#5453=CARTESIAN_POINT('Ctrl Pts',(0.701609981411367,0.663505741620767,11.784559474584));
#5454=CARTESIAN_POINT('Ctrl Pts',(0.701609981411367,0.663505741620767,11.904559474584));
#5455=CARTESIAN_POINT('Ctrl Pts',(0.574539097739347,-0.00742793586785495,
11.884559474584));
#5456=CARTESIAN_POINT('Ctrl Pts',(0.574539097739347,-0.33762373240565,11.884559474584));
#5457=CARTESIAN_POINT('Ctrl Pts',(0.613915371431047,-0.555714865535101,
11.884559474584));
#5458=CARTESIAN_POINT('Ctrl Pts',(0.692667918814446,-0.661701335256207,
11.884559474584));
#5459=CARTESIAN_POINT('Ctrl Pts',(0.771420466197846,-0.767687804977313,
11.884559474584));
#5460=CARTESIAN_POINT('Ctrl Pts',(0.868590377245102,-0.820681039837866,
11.884559474584));
#5461=CARTESIAN_POINT('Ctrl Pts',(0.984177651956215,-0.820681039837866,
11.884559474584));
#5462=CARTESIAN_POINT('Ctrl Pts',(1.09976504922975,-0.820681039837866,11.884559474584));
#5463=CARTESIAN_POINT('Ctrl Pts',(1.19693499091761,-0.767468173111941,11.884559474584));
#5464=CARTESIAN_POINT('Ctrl Pts',(1.2756874770198,-0.66104243966009,11.884559474584));
#5465=CARTESIAN_POINT('Ctrl Pts',(1.35443996312199,-0.554616706208239,11.884559474584));
#5466=CARTESIAN_POINT('Ctrl Pts',(1.39381620617308,-0.33674520494416,11.884559474584));
#5467=CARTESIAN_POINT('Ctrl Pts',(1.39381620617308,-0.00742793586785501,
11.884559474584));
#5468=CARTESIAN_POINT('Ctrl Pts',(1.39381620617308,0.31963026259319,11.884559474584));
#5469=CARTESIAN_POINT('Ctrl Pts',(1.35494197881427,0.536936965562847,11.884559474584));
#5470=CARTESIAN_POINT('Ctrl Pts',(1.27719352409664,0.644492173041116,11.884559474584));
#5471=CARTESIAN_POINT('Ctrl Pts',(1.19944506937901,0.752047380519385,11.884559474584));
#5472=CARTESIAN_POINT('Ctrl Pts',(1.10083189385706,0.805824984258519,11.884559474584));
#5473=CARTESIAN_POINT('Ctrl Pts',(0.981353997530777,0.805824984258519,11.884559474584));
#5474=CARTESIAN_POINT('Ctrl Pts',(0.865766600257239,0.805824984258519,11.884559474584));
#5475=CARTESIAN_POINT('Ctrl Pts',(0.772518594884102,0.758385236712602,11.884559474584));
#5476=CARTESIAN_POINT('Ctrl Pts',(0.701609981411367,0.663505741620767,11.884559474584));
#5477=CARTESIAN_POINT('Ctrl Pts',(0.530864467885531,-0.82482248545554,11.784559474584));
#5478=CARTESIAN_POINT('Ctrl Pts',(0.530864467885531,-0.82482248545554,11.904559474584));
#5479=CARTESIAN_POINT('Ctrl Pts',(0.333575242317661,-0.569927878416718,
11.784559474584));
#5480=CARTESIAN_POINT('Ctrl Pts',(0.333575242317661,-0.569927878416718,
11.904559474584));
#5481=CARTESIAN_POINT('Ctrl Pts',(0.333575242317661,-0.00818095940627506,
11.784559474584));
#5482=CARTESIAN_POINT('Ctrl Pts',(0.333575242317661,-0.00818095940627506,
11.904559474584));
#5483=CARTESIAN_POINT('',(0.333575242317661,-0.00818095940627506,11.884559474584));
#5484=CARTESIAN_POINT('',(0.333575242317661,-0.00818095940627506,11.834559474584));
#5485=CARTESIAN_POINT('',(0.530864467885531,-0.82482248545554,11.884559474584));
#5486=CARTESIAN_POINT('',(0.530864467885531,-0.82482248545554,11.834559474584));
#5487=CARTESIAN_POINT('Ctrl Pts',(0.530864467885531,-0.82482248545554,11.884559474584));
#5488=CARTESIAN_POINT('Ctrl Pts',(0.333575242317661,-0.569927878416718,
11.884559474584));
#5489=CARTESIAN_POINT('Ctrl Pts',(0.333575242317661,-0.00818095940627506,
11.884559474584));
#5490=CARTESIAN_POINT('Ctrl Pts',(0.333575242317661,-0.00818095940627506,
11.784559474584));
#5491=CARTESIAN_POINT('Ctrl Pts',(0.333575242317661,-0.00818095940627506,
11.904559474584));
#5492=CARTESIAN_POINT('Ctrl Pts',(0.333575242317661,0.345546516301086,11.784559474584));
#5493=CARTESIAN_POINT('Ctrl Pts',(0.333575242317661,0.345546516301086,11.904559474584));
#5494=CARTESIAN_POINT('Ctrl Pts',(0.406429166597982,0.564108197220231,11.784559474584));
#5495=CARTESIAN_POINT('Ctrl Pts',(0.406429166597982,0.564108197220231,11.904559474584));
#5496=CARTESIAN_POINT('Ctrl Pts',(0.479283090878303,0.782669878139376,11.784559474584));
#5497=CARTESIAN_POINT('Ctrl Pts',(0.479283090878303,0.782669878139376,11.904559474584));
#5498=CARTESIAN_POINT('Ctrl Pts',(0.622826088687806,0.896657069753164,11.784559474584));
#5499=CARTESIAN_POINT('Ctrl Pts',(0.622826088687806,0.896657069753164,11.904559474584));
#5500=CARTESIAN_POINT('Ctrl Pts',(0.766369086497309,1.01064426136695,11.784559474584));
#5501=CARTESIAN_POINT('Ctrl Pts',(0.766369086497309,1.01064426136695,11.904559474584));
#5502=CARTESIAN_POINT('Ctrl Pts',(0.984177651956215,1.01064426136695,11.784559474584));
#5503=CARTESIAN_POINT('Ctrl Pts',(0.984177651956215,1.01064426136695,11.904559474584));
#5504=CARTESIAN_POINT('Ctrl Pts',(1.14475753155702,1.01064426136695,11.784559474584));
#5505=CARTESIAN_POINT('Ctrl Pts',(1.14475753155702,1.01064426136695,11.904559474584));
#5506=CARTESIAN_POINT('Ctrl Pts',(1.26891044901766,0.946073504087434,11.784559474584));
#5507=CARTESIAN_POINT('Ctrl Pts',(1.26891044901766,0.946073504087434,11.904559474584));
#5508=CARTESIAN_POINT('Ctrl Pts',(1.3930633664783,0.881502746807916,11.784559474584));
#5509=CARTESIAN_POINT('Ctrl Pts',(1.3930633664783,0.881502746807916,11.904559474584));
#5510=CARTESIAN_POINT('Ctrl Pts',(1.46902342093279,0.759703027904837,11.784559474584));
#5511=CARTESIAN_POINT('Ctrl Pts',(1.46902342093279,0.759703027904837,11.904559474584));
#5512=CARTESIAN_POINT('Ctrl Pts',(1.54498347538727,0.637903309001759,11.784559474584));
#5513=CARTESIAN_POINT('Ctrl Pts',(1.54498347538727,0.637903309001759,11.904559474584));
#5514=CARTESIAN_POINT('Ctrl Pts',(1.58988176849102,0.463110385878733,11.784559474584));
#5515=CARTESIAN_POINT('Ctrl Pts',(1.58988176849102,0.463110385878733,11.904559474584));
#5516=CARTESIAN_POINT('Ctrl Pts',(1.63478006159477,0.288317462755708,11.784559474584));
#5517=CARTESIAN_POINT('Ctrl Pts',(1.63478006159477,0.288317462755708,11.904559474584));
#5518=CARTESIAN_POINT('Ctrl Pts',(1.63478006159477,-0.00818095940627506,
11.784559474584));
#5519=CARTESIAN_POINT('Ctrl Pts',(1.63478006159477,-0.00818095940627506,
11.904559474584));
#5520=CARTESIAN_POINT('Ctrl Pts',(1.63478006159477,-0.359084596844561,11.784559474584));
#5521=CARTESIAN_POINT('Ctrl Pts',(1.63478006159477,-0.359084596844561,11.904559474584));
#5522=CARTESIAN_POINT('Ctrl Pts',(1.56267916085287,-0.577646369685524,11.784559474584));
#5523=CARTESIAN_POINT('Ctrl Pts',(1.56267916085287,-0.577646369685524,11.904559474584));
#5524=CARTESIAN_POINT('Ctrl Pts',(1.49057826011097,-0.796208142526488,11.784559474584));
#5525=CARTESIAN_POINT('Ctrl Pts',(1.49057826011097,-0.796208142526488,11.904559474584));
#5526=CARTESIAN_POINT('Ctrl Pts',(1.34694122628098,-0.910854229736394,11.784559474584));
#5527=CARTESIAN_POINT('Ctrl Pts',(1.34694122628098,-0.910854229736394,11.904559474584));
#5528=CARTESIAN_POINT('Ctrl Pts',(1.20330419245099,-1.0255003169463,11.784559474584));
#5529=CARTESIAN_POINT('Ctrl Pts',(1.20330419245099,-1.0255003169463,11.904559474584));
#5530=CARTESIAN_POINT('Ctrl Pts',(0.984177651956215,-1.0255003169463,11.784559474584));
#5531=CARTESIAN_POINT('Ctrl Pts',(0.984177651956215,-1.0255003169463,11.904559474584));
#5532=CARTESIAN_POINT('Ctrl Pts',(0.695585793104006,-1.0255003169463,11.784559474584));
#5533=CARTESIAN_POINT('Ctrl Pts',(0.695585793104006,-1.0255003169463,11.904559474584));
#5534=CARTESIAN_POINT('Ctrl Pts',(0.530864467885531,-0.82482248545554,11.784559474584));
#5535=CARTESIAN_POINT('Ctrl Pts',(0.530864467885531,-0.82482248545554,11.904559474584));
#5536=CARTESIAN_POINT('Ctrl Pts',(0.333575242317661,-0.00818095940627506,
11.884559474584));
#5537=CARTESIAN_POINT('Ctrl Pts',(0.333575242317661,0.227637357731966,11.884559474584));
#5538=CARTESIAN_POINT('Ctrl Pts',(0.357859883744435,0.418400409940801,11.884559474584));
#5539=CARTESIAN_POINT('Ctrl Pts',(0.406429166597982,0.564108197220231,11.884559474584));
#5540=CARTESIAN_POINT('Ctrl Pts',(0.454998449451529,0.709815984499661,11.884559474584));
#5541=CARTESIAN_POINT('Ctrl Pts',(0.527130756814804,0.820665608677305,11.884559474584));
#5542=CARTESIAN_POINT('Ctrl Pts',(0.622826088687806,0.896657069753164,11.884559474584));
#5543=CARTESIAN_POINT('Ctrl Pts',(0.718521420560808,0.972648530829021,11.884559474584));
#5544=CARTESIAN_POINT('Ctrl Pts',(0.838971941650278,1.01064426136695,11.884559474584));
#5545=CARTESIAN_POINT('Ctrl Pts',(0.984177651956215,1.01064426136695,11.884559474584));
#5546=CARTESIAN_POINT('Ctrl Pts',(1.09123090502342,1.01064426136695,11.884559474584));
#5547=CARTESIAN_POINT('Ctrl Pts',(1.18614183737723,0.989120675607111,11.884559474584));
#5548=CARTESIAN_POINT('Ctrl Pts',(1.26891044901766,0.946073504087434,11.884559474584));
#5549=CARTESIAN_POINT('Ctrl Pts',(1.35167906065809,0.903026332567755,11.884559474584));
#5550=CARTESIAN_POINT('Ctrl Pts',(1.4183833846298,0.84090284050689,11.884559474584));
#5551=CARTESIAN_POINT('Ctrl Pts',(1.46902342093279,0.759703027904837,11.884559474584));
#5552=CARTESIAN_POINT('Ctrl Pts',(1.51966345723578,0.678503215302785,11.884559474584));
#5553=CARTESIAN_POINT('Ctrl Pts',(1.55994957308852,0.579639001294084,11.884559474584));
#5554=CARTESIAN_POINT('Ctrl Pts',(1.58988176849102,0.463110385878733,11.884559474584));
#5555=CARTESIAN_POINT('Ctrl Pts',(1.61981396389352,0.346581770463383,11.884559474584));
#5556=CARTESIAN_POINT('Ctrl Pts',(1.63478006159477,0.18948465536838,11.884559474584));
#5557=CARTESIAN_POINT('Ctrl Pts',(1.63478006159477,-0.00818095940627511,
11.884559474584));
#5558=CARTESIAN_POINT('Ctrl Pts',(1.63478006159477,-0.242116717698466,11.884559474584));
#5559=CARTESIAN_POINT('Ctrl Pts',(1.61074642801414,-0.431938521124882,11.884559474584));
#5560=CARTESIAN_POINT('Ctrl Pts',(1.56267916085287,-0.577646369685524,11.884559474584));
#5561=CARTESIAN_POINT('Ctrl Pts',(1.5146118936916,-0.723354218246167,11.884559474584));
#5562=CARTESIAN_POINT('Ctrl Pts',(1.44269924883431,-0.83442350492979,11.884559474584));
#5563=CARTESIAN_POINT('Ctrl Pts',(1.34694122628098,-0.910854229736394,11.884559474584));
#5564=CARTESIAN_POINT('Ctrl Pts',(1.25118320372765,-0.987284954542998,11.884559474584));
#5565=CARTESIAN_POINT('Ctrl Pts',(1.13026201228607,-1.0255003169463,11.884559474584));
#5566=CARTESIAN_POINT('Ctrl Pts',(0.984177651956215,-1.0255003169463,11.884559474584));
#5567=CARTESIAN_POINT('Ctrl Pts',(0.791783079388076,-1.0255003169463,11.884559474584));
#5568=CARTESIAN_POINT('Ctrl Pts',(0.640678684697848,-0.95860770644938,11.884559474584));
#5569=CARTESIAN_POINT('Ctrl Pts',(0.530864467885531,-0.82482248545554,11.884559474584));
#5570=CARTESIAN_POINT('Origin',(0.333575242317661,-1.0255003169463,11.884559474584));
#5571=CARTESIAN_POINT('Origin',(1.79140656761887,-0.989355738633047,11.784559474584));
#5572=CARTESIAN_POINT('',(2.91188849532971,-0.519476220560758,11.784559474584));
#5573=CARTESIAN_POINT('',(2.91188849532971,-0.989355738633047,11.784559474584));
#5574=CARTESIAN_POINT('',(2.91188849532971,-0.989355738633047,11.784559474584));
#5575=CARTESIAN_POINT('',(2.67092463990802,-0.989355738633047,11.784559474584));
#5576=CARTESIAN_POINT('',(1.79140656761887,-0.989355738633047,11.784559474584));
#5577=CARTESIAN_POINT('',(2.67092463990802,-0.519476220560758,11.784559474584));
#5578=CARTESIAN_POINT('',(2.67092463990802,-0.989355738633047,11.784559474584));
#5579=CARTESIAN_POINT('',(1.79140656761887,-0.519476220560758,11.784559474584));
#5580=CARTESIAN_POINT('',(1.79140656761887,-0.519476220560758,11.784559474584));
#5581=CARTESIAN_POINT('',(1.79140656761887,-0.290560557910156,11.784559474584));
#5582=CARTESIAN_POINT('',(1.79140656761887,-0.989355738633047,11.784559474584));
#5583=CARTESIAN_POINT('',(2.71911741099236,0.998596068595868,11.784559474584));
#5584=CARTESIAN_POINT('',(1.79140656761887,-0.290560557910156,11.784559474584));
#5585=CARTESIAN_POINT('',(2.91188849532971,0.998596068595869,11.784559474584));
#5586=CARTESIAN_POINT('',(1.79140656761887,0.998596068595869,11.784559474584));
#5587=CARTESIAN_POINT('',(2.91188849532971,-0.290560557910156,11.784559474584));
#5588=CARTESIAN_POINT('',(2.91188849532971,-0.989355738633047,11.784559474584));
#5589=CARTESIAN_POINT('',(3.17694873629356,-0.290560557910156,11.784559474584));
#5590=CARTESIAN_POINT('',(1.79140656761887,-0.290560557910156,11.784559474584));
#5591=CARTESIAN_POINT('',(3.17694873629356,-0.519476220560758,11.784559474584));
#5592=CARTESIAN_POINT('',(3.17694873629356,-0.989355738633047,11.784559474584));
#5593=CARTESIAN_POINT('',(1.79140656761887,-0.519476220560758,11.784559474584));
#5594=CARTESIAN_POINT('',(2.67092463990802,0.596487749763202,11.784559474584));
#5595=CARTESIAN_POINT('',(2.03274693480976,-0.290560557910156,11.784559474584));
#5596=CARTESIAN_POINT('',(2.67092463990802,0.596487749763202,11.784559474584));
#5597=CARTESIAN_POINT('',(2.67092463990802,-0.290560557910156,11.784559474584));
#5598=CARTESIAN_POINT('',(1.79140656761887,-0.290560557910156,11.784559474584));
#5599=CARTESIAN_POINT('',(2.67092463990802,-0.989355738633047,11.784559474584));
#5600=CARTESIAN_POINT('Origin',(2.03274693480976,-0.290560557910156,11.784559474584));
#5601=CARTESIAN_POINT('',(2.67092463990802,-0.290560557910156,11.884559474584));
#5602=CARTESIAN_POINT('',(2.67092463990802,-0.290560557910156,11.784559474584));
#5603=CARTESIAN_POINT('',(2.03274693480976,-0.290560557910156,11.884559474584));
#5604=CARTESIAN_POINT('',(2.03274693480976,-0.290560557910156,11.784559474584));
#5605=CARTESIAN_POINT('',(2.03274693480976,-0.290560557910156,11.884559474584));
#5606=CARTESIAN_POINT('Origin',(2.67092463990802,0.596487749763202,11.784559474584));
#5607=CARTESIAN_POINT('',(2.67092463990802,0.596487749763202,11.884559474584));
#5608=CARTESIAN_POINT('',(2.67092463990802,0.596487749763202,11.784559474584));
#5609=CARTESIAN_POINT('',(2.67092463990802,0.596487749763202,11.884559474584));
#5610=CARTESIAN_POINT('Origin',(2.67092463990802,-0.290560557910156,11.784559474584));
#5611=CARTESIAN_POINT('',(2.67092463990802,-0.290560557910156,11.884559474584));
#5612=CARTESIAN_POINT('Origin',(2.91188849532971,-0.989355738633047,11.784559474584));
#5613=CARTESIAN_POINT('',(2.67092463990802,-0.989355738633047,11.884559474584));
#5614=CARTESIAN_POINT('',(2.67092463990802,-0.989355738633047,11.784559474584));
#5615=CARTESIAN_POINT('',(2.91188849532971,-0.989355738633047,11.884559474584));
#5616=CARTESIAN_POINT('',(2.91188849532971,-0.989355738633047,11.784559474584));
#5617=CARTESIAN_POINT('',(2.91188849532971,-0.989355738633047,11.884559474584));
#5618=CARTESIAN_POINT('Origin',(2.91188849532971,-0.519476220560758,11.784559474584));
#5619=CARTESIAN_POINT('',(2.91188849532971,-0.519476220560758,11.884559474584));
#5620=CARTESIAN_POINT('',(2.91188849532971,-0.519476220560758,11.784559474584));
#5621=CARTESIAN_POINT('',(2.91188849532971,-0.519476220560758,11.884559474584));
#5622=CARTESIAN_POINT('Origin',(3.17694873629356,-0.519476220560758,11.784559474584));
#5623=CARTESIAN_POINT('',(3.17694873629356,-0.519476220560758,11.884559474584));
#5624=CARTESIAN_POINT('',(3.17694873629356,-0.519476220560758,11.784559474584));
#5625=CARTESIAN_POINT('',(3.17694873629356,-0.519476220560758,11.884559474584));
#5626=CARTESIAN_POINT('Origin',(3.17694873629356,-0.290560557910156,11.784559474584));
#5627=CARTESIAN_POINT('',(3.17694873629356,-0.290560557910156,11.884559474584));
#5628=CARTESIAN_POINT('',(3.17694873629356,-0.290560557910156,11.784559474584));
#5629=CARTESIAN_POINT('',(3.17694873629356,-0.290560557910156,11.884559474584));
#5630=CARTESIAN_POINT('Origin',(2.91188849532971,-0.290560557910156,11.784559474584));
#5631=CARTESIAN_POINT('',(2.91188849532971,-0.290560557910156,11.884559474584));
#5632=CARTESIAN_POINT('',(2.91188849532971,-0.290560557910156,11.784559474584));
#5633=CARTESIAN_POINT('',(2.91188849532971,-0.290560557910156,11.884559474584));
#5634=CARTESIAN_POINT('Origin',(2.91188849532971,0.998596068595869,11.784559474584));
#5635=CARTESIAN_POINT('',(2.91188849532971,0.998596068595869,11.884559474584));
#5636=CARTESIAN_POINT('',(2.91188849532971,0.998596068595869,11.784559474584));
#5637=CARTESIAN_POINT('',(2.91188849532971,0.998596068595869,11.884559474584));
#5638=CARTESIAN_POINT('Origin',(2.71911741099236,0.998596068595869,11.784559474584));
#5639=CARTESIAN_POINT('',(2.71911741099236,0.998596068595868,11.884559474584));
#5640=CARTESIAN_POINT('',(2.71911741099236,0.998596068595869,11.784559474584));
#5641=CARTESIAN_POINT('',(2.71911741099236,0.998596068595869,11.884559474584));
#5642=CARTESIAN_POINT('Origin',(1.79140656761887,-0.290560557910156,11.784559474584));
#5643=CARTESIAN_POINT('',(1.79140656761887,-0.290560557910156,11.884559474584));
#5644=CARTESIAN_POINT('',(1.79140656761887,-0.290560557910156,11.784559474584));
#5645=CARTESIAN_POINT('',(1.79140656761887,-0.290560557910156,11.884559474584));
#5646=CARTESIAN_POINT('Origin',(1.79140656761887,-0.519476220560758,11.784559474584));
#5647=CARTESIAN_POINT('',(1.79140656761887,-0.519476220560758,11.884559474584));
#5648=CARTESIAN_POINT('',(1.79140656761887,-0.519476220560758,11.784559474584));
#5649=CARTESIAN_POINT('',(1.79140656761887,-0.519476220560758,11.884559474584));
#5650=CARTESIAN_POINT('Origin',(2.67092463990802,-0.519476220560758,11.784559474584));
#5651=CARTESIAN_POINT('',(2.67092463990802,-0.519476220560758,11.884559474584));
#5652=CARTESIAN_POINT('',(2.67092463990802,-0.519476220560758,11.784559474584));
#5653=CARTESIAN_POINT('',(2.67092463990802,-0.519476220560758,11.884559474584));
#5654=CARTESIAN_POINT('Origin',(2.67092463990802,-0.989355738633047,11.784559474584));
#5655=CARTESIAN_POINT('',(2.67092463990802,-0.989355738633047,11.884559474584));
#5656=CARTESIAN_POINT('Origin',(1.79140656761887,-0.989355738633047,11.884559474584));
#5657=CARTESIAN_POINT('Origin',(-5.,-4.35,0.326108797580222));
#5658=CARTESIAN_POINT('',(-4.75,-4.35,-4.67389120241978));
#5659=CARTESIAN_POINT('Origin',(-5.,-4.35,-4.67389120241978));
#5660=CARTESIAN_POINT('',(-4.75,-4.35,0.326108797580222));
#5661=CARTESIAN_POINT('',(-4.75,-4.35,0.326108797580222));
#5662=CARTESIAN_POINT('Origin',(-5.,-4.35,0.326108797580222));
#5663=CARTESIAN_POINT('Origin',(-5.25,-4.6,-4.67389120241978));
#5664=CARTESIAN_POINT('Origin',(-5.25,-4.6,0.326108797580222));
#5665=CARTESIAN_POINT('Ctrl Pts',(4.59963575269331,5.25246728746893,2.24881027171477));
#5666=CARTESIAN_POINT('Ctrl Pts',(4.59963575269331,-0.00922720468023419,
2.24233220695625));
#5667=CARTESIAN_POINT('Ctrl Pts',(4.59963575269332,-5.2709216968294,2.23585414219773));
#5668=CARTESIAN_POINT('Ctrl Pts',(4.59963575269332,-5.99379552915124,2.2349641582762));
#5669=CARTESIAN_POINT('Ctrl Pts',(3.87673572693481,-5.99379552915124,2.2349641582762));
#5670=CARTESIAN_POINT('Ctrl Pts',(0.,-5.99379552915124,2.2349641582762));
#5671=CARTESIAN_POINT('Ctrl Pts',(-3.87673572693481,-5.99379552915124,2.2349641582762));
#5672=CARTESIAN_POINT('Ctrl Pts',(-4.59963575269331,-5.99379552915124,2.2349641582762));
#5673=CARTESIAN_POINT('Ctrl Pts',(-4.59963575269332,-5.2709216968294,2.23585414219773));
#5674=CARTESIAN_POINT('Ctrl Pts',(4.59963575269331,5.26131424694821,9.1342619757733));
#5675=CARTESIAN_POINT('Ctrl Pts',(4.59963575269331,-0.000380245200954638,
9.12778391101478));
#5676=CARTESIAN_POINT('Ctrl Pts',(4.59963575269332,-5.26207473735012,9.12130584625626));
#5677=CARTESIAN_POINT('Ctrl Pts',(4.59963575269332,-5.98494856967196,9.12041586233473));
#5678=CARTESIAN_POINT('Ctrl Pts',(3.87673572693481,-5.98494856967196,9.12041586233473));
#5679=CARTESIAN_POINT('Ctrl Pts',(0.,-5.98494856967196,9.12041586233473));
#5680=CARTESIAN_POINT('Ctrl Pts',(-3.87673572693481,-5.98494856967196,9.12041586233473));
#5681=CARTESIAN_POINT('Ctrl Pts',(-4.59963575269331,-5.98494856967196,9.12041586233473));
#5682=CARTESIAN_POINT('Ctrl Pts',(-4.59963575269332,-5.26207473735012,9.12130584625626));
#5683=CARTESIAN_POINT('',(-4.59963575269332,-5.26207473735012,9.12130584625626));
#5684=CARTESIAN_POINT('',(-4.59963575269332,-5.2709216968294,2.23585414219773));
#5685=CARTESIAN_POINT('',(-4.59963575269332,-5.26649821708976,5.67857999422699));
#5686=CARTESIAN_POINT('',(4.59963575269331,5.25246728746893,2.24881027171477));
#5687=CARTESIAN_POINT('Ctrl Pts',(-4.59963575269332,-5.2709216968294,2.23585414219773));
#5688=CARTESIAN_POINT('Ctrl Pts',(-4.59963575269331,-5.99379552915124,2.23496415827621));
#5689=CARTESIAN_POINT('Ctrl Pts',(-3.87673572693481,-5.99379552915124,2.23496415827621));
#5690=CARTESIAN_POINT('Ctrl Pts',(0.,-5.99379552915124,2.23496415827621));
#5691=CARTESIAN_POINT('Ctrl Pts',(3.87673572693481,-5.99379552915124,2.23496415827621));
#5692=CARTESIAN_POINT('Ctrl Pts',(4.59963575269332,-5.99379552915124,2.23496415827621));
#5693=CARTESIAN_POINT('Ctrl Pts',(4.59963575269332,-5.2709216968294,2.23585414219774));
#5694=CARTESIAN_POINT('Ctrl Pts',(4.59963575269331,-0.0092272046802333,
2.24233220695626));
#5695=CARTESIAN_POINT('Ctrl Pts',(4.59963575269331,5.25246728746893,2.24881027171477));
#5696=CARTESIAN_POINT('',(4.59963575269331,5.26131424694821,9.1342619757733));
#5697=CARTESIAN_POINT('',(4.59963575269331,5.25689076720857,5.69153612374404));
#5698=CARTESIAN_POINT('Ctrl Pts',(4.59963575269331,5.26131424694821,9.1342619757733));
#5699=CARTESIAN_POINT('Ctrl Pts',(4.59963575269331,3.47230457252714,9.13205939245308));
#5700=CARTESIAN_POINT('Ctrl Pts',(4.59963575269331,1.68329489810608,9.12985680913286));
#5701=CARTESIAN_POINT('Ctrl Pts',(4.59963575269331,-0.0779543909400238,
9.12768840369477));
#5702=CARTESIAN_POINT('Ctrl Pts',(4.59963575269331,-0.958579035463075,9.12660420097572));
#5703=CARTESIAN_POINT('Ctrl Pts',(4.59963575269331,-1.83226358364239,9.12552854272721));
#5704=CARTESIAN_POINT('Ctrl Pts',(4.59963575269332,-2.69553798730609,9.1244657011845));
#5705=CARTESIAN_POINT('Ctrl Pts',(4.59963575269332,-3.12717518913794,9.12393428041314));
#5706=CARTESIAN_POINT('Ctrl Pts',(4.59963575269332,-3.55620985484089,9.12340606381824));
#5707=CARTESIAN_POINT('Ctrl Pts',(4.59963575269332,-3.98220822839345,9.12288158542919));
#5708=CARTESIAN_POINT('Ctrl Pts',(4.59963575269332,-4.19520741516973,9.12261934623467));
#5709=CARTESIAN_POINT('Ctrl Pts',(4.59963575269332,-4.40744752890842,9.12235804159161));
#5710=CARTESIAN_POINT('Ctrl Pts',(4.59963575269332,-4.61887435010682,9.12209773825369));
#5711=CARTESIAN_POINT('Ctrl Pts',(4.59963575269332,-4.72458776070602,9.12196758658473));
#5712=CARTESIAN_POINT('Ctrl Pts',(4.59963575269332,-4.83009784817015,9.12183768524206));
#5713=CARTESIAN_POINT('Ctrl Pts',(4.59963575269332,-4.93539783506137,9.12170804256988));
#5714=CARTESIAN_POINT('Ctrl Pts',(4.59963575269332,-4.96172283178418,9.12167563190184));
#5715=CARTESIAN_POINT('Ctrl Pts',(4.59963575269332,-4.98803469722118,9.1216432374007));
#5716=CARTESIAN_POINT('Ctrl Pts',(4.59963575269332,-5.0143333254749,9.12161085919684));
#5717=CARTESIAN_POINT('Ctrl Pts',(4.59963575269332,-5.02492059097298,9.12159782442418));
#5718=CARTESIAN_POINT('Ctrl Pts',(4.59963575269332,-5.03550571112678,9.12158479229281));
#5719=CARTESIAN_POINT('Ctrl Pts',(4.59963575269332,-5.04608867902693,9.12157176281125));
#5720=CARTESIAN_POINT('Ctrl Pts',(4.59963575269332,-5.05066289678086,9.12156613115041));
#5721=CARTESIAN_POINT('Ctrl Pts',(4.59963575269332,-5.05523202871906,9.12156050575109));
#5722=CARTESIAN_POINT('Ctrl Pts',(4.59963575269332,-5.05982545570164,9.12155485044034));
#5723=CARTESIAN_POINT('Ctrl Pts',(4.59963575269332,-5.12379966268546,9.12147608701986));
#5724=CARTESIAN_POINT('Ctrl Pts',(4.59963575269332,-5.19148700939948,9.12139275207595));
#5725=CARTESIAN_POINT('Ctrl Pts',(4.59963575269332,-5.26207473735012,9.12130584625626));
#5726=CARTESIAN_POINT('Ctrl Pts',(4.59963575269332,-5.28201179002478,9.12128130026285));
#5727=CARTESIAN_POINT('Ctrl Pts',(4.59881031679247,-5.30269164107224,9.12125583975493));
#5728=CARTESIAN_POINT('Ctrl Pts',(4.59697898087072,-5.32399262295733,9.12122961452648));
#5729=CARTESIAN_POINT('Ctrl Pts',(4.5951994541705,-5.34469099159386,9.12120413122018));
#5730=CARTESIAN_POINT('Ctrl Pts',(4.5924692539031,-5.36597574552983,9.12117792597118));
#5731=CARTESIAN_POINT('Ctrl Pts',(4.58863744005505,-5.38769024017646,9.12115119163631));
#5732=CARTESIAN_POINT('Ctrl Pts',(4.58489839898642,-5.40887900103178,9.12112510457155));
#5733=CARTESIAN_POINT('Ctrl Pts',(4.58010960859682,-5.43047658076928,9.12109851417935));
#5734=CARTESIAN_POINT('Ctrl Pts',(4.5741575458707,-5.45229732106644,9.12107164903753));
#5735=CARTESIAN_POINT('Ctrl Pts',(4.5683257232771,-5.47367725137459,9.12104532660979));
#5736=CARTESIAN_POINT('Ctrl Pts',(4.56137645237958,-5.49527080525229,9.12101874117413));
#5737=CARTESIAN_POINT('Ctrl Pts',(4.55324022939189,-5.51687151998142,9.12099214692221));
#5738=CARTESIAN_POINT('Ctrl Pts',(4.5452361175547,-5.53812149515009,9.12096598449194));
#5739=CARTESIAN_POINT('Ctrl Pts',(4.53608279400441,-5.5593775878009,9.12093981452998));
#5740=CARTESIAN_POINT('Ctrl Pts',(4.52575939766993,-5.58042262474004,9.12091390441446));
#5741=CARTESIAN_POINT('Ctrl Pts',(4.51556298770863,-5.60120879019659,9.12088831301494));
#5742=CARTESIAN_POINT('Ctrl Pts',(4.50422488897769,-5.62178811816861,9.12086297626848));
#5743=CARTESIAN_POINT('Ctrl Pts',(4.49177494621398,-5.64194412053883,9.12083816070976));
#5744=CARTESIAN_POINT('Ctrl Pts',(4.47942932050105,-5.66193123741595,9.12081355307858));
#5745=CARTESIAN_POINT('Ctrl Pts',(4.46599048259801,-5.68150111221498,9.12078945914525));
#5746=CARTESIAN_POINT('Ctrl Pts',(4.45153809670027,-5.70044986881491,9.12076612991689));
#5747=CARTESIAN_POINT('Ctrl Pts',(4.43715021707601,-5.71931405019771,9.1207429048154));
#5748=CARTESIAN_POINT('Ctrl Pts',(4.42175819928557,-5.73756172631618,9.12072043873954));
#5749=CARTESIAN_POINT('Ctrl Pts',(4.40548756370718,-5.75501320470534,9.12069895292213));
#5750=CARTESIAN_POINT('Ctrl Pts',(4.38922586020361,-5.77245510277356,9.12067747889977));
#5751=CARTESIAN_POINT('Ctrl Pts',(4.37208715751156,-5.78910091633102,9.12065698499646));
#5752=CARTESIAN_POINT('Ctrl Pts',(4.35423596333328,-5.80480544819253,9.12063764997529));
#5753=CARTESIAN_POINT('Ctrl Pts',(4.33587348044829,-5.82095978468362,9.12061776116607));
#5754=CARTESIAN_POINT('Ctrl Pts',(4.3167579247525,-5.83611738460418,9.12059909951363));
#5755=CARTESIAN_POINT('Ctrl Pts',(4.2970987972922,-5.85016849833496,9.12058180013891));
#5756=CARTESIAN_POINT('Ctrl Pts',(4.27765513297034,-5.86406561250145,9.12056469036454));
#5757=CARTESIAN_POINT('Ctrl Pts',(4.25768083301733,-5.87688028872717,9.12054891326031));
#5758=CARTESIAN_POINT('Ctrl Pts',(4.23739316355005,-5.88855874899126,9.12053453503634));
#5759=CARTESIAN_POINT('Ctrl Pts',(4.21686686605463,-5.90037457387225,9.12051998769254));
#5760=CARTESIAN_POINT('Ctrl Pts',(4.19602081311536,-5.91102739375034,9.12050687221099));
#5761=CARTESIAN_POINT('Ctrl Pts',(4.17507902908755,-5.92051554839808,9.12049519063572));
#5762=CARTESIAN_POINT('Ctrl Pts',(4.15381682852379,-5.93014887509234,9.12048333032831));
#5763=CARTESIAN_POINT('Ctrl Pts',(4.13245688370716,-5.93858203594264,9.12047294763464));
#5764=CARTESIAN_POINT('Ctrl Pts',(4.11121747239917,-5.94586481684953,9.12046398125957));
#5765=CARTESIAN_POINT('Ctrl Pts',(4.0892854288613,-5.95338509439445,9.12045472248466));
#5766=CARTESIAN_POINT('Ctrl Pts',(4.06748276437271,-5.95967934477873,9.12044697316328));
#5767=CARTESIAN_POINT('Ctrl Pts',(4.04601855606314,-5.96484922312961,9.12044060814023));
#5768=CARTESIAN_POINT('Ctrl Pts',(4.02412498518998,-5.97012251793034,9.12043411579347));
#5769=CARTESIAN_POINT('Ctrl Pts',(4.00258405196705,-5.97422693409952,9.12042906254042));
#5770=CARTESIAN_POINT('Ctrl Pts',(3.98157507717299,-5.97730622756562,9.12042527139243));
#5771=CARTESIAN_POINT('Ctrl Pts',(3.95974768717012,-5.98050547646172,9.12042133255836));
#5772=CARTESIAN_POINT('Ctrl Pts',(3.93849482955842,-5.98259917863853,9.12041875484536));
#5773=CARTESIAN_POINT('Ctrl Pts',(3.91796537207062,-5.98377191553637,9.12041731100144));
#5774=CARTESIAN_POINT('Ctrl Pts',(3.90387091583688,-5.98457705560839,9.12041631973342));
#5775=CARTESIAN_POINT('Ctrl Pts',(3.89011628282004,-5.98494856967196,9.12041586233473));
#5776=CARTESIAN_POINT('Ctrl Pts',(3.87673572693481,-5.98494856967196,9.12041586233473));
#5777=CARTESIAN_POINT('Ctrl Pts',(3.69273747350383,-5.98494856967196,9.12041586233473));
#5778=CARTESIAN_POINT('Ctrl Pts',(3.50872988001462,-5.98494856967196,9.12041586233473));
#5779=CARTESIAN_POINT('Ctrl Pts',(3.32484433756237,-5.98494856967196,9.12041586233473));
#5780=CARTESIAN_POINT('Ctrl Pts',(2.06201747531724,-5.98494856967196,9.12041586233473));
#5781=CARTESIAN_POINT('Ctrl Pts',(0.804986588167543,-5.98494856967196,9.12041586233473));
#5782=CARTESIAN_POINT('Ctrl Pts',(-0.402848239478439,-5.98494856967196,
9.12041586233473));
#5783=CARTESIAN_POINT('Ctrl Pts',(-1.00676565330143,-5.98494856967196,9.12041586233473));
#5784=CARTESIAN_POINT('Ctrl Pts',(-1.59838405224849,-5.98494856967196,9.12041586233473));
#5785=CARTESIAN_POINT('Ctrl Pts',(-2.17227842576859,-5.98494856967196,9.12041586233473));
#5786=CARTESIAN_POINT('Ctrl Pts',(-2.45922561252864,-5.98494856967196,9.12041586233473));
#5787=CARTESIAN_POINT('Ctrl Pts',(-2.74174179293194,-5.98494856967196,9.12041586233473));
#5788=CARTESIAN_POINT('Ctrl Pts',(-3.01914884065962,-5.98494856967196,9.12041586233473));
#5789=CARTESIAN_POINT('Ctrl Pts',(-3.15785236452347,-5.98494856967196,9.12041586233473));
#5790=CARTESIAN_POINT('Ctrl Pts',(-3.2952786052184,-5.98494856967196,9.12041586233473));
#5791=CARTESIAN_POINT('Ctrl Pts',(-3.43134279695457,-5.98494856967196,9.12041586233473));
#5792=CARTESIAN_POINT('Ctrl Pts',(-3.44835082092159,-5.98494856967196,9.12041586233473));
#5793=CARTESIAN_POINT('Ctrl Pts',(-3.46533756287363,-5.98494856967196,9.12041586233473));
#5794=CARTESIAN_POINT('Ctrl Pts',(-3.48230285725251,-5.98494856967196,9.12041586233473));
#5795=CARTESIAN_POINT('Ctrl Pts',(-3.49056240141613,-5.98494856967196,9.12041586233473));
#5796=CARTESIAN_POINT('Ctrl Pts',(-3.49881686202485,-5.98494856967196,9.12041586233473));
#5797=CARTESIAN_POINT('Ctrl Pts',(-3.50706621997422,-5.98494856967196,9.12041586233473));
#5798=CARTESIAN_POINT('Ctrl Pts',(-3.51069768191503,-5.98494856967196,9.12041586233473));
#5799=CARTESIAN_POINT('Ctrl Pts',(-3.51432503737558,-5.98494856967196,9.12041586233473));
#5800=CARTESIAN_POINT('Ctrl Pts',(-3.51797314563687,-5.98494856967196,9.12041586233473));
#5801=CARTESIAN_POINT('Ctrl Pts',(-3.62519216783559,-5.98494856967196,9.12041586233473));
#5802=CARTESIAN_POINT('Ctrl Pts',(-3.74602465216826,-5.98494856967196,9.12041586233473));
#5803=CARTESIAN_POINT('Ctrl Pts',(-3.87673572693481,-5.98494856967196,9.12041586233473));
#5804=CARTESIAN_POINT('Ctrl Pts',(-3.89567241990925,-5.98494856967196,9.12041586233473));
#5805=CARTESIAN_POINT('Ctrl Pts',(-3.91542166784853,-5.98420422676535,9.12041677875083));
#5806=CARTESIAN_POINT('Ctrl Pts',(-3.93586987957759,-5.98252597293147,9.12041884497437));
#5807=CARTESIAN_POINT('Ctrl Pts',(-3.95567306054912,-5.98090065895149,9.1204208460197));
#5808=CARTESIAN_POINT('Ctrl Pts',(-3.97613178362722,-5.97839853065941,9.12042392657657));
#5809=CARTESIAN_POINT('Ctrl Pts',(-3.99709745875552,-5.97485849192431,9.12042828498245));
#5810=CARTESIAN_POINT('Ctrl Pts',(-4.01750672647694,-5.97141240216823,9.12043252772072));
#5811=CARTESIAN_POINT('Ctrl Pts',(-4.03839610602922,-5.96698189953435,9.12043798244315));
#5812=CARTESIAN_POINT('Ctrl Pts',(-4.05958702217158,-5.96144188282448,9.12044480317116));
#5813=CARTESIAN_POINT('Ctrl Pts',(-4.0803083637363,-5.95602462866952,9.12045147275703));
#5814=CARTESIAN_POINT('Ctrl Pts',(-4.10131747875853,-5.94954573931768,9.12045944940122));
#5815=CARTESIAN_POINT('Ctrl Pts',(-4.12241329532486,-5.94192287019364,9.12046883448428));
#5816=CARTESIAN_POINT('Ctrl Pts',(-4.14313137194892,-5.93443649553209,9.12047805151881));
#5817=CARTESIAN_POINT('Ctrl Pts',(-4.16393230749489,-5.92584618545704,9.12048862769062));
#5818=CARTESIAN_POINT('Ctrl Pts',(-4.18460204131566,-5.91611738000153,9.12050060554906));
#5819=CARTESIAN_POINT('Ctrl Pts',(-4.20498778390394,-5.90652224319778,9.12051241883804));
#5820=CARTESIAN_POINT('Ctrl Pts',(-4.22524498812191,-5.89581938042091,9.12052559593114));
#5821=CARTESIAN_POINT('Ctrl Pts',(-4.24515760755254,-5.8840246802992,9.12054011726667));
#5822=CARTESIAN_POINT('Ctrl Pts',(-4.26487849745469,-5.87234354596428,9.12055449878289));
#5823=CARTESIAN_POINT('Ctrl Pts',(-4.28426042500284,-5.85959149682507,9.12057019878225));
#5824=CARTESIAN_POINT('Ctrl Pts',(-4.30309713059804,-5.84583470869777,9.12058713579075));
#5825=CARTESIAN_POINT('Ctrl Pts',(-4.32182930551545,-5.8321542612225,9.12060397881058));
#5826=CARTESIAN_POINT('Ctrl Pts',(-4.34002134724944,-5.81748050250625,9.12062204477001));
#5827=CARTESIAN_POINT('Ctrl Pts',(-4.35748845895327,-5.80192669554397,9.12064119422251));
#5828=CARTESIAN_POINT('Ctrl Pts',(-4.37492965643142,-5.78639596422639,9.12066031526486));
#5829=CARTESIAN_POINT('Ctrl Pts',(-4.39164726337857,-5.76998838670832,9.12068051585801));
#5830=CARTESIAN_POINT('Ctrl Pts',(-4.40748861135023,-5.7528581588414,9.12070160615993));
#5831=CARTESIAN_POINT('Ctrl Pts',(-4.42337088152954,-5.73568367926414,9.12072275094343));
#5832=CARTESIAN_POINT('Ctrl Pts',(-4.43837177268421,-5.71778363123568,9.12074478902839));
#5833=CARTESIAN_POINT('Ctrl Pts',(-4.45237955024254,-5.69934442417194,9.12076749091229));
#5834=CARTESIAN_POINT('Ctrl Pts',(-4.46657685779321,-5.68065572836816,9.12079049996039));
#5835=CARTESIAN_POINT('Ctrl Pts',(-4.47975363086872,-5.6614141511444,9.12081418970208));
#5836=CARTESIAN_POINT('Ctrl Pts',(-4.49184418489901,-5.64183200278271,9.1208382987463));
#5837=CARTESIAN_POINT('Ctrl Pts',(-4.50407304826173,-5.62202584534247,9.12086268358481));
#5838=CARTESIAN_POINT('Ctrl Pts',(-4.51519071073052,-5.60187232272374,9.12088749609052));
#5839=CARTESIAN_POINT('Ctrl Pts',(-4.52518338517451,-5.58159419363585,9.12091246200856));
#5840=CARTESIAN_POINT('Ctrl Pts',(-4.53532769475576,-5.56100835144223,9.12093780677516));
#5841=CARTESIAN_POINT('Ctrl Pts',(-4.54431295429353,-5.54029507192973,9.12096330843936));
#5842=CARTESIAN_POINT('Ctrl Pts',(-4.5521776184302,-5.5196749884999,9.1209886953629));
#5843=CARTESIAN_POINT('Ctrl Pts',(-4.56019154463873,-5.49866356014787,9.12101456410038));
#5844=CARTESIAN_POINT('Ctrl Pts',(-4.56704256130321,-5.47774971295814,9.12104031269842));
#5845=CARTESIAN_POINT('Ctrl Pts',(-4.57281845348387,-5.45714018139164,9.12106568663078));
#5846=CARTESIAN_POINT('Ctrl Pts',(-4.57880625822806,-5.43577450366955,9.1210919915111));
#5847=CARTESIAN_POINT('Ctrl Pts',(-4.58363939289913,-5.41473656399509,9.12111789288864));
#5848=CARTESIAN_POINT('Ctrl Pts',(-4.58745492346786,-5.39421634875658,9.121143156857));
#5849=CARTESIAN_POINT('Ctrl Pts',(-4.59136148974264,-5.37320653652779,9.12116902360476));
#5850=CARTESIAN_POINT('Ctrl Pts',(-4.59420234172556,-5.35273970955538,9.12119422184284));
#5851=CARTESIAN_POINT('Ctrl Pts',(-4.59615063747847,-5.33297092531054,9.12121856066843));
#5852=CARTESIAN_POINT('Ctrl Pts',(-4.59817718730087,-5.31240812002782,9.12124387707257));
#5853=CARTESIAN_POINT('Ctrl Pts',(-4.59923909122268,-5.29260058678524,9.12126826360494));
#5854=CARTESIAN_POINT('Ctrl Pts',(-4.5995427776895,-5.27366804923378,9.12129157286481));
#5855=CARTESIAN_POINT('Ctrl Pts',(-4.59960536241922,-5.26976636814124,9.12129637651558));
#5856=CARTESIAN_POINT('Ctrl Pts',(-4.59963575269332,-5.26590167096556,9.12130113463269));
#5857=CARTESIAN_POINT('Ctrl Pts',(-4.59963575269332,-5.26207473735012,9.12130584625626));
#5858=CARTESIAN_POINT('Origin',(-4.59963575269332,-5.99379552915124,2.2349641582762));
#5859=CARTESIAN_POINT('Ctrl Pts',(-4.59963575269332,-5.2709216968294,2.23585414219773));
#5860=CARTESIAN_POINT('Ctrl Pts',(-4.59963575269332,-3.48191202240833,2.23805672551795));
#5861=CARTESIAN_POINT('Ctrl Pts',(-4.59963575269331,-1.69290234798726,2.24025930883818));
#5862=CARTESIAN_POINT('Ctrl Pts',(-4.59963575269331,0.0683469410588442,
2.24242771427627));
#5863=CARTESIAN_POINT('Ctrl Pts',(-4.59963575269331,0.948971585581896,2.24351191699531));
#5864=CARTESIAN_POINT('Ctrl Pts',(-4.59963575269331,1.82265613376121,2.24458757524382));
#5865=CARTESIAN_POINT('Ctrl Pts',(-4.59963575269331,2.68593053742491,2.24565041678653));
#5866=CARTESIAN_POINT('Ctrl Pts',(-4.59963575269331,3.11756773925676,2.24618183755789));
#5867=CARTESIAN_POINT('Ctrl Pts',(-4.59963575269331,3.5466024049597,2.24671005415279));
#5868=CARTESIAN_POINT('Ctrl Pts',(-4.59963575269331,3.97260077851226,2.24723453254184));
#5869=CARTESIAN_POINT('Ctrl Pts',(-4.59963575269331,4.18559996528854,2.24749677173636));
#5870=CARTESIAN_POINT('Ctrl Pts',(-4.59963575269331,4.39784007902722,2.24775807637942));
#5871=CARTESIAN_POINT('Ctrl Pts',(-4.59963575269331,4.60926690022562,2.24801837971734));
#5872=CARTESIAN_POINT('Ctrl Pts',(-4.59963575269331,4.71498031082482,2.2481485313863));
#5873=CARTESIAN_POINT('Ctrl Pts',(-4.59963575269331,4.82049039828895,2.24827843272897));
#5874=CARTESIAN_POINT('Ctrl Pts',(-4.59963575269331,4.92579038518017,2.24840807540115));
#5875=CARTESIAN_POINT('Ctrl Pts',(-4.59963575269331,4.95211538190298,2.24844048606919));
#5876=CARTESIAN_POINT('Ctrl Pts',(-4.59963575269331,4.97842724733998,2.24847288057033));
#5877=CARTESIAN_POINT('Ctrl Pts',(-4.59963575269331,5.00472587559371,2.24850525877419));
#5878=CARTESIAN_POINT('Ctrl Pts',(-4.59963575269331,5.0153131410918,2.24851829354685));
#5879=CARTESIAN_POINT('Ctrl Pts',(-4.59963575269331,5.0258982612456,2.24853132567821));
#5880=CARTESIAN_POINT('Ctrl Pts',(-4.59963575269331,5.03648122914576,2.24854435515978));
#5881=CARTESIAN_POINT('Ctrl Pts',(-4.59963575269331,5.04105544690085,2.24854998682062));
#5882=CARTESIAN_POINT('Ctrl Pts',(-4.59963575269331,5.0456245788402,2.24855561221994));
#5883=CARTESIAN_POINT('Ctrl Pts',(-4.59963575269331,5.05021800582396,2.2485612675307));
#5884=CARTESIAN_POINT('Ctrl Pts',(-4.59963575269331,5.11419221280673,2.24864003095117));
#5885=CARTESIAN_POINT('Ctrl Pts',(-4.59963575269331,5.18187955951957,2.24872336589508));
#5886=CARTESIAN_POINT('Ctrl Pts',(-4.59963575269331,5.25246728746892,2.24881027171477));
#5887=CARTESIAN_POINT('Ctrl Pts',(-4.59963575269331,5.27240434014358,2.24883481770818));
#5888=CARTESIAN_POINT('Ctrl Pts',(-4.59881031679246,5.29308419119104,2.2488602782161));
#5889=CARTESIAN_POINT('Ctrl Pts',(-4.59697898087071,5.31438517307614,2.24888650344454));
#5890=CARTESIAN_POINT('Ctrl Pts',(-4.59519945417048,5.33508354171267,2.24891198675085));
#5891=CARTESIAN_POINT('Ctrl Pts',(-4.59246925390309,5.35636829564864,2.24893819199985));
#5892=CARTESIAN_POINT('Ctrl Pts',(-4.58863744005504,5.37808279029526,2.24896492633472));
#5893=CARTESIAN_POINT('Ctrl Pts',(-4.58489839898641,5.39927155115059,2.24899101339948));
#5894=CARTESIAN_POINT('Ctrl Pts',(-4.58010960859681,5.42086913088809,2.24901760379168));
#5895=CARTESIAN_POINT('Ctrl Pts',(-4.57415754587069,5.44268987118526,2.2490444689335));
#5896=CARTESIAN_POINT('Ctrl Pts',(-4.5683257232771,5.46406980149339,2.24907079136124));
#5897=CARTESIAN_POINT('Ctrl Pts',(-4.56137645237959,5.48566335537105,2.2490973767969));
#5898=CARTESIAN_POINT('Ctrl Pts',(-4.55324022939191,5.50726407010015,2.24912397104882));
#5899=CARTESIAN_POINT('Ctrl Pts',(-4.54523611755471,5.52851404526884,2.24915013347909));
#5900=CARTESIAN_POINT('Ctrl Pts',(-4.53608279400442,5.54977013791968,2.24917630344105));
#5901=CARTESIAN_POINT('Ctrl Pts',(-4.52575939766992,5.57081517485885,2.24920221355657));
#5902=CARTESIAN_POINT('Ctrl Pts',(-4.51556298770863,5.59160134031538,2.24922780495609));
#5903=CARTESIAN_POINT('Ctrl Pts',(-4.50422488897769,5.61218066828739,2.24925314170255));
#5904=CARTESIAN_POINT('Ctrl Pts',(-4.49177494621399,5.6323366706576,2.24927795726127));
#5905=CARTESIAN_POINT('Ctrl Pts',(-4.47942932050107,5.65232378753471,2.24930256489245));
#5906=CARTESIAN_POINT('Ctrl Pts',(-4.46599048259804,5.67189366233374,2.24932665882578));
#5907=CARTESIAN_POINT('Ctrl Pts',(-4.4515380967003,5.69084241893368,2.24934998805413));
#5908=CARTESIAN_POINT('Ctrl Pts',(-4.43715021707607,5.70970660031644,2.24937321315563));
#5909=CARTESIAN_POINT('Ctrl Pts',(-4.42175819928567,5.72795427643487,2.24939567923148));
#5910=CARTESIAN_POINT('Ctrl Pts',(-4.40548756370733,5.74540575482399,2.24941716504889));
#5911=CARTESIAN_POINT('Ctrl Pts',(-4.38922586020375,5.76284765289222,2.24943863907126));
#5912=CARTESIAN_POINT('Ctrl Pts',(-4.37208715751171,5.77949346644968,2.24945913297457));
#5913=CARTESIAN_POINT('Ctrl Pts',(-4.35423596333344,5.7951979983112,2.24947846799574));
#5914=CARTESIAN_POINT('Ctrl Pts',(-4.33587348044844,5.8113523348023,2.24949835680496));
#5915=CARTESIAN_POINT('Ctrl Pts',(-4.31675792475265,5.82650993472288,2.2495170184574));
#5916=CARTESIAN_POINT('Ctrl Pts',(-4.29709879729235,5.84056104845366,2.24953431783212));
#5917=CARTESIAN_POINT('Ctrl Pts',(-4.2776551329705,5.85445816262015,2.24955142760649));
#5918=CARTESIAN_POINT('Ctrl Pts',(-4.25768083301751,5.86727283884587,2.24956720471072));
#5919=CARTESIAN_POINT('Ctrl Pts',(-4.23739316355024,5.87895129910995,2.24958158293469));
#5920=CARTESIAN_POINT('Ctrl Pts',(-4.21686686605483,5.89076712399095,2.24959613027849));
#5921=CARTESIAN_POINT('Ctrl Pts',(-4.19602081311555,5.90141994386905,2.24960924576004));
#5922=CARTESIAN_POINT('Ctrl Pts',(-4.17507902908774,5.91090809851681,2.24962092733531));
#5923=CARTESIAN_POINT('Ctrl Pts',(-4.15381682852391,5.9205414252111,2.24963278764272));
#5924=CARTESIAN_POINT('Ctrl Pts',(-4.13245688370722,5.92897458606143,2.24964317033639));
#5925=CARTESIAN_POINT('Ctrl Pts',(-4.11121747239917,5.93625736696834,2.24965213671146));
#5926=CARTESIAN_POINT('Ctrl Pts',(-4.0892854288613,5.94377764451326,2.24966139548637));
#5927=CARTESIAN_POINT('Ctrl Pts',(-4.0674827643727,5.95007189489754,2.24966914480775));
#5928=CARTESIAN_POINT('Ctrl Pts',(-4.04601855606313,5.95524177324842,2.2496755098308));
#5929=CARTESIAN_POINT('Ctrl Pts',(-4.02412498519002,5.96051506804914,2.24968200217756));
#5930=CARTESIAN_POINT('Ctrl Pts',(-4.00258405196714,5.96461948421831,2.24968705543061));
#5931=CARTESIAN_POINT('Ctrl Pts',(-3.98157507717312,5.96769877768442,2.2496908465786));
#5932=CARTESIAN_POINT('Ctrl Pts',(-3.95974768717023,5.97089802658052,2.24969478541267));
#5933=CARTESIAN_POINT('Ctrl Pts',(-3.93849482955852,5.97299172875733,2.24969736312567));
#5934=CARTESIAN_POINT('Ctrl Pts',(-3.91796537207071,5.97416446565518,2.24969880696958));
#5935=CARTESIAN_POINT('Ctrl Pts',(-3.90387091583694,5.9749696057272,2.24969979823761));
#5936=CARTESIAN_POINT('Ctrl Pts',(-3.89011628282007,5.97534111979077,2.2497002556363));
#5937=CARTESIAN_POINT('Ctrl Pts',(-3.87673572693481,5.97534111979077,2.2497002556363));
#5938=CARTESIAN_POINT('Ctrl Pts',(-3.69273747350685,5.97534111979077,2.2497002556363));
#5939=CARTESIAN_POINT('Ctrl Pts',(-3.50872988002067,5.97534111979077,2.2497002556363));
#5940=CARTESIAN_POINT('Ctrl Pts',(-3.32484433757143,5.97534111979077,2.2497002556363));
#5941=CARTESIAN_POINT('Ctrl Pts',(-2.06201747532477,5.97534111979077,2.2497002556363));
#5942=CARTESIAN_POINT('Ctrl Pts',(-0.804986588173441,5.97534111979077,2.2497002556363));
#5943=CARTESIAN_POINT('Ctrl Pts',(0.402848239474102,5.97534111979077,2.2497002556363));
#5944=CARTESIAN_POINT('Ctrl Pts',(1.00676565329787,5.97534111979077,2.2497002556363));
#5945=CARTESIAN_POINT('Ctrl Pts',(1.5983840522457,5.97534111979077,2.2497002556363));
#5946=CARTESIAN_POINT('Ctrl Pts',(2.17227842576652,5.97534111979077,2.2497002556363));
#5947=CARTESIAN_POINT('Ctrl Pts',(2.45922561252694,5.97534111979077,2.2497002556363));
#5948=CARTESIAN_POINT('Ctrl Pts',(2.7417417929306,5.97534111979077,2.2497002556363));
#5949=CARTESIAN_POINT('Ctrl Pts',(3.01914884065862,5.97534111979077,2.2497002556363));
#5950=CARTESIAN_POINT('Ctrl Pts',(3.15785236452264,5.97534111979077,2.2497002556363));
#5951=CARTESIAN_POINT('Ctrl Pts',(3.29527860521775,5.97534111979077,2.2497002556363));
#5952=CARTESIAN_POINT('Ctrl Pts',(3.43134279695409,5.97534111979077,2.2497002556363));
#5953=CARTESIAN_POINT('Ctrl Pts',(3.44835082092113,5.97534111979077,2.2497002556363));
#5954=CARTESIAN_POINT('Ctrl Pts',(3.46533756287319,5.97534111979077,2.2497002556363));
#5955=CARTESIAN_POINT('Ctrl Pts',(3.48230285725209,5.97534111979077,2.2497002556363));
#5956=CARTESIAN_POINT('Ctrl Pts',(3.49056240141559,5.97534111979077,2.2497002556363));
#5957=CARTESIAN_POINT('Ctrl Pts',(3.4988168620242,5.97534111979077,2.2497002556363));
#5958=CARTESIAN_POINT('Ctrl Pts',(3.50706621997346,5.97534111979077,2.2497002556363));
#5959=CARTESIAN_POINT('Ctrl Pts',(3.51069768191473,5.97534111979077,2.2497002556363));
#5960=CARTESIAN_POINT('Ctrl Pts',(3.51432503737573,5.97534111979077,2.2497002556363));
#5961=CARTESIAN_POINT('Ctrl Pts',(3.51797314563747,5.97534111979077,2.2497002556363));
#5962=CARTESIAN_POINT('Ctrl Pts',(3.62519216783604,5.97534111979077,2.2497002556363));
#5963=CARTESIAN_POINT('Ctrl Pts',(3.74602465216851,5.97534111979077,2.2497002556363));
#5964=CARTESIAN_POINT('Ctrl Pts',(3.87673572693481,5.97534111979077,2.2497002556363));
#5965=CARTESIAN_POINT('Ctrl Pts',(3.89567241990925,5.97534111979077,2.2497002556363));
#5966=CARTESIAN_POINT('Ctrl Pts',(3.91542166784853,5.97459677688416,2.2496993392202));
#5967=CARTESIAN_POINT('Ctrl Pts',(3.93586987957759,5.97291852305028,2.24969727299666));
#5968=CARTESIAN_POINT('Ctrl Pts',(3.95567306054911,5.9712932090703,2.24969527195133));
#5969=CARTESIAN_POINT('Ctrl Pts',(3.9761317836272,5.96879108077822,2.24969219139446));
#5970=CARTESIAN_POINT('Ctrl Pts',(3.9970974587555,5.96525104204312,2.24968783298858));
#5971=CARTESIAN_POINT('Ctrl Pts',(4.01750672647691,5.96180495228705,2.24968359025031));
#5972=CARTESIAN_POINT('Ctrl Pts',(4.03839610602917,5.95737444965317,2.24967813552788));
#5973=CARTESIAN_POINT('Ctrl Pts',(4.05958702217153,5.9518344329433,2.24967131479987));
#5974=CARTESIAN_POINT('Ctrl Pts',(4.08030836373624,5.94641717878835,2.249664645214));
#5975=CARTESIAN_POINT('Ctrl Pts',(4.10131747875848,5.9399382894365,2.24965666856981));
#5976=CARTESIAN_POINT('Ctrl Pts',(4.12241329532481,5.93231542031247,2.24964728348675));
#5977=CARTESIAN_POINT('Ctrl Pts',(4.14313137194889,5.92482904565091,2.24963806645222));
#5978=CARTESIAN_POINT('Ctrl Pts',(4.16393230749487,5.91623873557586,2.24962749028041));
#5979=CARTESIAN_POINT('Ctrl Pts',(4.18460204131565,5.90650993012034,2.24961551242197));
#5980=CARTESIAN_POINT('Ctrl Pts',(4.20498778390391,5.8969147933166,2.24960369913299));
#5981=CARTESIAN_POINT('Ctrl Pts',(4.22524498812187,5.88621193053974,2.24959052203989));
#5982=CARTESIAN_POINT('Ctrl Pts',(4.24515760755248,5.87441723041804,2.24957600070436));
#5983=CARTESIAN_POINT('Ctrl Pts',(4.26487849745466,5.86273609608311,2.24956161918814));
#5984=CARTESIAN_POINT('Ctrl Pts',(4.28426042500282,5.84998404694389,2.24954591918878));
#5985=CARTESIAN_POINT('Ctrl Pts',(4.30309713059804,5.83622725881658,2.24952898218028));
#5986=CARTESIAN_POINT('Ctrl Pts',(4.32182930551548,5.82254681134129,2.24951213916045));
#5987=CARTESIAN_POINT('Ctrl Pts',(4.34002134724949,5.80787305262503,2.24949407320102));
#5988=CARTESIAN_POINT('Ctrl Pts',(4.35748845895333,5.79231924566272,2.24947492374852));
#5989=CARTESIAN_POINT('Ctrl Pts',(4.3749296564315,5.77678851434512,2.24945580270617));
#5990=CARTESIAN_POINT('Ctrl Pts',(4.39164726337866,5.76038093682703,2.24943560211303));
#5991=CARTESIAN_POINT('Ctrl Pts',(4.40748861135033,5.74325070896009,2.24941451181111));
#5992=CARTESIAN_POINT('Ctrl Pts',(4.42337088152969,5.72607622938277,2.2493933670276));
#5993=CARTESIAN_POINT('Ctrl Pts',(4.4383717726844,5.70817618135426,2.24937132894263));
#5994=CARTESIAN_POINT('Ctrl Pts',(4.45237955024276,5.68973697429046,2.24934862705874));
#5995=CARTESIAN_POINT('Ctrl Pts',(4.46657685779341,5.67104827848667,2.24932561801063));
#5996=CARTESIAN_POINT('Ctrl Pts',(4.47975363086891,5.65180670126291,2.24930192826896));
#5997=CARTESIAN_POINT('Ctrl Pts',(4.49184418489918,5.63222455290122,2.24927781922473));
#5998=CARTESIAN_POINT('Ctrl Pts',(4.5040730482619,5.61241839546096,2.24925343438622));
#5999=CARTESIAN_POINT('Ctrl Pts',(4.51519071073069,5.59226487284223,2.2492286218805));
#6000=CARTESIAN_POINT('Ctrl Pts',(4.52518338517467,5.57198674375433,2.24920365596247));
#6001=CARTESIAN_POINT('Ctrl Pts',(4.53532769475591,5.5514009015607,2.24917831119587));
#6002=CARTESIAN_POINT('Ctrl Pts',(4.54431295429367,5.53068762204818,2.24915280953167));
#6003=CARTESIAN_POINT('Ctrl Pts',(4.55217761843033,5.51006753861835,2.24912742260813));
#6004=CARTESIAN_POINT('Ctrl Pts',(4.56019154463884,5.48905611026634,2.24910155387064));
#6005=CARTESIAN_POINT('Ctrl Pts',(4.5670425613033,5.46814226307663,2.24907580527261));
#6006=CARTESIAN_POINT('Ctrl Pts',(4.57281845348395,5.44753273151014,2.24905043134025));
#6007=CARTESIAN_POINT('Ctrl Pts',(4.57880625822813,5.42616705378806,2.24902412645993));
#6008=CARTESIAN_POINT('Ctrl Pts',(4.58363939289919,5.40512911411361,2.24899822508238));
#6009=CARTESIAN_POINT('Ctrl Pts',(4.5874549234679,5.38460889887511,2.24897296111402));
#6010=CARTESIAN_POINT('Ctrl Pts',(4.59136148974268,5.36359908664633,2.24894709436627));
#6011=CARTESIAN_POINT('Ctrl Pts',(4.59420234172558,5.34313225967393,2.24892189612819));
#6012=CARTESIAN_POINT('Ctrl Pts',(4.59615063747849,5.32336347542911,2.2488975573026));
#6013=CARTESIAN_POINT('Ctrl Pts',(4.59817718730087,5.3028006701464,2.24887224089846));
#6014=CARTESIAN_POINT('Ctrl Pts',(4.59923909122268,5.28299313690383,2.24884785436609));
#6015=CARTESIAN_POINT('Ctrl Pts',(4.59954277768949,5.26406059935238,2.24882454510621));
#6016=CARTESIAN_POINT('Ctrl Pts',(4.59960536241921,5.26015891825991,2.24881974145545));
#6017=CARTESIAN_POINT('Ctrl Pts',(4.59963575269331,5.2562942210843,2.24881498333834));
#6018=CARTESIAN_POINT('Ctrl Pts',(4.59963575269331,5.25246728746893,2.24881027171477));
#6019=CARTESIAN_POINT('',(-4.45392849932049,-5.10424174785973,2.23605935432188));
#6020=CARTESIAN_POINT('',(4.45392849932049,5.08578733849926,2.24860505959062));
#6021=CARTESIAN_POINT('Ctrl Pts',(-4.45392849932049,-5.10424174785973,2.23605935432188));
#6022=CARTESIAN_POINT('Ctrl Pts',(-4.45392849932049,-5.80421638417871,2.23519756330948));
#6023=CARTESIAN_POINT('Ctrl Pts',(-3.75392849932049,-5.80421638417871,2.23519756330948));
#6024=CARTESIAN_POINT('Ctrl Pts',(0.,-5.80421638417871,2.23519756330948));
#6025=CARTESIAN_POINT('Ctrl Pts',(3.75392849932049,-5.80421638417871,2.23519756330948));
#6026=CARTESIAN_POINT('Ctrl Pts',(4.45392849932049,-5.80421638417871,2.23519756330948));
#6027=CARTESIAN_POINT('Ctrl Pts',(4.45392849932049,-5.10424174785973,2.23605935432189));
#6028=CARTESIAN_POINT('Ctrl Pts',(4.45392849932049,-0.0092272046802333,
2.24233220695626));
#6029=CARTESIAN_POINT('Ctrl Pts',(4.45392849932049,5.08578733849926,2.24860505959062));
#6030=CARTESIAN_POINT('Ctrl Pts',(4.45392849932049,5.08578733849926,2.24860505959062));
#6031=CARTESIAN_POINT('Ctrl Pts',(4.45392849932049,5.78576197481824,2.2494668506026));
#6032=CARTESIAN_POINT('Ctrl Pts',(3.75392849932049,5.78576197481824,2.2494668506026));
#6033=CARTESIAN_POINT('Ctrl Pts',(0.,5.78576197481824,2.2494668506026));
#6034=CARTESIAN_POINT('Ctrl Pts',(-3.75392849932049,5.78576197481824,2.2494668506026));
#6035=CARTESIAN_POINT('Ctrl Pts',(-4.45392849932049,5.78576197481824,2.2494668506026));
#6036=CARTESIAN_POINT('Ctrl Pts',(-4.45392849932049,5.08578733849926,2.24860505959019));
#6037=CARTESIAN_POINT('Ctrl Pts',(-4.45392849932049,-0.00922720468023663,
2.24233220695582));
#6038=CARTESIAN_POINT('Ctrl Pts',(-4.45392849932049,-5.10424174785973,2.23605935432188));
#6039=CARTESIAN_POINT('Ctrl Pts',(-4.59963575269332,-5.2709216968294,2.23585414219773));
#6040=CARTESIAN_POINT('Ctrl Pts',(-4.59963575269331,-0.00922720468023552,
2.24233220695625));
#6041=CARTESIAN_POINT('Ctrl Pts',(-4.59963575269331,5.25246728746893,2.24881027171477));
#6042=CARTESIAN_POINT('Ctrl Pts',(-4.59963575269331,5.97534111979077,2.2497002556363));
#6043=CARTESIAN_POINT('Ctrl Pts',(-3.87673572693481,5.97534111979077,2.2497002556363));
#6044=CARTESIAN_POINT('Ctrl Pts',(0.,5.97534111979077,2.2497002556363));
#6045=CARTESIAN_POINT('Ctrl Pts',(3.87673572693481,5.97534111979077,2.2497002556363));
#6046=CARTESIAN_POINT('Ctrl Pts',(4.59963575269331,5.97534111979077,2.2497002556363));
#6047=CARTESIAN_POINT('Ctrl Pts',(4.59963575269331,5.25246728746893,2.24881027171477));
#6048=CARTESIAN_POINT('Ctrl Pts',(-4.59963575269332,-5.26207473735012,9.12130584625626));
#6049=CARTESIAN_POINT('Ctrl Pts',(-4.59963575269331,-0.00038024520095597,
9.12778391101478));
#6050=CARTESIAN_POINT('Ctrl Pts',(-4.59963575269331,5.26131424694821,9.1342619757733));
#6051=CARTESIAN_POINT('Ctrl Pts',(-4.59963575269331,5.98418807927005,9.13515195969483));
#6052=CARTESIAN_POINT('Ctrl Pts',(-3.87673572693481,5.98418807927005,9.13515195969483));
#6053=CARTESIAN_POINT('Ctrl Pts',(0.,5.98418807927005,9.13515195969483));
#6054=CARTESIAN_POINT('Ctrl Pts',(3.87673572693481,5.98418807927005,9.13515195969483));
#6055=CARTESIAN_POINT('Ctrl Pts',(4.59963575269331,5.98418807927005,9.13515195969483));
#6056=CARTESIAN_POINT('Ctrl Pts',(4.59963575269331,5.26131424694821,9.1342619757733));
#6057=CARTESIAN_POINT('Ctrl Pts',(-4.59963575269332,-5.26207473735012,9.12130584625626));
#6058=CARTESIAN_POINT('Ctrl Pts',(-4.59963575269332,-3.47306506292905,9.12350842957648));
#6059=CARTESIAN_POINT('Ctrl Pts',(-4.59963575269331,-1.68405538850798,9.1257110128967));
#6060=CARTESIAN_POINT('Ctrl Pts',(-4.59963575269331,0.0771939005381294,
9.12787941833478));
#6061=CARTESIAN_POINT('Ctrl Pts',(-4.59963575269331,0.957818545061184,9.12896362105383));
#6062=CARTESIAN_POINT('Ctrl Pts',(-4.59963575269331,1.83150309324049,9.13003927930234));
#6063=CARTESIAN_POINT('Ctrl Pts',(-4.59963575269331,2.69477749690419,9.13110212084505));
#6064=CARTESIAN_POINT('Ctrl Pts',(-4.59963575269331,3.12641469873604,9.1316335416164));
#6065=CARTESIAN_POINT('Ctrl Pts',(-4.59963575269331,3.55544936443899,9.13216175821131));
#6066=CARTESIAN_POINT('Ctrl Pts',(-4.59963575269331,3.98144773799154,9.13268623660035));
#6067=CARTESIAN_POINT('Ctrl Pts',(-4.59963575269331,4.19444692476782,9.13294847579488));
#6068=CARTESIAN_POINT('Ctrl Pts',(-4.59963575269331,4.40668703850651,9.13320978043794));
#6069=CARTESIAN_POINT('Ctrl Pts',(-4.59963575269331,4.61811385970491,9.13347008377585));
#6070=CARTESIAN_POINT('Ctrl Pts',(-4.59963575269331,4.72382727030411,9.13360023544481));
#6071=CARTESIAN_POINT('Ctrl Pts',(-4.59963575269331,4.82933735776823,9.13373013678749));
#6072=CARTESIAN_POINT('Ctrl Pts',(-4.59963575269331,4.93463734465945,9.13385977945967));
#6073=CARTESIAN_POINT('Ctrl Pts',(-4.59963575269331,4.96096234138226,9.13389219012771));
#6074=CARTESIAN_POINT('Ctrl Pts',(-4.59963575269331,4.98727420681927,9.13392458462885));
#6075=CARTESIAN_POINT('Ctrl Pts',(-4.59963575269331,5.01357283507299,9.1339569628327));
#6076=CARTESIAN_POINT('Ctrl Pts',(-4.59963575269331,5.02416010057108,9.13396999760536));
#6077=CARTESIAN_POINT('Ctrl Pts',(-4.59963575269331,5.03474522072488,9.13398302973673));
#6078=CARTESIAN_POINT('Ctrl Pts',(-4.59963575269331,5.04532818862504,9.1339960592183));
#6079=CARTESIAN_POINT('Ctrl Pts',(-4.59963575269331,5.0499024063774,9.13400169087913));
#6080=CARTESIAN_POINT('Ctrl Pts',(-4.59963575269331,5.05447153831403,9.13400731627845));
#6081=CARTESIAN_POINT('Ctrl Pts',(-4.59963575269331,5.05906496529502,9.1340129715892));
#6082=CARTESIAN_POINT('Ctrl Pts',(-4.59963575269331,5.12303917228022,9.13409173500968));
#6083=CARTESIAN_POINT('Ctrl Pts',(-4.59963575269331,5.19072651899585,9.13417506995359));
#6084=CARTESIAN_POINT('Ctrl Pts',(-4.59963575269331,5.26131424694822,9.13426197577328));
#6085=CARTESIAN_POINT('Ctrl Pts',(-4.59963575269331,5.28125129962285,9.13428652176669));
#6086=CARTESIAN_POINT('Ctrl Pts',(-4.59881031679246,5.30193115067028,9.13431198227461));
#6087=CARTESIAN_POINT('Ctrl Pts',(-4.59697898087072,5.32323213255535,9.13433820750306));
#6088=CARTESIAN_POINT('Ctrl Pts',(-4.59519945417049,5.34393050119188,9.13436369080936));
#6089=CARTESIAN_POINT('Ctrl Pts',(-4.5924692539031,5.36521525512784,9.13438989605837));
#6090=CARTESIAN_POINT('Ctrl Pts',(-4.58863744005506,5.38692974977446,9.13441663039324));
#6091=CARTESIAN_POINT('Ctrl Pts',(-4.58489839898642,5.40811851062982,9.134442717458));
#6092=CARTESIAN_POINT('Ctrl Pts',(-4.58010960859681,5.42971609036735,9.13446930785019));
#6093=CARTESIAN_POINT('Ctrl Pts',(-4.57415754587069,5.45153683066455,9.13449617299201));
#6094=CARTESIAN_POINT('Ctrl Pts',(-4.56832572327709,5.47291676097269,9.13452249541975));
#6095=CARTESIAN_POINT('Ctrl Pts',(-4.56137645237957,5.49451031485038,9.13454908085541));
#6096=CARTESIAN_POINT('Ctrl Pts',(-4.55324022939188,5.51611102957951,9.13457567510733));
#6097=CARTESIAN_POINT('Ctrl Pts',(-4.54523611755469,5.53736100474816,9.1346018375376));
#6098=CARTESIAN_POINT('Ctrl Pts',(-4.53608279400442,5.55861709739894,9.13462800749956));
#6099=CARTESIAN_POINT('Ctrl Pts',(-4.52575939766995,5.57966213433806,9.13465391761509));
#6100=CARTESIAN_POINT('Ctrl Pts',(-4.51556298770866,5.6004482997946,9.13467950901461));
#6101=CARTESIAN_POINT('Ctrl Pts',(-4.50422488897772,5.62102762776663,9.13470484576107));
#6102=CARTESIAN_POINT('Ctrl Pts',(-4.49177494621402,5.64118363013683,9.13472966131979));
#6103=CARTESIAN_POINT('Ctrl Pts',(-4.47942932050109,5.66117074701395,9.13475426895097));
#6104=CARTESIAN_POINT('Ctrl Pts',(-4.46599048259807,5.68074062181298,9.1347783628843));
#6105=CARTESIAN_POINT('Ctrl Pts',(-4.45153809670033,5.69968937841292,9.13480169211265));
#6106=CARTESIAN_POINT('Ctrl Pts',(-4.43715021707606,5.71855355979574,9.13482491721415));
#6107=CARTESIAN_POINT('Ctrl Pts',(-4.4217581992856,5.73680123591423,9.13484738329));
#6108=CARTESIAN_POINT('Ctrl Pts',(-4.4054875637072,5.75425271430339,9.13486886910741));
#6109=CARTESIAN_POINT('Ctrl Pts',(-4.38922586020364,5.77169461237161,9.13489034312978));
#6110=CARTESIAN_POINT('Ctrl Pts',(-4.3720871575116,5.78834042592906,9.13491083703309));
#6111=CARTESIAN_POINT('Ctrl Pts',(-4.35423596333334,5.80404495779056,9.13493017205426));
#6112=CARTESIAN_POINT('Ctrl Pts',(-4.33587348044835,5.82019929428166,9.13495006086348));
#6113=CARTESIAN_POINT('Ctrl Pts',(-4.31675792475256,5.83535689420223,9.13496872251592));
#6114=CARTESIAN_POINT('Ctrl Pts',(-4.29709879729226,5.849408007933,9.13498602189064));
#6115=CARTESIAN_POINT('Ctrl Pts',(-4.27765513297039,5.8633051220995,9.135003131665));
#6116=CARTESIAN_POINT('Ctrl Pts',(-4.25768083301737,5.87611979832524,9.13501890876924));
#6117=CARTESIAN_POINT('Ctrl Pts',(-4.23739316355007,5.88779825858933,9.13503328699321));
#6118=CARTESIAN_POINT('Ctrl Pts',(-4.21686686605469,5.89961408347031,9.13504783433701));
#6119=CARTESIAN_POINT('Ctrl Pts',(-4.19602081311544,5.91026690334839,9.13506094981856));
#6120=CARTESIAN_POINT('Ctrl Pts',(-4.17507902908765,5.91975505799613,9.13507263139383));
#6121=CARTESIAN_POINT('Ctrl Pts',(-4.15381682852391,5.92938838469037,9.13508449170123));
#6122=CARTESIAN_POINT('Ctrl Pts',(-4.13245688370731,5.93782154554067,9.13509487439491));
#6123=CARTESIAN_POINT('Ctrl Pts',(-4.11121747239935,5.94510432644756,9.13510384076998));
#6124=CARTESIAN_POINT('Ctrl Pts',(-4.08928542886149,5.95262460399248,9.13511309954489));
#6125=CARTESIAN_POINT('Ctrl Pts',(-4.0674827643729,5.95891885437676,9.13512084886626));
#6126=CARTESIAN_POINT('Ctrl Pts',(-4.04601855606334,5.96408873272765,9.13512721388931));
#6127=CARTESIAN_POINT('Ctrl Pts',(-4.02412498519016,5.96936202752839,9.13513370623608));
#6128=CARTESIAN_POINT('Ctrl Pts',(-4.00258405196722,5.97346644369757,9.13513875948913));
#6129=CARTESIAN_POINT('Ctrl Pts',(-3.98157507717314,5.97654573716369,9.13514255063712));
#6130=CARTESIAN_POINT('Ctrl Pts',(-3.95974768717026,5.97974498605979,9.13514648947119));
#6131=CARTESIAN_POINT('Ctrl Pts',(-3.93849482955856,5.98183868823661,9.13514906718419));
#6132=CARTESIAN_POINT('Ctrl Pts',(-3.91796537207075,5.98301142513445,9.1351505110281));
#6133=CARTESIAN_POINT('Ctrl Pts',(-3.90387091583697,5.98381656520648,9.13515150229613));
#6134=CARTESIAN_POINT('Ctrl Pts',(-3.89011628282008,5.98418807927005,9.13515195969482));
#6135=CARTESIAN_POINT('Ctrl Pts',(-3.87673572693481,5.98418807927005,9.13515195969482));
#6136=CARTESIAN_POINT('Ctrl Pts',(-3.86148828240048,5.98418807927005,9.13515195969482));
#6137=CARTESIAN_POINT('Ctrl Pts',(-3.84624083786614,5.98418807927005,9.13515195969482));
#6138=CARTESIAN_POINT('Ctrl Pts',(-3.83099339333181,5.98418807927005,9.13515195969482));
#6139=CARTESIAN_POINT('Ctrl Pts',(-2.48301708834408,5.98418807927005,9.13515195969482));
#6140=CARTESIAN_POINT('Ctrl Pts',(-1.13504078335636,5.98418807927005,9.13515195969482));
#6141=CARTESIAN_POINT('Ctrl Pts',(0.160248024494169,5.98418807927005,9.13515195969482));
#6142=CARTESIAN_POINT('Ctrl Pts',(0.807892428419431,5.98418807927005,9.13515195969482));
#6143=CARTESIAN_POINT('Ctrl Pts',(1.4423649580604,5.98418807927005,9.13515195969482));
#6144=CARTESIAN_POINT('Ctrl Pts',(2.05707967627491,5.98418807927005,9.13515195969482));
#6145=CARTESIAN_POINT('Ctrl Pts',(2.36443703538216,5.98418807927005,9.13515195969482));
#6146=CARTESIAN_POINT('Ctrl Pts',(2.66685494163281,5.98418807927005,9.13515195969481));
#6147=CARTESIAN_POINT('Ctrl Pts',(2.96351015288407,5.98418807927005,9.13515195969481));
#6148=CARTESIAN_POINT('Ctrl Pts',(3.11183775850971,5.98418807927005,9.13515195969481));
#6149=CARTESIAN_POINT('Ctrl Pts',(3.25872469038548,5.98418807927005,9.13515195969481));
#6150=CARTESIAN_POINT('Ctrl Pts',(3.40406804324357,5.98418807927005,9.13515195969481));
#6151=CARTESIAN_POINT('Ctrl Pts',(3.42223596235083,5.98418807927005,9.13515195969481));
#6152=CARTESIAN_POINT('Ctrl Pts',(3.44037976303595,5.98418807927005,9.13515195969482));
#6153=CARTESIAN_POINT('Ctrl Pts',(3.45849924431205,5.98418807927005,9.13515195969482));
#6154=CARTESIAN_POINT('Ctrl Pts',(3.4744572762059,5.98418807927005,9.13515195969482));
#6155=CARTESIAN_POINT('Ctrl Pts',(3.49039644469196,5.98418807927005,9.13515195969482));
#6156=CARTESIAN_POINT('Ctrl Pts',(3.50631661247095,5.98418807927005,9.13515195969482));
#6157=CARTESIAN_POINT('Ctrl Pts',(3.51019182495087,5.98418807927005,9.13515195969482));
#6158=CARTESIAN_POINT('Ctrl Pts',(3.51406150998052,5.98418807927005,9.13515195969481));
#6159=CARTESIAN_POINT('Ctrl Pts',(3.51795428228185,5.98418807927005,9.13515195969481));
#6160=CARTESIAN_POINT('Ctrl Pts',(3.62517799548998,5.98418807927005,9.13515195969481));
#6161=CARTESIAN_POINT('Ctrl Pts',(3.74601698665109,5.98418807927005,9.13515195969481));
#6162=CARTESIAN_POINT('Ctrl Pts',(3.87673572693481,5.98418807927005,9.13515195969481));
#6163=CARTESIAN_POINT('Ctrl Pts',(3.89567241990925,5.98418807927005,9.13515195969482));
#6164=CARTESIAN_POINT('Ctrl Pts',(3.91542166784854,5.98344373636344,9.13515104327871));
#6165=CARTESIAN_POINT('Ctrl Pts',(3.9358698795776,5.98176548252955,9.13514897705518));
#6166=CARTESIAN_POINT('Ctrl Pts',(3.95567306054913,5.98014016854958,9.13514697600984));
#6167=CARTESIAN_POINT('Ctrl Pts',(3.97613178362723,5.9776380402575,9.13514389545297));
#6168=CARTESIAN_POINT('Ctrl Pts',(3.99709745875554,5.9740980015224,9.1351395370471));
#6169=CARTESIAN_POINT('Ctrl Pts',(4.01750672647696,5.97065191176632,9.13513529430883));
#6170=CARTESIAN_POINT('Ctrl Pts',(4.03839610602924,5.96622140913244,9.1351298395864));
#6171=CARTESIAN_POINT('Ctrl Pts',(4.05958702217161,5.96068139242256,9.13512301885839));
#6172=CARTESIAN_POINT('Ctrl Pts',(4.08030836373634,5.9552641382676,9.13511634927252));
#6173=CARTESIAN_POINT('Ctrl Pts',(4.10131747875859,5.94878524891575,9.13510837262833));
#6174=CARTESIAN_POINT('Ctrl Pts',(4.12241329532493,5.94116237979171,9.13509898754528));
#6175=CARTESIAN_POINT('Ctrl Pts',(4.14313137194899,5.93367600513015,9.13508977051074));
#6176=CARTESIAN_POINT('Ctrl Pts',(4.16393230749497,5.92508569505509,9.13507919433893));
#6177=CARTESIAN_POINT('Ctrl Pts',(4.18460204131574,5.91535688959958,9.13506721648049));
#6178=CARTESIAN_POINT('Ctrl Pts',(4.20498778390404,5.90576175279581,9.13505540319151));
#6179=CARTESIAN_POINT('Ctrl Pts',(4.22524498812204,5.89505889001893,9.13504222609841));
#6180=CARTESIAN_POINT('Ctrl Pts',(4.24515760755268,5.8832641898972,9.13502770476288));
#6181=CARTESIAN_POINT('Ctrl Pts',(4.26487849745481,5.87158305556229,9.13501332324666));
#6182=CARTESIAN_POINT('Ctrl Pts',(4.28426042500293,5.8588310064231,9.1349976232473));
#6183=CARTESIAN_POINT('Ctrl Pts',(4.30309713059812,5.8450742182958,9.1349806862388));
#6184=CARTESIAN_POINT('Ctrl Pts',(4.32182930551552,5.83139377082053,9.13496384321897));
#6185=CARTESIAN_POINT('Ctrl Pts',(4.34002134724951,5.81672001210429,9.13494577725954));
#6186=CARTESIAN_POINT('Ctrl Pts',(4.35748845895333,5.801166205142,9.13492662780704));
#6187=CARTESIAN_POINT('Ctrl Pts',(4.37492965643149,5.78563547382441,9.13490750676469));
#6188=CARTESIAN_POINT('Ctrl Pts',(4.39164726337865,5.76922789630632,9.13488730617155));
#6189=CARTESIAN_POINT('Ctrl Pts',(4.40748861135031,5.75209766843939,9.13486621586963));
#6190=CARTESIAN_POINT('Ctrl Pts',(4.42337088152962,5.73492318886213,9.13484507108613));
#6191=CARTESIAN_POINT('Ctrl Pts',(4.43837177268429,5.71702314083368,9.13482303300115));
#6192=CARTESIAN_POINT('Ctrl Pts',(4.45237955024261,5.69858393376993,9.13480033111726));
#6193=CARTESIAN_POINT('Ctrl Pts',(4.46657685779327,5.67989523796615,9.13477732206916));
#6194=CARTESIAN_POINT('Ctrl Pts',(4.47975363086878,5.66065366074239,9.13475363232748));
#6195=CARTESIAN_POINT('Ctrl Pts',(4.49184418489906,5.6410715123807,9.13472952328326));
#6196=CARTESIAN_POINT('Ctrl Pts',(4.50407304826178,5.62126535494046,9.13470513844474));
#6197=CARTESIAN_POINT('Ctrl Pts',(4.51519071073056,5.60111183232175,9.13468032593903));
#6198=CARTESIAN_POINT('Ctrl Pts',(4.52518338517454,5.58083370323386,9.13465536002099));
#6199=CARTESIAN_POINT('Ctrl Pts',(4.53532769475579,5.56024786104024,9.13463001525439));
#6200=CARTESIAN_POINT('Ctrl Pts',(4.54431295429357,5.53953458152773,9.1346045135902));
#6201=CARTESIAN_POINT('Ctrl Pts',(4.55217761843023,5.51891449809789,9.13457912666666));
#6202=CARTESIAN_POINT('Ctrl Pts',(4.56019154463876,5.49790306974587,9.13455325792917));
#6203=CARTESIAN_POINT('Ctrl Pts',(4.56704256130323,5.47698922255614,9.13452750933114));
#6204=CARTESIAN_POINT('Ctrl Pts',(4.57281845348388,5.45637969098965,9.13450213539878));
#6205=CARTESIAN_POINT('Ctrl Pts',(4.57880625822807,5.43501401326757,9.13447583051846));
#6206=CARTESIAN_POINT('Ctrl Pts',(4.58363939289914,5.41397607359312,9.13444992914091));
#6207=CARTESIAN_POINT('Ctrl Pts',(4.58745492346786,5.39345585835462,9.13442466517255));
#6208=CARTESIAN_POINT('Ctrl Pts',(4.59136148974264,5.37244604612586,9.1343987984248));
#6209=CARTESIAN_POINT('Ctrl Pts',(4.59420234172555,5.35197921915348,9.13437360018672));
#6210=CARTESIAN_POINT('Ctrl Pts',(4.59615063747846,5.33221043490868,9.13434926136113));
#6211=CARTESIAN_POINT('Ctrl Pts',(4.59817718730086,5.31164762962594,9.13432394495699));
#6212=CARTESIAN_POINT('Ctrl Pts',(4.59923909122267,5.29184009638334,9.13429955842462));
#6213=CARTESIAN_POINT('Ctrl Pts',(4.59954277768948,5.27290755883187,9.13427624916474));
#6214=CARTESIAN_POINT('Ctrl Pts',(4.59960536241921,5.26900587773933,9.13427144551398));
#6215=CARTESIAN_POINT('Ctrl Pts',(4.59963575269331,5.26514118056365,9.13426668739687));
#6216=CARTESIAN_POINT('Ctrl Pts',(4.59963575269331,5.26131424694821,9.1342619757733));
#6217=CARTESIAN_POINT('Origin',(-4.59963575269332,-5.98494856967196,9.12041586233473));
#6218=CARTESIAN_POINT('',(-4.45392849932049,-5.09539478838045,9.12151105838041));
#6219=CARTESIAN_POINT('',(4.45392849932049,5.09463429797854,9.13405676364915));
#6220=CARTESIAN_POINT('Ctrl Pts',(-4.45392849932049,-5.09539478838045,9.12151105838041));
#6221=CARTESIAN_POINT('Ctrl Pts',(-4.45392849932049,-3.36305735931374,9.12364386827005));
#6222=CARTESIAN_POINT('Ctrl Pts',(-4.45392849932049,-1.63071993024702,9.12577667815968));
#6223=CARTESIAN_POINT('Ctrl Pts',(-4.45392849932049,0.0747365068843461,
9.12787639285408));
#6224=CARTESIAN_POINT('Ctrl Pts',(-4.45392849932049,0.927464725450032,9.12892625020127));
#6225=CARTESIAN_POINT('Ctrl Pts',(-4.45392849932049,1.77347269603187,9.12996783374966));
#6226=CARTESIAN_POINT('Ctrl Pts',(-4.45392849932049,2.60940029463796,9.13099700659983));
#6227=CARTESIAN_POINT('Ctrl Pts',(-4.45392849932049,3.02736409394101,9.13151159302491));
#6228=CARTESIAN_POINT('Ctrl Pts',(-4.45392849932049,3.44280780025011,9.13202307677545));
#6229=CARTESIAN_POINT('Ctrl Pts',(-4.45392849932049,3.85531139806629,9.132530940739));
#6230=CARTESIAN_POINT('Ctrl Pts',(-4.45392849932049,4.06156319697438,9.13278487272077));
#6231=CARTESIAN_POINT('Ctrl Pts',(-4.45392849932049,4.26707996875923,9.1330378997558));
#6232=CARTESIAN_POINT('Ctrl Pts',(-4.45392849932049,4.47180921148348,9.13328995720504));
#6233=CARTESIAN_POINT('Ctrl Pts',(-4.45392849932049,4.57417383284561,9.13341598592965));
#6234=CARTESIAN_POINT('Ctrl Pts',(-4.45392849932049,4.67634157194261,9.13354177225782));
#6235=CARTESIAN_POINT('Ctrl Pts',(-4.45392849932049,4.77830586603226,9.13366730810965));
#6236=CARTESIAN_POINT('Ctrl Pts',(-4.45392849932049,4.80379693955467,9.13369869207261));
#6237=CARTESIAN_POINT('Ctrl Pts',(-4.45392849932049,4.82927529776412,9.1337300603808));
#6238=CARTESIAN_POINT('Ctrl Pts',(-4.45392849932049,4.85474083811777,9.13376141290797));
#6239=CARTESIAN_POINT('Ctrl Pts',(-4.45392849932049,4.86507555667074,9.13377413675124));
#6240=CARTESIAN_POINT('Ctrl Pts',(-4.45392849932049,4.87540816413298,9.13378685799538));
#6241=CARTESIAN_POINT('Ctrl Pts',(-4.45392849932049,4.88573865365052,9.13379957663197));
#6242=CARTESIAN_POINT('Ctrl Pts',(-4.45392849932049,4.89013568612877,9.1338049901468));
#6243=CARTESIAN_POINT('Ctrl Pts',(-4.45392849932049,4.89452818276201,9.13381039807721));
#6244=CARTESIAN_POINT('Ctrl Pts',(-4.45392849932049,4.89894411474274,9.13381583486062));
#6245=CARTESIAN_POINT('Ctrl Pts',(-4.45392849932049,4.96084688604262,9.13389204798204));
#6246=CARTESIAN_POINT('Ctrl Pts',(-4.45392849932049,5.02633864025525,9.13397267976817));
#6247=CARTESIAN_POINT('Ctrl Pts',(-4.45392849932049,5.09463429797853,9.13405676364915));
#6248=CARTESIAN_POINT('Ctrl Pts',(-4.45392849932049,5.11409577537379,9.13408072412634));
#6249=CARTESIAN_POINT('Ctrl Pts',(-4.45311622925134,5.13428825625924,9.13410558459648));
#6250=CARTESIAN_POINT('Ctrl Pts',(-4.45131271201963,5.15509085258316,9.13413119622527));
#6251=CARTESIAN_POINT('Ctrl Pts',(-4.44956059896498,5.17530052951285,9.13415607786674));
#6252=CARTESIAN_POINT('Ctrl Pts',(-4.44687204854835,5.19608593650629,9.13418166833246));
#6253=CARTESIAN_POINT('Ctrl Pts',(-4.44309769757146,5.21729124179654,9.13420777576631));
#6254=CARTESIAN_POINT('Ctrl Pts',(-4.43941527822669,5.23798005078403,9.13423324730302));
#6255=CARTESIAN_POINT('Ctrl Pts',(-4.43469846965539,5.2590681801614,9.13425921047286));
#6256=CARTESIAN_POINT('Ctrl Pts',(-4.42883546617262,5.28037090170274,9.13428543784313));
#6257=CARTESIAN_POINT('Ctrl Pts',(-4.42309137963225,5.30124154870794,9.13431113325419));
#6258=CARTESIAN_POINT('Ctrl Pts',(-4.41624642014276,5.32231754864624,9.13433708149057));
#6259=CARTESIAN_POINT('Ctrl Pts',(-4.40823295768608,5.34339360159159,9.13436302979221));
#6260=CARTESIAN_POINT('Ctrl Pts',(-4.40034975226462,5.36412706802259,9.13438855631003));
#6261=CARTESIAN_POINT('Ctrl Pts',(-4.39133523402389,5.38485976077698,9.13441408187532));
#6262=CARTESIAN_POINT('Ctrl Pts',(-4.38117053806863,5.40537603469658,9.13443934099123));
#6263=CARTESIAN_POINT('Ctrl Pts',(-4.37113040743203,5.42564088779555,9.1344642905642));
#6264=CARTESIAN_POINT('Ctrl Pts',(-4.35996790214061,5.44569364051368,9.13448897900457));
#6265=CARTESIAN_POINT('Ctrl Pts',(-4.34771489244696,5.4653198266652,9.134513142267));
#6266=CARTESIAN_POINT('Ctrl Pts',(-4.33556320699652,5.48478371730658,9.13453710571532));
#6267=CARTESIAN_POINT('Ctrl Pts',(-4.32233907191192,5.50382707902217,9.13456055141909));
#6268=CARTESIAN_POINT('Ctrl Pts',(-4.30812405427015,5.52224865128037,9.13458323159146));
#6269=CARTESIAN_POINT('Ctrl Pts',(-4.2939700227673,5.54059119018151,9.13460581445997));
#6270=CARTESIAN_POINT('Ctrl Pts',(-4.27883399516922,5.55831634346313,9.13462763721896));
#6271=CARTESIAN_POINT('Ctrl Pts',(-4.2628430722816,5.57524767406155,9.13464848264361));
#6272=CARTESIAN_POINT('Ctrl Pts',(-4.24685714203427,5.59217371840826,9.13466932155996));
#6273=CARTESIAN_POINT('Ctrl Pts',(-4.23001752567616,5.60830568246463,9.13468918282481));
#6274=CARTESIAN_POINT('Ctrl Pts',(-4.21248976276703,5.62350223732264,9.13470789243758));
#6275=CARTESIAN_POINT('Ctrl Pts',(-4.19476559892182,5.63886907161762,9.13472681169408));
#6276=CARTESIAN_POINT('Ctrl Pts',(-4.17633865028852,5.6532788420081,9.13474455263777));
#6277=CARTESIAN_POINT('Ctrl Pts',(-4.15740784847691,5.66663141641149,9.1347609919886));
#6278=CARTESIAN_POINT('Ctrl Pts',(-4.13835144013851,5.6800725856093,9.13477754041508));
#6279=CARTESIAN_POINT('Ctrl Pts',(-4.11878549989782,5.69244228447691,9.13479276967449));
#6280=CARTESIAN_POINT('Ctrl Pts',(-4.09892636721932,5.70369060722713,9.13480661832406));
#6281=CARTESIAN_POINT('Ctrl Pts',(-4.07882700335614,5.71507499825101,9.13482063449744));
#6282=CARTESIAN_POINT('Ctrl Pts',(-4.05842834519061,5.72531084051902,9.13483323660674));
#6283=CARTESIAN_POINT('Ctrl Pts',(-4.03795257417117,5.73440039760542,9.1348444274388));
#6284=CARTESIAN_POINT('Ctrl Pts',(-4.01715545663293,5.74363260609792,9.13485579389966));
#6285=CARTESIAN_POINT('Ctrl Pts',(-3.99627972117355,5.75168270576463,9.13486570497812));
#6286=CARTESIAN_POINT('Ctrl Pts',(-3.97554083637117,5.7586041937766,9.13487422653855));
#6287=CARTESIAN_POINT('Ctrl Pts',(-3.95412060188876,5.76575307847298,9.134883028064));
#6288=CARTESIAN_POINT('Ctrl Pts',(-3.932847199556,5.77169860974736,9.13489034805126));
#6289=CARTESIAN_POINT('Ctrl Pts',(-3.91192569082499,5.77654572034376,9.13489631569084));
#6290=CARTESIAN_POINT('Ctrl Pts',(-3.89057659940698,5.78149189361292,9.13490240529388));
#6291=CARTESIAN_POINT('Ctrl Pts',(-3.86959441142833,5.78529523524668,9.1349070878716));
#6292=CARTESIAN_POINT('Ctrl Pts',(-3.84915363391909,5.78810190525578,9.1349105433725));
#6293=CARTESIAN_POINT('Ctrl Pts',(-3.82792520883461,5.79101672510537,9.13491413202475));
#6294=CARTESIAN_POINT('Ctrl Pts',(-3.80728100300896,5.7928575973457,9.13491639845994));
#6295=CARTESIAN_POINT('Ctrl Pts',(-3.78736394083943,5.79380998673819,9.1349175710176));
#6296=CARTESIAN_POINT('Ctrl Pts',(-3.77597564305226,5.7943545496822,9.13491824146968));
#6297=CARTESIAN_POINT('Ctrl Pts',(-3.76482408694132,5.79460893429752,9.13491855466156));
#6298=CARTESIAN_POINT('Ctrl Pts',(-3.75392849932049,5.79460893429752,9.13491855466156));
#6299=CARTESIAN_POINT('Ctrl Pts',(-3.57554787712469,5.79460893429752,9.13491855466156));
#6300=CARTESIAN_POINT('Ctrl Pts',(-3.39715794823324,5.79460893429752,9.13491855466156));
#6301=CARTESIAN_POINT('Ctrl Pts',(-3.21888630823711,5.79460893429752,9.13491855466156));
#6302=CARTESIAN_POINT('Ctrl Pts',(-1.99616831646201,5.79460893429752,9.13491855466156));
#6303=CARTESIAN_POINT('Ctrl Pts',(-0.779055778572621,5.79460893429752,9.13491855466156));
#6304=CARTESIAN_POINT('Ctrl Pts',(0.390415250023335,5.79460893429752,9.13491855466156));
#6305=CARTESIAN_POINT('Ctrl Pts',(0.975150764321314,5.79460893429752,9.13491855466156));
#6306=CARTESIAN_POINT('Ctrl Pts',(1.54797590129593,5.79460893429752,9.13491855466156));
#6307=CARTESIAN_POINT('Ctrl Pts',(2.10363615402123,5.79460893429752,9.13491855466156));
#6308=CARTESIAN_POINT('Ctrl Pts',(2.38146628038388,5.79460893429752,9.13491855466156));
#6309=CARTESIAN_POINT('Ctrl Pts',(2.65500518568421,5.79460893429752,9.13491855466156));
#6310=CARTESIAN_POINT('Ctrl Pts',(2.92359605655645,5.79460893429752,9.13491855466156));
#6311=CARTESIAN_POINT('Ctrl Pts',(3.05789149199257,5.79460893429752,9.13491855466156));
#6312=CARTESIAN_POINT('Ctrl Pts',(3.19094991882167,5.79460893429752,9.13491855466156));
#6313=CARTESIAN_POINT('Ctrl Pts',(3.32268923537303,5.79460893429752,9.13491855466156));
#6314=CARTESIAN_POINT('Ctrl Pts',(3.33915664994195,5.79460893429752,9.13491855466156));
#6315=CARTESIAN_POINT('Ctrl Pts',(3.35560345341278,5.79460893429752,9.13491855466156));
#6316=CARTESIAN_POINT('Ctrl Pts',(3.3720294854307,5.79460893429752,9.13491855466156));
#6317=CARTESIAN_POINT('Ctrl Pts',(3.38009710268063,5.79460893429752,9.13491855466156));
#6318=CARTESIAN_POINT('Ctrl Pts',(3.38815970930306,5.79460893429752,9.13491855466156));
#6319=CARTESIAN_POINT('Ctrl Pts',(3.39621728629948,5.79460893429752,9.13491855466156));
#6320=CARTESIAN_POINT('Ctrl Pts',(3.39970157193898,5.79460893429752,9.13491855466156));
#6321=CARTESIAN_POINT('Ctrl Pts',(3.40318235268094,5.79460893429752,9.13491855466156));
#6322=CARTESIAN_POINT('Ctrl Pts',(3.40668304122904,5.79460893429752,9.13491855466156));
#6323=CARTESIAN_POINT('Ctrl Pts',(3.51046659652802,5.79460893429752,9.13491855466156));
#6324=CARTESIAN_POINT('Ctrl Pts',(3.62741894643541,5.79460893429752,9.13491855466156));
#6325=CARTESIAN_POINT('Ctrl Pts',(3.75392849932048,5.79460893429752,9.13491855466156));
#6326=CARTESIAN_POINT('Ctrl Pts',(3.77240485602711,5.79460893429752,9.13491855466156));
#6327=CARTESIAN_POINT('Ctrl Pts',(3.79168014820226,5.7938771513494,9.13491765370896));
#6328=CARTESIAN_POINT('Ctrl Pts',(3.81164166557372,5.79222581405548,9.13491562062438));
#6329=CARTESIAN_POINT('Ctrl Pts',(3.83097789829453,5.79062620408487,9.13491365122517));
#6330=CARTESIAN_POINT('Ctrl Pts',(3.85095801920816,5.78816284508815,9.13491061840007));
#6331=CARTESIAN_POINT('Ctrl Pts',(3.87143419376869,5.7846762560127,9.13490632580007));
#6332=CARTESIAN_POINT('Ctrl Pts',(3.89136363003994,5.78128276302514,9.1349021478176));
#6333=CARTESIAN_POINT('Ctrl Pts',(3.91176268699568,5.77691908587875,9.13489677536901));
#6334=CARTESIAN_POINT('Ctrl Pts',(3.93245364545866,5.77146187814774,9.13489005659332));
#6335=CARTESIAN_POINT('Ctrl Pts',(3.9526841857148,5.76612610499417,9.13488348732479));
#6336=CARTESIAN_POINT('Ctrl Pts',(3.97319322307462,5.75974417597181,9.1348756300557));
#6337=CARTESIAN_POINT('Ctrl Pts',(3.99378075317292,5.75223566410836,9.1348663857664));
#6338=CARTESIAN_POINT('Ctrl Pts',(4.01399911068004,5.74486179378603,9.13485730724435));
#6339=CARTESIAN_POINT('Ctrl Pts',(4.03429239317891,5.73640082790952,9.13484689031784));
#6340=CARTESIAN_POINT('Ctrl Pts',(4.05444795116025,5.72682026360281,9.13483509497014));
#6341=CARTESIAN_POINT('Ctrl Pts',(4.07432738470344,5.71737094983943,9.13482346121478));
#6342=CARTESIAN_POINT('Ctrl Pts',(4.09407191232323,5.70683221265776,9.13481048618896));
#6343=CARTESIAN_POINT('Ctrl Pts',(4.11346737587623,5.69522205620331,9.1347961920589));
#6344=CARTESIAN_POINT('Ctrl Pts',(4.13267812770389,5.68372246849213,9.13478203405828));
#6345=CARTESIAN_POINT('Ctrl Pts',(4.15154544249825,5.67117178498223,9.13476658197518));
#6346=CARTESIAN_POINT('Ctrl Pts',(4.16986553640098,5.65763821414156,9.13474991978614));
#6347=CARTESIAN_POINT('Ctrl Pts',(4.18808708909903,5.64417743847221,9.13473334722066));
#6348=CARTESIAN_POINT('Ctrl Pts',(4.20576634381794,5.62974464800062,9.13471557793522));
#6349=CARTESIAN_POINT('Ctrl Pts',(4.22272162847998,5.61445486245662,9.1346967535392));
#6350=CARTESIAN_POINT('Ctrl Pts',(4.23965576393475,5.59918414865633,9.13467795262381));
#6351=CARTESIAN_POINT('Ctrl Pts',(4.25586693006464,5.58305919088653,9.13465809998493));
#6352=CARTESIAN_POINT('Ctrl Pts',(4.27120622361956,5.56623544058409,9.13463738701041));
#6353=CARTESIAN_POINT('Ctrl Pts',(4.28658978796242,5.54936313519798,9.13461661425611));
#6354=CARTESIAN_POINT('Ctrl Pts',(4.30109586744236,5.53178883841709,9.13459497722781));
#6355=CARTESIAN_POINT('Ctrl Pts',(4.31461704198855,5.51369948500223,9.13457270607485));
#6356=CARTESIAN_POINT('Ctrl Pts',(4.32832708260038,5.49535745642237,9.13455012383464));
#6357=CARTESIAN_POINT('Ctrl Pts',(4.34102416903362,5.47648686498275,9.13452689084124));
#6358=CARTESIAN_POINT('Ctrl Pts',(4.35264739425014,5.45729964363981,9.13450326802115));
#6359=CARTESIAN_POINT('Ctrl Pts',(4.36440832061223,5.43788510997092,9.13447936533988));
#6360=CARTESIAN_POINT('Ctrl Pts',(4.37506983278089,5.41814744924808,9.13445506483278));
#6361=CARTESIAN_POINT('Ctrl Pts',(4.38462307745023,5.39830791546293,9.13443063890216));
#6362=CARTESIAN_POINT('Ctrl Pts',(4.39432581361075,5.378157927838,9.13440583074864));
#6363=CARTESIAN_POINT('Ctrl Pts',(4.40288569847862,5.35790382924921,9.13438089441635));
#6364=CARTESIAN_POINT('Ctrl Pts',(4.41034595815579,5.33776355538486,9.13435609822217));
#6365=CARTESIAN_POINT('Ctrl Pts',(4.41795185486524,5.3172301089177,9.13433081796385));
#6366=CARTESIAN_POINT('Ctrl Pts',(4.42441542995419,5.29681577242564,9.13430568435072));
#6367=CARTESIAN_POINT('Ctrl Pts',(4.42982874547472,5.27672343644483,9.13428094717644));
#6368=CARTESIAN_POINT('Ctrl Pts',(4.43544219038721,5.25588829007955,9.13425529547287));
#6369=CARTESIAN_POINT('Ctrl Pts',(4.43992710705806,5.23540004669816,9.13423007086745));
#6370=CARTESIAN_POINT('Ctrl Pts',(4.44342402775104,5.21544348041735,9.13420550084938));
#6371=CARTESIAN_POINT('Ctrl Pts',(4.44700640362977,5.19499923019176,9.13418033040722));
#6372=CARTESIAN_POINT('Ctrl Pts',(4.44955294708202,5.17511318213607,9.13415584720941));
#6373=CARTESIAN_POINT('Ctrl Pts',(4.45123905867962,5.15593447317321,9.13413223486953));
#6374=CARTESIAN_POINT('Ctrl Pts',(4.45299179507602,5.1359979391484,9.13410768951467));
#6375=CARTESIAN_POINT('Ctrl Pts',(4.45381581000571,5.11682572214395,9.13408408516754));
#6376=CARTESIAN_POINT('Ctrl Pts',(4.45391765423035,5.09853069481631,9.13406156079408));
#6377=CARTESIAN_POINT('Ctrl Pts',(4.45392490906181,5.09722745606933,9.1340599562796));
#6378=CARTESIAN_POINT('Ctrl Pts',(4.45392849932049,5.09592864678412,9.13405835721856));
#6379=CARTESIAN_POINT('Ctrl Pts',(4.45392849932049,5.09463429797854,9.13405676364915));
#6380=CARTESIAN_POINT('Ctrl Pts',(4.45392849932049,5.09463429797854,9.13405676364915));
#6381=CARTESIAN_POINT('Ctrl Pts',(4.45392849932049,3.36229686891183,9.13192395375951));
#6382=CARTESIAN_POINT('Ctrl Pts',(4.45392849932049,1.62995943984512,9.12979114386987));
#6383=CARTESIAN_POINT('Ctrl Pts',(4.45392849932049,-0.0754969972862463,
9.12769142917548));
#6384=CARTESIAN_POINT('Ctrl Pts',(4.45392849932049,-0.928225215851929,9.12664157182828));
#6385=CARTESIAN_POINT('Ctrl Pts',(4.45392849932049,-1.77423318643377,9.1255999882799));
#6386=CARTESIAN_POINT('Ctrl Pts',(4.45392849932049,-2.61016078503987,9.12457081542973));
#6387=CARTESIAN_POINT('Ctrl Pts',(4.45392849932049,-3.02812458434292,9.12405622900464));
#6388=CARTESIAN_POINT('Ctrl Pts',(4.45392849932049,-3.44356829065202,9.12354474525411));
#6389=CARTESIAN_POINT('Ctrl Pts',(4.45392849932049,-3.8560718884682,9.12303688129056));
#6390=CARTESIAN_POINT('Ctrl Pts',(4.45392849932049,-4.06232368737629,9.12278294930879));
#6391=CARTESIAN_POINT('Ctrl Pts',(4.45392849932049,-4.26784045916115,9.12252992227376));
#6392=CARTESIAN_POINT('Ctrl Pts',(4.45392849932049,-4.4725697018854,9.12227786482453));
#6393=CARTESIAN_POINT('Ctrl Pts',(4.45392849932049,-4.57493432324753,9.12215183609991));
#6394=CARTESIAN_POINT('Ctrl Pts',(4.45392849932049,-4.67710206234451,9.12202604977174));
#6395=CARTESIAN_POINT('Ctrl Pts',(4.45392849932049,-4.77906635643416,9.12190051391991));
#6396=CARTESIAN_POINT('Ctrl Pts',(4.45392849932049,-4.80455742995657,9.12186912995695));
#6397=CARTESIAN_POINT('Ctrl Pts',(4.45392849932049,-4.83003578816603,9.12183776164876));
#6398=CARTESIAN_POINT('Ctrl Pts',(4.45392849932049,-4.85550132851968,9.12180640912159));
#6399=CARTESIAN_POINT('Ctrl Pts',(4.45392849932049,-4.86583604707264,9.12179368527832));
#6400=CARTESIAN_POINT('Ctrl Pts',(4.45392849932049,-4.87616865453488,9.12178096403417));
#6401=CARTESIAN_POINT('Ctrl Pts',(4.45392849932049,-4.88649914405241,9.12176824539759));
#6402=CARTESIAN_POINT('Ctrl Pts',(4.45392849932049,-4.89089617652921,9.12176283188276));
#6403=CARTESIAN_POINT('Ctrl Pts',(4.45392849932049,-4.89528867316098,9.12175742395236));
#6404=CARTESIAN_POINT('Ctrl Pts',(4.45392849932049,-4.89970460514023,9.12175198716895));
#6405=CARTESIAN_POINT('Ctrl Pts',(4.45392849932049,-4.96160737644141,9.12167577404752));
#6406=CARTESIAN_POINT('Ctrl Pts',(4.45392849932049,-5.02709913065555,9.1215951422614));
#6407=CARTESIAN_POINT('Ctrl Pts',(4.45392849932049,-5.09539478838045,9.12151105838041));
#6408=CARTESIAN_POINT('Ctrl Pts',(4.45392849932049,-5.11485626577567,9.12148709790322));
#6409=CARTESIAN_POINT('Ctrl Pts',(4.45311622925134,-5.13504874666109,9.12146223743308));
#6410=CARTESIAN_POINT('Ctrl Pts',(4.45131271201964,-5.15585134298498,9.12143662580429));
#6411=CARTESIAN_POINT('Ctrl Pts',(4.44956059896499,-5.17606101991467,9.12141174416282));
#6412=CARTESIAN_POINT('Ctrl Pts',(4.44687204854837,-5.1968464269081,9.1213861536971));
#6413=CARTESIAN_POINT('Ctrl Pts',(4.44309769757148,-5.21805173219834,9.12136004626324));
#6414=CARTESIAN_POINT('Ctrl Pts',(4.43941527822672,-5.23874054118582,9.12133457472654));
#6415=CARTESIAN_POINT('Ctrl Pts',(4.43469846965542,-5.25982867056319,9.1213086115567));
#6416=CARTESIAN_POINT('Ctrl Pts',(4.42883546617266,-5.28113139210453,9.12128238418644));
#6417=CARTESIAN_POINT('Ctrl Pts',(4.4230913796323,-5.30200203910969,9.12125668877538));
#6418=CARTESIAN_POINT('Ctrl Pts',(4.41624642014283,-5.32307803904795,9.12123074053899));
#6419=CARTESIAN_POINT('Ctrl Pts',(4.40823295768617,-5.34415409199326,9.12120479223735));
#6420=CARTESIAN_POINT('Ctrl Pts',(4.40034975226473,-5.36488755842424,9.12117926571953));
#6421=CARTESIAN_POINT('Ctrl Pts',(4.39133523402401,-5.38562025117862,9.12115374015424));
#6422=CARTESIAN_POINT('Ctrl Pts',(4.38117053806877,-5.40613652509821,9.12112848103834));
#6423=CARTESIAN_POINT('Ctrl Pts',(4.37113040743218,-5.42640137819718,9.12110353146536));
#6424=CARTESIAN_POINT('Ctrl Pts',(4.35996790214077,-5.4464541309153,9.121078843025));
#6425=CARTESIAN_POINT('Ctrl Pts',(4.34771489244713,-5.46608031706682,9.12105467976256));
#6426=CARTESIAN_POINT('Ctrl Pts',(4.3355632069967,-5.48554420770822,9.12103071631425));
#6427=CARTESIAN_POINT('Ctrl Pts',(4.32233907191211,-5.50458756942382,9.12100727061047));
#6428=CARTESIAN_POINT('Ctrl Pts',(4.30812405427034,-5.52300914168204,9.1209845904381));
#6429=CARTESIAN_POINT('Ctrl Pts',(4.29397002276751,-5.54135168058317,9.12096200756959));
#6430=CARTESIAN_POINT('Ctrl Pts',(4.27883399516944,-5.55907683386478,9.1209401848106));
#6431=CARTESIAN_POINT('Ctrl Pts',(4.26284307228185,-5.57600816446319,9.12091933938595));
#6432=CARTESIAN_POINT('Ctrl Pts',(4.24685714203447,-5.59293420880997,9.1208985004696));
#6433=CARTESIAN_POINT('Ctrl Pts',(4.2300175256763,-5.60906617286641,9.12087863920475));
#6434=CARTESIAN_POINT('Ctrl Pts',(4.21248976276712,-5.62426272772448,9.12085992959198));
#6435=CARTESIAN_POINT('Ctrl Pts',(4.1947655989219,-5.63962956201946,9.12084101033548));
#6436=CARTESIAN_POINT('Ctrl Pts',(4.1763386502886,-5.65403933240994,9.12082326939179));
#6437=CARTESIAN_POINT('Ctrl Pts',(4.15740784847699,-5.66739190681334,9.12080683004096));
#6438=CARTESIAN_POINT('Ctrl Pts',(4.13835144013858,-5.68083307601116,9.12079028161448));
#6439=CARTESIAN_POINT('Ctrl Pts',(4.11878549989789,-5.69320277487878,9.12077505235508));
#6440=CARTESIAN_POINT('Ctrl Pts',(4.09892636721938,-5.70445109762901,9.1207612037055));
#6441=CARTESIAN_POINT('Ctrl Pts',(4.07882700335621,-5.71583548865288,9.12074718753212));
#6442=CARTESIAN_POINT('Ctrl Pts',(4.05842834519068,-5.7260713309209,9.12073458542282));
#6443=CARTESIAN_POINT('Ctrl Pts',(4.03795257417126,-5.73516088800729,9.12072339459076));
#6444=CARTESIAN_POINT('Ctrl Pts',(4.01715545663301,-5.7443930964998,9.1207120281299));
#6445=CARTESIAN_POINT('Ctrl Pts',(3.99627972117365,-5.75244319616651,9.12070211705144));
#6446=CARTESIAN_POINT('Ctrl Pts',(3.97554083637127,-5.75936468417848,9.12069359549101));
#6447=CARTESIAN_POINT('Ctrl Pts',(3.95412060188885,-5.76651356887486,9.12068479396556));
#6448=CARTESIAN_POINT('Ctrl Pts',(3.93284719955607,-5.77245910014925,9.1206774739783));
#6449=CARTESIAN_POINT('Ctrl Pts',(3.91192569082504,-5.77730621074566,9.12067150633872));
#6450=CARTESIAN_POINT('Ctrl Pts',(3.89057659940701,-5.78225238401482,9.12066541673569));
#6451=CARTESIAN_POINT('Ctrl Pts',(3.86959441142834,-5.78605572564858,9.12066073415796));
#6452=CARTESIAN_POINT('Ctrl Pts',(3.84915363391907,-5.78886239565769,9.12065727865706));
#6453=CARTESIAN_POINT('Ctrl Pts',(3.82792520883461,-5.79177721550728,9.12065369000481));
#6454=CARTESIAN_POINT('Ctrl Pts',(3.80728100300899,-5.7936180877476,9.12065142356962));
#6455=CARTESIAN_POINT('Ctrl Pts',(3.78736394083948,-5.7945704771401,9.12065025101196));
#6456=CARTESIAN_POINT('Ctrl Pts',(3.77597564305229,-5.79511504008411,9.12064958055988));
#6457=CARTESIAN_POINT('Ctrl Pts',(3.76482408694134,-5.79536942469943,9.120649267368));
#6458=CARTESIAN_POINT('Ctrl Pts',(3.75392849932049,-5.79536942469943,9.120649267368));
#6459=CARTESIAN_POINT('Ctrl Pts',(3.5755478789388,-5.79536942469943,9.120649267368));
#6460=CARTESIAN_POINT('Ctrl Pts',(3.3971579518617,-5.79536942469943,9.120649267368));
#6461=CARTESIAN_POINT('Ctrl Pts',(3.21888631367617,-5.79536942469943,9.120649267368));
#6462=CARTESIAN_POINT('Ctrl Pts',(1.99616832097793,-5.79536942469943,9.120649267368));
#6463=CARTESIAN_POINT('Ctrl Pts',(0.779055782111388,-5.79536942469943,9.120649267368));
#6464=CARTESIAN_POINT('Ctrl Pts',(-0.390415247422244,-5.79536942469943,
9.120649267368));
#6465=CARTESIAN_POINT('Ctrl Pts',(-0.97515076218906,-5.79536942469943,9.120649267368));
#6466=CARTESIAN_POINT('Ctrl Pts',(-1.54797589962265,-5.79536942469943,9.120649267368));
#6467=CARTESIAN_POINT('Ctrl Pts',(-2.10363615278536,-5.79536942469943,9.120649267368));
#6468=CARTESIAN_POINT('Ctrl Pts',(-2.38146627936671,-5.79536942469943,9.120649267368));
#6469=CARTESIAN_POINT('Ctrl Pts',(-2.65500518488035,-5.79536942469943,9.120649267368));
#6470=CARTESIAN_POINT('Ctrl Pts',(-2.92359605595906,-5.79536942469943,9.120649267368));
#6471=CARTESIAN_POINT('Ctrl Pts',(-3.05789149149841,-5.79536942469943,9.120649267368));
#6472=CARTESIAN_POINT('Ctrl Pts',(-3.19094991842903,-5.79536942469943,9.120649267368));
#6473=CARTESIAN_POINT('Ctrl Pts',(-3.32268923508002,-5.79536942469943,9.120649267368));
#6474=CARTESIAN_POINT('Ctrl Pts',(-3.3391566496614,-5.79536942469943,9.120649267368));
#6475=CARTESIAN_POINT('Ctrl Pts',(-3.35560345314465,-5.79536942469943,9.120649267368));
#6476=CARTESIAN_POINT('Ctrl Pts',(-3.37202948517496,-5.79536942469943,9.120649267368));
#6477=CARTESIAN_POINT('Ctrl Pts',(-3.38009710235955,-5.79536942469943,9.120649267368));
#6478=CARTESIAN_POINT('Ctrl Pts',(-3.38815970891672,-5.79536942469943,9.120649267368));
#6479=CARTESIAN_POINT('Ctrl Pts',(-3.39621728584796,-5.79536942469943,9.120649267368));
#6480=CARTESIAN_POINT('Ctrl Pts',(-3.39970157161126,-5.79536942469943,9.120649267368));
#6481=CARTESIAN_POINT('Ctrl Pts',(-3.40318235247613,-5.79536942469943,9.120649267368));
#6482=CARTESIAN_POINT('Ctrl Pts',(-3.4066830411483,-5.79536942469943,9.120649267368));
#6483=CARTESIAN_POINT('Ctrl Pts',(-3.51046659646736,-5.79536942469943,9.120649267368));
#6484=CARTESIAN_POINT('Ctrl Pts',(-3.62741894640261,-5.79536942469943,9.120649267368));
#6485=CARTESIAN_POINT('Ctrl Pts',(-3.75392849932049,-5.79536942469943,9.120649267368));
#6486=CARTESIAN_POINT('Ctrl Pts',(-3.77240485602712,-5.79536942469943,9.120649267368));
#6487=CARTESIAN_POINT('Ctrl Pts',(-3.79168014820229,-5.79463764175131,9.1206501683206));
#6488=CARTESIAN_POINT('Ctrl Pts',(-3.81164166557375,-5.79298630445738,9.12065220140518));
#6489=CARTESIAN_POINT('Ctrl Pts',(-3.83097789829456,-5.79138669448677,9.12065417080439));
#6490=CARTESIAN_POINT('Ctrl Pts',(-3.85095801920817,-5.78892333549006,9.12065720362948));
#6491=CARTESIAN_POINT('Ctrl Pts',(-3.8714341937687,-5.78543674641461,9.12066149622949));
#6492=CARTESIAN_POINT('Ctrl Pts',(-3.89136363003994,-5.78204325342705,9.12066567421196));
#6493=CARTESIAN_POINT('Ctrl Pts',(-3.91176268699568,-5.77767957628066,9.12067104666055));
#6494=CARTESIAN_POINT('Ctrl Pts',(-3.93245364545865,-5.77222236854965,9.12067776543625));
#6495=CARTESIAN_POINT('Ctrl Pts',(-3.95268418571479,-5.76688659539608,9.12068433470477));
#6496=CARTESIAN_POINT('Ctrl Pts',(-3.9731932230746,-5.76050466637373,9.12069219197386));
#6497=CARTESIAN_POINT('Ctrl Pts',(-3.99378075317289,-5.75299615451028,9.12070143626316));
#6498=CARTESIAN_POINT('Ctrl Pts',(-4.01399911068,-5.74562228418796,9.12071051478521));
#6499=CARTESIAN_POINT('Ctrl Pts',(-4.03429239317885,-5.73716131831146,9.12072093171173));
#6500=CARTESIAN_POINT('Ctrl Pts',(-4.05444795116018,-5.72758075400475,9.12073272705942));
#6501=CARTESIAN_POINT('Ctrl Pts',(-4.07432738470337,-5.71813144024138,9.12074436081478));
#6502=CARTESIAN_POINT('Ctrl Pts',(-4.09407191232315,-5.70759270305972,9.1207573358406));
#6503=CARTESIAN_POINT('Ctrl Pts',(-4.11346737587614,-5.69598254660527,9.12077162997065));
#6504=CARTESIAN_POINT('Ctrl Pts',(-4.1326781277038,-5.68448295889409,9.12078578797128));
#6505=CARTESIAN_POINT('Ctrl Pts',(-4.15154544249817,-5.6719322753842,9.12080124005438));
#6506=CARTESIAN_POINT('Ctrl Pts',(-4.1698655364009,-5.65839870454353,9.12081790224342));
#6507=CARTESIAN_POINT('Ctrl Pts',(-4.18808708909896,-5.64493792887417,9.1208344748089));
#6508=CARTESIAN_POINT('Ctrl Pts',(-4.20576634381787,-5.63050513840259,9.12085224409434));
#6509=CARTESIAN_POINT('Ctrl Pts',(-4.22272162847992,-5.61521535285859,9.12087106849036));
#6510=CARTESIAN_POINT('Ctrl Pts',(-4.23965576393466,-5.59994463905833,9.12088986940575));
#6511=CARTESIAN_POINT('Ctrl Pts',(-4.25586693006452,-5.58381968128856,9.12090972204463));
#6512=CARTESIAN_POINT('Ctrl Pts',(-4.27120622361942,-5.56699593098615,9.12093043501915));
#6513=CARTESIAN_POINT('Ctrl Pts',(-4.28658978796231,-5.55012362560002,9.12095120777345));
#6514=CARTESIAN_POINT('Ctrl Pts',(-4.30109586744227,-5.53254932881911,9.12097284480175));
#6515=CARTESIAN_POINT('Ctrl Pts',(-4.31461704198848,-5.51445997540423,9.12099511595471));
#6516=CARTESIAN_POINT('Ctrl Pts',(-4.32832708260031,-5.49611794682437,9.12101769819492));
#6517=CARTESIAN_POINT('Ctrl Pts',(-4.34102416903356,-5.47724735538475,9.12104093118832));
#6518=CARTESIAN_POINT('Ctrl Pts',(-4.35264739425009,-5.45806013404181,9.12106455400841));
#6519=CARTESIAN_POINT('Ctrl Pts',(-4.36440832061218,-5.43864560037292,9.12108845668968));
#6520=CARTESIAN_POINT('Ctrl Pts',(-4.37506983278085,-5.41890793965007,9.12111275719678));
#6521=CARTESIAN_POINT('Ctrl Pts',(-4.38462307745019,-5.39906840586491,9.1211371831274));
#6522=CARTESIAN_POINT('Ctrl Pts',(-4.39432581361072,-5.37891841823998,9.12116199128092));
#6523=CARTESIAN_POINT('Ctrl Pts',(-4.4028856984786,-5.35866431965118,9.12118692761321));
#6524=CARTESIAN_POINT('Ctrl Pts',(-4.41034595815578,-5.33852404578682,9.12121172380739));
#6525=CARTESIAN_POINT('Ctrl Pts',(-4.41795185486527,-5.31799059931954,9.1212370040657));
#6526=CARTESIAN_POINT('Ctrl Pts',(-4.42441542995425,-5.29757626282737,9.12126213767884));
#6527=CARTESIAN_POINT('Ctrl Pts',(-4.42982874547479,-5.27748392684646,9.12128687485312));
#6528=CARTESIAN_POINT('Ctrl Pts',(-4.43544219038728,-5.25664878048117,9.12131252655669));
#6529=CARTESIAN_POINT('Ctrl Pts',(-4.43992710705812,-5.23616053709979,9.12133775116211));
#6530=CARTESIAN_POINT('Ctrl Pts',(-4.44342402775109,-5.21620397081898,9.12136232118017));
#6531=CARTESIAN_POINT('Ctrl Pts',(-4.4470064036298,-5.19575972059342,9.12138749162234));
#6532=CARTESIAN_POINT('Ctrl Pts',(-4.44955294708205,-5.17587367253776,9.12141197482015));
#6533=CARTESIAN_POINT('Ctrl Pts',(-4.45123905867964,-5.15669496357492,9.12143558716003));
#6534=CARTESIAN_POINT('Ctrl Pts',(-4.45299179507604,-5.13675842955005,9.12146013251489));
#6535=CARTESIAN_POINT('Ctrl Pts',(-4.45381581000572,-5.11758621254553,9.12148373686202));
#6536=CARTESIAN_POINT('Ctrl Pts',(-4.45391765423036,-5.09929118521785,9.12150626123548));
#6537=CARTESIAN_POINT('Ctrl Pts',(-4.45392490906181,-5.09798794647099,9.12150786574996));
#6538=CARTESIAN_POINT('Ctrl Pts',(-4.45392849932049,-5.0966891371859,9.121509464811));
#6539=CARTESIAN_POINT('Ctrl Pts',(-4.45392849932049,-5.09539478838045,9.12151105838041));
#6540=CARTESIAN_POINT('Ctrl Pts',(4.45392849932049,5.08578733849926,2.24860505959062));
#6541=CARTESIAN_POINT('Ctrl Pts',(4.45392849932049,5.78576197481824,2.24946685060303));
#6542=CARTESIAN_POINT('Ctrl Pts',(3.75392849932049,5.78576197481824,2.24946685060303));
#6543=CARTESIAN_POINT('Ctrl Pts',(0.,5.78576197481824,2.24946685060303));
#6544=CARTESIAN_POINT('Ctrl Pts',(-3.75392849932049,5.78576197481824,2.24946685060303));
#6545=CARTESIAN_POINT('Ctrl Pts',(-4.45392849932049,5.78576197481824,2.24946685060303));
#6546=CARTESIAN_POINT('Ctrl Pts',(-4.45392849932049,5.08578733849926,2.24860505959062));
#6547=CARTESIAN_POINT('Ctrl Pts',(-4.45392849932049,-0.00922720468023597,
2.24233220695625));
#6548=CARTESIAN_POINT('Ctrl Pts',(-4.45392849932049,-5.10424174785973,2.23605935432188));
#6549=CARTESIAN_POINT('Ctrl Pts',(4.45392849932049,5.09463429797854,9.13405676364915));
#6550=CARTESIAN_POINT('Ctrl Pts',(4.45392849932049,5.79460893429752,9.13491855466156));
#6551=CARTESIAN_POINT('Ctrl Pts',(3.75392849932049,5.79460893429752,9.13491855466156));
#6552=CARTESIAN_POINT('Ctrl Pts',(0.,5.79460893429752,9.13491855466156));
#6553=CARTESIAN_POINT('Ctrl Pts',(-3.75392849932049,5.79460893429752,9.13491855466156));
#6554=CARTESIAN_POINT('Ctrl Pts',(-4.45392849932049,5.79460893429752,9.13491855466156));
#6555=CARTESIAN_POINT('Ctrl Pts',(-4.45392849932049,5.09463429797854,9.13405676364915));
#6556=CARTESIAN_POINT('Ctrl Pts',(-4.45392849932049,-0.000380245200956414,
9.12778391101478));
#6557=CARTESIAN_POINT('Ctrl Pts',(-4.45392849932049,-5.09539478838045,9.12151105838041));
#6558=CARTESIAN_POINT('',(-4.45392849932049,-5.09981826812009,5.67878520635114));
#6559=CARTESIAN_POINT('',(4.45392849932049,5.0902108182389,5.69133091161989));
#6560=CARTESIAN_POINT('Ctrl Pts',(-4.45392849932049,-5.10424174785973,2.23605935432188));
#6561=CARTESIAN_POINT('Ctrl Pts',(-4.45392849932049,-5.80421638417871,2.23519756330947));
#6562=CARTESIAN_POINT('Ctrl Pts',(-3.75392849932049,-5.80421638417871,2.23519756330947));
#6563=CARTESIAN_POINT('Ctrl Pts',(0.,-5.80421638417871,2.23519756330947));
#6564=CARTESIAN_POINT('Ctrl Pts',(3.75392849932049,-5.80421638417871,2.23519756330947));
#6565=CARTESIAN_POINT('Ctrl Pts',(4.45392849932049,-5.80421638417871,2.23519756330947));
#6566=CARTESIAN_POINT('Ctrl Pts',(4.45392849932049,-5.10424174785973,2.23605935432188));
#6567=CARTESIAN_POINT('Ctrl Pts',(4.45392849932049,-0.00922720468023464,
2.24233220695625));
#6568=CARTESIAN_POINT('Ctrl Pts',(4.45392849932049,5.08578733849926,2.24860505959062));
#6569=CARTESIAN_POINT('Ctrl Pts',(-4.45392849932049,-5.09539478838045,9.12151105838041));
#6570=CARTESIAN_POINT('Ctrl Pts',(-4.45392849932049,-5.79536942469943,9.120649267368));
#6571=CARTESIAN_POINT('Ctrl Pts',(-3.75392849932049,-5.79536942469943,9.120649267368));
#6572=CARTESIAN_POINT('Ctrl Pts',(0.,-5.79536942469943,9.120649267368));
#6573=CARTESIAN_POINT('Ctrl Pts',(3.75392849932049,-5.79536942469943,9.120649267368));
#6574=CARTESIAN_POINT('Ctrl Pts',(4.45392849932049,-5.79536942469943,9.120649267368));
#6575=CARTESIAN_POINT('Ctrl Pts',(4.45392849932049,-5.09539478838045,9.12151105838041));
#6576=CARTESIAN_POINT('Ctrl Pts',(4.45392849932049,-0.000380245200955082,
9.12778391101478));
#6577=CARTESIAN_POINT('Ctrl Pts',(4.45392849932049,5.09463429797854,9.13405676364915));
#6578=CARTESIAN_POINT('Ctrl Pts',(-4.45392849932049,-5.09519916175992,1.97286253681073));
#6579=CARTESIAN_POINT('Ctrl Pts',(-4.45392849932049,-5.09519916175992,10.8528625368107));
#6580=CARTESIAN_POINT('Ctrl Pts',(-4.45392849932049,0.,1.97286253681073));
#6581=CARTESIAN_POINT('Ctrl Pts',(-4.45392849932049,0.,10.8528625368107));
#6582=CARTESIAN_POINT('Ctrl Pts',(-4.45392849932049,5.09519916175992,1.97286253681073));
#6583=CARTESIAN_POINT('Ctrl Pts',(-4.45392849932049,5.09519916175992,10.8528625368107));
#6584=CARTESIAN_POINT('Ctrl Pts',(-4.45392849932049,5.79519916175992,1.97286253681073));
#6585=CARTESIAN_POINT('Ctrl Pts',(-4.45392849932049,5.79519916175992,10.8528625368107));
#6586=CARTESIAN_POINT('Ctrl Pts',(-3.75392849932049,5.79519916175992,1.97286253681073));
#6587=CARTESIAN_POINT('Ctrl Pts',(-3.75392849932049,5.79519916175992,10.8528625368107));
#6588=CARTESIAN_POINT('Ctrl Pts',(0.,5.79519916175992,1.97286253681073));
#6589=CARTESIAN_POINT('Ctrl Pts',(0.,5.79519916175992,10.8528625368107));
#6590=CARTESIAN_POINT('Ctrl Pts',(3.75392849932049,5.79519916175992,1.97286253681073));
#6591=CARTESIAN_POINT('Ctrl Pts',(3.75392849932049,5.79519916175992,10.8528625368107));
#6592=CARTESIAN_POINT('Ctrl Pts',(4.45392849932049,5.79519916175992,1.97286253681073));
#6593=CARTESIAN_POINT('Ctrl Pts',(4.45392849932049,5.79519916175992,10.8528625368107));
#6594=CARTESIAN_POINT('Ctrl Pts',(4.45392849932049,5.09519916175992,1.97286253681073));
#6595=CARTESIAN_POINT('Ctrl Pts',(4.45392849932049,5.09519916175992,10.8528625368107));
#6596=CARTESIAN_POINT('',(-4.45392849932049,-5.09519916175992,9.37286253681073));
#6597=CARTESIAN_POINT('',(4.45392849932049,5.09519916175992,9.37286253681073));
#6598=CARTESIAN_POINT('Ctrl Pts',(-4.45392849932049,-5.09519916175992,9.37286253681073));
#6599=CARTESIAN_POINT('Ctrl Pts',(-4.45392849932049,-1.69839972058664,9.37286253681073));
#6600=CARTESIAN_POINT('Ctrl Pts',(-4.45392849932049,1.69839972058664,9.37286253681073));
#6601=CARTESIAN_POINT('Ctrl Pts',(-4.45392849932049,5.09519916175992,9.37286253681073));
#6602=CARTESIAN_POINT('Ctrl Pts',(-4.45392849932049,5.11899780043001,9.37286253681073));
#6603=CARTESIAN_POINT('Ctrl Pts',(-4.45271285263998,5.14330281630505,9.37286253681073));
#6604=CARTESIAN_POINT('Ctrl Pts',(-4.45013896438458,5.1679383419536,9.37286253681073));
#6605=CARTESIAN_POINT('Ctrl Pts',(-4.44761881885645,5.19205947839612,9.37286253681073));
#6606=CARTESIAN_POINT('Ctrl Pts',(-4.4437957904576,5.21649704414051,9.37286253681073));
#6607=CARTESIAN_POINT('Ctrl Pts',(-4.43856591152599,5.24104707504137,9.37286253681073));
#6608=CARTESIAN_POINT('Ctrl Pts',(-4.43342840802556,5.26516347837274,9.37286253681073));
#6609=CARTESIAN_POINT('Ctrl Pts',(-4.42693268208702,5.28938777073962,9.37286253681073));
#6610=CARTESIAN_POINT('Ctrl Pts',(-4.41901967896735,5.31349648825741,9.37286253681073));
#6611=CARTESIAN_POINT('Ctrl Pts',(-4.41122062927874,5.33725802139547,9.37286253681073));
#6612=CARTESIAN_POINT('Ctrl Pts',(-4.40204439908482,5.36090647548902,9.37286253681073));
#6613=CARTESIAN_POINT('Ctrl Pts',(-4.39148105495915,5.38420909030669,9.37286253681073));
#6614=CARTESIAN_POINT('Ctrl Pts',(-4.38103496910223,5.40725303474137,9.37286253681073));
#6615=CARTESIAN_POINT('Ctrl Pts',(-4.36923221557668,5.42995786137754,9.37286253681073));
#6616=CARTESIAN_POINT('Ctrl Pts',(-4.356113655245,5.45209275652476,9.37286253681073));
#6617=CARTESIAN_POINT('Ctrl Pts',(-4.34309702860254,5.4740556593599,9.37286253681073));
#6618=CARTESIAN_POINT('Ctrl Pts',(-4.32878506299636,5.49545651511821,9.37286253681073));
#6619=CARTESIAN_POINT('Ctrl Pts',(-4.31326826980609,5.51607802931342,9.37286253681073));
#6620=CARTESIAN_POINT('Ctrl Pts',(-4.29782004040279,5.53660842357882,9.37286253681073));
#6621=CARTESIAN_POINT('Ctrl Pts',(-4.28117798245419,5.55636547304158,9.37286253681073));
#6622=CARTESIAN_POINT('Ctrl Pts',(-4.26347824063742,5.57515651520276,9.37286253681073));
#6623=CARTESIAN_POINT('Ctrl Pts',(-4.24575374430389,5.59397383815226,9.37286253681073));
#6624=CARTESIAN_POINT('Ctrl Pts',(-4.22696921371012,5.61182170052915,9.37286253681073));
#6625=CARTESIAN_POINT('Ctrl Pts',(-4.20730106135165,5.62854081585915,9.37286253681073));
#6626=CARTESIAN_POINT('Ctrl Pts',(-4.18756889157891,5.645314349851,9.37286253681073));
#6627=CARTESIAN_POINT('Ctrl Pts',(-4.16694815758796,5.66095124939397,9.37286253681073));
#6628=CARTESIAN_POINT('Ctrl Pts',(-4.14564610773254,5.67533476251198,9.37286253681073));
#6629=CARTESIAN_POINT('Ctrl Pts',(-4.12421125465861,5.68980794666392,9.37286253681073));
#6630=CARTESIAN_POINT('Ctrl Pts',(-4.10208750477311,5.70301181008255,9.37286253681073));
#6631=CARTESIAN_POINT('Ctrl Pts',(-4.07950206217885,5.71487799403331,9.37286253681073));
#6632=CARTESIAN_POINT('Ctrl Pts',(-4.05670877651442,5.7268533768228,9.37286253681073));
#6633=CARTESIAN_POINT('Ctrl Pts',(-4.03344623150926,5.73746638209205,9.37286253681073));
#6634=CARTESIAN_POINT('Ctrl Pts',(-4.009949681078,5.74669985592032,9.37286253681073));
#6635=CARTESIAN_POINT('Ctrl Pts',(-3.98596020857282,5.75612703405777,9.37286253681073));
#6636=CARTESIAN_POINT('Ctrl Pts',(-3.96172776176617,5.76411644630028,9.37286253681073));
#6637=CARTESIAN_POINT('Ctrl Pts',(-3.93748965844209,5.77070290035945,9.37286253681073));
#6638=CARTESIAN_POINT('Ctrl Pts',(-3.91292833542342,5.77737718602989,9.37286253681073));
#6639=CARTESIAN_POINT('Ctrl Pts',(-3.88836198292817,5.78261144603078,9.37286253681073));
#6640=CARTESIAN_POINT('Ctrl Pts',(-3.86401093690756,5.7864891565775,9.37286253681073));
#6641=CARTESIAN_POINT('Ctrl Pts',(-3.83903804097766,5.79046589178007,9.37286253681073));
#6642=CARTESIAN_POINT('Ctrl Pts',(-3.81429221573809,5.79301665365856,9.37286253681073));
#6643=CARTESIAN_POINT('Ctrl Pts',(-3.78997230753112,5.79427057720306,9.37286253681073));
#6644=CARTESIAN_POINT('Ctrl Pts',(-3.7778456020634,5.79489582469058,9.37286253681073));
#6645=CARTESIAN_POINT('Ctrl Pts',(-3.76582413508168,5.79519916175992,9.37286253681073));
#6646=CARTESIAN_POINT('Ctrl Pts',(-3.75392849932049,5.79519916175992,9.37286253681073));
#6647=CARTESIAN_POINT('Ctrl Pts',(-1.2513094997735,5.79519916175992,9.37286253681073));
#6648=CARTESIAN_POINT('Ctrl Pts',(1.2513094997735,5.79519916175992,9.37286253681073));
#6649=CARTESIAN_POINT('Ctrl Pts',(3.75392849932049,5.79519916175992,9.37286253681073));
#6650=CARTESIAN_POINT('Ctrl Pts',(3.77772713799059,5.79519916175992,9.37286253681073));
#6651=CARTESIAN_POINT('Ctrl Pts',(3.80203215386563,5.79398351507941,9.37286253681073));
#6652=CARTESIAN_POINT('Ctrl Pts',(3.82666767951419,5.79140962682401,9.37286253681073));
#6653=CARTESIAN_POINT('Ctrl Pts',(3.85078881595672,5.78888948129587,9.37286253681073));
#6654=CARTESIAN_POINT('Ctrl Pts',(3.87522638170111,5.78506645289703,9.37286253681073));
#6655=CARTESIAN_POINT('Ctrl Pts',(3.89977641260197,5.77983657396542,9.37286253681073));
#6656=CARTESIAN_POINT('Ctrl Pts',(3.92389281593332,5.77469907046498,9.37286253681073));
#6657=CARTESIAN_POINT('Ctrl Pts',(3.94811710830019,5.76820334452646,9.37286253681073));
#6658=CARTESIAN_POINT('Ctrl Pts',(3.97222582581795,5.76029034140679,9.37286253681073));
#6659=CARTESIAN_POINT('Ctrl Pts',(3.99598735895598,5.75249129171819,9.37286253681073));
#6660=CARTESIAN_POINT('Ctrl Pts',(4.01963581304951,5.74331506152428,9.37286253681073));
#6661=CARTESIAN_POINT('Ctrl Pts',(4.04293842786716,5.73275171739863,9.37286253681073));
#6662=CARTESIAN_POINT('Ctrl Pts',(4.06598237230186,5.7223056315417,9.37286253681073));
#6663=CARTESIAN_POINT('Ctrl Pts',(4.08868719893805,5.71050287801614,9.37286253681073));
#6664=CARTESIAN_POINT('Ctrl Pts',(4.1108220940853,5.69738431768445,9.37286253681073));
#6665=CARTESIAN_POINT('Ctrl Pts',(4.13278499692039,5.68436769104202,9.37286253681073));
#6666=CARTESIAN_POINT('Ctrl Pts',(4.15418585267867,5.67005572543587,9.37286253681073));
#6667=CARTESIAN_POINT('Ctrl Pts',(4.17480736687384,5.65453893224563,9.37286253681073));
#6668=CARTESIAN_POINT('Ctrl Pts',(4.1953377611392,5.63909070284238,9.37286253681073));
#6669=CARTESIAN_POINT('Ctrl Pts',(4.21509481060192,5.62244864489382,9.37286253681073));
#6670=CARTESIAN_POINT('Ctrl Pts',(4.23388585276306,5.6047489030771,9.37286253681073));
#6671=CARTESIAN_POINT('Ctrl Pts',(4.25270317571258,5.58702440674357,9.37286253681073));
#6672=CARTESIAN_POINT('Ctrl Pts',(4.27055103808949,5.5682398761498,9.37286253681073));
#6673=CARTESIAN_POINT('Ctrl Pts',(4.28727015341951,5.54857172379133,9.37286253681073));
#6674=CARTESIAN_POINT('Ctrl Pts',(4.30404368741136,5.5288395540186,9.37286253681073));
#6675=CARTESIAN_POINT('Ctrl Pts',(4.31968058695434,5.50821882002766,9.37286253681073));
#6676=CARTESIAN_POINT('Ctrl Pts',(4.33406410007235,5.48691677017225,9.37286253681073));
#6677=CARTESIAN_POINT('Ctrl Pts',(4.34853728422432,5.46548191709831,9.37286253681073));
#6678=CARTESIAN_POINT('Ctrl Pts',(4.36174114764297,5.44335816721281,9.37286253681073));
#6679=CARTESIAN_POINT('Ctrl Pts',(4.37360733159375,5.42077272461854,9.37286253681073));
#6680=CARTESIAN_POINT('Ctrl Pts',(4.38558271438323,5.39797943895414,9.37286253681073));
#6681=CARTESIAN_POINT('Ctrl Pts',(4.39619571965248,5.374716893949,9.37286253681073));
#6682=CARTESIAN_POINT('Ctrl Pts',(4.40542919348075,5.35122034351778,9.37286253681073));
#6683=CARTESIAN_POINT('Ctrl Pts',(4.41485637161821,5.32723087101259,9.37286253681073));
#6684=CARTESIAN_POINT('Ctrl Pts',(4.42284578386075,5.30299842420595,9.37286253681073));
#6685=CARTESIAN_POINT('Ctrl Pts',(4.42943223791992,5.27876032088186,9.37286253681073));
#6686=CARTESIAN_POINT('Ctrl Pts',(4.43610652359039,5.25419899786316,9.37286253681073));
#6687=CARTESIAN_POINT('Ctrl Pts',(4.4413407835913,5.22963264536788,9.37286253681073));
#6688=CARTESIAN_POINT('Ctrl Pts',(4.44521849413803,5.20528159934724,9.37286253681073));
#6689=CARTESIAN_POINT('Ctrl Pts',(4.44919522934061,5.18030870341733,9.37286253681073));
#6690=CARTESIAN_POINT('Ctrl Pts',(4.45174599121911,5.15556287817775,9.37286253681073));
#6691=CARTESIAN_POINT('Ctrl Pts',(4.45299991476362,5.13124296997078,9.37286253681073));
#6692=CARTESIAN_POINT('Ctrl Pts',(4.45362516225115,5.11911626450298,9.37286253681073));
#6693=CARTESIAN_POINT('Ctrl Pts',(4.45392849932049,5.10709479752119,9.37286253681073));
#6694=CARTESIAN_POINT('Ctrl Pts',(4.45392849932049,5.09519916175992,9.37286253681073));
#6695=CARTESIAN_POINT('',(4.45392849932049,5.09519916175992,1.97286253681073));
#6696=CARTESIAN_POINT('',(4.45392849932049,5.09519916175992,5.67286253681073));
#6697=CARTESIAN_POINT('',(-4.45392849932049,-5.09519916175992,1.97286253681073));
#6698=CARTESIAN_POINT('Ctrl Pts',(4.45392849932049,5.09519916175992,1.97286253681073));
#6699=CARTESIAN_POINT('Ctrl Pts',(4.45392849932049,5.79519916175992,1.97286253681073));
#6700=CARTESIAN_POINT('Ctrl Pts',(3.75392849932049,5.79519916175992,1.97286253681073));
#6701=CARTESIAN_POINT('Ctrl Pts',(0.,5.79519916175992,1.97286253681073));
#6702=CARTESIAN_POINT('Ctrl Pts',(-3.75392849932049,5.79519916175992,1.97286253681073));
#6703=CARTESIAN_POINT('Ctrl Pts',(-4.45392849932049,5.79519916175992,1.97286253681073));
#6704=CARTESIAN_POINT('Ctrl Pts',(-4.45392849932049,5.09519916175992,1.97286253681073));
#6705=CARTESIAN_POINT('Ctrl Pts',(-4.45392849932049,0.,1.97286253681073));
#6706=CARTESIAN_POINT('Ctrl Pts',(-4.45392849932049,-5.09519916175992,1.97286253681073));
#6707=CARTESIAN_POINT('',(-4.45392849932049,-5.09519916175992,5.67286253681073));
#6708=CARTESIAN_POINT('Ctrl Pts',(4.45392849932049,5.09519916175992,1.97286253681073));
#6709=CARTESIAN_POINT('Ctrl Pts',(4.45392849932049,5.09519916175992,10.8528625368107));
#6710=CARTESIAN_POINT('Ctrl Pts',(4.45392849932049,1.11022302462516E-15,
1.97286253681073));
#6711=CARTESIAN_POINT('Ctrl Pts',(4.45392849932049,1.11022302462516E-15,
10.8528625368107));
#6712=CARTESIAN_POINT('Ctrl Pts',(4.45392849932049,-5.09519916175992,1.97286253681073));
#6713=CARTESIAN_POINT('Ctrl Pts',(4.45392849932049,-5.09519916175992,10.8528625368107));
#6714=CARTESIAN_POINT('Ctrl Pts',(4.45392849932049,-5.79519916175992,1.97286253681073));
#6715=CARTESIAN_POINT('Ctrl Pts',(4.45392849932049,-5.79519916175992,10.8528625368107));
#6716=CARTESIAN_POINT('Ctrl Pts',(3.75392849932049,-5.79519916175992,1.97286253681073));
#6717=CARTESIAN_POINT('Ctrl Pts',(3.75392849932049,-5.79519916175992,10.8528625368107));
#6718=CARTESIAN_POINT('Ctrl Pts',(0.,-5.79519916175992,1.97286253681073));
#6719=CARTESIAN_POINT('Ctrl Pts',(0.,-5.79519916175992,10.8528625368107));
#6720=CARTESIAN_POINT('Ctrl Pts',(-3.75392849932049,-5.79519916175992,1.97286253681073));
#6721=CARTESIAN_POINT('Ctrl Pts',(-3.75392849932049,-5.79519916175992,10.8528625368107));
#6722=CARTESIAN_POINT('Ctrl Pts',(-4.45392849932049,-5.79519916175992,1.97286253681073));
#6723=CARTESIAN_POINT('Ctrl Pts',(-4.45392849932049,-5.79519916175992,10.8528625368107));
#6724=CARTESIAN_POINT('Ctrl Pts',(-4.45392849932049,-5.09519916175992,1.97286253681073));
#6725=CARTESIAN_POINT('Ctrl Pts',(-4.45392849932049,-5.09519916175992,10.8528625368107));
#6726=CARTESIAN_POINT('Ctrl Pts',(-4.45392849932049,-5.09519916175992,1.97286253681073));
#6727=CARTESIAN_POINT('Ctrl Pts',(-4.45392849932049,-5.79519916175992,1.97286253681073));
#6728=CARTESIAN_POINT('Ctrl Pts',(-3.75392849932049,-5.79519916175992,1.97286253681073));
#6729=CARTESIAN_POINT('Ctrl Pts',(0.,-5.79519916175992,1.97286253681073));
#6730=CARTESIAN_POINT('Ctrl Pts',(3.75392849932049,-5.79519916175992,1.97286253681073));
#6731=CARTESIAN_POINT('Ctrl Pts',(4.45392849932049,-5.79519916175992,1.97286253681073));
#6732=CARTESIAN_POINT('Ctrl Pts',(4.45392849932049,-5.09519916175992,1.97286253681073));
#6733=CARTESIAN_POINT('Ctrl Pts',(4.45392849932049,1.11022302462516E-15,
1.97286253681073));
#6734=CARTESIAN_POINT('Ctrl Pts',(4.45392849932049,5.09519916175992,1.97286253681073));
#6735=CARTESIAN_POINT('Ctrl Pts',(4.45392849932049,5.09519916175992,9.37286253681073));
#6736=CARTESIAN_POINT('Ctrl Pts',(4.45392849932049,1.69839972058664,9.37286253681073));
#6737=CARTESIAN_POINT('Ctrl Pts',(4.45392849932049,-1.69839972058664,9.37286253681073));
#6738=CARTESIAN_POINT('Ctrl Pts',(4.45392849932049,-5.09519916175992,9.37286253681073));
#6739=CARTESIAN_POINT('Ctrl Pts',(4.45392849932049,-5.11899780043001,9.37286253681073));
#6740=CARTESIAN_POINT('Ctrl Pts',(4.45271285263998,-5.14330281630505,9.37286253681073));
#6741=CARTESIAN_POINT('Ctrl Pts',(4.45013896438458,-5.1679383419536,9.37286253681073));
#6742=CARTESIAN_POINT('Ctrl Pts',(4.44761881885645,-5.19205947839613,9.37286253681073));
#6743=CARTESIAN_POINT('Ctrl Pts',(4.4437957904576,-5.21649704414052,9.37286253681073));
#6744=CARTESIAN_POINT('Ctrl Pts',(4.43856591152599,-5.24104707504138,9.37286253681073));
#6745=CARTESIAN_POINT('Ctrl Pts',(4.43342840802556,-5.26516347837273,9.37286253681073));
#6746=CARTESIAN_POINT('Ctrl Pts',(4.42693268208703,-5.2893877707396,9.37286253681073));
#6747=CARTESIAN_POINT('Ctrl Pts',(4.41901967896736,-5.31349648825736,9.37286253681073));
#6748=CARTESIAN_POINT('Ctrl Pts',(4.41122062927877,-5.33725802139539,9.37286253681073));
#6749=CARTESIAN_POINT('Ctrl Pts',(4.40204439908485,-5.36090647548893,9.37286253681073));
#6750=CARTESIAN_POINT('Ctrl Pts',(4.3914810549592,-5.38420909030658,9.37286253681073));
#6751=CARTESIAN_POINT('Ctrl Pts',(4.38103496910228,-5.40725303474128,9.37286253681073));
#6752=CARTESIAN_POINT('Ctrl Pts',(4.36923221557672,-5.42995786137746,9.37286253681073));
#6753=CARTESIAN_POINT('Ctrl Pts',(4.35611365524504,-5.45209275652471,9.37286253681073));
#6754=CARTESIAN_POINT('Ctrl Pts',(4.3430970286026,-5.47405565935981,9.37286253681073));
#6755=CARTESIAN_POINT('Ctrl Pts',(4.32878506299644,-5.4954565151181,9.37286253681073));
#6756=CARTESIAN_POINT('Ctrl Pts',(4.3132682698062,-5.51607802931328,9.37286253681073));
#6757=CARTESIAN_POINT('Ctrl Pts',(4.29782004040294,-5.53660842357863,9.37286253681073));
#6758=CARTESIAN_POINT('Ctrl Pts',(4.28117798245439,-5.55636547304135,9.37286253681073));
#6759=CARTESIAN_POINT('Ctrl Pts',(4.26347824063767,-5.57515651520249,9.37286253681073));
#6760=CARTESIAN_POINT('Ctrl Pts',(4.24575374430416,-5.593973838152,9.37286253681073));
#6761=CARTESIAN_POINT('Ctrl Pts',(4.22696921371039,-5.6118217005289,9.37286253681073));
#6762=CARTESIAN_POINT('Ctrl Pts',(4.20730106135193,-5.62854081585891,9.37286253681073));
#6763=CARTESIAN_POINT('Ctrl Pts',(4.1875688915792,-5.64531434985077,9.37286253681073));
#6764=CARTESIAN_POINT('Ctrl Pts',(4.16694815758826,-5.66095124939375,9.37286253681073));
#6765=CARTESIAN_POINT('Ctrl Pts',(4.14564610773285,-5.67533476251176,9.37286253681073));
#6766=CARTESIAN_POINT('Ctrl Pts',(4.12421125465892,-5.68980794666373,9.37286253681073));
#6767=CARTESIAN_POINT('Ctrl Pts',(4.10208750477342,-5.70301181008238,9.37286253681073));
#6768=CARTESIAN_POINT('Ctrl Pts',(4.07950206217915,-5.71487799403315,9.37286253681073));
#6769=CARTESIAN_POINT('Ctrl Pts',(4.05670877651477,-5.72685337682263,9.37286253681073));
#6770=CARTESIAN_POINT('Ctrl Pts',(4.03344623150966,-5.73746638209187,9.37286253681073));
#6771=CARTESIAN_POINT('Ctrl Pts',(4.00994968107846,-5.74669985592014,9.37286253681073));
#6772=CARTESIAN_POINT('Ctrl Pts',(3.98596020857328,-5.7561270340576,9.37286253681073));
#6773=CARTESIAN_POINT('Ctrl Pts',(3.96172776176664,-5.76411644630014,9.37286253681073));
#6774=CARTESIAN_POINT('Ctrl Pts',(3.93748965844255,-5.77070290035932,9.37286253681073));
#6775=CARTESIAN_POINT('Ctrl Pts',(3.91292833542385,-5.77737718602979,9.37286253681073));
#6776=CARTESIAN_POINT('Ctrl Pts',(3.88836198292857,-5.78261144603071,9.37286253681073));
#6777=CARTESIAN_POINT('Ctrl Pts',(3.86401093690793,-5.78648915657744,9.37286253681073));
#6778=CARTESIAN_POINT('Ctrl Pts',(3.83903804097802,-5.79046589178002,9.37286253681073));
#6779=CARTESIAN_POINT('Ctrl Pts',(3.81429221573845,-5.79301665365853,9.37286253681073));
#6780=CARTESIAN_POINT('Ctrl Pts',(3.78997230753148,-5.79427057720304,9.37286253681073));
#6781=CARTESIAN_POINT('Ctrl Pts',(3.77784560206364,-5.79489582469058,9.37286253681073));
#6782=CARTESIAN_POINT('Ctrl Pts',(3.7658241350818,-5.79519916175992,9.37286253681073));
#6783=CARTESIAN_POINT('Ctrl Pts',(3.75392849932049,-5.79519916175992,9.37286253681073));
#6784=CARTESIAN_POINT('Ctrl Pts',(1.2513094997735,-5.79519916175992,9.37286253681073));
#6785=CARTESIAN_POINT('Ctrl Pts',(-1.2513094997735,-5.79519916175992,9.37286253681073));
#6786=CARTESIAN_POINT('Ctrl Pts',(-3.75392849932049,-5.79519916175992,9.37286253681073));
#6787=CARTESIAN_POINT('Ctrl Pts',(-3.77772713799058,-5.79519916175992,9.37286253681073));
#6788=CARTESIAN_POINT('Ctrl Pts',(-3.80203215386561,-5.79398351507941,9.37286253681073));
#6789=CARTESIAN_POINT('Ctrl Pts',(-3.82666767951416,-5.79140962682401,9.37286253681073));
#6790=CARTESIAN_POINT('Ctrl Pts',(-3.85078881595669,-5.78888948129588,9.37286253681073));
#6791=CARTESIAN_POINT('Ctrl Pts',(-3.87522638170108,-5.78506645289703,9.37286253681073));
#6792=CARTESIAN_POINT('Ctrl Pts',(-3.89977641260194,-5.77983657396542,9.37286253681073));
#6793=CARTESIAN_POINT('Ctrl Pts',(-3.92389281593329,-5.77469907046499,9.37286253681073));
#6794=CARTESIAN_POINT('Ctrl Pts',(-3.94811710830015,-5.76820334452647,9.37286253681073));
#6795=CARTESIAN_POINT('Ctrl Pts',(-3.97222582581791,-5.7602903414068,9.37286253681073));
#6796=CARTESIAN_POINT('Ctrl Pts',(-3.99598735895595,-5.7524912917182,9.37286253681073));
#6797=CARTESIAN_POINT('Ctrl Pts',(-4.01963581304949,-5.74331506152429,9.37286253681073));
#6798=CARTESIAN_POINT('Ctrl Pts',(-4.04293842786714,-5.73275171739864,9.37286253681073));
#6799=CARTESIAN_POINT('Ctrl Pts',(-4.06598237230184,-5.72230563154171,9.37286253681073));
#6800=CARTESIAN_POINT('Ctrl Pts',(-4.08868719893803,-5.71050287801615,9.37286253681073));
#6801=CARTESIAN_POINT('Ctrl Pts',(-4.11082209408528,-5.69738431768447,9.37286253681073));
#6802=CARTESIAN_POINT('Ctrl Pts',(-4.13278499692039,-5.68436769104202,9.37286253681073));
#6803=CARTESIAN_POINT('Ctrl Pts',(-4.15418585267868,-5.67005572543586,9.37286253681073));
#6804=CARTESIAN_POINT('Ctrl Pts',(-4.17480736687387,-5.65453893224561,9.37286253681073));
#6805=CARTESIAN_POINT('Ctrl Pts',(-4.19533776113922,-5.63909070284236,9.37286253681073));
#6806=CARTESIAN_POINT('Ctrl Pts',(-4.21509481060193,-5.62244864489381,9.37286253681073));
#6807=CARTESIAN_POINT('Ctrl Pts',(-4.23388585276307,-5.60474890307709,9.37286253681073));
#6808=CARTESIAN_POINT('Ctrl Pts',(-4.25270317571257,-5.58702440674358,9.37286253681073));
#6809=CARTESIAN_POINT('Ctrl Pts',(-4.27055103808948,-5.56823987614981,9.37286253681073));
#6810=CARTESIAN_POINT('Ctrl Pts',(-4.28727015341949,-5.54857172379135,9.37286253681073));
#6811=CARTESIAN_POINT('Ctrl Pts',(-4.30404368741135,-5.52883955401862,9.37286253681073));
#6812=CARTESIAN_POINT('Ctrl Pts',(-4.31968058695432,-5.50821882002768,9.37286253681073));
#6813=CARTESIAN_POINT('Ctrl Pts',(-4.33406410007234,-5.48691677017227,9.37286253681073));
#6814=CARTESIAN_POINT('Ctrl Pts',(-4.3485372842243,-5.46548191709834,9.37286253681073));
#6815=CARTESIAN_POINT('Ctrl Pts',(-4.36174114764295,-5.44335816721285,9.37286253681073));
#6816=CARTESIAN_POINT('Ctrl Pts',(-4.37360733159373,-5.42077272461858,9.37286253681073));
#6817=CARTESIAN_POINT('Ctrl Pts',(-4.38558271438321,-5.39797943895418,9.37286253681073));
#6818=CARTESIAN_POINT('Ctrl Pts',(-4.39619571965245,-5.37471689394906,9.37286253681073));
#6819=CARTESIAN_POINT('Ctrl Pts',(-4.40542919348073,-5.35122034351785,9.37286253681073));
#6820=CARTESIAN_POINT('Ctrl Pts',(-4.41485637161819,-5.32723087101267,9.37286253681073));
#6821=CARTESIAN_POINT('Ctrl Pts',(-4.42284578386072,-5.30299842420603,9.37286253681073));
#6822=CARTESIAN_POINT('Ctrl Pts',(-4.4294322379199,-5.27876032088194,9.37286253681073));
#6823=CARTESIAN_POINT('Ctrl Pts',(-4.43610652359037,-5.25419899786325,9.37286253681073));
#6824=CARTESIAN_POINT('Ctrl Pts',(-4.44134078359128,-5.22963264536797,9.37286253681073));
#6825=CARTESIAN_POINT('Ctrl Pts',(-4.44521849413801,-5.20528159934734,9.37286253681073));
#6826=CARTESIAN_POINT('Ctrl Pts',(-4.44919522934059,-5.18030870341743,9.37286253681073));
#6827=CARTESIAN_POINT('Ctrl Pts',(-4.4517459912191,-5.15556287817785,9.37286253681073));
#6828=CARTESIAN_POINT('Ctrl Pts',(-4.45299991476361,-5.13124296997088,9.37286253681073));
#6829=CARTESIAN_POINT('Ctrl Pts',(-4.45362516225115,-5.11911626450304,9.37286253681073));
#6830=CARTESIAN_POINT('Ctrl Pts',(-4.45392849932049,-5.10709479752122,9.37286253681073));
#6831=CARTESIAN_POINT('Ctrl Pts',(-4.45392849932049,-5.09519916175992,9.37286253681073));
#6832=CARTESIAN_POINT('Origin',(-4.45392849932049,-5.79519916175992,9.37286253681073));
#6833=CARTESIAN_POINT('',(2.16063688925632,3.95238455351765,9.37286253681073));
#6834=CARTESIAN_POINT('',(2.16063688925632,-3.95238455351765,9.37286253681073));
#6835=CARTESIAN_POINT('',(2.16063688925632,-5.79519916175992,9.37286253681073));
#6836=CARTESIAN_POINT('',(-2.16063688925632,-3.95238455351765,9.37286253681073));
#6837=CARTESIAN_POINT('',(-4.45392849932049,-3.95238455351765,9.37286253681073));
#6838=CARTESIAN_POINT('',(-2.16063688925632,3.95238455351765,9.37286253681073));
#6839=CARTESIAN_POINT('',(-2.16063688925632,-5.79519916175992,9.37286253681073));
#6840=CARTESIAN_POINT('',(-4.45392849932049,3.95238455351765,9.37286253681073));
#6841=CARTESIAN_POINT('Origin',(-4.45392849932049,-5.79519916175992,1.97286253681073));
#6842=CARTESIAN_POINT('',(2.16063688925632,3.95238455351765,1.97286253681073));
#6843=CARTESIAN_POINT('',(-2.16063688925632,3.95238455351765,1.97286253681073));
#6844=CARTESIAN_POINT('',(-4.45392849932049,3.95238455351765,1.97286253681073));
#6845=CARTESIAN_POINT('',(-2.16063688925632,-3.95238455351765,1.97286253681073));
#6846=CARTESIAN_POINT('',(-2.16063688925632,-5.79519916175992,1.97286253681073));
#6847=CARTESIAN_POINT('',(2.16063688925632,-3.95238455351765,1.97286253681073));
#6848=CARTESIAN_POINT('',(-4.45392849932049,-3.95238455351765,1.97286253681073));
#6849=CARTESIAN_POINT('',(2.16063688925632,-5.79519916175992,1.97286253681073));
#6850=CARTESIAN_POINT('Origin',(-2.16063688925632,-3.95238455351765,1.97286253681073));
#6851=CARTESIAN_POINT('',(2.16063688925632,-3.95238455351765,1.97286253681073));
#6852=CARTESIAN_POINT('',(-2.16063688925632,-3.95238455351765,1.97286253681073));
#6853=CARTESIAN_POINT('Origin',(2.16063688925632,-3.95238455351765,1.97286253681073));
#6854=CARTESIAN_POINT('',(2.16063688925632,3.95238455351765,1.97286253681073));
#6855=CARTESIAN_POINT('Origin',(2.16063688925632,3.95238455351765,1.97286253681073));
#6856=CARTESIAN_POINT('',(-2.16063688925632,3.95238455351765,1.97286253681073));
#6857=CARTESIAN_POINT('Origin',(-2.16063688925632,3.95238455351765,1.97286253681073));
#6858=CARTESIAN_POINT('Origin',(1.25,4.35,2.42237870387573E-16));
#6859=CARTESIAN_POINT('',(1.37177953887963,4.35,7.76804459478032E-18));
#6860=CARTESIAN_POINT('',(1.12822046112037,4.34999999999999,-4.15656197205314E-18));
#6861=CARTESIAN_POINT('Origin',(1.25,4.35,-2.01932654625421E-17));
#6862=CARTESIAN_POINT('',(1.12822046112037,4.35,2.));
#6863=CARTESIAN_POINT('',(1.12822046112037,4.35,1.));
#6864=CARTESIAN_POINT('',(1.37177953887963,4.35,2.));
#6865=CARTESIAN_POINT('Origin',(1.25,4.35,2.));
#6866=CARTESIAN_POINT('',(1.37177953887963,4.35,-5.55111512312578E-17));
#6867=CARTESIAN_POINT('Origin',(-6.2,-6.2,2.));
#6868=CARTESIAN_POINT('',(3.19818794432874,-6.2,2.));
#6869=CARTESIAN_POINT('',(1.80181205567126,-6.2,2.));
#6870=CARTESIAN_POINT('',(3.19818794432874,-6.2,2.));
#6871=CARTESIAN_POINT('',(3.49715440381363,-5.92488083807005,2.));
#6872=CARTESIAN_POINT('Origin',(3.19818794432874,-5.9,2.));
#6873=CARTESIAN_POINT('',(3.62822046112037,-4.34999999999999,2.));
#6874=CARTESIAN_POINT('',(3.49715440381363,-5.92488083807005,2.));
#6875=CARTESIAN_POINT('',(3.87177953887963,-4.35,2.));
#6876=CARTESIAN_POINT('Origin',(3.75,-4.35,2.));
#6877=CARTESIAN_POINT('',(4.00284559618637,-5.92488083807005,2.));
#6878=CARTESIAN_POINT('',(3.87177953887963,-4.35,2.));
#6879=CARTESIAN_POINT('',(4.30181205567126,-6.2,2.));
#6880=CARTESIAN_POINT('Origin',(4.30181205567126,-5.9,2.));
#6881=CARTESIAN_POINT('',(5.9,-6.2,2.));
#6882=CARTESIAN_POINT('',(5.9,-6.2,2.));
#6883=CARTESIAN_POINT('',(6.2,-5.9,2.));
#6884=CARTESIAN_POINT('Origin',(5.9,-5.9,2.));
#6885=CARTESIAN_POINT('',(6.2,-3.27499999999999,2.));
#6886=CARTESIAN_POINT('',(6.2,-6.2,2.));
#6887=CARTESIAN_POINT('',(5.,-3.27499999999999,2.));
#6888=CARTESIAN_POINT('',(-6.2,-3.27499999999999,2.));
#6889=CARTESIAN_POINT('',(5.,3.275,2.));
#6890=CARTESIAN_POINT('',(5.,-6.2,2.));
#6891=CARTESIAN_POINT('',(6.2,3.275,2.));
#6892=CARTESIAN_POINT('',(-6.2,3.275,2.));
#6893=CARTESIAN_POINT('',(6.2,5.9,2.));
#6894=CARTESIAN_POINT('',(6.2,-6.2,2.));
#6895=CARTESIAN_POINT('',(5.9,6.2,2.));
#6896=CARTESIAN_POINT('Origin',(5.9,5.9,2.));
#6897=CARTESIAN_POINT('',(4.30181205567126,6.2,2.));
#6898=CARTESIAN_POINT('',(4.30181205567125,6.2,2.));
#6899=CARTESIAN_POINT('',(4.00284559618637,5.92488083807004,2.));
#6900=CARTESIAN_POINT('Origin',(4.30181205567126,5.9,2.));
#6901=CARTESIAN_POINT('',(3.87177953887963,4.35,2.));
#6902=CARTESIAN_POINT('',(3.87177953887963,4.35,2.));
#6903=CARTESIAN_POINT('',(3.62822046112037,4.34999999999999,2.));
#6904=CARTESIAN_POINT('Origin',(3.75,4.35,2.));
#6905=CARTESIAN_POINT('',(3.49715440381363,5.92488083807005,2.));
#6906=CARTESIAN_POINT('',(3.49715440381363,5.92488083807005,2.));
#6907=CARTESIAN_POINT('',(3.19818794432874,6.2,2.));
#6908=CARTESIAN_POINT('Origin',(3.19818794432874,5.9,2.));
#6909=CARTESIAN_POINT('',(1.80181205567126,6.2,2.));
#6910=CARTESIAN_POINT('',(1.80181205567125,6.2,2.));
#6911=CARTESIAN_POINT('',(1.50284559618637,5.92488083807005,2.));
#6912=CARTESIAN_POINT('Origin',(1.80181205567126,5.9,2.));
#6913=CARTESIAN_POINT('',(1.37177953887963,4.35,2.));
#6914=CARTESIAN_POINT('',(0.997154403813632,5.92488083807005,2.));
#6915=CARTESIAN_POINT('',(0.997154403813632,5.92488083807005,2.));
#6916=CARTESIAN_POINT('',(0.69818794432874,6.2,2.));
#6917=CARTESIAN_POINT('Origin',(0.69818794432874,5.9,2.));
#6918=CARTESIAN_POINT('',(-0.69818794432874,6.2,2.));
#6919=CARTESIAN_POINT('',(-0.698187944328742,6.2,2.));
#6920=CARTESIAN_POINT('',(-0.997154403813633,5.92488083807005,2.));
#6921=CARTESIAN_POINT('Origin',(-0.69818794432874,5.9,2.));
#6922=CARTESIAN_POINT('',(-1.12822046112037,4.35,2.));
#6923=CARTESIAN_POINT('',(-1.12822046112037,4.35,2.));
#6924=CARTESIAN_POINT('',(-1.37177953887963,4.34999999999998,2.));
#6925=CARTESIAN_POINT('Origin',(-1.25,4.35,2.));
#6926=CARTESIAN_POINT('',(-1.50284559618637,5.92488083807005,2.));
#6927=CARTESIAN_POINT('',(-1.50284559618637,5.92488083807005,2.));
#6928=CARTESIAN_POINT('',(-1.80181205567126,6.2,2.));
#6929=CARTESIAN_POINT('Origin',(-1.80181205567126,5.9,2.));
#6930=CARTESIAN_POINT('',(-3.19818794432874,6.2,2.));
#6931=CARTESIAN_POINT('',(-3.19818794432874,6.2,2.));
#6932=CARTESIAN_POINT('',(-3.49715440381363,5.92488083807004,2.));
#6933=CARTESIAN_POINT('Origin',(-3.19818794432874,5.89999999999999,2.));
#6934=CARTESIAN_POINT('',(-3.62822046112037,4.35,2.));
#6935=CARTESIAN_POINT('',(-3.62822046112037,4.35,2.));
#6936=CARTESIAN_POINT('',(-3.87177953887963,4.34999999999998,2.));
#6937=CARTESIAN_POINT('Origin',(-3.75,4.35,2.));
#6938=CARTESIAN_POINT('',(-4.00284559618637,5.92488083807005,2.));
#6939=CARTESIAN_POINT('',(-4.00284559618637,5.92488083807005,2.));
#6940=CARTESIAN_POINT('',(-4.30181205567126,6.2,2.));
#6941=CARTESIAN_POINT('Origin',(-4.30181205567126,5.9,2.));
#6942=CARTESIAN_POINT('',(-5.9,6.2,2.));
#6943=CARTESIAN_POINT('',(-5.90000000000002,6.2,2.));
#6944=CARTESIAN_POINT('',(-6.2,5.9,2.));
#6945=CARTESIAN_POINT('Origin',(-5.9,5.9,2.));
#6946=CARTESIAN_POINT('',(-6.2,3.275,2.));
#6947=CARTESIAN_POINT('',(-6.2,-6.2,2.));
#6948=CARTESIAN_POINT('',(-5.,3.275,2.));
#6949=CARTESIAN_POINT('',(-6.2,3.275,2.));
#6950=CARTESIAN_POINT('',(-5.,-3.27499999999999,2.));
#6951=CARTESIAN_POINT('',(-5.,-6.2,2.));
#6952=CARTESIAN_POINT('',(-6.2,-3.27499999999999,2.));
#6953=CARTESIAN_POINT('',(-6.2,-3.27499999999999,2.));
#6954=CARTESIAN_POINT('',(-6.2,-5.9,2.));
#6955=CARTESIAN_POINT('',(-6.2,-6.2,2.));
#6956=CARTESIAN_POINT('',(-5.90000000000001,-6.2,2.));
#6957=CARTESIAN_POINT('Origin',(-5.90000000000001,-5.9,2.));
#6958=CARTESIAN_POINT('',(-4.30181205567126,-6.2,2.));
#6959=CARTESIAN_POINT('',(-4.30181205567126,-6.2,2.));
#6960=CARTESIAN_POINT('',(-4.00284559618637,-5.92488083807005,2.));
#6961=CARTESIAN_POINT('Origin',(-4.30181205567126,-5.9,2.));
#6962=CARTESIAN_POINT('',(-3.87177953887963,-4.34999999999998,2.));
#6963=CARTESIAN_POINT('',(-4.00284559618637,-5.92488083807005,2.));
#6964=CARTESIAN_POINT('',(-3.62822046112037,-4.35,2.));
#6965=CARTESIAN_POINT('Origin',(-3.75,-4.35,2.));
#6966=CARTESIAN_POINT('',(-3.49715440381363,-5.92488083807004,2.));
#6967=CARTESIAN_POINT('',(-3.62822046112037,-4.35,2.));
#6968=CARTESIAN_POINT('',(-3.19818794432874,-6.2,2.));
#6969=CARTESIAN_POINT('Origin',(-3.19818794432874,-5.89999999999999,2.));
#6970=CARTESIAN_POINT('',(-1.80181205567126,-6.2,2.));
#6971=CARTESIAN_POINT('',(-1.80181205567126,-6.2,2.));
#6972=CARTESIAN_POINT('',(-1.50284559618637,-5.92488083807005,2.));
#6973=CARTESIAN_POINT('Origin',(-1.80181205567126,-5.9,2.));
#6974=CARTESIAN_POINT('',(-1.37177953887963,-4.34999999999998,2.));
#6975=CARTESIAN_POINT('',(-1.50284559618637,-5.92488083807005,2.));
#6976=CARTESIAN_POINT('',(-1.12822046112037,-4.35,2.));
#6977=CARTESIAN_POINT('Origin',(-1.25,-4.35,2.));
#6978=CARTESIAN_POINT('',(-0.997154403813633,-5.92488083807005,2.));
#6979=CARTESIAN_POINT('',(-1.12822046112037,-4.35,2.));
#6980=CARTESIAN_POINT('',(-0.698187944328738,-6.2,2.));
#6981=CARTESIAN_POINT('Origin',(-0.698187944328738,-5.9,2.));
#6982=CARTESIAN_POINT('',(0.698187944328739,-6.2,2.));
#6983=CARTESIAN_POINT('',(0.698187944328741,-6.2,2.));
#6984=CARTESIAN_POINT('',(0.997154403813632,-5.92488083807005,2.));
#6985=CARTESIAN_POINT('Origin',(0.698187944328738,-5.9,2.));
#6986=CARTESIAN_POINT('',(1.12822046112037,-4.35,2.));
#6987=CARTESIAN_POINT('',(0.997154403813632,-5.92488083807005,2.));
#6988=CARTESIAN_POINT('',(1.37177953887963,-4.35,2.));
#6989=CARTESIAN_POINT('Origin',(1.25,-4.35,2.));
#6990=CARTESIAN_POINT('',(1.50284559618637,-5.92488083807005,2.));
#6991=CARTESIAN_POINT('',(1.37177953887963,-4.35,2.));
#6992=CARTESIAN_POINT('Origin',(1.80181205567126,-5.9,2.));
#6993=CARTESIAN_POINT('',(-2.05,-3.75,2.));
#6994=CARTESIAN_POINT('',(-2.05,3.75952627545403,2.00530055835578));
#6995=CARTESIAN_POINT('',(-2.05,-6.2,2.));
#6996=CARTESIAN_POINT('',(2.05,3.75952627545403,2.00530055835578));
#6997=CARTESIAN_POINT('',(-6.2,3.75,2.));
#6998=CARTESIAN_POINT('',(2.05,-3.75,2.));
#6999=CARTESIAN_POINT('',(2.05,-6.2,2.));
#7000=CARTESIAN_POINT('',(-6.2,-3.75,2.));
#7001=CARTESIAN_POINT('Origin',(-2.05,-3.74369237817846,2.));
#7002=CARTESIAN_POINT('',(-2.05,-3.75,9.37286253681073));
#7003=CARTESIAN_POINT('',(-2.05,-3.75,2.));
#7004=CARTESIAN_POINT('',(-2.05,-3.71894492604764,9.37286253681073));
#7005=CARTESIAN_POINT('',(-2.05,-3.75,9.37286253681073));
#7006=CARTESIAN_POINT('',(-2.05,-3.71885383753651,9.4));
#7007=CARTESIAN_POINT('',(-2.05,-3.71894492604764,9.37286253681073));
#7008=CARTESIAN_POINT('',(-2.05,3.79385550827052,9.4));
#7009=CARTESIAN_POINT('',(-2.05,-3.71885383753651,9.4));
#7010=CARTESIAN_POINT('',(-2.05,3.78149656171108,5.71797190268937));
#7011=CARTESIAN_POINT('Origin',(2.05,-3.75,2.));
#7012=CARTESIAN_POINT('',(2.05,-3.75,9.37286253681073));
#7013=CARTESIAN_POINT('',(2.05,-3.75,9.37286253681073));
#7014=CARTESIAN_POINT('',(2.05,-3.75,2.));
#7015=CARTESIAN_POINT('Origin',(2.05,3.75,2.));
#7016=CARTESIAN_POINT('',(2.05,3.79385550827052,9.4));
#7017=CARTESIAN_POINT('',(2.05,3.78149656171108,5.71797190268937));
#7018=CARTESIAN_POINT('',(2.05,-3.71885383753651,9.4));
#7019=CARTESIAN_POINT('',(2.05,3.79385550827052,9.4));
#7020=CARTESIAN_POINT('',(2.05,-3.71894492604764,9.37286253681073));
#7021=CARTESIAN_POINT('',(2.05,-3.73129784833952,5.69262921402219));
#7022=CARTESIAN_POINT('',(2.05,-3.75,9.37286253681073));
#7023=CARTESIAN_POINT('Origin',(-2.05,3.75,2.));
#7024=CARTESIAN_POINT('',(-2.05,3.75,2.01053684730132));
#7025=CARTESIAN_POINT('Origin',(-6.2,-5.90000000000004,0.));
#7026=CARTESIAN_POINT('',(-6.2,-3.27499999999999,0.));
#7027=CARTESIAN_POINT('',(-6.2,-3.27499999999999,0.));
#7028=CARTESIAN_POINT('',(-6.2,-5.9,1.61135638842038E-43));
#7029=CARTESIAN_POINT('',(-6.2,-5.90000000000004,0.));
#7030=CARTESIAN_POINT('',(-6.2,-5.9,0.));
#7031=CARTESIAN_POINT('Origin',(-6.2,-3.27499999999999,1.65));
#7032=CARTESIAN_POINT('',(-5.,-3.27499999999999,1.65));
#7033=CARTESIAN_POINT('',(-5.,-3.27499999999999,1.65));
#7034=CARTESIAN_POINT('',(-1.7,-3.275,1.65));
#7035=CARTESIAN_POINT('',(-1.7,-3.275,1.65));
#7036=CARTESIAN_POINT('',(-1.7,-3.27499999999999,10.14126039118));
#7037=CARTESIAN_POINT('',(-1.7,-3.275,1.65));
#7038=CARTESIAN_POINT('',(-4.95,-3.27499999999999,10.14126039118));
#7039=CARTESIAN_POINT('',(-1.7,-3.27499999999999,10.14126039118));
#7040=CARTESIAN_POINT('',(-4.95,-3.275,10.1949676369941));
#7041=CARTESIAN_POINT('',(-4.95,-3.27499999999999,10.14126039118));
#7042=CARTESIAN_POINT('',(4.95,-3.275,10.1949676369941));
#7043=CARTESIAN_POINT('',(1.7,-3.275,10.1949676369941));
#7044=CARTESIAN_POINT('',(4.95,-3.275,10.14126039118));
#7045=CARTESIAN_POINT('',(4.95,-3.27499999999999,10.14126039118));
#7046=CARTESIAN_POINT('',(1.7,-3.275,10.14126039118));
#7047=CARTESIAN_POINT('',(4.95,-3.275,10.14126039118));
#7048=CARTESIAN_POINT('',(1.7,-3.27499999999999,1.65));
#7049=CARTESIAN_POINT('',(1.7,-3.275,1.65));
#7050=CARTESIAN_POINT('',(5.,-3.27499999999999,1.65));
#7051=CARTESIAN_POINT('',(5.,-3.27499999999999,1.65));
#7052=CARTESIAN_POINT('',(5.,-3.27499999999999,1.65));
#7053=CARTESIAN_POINT('',(6.2,-3.27499999999999,0.));
#7054=CARTESIAN_POINT('',(6.2,-3.27499999999999,1.65));
#7055=CARTESIAN_POINT('',(-6.2,-3.27499999999999,0.));
#7056=CARTESIAN_POINT('Origin',(-5.,-3.27499999999999,1.65));
#7057=CARTESIAN_POINT('',(-5.,3.275,1.65));
#7058=CARTESIAN_POINT('',(-5.,3.275,1.65));
#7059=CARTESIAN_POINT('',(-5.,-3.27499999999999,1.65));
#7060=CARTESIAN_POINT('Origin',(-5.,3.275,1.65));
#7061=CARTESIAN_POINT('',(-6.2,3.275,0.));
#7062=CARTESIAN_POINT('',(-6.2,3.275,1.65));
#7063=CARTESIAN_POINT('',(6.2,3.275,0.));
#7064=CARTESIAN_POINT('',(-5.,3.275,0.));
#7065=CARTESIAN_POINT('',(6.2,3.275,0.));
#7066=CARTESIAN_POINT('',(5.,3.275,1.65));
#7067=CARTESIAN_POINT('',(5.,3.275,1.65));
#7068=CARTESIAN_POINT('',(1.7,3.275,1.65));
#7069=CARTESIAN_POINT('',(5.,3.275,1.65));
#7070=CARTESIAN_POINT('',(1.70000000618534,3.27495273702167,10.1413040444489));
#7071=CARTESIAN_POINT('',(1.7,3.275,1.65));
#7072=CARTESIAN_POINT('',(-1.69999999990401,3.27500145453347,10.1412590475677));
#7073=CARTESIAN_POINT('',(-1.70022810860315,3.275,10.1412563541929));
#7074=CARTESIAN_POINT('',(-1.7,3.27500000000001,1.65));
#7075=CARTESIAN_POINT('',(-1.7,3.275,1.65));
#7076=CARTESIAN_POINT('',(-1.7,3.275,1.65));
#7077=CARTESIAN_POINT('Origin',(-6.2,3.275,0.));
#7078=CARTESIAN_POINT('',(-6.2,5.9,0.));
#7079=CARTESIAN_POINT('',(-6.2,5.9,0.));
#7080=CARTESIAN_POINT('',(-6.2,3.275,0.));
#7081=CARTESIAN_POINT('Origin',(6.2,5.9,0.));
#7082=CARTESIAN_POINT('',(6.2,5.9,-1.98426052077245E-44));
#7083=CARTESIAN_POINT('',(6.2,5.9,0.));
#7084=CARTESIAN_POINT('',(6.2,5.9,0.));
#7085=CARTESIAN_POINT('Origin',(5.,-3.27499999999999,1.65));
#7086=CARTESIAN_POINT('',(5.,-3.27499999999999,1.65));
#7087=CARTESIAN_POINT('Origin',(6.2,-3.27499999999999,0.));
#7088=CARTESIAN_POINT('',(6.2,-5.9,4.97134236077148E-46));
#7089=CARTESIAN_POINT('',(6.2,-5.9,0.));
#7090=CARTESIAN_POINT('',(6.2,-3.27499999999999,0.));
#7091=CARTESIAN_POINT('Origin',(-2.05,-3.75,9.37286253681073));
#7092=CARTESIAN_POINT('',(-2.05,-3.71894492604764,9.37286253681073));
#7093=CARTESIAN_POINT('Origin',(-2.05,3.75,2.01053684730132));
#7094=CARTESIAN_POINT('',(-2.05,3.76905255090807,2.01060111671156));
#7095=CARTESIAN_POINT('Origin',(-6.2,-6.2,0.));
#7096=CARTESIAN_POINT('',(3.62822046112037,-4.34999999999998,3.71368935133505E-18));
#7097=CARTESIAN_POINT('',(3.87177953887963,-4.35,4.92938690362153E-17));
#7098=CARTESIAN_POINT('Origin',(3.75,-4.35,1.6425662913155E-17));
#7099=CARTESIAN_POINT('',(3.49715440381363,-5.92488083807005,2.25497718341251E-17));
#7100=CARTESIAN_POINT('',(3.49715440381363,-5.92488083807005,1.73439680526209E-17));
#7101=CARTESIAN_POINT('',(3.19818794432874,-6.2,4.0345190726398E-17));
#7102=CARTESIAN_POINT('Origin',(3.19818794432874,-5.9,8.0690381452796E-17));
#7103=CARTESIAN_POINT('',(1.80181205567126,-6.2,5.3098405520616E-17));
#7104=CARTESIAN_POINT('',(3.19818794432874,-6.2,2.77555756156289E-17));
#7105=CARTESIAN_POINT('',(1.50284559618637,-5.92488083807005,3.92206177128021E-17));
#7106=CARTESIAN_POINT('Origin',(1.80181205567126,-5.90000000000001,-4.33680868994202E-16));
#7107=CARTESIAN_POINT('',(1.37177953887963,-4.35,5.28928171144846E-17));
#7108=CARTESIAN_POINT('',(1.37177953887963,-4.35,6.72069821669453E-17));
#7109=CARTESIAN_POINT('',(1.12822046112037,-4.34999999999999,3.57094996190782E-18));
#7110=CARTESIAN_POINT('Origin',(1.25,-4.35,2.0193265462542E-17));
#7111=CARTESIAN_POINT('',(0.997154403813632,-5.92488083807005,2.25497718341249E-17));
#7112=CARTESIAN_POINT('',(0.997154403813632,-5.92488083807005,1.73439680526209E-17));
#7113=CARTESIAN_POINT('',(0.698187944328739,-6.2,4.0345190726403E-17));
#7114=CARTESIAN_POINT('Origin',(0.698187944328738,-5.9,8.06903814528059E-17));
#7115=CARTESIAN_POINT('',(-0.698187944328738,-6.2,6.93889390390723E-18));
#7116=CARTESIAN_POINT('',(0.698187944328741,-6.2,2.77555756156289E-17));
#7117=CARTESIAN_POINT('',(-0.997154403813633,-5.92488083807005,3.36034910834726E-17));
#7118=CARTESIAN_POINT('Origin',(-0.698187944328738,-5.9,0.));
#7119=CARTESIAN_POINT('',(-1.12822046112037,-4.35,-7.87305675028347E-18));
#7120=CARTESIAN_POINT('',(-1.12822046112037,-4.35,6.72069821669453E-17));
#7121=CARTESIAN_POINT('',(-1.37177953887963,-4.34999999999998,9.65062171065789E-18));
#7122=CARTESIAN_POINT('Origin',(-1.25,-4.35,-2.58311167594671E-17));
#7123=CARTESIAN_POINT('',(-1.50284559618637,-5.92488083807005,5.4222978534217E-17));
#7124=CARTESIAN_POINT('',(-1.50284559618637,-5.92488083807005,1.73439680526209E-17));
#7125=CARTESIAN_POINT('',(-1.80181205567126,-6.2,1.38777878078144E-17));
#7126=CARTESIAN_POINT('Origin',(-1.80181205567126,-5.9,8.06903814528046E-17));
#7127=CARTESIAN_POINT('',(-3.19818794432874,-6.2,6.93889390390723E-18));
#7128=CARTESIAN_POINT('',(-1.80181205567126,-6.2,2.77555756156289E-17));
#7129=CARTESIAN_POINT('',(-3.49715440381363,-5.92488083807004,3.36034910834726E-17));
#7130=CARTESIAN_POINT('Origin',(-3.19818794432874,-5.89999999999999,0.));
#7131=CARTESIAN_POINT('',(-3.62822046112037,-4.35,2.80387488940308E-17));
#7132=CARTESIAN_POINT('',(-3.62822046112037,-4.35,6.72069821669453E-17));
#7133=CARTESIAN_POINT('',(-3.87177953887963,-4.34999999999998,8.22630852263061E-18));
#7134=CARTESIAN_POINT('Origin',(-3.75,-4.35,1.17635935714678E-17));
#7135=CARTESIAN_POINT('',(-4.00284559618637,-5.92488083807005,5.42229785342168E-17));
#7136=CARTESIAN_POINT('',(-4.00284559618637,-5.92488083807005,1.73439680526209E-17));
#7137=CARTESIAN_POINT('',(-4.30181205567126,-6.2,1.91483069105422E-18));
#7138=CARTESIAN_POINT('Origin',(-4.30181205567126,-5.9,8.06903814528043E-17));
#7139=CARTESIAN_POINT('',(-5.90000000000001,-6.2,9.57415345527123E-19));
#7140=CARTESIAN_POINT('',(-4.30181205567126,-6.2,3.82966138210849E-18));
#7141=CARTESIAN_POINT('Origin',(-5.90000000000001,-5.9,2.93704316519053E-30));
#7142=CARTESIAN_POINT('',(5.9,-6.2,6.05784755531638E-18));
#7143=CARTESIAN_POINT('Origin',(5.9,-5.9,-4.81482486096809E-32));
#7144=CARTESIAN_POINT('',(4.30181205567126,-6.2,5.13363128234334E-17));
#7145=CARTESIAN_POINT('',(5.9,-6.2,2.42313902212655E-17));
#7146=CARTESIAN_POINT('',(4.00284559618637,-5.92488083807005,3.92206177128024E-17));
#7147=CARTESIAN_POINT('Origin',(4.30181205567126,-5.90000000000001,-4.33680868994202E-16));
#7148=CARTESIAN_POINT('',(3.87177953887963,-4.35,6.72069821669453E-17));
#7149=CARTESIAN_POINT('Origin',(-5.90000000000001,-5.9,-4.04624250771587E-16));
#7150=CARTESIAN_POINT('',(-5.9,-6.2,0.999999999999999));
#7151=CARTESIAN_POINT('Origin',(-1.7,-3.27499999999999,1.65));
#7152=CARTESIAN_POINT('',(-1.7,-3.27499999999999,1.65));
#7153=CARTESIAN_POINT('Origin',(-5.9,5.9,-4.0462425077159E-16));
#7154=CARTESIAN_POINT('',(-5.9,6.2,0.));
#7155=CARTESIAN_POINT('',(-5.9,6.2,0.999999999999999));
#7156=CARTESIAN_POINT('Origin',(-5.9,5.9,0.));
#7157=CARTESIAN_POINT('Origin',(-6.2,3.275,0.));
#7158=CARTESIAN_POINT('',(4.30181205567126,6.2,1.91483069105425E-18));
#7159=CARTESIAN_POINT('',(4.00284559618637,5.92488083807004,0.));
#7160=CARTESIAN_POINT('Origin',(4.30181205567126,5.9,0.));
#7161=CARTESIAN_POINT('',(5.9,6.2,9.57415345527123E-19));
#7162=CARTESIAN_POINT('',(4.30181205567125,6.2,3.82966138210849E-18));
#7163=CARTESIAN_POINT('Origin',(5.9,5.9,1.92592994438724E-30));
#7164=CARTESIAN_POINT('',(-4.30181205567126,6.2,-1.38777878078145E-17));
#7165=CARTESIAN_POINT('',(-6.2,6.2,0.));
#7166=CARTESIAN_POINT('',(-4.00284559618637,5.92488083807005,2.64674029185819E-17));
#7167=CARTESIAN_POINT('Origin',(-4.30181205567126,5.9,5.29348058371637E-17));
#7168=CARTESIAN_POINT('',(-3.87177953887963,4.34999999999998,2.13942220083252E-17));
#7169=CARTESIAN_POINT('',(-4.00284559618637,5.92488083807005,6.72069821669455E-17));
#7170=CARTESIAN_POINT('',(-3.62822046112037,4.35,-6.40838700490712E-18));
#7171=CARTESIAN_POINT('Origin',(-3.75,4.35,-1.17635935714678E-17));
#7172=CARTESIAN_POINT('',(-3.49715440381363,5.92488083807004,0.));
#7173=CARTESIAN_POINT('',(-3.62822046112037,4.35,1.7343968052621E-17));
#7174=CARTESIAN_POINT('',(-3.19818794432874,6.2,6.93889390390723E-18));
#7175=CARTESIAN_POINT('Origin',(-3.19818794432874,5.89999999999999,0.));
#7176=CARTESIAN_POINT('',(-1.80181205567126,6.2,-1.20370621524202E-31));
#7177=CARTESIAN_POINT('',(-3.19818794432874,6.2,2.77555756156289E-17));
#7178=CARTESIAN_POINT('',(-1.50284559618637,5.92488083807005,2.6467402918585E-17));
#7179=CARTESIAN_POINT('Origin',(-1.80181205567126,5.9,5.29348058371697E-17));
#7180=CARTESIAN_POINT('',(-1.37177953887963,4.34999999999998,6.04132455272871E-17));
#7181=CARTESIAN_POINT('',(-1.50284559618637,5.92488083807005,6.72069821669452E-17));
#7182=CARTESIAN_POINT('',(-1.12822046112037,4.35,1.40718728471807E-17));
#7183=CARTESIAN_POINT('Origin',(-1.25,4.35,2.5831116759467E-17));
#7184=CARTESIAN_POINT('',(-0.997154403813633,5.92488083807005,8.67198402631046E-18));
#7185=CARTESIAN_POINT('',(-1.12822046112037,4.35,1.73439680526209E-17));
#7186=CARTESIAN_POINT('',(-0.698187944328739,6.2,6.93889390390723E-18));
#7187=CARTESIAN_POINT('Origin',(-0.69818794432874,5.9,0.));
#7188=CARTESIAN_POINT('',(0.69818794432874,6.2,1.258961511077E-17));
#7189=CARTESIAN_POINT('',(-0.698187944328742,6.2,2.77555756156289E-17));
#7190=CARTESIAN_POINT('',(0.997154403813632,5.92488083807005,3.36034910834727E-17));
#7191=CARTESIAN_POINT('Origin',(0.69818794432874,5.9,5.29348058371681E-17));
#7192=CARTESIAN_POINT('',(0.997154403813632,5.92488083807005,6.72069821669452E-17));
#7193=CARTESIAN_POINT('',(1.50284559618637,5.92488083807005,0.));
#7194=CARTESIAN_POINT('',(1.37177953887963,4.35,1.73439680526209E-17));
#7195=CARTESIAN_POINT('',(1.80181205567126,6.2,1.38777878078145E-17));
#7196=CARTESIAN_POINT('Origin',(1.80181205567126,5.9,0.));
#7197=CARTESIAN_POINT('',(3.19818794432874,6.2,1.25896151107695E-17));
#7198=CARTESIAN_POINT('',(1.80181205567125,6.2,2.77555756156289E-17));
#7199=CARTESIAN_POINT('',(3.49715440381363,5.92488083807005,3.36034910834727E-17));
#7200=CARTESIAN_POINT('Origin',(3.19818794432874,5.9,5.29348058371681E-17));
#7201=CARTESIAN_POINT('',(3.62822046112037,4.34999999999998,-2.46220033238913E-19));
#7202=CARTESIAN_POINT('',(3.49715440381363,5.92488083807005,6.72069821669452E-17));
#7203=CARTESIAN_POINT('',(3.87177953887963,4.35,7.93669906589801E-18));
#7204=CARTESIAN_POINT('Origin',(3.75,4.35,-1.64256629131551E-17));
#7205=CARTESIAN_POINT('',(3.87177953887963,4.35,1.73439680526209E-17));
#7206=CARTESIAN_POINT('Origin',(5.9,5.9,-4.04624250771588E-16));
#7207=CARTESIAN_POINT('',(5.9,6.2,0.999999999999999));
#7208=CARTESIAN_POINT('Origin',(5.,-3.27499999999999,1.65));
#7209=CARTESIAN_POINT('',(1.7,-3.27499999999999,1.65));
#7210=CARTESIAN_POINT('Origin',(5.9,-5.9,-4.0462425077159E-16));
#7211=CARTESIAN_POINT('',(5.9,-6.2,0.999999999999999));
#7212=CARTESIAN_POINT('Origin',(-2.05,3.76905255090807,2.01060111671156));
#7213=CARTESIAN_POINT('',(-2.05,3.79385550827052,9.4));
#7214=CARTESIAN_POINT('Origin',(-4.95,-6.2,9.4));
#7215=CARTESIAN_POINT('',(-4.65,-6.2,9.4));
#7216=CARTESIAN_POINT('',(-4.95,-5.9,9.4));
#7217=CARTESIAN_POINT('Origin',(-4.64999999999999,-5.9,9.4));
#7218=CARTESIAN_POINT('',(-4.95,5.9,9.4));
#7219=CARTESIAN_POINT('',(-4.95,-6.2,9.4));
#7220=CARTESIAN_POINT('',(-4.64999999999999,6.2,9.4));
#7221=CARTESIAN_POINT('Origin',(-4.65,5.9,9.4));
#7222=CARTESIAN_POINT('',(4.65,6.2,9.4));
#7223=CARTESIAN_POINT('',(-4.95,6.2,9.4));
#7224=CARTESIAN_POINT('',(4.95,5.9,9.4));
#7225=CARTESIAN_POINT('Origin',(4.64999999999999,5.9,9.4));
#7226=CARTESIAN_POINT('',(4.95,-5.9,9.4));
#7227=CARTESIAN_POINT('',(4.95,-6.2,9.4));
#7228=CARTESIAN_POINT('',(4.65,-6.2,9.4));
#7229=CARTESIAN_POINT('Origin',(4.65,-5.9,9.4));
#7230=CARTESIAN_POINT('',(-4.95,-6.2,9.4));
#7231=CARTESIAN_POINT('',(-4.95,-3.71885383753651,9.4));
#7232=CARTESIAN_POINT('Origin',(2.05,-3.71894492604764,9.37286253681073));
#7233=CARTESIAN_POINT('Origin',(-4.30181205567126,-6.2,0.));
#7234=CARTESIAN_POINT('',(-4.30181205567126,-6.2,0.));
#7235=CARTESIAN_POINT('Origin',(-1.7,-3.275,1.65));
#7236=CARTESIAN_POINT('',(-1.7,-3.275,10.14126039118));
#7237=CARTESIAN_POINT('Origin',(-5.90000000000002,6.2,0.));
#7238=CARTESIAN_POINT('',(-4.30181205567126,6.2,0.));
#7239=CARTESIAN_POINT('Origin',(4.30181205567125,6.2,0.));
#7240=CARTESIAN_POINT('',(4.30181205567126,6.2,0.));
#7241=CARTESIAN_POINT('Origin',(1.7,3.275,1.65));
#7242=CARTESIAN_POINT('',(1.7,3.275,10.1412603913621));
#7243=CARTESIAN_POINT('Origin',(5.9,-6.2,0.));
#7244=CARTESIAN_POINT('',(4.30181205567126,-6.2,0.));
#7245=CARTESIAN_POINT('Origin',(-4.95,5.9,9.4));
#7246=CARTESIAN_POINT('',(-4.95,3.27509889006592,10.14126039118));
#7247=CARTESIAN_POINT('',(-4.95,5.9,10.14126039118));
#7248=CARTESIAN_POINT('',(-4.95,3.66349720531042,10.5));
#7249=CARTESIAN_POINT('',(-4.95,3.66334182260023,10.499856482558));
#7250=CARTESIAN_POINT('',(-4.95,5.9,10.5));
#7251=CARTESIAN_POINT('',(-4.95,5.9,10.5));
#7252=CARTESIAN_POINT('',(-4.95,5.9,9.4));
#7253=CARTESIAN_POINT('',(-4.95,-5.9,10.5));
#7254=CARTESIAN_POINT('',(-4.95,-5.9,9.4));
#7255=CARTESIAN_POINT('',(-4.95,-3.60525083632703,10.5));
#7256=CARTESIAN_POINT('',(-4.95,5.9,10.5));
#7257=CARTESIAN_POINT('',(-4.95,-3.60525083632703,10.5));
#7258=CARTESIAN_POINT('Origin',(-4.65,-5.9,10.5));
#7259=CARTESIAN_POINT('',(-4.65,-6.2,10.5));
#7260=CARTESIAN_POINT('',(-4.65,-6.2,9.94999999999999));
#7261=CARTESIAN_POINT('Origin',(-4.65,-5.9,10.5));
#7262=CARTESIAN_POINT('Origin',(4.65,-6.2,9.4));
#7263=CARTESIAN_POINT('',(4.65,-6.2,10.5));
#7264=CARTESIAN_POINT('',(4.65,-6.2,9.4));
#7265=CARTESIAN_POINT('',(4.65,-6.2,10.5));
#7266=CARTESIAN_POINT('Origin',(4.65,-5.9,9.4));
#7267=CARTESIAN_POINT('',(4.95,-5.9,10.5));
#7268=CARTESIAN_POINT('Origin',(4.65,-5.9,10.5));
#7269=CARTESIAN_POINT('',(4.95,-5.9,9.94999999999999));
#7270=CARTESIAN_POINT('Origin',(4.95,-5.9,9.4));
#7271=CARTESIAN_POINT('',(4.95,5.9,10.5));
#7272=CARTESIAN_POINT('',(4.95,5.9,9.4));
#7273=CARTESIAN_POINT('',(4.95000000000001,3.66320926470448,10.5));
#7274=CARTESIAN_POINT('',(4.95,-5.9,10.5));
#7275=CARTESIAN_POINT('',(4.95000000000001,3.27481094829773,10.1412603909519));
#7276=CARTESIAN_POINT('',(4.95000000000002,3.66320926452718,10.4999999998362));
#7277=CARTESIAN_POINT('',(4.95,-5.9,10.14126039118));
#7278=CARTESIAN_POINT('',(4.95,-3.60525083632703,10.5));
#7279=CARTESIAN_POINT('',(4.95,-3.60525083632703,10.5));
#7280=CARTESIAN_POINT('',(4.95,-5.9,10.5));
#7281=CARTESIAN_POINT('Origin',(4.65,5.9,10.5));
#7282=CARTESIAN_POINT('',(4.65,6.2,10.5));
#7283=CARTESIAN_POINT('',(4.65,6.2,9.94999999999999));
#7284=CARTESIAN_POINT('Origin',(4.65,5.9,10.5));
#7285=CARTESIAN_POINT('Origin',(-4.65,6.2,9.4));
#7286=CARTESIAN_POINT('',(-4.64999999999999,6.2,10.5));
#7287=CARTESIAN_POINT('',(-4.64999999999999,6.2,9.4));
#7288=CARTESIAN_POINT('',(-4.65,6.2,10.5));
#7289=CARTESIAN_POINT('Origin',(-4.65,5.9,9.4));
#7290=CARTESIAN_POINT('Origin',(-4.65,5.9,10.5));
#7291=CARTESIAN_POINT('Origin',(-4.30181205567126,-5.9,-5.57471017272164E-16));
#7292=CARTESIAN_POINT('',(-4.00284559618637,-5.92488083807005,0.999999999999999));
#7293=CARTESIAN_POINT('Origin',(-1.7,3.27481094808705,10.14126039118));
#7294=CARTESIAN_POINT('',(4.95000000000004,3.27481094945997,10.14126039118));
#7295=CARTESIAN_POINT('Origin',(-4.30181205567126,5.9,-5.57471017272175E-16));
#7296=CARTESIAN_POINT('',(-4.00284559618637,5.92488083807005,0.999999999999999));
#7297=CARTESIAN_POINT('Origin',(4.30181205567126,5.9,2.));
#7298=CARTESIAN_POINT('',(4.00284559618637,5.92488083807004,0.999999999999999));
#7299=CARTESIAN_POINT('Origin',(4.95,3.27481094808705,10.14126039118));
#7300=CARTESIAN_POINT('',(4.95,3.27481094808705,10.14126039118));
#7301=CARTESIAN_POINT('Origin',(4.30181205567126,-5.9,2.));
#7302=CARTESIAN_POINT('',(4.00284559618637,-5.92488083807005,0.999999999999998));
#7303=CARTESIAN_POINT('Origin',(-4.95,-6.2,10.5));
#7304=CARTESIAN_POINT('',(-4.95,-3.60525083632703,10.5));
#7305=CARTESIAN_POINT('Origin',(-4.95,3.66320926470448,10.5));
#7306=CARTESIAN_POINT('',(-4.95,3.66349720531042,10.5));
#7307=CARTESIAN_POINT('Origin',(-4.00284559618637,-5.92488083807005,5.55111512312578E-17));
#7308=CARTESIAN_POINT('',(-3.87177953887963,-4.35,5.55111512312578E-17));
#7309=CARTESIAN_POINT('Origin',(4.95001129652995,3.66320926437592,10.5));
#7310=CARTESIAN_POINT('Origin',(-4.00284559618637,5.92488083807005,5.55111512312578E-17));
#7311=CARTESIAN_POINT('',(-3.87177953887963,4.35,5.55111512312578E-17));
#7312=CARTESIAN_POINT('Origin',(3.87177953887963,4.35,-5.55111512312578E-17));
#7313=CARTESIAN_POINT('',(3.87177953887963,4.35,-5.55111512312578E-17));
#7314=CARTESIAN_POINT('Origin',(3.87177953887963,-4.35,-5.55111512312578E-17));
#7315=CARTESIAN_POINT('',(3.87177953887963,-4.35,-5.55111512312578E-17));
#7316=CARTESIAN_POINT('Origin',(4.95,-3.60525083632703,10.5));
#7317=CARTESIAN_POINT('Origin',(-3.75,-4.35,-4.374755765979E-17));
#7318=CARTESIAN_POINT('',(-3.62822046112037,-4.35,1.));
#7319=CARTESIAN_POINT('Origin',(-3.75,4.35,-4.374755765979E-17));
#7320=CARTESIAN_POINT('',(-3.62822046112037,4.35,1.));
#7321=CARTESIAN_POINT('Origin',(3.75,4.35,2.38470267838186E-16));
#7322=CARTESIAN_POINT('',(3.62822046112037,4.35,1.));
#7323=CARTESIAN_POINT('Origin',(3.75,-4.35,2.38470267838186E-16));
#7324=CARTESIAN_POINT('',(3.62822046112037,-4.35,1.));
#7325=CARTESIAN_POINT('Origin',(-3.62822046112037,-4.35,-5.55111512312578E-17));
#7326=CARTESIAN_POINT('',(-3.49715440381363,-5.92488083807005,-5.55111512312578E-17));
#7327=CARTESIAN_POINT('Origin',(-3.62822046112037,4.35,-5.55111512312578E-17));
#7328=CARTESIAN_POINT('',(-3.49715440381363,5.92488083807005,-5.55111512312578E-17));
#7329=CARTESIAN_POINT('Origin',(3.49715440381363,5.92488083807005,5.55111512312578E-17));
#7330=CARTESIAN_POINT('',(3.49715440381363,5.92488083807005,5.55111512312578E-17));
#7331=CARTESIAN_POINT('Origin',(3.49715440381363,-5.92488083807005,5.55111512312578E-17));
#7332=CARTESIAN_POINT('',(3.49715440381363,-5.92488083807005,5.55111512312578E-17));
#7333=CARTESIAN_POINT('Origin',(-3.19818794432874,-5.89999999999999,2.));
#7334=CARTESIAN_POINT('',(-3.19818794432874,-6.2,0.999999999999999));
#7335=CARTESIAN_POINT('Origin',(-3.19818794432874,5.89999999999999,2.));
#7336=CARTESIAN_POINT('',(-3.19818794432874,6.2,0.999999999999999));
#7337=CARTESIAN_POINT('Origin',(3.19818794432874,5.9,-5.57471017272171E-16));
#7338=CARTESIAN_POINT('',(3.19818794432874,6.2,0.999999999999999));
#7339=CARTESIAN_POINT('Origin',(3.19818794432874,-5.9,-5.57471017272172E-16));
#7340=CARTESIAN_POINT('',(3.19818794432874,-6.2,0.999999999999999));
#7341=CARTESIAN_POINT('Origin',(-1.80181205567126,-6.2,0.));
#7342=CARTESIAN_POINT('',(-1.80181205567126,-6.2,0.));
#7343=CARTESIAN_POINT('Origin',(-3.19818794432874,6.2,0.));
#7344=CARTESIAN_POINT('',(-1.80181205567126,6.2,0.));
#7345=CARTESIAN_POINT('Origin',(1.80181205567125,6.2,0.));
#7346=CARTESIAN_POINT('',(1.80181205567126,6.2,0.));
#7347=CARTESIAN_POINT('Origin',(3.19818794432874,-6.2,0.));
#7348=CARTESIAN_POINT('',(1.80181205567126,-6.2,0.));
#7349=CARTESIAN_POINT('Origin',(-1.80181205567126,-5.9,-5.57471017272164E-16));
#7350=CARTESIAN_POINT('',(-1.50284559618637,-5.92488083807005,0.999999999999999));
#7351=CARTESIAN_POINT('Origin',(-1.80181205567126,5.9,-5.5747101727217E-16));
#7352=CARTESIAN_POINT('',(-1.50284559618637,5.92488083807005,0.999999999999999));
#7353=CARTESIAN_POINT('Origin',(1.80181205567126,5.9,2.));
#7354=CARTESIAN_POINT('',(1.50284559618637,5.92488083807005,0.999999999999999));
#7355=CARTESIAN_POINT('Origin',(1.80181205567126,-5.9,2.));
#7356=CARTESIAN_POINT('',(1.50284559618637,-5.92488083807005,0.999999999999998));
#7357=CARTESIAN_POINT('Origin',(-1.50284559618637,-5.92488083807005,5.55111512312578E-17));
#7358=CARTESIAN_POINT('',(-1.37177953887963,-4.35,5.55111512312578E-17));
#7359=CARTESIAN_POINT('Origin',(-1.50284559618637,5.92488083807005,5.55111512312578E-17));
#7360=CARTESIAN_POINT('',(-1.37177953887963,4.35,5.55111512312578E-17));
#7361=CARTESIAN_POINT('Origin',(1.37177953887963,4.35,-5.55111512312578E-17));
#7362=CARTESIAN_POINT('Origin',(1.37177953887963,-4.35,-5.55111512312578E-17));
#7363=CARTESIAN_POINT('',(1.37177953887963,-4.35,-5.55111512312578E-17));
#7364=CARTESIAN_POINT('Origin',(-1.25,-4.35,1.96213488165564E-16));
#7365=CARTESIAN_POINT('',(-1.12822046112037,-4.35,1.));
#7366=CARTESIAN_POINT('Origin',(-1.25,4.35,1.96213488165564E-16));
#7367=CARTESIAN_POINT('',(-1.12822046112037,4.35,1.));
#7368=CARTESIAN_POINT('Origin',(1.25,-4.35,2.42237870387573E-16));
#7369=CARTESIAN_POINT('',(1.12822046112037,-4.35,1.));
#7370=CARTESIAN_POINT('Origin',(-1.12822046112037,-4.35,-5.55111512312578E-17));
#7371=CARTESIAN_POINT('',(-0.997154403813633,-5.92488083807005,-5.55111512312578E-17));
#7372=CARTESIAN_POINT('Origin',(-1.12822046112037,4.35,-5.55111512312578E-17));
#7373=CARTESIAN_POINT('',(-0.997154403813633,5.92488083807005,-5.55111512312578E-17));
#7374=CARTESIAN_POINT('Origin',(0.997154403813632,5.92488083807005,5.55111512312578E-17));
#7375=CARTESIAN_POINT('',(0.997154403813632,5.92488083807005,5.55111512312578E-17));
#7376=CARTESIAN_POINT('Origin',(0.997154403813632,-5.92488083807005,5.55111512312578E-17));
#7377=CARTESIAN_POINT('',(0.997154403813632,-5.92488083807005,5.55111512312578E-17));
#7378=CARTESIAN_POINT('Origin',(-0.698187944328738,-5.9,2.));
#7379=CARTESIAN_POINT('',(-0.698187944328739,-6.2,0.999999999999999));
#7380=CARTESIAN_POINT('Origin',(-0.69818794432874,5.9,2.));
#7381=CARTESIAN_POINT('',(-0.698187944328738,6.2,0.999999999999999));
#7382=CARTESIAN_POINT('Origin',(0.69818794432874,5.9,-5.57471017272172E-16));
#7383=CARTESIAN_POINT('',(0.698187944328739,6.2,0.999999999999999));
#7384=CARTESIAN_POINT('Origin',(0.698187944328738,-5.9,-5.57471017272162E-16));
#7385=CARTESIAN_POINT('',(0.69818794432874,-6.2,0.999999999999999));
#7386=CARTESIAN_POINT('Origin',(0.698187944328741,-6.2,0.));
#7387=CARTESIAN_POINT('Origin',(-0.698187944328742,6.2,0.));
#7388=CARTESIAN_POINT('Origin',(5.,4.35,0.326108797580222));
#7389=CARTESIAN_POINT('',(5.25,4.35,-4.67389120241978));
#7390=CARTESIAN_POINT('Origin',(5.,4.35,-4.67389120241978));
#7391=CARTESIAN_POINT('',(5.25,4.35,0.326108797580222));
#7392=CARTESIAN_POINT('',(5.25,4.35,0.326108797580222));
#7393=CARTESIAN_POINT('Origin',(5.,4.35,0.326108797580222));
#7394=CARTESIAN_POINT('Origin',(4.75,4.1,-4.67389120241978));
#7395=CARTESIAN_POINT('Origin',(4.75,4.1,0.326108797580222));
#7396=CARTESIAN_POINT('Origin',(-2.94353319141728,-0.989355738633047,11.784559474584));
#7397=CARTESIAN_POINT('',(-2.02787054081487,0.769680405945266,11.784559474584));
#7398=CARTESIAN_POINT('',(-2.02787054081487,-0.989355738633047,11.784559474584));
#7399=CARTESIAN_POINT('',(-2.02787054081487,-0.989355738633047,11.784559474584));
#7400=CARTESIAN_POINT('',(-2.29293078177873,-0.989355738633047,11.784559474584));
#7401=CARTESIAN_POINT('',(-2.94353319141728,-0.989355738633047,11.784559474584));
#7402=CARTESIAN_POINT('',(-2.29293078177873,0.769680405945266,11.784559474584));
#7403=CARTESIAN_POINT('',(-2.29293078177873,-0.989355738633047,11.784559474584));
#7404=CARTESIAN_POINT('',(-2.94353319141728,0.769680405945266,11.784559474584));
#7405=CARTESIAN_POINT('',(-2.94353319141728,0.769680405945266,11.784559474584));
#7406=CARTESIAN_POINT('',(-2.94353319141728,0.998596068595869,11.784559474584));
#7407=CARTESIAN_POINT('',(-2.94353319141728,-0.989355738633047,11.784559474584));
#7408=CARTESIAN_POINT('',(-1.37726813117632,0.998596068595869,11.784559474584));
#7409=CARTESIAN_POINT('',(-2.94353319141728,0.998596068595869,11.784559474584));
#7410=CARTESIAN_POINT('',(-1.37726813117632,0.769680405945266,11.784559474584));
#7411=CARTESIAN_POINT('',(-1.37726813117632,-0.989355738633047,11.784559474584));
#7412=CARTESIAN_POINT('',(-2.94353319141728,0.769680405945266,11.784559474584));
#7413=CARTESIAN_POINT('Origin',(-2.02787054081487,-0.989355738633047,11.784559474584));
#7414=CARTESIAN_POINT('',(-2.29293078177873,-0.989355738633047,11.884559474584));
#7415=CARTESIAN_POINT('',(-2.29293078177873,-0.989355738633047,11.784559474584));
#7416=CARTESIAN_POINT('',(-2.02787054081487,-0.989355738633047,11.884559474584));
#7417=CARTESIAN_POINT('',(-2.02787054081487,-0.989355738633047,11.784559474584));
#7418=CARTESIAN_POINT('',(-2.94353319141728,-0.989355738633047,11.884559474584));
#7419=CARTESIAN_POINT('Origin',(-2.02787054081487,0.769680405945266,11.784559474584));
#7420=CARTESIAN_POINT('',(-2.02787054081487,0.769680405945266,11.884559474584));
#7421=CARTESIAN_POINT('',(-2.02787054081487,0.769680405945266,11.784559474584));
#7422=CARTESIAN_POINT('',(-2.02787054081487,0.769680405945266,11.884559474584));
#7423=CARTESIAN_POINT('Origin',(-1.37726813117632,0.769680405945266,11.784559474584));
#7424=CARTESIAN_POINT('',(-1.37726813117632,0.769680405945266,11.884559474584));
#7425=CARTESIAN_POINT('',(-1.37726813117632,0.769680405945266,11.784559474584));
#7426=CARTESIAN_POINT('',(-1.37726813117632,0.769680405945266,11.884559474584));
#7427=CARTESIAN_POINT('Origin',(-1.37726813117632,0.998596068595869,11.784559474584));
#7428=CARTESIAN_POINT('',(-1.37726813117632,0.998596068595869,11.884559474584));
#7429=CARTESIAN_POINT('',(-1.37726813117632,0.998596068595869,11.784559474584));
#7430=CARTESIAN_POINT('',(-1.37726813117632,0.998596068595869,11.884559474584));
#7431=CARTESIAN_POINT('Origin',(-2.94353319141728,0.998596068595869,11.784559474584));
#7432=CARTESIAN_POINT('',(-2.94353319141728,0.998596068595869,11.884559474584));
#7433=CARTESIAN_POINT('',(-2.94353319141728,0.998596068595869,11.784559474584));
#7434=CARTESIAN_POINT('',(-2.94353319141728,0.998596068595869,11.884559474584));
#7435=CARTESIAN_POINT('Origin',(-2.94353319141728,0.769680405945266,11.784559474584));
#7436=CARTESIAN_POINT('',(-2.94353319141728,0.769680405945266,11.884559474584));
#7437=CARTESIAN_POINT('',(-2.94353319141728,0.769680405945266,11.784559474584));
#7438=CARTESIAN_POINT('',(-2.94353319141728,0.769680405945266,11.884559474584));
#7439=CARTESIAN_POINT('Origin',(-2.29293078177873,0.769680405945266,11.784559474584));
#7440=CARTESIAN_POINT('',(-2.29293078177873,0.769680405945266,11.884559474584));
#7441=CARTESIAN_POINT('',(-2.29293078177873,0.769680405945266,11.784559474584));
#7442=CARTESIAN_POINT('',(-2.29293078177873,0.769680405945266,11.884559474584));
#7443=CARTESIAN_POINT('Origin',(-2.29293078177873,-0.989355738633047,11.784559474584));
#7444=CARTESIAN_POINT('',(-2.29293078177873,-0.989355738633047,11.884559474584));
#7445=CARTESIAN_POINT('Origin',(-2.94353319141728,-0.989355738633047,11.884559474584));
#7446=CARTESIAN_POINT('Origin',(6.2,-3.07243981737682,-0.308141907180957));
#7447=CARTESIAN_POINT('',(-6.2,-3.07243981737682,-0.308141907180957));
#7448=CARTESIAN_POINT('',(-6.2,3.07756018262318,-0.308141907180957));
#7449=CARTESIAN_POINT('',(-6.2,-3.07243981737682,-0.308141907180957));
#7450=CARTESIAN_POINT('',(6.2,3.07756018262318,-0.308141907180957));
#7451=CARTESIAN_POINT('',(6.2,3.07756018262318,-0.308141907180957));
#7452=CARTESIAN_POINT('',(6.2,-3.07243981737682,-0.308141907180957));
#7453=CARTESIAN_POINT('',(6.2,-3.07243981737682,-0.308141907180957));
#7454=CARTESIAN_POINT('',(6.2,-3.07243981737682,-0.308141907180957));
#7455=CARTESIAN_POINT('Origin',(-6.5,3.07756018262318,-0.308141907180957));
#7456=CARTESIAN_POINT('',(6.5,3.07756018262318,5.69185809281904));
#7457=CARTESIAN_POINT('',(5.,3.07756018262318,5.69185809281904));
#7458=CARTESIAN_POINT('',(5.,3.07756018262318,5.69185809281904));
#7459=CARTESIAN_POINT('',(6.5,3.07756018262318,-0.00814190718095831));
#7460=CARTESIAN_POINT('',(6.5,3.07756018262318,-0.308141907180957));
#7461=CARTESIAN_POINT('Origin',(6.2,3.07756018262318,-0.00814190718095723));
#7462=CARTESIAN_POINT('',(-6.5,3.07756018262318,-0.00814190718095944));
#7463=CARTESIAN_POINT('Origin',(-6.2,3.07756018262318,-0.00814190718095901));
#7464=CARTESIAN_POINT('',(-6.5,3.07756018262318,5.69185809281904));
#7465=CARTESIAN_POINT('',(-6.5,3.07756018262318,-0.308141907180957));
#7466=CARTESIAN_POINT('',(-5.,3.07756018262318,5.69185809281904));
#7467=CARTESIAN_POINT('',(-6.5,3.07756018262318,5.69185809281904));
#7468=CARTESIAN_POINT('',(-5.,3.07756018262318,1.09185809281904));
#7469=CARTESIAN_POINT('',(-5.,3.07756018262318,-0.308141907180957));
#7470=CARTESIAN_POINT('',(-1.375,3.07756018262318,1.09185809281904));
#7471=CARTESIAN_POINT('',(-6.5,3.07756018262318,1.09185809281904));
#7472=CARTESIAN_POINT('',(-1.375,3.07756018262318,5.69185809281904));
#7473=CARTESIAN_POINT('',(-1.375,3.07756018262318,-0.308141907180957));
#7474=CARTESIAN_POINT('',(1.375,3.07756018262318,5.69185809281904));
#7475=CARTESIAN_POINT('',(-6.5,3.07756018262318,5.69185809281904));
#7476=CARTESIAN_POINT('',(1.375,3.07756018262318,1.09185809281904));
#7477=CARTESIAN_POINT('',(1.375,3.07756018262318,-0.308141907180957));
#7478=CARTESIAN_POINT('',(5.,3.07756018262318,1.09185809281904));
#7479=CARTESIAN_POINT('',(-6.5,3.07756018262318,1.09185809281904));
#7480=CARTESIAN_POINT('',(5.,3.07756018262318,-0.308141907180957));
#7481=CARTESIAN_POINT('Origin',(-6.2,3.07756018262318,-0.00814190718095901));
#7482=CARTESIAN_POINT('',(-6.5,-3.07243981737682,-0.00814190718095944));
#7483=CARTESIAN_POINT('',(-6.5,0.00256018262318001,-0.00814190718095986));
#7484=CARTESIAN_POINT('Origin',(-6.2,-3.07243981737682,-0.00814190718095901));
#7485=CARTESIAN_POINT('Origin',(-6.5,-3.07243981737682,-0.308141907180957));
#7486=CARTESIAN_POINT('',(6.5,-3.07243981737682,-0.00814190718095132));
#7487=CARTESIAN_POINT('Origin',(6.19999999999999,-3.07243981737682,-0.00814190718094833));
#7488=CARTESIAN_POINT('',(6.5,-3.07243981737682,5.69185809281904));
#7489=CARTESIAN_POINT('',(6.5,-3.07243981737682,-0.308141907180957));
#7490=CARTESIAN_POINT('',(5.,-3.07243981737682,5.69185809281904));
#7491=CARTESIAN_POINT('',(5.,-3.07243981737682,5.69185809281904));
#7492=CARTESIAN_POINT('',(5.,-3.07243981737682,1.09185809281904));
#7493=CARTESIAN_POINT('',(5.,-3.07243981737682,-0.308141907180957));
#7494=CARTESIAN_POINT('',(1.375,-3.07243981737682,1.09185809281904));
#7495=CARTESIAN_POINT('',(-6.5,-3.07243981737682,1.09185809281904));
#7496=CARTESIAN_POINT('',(1.375,-3.07243981737682,5.69185809281904));
#7497=CARTESIAN_POINT('',(1.375,-3.07243981737682,-0.308141907180957));
#7498=CARTESIAN_POINT('',(-1.375,-3.07243981737682,5.69185809281904));
#7499=CARTESIAN_POINT('',(-6.5,-3.07243981737682,5.69185809281904));
#7500=CARTESIAN_POINT('',(-1.375,-3.07243981737682,1.09185809281904));
#7501=CARTESIAN_POINT('',(-1.375,-3.07243981737682,-0.308141907180957));
#7502=CARTESIAN_POINT('',(-5.,-3.07243981737682,1.09185809281904));
#7503=CARTESIAN_POINT('',(-6.5,-3.07243981737682,1.09185809281904));
#7504=CARTESIAN_POINT('',(-5.,-3.07243981737682,5.69185809281904));
#7505=CARTESIAN_POINT('',(-5.,-3.07243981737682,-0.308141907180957));
#7506=CARTESIAN_POINT('',(-6.5,-3.07243981737682,5.69185809281904));
#7507=CARTESIAN_POINT('',(-6.5,-3.07243981737682,5.69185809281904));
#7508=CARTESIAN_POINT('',(-6.5,-3.07243981737682,-0.308141907180957));
#7509=CARTESIAN_POINT('Origin',(6.2,3.07756018262318,-0.00814190718095723));
#7510=CARTESIAN_POINT('',(6.5,0.00256018262318001,-0.00814190718095684));
#7511=CARTESIAN_POINT('Origin',(6.5,-3.07243981737682,5.69185809281904));
#7512=CARTESIAN_POINT('',(6.5,-3.07243981737682,5.69185809281904));
#7513=CARTESIAN_POINT('Origin',(5.,-3.07243981737682,1.09185809281904));
#7514=CARTESIAN_POINT('',(5.,-3.07243981737682,1.09185809281904));
#7515=CARTESIAN_POINT('',(5.,-3.07243981737682,5.69185809281904));
#7516=CARTESIAN_POINT('Origin',(1.375,-3.07243981737682,1.09185809281904));
#7517=CARTESIAN_POINT('',(1.375,-3.07243981737682,1.09185809281904));
#7518=CARTESIAN_POINT('Origin',(1.375,-3.07243981737682,5.69185809281904));
#7519=CARTESIAN_POINT('',(1.375,-3.07243981737682,5.69185809281904));
#7520=CARTESIAN_POINT('Origin',(-1.375,-3.07243981737682,5.69185809281904));
#7521=CARTESIAN_POINT('',(-1.375,-3.07243981737682,5.69185809281904));
#7522=CARTESIAN_POINT('Origin',(-1.375,-3.07243981737682,1.09185809281904));
#7523=CARTESIAN_POINT('',(-1.375,-3.07243981737682,1.09185809281904));
#7524=CARTESIAN_POINT('Origin',(-5.,-3.07243981737682,1.09185809281904));
#7525=CARTESIAN_POINT('',(-5.,-3.07243981737682,1.09185809281904));
#7526=CARTESIAN_POINT('Origin',(-5.,-3.07243981737682,5.69185809281904));
#7527=CARTESIAN_POINT('',(-5.,-3.07243981737682,5.69185809281904));
#7528=CARTESIAN_POINT('Origin',(-6.5,-3.07243981737682,-0.00814190718095988));
#7529=CARTESIAN_POINT('',(-6.5,-3.07243981737682,5.69185809281904));
#7530=CARTESIAN_POINT('Origin',(5.,-3.07243981737682,5.69185809281904));
#7531=CARTESIAN_POINT('Origin',(-6.5,-3.07243981737682,5.69185809281904));
#7532=CARTESIAN_POINT('Origin',(6.2,-3.07243981737682,11.691858092819));
#7533=CARTESIAN_POINT('',(6.2,3.07756018262318,11.691858092819));
#7534=CARTESIAN_POINT('',(-6.2,3.07756018262318,11.691858092819));
#7535=CARTESIAN_POINT('',(6.2,3.07756018262318,11.691858092819));
#7536=CARTESIAN_POINT('',(-6.2,-3.07243981737682,11.691858092819));
#7537=CARTESIAN_POINT('',(-6.2,-3.07243981737682,11.691858092819));
#7538=CARTESIAN_POINT('',(6.2,-3.07243981737682,11.691858092819));
#7539=CARTESIAN_POINT('',(6.2,-3.07243981737682,11.691858092819));
#7540=CARTESIAN_POINT('',(6.2,-3.07243981737682,11.691858092819));
#7541=CARTESIAN_POINT('Origin',(-6.2,-3.07243981737682,11.391858092819));
#7542=CARTESIAN_POINT('',(-6.5,3.07756018262318,11.391858092819));
#7543=CARTESIAN_POINT('',(-6.5,-3.07243981737682,11.391858092819));
#7544=CARTESIAN_POINT('',(-6.5,0.00256018262318001,11.391858092819));
#7545=CARTESIAN_POINT('Origin',(-6.2,-3.07243981737682,11.391858092819));
#7546=CARTESIAN_POINT('Origin',(-6.2,3.07756018262318,11.391858092819));
#7547=CARTESIAN_POINT('Origin',(-6.5,3.07756018262318,11.691858092819));
#7548=CARTESIAN_POINT('',(-6.5,3.07756018262318,5.69185809281904));
#7549=CARTESIAN_POINT('',(-6.5,3.07756018262318,11.691858092819));
#7550=CARTESIAN_POINT('',(6.5,3.07756018262318,11.391858092819));
#7551=CARTESIAN_POINT('Origin',(6.2,3.07756018262318,11.391858092819));
#7552=CARTESIAN_POINT('',(6.5,3.07756018262318,5.69185809281904));
#7553=CARTESIAN_POINT('',(6.5,3.07756018262318,11.691858092819));
#7554=CARTESIAN_POINT('',(5.,3.07756018262318,5.69185809281904));
#7555=CARTESIAN_POINT('',(5.,3.07756018262318,5.69185809281904));
#7556=CARTESIAN_POINT('',(5.,3.07756018262318,10.291858092819));
#7557=CARTESIAN_POINT('',(5.,3.07756018262318,11.691858092819));
#7558=CARTESIAN_POINT('',(1.375,3.07756018262318,10.291858092819));
#7559=CARTESIAN_POINT('',(-6.5,3.07756018262318,10.291858092819));
#7560=CARTESIAN_POINT('',(1.375,3.07756018262318,5.69185809281904));
#7561=CARTESIAN_POINT('',(1.375,3.07756018262318,11.691858092819));
#7562=CARTESIAN_POINT('',(-1.375,3.07756018262318,5.69185809281904));
#7563=CARTESIAN_POINT('',(-6.5,3.07756018262318,5.69185809281904));
#7564=CARTESIAN_POINT('',(-1.375,3.07756018262318,10.291858092819));
#7565=CARTESIAN_POINT('',(-1.375,3.07756018262318,11.691858092819));
#7566=CARTESIAN_POINT('',(-5.,3.07756018262318,10.291858092819));
#7567=CARTESIAN_POINT('',(-6.5,3.07756018262318,10.291858092819));
#7568=CARTESIAN_POINT('',(-5.,3.07756018262318,5.69185809281904));
#7569=CARTESIAN_POINT('',(-5.,3.07756018262318,11.691858092819));
#7570=CARTESIAN_POINT('',(-6.5,3.07756018262318,5.69185809281904));
#7571=CARTESIAN_POINT('Origin',(6.2,-3.07243981737682,11.391858092819));
#7572=CARTESIAN_POINT('',(6.5,-3.07243981737682,11.391858092819));
#7573=CARTESIAN_POINT('Origin',(6.2,-3.07243981737682,11.391858092819));
#7574=CARTESIAN_POINT('',(6.5,0.00256018262318001,11.391858092819));
#7575=CARTESIAN_POINT('Origin',(-6.5,-3.07243981737682,11.691858092819));
#7576=CARTESIAN_POINT('',(-6.5,-3.07243981737682,5.69185809281904));
#7577=CARTESIAN_POINT('',(-6.5,-3.07243981737682,11.691858092819));
#7578=CARTESIAN_POINT('',(-5.,-3.07243981737682,5.69185809281904));
#7579=CARTESIAN_POINT('',(-6.5,-3.07243981737682,5.69185809281904));
#7580=CARTESIAN_POINT('',(-5.,-3.07243981737682,10.291858092819));
#7581=CARTESIAN_POINT('',(-5.,-3.07243981737682,11.691858092819));
#7582=CARTESIAN_POINT('',(-1.375,-3.07243981737682,10.291858092819));
#7583=CARTESIAN_POINT('',(-6.5,-3.07243981737682,10.291858092819));
#7584=CARTESIAN_POINT('',(-1.375,-3.07243981737682,5.69185809281904));
#7585=CARTESIAN_POINT('',(-1.375,-3.07243981737682,11.691858092819));
#7586=CARTESIAN_POINT('',(1.375,-3.07243981737682,5.69185809281904));
#7587=CARTESIAN_POINT('',(-6.5,-3.07243981737682,5.69185809281904));
#7588=CARTESIAN_POINT('',(1.375,-3.07243981737682,10.291858092819));
#7589=CARTESIAN_POINT('',(1.375,-3.07243981737682,11.691858092819));
#7590=CARTESIAN_POINT('',(5.,-3.07243981737682,10.291858092819));
#7591=CARTESIAN_POINT('',(-6.5,-3.07243981737682,10.291858092819));
#7592=CARTESIAN_POINT('',(5.,-3.07243981737682,5.69185809281904));
#7593=CARTESIAN_POINT('',(5.,-3.07243981737682,11.691858092819));
#7594=CARTESIAN_POINT('',(6.5,-3.07243981737682,5.69185809281904));
#7595=CARTESIAN_POINT('',(5.,-3.07243981737682,5.69185809281904));
#7596=CARTESIAN_POINT('',(6.5,-3.07243981737682,11.691858092819));
#7597=CARTESIAN_POINT('Origin',(-6.5,-3.07243981737682,11.391858092819));
#7598=CARTESIAN_POINT('',(-6.5,-3.07243981737682,5.69185809281904));
#7599=CARTESIAN_POINT('Origin',(-5.,-3.07243981737682,5.69185809281904));
#7600=CARTESIAN_POINT('',(-5.,-3.07243981737682,10.291858092819));
#7601=CARTESIAN_POINT('',(-5.,-3.07243981737682,5.69185809281904));
#7602=CARTESIAN_POINT('Origin',(-5.,-3.07243981737682,10.291858092819));
#7603=CARTESIAN_POINT('',(-1.375,-3.07243981737682,10.291858092819));
#7604=CARTESIAN_POINT('Origin',(-1.375,-3.07243981737682,10.291858092819));
#7605=CARTESIAN_POINT('',(-1.375,-3.07243981737682,5.69185809281904));
#7606=CARTESIAN_POINT('Origin',(-1.375,-3.07243981737682,5.69185809281904));
#7607=CARTESIAN_POINT('',(1.375,-3.07243981737682,5.69185809281904));
#7608=CARTESIAN_POINT('Origin',(1.375,-3.07243981737682,5.69185809281904));
#7609=CARTESIAN_POINT('',(1.375,-3.07243981737682,10.291858092819));
#7610=CARTESIAN_POINT('Origin',(1.375,-3.07243981737682,10.291858092819));
#7611=CARTESIAN_POINT('',(5.,-3.07243981737682,10.291858092819));
#7612=CARTESIAN_POINT('Origin',(5.,-3.07243981737682,10.291858092819));
#7613=CARTESIAN_POINT('',(5.,-3.07243981737682,5.69185809281904));
#7614=CARTESIAN_POINT('Origin',(6.5,-3.07243981737682,5.69185809281904));
#7615=CARTESIAN_POINT('',(6.5,-3.07243981737682,5.69185809281904));
#7616=CARTESIAN_POINT('Origin',(-6.5,-3.07243981737682,5.69185809281904));
#7617=CARTESIAN_POINT('Origin',(5.,-3.07243981737682,5.69185809281904));
#7618=UNCERTAINTY_MEASURE_WITH_UNIT(LENGTH_MEASURE(0.01),#7622,
'DISTANCE_ACCURACY_VALUE',
'Maximum model space distance between geometric entities at asserted c
onnectivities');
#7619=UNCERTAINTY_MEASURE_WITH_UNIT(LENGTH_MEASURE(0.01),#7622,
'DISTANCE_ACCURACY_VALUE',
'Maximum model space distance between geometric entities at asserted c
onnectivities');
#7620=(
GEOMETRIC_REPRESENTATION_CONTEXT(3)
GLOBAL_UNCERTAINTY_ASSIGNED_CONTEXT((#7618))
GLOBAL_UNIT_ASSIGNED_CONTEXT((#7622,#7624,#7625))
REPRESENTATION_CONTEXT('','3D')
);
#7621=(
GEOMETRIC_REPRESENTATION_CONTEXT(3)
GLOBAL_UNCERTAINTY_ASSIGNED_CONTEXT((#7619))
GLOBAL_UNIT_ASSIGNED_CONTEXT((#7622,#7624,#7625))
REPRESENTATION_CONTEXT('','3D')
);
#7622=(
LENGTH_UNIT()
NAMED_UNIT(*)
SI_UNIT(.MILLI.,.METRE.)
);
#7623=(
LENGTH_UNIT()
NAMED_UNIT(*)
SI_UNIT($,.METRE.)
);
#7624=(
NAMED_UNIT(*)
PLANE_ANGLE_UNIT()
SI_UNIT($,.RADIAN.)
);
#7625=(
NAMED_UNIT(*)
SI_UNIT($,.STERADIAN.)
SOLID_ANGLE_UNIT()
);
#7626=SHAPE_DEFINITION_REPRESENTATION(#7627,#7628);
#7627=PRODUCT_DEFINITION_SHAPE('',$,#7630);
#7628=SHAPE_REPRESENTATION('',(#3711),#7620);
#7629=PRODUCT_DEFINITION_CONTEXT('part definition',#7634,'design');
#7630=PRODUCT_DEFINITION('(Unsaved)','(Unsaved)',#7631,#7629);
#7631=PRODUCT_DEFINITION_FORMATION('',$,#7636);
#7632=PRODUCT_RELATED_PRODUCT_CATEGORY('(Unsaved)','(Unsaved)',(#7636));
#7633=APPLICATION_PROTOCOL_DEFINITION('international standard',
'automotive_design',2009,#7634);
#7634=APPLICATION_CONTEXT(
'Core Data for Automotive Mechanical Design Process');
#7635=PRODUCT_CONTEXT('part definition',#7634,'mechanical');
#7636=PRODUCT('(Unsaved)','(Unsaved)',$,(#7635));
#7637=PRESENTATION_STYLE_ASSIGNMENT((#7647));
#7638=PRESENTATION_STYLE_ASSIGNMENT((#7648));
#7639=PRESENTATION_STYLE_ASSIGNMENT((#7649));
#7640=PRESENTATION_STYLE_ASSIGNMENT((#7650));
#7641=PRESENTATION_STYLE_ASSIGNMENT((#7651));
#7642=PRESENTATION_STYLE_ASSIGNMENT((#7652));
#7643=PRESENTATION_STYLE_ASSIGNMENT((#7653));
#7644=PRESENTATION_STYLE_ASSIGNMENT((#7654));
#7645=PRESENTATION_STYLE_ASSIGNMENT((#7655));
#7646=PRESENTATION_STYLE_ASSIGNMENT((#7656));
#7647=SURFACE_STYLE_USAGE(.BOTH.,#7657);
#7648=SURFACE_STYLE_USAGE(.BOTH.,#7658);
#7649=SURFACE_STYLE_USAGE(.BOTH.,#7659);
#7650=SURFACE_STYLE_USAGE(.BOTH.,#7660);
#7651=SURFACE_STYLE_USAGE(.BOTH.,#7661);
#7652=SURFACE_STYLE_USAGE(.BOTH.,#7662);
#7653=SURFACE_STYLE_USAGE(.BOTH.,#7663);
#7654=SURFACE_STYLE_USAGE(.BOTH.,#7664);
#7655=SURFACE_STYLE_USAGE(.BOTH.,#7665);
#7656=SURFACE_STYLE_USAGE(.BOTH.,#7666);
#7657=SURFACE_SIDE_STYLE('',(#7667));
#7658=SURFACE_SIDE_STYLE('',(#7668));
#7659=SURFACE_SIDE_STYLE('',(#7669));
#7660=SURFACE_SIDE_STYLE('',(#7670));
#7661=SURFACE_SIDE_STYLE('',(#7671));
#7662=SURFACE_SIDE_STYLE('',(#7672));
#7663=SURFACE_SIDE_STYLE('',(#7673));
#7664=SURFACE_SIDE_STYLE('',(#7674));
#7665=SURFACE_SIDE_STYLE('',(#7675));
#7666=SURFACE_SIDE_STYLE('',(#7676));
#7667=SURFACE_STYLE_FILL_AREA(#7677);
#7668=SURFACE_STYLE_FILL_AREA(#7678);
#7669=SURFACE_STYLE_FILL_AREA(#7679);
#7670=SURFACE_STYLE_FILL_AREA(#7680);
#7671=SURFACE_STYLE_FILL_AREA(#7681);
#7672=SURFACE_STYLE_FILL_AREA(#7682);
#7673=SURFACE_STYLE_FILL_AREA(#7683);
#7674=SURFACE_STYLE_FILL_AREA(#7684);
#7675=SURFACE_STYLE_FILL_AREA(#7685);
#7676=SURFACE_STYLE_FILL_AREA(#7686);
#7677=FILL_AREA_STYLE('Steel - Satin',(#7687));
#7678=FILL_AREA_STYLE('Opaque(189,189,189)',(#7688));
#7679=FILL_AREA_STYLE('Opaque(190,190,190)',(#7689));
#7680=FILL_AREA_STYLE('Opaque(255,255,0)',(#7690));
#7681=FILL_AREA_STYLE('Opaque(255,255,255)',(#7691));
#7682=FILL_AREA_STYLE('Opaque(255,190,0)',(#7692));
#7683=FILL_AREA_STYLE('Opaque(255,191,0)',(#7693));
#7684=FILL_AREA_STYLE('Opaque(44,44,44)',(#7694));
#7685=FILL_AREA_STYLE('Opaque(45,45,45)',(#7695));
#7686=FILL_AREA_STYLE('Opaque(105,105,105)',(#7696));
#7687=FILL_AREA_STYLE_COLOUR('Steel - Satin',#7697);
#7688=FILL_AREA_STYLE_COLOUR('Opaque(189,189,189)',#7698);
#7689=FILL_AREA_STYLE_COLOUR('Opaque(190,190,190)',#7699);
#7690=FILL_AREA_STYLE_COLOUR('Opaque(255,255,0)',#7700);
#7691=FILL_AREA_STYLE_COLOUR('Opaque(255,255,255)',#7701);
#7692=FILL_AREA_STYLE_COLOUR('Opaque(255,190,0)',#7702);
#7693=FILL_AREA_STYLE_COLOUR('Opaque(255,191,0)',#7703);
#7694=FILL_AREA_STYLE_COLOUR('Opaque(44,44,44)',#7704);
#7695=FILL_AREA_STYLE_COLOUR('Opaque(45,45,45)',#7705);
#7696=FILL_AREA_STYLE_COLOUR('Opaque(105,105,105)',#7706);
#7697=COLOUR_RGB('Steel - Satin',0.627450980392157,0.627450980392157,0.627450980392157);
#7698=COLOUR_RGB('Opaque(189,189,189)',0.741176470588235,0.741176470588235,
0.741176470588235);
#7699=COLOUR_RGB('Opaque(190,190,190)',0.745098039215686,0.745098039215686,
0.745098039215686);
#7700=COLOUR_RGB('Opaque(255,255,0)',1.,1.,0.);
#7701=COLOUR_RGB('Opaque(255,255,255)',1.,1.,1.);
#7702=COLOUR_RGB('Opaque(255,190,0)',1.,0.745098039215686,0.);
#7703=COLOUR_RGB('Opaque(255,191,0)',1.,0.749019607843137,0.);
#7704=COLOUR_RGB('Opaque(44,44,44)',0.172549019607843,0.172549019607843,
0.172549019607843);
#7705=COLOUR_RGB('Opaque(45,45,45)',0.176470588235294,0.176470588235294,
0.176470588235294);
#7706=COLOUR_RGB('Opaque(105,105,105)',0.411764705882353,0.411764705882353,
0.411764705882353);
ENDSEC;
END-ISO-10303-21;
