ISO-10303-21;
HEADER;
FILE_DESCRIPTION (( 'STEP AP214' ),
    '1' );
FILE_NAME ('D1FECC82-5495-4AC3-AFAD-F86B6290970E.STEP',
    '2024-05-09T08:05:13',
    ( '' ),
    ( '' ),
    'SwSTEP 2.0',
    'SolidWorks 2022',
    '' );
FILE_SCHEMA (( 'AUTOMOTIVE_DESIGN' ));
ENDSEC;

DATA;
#1 =( NAMED_UNIT ( * ) PLANE_ANGLE_UNIT ( ) SI_UNIT ( $, .RADIAN. ) );
#2 = DIRECTION ( 'NONE',  ( 3.614007241618380720E-15, 1.000000000000000000, -1.707073681399384298E-15 ) ) ;
#3 = STYLED_ITEM ( 'NONE', ( #10000 ), #5963 ) ;
#4 = DIRECTION ( 'NONE',  ( -1.000000000000000000, 0.0000000000000000000, 0.0000000000000000000 ) ) ;
#5 = VECTOR ( 'NONE', #4912, 1000.000000000000000 ) ;
#6 = CARTESIAN_POINT ( 'NONE',  ( -3.753928499320489998, 5.795199161759920337, 9.372862536810730560 ) ) ;
#7 = SURFACE_STYLE_FILL_AREA ( #1627 ) ;
#8 = DIRECTION ( 'NONE',  ( 1.889065255926601050E-17, 1.572133771040456837E-18, 1.000000000000000000 ) ) ;
#9 = PRESENTATION_LAYER_ASSIGNMENT (  '', '', ( #550 ) ) ;
#10 = VERTEX_POINT ( 'NONE', #9931 ) ;
#11 = LINE ( 'NONE', #3448, #7917 ) ;
#12 =( NAMED_UNIT ( * ) SI_UNIT ( $, .STERADIAN. ) SOLID_ANGLE_UNIT ( ) );
#13 = VERTEX_POINT ( 'NONE', #8850 ) ;
#14 = DIRECTION ( 'NONE',  ( 0.0000000000000000000, -0.0000000000000000000, 1.000000000000000000 ) ) ;
#15 = CIRCLE ( 'NONE', #7774, 0.2999999999999981570 ) ;
#16 = VECTOR ( 'NONE', #7409, 1000.000000000000000 ) ;
#17 = ORIENTED_EDGE ( 'NONE', *, *, #819, .T. ) ;
#18 = LINE ( 'NONE', #6779, #2742 ) ;
#19 = ORIENTED_EDGE ( 'NONE', *, *, #35, .F. ) ;
#20 = CARTESIAN_POINT ( 'NONE',  ( -0.1133372416764529961, 0.04697709556481100002, 11.88455947458399820 ) ) ;
#21 = FILL_AREA_STYLE ('',( #5848 ) ) ;
#22 = VECTOR ( 'NONE', #1426, 1000.000000000000000 ) ;
#23 =( GEOMETRIC_REPRESENTATION_CONTEXT ( 3 ) GLOBAL_UNCERTAINTY_ASSIGNED_CONTEXT ( ( #5675 ) ) GLOBAL_UNIT_ASSIGNED_CONTEXT ( ( #6895, #6795, #10106 ) ) REPRESENTATION_CONTEXT ( 'NONE', 'WORKASPACE' ) );
#24 = CARTESIAN_POINT ( 'NONE',  ( 1.700000000000000178, -3.274999999999990141, 1.649999999999999911 ) ) ;
#25 = FACE_OUTER_BOUND ( 'NONE', #1532, .T. ) ;
#26 = DIRECTION ( 'NONE',  ( -0.0000000000000000000, -0.001284876077383623931, -0.9999991745463921999 ) ) ;
#27 = AXIS2_PLACEMENT_3D ( 'NONE', #2274, #1459, #5779 ) ;
#28 = CARTESIAN_POINT ( 'NONE',  ( 4.599635752693309598, -0.009227204680234173811, 2.242332206956261675 ) ) ;
#29 = PRESENTATION_LAYER_ASSIGNMENT (  '', '', ( #10744 ) ) ;
#31 = ORIENTED_EDGE ( 'NONE', *, *, #4102, .F. ) ;
#30 = AXIS2_PLACEMENT_3D ( 'NONE', #5752, #9082, #1357 ) ;
#32 = CARTESIAN_POINT ( 'NONE',  ( -1.011304206813260054, -0.8711327896156449979, 11.78455947458400033 ) ) ;
#33 = CARTESIAN_POINT ( 'NONE',  ( -5.900000000000019895, 6.200000000000001066, 0.0000000000000000000 ) ) ;
#34 = ORIENTED_EDGE ( 'NONE', *, *, #9964, .T. ) ;
#35 = EDGE_CURVE ( 'NONE', #1922, #4600, #6470, .T. ) ;
#36 =( NAMED_UNIT ( * ) SI_UNIT ( $, .STERADIAN. ) SOLID_ANGLE_UNIT ( ) );
#37 = VECTOR ( 'NONE', #9994, 1000.000000000000000 ) ;
#38 = VECTOR ( 'NONE', #6514, 1000.000000000000000 ) ;
#39 = DIRECTION ( 'NONE',  ( 1.000000000000000000, 2.848957208963407584E-14, 9.659745536641356110E-17 ) ) ;
#40 =( GEOMETRIC_REPRESENTATION_CONTEXT ( 3 ) GLOBAL_UNCERTAINTY_ASSIGNED_CONTEXT ( ( #2082 ) ) GLOBAL_UNIT_ASSIGNED_CONTEXT ( ( #7290, #6344, #2144 ) ) REPRESENTATION_CONTEXT ( 'NONE', 'WORKASPACE' ) );
#41 = VECTOR ( 'NONE', #4460, 1000.000000000000000 ) ;
#42 = DIRECTION ( 'NONE',  ( 0.0000000000000000000, -0.0000000000000000000, 1.000000000000000000 ) ) ;
#43 = AXIS2_PLACEMENT_3D ( 'NONE', #9181, #5013, #7598 ) ;
#44 = CARTESIAN_POINT ( 'NONE',  ( 6.500000000000000888, -3.072439817376820148, 5.691858092819041204 ) ) ;
#45 = DIRECTION ( 'NONE',  ( -0.0000000000000000000, -0.0000000000000000000, 1.000000000000000000 ) ) ;
#46 =( GEOMETRIC_REPRESENTATION_CONTEXT ( 3 ) GLOBAL_UNCERTAINTY_ASSIGNED_CONTEXT ( ( #868 ) ) GLOBAL_UNIT_ASSIGNED_CONTEXT ( ( #7720, #4359, #6904 ) ) REPRESENTATION_CONTEXT ( 'NONE', 'WORKASPACE' ) );
#47 = LINE ( 'NONE', #3433, #7975 ) ;
#48 = SURFACE_SIDE_STYLE ('',( #7614 ) ) ;
#49 =( GEOMETRIC_REPRESENTATION_CONTEXT ( 3 ) GLOBAL_UNCERTAINTY_ASSIGNED_CONTEXT ( ( #1427 ) ) GLOBAL_UNIT_ASSIGNED_CONTEXT ( ( #2709, #4211, #3501 ) ) REPRESENTATION_CONTEXT ( 'NONE', 'WORKASPACE' ) );
#50 = EDGE_CURVE ( 'NONE', #9679, #4278, #2182, .T. ) ;
#51 = ORIENTED_EDGE ( 'NONE', *, *, #9672, .F. ) ;
#52 = PRESENTATION_LAYER_ASSIGNMENT (  '', '', ( #3591 ) ) ;
#53 = FILL_AREA_STYLE ('',( #7517 ) ) ;
#54 = FILL_AREA_STYLE_COLOUR ( '', #6529 ) ;
#55 = CARTESIAN_POINT ( 'NONE',  ( 1.277193524096640109, 0.6444921730411159455, 11.78455947458400033 ) ) ;
#56 = CARTESIAN_POINT ( 'NONE',  ( -0.6981879443287400955, 5.899999999999995914, 0.0000000000000000000 ) ) ;
#57 =( GEOMETRIC_REPRESENTATION_CONTEXT ( 3 ) GLOBAL_UNCERTAINTY_ASSIGNED_CONTEXT ( ( #1748 ) ) GLOBAL_UNIT_ASSIGNED_CONTEXT ( ( #477, #2121, #1305 ) ) REPRESENTATION_CONTEXT ( 'NONE', 'WORKASPACE' ) );
#58 = EDGE_CURVE ( 'NONE', #9679, #649, #5507, .T. ) ;
#59 = AXIS2_PLACEMENT_3D ( 'NONE', #10378, #144, #8752 ) ;
#60 = FILL_AREA_STYLE_COLOUR ( '', #8664 ) ;
#61 = DIRECTION ( 'NONE',  ( 0.9999999995770340044, -2.908490967858508181E-05, 0.0000000000000000000 ) ) ;
#62 = CARTESIAN_POINT ( 'NONE',  ( -3.750000000000000000, -4.349999999999999645, -4.374755765979000530E-17 ) ) ;
#63 = COLOUR_RGB ( '',0.1764705882352941013, 0.1764705882352941013, 0.1764705882352941013 ) ;
#64 = CARTESIAN_POINT ( 'NONE',  ( 6.513276922344959807, 3.101520183108080531, -0.02039752780706734908 ) ) ;
#65 = PLANE ( 'NONE',  #367 ) ;
#66 = EDGE_CURVE ( 'NONE', #7061, #67, #9951, .T. ) ;
#67 = VERTEX_POINT ( 'NONE', #2291 ) ;
#68 = CARTESIAN_POINT ( 'NONE',  ( 1.634780061594770073, -0.3590845968445610659, 11.88455947458399997 ) ) ;
#69 = PRESENTATION_STYLE_ASSIGNMENT (( #7630 ) ) ;
#70 = CIRCLE ( 'NONE', #1499, 0.1217795388796299727 ) ;
#71 = UNCERTAINTY_MEASURE_WITH_UNIT (LENGTH_MEASURE( 1.000000000000000082E-05 ), #6302, 'distance_accuracy_value', 'NONE');
#72 = EDGE_LOOP ( 'NONE', ( #5334, #1233, #7438, #5258 ) ) ;
#73 = SURFACE_STYLE_FILL_AREA ( #2704 ) ;
#74 = PRESENTATION_STYLE_ASSIGNMENT (( #8507 ) ) ;
#75 = ADVANCED_FACE ( 'NONE', ( #3018 ), #3906, .T. ) ;
#76 = PRESENTATION_STYLE_ASSIGNMENT (( #9271 ) ) ;
#77 = ORIENTED_EDGE ( 'NONE', *, *, #6902, .T. ) ;
#78 = FACE_BOUND ( 'NONE', #3952, .T. ) ;
#79 = EDGE_CURVE ( 'NONE', #10698, #6308, #5056, .T. ) ;
#80 =( NAMED_UNIT ( * ) PLANE_ANGLE_UNIT ( ) SI_UNIT ( $, .RADIAN. ) );
#81 = DIRECTION ( 'NONE',  ( 0.9965548649496432931, -0.08293612690015333966, -1.866292002611841627E-17 ) ) ;
#82 = VERTEX_POINT ( 'NONE', #3457 ) ;
#83 = CARTESIAN_POINT ( 'NONE',  ( -4.599635752693320256, -5.262074737350119769, 9.121305846256259287 ) ) ;
#84 =( NAMED_UNIT ( * ) SI_UNIT ( $, .STERADIAN. ) SOLID_ANGLE_UNIT ( ) );
#85 = DIRECTION ( 'NONE',  ( 0.0000000000000000000, 0.0000000000000000000, -1.000000000000000000 ) ) ;
#86 =( LENGTH_UNIT ( ) NAMED_UNIT ( * ) SI_UNIT ( .MILLI., .METRE. ) );
#87 = EDGE_LOOP ( 'NONE', ( #3601, #7322, #2065, #10173 ) ) ;
#88 = CARTESIAN_POINT ( 'NONE',  ( 3.871779538879629889, 4.349999999999999645, -5.551115123125780237E-17 ) ) ;
#89 = STYLED_ITEM ( 'NONE', ( #10603 ), #1705 ) ;
#90 = ORIENTED_EDGE ( 'NONE', *, *, #7740, .F. ) ;
#91 = LINE ( 'NONE', #5071, #3202 ) ;
#92 = DIRECTION ( 'NONE',  ( 0.08293612690015354783, -0.9965548649496431821, 0.0000000000000000000 ) ) ;
#93 = CARTESIAN_POINT ( 'NONE',  ( -4.453928499320491063, -5.795199161759918560, 1.972862536810728651 ) ) ;
#94 = PRESENTATION_STYLE_ASSIGNMENT (( #1875 ) ) ;
#95 = DIRECTION ( 'NONE',  ( -0.0000000000000000000, 1.000000000000000000, 0.0000000000000000000 ) ) ;
#96 = AXIS2_PLACEMENT_3D ( 'NONE', #4932, #8953, #4880 ) ;
#97 = CARTESIAN_POINT ( 'NONE',  ( 0.7016099814113669897, 0.6635057416207670311, 11.88455947458399997 ) ) ;
#98 =( GEOMETRIC_REPRESENTATION_CONTEXT ( 3 ) GLOBAL_UNCERTAINTY_ASSIGNED_CONTEXT ( ( #2283 ) ) GLOBAL_UNIT_ASSIGNED_CONTEXT ( ( #5329, #7104, #6276 ) ) REPRESENTATION_CONTEXT ( 'NONE', 'WORKASPACE' ) );
#99 = EDGE_CURVE ( 'NONE', #3891, #4508, #8356, .T. ) ;
#100 = FILL_AREA_STYLE_COLOUR ( '', #2875 ) ;
#101 =( NAMED_UNIT ( * ) PLANE_ANGLE_UNIT ( ) SI_UNIT ( $, .RADIAN. ) );
#102 = FILL_AREA_STYLE ('',( #7668 ) ) ;
#103 = CARTESIAN_POINT ( 'NONE',  ( 3.198187944328740429, 6.200000000000001066, 1.258961511076948020E-17 ) ) ;
#104 = UNCERTAINTY_MEASURE_WITH_UNIT (LENGTH_MEASURE( 1.000000000000000082E-05 ), #10216, 'distance_accuracy_value', 'NONE');
#105 = CARTESIAN_POINT ( 'NONE',  ( -1.208593432381130039, -0.4712834494764209792, 11.78455947458400033 ) ) ;
#106 = CYLINDRICAL_SURFACE ( 'NONE', #5849, 0.2999999999999964362 ) ;
#107 = ORIENTED_EDGE ( 'NONE', *, *, #2404, .F. ) ;
#108 = CARTESIAN_POINT ( 'NONE',  ( 0.6926679188144460042, -0.6617013352562070017, 11.78455947458400033 ) ) ;
#109 =( NAMED_UNIT ( * ) PLANE_ANGLE_UNIT ( ) SI_UNIT ( $, .RADIAN. ) );
#110 = DIRECTION ( 'NONE',  ( 0.0000000000000000000, -0.0000000000000000000, -1.000000000000000000 ) ) ;
#111 = EDGE_CURVE ( 'NONE', #4792, #6790, #7543, .T. ) ;
#112 = CARTESIAN_POINT ( 'NONE',  ( -4.002845596186371147, -5.924880838070049727, 0.9999999999999985567 ) ) ;
#113 = SURFACE_SIDE_STYLE ('',( #6253 ) ) ;
#114 = DIRECTION ( 'NONE',  ( 0.0000000000000000000, 0.0000000000000000000, 1.000000000000000000 ) ) ;
#115 = LINE ( 'NONE', #6817, #1608 ) ;
#116 = ORIENTED_EDGE ( 'NONE', *, *, #5778, .T. ) ;
#117 = CARTESIAN_POINT ( 'NONE',  ( 0.6228260886878059788, 0.8966570697531639489, 11.88455947458399997 ) ) ;
#118 = CARTESIAN_POINT ( 'NONE',  ( -4.950000000000000178, -3.275000000000001688, 10.19496763699409314 ) ) ;
#119 = CARTESIAN_POINT ( 'NONE',  ( 1.791406567618869961, -0.2905605579101560587, 11.78455947458400033 ) ) ;
#120 = ORIENTED_EDGE ( 'NONE', *, *, #7932, .T. ) ;
#121 = PRESENTATION_STYLE_ASSIGNMENT (( #4376 ) ) ;
#122 =( NAMED_UNIT ( * ) SI_UNIT ( $, .STERADIAN. ) SOLID_ANGLE_UNIT ( ) );
#123 = EDGE_CURVE ( 'NONE', #1904, #1211, #8515, .T. ) ;
#124 = ORIENTED_EDGE ( 'NONE', *, *, #4578, .T. ) ;
#125 = CIRCLE ( 'NONE', #5078, 0.2499999999999998335 ) ;
#126 =( NAMED_UNIT ( * ) SI_UNIT ( $, .STERADIAN. ) SOLID_ANGLE_UNIT ( ) );
#127 = CARTESIAN_POINT ( 'NONE',  ( -1.375000000000000000, -3.072439817376820148, 5.691858092819041204 ) ) ;
#128 = VERTEX_POINT ( 'NONE', #127 ) ;
#129 = DIRECTION ( 'NONE',  ( -0.0000000000000000000, -0.0000000000000000000, 1.000000000000000000 ) ) ;
#130 = EDGE_CURVE ( 'NONE', #10503, #6125, #4695, .T. ) ;
#131 = DIRECTION ( 'NONE',  ( -0.08293612690015314537, 0.9965548649496432931, 0.0000000000000000000 ) ) ;
#132 =( LENGTH_UNIT ( ) NAMED_UNIT ( * ) SI_UNIT ( .MILLI., .METRE. ) );
#133 = FILL_AREA_STYLE_COLOUR ( '', #1336 ) ;
#134 = MECHANICAL_DESIGN_GEOMETRIC_PRESENTATION_REPRESENTATION (  '', ( #4370 ), #8417 ) ;
#135 = EDGE_CURVE ( 'NONE', #4921, #9272, #8405, .T. ) ;
#136 = CARTESIAN_POINT ( 'NONE',  ( -6.200000000000001066, -3.274999999999990141, 2.000000000000000000 ) ) ;
#137 = ORIENTED_EDGE ( 'NONE', *, *, #8295, .F. ) ;
#138 = CARTESIAN_POINT ( 'NONE',  ( -6.200000000000001954, 3.077560182623181095, 11.69185809281900035 ) ) ;
#139 = CARTESIAN_POINT ( 'NONE',  ( -4.599635752693309598, -0.009227204680238970322, 2.242332206953566942 ) ) ;
#140 = ORIENTED_EDGE ( 'NONE', *, *, #4656, .F. ) ;
#141 = STYLED_ITEM ( 'NONE', ( #7249 ), #5165 ) ;
#142 = CARTESIAN_POINT ( 'NONE',  ( 2.049999999999999822, -3.750000000000000000, 9.372862536810730560 ) ) ;
#143 =( NAMED_UNIT ( * ) PLANE_ANGLE_UNIT ( ) SI_UNIT ( $, .RADIAN. ) );
#144 = DIRECTION ( 'NONE',  ( 6.419766481290825880E-30, 6.419766481290825880E-30, 1.000000000000000000 ) ) ;
#145 = LINE ( 'NONE', #7769, #2908 ) ;
#146 = CARTESIAN_POINT ( 'NONE',  ( 2.049999999999999822, -6.200000000000001066, 2.000000000000000000 ) ) ;
#147 = DIRECTION ( 'NONE',  ( -0.0000000000000000000, -0.0000000000000000000, 1.000000000000000000 ) ) ;
#148 =( NAMED_UNIT ( * ) PLANE_ANGLE_UNIT ( ) SI_UNIT ( $, .RADIAN. ) );
#149 =( NAMED_UNIT ( * ) PLANE_ANGLE_UNIT ( ) SI_UNIT ( $, .RADIAN. ) );
#150 = LINE ( 'NONE', #7890, #3408 ) ;
#151 = VERTEX_POINT ( 'NONE', #5844 ) ;
#152 = CARTESIAN_POINT ( 'NONE',  ( 6.610175751530340094, 3.101520183108080531, -0.08657411874590380252 ) ) ;
#153 = CARTESIAN_POINT ( 'NONE',  ( 1.502845596186368704, 5.924880838070049727, 2.000000000000000000 ) ) ;
#154 = DIRECTION ( 'NONE',  ( 0.0000000000000000000, 1.000000000000000000, -0.0000000000000000000 ) ) ;
#155 = COLOUR_RGB ( '',0.7450980392156862919, 0.7450980392156862919, 0.7450980392156862919 ) ;
#156 = FILL_AREA_STYLE ('',( #1773 ) ) ;
#157 = ORIENTED_EDGE ( 'NONE', *, *, #3256, .T. ) ;
#158 =( LENGTH_UNIT ( ) NAMED_UNIT ( * ) SI_UNIT ( .MILLI., .METRE. ) );
#159 = FILL_AREA_STYLE ('',( #8651 ) ) ;
#160 =( NAMED_UNIT ( * ) PLANE_ANGLE_UNIT ( ) SI_UNIT ( $, .RADIAN. ) );
#161 = FILL_AREA_STYLE_COLOUR ( '', #5138 ) ;
#162 = FACE_OUTER_BOUND ( 'NONE', #386, .T. ) ;
#163 = CARTESIAN_POINT ( 'NONE',  ( 5.000000000000000000, -4.349999999999998757, 0.3261087975802219874 ) ) ;
#164 = DIRECTION ( 'NONE',  ( -1.000000000000000000, 0.0000000000000000000, -0.0000000000000000000 ) ) ;
#165 = DIRECTION ( 'NONE',  ( -0.0000000000000000000, -0.003356540638043134257, -0.9999943668016060272 ) ) ;
#166 = ORIENTED_EDGE ( 'NONE', *, *, #9683, .T. ) ;
#167 =( NAMED_UNIT ( * ) SI_UNIT ( $, .STERADIAN. ) SOLID_ANGLE_UNIT ( ) );
#168 = CARTESIAN_POINT ( 'NONE',  ( 0.0000000000000000000, -5.804216384178710442, 2.235197563309480273 ) ) ;
#169 = ORIENTED_EDGE ( 'NONE', *, *, #6697, .T. ) ;
#170 = CARTESIAN_POINT ( 'NONE',  ( 6.200000000000001066, -3.274999999999990141, 0.0000000000000000000 ) ) ;
#171 = SURFACE_STYLE_FILL_AREA ( #7744 ) ;
#172 = COLOUR_RGB ( '',0.7450980392156862919, 0.7450980392156862919, 0.7450980392156862919 ) ;
#173 = COLOUR_RGB ( '',0.1764705882352941013, 0.1764705882352941013, 0.1764705882352941013 ) ;
#174 = CARTESIAN_POINT ( 'NONE',  ( -1.371779538879631444, 4.349999999999983658, 6.041324552728706544E-17 ) ) ;
#175 = ORIENTED_EDGE ( 'NONE', *, *, #3886, .F. ) ;
#176 = STYLED_ITEM ( 'NONE', ( #9541 ), #6255 ) ;
#177 = FILL_AREA_STYLE ('',( #3455 ) ) ;
#178 = CARTESIAN_POINT ( 'NONE',  ( -6.513276922344958031, -3.072439817376822813, -0.3203975278070669841 ) ) ;
#179 = VERTEX_POINT ( 'NONE', #9219 ) ;
#180 = VERTEX_POINT ( 'NONE', #7590 ) ;
#181 = UNCERTAINTY_MEASURE_WITH_UNIT (LENGTH_MEASURE( 1.000000000000000082E-05 ), #1962, 'distance_accuracy_value', 'NONE');
#182 = VECTOR ( 'NONE', #2740, 1000.000000000000000 ) ;
#183 =( BOUNDED_SURFACE ( )  B_SPLINE_SURFACE ( 1, 2, ( 
 ( #3785, #1304, #9662, #2838, #2955, #3008, #6380, #9715, #6218 ),
 ( #7038, #8097, #423, #5391, #7163, #2120, #1416, #365, #10361 ) ),
 .UNSPECIFIED., .F., .F., .F. ) 
 B_SPLINE_SURFACE_WITH_KNOTS ( ( 2, 2 ),
 ( 3, 2, 2, 2, 3 ),
 ( 0.0000000000000000000, 6.173960000484900235 ),
 ( -24.74492392373339911, -13.34370085990519961, -12.87246196186669955, -0.4712388980384690229, 0.0000000000000000000 ),
 .UNSPECIFIED. ) 
 GEOMETRIC_REPRESENTATION_ITEM ( )  RATIONAL_B_SPLINE_SURFACE ( (
 ( 1.000000000000000000, 1.000000000000000000, 1.000000000000000000, 0.7071067811865490160, 1.000000000000000000, 1.000000000000000000, 1.000000000000000000, 0.7071067811865480168, 1.000000000000000000),
 ( 1.000000000000000000, 1.000000000000000000, 1.000000000000000000, 0.7071067811865490160, 1.000000000000000000, 1.000000000000000000, 1.000000000000000000, 0.7071067811865480168, 1.000000000000000000) ) ) 
 REPRESENTATION_ITEM ( '' )  SURFACE ( )  );
#184 = LINE ( 'NONE', #6833, #1135 ) ;
#185 =( NAMED_UNIT ( * ) SI_UNIT ( $, .STERADIAN. ) SOLID_ANGLE_UNIT ( ) );
#186 = EDGE_CURVE ( 'NONE', #3793, #6855, #18, .T. ) ;
#187 = CARTESIAN_POINT ( 'NONE',  ( 7.654042494670949841E-18, -4.350000000000010303, 0.3261087975802219874 ) ) ;
#188 = AXIS2_PLACEMENT_3D ( 'NONE', #3488, #114, #10166 ) ;
#189 =( GEOMETRIC_REPRESENTATION_CONTEXT ( 3 ) GLOBAL_UNCERTAINTY_ASSIGNED_CONTEXT ( ( #9506 ) ) GLOBAL_UNIT_ASSIGNED_CONTEXT ( ( #4137, #2270, #5658 ) ) REPRESENTATION_CONTEXT ( 'NONE', 'WORKASPACE' ) );
#190 = ADVANCED_FACE ( 'NONE', ( #9171 ), #1699, .T. ) ;
#191 = ORIENTED_EDGE ( 'NONE', *, *, #7749, .T. ) ;
#192 = CARTESIAN_POINT ( 'NONE',  ( -0.6566354516828779575, 0.1644471129656109865, 11.88455947458399997 ) ) ;
#193 = CARTESIAN_POINT ( 'NONE',  ( 4.599635752693309598, 5.252467287468928880, 2.248810271714769105 ) ) ;
#194 = ORIENTED_EDGE ( 'NONE', *, *, #9285, .F. ) ;
#195 = PRESENTATION_LAYER_ASSIGNMENT (  '', '', ( #730 ) ) ;
#196 = COLOUR_RGB ( '',1.000000000000000000, 1.000000000000000000, 0.0000000000000000000 ) ;
#197 = DIRECTION ( 'NONE',  ( 0.0000000000000000000, -1.000000000000000000, 0.0000000000000000000 ) ) ;
#198 = SURFACE_STYLE_USAGE ( .BOTH. , #7764 ) ;
#199 = CARTESIAN_POINT ( 'NONE',  ( -5.000000000000000000, 4.349999999999998757, 0.3261087975802219874 ) ) ;
#200 = PRESENTATION_STYLE_ASSIGNMENT (( #9509 ) ) ;
#201 = DIRECTION ( 'NONE',  ( 0.0000000000000000000, 0.0000000000000000000, 1.000000000000000000 ) ) ;
#202 = COLOUR_RGB ( '',0.7450980392156862919, 0.7450980392156862919, 0.7450980392156862919 ) ;
#203 = CARTESIAN_POINT ( 'NONE',  ( 0.9841776519562150938, -0.8206810398378661109, 11.78455947458400033 ) ) ;
#204 = DIRECTION ( 'NONE',  ( -0.0000000000000000000, 1.000000000000000000, 0.0000000000000000000 ) ) ;
#205 = VECTOR ( 'NONE', #2431, 1000.000000000000000 ) ;
#206 = ORIENTED_EDGE ( 'NONE', *, *, #2172, .T. ) ;
#207 = ORIENTED_EDGE ( 'NONE', *, *, #10483, .F. ) ;
#208 = CARTESIAN_POINT ( 'NONE',  ( 4.599635752693320256, -5.993795529151238810, 2.234964158276200319 ) ) ;
#209 = ADVANCED_FACE ( 'NONE', ( #3350 ), #6723, .F. ) ;
#210 =( NAMED_UNIT ( * ) SI_UNIT ( $, .STERADIAN. ) SOLID_ANGLE_UNIT ( ) );
#211 = AXIS2_PLACEMENT_3D ( 'NONE', #2579, #995, #8591 ) ;
#212 = DIRECTION ( 'NONE',  ( 0.0000000000000000000, 0.0000000000000000000, 1.000000000000000000 ) ) ;
#213 = VERTEX_POINT ( 'NONE', #7092 ) ;
#214 = FACE_BOUND ( 'NONE', #10628, .T. ) ;
#215 = PRESENTATION_STYLE_ASSIGNMENT (( #5360 ) ) ;
#216 = CARTESIAN_POINT ( 'NONE',  ( -3.497154403813633294, -5.924880838070044398, 2.000000000000000888 ) ) ;
#217 = COLOUR_RGB ( '',0.1764705882352941013, 0.1764705882352941013, 0.1764705882352941013 ) ;
#218 = CARTESIAN_POINT ( 'NONE',  ( 3.176948736293559783, -0.2905605579101560587, 11.78455947458400033 ) ) ;
#219 = VECTOR ( 'NONE', #5012, 1000.000000000000000 ) ;
#220 = VECTOR ( 'NONE', #4069, 1000.000000000000000 ) ;
#221 = COLOUR_RGB ( '',0.4117647058823529216, 0.4117647058823529216, 0.4117647058823529216 ) ;
#222 = PRESENTATION_STYLE_ASSIGNMENT (( #3598 ) ) ;
#223 = CARTESIAN_POINT ( 'NONE',  ( -1.776356839400250070E-15, -3.072439817376821924, -0.3910372559811560178 ) ) ;
#224 =( NAMED_UNIT ( * ) PLANE_ANGLE_UNIT ( ) SI_UNIT ( $, .RADIAN. ) );
#225 = ORIENTED_EDGE ( 'NONE', *, *, #10768, .F. ) ;
#226 = SURFACE_SIDE_STYLE ('',( #3391 ) ) ;
#227 = AXIS2_PLACEMENT_3D ( 'NONE', #596, #5452, #2290 ) ;
#228 = FILL_AREA_STYLE_COLOUR ( '', #1350 ) ;
#229 = DIRECTION ( 'NONE',  ( 0.0000000000000000000, 0.0000000000000000000, -1.000000000000000000 ) ) ;
#230 = EDGE_LOOP ( 'NONE', ( #1073, #8084, #5822, #992 ) ) ;
#231 = MECHANICAL_DESIGN_GEOMETRIC_PRESENTATION_REPRESENTATION (  '', ( #9531 ), #10021 ) ;
#232 =( NAMED_UNIT ( * ) PLANE_ANGLE_UNIT ( ) SI_UNIT ( $, .RADIAN. ) );
#233 =( GEOMETRIC_REPRESENTATION_CONTEXT ( 3 ) GLOBAL_UNCERTAINTY_ASSIGNED_CONTEXT ( ( #985 ) ) GLOBAL_UNIT_ASSIGNED_CONTEXT ( ( #1826, #149, #4406 ) ) REPRESENTATION_CONTEXT ( 'NONE', 'WORKASPACE' ) );
#234 = EDGE_CURVE ( 'NONE', #10467, #624, #6266, .T. ) ;
#235 = FILL_AREA_STYLE ('',( #3552 ) ) ;
#236 = STYLED_ITEM ( 'NONE', ( #9433 ), #8690 ) ;
#237 = EDGE_LOOP ( 'NONE', ( #983, #5555, #10191, #3337 ) ) ;
#238 = CARTESIAN_POINT ( 'NONE',  ( 2.911888495329709947, 0.9985960685958690242, 11.78455947458400033 ) ) ;
#239 = PLANE ( 'NONE',  #778 ) ;
#240 = MECHANICAL_DESIGN_GEOMETRIC_PRESENTATION_REPRESENTATION (  '', ( #1491 ), #57 ) ;
#241 =( NAMED_UNIT ( * ) SI_UNIT ( $, .STERADIAN. ) SOLID_ANGLE_UNIT ( ) );
#242 = ORIENTED_EDGE ( 'NONE', *, *, #3319, .F. ) ;
#243 = AXIS2_PLACEMENT_3D ( 'NONE', #3056, #1570, #2326 ) ;
#244 = ORIENTED_EDGE ( 'NONE', *, *, #10153, .F. ) ;
#245 = LINE ( 'NONE', #2775, #7789 ) ;
#246 = DIRECTION ( 'NONE',  ( -0.0000000000000000000, 0.0000000000000000000, 1.000000000000000000 ) ) ;
#247 = PRESENTATION_LAYER_ASSIGNMENT (  '', '', ( #4306 ) ) ;
#248 = DIRECTION ( 'NONE',  ( 1.000000000000000000, 0.0000000000000000000, 0.0000000000000000000 ) ) ;
#249 = EDGE_CURVE ( 'NONE', #8934, #6957, #8786, .T. ) ;
#250 = STYLED_ITEM ( 'NONE', ( #215 ), #1412 ) ;
#251 =( NAMED_UNIT ( * ) PLANE_ANGLE_UNIT ( ) SI_UNIT ( $, .RADIAN. ) );
#252 = ORIENTED_EDGE ( 'NONE', *, *, #801, .F. ) ;
#253 = DIRECTION ( 'NONE',  ( -1.000000000000000000, 0.0000000000000000000, 0.0000000000000000000 ) ) ;
#254 = EDGE_CURVE ( 'NONE', #633, #7943, #10299, .T. ) ;
#255 = FILL_AREA_STYLE_COLOUR ( '', #10776 ) ;
#257 = VERTEX_POINT ( 'NONE', #304 ) ;
#256 = CIRCLE ( 'NONE', #972, 0.2999999999999990452 ) ;
#258 =( BOUNDED_CURVE ( )  B_SPLINE_CURVE ( 2, ( #7182, #380, #1989, #8753, #8060, #4565, #1154, #1260, #325 ),
 .UNSPECIFIED., .F., .F. ) 
 B_SPLINE_CURVE_WITH_KNOTS ( ( 3, 2, 2, 2, 3 ),
 ( 5.082197683525802034E-20, 0.01151036417089654554, 0.01198611412312086850, 0.02450605104831383302, 0.02498180100053812649 ),
 .UNSPECIFIED. ) 
 CURVE ( )  GEOMETRIC_REPRESENTATION_ITEM ( )  RATIONAL_B_SPLINE_CURVE ( ( 1.000000000000000000, 1.000000000000000000, 1.000000000000000000, 0.7071067811865490160, 1.000000000000000000, 1.000000000000000000, 1.000000000000000000, 0.7071067811865480168, 1.000000000000000000 ) ) 
 REPRESENTATION_ITEM ( '' )  );
#259 = CARTESIAN_POINT ( 'NONE',  ( -6.500000000000000888, -3.072439817376820148, 10.29185809281899999 ) ) ;
#260 = COLOUR_RGB ( '',1.000000000000000000, 1.000000000000000000, 1.000000000000000000 ) ;
#261 = DIRECTION ( 'NONE',  ( 0.0000000000000000000, -0.0000000000000000000, -1.000000000000000000 ) ) ;
#262 = DIRECTION ( 'NONE',  ( 0.0000000000000000000, 0.0000000000000000000, 1.000000000000000000 ) ) ;
#263 = UNCERTAINTY_MEASURE_WITH_UNIT (LENGTH_MEASURE( 1.000000000000000082E-05 ), #1900, 'distance_accuracy_value', 'NONE');
#264 =( NAMED_UNIT ( * ) SI_UNIT ( $, .STERADIAN. ) SOLID_ANGLE_UNIT ( ) );
#265 = DIRECTION ( 'NONE',  ( -0.0000000000000000000, -0.0000000000000000000, -1.000000000000000000 ) ) ;
#266 = EDGE_CURVE ( 'NONE', #2286, #8613, #1205, .T. ) ;
#267 = LINE ( 'NONE', #6894, #1543 ) ;
#268 = CARTESIAN_POINT ( 'NONE',  ( 0.0000000000000000000, 5.794608934297520442, 9.134918554661560108 ) ) ;
#269 = SURFACE_SIDE_STYLE ('',( #6238 ) ) ;
#270 = LINE ( 'NONE', #4518, #7624 ) ;
#271 = CIRCLE ( 'NONE', #2554, 0.3000000000000033751 ) ;
#272 = SURFACE_SIDE_STYLE ('',( #3473 ) ) ;
#273 = EDGE_CURVE ( 'NONE', #6384, #7820, #9551, .T. ) ;
#274 = ORIENTED_EDGE ( 'NONE', *, *, #486, .F. ) ;
#275 = EDGE_LOOP ( 'NONE', ( #3136, #7752 ) ) ;
#276 = CARTESIAN_POINT ( 'NONE',  ( -3.876735726934810167, -5.993795529151239698, 2.234964158276199875 ) ) ;
#277 = PRESENTATION_STYLE_ASSIGNMENT (( #1330 ) ) ;
#278 = DIRECTION ( 'NONE',  ( 0.8117499833454778768, -0.5840051066032011517, -4.901645918696041153E-16 ) ) ;
#279 = COLOUR_RGB ( '',1.000000000000000000, 1.000000000000000000, 1.000000000000000000 ) ;
#280 = LINE ( 'NONE', #5630, #7608 ) ;
#281 = SURFACE_STYLE_FILL_AREA ( #5238 ) ;
#282 = EDGE_LOOP ( 'NONE', ( #1586, #7204, #7317, #6100 ) ) ;
#283 = EDGE_CURVE ( 'NONE', #4030, #7633, #7807, .T. ) ;
#284 =( NAMED_UNIT ( * ) PLANE_ANGLE_UNIT ( ) SI_UNIT ( $, .RADIAN. ) );
#285 = FILL_AREA_STYLE ('',( #2001 ) ) ;
#286 = EDGE_CURVE ( 'NONE', #6027, #5321, #5564, .T. ) ;
#287 = MECHANICAL_DESIGN_GEOMETRIC_PRESENTATION_REPRESENTATION (  '', ( #2730 ), #2934 ) ;
#288 = CARTESIAN_POINT ( 'NONE',  ( -2.943533191417280204, 0.9985960685958690242, 11.78455947458400033 ) ) ;
#289 = FACE_OUTER_BOUND ( 'NONE', #8864, .T. ) ;
#290 = DIRECTION ( 'NONE',  ( -0.0000000000000000000, -0.0000000000000000000, -1.000000000000000000 ) ) ;
#291 = LINE ( 'NONE', #3652, #2636 ) ;
#292 =( NAMED_UNIT ( * ) SI_UNIT ( $, .STERADIAN. ) SOLID_ANGLE_UNIT ( ) );
#293 = ORIENTED_EDGE ( 'NONE', *, *, #7666, .T. ) ;
#294 = PRESENTATION_STYLE_ASSIGNMENT (( #6202 ) ) ;
#295 = CARTESIAN_POINT ( 'NONE',  ( 1.562679160852870064, -0.5776463696855239638, 11.78455947458399855 ) ) ;
#296 = MECHANICAL_DESIGN_GEOMETRIC_PRESENTATION_REPRESENTATION (  '', ( #9088 ), #826 ) ;
#297 = SURFACE_STYLE_FILL_AREA ( #10172 ) ;
#298 = VERTEX_POINT ( 'NONE', #9488 ) ;
#299 = CARTESIAN_POINT ( 'NONE',  ( -1.377268131176320187, 0.9985960685958690242, 11.78455947458400033 ) ) ;
#300 = CARTESIAN_POINT ( 'NONE',  ( -0.9676295769594479568, -0.4351388711631680173, 11.78455947458400033 ) ) ;
#301 = ORIENTED_EDGE ( 'NONE', *, *, #1352, .F. ) ;
#302 = FACE_OUTER_BOUND ( 'NONE', #275, .T. ) ;
#303 = CARTESIAN_POINT ( 'NONE',  ( -3.876735726934810167, 5.984188079270050586, 9.135151959694830737 ) ) ;
#304 = CARTESIAN_POINT ( 'NONE',  ( 3.871779538879629889, 4.349999999999997868, 7.936699065898008033E-18 ) ) ;
#305 = SURFACE_STYLE_FILL_AREA ( #10578 ) ;
#306 = VERTEX_POINT ( 'NONE', #3666 ) ;
#307 = COLOUR_RGB ( '',0.4117647058823529216, 0.4117647058823529216, 0.4117647058823529216 ) ;
#308 = LINE ( 'NONE', #7161, #7631 ) ;
#309 = ORIENTED_EDGE ( 'NONE', *, *, #8061, .T. ) ;
#310 = CARTESIAN_POINT ( 'NONE',  ( 2.250000000000000444, -4.349999999999999645, 0.3261087975802219874 ) ) ;
#311 = LINE ( 'NONE', #9278, #6392 ) ;
#312 = EDGE_CURVE ( 'NONE', #3810, #4030, #2088, .T. ) ;
#313 = FILL_AREA_STYLE_COLOUR ( '', #2018 ) ;
#314 = SURFACE_STYLE_USAGE ( .BOTH. , #10365 ) ;
#316 =( GEOMETRIC_REPRESENTATION_CONTEXT ( 3 ) GLOBAL_UNCERTAINTY_ASSIGNED_CONTEXT ( ( #1369 ) ) GLOBAL_UNIT_ASSIGNED_CONTEXT ( ( #3884, #7209, #8031 ) ) REPRESENTATION_CONTEXT ( 'NONE', 'WORKASPACE' ) );
#315 = B_SPLINE_CURVE_WITH_KNOTS ( 'NONE', 2,
 ( #7571, #896, #6810 ),
 .UNSPECIFIED., .F., .F.,
 ( 3, 3 ),
 ( 0.0000000000000000000, 0.0006920527345590284790 ),
 .UNSPECIFIED. ) ;
#317 = EDGE_LOOP ( 'NONE', ( #1636, #3447, #10661, #3986 ) ) ;
#318 = CARTESIAN_POINT ( 'NONE',  ( 3.753928499320489998, 5.794608934297520442, 9.134918554661561885 ) ) ;
#319 = LINE ( 'NONE', #3515, #4105 ) ;
#320 = ORIENTED_EDGE ( 'NONE', *, *, #10839, .F. ) ;
#321 = LINE ( 'NONE', #9004, #383 ) ;
#322 = CIRCLE ( 'NONE', #2768, 0.3000000000000016542 ) ;
#323 = FILL_AREA_STYLE ('',( #5455 ) ) ;
#324 = FACE_OUTER_BOUND ( 'NONE', #464, .T. ) ;
#325 = CARTESIAN_POINT ( 'NONE',  ( -6.513276922344959807, 3.101520183108080531, 11.40411371344520042 ) ) ;
#326 = LINE ( 'NONE', #7056, #9015 ) ;
#327 = EDGE_CURVE ( 'NONE', #2438, #4056, #9613, .T. ) ;
#328 =( GEOMETRIC_REPRESENTATION_CONTEXT ( 3 ) GLOBAL_UNCERTAINTY_ASSIGNED_CONTEXT ( ( #8057 ) ) GLOBAL_UNIT_ASSIGNED_CONTEXT ( ( #6596, #6763, #4253 ) ) REPRESENTATION_CONTEXT ( 'NONE', 'WORKASPACE' ) );
#329 =( NAMED_UNIT ( * ) PLANE_ANGLE_UNIT ( ) SI_UNIT ( $, .RADIAN. ) );
#330 = AXIS2_PLACEMENT_3D ( 'NONE', #2734, #6294, #9455 ) ;
#331 = CARTESIAN_POINT ( 'NONE',  ( -2.049999999999999822, -6.200000000000001066, 2.000000000000000000 ) ) ;
#332 = ORIENTED_EDGE ( 'NONE', *, *, #1594, .T. ) ;
#333 = EDGE_LOOP ( 'NONE', ( #5493, #5465, #6130, #2738 ) ) ;
#334 = STYLED_ITEM ( 'NONE', ( #10852 ), #503 ) ;
#335 = DIRECTION ( 'NONE',  ( -1.000000000000000000, 0.0000000000000000000, -0.0000000000000000000 ) ) ;
#336 = CARTESIAN_POINT ( 'NONE',  ( 4.453928499320490175, -5.095394788380449569, 9.121511058380409764 ) ) ;
#337 = DIRECTION ( 'NONE',  ( 0.0000000000000000000, 0.0000000000000000000, 1.000000000000000000 ) ) ;
#338 = UNCERTAINTY_MEASURE_WITH_UNIT (LENGTH_MEASURE( 1.000000000000000082E-05 ), #9110, 'distance_accuracy_value', 'NONE');
#339 = ORIENTED_EDGE ( 'NONE', *, *, #8045, .T. ) ;
#340 = DIRECTION ( 'NONE',  ( 1.000000000000000000, 0.0000000000000000000, -0.0000000000000000000 ) ) ;
#341 = MECHANICAL_DESIGN_GEOMETRIC_PRESENTATION_REPRESENTATION (  '', ( #5974 ), #1209 ) ;
#342 = SURFACE_SIDE_STYLE ('',( #7014 ) ) ;
#343 =( LENGTH_UNIT ( ) NAMED_UNIT ( * ) SI_UNIT ( .MILLI., .METRE. ) );
#344 = ADVANCED_FACE ( 'NONE', ( #3556 ), #2896, .T. ) ;
#345 = CARTESIAN_POINT ( 'NONE',  ( -5.000000000000000000, 4.349999999999998757, 0.3261087975802219874 ) ) ;
#346 = EDGE_CURVE ( 'NONE', #4970, #4397, #3995, .T. ) ;
#347 = STYLED_ITEM ( 'NONE', ( #7339 ), #5388 ) ;
#348 = DIRECTION ( 'NONE',  ( -1.000000000000000000, 0.0000000000000000000, 0.0000000000000000000 ) ) ;
#349 = DIRECTION ( 'NONE',  ( -1.000000000000000000, 0.0000000000000000000, 0.0000000000000000000 ) ) ;
#350 = CARTESIAN_POINT ( 'NONE',  ( -1.184120535069759672, -0.7167652622849911559, 11.78455947458398789 ) ) ;
#351 = ORIENTED_EDGE ( 'NONE', *, *, #266, .T. ) ;
#352 = CYLINDRICAL_SURFACE ( 'NONE', #2830, 0.3000000000000020983 ) ;
#353 = EDGE_LOOP ( 'NONE', ( #4175, #6268, #9522, #1187 ) ) ;
#354 = FACE_OUTER_BOUND ( 'NONE', #6980, .T. ) ;
#355 = COLOUR_RGB ( '',0.1764705882352941013, 0.1764705882352941013, 0.1764705882352941013 ) ;
#356 = CARTESIAN_POINT ( 'NONE',  ( -0.5683449125522189727, -0.8206810398378659999, 11.78455947458400033 ) ) ;
#357 = ORIENTED_EDGE ( 'NONE', *, *, #10352, .F. ) ;
#358 = SURFACE_SIDE_STYLE ('',( #1296 ) ) ;
#359 = DIRECTION ( 'NONE',  ( -1.000000000000000000, -0.0000000000000000000, -0.0000000000000000000 ) ) ;
#360 = SURFACE_STYLE_USAGE ( .BOTH. , #4711 ) ;
#361 = VERTEX_POINT ( 'NONE', #8038 ) ;
#362 = COLOUR_RGB ( '',1.000000000000000000, 1.000000000000000000, 0.0000000000000000000 ) ;
#363 = FACE_OUTER_BOUND ( 'NONE', #4772, .T. ) ;
#364 = EDGE_LOOP ( 'NONE', ( #6735, #357, #5219, #856 ) ) ;
#365 = CARTESIAN_POINT ( 'NONE',  ( -6.610175751530340094, 3.101520183108080086, 11.81236413145950337 ) ) ;
#366 = FACE_OUTER_BOUND ( 'NONE', #5171, .T. ) ;
#367 = AXIS2_PLACEMENT_3D ( 'NONE', #9372, #6918, #2757 ) ;
#368 =( NAMED_UNIT ( * ) PLANE_ANGLE_UNIT ( ) SI_UNIT ( $, .RADIAN. ) );
#369 =( GEOMETRIC_REPRESENTATION_CONTEXT ( 3 ) GLOBAL_UNCERTAINTY_ASSIGNED_CONTEXT ( ( #7948 ) ) GLOBAL_UNIT_ASSIGNED_CONTEXT ( ( #2422, #8327, #6752 ) ) REPRESENTATION_CONTEXT ( 'NONE', 'WORKASPACE' ) );
#370 = ORIENTED_EDGE ( 'NONE', *, *, #2648, .T. ) ;
#371 = DIRECTION ( 'NONE',  ( 1.000000000000000000, 0.0000000000000000000, 0.0000000000000000000 ) ) ;
#372 = LINE ( 'NONE', #6053, #9382 ) ;
#373 = EDGE_LOOP ( 'NONE', ( #8395, #8795, #2359, #3399 ) ) ;
#374 = VECTOR ( 'NONE', #6625, 1000.000000000000000 ) ;
#375 = COLOUR_RGB ( '',1.000000000000000000, 1.000000000000000000, 1.000000000000000000 ) ;
#376 = MECHANICAL_DESIGN_GEOMETRIC_PRESENTATION_REPRESENTATION (  '', ( #6898 ), #4067 ) ;
#377 = SURFACE_SIDE_STYLE ('',( #7933 ) ) ;
#378 = CARTESIAN_POINT ( 'NONE',  ( 3.753928499320489998, -5.795369424699426730, 9.120649267370620095 ) ) ;
#379 = UNCERTAINTY_MEASURE_WITH_UNIT (LENGTH_MEASURE( 1.000000000000000082E-05 ), #9850, 'distance_accuracy_value', 'NONE');
#380 = CARTESIAN_POINT ( 'NONE',  ( 6.513276922344959807, 3.101520183108082751, 5.691858092819041204 ) ) ;
#381 = SURFACE_SIDE_STYLE ('',( #7939 ) ) ;
#382 = FILL_AREA_STYLE_COLOUR ( '', #1029 ) ;
#383 = VECTOR ( 'NONE', #4759, 1000.000000000000000 ) ;
#384 = STYLED_ITEM ( 'NONE', ( #1464 ), #6892 ) ;
#385 =( GEOMETRIC_REPRESENTATION_CONTEXT ( 3 ) GLOBAL_UNCERTAINTY_ASSIGNED_CONTEXT ( ( #7882 ) ) GLOBAL_UNIT_ASSIGNED_CONTEXT ( ( #9304, #109, #1116 ) ) REPRESENTATION_CONTEXT ( 'NONE', 'WORKASPACE' ) );
#386 = EDGE_LOOP ( 'NONE', ( #10738, #701, #9073, #4854 ) ) ;
#387 = VERTEX_POINT ( 'NONE', #3165 ) ;
#388 = CARTESIAN_POINT ( 'NONE',  ( -4.453928499320491063, -5.804216384178710442, 2.235197563309470059 ) ) ;
#389 = VECTOR ( 'NONE', #8093, 1000.000000000000000 ) ;
#390 =( NAMED_UNIT ( * ) SI_UNIT ( $, .STERADIAN. ) SOLID_ANGLE_UNIT ( ) );
#391 = AXIS2_PLACEMENT_3D ( 'NONE', #3153, #2314, #5714 ) ;
#392 = SURFACE_STYLE_FILL_AREA ( #8126 ) ;
#393 = MECHANICAL_DESIGN_GEOMETRIC_PRESENTATION_REPRESENTATION (  '', ( #9698 ), #23 ) ;
#394 = CARTESIAN_POINT ( 'NONE',  ( -6.200000000000001066, -3.274999999999990141, 0.0000000000000000000 ) ) ;
#395 = CARTESIAN_POINT ( 'NONE',  ( 1.801812055671259127, -5.900000000000002132, 1.999999999999999556 ) ) ;
#396 = COLOUR_RGB ( '',0.7450980392156862919, 0.7450980392156862919, 0.7450980392156862919 ) ;
#397 = VECTOR ( 'NONE', #2562, 1000.000000000000000 ) ;
#398 = VECTOR ( 'NONE', #9510, 1000.000000000000000 ) ;
#399 = ADVANCED_FACE ( 'NONE', ( #3949 ), #8090, .F. ) ;
#400 = DIRECTION ( 'NONE',  ( -0.9965548649496431821, 0.08293612690015371436, -1.895595839594919666E-17 ) ) ;
#401 = CARTESIAN_POINT ( 'NONE',  ( 0.2500000000000003331, 4.349999999999999645, 0.3261087975802219874 ) ) ;
#402 = ORIENTED_EDGE ( 'NONE', *, *, #3577, .F. ) ;
#403 = PRESENTATION_STYLE_ASSIGNMENT (( #9648 ) ) ;
#404 =( GEOMETRIC_REPRESENTATION_CONTEXT ( 3 ) GLOBAL_UNCERTAINTY_ASSIGNED_CONTEXT ( ( #651 ) ) GLOBAL_UNIT_ASSIGNED_CONTEXT ( ( #6740, #4126, #2467 ) ) REPRESENTATION_CONTEXT ( 'NONE', 'WORKASPACE' ) );
#405 = ORIENTED_EDGE ( 'NONE', *, *, #3504, .F. ) ;
#406 = AXIS2_PLACEMENT_3D ( 'NONE', #657, #9027, #1494 ) ;
#407 = FILL_AREA_STYLE_COLOUR ( '', #2786 ) ;
#408 = SURFACE_SIDE_STYLE ('',( #5429 ) ) ;
#409 = ORIENTED_EDGE ( 'NONE', *, *, #2694, .T. ) ;
#410 = FILL_AREA_STYLE ('',( #7972 ) ) ;
#411 = EDGE_CURVE ( 'NONE', #7127, #8921, #5257, .T. ) ;
#412 = CIRCLE ( 'NONE', #211, 0.2999999999999998224 ) ;
#413 = SURFACE_STYLE_FILL_AREA ( #9605 ) ;
#414 = MECHANICAL_DESIGN_GEOMETRIC_PRESENTATION_REPRESENTATION (  '', ( #9029 ), #9380 ) ;
#415 = ORIENTED_EDGE ( 'NONE', *, *, #5129, .T. ) ;
#416 = CARTESIAN_POINT ( 'NONE',  ( -4.650000000000000355, 6.200000000000001066, 9.400000000000000355 ) ) ;
#417 = CARTESIAN_POINT ( 'NONE',  ( -6.200000000000001066, 6.200000000000001066, 0.0000000000000000000 ) ) ;
#418 = AXIS2_PLACEMENT_3D ( 'NONE', #4284, #3421, #92 ) ;
#419 = EDGE_LOOP ( 'NONE', ( #9408, #4977, #7863, #4449 ) ) ;
#420 = SURFACE_STYLE_FILL_AREA ( #10478 ) ;
#421 = ORIENTED_EDGE ( 'NONE', *, *, #4467, .T. ) ;
#422 = LINE ( 'NONE', #310, #2965 ) ;
#423 = CARTESIAN_POINT ( 'NONE',  ( 6.610175751530340094, 3.101520183108080531, 11.50790099422419921 ) ) ;
#424 = AXIS2_PLACEMENT_3D ( 'NONE', #7381, #9078, #5526 ) ;
#425 =( GEOMETRIC_REPRESENTATION_CONTEXT ( 3 ) GLOBAL_UNCERTAINTY_ASSIGNED_CONTEXT ( ( #5643 ) ) GLOBAL_UNIT_ASSIGNED_CONTEXT ( ( #2598, #6157, #9656 ) ) REPRESENTATION_CONTEXT ( 'NONE', 'WORKASPACE' ) );
#426 = SURFACE_SIDE_STYLE ('',( #1365 ) ) ;
#427 = FILL_AREA_STYLE_COLOUR ( '', #9758 ) ;
#428 = EDGE_CURVE ( 'NONE', #7216, #1124, #1356, .T. ) ;
#429 =( GEOMETRIC_REPRESENTATION_CONTEXT ( 3 ) GLOBAL_UNCERTAINTY_ASSIGNED_CONTEXT ( ( #8572 ) ) GLOBAL_UNIT_ASSIGNED_CONTEXT ( ( #9981, #5793, #4160 ) ) REPRESENTATION_CONTEXT ( 'NONE', 'WORKASPACE' ) );
#430 = ADVANCED_FACE ( 'NONE', ( #4710 ), #522, .T. ) ;
#431 =( GEOMETRIC_REPRESENTATION_CONTEXT ( 3 ) GLOBAL_UNCERTAINTY_ASSIGNED_CONTEXT ( ( #7593 ) ) GLOBAL_UNIT_ASSIGNED_CONTEXT ( ( #4112, #1212, #10450 ) ) REPRESENTATION_CONTEXT ( 'NONE', 'WORKASPACE' ) );
#432 = ORIENTED_EDGE ( 'NONE', *, *, #3865, .F. ) ;
#433 = DIRECTION ( 'NONE',  ( -1.546750702438609967E-16, 2.689679381760168050E-16, -1.000000000000000000 ) ) ;
#434 = EDGE_LOOP ( 'NONE', ( #10359, #7096, #301, #2343 ) ) ;
#435 = STYLED_ITEM ( 'NONE', ( #10734 ), #8760 ) ;
#436 = UNCERTAINTY_MEASURE_WITH_UNIT (LENGTH_MEASURE( 1.000000000000000082E-05 ), #8443, 'distance_accuracy_value', 'NONE');
#437 = UNCERTAINTY_MEASURE_WITH_UNIT (LENGTH_MEASURE( 1.000000000000000082E-05 ), #6180, 'distance_accuracy_value', 'NONE');
#438 = SURFACE_STYLE_USAGE ( .BOTH. , #377 ) ;
#439 = PRESENTATION_STYLE_ASSIGNMENT (( #8002 ) ) ;
#440 = VECTOR ( 'NONE', #10277, 1000.000000000000000 ) ;
#441 = LINE ( 'NONE', #10442, #627 ) ;
#442 = CARTESIAN_POINT ( 'NONE',  ( 3.753928499320489998, 5.785761974818240283, 2.249466850603030199 ) ) ;
#443 = DIRECTION ( 'NONE',  ( 0.0000000000000000000, -1.000000000000000000, -0.0000000000000000000 ) ) ;
#444 = COLOUR_RGB ( '',0.7450980392156862919, 0.7450980392156862919, 0.7450980392156862919 ) ;
#445 = CARTESIAN_POINT ( 'NONE',  ( -5.000000000000000000, 3.077560182623181095, 5.691858092819041204 ) ) ;
#446 = CIRCLE ( 'NONE', #8882, 0.2499999999999997780 ) ;
#447 = ORIENTED_EDGE ( 'NONE', *, *, #3921, .F. ) ;
#448 = UNCERTAINTY_MEASURE_WITH_UNIT (LENGTH_MEASURE( 1.000000000000000082E-05 ), #2947, 'distance_accuracy_value', 'NONE');
#449 = EDGE_LOOP ( 'NONE', ( #2218, #206, #9669, #1857 ) ) ;
#450 = DIRECTION ( 'NONE',  ( 0.0000000000000000000, -0.0000000000000000000, -1.000000000000000000 ) ) ;
#451 = FACE_OUTER_BOUND ( 'NONE', #9907, .T. ) ;
#452 = SURFACE_STYLE_FILL_AREA ( #7194 ) ;
#453 = EDGE_CURVE ( 'NONE', #4840, #2850, #4020, .T. ) ;
#454 = CARTESIAN_POINT ( 'NONE',  ( -6.500000000000001776, -3.072439817376820148, 5.691858092819041204 ) ) ;
#455 = SURFACE_STYLE_USAGE ( .BOTH. , #4530 ) ;
#456 = DIRECTION ( 'NONE',  ( 0.0000000000000000000, -1.000000000000000000, -0.0000000000000000000 ) ) ;
#457 = STYLED_ITEM ( 'NONE', ( #121 ), #2045 ) ;
#458 = DIRECTION ( 'NONE',  ( -1.000000000000000000, 0.0000000000000000000, -0.0000000000000000000 ) ) ;
#459 = LINE ( 'NONE', #5307, #7600 ) ;
#460 = ORIENTED_EDGE ( 'NONE', *, *, #6548, .F. ) ;
#461 = DIRECTION ( 'NONE',  ( 0.0000000000000000000, 0.0000000000000000000, -1.000000000000000000 ) ) ;
#462 = CARTESIAN_POINT ( 'NONE',  ( 0.4792830908783030641, 0.7826698781393760518, 11.78455947458399855 ) ) ;
#463 = CARTESIAN_POINT ( 'NONE',  ( -6.213276922344959985, 3.101520183108080531, -0.3203975278070689825 ) ) ;
#464 = EDGE_LOOP ( 'NONE', ( #10114, #7274, #7172, #6437, #2324, #3414, #9301, #6066 ) ) ;
#465 = MECHANICAL_DESIGN_GEOMETRIC_PRESENTATION_REPRESENTATION (  '', ( #10820 ), #5586 ) ;
#466 = EDGE_CURVE ( 'NONE', #7254, #7043, #4040, .T. ) ;
#467 = UNCERTAINTY_MEASURE_WITH_UNIT (LENGTH_MEASURE( 1.000000000000000082E-05 ), #5442, 'distance_accuracy_value', 'NONE');
#468 = DIRECTION ( 'NONE',  ( 1.658182125529443522E-16, -1.658182125529443769E-16, -1.000000000000000000 ) ) ;
#469 = EDGE_LOOP ( 'NONE', ( #4000, #10868, #1358, #2268 ) ) ;
#470 = PRESENTATION_STYLE_ASSIGNMENT (( #1355 ) ) ;
#471 = AXIS2_PLACEMENT_3D ( 'NONE', #5657, #1404, #8993 ) ;
#472 = CARTESIAN_POINT ( 'NONE',  ( -0.9435331914172789824, 0.4564273938970729860, 11.78455947458400033 ) ) ;
#473 = ORIENTED_EDGE ( 'NONE', *, *, #6951, .F. ) ;
#474 = EDGE_LOOP ( 'NONE', ( #309, #4342, #1146, #9466, #2925, #10028, #9067, #8748 ) ) ;
#475 = SURFACE_STYLE_USAGE ( .BOTH. , #1361 ) ;
#476 = CLOSED_SHELL ( 'NONE', ( #9497, #4727, #9281, #8685 ) ) ;
#477 =( LENGTH_UNIT ( ) NAMED_UNIT ( * ) SI_UNIT ( .MILLI., .METRE. ) );
#478 = LINE ( 'NONE', #3729, #5107 ) ;
#479 = EDGE_LOOP ( 'NONE', ( #421, #10123, #124, #8337 ) ) ;
#480 = LINE ( 'NONE', #2028, #2931 ) ;
#481 = ADVANCED_FACE ( 'NONE', ( #7418 ), #1572, .F. ) ;
#482 = ORIENTED_EDGE ( 'NONE', *, *, #10505, .T. ) ;
#483 = SURFACE_STYLE_USAGE ( .BOTH. , #8053 ) ;
#484 = CARTESIAN_POINT ( 'NONE',  ( 2.500000000000000000, 4.349999999999999645, 0.3261087975802219874 ) ) ;
#485 = ORIENTED_EDGE ( 'NONE', *, *, #2663, .T. ) ;
#486 = EDGE_CURVE ( 'NONE', #10129, #6868, #733, .T. ) ;
#487 = CARTESIAN_POINT ( 'NONE',  ( 4.002845596186369370, -5.924880838070051503, 3.922061771280238963E-17 ) ) ;
#488 = CARTESIAN_POINT ( 'NONE',  ( 0.3335752423176610026, -0.5699278784167178813, 11.78455947458399855 ) ) ;
#489 = CARTESIAN_POINT ( 'NONE',  ( 4.453928499320490175, -5.095394788380446904, 9.121511058383029891 ) ) ;
#490 = FILL_AREA_STYLE_COLOUR ( '', #1961 ) ;
#491 = LINE ( 'NONE', #10542, #2325 ) ;
#492 = DIRECTION ( 'NONE',  ( -1.000000000000000000, 0.0000000000000000000, 0.0000000000000000000 ) ) ;
#493 = DIRECTION ( 'NONE',  ( -0.0000000000000000000, -0.0000000000000000000, 1.000000000000000000 ) ) ;
#494 = COLOUR_RGB ( '',0.7450980392156862919, 0.7450980392156862919, 0.7450980392156862919 ) ;
#495 = LINE ( 'NONE', #4567, #6208 ) ;
#496 = CARTESIAN_POINT ( 'NONE',  ( -1.371779538879631222, 4.349999999999981881, 2.000000000000000444 ) ) ;
#497 = SURFACE_STYLE_FILL_AREA ( #3028 ) ;
#498 = ORIENTED_EDGE ( 'NONE', *, *, #887, .F. ) ;
#499 = ORIENTED_EDGE ( 'NONE', *, *, #9739, .F. ) ;
#500 = MECHANICAL_DESIGN_GEOMETRIC_PRESENTATION_REPRESENTATION (  '', ( #3485 ), #8245 ) ;
#501 = DIRECTION ( 'NONE',  ( 0.0000000000000000000, 0.0000000000000000000, -1.000000000000000000 ) ) ;
#502 = PRESENTATION_STYLE_ASSIGNMENT (( #7239 ) ) ;
#503 = ADVANCED_FACE ( 'NONE', ( #10796 ), #3283, .T. ) ;
#504 = CARTESIAN_POINT ( 'NONE',  ( 4.749999999999999112, -4.349999999999998757, 0.3261087975802219874 ) ) ;
#505 = SURFACE_STYLE_FILL_AREA ( #4577 ) ;
#506 = SURFACE_SIDE_STYLE ('',( #4859 ) ) ;
#507 = CARTESIAN_POINT ( 'NONE',  ( 0.9971544038136319621, -5.924880838070049727, 2.000000000000000000 ) ) ;
#508 = CIRCLE ( 'NONE', #8945, 0.1217795388796299727 ) ;
#509 = CARTESIAN_POINT ( 'NONE',  ( -2.292930781778729887, 0.7696804059452660995, 11.78455947458400033 ) ) ;
#510 = CARTESIAN_POINT ( 'NONE',  ( -2.943533191417280204, 0.9985960685958690242, 11.88455947458399997 ) ) ;
#511 = DIRECTION ( 'NONE',  ( 1.000000000000000000, 0.0000000000000000000, 0.0000000000000000000 ) ) ;
#512 = CARTESIAN_POINT ( 'NONE',  ( 0.09261138689597370188, -0.2096116305918180045, 11.78455947458398789 ) ) ;
#513 = ORIENTED_EDGE ( 'NONE', *, *, #2914, .T. ) ;
#514 = CARTESIAN_POINT ( 'NONE',  ( -1.502845596186370036, 5.924880838070049727, 2.000000000000000888 ) ) ;
#515 = CARTESIAN_POINT ( 'NONE',  ( 0.3335752423176610026, 0.3455465163010860707, 11.78455947458399855 ) ) ;
#516 = FILL_AREA_STYLE_COLOUR ( '', #6290 ) ;
#517 = AXIS2_PLACEMENT_3D ( 'NONE', #5199, #6140, #164 ) ;
#518 = ORIENTED_EDGE ( 'NONE', *, *, #9106, .T. ) ;
#519 = CARTESIAN_POINT ( 'NONE',  ( -0.2610218689472669773, -0.1312043415592860085, 11.88455947458399997 ) ) ;
#520 =( NAMED_UNIT ( * ) PLANE_ANGLE_UNIT ( ) SI_UNIT ( $, .RADIAN. ) );
#521 = ORIENTED_EDGE ( 'NONE', *, *, #6715, .T. ) ;
#522 = PLANE ( 'NONE',  #1030 ) ;
#523 = ORIENTED_EDGE ( 'NONE', *, *, #6144, .F. ) ;
#524 = DIRECTION ( 'NONE',  ( -1.000000000000000000, 0.0000000000000000000, 0.0000000000000000000 ) ) ;
#525 = VERTEX_POINT ( 'NONE', #10284 ) ;
#526 = CARTESIAN_POINT ( 'NONE',  ( 0.9841776519562150938, 1.010644261366949959, 11.78455947458400033 ) ) ;
#527 = CARTESIAN_POINT ( 'NONE',  ( 2.500000000000000000, -4.349999999999999645, -4.673891202419779844 ) ) ;
#528 = UNCERTAINTY_MEASURE_WITH_UNIT (LENGTH_MEASURE( 1.000000000000000082E-05 ), #10740, 'distance_accuracy_value', 'NONE');
#529 = CARTESIAN_POINT ( 'NONE',  ( -0.3798094936966650570, 0.2456782402672189891, 11.88455947458399997 ) ) ;
#530 = VERTEX_POINT ( 'NONE', #7905 ) ;
#531 = CARTESIAN_POINT ( 'NONE',  ( -5.000000000000000000, 3.077560182623180651, 11.69185809281900035 ) ) ;
#532 = ORIENTED_EDGE ( 'NONE', *, *, #1557, .T. ) ;
#533 =( NAMED_UNIT ( * ) PLANE_ANGLE_UNIT ( ) SI_UNIT ( $, .RADIAN. ) );
#534 = CARTESIAN_POINT ( 'NONE',  ( 1.249999999999999556, 4.349999999999999645, 2.000000000000000000 ) ) ;
#535 = UNCERTAINTY_MEASURE_WITH_UNIT (LENGTH_MEASURE( 1.000000000000000082E-05 ), #10294, 'distance_accuracy_value', 'NONE');
#536 = ADVANCED_FACE ( 'NONE', ( #6198 ), #4479, .T. ) ;
#537 = FILL_AREA_STYLE_COLOUR ( '', #10195 ) ;
#538 = CARTESIAN_POINT ( 'NONE',  ( -0.6981879443287383191, 6.200000000000001066, 0.9999999999999988898 ) ) ;
#539 = FILL_AREA_STYLE_COLOUR ( '', #7456 ) ;
#540 = PRESENTATION_LAYER_ASSIGNMENT (  '', '', ( #5842 ) ) ;
#541 = PRESENTATION_STYLE_ASSIGNMENT (( #8114 ) ) ;
#542 = EDGE_CURVE ( 'NONE', #6623, #1745, #1894, .T. ) ;
#543 = CARTESIAN_POINT ( 'NONE',  ( 6.610175751530349864, -3.072439817376820592, -0.3910372559811560178 ) ) ;
#544 =( LENGTH_UNIT ( ) NAMED_UNIT ( * ) SI_UNIT ( .MILLI., .METRE. ) );
#545 = MECHANICAL_DESIGN_GEOMETRIC_PRESENTATION_REPRESENTATION (  '', ( #8984 ), #8283 ) ;
#546 = MECHANICAL_DESIGN_GEOMETRIC_PRESENTATION_REPRESENTATION (  '', ( #9321 ), #4767 ) ;
#547 = B_SPLINE_CURVE_WITH_KNOTS ( 'NONE', 2,
 ( #6011, #3578, #1206, #1102, #203, #1993, #3743, #1046, #7835, #7185, #9676, #6120, #10264, #4568, #2858 ),
 .UNSPECIFIED., .F., .F.,
 ( 3, 2, 2, 2, 2, 2, 2, 3 ),
 ( 0.0000000000000000000, 0.0004825279104181062024, 0.0009650558208362124048, 0.001447583731254318499, 0.001930111641672424810, 0.002412639552090531121, 0.002895167462508636998, 0.003377695372926742875 ),
 .UNSPECIFIED. ) ;
#548 = FACE_OUTER_BOUND ( 'NONE', #9392, .T. ) ;
#549 = ORIENTED_EDGE ( 'NONE', *, *, #10751, .F. ) ;
#550 = STYLED_ITEM ( 'NONE', ( #7970 ), #6262 ) ;
#551 = EDGE_CURVE ( 'NONE', #10564, #8738, #2698, .T. ) ;
#552 = UNCERTAINTY_MEASURE_WITH_UNIT (LENGTH_MEASURE( 1.000000000000000082E-05 ), #4091, 'distance_accuracy_value', 'NONE');
#553 = PRESENTATION_STYLE_ASSIGNMENT (( #10392 ) ) ;
#554 = FACE_OUTER_BOUND ( 'NONE', #8067, .T. ) ;
#555 = DIRECTION ( 'NONE',  ( -0.08293612690015354783, 0.9965548649496431821, 0.0000000000000000000 ) ) ;
#556 = STYLED_ITEM ( 'NONE', ( #5354 ), #2209 ) ;
#557 = CARTESIAN_POINT ( 'NONE',  ( -0.3857394621399040102, -0.8206810398378659999, 11.88455947458400175 ) ) ;
#558 = EDGE_CURVE ( 'NONE', #7844, #7628, #8851, .T. ) ;
#559 = VECTOR ( 'NONE', #10562, 1000.000000000000000 ) ;
#560 = CARTESIAN_POINT ( 'NONE',  ( -4.002845596186371147, -5.924880838070049727, 2.000000000000000444 ) ) ;
#561 = ADVANCED_FACE ( 'NONE', ( #6974 ), #2635, .T. ) ;
#562 = DIRECTION ( 'NONE',  ( 0.0000000000000000000, -1.000000000000000000, -1.658182125529445987E-16 ) ) ;
#563 = FILL_AREA_STYLE ('',( #2212 ) ) ;
#564 = VECTOR ( 'NONE', #6961, 1000.000000000000000 ) ;
#565 = DIRECTION ( 'NONE',  ( 0.0000000000000000000, 0.0000000000000000000, -1.000000000000000000 ) ) ;
#566 = COLOUR_RGB ( '',0.1764705882352941013, 0.1764705882352941013, 0.1764705882352941013 ) ;
#567 =( NAMED_UNIT ( * ) PLANE_ANGLE_UNIT ( ) SI_UNIT ( $, .RADIAN. ) );
#568 = ORIENTED_EDGE ( 'NONE', *, *, #1093, .T. ) ;
#569 = SURFACE_SIDE_STYLE ('',( #3048 ) ) ;
#570 = VECTOR ( 'NONE', #5829, 1000.000000000000000 ) ;
#571 = ORIENTED_EDGE ( 'NONE', *, *, #1338, .T. ) ;
#572 =( LENGTH_UNIT ( ) NAMED_UNIT ( * ) SI_UNIT ( .MILLI., .METRE. ) );
#573 = MECHANICAL_DESIGN_GEOMETRIC_PRESENTATION_REPRESENTATION (  '', ( #6024 ), #1457 ) ;
#574 = UNCERTAINTY_MEASURE_WITH_UNIT (LENGTH_MEASURE( 1.000000000000000082E-05 ), #8447, 'distance_accuracy_value', 'NONE');
#575 = CARTESIAN_POINT ( 'NONE',  ( 1.374999999999999556, -3.072439817376820148, -0.3081419071809570198 ) ) ;
#576 = ORIENTED_EDGE ( 'NONE', *, *, #9672, .T. ) ;
#577 =( GEOMETRIC_REPRESENTATION_CONTEXT ( 3 ) GLOBAL_UNCERTAINTY_ASSIGNED_CONTEXT ( ( #4399 ) ) GLOBAL_UNIT_ASSIGNED_CONTEXT ( ( #2196, #7392, #10660 ) ) REPRESENTATION_CONTEXT ( 'NONE', 'WORKASPACE' ) );
#578 = CARTESIAN_POINT ( 'NONE',  ( -6.500000000000000888, -3.072439817376820148, 1.091858092819040005 ) ) ;
#579 = DIRECTION ( 'NONE',  ( -1.000000000000000000, 0.0000000000000000000, 0.0000000000000000000 ) ) ;
#580 = ORIENTED_EDGE ( 'NONE', *, *, #2567, .F. ) ;
#581 = LINE ( 'NONE', #8949, #10190 ) ;
#582 = ORIENTED_EDGE ( 'NONE', *, *, #728, .T. ) ;
#583 = CARTESIAN_POINT ( 'NONE',  ( 0.3335752423176610026, -0.008180959406275060269, 11.78455947458400033 ) ) ;
#584 =( NAMED_UNIT ( * ) SI_UNIT ( $, .STERADIAN. ) SOLID_ANGLE_UNIT ( ) );
#585 = COLOUR_RGB ( '',0.7450980392156862919, 0.7450980392156862919, 0.7450980392156862919 ) ;
#586 = PLANE ( 'NONE',  #3289 ) ;
#587 = ORIENTED_EDGE ( 'NONE', *, *, #7135, .T. ) ;
#588 = FILL_AREA_STYLE_COLOUR ( '', #644 ) ;
#589 = EDGE_CURVE ( 'NONE', #6649, #4970, #10624, .T. ) ;
#590 = AXIS2_PLACEMENT_3D ( 'NONE', #6406, #2197, #4739 ) ;
#591 = VECTOR ( 'NONE', #6227, 1000.000000000000000 ) ;
#592 = UNCERTAINTY_MEASURE_WITH_UNIT (LENGTH_MEASURE( 1.000000000000000082E-05 ), #1362, 'distance_accuracy_value', 'NONE');
#593 = PRESENTATION_LAYER_ASSIGNMENT (  '', '', ( #10225 ) ) ;
#594 = ORIENTED_EDGE ( 'NONE', *, *, #9161, .T. ) ;
#595 = DIRECTION ( 'NONE',  ( 0.0000000000000000000, 0.0000000000000000000, -1.000000000000000000 ) ) ;
#596 = CARTESIAN_POINT ( 'NONE',  ( 2.250000000000000444, -4.599999999999999645, -4.673891202419779844 ) ) ;
#597 =( NAMED_UNIT ( * ) SI_UNIT ( $, .STERADIAN. ) SOLID_ANGLE_UNIT ( ) );
#598 = STYLED_ITEM ( 'NONE', ( #10648 ), #10810 ) ;
#599 = PRESENTATION_LAYER_ASSIGNMENT (  '', '', ( #6418 ) ) ;
#600 =( NAMED_UNIT ( * ) PLANE_ANGLE_UNIT ( ) SI_UNIT ( $, .RADIAN. ) );
#601 = SURFACE_STYLE_FILL_AREA ( #10706 ) ;
#602 = UNCERTAINTY_MEASURE_WITH_UNIT (LENGTH_MEASURE( 1.000000000000000082E-05 ), #2930, 'distance_accuracy_value', 'NONE');
#603 = SURFACE_STYLE_FILL_AREA ( #4782 ) ;
#604 = EDGE_CURVE ( 'NONE', #8358, #820, #10520, .T. ) ;
#605 = PRESENTATION_LAYER_ASSIGNMENT (  '', '', ( #2885 ) ) ;
#606 = DIRECTION ( 'NONE',  ( -1.000000000000000000, 0.0000000000000000000, 0.0000000000000000000 ) ) ;
#607 = CARTESIAN_POINT ( 'NONE',  ( -5.900000000000000355, 5.900000000000000355, 2.000000000000000000 ) ) ;
#608 = VECTOR ( 'NONE', #8125, 1000.000000000000000 ) ;
#609 = SURFACE_SIDE_STYLE ('',( #1432 ) ) ;
#610 = SURFACE_SIDE_STYLE ('',( #8759 ) ) ;
#611 = ORIENTED_EDGE ( 'NONE', *, *, #4386, .T. ) ;
#612 = MECHANICAL_DESIGN_GEOMETRIC_PRESENTATION_REPRESENTATION (  '', ( #1673 ), #6786 ) ;
#613 = DIRECTION ( 'NONE',  ( -0.08293612690015332578, 0.9965548649496431821, 0.0000000000000000000 ) ) ;
#614 = FILL_AREA_STYLE ('',( #4801 ) ) ;
#615 = DIRECTION ( 'NONE',  ( -0.08293612690015354783, 0.9965548649496431821, 0.0000000000000000000 ) ) ;
#616 = ADVANCED_FACE ( 'NONE', ( #4808 ), #2312, .T. ) ;
#617 = AXIS2_PLACEMENT_3D ( 'NONE', #4763, #3118, #5559 ) ;
#618 = DIRECTION ( 'NONE',  ( 0.0000000000000000000, -1.000000000000000000, 2.689679381759780522E-16 ) ) ;
#619 =( LENGTH_UNIT ( ) NAMED_UNIT ( * ) SI_UNIT ( .MILLI., .METRE. ) );
#620 = EDGE_CURVE ( 'NONE', #6308, #10804, #2937, .T. ) ;
#621 = CARTESIAN_POINT ( 'NONE',  ( -2.943533191417280204, -0.9893557386330470438, 11.88455947458399997 ) ) ;
#622 =( BOUNDED_CURVE ( )  B_SPLINE_CURVE ( 2, ( #4625, #4573, #7946, #4017, #4957, #9138, #4900, #9032, #2361 ),
 .UNSPECIFIED., .F., .F. ) 
 B_SPLINE_CURVE_WITH_KNOTS ( ( 3, 2, 2, 2, 3 ),
 ( 0.0000000000000000000, 0.01168622710878648371, 0.01216924588266205323, 0.02488047066436161955, 0.02536348943823715785 ),
 .UNSPECIFIED. ) 
 CURVE ( )  GEOMETRIC_REPRESENTATION_ITEM ( )  RATIONAL_B_SPLINE_CURVE ( ( 1.000000000000000000, 1.000000000000000000, 1.000000000000000000, 0.7071067811865490160, 1.000000000000000000, 1.000000000000000000, 1.000000000000000000, 0.7071067811865480168, 1.000000000000000000 ) ) 
 REPRESENTATION_ITEM ( '' )  );
#623 = PRESENTATION_STYLE_ASSIGNMENT (( #5773 ) ) ;
#624 = VERTEX_POINT ( 'NONE', #7309 ) ;
#625 = SURFACE_SIDE_STYLE ('',( #4752 ) ) ;
#626 = PRESENTATION_STYLE_ASSIGNMENT (( #3274 ) ) ;
#627 = VECTOR ( 'NONE', #8801, 1000.000000000000000 ) ;
#628 = EDGE_CURVE ( 'NONE', #9128, #7189, #8773, .T. ) ;
#629 = VERTEX_POINT ( 'NONE', #1223 ) ;
#630 = VECTOR ( 'NONE', #4613, 1000.000000000000000 ) ;
#631 = DIRECTION ( 'NONE',  ( 0.0000000000000000000, 0.0000000000000000000, 1.000000000000000000 ) ) ;
#632 = COLOUR_RGB ( '',0.1764705882352941013, 0.1764705882352941013, 0.1764705882352941013 ) ;
#633 = VERTEX_POINT ( 'NONE', #4582 ) ;
#634 = FILL_AREA_STYLE ('',( #3282 ) ) ;
#635 =( NAMED_UNIT ( * ) PLANE_ANGLE_UNIT ( ) SI_UNIT ( $, .RADIAN. ) );
#636 = ORIENTED_EDGE ( 'NONE', *, *, #2162, .T. ) ;
#637 = ORIENTED_EDGE ( 'NONE', *, *, #6715, .F. ) ;
#638 = CARTESIAN_POINT ( 'NONE',  ( -5.250000000000000000, 4.099999999999999645, -4.673891202419779844 ) ) ;
#639 = AXIS2_PLACEMENT_3D ( 'NONE', #6452, #8308, #5632 ) ;
#640 = UNCERTAINTY_MEASURE_WITH_UNIT (LENGTH_MEASURE( 1.000000000000000082E-05 ), #10557, 'distance_accuracy_value', 'NONE');
#641 = FILL_AREA_STYLE ('',( #5617 ) ) ;
#642 = EDGE_CURVE ( 'NONE', #649, #10051, #6858, .T. ) ;
#643 = VERTEX_POINT ( 'NONE', #510 ) ;
#644 = COLOUR_RGB ( '',0.1764705882352941013, 0.1764705882352941013, 0.1764705882352941013 ) ;
#645 = PRESENTATION_STYLE_ASSIGNMENT (( #9167 ) ) ;
#646 = AXIS2_PLACEMENT_3D ( 'NONE', #7408, #6588, #6422 ) ;
#647 = ORIENTED_EDGE ( 'NONE', *, *, #2493, .T. ) ;
#648 = DIRECTION ( 'NONE',  ( 0.0000000000000000000, 0.0000000000000000000, -1.000000000000000000 ) ) ;
#649 = VERTEX_POINT ( 'NONE', #7960 ) ;
#650 = CARTESIAN_POINT ( 'NONE',  ( -3.628220461120370111, -4.349999999999999645, 0.9999999999999997780 ) ) ;
#651 = UNCERTAINTY_MEASURE_WITH_UNIT (LENGTH_MEASURE( 1.000000000000000082E-05 ), #6740, 'distance_accuracy_value', 'NONE');
#652 =( NAMED_UNIT ( * ) SI_UNIT ( $, .STERADIAN. ) SOLID_ANGLE_UNIT ( ) );
#653 =( LENGTH_UNIT ( ) NAMED_UNIT ( * ) SI_UNIT ( .MILLI., .METRE. ) );
#654 =( GEOMETRIC_REPRESENTATION_CONTEXT ( 3 ) GLOBAL_UNCERTAINTY_ASSIGNED_CONTEXT ( ( #10313 ) ) GLOBAL_UNIT_ASSIGNED_CONTEXT ( ( #2559, #9275, #9127 ) ) REPRESENTATION_CONTEXT ( 'NONE', 'WORKASPACE' ) );
#655 = CARTESIAN_POINT ( 'NONE',  ( -6.610175751530350752, 3.101520183108080531, 5.710663437739160742 ) ) ;
#656 = PRESENTATION_LAYER_ASSIGNMENT (  '', '', ( #2427 ) ) ;
#657 = CARTESIAN_POINT ( 'NONE',  ( 4.750000000000000000, 4.099999999999999645, 0.3261087975802219874 ) ) ;
#658 = ORIENTED_EDGE ( 'NONE', *, *, #428, .T. ) ;
#659 = CARTESIAN_POINT ( 'NONE',  ( 1.502845596186368926, -5.924880838070050615, 3.922061771280214311E-17 ) ) ;
#660 = COLOUR_RGB ( '',0.1764705882352941013, 0.1764705882352941013, 0.1764705882352941013 ) ;
#661 = EDGE_CURVE ( 'NONE', #10419, #2477, #7141, .T. ) ;
#662 = DIRECTION ( 'NONE',  ( -1.000000000000000000, 0.0000000000000000000, 0.0000000000000000000 ) ) ;
#663 = CARTESIAN_POINT ( 'NONE',  ( -4.950000000000000178, 5.900000000000000355, 10.14126039117999944 ) ) ;
#664 = SURFACE_STYLE_FILL_AREA ( #8982 ) ;
#665 = DIRECTION ( 'NONE',  ( 0.0000000000000000000, 0.0000000000000000000, -1.000000000000000000 ) ) ;
#666 = SURFACE_SIDE_STYLE ('',( #2414 ) ) ;
#667 = CIRCLE ( 'NONE', #2078, 0.2999999999999973244 ) ;
#668 =( NAMED_UNIT ( * ) PLANE_ANGLE_UNIT ( ) SI_UNIT ( $, .RADIAN. ) );
#669 = SURFACE_STYLE_USAGE ( .BOTH. , #9906 ) ;
#670 = EDGE_CURVE ( 'NONE', #4886, #2462, #10667, .T. ) ;
#671 = ORIENTED_EDGE ( 'NONE', *, *, #35, .T. ) ;
#672 = FILL_AREA_STYLE_COLOUR ( '', #10171 ) ;
#673 = AXIS2_PLACEMENT_3D ( 'NONE', #4736, #7388, #3916 ) ;
#674 = PRESENTATION_STYLE_ASSIGNMENT (( #9909 ) ) ;
#675 = SURFACE_STYLE_USAGE ( .BOTH. , #9154 ) ;
#676 =( GEOMETRIC_REPRESENTATION_CONTEXT ( 3 ) GLOBAL_UNCERTAINTY_ASSIGNED_CONTEXT ( ( #4420 ) ) GLOBAL_UNIT_ASSIGNED_CONTEXT ( ( #6191, #2874, #3932 ) ) REPRESENTATION_CONTEXT ( 'NONE', 'WORKASPACE' ) );
#677 = FILL_AREA_STYLE_COLOUR ( '', #1551 ) ;
#678 = VECTOR ( 'NONE', #6212, 1000.000000000000000 ) ;
#679 = EDGE_CURVE ( 'NONE', #4056, #7356, #9148, .T. ) ;
#680 = SURFACE_SIDE_STYLE ('',( #4036 ) ) ;
#681 = ORIENTED_EDGE ( 'NONE', *, *, #2564, .T. ) ;
#682 = CARTESIAN_POINT ( 'NONE',  ( -4.453928499320490175, 5.795199161759920337, 9.372862536810730560 ) ) ;
#683 = FACE_OUTER_BOUND ( 'NONE', #1106, .T. ) ;
#684 = ORIENTED_EDGE ( 'NONE', *, *, #5367, .F. ) ;
#685 = PRESENTATION_STYLE_ASSIGNMENT (( #6598 ) ) ;
#686 = STYLED_ITEM ( 'NONE', ( #4537 ), #561 ) ;
#687 = ORIENTED_EDGE ( 'NONE', *, *, #1031, .F. ) ;
#688 = CARTESIAN_POINT ( 'NONE',  ( 1.469023420932789925, 0.7597030279048370138, 11.78455947458400033 ) ) ;
#689 = SURFACE_SIDE_STYLE ('',( #8952 ) ) ;
#690 =( LENGTH_UNIT ( ) NAMED_UNIT ( * ) SI_UNIT ( .MILLI., .METRE. ) );
#691 = ORIENTED_EDGE ( 'NONE', *, *, #466, .F. ) ;
#692 = CARTESIAN_POINT ( 'NONE',  ( 4.950000000000006395, 3.663209264704479384, 10.50000000000000000 ) ) ;
#693 = AXIS2_PLACEMENT_3D ( 'NONE', #4889, #8257, #10756 ) ;
#694 = UNCERTAINTY_MEASURE_WITH_UNIT (LENGTH_MEASURE( 1.000000000000000082E-05 ), #6734, 'distance_accuracy_value', 'NONE');
#695 = SURFACE_SIDE_STYLE ('',( #1528 ) ) ;
#696 = ORIENTED_EDGE ( 'NONE', *, *, #8373, .F. ) ;
#697 = FACE_OUTER_BOUND ( 'NONE', #5371, .T. ) ;
#698 = EDGE_CURVE ( 'NONE', #9810, #7544, #7730, .T. ) ;
#699 = CYLINDRICAL_SURFACE ( 'NONE', #8010, 0.3000000000000016542 ) ;
#700 = ORIENTED_EDGE ( 'NONE', *, *, #698, .T. ) ;
#701 = ORIENTED_EDGE ( 'NONE', *, *, #1150, .T. ) ;
#702 = STYLED_ITEM ( 'NONE', ( #9478 ), #5594 ) ;
#703 = CARTESIAN_POINT ( 'NONE',  ( 1.589881768491020031, 0.4631103858787330441, 11.88455947458399820 ) ) ;
#704 = DIRECTION ( 'NONE',  ( 0.9889363528682963977, 0.1483404529302524699, 0.0000000000000000000 ) ) ;
#705 =( NAMED_UNIT ( * ) SI_UNIT ( $, .STERADIAN. ) SOLID_ANGLE_UNIT ( ) );
#706 = SURFACE_STYLE_FILL_AREA ( #2248 ) ;
#707 = FILL_AREA_STYLE ('',( #9234 ) ) ;
#708 = ORIENTED_EDGE ( 'NONE', *, *, #10204, .F. ) ;
#709 = CARTESIAN_POINT ( 'NONE',  ( 3.628220461120369222, 4.349999999999984546, 2.000000000000000444 ) ) ;
#710 = CARTESIAN_POINT ( 'NONE',  ( 6.200000000000001066, 5.900000000000000355, -1.984260520772446048E-44 ) ) ;
#711 = CARTESIAN_POINT ( 'NONE',  ( 3.750000000000000000, -4.349999999999999645, 1.642566291315495460E-17 ) ) ;
#712 = LINE ( 'NONE', #3143, #6721 ) ;
#713 = DIRECTION ( 'NONE',  ( -0.0000000000000000000, 0.0000000000000000000, -1.000000000000000000 ) ) ;
#714 = LINE ( 'NONE', #6741, #9227 ) ;
#715 = CARTESIAN_POINT ( 'NONE',  ( -0.2891656640866239747, 0.08763981510858470658, 11.78455947458400033 ) ) ;
#716 = EDGE_CURVE ( 'NONE', #2962, #4664, #9712, .T. ) ;
#717 =( GEOMETRIC_REPRESENTATION_CONTEXT ( 3 ) GLOBAL_UNCERTAINTY_ASSIGNED_CONTEXT ( ( #1110 ) ) GLOBAL_UNIT_ASSIGNED_CONTEXT ( ( #2627, #1166, #5357 ) ) REPRESENTATION_CONTEXT ( 'NONE', 'WORKASPACE' ) );
#718 = MECHANICAL_DESIGN_GEOMETRIC_PRESENTATION_REPRESENTATION (  '', ( #7756 ), #1431 ) ;
#719 = FILL_AREA_STYLE ('',( #9194 ) ) ;
#720 = LINE ( 'NONE', #5134, #9523 ) ;
#721 = ORIENTED_EDGE ( 'NONE', *, *, #9170, .F. ) ;
#722 =( NAMED_UNIT ( * ) PLANE_ANGLE_UNIT ( ) SI_UNIT ( $, .RADIAN. ) );
#723 = SURFACE_STYLE_FILL_AREA ( #8278 ) ;
#724 = MECHANICAL_DESIGN_GEOMETRIC_PRESENTATION_REPRESENTATION (  '', ( #7956 ), #6012 ) ;
#725 = AXIS2_PLACEMENT_3D ( 'NONE', #4677, #9937, #8857 ) ;
#726 = LINE ( 'NONE', #4917, #5776 ) ;
#727 = CARTESIAN_POINT ( 'NONE',  ( -6.500000000000000888, -3.072439817376820148, 11.39185809281899964 ) ) ;
#728 = EDGE_CURVE ( 'NONE', #892, #9719, #5635, .T. ) ;
#729 =( NAMED_UNIT ( * ) PLANE_ANGLE_UNIT ( ) SI_UNIT ( $, .RADIAN. ) );
#730 = STYLED_ITEM ( 'NONE', ( #4113 ), #7559 ) ;
#731 = EDGE_LOOP ( 'NONE', ( #8948, #518, #7259, #10026 ) ) ;
#732 = PRESENTATION_LAYER_ASSIGNMENT (  '', '', ( #3909 ) ) ;
#733 = LINE ( 'NONE', #7473, #2430 ) ;
#734 = DIRECTION ( 'NONE',  ( 0.08293612690015332578, 0.9965548649496431821, 0.0000000000000000000 ) ) ;
#735 = EDGE_LOOP ( 'NONE', ( #3590, #6720, #339, #415 ) ) ;
#736 = VERTEX_POINT ( 'NONE', #1612 ) ;
#737 = SURFACE_SIDE_STYLE ('',( #1577 ) ) ;
#738 = UNCERTAINTY_MEASURE_WITH_UNIT (LENGTH_MEASURE( 1.000000000000000082E-05 ), #9092, 'distance_accuracy_value', 'NONE');
#739 = EDGE_CURVE ( 'NONE', #9927, #10447, #4965, .T. ) ;
#740 = FILL_AREA_STYLE_COLOUR ( '', #817 ) ;
#741 = ORIENTED_EDGE ( 'NONE', *, *, #9404, .T. ) ;
#742 = SURFACE_SIDE_STYLE ('',( #4766 ) ) ;
#743 = VECTOR ( 'NONE', #6543, 1000.000000000000000 ) ;
#744 =( NAMED_UNIT ( * ) PLANE_ANGLE_UNIT ( ) SI_UNIT ( $, .RADIAN. ) );
#745 = ADVANCED_FACE ( 'NONE', ( #9195 ), #7514, .T. ) ;
#746 = VERTEX_POINT ( 'NONE', #6640 ) ;
#747 = CARTESIAN_POINT ( 'NONE',  ( -0.1596476377583760098, 0.8703958334598560498, 11.88455947458400352 ) ) ;
#748 = FILL_AREA_STYLE_COLOUR ( '', #2010 ) ;
#749 = DIRECTION ( 'NONE',  ( 0.0000000000000000000, -1.000000000000000000, 0.0000000000000000000 ) ) ;
#750 = VECTOR ( 'NONE', #6349, 1000.000000000000000 ) ;
#751 = ORIENTED_EDGE ( 'NONE', *, *, #6314, .F. ) ;
#752 = DIRECTION ( 'NONE',  ( 1.000000000000000000, 0.0000000000000000000, -2.121137671986023263E-16 ) ) ;
#753 = SURFACE_SIDE_STYLE ('',( #9017 ) ) ;
#754 = UNCERTAINTY_MEASURE_WITH_UNIT (LENGTH_MEASURE( 1.000000000000000082E-05 ), #10401, 'distance_accuracy_value', 'NONE');
#755 = EDGE_CURVE ( 'NONE', #2850, #7037, #3322, .T. ) ;
#756 = CIRCLE ( 'NONE', #5709, 0.2499999999999997780 ) ;
#757 = CARTESIAN_POINT ( 'NONE',  ( 6.213276922344949327, -3.072439817376819704, 11.70411371344519758 ) ) ;
#758 = VECTOR ( 'NONE', #4477, 1000.000000000000000 ) ;
#759 = DIRECTION ( 'NONE',  ( 0.0000000000000000000, 0.0000000000000000000, 1.000000000000000000 ) ) ;
#760 = APPLICATION_CONTEXT ( 'automotive_design' ) ;
#761 = DIRECTION ( 'NONE',  ( -0.0000000000000000000, -0.0000000000000000000, 1.000000000000000000 ) ) ;
#762 = ADVANCED_FACE ( 'NONE', ( #5236 ), #4524, .T. ) ;
#763 = PRESENTATION_LAYER_ASSIGNMENT (  '', '', ( #4097 ) ) ;
#764 = LINE ( 'NONE', #7496, #8367 ) ;
#765 = ORIENTED_EDGE ( 'NONE', *, *, #4140, .F. ) ;
#766 = VECTOR ( 'NONE', #6899, 1000.000000000000000 ) ;
#767 = VECTOR ( 'NONE', #10647, 1000.000000000000000 ) ;
#768 = CARTESIAN_POINT ( 'NONE',  ( -4.453928499320490175, -0.009227204680236519158, 2.242332206955822471 ) ) ;
#769 = ORIENTED_EDGE ( 'NONE', *, *, #6618, .T. ) ;
#770 = STYLED_ITEM ( 'NONE', ( #1250 ), #8552 ) ;
#771 = DIRECTION ( 'NONE',  ( -1.000000000000000000, 0.0000000000000000000, 0.0000000000000000000 ) ) ;
#772 =( NAMED_UNIT ( * ) SI_UNIT ( $, .STERADIAN. ) SOLID_ANGLE_UNIT ( ) );
#773 = FILL_AREA_STYLE ('',( #9950 ) ) ;
#774 = SURFACE_SIDE_STYLE ('',( #4291 ) ) ;
#775 = MECHANICAL_DESIGN_GEOMETRIC_PRESENTATION_REPRESENTATION (  '', ( #598 ), #10425 ) ;
#776 = VECTOR ( 'NONE', #1877, 1000.000000000000000 ) ;
#777 = CARTESIAN_POINT ( 'NONE',  ( 5.000000000000000000, -4.349999999999998757, 0.3261087975802219874 ) ) ;
#778 = AXIS2_PLACEMENT_3D ( 'NONE', #10132, #1134, #4493 ) ;
#779 = COLOUR_RGB ( '',1.000000000000000000, 1.000000000000000000, 1.000000000000000000 ) ;
#780 = CARTESIAN_POINT ( 'NONE',  ( -0.3736912693688200782, -0.02248822279261980181, 11.78455947458399677 ) ) ;
#781 = EDGE_CURVE ( 'NONE', #1758, #3783, #5187, .T. ) ;
#782 = CARTESIAN_POINT ( 'NONE',  ( -5.000000000000000000, -3.072439817376820148, 5.691858092819041204 ) ) ;
#783 = SURFACE_SIDE_STYLE ('',( #8990 ) ) ;
#784 = VERTEX_POINT ( 'NONE', #9357 ) ;
#785 = FILL_AREA_STYLE_COLOUR ( '', #4388 ) ;
#786 =( NAMED_UNIT ( * ) PLANE_ANGLE_UNIT ( ) SI_UNIT ( $, .RADIAN. ) );
#787 = COLOUR_RGB ( '',0.1764705882352941013, 0.1764705882352941013, 0.1764705882352941013 ) ;
#788 = DIRECTION ( 'NONE',  ( -1.973419219565370069E-05, -0.6785027839293850116, 0.7345978299795311584 ) ) ;
#789 = PLANE ( 'NONE',  #3544 ) ;
#790 = AXIS2_PLACEMENT_3D ( 'NONE', #10219, #9467, #8347 ) ;
#791 = ORIENTED_EDGE ( 'NONE', *, *, #7085, .F. ) ;
#792 = SURFACE_STYLE_FILL_AREA ( #5728 ) ;
#793 =( GEOMETRIC_REPRESENTATION_CONTEXT ( 3 ) GLOBAL_UNCERTAINTY_ASSIGNED_CONTEXT ( ( #738 ) ) GLOBAL_UNIT_ASSIGNED_CONTEXT ( ( #9092, #4071, #4229 ) ) REPRESENTATION_CONTEXT ( 'NONE', 'WORKASPACE' ) );
#794 = DIRECTION ( 'NONE',  ( 0.0000000000000000000, 0.0000000000000000000, 1.000000000000000000 ) ) ;
#795 = EDGE_LOOP ( 'NONE', ( #8907, #8789, #10257, #9064 ) ) ;
#796 = CARTESIAN_POINT ( 'NONE',  ( 1.699999999999999956, 3.275000000000000355, 10.14126039136209911 ) ) ;
#797 = ORIENTED_EDGE ( 'NONE', *, *, #620, .F. ) ;
#798 = CARTESIAN_POINT ( 'NONE',  ( 1.469023420932789925, 0.7597030279048370138, 11.88455947458399997 ) ) ;
#799 = SURFACE_STYLE_USAGE ( .BOTH. , #10858 ) ;
#800 =( LENGTH_UNIT ( ) NAMED_UNIT ( * ) SI_UNIT ( .MILLI., .METRE. ) );
#801 = EDGE_CURVE ( 'NONE', #10580, #6107, #8646, .T. ) ;
#802 = EDGE_LOOP ( 'NONE', ( #10012, #1868, #90, #5698 ) ) ;
#803 = STYLED_ITEM ( 'NONE', ( #9132 ), #8999 ) ;
#804 =( NAMED_UNIT ( * ) SI_UNIT ( $, .STERADIAN. ) SOLID_ANGLE_UNIT ( ) );
#805 = VECTOR ( 'NONE', #5112, 1000.000000000000000 ) ;
#806 = ORIENTED_EDGE ( 'NONE', *, *, #3714, .T. ) ;
#807 = CARTESIAN_POINT ( 'NONE',  ( -5.000000000000000000, 3.077560182623180651, 10.29185809281899999 ) ) ;
#808 = CARTESIAN_POINT ( 'NONE',  ( -4.599635752693320256, -5.262074737350119769, 9.121305846256259287 ) ) ;
#809 = PRESENTATION_LAYER_ASSIGNMENT (  '', '', ( #6090 ) ) ;
#810 = ORIENTED_EDGE ( 'NONE', *, *, #6287, .F. ) ;
#811 = LINE ( 'NONE', #2512, #5365 ) ;
#812 = FILL_AREA_STYLE_COLOUR ( '', #202 ) ;
#813 =( GEOMETRIC_REPRESENTATION_CONTEXT ( 3 ) GLOBAL_UNCERTAINTY_ASSIGNED_CONTEXT ( ( #5058 ) ) GLOBAL_UNIT_ASSIGNED_CONTEXT ( ( #8194, #4262, #1792 ) ) REPRESENTATION_CONTEXT ( 'NONE', 'WORKASPACE' ) );
#814 = CYLINDRICAL_SURFACE ( 'NONE', #9564, 0.2500000000000002220 ) ;
#815 =( NAMED_UNIT ( * ) SI_UNIT ( $, .STERADIAN. ) SOLID_ANGLE_UNIT ( ) );
#816 = EDGE_CURVE ( 'NONE', #1133, #1092, #10271, .T. ) ;
#817 = COLOUR_RGB ( '',0.7450980392156862919, 0.7450980392156862919, 0.7450980392156862919 ) ;
#818 = CARTESIAN_POINT ( 'NONE',  ( 0.0000000000000000000, -5.993795529151239698, 2.234964158276211421 ) ) ;
#819 = EDGE_CURVE ( 'NONE', #5936, #629, #6016, .T. ) ;
#820 = VERTEX_POINT ( 'NONE', #103 ) ;
#821 = DIRECTION ( 'NONE',  ( -0.0000000000000000000, -0.0000000000000000000, -1.000000000000000000 ) ) ;
#822 = CARTESIAN_POINT ( 'NONE',  ( -1.374999999999999556, -3.072439817376820148, -0.3081419071809570198 ) ) ;
#823 = ORIENTED_EDGE ( 'NONE', *, *, #10165, .F. ) ;
#824 = CARTESIAN_POINT ( 'NONE',  ( -2.500000000000000000, 4.349999999999999645, -4.673891202419779844 ) ) ;
#825 = FILL_AREA_STYLE ('',( #6269 ) ) ;
#826 =( GEOMETRIC_REPRESENTATION_CONTEXT ( 3 ) GLOBAL_UNCERTAINTY_ASSIGNED_CONTEXT ( ( #5195 ) ) GLOBAL_UNIT_ASSIGNED_CONTEXT ( ( #7969, #1287, #10349 ) ) REPRESENTATION_CONTEXT ( 'NONE', 'WORKASPACE' ) );
#827 = DIRECTION ( 'NONE',  ( 1.000000000000000000, 0.0000000000000000000, 0.0000000000000000000 ) ) ;
#828 = CARTESIAN_POINT ( 'NONE',  ( 4.301812055671259571, 6.200000000000001066, 0.0000000000000000000 ) ) ;
#829 = CARTESIAN_POINT ( 'NONE',  ( 6.513276922344950925, 3.101520183108080531, 11.40411371344520042 ) ) ;
#830 = SURFACE_SIDE_STYLE ('',( #5023 ) ) ;
#831 = DIRECTION ( 'NONE',  ( 0.08293612690015354783, 0.9965548649496431821, 0.0000000000000000000 ) ) ;
#832 = VECTOR ( 'NONE', #4734, 1000.000000000000000 ) ;
#833 = CARTESIAN_POINT ( 'NONE',  ( -6.610175751530340094, 3.101520183108080531, 11.50790099422419921 ) ) ;
#834 = SURFACE_SIDE_STYLE ('',( #2311 ) ) ;
#835 = CARTESIAN_POINT ( 'NONE',  ( -0.9676295769594479568, -0.4351388711631680173, 11.78455947458400033 ) ) ;
#836 = LINE ( 'NONE', #7671, #7442 ) ;
#837 = DIRECTION ( 'NONE',  ( -9.790143883968197153E-30, -9.790143883968198554E-30, 1.000000000000000000 ) ) ;
#838 = EDGE_LOOP ( 'NONE', ( #4118, #6407, #3226, #6620, #7528, #6996, #7313 ) ) ;
#839 =( NAMED_UNIT ( * ) SI_UNIT ( $, .STERADIAN. ) SOLID_ANGLE_UNIT ( ) );
#840 = DIRECTION ( 'NONE',  ( -1.000000000000000000, 0.0000000000000000000, -0.0000000000000000000 ) ) ;
#841 = FILL_AREA_STYLE ('',( #8388 ) ) ;
#842 = SURFACE_SIDE_STYLE ('',( #8227 ) ) ;
#843 =( LENGTH_UNIT ( ) NAMED_UNIT ( * ) SI_UNIT ( .MILLI., .METRE. ) );
#844 = COLOUR_RGB ( '',0.4117647058823529216, 0.4117647058823529216, 0.4117647058823529216 ) ;
#845 = FACE_OUTER_BOUND ( 'NONE', #2406, .T. ) ;
#846 = LINE ( 'NONE', #5932, #7827 ) ;
#847 = FILL_AREA_STYLE_COLOUR ( '', #8412 ) ;
#848 = CARTESIAN_POINT ( 'NONE',  ( -6.513276922344959807, 3.101520183108080531, 11.40411371344520042 ) ) ;
#849 = COLOUR_RGB ( '',0.1764705882352941013, 0.1764705882352941013, 0.1764705882352941013 ) ;
#850 =( LENGTH_UNIT ( ) NAMED_UNIT ( * ) SI_UNIT ( .MILLI., .METRE. ) );
#851 = ORIENTED_EDGE ( 'NONE', *, *, #10620, .F. ) ;
#852 = STYLED_ITEM ( 'NONE', ( #2933 ), #3821 ) ;
#853 = CARTESIAN_POINT ( 'NONE',  ( 0.6926679188144460042, -0.6617013352562070017, 11.88455947458399997 ) ) ;
#854 = PRESENTATION_STYLE_ASSIGNMENT (( #1015 ) ) ;
#855 = AXIS2_PLACEMENT_3D ( 'NONE', #8894, #2949, #9813 ) ;
#856 = ORIENTED_EDGE ( 'NONE', *, *, #9755, .T. ) ;
#857 =( NAMED_UNIT ( * ) SI_UNIT ( $, .STERADIAN. ) SOLID_ANGLE_UNIT ( ) );
#858 = PRESENTATION_STYLE_ASSIGNMENT (( #1854 ) ) ;
#859 = ADVANCED_FACE ( 'NONE', ( #6128 ), #1832, .T. ) ;
#860 = ORIENTED_EDGE ( 'NONE', *, *, #8061, .F. ) ;
#861 = PRESENTATION_STYLE_ASSIGNMENT (( #966 ) ) ;
#862 = VECTOR ( 'NONE', #7202, 1000.000000000000000 ) ;
#863 = CARTESIAN_POINT ( 'NONE',  ( 4.599635752693309598, 5.975341119790770428, 2.249700255636299939 ) ) ;
#864 = DIRECTION ( 'NONE',  ( -3.778902161871630245E-17, -3.144909731147469648E-18, 1.000000000000000000 ) ) ;
#865 = ORIENTED_EDGE ( 'NONE', *, *, #2752, .T. ) ;
#866 = CARTESIAN_POINT ( 'NONE',  ( 1.634780061594770073, -0.008180959406275060269, 11.88455947458399820 ) ) ;
#867 = CARTESIAN_POINT ( 'NONE',  ( 5.000000000000000000, -3.274999999999990141, 1.649999999999999911 ) ) ;
#868 = UNCERTAINTY_MEASURE_WITH_UNIT (LENGTH_MEASURE( 1.000000000000000082E-05 ), #7720, 'distance_accuracy_value', 'NONE');
#869 = UNCERTAINTY_MEASURE_WITH_UNIT (LENGTH_MEASURE( 1.000000000000000082E-05 ), #9671, 'distance_accuracy_value', 'NONE');
#870 = LINE ( 'NONE', #6937, #1864 ) ;
#871 = ORIENTED_EDGE ( 'NONE', *, *, #1383, .T. ) ;
#872 = PRESENTATION_LAYER_ASSIGNMENT (  '', '', ( #3160 ) ) ;
#873 = CARTESIAN_POINT ( 'NONE',  ( 0.09261138689597370188, -0.4023827149291679950, 11.78455947458400033 ) ) ;
#874 = EDGE_CURVE ( 'NONE', #1036, #9870, #7390, .T. ) ;
#875 = CARTESIAN_POINT ( 'NONE',  ( -4.453928499320490175, 5.085787338499259569, 2.248605059590192301 ) ) ;
#876 = ORIENTED_EDGE ( 'NONE', *, *, #3319, .T. ) ;
#877 = DIRECTION ( 'NONE',  ( -6.419766481290825880E-30, -6.419766481290825880E-30, -1.000000000000000000 ) ) ;
#878 = UNCERTAINTY_MEASURE_WITH_UNIT (LENGTH_MEASURE( 1.000000000000000082E-05 ), #9894, 'distance_accuracy_value', 'NONE');
#879 = UNCERTAINTY_MEASURE_WITH_UNIT (LENGTH_MEASURE( 1.000000000000000082E-05 ), #4173, 'distance_accuracy_value', 'NONE');
#880 = PRESENTATION_STYLE_ASSIGNMENT (( #198 ) ) ;
#881 = EDGE_CURVE ( 'NONE', #7554, #9615, #6350, .T. ) ;
#882 = SURFACE_STYLE_FILL_AREA ( #10104 ) ;
#883 =( GEOMETRIC_REPRESENTATION_CONTEXT ( 3 ) GLOBAL_UNCERTAINTY_ASSIGNED_CONTEXT ( ( #10707 ) ) GLOBAL_UNIT_ASSIGNED_CONTEXT ( ( #4441, #975, #185 ) ) REPRESENTATION_CONTEXT ( 'NONE', 'WORKASPACE' ) );
#884 =( LENGTH_UNIT ( ) NAMED_UNIT ( * ) SI_UNIT ( .MILLI., .METRE. ) );
#885 = SURFACE_STYLE_FILL_AREA ( #5228 ) ;
#886 = CARTESIAN_POINT ( 'NONE',  ( -4.649999999999994138, 6.200000000000001066, 9.400000000000000355 ) ) ;
#887 = EDGE_CURVE ( 'NONE', #361, #4819, #8811, .T. ) ;
#888 = DIRECTION ( 'NONE',  ( -5.782411586589358822E-15, -5.782411586589358822E-15, -1.000000000000000000 ) ) ;
#889 = CARTESIAN_POINT ( 'NONE',  ( 4.453928499320489287, 5.795199161759920337, 1.972862536810731759 ) ) ;
#890 = FACE_OUTER_BOUND ( 'NONE', #7966, .T. ) ;
#891 = FILL_AREA_STYLE_COLOUR ( '', #3706 ) ;
#892 = VERTEX_POINT ( 'NONE', #2147 ) ;
#893 = FACE_OUTER_BOUND ( 'NONE', #8785, .T. ) ;
#894 = STYLED_ITEM ( 'NONE', ( #5043 ), #2680 ) ;
#895 = PRESENTATION_STYLE_ASSIGNMENT (( #4246 ) ) ;
#896 = CARTESIAN_POINT ( 'NONE',  ( 0.5745390977393469711, 0.4818415706314769786, 11.88455947458399997 ) ) ;
#897 = VECTOR ( 'NONE', #6352, 1000.000000000000000 ) ;
#898 = EDGE_CURVE ( 'NONE', #1092, #9272, #4277, .T. ) ;
#899 = LINE ( 'NONE', #6079, #1462 ) ;
#900 = DIRECTION ( 'NONE',  ( 5.782411586589358822E-15, 5.782411586589358822E-15, -1.000000000000000000 ) ) ;
#901 = CARTESIAN_POINT ( 'NONE',  ( 6.213276922344959985, 3.101520183108077866, -0.3203975278070689825 ) ) ;
#902 = STYLED_ITEM ( 'NONE', ( #5574 ), #6137 ) ;
#903 = ORIENTED_EDGE ( 'NONE', *, *, #9952, .T. ) ;
#904 = CARTESIAN_POINT ( 'NONE',  ( 2.911888495329709947, -0.2905605579101560032, 11.78455947458400033 ) ) ;
#905 = VERTEX_POINT ( 'NONE', #4627 ) ;
#906 = DIRECTION ( 'NONE',  ( 0.08293612690015354783, 0.9965548649496431821, -0.0000000000000000000 ) ) ;
#907 = CIRCLE ( 'NONE', #1613, 0.2499999999999998335 ) ;
#908 = FILL_AREA_STYLE_COLOUR ( '', #494 ) ;
#909 = AXIS2_PLACEMENT_3D ( 'NONE', #4481, #5540, #2756 ) ;
#910 = CIRCLE ( 'NONE', #9868, 0.3000000000000007661 ) ;
#911 =( NAMED_UNIT ( * ) PLANE_ANGLE_UNIT ( ) SI_UNIT ( $, .RADIAN. ) );
#912 = ORIENTED_EDGE ( 'NONE', *, *, #186, .T. ) ;
#913 =( NAMED_UNIT ( * ) SI_UNIT ( $, .STERADIAN. ) SOLID_ANGLE_UNIT ( ) );
#914 = SURFACE_STYLE_FILL_AREA ( #3349 ) ;
#915 = DIRECTION ( 'NONE',  ( 1.000000000000000000, 0.0000000000000000000, 0.0000000000000000000 ) ) ;
#916 = ORIENTED_EDGE ( 'NONE', *, *, #819, .F. ) ;
#917 = CARTESIAN_POINT ( 'NONE',  ( -4.599635752693308710, -5.984948569671956875, 9.120415862337420521 ) ) ;
#918 = AXIS2_PLACEMENT_3D ( 'NONE', #1589, #6670, #5003 ) ;
#919 = EDGE_CURVE ( 'NONE', #6956, #10804, #9682, .T. ) ;
#920 = COLOUR_RGB ( '',1.000000000000000000, 1.000000000000000000, 1.000000000000000000 ) ;
#921 = SURFACE_STYLE_USAGE ( .BOTH. , #7547 ) ;
#922 = FILL_AREA_STYLE_COLOUR ( '', #8538 ) ;
#923 = PRODUCT_RELATED_PRODUCT_CATEGORY ( 'part', '', ( #2160 ) ) ;
#924 = COLOUR_RGB ( '',0.4117647058823529216, 0.4117647058823529216, 0.4117647058823529216 ) ;
#925 = PRESENTATION_STYLE_ASSIGNMENT (( #5217 ) ) ;
#926 = COLOUR_RGB ( '',0.1764705882352941013, 0.1764705882352941013, 0.1764705882352941013 ) ;
#928 = ORIENTED_EDGE ( 'NONE', *, *, #2592, .T. ) ;
#927 = COLOUR_RGB ( '',0.4117647058823529216, 0.4117647058823529216, 0.4117647058823529216 ) ;
#929 = CARTESIAN_POINT ( 'NONE',  ( -0.5770044994004139838, -1.025500316946299950, 11.78455947458400033 ) ) ;
#930 = DIRECTION ( 'NONE',  ( -0.0000000000000000000, 1.000000000000000000, 0.0000000000000000000 ) ) ;
#931 = ORIENTED_EDGE ( 'NONE', *, *, #8941, .T. ) ;
#932 = VECTOR ( 'NONE', #265, 1000.000000000000000 ) ;
#933 = SURFACE_SIDE_STYLE ('',( #8471 ) ) ;
#934 =( NAMED_UNIT ( * ) PLANE_ANGLE_UNIT ( ) SI_UNIT ( $, .RADIAN. ) );
#935 = FILL_AREA_STYLE_COLOUR ( '', #2013 ) ;
#936 =( NAMED_UNIT ( * ) PLANE_ANGLE_UNIT ( ) SI_UNIT ( $, .RADIAN. ) );
#937 = DIRECTION ( 'NONE',  ( -0.0000000000000000000, -0.0000000000000000000, -1.000000000000000000 ) ) ;
#938 = VECTOR ( 'NONE', #8890, 1000.000000000000000 ) ;
#939 = DIRECTION ( 'NONE',  ( -0.0000000000000000000, -0.0000000000000000000, 1.000000000000000000 ) ) ;
#940 = VECTOR ( 'NONE', #2022, 1000.000000000000000 ) ;
#941 = DIRECTION ( 'NONE',  ( 0.0000000000000000000, -0.0000000000000000000, 1.000000000000000000 ) ) ;
#942 = FACE_OUTER_BOUND ( 'NONE', #795, .T. ) ;
#943 = DIRECTION ( 'NONE',  ( 1.000000000000000000, 0.0000000000000000000, 0.0000000000000000000 ) ) ;
#944 = SURFACE_STYLE_FILL_AREA ( #156 ) ;
#945 = EDGE_LOOP ( 'NONE', ( #175, #7687, #6890, #549, #5785, #4661, #1020 ) ) ;
#946 = VECTOR ( 'NONE', #713, 1000.000000000000000 ) ;
#947 = PRESENTATION_STYLE_ASSIGNMENT (( #7724 ) ) ;
#948 = EDGE_CURVE ( 'NONE', #2074, #3824, #5723, .T. ) ;
#949 = VECTOR ( 'NONE', #7334, 1000.000000000000000 ) ;
#950 = CARTESIAN_POINT ( 'NONE',  ( 4.301812055671259571, -6.200000000000001066, 0.0000000000000000000 ) ) ;
#951 = VECTOR ( 'NONE', #5108, 1000.000000000000000 ) ;
#952 = ADVANCED_FACE ( 'NONE', ( #451 ), #1534, .T. ) ;
#953 = DIRECTION ( 'NONE',  ( -1.000000000000000000, 0.0000000000000000000, -0.0000000000000000000 ) ) ;
#954 = STYLED_ITEM ( 'NONE', ( #470 ), #8711 ) ;
#955 = ORIENTED_EDGE ( 'NONE', *, *, #6495, .F. ) ;
#956 = FILL_AREA_STYLE ('',( #8344 ) ) ;
#957 = DIRECTION ( 'NONE',  ( 0.0000000000000000000, -0.0000000000000000000, -1.000000000000000000 ) ) ;
#958 =( GEOMETRIC_REPRESENTATION_CONTEXT ( 3 ) GLOBAL_UNCERTAINTY_ASSIGNED_CONTEXT ( ( #4259 ) ) GLOBAL_UNIT_ASSIGNED_CONTEXT ( ( #10859, #1634, #4151 ) ) REPRESENTATION_CONTEXT ( 'NONE', 'WORKASPACE' ) );
#959 = UNCERTAINTY_MEASURE_WITH_UNIT (LENGTH_MEASURE( 1.000000000000000082E-05 ), #7831, 'distance_accuracy_value', 'NONE');
#960 = DIRECTION ( 'NONE',  ( 1.000000000000000000, 0.0000000000000000000, -0.0000000000000000000 ) ) ;
#961 = ORIENTED_EDGE ( 'NONE', *, *, #881, .T. ) ;
#962 =( NAMED_UNIT ( * ) SI_UNIT ( $, .STERADIAN. ) SOLID_ANGLE_UNIT ( ) );
#963 = AXIS2_PLACEMENT_3D ( 'NONE', #7733, #3443, #9370 ) ;
#964 =( NAMED_UNIT ( * ) SI_UNIT ( $, .STERADIAN. ) SOLID_ANGLE_UNIT ( ) );
#965 = ORIENTED_EDGE ( 'NONE', *, *, #7283, .F. ) ;
#966 = SURFACE_STYLE_USAGE ( .BOTH. , #1022 ) ;
#967 = PRESENTATION_STYLE_ASSIGNMENT (( #3665 ) ) ;
#968 = CARTESIAN_POINT ( 'NONE',  ( 3.497154403813630186, -5.924880838070049727, 5.551115123125780237E-17 ) ) ;
#969 = ORIENTED_EDGE ( 'NONE', *, *, #9808, .T. ) ;
#970 = CARTESIAN_POINT ( 'NONE',  ( 0.6955857931040060338, -1.025500316946299950, 11.88455947458399820 ) ) ;
#971 = CARTESIAN_POINT ( 'NONE',  ( -0.4309201390705599821, 1.010644261366949959, 11.88455947458399997 ) ) ;
#972 = AXIS2_PLACEMENT_3D ( 'NONE', #2909, #7273, #7330 ) ;
#973 =( BOUNDED_CURVE ( )  B_SPLINE_CURVE ( 2, ( #833, #4297, #1830, #9355, #5185, #4188, #6958, #5026, #152 ),
 .UNSPECIFIED., .F., .F. ) 
 B_SPLINE_CURVE_WITH_KNOTS ( ( 3, 2, 2, 2, 3 ),
 ( 0.0000000000000000000, 0.01168622710878647157, 0.01216924588266204282, 0.02488047066436156404, 0.02536348943823713356 ),
 .UNSPECIFIED. ) 
 CURVE ( )  GEOMETRIC_REPRESENTATION_ITEM ( )  RATIONAL_B_SPLINE_CURVE ( ( 1.000000000000000000, 1.000000000000000000, 1.000000000000000000, 0.7071067811865490160, 1.000000000000000000, 1.000000000000000000, 1.000000000000000000, 0.7071067811865460184, 1.000000000000000000 ) ) 
 REPRESENTATION_ITEM ( '' )  );
#974 = PRESENTATION_STYLE_ASSIGNMENT (( #921 ) ) ;
#975 =( NAMED_UNIT ( * ) PLANE_ANGLE_UNIT ( ) SI_UNIT ( $, .RADIAN. ) );
#976 = STYLED_ITEM ( 'NONE', ( #1144 ), #1852 ) ;
#977 = CARTESIAN_POINT ( 'NONE',  ( -1.375000000000000000, -3.072439817376820148, 1.091858092819040005 ) ) ;
#978 = SURFACE_STYLE_USAGE ( .BOTH. , #6167 ) ;
#979 =( GEOMETRIC_REPRESENTATION_CONTEXT ( 3 ) GLOBAL_UNCERTAINTY_ASSIGNED_CONTEXT ( ( #3440 ) ) GLOBAL_UNIT_ASSIGNED_CONTEXT ( ( #1761, #934, #8799 ) ) REPRESENTATION_CONTEXT ( 'NONE', 'WORKASPACE' ) );
#980 = VERTEX_POINT ( 'NONE', #2983 ) ;
#981 = LINE ( 'NONE', #1034, #4991 ) ;
#982 =( NAMED_UNIT ( * ) PLANE_ANGLE_UNIT ( ) SI_UNIT ( $, .RADIAN. ) );
#983 = ORIENTED_EDGE ( 'NONE', *, *, #9820, .F. ) ;
#984 = PRESENTATION_STYLE_ASSIGNMENT (( #4177 ) ) ;
#985 = UNCERTAINTY_MEASURE_WITH_UNIT (LENGTH_MEASURE( 1.000000000000000082E-05 ), #1826, 'distance_accuracy_value', 'NONE');
#986 = DIRECTION ( 'NONE',  ( 0.0000000000000000000, 0.0000000000000000000, -1.000000000000000000 ) ) ;
#987 =( LENGTH_UNIT ( ) NAMED_UNIT ( * ) SI_UNIT ( .MILLI., .METRE. ) );
#988 = LINE ( 'NONE', #5124, #7549 ) ;
#989 = DIRECTION ( 'NONE',  ( -0.0000000000000000000, 1.000000000000000000, 0.0000000000000000000 ) ) ;
#990 = LINE ( 'NONE', #2043, #776 ) ;
#991 = DIRECTION ( 'NONE',  ( 1.000000000000000000, 0.0000000000000000000, -0.0000000000000000000 ) ) ;
#992 = ORIENTED_EDGE ( 'NONE', *, *, #4963, .F. ) ;
#993 = EDGE_CURVE ( 'NONE', #6322, #6172, #9063, .T. ) ;
#994 = LINE ( 'NONE', #8541, #4950 ) ;
#995 = DIRECTION ( 'NONE',  ( -1.445602896647343650E-15, -1.000000000000000000, 1.445602896647348383E-15 ) ) ;
#996 = PRESENTATION_STYLE_ASSIGNMENT (( #10213 ) ) ;
#997 = UNCERTAINTY_MEASURE_WITH_UNIT (LENGTH_MEASURE( 1.000000000000000082E-05 ), #3110, 'distance_accuracy_value', 'NONE');
#998 = DIRECTION ( 'NONE',  ( -0.0000000000000000000, 1.000000000000000000, 0.0000000000000000000 ) ) ;
#999 = DIRECTION ( 'NONE',  ( -0.9999999996391643053, 0.0000000000000000000, -2.686394021757834062E-05 ) ) ;
#1000 = ORIENTED_EDGE ( 'NONE', *, *, #8033, .T. ) ;
#1001 =( NAMED_UNIT ( * ) PLANE_ANGLE_UNIT ( ) SI_UNIT ( $, .RADIAN. ) );
#1002 = SURFACE_SIDE_STYLE ('',( #10332 ) ) ;
#1003 = SURFACE_SIDE_STYLE ('',( #10846 ) ) ;
#1004 = CYLINDRICAL_SURFACE ( 'NONE', #1730, 0.2500000000000002220 ) ;
#1005 = UNCERTAINTY_MEASURE_WITH_UNIT (LENGTH_MEASURE( 1.000000000000000082E-05 ), #5599, 'distance_accuracy_value', 'NONE');
#1006 =( GEOMETRIC_REPRESENTATION_CONTEXT ( 3 ) GLOBAL_UNCERTAINTY_ASSIGNED_CONTEXT ( ( #8721 ) ) GLOBAL_UNIT_ASSIGNED_CONTEXT ( ( #4680, #6663, #9977 ) ) REPRESENTATION_CONTEXT ( 'NONE', 'WORKASPACE' ) );
#1007 = DIRECTION ( 'NONE',  ( 0.0000000000000000000, 0.0000000000000000000, -1.000000000000000000 ) ) ;
#1008 = EDGE_CURVE ( 'NONE', #9870, #1036, #9628, .T. ) ;
#1009 = SURFACE_SIDE_STYLE ('',( #2634 ) ) ;
#1010 = FILL_AREA_STYLE_COLOUR ( '', #1085 ) ;
#1011 = VERTEX_POINT ( 'NONE', #2455 ) ;
#1012 = CARTESIAN_POINT ( 'NONE',  ( 1.393816206173080108, -0.5014038394823130407, 11.88455947458399997 ) ) ;
#1013 = SURFACE_STYLE_USAGE ( .BOTH. , #426 ) ;
#1014 = VECTOR ( 'NONE', #5433, 1000.000000000000000 ) ;
#1015 = SURFACE_STYLE_USAGE ( .BOTH. , #1899 ) ;
#1016 = VERTEX_POINT ( 'NONE', #1860 ) ;
#1017 = EDGE_CURVE ( 'NONE', #1011, #9013, #9221, .T. ) ;
#1018 = DIRECTION ( 'NONE',  ( -0.0000000000000000000, -0.0000000000000000000, -1.000000000000000000 ) ) ;
#1019 = CARTESIAN_POINT ( 'NONE',  ( -4.649999999999998579, 5.899999999999999467, 10.50000000000000000 ) ) ;
#1020 = ORIENTED_EDGE ( 'NONE', *, *, #2103, .F. ) ;
#1021 = PRESENTATION_LAYER_ASSIGNMENT (  '', '', ( #5428 ) ) ;
#1022 = SURFACE_SIDE_STYLE ('',( #9218 ) ) ;
#1023 = AXIS2_PLACEMENT_3D ( 'NONE', #3366, #5813, #10055 ) ;
#1024 = CARTESIAN_POINT ( 'NONE',  ( 0.0000000000000000000, 5.984188079270050586, 9.135151959694830737 ) ) ;
#1025 = CARTESIAN_POINT ( 'NONE',  ( -1.776356839400250070E-15, -3.072439817376822813, -0.3203975278070690380 ) ) ;
#1026 = EDGE_LOOP ( 'NONE', ( #9860, #4106 ) ) ;
#1027 = CARTESIAN_POINT ( 'NONE',  ( -0.2869065934713639909, -1.025500316946299950, 11.88455947458399820 ) ) ;
#1028 = FACE_OUTER_BOUND ( 'NONE', #373, .T. ) ;
#1029 = COLOUR_RGB ( '',0.1764705882352941013, 0.1764705882352941013, 0.1764705882352941013 ) ;
#1030 = AXIS2_PLACEMENT_3D ( 'NONE', #4199, #7526, #9309 ) ;
#1031 = EDGE_CURVE ( 'NONE', #2462, #2163, #10092, .T. ) ;
#1032 = DIRECTION ( 'NONE',  ( 0.0000000000000000000, 0.0000000000000000000, -1.000000000000000000 ) ) ;
#1033 = ORIENTED_EDGE ( 'NONE', *, *, #9955, .T. ) ;
#1034 = CARTESIAN_POINT ( 'NONE',  ( 4.650000000000000355, -6.200000000000001066, 10.50000000000000000 ) ) ;
#1035 = CARTESIAN_POINT ( 'NONE',  ( -4.599635752693309598, 5.975341119790768651, 2.249700255633616308 ) ) ;
#1036 = VERTEX_POINT ( 'NONE', #8570 ) ;
#1037 =( BOUNDED_SURFACE ( )  B_SPLINE_SURFACE ( 1, 2, ( 
 ( #1584, #7435, #10749, #10813, #10866, #5055, #1645, #863, #4996 ),
 ( #808, #5903, #5265, #5317, #303, #1024, #7864, #9550, #5158 ) ),
 .UNSPECIFIED., .F., .F., .F. ) 
 B_SPLINE_SURFACE_WITH_KNOTS ( ( 2, 2 ),
 ( 3, 2, 2, 2, 3 ),
 ( 0.0000000000000000000, 7.186048063044039758 ),
 ( -24.49763524739600129, -17.90355752089489982, -16.80400009213839851, -13.34837505245440070, -12.24881762369800065 ),
 .UNSPECIFIED. ) 
 GEOMETRIC_REPRESENTATION_ITEM ( )  RATIONAL_B_SPLINE_SURFACE ( (
 ( 1.000000000000000000, 1.000000000000000000, 1.000000000000000000, 0.7071067811865490160, 1.000000000000000000, 1.000000000000000000, 1.000000000000000000, 0.7071067811865470176, 1.000000000000000000),
 ( 1.000000000000000000, 1.000000000000000000, 1.000000000000000000, 0.7071067811865490160, 1.000000000000000000, 1.000000000000000000, 1.000000000000000000, 0.7071067811865470176, 1.000000000000000000) ) ) 
 REPRESENTATION_ITEM ( '' )  SURFACE ( )  );
#1038 = VECTOR ( 'NONE', #6586, 1000.000000000000000 ) ;
#1039 =( LENGTH_UNIT ( ) NAMED_UNIT ( * ) SI_UNIT ( .MILLI., .METRE. ) );
#1040 = FILL_AREA_STYLE_COLOUR ( '', #5764 ) ;
#1041 = VECTOR ( 'NONE', #458, 1000.000000000000000 ) ;
#1042 = UNCERTAINTY_MEASURE_WITH_UNIT (LENGTH_MEASURE( 1.000000000000000082E-05 ), #3910, 'distance_accuracy_value', 'NONE');
#1043 = FILL_AREA_STYLE ('',( #8583 ) ) ;
#1044 = DIRECTION ( 'NONE',  ( -1.658182125529443522E-16, 1.658182125529443769E-16, 1.000000000000000000 ) ) ;
#1045 = FILL_AREA_STYLE ('',( #8584 ) ) ;
#1046 = CARTESIAN_POINT ( 'NONE',  ( 1.393816206173080108, -0.5014038394823130407, 11.78455947458400033 ) ) ;
#1047 = PRESENTATION_LAYER_ASSIGNMENT (  '', '', ( #7040 ) ) ;
#1048 = SURFACE_STYLE_USAGE ( .BOTH. , #1933 ) ;
#1049 = FILL_AREA_STYLE ('',( #4407 ) ) ;
#1050 = ORIENTED_EDGE ( 'NONE', *, *, #8220, .T. ) ;
#1051 = ORIENTED_EDGE ( 'NONE', *, *, #6275, .F. ) ;
#1052 = CARTESIAN_POINT ( 'NONE',  ( -6.610175751530340094, 3.101520183108080531, 11.50790099422419921 ) ) ;
#1053 = CARTESIAN_POINT ( 'NONE',  ( 6.200000000000001066, -3.072439817376820148, 11.69185809281900035 ) ) ;
#1054 = CARTESIAN_POINT ( 'NONE',  ( 3.497154403813630186, -5.924880838070049727, 2.000000000000000888 ) ) ;
#1055 = VERTEX_POINT ( 'NONE', #6831 ) ;
#1056 = PLANE ( 'NONE',  #8271 ) ;
#1057 = EDGE_CURVE ( 'NONE', #6363, #4002, #6037, .T. ) ;
#1058 = CARTESIAN_POINT ( 'NONE',  ( 0.6926679188144460042, -0.6617013352562070017, 11.88455947458399997 ) ) ;
#1059 = LINE ( 'NONE', #3483, #9514 ) ;
#1060 = AXIS2_PLACEMENT_3D ( 'NONE', #7673, #1775, #9202 ) ;
#1061 = DIRECTION ( 'NONE',  ( -1.000000000000000000, 0.0000000000000000000, 0.0000000000000000000 ) ) ;
#1062 = PLANE ( 'NONE',  #2706 ) ;
#1063 = LINE ( 'NONE', #9371, #1785 ) ;
#1064 = DIRECTION ( 'NONE',  ( 0.0000000000000000000, 1.000000000000000000, -1.445602896647352130E-15 ) ) ;
#1065 = EDGE_LOOP ( 'NONE', ( #8830, #4157, #10742, #1791 ) ) ;
#1066 = EDGE_CURVE ( 'NONE', #2687, #6872, #811, .T. ) ;
#1067 = COLOUR_RGB ( '',0.1764705882352941013, 0.1764705882352941013, 0.1764705882352941013 ) ;
#1068 =( NAMED_UNIT ( * ) SI_UNIT ( $, .STERADIAN. ) SOLID_ANGLE_UNIT ( ) );
#1069 = ORIENTED_EDGE ( 'NONE', *, *, #9216, .T. ) ;
#1070 = EDGE_CURVE ( 'NONE', #13, #980, #2179, .T. ) ;
#1071 = MECHANICAL_DESIGN_GEOMETRIC_PRESENTATION_REPRESENTATION (  '', ( #1957 ), #8806 ) ;
#1072 =( NAMED_UNIT ( * ) SI_UNIT ( $, .STERADIAN. ) SOLID_ANGLE_UNIT ( ) );
#1073 = ORIENTED_EDGE ( 'NONE', *, *, #3252, .T. ) ;
#1074 = VECTOR ( 'NONE', #1487, 1000.000000000000000 ) ;
#1075 = DIRECTION ( 'NONE',  ( 0.08293612690015314537, 0.9965548649496432931, 0.0000000000000000000 ) ) ;
#1076 = DIRECTION ( 'NONE',  ( 2.121137671986024496E-16, -2.121137671986024496E-16, 1.000000000000000000 ) ) ;
#1077 = EDGE_CURVE ( 'NONE', #5337, #5222, #6878, .T. ) ;
#1078 = ORIENTED_EDGE ( 'NONE', *, *, #6988, .F. ) ;
#1079 = UNCERTAINTY_MEASURE_WITH_UNIT (LENGTH_MEASURE( 1.000000000000000082E-05 ), #1039, 'distance_accuracy_value', 'NONE');
#1080 = ORIENTED_EDGE ( 'NONE', *, *, #10291, .T. ) ;
#1081 = SURFACE_SIDE_STYLE ('',( #4385 ) ) ;
#1082 = SURFACE_STYLE_USAGE ( .BOTH. , #8619 ) ;
#1083 = CARTESIAN_POINT ( 'NONE',  ( -0.7259126979993411055, 0.8058249842585190059, 11.78455947458400033 ) ) ;
#1084 = SURFACE_STYLE_USAGE ( .BOTH. , #10139 ) ;
#1085 = COLOUR_RGB ( '',0.1764705882352941013, 0.1764705882352941013, 0.1764705882352941013 ) ;
#1086 = STYLED_ITEM ( 'NONE', ( #8870 ), #6417 ) ;
#1087 = EDGE_CURVE ( 'NONE', #5893, #7943, #9277, .T. ) ;
#1088 = LINE ( 'NONE', #6939, #7846 ) ;
#1089 = ORIENTED_EDGE ( 'NONE', *, *, #816, .T. ) ;
#1090 = CARTESIAN_POINT ( 'NONE',  ( -0.8211687048603859562, 0.7184756326290669959, 11.88455947458399997 ) ) ;
#1091 = FACE_OUTER_BOUND ( 'NONE', #4141, .T. ) ;
#1092 = VERTEX_POINT ( 'NONE', #8517 ) ;
#1093 = EDGE_CURVE ( 'NONE', #6700, #2059, #9984, .T. ) ;
#1094 = PRESENTATION_LAYER_ASSIGNMENT (  '', '', ( #4788 ) ) ;
#1095 = AXIS2_PLACEMENT_3D ( 'NONE', #4404, #8424, #201 ) ;
#1096 = DIRECTION ( 'NONE',  ( 0.0000000000000000000, -1.000000000000000000, -0.0000000000000000000 ) ) ;
#1097 = EDGE_CURVE ( 'NONE', #10050, #5655, #1746, .T. ) ;
#1098 = DIRECTION ( 'NONE',  ( 0.0000000000000000000, 0.0000000000000000000, -1.000000000000000000 ) ) ;
#1099 =( LENGTH_UNIT ( ) NAMED_UNIT ( * ) SI_UNIT ( .MILLI., .METRE. ) );
#1100 = SURFACE_STYLE_FILL_AREA ( #9453 ) ;
#1101 =( NAMED_UNIT ( * ) SI_UNIT ( $, .STERADIAN. ) SOLID_ANGLE_UNIT ( ) );
#1102 = CARTESIAN_POINT ( 'NONE',  ( 0.8107967398895460365, -0.8206810398378661109, 11.78455947458400033 ) ) ;
#1103 = CARTESIAN_POINT ( 'NONE',  ( 1.375000000000000000, 3.077560182623180651, 10.29185809281899999 ) ) ;
#1104 = AXIS2_PLACEMENT_3D ( 'NONE', #7804, #3499, #2650 ) ;
#1105 = ORIENTED_EDGE ( 'NONE', *, *, #10597, .F. ) ;
#1106 = EDGE_LOOP ( 'NONE', ( #10752, #7994, #521, #9209 ) ) ;
#1107 = FILL_AREA_STYLE_COLOUR ( '', #6731 ) ;
#1108 = FILL_AREA_STYLE ('',( #2684 ) ) ;
#1109 = VECTOR ( 'NONE', #9956, 1000.000000000000000 ) ;
#1110 = UNCERTAINTY_MEASURE_WITH_UNIT (LENGTH_MEASURE( 1.000000000000000082E-05 ), #2627, 'distance_accuracy_value', 'NONE');
#1111 = ORIENTED_EDGE ( 'NONE', *, *, #4489, .T. ) ;
#1112 =( NAMED_UNIT ( * ) PLANE_ANGLE_UNIT ( ) SI_UNIT ( $, .RADIAN. ) );
#1113 = DIRECTION ( 'NONE',  ( -0.0000000000000000000, -1.000000000000000000, -0.0000000000000000000 ) ) ;
#1114 = FACE_OUTER_BOUND ( 'NONE', #6435, .T. ) ;
#1115 = VECTOR ( 'NONE', #1827, 1000.000000000000000 ) ;
#1116 =( NAMED_UNIT ( * ) SI_UNIT ( $, .STERADIAN. ) SOLID_ANGLE_UNIT ( ) );
#1117 = PRESENTATION_LAYER_ASSIGNMENT (  '', '', ( #5331 ) ) ;
#1118 = PLANE ( 'NONE',  #3318 ) ;
#1119 = VECTOR ( 'NONE', #2304, 1000.000000000000227 ) ;
#1120 = UNCERTAINTY_MEASURE_WITH_UNIT (LENGTH_MEASURE( 1.000000000000000082E-05 ), #884, 'distance_accuracy_value', 'NONE');
#1121 = CARTESIAN_POINT ( 'NONE',  ( 4.950000000000000178, -5.900000000000000355, 9.949999999999986855 ) ) ;
#1122 = EDGE_CURVE ( 'NONE', #6649, #7540, #2602, .T. ) ;
#1123 = SURFACE_STYLE_FILL_AREA ( #9423 ) ;
#1124 = VERTEX_POINT ( 'NONE', #5062 ) ;
#1125 =( NAMED_UNIT ( * ) PLANE_ANGLE_UNIT ( ) SI_UNIT ( $, .RADIAN. ) );
#1126 = LINE ( 'NONE', #7206, #5052 ) ;
#1127 = FILL_AREA_STYLE_COLOUR ( '', #1787 ) ;
#1128 = EDGE_LOOP ( 'NONE', ( #6099, #3361, #1711, #1527 ) ) ;
#1129 = VECTOR ( 'NONE', #4299, 1000.000000000000000 ) ;
#1130 = MECHANICAL_DESIGN_GEOMETRIC_PRESENTATION_REPRESENTATION (  '', ( #10608 ), #4640 ) ;
#1131 = DIRECTION ( 'NONE',  ( 1.000000000000000000, 0.0000000000000000000, 0.0000000000000000000 ) ) ;
#1132 = VECTOR ( 'NONE', #6481, 1000.000000000000114 ) ;
#1133 = VERTEX_POINT ( 'NONE', #8573 ) ;
#1134 = DIRECTION ( 'NONE',  ( 0.0000000000000000000, -1.000000000000000000, 0.0000000000000000000 ) ) ;
#1135 = VECTOR ( 'NONE', #131, 1000.000000000000000 ) ;
#1136 =( NAMED_UNIT ( * ) SI_UNIT ( $, .STERADIAN. ) SOLID_ANGLE_UNIT ( ) );
#1137 = ORIENTED_EDGE ( 'NONE', *, *, #10118, .T. ) ;
#1138 = CARTESIAN_POINT ( 'NONE',  ( -3.198187944328739984, 6.200000000000001066, 2.775557561562890118E-17 ) ) ;
#1139 = ORIENTED_EDGE ( 'NONE', *, *, #7874, .T. ) ;
#1140 = CARTESIAN_POINT ( 'NONE',  ( -0.2952838884144680098, 0.9405200474134050026, 11.88455947458399997 ) ) ;
#1141 = FACE_OUTER_BOUND ( 'NONE', #87, .T. ) ;
#1142 =( LENGTH_UNIT ( ) NAMED_UNIT ( * ) SI_UNIT ( .MILLI., .METRE. ) );
#1143 = PRESENTATION_LAYER_ASSIGNMENT (  '', '', ( #6953 ) ) ;
#1144 = PRESENTATION_STYLE_ASSIGNMENT (( #5169 ) ) ;
#1145 = DIRECTION ( 'NONE',  ( -0.9889363528682965088, 0.1483404529302516095, 0.0000000000000000000 ) ) ;
#1146 = ORIENTED_EDGE ( 'NONE', *, *, #8428, .T. ) ;
#1147 = DIRECTION ( 'NONE',  ( 0.0000000000000000000, 0.0000000000000000000, -1.000000000000000000 ) ) ;
#1149 = VERTEX_POINT ( 'NONE', #5213 ) ;
#1148 = AXIS2_PLACEMENT_3D ( 'NONE', #4209, #7585, #7375 ) ;
#1150 = EDGE_CURVE ( 'NONE', #3071, #5353, #10138, .T. ) ;
#1151 = STYLED_ITEM ( 'NONE', ( #9673 ), #1576 ) ;
#1152 = CARTESIAN_POINT ( 'NONE',  ( -2.292930781778729887, -0.9893557386330470438, 11.88455947458399997 ) ) ;
#1153 = CARTESIAN_POINT ( 'NONE',  ( -3.198187944328739540, 6.200000000000001066, 6.938893903907225296E-18 ) ) ;
#1154 = CARTESIAN_POINT ( 'NONE',  ( -6.213276922344959985, 3.101520183108082751, 11.70411371344519935 ) ) ;
#1155 = PRESENTATION_LAYER_ASSIGNMENT (  '', '', ( #9076 ) ) ;
#1156 = EDGE_CURVE ( 'NONE', #213, #3891, #184, .T. ) ;
#1157 = LINE ( 'NONE', #10497, #3676 ) ;
#1158 = PRESENTATION_LAYER_ASSIGNMENT (  '', '', ( #3275 ) ) ;
#1159 = DIRECTION ( 'NONE',  ( 0.0000000000000000000, 0.0000000000000000000, 1.000000000000000000 ) ) ;
#1160 = EDGE_LOOP ( 'NONE', ( #2552, #7750, #9268, #6317 ) ) ;
#1161 = VERTEX_POINT ( 'NONE', #3560 ) ;
#1162 = CARTESIAN_POINT ( 'NONE',  ( 3.876735726934810167, -5.984948569671960428, 9.120415862334729340 ) ) ;
#1163 = CARTESIAN_POINT ( 'NONE',  ( -3.753928499320489998, -5.795369424699430283, 9.120649267367999968 ) ) ;
#1164 = CARTESIAN_POINT ( 'NONE',  ( -4.950000000000000178, -5.900000000000000355, 9.400000000000000355 ) ) ;
#1165 = AXIS2_PLACEMENT_3D ( 'NONE', #9779, #9079, #8109 ) ;
#1166 =( NAMED_UNIT ( * ) PLANE_ANGLE_UNIT ( ) SI_UNIT ( $, .RADIAN. ) );
#1167 = ORIENTED_EDGE ( 'NONE', *, *, #5063, .T. ) ;
#1168 = STYLED_ITEM ( 'NONE', ( #2943 ), #2063 ) ;
#1169 = FILL_AREA_STYLE ('',( #8075 ) ) ;
#1170 = LINE ( 'NONE', #8819, #2416 ) ;
#1171 =( NAMED_UNIT ( * ) PLANE_ANGLE_UNIT ( ) SI_UNIT ( $, .RADIAN. ) );
#1172 = FILL_AREA_STYLE_COLOUR ( '', #2366 ) ;
#1173 = SURFACE_STYLE_FILL_AREA ( #5368 ) ;
#1174 = DIRECTION ( 'NONE',  ( 0.0000000000000000000, 0.0000000000000000000, -1.000000000000000000 ) ) ;
#1175 = CARTESIAN_POINT ( 'NONE',  ( 0.09261138689597370188, -0.6631132543907449772, 11.78455947458398789 ) ) ;
#1176 = ORIENTED_EDGE ( 'NONE', *, *, #6758, .T. ) ;
#1177 = DIRECTION ( 'NONE',  ( -3.268757308853690599E-19, 0.9999943668016061382, -0.003356540638043130353 ) ) ;
#1178 = CARTESIAN_POINT ( 'NONE',  ( 1.589881768491020031, 0.4631103858787330441, 11.78455947458399855 ) ) ;
#1179 = CARTESIAN_POINT ( 'NONE',  ( -2.943533191417280204, 0.7696804059452660995, 11.78455947458400033 ) ) ;
#1180 =( NAMED_UNIT ( * ) PLANE_ANGLE_UNIT ( ) SI_UNIT ( $, .RADIAN. ) );
#1181 = ORIENTED_EDGE ( 'NONE', *, *, #1008, .T. ) ;
#1182 = STYLED_ITEM ( 'NONE', ( #4109 ), #209 ) ;
#1183 = CARTESIAN_POINT ( 'NONE',  ( 1.502845596186370036, -5.924880838070049727, 0.9999999999999983347 ) ) ;
#1184 = CARTESIAN_POINT ( 'NONE',  ( -0.3857394621399040102, -0.8206810398378659999, 11.78455947458400033 ) ) ;
#1185 = ORIENTED_EDGE ( 'NONE', *, *, #5048, .T. ) ;
#1186 = CARTESIAN_POINT ( 'NONE',  ( -4.950000000000000178, 3.663341822600227893, 10.49985648255802495 ) ) ;
#1187 = ORIENTED_EDGE ( 'NONE', *, *, #8544, .T. ) ;
#1188 = CARTESIAN_POINT ( 'NONE',  ( 2.670924639908020204, -0.2905605579101560587, 11.78455947458400033 ) ) ;
#1189 = EDGE_LOOP ( 'NONE', ( #1738, #10040, #2758, #4645, #594, #7690, #9056, #5206, #571, #928, #5837 ) ) ;
#1190 = CARTESIAN_POINT ( 'NONE',  ( -0.8211687048603859562, 0.7184756326290669959, 11.88455947458399997 ) ) ;
#1191 = EDGE_CURVE ( 'NONE', #2059, #5790, #6782, .T. ) ;
#1192 = STYLED_ITEM ( 'NONE', ( #5708 ), #4691 ) ;
#1193 = LINE ( 'NONE', #5624, #6443 ) ;
#1194 = ORIENTED_EDGE ( 'NONE', *, *, #3651, .T. ) ;
#1195 = CARTESIAN_POINT ( 'NONE',  ( -0.2567862034654720405, 0.4959605781332170338, 11.88455947458399997 ) ) ;
#1196 = DIRECTION ( 'NONE',  ( -1.000000000000000000, 0.0000000000000000000, -0.0000000000000000000 ) ) ;
#1197 = CARTESIAN_POINT ( 'NONE',  ( 2.160636889256319915, -3.952384553517649834, 1.972862536810730205 ) ) ;
#1198 = PRESENTATION_LAYER_ASSIGNMENT (  '', '', ( #5805 ) ) ;
#1199 = COLOUR_RGB ( '',1.000000000000000000, 0.7490196078431372584, 0.0000000000000000000 ) ;
#1200 = FACE_OUTER_BOUND ( 'NONE', #2897, .T. ) ;
#1201 = CARTESIAN_POINT ( 'NONE',  ( 3.176948736293559783, -0.5194762205607580396, 11.78455947458400033 ) ) ;
#1202 = CARTESIAN_POINT ( 'NONE',  ( 4.002845596186369370, 5.924880838070041733, 2.000000000000000000 ) ) ;
#1203 = CARTESIAN_POINT ( 'NONE',  ( 1.801812055671259571, -6.200000000000001066, 2.000000000000000000 ) ) ;
#1204 = CARTESIAN_POINT ( 'NONE',  ( 4.453928499320489287, 5.785761974818240283, 2.249466850603030199 ) ) ;
#1205 = CIRCLE ( 'NONE', #9283, 0.1217795388796295286 ) ;
#1206 = CARTESIAN_POINT ( 'NONE',  ( 0.6926679188144460042, -0.6617013352562070017, 11.78455947458400033 ) ) ;
#1207 = EDGE_CURVE ( 'NONE', #3224, #3783, #5952, .T. ) ;
#1208 = SURFACE_STYLE_USAGE ( .BOTH. , #8639 ) ;
#1209 =( GEOMETRIC_REPRESENTATION_CONTEXT ( 3 ) GLOBAL_UNCERTAINTY_ASSIGNED_CONTEXT ( ( #2916 ) ) GLOBAL_UNIT_ASSIGNED_CONTEXT ( ( #5254, #9600, #1952 ) ) REPRESENTATION_CONTEXT ( 'NONE', 'WORKASPACE' ) );
#1210 = VERTEX_POINT ( 'NONE', #9175 ) ;
#1211 = VERTEX_POINT ( 'NONE', #3460 ) ;
#1212 =( NAMED_UNIT ( * ) PLANE_ANGLE_UNIT ( ) SI_UNIT ( $, .RADIAN. ) );
#1213 = ADVANCED_FACE ( 'NONE', ( #2604 ), #2660, .T. ) ;
#1214 = UNCERTAINTY_MEASURE_WITH_UNIT (LENGTH_MEASURE( 1.000000000000000082E-05 ), #6307, 'distance_accuracy_value', 'NONE');
#1215 = CARTESIAN_POINT ( 'NONE',  ( -4.301812055671258683, -5.900000000000003020, -5.574710172721638347E-16 ) ) ;
#1216 = LINE ( 'NONE', #7134, #897 ) ;
#1217 = DIRECTION ( 'NONE',  ( 1.000000000000000000, 0.0000000000000000000, -0.0000000000000000000 ) ) ;
#1218 =( GEOMETRIC_REPRESENTATION_CONTEXT ( 3 ) GLOBAL_UNCERTAINTY_ASSIGNED_CONTEXT ( ( #1257 ) ) GLOBAL_UNIT_ASSIGNED_CONTEXT ( ( #8202, #8154, #6504 ) ) REPRESENTATION_CONTEXT ( 'NONE', 'WORKASPACE' ) );
#1219 = FACE_BOUND ( 'NONE', #2146, .T. ) ;
#1220 = CARTESIAN_POINT ( 'NONE',  ( 4.301812055671259571, 6.200000000000001066, 1.914830691054245120E-18 ) ) ;
#1221 = LINE ( 'NONE', #7957, #2254 ) ;
#1222 = EDGE_CURVE ( 'NONE', #9326, #4709, #5850, .T. ) ;
#1223 = CARTESIAN_POINT ( 'NONE',  ( 4.999999999999999112, -3.072439817376820148, 5.691858092819041204 ) ) ;
#1224 = ADVANCED_FACE ( 'NONE', ( #3355 ), #814, .T. ) ;
#1225 = CARTESIAN_POINT ( 'NONE',  ( 2.500000000000000000, -4.349999999999999645, 0.3261087975802219874 ) ) ;
#1226 = ORIENTED_EDGE ( 'NONE', *, *, #628, .F. ) ;
#1227 = CARTESIAN_POINT ( 'NONE',  ( -4.749999999999999112, 4.349999999999998757, -4.673891202419779844 ) ) ;
#1228 = FILL_AREA_STYLE ('',( #10466 ) ) ;
#1229 = ADVANCED_FACE ( 'NONE', ( #1141 ), #3616, .T. ) ;
#1230 = ORIENTED_EDGE ( 'NONE', *, *, #5889, .F. ) ;
#1231 = DIRECTION ( 'NONE',  ( -1.000000000000000000, 0.0000000000000000000, -0.0000000000000000000 ) ) ;
#1232 = CARTESIAN_POINT ( 'NONE',  ( -0.2670459653328079996, -0.7017991952243469722, 11.78455947458400033 ) ) ;
#1233 = ORIENTED_EDGE ( 'NONE', *, *, #4913, .T. ) ;
#1234 = DIRECTION ( 'NONE',  ( -0.0000000000000000000, 1.000000000000000000, 0.0000000000000000000 ) ) ;
#1235 = FILL_AREA_STYLE ('',( #5436 ) ) ;
#1236 = FILL_AREA_STYLE_COLOUR ( '', #3716 ) ;
#1237 = VERTEX_POINT ( 'NONE', #9438 ) ;
#1238 =( GEOMETRIC_REPRESENTATION_CONTEXT ( 3 ) GLOBAL_UNCERTAINTY_ASSIGNED_CONTEXT ( ( #10261 ) ) GLOBAL_UNIT_ASSIGNED_CONTEXT ( ( #8177, #786, #10630 ) ) REPRESENTATION_CONTEXT ( 'NONE', 'WORKASPACE' ) );
#1239 = FACE_OUTER_BOUND ( 'NONE', #3299, .T. ) ;
#1240 = ORIENTED_EDGE ( 'NONE', *, *, #2415, .F. ) ;
#1241 = CARTESIAN_POINT ( 'NONE',  ( -0.3798094936966650570, 0.2456782402672189891, 11.78455947458399500 ) ) ;
#1242 = SURFACE_SIDE_STYLE ('',( #8043 ) ) ;
#1243 = SURFACE_STYLE_FILL_AREA ( #9560 ) ;
#1244 = DIRECTION ( 'NONE',  ( 1.000000000000000000, 0.0000000000000000000, 0.0000000000000000000 ) ) ;
#1245 = PRESENTATION_LAYER_ASSIGNMENT (  '', '', ( #9347 ) ) ;
#1246 = DIRECTION ( 'NONE',  ( -0.0000000000000000000, -0.0000000000000000000, -1.000000000000000000 ) ) ;
#1247 = UNCERTAINTY_MEASURE_WITH_UNIT (LENGTH_MEASURE( 1.000000000000000082E-05 ), #3996, 'distance_accuracy_value', 'NONE');
#1248 = VECTOR ( 'NONE', #8164, 1000.000000000000114 ) ;
#1249 = EDGE_LOOP ( 'NONE', ( #8834, #9477, #3549, #10536 ) ) ;
#1250 = PRESENTATION_STYLE_ASSIGNMENT (( #10488 ) ) ;
#1251 = ORIENTED_EDGE ( 'NONE', *, *, #7413, .F. ) ;
#1252 = ADVANCED_FACE ( 'NONE', ( #10362 ), #3728, .T. ) ;
#1253 = MECHANICAL_DESIGN_GEOMETRIC_PRESENTATION_REPRESENTATION (  '', ( #556 ), #1444 ) ;
#1254 = CIRCLE ( 'NONE', #7430, 0.1217795388796299727 ) ;
#1255 = CARTESIAN_POINT ( 'NONE',  ( 6.200000000000001066, 5.900000000000000355, 2.000000000000000000 ) ) ;
#1256 =( NAMED_UNIT ( * ) SI_UNIT ( $, .STERADIAN. ) SOLID_ANGLE_UNIT ( ) );
#1257 = UNCERTAINTY_MEASURE_WITH_UNIT (LENGTH_MEASURE( 1.000000000000000082E-05 ), #8202, 'distance_accuracy_value', 'NONE');
#1258 =( LENGTH_UNIT ( ) NAMED_UNIT ( * ) SI_UNIT ( .MILLI., .METRE. ) );
#1259 = DIRECTION ( 'NONE',  ( 5.782411586589425875E-15, -1.000000000000000000, 0.0000000000000000000 ) ) ;
#1260 = CARTESIAN_POINT ( 'NONE',  ( -6.513276922344959807, 3.101520183108082751, 11.70411371344519935 ) ) ;
#1261 = PLANE ( 'NONE',  #10840 ) ;
#1262 =( NAMED_UNIT ( * ) SI_UNIT ( $, .STERADIAN. ) SOLID_ANGLE_UNIT ( ) );
#1263 = FACE_OUTER_BOUND ( 'NONE', #4873, .T. ) ;
#1264 =( GEOMETRIC_REPRESENTATION_CONTEXT ( 3 ) GLOBAL_UNCERTAINTY_ASSIGNED_CONTEXT ( ( #1079 ) ) GLOBAL_UNIT_ASSIGNED_CONTEXT ( ( #1039, #4398, #3420 ) ) REPRESENTATION_CONTEXT ( 'NONE', 'WORKASPACE' ) );
#1265 =( GEOMETRIC_REPRESENTATION_CONTEXT ( 3 ) GLOBAL_UNCERTAINTY_ASSIGNED_CONTEXT ( ( #4769 ) ) GLOBAL_UNIT_ASSIGNED_CONTEXT ( ( #9299, #4301, #3478 ) ) REPRESENTATION_CONTEXT ( 'NONE', 'WORKASPACE' ) );
#1266 = COLOUR_RGB ( '',1.000000000000000000, 1.000000000000000000, 1.000000000000000000 ) ;
#1267 = DIRECTION ( 'NONE',  ( -0.0000000000000000000, 1.000000000000000000, 0.0000000000000000000 ) ) ;
#1268 = EDGE_LOOP ( 'NONE', ( #4465, #7695, #1033, #7188 ) ) ;
#1269 = ORIENTED_EDGE ( 'NONE', *, *, #9031, .F. ) ;
#1270 = PLANE ( 'NONE',  #10722 ) ;
#1271 = CARTESIAN_POINT ( 'NONE',  ( 4.453928499320490175, 5.085787338499259569, 2.248605059590619959 ) ) ;
#1272 = CARTESIAN_POINT ( 'NONE',  ( 4.599635752693309598, 5.984188079270049698, 9.135151959694816526 ) ) ;
#1273 = FILL_AREA_STYLE_COLOUR ( '', #6801 ) ;
#1274 = ADVANCED_FACE ( 'NONE', ( #10249 ), #6327, .T. ) ;
#1275 = FACE_BOUND ( 'NONE', #5858, .T. ) ;
#1276 = VECTOR ( 'NONE', #4498, 1000.000000000000114 ) ;
#1277 = PLANE ( 'NONE',  #9911 ) ;
#1278 = CARTESIAN_POINT ( 'NONE',  ( 1.393816206173080108, -0.007427935867854950323, 11.88455947458399997 ) ) ;
#1279 = FACE_OUTER_BOUND ( 'NONE', #3565, .T. ) ;
#1280 = CARTESIAN_POINT ( 'NONE',  ( 0.5745390977393469711, -0.007427935867854950323, 11.83455947458400104 ) ) ;
#1281 = PRESENTATION_LAYER_ASSIGNMENT (  '', '', ( #4614 ) ) ;
#1282 = CARTESIAN_POINT ( 'NONE',  ( -1.801812055671259571, 6.200000000000001066, -1.203706215242022408E-31 ) ) ;
#1283 =( NAMED_UNIT ( * ) PLANE_ANGLE_UNIT ( ) SI_UNIT ( $, .RADIAN. ) );
#1284 = MECHANICAL_DESIGN_GEOMETRIC_PRESENTATION_REPRESENTATION (  '', ( #9018 ), #7647 ) ;
#1285 = EDGE_CURVE ( 'NONE', #7909, #3500, #3896, .T. ) ;
#1286 = ORIENTED_EDGE ( 'NONE', *, *, #4992, .F. ) ;
#1287 =( NAMED_UNIT ( * ) PLANE_ANGLE_UNIT ( ) SI_UNIT ( $, .RADIAN. ) );
#1288 = CARTESIAN_POINT ( 'NONE',  ( -1.776356839400250070E-15, 3.101520183108080531, -0.3203975278070689825 ) ) ;
#1289 = VERTEX_POINT ( 'NONE', #1470 ) ;
#1290 =( GEOMETRIC_REPRESENTATION_CONTEXT ( 3 ) GLOBAL_UNCERTAINTY_ASSIGNED_CONTEXT ( ( #6549 ) ) GLOBAL_UNIT_ASSIGNED_CONTEXT ( ( #7237, #10329, #10389 ) ) REPRESENTATION_CONTEXT ( 'NONE', 'WORKASPACE' ) );
#1291 = SURFACE_STYLE_USAGE ( .BOTH. , #2998 ) ;
#1292 = EDGE_CURVE ( 'NONE', #10, #5663, #4834, .T. ) ;
#1293 = STYLED_ITEM ( 'NONE', ( #7878 ), #10694 ) ;
#1294 = STYLED_ITEM ( 'NONE', ( #7222 ), #9905 ) ;
#1295 = VERTEX_POINT ( 'NONE', #8241 ) ;
#1296 = SURFACE_STYLE_FILL_AREA ( #9549 ) ;
#1297 = ADVANCED_FACE ( 'NONE', ( #3065 ), #3009, .T. ) ;
#1298 =( NAMED_UNIT ( * ) PLANE_ANGLE_UNIT ( ) SI_UNIT ( $, .RADIAN. ) );
#1299 = VECTOR ( 'NONE', #3924, 1000.000000000000000 ) ;
#1300 = SURFACE_SIDE_STYLE ('',( #8836 ) ) ;
#1301 = VERTEX_POINT ( 'NONE', #8901 ) ;
#1302 = ORIENTED_EDGE ( 'NONE', *, *, #10570, .T. ) ;
#1303 = PLANE ( 'NONE',  #8769 ) ;
#1304 = CARTESIAN_POINT ( 'NONE',  ( 6.610175751530340094, -3.072439817376820148, 5.710663437739160742 ) ) ;
#1305 =( NAMED_UNIT ( * ) SI_UNIT ( $, .STERADIAN. ) SOLID_ANGLE_UNIT ( ) );
#1306 = CARTESIAN_POINT ( 'NONE',  ( 4.301812055671249801, 6.200000000000001066, 3.829661382108490239E-18 ) ) ;
#1307 = VECTOR ( 'NONE', #613, 1000.000000000000114 ) ;
#1308 = CARTESIAN_POINT ( 'NONE',  ( -4.453928499320490175, -3.952384553517649834, 1.972862536810730205 ) ) ;
#1309 = CIRCLE ( 'NONE', #7126, 0.2500000000000002220 ) ;
#1310 = STYLED_ITEM ( 'NONE', ( #3787 ), #1229 ) ;
#1311 = ORIENTED_EDGE ( 'NONE', *, *, #9798, .F. ) ;
#1312 = FILL_AREA_STYLE ('',( #9011 ) ) ;
#1313 = PLANE ( 'NONE',  #227 ) ;
#1314 = CARTESIAN_POINT ( 'NONE',  ( 7.654042494670949841E-18, 4.349999999999999645, 0.3261087975802219874 ) ) ;
#1315 = CARTESIAN_POINT ( 'NONE',  ( -3.628220461120370111, -4.349999999999999645, 6.720698216694526773E-17 ) ) ;
#1316 = MECHANICAL_DESIGN_GEOMETRIC_PRESENTATION_REPRESENTATION (  '', ( #954 ), #9735 ) ;
#1317 = UNCERTAINTY_MEASURE_WITH_UNIT (LENGTH_MEASURE( 1.000000000000000082E-05 ), #7174, 'distance_accuracy_value', 'NONE');
#1318 =( NAMED_UNIT ( * ) SI_UNIT ( $, .STERADIAN. ) SOLID_ANGLE_UNIT ( ) );
#1319 = DIRECTION ( 'NONE',  ( 0.0000000000000000000, -1.000000000000000000, 0.0000000000000000000 ) ) ;
#1320 = DIRECTION ( 'NONE',  ( 0.0000000000000000000, 0.0000000000000000000, -1.000000000000000000 ) ) ;
#1321 = CARTESIAN_POINT ( 'NONE',  ( -2.160636889256319915, 3.952384553517649834, 9.372862536810730560 ) ) ;
#1322 = AXIS2_PLACEMENT_3D ( 'NONE', #6354, #7952, #10618 ) ;
#1323 = CARTESIAN_POINT ( 'NONE',  ( 5.250000000000000888, -4.349999999999998757, 0.3261087975802219874 ) ) ;
#1324 = LINE ( 'NONE', #7286, #2083 ) ;
#1325 = FACE_OUTER_BOUND ( 'NONE', #10371, .T. ) ;
#1326 = AXIS2_PLACEMENT_3D ( 'NONE', #7308, #8931, #562 ) ;
#1327 =( NAMED_UNIT ( * ) SI_UNIT ( $, .STERADIAN. ) SOLID_ANGLE_UNIT ( ) );
#1328 = ORIENTED_EDGE ( 'NONE', *, *, #111, .F. ) ;
#1329 = VERTEX_POINT ( 'NONE', #1364 ) ;
#1330 = SURFACE_STYLE_USAGE ( .BOTH. , #2982 ) ;
#1331 = CARTESIAN_POINT ( 'NONE',  ( 1.801812055671259127, 5.900000000000002132, 0.0000000000000000000 ) ) ;
#1332 = PRESENTATION_STYLE_ASSIGNMENT (( #7845 ) ) ;
#1333 =( NAMED_UNIT ( * ) SI_UNIT ( $, .STERADIAN. ) SOLID_ANGLE_UNIT ( ) );
#1334 =( GEOMETRIC_REPRESENTATION_CONTEXT ( 3 ) GLOBAL_UNCERTAINTY_ASSIGNED_CONTEXT ( ( #5179 ) ) GLOBAL_UNIT_ASSIGNED_CONTEXT ( ( #1959, #911, #1072 ) ) REPRESENTATION_CONTEXT ( 'NONE', 'WORKASPACE' ) );
#1335 = DIRECTION ( 'NONE',  ( 0.0000000000000000000, 0.0000000000000000000, -1.000000000000000000 ) ) ;
#1336 = COLOUR_RGB ( '',1.000000000000000000, 1.000000000000000000, 1.000000000000000000 ) ;
#1337 = SURFACE_SIDE_STYLE ('',( #10455 ) ) ;
#1338 = EDGE_CURVE ( 'NONE', #9168, #6325, #4717, .T. ) ;
#1339 = AXIS2_PLACEMENT_3D ( 'NONE', #5528, #8867, #8812 ) ;
#1340 = SURFACE_STYLE_FILL_AREA ( #3703 ) ;
#1341 = MECHANICAL_DESIGN_GEOMETRIC_PRESENTATION_REPRESENTATION (  '', ( #4863 ), #6635 ) ;
#1342 = DIRECTION ( 'NONE',  ( -0.08293612690015371436, -0.9965548649496431821, 0.0000000000000000000 ) ) ;
#1343 = CARTESIAN_POINT ( 'NONE',  ( -2.292930781778729887, 0.7696804059452660995, 11.88455947458399997 ) ) ;
#1344 = CARTESIAN_POINT ( 'NONE',  ( -0.2869065934713639909, -1.025500316946299950, 11.78455947458398789 ) ) ;
#1345 = EDGE_LOOP ( 'NONE', ( #2008, #6067 ) ) ;
#1346 = CARTESIAN_POINT ( 'NONE',  ( 2.670924639908020204, -0.9893557386330470438, 11.78455947458400033 ) ) ;
#1347 = CARTESIAN_POINT ( 'NONE',  ( 1.544983475387270211, 0.6379033090017589558, 11.78455947458399855 ) ) ;
#1348 = CARTESIAN_POINT ( 'NONE',  ( 4.453928499320489287, 5.795199161759920337, 9.372862536810725231 ) ) ;
#1349 = ORIENTED_EDGE ( 'NONE', *, *, #7645, .T. ) ;
#1350 = COLOUR_RGB ( '',0.7450980392156862919, 0.7450980392156862919, 0.7450980392156862919 ) ;
#1351 = PLANE ( 'NONE',  #8755 ) ;
#1352 = EDGE_CURVE ( 'NONE', #3667, #1754, #7480, .T. ) ;
#1353 = CARTESIAN_POINT ( 'NONE',  ( -0.9245195309158089625, -0.6399581482716010239, 11.88455947458399997 ) ) ;
#1354 = ORIENTED_EDGE ( 'NONE', *, *, #6298, .F. ) ;
#1355 = SURFACE_STYLE_USAGE ( .BOTH. , #1411 ) ;
#1356 = LINE ( 'NONE', #3111, #6685 ) ;
#1357 = DIRECTION ( 'NONE',  ( 0.0000000000000000000, 0.0000000000000000000, 1.000000000000000000 ) ) ;
#1358 = ORIENTED_EDGE ( 'NONE', *, *, #8111, .T. ) ;
#1359 = SURFACE_SIDE_STYLE ('',( #8146 ) ) ;
#1360 = VERTEX_POINT ( 'NONE', #2811 ) ;
#1361 = SURFACE_SIDE_STYLE ('',( #6217 ) ) ;
#1362 =( LENGTH_UNIT ( ) NAMED_UNIT ( * ) SI_UNIT ( .MILLI., .METRE. ) );
#1363 = EDGE_CURVE ( 'NONE', #2962, #7812, #4416, .T. ) ;
#1364 = CARTESIAN_POINT ( 'NONE',  ( 2.049999999999999822, -3.750000000000000000, 2.000000000000000000 ) ) ;
#1365 = SURFACE_STYLE_FILL_AREA ( #3788 ) ;
#1366 = VERTEX_POINT ( 'NONE', #6190 ) ;
#1367 = CARTESIAN_POINT ( 'NONE',  ( 1.791406567618869961, 0.9985960685958690242, 11.78455947458400033 ) ) ;
#1368 = UNCERTAINTY_MEASURE_WITH_UNIT (LENGTH_MEASURE( 1.000000000000000082E-05 ), #1861, 'distance_accuracy_value', 'NONE');
#1369 = UNCERTAINTY_MEASURE_WITH_UNIT (LENGTH_MEASURE( 1.000000000000000082E-05 ), #3884, 'distance_accuracy_value', 'NONE');
#1370 = LINE ( 'NONE', #3122, #1509 ) ;
#1371 = MECHANICAL_DESIGN_GEOMETRIC_PRESENTATION_REPRESENTATION (  '', ( #5603 ), #7213 ) ;
#1372 = CARTESIAN_POINT ( 'NONE',  ( -5.000000000000000000, -3.072439817376820148, -0.3081419071809570198 ) ) ;
#1373 = SURFACE_SIDE_STYLE ('',( #8105 ) ) ;
#1374 = SURFACE_STYLE_FILL_AREA ( #2243 ) ;
#1375 = DIRECTION ( 'NONE',  ( -8.674009073262367831E-18, -7.218756764280321400E-19, 1.000000000000000000 ) ) ;
#1376 = ADVANCED_FACE ( 'NONE', ( #1943 ), #6132, .T. ) ;
#1377 = SURFACE_STYLE_USAGE ( .BOTH. , #8912 ) ;
#1378 = UNCERTAINTY_MEASURE_WITH_UNIT (LENGTH_MEASURE( 1.000000000000000082E-05 ), #5256, 'distance_accuracy_value', 'NONE');
#1379 = CARTESIAN_POINT ( 'NONE',  ( 0.7016099814113669897, 0.6635057416207670311, 11.78455947458400033 ) ) ;
#1380 = CARTESIAN_POINT ( 'NONE',  ( -4.950000000000000178, 6.200000000000001066, 9.400000000000000355 ) ) ;
#1381 = SURFACE_SIDE_STYLE ('',( #4935 ) ) ;
#1382 = PRESENTATION_LAYER_ASSIGNMENT (  '', '', ( #10849 ) ) ;
#1383 = EDGE_CURVE ( 'NONE', #7737, #3169, #70, .T. ) ;
#1384 = CARTESIAN_POINT ( 'NONE',  ( -6.610175751530340094, -3.072439817376820148, 11.50790099422419921 ) ) ;
#1385 = CARTESIAN_POINT ( 'NONE',  ( 0.3335752423176610026, -1.025500316946299950, 11.78455947458400033 ) ) ;
#1386 = SURFACE_STYLE_USAGE ( .BOTH. , #610 ) ;
#1387 = ORIENTED_EDGE ( 'NONE', *, *, #6624, .T. ) ;
#1388 = COLOUR_RGB ( '',0.1764705882352941013, 0.1764705882352941013, 0.1764705882352941013 ) ;
#1389 = STYLED_ITEM ( 'NONE', ( #9188 ), #4027 ) ;
#1390 = LINE ( 'NONE', #3309, #374 ) ;
#1391 = CARTESIAN_POINT ( 'NONE',  ( 3.497154403813630186, 5.924880838070049727, 5.551115123125780237E-17 ) ) ;
#1392 = PRESENTATION_STYLE_ASSIGNMENT (( #4743 ) ) ;
#1393 = CARTESIAN_POINT ( 'NONE',  ( 3.497154403813630186, 5.924880838070049727, 6.720698216694523075E-17 ) ) ;
#1394 = CARTESIAN_POINT ( 'NONE',  ( -2.943533191417280204, 0.9985960685958690242, 11.78455947458400033 ) ) ;
#1395 =( NAMED_UNIT ( * ) SI_UNIT ( $, .STERADIAN. ) SOLID_ANGLE_UNIT ( ) );
#1396 = CYLINDRICAL_SURFACE ( 'NONE', #9113, 0.2500000000000011102 ) ;
#1397 = VECTOR ( 'NONE', #4232, 1000.000000000000000 ) ;
#1398 = DIRECTION ( 'NONE',  ( -1.000000000000000000, 0.0000000000000000000, -0.0000000000000000000 ) ) ;
#1399 = EDGE_CURVE ( 'NONE', #4383, #7345, #1999, .T. ) ;
#1400 = PRESENTATION_LAYER_ASSIGNMENT (  '', '', ( #6154 ) ) ;
#1401 = CARTESIAN_POINT ( 'NONE',  ( -0.01036292739023949964, -0.08131726751350369653, 11.78455947458398789 ) ) ;
#1402 = EDGE_LOOP ( 'NONE', ( #4134, #9983, #5135, #3032 ) ) ;
#1403 = FILL_AREA_STYLE ('',( #4031 ) ) ;
#1404 = DIRECTION ( 'NONE',  ( 0.0000000000000000000, 0.0000000000000000000, -1.000000000000000000 ) ) ;
#1405 = COLOUR_RGB ( '',0.4117647058823529216, 0.4117647058823529216, 0.4117647058823529216 ) ;
#1406 = ORIENTED_EDGE ( 'NONE', *, *, #7745, .F. ) ;
#1407 =( NAMED_UNIT ( * ) SI_UNIT ( $, .STERADIAN. ) SOLID_ANGLE_UNIT ( ) );
#1408 = PRESENTATION_STYLE_ASSIGNMENT (( #7257 ) ) ;
#1409 = CARTESIAN_POINT ( 'NONE',  ( -2.027870540814870282, -0.9893557386330470438, 11.88455947458399997 ) ) ;
#1410 = ORIENTED_EDGE ( 'NONE', *, *, #273, .F. ) ;
#1411 = SURFACE_SIDE_STYLE ('',( #2277 ) ) ;
#1412 = ADVANCED_FACE ( 'NONE', ( #6074 ), #7847, .F. ) ;
#1413 = VERTEX_POINT ( 'NONE', #3534 ) ;
#1414 = FILL_AREA_STYLE_COLOUR ( '', #4249 ) ;
#1415 = ORIENTED_EDGE ( 'NONE', *, *, #6970, .T. ) ;
#1416 = CARTESIAN_POINT ( 'NONE',  ( -6.305712614295090113, 3.101520183108080531, 11.81236413145949982 ) ) ;
#1417 = AXIS2_PLACEMENT_3D ( 'NONE', #9539, #10464, #3101 ) ;
#1418 = CARTESIAN_POINT ( 'NONE',  ( 0.3335752423176610026, -0.5699278784167179923, 11.88455947458399997 ) ) ;
#1419 = ADVANCED_FACE ( 'NONE', ( #6908 ), #1277, .T. ) ;
#1420 = ORIENTED_EDGE ( 'NONE', *, *, #7425, .F. ) ;
#1421 = CARTESIAN_POINT ( 'NONE',  ( -3.198187944328739984, -6.200000000000001066, 6.938893903907225296E-18 ) ) ;
#1422 = ADVANCED_FACE ( 'NONE', ( #2987 ), #3930, .T. ) ;
#1423 = ORIENTED_EDGE ( 'NONE', *, *, #312, .T. ) ;
#1424 =( NAMED_UNIT ( * ) PLANE_ANGLE_UNIT ( ) SI_UNIT ( $, .RADIAN. ) );
#1425 =( NAMED_UNIT ( * ) PLANE_ANGLE_UNIT ( ) SI_UNIT ( $, .RADIAN. ) );
#1426 = DIRECTION ( 'NONE',  ( 0.0000000000000000000, -1.000000000000000000, -0.0000000000000000000 ) ) ;
#1427 = UNCERTAINTY_MEASURE_WITH_UNIT (LENGTH_MEASURE( 1.000000000000000082E-05 ), #2709, 'distance_accuracy_value', 'NONE');
#1428 = DIRECTION ( 'NONE',  ( -1.000000000000000000, -0.0000000000000000000, -0.0000000000000000000 ) ) ;
#1429 = ADVANCED_FACE ( 'NONE', ( #2204 ), #2099, .T. ) ;
#1430 = CARTESIAN_POINT ( 'NONE',  ( 0.9971544038136319621, 5.924880838070049727, 2.000000000000000000 ) ) ;
#1431 =( GEOMETRIC_REPRESENTATION_CONTEXT ( 3 ) GLOBAL_UNCERTAINTY_ASSIGNED_CONTEXT ( ( #8632 ) ) GLOBAL_UNIT_ASSIGNED_CONTEXT ( ( #8213, #4796, #5762 ) ) REPRESENTATION_CONTEXT ( 'NONE', 'WORKASPACE' ) );
#1432 = SURFACE_STYLE_FILL_AREA ( #4787 ) ;
#1433 = EDGE_CURVE ( 'NONE', #7535, #5053, #714, .T. ) ;
#1434 = STYLED_ITEM ( 'NONE', ( #3638 ), #2935 ) ;
#1435 = CARTESIAN_POINT ( 'NONE',  ( -0.08481702668970260428, 0.2565027697883699997, 11.78455947458399677 ) ) ;
#1436 = EDGE_LOOP ( 'NONE', ( #10823, #77, #5570, #498 ) ) ;
#1437 = AXIS2_PLACEMENT_3D ( 'NONE', #3025, #4849, #3915 ) ;
#1438 = VECTOR ( 'NONE', #2187, 999.9999999999998863 ) ;
#1439 = DIRECTION ( 'NONE',  ( 1.000000000000000000, -0.0000000000000000000, 0.0000000000000000000 ) ) ;
#1440 = EDGE_CURVE ( 'NONE', #10241, #4146, #1503, .T. ) ;
#1441 = CARTESIAN_POINT ( 'NONE',  ( 4.950000000000035705, 3.274810949459974641, 10.14126039117999944 ) ) ;
#1442 = PLANE ( 'NONE',  #4472 ) ;
#1443 =( LENGTH_UNIT ( ) NAMED_UNIT ( * ) SI_UNIT ( .MILLI., .METRE. ) );
#1444 =( GEOMETRIC_REPRESENTATION_CONTEXT ( 3 ) GLOBAL_UNCERTAINTY_ASSIGNED_CONTEXT ( ( #9777 ) ) GLOBAL_UNIT_ASSIGNED_CONTEXT ( ( #10449, #6409, #5291 ) ) REPRESENTATION_CONTEXT ( 'NONE', 'WORKASPACE' ) );
#1445 = SURFACE_STYLE_USAGE ( .BOTH. , #506 ) ;
#1446 =( NAMED_UNIT ( * ) PLANE_ANGLE_UNIT ( ) SI_UNIT ( $, .RADIAN. ) );
#1447 = AXIS2_PLACEMENT_3D ( 'NONE', #4369, #4424, #10025 ) ;
#1448 = PRESENTATION_STYLE_ASSIGNMENT (( #2263 ) ) ;
#1449 = AXIS2_PLACEMENT_3D ( 'NONE', #2351, #6727, #5060 ) ;
#1450 = DIRECTION ( 'NONE',  ( 1.000000000000000000, 0.0000000000000000000, 0.0000000000000000000 ) ) ;
#1451 = PRESENTATION_LAYER_ASSIGNMENT (  '', '', ( #2488 ) ) ;
#1452 = ORIENTED_EDGE ( 'NONE', *, *, #3967, .F. ) ;
#1453 = CARTESIAN_POINT ( 'NONE',  ( -4.301812055671258683, -5.900000000000003020, 8.069038145280426003E-17 ) ) ;
#1454 = DIRECTION ( 'NONE',  ( 0.0000000000000000000, -0.0000000000000000000, 1.000000000000000000 ) ) ;
#1455 = MECHANICAL_DESIGN_GEOMETRIC_PRESENTATION_REPRESENTATION (  '', ( #7609 ), #3925 ) ;
#1456 = ORIENTED_EDGE ( 'NONE', *, *, #10007, .T. ) ;
#1457 =( GEOMETRIC_REPRESENTATION_CONTEXT ( 3 ) GLOBAL_UNCERTAINTY_ASSIGNED_CONTEXT ( ( #1368 ) ) GLOBAL_UNIT_ASSIGNED_CONTEXT ( ( #1861, #6041, #84 ) ) REPRESENTATION_CONTEXT ( 'NONE', 'WORKASPACE' ) );
#1458 = ADVANCED_FACE ( 'NONE', ( #4127 ), #2873, .T. ) ;
#1459 = DIRECTION ( 'NONE',  ( 0.0000000000000000000, -1.000000000000000000, 0.0000000000000000000 ) ) ;
#1460 = ORIENTED_EDGE ( 'NONE', *, *, #4163, .F. ) ;
#1461 = STYLED_ITEM ( 'NONE', ( #2729 ), #10265 ) ;
#1462 = VECTOR ( 'NONE', #2751, 1000.000000000000000 ) ;
#1463 = FILL_AREA_STYLE ('',( #7366 ) ) ;
#1464 = PRESENTATION_STYLE_ASSIGNMENT (( #10736 ) ) ;
#1465 = ORIENTED_EDGE ( 'NONE', *, *, #8875, .F. ) ;
#1466 = LINE ( 'NONE', #9763, #10364 ) ;
#1467 = ORIENTED_EDGE ( 'NONE', *, *, #8957, .F. ) ;
#1468 = CARTESIAN_POINT ( 'NONE',  ( 1.562679160852870064, -0.5776463696855239638, 11.78455947458400033 ) ) ;
#1469 = MECHANICAL_DESIGN_GEOMETRIC_PRESENTATION_REPRESENTATION (  '', ( #9367 ), #2867 ) ;
#1470 = CARTESIAN_POINT ( 'NONE',  ( 4.453928499320490175, 5.095199161759920159, 9.372862536810730560 ) ) ;
#1471 = DIRECTION ( 'NONE',  ( 1.000000000000000000, 0.0000000000000000000, -0.0000000000000000000 ) ) ;
#1472 = DIRECTION ( 'NONE',  ( 0.0000000000000000000, 0.0000000000000000000, 1.000000000000000000 ) ) ;
#1473 = MECHANICAL_DESIGN_GEOMETRIC_PRESENTATION_REPRESENTATION (  '', ( #8328 ), #10057 ) ;
#1474 = UNCERTAINTY_MEASURE_WITH_UNIT (LENGTH_MEASURE( 1.000000000000000082E-05 ), #6903, 'distance_accuracy_value', 'NONE');
#1475 = COLOUR_RGB ( '',0.1764705882352941013, 0.1764705882352941013, 0.1764705882352941013 ) ;
#1476 = EDGE_LOOP ( 'NONE', ( #7879, #10732, #2440, #3295 ) ) ;
#1477 = SURFACE_STYLE_USAGE ( .BOTH. , #4773 ) ;
#1478 = DIRECTION ( 'NONE',  ( 1.000000000000000000, 0.0000000000000000000, 0.0000000000000000000 ) ) ;
#1479 = ADVANCED_FACE ( 'NONE', ( #9143 ), #3201, .T. ) ;
#1480 = AXIS2_PLACEMENT_3D ( 'NONE', #3530, #278, #5356 ) ;
#1481 = ORIENTED_EDGE ( 'NONE', *, *, #1097, .T. ) ;
#1482 = CIRCLE ( 'NONE', #1657, 0.2999999999999999334 ) ;
#1483 = DIRECTION ( 'NONE',  ( 0.0000000000000000000, 0.0000000000000000000, 1.000000000000000000 ) ) ;
#1484 =( NAMED_UNIT ( * ) PLANE_ANGLE_UNIT ( ) SI_UNIT ( $, .RADIAN. ) );
#1485 = CARTESIAN_POINT ( 'NONE',  ( -4.440892098500629120E-16, -3.072439817376819704, 11.70411371344519758 ) ) ;
#1486 = UNCERTAINTY_MEASURE_WITH_UNIT (LENGTH_MEASURE( 1.000000000000000082E-05 ), #7051, 'distance_accuracy_value', 'NONE');
#1487 = DIRECTION ( 'NONE',  ( -0.0000000000000000000, 0.0000000000000000000, -1.000000000000000000 ) ) ;
#1488 = STYLED_ITEM ( 'NONE', ( #7997 ), #8600 ) ;
#1489 = LINE ( 'NONE', #6674, #2044 ) ;
#1490 =( NAMED_UNIT ( * ) PLANE_ANGLE_UNIT ( ) SI_UNIT ( $, .RADIAN. ) );
#1491 = STYLED_ITEM ( 'NONE', ( #10305 ), #1252 ) ;
#1492 = CARTESIAN_POINT ( 'NONE',  ( -6.610175751530350752, -3.072439817376820148, 5.710663437739160742 ) ) ;
#1493 = AXIS2_PLACEMENT_3D ( 'NONE', #2894, #8036, #9610 ) ;
#1494 = DIRECTION ( 'NONE',  ( 1.000000000000000000, 0.0000000000000000000, -0.0000000000000000000 ) ) ;
#1495 = EDGE_CURVE ( 'NONE', #298, #6956, #4456, .T. ) ;
#1496 = ORIENTED_EDGE ( 'NONE', *, *, #4519, .T. ) ;
#1497 = CARTESIAN_POINT ( 'NONE',  ( -5.250000000000000888, 4.349999999999998757, 0.3261087975802219874 ) ) ;
#1498 = CARTESIAN_POINT ( 'NONE',  ( 2.160636889256319915, 3.952384553517649834, 1.972862536810730205 ) ) ;
#1499 = AXIS2_PLACEMENT_3D ( 'NONE', #3641, #7013, #9524 ) ;
#1500 = FILL_AREA_STYLE_COLOUR ( '', #10456 ) ;
#1501 = CYLINDRICAL_SURFACE ( 'NONE', #5477, 0.3000000000000031530 ) ;
#1502 = EDGE_CURVE ( 'NONE', #82, #6384, #145, .T. ) ;
#1503 = LINE ( 'NONE', #10772, #3791 ) ;
#1504 = CARTESIAN_POINT ( 'NONE',  ( 1.128220461120369889, 4.349999999999999645, 1.000000000000000000 ) ) ;
#1505 = COLOUR_RGB ( '',0.1764705882352941013, 0.1764705882352941013, 0.1764705882352941013 ) ;
#1506 =( NAMED_UNIT ( * ) PLANE_ANGLE_UNIT ( ) SI_UNIT ( $, .RADIAN. ) );
#1507 = LINE ( 'NONE', #9099, #9024 ) ;
#1508 = CARTESIAN_POINT ( 'NONE',  ( -2.027870540814870282, 0.7696804059452659885, 11.88455947458399997 ) ) ;
#1509 = VECTOR ( 'NONE', #2030, 1000.000000000000000 ) ;
#1510 = SURFACE_STYLE_FILL_AREA ( #3097 ) ;
#1511 = DIRECTION ( 'NONE',  ( -1.000000000000000000, 0.0000000000000000000, 0.0000000000000000000 ) ) ;
#1512 = EDGE_LOOP ( 'NONE', ( #6541, #7795, #4925, #871 ) ) ;
#1513 = FACE_BOUND ( 'NONE', #8746, .T. ) ;
#1514 = COLOUR_RGB ( '',0.1764705882352941013, 0.1764705882352941013, 0.1764705882352941013 ) ;
#1515 = CARTESIAN_POINT ( 'NONE',  ( -1.502845596186370036, 5.924880838070049727, 0.9999999999999986677 ) ) ;
#1516 = MECHANICAL_DESIGN_GEOMETRIC_PRESENTATION_REPRESENTATION (  '', ( #6090 ), #3278 ) ;
#1517 = SURFACE_STYLE_USAGE ( .BOTH. , #4976 ) ;
#1518 = AXIS2_PLACEMENT_3D ( 'NONE', #10819, #3131, #6506 ) ;
#1519 = VERTEX_POINT ( 'NONE', #5075 ) ;
#1520 = SURFACE_STYLE_USAGE ( .BOTH. , #4658 ) ;
#1521 = SURFACE_STYLE_FILL_AREA ( #9060 ) ;
#1522 = VERTEX_POINT ( 'NONE', #8422 ) ;
#1523 = FILL_AREA_STYLE ('',( #3225 ) ) ;
#1524 = ORIENTED_EDGE ( 'NONE', *, *, #286, .T. ) ;
#1525 = CARTESIAN_POINT ( 'NONE',  ( 0.3335752423176610026, -0.008180959406275060269, 11.88455947458399997 ) ) ;
#1526 = SURFACE_STYLE_USAGE ( .BOTH. , #737 ) ;
#1527 = ORIENTED_EDGE ( 'NONE', *, *, #8286, .F. ) ;
#1528 = SURFACE_STYLE_FILL_AREA ( #9072 ) ;
#1529 = PRESENTATION_LAYER_ASSIGNMENT (  '', '', ( #6992 ) ) ;
#1530 = ORIENTED_EDGE ( 'NONE', *, *, #7016, .T. ) ;
#1531 =( NAMED_UNIT ( * ) PLANE_ANGLE_UNIT ( ) SI_UNIT ( $, .RADIAN. ) );
#1532 = EDGE_LOOP ( 'NONE', ( #10575, #8903, #10585, #7263, #5449, #2667, #5201, #4715, #3732, #9638, #696, #6124, #2739, #10245, #3119, #6183, #10529, #7144, #10682, #9124, #6654, #3546, #7971, #10689, #912, #1465, #1708, #9289, #6984, #1560 ) ) ;
#1533 = ORIENTED_EDGE ( 'NONE', *, *, #3171, .T. ) ;
#1534 = PLANE ( 'NONE',  #7479 ) ;
#1535 = FACE_OUTER_BOUND ( 'NONE', #8353, .T. ) ;
#1536 = EDGE_CURVE ( 'NONE', #2337, #5804, #4402, .T. ) ;
#1537 = CARTESIAN_POINT ( 'NONE',  ( 4.950000000000018829, 3.663209264527177211, 10.49999999983623766 ) ) ;
#1538 = FILL_AREA_STYLE ('',( #6729 ) ) ;
#1539 = CARTESIAN_POINT ( 'NONE',  ( 6.513276922344959807, -3.072439817376820148, -0.02039752780706740112 ) ) ;
#1540 =( NAMED_UNIT ( * ) PLANE_ANGLE_UNIT ( ) SI_UNIT ( $, .RADIAN. ) );
#1541 = AXIS2_PLACEMENT_3D ( 'NONE', #534, #7277, #9827 ) ;
#1542 = LINE ( 'NONE', #7341, #5251 ) ;
#1543 = VECTOR ( 'NONE', #10202, 1000.000000000000114 ) ;
#1544 = DIRECTION ( 'NONE',  ( -8.727846303013397286E-18, 7.263561636301187877E-19, 1.000000000000000000 ) ) ;
#1545 = SURFACE_STYLE_FILL_AREA ( #9888 ) ;
#1546 = DIRECTION ( 'NONE',  ( -2.891205793294712938E-15, 1.000000000000000000, -1.707073681399372465E-15 ) ) ;
#1547 = EDGE_LOOP ( 'NONE', ( #2382, #9232, #9968, #876 ) ) ;
#1548 = CARTESIAN_POINT ( 'NONE',  ( -0.2500000000000000000, 4.099999999999999645, 0.3261087975802219874 ) ) ;
#1549 = ADVANCED_FACE ( 'NONE', ( #6952 ), #6061, .F. ) ;
#1550 = UNCERTAINTY_MEASURE_WITH_UNIT (LENGTH_MEASURE( 1.000000000000000082E-05 ), #5471, 'distance_accuracy_value', 'NONE');
#1551 = COLOUR_RGB ( '',0.7450980392156862919, 0.7450980392156862919, 0.7450980392156862919 ) ;
#1552 = FACE_OUTER_BOUND ( 'NONE', #8145, .T. ) ;
#1553 = CARTESIAN_POINT ( 'NONE',  ( -2.049999999999999822, -3.750000000000000000, 9.372862536810730560 ) ) ;
#1554 = CARTESIAN_POINT ( 'NONE',  ( -0.5683449125522189727, -0.8206810398378659999, 11.88455947458400175 ) ) ;
#1555 = ADVANCED_FACE ( 'NONE', ( #9242 ), #5225, .F. ) ;
#1556 = SURFACE_SIDE_STYLE ('',( #2310 ) ) ;
#1557 = EDGE_CURVE ( 'NONE', #6872, #4066, #7885, .T. ) ;
#1558 = DIRECTION ( 'NONE',  ( -3.614007241618359420E-15, -1.000000000000000000, 0.0000000000000000000 ) ) ;
#1559 = CARTESIAN_POINT ( 'NONE',  ( -1.377268131176320187, 0.7696804059452659885, 11.78455947458400033 ) ) ;
#1560 = ORIENTED_EDGE ( 'NONE', *, *, #9229, .F. ) ;
#1561 =( NAMED_UNIT ( * ) SI_UNIT ( $, .STERADIAN. ) SOLID_ANGLE_UNIT ( ) );
#1562 = COLOUR_RGB ( '',0.1764705882352941013, 0.1764705882352941013, 0.1764705882352941013 ) ;
#1563 = DIRECTION ( 'NONE',  ( -2.121137671986024496E-16, 2.121137671986024496E-16, -1.000000000000000000 ) ) ;
#1564 = FACE_OUTER_BOUND ( 'NONE', #2171, .T. ) ;
#1565 = EDGE_CURVE ( 'NONE', #6876, #2941, #3739, .T. ) ;
#1566 =( GEOMETRIC_REPRESENTATION_CONTEXT ( 3 ) GLOBAL_UNCERTAINTY_ASSIGNED_CONTEXT ( ( #10437 ) ) GLOBAL_UNIT_ASSIGNED_CONTEXT ( ( #4436, #1963, #241 ) ) REPRESENTATION_CONTEXT ( 'NONE', 'WORKASPACE' ) );
#1567 = SURFACE_STYLE_FILL_AREA ( #9055 ) ;
#1568 = EDGE_CURVE ( 'NONE', #5102, #2522, #258, .T. ) ;
#1569 = VERTEX_POINT ( 'NONE', #1202 ) ;
#1570 = DIRECTION ( 'NONE',  ( 0.0000000000000000000, 0.0000000000000000000, 1.000000000000000000 ) ) ;
#1571 = PRESENTATION_STYLE_ASSIGNMENT (( #2379 ) ) ;
#1572 = CYLINDRICAL_SURFACE ( 'NONE', #7563, 0.1217795388796299727 ) ;
#1573 = EDGE_LOOP ( 'NONE', ( #6181, #860, #9680, #2167 ) ) ;
#1574 = COLOUR_RGB ( '',0.7450980392156862919, 0.7450980392156862919, 0.7450980392156862919 ) ;
#1575 = ORIENTED_EDGE ( 'NONE', *, *, #5978, .F. ) ;
#1576 = ADVANCED_FACE ( 'NONE', ( #7120 ), #6236, .T. ) ;
#1577 = SURFACE_STYLE_FILL_AREA ( #8397 ) ;
#1578 = VERTEX_POINT ( 'NONE', #3913 ) ;
#1579 = CARTESIAN_POINT ( 'NONE',  ( 1.801812055671259571, 6.200000000000001066, 1.387778780781445059E-17 ) ) ;
#1580 = AXIS2_PLACEMENT_3D ( 'NONE', #9831, #9936, #2295 ) ;
#1581 = UNCERTAINTY_MEASURE_WITH_UNIT (LENGTH_MEASURE( 1.000000000000000082E-05 ), #4549, 'distance_accuracy_value', 'NONE');
#1582 = ORIENTED_EDGE ( 'NONE', *, *, #3230, .F. ) ;
#1583 = DIRECTION ( 'NONE',  ( -0.0000000000000000000, -0.0000000000000000000, -1.000000000000000000 ) ) ;
#1584 = CARTESIAN_POINT ( 'NONE',  ( -4.599635752693320256, -5.270921696829399927, 2.235854142197729821 ) ) ;
#1585 = CARTESIAN_POINT ( 'NONE',  ( 4.999999999999999112, 3.077560182623180651, 11.69185809281900035 ) ) ;
#1586 = ORIENTED_EDGE ( 'NONE', *, *, #10745, .T. ) ;
#1587 = VECTOR ( 'NONE', #7579, 1000.000000000000000 ) ;
#1588 = CARTESIAN_POINT ( 'NONE',  ( 0.3335752423176610026, -0.008180959406275060269, 11.88455947458399997 ) ) ;
#1589 = CARTESIAN_POINT ( 'NONE',  ( -1.128220461120370111, -4.349999999999999645, -5.551115123125780237E-17 ) ) ;
#1590 = CARTESIAN_POINT ( 'NONE',  ( -2.049999999999999822, 3.750000000000000000, 2.000000000000000000 ) ) ;
#1591 = CYLINDRICAL_SURFACE ( 'NONE', #6807, 0.2499999999999998335 ) ;
#1592 = STYLED_ITEM ( 'NONE', ( #10068 ), #5712 ) ;
#1593 = DIRECTION ( 'NONE',  ( 0.0000000000000000000, 0.0000000000000000000, -1.000000000000000000 ) ) ;
#1594 = EDGE_CURVE ( 'NONE', #9489, #633, #2039, .T. ) ;
#1595 = ORIENTED_EDGE ( 'NONE', *, *, #7059, .F. ) ;
#1596 = CARTESIAN_POINT ( 'NONE',  ( -4.002845596186371147, 5.924880838070049727, 2.000000000000000888 ) ) ;
#1597 =( NAMED_UNIT ( * ) SI_UNIT ( $, .STERADIAN. ) SOLID_ANGLE_UNIT ( ) );
#1598 = CARTESIAN_POINT ( 'NONE',  ( 0.0000000000000000000, 5.785761974818240283, 2.249466850602602541 ) ) ;
#1599 = ORIENTED_EDGE ( 'NONE', *, *, #3928, .F. ) ;
#1600 = PRESENTATION_STYLE_ASSIGNMENT (( #8922 ) ) ;
#1601 = LINE ( 'NONE', #4018, #38 ) ;
#1602 =( GEOMETRIC_REPRESENTATION_CONTEXT ( 3 ) GLOBAL_UNCERTAINTY_ASSIGNED_CONTEXT ( ( #6233 ) ) GLOBAL_UNIT_ASSIGNED_CONTEXT ( ( #10492, #2968, #5346 ) ) REPRESENTATION_CONTEXT ( 'NONE', 'WORKASPACE' ) );
#1603 = FILL_AREA_STYLE ('',( #6684 ) ) ;
#1604 = SURFACE_STYLE_FILL_AREA ( #5588 ) ;
#1605 = DIRECTION ( 'NONE',  ( -1.000000000000000000, 0.0000000000000000000, 0.0000000000000000000 ) ) ;
#1606 = PRESENTATION_STYLE_ASSIGNMENT (( #2527 ) ) ;
#1607 = LINE ( 'NONE', #4960, #6136 ) ;
#1608 = VECTOR ( 'NONE', #5981, 1000.000000000000000 ) ;
#1609 = CARTESIAN_POINT ( 'NONE',  ( 1.700000000000000178, 3.275000000000000355, 1.649999999999999911 ) ) ;
#1610 = PRESENTATION_LAYER_ASSIGNMENT (  '', '', ( #8132 ) ) ;
#1611 = EDGE_CURVE ( 'NONE', #3667, #9103, #2856, .T. ) ;
#1612 = CARTESIAN_POINT ( 'NONE',  ( 4.453928499320490175, 5.094634297978539728, 9.134056763649148536 ) ) ;
#1613 = AXIS2_PLACEMENT_3D ( 'NONE', #10109, #6901, #8381 ) ;
#1614 =( NAMED_UNIT ( * ) SI_UNIT ( $, .STERADIAN. ) SOLID_ANGLE_UNIT ( ) );
#1615 = CARTESIAN_POINT ( 'NONE',  ( -2.049999999999999822, -3.718853837536510110, 9.399999999999998579 ) ) ;
#1616 = VERTEX_POINT ( 'NONE', #6340 ) ;
#1617 = CARTESIAN_POINT ( 'NONE',  ( -6.500000000000000888, -3.072439817376820148, 10.29185809281899999 ) ) ;
#1618 = VECTOR ( 'NONE', #2490, 1000.000000000000000 ) ;
#1619 = FACE_OUTER_BOUND ( 'NONE', #5312, .T. ) ;
#1620 = SURFACE_STYLE_FILL_AREA ( #5602 ) ;
#1621 = VECTOR ( 'NONE', #6003, 1000.000000000000000 ) ;
#1622 = AXIS2_PLACEMENT_3D ( 'NONE', #6905, #5875, #10215 ) ;
#1623 = ORIENTED_EDGE ( 'NONE', *, *, #6345, .F. ) ;
#1624 = MECHANICAL_DESIGN_GEOMETRIC_PRESENTATION_REPRESENTATION (  '', ( #6387 ), #3918 ) ;
#1625 = APPLICATION_PROTOCOL_DEFINITION ( 'draft international standard', 'automotive_design', 1998, #9058 ) ;
#1626 = EDGE_CURVE ( 'NONE', #3512, #10, #7284, .T. ) ;
#1627 = FILL_AREA_STYLE ('',( #847 ) ) ;
#1628 = DIRECTION ( 'NONE',  ( 0.0000000000000000000, 0.0000000000000000000, 1.000000000000000000 ) ) ;
#1629 = ORIENTED_EDGE ( 'NONE', *, *, #5700, .F. ) ;
#1630 = SURFACE_STYLE_USAGE ( .BOTH. , #9160 ) ;
#1631 = EDGE_LOOP ( 'NONE', ( #6347, #8605, #1853, #5543 ) ) ;
#1632 = CARTESIAN_POINT ( 'NONE',  ( 0.8079729016204699743, 0.8058249842585190059, 11.88455947458399997 ) ) ;
#1633 = CARTESIAN_POINT ( 'NONE',  ( -2.160636889256319915, 3.952384553517649834, 1.972862536810730205 ) ) ;
#1634 =( NAMED_UNIT ( * ) PLANE_ANGLE_UNIT ( ) SI_UNIT ( $, .RADIAN. ) );
#1635 = CARTESIAN_POINT ( 'NONE',  ( -2.750000000000000000, -4.599999999999999645, 0.3261087975802219874 ) ) ;
#1636 = ORIENTED_EDGE ( 'NONE', *, *, #8295, .T. ) ;
#1637 = SURFACE_STYLE_FILL_AREA ( #6869 ) ;
#1638 = EDGE_CURVE ( 'NONE', #7345, #82, #441, .T. ) ;
#1639 = VECTOR ( 'NONE', #2174, 1000.000000000000000 ) ;
#1640 =( GEOMETRIC_REPRESENTATION_CONTEXT ( 3 ) GLOBAL_UNCERTAINTY_ASSIGNED_CONTEXT ( ( #8958 ) ) GLOBAL_UNIT_ASSIGNED_CONTEXT ( ( #6653, #9158, #2437 ) ) REPRESENTATION_CONTEXT ( 'NONE', 'WORKASPACE' ) );
#1641 = PRESENTATION_LAYER_ASSIGNMENT (  '', '', ( #8656 ) ) ;
#1642 = ORIENTED_EDGE ( 'NONE', *, *, #5852, .T. ) ;
#1643 =( LENGTH_UNIT ( ) NAMED_UNIT ( * ) SI_UNIT ( .MILLI., .METRE. ) );
#1644 =( NAMED_UNIT ( * ) SI_UNIT ( $, .STERADIAN. ) SOLID_ANGLE_UNIT ( ) );
#1645 = CARTESIAN_POINT ( 'NONE',  ( 3.876735726934810167, 5.975341119790770428, 2.249700255636300383 ) ) ;
#1646 = SURFACE_STYLE_FILL_AREA ( #6829 ) ;
#1647 = AXIS2_PLACEMENT_3D ( 'NONE', #7459, #8325, #1558 ) ;
#1648 = EDGE_LOOP ( 'NONE', ( #810, #5438, #6019, #2117, #9849, #1623, #4700, #7577, #3717 ) ) ;
#1649 = DIRECTION ( 'NONE',  ( 0.0000000000000000000, -0.0000000000000000000, 1.000000000000000000 ) ) ;
#1650 = CARTESIAN_POINT ( 'NONE',  ( -6.500000000000000888, -3.072439817376820148, 5.691858092819041204 ) ) ;
#1651 = PRESENTATION_LAYER_ASSIGNMENT (  '', '', ( #8852 ) ) ;
#1652 = VECTOR ( 'NONE', #2032, 1000.000000000000000 ) ;
#1653 = SURFACE_SIDE_STYLE ('',( #9176 ) ) ;
#1654 = VECTOR ( 'NONE', #9555, 1000.000000000000000 ) ;
#1655 = EDGE_CURVE ( 'NONE', #3532, #7737, #6398, .T. ) ;
#1656 = ORIENTED_EDGE ( 'NONE', *, *, #8151, .F. ) ;
#1657 = AXIS2_PLACEMENT_3D ( 'NONE', #3962, #1583, #1478 ) ;
#1658 = CARTESIAN_POINT ( 'NONE',  ( 0.09261138689597370188, -0.2096116305918180045, 11.88455947458399997 ) ) ;
#1659 =( GEOMETRIC_REPRESENTATION_CONTEXT ( 3 ) GLOBAL_UNCERTAINTY_ASSIGNED_CONTEXT ( ( #5862 ) ) GLOBAL_UNIT_ASSIGNED_CONTEXT ( ( #5450, #533, #5678 ) ) REPRESENTATION_CONTEXT ( 'NONE', 'WORKASPACE' ) );
#1660 = VERTEX_POINT ( 'NONE', #2137 ) ;
#1661 = CARTESIAN_POINT ( 'NONE',  ( 5.899999999999999467, 5.899999999999999467, 2.000000000000000000 ) ) ;
#1662 = PRESENTATION_STYLE_ASSIGNMENT (( #9789 ) ) ;
#1663 =( GEOMETRIC_REPRESENTATION_CONTEXT ( 3 ) GLOBAL_UNCERTAINTY_ASSIGNED_CONTEXT ( ( #5164 ) ) GLOBAL_UNIT_ASSIGNED_CONTEXT ( ( #1870, #982, #8527 ) ) REPRESENTATION_CONTEXT ( 'NONE', 'WORKASPACE' ) );
#1664 = UNCERTAINTY_MEASURE_WITH_UNIT (LENGTH_MEASURE( 1.000000000000000082E-05 ), #544, 'distance_accuracy_value', 'NONE');
#1665 = FACE_OUTER_BOUND ( 'NONE', #4088, .T. ) ;
#1666 = STYLED_ITEM ( 'NONE', ( #10461 ), #2798 ) ;
#1667 = DIRECTION ( 'NONE',  ( 0.0000000000000000000, -1.000000000000000000, 0.0000000000000000000 ) ) ;
#1668 = CARTESIAN_POINT ( 'NONE',  ( 0.2499999999999998335, -4.350000000000010303, -4.673891202419779844 ) ) ;
#1669 = COLOUR_RGB ( '',0.1764705882352941013, 0.1764705882352941013, 0.1764705882352941013 ) ;
#1670 =( NAMED_UNIT ( * ) SI_UNIT ( $, .STERADIAN. ) SOLID_ANGLE_UNIT ( ) );
#1671 =( GEOMETRIC_REPRESENTATION_CONTEXT ( 3 ) GLOBAL_UNCERTAINTY_ASSIGNED_CONTEXT ( ( #4525 ) ) GLOBAL_UNIT_ASSIGNED_CONTEXT ( ( #6319, #1298, #10526 ) ) REPRESENTATION_CONTEXT ( 'NONE', 'WORKASPACE' ) );
#1672 = PLANE ( 'NONE',  #10755 ) ;
#1673 = STYLED_ITEM ( 'NONE', ( #9331 ), #1213 ) ;
#1674 = CARTESIAN_POINT ( 'NONE',  ( 1.801812055671260016, -6.200000000000001066, 0.0000000000000000000 ) ) ;
#1675 =( NAMED_UNIT ( * ) PLANE_ANGLE_UNIT ( ) SI_UNIT ( $, .RADIAN. ) );
#1676 = VERTEX_POINT ( 'NONE', #1323 ) ;
#1677 = CARTESIAN_POINT ( 'NONE',  ( 0.0000000000000000000, -5.795199161759920337, 1.972862536810730205 ) ) ;
#1678 = MECHANICAL_DESIGN_GEOMETRIC_PRESENTATION_REPRESENTATION (  '', ( #4306 ), #7492 ) ;
#1679 = EDGE_CURVE ( 'NONE', #2499, #9710, #446, .T. ) ;
#1680 = PRESENTATION_STYLE_ASSIGNMENT (( #5036 ) ) ;
#1681 = CARTESIAN_POINT ( 'NONE',  ( -5.000000000000000000, -4.350000000000000533, 0.3261087975802219874 ) ) ;
#1682 = EDGE_CURVE ( 'NONE', #980, #13, #10259, .T. ) ;
#1683 = VECTOR ( 'NONE', #3294, 1000.000000000000000 ) ;
#1684 = CARTESIAN_POINT ( 'NONE',  ( -4.453928499320490175, 5.795199161759920337, 1.972862536810729761 ) ) ;
#1685 =( LENGTH_UNIT ( ) NAMED_UNIT ( * ) SI_UNIT ( .MILLI., .METRE. ) );
#1686 = VERTEX_POINT ( 'NONE', #3248 ) ;
#1687 = SURFACE_SIDE_STYLE ('',( #5096 ) ) ;
#1688 = FILL_AREA_STYLE ('',( #2441 ) ) ;
#1689 = LINE ( 'NONE', #1736, #3632 ) ;
#1690 = ORIENTED_EDGE ( 'NONE', *, *, #9404, .F. ) ;
#1691 = AXIS2_PLACEMENT_3D ( 'NONE', #6113, #1924, #10053 ) ;
#1692 = CARTESIAN_POINT ( 'NONE',  ( 1.375000000000000000, 3.077560182623180651, 1.091858092819040005 ) ) ;
#1693 = EDGE_CURVE ( 'NONE', #10525, #3836, #1489, .T. ) ;
#1694 = COLOUR_RGB ( '',1.000000000000000000, 1.000000000000000000, 1.000000000000000000 ) ;
#1695 = FILL_AREA_STYLE ('',( #2448 ) ) ;
#1696 = ORIENTED_EDGE ( 'NONE', *, *, #7224, .F. ) ;
#1697 = SURFACE_STYLE_USAGE ( .BOTH. , #2345 ) ;
#1699 = PLANE ( 'NONE',  #1717 ) ;
#1698 = PRESENTATION_LAYER_ASSIGNMENT (  '', '', ( #10820 ) ) ;
#1700 = ADVANCED_FACE ( 'NONE', ( #8364 ), #10758, .T. ) ;
#1701 = ORIENTED_EDGE ( 'NONE', *, *, #10837, .F. ) ;
#1702 = DIRECTION ( 'NONE',  ( 0.08293612690015343680, -0.9965548649496431821, 0.0000000000000000000 ) ) ;
#1703 = COLOUR_RGB ( '',0.1764705882352941013, 0.1764705882352941013, 0.1764705882352941013 ) ;
#1704 =( NAMED_UNIT ( * ) SI_UNIT ( $, .STERADIAN. ) SOLID_ANGLE_UNIT ( ) );
#1705 = ADVANCED_FACE ( 'NONE', ( #4168 ), #3969, .T. ) ;
#1706 = STYLED_ITEM ( 'NONE', ( #674 ), #3617 ) ;
#1707 = FILL_AREA_STYLE ('',( #7550 ) ) ;
#1708 = ORIENTED_EDGE ( 'NONE', *, *, #5960, .T. ) ;
#1709 = CARTESIAN_POINT ( 'NONE',  ( -0.09714760328769500575, -0.8443067856685230188, 11.78455947458400033 ) ) ;
#1710 = CARTESIAN_POINT ( 'NONE',  ( 4.453928499320489287, 5.785761974818239395, 2.249466850602602541 ) ) ;
#1711 = ORIENTED_EDGE ( 'NONE', *, *, #5700, .T. ) ;
#1712 = ADVANCED_FACE ( 'NONE', ( #9832 ), #1591, .T. ) ;
#1713 = DIRECTION ( 'NONE',  ( 5.782411586589358822E-15, 5.782411586589358822E-15, -1.000000000000000000 ) ) ;
#1714 = SURFACE_SIDE_STYLE ('',( #4551 ) ) ;
#1715 =( NAMED_UNIT ( * ) PLANE_ANGLE_UNIT ( ) SI_UNIT ( $, .RADIAN. ) );
#1716 = EDGE_CURVE ( 'NONE', #1301, #9713, #4219, .T. ) ;
#1717 = AXIS2_PLACEMENT_3D ( 'NONE', #5105, #749, #10867 ) ;
#1718 = DIRECTION ( 'NONE',  ( -1.000000000000000000, -0.0000000000000000000, -0.0000000000000000000 ) ) ;
#1719 = LINE ( 'NONE', #7713, #6494 ) ;
#1720 = SURFACE_STYLE_USAGE ( .BOTH. , #2732 ) ;
#1721 = VECTOR ( 'NONE', #3106, 1000.000000000000114 ) ;
#1722 = SURFACE_STYLE_USAGE ( .BOTH. , #10061 ) ;
#1723 = CARTESIAN_POINT ( 'NONE',  ( 3.753928499320489998, 5.795199161759920337, 1.972862536810731759 ) ) ;
#1724 = EDGE_LOOP ( 'NONE', ( #225, #4606, #4333, #3993 ) ) ;
#1725 = CARTESIAN_POINT ( 'NONE',  ( 4.453928499320490175, 1.332267629550190018E-15, 1.972862536810730205 ) ) ;
#1726 = CARTESIAN_POINT ( 'NONE',  ( 1.393816206173080108, 0.4831593618237119969, 11.78455947458400033 ) ) ;
#1727 = DIRECTION ( 'NONE',  ( 0.0000000000000000000, 0.0000000000000000000, 1.000000000000000000 ) ) ;
#1728 = FILL_AREA_STYLE ('',( #6652 ) ) ;
#1729 = CARTESIAN_POINT ( 'NONE',  ( -6.513276922344959807, 3.101520183108077866, -0.02039752780706740112 ) ) ;
#1730 = AXIS2_PLACEMENT_3D ( 'NONE', #1681, #6969, #5884 ) ;
#1731 = SURFACE_STYLE_FILL_AREA ( #4926 ) ;
#1732 = ORIENTED_EDGE ( 'NONE', *, *, #6088, .T. ) ;
#1733 = MECHANICAL_DESIGN_GEOMETRIC_PRESENTATION_REPRESENTATION (  '', ( #1389 ), #10513 ) ;
#1734 = CARTESIAN_POINT ( 'NONE',  ( 1.490578260110970055, -0.7962081425264879719, 11.88455947458399997 ) ) ;
#1735 = CARTESIAN_POINT ( 'NONE',  ( -6.500000000000000888, -3.072439817376820148, -0.3081419071809570198 ) ) ;
#1736 = CARTESIAN_POINT ( 'NONE',  ( -1.374999999999999556, 3.077560182623180651, 11.69185809281900035 ) ) ;
#1737 = VECTOR ( 'NONE', #2710, 1000.000000000000000 ) ;
#1738 = ORIENTED_EDGE ( 'NONE', *, *, #1399, .T. ) ;
#1739 = PRESENTATION_STYLE_ASSIGNMENT (( #8401 ) ) ;
#1740 = DIRECTION ( 'NONE',  ( -1.000000000000000000, 0.0000000000000000000, 0.0000000000000000000 ) ) ;
#1741 = PRESENTATION_LAYER_ASSIGNMENT (  '', '', ( #5087 ) ) ;
#1742 =( NAMED_UNIT ( * ) PLANE_ANGLE_UNIT ( ) SI_UNIT ( $, .RADIAN. ) );
#1743 = ORIENTED_EDGE ( 'NONE', *, *, #4051, .T. ) ;
#1744 = DIRECTION ( 'NONE',  ( 0.0000000000000000000, 1.000000000000000000, -0.0000000000000000000 ) ) ;
#1745 = VERTEX_POINT ( 'NONE', #2566 ) ;
#1746 = LINE ( 'NONE', #5846, #951 ) ;
#1747 = FACE_OUTER_BOUND ( 'NONE', #8081, .T. ) ;
#1748 = UNCERTAINTY_MEASURE_WITH_UNIT (LENGTH_MEASURE( 1.000000000000000082E-05 ), #477, 'distance_accuracy_value', 'NONE');
#1749 =( BOUNDED_SURFACE ( )  B_SPLINE_SURFACE ( 1, 2, ( 
 ( #8923, #388, #6185, #2096, #5468, #5355, #8810, #8069, #1271 ),
 ( #7191, #4626, #1163, #4522, #3866, #8014, #336, #3696, #7066 ) ),
 .UNSPECIFIED., .F., .F., .F. ) 
 B_SPLINE_SURFACE_WITH_KNOTS ( ( 2, 2 ),
 ( 3, 2, 2, 2, 3 ),
 ( 0.0000000000000000000, 7.186048063044039758 ),
 ( 0.0000000000000000000, 1.099557428756430033, 4.555182468440410304, 5.654739897196839671, 12.24881762369800065 ),
 .UNSPECIFIED. ) 
 GEOMETRIC_REPRESENTATION_ITEM ( )  RATIONAL_B_SPLINE_SURFACE ( (
 ( 1.000000000000000000, 0.7071067811865480168, 1.000000000000000000, 1.000000000000000000, 1.000000000000000000, 0.7071067811865480168, 1.000000000000000000, 1.000000000000000000, 1.000000000000000000),
 ( 1.000000000000000000, 0.7071067811865480168, 1.000000000000000000, 1.000000000000000000, 1.000000000000000000, 0.7071067811865480168, 1.000000000000000000, 1.000000000000000000, 1.000000000000000000) ) ) 
 REPRESENTATION_ITEM ( '' )  SURFACE ( )  );
#1750 = DIRECTION ( 'NONE',  ( 1.000000000000000000, 0.0000000000000000000, -0.0000000000000000000 ) ) ;
#1751 = PRESENTATION_LAYER_ASSIGNMENT (  '', '', ( #8256 ) ) ;
#1752 = DIRECTION ( 'NONE',  ( -1.000000000000000000, 0.0000000000000000000, 0.0000000000000000000 ) ) ;
#1753 =( NAMED_UNIT ( * ) SI_UNIT ( $, .STERADIAN. ) SOLID_ANGLE_UNIT ( ) );
#1754 = VERTEX_POINT ( 'NONE', #977 ) ;
#1755 = STYLED_ITEM ( 'NONE', ( #5034 ), #5299 ) ;
#1756 = CARTESIAN_POINT ( 'NONE',  ( -1.208593432381130039, -0.4712834494764209792, 11.88455947458399997 ) ) ;
#1757 = FACE_OUTER_BOUND ( 'NONE', #9086, .T. ) ;
#1758 = VERTEX_POINT ( 'NONE', #1915 ) ;
#1759 = ADVANCED_FACE ( 'NONE', ( #3410 ), #3562, .T. ) ;
#1760 = DIRECTION ( 'NONE',  ( 0.0000000000000000000, 0.0000000000000000000, -1.000000000000000000 ) ) ;
#1761 =( LENGTH_UNIT ( ) NAMED_UNIT ( * ) SI_UNIT ( .MILLI., .METRE. ) );
#1762 = DIRECTION ( 'NONE',  ( 1.000000000000000000, -2.891205793294671128E-15, 1.604941620322710411E-31 ) ) ;
#1763 = CARTESIAN_POINT ( 'NONE',  ( -4.453928499320490175, -3.952384553517649834, 9.372862536810730560 ) ) ;
#1764 = PRESENTATION_LAYER_ASSIGNMENT (  '', '', ( #3697 ) ) ;
#1765 = CARTESIAN_POINT ( 'NONE',  ( -6.200000000000001066, -3.072439817376820148, 11.69185809281900035 ) ) ;
#1766 = CARTESIAN_POINT ( 'NONE',  ( 0.5745390977393469711, 0.4818415706314769786, 11.78455947458400033 ) ) ;
#1767 = CARTESIAN_POINT ( 'NONE',  ( -3.750000000000000000, -4.349999999999999645, 1.176359357146778782E-17 ) ) ;
#1768 = SURFACE_STYLE_USAGE ( .BOTH. , #272 ) ;
#1769 = EDGE_CURVE ( 'NONE', #7189, #179, #870, .T. ) ;
#1770 =( GEOMETRIC_REPRESENTATION_CONTEXT ( 3 ) GLOBAL_UNCERTAINTY_ASSIGNED_CONTEXT ( ( #7116 ) ) GLOBAL_UNIT_ASSIGNED_CONTEXT ( ( #158, #10161, #4414 ) ) REPRESENTATION_CONTEXT ( 'NONE', 'WORKASPACE' ) );
#1771 = DIRECTION ( 'NONE',  ( 0.0000000000000000000, 0.0000000000000000000, -1.000000000000000000 ) ) ;
#1772 = DIRECTION ( 'NONE',  ( -0.0000000000000000000, 0.0000000000000000000, 1.000000000000000000 ) ) ;
#1773 = FILL_AREA_STYLE_COLOUR ( '', #10372 ) ;
#1774 = ORIENTED_EDGE ( 'NONE', *, *, #6881, .T. ) ;
#1775 = DIRECTION ( 'NONE',  ( 0.0000000000000000000, 0.0000000000000000000, 1.000000000000000000 ) ) ;
#1776 = PRESENTATION_LAYER_ASSIGNMENT (  '', '', ( #10547 ) ) ;
#1777 = MECHANICAL_DESIGN_GEOMETRIC_PRESENTATION_REPRESENTATION (  '', ( #10176 ), #717 ) ;
#1778 = CARTESIAN_POINT ( 'NONE',  ( 1.157558747866519910, -0.8206810398378659999, 11.78455947458400033 ) ) ;
#1779 = SURFACE_STYLE_USAGE ( .BOTH. , #6968 ) ;
#1780 = DIRECTION ( 'NONE',  ( -0.0000000000000000000, -0.0000000000000000000, 1.000000000000000000 ) ) ;
#1781 = MECHANICAL_DESIGN_GEOMETRIC_PRESENTATION_REPRESENTATION (  '', ( #6540 ), #7944 ) ;
#1782 = FACE_OUTER_BOUND ( 'NONE', #2590, .T. ) ;
#1783 = COLOUR_RGB ( '',1.000000000000000000, 1.000000000000000000, 1.000000000000000000 ) ;
#1784 = DIRECTION ( 'NONE',  ( 0.0000000000000000000, 0.0000000000000000000, 1.000000000000000000 ) ) ;
#1785 = VECTOR ( 'NONE', #8, 1000.000000000000000 ) ;
#1786 = CARTESIAN_POINT ( 'NONE',  ( 0.6981879443287403175, 5.900000000000003908, 2.000000000000000000 ) ) ;
#1787 = COLOUR_RGB ( '',1.000000000000000000, 1.000000000000000000, 1.000000000000000000 ) ;
#1788 = LINE ( 'NONE', #7794, #3012 ) ;
#1789 = VERTEX_POINT ( 'NONE', #1806 ) ;
#1790 = CARTESIAN_POINT ( 'NONE',  ( 6.200000000000001954, 3.077560182623181095, 11.69185809281900035 ) ) ;
#1791 = ORIENTED_EDGE ( 'NONE', *, *, #6366, .T. ) ;
#1792 =( NAMED_UNIT ( * ) SI_UNIT ( $, .STERADIAN. ) SOLID_ANGLE_UNIT ( ) );
#1793 = STYLED_ITEM ( 'NONE', ( #984 ), #2367 ) ;
#1794 =( GEOMETRIC_REPRESENTATION_CONTEXT ( 3 ) GLOBAL_UNCERTAINTY_ASSIGNED_CONTEXT ( ( #2790 ) ) GLOBAL_UNIT_ASSIGNED_CONTEXT ( ( #4650, #7466, #5882 ) ) REPRESENTATION_CONTEXT ( 'NONE', 'WORKASPACE' ) );
#1795 = LINE ( 'NONE', #8564, #5147 ) ;
#1796 = ORIENTED_EDGE ( 'NONE', *, *, #8839, .F. ) ;
#1797 = FILL_AREA_STYLE ('',( #5989 ) ) ;
#1798 = SURFACE_STYLE_FILL_AREA ( #9325 ) ;
#1799 =( GEOMETRIC_REPRESENTATION_CONTEXT ( 3 ) GLOBAL_UNCERTAINTY_ASSIGNED_CONTEXT ( ( #3611 ) ) GLOBAL_UNIT_ASSIGNED_CONTEXT ( ( #2492, #9263, #4093 ) ) REPRESENTATION_CONTEXT ( 'NONE', 'WORKASPACE' ) );
#1800 = ORIENTED_EDGE ( 'NONE', *, *, #1222, .F. ) ;
#1801 = CARTESIAN_POINT ( 'NONE',  ( 4.599635752693320256, -5.984948569671956875, 9.120415862337420521 ) ) ;
#1802 = CARTESIAN_POINT ( 'NONE',  ( -0.4309201390705599821, 1.010644261366949959, 11.78455947458400033 ) ) ;
#1803 = VECTOR ( 'NONE', #212, 1000.000000000000000 ) ;
#1804 = CIRCLE ( 'NONE', #7448, 0.2500000000000002220 ) ;
#1805 = CARTESIAN_POINT ( 'NONE',  ( -0.9164247117214300298, 0.6311262809996150969, 11.78455947458400033 ) ) ;
#1806 = CARTESIAN_POINT ( 'NONE',  ( -4.950000000000001066, 3.275098890065915480, 10.14126039117999944 ) ) ;
#1807 = CIRCLE ( 'NONE', #7980, 0.3000000000000007661 ) ;
#1808 = SURFACE_SIDE_STYLE ('',( #5274 ) ) ;
#1809 = VECTOR ( 'NONE', #10421, 1000.000000000000000 ) ;
#1811 = ORIENTED_EDGE ( 'NONE', *, *, #1716, .F. ) ;
#1810 = VECTOR ( 'NONE', #8205, 1000.000000000000000 ) ;
#1812 = CARTESIAN_POINT ( 'NONE',  ( -6.500000000000000888, -3.072439817376820148, -0.3081419071809570198 ) ) ;
#1813 = DIRECTION ( 'NONE',  ( -0.0000000000000000000, -0.001284876077383750349, -0.9999991745463921999 ) ) ;
#1814 = ORIENTED_EDGE ( 'NONE', *, *, #9891, .T. ) ;
#1815 = VECTOR ( 'NONE', #7711, 1000.000000000000000 ) ;
#1816 = CARTESIAN_POINT ( 'NONE',  ( -4.649999999999994138, 6.200000000000001066, 10.50000000000000000 ) ) ;
#1817 = STYLED_ITEM ( 'NONE', ( #7904 ), #9544 ) ;
#1818 = SURFACE_STYLE_FILL_AREA ( #9344 ) ;
#1819 = CIRCLE ( 'NONE', #1647, 0.2999999999999990452 ) ;
#1820 = SURFACE_STYLE_USAGE ( .BOTH. , #7605 ) ;
#1821 = DIRECTION ( 'NONE',  ( -0.9999999995770340044, 2.908490967069660298E-05, 0.0000000000000000000 ) ) ;
#1822 = FACE_OUTER_BOUND ( 'NONE', #3516, .T. ) ;
#1823 = FILL_AREA_STYLE_COLOUR ( '', #1562 ) ;
#1824 = EDGE_CURVE ( 'NONE', #128, #7043, #7596, .T. ) ;
#1825 = VECTOR ( 'NONE', #4395, 1000.000000000000000 ) ;
#1826 =( LENGTH_UNIT ( ) NAMED_UNIT ( * ) SI_UNIT ( .MILLI., .METRE. ) );
#1827 = DIRECTION ( 'NONE',  ( 1.000000000000000000, 0.0000000000000000000, 0.0000000000000000000 ) ) ;
#1829 = ORIENTED_EDGE ( 'NONE', *, *, #6123, .T. ) ;
#1828 = PRESENTATION_LAYER_ASSIGNMENT (  '', '', ( #8324 ) ) ;
#1830 = CARTESIAN_POINT ( 'NONE',  ( -6.610175751530350752, 3.101520183108081863, -0.08657411874590380252 ) ) ;
#1831 = PRESENTATION_STYLE_ASSIGNMENT (( #4468 ) ) ;
#1832 = PLANE ( 'NONE',  #1480 ) ;
#1833 = EDGE_CURVE ( 'NONE', #5115, #10129, #5035, .T. ) ;
#1834 = PRESENTATION_STYLE_ASSIGNMENT (( #7515 ) ) ;
#1835 = STYLED_ITEM ( 'NONE', ( #2168 ), #10893 ) ;
#1836 = VERTEX_POINT ( 'NONE', #8575 ) ;
#1837 = FACE_OUTER_BOUND ( 'NONE', #3713, .T. ) ;
#1838 = COLOUR_RGB ( '',1.000000000000000000, 1.000000000000000000, 0.0000000000000000000 ) ;
#1839 = CARTESIAN_POINT ( 'NONE',  ( 6.200000000000001066, -6.200000000000001066, 2.000000000000000000 ) ) ;
#1840 = PRESENTATION_LAYER_ASSIGNMENT (  '', '', ( #3770 ) ) ;
#1841 = COLOUR_RGB ( '',0.4117647058823529216, 0.4117647058823529216, 0.4117647058823529216 ) ;
#1842 = SURFACE_STYLE_USAGE ( .BOTH. , #8602 ) ;
#1843 = COLOUR_RGB ( '',1.000000000000000000, 1.000000000000000000, 1.000000000000000000 ) ;
#1844 =( LENGTH_UNIT ( ) NAMED_UNIT ( * ) SI_UNIT ( .MILLI., .METRE. ) );
#1845 = LINE ( 'NONE', #6083, #8625 ) ;
#1846 = ORIENTED_EDGE ( 'NONE', *, *, #2154, .T. ) ;
#1847 = CARTESIAN_POINT ( 'NONE',  ( 4.950000000000000178, -3.274999999999999023, 10.19496763699408959 ) ) ;
#1848 =( NAMED_UNIT ( * ) SI_UNIT ( $, .STERADIAN. ) SOLID_ANGLE_UNIT ( ) );
#1849 =( GEOMETRIC_REPRESENTATION_CONTEXT ( 3 ) GLOBAL_UNCERTAINTY_ASSIGNED_CONTEXT ( ( #71 ) ) GLOBAL_UNIT_ASSIGNED_CONTEXT ( ( #6302, #2932, #9740 ) ) REPRESENTATION_CONTEXT ( 'NONE', 'WORKASPACE' ) );
#1850 = UNCERTAINTY_MEASURE_WITH_UNIT (LENGTH_MEASURE( 1.000000000000000082E-05 ), #6605, 'distance_accuracy_value', 'NONE');
#1851 = PRESENTATION_STYLE_ASSIGNMENT (( #2642 ) ) ;
#1852 = ADVANCED_FACE ( 'NONE', ( #1028 ), #8463, .T. ) ;
#1853 = ORIENTED_EDGE ( 'NONE', *, *, #4116, .F. ) ;
#1854 = SURFACE_STYLE_USAGE ( .BOTH. , #8610 ) ;
#1855 = PRESENTATION_LAYER_ASSIGNMENT (  '', '', ( #10256 ) ) ;
#1856 = STYLED_ITEM ( 'NONE', ( #9896 ), #1458 ) ;
#1857 = ORIENTED_EDGE ( 'NONE', *, *, #4461, .T. ) ;
#1858 = FILL_AREA_STYLE ('',( #4382 ) ) ;
#1859 = CARTESIAN_POINT ( 'NONE',  ( 1.371779538879629889, 4.349999999999999645, 2.000000000000000888 ) ) ;
#1860 = CARTESIAN_POINT ( 'NONE',  ( 0.5745390977393469711, -0.007427935867854950323, 11.88455947458399997 ) ) ;
#1861 =( LENGTH_UNIT ( ) NAMED_UNIT ( * ) SI_UNIT ( .MILLI., .METRE. ) );
#1862 = SURFACE_STYLE_FILL_AREA ( #6880 ) ;
#1863 = PLANE ( 'NONE',  #8791 ) ;
#1864 = VECTOR ( 'NONE', #9390, 1000.000000000000000 ) ;
#1865 = DIRECTION ( 'NONE',  ( 0.0000000000000000000, 1.000000000000000000, -0.0000000000000000000 ) ) ;
#1866 = FILL_AREA_STYLE_COLOUR ( '', #8716 ) ;
#1867 = COLOUR_RGB ( '',0.1764705882352941013, 0.1764705882352941013, 0.1764705882352941013 ) ;
#1868 = ORIENTED_EDGE ( 'NONE', *, *, #2428, .T. ) ;
#1869 = LINE ( 'NONE', #5220, #1825 ) ;
#1870 =( LENGTH_UNIT ( ) NAMED_UNIT ( * ) SI_UNIT ( .MILLI., .METRE. ) );
#1871 = VECTOR ( 'NONE', #8955, 1000.000000000000000 ) ;
#1872 = ORIENTED_EDGE ( 'NONE', *, *, #7481, .F. ) ;
#1873 = EDGE_CURVE ( 'NONE', #1055, #6804, #271, .T. ) ;
#1874 =( LENGTH_UNIT ( ) NAMED_UNIT ( * ) SI_UNIT ( .MILLI., .METRE. ) );
#1875 = SURFACE_STYLE_USAGE ( .BOTH. , #7710 ) ;
#1876 = PRESENTATION_LAYER_ASSIGNMENT (  '', '', ( #9241 ) ) ;
#1877 = DIRECTION ( 'NONE',  ( 0.0000000000000000000, 0.0000000000000000000, 1.000000000000000000 ) ) ;
#1878 = LINE ( 'NONE', #331, #5339 ) ;
#1879 = EDGE_CURVE ( 'NONE', #6160, #8740, #7168, .T. ) ;
#1880 = PRESENTATION_LAYER_ASSIGNMENT (  '', '', ( #9948 ) ) ;
#1881 = ORIENTED_EDGE ( 'NONE', *, *, #7623, .T. ) ;
#1882 = ORIENTED_EDGE ( 'NONE', *, *, #4367, .F. ) ;
#1883 = CARTESIAN_POINT ( 'NONE',  ( 3.876735726934810167, -5.993795529151239698, 2.234964158276199875 ) ) ;
#1884 = DIRECTION ( 'NONE',  ( 0.0000000000000000000, 0.0000000000000000000, 1.000000000000000000 ) ) ;
#1885 = COLOUR_RGB ( '',0.1764705882352941013, 0.1764705882352941013, 0.1764705882352941013 ) ;
#1886 = FILL_AREA_STYLE ('',( #2537 ) ) ;
#1887 = ORIENTED_EDGE ( 'NONE', *, *, #5852, .F. ) ;
#1888 = SURFACE_SIDE_STYLE ('',( #2541 ) ) ;
#1889 = PRESENTATION_STYLE_ASSIGNMENT (( #2498 ) ) ;
#1890 = ADVANCED_FACE ( 'NONE', ( #2077 ), #4666, .T. ) ;
#1891 = PRESENTATION_LAYER_ASSIGNMENT (  '', '', ( #6658 ) ) ;
#1892 = FACE_OUTER_BOUND ( 'NONE', #8092, .T. ) ;
#1893 = CARTESIAN_POINT ( 'NONE',  ( 3.176948736293559783, -0.2905605579101560032, 11.78455947458400033 ) ) ;
#1894 = LINE ( 'NONE', #5422, #8102 ) ;
#1895 =( NAMED_UNIT ( * ) SI_UNIT ( $, .STERADIAN. ) SOLID_ANGLE_UNIT ( ) );
#1896 = EDGE_CURVE ( 'NONE', #6084, #10580, #480, .T. ) ;
#1897 = ORIENTED_EDGE ( 'NONE', *, *, #10751, .T. ) ;
#1898 =( NAMED_UNIT ( * ) PLANE_ANGLE_UNIT ( ) SI_UNIT ( $, .RADIAN. ) );
#1899 = SURFACE_SIDE_STYLE ('',( #6822 ) ) ;
#1900 =( LENGTH_UNIT ( ) NAMED_UNIT ( * ) SI_UNIT ( .MILLI., .METRE. ) );
#1901 = VERTEX_POINT ( 'NONE', #6385 ) ;
#1902 = ADVANCED_FACE ( 'NONE', ( #2178 ), #6166, .T. ) ;
#1903 = CARTESIAN_POINT ( 'NONE',  ( -6.500000000000000888, 0.002560182623180008721, 11.39185809281899964 ) ) ;
#1904 = VERTEX_POINT ( 'NONE', #1421 ) ;
#1905 = MECHANICAL_DESIGN_GEOMETRIC_PRESENTATION_REPRESENTATION (  '', ( #7205 ), #5621 ) ;
#1906 = PLANE ( 'NONE',  #7124 ) ;
#1907 = COLOUR_RGB ( '',1.000000000000000000, 1.000000000000000000, 0.0000000000000000000 ) ;
#1908 = EDGE_CURVE ( 'NONE', #6940, #2601, #6661, .T. ) ;
#1909 =( NAMED_UNIT ( * ) PLANE_ANGLE_UNIT ( ) SI_UNIT ( $, .RADIAN. ) );
#1910 = CARTESIAN_POINT ( 'NONE',  ( -1.250000000000000000, -4.349999999999999645, 1.962134881655640417E-16 ) ) ;
#1911 = ORIENTED_EDGE ( 'NONE', *, *, #10184, .F. ) ;
#1912 = EDGE_LOOP ( 'NONE', ( #6642, #851, #9385, #1897 ) ) ;
#1913 = SURFACE_STYLE_FILL_AREA ( #7039 ) ;
#1914 = CARTESIAN_POINT ( 'NONE',  ( -0.5028327839278570188, 0.1644471129656109865, 11.78455947458400033 ) ) ;
#1915 = CARTESIAN_POINT ( 'NONE',  ( -6.500000000000000888, -3.072439817376820148, 11.39185809281899964 ) ) ;
#1916 = VECTOR ( 'NONE', #9557, 1000.000000000000000 ) ;
#1917 = STYLED_ITEM ( 'NONE', ( #5209 ), #344 ) ;
#1918 = FILL_AREA_STYLE ('',( #7042 ) ) ;
#1919 = ORIENTED_EDGE ( 'NONE', *, *, #453, .F. ) ;
#1920 = CARTESIAN_POINT ( 'NONE',  ( 4.453928499320490175, 5.094634297978539728, 9.134056763649148536 ) ) ;
#1921 = DIRECTION ( 'NONE',  ( -1.000000000000000000, 0.0000000000000000000, 0.0000000000000000000 ) ) ;
#1922 = VERTEX_POINT ( 'NONE', #8294 ) ;
#1923 = FILL_AREA_STYLE_COLOUR ( '', #7415 ) ;
#1924 = DIRECTION ( 'NONE',  ( 4.760586142795032272E-17, 0.6785027842163693368, 0.7345978299795302702 ) ) ;
#1925 = PRESENTATION_LAYER_ASSIGNMENT (  '', '', ( #334 ) ) ;
#1926 = CARTESIAN_POINT ( 'NONE',  ( 4.750000000000000000, 4.349999999999999645, 0.3261087975802219874 ) ) ;
#1927 = CARTESIAN_POINT ( 'NONE',  ( 1.699999999999999956, -3.275000000000000355, 10.19496763699410025 ) ) ;
#1928 =( NAMED_UNIT ( * ) PLANE_ANGLE_UNIT ( ) SI_UNIT ( $, .RADIAN. ) );
#1929 =( LENGTH_UNIT ( ) NAMED_UNIT ( * ) SI_UNIT ( .MILLI., .METRE. ) );
#1930 = CARTESIAN_POINT ( 'NONE',  ( 4.453928499320490175, 5.094634297978539728, 9.134056763649150312 ) ) ;
#1931 = EDGE_CURVE ( 'NONE', #10826, #10641, #6491, .T. ) ;
#1932 = COLOUR_RGB ( '',1.000000000000000000, 1.000000000000000000, 0.0000000000000000000 ) ;
#1933 = SURFACE_SIDE_STYLE ('',( #6179 ) ) ;
#1934 = CARTESIAN_POINT ( 'NONE',  ( -5.900000000000000355, 5.900000000000000355, 0.0000000000000000000 ) ) ;
#1935 = VERTEX_POINT ( 'NONE', #9822 ) ;
#1936 = EDGE_LOOP ( 'NONE', ( #9322, #1814, #8761, #51 ) ) ;
#1937 = LINE ( 'NONE', #5971, #10410 ) ;
#1938 = SURFACE_STYLE_FILL_AREA ( #2580 ) ;
#1939 =( LENGTH_UNIT ( ) NAMED_UNIT ( * ) SI_UNIT ( .MILLI., .METRE. ) );
#1940 = PRESENTATION_LAYER_ASSIGNMENT (  '', '', ( #702 ) ) ;
#1941 = ORIENTED_EDGE ( 'NONE', *, *, #3786, .F. ) ;
#1942 =( NAMED_UNIT ( * ) SI_UNIT ( $, .STERADIAN. ) SOLID_ANGLE_UNIT ( ) );
#1943 = FACE_OUTER_BOUND ( 'NONE', #72, .T. ) ;
#1944 = CARTESIAN_POINT ( 'NONE',  ( -4.599635752693320256, -5.993795529151239698, 2.234964158276199875 ) ) ;
#1945 = SURFACE_STYLE_FILL_AREA ( #8654 ) ;
#1946 = CARTESIAN_POINT ( 'NONE',  ( -5.000000000000000000, -3.072439817376820148, 5.691858092819041204 ) ) ;
#1947 =( GEOMETRIC_REPRESENTATION_CONTEXT ( 3 ) GLOBAL_UNCERTAINTY_ASSIGNED_CONTEXT ( ( #3687 ) ) GLOBAL_UNIT_ASSIGNED_CONTEXT ( ( #10115, #1001, #2629 ) ) REPRESENTATION_CONTEXT ( 'NONE', 'WORKASPACE' ) );
#1948 = ADVANCED_FACE ( 'NONE', ( #8149 ), #4099, .T. ) ;
#1949 =( NAMED_UNIT ( * ) PLANE_ANGLE_UNIT ( ) SI_UNIT ( $, .RADIAN. ) );
#1950 = CARTESIAN_POINT ( 'NONE',  ( -6.200000000000002842, 3.077560182623180651, -0.008141907180959005036 ) ) ;
#1951 = ORIENTED_EDGE ( 'NONE', *, *, #10204, .T. ) ;
#1952 =( NAMED_UNIT ( * ) SI_UNIT ( $, .STERADIAN. ) SOLID_ANGLE_UNIT ( ) );
#1953 = PRESENTATION_LAYER_ASSIGNMENT (  '', '', ( #6540 ) ) ;
#1954 = CARTESIAN_POINT ( 'NONE',  ( -0.2500000000000000000, -4.600000000000010303, 0.3261087975802219874 ) ) ;
#1955 = ORIENTED_EDGE ( 'NONE', *, *, #5833, .T. ) ;
#1956 = SURFACE_STYLE_FILL_AREA ( #3395 ) ;
#1957 = STYLED_ITEM ( 'NONE', ( #623 ), #2878 ) ;
#1958 = EDGE_CURVE ( 'NONE', #4951, #10879, #4836, .T. ) ;
#1959 =( LENGTH_UNIT ( ) NAMED_UNIT ( * ) SI_UNIT ( .MILLI., .METRE. ) );
#1960 = EDGE_LOOP ( 'NONE', ( #7376, #31, #3553, #5800 ) ) ;
#1961 = COLOUR_RGB ( '',0.4117647058823529216, 0.4117647058823529216, 0.4117647058823529216 ) ;
#1962 =( LENGTH_UNIT ( ) NAMED_UNIT ( * ) SI_UNIT ( .MILLI., .METRE. ) );
#1963 =( NAMED_UNIT ( * ) PLANE_ANGLE_UNIT ( ) SI_UNIT ( $, .RADIAN. ) );
#1964 = VERTEX_POINT ( 'NONE', #1579 ) ;
#1965 = UNCERTAINTY_MEASURE_WITH_UNIT (LENGTH_MEASURE( 1.000000000000000082E-05 ), #9738, 'distance_accuracy_value', 'NONE');
#1966 = CARTESIAN_POINT ( 'NONE',  ( -1.377268131176320187, 0.7696804059452660995, 11.88455947458399997 ) ) ;
#1967 = ORIENTED_EDGE ( 'NONE', *, *, #7974, .F. ) ;
#1968 = FILL_AREA_STYLE ('',( #9493 ) ) ;
#1969 = CARTESIAN_POINT ( 'NONE',  ( -0.01582234804378450030, 0.4920073884001490150, 11.78455947458400033 ) ) ;
#1970 = EDGE_CURVE ( 'NONE', #6205, #10804, #6444, .T. ) ;
#1971 = COLOUR_RGB ( '',1.000000000000000000, 1.000000000000000000, 1.000000000000000000 ) ;
#1972 = CARTESIAN_POINT ( 'NONE',  ( 5.000000000000000000, 4.349999999999999645, 0.3261087975802219874 ) ) ;
#1973 = LINE ( 'NONE', #1306, #5461 ) ;
#1974 = DIRECTION ( 'NONE',  ( 1.000000000000000000, -0.0000000000000000000, 0.0000000000000000000 ) ) ;
#1975 = VECTOR ( 'NONE', #3284, 1000.000000000000114 ) ;
#1976 = VECTOR ( 'NONE', #5474, 1000.000000000000114 ) ;
#1977 = CYLINDRICAL_SURFACE ( 'NONE', #5754, 0.2500000000000011102 ) ;
#1978 = VERTEX_POINT ( 'NONE', #3120 ) ;
#1979 = CARTESIAN_POINT ( 'NONE',  ( -0.9435331914172789824, 0.4564273938970729860, 11.83455947458400104 ) ) ;
#1980 = PLANE ( 'NONE',  #4648 ) ;
#1981 = STYLED_ITEM ( 'NONE', ( #1834 ), #7310 ) ;
#1982 = COLOUR_RGB ( '',1.000000000000000000, 1.000000000000000000, 1.000000000000000000 ) ;
#1983 = DIRECTION ( 'NONE',  ( 0.0000000000000000000, -1.000000000000000000, 8.247208598632111851E-16 ) ) ;
#1984 = UNCERTAINTY_MEASURE_WITH_UNIT (LENGTH_MEASURE( 1.000000000000000082E-05 ), #10527, 'distance_accuracy_value', 'NONE');
#1985 = DIRECTION ( 'NONE',  ( -0.08293612690015371436, 0.9965548649496431821, -0.0000000000000000000 ) ) ;
#1986 = SURFACE_STYLE_USAGE ( .BOTH. , #10067 ) ;
#1987 = PRESENTATION_LAYER_ASSIGNMENT (  '', '', ( #10044 ) ) ;
#1988 =( NAMED_UNIT ( * ) SI_UNIT ( $, .STERADIAN. ) SOLID_ANGLE_UNIT ( ) );
#1989 = CARTESIAN_POINT ( 'NONE',  ( 6.513276922344950925, 3.101520183108082751, 11.40411371344520042 ) ) ;
#1990 = CARTESIAN_POINT ( 'NONE',  ( 6.200000000000001066, 3.077560182623180651, -0.3081419071809570198 ) ) ;
#1991 = FACE_OUTER_BOUND ( 'NONE', #1026, .T. ) ;
#1992 = AXIS2_PLACEMENT_3D ( 'NONE', #9920, #9164, #4832 ) ;
#1993 = CARTESIAN_POINT ( 'NONE',  ( 1.157558747866519910, -0.8206810398378661109, 11.78455947458400033 ) ) ;
#1994 = AXIS2_PLACEMENT_3D ( 'NONE', #8971, #7340, #4062 ) ;
#1995 = ORIENTED_EDGE ( 'NONE', *, *, #4453, .F. ) ;
#1996 = VERTEX_POINT ( 'NONE', #692 ) ;
#1997 = DIRECTION ( 'NONE',  ( -1.000000000000000000, 0.0000000000000000000, 0.0000000000000000000 ) ) ;
#1998 = ORIENTED_EDGE ( 'NONE', *, *, #4505, .T. ) ;
#1999 = LINE ( 'NONE', #5298, #6251 ) ;
#2000 = FILL_AREA_STYLE_COLOUR ( '', #1982 ) ;
#2001 = FILL_AREA_STYLE_COLOUR ( '', #1388 ) ;
#2002 = VECTOR ( 'NONE', #6841, 1000.000000000000000 ) ;
#2003 = VECTOR ( 'NONE', #648, 1000.000000000000000 ) ;
#2004 = COLOUR_RGB ( '',0.1725490196078431349, 0.1725490196078431349, 0.1725490196078431349 ) ;
#2005 = PLANE ( 'NONE',  #3966 ) ;
#2006 = FILL_AREA_STYLE_COLOUR ( '', #2439 ) ;
#2007 = CARTESIAN_POINT ( 'NONE',  ( 6.610175751530339205, -3.072439817376818816, 5.710663437739160742 ) ) ;
#2008 = ORIENTED_EDGE ( 'NONE', *, *, #2420, .F. ) ;
#2009 = CARTESIAN_POINT ( 'NONE',  ( 1.634780061594770073, -0.3590845968445610659, 11.78455947458399855 ) ) ;
#2010 = COLOUR_RGB ( '',0.1764705882352941013, 0.1764705882352941013, 0.1764705882352941013 ) ;
#2011 = CYLINDRICAL_SURFACE ( 'NONE', #7349, 0.2999999999999973244 ) ;
#2012 = EDGE_LOOP ( 'NONE', ( #5677, #6334, #7868, #3490 ) ) ;
#2013 = COLOUR_RGB ( '',0.7450980392156862919, 0.7450980392156862919, 0.7450980392156862919 ) ;
#2014 =( GEOMETRIC_REPRESENTATION_CONTEXT ( 3 ) GLOBAL_UNCERTAINTY_ASSIGNED_CONTEXT ( ( #338 ) ) GLOBAL_UNIT_ASSIGNED_CONTEXT ( ( #9110, #9260, #5041 ) ) REPRESENTATION_CONTEXT ( 'NONE', 'WORKASPACE' ) );
#2015 = ORIENTED_EDGE ( 'NONE', *, *, #10821, .F. ) ;
#2016 =( NAMED_UNIT ( * ) PLANE_ANGLE_UNIT ( ) SI_UNIT ( $, .RADIAN. ) );
#2017 = SURFACE_STYLE_USAGE ( .BOTH. , #10355 ) ;
#2018 = COLOUR_RGB ( '',0.1764705882352941013, 0.1764705882352941013, 0.1764705882352941013 ) ;
#2019 = CARTESIAN_POINT ( 'NONE',  ( 6.200000000000001066, -3.072439817376820148, -0.3081419071809570198 ) ) ;
#2020 = CARTESIAN_POINT ( 'NONE',  ( 2.500000000000000000, -4.349999999999999645, 0.3261087975802219874 ) ) ;
#2021 = ORIENTED_EDGE ( 'NONE', *, *, #10060, .F. ) ;
#2022 = DIRECTION ( 'NONE',  ( 0.0000000000000000000, 0.0000000000000000000, -1.000000000000000000 ) ) ;
#2023 = VERTEX_POINT ( 'NONE', #2338 ) ;
#2024 = CARTESIAN_POINT ( 'NONE',  ( -0.8211687048603859562, 0.7184756326290669959, 11.78455947458399500 ) ) ;
#2025 =( NAMED_UNIT ( * ) PLANE_ANGLE_UNIT ( ) SI_UNIT ( $, .RADIAN. ) );
#2026 =( NAMED_UNIT ( * ) PLANE_ANGLE_UNIT ( ) SI_UNIT ( $, .RADIAN. ) );
#2027 = ADVANCED_FACE ( 'NONE', ( #4049 ), #10743, .T. ) ;
#2028 = CARTESIAN_POINT ( 'NONE',  ( 2.032746934809760209, -0.2905605579101560032, 11.78455947458400033 ) ) ;
#2029 = VECTOR ( 'NONE', #6712, 1000.000000000000000 ) ;
#2030 = DIRECTION ( 'NONE',  ( 0.0000000000000000000, -1.000000000000000000, -0.0000000000000000000 ) ) ;
#2031 = EDGE_CURVE ( 'NONE', #1133, #905, #8562, .T. ) ;
#2032 = DIRECTION ( 'NONE',  ( 0.0000000000000000000, -0.0000000000000000000, -1.000000000000000000 ) ) ;
#2033 = DIRECTION ( 'NONE',  ( -5.782411586589358822E-15, -5.782411586589358822E-15, -1.000000000000000000 ) ) ;
#2034 = SURFACE_STYLE_FILL_AREA ( #3681 ) ;
#2036 = EDGE_LOOP ( 'NONE', ( #5309, #7436, #1251, #9649 ) ) ;
#2035 = AXIS2_PLACEMENT_3D ( 'NONE', #4117, #3358, #5065 ) ;
#2037 = FILL_AREA_STYLE ('',( #4563 ) ) ;
#2038 = PRESENTATION_STYLE_ASSIGNMENT (( #7768 ) ) ;
#2039 = LINE ( 'NONE', #4514, #10096 ) ;
#2040 = CARTESIAN_POINT ( 'NONE',  ( -4.453928499320490175, 5.785761974818240283, 2.249466850603030199 ) ) ;
#2041 = VECTOR ( 'NONE', #4795, 1000.000000000000000 ) ;
#2042 =( BOUNDED_CURVE ( )  B_SPLINE_CURVE ( 2, ( #8750, #6286, #489, #9631, #378, #4731, #2246, #10541, #7115 ),
 .UNSPECIFIED., .F., .F. ) 
 B_SPLINE_CURVE_WITH_KNOTS ( ( 3, 2, 2, 2, 3 ),
 ( 0.0000000000000000000, 0.01064357573798424897, 0.01241838386986261755, 0.01799614748707538750, 0.01977095561895375608 ),
 .UNSPECIFIED. ) 
 CURVE ( )  GEOMETRIC_REPRESENTATION_ITEM ( )  RATIONAL_B_SPLINE_CURVE ( ( 1.000000000000000000, 1.000000000000000000, 1.000000000000000000, 0.7071067811865480168, 1.000000000000000000, 1.000000000000000000, 1.000000000000000000, 0.7071067811865480168, 1.000000000000000000 ) ) 
 REPRESENTATION_ITEM ( '' )  );
#2043 = CARTESIAN_POINT ( 'NONE',  ( -6.200000000000001066, -5.900000000000000355, 0.0000000000000000000 ) ) ;
#2044 = VECTOR ( 'NONE', #2354, 1000.000000000000000 ) ;
#2045 = ADVANCED_FACE ( 'NONE', ( #5938 ), #7743, .T. ) ;
#2046 = EDGE_LOOP ( 'NONE', ( #2113, #10750, #9996, #9432 ) ) ;
#2047 = ORIENTED_EDGE ( 'NONE', *, *, #2609, .F. ) ;
#2048 =( NAMED_UNIT ( * ) PLANE_ANGLE_UNIT ( ) SI_UNIT ( $, .RADIAN. ) );
#2049 = ADVANCED_FACE ( 'NONE', ( #3498 ), #2644, .T. ) ;
#2050 = PRESENTATION_STYLE_ASSIGNMENT (( #5415 ) ) ;
#2051 = DIRECTION ( 'NONE',  ( 0.0000000000000000000, -0.9999992421053793823, -0.001231173694803740270 ) ) ;
#2052 = VECTOR ( 'NONE', #7270, 1000.000000000000000 ) ;
#2053 = FILL_AREA_STYLE_COLOUR ( '', #9745 ) ;
#2054 = CARTESIAN_POINT ( 'NONE',  ( 2.160636889256319915, -5.795199161759920337, 1.972862536810730205 ) ) ;
#2055 = VECTOR ( 'NONE', #4869, 1000.000000000000114 ) ;
#2056 =( LENGTH_UNIT ( ) NAMED_UNIT ( * ) SI_UNIT ( .MILLI., .METRE. ) );
#2057 = DIRECTION ( 'NONE',  ( 0.0000000000000000000, 0.0000000000000000000, -1.000000000000000000 ) ) ;
#2058 = CARTESIAN_POINT ( 'NONE',  ( -4.440892098500630106E-16, -3.072439817376818816, 11.81236413145949804 ) ) ;
#2059 = VERTEX_POINT ( 'NONE', #9430 ) ;
#2060 = ORIENTED_EDGE ( 'NONE', *, *, #6970, .F. ) ;
#2061 = PRESENTATION_LAYER_ASSIGNMENT (  '', '', ( #8062 ) ) ;
#2062 = CARTESIAN_POINT ( 'NONE',  ( -6.500000000000000888, -3.072439817376820148, 5.691858092819041204 ) ) ;
#2063 = ADVANCED_FACE ( 'NONE', ( #354 ), #5432, .T. ) ;
#2064 = CARTESIAN_POINT ( 'NONE',  ( -0.2670459653328079996, -0.7017991952243469722, 11.88455947458399997 ) ) ;
#2065 = ORIENTED_EDGE ( 'NONE', *, *, #6826, .T. ) ;
#2066 =( NAMED_UNIT ( * ) PLANE_ANGLE_UNIT ( ) SI_UNIT ( $, .RADIAN. ) );
#2067 = DIRECTION ( 'NONE',  ( 1.000000000000000000, 0.0000000000000000000, -0.0000000000000000000 ) ) ;
#2068 = CARTESIAN_POINT ( 'NONE',  ( 2.670924639908020204, -0.9893557386330470438, 11.78455947458400033 ) ) ;
#2069 = FACE_OUTER_BOUND ( 'NONE', #7489, .T. ) ;
#2070 = EDGE_LOOP ( 'NONE', ( #9120, #9409, #3016, #2700 ) ) ;
#2071 = UNCERTAINTY_MEASURE_WITH_UNIT (LENGTH_MEASURE( 1.000000000000000082E-05 ), #3653, 'distance_accuracy_value', 'NONE');
#2072 = CIRCLE ( 'NONE', #10125, 0.2500000000000002220 ) ;
#2073 = DIRECTION ( 'NONE',  ( -0.0000000000000000000, 0.0000000000000000000, -1.000000000000000000 ) ) ;
#2074 = VERTEX_POINT ( 'NONE', #8429 ) ;
#2075 = CARTESIAN_POINT ( 'NONE',  ( -3.198187944328739984, -5.899999999999994138, 2.000000000000000000 ) ) ;
#2076 = CARTESIAN_POINT ( 'NONE',  ( -0.6713192268384331474, 0.1644471129656109865, 11.88455947458399997 ) ) ;
#2077 = FACE_OUTER_BOUND ( 'NONE', #9542, .T. ) ;
#2078 = AXIS2_PLACEMENT_3D ( 'NONE', #395, #7017, #2991 ) ;
#2079 = EDGE_LOOP ( 'NONE', ( #274, #637, #7527, #4044 ) ) ;
#2080 = DIRECTION ( 'NONE',  ( -1.000000000000000000, 0.0000000000000000000, 0.0000000000000000000 ) ) ;
#2081 = EDGE_CURVE ( 'NONE', #2094, #6993, #973, .T. ) ;
#2082 = UNCERTAINTY_MEASURE_WITH_UNIT (LENGTH_MEASURE( 1.000000000000000082E-05 ), #7290, 'distance_accuracy_value', 'NONE');
#2083 = VECTOR ( 'NONE', #8063, 1000.000000000000000 ) ;
#2084 = SURFACE_STYLE_USAGE ( .BOTH. , #10439 ) ;
#2085 = SURFACE_STYLE_FILL_AREA ( #6116 ) ;
#2086 = SURFACE_STYLE_FILL_AREA ( #10318 ) ;
#2087 = CARTESIAN_POINT ( 'NONE',  ( -3.753928499320489998, 5.785761974818240283, 2.249466850603030199 ) ) ;
#2088 = CIRCLE ( 'NONE', #4187, 0.2999999999999998224 ) ;
#2089 = CARTESIAN_POINT ( 'NONE',  ( -4.599635752693320256, -5.270921696829399927, 2.235854142197729821 ) ) ;
#2090 = DIRECTION ( 'NONE',  ( 0.0000000000000000000, -1.000000000000000000, 0.0000000000000000000 ) ) ;
#2091 = COLOUR_RGB ( '',0.7450980392156862919, 0.7450980392156862919, 0.7450980392156862919 ) ;
#2092 = EDGE_CURVE ( 'NONE', #3285, #3532, #5305, .T. ) ;
#2093 = VERTEX_POINT ( 'NONE', #8590 ) ;
#2094 = VERTEX_POINT ( 'NONE', #1052 ) ;
#2095 = CARTESIAN_POINT ( 'NONE',  ( -4.599635752693308710, -5.993795529151238810, 2.234964158276200319 ) ) ;
#2096 = CARTESIAN_POINT ( 'NONE',  ( 0.0000000000000000000, -5.804216384178710442, 2.235197563309470059 ) ) ;
#2097 = CARTESIAN_POINT ( 'NONE',  ( -4.599635752693309598, 5.984188079270050586, 9.135151959694818302 ) ) ;
#2098 = EDGE_CURVE ( 'NONE', #6150, #4030, #10269, .T. ) ;
#2099 = PLANE ( 'NONE',  #10631 ) ;
#2100 =( BOUNDED_CURVE ( )  B_SPLINE_CURVE ( 2, ( #848, #3387, #1729, #7626, #5093, #8444, #901, #4254, #64 ),
 .UNSPECIFIED., .F., .F. ) 
 B_SPLINE_CURVE_WITH_KNOTS ( ( 3, 2, 2, 2, 3 ),
 ( 0.0000000000000000000, 0.01151036417089660799, 0.01198611412312093442, 0.02450605104831394057, 0.02498180100053826874 ),
 .UNSPECIFIED. ) 
 CURVE ( )  GEOMETRIC_REPRESENTATION_ITEM ( )  RATIONAL_B_SPLINE_CURVE ( ( 1.000000000000000000, 1.000000000000000000, 1.000000000000000000, 0.7071067811865490160, 1.000000000000000000, 1.000000000000000000, 1.000000000000000000, 0.7071067811865460184, 1.000000000000000000 ) ) 
 REPRESENTATION_ITEM ( '' )  );
#2101 = CARTESIAN_POINT ( 'NONE',  ( -4.649999999999998579, 5.899999999999999467, 9.400000000000000355 ) ) ;
#2102 = CARTESIAN_POINT ( 'NONE',  ( 0.9971544038136319621, 5.924880838070049727, 2.000000000000000000 ) ) ;
#2103 = EDGE_CURVE ( 'NONE', #10591, #5222, #994, .T. ) ;
#2104 = PRESENTATION_STYLE_ASSIGNMENT (( #9595 ) ) ;
#2105 = CARTESIAN_POINT ( 'NONE',  ( 1.371779538879629889, 4.349999999999999645, -5.551115123125780237E-17 ) ) ;
#2106 = ORIENTED_EDGE ( 'NONE', *, *, #8425, .F. ) ;
#2107 = LINE ( 'NONE', #4541, #10830 ) ;
#2108 = CARTESIAN_POINT ( 'NONE',  ( 6.213276922344959985, 3.101520183108080531, -0.3203975278070689825 ) ) ;
#2109 = ORIENTED_EDGE ( 'NONE', *, *, #3171, .F. ) ;
#2110 = FACE_OUTER_BOUND ( 'NONE', #6886, .T. ) ;
#2111 = PRESENTATION_LAYER_ASSIGNMENT (  '', '', ( #1592 ) ) ;
#2112 = DIRECTION ( 'NONE',  ( 0.0000000000000000000, -1.000000000000000000, 1.658182125529447466E-16 ) ) ;
#2113 = ORIENTED_EDGE ( 'NONE', *, *, #4621, .T. ) ;
#2114 = FILL_AREA_STYLE_COLOUR ( '', #6592 ) ;
#2115 = CARTESIAN_POINT ( 'NONE',  ( -4.453928499320490175, -5.095199161759920159, 1.972862536810730205 ) ) ;
#2116 =( NAMED_UNIT ( * ) PLANE_ANGLE_UNIT ( ) SI_UNIT ( $, .RADIAN. ) );
#2117 = ORIENTED_EDGE ( 'NONE', *, *, #4110, .T. ) ;
#2118 =( GEOMETRIC_REPRESENTATION_CONTEXT ( 3 ) GLOBAL_UNCERTAINTY_ASSIGNED_CONTEXT ( ( #10376 ) ) GLOBAL_UNIT_ASSIGNED_CONTEXT ( ( #2466, #3424, #6844 ) ) REPRESENTATION_CONTEXT ( 'NONE', 'WORKASPACE' ) );
#2119 = EDGE_LOOP ( 'NONE', ( #4671, #6599, #1481, #10235 ) ) ;
#2120 = CARTESIAN_POINT ( 'NONE',  ( -4.440892098500630106E-16, 3.101520183108080531, 11.81236413145949982 ) ) ;
#2121 =( NAMED_UNIT ( * ) PLANE_ANGLE_UNIT ( ) SI_UNIT ( $, .RADIAN. ) );
#2122 = CARTESIAN_POINT ( 'NONE',  ( -0.6963568918036270317, 0.1672707673910490134, 11.88455947458399997 ) ) ;
#2123 = ORIENTED_EDGE ( 'NONE', *, *, #5529, .T. ) ;
#2124 = DIRECTION ( 'NONE',  ( -1.000000000000000000, 0.0000000000000000000, 0.0000000000000000000 ) ) ;
#2125 = PRESENTATION_LAYER_ASSIGNMENT (  '', '', ( #902 ) ) ;
#2126 = EDGE_LOOP ( 'NONE', ( #8727, #7921, #6724, #3011 ) ) ;
#2127 = FILL_AREA_STYLE ('',( #10486 ) ) ;
#2128 = DIRECTION ( 'NONE',  ( 1.000000000000000000, 0.0000000000000000000, 0.0000000000000000000 ) ) ;
#2129 = ORIENTED_EDGE ( 'NONE', *, *, #266, .F. ) ;
#2130 = CARTESIAN_POINT ( 'NONE',  ( -0.9971544038136328503, -5.924880838070049727, -5.551115123125780237E-17 ) ) ;
#2131 = VECTOR ( 'NONE', #8223, 1000.000000000000114 ) ;
#2132 = VECTOR ( 'NONE', #1320, 1000.000000000000000 ) ;
#2133 =( LENGTH_UNIT ( ) NAMED_UNIT ( * ) SI_UNIT ( .MILLI., .METRE. ) );
#2134 = DIRECTION ( 'NONE',  ( -1.000000000000000000, 0.0000000000000000000, 0.0000000000000000000 ) ) ;
#2135 = UNCERTAINTY_MEASURE_WITH_UNIT (LENGTH_MEASURE( 1.000000000000000082E-05 ), #8937, 'distance_accuracy_value', 'NONE');
#2136 = DIRECTION ( 'NONE',  ( 0.0000000000000000000, 0.0000000000000000000, -1.000000000000000000 ) ) ;
#2137 = CARTESIAN_POINT ( 'NONE',  ( 4.649999999999999467, -6.200000000000001066, 9.400000000000000355 ) ) ;
#2138 = SURFACE_STYLE_USAGE ( .BOTH. , #9675 ) ;
#2139 = CARTESIAN_POINT ( 'NONE',  ( 4.453928499320489287, 5.794608934297521330, 9.134918554661560108 ) ) ;
#2140 = CARTESIAN_POINT ( 'NONE',  ( -3.628220461120370111, -4.350000000000003197, 2.000000000000000444 ) ) ;
#2141 =( GEOMETRIC_REPRESENTATION_CONTEXT ( 3 ) GLOBAL_UNCERTAINTY_ASSIGNED_CONTEXT ( ( #4830 ) ) GLOBAL_UNIT_ASSIGNED_CONTEXT ( ( #3923, #6569, #5223 ) ) REPRESENTATION_CONTEXT ( 'NONE', 'WORKASPACE' ) );
#2142 = CARTESIAN_POINT ( 'NONE',  ( 1.801812055671259571, 6.200000000000001066, 2.000000000000000000 ) ) ;
#2143 =( GEOMETRIC_REPRESENTATION_CONTEXT ( 3 ) GLOBAL_UNCERTAINTY_ASSIGNED_CONTEXT ( ( #8856 ) ) GLOBAL_UNIT_ASSIGNED_CONTEXT ( ( #3103, #4870, #10632 ) ) REPRESENTATION_CONTEXT ( 'NONE', 'WORKASPACE' ) );
#2144 =( NAMED_UNIT ( * ) SI_UNIT ( $, .STERADIAN. ) SOLID_ANGLE_UNIT ( ) );
#2145 = ORIENTED_EDGE ( 'NONE', *, *, #6737, .T. ) ;
#2146 = EDGE_LOOP ( 'NONE', ( #8511, #8838 ) ) ;
#2147 = CARTESIAN_POINT ( 'NONE',  ( -6.200000000000001954, -3.072439817376820592, -0.3081419071809570198 ) ) ;
#2148 = VECTOR ( 'NONE', #9863, 1000.000000000000000 ) ;
#2149 = AXIS2_PLACEMENT_3D ( 'NONE', #7455, #665, #4907 ) ;
#2150 = FILL_AREA_STYLE_COLOUR ( '', #8582 ) ;
#2151 = COLOUR_RGB ( '',1.000000000000000000, 1.000000000000000000, 1.000000000000000000 ) ;
#2152 = CARTESIAN_POINT ( 'NONE',  ( -0.2499999999999998335, -4.350000000000010303, 0.3261087975802219874 ) ) ;
#2153 = AXIS2_PLACEMENT_3D ( 'NONE', #10128, #10177, #7746 ) ;
#2154 = EDGE_CURVE ( 'NONE', #9660, #1978, #5490, .T. ) ;
#2155 = STYLED_ITEM ( 'NONE', ( #7008 ), #8049 ) ;
#2156 = SURFACE_STYLE_FILL_AREA ( #3936 ) ;
#2157 = CARTESIAN_POINT ( 'NONE',  ( -1.801812055671258905, -5.900000000000003020, 2.000000000000000000 ) ) ;
#2158 =( BOUNDED_CURVE ( )  B_SPLINE_CURVE ( 2, ( #3827, #7858, #6147, #7082, #8780, #8883, #2822, #1348, #4703 ),
 .UNSPECIFIED., .F., .F. ) 
 B_SPLINE_CURVE_WITH_KNOTS ( ( 3, 2, 2, 2, 3 ),
 ( 0.0000000000000000000, 0.01064489572990953356, 0.01241992396943424927, 0.01799837932813671756, 0.01977340756766126847 ),
 .UNSPECIFIED. ) 
 CURVE ( )  GEOMETRIC_REPRESENTATION_ITEM ( )  RATIONAL_B_SPLINE_CURVE ( ( 1.000000000000000000, 1.000000000000000000, 1.000000000000000000, 0.7071067811865490160, 1.000000000000000000, 1.000000000000000000, 1.000000000000000000, 0.7071067811865470176, 1.000000000000000000 ) ) 
 REPRESENTATION_ITEM ( '' )  );
#2159 = PRESENTATION_LAYER_ASSIGNMENT (  '', '', ( #9018 ) ) ;
#2160 = PRODUCT ( 'D1FECC82-5495-4AC3-AFAD-F86B6290970E', 'D1FECC82-5495-4AC3-AFAD-F86B6290970E', '', ( #4922 ) ) ;
#2161 = ORIENTED_EDGE ( 'NONE', *, *, #4580, .T. ) ;
#2162 = EDGE_CURVE ( 'NONE', #1754, #7110, #9247, .T. ) ;
#2163 = VERTEX_POINT ( 'NONE', #4411 ) ;
#2164 =( GEOMETRIC_REPRESENTATION_CONTEXT ( 3 ) GLOBAL_UNCERTAINTY_ASSIGNED_CONTEXT ( ( #437 ) ) GLOBAL_UNIT_ASSIGNED_CONTEXT ( ( #6180, #101, #4296 ) ) REPRESENTATION_CONTEXT ( 'NONE', 'WORKASPACE' ) );
#2165 = COLOUR_RGB ( '',1.000000000000000000, 1.000000000000000000, 1.000000000000000000 ) ;
#2166 = CARTESIAN_POINT ( 'NONE',  ( -0.7242183950378959789, -0.04959670248846859836, 11.83455947458400104 ) ) ;
#2167 = ORIENTED_EDGE ( 'NONE', *, *, #739, .T. ) ;
#2168 = PRESENTATION_STYLE_ASSIGNMENT (( #8672 ) ) ;
#2169 = CIRCLE ( 'NONE', #8858, 0.2999999999999964362 ) ;
#2170 = ORIENTED_EDGE ( 'NONE', *, *, #6662, .T. ) ;
#2171 = EDGE_LOOP ( 'NONE', ( #9565, #7094, #9771, #4571 ) ) ;
#2172 = EDGE_CURVE ( 'NONE', #7639, #4527, #907, .T. ) ;
#2173 = SURFACE_STYLE_USAGE ( .BOTH. , #6326 ) ;
#2174 = DIRECTION ( 'NONE',  ( -0.0000000000000000000, -1.000000000000000000, -0.0000000000000000000 ) ) ;
#2175 = VECTOR ( 'NONE', #7640, 1000.000000000000000 ) ;
#2176 = COLOUR_RGB ( '',0.1764705882352941013, 0.1764705882352941013, 0.1764705882352941013 ) ;
#2177 = ORIENTED_EDGE ( 'NONE', *, *, #283, .T. ) ;
#2178 = FACE_OUTER_BOUND ( 'NONE', #735, .T. ) ;
#2179 = CIRCLE ( 'NONE', #6425, 0.2500000000000002220 ) ;
#2180 = ORIENTED_EDGE ( 'NONE', *, *, #2236, .T. ) ;
#2181 = PRESENTATION_STYLE_ASSIGNMENT (( #2242 ) ) ;
#2182 = LINE ( 'NONE', #6609, #5946 ) ;
#2183 = CARTESIAN_POINT ( 'NONE',  ( -0.6981879443287378750, -5.899999999999995026, 2.000000000000000000 ) ) ;
#2184 =( GEOMETRIC_REPRESENTATION_CONTEXT ( 3 ) GLOBAL_UNCERTAINTY_ASSIGNED_CONTEXT ( ( #9684 ) ) GLOBAL_UNIT_ASSIGNED_CONTEXT ( ( #2056, #8023, #5478 ) ) REPRESENTATION_CONTEXT ( 'NONE', 'WORKASPACE' ) );
#2185 = CARTESIAN_POINT ( 'NONE',  ( -6.200000000000001066, 3.275000000000000355, 2.000000000000000000 ) ) ;
#2186 = DIRECTION ( 'NONE',  ( 0.0000000000000000000, 0.0000000000000000000, 1.000000000000000000 ) ) ;
#2187 = DIRECTION ( 'NONE',  ( -0.5840051066032005966, -0.8117499833454784319, 0.0000000000000000000 ) ) ;
#2188 = DIRECTION ( 'NONE',  ( 1.000000000000000000, 0.0000000000000000000, -0.0000000000000000000 ) ) ;
#2189 = COLOUR_RGB ( '',0.4117647058823529216, 0.4117647058823529216, 0.4117647058823529216 ) ;
#2190 = CARTESIAN_POINT ( 'NONE',  ( 5.000000000000000000, -3.274999999999990141, 1.649999999999999911 ) ) ;
#2191 = CARTESIAN_POINT ( 'NONE',  ( -4.301812055671259571, 6.200000000000001066, 0.0000000000000000000 ) ) ;
#2192 = PRESENTATION_STYLE_ASSIGNMENT (( #3133 ) ) ;
#2193 = CARTESIAN_POINT ( 'NONE',  ( -1.184497046838969947, 0.4925719722103268916, 11.88455947458399997 ) ) ;
#2194 = COLOUR_RGB ( '',0.7450980392156862919, 0.7450980392156862919, 0.7450980392156862919 ) ;
#2195 = EDGE_CURVE ( 'NONE', #3001, #1237, #7718, .T. ) ;
#2196 =( LENGTH_UNIT ( ) NAMED_UNIT ( * ) SI_UNIT ( .MILLI., .METRE. ) );
#2197 = DIRECTION ( 'NONE',  ( 2.121137671986024496E-16, 2.121137671986024496E-16, 1.000000000000000000 ) ) ;
#2198 = MECHANICAL_DESIGN_GEOMETRIC_PRESENTATION_REPRESENTATION (  '', ( #2368 ), #5380 ) ;
#2199 = VERTEX_POINT ( 'NONE', #3584 ) ;
#2200 = EDGE_LOOP ( 'NONE', ( #447, #10346, #9814, #1656 ) ) ;
#2201 = LINE ( 'NONE', #10615, #5682 ) ;
#2202 = SURFACE_SIDE_STYLE ('',( #8070 ) ) ;
#2203 = DIRECTION ( 'NONE',  ( 0.0000000000000000000, 0.0000000000000000000, 1.000000000000000000 ) ) ;
#2204 = FACE_OUTER_BOUND ( 'NONE', #8516, .T. ) ;
#2205 = CARTESIAN_POINT ( 'NONE',  ( -0.9676295769594475127, -0.4351388711631675177, 11.88455947458399997 ) ) ;
#2206 = SURFACE_SIDE_STYLE ('',( #9796 ) ) ;
#2207 = ADVANCED_FACE ( 'NONE', ( #2578 ), #5854, .T. ) ;
#2208 = CIRCLE ( 'NONE', #7508, 0.1217795388796295286 ) ;
#2209 = ADVANCED_FACE ( 'NONE', ( #3635 ), #1270, .T. ) ;
#2210 = CARTESIAN_POINT ( 'NONE',  ( -4.599635752693320256, -5.270921696829399927, 2.235854142197729821 ) ) ;
#2211 = PRESENTATION_LAYER_ASSIGNMENT (  '', '', ( #4139 ) ) ;
#2212 = FILL_AREA_STYLE_COLOUR ( '', #1405 ) ;
#2213 = CARTESIAN_POINT ( 'NONE',  ( 0.2499999999999998335, -4.350000000000010303, 0.3261087975802219874 ) ) ;
#2214 = ORIENTED_EDGE ( 'NONE', *, *, #5688, .T. ) ;
#2215 = LINE ( 'NONE', #514, #7219 ) ;
#2216 = CARTESIAN_POINT ( 'NONE',  ( 1.203304192450989962, -1.025500316946299950, 11.78455947458399855 ) ) ;
#2217 = SURFACE_SIDE_STYLE ('',( #3216 ) ) ;
#2218 = ORIENTED_EDGE ( 'NONE', *, *, #7169, .F. ) ;
#2219 = CIRCLE ( 'NONE', #639, 0.1217795388796299727 ) ;
#2220 = ADVANCED_FACE ( 'NONE', ( #8645 ), #6246, .T. ) ;
#2221 = DIRECTION ( 'NONE',  ( 0.0000000000000000000, -0.0000000000000000000, 1.000000000000000000 ) ) ;
#2222 = UNCERTAINTY_MEASURE_WITH_UNIT (LENGTH_MEASURE( 1.000000000000000082E-05 ), #9579, 'distance_accuracy_value', 'NONE');
#2223 = EDGE_LOOP ( 'NONE', ( #10472, #4042 ) ) ;
#2224 =( NAMED_UNIT ( * ) PLANE_ANGLE_UNIT ( ) SI_UNIT ( $, .RADIAN. ) );
#2225 = EDGE_CURVE ( 'NONE', #6993, #2094, #622, .T. ) ;
#2227 = DIRECTION ( 'NONE',  ( 0.0000000000000000000, -1.000000000000000000, -1.658182125529445987E-16 ) ) ;
#2226 = AXIS2_PLACEMENT_3D ( 'NONE', #5896, #9266, #4374 ) ;
#2228 = CARTESIAN_POINT ( 'NONE',  ( 2.670924639908020204, -0.5194762205607580396, 11.78455947458400033 ) ) ;
#2229 = ORIENTED_EDGE ( 'NONE', *, *, #781, .T. ) ;
#2230 = ORIENTED_EDGE ( 'NONE', *, *, #670, .T. ) ;
#2231 = CARTESIAN_POINT ( 'NONE',  ( 1.268910449017659925, 0.9460735040874339585, 11.78455947458400033 ) ) ;
#2232 = CARTESIAN_POINT ( 'NONE',  ( 0.2499999999999998335, -4.350000000000010303, 0.3261087975802219874 ) ) ;
#2233 = MECHANICAL_DESIGN_GEOMETRIC_PRESENTATION_REPRESENTATION (  '', ( #10658 ), #654 ) ;
#2234 = ORIENTED_EDGE ( 'NONE', *, *, #8220, .F. ) ;
#2235 = PRESENTATION_STYLE_ASSIGNMENT (( #9772 ) ) ;
#2236 = EDGE_CURVE ( 'NONE', #4709, #6260, #2201, .T. ) ;
#2237 = UNCERTAINTY_MEASURE_WITH_UNIT (LENGTH_MEASURE( 1.000000000000000082E-05 ), #7714, 'distance_accuracy_value', 'NONE');
#2238 = EDGE_CURVE ( 'NONE', #643, #387, #4068, .T. ) ;
#2239 = DIRECTION ( 'NONE',  ( 0.0000000000000000000, 1.000000000000000000, 0.0000000000000000000 ) ) ;
#2240 = ORIENTED_EDGE ( 'NONE', *, *, #4707, .T. ) ;
#2241 =( GEOMETRIC_REPRESENTATION_CONTEXT ( 3 ) GLOBAL_UNCERTAINTY_ASSIGNED_CONTEXT ( ( #9594 ) ) GLOBAL_UNIT_ASSIGNED_CONTEXT ( ( #1929, #7886, #7055 ) ) REPRESENTATION_CONTEXT ( 'NONE', 'WORKASPACE' ) );
#2242 = SURFACE_STYLE_USAGE ( .BOTH. , #5505 ) ;
#2243 = FILL_AREA_STYLE ('',( #9775 ) ) ;
#2244 = ORIENTED_EDGE ( 'NONE', *, *, #2428, .F. ) ;
#2245 = DIRECTION ( 'NONE',  ( -1.000000000000000000, -0.0000000000000000000, 0.0000000000000000000 ) ) ;
#2246 = CARTESIAN_POINT ( 'NONE',  ( -3.753928499320489998, -5.795369424699426730, 9.120649267370620095 ) ) ;
#2247 =( NAMED_UNIT ( * ) PLANE_ANGLE_UNIT ( ) SI_UNIT ( $, .RADIAN. ) );
#2248 = FILL_AREA_STYLE ('',( #10709 ) ) ;
#2249 =( GEOMETRIC_REPRESENTATION_CONTEXT ( 3 ) GLOBAL_UNCERTAINTY_ASSIGNED_CONTEXT ( ( #3345 ) ) GLOBAL_UNIT_ASSIGNED_CONTEXT ( ( #4325, #7583, #122 ) ) REPRESENTATION_CONTEXT ( 'NONE', 'WORKASPACE' ) );
#2250 =( NAMED_UNIT ( * ) SI_UNIT ( $, .STERADIAN. ) SOLID_ANGLE_UNIT ( ) );
#2251 =( NAMED_UNIT ( * ) SI_UNIT ( $, .STERADIAN. ) SOLID_ANGLE_UNIT ( ) );
#2252 = FILL_AREA_STYLE_COLOUR ( '', #9191 ) ;
#2253 = EDGE_LOOP ( 'NONE', ( #370, #10781, #769, #3378 ) ) ;
#2254 = VECTOR ( 'NONE', #456, 1000.000000000000000 ) ;
#2255 = VECTOR ( 'NONE', #3092, 1000.000000000000000 ) ;
#2256 = DIRECTION ( 'NONE',  ( -0.0000000000000000000, 0.0000000000000000000, -1.000000000000000000 ) ) ;
#2257 = PRESENTATION_LAYER_ASSIGNMENT (  '', '', ( #9643 ) ) ;
#2258 = DIRECTION ( 'NONE',  ( -1.000000000000000000, 0.0000000000000000000, 0.0000000000000000000 ) ) ;
#2259 =( LENGTH_UNIT ( ) NAMED_UNIT ( * ) SI_UNIT ( .MILLI., .METRE. ) );
#2260 =( LENGTH_UNIT ( ) NAMED_UNIT ( * ) SI_UNIT ( .MILLI., .METRE. ) );
#2261 = EDGE_CURVE ( 'NONE', #10231, #179, #7450, .T. ) ;
#2262 = CARTESIAN_POINT ( 'NONE',  ( 1.249999999999999556, -4.349999999999999645, 2.000000000000000000 ) ) ;
#2263 = SURFACE_STYLE_USAGE ( .BOTH. , #2206 ) ;
#2264 = AXIS2_PLACEMENT_3D ( 'NONE', #10111, #5713, #9046 ) ;
#2265 =( NAMED_UNIT ( * ) SI_UNIT ( $, .STERADIAN. ) SOLID_ANGLE_UNIT ( ) );
#2266 =( NAMED_UNIT ( * ) SI_UNIT ( $, .STERADIAN. ) SOLID_ANGLE_UNIT ( ) );
#2267 = SURFACE_SIDE_STYLE ('',( #1510 ) ) ;
#2268 = ORIENTED_EDGE ( 'NONE', *, *, #5978, .T. ) ;
#2269 =( NAMED_UNIT ( * ) SI_UNIT ( $, .STERADIAN. ) SOLID_ANGLE_UNIT ( ) );
#2270 =( NAMED_UNIT ( * ) PLANE_ANGLE_UNIT ( ) SI_UNIT ( $, .RADIAN. ) );
#2271 = ORIENTED_EDGE ( 'NONE', *, *, #1626, .T. ) ;
#2272 = ADVANCED_FACE ( 'NONE', ( #10663 ), #10828, .T. ) ;
#2273 = PRESENTATION_LAYER_ASSIGNMENT (  '', '', ( #1755 ) ) ;
#2274 = CARTESIAN_POINT ( 'NONE',  ( 2.160636889256319915, 3.952384553517649834, 1.972862536810730205 ) ) ;
#2275 = LINE ( 'NONE', #2472, #6761 ) ;
#2276 = ORIENTED_EDGE ( 'NONE', *, *, #10073, .F. ) ;
#2277 = SURFACE_STYLE_FILL_AREA ( #9657 ) ;
#2278 = DIRECTION ( 'NONE',  ( 0.0000000000000000000, 1.000000000000000000, -0.0000000000000000000 ) ) ;
#2279 = ORIENTED_EDGE ( 'NONE', *, *, #1150, .F. ) ;
#2280 = DIRECTION ( 'NONE',  ( 0.0000000000000000000, 1.000000000000000000, -0.0000000000000000000 ) ) ;
#2281 = ORIENTED_EDGE ( 'NONE', *, *, #1536, .T. ) ;
#2282 = CARTESIAN_POINT ( 'NONE',  ( 1.634780061594770073, 0.2883174627557080205, 11.78455947458400033 ) ) ;
#2283 = UNCERTAINTY_MEASURE_WITH_UNIT (LENGTH_MEASURE( 1.000000000000000082E-05 ), #5329, 'distance_accuracy_value', 'NONE');
#2284 = CIRCLE ( 'NONE', #10886, 0.2999999999999973244 ) ;
#2285 =( NAMED_UNIT ( * ) SI_UNIT ( $, .STERADIAN. ) SOLID_ANGLE_UNIT ( ) );
#2286 = VERTEX_POINT ( 'NONE', #709 ) ;
#2287 = EDGE_LOOP ( 'NONE', ( #9655, #823 ) ) ;
#2288 = COLOUR_RGB ( '',0.7450980392156862919, 0.7450980392156862919, 0.7450980392156862919 ) ;
#2289 = CARTESIAN_POINT ( 'NONE',  ( 2.500000000000000000, -4.349999999999999645, 0.3261087975802219874 ) ) ;
#2290 = DIRECTION ( 'NONE',  ( -1.000000000000000000, 0.0000000000000000000, -0.0000000000000000000 ) ) ;
#2291 = CARTESIAN_POINT ( 'NONE',  ( -0.2500000000000003331, 4.349999999999999645, 0.3261087975802219874 ) ) ;
#2292 = EDGE_CURVE ( 'NONE', #5780, #4393, #4121, .T. ) ;
#2293 =( NAMED_UNIT ( * ) SI_UNIT ( $, .STERADIAN. ) SOLID_ANGLE_UNIT ( ) );
#2294 = DIRECTION ( 'NONE',  ( 1.000000000000000000, 0.0000000000000000000, -0.0000000000000000000 ) ) ;
#2295 = DIRECTION ( 'NONE',  ( 0.0000000000000000000, 0.0000000000000000000, 1.000000000000000000 ) ) ;
#2296 =( LENGTH_UNIT ( ) NAMED_UNIT ( * ) SI_UNIT ( .MILLI., .METRE. ) );
#2297 = MECHANICAL_DESIGN_GEOMETRIC_PRESENTATION_REPRESENTATION (  '', ( #6004 ), #1602 ) ;
#2298 =( NAMED_UNIT ( * ) PLANE_ANGLE_UNIT ( ) SI_UNIT ( $, .RADIAN. ) );
#2299 = PRESENTATION_STYLE_ASSIGNMENT (( #5463 ) ) ;
#2300 = LINE ( 'NONE', #5697, #4804 ) ;
#2301 = EDGE_LOOP ( 'NONE', ( #3100, #2939, #6189, #9837, #4897, #8088, #6477, #6776 ) ) ;
#2302 = VECTOR ( 'NONE', #5750, 1000.000000000000000 ) ;
#2303 = SURFACE_SIDE_STYLE ('',( #9788 ) ) ;
#2304 = DIRECTION ( 'NONE',  ( -0.9889363528682978410, 0.1483404529302423114, 0.0000000000000000000 ) ) ;
#2305 = SURFACE_STYLE_FILL_AREA ( #9036 ) ;
#2306 = CARTESIAN_POINT ( 'NONE',  ( -6.513276922344959807, -3.072439817376820148, 11.40411371344520042 ) ) ;
#2307 = AXIS2_PLACEMENT_3D ( 'NONE', #3695, #7065, #10388 ) ;
#2308 = PRESENTATION_STYLE_ASSIGNMENT (( #1445 ) ) ;
#2309 = PRESENTATION_LAYER_ASSIGNMENT (  '', '', ( #10726 ) ) ;
#2310 = SURFACE_STYLE_FILL_AREA ( #10775 ) ;
#2311 = SURFACE_STYLE_FILL_AREA ( #719 ) ;
#2312 = CYLINDRICAL_SURFACE ( 'NONE', #8599, 0.2999999999999981570 ) ;
#2313 = CIRCLE ( 'NONE', #3210, 0.3000000000000031530 ) ;
#2314 = DIRECTION ( 'NONE',  ( 0.0000000000000000000, 0.0000000000000000000, -1.000000000000000000 ) ) ;
#2315 = VECTOR ( 'NONE', #3264, 1000.000000000000000 ) ;
#2316 = CARTESIAN_POINT ( 'NONE',  ( -5.000000000000000000, -4.350000000000000533, 0.3261087975802219874 ) ) ;
#2317 = ORIENTED_EDGE ( 'NONE', *, *, #874, .T. ) ;
#2318 =( LENGTH_UNIT ( ) NAMED_UNIT ( * ) SI_UNIT ( .MILLI., .METRE. ) );
#2319 = SURFACE_STYLE_USAGE ( .BOTH. , #4816 ) ;
#2320 = CIRCLE ( 'NONE', #3041, 0.3000000000000033751 ) ;
#2321 =( GEOMETRIC_REPRESENTATION_CONTEXT ( 3 ) GLOBAL_UNCERTAINTY_ASSIGNED_CONTEXT ( ( #592 ) ) GLOBAL_UNIT_ASSIGNED_CONTEXT ( ( #1362, #3838, #584 ) ) REPRESENTATION_CONTEXT ( 'NONE', 'WORKASPACE' ) );
#2322 = UNCERTAINTY_MEASURE_WITH_UNIT (LENGTH_MEASURE( 1.000000000000000082E-05 ), #3655, 'distance_accuracy_value', 'NONE');
#2323 = CARTESIAN_POINT ( 'NONE',  ( -1.375000000000000000, -3.072439817376820148, 5.691858092819041204 ) ) ;
#2324 = ORIENTED_EDGE ( 'NONE', *, *, #7974, .T. ) ;
#2325 = VECTOR ( 'NONE', #7282, 1000.000000000000000 ) ;
#2326 = DIRECTION ( 'NONE',  ( 1.000000000000000000, 0.0000000000000000000, 0.0000000000000000000 ) ) ;
#2327 = AXIS2_PLACEMENT_3D ( 'NONE', #4312, #1007, #1061 ) ;
#2328 = CARTESIAN_POINT ( 'NONE',  ( 0.6981879443287387632, -6.200000000000001066, 4.034519072640294969E-17 ) ) ;
#2329 = PRESENTATION_STYLE_ASSIGNMENT (( #1520 ) ) ;
#2330 = DIRECTION ( 'NONE',  ( -0.0000000000000000000, -0.0000000000000000000, 1.000000000000000000 ) ) ;
#2331 = EDGE_LOOP ( 'NONE', ( #10639, #3126, #10065, #7597 ) ) ;
#2332 = VERTEX_POINT ( 'NONE', #1497 ) ;
#2333 = CARTESIAN_POINT ( 'NONE',  ( 0.9841776519562150938, -1.025500316946299950, 11.78455947458400033 ) ) ;
#2334 = CARTESIAN_POINT ( 'NONE',  ( 1.700000057509977847, 3.274952736629009209, 10.14126039114202271 ) ) ;
#2335 = VECTOR ( 'NONE', #8542, 1000.000000000000000 ) ;
#2336 =( NAMED_UNIT ( * ) SI_UNIT ( $, .STERADIAN. ) SOLID_ANGLE_UNIT ( ) );
#2337 = VERTEX_POINT ( 'NONE', #3139 ) ;
#2338 = CARTESIAN_POINT ( 'NONE',  ( 4.301812055671257795, -6.200000000000001066, 5.133631282343335107E-17 ) ) ;
#2339 = CIRCLE ( 'NONE', #9545, 0.2999999999999999334 ) ;
#2340 = VECTOR ( 'NONE', #5335, 1000.000000000000000 ) ;
#2341 = UNCERTAINTY_MEASURE_WITH_UNIT (LENGTH_MEASURE( 1.000000000000000082E-05 ), #3724, 'distance_accuracy_value', 'NONE');
#2342 =( NAMED_UNIT ( * ) PLANE_ANGLE_UNIT ( ) SI_UNIT ( $, .RADIAN. ) );
#2343 = ORIENTED_EDGE ( 'NONE', *, *, #2972, .F. ) ;
#2344 = SURFACE_SIDE_STYLE ('',( #3238 ) ) ;
#2345 = SURFACE_SIDE_STYLE ('',( #9075 ) ) ;
#2346 = EDGE_LOOP ( 'NONE', ( #6610, #5758, #191, #9428 ) ) ;
#2347 = STYLED_ITEM ( 'NONE', ( #7588 ), #10889 ) ;
#2348 = EDGE_CURVE ( 'NONE', #10530, #3582, #1390, .T. ) ;
#2349 = CARTESIAN_POINT ( 'NONE',  ( 1.393063366478300091, 0.8815027468079159600, 11.88455947458399820 ) ) ;
#2350 = COLOUR_RGB ( '',0.7411764705882353255, 0.7411764705882353255, 0.7411764705882353255 ) ;
#2351 = CARTESIAN_POINT ( 'NONE',  ( 4.301812055671258683, 5.899999999999995026, 0.0000000000000000000 ) ) ;
#2352 = FILL_AREA_STYLE_COLOUR ( '', #279 ) ;
#2353 = FACE_OUTER_BOUND ( 'NONE', #2384, .T. ) ;
#2354 = DIRECTION ( 'NONE',  ( -1.000000000000000000, -0.0000000000000000000, -0.0000000000000000000 ) ) ;
#2355 = ADVANCED_FACE ( 'NONE', ( #10714 ), #4741, .T. ) ;
#2356 = VECTOR ( 'NONE', #5514, 1000.000000000000000 ) ;
#2357 = SURFACE_STYLE_USAGE ( .BOTH. , #8413 ) ;
#2358 = PRESENTATION_STYLE_ASSIGNMENT (( #5116 ) ) ;
#2359 = ORIENTED_EDGE ( 'NONE', *, *, #6460, .F. ) ;
#2360 = EDGE_CURVE ( 'NONE', #3050, #3167, #6381, .T. ) ;
#2361 = CARTESIAN_POINT ( 'NONE',  ( -6.610175751530340094, 3.101520183108080531, 11.50790099422419921 ) ) ;
#2362 = CARTESIAN_POINT ( 'NONE',  ( 3.753928499320489998, -5.795199161759920337, 9.372862536810737666 ) ) ;
#2363 = STYLED_ITEM ( 'NONE', ( #8019 ), #1419 ) ;
#2364 = DIRECTION ( 'NONE',  ( 0.0000000000000000000, 0.0000000000000000000, -1.000000000000000000 ) ) ;
#2365 = SURFACE_SIDE_STYLE ('',( #3869 ) ) ;
#2366 = COLOUR_RGB ( '',0.1764705882352941013, 0.1764705882352941013, 0.1764705882352941013 ) ;
#2367 = ADVANCED_FACE ( 'NONE', ( #6682 ), #8531, .T. ) ;
#2368 = STYLED_ITEM ( 'NONE', ( #6793 ), #1555 ) ;
#2369 = EDGE_CURVE ( 'NONE', #6623, #784, #2613, .T. ) ;
#2370 = CARTESIAN_POINT ( 'NONE',  ( -0.6184200586389700938, -0.02248822279261980181, 11.78455947458399677 ) ) ;
#2371 =( GEOMETRIC_REPRESENTATION_CONTEXT ( 3 ) GLOBAL_UNCERTAINTY_ASSIGNED_CONTEXT ( ( #8581 ) ) GLOBAL_UNIT_ASSIGNED_CONTEXT ( ( #9884, #5911, #8259 ) ) REPRESENTATION_CONTEXT ( 'NONE', 'WORKASPACE' ) );
#2372 =( LENGTH_UNIT ( ) NAMED_UNIT ( * ) SI_UNIT ( .MILLI., .METRE. ) );
#2373 = CARTESIAN_POINT ( 'NONE',  ( -4.950000000000000178, -5.899999999999997691, 9.400000000000000355 ) ) ;
#2374 = ORIENTED_EDGE ( 'NONE', *, *, #1383, .F. ) ;
#2375 = CARTESIAN_POINT ( 'NONE',  ( 5.000000000000000000, -3.072439817376820148, 5.691858092819041204 ) ) ;
#2376 = VECTOR ( 'NONE', #9504, 1000.000000000000000 ) ;
#2377 = PRESENTATION_STYLE_ASSIGNMENT (( #8282 ) ) ;
#2378 = ORIENTED_EDGE ( 'NONE', *, *, #8418, .T. ) ;
#2379 = SURFACE_STYLE_USAGE ( .BOTH. , #9917 ) ;
#2380 = CARTESIAN_POINT ( 'NONE',  ( 1.375000000000000000, -3.072439817376820148, 5.691858092819041204 ) ) ;
#2381 = SURFACE_STYLE_FILL_AREA ( #3112 ) ;
#2382 = ORIENTED_EDGE ( 'NONE', *, *, #7680, .F. ) ;
#2383 =( NAMED_UNIT ( * ) SI_UNIT ( $, .STERADIAN. ) SOLID_ANGLE_UNIT ( ) );
#2384 = EDGE_LOOP ( 'NONE', ( #5937, #10211, #1406, #6597 ) ) ;
#2385 = LINE ( 'NONE', #5046, #2148 ) ;
#2386 =( NAMED_UNIT ( * ) PLANE_ANGLE_UNIT ( ) SI_UNIT ( $, .RADIAN. ) );
#2387 = FILL_AREA_STYLE ('',( #740 ) ) ;
#2388 = ORIENTED_EDGE ( 'NONE', *, *, #7564, .F. ) ;
#2389 = DIRECTION ( 'NONE',  ( -0.08293612690015343680, -0.9965548649496431821, 0.0000000000000000000 ) ) ;
#2390 = EDGE_CURVE ( 'NONE', #9151, #6172, #9997, .T. ) ;
#2391 = VECTOR ( 'NONE', #2631, 1000.000000000000000 ) ;
#2392 = ORIENTED_EDGE ( 'NONE', *, *, #1682, .T. ) ;
#2393 = FILL_AREA_STYLE_COLOUR ( '', #6415 ) ;
#2394 = CARTESIAN_POINT ( 'NONE',  ( -0.2952838884144680098, 0.9405200474134050026, 11.88455947458400352 ) ) ;
#2395 = CLOSED_SHELL ( 'NONE', ( #1902, #616, #1252, #6834, #4086, #6278, #7310, #3617, #3988, #4351, #4124, #7895, #4038, #7108, #3637, #5165 ) ) ;
#2396 = PRESENTATION_STYLE_ASSIGNMENT (( #10090 ) ) ;
#2397 = ORIENTED_EDGE ( 'NONE', *, *, #3786, .T. ) ;
#2398 = CARTESIAN_POINT ( 'NONE',  ( -4.599635752693309598, -0.0003802452009559866898, 9.127783911014764939 ) ) ;
#2399 =( LENGTH_UNIT ( ) NAMED_UNIT ( * ) SI_UNIT ( .MILLI., .METRE. ) );
#2400 = FACE_OUTER_BOUND ( 'NONE', #3959, .T. ) ;
#2401 = CARTESIAN_POINT ( 'NONE',  ( -5.250000000000000888, 4.349999999999998757, 0.3261087975802219874 ) ) ;
#2402 = SURFACE_STYLE_USAGE ( .BOTH. , #9131 ) ;
#2403 = PRESENTATION_LAYER_ASSIGNMENT (  '', '', ( #8071 ) ) ;
#2404 = EDGE_CURVE ( 'NONE', #10477, #10241, #10198, .T. ) ;
#2405 = DIRECTION ( 'NONE',  ( -1.000000000000000000, -0.0000000000000000000, -0.0000000000000000000 ) ) ;
#2406 = EDGE_LOOP ( 'NONE', ( #194, #4111 ) ) ;
#2407 = PLANE ( 'NONE',  #8675 ) ;
#2408 = VERTEX_POINT ( 'NONE', #10880 ) ;
#2409 = CARTESIAN_POINT ( 'NONE',  ( -2.943533191417280204, 0.9985960685958690242, 11.88455947458399997 ) ) ;
#2410 = CARTESIAN_POINT ( 'NONE',  ( 0.0000000000000000000, -5.795199161759920337, 9.372862536810737666 ) ) ;
#2411 = CARTESIAN_POINT ( 'NONE',  ( 1.502845596186368704, 5.924880838070049727, 0.0000000000000000000 ) ) ;
#2412 = SURFACE_STYLE_FILL_AREA ( #773 ) ;
#2413 = CARTESIAN_POINT ( 'NONE',  ( 6.213276922344950215, 3.101520183108080531, 11.70411371344519935 ) ) ;
#2414 = SURFACE_STYLE_FILL_AREA ( #2876 ) ;
#2415 = EDGE_CURVE ( 'NONE', #6107, #6976, #91, .T. ) ;
#2416 = VECTOR ( 'NONE', #7851, 1000.000000000000000 ) ;
#2417 = COLOUR_RGB ( '',0.7450980392156862919, 0.7450980392156862919, 0.7450980392156862919 ) ;
#2418 = LINE ( 'NONE', #6639, #1109 ) ;
#2419 = DIRECTION ( 'NONE',  ( -1.000000000000000000, 0.0000000000000000000, 0.0000000000000000000 ) ) ;
#2420 = EDGE_CURVE ( 'NONE', #10308, #5727, #6557, .T. ) ;
#2421 = FACE_OUTER_BOUND ( 'NONE', #2079, .T. ) ;
#2422 =( LENGTH_UNIT ( ) NAMED_UNIT ( * ) SI_UNIT ( .MILLI., .METRE. ) );
#2423 = ORIENTED_EDGE ( 'NONE', *, *, #1679, .F. ) ;
#2424 =( NAMED_UNIT ( * ) SI_UNIT ( $, .STERADIAN. ) SOLID_ANGLE_UNIT ( ) );
#2425 = VECTOR ( 'NONE', #8972, 1000.000000000000000 ) ;
#2426 =( LENGTH_UNIT ( ) NAMED_UNIT ( * ) SI_UNIT ( .MILLI., .METRE. ) );
#2427 = STYLED_ITEM ( 'NONE', ( #74 ), #4184 ) ;
#2428 = EDGE_CURVE ( 'NONE', #8613, #1569, #6738, .T. ) ;
#2429 = CARTESIAN_POINT ( 'NONE',  ( 2.049999999999999822, -3.718853837536510110, 9.400000000000000355 ) ) ;
#2430 = VECTOR ( 'NONE', #9261, 1000.000000000000000 ) ;
#2431 = DIRECTION ( 'NONE',  ( 0.0000000000000000000, 0.0000000000000000000, -1.000000000000000000 ) ) ;
#2432 = ORIENTED_EDGE ( 'NONE', *, *, #2103, .T. ) ;
#2433 = AXIS2_PLACEMENT_3D ( 'NONE', #1346, #10629, #4867 ) ;
#2434 = FILL_AREA_STYLE_COLOUR ( '', #7644 ) ;
#2435 =( NAMED_UNIT ( * ) PLANE_ANGLE_UNIT ( ) SI_UNIT ( $, .RADIAN. ) );
#2436 = PRESENTATION_STYLE_ASSIGNMENT (( #8393 ) ) ;
#2437 =( NAMED_UNIT ( * ) SI_UNIT ( $, .STERADIAN. ) SOLID_ANGLE_UNIT ( ) );
#2438 = VERTEX_POINT ( 'NONE', #5915 ) ;
#2439 = COLOUR_RGB ( '',0.1764705882352941013, 0.1764705882352941013, 0.1764705882352941013 ) ;
#2440 = ORIENTED_EDGE ( 'NONE', *, *, #3708, .T. ) ;
#2441 = FILL_AREA_STYLE_COLOUR ( '', #926 ) ;
#2442 = SURFACE_SIDE_STYLE ('',( #9973 ) ) ;
#2443 = SURFACE_SIDE_STYLE ('',( #10645 ) ) ;
#2444 = ORIENTED_EDGE ( 'NONE', *, *, #5259, .T. ) ;
#2445 = DIRECTION ( 'NONE',  ( -1.000000000000000000, -0.0000000000000000000, -0.0000000000000000000 ) ) ;
#2446 =( BOUNDED_CURVE ( )  B_SPLINE_CURVE ( 2, ( #6614, #5687, #3968, #1485, #757, #10655, #6672, #9226, #4167 ),
 .UNSPECIFIED., .F., .F. ) 
 B_SPLINE_CURVE_WITH_KNOTS ( ( 3, 2, 2, 2, 3 ),
 ( 0.0000000000000000000, 0.0004641838493722407919, 0.01267974475203287148, 0.01314392860140514360, 0.02437446078231886304 ),
 .UNSPECIFIED. ) 
 CURVE ( )  GEOMETRIC_REPRESENTATION_ITEM ( )  RATIONAL_B_SPLINE_CURVE ( ( 1.000000000000000000, 0.7071067811865479058, 1.000000000000000000, 1.000000000000000000, 1.000000000000000000, 0.7071067811865489050, 1.000000000000000000, 1.000000000000000000, 1.000000000000000000 ) ) 
 REPRESENTATION_ITEM ( '' )  );
#2447 = VECTOR ( 'NONE', #8309, 1000.000000000000000 ) ;
#2448 = FILL_AREA_STYLE_COLOUR ( '', #4672 ) ;
#2449 = ORIENTED_EDGE ( 'NONE', *, *, #7570, .T. ) ;
#2450 = CARTESIAN_POINT ( 'NONE',  ( -0.2891656640866170913, 0.08763981510858312451, 11.88455947458399997 ) ) ;
#2451 =( NAMED_UNIT ( * ) SI_UNIT ( $, .STERADIAN. ) SOLID_ANGLE_UNIT ( ) );
#2452 = CARTESIAN_POINT ( 'NONE',  ( -1.801812055671260016, -6.200000000000001066, 2.775557561562890118E-17 ) ) ;
#2453 = ORIENTED_EDGE ( 'NONE', *, *, #9573, .F. ) ;
#2454 = COLOUR_RGB ( '',0.1764705882352941013, 0.1764705882352941013, 0.1764705882352941013 ) ;
#2455 = CARTESIAN_POINT ( 'NONE',  ( -1.128220461120369889, -4.349999999999999645, -7.873056750283473050E-18 ) ) ;
#2456 = PLANE ( 'NONE',  #918 ) ;
#2457 = SURFACE_SIDE_STYLE ('',( #601 ) ) ;
#2458 = DIRECTION ( 'NONE',  ( 0.5841048720509752767, 0.8116781988240867607, 0.0000000000000000000 ) ) ;
#2459 = LINE ( 'NONE', #4171, #4665 ) ;
#2460 = EDGE_LOOP ( 'NONE', ( #9773, #1176, #1423, #6486, #5973, #8276, #8677, #2597, #4825, #4120, #5431, #6442, #293, #10351 ) ) ;
#2461 = FILL_AREA_STYLE_COLOUR ( '', #10757 ) ;
#2462 = VERTEX_POINT ( 'NONE', #9237 ) ;
#2463 = CARTESIAN_POINT ( 'NONE',  ( 0.5308644678855309884, -0.8248224854555400443, 11.83455947458400104 ) ) ;
#2464 = FILL_AREA_STYLE_COLOUR ( '', #8503 ) ;
#2465 =( LENGTH_UNIT ( ) NAMED_UNIT ( * ) SI_UNIT ( .MILLI., .METRE. ) );
#2466 =( LENGTH_UNIT ( ) NAMED_UNIT ( * ) SI_UNIT ( .MILLI., .METRE. ) );
#2467 =( NAMED_UNIT ( * ) SI_UNIT ( $, .STERADIAN. ) SOLID_ANGLE_UNIT ( ) );
#2468 = CARTESIAN_POINT ( 'NONE',  ( -4.440892098500630106E-16, -3.072439817376820148, 11.70411371344519935 ) ) ;
#2469 = CIRCLE ( 'NONE', #10175, 0.2500000000000002220 ) ;
#2470 = LINE ( 'NONE', #5869, #1397 ) ;
#2471 = VECTOR ( 'NONE', #2538, 1000.000000000000114 ) ;
#2472 = CARTESIAN_POINT ( 'NONE',  ( 1.801812055671260016, 6.200000000000001066, 0.0000000000000000000 ) ) ;
#2473 = DIRECTION ( 'NONE',  ( 0.0000000000000000000, -0.0000000000000000000, 1.000000000000000000 ) ) ;
#2474 = AXIS2_PLACEMENT_3D ( 'NONE', #6798, #3475, #2534 ) ;
#2475 = LINE ( 'NONE', #9197, #5480 ) ;
#2476 = EDGE_CURVE ( 'NONE', #4928, #7037, #9864, .T. ) ;
#2477 = VERTEX_POINT ( 'NONE', #1816 ) ;
#2478 = PRESENTATION_STYLE_ASSIGNMENT (( #10013 ) ) ;
#2479 = DIRECTION ( 'NONE',  ( 0.0000000000000000000, 0.0000000000000000000, -1.000000000000000000 ) ) ;
#2480 = STYLED_ITEM ( 'NONE', ( #9848 ), #7108 ) ;
#2481 = MECHANICAL_DESIGN_GEOMETRIC_PRESENTATION_REPRESENTATION (  '', ( #1086 ), #6020 ) ;
#2482 = CARTESIAN_POINT ( 'NONE',  ( 1.275687477019799898, -0.6610424396600900199, 11.78455947458400033 ) ) ;
#2483 = CARTESIAN_POINT ( 'NONE',  ( 0.5308644678855309884, -0.8248224854555400443, 11.88455947458399997 ) ) ;
#2484 = EDGE_CURVE ( 'NONE', #5673, #5727, #9291, .T. ) ;
#2485 = VECTOR ( 'NONE', #6377, 1000.000000000000000 ) ;
#2486 = CARTESIAN_POINT ( 'NONE',  ( 3.628220461120369222, -4.349999999999982769, 3.713689351335052718E-18 ) ) ;
#2487 = MECHANICAL_DESIGN_GEOMETRIC_PRESENTATION_REPRESENTATION (  '', ( #4788 ), #9696 ) ;
#2488 = STYLED_ITEM ( 'NONE', ( #5814 ), #6501 ) ;
#2489 = SURFACE_STYLE_USAGE ( .BOTH. , #6651 ) ;
#2490 = DIRECTION ( 'NONE',  ( 0.0000000000000000000, 0.0000000000000000000, 1.000000000000000000 ) ) ;
#2491 = ORIENTED_EDGE ( 'NONE', *, *, #5247, .F. ) ;
#2492 =( LENGTH_UNIT ( ) NAMED_UNIT ( * ) SI_UNIT ( .MILLI., .METRE. ) );
#2493 = EDGE_CURVE ( 'NONE', #6479, #6363, #4283, .T. ) ;
#2494 = EDGE_LOOP ( 'NONE', ( #4673, #6818 ) ) ;
#2495 = VECTOR ( 'NONE', #7033, 1000.000000000000000 ) ;
#2496 = CARTESIAN_POINT ( 'NONE',  ( 0.9841776519562150938, -0.8206810398378659999, 11.88455947458399997 ) ) ;
#2497 = LINE ( 'NONE', #5895, #743 ) ;
#2498 = SURFACE_STYLE_USAGE ( .BOTH. , #1002 ) ;
#2499 = VERTEX_POINT ( 'NONE', #3114 ) ;
#2500 = VECTOR ( 'NONE', #4096, 1000.000000000000000 ) ;
#2501 = DIRECTION ( 'NONE',  ( -0.0000000000000000000, 0.0000000000000000000, -1.000000000000000000 ) ) ;
#2502 = CIRCLE ( 'NONE', #5328, 0.2999999999999976574 ) ;
#2503 = EDGE_CURVE ( 'NONE', #820, #1964, #321, .T. ) ;
#2504 = B_SPLINE_CURVE_WITH_KNOTS ( 'NONE', 2,
 ( #1379, #9781, #6505 ),
 .UNSPECIFIED., .F., .F.,
 ( 3, 3 ),
 ( 0.0000000000000000000, 0.0006889092083937075912 ),
 .UNSPECIFIED. ) ;
#2505 = ORIENTED_EDGE ( 'NONE', *, *, #3645, .F. ) ;
#2506 = CARTESIAN_POINT ( 'NONE',  ( -0.1538117053356199970, 0.1503281054638720138, 11.88455947458400352 ) ) ;
#2507 = EDGE_CURVE ( 'NONE', #2687, #6855, #10373, .T. ) ;
#2508 = CARTESIAN_POINT ( 'NONE',  ( -0.6981879443287400955, 5.899999999999995914, 2.000000000000000000 ) ) ;
#2509 = FILL_AREA_STYLE_COLOUR ( '', #9257 ) ;
#2510 = MECHANICAL_DESIGN_GEOMETRIC_PRESENTATION_REPRESENTATION (  '', ( #4087 ), #6225 ) ;
#2511 = ORIENTED_EDGE ( 'NONE', *, *, #4987, .F. ) ;
#2512 = CARTESIAN_POINT ( 'NONE',  ( -6.200000000000001066, -3.274999999999990141, 2.000000000000000000 ) ) ;
#2513 =( LENGTH_UNIT ( ) NAMED_UNIT ( * ) SI_UNIT ( .MILLI., .METRE. ) );
#2514 = UNCERTAINTY_MEASURE_WITH_UNIT (LENGTH_MEASURE( 1.000000000000000082E-05 ), #1685, 'distance_accuracy_value', 'NONE');
#2515 =( BOUNDED_SURFACE ( )  B_SPLINE_SURFACE ( 1, 2, ( 
 ( #1384, #1492, #8116, #3856, #4785, #10546, #3081, #543, #4850 ),
 ( #3970, #655, #4012, #6565, #5753, #10710, #3194, #9883, #9084 ) ),
 .UNSPECIFIED., .F., .F., .F. ) 
 B_SPLINE_SURFACE_WITH_KNOTS ( ( 2, 2 ),
 ( 3, 2, 2, 2, 3 ),
 ( 0.0000000000000000000, 6.173960000484900235 ),
 ( -49.48984784746679821, -38.08862478363860049, -37.61738588560010044, -25.21616282177189916, -24.74492392373339911 ),
 .UNSPECIFIED. ) 
 GEOMETRIC_REPRESENTATION_ITEM ( )  RATIONAL_B_SPLINE_SURFACE ( (
 ( 1.000000000000000000, 1.000000000000000000, 1.000000000000000000, 0.7071067811865490160, 1.000000000000000000, 1.000000000000000000, 1.000000000000000000, 0.7071067811865460184, 1.000000000000000000),
 ( 1.000000000000000000, 1.000000000000000000, 1.000000000000000000, 0.7071067811865490160, 1.000000000000000000, 1.000000000000000000, 1.000000000000000000, 0.7071067811865460184, 1.000000000000000000) ) ) 
 REPRESENTATION_ITEM ( '' )  SURFACE ( )  );
#2516 =( GEOMETRIC_REPRESENTATION_CONTEXT ( 3 ) GLOBAL_UNCERTAINTY_ASSIGNED_CONTEXT ( ( #9330 ) ) GLOBAL_UNIT_ASSIGNED_CONTEXT ( ( #8415, #4226, #4953 ) ) REPRESENTATION_CONTEXT ( 'NONE', 'WORKASPACE' ) );
#2517 = ORIENTED_EDGE ( 'NONE', *, *, #8563, .F. ) ;
#2518 = STYLED_ITEM ( 'NONE', ( #861 ), #10861 ) ;
#2519 =( NAMED_UNIT ( * ) PLANE_ANGLE_UNIT ( ) SI_UNIT ( $, .RADIAN. ) );
#2520 = MECHANICAL_DESIGN_GEOMETRIC_PRESENTATION_REPRESENTATION (  '', ( #8000 ), #9722 ) ;
#2521 = DIRECTION ( 'NONE',  ( 0.0000000000000000000, -0.0000000000000000000, -1.000000000000000000 ) ) ;
#2522 = VERTEX_POINT ( 'NONE', #3569 ) ;
#2523 = DIRECTION ( 'NONE',  ( 0.08293612690015343680, 0.9965548649496431821, -0.0000000000000000000 ) ) ;
#2524 = FILL_AREA_STYLE ('',( #1040 ) ) ;
#2525 = LINE ( 'NONE', #1763, #5155 ) ;
#2526 = PRESENTATION_LAYER_ASSIGNMENT (  '', '', ( #4108 ) ) ;
#2527 = SURFACE_STYLE_USAGE ( .BOTH. , #10885 ) ;
#2528 = DIRECTION ( 'NONE',  ( 1.000000000000000000, 0.0000000000000000000, -0.0000000000000000000 ) ) ;
#2529 = DIRECTION ( 'NONE',  ( 1.000000000000000000, -0.0000000000000000000, 0.0000000000000000000 ) ) ;
#2530 = CIRCLE ( 'NONE', #7822, 0.2500000000000002220 ) ;
#2531 = MECHANICAL_DESIGN_GEOMETRIC_PRESENTATION_REPRESENTATION (  '', ( #236 ), #8871 ) ;
#2532 = SURFACE_STYLE_FILL_AREA ( #5025 ) ;
#2533 = VECTOR ( 'NONE', #1702, 1000.000000000000114 ) ;
#2534 = DIRECTION ( 'NONE',  ( 1.000000000000000000, 0.0000000000000000000, 0.0000000000000000000 ) ) ;
#2535 =( NAMED_UNIT ( * ) SI_UNIT ( $, .STERADIAN. ) SOLID_ANGLE_UNIT ( ) );
#2536 = SURFACE_STYLE_USAGE ( .BOTH. , #5771 ) ;
#2537 = FILL_AREA_STYLE_COLOUR ( '', #10042 ) ;
#2538 = DIRECTION ( 'NONE',  ( -0.08293612690015332578, -0.9965548649496431821, -0.0000000000000000000 ) ) ;
#2539 = EDGE_LOOP ( 'NONE', ( #6296, #2453, #1410, #10160 ) ) ;
#2540 = DIRECTION ( 'NONE',  ( -0.9918481827706644438, 0.1274252029016662013, 0.0000000000000000000 ) ) ;
#2541 = SURFACE_STYLE_FILL_AREA ( #5880 ) ;
#2542 = FILL_AREA_STYLE ('',( #8490 ) ) ;
#2543 = CARTESIAN_POINT ( 'NONE',  ( -6.500000000000000888, 3.077560182623180651, 11.69185809281900035 ) ) ;
#2544 = EDGE_CURVE ( 'NONE', #8262, #8179, #8628, .T. ) ;
#2545 = SURFACE_STYLE_USAGE ( .BOTH. , #8601 ) ;
#2546 = COLOUR_RGB ( '',0.1764705882352941013, 0.1764705882352941013, 0.1764705882352941013 ) ;
#2547 = CARTESIAN_POINT ( 'NONE',  ( 0.0000000000000000000, 5.795199161759920337, 9.372862536810730560 ) ) ;
#2548 = ORIENTED_EDGE ( 'NONE', *, *, #8111, .F. ) ;
#2549 = CARTESIAN_POINT ( 'NONE',  ( 0.5745390977393469711, -0.5027216306745480034, 11.88455947458399997 ) ) ;
#2550 = FACE_OUTER_BOUND ( 'NONE', #4162, .T. ) ;
#2551 = CARTESIAN_POINT ( 'NONE',  ( 0.9971544038136319621, -5.924880838070049727, 2.000000000000000000 ) ) ;
#2552 = ORIENTED_EDGE ( 'NONE', *, *, #7362, .F. ) ;
#2553 = MECHANICAL_DESIGN_GEOMETRIC_PRESENTATION_REPRESENTATION (  '', ( #3091 ), #979 ) ;
#2554 = AXIS2_PLACEMENT_3D ( 'NONE', #3841, #1246, #2124 ) ;
#2555 = EDGE_CURVE ( 'NONE', #7037, #784, #581, .T. ) ;
#2556 = DIRECTION ( 'NONE',  ( -0.0000000000000000000, -0.0000000000000000000, -1.000000000000000000 ) ) ;
#2557 = ORIENTED_EDGE ( 'NONE', *, *, #1495, .T. ) ;
#2559 =( LENGTH_UNIT ( ) NAMED_UNIT ( * ) SI_UNIT ( .MILLI., .METRE. ) );
#2558 = PRESENTATION_LAYER_ASSIGNMENT (  '', '', ( #2730 ) ) ;
#2560 = ORIENTED_EDGE ( 'NONE', *, *, #9587, .T. ) ;
#2561 = CARTESIAN_POINT ( 'NONE',  ( 4.599635752693320256, -5.262074737350116216, 9.121305846258950467 ) ) ;
#2562 = DIRECTION ( 'NONE',  ( 1.000000000000000000, 0.0000000000000000000, 0.0000000000000000000 ) ) ;
#2563 =( GEOMETRIC_REPRESENTATION_CONTEXT ( 3 ) GLOBAL_UNCERTAINTY_ASSIGNED_CONTEXT ( ( #1850 ) ) GLOBAL_UNIT_ASSIGNED_CONTEXT ( ( #6605, #3175, #9976 ) ) REPRESENTATION_CONTEXT ( 'NONE', 'WORKASPACE' ) );
#2564 = EDGE_CURVE ( 'NONE', #3810, #6145, #9711, .T. ) ;
#2565 = CARTESIAN_POINT ( 'NONE',  ( -0.5832167597487419863, 0.8058249842585190059, 11.78455947458400033 ) ) ;
#2566 = CARTESIAN_POINT ( 'NONE',  ( 4.950000000000000178, -5.900000000000000355, 10.50000000000000000 ) ) ;
#2567 = EDGE_CURVE ( 'NONE', #7723, #7540, #6173, .T. ) ;
#2568 = ORIENTED_EDGE ( 'NONE', *, *, #9499, .F. ) ;
#2569 = CARTESIAN_POINT ( 'NONE',  ( -0.09714760328769500575, -0.8443067856685230188, 11.88455947458399997 ) ) ;
#2570 = CARTESIAN_POINT ( 'NONE',  ( -2.049999999999999822, -3.718944926047639932, 9.372862536810730560 ) ) ;
#2571 = ORIENTED_EDGE ( 'NONE', *, *, #5542, .T. ) ;
#2572 = DIRECTION ( 'NONE',  ( 1.000000000000000000, -8.673617379884013384E-15, 0.0000000000000000000 ) ) ;
#2573 = LINE ( 'NONE', #9491, #6589 ) ;
#2574 = SURFACE_SIDE_STYLE ('',( #4344 ) ) ;
#2575 = CARTESIAN_POINT ( 'NONE',  ( -2.750000000000000000, -4.599999999999999645, -4.673891202419779844 ) ) ;
#2576 = FILL_AREA_STYLE_COLOUR ( '', #5193 ) ;
#2577 = LINE ( 'NONE', #146, #3491 ) ;
#2578 = FACE_OUTER_BOUND ( 'NONE', #9866, .T. ) ;
#2579 = CARTESIAN_POINT ( 'NONE',  ( 6.199999999999992184, -3.072439817376820148, -0.008141907180948334752 ) ) ;
#2580 = FILL_AREA_STYLE ('',( #3585 ) ) ;
#2581 = LINE ( 'NONE', #4191, #3735 ) ;
#2582 = FACE_OUTER_BOUND ( 'NONE', #4686, .T. ) ;
#2583 = ORIENTED_EDGE ( 'NONE', *, *, #2872, .F. ) ;
#2584 = CARTESIAN_POINT ( 'NONE',  ( 0.0000000000000000000, -5.795199161759920337, 9.372862536810730560 ) ) ;
#2585 = DIRECTION ( 'NONE',  ( 0.0000000000000000000, 0.0000000000000000000, 1.000000000000000000 ) ) ;
#2586 = VECTOR ( 'NONE', #110, 1000.000000000000000 ) ;
#2587 = PRESENTATION_STYLE_ASSIGNMENT (( #8495 ) ) ;
#2588 = MANIFOLD_SOLID_BREP ( 'brep_13', #10650 ) ;
#2589 = FILL_AREA_STYLE_COLOUR ( '', #1505 ) ;
#2590 = EDGE_LOOP ( 'NONE', ( #4371, #1955, #806, #5990 ) ) ;
#2591 = FILL_AREA_STYLE ('',( #228 ) ) ;
#2592 = EDGE_CURVE ( 'NONE', #6325, #10275, #5340, .T. ) ;
#2593 = EDGE_LOOP ( 'NONE', ( #4757, #2628, #3619, #7405, #1533, #4328, #6214, #4016, #10816, #5098, #10863, #1582 ) ) ;
#2594 =( NAMED_UNIT ( * ) PLANE_ANGLE_UNIT ( ) SI_UNIT ( $, .RADIAN. ) );
#2595 = FACE_OUTER_BOUND ( 'NONE', #6039, .T. ) ;
#2596 = DIRECTION ( 'NONE',  ( 1.000000000000000000, 0.0000000000000000000, 0.0000000000000000000 ) ) ;
#2597 = ORIENTED_EDGE ( 'NONE', *, *, #4963, .T. ) ;
#2598 =( LENGTH_UNIT ( ) NAMED_UNIT ( * ) SI_UNIT ( .MILLI., .METRE. ) );
#2599 =( GEOMETRIC_REPRESENTATION_CONTEXT ( 3 ) GLOBAL_UNCERTAINTY_ASSIGNED_CONTEXT ( ( #3615 ) ) GLOBAL_UNIT_ASSIGNED_CONTEXT ( ( #3876, #6305, #8876 ) ) REPRESENTATION_CONTEXT ( 'NONE', 'WORKASPACE' ) );
#2600 = FACE_OUTER_BOUND ( 'NONE', #9705, .T. ) ;
#2601 = VERTEX_POINT ( 'NONE', #8695 ) ;
#2602 = LINE ( 'NONE', #9173, #7132 ) ;
#2603 = CARTESIAN_POINT ( 'NONE',  ( -3.628220461120370111, -4.349999999999999645, 2.000000000000000888 ) ) ;
#2604 = FACE_OUTER_BOUND ( 'NONE', #5233, .T. ) ;
#2605 = STYLED_ITEM ( 'NONE', ( #9019 ), #5400 ) ;
#2606 = CARTESIAN_POINT ( 'NONE',  ( -0.2567862034654720405, 0.6299967456919850495, 11.78455947458400033 ) ) ;
#2607 = EDGE_CURVE ( 'NONE', #2074, #980, #5612, .T. ) ;
#2608 = SURFACE_STYLE_FILL_AREA ( #4276 ) ;
#2609 = EDGE_CURVE ( 'NONE', #4572, #4705, #1466, .T. ) ;
#2610 = ORIENTED_EDGE ( 'NONE', *, *, #6070, .T. ) ;
#2611 = CARTESIAN_POINT ( 'NONE',  ( -0.9435331914172789824, 0.4564273938970728750, 11.88455947458399997 ) ) ;
#2612 = ORIENTED_EDGE ( 'NONE', *, *, #5487, .T. ) ;
#2613 = LINE ( 'NONE', #10150, #1621 ) ;
#2614 = PLANE ( 'NONE',  #418 ) ;
#2615 = PLANE ( 'NONE',  #2923 ) ;
#2616 = PLANE ( 'NONE',  #2821 ) ;
#2617 = CARTESIAN_POINT ( 'NONE',  ( -2.943533191417280204, 0.7696804059452660995, 11.88455947458399997 ) ) ;
#2618 = COLOUR_RGB ( '',0.7450980392156862919, 0.7450980392156862919, 0.7450980392156862919 ) ;
#2619 = DIRECTION ( 'NONE',  ( 0.0000000000000000000, -1.000000000000000000, 2.689679381759779043E-16 ) ) ;
#2620 =( NAMED_UNIT ( * ) PLANE_ANGLE_UNIT ( ) SI_UNIT ( $, .RADIAN. ) );
#2621 = CARTESIAN_POINT ( 'NONE',  ( -5.900000000000000355, -6.200000000000001066, 0.9999999999999985567 ) ) ;
#2622 = ORIENTED_EDGE ( 'NONE', *, *, #898, .T. ) ;
#2623 = MECHANICAL_DESIGN_GEOMETRIC_PRESENTATION_REPRESENTATION (  '', ( #5113 ), #1238 ) ;
#2624 = EDGE_CURVE ( 'NONE', #8035, #3582, #4451, .T. ) ;
#2625 = CARTESIAN_POINT ( 'NONE',  ( -5.250000000000000000, 4.099999999999999645, 0.3261087975802219874 ) ) ;
#2626 = CARTESIAN_POINT ( 'NONE',  ( 5.000000000000000000, 4.349999999999999645, 0.3261087975802219874 ) ) ;
#2627 =( LENGTH_UNIT ( ) NAMED_UNIT ( * ) SI_UNIT ( .MILLI., .METRE. ) );
#2628 = ORIENTED_EDGE ( 'NONE', *, *, #9617, .T. ) ;
#2629 =( NAMED_UNIT ( * ) SI_UNIT ( $, .STERADIAN. ) SOLID_ANGLE_UNIT ( ) );
#2630 = PRESENTATION_LAYER_ASSIGNMENT (  '', '', ( #4942 ) ) ;
#2631 = DIRECTION ( 'NONE',  ( 0.0000000000000000000, 0.0000000000000000000, -1.000000000000000000 ) ) ;
#2632 = CARTESIAN_POINT ( 'NONE',  ( 0.3335752423176610026, -0.5699278784167179923, 11.78455947458400033 ) ) ;
#2633 = AXIS2_PLACEMENT_3D ( 'NONE', #3260, #10769, #662 ) ;
#2634 = SURFACE_STYLE_FILL_AREA ( #7792 ) ;
#2635 = PLANE ( 'NONE',  #7913 ) ;
#2636 = VECTOR ( 'NONE', #8774, 1000.000000000000000 ) ;
#2637 = CARTESIAN_POINT ( 'NONE',  ( 2.911888495329709947, 0.9985960685958690242, 11.88455947458399997 ) ) ;
#2638 = MECHANICAL_DESIGN_GEOMETRIC_PRESENTATION_REPRESENTATION (  '', ( #7431 ), #3371 ) ;
#2639 = FILL_AREA_STYLE_COLOUR ( '', #6533 ) ;
#2640 = ORIENTED_EDGE ( 'NONE', *, *, #2031, .F. ) ;
#2641 = CARTESIAN_POINT ( 'NONE',  ( 1.157558747866519910, -0.8206810398378659999, 11.88455947458399997 ) ) ;
#2642 = SURFACE_STYLE_USAGE ( .BOTH. , #1653 ) ;
#2643 = ORIENTED_EDGE ( 'NONE', *, *, #4578, .F. ) ;
#2644 = PLANE ( 'NONE',  #5931 ) ;
#2645 = PRESENTATION_LAYER_ASSIGNMENT (  '', '', ( #1793 ) ) ;
#2646 = PLANE ( 'NONE',  #7361 ) ;
#2647 = COLOUR_RGB ( '',0.4117647058823529216, 0.4117647058823529216, 0.4117647058823529216 ) ;
#2648 = EDGE_CURVE ( 'NONE', #4057, #5673, #2469, .T. ) ;
#2649 = PRESENTATION_LAYER_ASSIGNMENT (  '', '', ( #2843 ) ) ;
#2650 = DIRECTION ( 'NONE',  ( 1.000000000000000000, 0.0000000000000000000, -0.0000000000000000000 ) ) ;
#2651 = ORIENTED_EDGE ( 'NONE', *, *, #7623, .F. ) ;
#2652 = CARTESIAN_POINT ( 'NONE',  ( -1.801812055671260016, -6.200000000000001066, 0.0000000000000000000 ) ) ;
#2653 = SURFACE_STYLE_FILL_AREA ( #1858 ) ;
#2654 = ORIENTED_EDGE ( 'NONE', *, *, #10141, .F. ) ;
#2655 = CARTESIAN_POINT ( 'NONE',  ( 0.5308644678855309884, -0.8248224854555400443, 11.88455947458399997 ) ) ;
#2656 = CARTESIAN_POINT ( 'NONE',  ( -0.01582234804378450030, 0.6281141868459350075, 11.88455947458399997 ) ) ;
#2657 = VECTOR ( 'NONE', #3063, 1000.000000000000000 ) ;
#2658 = MANIFOLD_SOLID_BREP ( 'brep_6', #6106 ) ;
#2659 = PRESENTATION_LAYER_ASSIGNMENT (  '', '', ( #6387 ) ) ;
#2660 = PLANE ( 'NONE',  #8346 ) ;
#2661 = SURFACE_STYLE_FILL_AREA ( #5214 ) ;
#2662 =( GEOMETRIC_REPRESENTATION_CONTEXT ( 3 ) GLOBAL_UNCERTAINTY_ASSIGNED_CONTEXT ( ( #5401 ) ) GLOBAL_UNIT_ASSIGNED_CONTEXT ( ( #7210, #7156, #10413 ) ) REPRESENTATION_CONTEXT ( 'NONE', 'WORKASPACE' ) );
#2663 = EDGE_CURVE ( 'NONE', #2337, #7824, #5892, .T. ) ;
#2664 = CARTESIAN_POINT ( 'NONE',  ( 3.871779538879629889, -4.349999999999999645, -5.551115123125780237E-17 ) ) ;
#2665 = ORIENTED_EDGE ( 'NONE', *, *, #4156, .F. ) ;
#2666 = CARTESIAN_POINT ( 'NONE',  ( -0.3798094936966650570, 0.2456782402672189891, 11.88455947458399997 ) ) ;
#2667 = ORIENTED_EDGE ( 'NONE', *, *, #6885, .F. ) ;
#2668 = MECHANICAL_DESIGN_GEOMETRIC_PRESENTATION_REPRESENTATION (  '', ( #1461 ), #10221 ) ;
#2669 = SURFACE_STYLE_USAGE ( .BOTH. , #2574 ) ;
#2670 = FACE_OUTER_BOUND ( 'NONE', #5557, .T. ) ;
#2671 = DIRECTION ( 'NONE',  ( -1.000000000000000000, 0.0000000000000000000, 0.0000000000000000000 ) ) ;
#2672 = ADVANCED_FACE ( 'NONE', ( #3953 ), #10799, .T. ) ;
#2673 = CIRCLE ( 'NONE', #8846, 0.2999999999999964362 ) ;
#2674 = LINE ( 'NONE', #6118, #7001 ) ;
#2675 = MANIFOLD_SOLID_BREP ( 'brep_3', #10293 ) ;
#2676 = MECHANICAL_DESIGN_GEOMETRIC_PRESENTATION_REPRESENTATION (  '', ( #3234 ), #5716 ) ;
#2677 = PRESENTATION_LAYER_ASSIGNMENT (  '', '', ( #8686 ) ) ;
#2678 = FILL_AREA_STYLE ('',( #100 ) ) ;
#2679 = DIRECTION ( 'NONE',  ( 0.0000000000000000000, -1.000000000000000000, -0.0000000000000000000 ) ) ;
#2680 = ADVANCED_FACE ( 'NONE', ( #5784 ), #7422, .T. ) ;
#2681 = EDGE_LOOP ( 'NONE', ( #4324, #9166, #1050, #3989 ) ) ;
#2682 = ORIENTED_EDGE ( 'NONE', *, *, #1879, .F. ) ;
#2683 = CARTESIAN_POINT ( 'NONE',  ( 4.599635752693309598, 5.252467287468929769, 2.248810271714769993 ) ) ;
#2684 = FILL_AREA_STYLE_COLOUR ( '', #10582 ) ;
#2685 = SURFACE_SIDE_STYLE ('',( #1938 ) ) ;
#2686 =( GEOMETRIC_REPRESENTATION_CONTEXT ( 3 ) GLOBAL_UNCERTAINTY_ASSIGNED_CONTEXT ( ( #5061 ) ) GLOBAL_UNIT_ASSIGNED_CONTEXT ( ( #5972, #7669, #210 ) ) REPRESENTATION_CONTEXT ( 'NONE', 'WORKASPACE' ) );
#2687 = VERTEX_POINT ( 'NONE', #4426 ) ;
#2688 = CARTESIAN_POINT ( 'NONE',  ( 0.9971544038136319621, 5.924880838070049727, 5.551115123125780237E-17 ) ) ;
#2689 = EDGE_CURVE ( 'NONE', #1686, #10447, #9311, .T. ) ;
#2690 = CARTESIAN_POINT ( 'NONE',  ( 1.791406567618869961, -0.2905605579101560587, 11.78455947458400033 ) ) ;
#2691 =( LENGTH_UNIT ( ) NAMED_UNIT ( * ) SI_UNIT ( .MILLI., .METRE. ) );
#2692 = CARTESIAN_POINT ( 'NONE',  ( -0.2891656640866170913, 0.08763981510858312451, 11.88455947458399997 ) ) ;
#2693 = STYLED_ITEM ( 'NONE', ( #5397 ), #8407 ) ;
#2694 = EDGE_CURVE ( 'NONE', #387, #8236, #115, .T. ) ;
#2695 = AXIS2_PLACEMENT_3D ( 'NONE', #5787, #4930, #6602 ) ;
#2696 = SURFACE_STYLE_FILL_AREA ( #10164 ) ;
#2697 = LINE ( 'NONE', #112, #3076 ) ;
#2698 = LINE ( 'NONE', #10229, #4202 ) ;
#2699 = PRESENTATION_LAYER_ASSIGNMENT (  '', '', ( #8696 ) ) ;
#2700 = ORIENTED_EDGE ( 'NONE', *, *, #5319, .T. ) ;
#2701 = CARTESIAN_POINT ( 'NONE',  ( 0.7663690864973089489, 1.010644261366949959, 11.88455947458399997 ) ) ;
#2702 = MECHANICAL_DESIGN_GEOMETRIC_PRESENTATION_REPRESENTATION (  '', ( #4484 ), #7650 ) ;
#2703 = ORIENTED_EDGE ( 'NONE', *, *, #6472, .F. ) ;
#2704 = FILL_AREA_STYLE ('',( #6771 ) ) ;
#2705 = PRESENTATION_STYLE_ASSIGNMENT (( #10237 ) ) ;
#2706 = AXIS2_PLACEMENT_3D ( 'NONE', #4314, #1784, #6139 ) ;
#2707 = DIRECTION ( 'NONE',  ( 0.0000000000000000000, 0.0000000000000000000, -1.000000000000000000 ) ) ;
#2708 = EDGE_LOOP ( 'NONE', ( #5279, #4446, #3046, #409 ) ) ;
#2709 =( LENGTH_UNIT ( ) NAMED_UNIT ( * ) SI_UNIT ( .MILLI., .METRE. ) );
#2710 = DIRECTION ( 'NONE',  ( 0.0000000000000000000, -0.0000000000000000000, -1.000000000000000000 ) ) ;
#2711 = EDGE_LOOP ( 'NONE', ( #4227, #6932, #9516, #1051 ) ) ;
#2712 = ORIENTED_EDGE ( 'NONE', *, *, #9016, .T. ) ;
#2713 = CARTESIAN_POINT ( 'NONE',  ( -0.01582234804378450030, 0.4920073884001490150, 11.88455947458399997 ) ) ;
#2714 = AXIS2_PLACEMENT_3D ( 'NONE', #3251, #1593, #4063 ) ;
#2715 = EDGE_CURVE ( 'NONE', #4375, #2199, #4482, .T. ) ;
#2716 = DIRECTION ( 'NONE',  ( -0.0000000000000000000, 1.000000000000000000, 0.0000000000000000000 ) ) ;
#2717 = SURFACE_SIDE_STYLE ('',( #2661 ) ) ;
#2718 =( LENGTH_UNIT ( ) NAMED_UNIT ( * ) SI_UNIT ( .MILLI., .METRE. ) );
#2719 = AXIS2_PLACEMENT_3D ( 'NONE', #7506, #3926, #10717 ) ;
#2720 = ORIENTED_EDGE ( 'NONE', *, *, #7304, .T. ) ;
#2721 = CARTESIAN_POINT ( 'NONE',  ( -0.5832167597487419863, 0.8058249842585190059, 11.88455947458399997 ) ) ;
#2722 = CARTESIAN_POINT ( 'NONE',  ( 2.670924639908020204, -0.5194762205607580396, 11.78455947458400033 ) ) ;
#2723 = AXIS2_PLACEMENT_3D ( 'NONE', #5838, #1472, #3232 ) ;
#2724 = ORIENTED_EDGE ( 'NONE', *, *, #8957, .T. ) ;
#2725 = DIRECTION ( 'NONE',  ( 1.000000000000000000, 0.0000000000000000000, 0.0000000000000000000 ) ) ;
#2726 = UNCERTAINTY_MEASURE_WITH_UNIT (LENGTH_MEASURE( 1.000000000000000082E-05 ), #6859, 'distance_accuracy_value', 'NONE');
#2727 =( NAMED_UNIT ( * ) SI_UNIT ( $, .STERADIAN. ) SOLID_ANGLE_UNIT ( ) );
#2728 =( NAMED_UNIT ( * ) PLANE_ANGLE_UNIT ( ) SI_UNIT ( $, .RADIAN. ) );
#2729 = PRESENTATION_STYLE_ASSIGNMENT (( #2919 ) ) ;
#2730 = STYLED_ITEM ( 'NONE', ( #854 ), #3493 ) ;
#2731 = DIRECTION ( 'NONE',  ( -1.000000000000000000, 0.0000000000000000000, 0.0000000000000000000 ) ) ;
#2732 = SURFACE_SIDE_STYLE ('',( #10203 ) ) ;
#2733 = EDGE_CURVE ( 'NONE', #10409, #4600, #1788, .T. ) ;
#2734 = CARTESIAN_POINT ( 'NONE',  ( 4.301812055671258683, -5.900000000000003020, 1.999999999999999556 ) ) ;
#2735 = FILL_AREA_STYLE_COLOUR ( '', #7470 ) ;
#2736 = CARTESIAN_POINT ( 'NONE',  ( -5.900000000000010125, -5.899999999999998579, 2.000000000000000000 ) ) ;
#2737 = CIRCLE ( 'NONE', #8938, 0.1217795388796299727 ) ;
#2738 = ORIENTED_EDGE ( 'NONE', *, *, #2607, .F. ) ;
#2739 = ORIENTED_EDGE ( 'NONE', *, *, #3651, .F. ) ;
#2740 = DIRECTION ( 'NONE',  ( 1.000000000000000000, -0.0000000000000000000, 0.0000000000000000000 ) ) ;
#2741 = DIRECTION ( 'NONE',  ( -1.000000000000000000, 0.0000000000000000000, 0.0000000000000000000 ) ) ;
#2742 = VECTOR ( 'NONE', #6875, 1000.000000000000000 ) ;
#2743 = CARTESIAN_POINT ( 'NONE',  ( 4.999999999999999112, -3.072439817376820148, 11.69185809281900035 ) ) ;
#2744 =( NAMED_UNIT ( * ) PLANE_ANGLE_UNIT ( ) SI_UNIT ( $, .RADIAN. ) );
#2745 = ORIENTED_EDGE ( 'NONE', *, *, #2348, .F. ) ;
#2746 =( NAMED_UNIT ( * ) PLANE_ANGLE_UNIT ( ) SI_UNIT ( $, .RADIAN. ) );
#2747 = CARTESIAN_POINT ( 'NONE',  ( 0.5745390977393469711, -0.5027216306745480034, 11.88455947458399997 ) ) ;
#2748 = ADVANCED_FACE ( 'NONE', ( #3545 ), #65, .T. ) ;
#2749 = DIRECTION ( 'NONE',  ( 1.000000000000000000, 0.0000000000000000000, -0.0000000000000000000 ) ) ;
#2750 = MECHANICAL_DESIGN_GEOMETRIC_PRESENTATION_REPRESENTATION (  '', ( #10301 ), #9435 ) ;
#2751 = DIRECTION ( 'NONE',  ( 0.9889363528682970639, 0.1483404529302477515, 0.0000000000000000000 ) ) ;
#2752 = EDGE_CURVE ( 'NONE', #4278, #7945, #1845, .T. ) ;
#2753 = MANIFOLD_SOLID_BREP ( 'brep_1', #2942 ) ;
#2754 =( LENGTH_UNIT ( ) NAMED_UNIT ( * ) SI_UNIT ( .MILLI., .METRE. ) );
#2755 =( NAMED_UNIT ( * ) PLANE_ANGLE_UNIT ( ) SI_UNIT ( $, .RADIAN. ) );
#2756 = DIRECTION ( 'NONE',  ( 0.0000000000000000000, -0.0000000000000000000, -1.000000000000000000 ) ) ;
#2757 = DIRECTION ( 'NONE',  ( 0.0000000000000000000, -0.0000000000000000000, 1.000000000000000000 ) ) ;
#2758 = ORIENTED_EDGE ( 'NONE', *, *, #9573, .T. ) ;
#2759 = DIRECTION ( 'NONE',  ( 1.000000000000000000, 0.0000000000000000000, 0.0000000000000000000 ) ) ;
#2760 = CARTESIAN_POINT ( 'NONE',  ( -1.801812055671259127, 5.900000000000002132, -5.574710172721694554E-16 ) ) ;
#2761 = MECHANICAL_DESIGN_GEOMETRIC_PRESENTATION_REPRESENTATION (  '', ( #10849 ), #9273 ) ;
#2762 = CARTESIAN_POINT ( 'NONE',  ( -3.628220461120370111, 4.350000000000003197, 2.000000000000000444 ) ) ;
#2763 = CARTESIAN_POINT ( 'NONE',  ( 1.791406567618869961, -0.2905605579101560032, 11.78455947458400033 ) ) ;
#2764 = ORIENTED_EDGE ( 'NONE', *, *, #1156, .F. ) ;
#2765 =( NAMED_UNIT ( * ) SI_UNIT ( $, .STERADIAN. ) SOLID_ANGLE_UNIT ( ) );
#2766 = UNCERTAINTY_MEASURE_WITH_UNIT (LENGTH_MEASURE( 1.000000000000000082E-05 ), #5323, 'distance_accuracy_value', 'NONE');
#2767 = ORIENTED_EDGE ( 'NONE', *, *, #7726, .F. ) ;
#2768 = AXIS2_PLACEMENT_3D ( 'NONE', #56, #1727, #3381 ) ;
#2769 = PRESENTATION_LAYER_ASSIGNMENT (  '', '', ( #1389 ) ) ;
#2770 = PLANE ( 'NONE',  #4654 ) ;
#2771 = CARTESIAN_POINT ( 'NONE',  ( -6.513276922344959807, -3.072439817376822813, -0.02039752780706740459 ) ) ;
#2772 = ORIENTED_EDGE ( 'NONE', *, *, #8403, .F. ) ;
#2773 = ORIENTED_EDGE ( 'NONE', *, *, #7906, .F. ) ;
#2774 = CARTESIAN_POINT ( 'NONE',  ( -0.7259126979993411055, 0.8058249842585190059, 11.78455947458399500 ) ) ;
#2775 = CARTESIAN_POINT ( 'NONE',  ( 4.453928499320490175, 5.090210818238899648, 5.691330911619885136 ) ) ;
#2776 = PRESENTATION_STYLE_ASSIGNMENT (( #1082 ) ) ;
#2777 = DIRECTION ( 'NONE',  ( -1.000000000000000000, 0.0000000000000000000, -0.0000000000000000000 ) ) ;
#2778 =( NAMED_UNIT ( * ) SI_UNIT ( $, .STERADIAN. ) SOLID_ANGLE_UNIT ( ) );
#2779 = PRESENTATION_LAYER_ASSIGNMENT (  '', '', ( #7907 ) ) ;
#2780 = AXIS2_PLACEMENT_3D ( 'NONE', #3890, #8143, #6433 ) ;
#2781 = CARTESIAN_POINT ( 'NONE',  ( -1.699999999999999956, 3.275000000000000355, 1.649999999999999911 ) ) ;
#2782 = ORIENTED_EDGE ( 'NONE', *, *, #1087, .F. ) ;
#2783 = CARTESIAN_POINT ( 'NONE',  ( -6.500000000000000888, -3.072439817376820592, -0.008141907180959438717 ) ) ;
#2784 = FACE_OUTER_BOUND ( 'NONE', #7897, .T. ) ;
#2785 = ORIENTED_EDGE ( 'NONE', *, *, #2841, .T. ) ;
#2786 = COLOUR_RGB ( '',0.4117647058823529216, 0.4117647058823529216, 0.4117647058823529216 ) ;
#2787 = PRESENTATION_STYLE_ASSIGNMENT (( #6946 ) ) ;
#2788 = LINE ( 'NONE', #2185, #2376 ) ;
#2789 = STYLED_ITEM ( 'NONE', ( #9646 ), #616 ) ;
#2790 = UNCERTAINTY_MEASURE_WITH_UNIT (LENGTH_MEASURE( 1.000000000000000082E-05 ), #4650, 'distance_accuracy_value', 'NONE');
#2791 = CARTESIAN_POINT ( 'NONE',  ( 3.176948736293559783, -0.2905605579101560032, 11.88455947458399997 ) ) ;
#2792 = SURFACE_STYLE_FILL_AREA ( #1043 ) ;
#2793 = CARTESIAN_POINT ( 'NONE',  ( -1.699999999999999956, -3.274999999999990141, 1.649999999999999911 ) ) ;
#2794 = DIRECTION ( 'NONE',  ( 0.0000000000000000000, 0.0000000000000000000, 1.000000000000000000 ) ) ;
#2795 = LINE ( 'NONE', #7888, #398 ) ;
#2796 = FILL_AREA_STYLE ('',( #4458 ) ) ;
#2797 =( BOUNDED_CURVE ( )  B_SPLINE_CURVE ( 2, ( #9239, #93, #8473, #6005, #3468, #10882, #6842, #8532, #5180 ),
 .UNSPECIFIED., .F., .F. ) 
 B_SPLINE_CURVE_WITH_KNOTS ( ( 3, 2, 2, 2, 3 ),
 ( 0.0000000000000000000, 0.001808574167130802112, 0.007492455713118902766, 0.009301029880249703577, 0.02014710150898714816 ),
 .UNSPECIFIED. ) 
 CURVE ( )  GEOMETRIC_REPRESENTATION_ITEM ( )  RATIONAL_B_SPLINE_CURVE ( ( 1.000000000000000000, 0.7071067811865480168, 1.000000000000000000, 1.000000000000000000, 1.000000000000000000, 0.7071067811865480168, 1.000000000000000000, 1.000000000000000000, 1.000000000000000000 ) ) 
 REPRESENTATION_ITEM ( '' )  );
#2798 = MANIFOLD_SOLID_BREP ( 'brep_2', #5218 ) ;
#2799 = AXIS2_PLACEMENT_3D ( 'NONE', #8110, #9780, #5403 ) ;
#2800 =( NAMED_UNIT ( * ) SI_UNIT ( $, .STERADIAN. ) SOLID_ANGLE_UNIT ( ) );
#2801 = EDGE_CURVE ( 'NONE', #6150, #6876, #2502, .T. ) ;
#2802 = CARTESIAN_POINT ( 'NONE',  ( 1.375000000000000000, -3.072439817376820148, 1.091858092819040005 ) ) ;
#2803 = ORIENTED_EDGE ( 'NONE', *, *, #2624, .F. ) ;
#2804 = ORIENTED_EDGE ( 'NONE', *, *, #5367, .T. ) ;
#2805 = CARTESIAN_POINT ( 'NONE',  ( -3.876735726934810167, -5.984948569671960428, 9.120415862334729340 ) ) ;
#2806 = DIRECTION ( 'NONE',  ( 0.0000000000000000000, -0.0000000000000000000, -1.000000000000000000 ) ) ;
#2807 = DIRECTION ( 'NONE',  ( 0.0000000000000000000, 0.0000000000000000000, -1.000000000000000000 ) ) ;
#2808 = SURFACE_SIDE_STYLE ('',( #3753 ) ) ;
#2809 = ORIENTED_EDGE ( 'NONE', *, *, #10285, .F. ) ;
#2810 = CARTESIAN_POINT ( 'NONE',  ( -0.9971544038136331833, 5.924880838070046174, 8.671984026310458567E-18 ) ) ;
#2811 = CARTESIAN_POINT ( 'NONE',  ( -3.871779538879632110, -4.349999999999977440, 8.226308522630610910E-18 ) ) ;
#2812 = PLANE ( 'NONE',  #3138 ) ;
#2813 = LINE ( 'NONE', #4636, #4010 ) ;
#2814 =( GEOMETRIC_REPRESENTATION_CONTEXT ( 3 ) GLOBAL_UNCERTAINTY_ASSIGNED_CONTEXT ( ( #6115 ) ) GLOBAL_UNIT_ASSIGNED_CONTEXT ( ( #10508, #1112, #1942 ) ) REPRESENTATION_CONTEXT ( 'NONE', 'WORKASPACE' ) );
#2815 = SURFACE_STYLE_FILL_AREA ( #4535 ) ;
#2816 = EDGE_CURVE ( 'NONE', #6479, #7248, #9258, .T. ) ;
#2817 =( GEOMETRIC_REPRESENTATION_CONTEXT ( 3 ) GLOBAL_UNCERTAINTY_ASSIGNED_CONTEXT ( ( #1214 ) ) GLOBAL_UNIT_ASSIGNED_CONTEXT ( ( #6307, #567, #4644 ) ) REPRESENTATION_CONTEXT ( 'NONE', 'WORKASPACE' ) );
#2818 = CARTESIAN_POINT ( 'NONE',  ( 6.610175751530340094, -3.072439817376820148, -0.08657411874590380252 ) ) ;
#2819 =( NAMED_UNIT ( * ) SI_UNIT ( $, .STERADIAN. ) SOLID_ANGLE_UNIT ( ) );
#2820 = ORIENTED_EDGE ( 'NONE', *, *, #3517, .T. ) ;
#2821 = AXIS2_PLACEMENT_3D ( 'NONE', #2575, #7507, #8533 ) ;
#2822 = CARTESIAN_POINT ( 'NONE',  ( 3.753928499320489998, 5.795199161759920337, 9.372862536810727008 ) ) ;
#2823 = CARTESIAN_POINT ( 'NONE',  ( 6.513276922344959807, 3.101520183108080531, -0.02039752780706740112 ) ) ;
#2824 = EDGE_LOOP ( 'NONE', ( #751, #6474, #9975, #10368 ) ) ;
#2825 = CARTESIAN_POINT ( 'NONE',  ( 4.301812055671249801, 6.200000000000001066, 0.0000000000000000000 ) ) ;
#2826 = ADVANCED_FACE ( 'NONE', ( #2882 ), #6256, .T. ) ;
#2827 =( NAMED_UNIT ( * ) PLANE_ANGLE_UNIT ( ) SI_UNIT ( $, .RADIAN. ) );
#2828 = STYLED_ITEM ( 'NONE', ( #3951 ), #6811 ) ;
#2829 = EDGE_LOOP ( 'NONE', ( #7433, #9966, #5389, #671 ) ) ;
#2830 = AXIS2_PLACEMENT_3D ( 'NONE', #10408, #8884, #7150 ) ;
#2831 = EDGE_CURVE ( 'NONE', #8540, #6160, #4080, .T. ) ;
#2832 = FACE_OUTER_BOUND ( 'NONE', #7416, .T. ) ;
#2833 = ORIENTED_EDGE ( 'NONE', *, *, #1769, .T. ) ;
#2834 = UNCERTAINTY_MEASURE_WITH_UNIT (LENGTH_MEASURE( 1.000000000000000082E-05 ), #850, 'distance_accuracy_value', 'NONE');
#2835 =( LENGTH_UNIT ( ) NAMED_UNIT ( * ) SI_UNIT ( .MILLI., .METRE. ) );
#2836 = ORIENTED_EDGE ( 'NONE', *, *, #3982, .T. ) ;
#2837 = SURFACE_STYLE_FILL_AREA ( #5496 ) ;
#2838 = CARTESIAN_POINT ( 'NONE',  ( 6.610175751530339205, -3.072439817376820148, 11.81236413145949982 ) ) ;
#2839 = MANIFOLD_SOLID_BREP ( 'brep_14', #2395 ) ;
#2840 = PRESENTATION_STYLE_ASSIGNMENT (( #3839 ) ) ;
#2841 = EDGE_CURVE ( 'NONE', #3001, #1413, #9845, .T. ) ;
#2842 = MECHANICAL_DESIGN_GEOMETRIC_PRESENTATION_REPRESENTATION (  '', ( #384 ), #8998 ) ;
#2843 = STYLED_ITEM ( 'NONE', ( #7137 ), #6438 ) ;
#2844 = EDGE_CURVE ( 'NONE', #8251, #8236, #8175, .T. ) ;
#2845 =( LENGTH_UNIT ( ) NAMED_UNIT ( * ) SI_UNIT ( .MILLI., .METRE. ) );
#2846 = AXIS2_PLACEMENT_3D ( 'NONE', #10102, #1713, #5961 ) ;
#2847 = ORIENTED_EDGE ( 'NONE', *, *, #6472, .T. ) ;
#2848 = CARTESIAN_POINT ( 'NONE',  ( -6.500000000000000888, 3.077560182623180651, 10.29185809281899999 ) ) ;
#2849 = DIRECTION ( 'NONE',  ( 0.0000000000000000000, 0.0000000000000000000, 1.000000000000000000 ) ) ;
#2850 = VERTEX_POINT ( 'NONE', #2373 ) ;
#2851 = COLOUR_RGB ( '',0.1764705882352941013, 0.1764705882352941013, 0.1764705882352941013 ) ;
#2852 = UNCERTAINTY_MEASURE_WITH_UNIT (LENGTH_MEASURE( 1.000000000000000082E-05 ), #5661, 'distance_accuracy_value', 'NONE');
#2853 = VECTOR ( 'NONE', #3946, 1000.000000000000000 ) ;
#2854 = CARTESIAN_POINT ( 'NONE',  ( -4.950000000000000178, -6.200000000000001066, 9.400000000000000355 ) ) ;
#2855 = LINE ( 'NONE', #1927, #1815 ) ;
#2856 = LINE ( 'NONE', #9576, #9398 ) ;
#2857 = FILL_AREA_STYLE_COLOUR ( '', #375 ) ;
#2858 = CARTESIAN_POINT ( 'NONE',  ( 0.7016099814113669897, 0.6635057416207670311, 11.78455947458400033 ) ) ;
#2859 = DIRECTION ( 'NONE',  ( 0.0000000000000000000, 1.000000000000000000, 0.0000000000000000000 ) ) ;
#2860 = VECTOR ( 'NONE', #7052, 1000.000000000000000 ) ;
#2861 = PLANE ( 'NONE',  #4978 ) ;
#2862 = EDGE_LOOP ( 'NONE', ( #6226, #1137, #1354, #5377 ) ) ;
#2863 = EDGE_LOOP ( 'NONE', ( #9992, #2423 ) ) ;
#2864 = FILL_AREA_STYLE ('',( #1107 ) ) ;
#2865 = DIRECTION ( 'NONE',  ( 0.0000000000000000000, -1.000000000000000000, 0.0000000000000000000 ) ) ;
#2866 = CARTESIAN_POINT ( 'NONE',  ( 6.500000000000000888, -3.072439817376820148, 5.691858092819041204 ) ) ;
#2867 =( GEOMETRIC_REPRESENTATION_CONTEXT ( 3 ) GLOBAL_UNCERTAINTY_ASSIGNED_CONTEXT ( ( #4667 ) ) GLOBAL_UNIT_ASSIGNED_CONTEXT ( ( #4862, #9902, #2265 ) ) REPRESENTATION_CONTEXT ( 'NONE', 'WORKASPACE' ) );
#2868 = UNCERTAINTY_MEASURE_WITH_UNIT (LENGTH_MEASURE( 1.000000000000000082E-05 ), #6861, 'distance_accuracy_value', 'NONE');
#2869 = FILL_AREA_STYLE ('',( #7896 ) ) ;
#2870 = CARTESIAN_POINT ( 'NONE',  ( -4.599635752693320256, -5.984948569671960428, 9.120415862334729340 ) ) ;
#2871 =( NAMED_UNIT ( * ) SI_UNIT ( $, .STERADIAN. ) SOLID_ANGLE_UNIT ( ) );
#2872 = EDGE_CURVE ( 'NONE', #6168, #7554, #4133, .T. ) ;
#2873 =( BOUNDED_SURFACE ( )  B_SPLINE_SURFACE ( 1, 2, ( 
 ( #2306, #5766, #6688, #2468, #5704, #10835, #8379, #7560, #9037 ),
 ( #8215, #9953, #4022, #5020, #2413, #7397, #829, #4182, #10719 ) ),
 .UNSPECIFIED., .F., .F., .F. ) 
 B_SPLINE_SURFACE_WITH_KNOTS ( ( 2, 2 ),
 ( 3, 2, 2, 2, 3 ),
 ( 0.0000000000000000000, 6.173960000484900235 ),
 ( 0.0000000000000000000, 0.4712388980384690229, 12.87246196186669955, 13.34370085990519961, 24.74492392373339911 ),
 .UNSPECIFIED. ) 
 GEOMETRIC_REPRESENTATION_ITEM ( )  RATIONAL_B_SPLINE_SURFACE ( (
 ( 1.000000000000000000, 0.7071067811865480168, 1.000000000000000000, 1.000000000000000000, 1.000000000000000000, 0.7071067811865490160, 1.000000000000000000, 1.000000000000000000, 1.000000000000000000),
 ( 1.000000000000000000, 0.7071067811865480168, 1.000000000000000000, 1.000000000000000000, 1.000000000000000000, 0.7071067811865490160, 1.000000000000000000, 1.000000000000000000, 1.000000000000000000) ) ) 
 REPRESENTATION_ITEM ( '' )  SURFACE ( )  );
#2874 =( NAMED_UNIT ( * ) PLANE_ANGLE_UNIT ( ) SI_UNIT ( $, .RADIAN. ) );
#2875 = COLOUR_RGB ( '',0.4117647058823529216, 0.4117647058823529216, 0.4117647058823529216 ) ;
#2876 = FILL_AREA_STYLE ('',( #7074 ) ) ;
#2877 = VECTOR ( 'NONE', #1483, 1000.000000000000000 ) ;
#2878 = MANIFOLD_SOLID_BREP ( 'brep_8', #7693 ) ;
#2879 = MECHANICAL_DESIGN_GEOMETRIC_PRESENTATION_REPRESENTATION (  '', ( #2518 ), #49 ) ;
#2880 = PRESENTATION_STYLE_ASSIGNMENT (( #7077 ) ) ;
#2881 =( LENGTH_UNIT ( ) NAMED_UNIT ( * ) SI_UNIT ( .MILLI., .METRE. ) );
#2882 = FACE_OUTER_BOUND ( 'NONE', #6707, .T. ) ;
#2883 = ORIENTED_EDGE ( 'NONE', *, *, #2914, .F. ) ;
#2884 = DIRECTION ( 'NONE',  ( 0.0000000000000000000, 0.003356540638043129920, 0.9999943668016060272 ) ) ;
#2885 = STYLED_ITEM ( 'NONE', ( #5104 ), #8611 ) ;
#2886 = FILL_AREA_STYLE_COLOUR ( '', #6104 ) ;
#2887 = ORIENTED_EDGE ( 'NONE', *, *, #9891, .F. ) ;
#2888 = CARTESIAN_POINT ( 'NONE',  ( -2.943533191417280204, -0.9893557386330470438, 11.78455947458400033 ) ) ;
#2889 = EDGE_CURVE ( 'NONE', #1161, #3071, #5674, .T. ) ;
#2890 = CIRCLE ( 'NONE', #7133, 0.2999999999999964362 ) ;
#2891 = DIRECTION ( 'NONE',  ( -1.000000000000000000, 0.0000000000000000000, 0.0000000000000000000 ) ) ;
#2892 = VECTOR ( 'NONE', #10851, 1000.000000000000000 ) ;
#2893 = VERTEX_POINT ( 'NONE', #8275 ) ;
#2894 = CARTESIAN_POINT ( 'NONE',  ( -2.049999999999999822, 3.750000000000000000, 2.010536847301319874 ) ) ;
#2895 = CARTESIAN_POINT ( 'NONE',  ( 1.791406567618869961, -0.2905605579101560032, 11.88455947458399997 ) ) ;
#2896 = PLANE ( 'NONE',  #2780 ) ;
#2897 = EDGE_LOOP ( 'NONE', ( #1919, #3682, #9010, #4550 ) ) ;
#2898 = CARTESIAN_POINT ( 'NONE',  ( 2.750000000000000000, -4.349999999999999645, 0.3261087975802219874 ) ) ;
#2899 = EDGE_LOOP ( 'NONE', ( #7420, #1701, #2444, #3798 ) ) ;
#2900 = CARTESIAN_POINT ( 'NONE',  ( -0.9164247117214300298, 0.6311262809996150969, 11.78455947458399500 ) ) ;
#2901 = DIRECTION ( 'NONE',  ( -0.0000000000000000000, -0.0000000000000000000, 1.000000000000000000 ) ) ;
#2902 = SURFACE_SIDE_STYLE ('',( #1243 ) ) ;
#2903 = PLANE ( 'NONE',  #5991 ) ;
#2904 = COLOUR_RGB ( '',0.4117647058823529216, 0.4117647058823529216, 0.4117647058823529216 ) ;
#2905 = DIRECTION ( 'NONE',  ( -1.000000000000000000, 0.0000000000000000000, 0.0000000000000000000 ) ) ;
#2906 = EDGE_CURVE ( 'NONE', #7824, #10253, #2475, .T. ) ;
#2907 = UNCERTAINTY_MEASURE_WITH_UNIT (LENGTH_MEASURE( 1.000000000000000082E-05 ), #10496, 'distance_accuracy_value', 'NONE');
#2908 = VECTOR ( 'NONE', #1718, 1000.000000000000000 ) ;
#2909 = CARTESIAN_POINT ( 'NONE',  ( 0.6981879443287379861, -5.900000000000003020, 8.069038145280589938E-17 ) ) ;
#2910 = ORIENTED_EDGE ( 'NONE', *, *, #1679, .T. ) ;
#2911 = DIRECTION ( 'NONE',  ( -0.0000000000000000000, -0.0000000000000000000, -1.000000000000000000 ) ) ;
#2912 = CARTESIAN_POINT ( 'NONE',  ( -0.2499999999999998335, -4.350000000000010303, -4.673891202419779844 ) ) ;
#2913 = ORIENTED_EDGE ( 'NONE', *, *, #1565, .F. ) ;
#2914 = EDGE_CURVE ( 'NONE', #1978, #7909, #5294, .T. ) ;
#2915 = DIRECTION ( 'NONE',  ( -1.000000000000000000, 0.0000000000000000000, 0.0000000000000000000 ) ) ;
#2916 = UNCERTAINTY_MEASURE_WITH_UNIT (LENGTH_MEASURE( 1.000000000000000082E-05 ), #5254, 'distance_accuracy_value', 'NONE');
#2917 = ADVANCED_FACE ( 'NONE', ( #2582 ), #5084, .T. ) ;
#2918 = FILL_AREA_STYLE ('',( #4400 ) ) ;
#2919 = SURFACE_STYLE_USAGE ( .BOTH. , #7884 ) ;
#2920 = FILL_AREA_STYLE_COLOUR ( '', #7329 ) ;
#2921 = DIRECTION ( 'NONE',  ( -1.000000000000000000, 0.0000000000000000000, -0.0000000000000000000 ) ) ;
#2922 = DIRECTION ( 'NONE',  ( -0.5840051066032011517, -0.8117499833454778768, -0.0000000000000000000 ) ) ;
#2923 = AXIS2_PLACEMENT_3D ( 'NONE', #1197, #2915, #3020 ) ;
#2924 =( NAMED_UNIT ( * ) PLANE_ANGLE_UNIT ( ) SI_UNIT ( $, .RADIAN. ) );
#2925 = ORIENTED_EDGE ( 'NONE', *, *, #4156, .T. ) ;
#2926 = ORIENTED_EDGE ( 'NONE', *, *, #6966, .F. ) ;
#2927 = CARTESIAN_POINT ( 'NONE',  ( -4.599635752693320256, -5.262074737350119769, 9.121305846256259287 ) ) ;
#2928 = CARTESIAN_POINT ( 'NONE',  ( 3.876735726934810167, 5.984188079270050586, 9.135151959694818302 ) ) ;
#2929 = VECTOR ( 'NONE', #1096, 1000.000000000000000 ) ;
#2930 =( LENGTH_UNIT ( ) NAMED_UNIT ( * ) SI_UNIT ( .MILLI., .METRE. ) );
#2931 = VECTOR ( 'NONE', #8048, 1000.000000000000000 ) ;
#2932 =( NAMED_UNIT ( * ) PLANE_ANGLE_UNIT ( ) SI_UNIT ( $, .RADIAN. ) );
#2933 = PRESENTATION_STYLE_ASSIGNMENT (( #10395 ) ) ;
#2934 =( GEOMETRIC_REPRESENTATION_CONTEXT ( 3 ) GLOBAL_UNCERTAINTY_ASSIGNED_CONTEXT ( ( #6195 ) ) GLOBAL_UNIT_ASSIGNED_CONTEXT ( ( #6714, #6769, #167 ) ) REPRESENTATION_CONTEXT ( 'NONE', 'WORKASPACE' ) );
#2935 = MANIFOLD_SOLID_BREP ( 'brep_19', #8391 ) ;
#2936 = DIRECTION ( 'NONE',  ( -0.8116781988240853174, 0.5841048720509774972, 3.604575299683113538E-16 ) ) ;
#2937 = LINE ( 'NONE', #5596, #1041 ) ;
#2938 = LINE ( 'NONE', #9476, #6897 ) ;
#2939 = ORIENTED_EDGE ( 'NONE', *, *, #10325, .F. ) ;
#2940 = FILL_AREA_STYLE ('',( #6977 ) ) ;
#2941 = VERTEX_POINT ( 'NONE', #10113 ) ;
#2942 = CLOSED_SHELL ( 'NONE', ( #1712, #1759, #2209, #6158 ) ) ;
#2943 = PRESENTATION_STYLE_ASSIGNMENT (( #10469 ) ) ;
#2944 = AXIS2_PLACEMENT_3D ( 'NONE', #5204, #10174, #6152 ) ;
#2945 = CARTESIAN_POINT ( 'NONE',  ( -0.8238983232653399602, -0.7303195940547340115, 11.88455947458399997 ) ) ;
#2946 = ORIENTED_EDGE ( 'NONE', *, *, #2663, .F. ) ;
#2947 =( LENGTH_UNIT ( ) NAMED_UNIT ( * ) SI_UNIT ( .MILLI., .METRE. ) );
#2948 = PRESENTATION_STYLE_ASSIGNMENT (( #8037 ) ) ;
#2949 = DIRECTION ( 'NONE',  ( -1.546750702438386128E-16, -2.689679381759932378E-16, -1.000000000000000000 ) ) ;
#2950 = EDGE_LOOP ( 'NONE', ( #1194, #5453, #169, #6933 ) ) ;
#2951 = AXIS2_PLACEMENT_3D ( 'NONE', #299, #10522, #9753 ) ;
#2952 = SURFACE_SIDE_STYLE ('',( #420 ) ) ;
#2953 = ORIENTED_EDGE ( 'NONE', *, *, #2195, .T. ) ;
#2954 = CARTESIAN_POINT ( 'NONE',  ( -0.4390149582649400251, 0.8058249842585190059, 11.78455947458399500 ) ) ;
#2955 = CARTESIAN_POINT ( 'NONE',  ( 6.305712614295090113, -3.072439817376820148, 11.81236413145949982 ) ) ;
#2956 = DIRECTION ( 'NONE',  ( 0.0000000000000000000, -0.0000000000000000000, 1.000000000000000000 ) ) ;
#2957 = CARTESIAN_POINT ( 'NONE',  ( -0.6566354516828779575, 0.1644471129656109865, 11.88455947458399997 ) ) ;
#2958 = AXIS2_PLACEMENT_3D ( 'NONE', #2262, #9897, #1667 ) ;
#2959 = EDGE_LOOP ( 'NONE', ( #8505, #9337, #708, #5619 ) ) ;
#2960 =( NAMED_UNIT ( * ) SI_UNIT ( $, .STERADIAN. ) SOLID_ANGLE_UNIT ( ) );
#2961 = SURFACE_SIDE_STYLE ('',( #9569 ) ) ;
#2962 = VERTEX_POINT ( 'NONE', #5924 ) ;
#2963 = ADVANCED_FACE ( 'NONE', ( #8435 ), #106, .T. ) ;
#2964 = UNCERTAINTY_MEASURE_WITH_UNIT (LENGTH_MEASURE( 1.000000000000000082E-05 ), #10763, 'distance_accuracy_value', 'NONE');
#2965 = VECTOR ( 'NONE', #6162, 1000.000000000000000 ) ;
#2966 = CARTESIAN_POINT ( 'NONE',  ( -2.943533191417280204, 0.7696804059452659885, 11.78455947458400033 ) ) ;
#2967 = VECTOR ( 'NONE', #5839, 1000.000000000000000 ) ;
#2968 =( NAMED_UNIT ( * ) PLANE_ANGLE_UNIT ( ) SI_UNIT ( $, .RADIAN. ) );
#2969 = SURFACE_SIDE_STYLE ('',( #8800 ) ) ;
#2970 = DIRECTION ( 'NONE',  ( -0.0000000000000000000, -0.0000000000000000000, -1.000000000000000000 ) ) ;
#2971 = LINE ( 'NONE', #3342, #832 ) ;
#2972 = EDGE_CURVE ( 'NONE', #7218, #3667, #3698, .T. ) ;
#2973 = FILL_AREA_STYLE ('',( #382 ) ) ;
#2974 = MECHANICAL_DESIGN_GEOMETRIC_PRESENTATION_REPRESENTATION (  '', ( #9647 ), #5815 ) ;
#2975 = CARTESIAN_POINT ( 'NONE',  ( -0.4309201390705599266, 1.010644261366949959, 11.78455947458399677 ) ) ;
#2976 = ORIENTED_EDGE ( 'NONE', *, *, #3044, .T. ) ;
#2977 = PRODUCT_DEFINITION_CONTEXT ( 'detailed design', #760, 'design' ) ;
#2978 = ORIENTED_EDGE ( 'NONE', *, *, #7607, .F. ) ;
#2979 = AXIS2_PLACEMENT_3D ( 'NONE', #5028, #45, #2419 ) ;
#2980 = ADVANCED_FACE ( 'NONE', ( #3813 ), #8924, .T. ) ;
#2981 = SURFACE_STYLE_USAGE ( .BOTH. , #8013 ) ;
#2982 = SURFACE_SIDE_STYLE ('',( #5585 ) ) ;
#2983 = CARTESIAN_POINT ( 'NONE',  ( 2.250000000000000000, 4.349999999999999645, -4.673891202419779844 ) ) ;
#2984 = DIRECTION ( 'NONE',  ( -0.08293612690015332578, 0.9965548649496431821, 0.0000000000000000000 ) ) ;
#2985 = SURFACE_SIDE_STYLE ('',( #452 ) ) ;
#2986 = SURFACE_STYLE_USAGE ( .BOTH. , #4021 ) ;
#2987 = FACE_OUTER_BOUND ( 'NONE', #3840, .T. ) ;
#2988 = COLOUR_RGB ( '',0.7450980392156862919, 0.7450980392156862919, 0.7450980392156862919 ) ;
#2989 = FILL_AREA_STYLE ('',( #5418 ) ) ;
#2990 =( NAMED_UNIT ( * ) SI_UNIT ( $, .STERADIAN. ) SOLID_ANGLE_UNIT ( ) );
#2991 = DIRECTION ( 'NONE',  ( 0.0000000000000000000, 1.000000000000000000, -1.445602896647352130E-15 ) ) ;
#2992 = ADVANCED_FACE ( 'NONE', ( #6188 ), #7067, .T. ) ;
#2993 = STYLED_ITEM ( 'NONE', ( #7595 ), #5470 ) ;
#2994 = ORIENTED_EDGE ( 'NONE', *, *, #9041, .F. ) ;
#2995 = CARTESIAN_POINT ( 'NONE',  ( 0.6228260886878059788, 0.8966570697531639489, 11.78455947458399855 ) ) ;
#2996 = CARTESIAN_POINT ( 'NONE',  ( 6.213276922344959985, -3.072439817376820148, -0.3203975278070689825 ) ) ;
#2997 = ORIENTED_EDGE ( 'NONE', *, *, #8033, .F. ) ;
#2998 = SURFACE_SIDE_STYLE ('',( #413 ) ) ;
#2999 = VECTOR ( 'NONE', #4473, 1000.000000000000000 ) ;
#3000 = CARTESIAN_POINT ( 'NONE',  ( -0.1483524685257129883, -0.5829173506108279446, 11.78455947458400033 ) ) ;
#3001 = VERTEX_POINT ( 'NONE', #4630 ) ;
#3002 =( NAMED_UNIT ( * ) SI_UNIT ( $, .STERADIAN. ) SOLID_ANGLE_UNIT ( ) );
#3003 =( NAMED_UNIT ( * ) PLANE_ANGLE_UNIT ( ) SI_UNIT ( $, .RADIAN. ) );
#3004 = ORIENTED_EDGE ( 'NONE', *, *, #5345, .F. ) ;
#3005 = CARTESIAN_POINT ( 'NONE',  ( 6.500000000000000888, 0.002560182623180008721, -0.008141907180956841836 ) ) ;
#3006 = ORIENTED_EDGE ( 'NONE', *, *, #1070, .F. ) ;
#3007 = CARTESIAN_POINT ( 'NONE',  ( -0.9435331914172789824, 0.4564273938970729860, 11.78455947458400033 ) ) ;
#3008 = CARTESIAN_POINT ( 'NONE',  ( -4.440892098500630106E-16, -3.072439817376820148, 11.81236413145949982 ) ) ;
#3009 = CYLINDRICAL_SURFACE ( 'NONE', #617, 0.3000000000000033751 ) ;
#3010 =( NAMED_UNIT ( * ) SI_UNIT ( $, .STERADIAN. ) SOLID_ANGLE_UNIT ( ) );
#3011 = ORIENTED_EDGE ( 'NONE', *, *, #10325, .T. ) ;
#3012 = VECTOR ( 'NONE', #6863, 1000.000000000000000 ) ;
#3013 = PRESENTATION_LAYER_ASSIGNMENT (  '', '', ( #7763 ) ) ;
#3014 = UNCERTAINTY_MEASURE_WITH_UNIT (LENGTH_MEASURE( 1.000000000000000082E-05 ), #2881, 'distance_accuracy_value', 'NONE');
#3015 = STYLED_ITEM ( 'NONE', ( #5797 ), #6158 ) ;
#3016 = ORIENTED_EDGE ( 'NONE', *, *, #10873, .F. ) ;
#3017 = SURFACE_STYLE_FILL_AREA ( #2127 ) ;
#3018 = FACE_OUTER_BOUND ( 'NONE', #5566, .T. ) ;
#3019 = DIRECTION ( 'NONE',  ( 5.341794766806390008E-15, -1.000000000000000000, -1.658182125529438592E-16 ) ) ;
#3020 = DIRECTION ( 'NONE',  ( 0.0000000000000000000, 0.0000000000000000000, 1.000000000000000000 ) ) ;
#3021 = UNCERTAINTY_MEASURE_WITH_UNIT (LENGTH_MEASURE( 1.000000000000000082E-05 ), #132, 'distance_accuracy_value', 'NONE');
#3022 = DIRECTION ( 'NONE',  ( -1.570907590732636975E-15, -1.707073681399378185E-15, -1.000000000000000000 ) ) ;
#3023 = EDGE_CURVE ( 'NONE', #1964, #5893, #10814, .T. ) ;
#3024 = CARTESIAN_POINT ( 'NONE',  ( 2.500000000000000000, -4.349999999999999645, 0.3261087975802219874 ) ) ;
#3025 = CARTESIAN_POINT ( 'NONE',  ( -1.249999999999999556, -4.349999999999999645, 2.000000000000000000 ) ) ;
#3026 = VECTOR ( 'NONE', #8188, 1000.000000000000000 ) ;
#3027 = ADVANCED_FACE ( 'NONE', ( #1665 ), #3088, .T. ) ;
#3028 = FILL_AREA_STYLE ('',( #8064 ) ) ;
#3029 = CIRCLE ( 'NONE', #391, 0.2500000000000003331 ) ;
#3030 = PRESENTATION_LAYER_ASSIGNMENT (  '', '', ( #7976 ) ) ;
#3031 = FACE_BOUND ( 'NONE', #8896, .T. ) ;
#3032 = ORIENTED_EDGE ( 'NONE', *, *, #3886, .T. ) ;
#3033 = ORIENTED_EDGE ( 'NONE', *, *, #4442, .T. ) ;
#3034 = FILL_AREA_STYLE_COLOUR ( '', #8494 ) ;
#3035 = EDGE_CURVE ( 'NONE', #2023, #3308, #5809, .T. ) ;
#3036 = PLANE ( 'NONE',  #10179 ) ;
#3037 = CARTESIAN_POINT ( 'NONE',  ( 2.049999999999999822, 3.793855508270517873, 9.400000000000000355 ) ) ;
#3038 = VECTOR ( 'NONE', #2922, 1000.000000000000114 ) ;
#3039 =( NAMED_UNIT ( * ) PLANE_ANGLE_UNIT ( ) SI_UNIT ( $, .RADIAN. ) );
#3040 = EDGE_CURVE ( 'NONE', #6823, #8671, #10767, .T. ) ;
#3041 = AXIS2_PLACEMENT_3D ( 'NONE', #4823, #631, #3991 ) ;
#3042 = CARTESIAN_POINT ( 'NONE',  ( -2.943533191417280204, 0.7696804059452660995, 11.78455947458400033 ) ) ;
#3043 = CARTESIAN_POINT ( 'NONE',  ( 3.198187944328740873, 5.900000000000003020, 5.293480583716810502E-17 ) ) ;
#3044 = EDGE_CURVE ( 'NONE', #9377, #3939, #2208, .T. ) ;
#3045 = VECTOR ( 'NONE', #5581, 1000.000000000000000 ) ;
#3046 = ORIENTED_EDGE ( 'NONE', *, *, #4652, .T. ) ;
#3047 = AXIS2_PLACEMENT_3D ( 'NONE', #5277, #8623, #253 ) ;
#3048 = SURFACE_STYLE_FILL_AREA ( #10782 ) ;
#3049 = SURFACE_STYLE_USAGE ( .BOTH. , #3828 ) ;
#3050 = VERTEX_POINT ( 'NONE', #4902 ) ;
#3051 = STYLED_ITEM ( 'NONE', ( #1662 ), #8201 ) ;
#3052 = VECTOR ( 'NONE', #3348, 1000.000000000000000 ) ;
#3053 = MECHANICAL_DESIGN_GEOMETRIC_PRESENTATION_REPRESENTATION (  '', ( #8686 ), #4459 ) ;
#3054 = CARTESIAN_POINT ( 'NONE',  ( 1.249999999999999778, 4.228220461120369755, -4.038653092508418351E-17 ) ) ;
#3055 = ORIENTED_EDGE ( 'NONE', *, *, #5479, .T. ) ;
#3056 = CARTESIAN_POINT ( 'NONE',  ( 0.0000000000000000000, 0.0000000000000000000, 0.0000000000000000000 ) ) ;
#3057 = STYLED_ITEM ( 'NONE', ( #7276 ), #8566 ) ;
#3058 =( NAMED_UNIT ( * ) SI_UNIT ( $, .STERADIAN. ) SOLID_ANGLE_UNIT ( ) );
#3059 = ORIENTED_EDGE ( 'NONE', *, *, #5636, .F. ) ;
#3060 = CARTESIAN_POINT ( 'NONE',  ( 2.250000000000000000, 4.349999999999999645, 0.3261087975802219874 ) ) ;
#3061 = EDGE_LOOP ( 'NONE', ( #6919, #4883 ) ) ;
#3062 =( NAMED_UNIT ( * ) PLANE_ANGLE_UNIT ( ) SI_UNIT ( $, .RADIAN. ) );
#3063 = DIRECTION ( 'NONE',  ( -0.0000000000000000000, 0.0000000000000000000, 1.000000000000000000 ) ) ;
#3064 = COLOUR_RGB ( '',0.1764705882352941013, 0.1764705882352941013, 0.1764705882352941013 ) ;
#3065 = FACE_OUTER_BOUND ( 'NONE', #7111, .T. ) ;
#3066 = PRODUCT_DEFINITION_FORMATION_WITH_SPECIFIED_SOURCE ( 'ANY', '', #2160, .NOT_KNOWN. ) ;
#3067 = CARTESIAN_POINT ( 'NONE',  ( -0.9164247117214300298, 0.6311262809996150969, 11.88455947458399997 ) ) ;
#3068 = VERTEX_POINT ( 'NONE', #8163 ) ;
#3069 = SURFACE_SIDE_STYLE ('',( #10586 ) ) ;
#3070 = MECHANICAL_DESIGN_GEOMETRIC_PRESENTATION_REPRESENTATION (  '', ( #1310 ), #6950 ) ;
#3071 = VERTEX_POINT ( 'NONE', #6515 ) ;
#3072 = FILL_AREA_STYLE_COLOUR ( '', #1885 ) ;
#3073 = ADVANCED_FACE ( 'NONE', ( #5018 ), #6628, .T. ) ;
#3074 = UNCERTAINTY_MEASURE_WITH_UNIT (LENGTH_MEASURE( 1.000000000000000082E-05 ), #7667, 'distance_accuracy_value', 'NONE');
#3075 = LINE ( 'NONE', #9829, #1803 ) ;
#3076 = VECTOR ( 'NONE', #3875, 1000.000000000000000 ) ;
#3077 = UNCERTAINTY_MEASURE_WITH_UNIT (LENGTH_MEASURE( 1.000000000000000082E-05 ), #7434, 'distance_accuracy_value', 'NONE');
#3078 = LINE ( 'NONE', #9986, #7171 ) ;
#3079 = FACE_OUTER_BOUND ( 'NONE', #230, .T. ) ;
#3080 = PRESENTATION_LAYER_ASSIGNMENT (  '', '', ( #7839 ) ) ;
#3081 = CARTESIAN_POINT ( 'NONE',  ( 6.305712614295090113, -3.072439817376820148, -0.3910372559811560178 ) ) ;
#3082 =( GEOMETRIC_REPRESENTATION_CONTEXT ( 3 ) GLOBAL_UNCERTAINTY_ASSIGNED_CONTEXT ( ( #6057 ) ) GLOBAL_UNIT_ASSIGNED_CONTEXT ( ( #7819, #251, #1753 ) ) REPRESENTATION_CONTEXT ( 'NONE', 'WORKASPACE' ) );
#3083 = CARTESIAN_POINT ( 'NONE',  ( -0.01582234804378450030, 0.6281141868459350075, 11.78455947458399677 ) ) ;
#3084 = PRESENTATION_LAYER_ASSIGNMENT (  '', '', ( #6258 ) ) ;
#3085 = ORIENTED_EDGE ( 'NONE', *, *, #881, .F. ) ;
#3086 =( NAMED_UNIT ( * ) SI_UNIT ( $, .STERADIAN. ) SOLID_ANGLE_UNIT ( ) );
#3087 = CARTESIAN_POINT ( 'NONE',  ( -6.200000000000001066, 3.275000000000000355, 0.0000000000000000000 ) ) ;
#3088 = PLANE ( 'NONE',  #2719 ) ;
#3089 = EDGE_CURVE ( 'NONE', #2462, #4886, #2797, .T. ) ;
#3090 = LINE ( 'NONE', #1393, #1307 ) ;
#3091 = STYLED_ITEM ( 'NONE', ( #880 ), #3149 ) ;
#3092 = DIRECTION ( 'NONE',  ( 0.0000000000000000000, 1.000000000000000000, -0.0000000000000000000 ) ) ;
#3093 = DIRECTION ( 'NONE',  ( -1.000000000000000000, 0.0000000000000000000, 0.0000000000000000000 ) ) ;
#3094 = CARTESIAN_POINT ( 'NONE',  ( 3.497154403813630186, 5.924880838070049727, 2.000000000000000888 ) ) ;
#3095 = STYLED_ITEM ( 'NONE', ( #2235 ), #2027 ) ;
#3096 = SURFACE_SIDE_STYLE ('',( #8987 ) ) ;
#3097 = FILL_AREA_STYLE ('',( #3271 ) ) ;
#3098 =( NAMED_UNIT ( * ) SI_UNIT ( $, .STERADIAN. ) SOLID_ANGLE_UNIT ( ) );
#3099 = ADVANCED_FACE ( 'NONE', ( #6948 ), #10260, .T. ) ;
#3100 = ORIENTED_EDGE ( 'NONE', *, *, #3384, .F. ) ;
#3101 = DIRECTION ( 'NONE',  ( 0.0000000000000000000, -1.000000000000000000, -2.689679381759886032E-16 ) ) ;
#3102 = CARTESIAN_POINT ( 'NONE',  ( -1.375000000000000000, 3.077560182623180651, 1.091858092819040005 ) ) ;
#3103 =( LENGTH_UNIT ( ) NAMED_UNIT ( * ) SI_UNIT ( .MILLI., .METRE. ) );
#3104 = ORIENTED_EDGE ( 'NONE', *, *, #3211, .T. ) ;
#3105 = MECHANICAL_DESIGN_GEOMETRIC_PRESENTATION_REPRESENTATION (  '', ( #1706 ), #4513 ) ;
#3106 = DIRECTION ( 'NONE',  ( -0.08293612690015361721, 0.9965548649496431821, 0.0000000000000000000 ) ) ;
#3107 = EDGE_CURVE ( 'NONE', #10037, #7127, #7603, .T. ) ;
#3108 = FILL_AREA_STYLE_COLOUR ( '', #924 ) ;
#3109 = ORIENTED_EDGE ( 'NONE', *, *, #4975, .F. ) ;
#3110 =( LENGTH_UNIT ( ) NAMED_UNIT ( * ) SI_UNIT ( .MILLI., .METRE. ) );
#3111 = CARTESIAN_POINT ( 'NONE',  ( 4.650000000000000355, 6.200000000000001066, 9.949999999999990408 ) ) ;
#3112 = FILL_AREA_STYLE ('',( #10638 ) ) ;
#3113 = EDGE_LOOP ( 'NONE', ( #10516, #532, #9443, #2109 ) ) ;
#3114 = CARTESIAN_POINT ( 'NONE',  ( 2.750000000000000000, -4.349999999999999645, 0.3261087975802219874 ) ) ;
#3115 = VERTEX_POINT ( 'NONE', #4179 ) ;
#3116 = SURFACE_STYLE_FILL_AREA ( #1688 ) ;
#3117 = CLOSED_SHELL ( 'NONE', ( #8731, #5273, #5808, #4027, #10622, #3149, #9474, #10016 ) ) ;
#3118 = DIRECTION ( 'NONE',  ( -0.0000000000000000000, -0.0000000000000000000, -1.000000000000000000 ) ) ;
#3119 = ORIENTED_EDGE ( 'NONE', *, *, #5259, .F. ) ;
#3120 = CARTESIAN_POINT ( 'NONE',  ( 3.628220461120369222, -4.349999999999984546, 2.000000000000000444 ) ) ;
#3121 = UNCERTAINTY_MEASURE_WITH_UNIT (LENGTH_MEASURE( 1.000000000000000082E-05 ), #10715, 'distance_accuracy_value', 'NONE');
#3122 = CARTESIAN_POINT ( 'NONE',  ( 2.160636889256319915, -5.795199161759920337, 9.372862536810730560 ) ) ;
#3123 = EDGE_LOOP ( 'NONE', ( #482, #3462, #2836, #5998 ) ) ;
#3124 = STYLED_ITEM ( 'NONE', ( #10848 ), #4351 ) ;
#3125 = SURFACE_STYLE_FILL_AREA ( #1312 ) ;
#3126 = ORIENTED_EDGE ( 'NONE', *, *, #10768, .T. ) ;
#3127 = DIRECTION ( 'NONE',  ( -1.000000000000000000, 0.0000000000000000000, 0.0000000000000000000 ) ) ;
#3128 = DIRECTION ( 'NONE',  ( -1.000000000000000000, 0.0000000000000000000, 0.0000000000000000000 ) ) ;
#3129 = CARTESIAN_POINT ( 'NONE',  ( -4.750000000000000000, -4.350000000000000533, -4.673891202419779844 ) ) ;
#3130 = CARTESIAN_POINT ( 'NONE',  ( 2.032746934809759765, -0.2905605579101558922, 11.78455947458400033 ) ) ;
#3131 = DIRECTION ( 'NONE',  ( 0.0000000000000000000, 0.0000000000000000000, -1.000000000000000000 ) ) ;
#3132 = VECTOR ( 'NONE', #6134, 1000.000000000000000 ) ;
#3133 = SURFACE_STYLE_USAGE ( .BOTH. , #9730 ) ;
#3134 = DIRECTION ( 'NONE',  ( 0.0000000000000000000, 0.0000000000000000000, -1.000000000000000000 ) ) ;
#3135 = B_SPLINE_SURFACE_WITH_KNOTS ( 'NONE', 1, 2, ( 
 ( #5913, #10877, #8468, #9287, #873, #9180, #1709, #3416, #929, #8315, #32, #5755, #6788 ),
 ( #3360, #4119, #7653, #1658, #10099, #4952, #2569, #10824, #3306, #3463, #5856, #5957, #1756 ) ),
 .UNSPECIFIED., .F., .F., .F.,
 ( 2, 2 ),
 ( 3, 2, 2, 2, 2, 2, 3 ),
 ( 0.0000000000000000000, 0.1000000000000000056 ),
 ( 24.00000000000000000, 25.00000000000000000, 26.00000000000000000, 27.00000000000000000, 28.00000000000000000, 29.00000000000000000, 30.00000000000000000 ),
 .UNSPECIFIED. ) ;
#3136 = ORIENTED_EDGE ( 'NONE', *, *, #7064, .T. ) ;
#3137 = PRESENTATION_LAYER_ASSIGNMENT (  '', '', ( #1192 ) ) ;
#3138 = AXIS2_PLACEMENT_3D ( 'NONE', #8983, #9843, #6519 ) ;
#3139 = CARTESIAN_POINT ( 'NONE',  ( 1.700000000000000178, -3.274999999999998135, 10.14126039117999944 ) ) ;
#3140 = DIRECTION ( 'NONE',  ( -0.9999999995770340044, 2.908490967866189075E-05, 0.0000000000000000000 ) ) ;
#3141 = CARTESIAN_POINT ( 'NONE',  ( 1.791406567618869961, -0.5194762205607580396, 11.78455947458400033 ) ) ;
#3142 =( GEOMETRIC_REPRESENTATION_CONTEXT ( 3 ) GLOBAL_UNCERTAINTY_ASSIGNED_CONTEXT ( ( #4611 ) ) GLOBAL_UNIT_ASSIGNED_CONTEXT ( ( #10244, #2116, #9709 ) ) REPRESENTATION_CONTEXT ( 'NONE', 'WORKASPACE' ) );
#3143 = CARTESIAN_POINT ( 'NONE',  ( -3.198187944328739984, -6.200000000000001066, 0.9999999999999985567 ) ) ;
#3144 = LINE ( 'NONE', #663, #608 ) ;
#3145 = DIRECTION ( 'NONE',  ( 0.0000000000000000000, 1.000000000000000000, -0.0000000000000000000 ) ) ;
#3146 =( LENGTH_UNIT ( ) NAMED_UNIT ( * ) SI_UNIT ( .MILLI., .METRE. ) );
#3147 = DIRECTION ( 'NONE',  ( -0.0000000000000000000, 0.0000000000000000000, -1.000000000000000000 ) ) ;
#3148 = AXIS2_PLACEMENT_3D ( 'NONE', #3317, #989, #7511 ) ;
#3149 = ADVANCED_FACE ( 'NONE', ( #3519 ), #2615, .T. ) ;
#3150 = AXIS2_PLACEMENT_3D ( 'NONE', #2157, #5539, #8078 ) ;
#3151 = DIRECTION ( 'NONE',  ( 1.000000000000000000, 0.0000000000000000000, 0.0000000000000000000 ) ) ;
#3152 = DIRECTION ( 'NONE',  ( 0.0000000000000000000, -1.000000000000000000, 2.689679381759928433E-16 ) ) ;
#3153 = CARTESIAN_POINT ( 'NONE',  ( 7.654042494670949841E-18, 4.349999999999999645, 0.3261087975802219874 ) ) ;
#3154 = MECHANICAL_DESIGN_GEOMETRIC_PRESENTATION_REPRESENTATION (  '', ( #6154 ), #6692 ) ;
#3155 =( NAMED_UNIT ( * ) SI_UNIT ( $, .STERADIAN. ) SOLID_ANGLE_UNIT ( ) );
#3156 = ORIENTED_EDGE ( 'NONE', *, *, #5778, .F. ) ;
#3157 =( NAMED_UNIT ( * ) PLANE_ANGLE_UNIT ( ) SI_UNIT ( $, .RADIAN. ) );
#3158 = DIRECTION ( 'NONE',  ( -1.000000000000000000, 0.0000000000000000000, 0.0000000000000000000 ) ) ;
#3159 = SURFACE_STYLE_USAGE ( .BOTH. , #2217 ) ;
#3160 = STYLED_ITEM ( 'NONE', ( #2478 ), #5311 ) ;
#3161 = EDGE_CURVE ( 'NONE', #6205, #10698, #7114, .T. ) ;
#3162 = LINE ( 'NONE', #3279, #5512 ) ;
#3163 = ORIENTED_EDGE ( 'NONE', *, *, #3389, .T. ) ;
#3164 = CARTESIAN_POINT ( 'NONE',  ( 4.453928499320489287, 5.795199161759920337, 9.372862536810730560 ) ) ;
#3165 = CARTESIAN_POINT ( 'NONE',  ( -1.377268131176320187, 0.9985960685958690242, 11.88455947458399997 ) ) ;
#3166 = CARTESIAN_POINT ( 'NONE',  ( 6.200000000000001066, -3.274999999999990141, 0.0000000000000000000 ) ) ;
#3167 = VERTEX_POINT ( 'NONE', #1255 ) ;
#3168 = PRESENTATION_STYLE_ASSIGNMENT (( #4201 ) ) ;
#3169 = VERTEX_POINT ( 'NONE', #3685 ) ;
#3170 = DIRECTION ( 'NONE',  ( -1.000000000000000000, 0.0000000000000000000, -0.0000000000000000000 ) ) ;
#3171 = EDGE_CURVE ( 'NONE', #6700, #6260, #9630, .T. ) ;
#3172 = SURFACE_STYLE_USAGE ( .BOTH. , #689 ) ;
#3173 = CARTESIAN_POINT ( 'NONE',  ( -6.500000000000000888, -3.072439817376820148, -0.008141907180959879337 ) ) ;
#3174 = ORIENTED_EDGE ( 'NONE', *, *, #66, .T. ) ;
#3175 =( NAMED_UNIT ( * ) PLANE_ANGLE_UNIT ( ) SI_UNIT ( $, .RADIAN. ) );
#3176 = EDGE_CURVE ( 'NONE', #1161, #6606, #8749, .T. ) ;
#3177 = ORIENTED_EDGE ( 'NONE', *, *, #2503, .T. ) ;
#3178 = VECTOR ( 'NONE', #10014, 1000.000000000000000 ) ;
#3179 = SURFACE_STYLE_USAGE ( .BOTH. , #9074 ) ;
#3180 = CARTESIAN_POINT ( 'NONE',  ( -6.200000000000002842, 3.077560182623180651, -0.008141907180959005036 ) ) ;
#3181 = FILL_AREA_STYLE ('',( #4212 ) ) ;
#3182 = SURFACE_STYLE_USAGE ( .BOTH. , #8055 ) ;
#3183 = CARTESIAN_POINT ( 'NONE',  ( 0.7663690864973089489, 1.010644261366949959, 11.88455947458399820 ) ) ;
#3184 = VECTOR ( 'NONE', #2725, 1000.000000000000000 ) ;
#3185 = SURFACE_STYLE_USAGE ( .BOTH. , #7546 ) ;
#3186 = EDGE_CURVE ( 'NONE', #2438, #9556, #9670, .T. ) ;
#3187 = VECTOR ( 'NONE', #5877, 1000.000000000000000 ) ;
#3188 = CARTESIAN_POINT ( 'NONE',  ( -1.088111504670289165, -0.4532111603197942484, 11.88455947458399997 ) ) ;
#3189 = SURFACE_STYLE_USAGE ( .BOTH. , #5796 ) ;
#3190 = SURFACE_SIDE_STYLE ('',( #4947 ) ) ;
#3191 = STYLED_ITEM ( 'NONE', ( #94 ), #5954 ) ;
#3192 = CARTESIAN_POINT ( 'NONE',  ( 4.950000000000000178, -3.605250836327030139, 10.50000000000000000 ) ) ;
#3193 = EDGE_CURVE ( 'NONE', #2094, #7844, #4510, .T. ) ;
#3194 = CARTESIAN_POINT ( 'NONE',  ( 6.305712614295090113, 3.101520183108080531, -0.3910372559811560178 ) ) ;
#3195 = MECHANICAL_DESIGN_GEOMETRIC_PRESENTATION_REPRESENTATION (  '', ( #5853 ), #2141 ) ;
#3196 = ORIENTED_EDGE ( 'NONE', *, *, #10484, .F. ) ;
#3197 = VECTOR ( 'NONE', #4750, 1000.000000000000000 ) ;
#3198 =( NAMED_UNIT ( * ) SI_UNIT ( $, .STERADIAN. ) SOLID_ANGLE_UNIT ( ) );
#3199 = UNCERTAINTY_MEASURE_WITH_UNIT (LENGTH_MEASURE( 1.000000000000000082E-05 ), #7011, 'distance_accuracy_value', 'NONE');
#3200 = UNCERTAINTY_MEASURE_WITH_UNIT (LENGTH_MEASURE( 1.000000000000000082E-05 ), #2845, 'distance_accuracy_value', 'NONE');
#3201 = CYLINDRICAL_SURFACE ( 'NONE', #6797, 0.2500000000000002220 ) ;
#3202 = VECTOR ( 'NONE', #8374, 1000.000000000000000 ) ;
#3203 = CARTESIAN_POINT ( 'NONE',  ( -0.1483524685257129883, -0.4074656238135029862, 11.88455947458400175 ) ) ;
#3204 = FACE_OUTER_BOUND ( 'NONE', #1631, .T. ) ;
#3205 = AXIS2_PLACEMENT_3D ( 'NONE', #10723, #3937, #7311 ) ;
#3206 = FACE_OUTER_BOUND ( 'NONE', #2119, .T. ) ;
#3207 = MECHANICAL_DESIGN_GEOMETRIC_PRESENTATION_REPRESENTATION (  '', ( #10547 ), #6000 ) ;
#3208 = CARTESIAN_POINT ( 'NONE',  ( -0.6981879443287419829, 6.200000000000001066, 2.000000000000000000 ) ) ;
#3209 = CARTESIAN_POINT ( 'NONE',  ( -4.453928499320490175, 0.0000000000000000000, 1.972862536810731759 ) ) ;
#3210 = AXIS2_PLACEMENT_3D ( 'NONE', #2183, #2807, #4412 ) ;
#3211 = EDGE_CURVE ( 'NONE', #10126, #4375, #6997, .T. ) ;
#3212 = CARTESIAN_POINT ( 'NONE',  ( -2.049999999999999822, 3.769052550908070121, 2.010601116711558500 ) ) ;
#3213 = MECHANICAL_DESIGN_GEOMETRIC_PRESENTATION_REPRESENTATION (  '', ( #7976 ), #5696 ) ;
#3214 = ORIENTED_EDGE ( 'NONE', *, *, #3921, .T. ) ;
#3215 = CARTESIAN_POINT ( 'NONE',  ( 2.670924639908020204, -0.9893557386330470438, 11.88455947458399997 ) ) ;
#3216 = SURFACE_STYLE_FILL_AREA ( #4753 ) ;
#3217 = CARTESIAN_POINT ( 'NONE',  ( -1.375000000000000000, -3.072439817376820148, 5.691858092819041204 ) ) ;
#3218 =( GEOMETRIC_REPRESENTATION_CONTEXT ( 3 ) GLOBAL_UNCERTAINTY_ASSIGNED_CONTEXT ( ( #4959 ) ) GLOBAL_UNIT_ASSIGNED_CONTEXT ( ( #5887, #729, #8182 ) ) REPRESENTATION_CONTEXT ( 'NONE', 'WORKASPACE' ) );
#3219 = SURFACE_STYLE_FILL_AREA ( #4034 ) ;
#3220 =( GEOMETRIC_REPRESENTATION_CONTEXT ( 3 ) GLOBAL_UNCERTAINTY_ASSIGNED_CONTEXT ( ( #10808 ) ) GLOBAL_UNIT_ASSIGNED_CONTEXT ( ( #5692, #1490, #8115 ) ) REPRESENTATION_CONTEXT ( 'NONE', 'WORKASPACE' ) );
#3221 = ORIENTED_EDGE ( 'NONE', *, *, #5462, .F. ) ;
#3222 = FILL_AREA_STYLE ('',( #9967 ) ) ;
#3223 = SURFACE_STYLE_USAGE ( .BOTH. , #10735 ) ;
#3224 = VERTEX_POINT ( 'NONE', #6175 ) ;
#3225 = FILL_AREA_STYLE_COLOUR ( '', #172 ) ;
#3226 = ORIENTED_EDGE ( 'NONE', *, *, #9499, .T. ) ;
#3227 = CARTESIAN_POINT ( 'NONE',  ( 0.5308644678855309884, -0.8248224854555400443, 11.78455947458400033 ) ) ;
#3228 = AXIS2_PLACEMENT_3D ( 'NONE', #10270, #2741, #7719 ) ;
#3229 = FACE_OUTER_BOUND ( 'NONE', #5878, .T. ) ;
#3230 = EDGE_CURVE ( 'NONE', #10231, #298, #2788, .T. ) ;
#3231 = ORIENTED_EDGE ( 'NONE', *, *, #5947, .F. ) ;
#3232 = DIRECTION ( 'NONE',  ( 1.000000000000000000, 0.0000000000000000000, -0.0000000000000000000 ) ) ;
#3233 =( BOUNDED_CURVE ( )  B_SPLINE_CURVE ( 2, ( #5175, #139, #8578, #1035, #4396, #7760, #8694, #4506, #193 ),
 .UNSPECIFIED., .F., .F. ) 
 B_SPLINE_CURVE_WITH_KNOTS ( ( 3, 2, 2, 2, 3 ),
 ( 0.0000000000000000000, 0.01099270980368835526, 0.01282573577458838432, 0.01858646302518472335, 0.02041948899608458587 ),
 .UNSPECIFIED. ) 
 CURVE ( )  GEOMETRIC_REPRESENTATION_ITEM ( )  RATIONAL_B_SPLINE_CURVE ( ( 1.000000000000000000, 1.000000000000000000, 1.000000000000000000, 0.7071067811865490160, 1.000000000000000000, 1.000000000000000000, 1.000000000000000000, 0.7071067811865470176, 1.000000000000000000 ) ) 
 REPRESENTATION_ITEM ( '' )  );
#3234 = STYLED_ITEM ( 'NONE', ( #9943 ), #10671 ) ;
#3235 = PRESENTATION_LAYER_ASSIGNMENT (  '', '', ( #8000 ) ) ;
#3236 = UNCERTAINTY_MEASURE_WITH_UNIT (LENGTH_MEASURE( 1.000000000000000082E-05 ), #6710, 'distance_accuracy_value', 'NONE');
#3237 = ORIENTED_EDGE ( 'NONE', *, *, #1338, .F. ) ;
#3238 = SURFACE_STYLE_FILL_AREA ( #9980 ) ;
#3239 = ORIENTED_EDGE ( 'NONE', *, *, #3905, .F. ) ;
#3240 = ORIENTED_EDGE ( 'NONE', *, *, #6153, .T. ) ;
#3241 = VECTOR ( 'NONE', #2128, 1000.000000000000000 ) ;
#3242 = CARTESIAN_POINT ( 'NONE',  ( 1.544983475387270211, 0.6379033090017589558, 11.88455947458399820 ) ) ;
#3243 =( GEOMETRIC_REPRESENTATION_CONTEXT ( 3 ) GLOBAL_UNCERTAINTY_ASSIGNED_CONTEXT ( ( #7708 ) ) GLOBAL_UNIT_ASSIGNED_CONTEXT ( ( #10498, #7287, #2251 ) ) REPRESENTATION_CONTEXT ( 'NONE', 'WORKASPACE' ) );
#3244 = CARTESIAN_POINT ( 'NONE',  ( -0.9830661918097851615, 0.8750080107108610949, 11.78455947458400033 ) ) ;
#3245 = LINE ( 'NONE', #4945, #8434 ) ;
#3246 = FILL_AREA_STYLE_COLOUR ( '', #4770 ) ;
#3247 = COLOUR_RGB ( '',1.000000000000000000, 1.000000000000000000, 1.000000000000000000 ) ;
#3248 = CARTESIAN_POINT ( 'NONE',  ( -2.027870540814870282, -0.9893557386330470438, 11.78455947458400033 ) ) ;
#3249 = LINE ( 'NONE', #3192, #4265 ) ;
#3250 = VECTOR ( 'NONE', #7753, 1000.000000000000000 ) ;
#3251 = CARTESIAN_POINT ( 'NONE',  ( 5.000000000000000000, 4.349999999999999645, 0.3261087975802219874 ) ) ;
#3252 = EDGE_CURVE ( 'NONE', #180, #8892, #7881, .T. ) ;
#3253 = CARTESIAN_POINT ( 'NONE',  ( -5.000000000000000000, 3.275000000000000355, 0.0000000000000000000 ) ) ;
#3254 = VERTEX_POINT ( 'NONE', #4452 ) ;
#3255 = DIRECTION ( 'NONE',  ( 0.0000000000000000000, 0.0000000000000000000, 1.000000000000000000 ) ) ;
#3256 = EDGE_CURVE ( 'NONE', #8052, #10737, #7828, .T. ) ;
#3257 = DIRECTION ( 'NONE',  ( 0.0000000000000000000, -1.000000000000000000, -0.0000000000000000000 ) ) ;
#3258 =( GEOMETRIC_REPRESENTATION_CONTEXT ( 3 ) GLOBAL_UNCERTAINTY_ASSIGNED_CONTEXT ( ( #640 ) ) GLOBAL_UNIT_ASSIGNED_CONTEXT ( ( #10557, #8927, #8767 ) ) REPRESENTATION_CONTEXT ( 'NONE', 'WORKASPACE' ) );
#3259 = DIRECTION ( 'NONE',  ( 1.348803178618588312E-16, -1.348803178618583628E-16, -1.000000000000000000 ) ) ;
#3260 = CARTESIAN_POINT ( 'NONE',  ( -2.500000000000000000, 4.349999999999999645, 0.3261087975802219874 ) ) ;
#3261 =( NAMED_UNIT ( * ) PLANE_ANGLE_UNIT ( ) SI_UNIT ( $, .RADIAN. ) );
#3262 = FILL_AREA_STYLE_COLOUR ( '', #6445 ) ;
#3263 = CARTESIAN_POINT ( 'NONE',  ( -0.1483524685257129883, -0.2399204603259529889, 11.88455947458400175 ) ) ;
#3264 = DIRECTION ( 'NONE',  ( 0.0000000000000000000, 0.0000000000000000000, 1.000000000000000000 ) ) ;
#3265 = PRESENTATION_LAYER_ASSIGNMENT (  '', '', ( #7837 ) ) ;
#3266 =( LENGTH_UNIT ( ) NAMED_UNIT ( * ) SI_UNIT ( .MILLI., .METRE. ) );
#3267 = VECTOR ( 'NONE', #7936, 1000.000000000000000 ) ;
#3268 = EDGE_CURVE ( 'NONE', #9151, #4877, #7584, .T. ) ;
#3269 = CARTESIAN_POINT ( 'NONE',  ( 3.628220461120369222, 4.349999999999982769, -2.462200332389132292E-19 ) ) ;
#3270 = DIRECTION ( 'NONE',  ( 0.08293612690015371436, -0.9965548649496431821, 0.0000000000000000000 ) ) ;
#3271 = FILL_AREA_STYLE_COLOUR ( '', #5137 ) ;
#3272 = ORIENTED_EDGE ( 'NONE', *, *, #8272, .F. ) ;
#3273 = CARTESIAN_POINT ( 'NONE',  ( -3.753928499320489998, -5.795199161759920337, 1.972862536810730205 ) ) ;
#3274 = SURFACE_STYLE_USAGE ( .BOTH. , #7407 ) ;
#3275 = STYLED_ITEM ( 'NONE', ( #9881 ), #1712 ) ;
#3276 =( NAMED_UNIT ( * ) PLANE_ANGLE_UNIT ( ) SI_UNIT ( $, .RADIAN. ) );
#3277 = SURFACE_STYLE_USAGE ( .BOTH. , #10729 ) ;
#3278 =( GEOMETRIC_REPRESENTATION_CONTEXT ( 3 ) GLOBAL_UNCERTAINTY_ASSIGNED_CONTEXT ( ( #8375 ) ) GLOBAL_UNIT_ASSIGNED_CONTEXT ( ( #2465, #5863, #4019 ) ) REPRESENTATION_CONTEXT ( 'NONE', 'WORKASPACE' ) );
#3279 = CARTESIAN_POINT ( 'NONE',  ( -1.699999999999999956, -3.275000000000000355, 10.14126039117999944 ) ) ;
#3280 = COLOUR_RGB ( '',0.1764705882352941013, 0.1764705882352941013, 0.1764705882352941013 ) ;
#3281 = ORIENTED_EDGE ( 'NONE', *, *, #4972, .F. ) ;
#3282 = FILL_AREA_STYLE_COLOUR ( '', #4838 ) ;
#3283 = PLANE ( 'NONE',  #517 ) ;
#3284 = DIRECTION ( 'NONE',  ( 0.08293612690015371436, -0.9965548649496431821, 0.0000000000000000000 ) ) ;
#3285 = VERTEX_POINT ( 'NONE', #9572 ) ;
#3286 = VERTEX_POINT ( 'NONE', #1152 ) ;
#3287 = FACE_OUTER_BOUND ( 'NONE', #1249, .T. ) ;
#3288 = DIRECTION ( 'NONE',  ( 0.0000000000000000000, 0.0000000000000000000, -1.000000000000000000 ) ) ;
#3289 = AXIS2_PLACEMENT_3D ( 'NONE', #3173, #5836, #6545 ) ;
#3290 = DIRECTION ( 'NONE',  ( 0.0000000000000000000, 0.0000000000000000000, 1.000000000000000000 ) ) ;
#3291 = SURFACE_SIDE_STYLE ('',( #7325 ) ) ;
#3292 = SURFACE_STYLE_USAGE ( .BOTH. , #742 ) ;
#3293 = FILL_AREA_STYLE ('',( #3804 ) ) ;
#3294 = DIRECTION ( 'NONE',  ( 3.978910992866941628E-16, -2.862586247279227536E-16, 1.000000000000000000 ) ) ;
#3295 = ORIENTED_EDGE ( 'NONE', *, *, #8873, .T. ) ;
#3296 =( NAMED_UNIT ( * ) SI_UNIT ( $, .STERADIAN. ) SOLID_ANGLE_UNIT ( ) );
#3297 = CARTESIAN_POINT ( 'NONE',  ( -1.184497046838969947, 0.4925719722103268916, 11.88455947458399997 ) ) ;
#3298 = AXIS2_PLACEMENT_3D ( 'NONE', #968, #81, #8456 ) ;
#3299 = EDGE_LOOP ( 'NONE', ( #9921, #4272, #8343, #6270 ) ) ;
#3300 = CARTESIAN_POINT ( 'NONE',  ( 1.502845596186370036, 5.924880838070049727, 0.9999999999999986677 ) ) ;
#3301 = UNCERTAINTY_MEASURE_WITH_UNIT (LENGTH_MEASURE( 1.000000000000000082E-05 ), #1099, 'distance_accuracy_value', 'NONE');
#3302 = DIRECTION ( 'NONE',  ( -0.0000000000000000000, 1.000000000000000000, 0.0000000000000000000 ) ) ;
#3303 = CIRCLE ( 'NONE', #8398, 0.3000000000000007661 ) ;
#3304 = CARTESIAN_POINT ( 'NONE',  ( -6.500000000000000888, 3.077560182623180651, 11.39185809281899964 ) ) ;
#3305 = ORIENTED_EDGE ( 'NONE', *, *, #9204, .F. ) ;
#3306 = CARTESIAN_POINT ( 'NONE',  ( -0.5770044994004139838, -1.025500316946299950, 11.88455947458399997 ) ) ;
#3307 = LINE ( 'NONE', #2570, #8162 ) ;
#3308 = VERTEX_POINT ( 'NONE', #10375 ) ;
#3309 = CARTESIAN_POINT ( 'NONE',  ( -1.375000000000000000, -3.072439817376820148, 10.29185809281899999 ) ) ;
#3310 = CARTESIAN_POINT ( 'NONE',  ( -5.000000000000000000, -3.072439817376820148, 1.091858092819040005 ) ) ;
#3311 = SURFACE_STYLE_USAGE ( .BOTH. , #8981 ) ;
#3312 = VECTOR ( 'NONE', #10163, 1000.000000000000000 ) ;
#3313 = SURFACE_SIDE_STYLE ('',( #1818 ) ) ;
#3314 = LINE ( 'NONE', #828, #7990 ) ;
#3315 = ADVANCED_FACE ( 'NONE', ( #6232 ), #5511, .T. ) ;
#3316 = FILL_AREA_STYLE_COLOUR ( '', #260 ) ;
#3317 = CARTESIAN_POINT ( 'NONE',  ( 1.801812055671250024, 6.200000000000001066, 0.0000000000000000000 ) ) ;
#3318 = AXIS2_PLACEMENT_3D ( 'NONE', #7303, #6416, #615 ) ;
#3319 = EDGE_CURVE ( 'NONE', #4819, #4572, #2219, .T. ) ;
#3320 = MECHANICAL_DESIGN_GEOMETRIC_PRESENTATION_REPRESENTATION (  '', ( #10504 ), #9450 ) ;
#3321 = DIRECTION ( 'NONE',  ( -0.08293612690015343680, 0.9965548649496431821, -0.0000000000000000000 ) ) ;
#3322 = LINE ( 'NONE', #1164, #4908 ) ;
#3323 = EDGE_LOOP ( 'NONE', ( #7151, #1185, #1456, #9115 ) ) ;
#3324 = SURFACE_SIDE_STYLE ('',( #10844 ) ) ;
#3325 = CARTESIAN_POINT ( 'NONE',  ( 2.049999999999999822, -3.750000000000000000, 2.000000000000000000 ) ) ;
#3326 = MECHANICAL_DESIGN_GEOMETRIC_PRESENTATION_REPRESENTATION (  '', ( #7907 ), #9978 ) ;
#3327 = SURFACE_STYLE_FILL_AREA ( #841 ) ;
#3328 = COLOUR_RGB ( '',0.1764705882352941013, 0.1764705882352941013, 0.1764705882352941013 ) ;
#3329 = ADVANCED_FACE ( 'NONE', ( #7338 ), #4729, .T. ) ;
#3330 =( NAMED_UNIT ( * ) SI_UNIT ( $, .STERADIAN. ) SOLID_ANGLE_UNIT ( ) );
#3331 = ORIENTED_EDGE ( 'NONE', *, *, #249, .T. ) ;
#3332 = STYLED_ITEM ( 'NONE', ( #294 ), #5136 ) ;
#3333 = CARTESIAN_POINT ( 'NONE',  ( -4.453928499320490175, 0.0000000000000000000, 1.972862536810730205 ) ) ;
#3334 = LINE ( 'NONE', #5730, #10572 ) ;
#3335 = ORIENTED_EDGE ( 'NONE', *, *, #5992, .F. ) ;
#3336 = PRESENTATION_LAYER_ASSIGNMENT (  '', '', ( #686 ) ) ;
#3337 = ORIENTED_EDGE ( 'NONE', *, *, #7979, .T. ) ;
#3338 = PLANE ( 'NONE',  #5091 ) ;
#3339 = DIRECTION ( 'NONE',  ( 1.000000000000000000, 0.0000000000000000000, 0.0000000000000000000 ) ) ;
#3340 = FILL_AREA_STYLE ('',( #10803 ) ) ;
#3341 = EDGE_LOOP ( 'NONE', ( #5904, #2953, #10247, #7931 ) ) ;
#3342 = CARTESIAN_POINT ( 'NONE',  ( -4.950000000000000178, 5.900000000000000355, 10.50000000000000000 ) ) ;
#3343 = VECTOR ( 'NONE', #4008, 1000.000000000000000 ) ;
#3344 = UNCERTAINTY_MEASURE_WITH_UNIT (LENGTH_MEASURE( 1.000000000000000082E-05 ), #3146, 'distance_accuracy_value', 'NONE');
#3345 = UNCERTAINTY_MEASURE_WITH_UNIT (LENGTH_MEASURE( 1.000000000000000082E-05 ), #4325, 'distance_accuracy_value', 'NONE');
#3346 = ORIENTED_EDGE ( 'NONE', *, *, #4802, .F. ) ;
#3347 = B_SPLINE_CURVE_WITH_KNOTS ( 'NONE', 2,
 ( #2205, #5767, #8127, #7299, #1554, #557, #8074, #5649, #3203, #3263, #10619, #6633, #8869, #3871, #6468 ),
 .UNSPECIFIED., .F., .F.,
 ( 3, 2, 2, 2, 2, 2, 2, 3 ),
 ( 3.428548309156934790E-19, 0.0002940344714855429200, 0.0005880689429710855148, 0.0008821034144566279470, 0.001176137885942170813, 0.001470172357427713353, 0.001764206828913255677, 0.002058241300398798435 ),
 .UNSPECIFIED. ) ;
#3348 = DIRECTION ( 'NONE',  ( 0.0000000000000000000, -1.000000000000000000, -0.0000000000000000000 ) ) ;
#3349 = FILL_AREA_STYLE ('',( #748 ) ) ;
#3350 = FACE_OUTER_BOUND ( 'NONE', #2950, .T. ) ;
#3351 = ORIENTED_EDGE ( 'NONE', *, *, #2238, .T. ) ;
#3352 =( GEOMETRIC_REPRESENTATION_CONTEXT ( 3 ) GLOBAL_UNCERTAINTY_ASSIGNED_CONTEXT ( ( #3572 ) ) GLOBAL_UNIT_ASSIGNED_CONTEXT ( ( #8448, #1898, #4205 ) ) REPRESENTATION_CONTEXT ( 'NONE', 'WORKASPACE' ) );
#3353 = CARTESIAN_POINT ( 'NONE',  ( 1.562679160852870064, -0.5776463696855239638, 11.88455947458399820 ) ) ;
#3354 = EDGE_CURVE ( 'NONE', #1616, #5774, #6613, .T. ) ;
#3355 = FACE_OUTER_BOUND ( 'NONE', #8414, .T. ) ;
#3356 = LINE ( 'NONE', #9080, #3343 ) ;
#3357 = SURFACE_STYLE_FILL_AREA ( #8621 ) ;
#3358 = DIRECTION ( 'NONE',  ( 1.546750702438347917E-16, -2.689679381759889976E-16, 1.000000000000000000 ) ) ;
#3359 = ORIENTED_EDGE ( 'NONE', *, *, #10491, .T. ) ;
#3360 = CARTESIAN_POINT ( 'NONE',  ( -0.2891656640866239747, 0.08763981510858470658, 11.88455947458399997 ) ) ;
#3361 = ORIENTED_EDGE ( 'NONE', *, *, #9417, .T. ) ;
#3362 = FILL_AREA_STYLE ('',( #10103 ) ) ;
#3363 = EDGE_CURVE ( 'NONE', #1569, #7652, #4688, .T. ) ;
#3364 = DIRECTION ( 'NONE',  ( -1.000000000000000000, 0.0000000000000000000, -0.0000000000000000000 ) ) ;
#3365 =( NAMED_UNIT ( * ) SI_UNIT ( $, .STERADIAN. ) SOLID_ANGLE_UNIT ( ) );
#3366 = CARTESIAN_POINT ( 'NONE',  ( -1.375000000000000000, -3.072439817376820148, 10.29185809281899999 ) ) ;
#3367 = CARTESIAN_POINT ( 'NONE',  ( -2.500000000000000000, 4.349999999999999645, -4.673891202419779844 ) ) ;
#3368 = EDGE_CURVE ( 'NONE', #4002, #7812, #5749, .T. ) ;
#3369 = CYLINDRICAL_SURFACE ( 'NONE', #10140, 0.3000000000000007661 ) ;
#3370 = PRESENTATION_LAYER_ASSIGNMENT (  '', '', ( #9321 ) ) ;
#3371 =( GEOMETRIC_REPRESENTATION_CONTEXT ( 3 ) GLOBAL_UNCERTAINTY_ASSIGNED_CONTEXT ( ( #263 ) ) GLOBAL_UNIT_ASSIGNED_CONTEXT ( ( #1900, #1180, #8136 ) ) REPRESENTATION_CONTEXT ( 'NONE', 'WORKASPACE' ) );
#3372 = DIRECTION ( 'NONE',  ( 0.9965548649496432931, -0.08293612690015356170, 0.0000000000000000000 ) ) ;
#3373 = EDGE_CURVE ( 'NONE', #7345, #7820, #6503, .T. ) ;
#3374 = CARTESIAN_POINT ( 'NONE',  ( 6.200000000000001066, 3.077560182623181095, -0.3081419071809570198 ) ) ;
#3375 = CARTESIAN_POINT ( 'NONE',  ( 4.453928499320490175, 5.095199161759920159, 1.972862536810730205 ) ) ;
#3376 = DIRECTION ( 'NONE',  ( 1.000000000000000000, 0.0000000000000000000, 0.0000000000000000000 ) ) ;
#3377 =( NAMED_UNIT ( * ) PLANE_ANGLE_UNIT ( ) SI_UNIT ( $, .RADIAN. ) );
#3378 = ORIENTED_EDGE ( 'NONE', *, *, #3714, .F. ) ;
#3379 = PRESENTATION_LAYER_ASSIGNMENT (  '', '', ( #4076 ) ) ;
#3380 = PLANE ( 'NONE',  #8141 ) ;
#3381 = DIRECTION ( 'NONE',  ( -1.000000000000000000, -2.891205793294662451E-15, 0.0000000000000000000 ) ) ;
#3382 = VECTOR ( 'NONE', #5015, 1000.000000000000000 ) ;
#3383 =( LENGTH_UNIT ( ) NAMED_UNIT ( * ) SI_UNIT ( .MILLI., .METRE. ) );
#3384 = EDGE_CURVE ( 'NONE', #6957, #10168, #3078, .T. ) ;
#3385 = VECTOR ( 'NONE', #4911, 1000.000000000000000 ) ;
#3386 = CARTESIAN_POINT ( 'NONE',  ( 2.160636889256319915, -3.952384553517649834, 1.972862536810730205 ) ) ;
#3387 = CARTESIAN_POINT ( 'NONE',  ( -6.513276922344959807, 3.101520183108077866, 5.691858092819041204 ) ) ;
#3388 = ORIENTED_EDGE ( 'NONE', *, *, #3504, .T. ) ;
#3389 = EDGE_CURVE ( 'NONE', #6430, #1996, #9830, .T. ) ;
#3390 = CARTESIAN_POINT ( 'NONE',  ( 1.634780061594770073, 0.2883174627557080205, 11.88455947458399997 ) ) ;
#3391 = SURFACE_STYLE_FILL_AREA ( #5310 ) ;
#3392 = PLANE ( 'NONE',  #8389 ) ;
#3393 = EDGE_LOOP ( 'NONE', ( #351, #8763, #8560, #9434 ) ) ;
#3394 =( GEOMETRIC_REPRESENTATION_CONTEXT ( 3 ) GLOBAL_UNCERTAINTY_ASSIGNED_CONTEXT ( ( #3236 ) ) GLOBAL_UNIT_ASSIGNED_CONTEXT ( ( #6710, #8345, #5671 ) ) REPRESENTATION_CONTEXT ( 'NONE', 'WORKASPACE' ) );
#3395 = FILL_AREA_STYLE ('',( #9482 ) ) ;
#3396 = AXIS2_PLACEMENT_3D ( 'NONE', #472, #7982, #7214 ) ;
#3397 = AXIS2_PLACEMENT_3D ( 'NONE', #5182, #95, #3469 ) ;
#3398 =( GEOMETRIC_REPRESENTATION_CONTEXT ( 3 ) GLOBAL_UNCERTAINTY_ASSIGNED_CONTEXT ( ( #9448 ) ) GLOBAL_UNIT_ASSIGNED_CONTEXT ( ( #5366, #1171, #6512 ) ) REPRESENTATION_CONTEXT ( 'NONE', 'WORKASPACE' ) );
#3399 = ORIENTED_EDGE ( 'NONE', *, *, #1433, .F. ) ;
#3400 = DIRECTION ( 'NONE',  ( 0.0000000000000000000, 0.0000000000000000000, -1.000000000000000000 ) ) ;
#3401 = CARTESIAN_POINT ( 'NONE',  ( 0.9971544038136319621, 5.924880838070049727, 5.551115123125780237E-17 ) ) ;
#3402 = AXIS2_PLACEMENT_3D ( 'NONE', #9147, #7513, #5770 ) ;
#3403 = ORIENTED_EDGE ( 'NONE', *, *, #3368, .T. ) ;
#3404 = CARTESIAN_POINT ( 'NONE',  ( -0.5770044994004139838, -1.025500316946299950, 11.88455947458399820 ) ) ;
#3405 = SURFACE_STYLE_FILL_AREA ( #4165 ) ;
#3406 = UNCERTAINTY_MEASURE_WITH_UNIT (LENGTH_MEASURE( 1.000000000000000082E-05 ), #4387, 'distance_accuracy_value', 'NONE');
#3407 = DIRECTION ( 'NONE',  ( 0.0000000000000000000, 1.000000000000000000, 0.0000000000000000000 ) ) ;
#3408 = VECTOR ( 'NONE', #3526, 1000.000000000000000 ) ;
#3409 =( GEOMETRIC_REPRESENTATION_CONTEXT ( 3 ) GLOBAL_UNCERTAINTY_ASSIGNED_CONTEXT ( ( #8265 ) ) GLOBAL_UNIT_ASSIGNED_CONTEXT ( ( #1643, #5229, #7836 ) ) REPRESENTATION_CONTEXT ( 'NONE', 'WORKASPACE' ) );
#3410 = FACE_OUTER_BOUND ( 'NONE', #449, .T. ) ;
#3411 = CIRCLE ( 'NONE', #43, 0.3000000000000031530 ) ;
#3412 = PRESENTATION_STYLE_ASSIGNMENT (( #2357 ) ) ;
#3413 = ADVANCED_FACE ( 'NONE', ( #5572 ), #4152, .T. ) ;
#3414 = ORIENTED_EDGE ( 'NONE', *, *, #5103, .T. ) ;
#3415 = PRESENTATION_LAYER_ASSIGNMENT (  '', '', ( #8508 ) ) ;
#3416 = CARTESIAN_POINT ( 'NONE',  ( -0.2869065934713639909, -1.025500316946299950, 11.78455947458400033 ) ) ;
#3417 = STYLED_ITEM ( 'NONE', ( #6510 ), #10016 ) ;
#3418 = CARTESIAN_POINT ( 'NONE',  ( 0.5745390977393469711, -0.007427935867854950323, 11.78455947458400033 ) ) ;
#3419 = ORIENTED_EDGE ( 'NONE', *, *, #5198, .F. ) ;
#3420 =( NAMED_UNIT ( * ) SI_UNIT ( $, .STERADIAN. ) SOLID_ANGLE_UNIT ( ) );
#3421 = DIRECTION ( 'NONE',  ( -0.9965548649496432931, -0.08293612690015356170, 1.895595839594900252E-17 ) ) ;
#3422 = UNCERTAINTY_MEASURE_WITH_UNIT (LENGTH_MEASURE( 1.000000000000000082E-05 ), #8195, 'distance_accuracy_value', 'NONE');
#3423 = FILL_AREA_STYLE ('',( #3571 ) ) ;
#3424 =( NAMED_UNIT ( * ) PLANE_ANGLE_UNIT ( ) SI_UNIT ( $, .RADIAN. ) );
#3425 = SURFACE_SIDE_STYLE ('',( #7452 ) ) ;
#3426 = VECTOR ( 'NONE', #10041, 1000.000000000000000 ) ;
#3427 = CARTESIAN_POINT ( 'NONE',  ( 3.750000000000000000, -4.349999999999999645, 2.384702678381860593E-16 ) ) ;
#3428 = LINE ( 'NONE', #8380, #7271 ) ;
#3429 = PRESENTATION_LAYER_ASSIGNMENT (  '', '', ( #10076 ) ) ;
#3430 = ADVANCED_FACE ( 'NONE', ( #5618 ), #9770, .T. ) ;
#3431 = CARTESIAN_POINT ( 'NONE',  ( -5.000000000000000000, -3.072439817376820148, 10.29185809281899999 ) ) ;
#3432 = CARTESIAN_POINT ( 'NONE',  ( -3.753928499320489998, 5.795199161759920337, 1.972862536810731759 ) ) ;
#3433 = CARTESIAN_POINT ( 'NONE',  ( -6.500000000000000888, 3.077560182623181095, 5.691858092819041204 ) ) ;
#3434 = SURFACE_STYLE_USAGE ( .BOTH. , #48 ) ;
#3435 = ORIENTED_EDGE ( 'NONE', *, *, #3023, .F. ) ;
#3436 = CARTESIAN_POINT ( 'NONE',  ( -4.453928499320490175, -5.095199161759920159, 9.372862536810730560 ) ) ;
#3437 = CARTESIAN_POINT ( 'NONE',  ( 0.9813539975307771224, 0.8058249842585190059, 11.78455947458400033 ) ) ;
#3438 = LINE ( 'NONE', #6133, #8824 ) ;
#3439 = CARTESIAN_POINT ( 'NONE',  ( 0.3335752423176610026, -0.008180959406275060269, 11.88455947458399997 ) ) ;
#3440 = UNCERTAINTY_MEASURE_WITH_UNIT (LENGTH_MEASURE( 1.000000000000000082E-05 ), #1761, 'distance_accuracy_value', 'NONE');
#3441 = STYLED_ITEM ( 'NONE', ( #3678 ), #9085 ) ;
#3442 = EDGE_CURVE ( 'NONE', #6172, #6322, #7057, .T. ) ;
#3443 = DIRECTION ( 'NONE',  ( 9.790143883968197153E-30, 9.790143883968198554E-30, -1.000000000000000000 ) ) ;
#3444 = VECTOR ( 'NONE', #2970, 1000.000000000000000 ) ;
#3445 = DIRECTION ( 'NONE',  ( 0.0000000000000000000, -1.000000000000000000, 0.0000000000000000000 ) ) ;
#3446 = DIRECTION ( 'NONE',  ( -0.0000000000000000000, 0.0000000000000000000, 1.000000000000000000 ) ) ;
#3447 = ORIENTED_EDGE ( 'NONE', *, *, #7229, .F. ) ;
#3448 = CARTESIAN_POINT ( 'NONE',  ( 4.950000000000000178, -6.200000000000001066, 9.400000000000000355 ) ) ;
#3449 = VERTEX_POINT ( 'NONE', #5788 ) ;
#3450 = AXIS2_PLACEMENT_3D ( 'NONE', #1391, #10330, #2984 ) ;
#3451 = ADVANCED_FACE ( 'NONE', ( #3229 ), #586, .T. ) ;
#3452 = PRESENTATION_LAYER_ASSIGNMENT (  '', '', ( #89 ) ) ;
#3453 = UNCERTAINTY_MEASURE_WITH_UNIT (LENGTH_MEASURE( 1.000000000000000082E-05 ), #4591, 'distance_accuracy_value', 'NONE');
#3454 = ORIENTED_EDGE ( 'NONE', *, *, #9285, .T. ) ;
#3455 = FILL_AREA_STYLE_COLOUR ( '', #8683 ) ;
#3457 = CARTESIAN_POINT ( 'NONE',  ( 2.911888495329709947, -0.9893557386330470438, 11.88455947458399997 ) ) ;
#3456 = PRESENTATION_LAYER_ASSIGNMENT (  '', '', ( #9083 ) ) ;
#3458 = ORIENTED_EDGE ( 'NONE', *, *, #5487, .F. ) ;
#3459 = CARTESIAN_POINT ( 'NONE',  ( -0.01036292739023949964, -0.08131726751350369653, 11.88455947458399820 ) ) ;
#3460 = CARTESIAN_POINT ( 'NONE',  ( -1.801812055671259571, -6.200000000000001066, 1.387778780781442748E-17 ) ) ;
#3461 = CARTESIAN_POINT ( 'NONE',  ( -5.000000000000000000, 4.349999999999998757, 0.3261087975802219874 ) ) ;
#3462 = ORIENTED_EDGE ( 'NONE', *, *, #4805, .T. ) ;
#3463 = CARTESIAN_POINT ( 'NONE',  ( -0.8384878785567729809, -1.025500316946299950, 11.88455947458399997 ) ) ;
#3464 = DIRECTION ( 'NONE',  ( 0.0000000000000000000, -0.0000000000000000000, 1.000000000000000000 ) ) ;
#3465 = ORIENTED_EDGE ( 'NONE', *, *, #9964, .F. ) ;
#3466 = CARTESIAN_POINT ( 'NONE',  ( -0.2891656640866239747, 0.08763981510858470658, 11.83455947458400104 ) ) ;
#3467 = SURFACE_STYLE_USAGE ( .BOTH. , #7095 ) ;
#3468 = CARTESIAN_POINT ( 'NONE',  ( 3.753928499320489998, -5.795199161759920337, 1.972862536810728873 ) ) ;
#3469 = DIRECTION ( 'NONE',  ( 0.0000000000000000000, -0.0000000000000000000, 1.000000000000000000 ) ) ;
#3470 = CLOSED_SHELL ( 'NONE', ( #8820, #2748, #10810, #5594, #2220, #952, #6765, #10398, #8760, #9420, #5388, #1419, #6137, #3451, #1213, #10209 ) ) ;
#3471 = CARTESIAN_POINT ( 'NONE',  ( 0.5745390977393469711, -0.007427935867854950323, 11.88455947458399997 ) ) ;
#3472 = SURFACE_STYLE_USAGE ( .BOTH. , #830 ) ;
#3473 = SURFACE_STYLE_FILL_AREA ( #1049 ) ;
#3474 =( GEOMETRIC_REPRESENTATION_CONTEXT ( 3 ) GLOBAL_UNCERTAINTY_ASSIGNED_CONTEXT ( ( #4771 ) ) GLOBAL_UNIT_ASSIGNED_CONTEXT ( ( #8334, #8181, #9155 ) ) REPRESENTATION_CONTEXT ( 'NONE', 'WORKASPACE' ) );
#3475 = DIRECTION ( 'NONE',  ( -1.348803178618588312E-16, 1.348803178618583628E-16, 1.000000000000000000 ) ) ;
#3476 =( LENGTH_UNIT ( ) NAMED_UNIT ( * ) SI_UNIT ( .MILLI., .METRE. ) );
#3477 = CARTESIAN_POINT ( 'NONE',  ( -6.500000000000000888, -3.072439817376820148, 11.69185809281900035 ) ) ;
#3478 =( NAMED_UNIT ( * ) SI_UNIT ( $, .STERADIAN. ) SOLID_ANGLE_UNIT ( ) );
#3479 = ORIENTED_EDGE ( 'NONE', *, *, #8554, .T. ) ;
#3480 = SURFACE_STYLE_FILL_AREA ( #8437 ) ;
#3481 = EDGE_CURVE ( 'NONE', #5115, #9708, #7426, .T. ) ;
#3482 = CARTESIAN_POINT ( 'NONE',  ( 1.160570842020200111, 0.8058249842585190059, 11.78455947458400033 ) ) ;
#3483 = CARTESIAN_POINT ( 'NONE',  ( 2.911888495329709947, -0.5194762205607580396, 11.88455947458399997 ) ) ;
#3484 = CARTESIAN_POINT ( 'NONE',  ( -0.6981879443287383191, -6.200000000000001066, 2.000000000000000000 ) ) ;
#3485 = STYLED_ITEM ( 'NONE', ( #7071 ), #3806 ) ;
#3486 =( NAMED_UNIT ( * ) PLANE_ANGLE_UNIT ( ) SI_UNIT ( $, .RADIAN. ) );
#3487 = CARTESIAN_POINT ( 'NONE',  ( 6.305712614295090113, -3.072439817376821924, -0.3910372559811560178 ) ) ;
#3488 = CARTESIAN_POINT ( 'NONE',  ( -5.250000000000000000, -4.599999999999999645, 0.3261087975802219874 ) ) ;
#3489 = CARTESIAN_POINT ( 'NONE',  ( 2.049999999999999822, -3.731297848339520051, 5.692629214022194795 ) ) ;
#3490 = ORIENTED_EDGE ( 'NONE', *, *, #7666, .F. ) ;
#3491 = VECTOR ( 'NONE', #4183, 1000.000000000000000 ) ;
#3492 =( NAMED_UNIT ( * ) SI_UNIT ( $, .STERADIAN. ) SOLID_ANGLE_UNIT ( ) );
#3493 = ADVANCED_FACE ( 'NONE', ( #8449 ), #7632, .T. ) ;
#3494 = UNCERTAINTY_MEASURE_WITH_UNIT (LENGTH_MEASURE( 1.000000000000000082E-05 ), #6222, 'distance_accuracy_value', 'NONE');
#3495 =( LENGTH_UNIT ( ) NAMED_UNIT ( * ) SI_UNIT ( .MILLI., .METRE. ) );
#3496 = CARTESIAN_POINT ( 'NONE',  ( 4.453928499320490175, -5.804216384178710442, 2.235197563309480273 ) ) ;
#3497 = VERTEX_POINT ( 'NONE', #6922 ) ;
#3498 = FACE_OUTER_BOUND ( 'NONE', #2681, .T. ) ;
#3499 = DIRECTION ( 'NONE',  ( 0.0000000000000000000, 0.0000000000000000000, 1.000000000000000000 ) ) ;
#3500 = VERTEX_POINT ( 'NONE', #6086 ) ;
#3501 =( NAMED_UNIT ( * ) SI_UNIT ( $, .STERADIAN. ) SOLID_ANGLE_UNIT ( ) );
#3502 =( GEOMETRIC_REPRESENTATION_CONTEXT ( 3 ) GLOBAL_UNCERTAINTY_ASSIGNED_CONTEXT ( ( #9985 ) ) GLOBAL_UNIT_ASSIGNED_CONTEXT ( ( #9248, #4864, #7403 ) ) REPRESENTATION_CONTEXT ( 'NONE', 'WORKASPACE' ) );
#3503 = CARTESIAN_POINT ( 'NONE',  ( -1.371779538879632776, 4.349999999999999645, 5.551115123125780237E-17 ) ) ;
#3504 = EDGE_CURVE ( 'NONE', #1295, #10530, #1689, .T. ) ;
#3505 = VERTEX_POINT ( 'NONE', #118 ) ;
#3506 = CARTESIAN_POINT ( 'NONE',  ( -0.6963568918036270317, 0.1672707673910490134, 11.83455947458400104 ) ) ;
#3507 = CARTESIAN_POINT ( 'NONE',  ( -0.01582234804378450030, 0.3626774341128690127, 11.88455947458399997 ) ) ;
#3508 = UNCERTAINTY_MEASURE_WITH_UNIT (LENGTH_MEASURE( 1.000000000000000082E-05 ), #10593, 'distance_accuracy_value', 'NONE');
#3509 = MECHANICAL_DESIGN_GEOMETRIC_PRESENTATION_REPRESENTATION (  '', ( #4208 ), #3513 ) ;
#3510 =( NAMED_UNIT ( * ) PLANE_ANGLE_UNIT ( ) SI_UNIT ( $, .RADIAN. ) );
#3511 = ADVANCED_FACE ( 'NONE', ( #5150 ), #3392, .T. ) ;
#3512 = VERTEX_POINT ( 'NONE', #2551 ) ;
#3513 =( GEOMETRIC_REPRESENTATION_CONTEXT ( 3 ) GLOBAL_UNCERTAINTY_ASSIGNED_CONTEXT ( ( #3021 ) ) GLOBAL_UNIT_ASSIGNED_CONTEXT ( ( #132, #3510, #6990 ) ) REPRESENTATION_CONTEXT ( 'NONE', 'WORKASPACE' ) );
#3514 = CARTESIAN_POINT ( 'NONE',  ( -0.2567862034654720405, 0.3269093675688259926, 11.88455947458399997 ) ) ;
#3515 = CARTESIAN_POINT ( 'NONE',  ( 6.200000000000001066, -6.200000000000001066, 2.000000000000000000 ) ) ;
#3516 = EDGE_LOOP ( 'NONE', ( #2161, #6368, #4546, #1995 ) ) ;
#3517 = EDGE_CURVE ( 'NONE', #2163, #1289, #2158, .T. ) ;
#3518 = UNCERTAINTY_MEASURE_WITH_UNIT (LENGTH_MEASURE( 1.000000000000000082E-05 ), #4884, 'distance_accuracy_value', 'NONE');
#3519 = FACE_OUTER_BOUND ( 'NONE', #6766, .T. ) ;
#3520 = EDGE_CURVE ( 'NONE', #10275, #4383, #1126, .T. ) ;
#3521 = FILL_AREA_STYLE ('',( #6058 ) ) ;
#3522 = DIRECTION ( 'NONE',  ( -0.0000000000000000000, -0.0000000000000000000, 1.000000000000000000 ) ) ;
#3523 = CARTESIAN_POINT ( 'NONE',  ( 1.250000000000000000, -4.349999999999999645, 2.422378703875730886E-16 ) ) ;
#3524 = SURFACE_STYLE_USAGE ( .BOTH. , #8321 ) ;
#3525 = DIRECTION ( 'NONE',  ( -1.000000000000000000, 0.0000000000000000000, 0.0000000000000000000 ) ) ;
#3526 = DIRECTION ( 'NONE',  ( -0.0000000000000000000, -1.000000000000000000, 0.0000000000000000000 ) ) ;
#3527 = ORIENTED_EDGE ( 'NONE', *, *, #542, .T. ) ;
#3528 = DIRECTION ( 'NONE',  ( -9.659745536641621118E-17, -9.659745536641621118E-17, 1.000000000000000000 ) ) ;
#3529 =( NAMED_UNIT ( * ) SI_UNIT ( $, .STERADIAN. ) SOLID_ANGLE_UNIT ( ) );
#3530 = CARTESIAN_POINT ( 'NONE',  ( 2.670924639908020204, 0.5964877497632019576, 11.78455947458400033 ) ) ;
#3531 = SURFACE_STYLE_USAGE ( .BOTH. , #8432 ) ;
#3532 = VERTEX_POINT ( 'NONE', #2762 ) ;
#3533 = PRESENTATION_LAYER_ASSIGNMENT (  '', '', ( #894 ) ) ;
#3534 = CARTESIAN_POINT ( 'NONE',  ( 5.900000000000000355, -6.200000000000001066, 2.000000000000000000 ) ) ;
#3535 = CARTESIAN_POINT ( 'NONE',  ( 1.250000000000000000, 4.349999999999999645, -2.019326546254206402E-17 ) ) ;
#3536 = FILL_AREA_STYLE ('',( #5088 ) ) ;
#3537 = PRESENTATION_LAYER_ASSIGNMENT (  '', '', ( #7431 ) ) ;
#3538 = UNCERTAINTY_MEASURE_WITH_UNIT (LENGTH_MEASURE( 1.000000000000000082E-05 ), #2426, 'distance_accuracy_value', 'NONE');
#3539 = CYLINDRICAL_SURFACE ( 'NONE', #2327, 0.2500000000000002220 ) ;
#3540 =( GEOMETRIC_REPRESENTATION_CONTEXT ( 3 ) GLOBAL_UNCERTAINTY_ASSIGNED_CONTEXT ( ( #535 ) ) GLOBAL_UNIT_ASSIGNED_CONTEXT ( ( #10294, #232, #6151 ) ) REPRESENTATION_CONTEXT ( 'NONE', 'WORKASPACE' ) );
#3541 = FACE_OUTER_BOUND ( 'NONE', #9162, .T. ) ;
#3542 = PRESENTATION_LAYER_ASSIGNMENT (  '', '', ( #2480 ) ) ;
#3543 = FACE_OUTER_BOUND ( 'NONE', #282, .T. ) ;
#3544 = AXIS2_PLACEMENT_3D ( 'NONE', #727, #9962, #9203 ) ;
#3545 = FACE_OUTER_BOUND ( 'NONE', #2460, .T. ) ;
#3546 = ORIENTED_EDGE ( 'NONE', *, *, #5542, .F. ) ;
#3547 = CARTESIAN_POINT ( 'NONE',  ( 0.5745390977393469711, -0.007427935867854950323, 11.88455947458399997 ) ) ;
#3548 = LINE ( 'NONE', #904, #1587 ) ;
#3549 = ORIENTED_EDGE ( 'NONE', *, *, #8766, .F. ) ;
#3550 = AXIS2_PLACEMENT_3D ( 'NONE', #1661, #877, #2572 ) ;
#3551 = PRESENTATION_LAYER_ASSIGNMENT (  '', '', ( #1086 ) ) ;
#3552 = FILL_AREA_STYLE_COLOUR ( '', #6920 ) ;
#3553 = ORIENTED_EDGE ( 'NONE', *, *, #6938, .T. ) ;
#3554 = DIRECTION ( 'NONE',  ( -1.000000000000000000, 0.0000000000000000000, 0.0000000000000000000 ) ) ;
#3555 = DIRECTION ( 'NONE',  ( 0.0000000000000000000, 0.0000000000000000000, -1.000000000000000000 ) ) ;
#3556 = FACE_OUTER_BOUND ( 'NONE', #5732, .T. ) ;
#3557 = ORIENTED_EDGE ( 'NONE', *, *, #5004, .F. ) ;
#3558 = ORIENTED_EDGE ( 'NONE', *, *, #9023, .F. ) ;
#3559 = STYLED_ITEM ( 'NONE', ( #4878 ), #7825 ) ;
#3560 = CARTESIAN_POINT ( 'NONE',  ( -5.250000000000000000, -4.350000000000000533, 0.3261087975802219874 ) ) ;
#3561 =( GEOMETRIC_REPRESENTATION_CONTEXT ( 3 ) GLOBAL_UNCERTAINTY_ASSIGNED_CONTEXT ( ( #8237 ) ) GLOBAL_UNIT_ASSIGNED_CONTEXT ( ( #10627, #7312, #3098 ) ) REPRESENTATION_CONTEXT ( 'NONE', 'WORKASPACE' ) );
#3562 = CYLINDRICAL_SURFACE ( 'NONE', #7502, 0.2499999999999998335 ) ;
#3563 = FACE_OUTER_BOUND ( 'NONE', #2301, .T. ) ;
#3564 = STYLED_ITEM ( 'NONE', ( #277 ), #8079 ) ;
#3565 = EDGE_LOOP ( 'NONE', ( #2279, #10387, #6780, #1774 ) ) ;
#3566 = CARTESIAN_POINT ( 'NONE',  ( -0.7259126979993411055, 0.8058249842585190059, 11.88455947458399997 ) ) ;
#3567 = CARTESIAN_POINT ( 'NONE',  ( -0.6981879443287385412, 6.200000000000001066, 6.938893903907225296E-18 ) ) ;
#3568 = ADVANCED_FACE ( 'NONE', ( #7149 ), #2011, .T. ) ;
#3569 = CARTESIAN_POINT ( 'NONE',  ( -6.513276922344959807, 3.101520183108080531, 11.40411371344520042 ) ) ;
#3570 = COLOUR_RGB ( '',1.000000000000000000, 1.000000000000000000, 1.000000000000000000 ) ;
#3571 = FILL_AREA_STYLE_COLOUR ( '', #1867 ) ;
#3572 = UNCERTAINTY_MEASURE_WITH_UNIT (LENGTH_MEASURE( 1.000000000000000082E-05 ), #8448, 'distance_accuracy_value', 'NONE');
#3573 = LINE ( 'NONE', #6339, #7062 ) ;
#3574 = CARTESIAN_POINT ( 'NONE',  ( -6.200000000000001066, 3.275000000000000355, 2.000000000000000000 ) ) ;
#3575 = PRESENTATION_LAYER_ASSIGNMENT (  '', '', ( #3051 ) ) ;
#3576 = DIRECTION ( 'NONE',  ( 1.000000000000000000, 0.0000000000000000000, -0.0000000000000000000 ) ) ;
#3577 = EDGE_CURVE ( 'NONE', #1901, #3449, #2107, .T. ) ;
#3578 = CARTESIAN_POINT ( 'NONE',  ( 0.5745390977393469711, -0.5027216306745480034, 11.78455947458400033 ) ) ;
#3579 =( BOUNDED_SURFACE ( )  B_SPLINE_SURFACE ( 1, 2, ( 
 ( #4617, #1204, #442, #10319, #2087, #2040, #7122, #5459, #10545 ),
 ( #1930, #2139, #8636, #268, #4457, #3690, #5348, #7833, #3630 ) ),
 .UNSPECIFIED., .F., .F., .F. ) 
 B_SPLINE_SURFACE_WITH_KNOTS ( ( 2, 2 ),
 ( 3, 2, 2, 2, 3 ),
 ( 0.0000000000000000000, 7.186048063044039758 ),
 ( 12.24881762369800065, 13.34837505245440070, 16.80400009213839851, 17.90355752089489982, 24.49763524739600129 ),
 .UNSPECIFIED. ) 
 GEOMETRIC_REPRESENTATION_ITEM ( )  RATIONAL_B_SPLINE_SURFACE ( (
 ( 1.000000000000000000, 0.7071067811865470176, 1.000000000000000000, 1.000000000000000000, 1.000000000000000000, 0.7071067811865490160, 1.000000000000000000, 1.000000000000000000, 1.000000000000000000),
 ( 1.000000000000000000, 0.7071067811865470176, 1.000000000000000000, 1.000000000000000000, 1.000000000000000000, 0.7071067811865490160, 1.000000000000000000, 1.000000000000000000, 1.000000000000000000) ) ) 
 REPRESENTATION_ITEM ( '' )  SURFACE ( )  );
#3580 = CARTESIAN_POINT ( 'NONE',  ( -1.140257465487700017, 0.7393717600547691227, 11.78455947458399677 ) ) ;
#3582 = VERTEX_POINT ( 'NONE', #5375 ) ;
#3581 = PRESENTATION_LAYER_ASSIGNMENT (  '', '', ( #3057 ) ) ;
#3583 = ORIENTED_EDGE ( 'NONE', *, *, #4637, .T. ) ;
#3584 = CARTESIAN_POINT ( 'NONE',  ( 2.049999999999999822, -3.718944926047638599, 9.372862536810730560 ) ) ;
#3585 = FILL_AREA_STYLE_COLOUR ( '', #3064 ) ;
#3586 = PRESENTATION_LAYER_ASSIGNMENT (  '', '', ( #6778 ) ) ;
#3587 = CARTESIAN_POINT ( 'NONE',  ( 5.000000000000000000, -3.274999999999990141, 1.649999999999999911 ) ) ;
#3588 = CARTESIAN_POINT ( 'NONE',  ( 4.950000000000000178, 3.274810948087050200, 10.14126039117999944 ) ) ;
#3589 =( GEOMETRIC_REPRESENTATION_CONTEXT ( 3 ) GLOBAL_UNCERTAINTY_ASSIGNED_CONTEXT ( ( #3077 ) ) GLOBAL_UNIT_ASSIGNED_CONTEXT ( ( #7434, #9323, #913 ) ) REPRESENTATION_CONTEXT ( 'NONE', 'WORKASPACE' ) );
#3590 = ORIENTED_EDGE ( 'NONE', *, *, #3481, .T. ) ;
#3591 = STYLED_ITEM ( 'NONE', ( #6413 ), #10083 ) ;
#3592 = FILL_AREA_STYLE_COLOUR ( '', #9054 ) ;
#3593 = LINE ( 'NONE', #10510, #10142 ) ;
#3594 = CARTESIAN_POINT ( 'NONE',  ( 0.3335752423176610026, -0.008180959406275060269, 11.88455947458399997 ) ) ;
#3595 = PRESENTATION_LAYER_ASSIGNMENT (  '', '', ( #10784 ) ) ;
#3596 = VECTOR ( 'NONE', #6669, 1000.000000000000000 ) ;
#3597 = PRESENTATION_STYLE_ASSIGNMENT (( #2545 ) ) ;
#3598 = SURFACE_STYLE_USAGE ( .BOTH. , #1009 ) ;
#3599 = CARTESIAN_POINT ( 'NONE',  ( 6.610175751530350752, -3.072439817376822369, -0.3910372559811560733 ) ) ;
#3600 = VECTOR ( 'NONE', #5143, 1000.000000000000000 ) ;
#3601 = ORIENTED_EDGE ( 'NONE', *, *, #2609, .T. ) ;
#3602 = PRESENTATION_STYLE_ASSIGNMENT (( #10124 ) ) ;
#3603 = PRESENTATION_LAYER_ASSIGNMENT (  '', '', ( #2363 ) ) ;
#3604 = VERTEX_POINT ( 'NONE', #8726 ) ;
#3605 =( LENGTH_UNIT ( ) NAMED_UNIT ( * ) SI_UNIT ( .MILLI., .METRE. ) );
#3606 = DIRECTION ( 'NONE',  ( 0.0000000000000000000, -0.0000000000000000000, 1.000000000000000000 ) ) ;
#3607 = VERTEX_POINT ( 'NONE', #1179 ) ;
#3608 = PLANE ( 'NONE',  #6784 ) ;
#3609 = CARTESIAN_POINT ( 'NONE',  ( 6.213276922344959985, -3.072439817376822813, -0.3203975278070690380 ) ) ;
#3610 = EDGE_LOOP ( 'NONE', ( #6963, #7923, #7233, #7672 ) ) ;
#3611 = UNCERTAINTY_MEASURE_WITH_UNIT (LENGTH_MEASURE( 1.000000000000000082E-05 ), #2492, 'distance_accuracy_value', 'NONE');
#3612 = ORIENTED_EDGE ( 'NONE', *, *, #4927, .F. ) ;
#3613 = DIRECTION ( 'NONE',  ( -1.000000000000000000, 0.0000000000000000000, 0.0000000000000000000 ) ) ;
#3614 = CARTESIAN_POINT ( 'NONE',  ( -0.01582234804378450030, 0.6281141868459350075, 11.78455947458400033 ) ) ;
#3615 = UNCERTAINTY_MEASURE_WITH_UNIT (LENGTH_MEASURE( 1.000000000000000082E-05 ), #3876, 'distance_accuracy_value', 'NONE');
#3616 = PLANE ( 'NONE',  #4476 ) ;
#3617 = ADVANCED_FACE ( 'NONE', ( #7912 ), #10407, .T. ) ;
#3618 = PRESENTATION_LAYER_ASSIGNMENT (  '', '', ( #5923 ) ) ;
#3619 = ORIENTED_EDGE ( 'NONE', *, *, #1191, .F. ) ;
#3620 = CARTESIAN_POINT ( 'NONE',  ( 2.250000000000000444, -4.349999999999999645, 0.3261087975802219874 ) ) ;
#3621 = CARTESIAN_POINT ( 'NONE',  ( -0.2500000000000000000, 4.099999999999999645, -4.673891202419779844 ) ) ;
#3622 = ORIENTED_EDGE ( 'NONE', *, *, #8376, .T. ) ;
#3623 = SURFACE_STYLE_USAGE ( .BOTH. , #6485 ) ;
#3624 = CARTESIAN_POINT ( 'NONE',  ( -5.250000000000000000, -4.350000000000000533, 0.3261087975802219874 ) ) ;
#3625 = PLANE ( 'NONE',  #2799 ) ;
#3626 = SURFACE_STYLE_FILL_AREA ( #2918 ) ;
#3627 =( NAMED_UNIT ( * ) PLANE_ANGLE_UNIT ( ) SI_UNIT ( $, .RADIAN. ) );
#3628 = MECHANICAL_DESIGN_GEOMETRIC_PRESENTATION_REPRESENTATION (  '', ( #8728 ), #5929 ) ;
#3629 = DIRECTION ( 'NONE',  ( -1.348803178618588312E-16, 1.348803178618583628E-16, 1.000000000000000000 ) ) ;
#3630 = CARTESIAN_POINT ( 'NONE',  ( -4.453928499320490175, -5.095394788380449569, 9.121511058380409764 ) ) ;
#3631 = EDGE_CURVE ( 'NONE', #1289, #4886, #8178, .T. ) ;
#3632 = VECTOR ( 'NONE', #10234, 1000.000000000000000 ) ;
#3633 = ORIENTED_EDGE ( 'NONE', *, *, #4972, .T. ) ;
#3634 = EDGE_LOOP ( 'NONE', ( #9941, #1690, #6584, #8991 ) ) ;
#3635 = FACE_OUTER_BOUND ( 'NONE', #8041, .T. ) ;
#3636 = CLOSED_SHELL ( 'NONE', ( #5756, #7295, #859, #1890, #8049, #7825, #5311, #8771, #3430, #1429, #10671, #8928, #6014, #2672, #5192, #5712 ) ) ;
#3637 = ADVANCED_FACE ( 'NONE', ( #1619 ), #3882, .T. ) ;
#3638 = PRESENTATION_STYLE_ASSIGNMENT (( #4302 ) ) ;
#3639 = ORIENTED_EDGE ( 'NONE', *, *, #5592, .T. ) ;
#3640 = CARTESIAN_POINT ( 'NONE',  ( -1.699999999999999734, -3.274999999999994138, 10.14126039117999944 ) ) ;
#3641 = CARTESIAN_POINT ( 'NONE',  ( -3.750000000000000000, 4.349999999999999645, -1.176359357146775084E-17 ) ) ;
#3642 = FILL_AREA_STYLE ('',( #4474 ) ) ;
#3643 = CYLINDRICAL_SURFACE ( 'NONE', #7443, 0.2999999999999999334 ) ;
#3644 = DIRECTION ( 'NONE',  ( 0.0000000000000000000, 0.0000000000000000000, 1.000000000000000000 ) ) ;
#3645 = EDGE_CURVE ( 'NONE', #8934, #3607, #726, .T. ) ;
#3646 = UNCERTAINTY_MEASURE_WITH_UNIT (LENGTH_MEASURE( 1.000000000000000082E-05 ), #4616, 'distance_accuracy_value', 'NONE');
#3647 = MECHANICAL_DESIGN_GEOMETRIC_PRESENTATION_REPRESENTATION (  '', ( #6119 ), #2241 ) ;
#3648 = FACE_OUTER_BOUND ( 'NONE', #419, .T. ) ;
#3649 = DIRECTION ( 'NONE',  ( 0.0000000000000000000, 0.0000000000000000000, -1.000000000000000000 ) ) ;
#3650 = CARTESIAN_POINT ( 'NONE',  ( -6.610175751530350752, -3.072439817376821924, 5.710663437739159853 ) ) ;
#3651 = EDGE_CURVE ( 'NONE', #4278, #1011, #8059, .T. ) ;
#3652 = CARTESIAN_POINT ( 'NONE',  ( 4.950000000000000178, -5.900000000000000355, 10.14126039117999944 ) ) ;
#3653 =( LENGTH_UNIT ( ) NAMED_UNIT ( * ) SI_UNIT ( .MILLI., .METRE. ) );
#3654 = EDGE_LOOP ( 'NONE', ( #1696, #9700 ) ) ;
#3655 =( LENGTH_UNIT ( ) NAMED_UNIT ( * ) SI_UNIT ( .MILLI., .METRE. ) );
#3656 = PRESENTATION_LAYER_ASSIGNMENT (  '', '', ( #6303 ) ) ;
#3657 = SURFACE_SIDE_STYLE ('',( #4485 ) ) ;
#3658 = EDGE_CURVE ( 'NONE', #2093, #10353, #7465, .T. ) ;
#3659 = ORIENTED_EDGE ( 'NONE', *, *, #4014, .T. ) ;
#3660 = CARTESIAN_POINT ( 'NONE',  ( -0.1483524685257129883, -0.4074656238135029862, 11.78455947458400033 ) ) ;
#3661 = VERTEX_POINT ( 'NONE', #7252 ) ;
#3662 = AXIS2_PLACEMENT_3D ( 'NONE', #10117, #7729, #2 ) ;
#3663 = CARTESIAN_POINT ( 'NONE',  ( -6.610175751530350752, -3.072439817376820148, 11.81236413145949982 ) ) ;
#3664 = STYLED_ITEM ( 'NONE', ( #895 ), #3774 ) ;
#3665 = SURFACE_STYLE_USAGE ( .BOTH. , #8513 ) ;
#3666 = CARTESIAN_POINT ( 'NONE',  ( 1.371779538879630111, -4.350000000000001421, 5.289281711448455632E-17 ) ) ;
#3667 = VERTEX_POINT ( 'NONE', #3102 ) ;
#3668 =( NAMED_UNIT ( * ) PLANE_ANGLE_UNIT ( ) SI_UNIT ( $, .RADIAN. ) );
#3669 = STYLED_ITEM ( 'NONE', ( #6706 ), #481 ) ;
#3670 = ORIENTED_EDGE ( 'NONE', *, *, #1931, .T. ) ;
#3671 = DIRECTION ( 'NONE',  ( 0.0000000000000000000, -0.0000000000000000000, -1.000000000000000000 ) ) ;
#3672 = DIRECTION ( 'NONE',  ( 1.000000000000000000, 0.0000000000000000000, -0.0000000000000000000 ) ) ;
#3673 =( NAMED_UNIT ( * ) SI_UNIT ( $, .STERADIAN. ) SOLID_ANGLE_UNIT ( ) );
#3674 = CARTESIAN_POINT ( 'NONE',  ( 3.871779538879629889, -4.349999999999999645, -5.551115123125780237E-17 ) ) ;
#3675 =( NAMED_UNIT ( * ) PLANE_ANGLE_UNIT ( ) SI_UNIT ( $, .RADIAN. ) );
#3676 = VECTOR ( 'NONE', #9635, 1000.000000000000000 ) ;
#3677 = MECHANICAL_DESIGN_GEOMETRIC_PRESENTATION_REPRESENTATION (  '', ( #8959 ), #3863 ) ;
#3678 = PRESENTATION_STYLE_ASSIGNMENT (( #978 ) ) ;
#3679 = ORIENTED_EDGE ( 'NONE', *, *, #4802, .T. ) ;
#3680 = LINE ( 'NONE', #6838, #5521 ) ;
#3681 = FILL_AREA_STYLE ('',( #6228 ) ) ;
#3682 = ORIENTED_EDGE ( 'NONE', *, *, #10153, .T. ) ;
#3683 =( GEOMETRIC_REPRESENTATION_CONTEXT ( 3 ) GLOBAL_UNCERTAINTY_ASSIGNED_CONTEXT ( ( #5689 ) ) GLOBAL_UNIT_ASSIGNED_CONTEXT ( ( #4815, #3157, #1561 ) ) REPRESENTATION_CONTEXT ( 'NONE', 'WORKASPACE' ) );
#3684 =( NAMED_UNIT ( * ) PLANE_ANGLE_UNIT ( ) SI_UNIT ( $, .RADIAN. ) );
#3685 = CARTESIAN_POINT ( 'NONE',  ( -3.871779538879631666, 4.349999999999979217, 2.139422200832517712E-17 ) ) ;
#3686 = PRESENTATION_STYLE_ASSIGNMENT (( #2084 ) ) ;
#3687 = UNCERTAINTY_MEASURE_WITH_UNIT (LENGTH_MEASURE( 1.000000000000000082E-05 ), #10115, 'distance_accuracy_value', 'NONE');
#3688 = CARTESIAN_POINT ( 'NONE',  ( -3.198187944328739984, -5.899999999999994138, 0.0000000000000000000 ) ) ;
#3689 = DIRECTION ( 'NONE',  ( -1.889065255926620463E-17, 1.572133771040476674E-18, 1.000000000000000000 ) ) ;
#3690 = CARTESIAN_POINT ( 'NONE',  ( -4.453928499320490175, 5.794608934297522218, 9.134918554661560108 ) ) ;
#3691 = PRESENTATION_LAYER_ASSIGNMENT (  '', '', ( #4208 ) ) ;
#3692 = DIRECTION ( 'NONE',  ( 0.0000000000000000000, 0.0000000000000000000, -1.000000000000000000 ) ) ;
#3693 = ORIENTED_EDGE ( 'NONE', *, *, #10684, .T. ) ;
#3694 = ORIENTED_EDGE ( 'NONE', *, *, #2733, .T. ) ;
#3695 = CARTESIAN_POINT ( 'NONE',  ( 6.200000000000001066, 3.077560182623181095, -0.008141907180957225210 ) ) ;
#3696 = CARTESIAN_POINT ( 'NONE',  ( 4.453928499320490175, -0.0003802452009550819773, 9.127783911014779150 ) ) ;
#3697 = STYLED_ITEM ( 'NONE', ( #626 ), #5672 ) ;
#3698 = LINE ( 'NONE', #6412, #4943 ) ;
#3699 = EDGE_CURVE ( 'NONE', #7945, #649, #6476, .T. ) ;
#3700 = CARTESIAN_POINT ( 'NONE',  ( -5.000000000000000000, -3.072439817376820148, 1.091858092819040005 ) ) ;
#3701 = CARTESIAN_POINT ( 'NONE',  ( 0.5745390977393469711, -0.007427935867854950323, 11.88455947458399997 ) ) ;
#3702 = DIRECTION ( 'NONE',  ( -1.000000000000000000, 0.0000000000000000000, 0.0000000000000000000 ) ) ;
#3703 = FILL_AREA_STYLE ('',( #10515 ) ) ;
#3704 = PRESENTATION_LAYER_ASSIGNMENT (  '', '', ( #8984 ) ) ;
#3705 = CARTESIAN_POINT ( 'NONE',  ( -6.610175751530350752, -3.072439817376821924, -0.3910372559811540749 ) ) ;
#3706 = COLOUR_RGB ( '',0.1764705882352941013, 0.1764705882352941013, 0.1764705882352941013 ) ;
#3707 = CARTESIAN_POINT ( 'NONE',  ( 3.176948736293559783, -0.2905605579101560587, 11.88455947458399997 ) ) ;
#3708 = EDGE_CURVE ( 'NONE', #9157, #4608, #8558, .T. ) ;
#3709 = ORIENTED_EDGE ( 'NONE', *, *, #9691, .F. ) ;
#3710 = CARTESIAN_POINT ( 'NONE',  ( 1.268910449017659925, 0.9460735040874339585, 11.78455947458399855 ) ) ;
#3711 = DIRECTION ( 'NONE',  ( -1.000000000000000000, 0.0000000000000000000, -0.0000000000000000000 ) ) ;
#3712 = CARTESIAN_POINT ( 'NONE',  ( -6.513276922344959807, -3.072439817376820148, 5.691858092819041204 ) ) ;
#3713 = EDGE_LOOP ( 'NONE', ( #402, #3346, #6490, #4438 ) ) ;
#3714 = EDGE_CURVE ( 'NONE', #4057, #10308, #7358, .T. ) ;
#3715 = COLOUR_RGB ( '',1.000000000000000000, 1.000000000000000000, 1.000000000000000000 ) ;
#3716 = COLOUR_RGB ( '',0.7450980392156862919, 0.7450980392156862919, 0.7450980392156862919 ) ;
#3717 = ORIENTED_EDGE ( 'NONE', *, *, #4169, .F. ) ;
#3718 = MECHANICAL_DESIGN_GEOMETRIC_PRESENTATION_REPRESENTATION (  '', ( #5842 ), #5128 ) ;
#3719 =( NAMED_UNIT ( * ) SI_UNIT ( $, .STERADIAN. ) SOLID_ANGLE_UNIT ( ) );
#3720 = ADVANCED_FACE ( 'NONE', ( #8438 ), #6755, .T. ) ;
#3721 =( NAMED_UNIT ( * ) SI_UNIT ( $, .STERADIAN. ) SOLID_ANGLE_UNIT ( ) );
#3722 = CARTESIAN_POINT ( 'NONE',  ( -2.292930781778729887, 0.7696804059452659885, 11.78455947458400033 ) ) ;
#3723 = ORIENTED_EDGE ( 'NONE', *, *, #6314, .T. ) ;
#3724 =( LENGTH_UNIT ( ) NAMED_UNIT ( * ) SI_UNIT ( .MILLI., .METRE. ) );
#3725 = ORIENTED_EDGE ( 'NONE', *, *, #6556, .F. ) ;
#3726 = CARTESIAN_POINT ( 'NONE',  ( -0.6566354516828779575, 0.1644471129656109865, 11.78455947458399500 ) ) ;
#3727 = CARTESIAN_POINT ( 'NONE',  ( -3.871779538879633886, -4.349999999999999645, 5.551115123125780237E-17 ) ) ;
#3728 = PLANE ( 'NONE',  #5910 ) ;
#3729 = CARTESIAN_POINT ( 'NONE',  ( 2.719117410992359929, 0.9985960685958690242, 11.78455947458400033 ) ) ;
#3730 = DIRECTION ( 'NONE',  ( 0.0000000000000000000, 0.0000000000000000000, 1.000000000000000000 ) ) ;
#3731 = COLOUR_RGB ( '',0.4117647058823529216, 0.4117647058823529216, 0.4117647058823529216 ) ;
#3732 = ORIENTED_EDGE ( 'NONE', *, *, #9156, .F. ) ;
#3733 = DIRECTION ( 'NONE',  ( -1.000000000000000000, 0.0000000000000000000, 5.782411586589358033E-15 ) ) ;
#3734 = ORIENTED_EDGE ( 'NONE', *, *, #2507, .T. ) ;
#3735 = VECTOR ( 'NONE', #998, 1000.000000000000000 ) ;
#3736 = VECTOR ( 'NONE', #5205, 1000.000000000000000 ) ;
#3737 = CYLINDRICAL_SURFACE ( 'NONE', #10543, 0.2999999999999999334 ) ;
#3738 = CARTESIAN_POINT ( 'NONE',  ( -1.699999846953455629, 3.274950112131613800, 10.14124909832494126 ) ) ;
#3739 = LINE ( 'NONE', #5406, #3267 ) ;
#3740 = DIRECTION ( 'NONE',  ( -1.000000000000000000, 0.0000000000000000000, 0.0000000000000000000 ) ) ;
#3741 = SURFACE_STYLE_USAGE ( .BOTH. , #381 ) ;
#3742 = AXIS2_PLACEMENT_3D ( 'NONE', #7371, #3339, #10030 ) ;
#3743 = CARTESIAN_POINT ( 'NONE',  ( 1.275687477019799898, -0.6610424396600900199, 11.78455947458400033 ) ) ;
#3744 = STYLED_ITEM ( 'NONE', ( #8144 ), #6834 ) ;
#3745 = VECTOR ( 'NONE', #4732, 1000.000000000000000 ) ;
#3746 = MECHANICAL_DESIGN_GEOMETRIC_PRESENTATION_REPRESENTATION (  '', ( #4622 ), #3398 ) ;
#3747 = ORIENTED_EDGE ( 'NONE', *, *, #7498, .F. ) ;
#3748 = ORIENTED_EDGE ( 'NONE', *, *, #3631, .F. ) ;
#3749 = CARTESIAN_POINT ( 'NONE',  ( -4.599635752693320256, -5.270921696829399927, 2.235854142197729821 ) ) ;
#3750 =( NAMED_UNIT ( * ) PLANE_ANGLE_UNIT ( ) SI_UNIT ( $, .RADIAN. ) );
#3751 = SURFACE_SIDE_STYLE ('',( #7131 ) ) ;
#3752 = CIRCLE ( 'NONE', #9543, 0.2500000000000002220 ) ;
#3753 = SURFACE_STYLE_FILL_AREA ( #5416 ) ;
#3754 = SURFACE_SIDE_STYLE ('',( #392 ) ) ;
#3755 = CARTESIAN_POINT ( 'NONE',  ( 1.275687477019799898, -0.6610424396600900199, 11.88455947458399997 ) ) ;
#3756 = AXIS2_PLACEMENT_3D ( 'NONE', #9192, #3372, #831 ) ;
#3757 = DIRECTION ( 'NONE',  ( 1.000000000000000000, 0.0000000000000000000, 0.0000000000000000000 ) ) ;
#3758 = AXIS2_PLACEMENT_3D ( 'NONE', #10146, #5173, #6887 ) ;
#3759 =( NAMED_UNIT ( * ) PLANE_ANGLE_UNIT ( ) SI_UNIT ( $, .RADIAN. ) );
#3760 = EDGE_CURVE ( 'NONE', #10409, #213, #2737, .T. ) ;
#3761 = AXIS2_PLACEMENT_3D ( 'NONE', #5962, #8739, #9616 ) ;
#3762 = VECTOR ( 'NONE', #943, 1000.000000000000000 ) ;
#3763 = CARTESIAN_POINT ( 'NONE',  ( -5.000000000000000000, -3.274999999999990141, 2.000000000000000000 ) ) ;
#3764 = ORIENTED_EDGE ( 'NONE', *, *, #1970, .F. ) ;
#3765 = FILL_AREA_STYLE ('',( #407 ) ) ;
#3766 = CARTESIAN_POINT ( 'NONE',  ( -1.801812055671259127, 5.900000000000002132, 5.293480583716964577E-17 ) ) ;
#3767 = AXIS2_PLACEMENT_3D ( 'NONE', #9445, #8624, #2849 ) ;
#3768 =( NAMED_UNIT ( * ) SI_UNIT ( $, .STERADIAN. ) SOLID_ANGLE_UNIT ( ) );
#3769 = ORIENTED_EDGE ( 'NONE', *, *, #8357, .F. ) ;
#3770 = STYLED_ITEM ( 'NONE', ( #2776 ), #1274 ) ;
#3771 = SURFACE_STYLE_FILL_AREA ( #410 ) ;
#3772 = DIRECTION ( 'NONE',  ( -1.000000000000000000, 0.0000000000000000000, 0.0000000000000000000 ) ) ;
#3773 = PRESENTATION_LAYER_ASSIGNMENT (  '', '', ( #8518 ) ) ;
#3774 = ADVANCED_FACE ( 'NONE', ( #1837 ), #6493, .T. ) ;
#3775 = CARTESIAN_POINT ( 'NONE',  ( -0.9971544038136331833, -5.924880838070045286, 2.000000000000000888 ) ) ;
#3776 = ORIENTED_EDGE ( 'NONE', *, *, #4656, .T. ) ;
#3777 = FILL_AREA_STYLE ('',( #6374 ) ) ;
#3778 = MECHANICAL_DESIGN_GEOMETRIC_PRESENTATION_REPRESENTATION (  '', ( #2363 ), #3258 ) ;
#3779 = SURFACE_SIDE_STYLE ('',( #6098 ) ) ;
#3780 = CARTESIAN_POINT ( 'NONE',  ( -3.198187944328739540, 6.200000000000001066, 2.000000000000000000 ) ) ;
#3781 = VERTEX_POINT ( 'NONE', #216 ) ;
#3782 = PRESENTATION_STYLE_ASSIGNMENT (( #6323 ) ) ;
#3783 = VERTEX_POINT ( 'NONE', #454 ) ;
#3784 = FACE_OUTER_BOUND ( 'NONE', #8028, .T. ) ;
#3785 = CARTESIAN_POINT ( 'NONE',  ( 6.610175751530340094, -3.072439817376820148, -0.08657411874590380252 ) ) ;
#3786 = EDGE_CURVE ( 'NONE', #5067, #5804, #3593, .T. ) ;
#3787 = PRESENTATION_STYLE_ASSIGNMENT (( #7815 ) ) ;
#3788 = FILL_AREA_STYLE ('',( #5560 ) ) ;
#3789 = SURFACE_STYLE_USAGE ( .BOTH. , #8744 ) ;
#3790 = UNCERTAINTY_MEASURE_WITH_UNIT (LENGTH_MEASURE( 1.000000000000000082E-05 ), #1939, 'distance_accuracy_value', 'NONE');
#3791 = VECTOR ( 'NONE', #3145, 1000.000000000000000 ) ;
#3792 = LINE ( 'NONE', #4670, #3797 ) ;
#3793 = VERTEX_POINT ( 'NONE', #394 ) ;
#3794 =( NAMED_UNIT ( * ) SI_UNIT ( $, .STERADIAN. ) SOLID_ANGLE_UNIT ( ) );
#3795 = CARTESIAN_POINT ( 'NONE',  ( -5.900000000000000355, 6.200000000000001066, 0.9999999999999985567 ) ) ;
#3796 =( LENGTH_UNIT ( ) NAMED_UNIT ( * ) SI_UNIT ( .MILLI., .METRE. ) );
#3798 = ORIENTED_EDGE ( 'NONE', *, *, #58, .T. ) ;
#3797 = VECTOR ( 'NONE', #2239, 1000.000000000000000 ) ;
#3799 = VECTOR ( 'NONE', #1974, 1000.000000000000000 ) ;
#3800 = PRESENTATION_STYLE_ASSIGNMENT (( #438 ) ) ;
#3801 =( NAMED_UNIT ( * ) SI_UNIT ( $, .STERADIAN. ) SOLID_ANGLE_UNIT ( ) );
#3802 = UNCERTAINTY_MEASURE_WITH_UNIT (LENGTH_MEASURE( 1.000000000000000082E-05 ), #8502, 'distance_accuracy_value', 'NONE');
#3803 = CARTESIAN_POINT ( 'NONE',  ( -3.628220461120370111, 4.349999999999999645, 0.9999999999999997780 ) ) ;
#3804 = FILL_AREA_STYLE_COLOUR ( '', #307 ) ;
#3805 = DIRECTION ( 'NONE',  ( 0.0000000000000000000, -0.0000000000000000000, -1.000000000000000000 ) ) ;
#3806 = ADVANCED_FACE ( 'NONE', ( #1219, #1114 ), #7954, .T. ) ;
#3807 = CARTESIAN_POINT ( 'NONE',  ( -2.027870540814870282, 0.7696804059452660995, 11.78455947458400033 ) ) ;
#3808 = CARTESIAN_POINT ( 'NONE',  ( 1.375000000000000000, -3.072439817376820148, 10.29185809281899999 ) ) ;
#3809 = CARTESIAN_POINT ( 'NONE',  ( -0.01582234804378450030, 0.4920073884001489040, 11.78455947458399677 ) ) ;
#3810 = VERTEX_POINT ( 'NONE', #8653 ) ;
#3811 = ORIENTED_EDGE ( 'NONE', *, *, #5529, .F. ) ;
#3812 =( LENGTH_UNIT ( ) NAMED_UNIT ( * ) SI_UNIT ( .MILLI., .METRE. ) );
#3813 = FACE_OUTER_BOUND ( 'NONE', #4340, .T. ) ;
#3814 = FILL_AREA_STYLE_COLOUR ( '', #6713 ) ;
#3815 = SURFACE_SIDE_STYLE ('',( #6467 ) ) ;
#3816 = PRESENTATION_STYLE_ASSIGNMENT (( #9689 ) ) ;
#3817 = DIRECTION ( 'NONE',  ( 0.0000000000000000000, 1.000000000000000000, 0.0000000000000000000 ) ) ;
#3818 = COLOUR_RGB ( '',0.1764705882352941013, 0.1764705882352941013, 0.1764705882352941013 ) ;
#3819 = VECTOR ( 'NONE', #915, 1000.000000000000000 ) ;
#3820 = CARTESIAN_POINT ( 'NONE',  ( -6.200000000000001066, 5.900000000000000355, 0.0000000000000000000 ) ) ;
#3821 = ADVANCED_FACE ( 'NONE', ( #8020 ), #2812, .T. ) ;
#3822 = DIRECTION ( 'NONE',  ( 0.0000000000000000000, -1.000000000000000000, 0.0000000000000000000 ) ) ;
#3823 = CARTESIAN_POINT ( 'NONE',  ( -0.2891656640866239747, 0.08763981510858470658, 11.78455947458400033 ) ) ;
#3824 = VERTEX_POINT ( 'NONE', #4023 ) ;
#3825 = FILL_AREA_STYLE_COLOUR ( '', #9468 ) ;
#3826 = CARTESIAN_POINT ( 'NONE',  ( 1.346941226280979897, -0.9108542297363939610, 11.78455947458399855 ) ) ;
#3827 = CARTESIAN_POINT ( 'NONE',  ( -4.453928499320490175, -5.095199161759920159, 9.372862536810730560 ) ) ;
#3828 = SURFACE_SIDE_STYLE ('',( #9703 ) ) ;
#3829 = EDGE_LOOP ( 'NONE', ( #9667, #7331, #9802, #8525 ) ) ;
#3830 = FILL_AREA_STYLE_COLOUR ( '', #660 ) ;
#3831 = ORIENTED_EDGE ( 'NONE', *, *, #8089, .T. ) ;
#3832 =( NAMED_UNIT ( * ) PLANE_ANGLE_UNIT ( ) SI_UNIT ( $, .RADIAN. ) );
#3833 = ADVANCED_FACE ( 'NONE', ( #10773 ), #4072, .T. ) ;
#3834 = SURFACE_SIDE_STYLE ('',( #8676 ) ) ;
#3835 = EDGE_LOOP ( 'NONE', ( #10078, #3458, #8012, #8293, #5783, #4144, #9856, #4410, #10724, #1882, #2374, #1230, #9182, #2234, #3059, #5106, #7978, #5322, #7915, #684, #7012, #2764, #10217, #4464, #3465, #3435, #5413, #6923, #2276, #955, #5011 ) ) ;
#3836 = VERTEX_POINT ( 'NONE', #7398 ) ;
#3837 = PRESENTATION_STYLE_ASSIGNMENT (( #475 ) ) ;
#3838 =( NAMED_UNIT ( * ) PLANE_ANGLE_UNIT ( ) SI_UNIT ( $, .RADIAN. ) );
#3839 = SURFACE_STYLE_USAGE ( .BOTH. , #8684 ) ;
#3840 = EDGE_LOOP ( 'NONE', ( #1139, #8643, #8842, #5151 ) ) ;
#3841 = CARTESIAN_POINT ( 'NONE',  ( -3.198187944328739096, 5.899999999999993250, 2.000000000000000000 ) ) ;
#3842 = PRESENTATION_LAYER_ASSIGNMENT (  '', '', ( #6843 ) ) ;
#3843 = MECHANICAL_DESIGN_GEOMETRIC_PRESENTATION_REPRESENTATION (  '', ( #3664 ), #4892 ) ;
#3844 = EDGE_CURVE ( 'NONE', #9570, #643, #9093, .T. ) ;
#3845 = ORIENTED_EDGE ( 'NONE', *, *, #2154, .F. ) ;
#3846 = DIRECTION ( 'NONE',  ( 0.0000000000000000000, 0.0000000000000000000, -1.000000000000000000 ) ) ;
#3847 = SURFACE_STYLE_FILL_AREA ( #4726 ) ;
#3848 = UNCERTAINTY_MEASURE_WITH_UNIT (LENGTH_MEASURE( 1.000000000000000082E-05 ), #10032, 'distance_accuracy_value', 'NONE');
#3849 = CARTESIAN_POINT ( 'NONE',  ( 1.250000000000000000, 4.349999999999999645, -2.019326546254206402E-17 ) ) ;
#3850 = CARTESIAN_POINT ( 'NONE',  ( -6.610175751530340094, 0.01454018286563014267, 11.50790099422419921 ) ) ;
#3851 = EDGE_CURVE ( 'NONE', #10168, #643, #5532, .T. ) ;
#3852 = CIRCLE ( 'NONE', #5253, 0.2500000000000003331 ) ;
#3853 = SURFACE_SIDE_STYLE ('',( #603 ) ) ;
#3854 = CARTESIAN_POINT ( 'NONE',  ( 2.500000000000000000, 4.349999999999999645, -4.673891202419779844 ) ) ;
#3855 = CARTESIAN_POINT ( 'NONE',  ( 3.176948736293559783, -0.5194762205607580396, 11.88455947458399997 ) ) ;
#3856 = CARTESIAN_POINT ( 'NONE',  ( -6.610175751530349864, -3.072439817376820148, -0.3910372559811540194 ) ) ;
#3857 = SURFACE_SIDE_STYLE ('',( #497 ) ) ;
#3858 = EDGE_CURVE ( 'NONE', #7643, #5663, #9741, .T. ) ;
#3859 = AXIS2_PLACEMENT_3D ( 'NONE', #4083, #3880, #4701 ) ;
#3860 = CARTESIAN_POINT ( 'NONE',  ( -0.2952838884144680098, 0.9405200474134050026, 11.78455947458399677 ) ) ;
#3861 = VERTEX_POINT ( 'NONE', #10668 ) ;
#3862 = ORIENTED_EDGE ( 'NONE', *, *, #3384, .T. ) ;
#3863 =( GEOMETRIC_REPRESENTATION_CONTEXT ( 3 ) GLOBAL_UNCERTAINTY_ASSIGNED_CONTEXT ( ( #754 ) ) GLOBAL_UNIT_ASSIGNED_CONTEXT ( ( #10401, #2755, #7734 ) ) REPRESENTATION_CONTEXT ( 'NONE', 'WORKASPACE' ) );
#3864 = FILL_AREA_STYLE_COLOUR ( '', #1783 ) ;
#3865 = EDGE_CURVE ( 'NONE', #7856, #2286, #10720, .T. ) ;
#3866 = CARTESIAN_POINT ( 'NONE',  ( 3.753928499320489998, -5.795369424699430283, 9.120649267367999968 ) ) ;
#3867 =( NAMED_UNIT ( * ) PLANE_ANGLE_UNIT ( ) SI_UNIT ( $, .RADIAN. ) );
#3868 =( NAMED_UNIT ( * ) SI_UNIT ( $, .STERADIAN. ) SOLID_ANGLE_UNIT ( ) );
#3869 = SURFACE_STYLE_FILL_AREA ( #6517 ) ;
#3870 = SURFACE_SIDE_STYLE ('',( #505 ) ) ;
#3871 = CARTESIAN_POINT ( 'NONE',  ( -0.6184200586389700938, -0.02248822279261979834, 11.88455947458400175 ) ) ;
#3872 = FACE_OUTER_BOUND ( 'NONE', #4380, .T. ) ;
#3873 = FACE_OUTER_BOUND ( 'NONE', #2862, .T. ) ;
#3874 = PRESENTATION_LAYER_ASSIGNMENT (  '', '', ( #2993 ) ) ;
#3875 = DIRECTION ( 'NONE',  ( 0.0000000000000000000, 0.0000000000000000000, 1.000000000000000000 ) ) ;
#3876 =( LENGTH_UNIT ( ) NAMED_UNIT ( * ) SI_UNIT ( .MILLI., .METRE. ) );
#3877 = CARTESIAN_POINT ( 'NONE',  ( -1.249999999999999556, 4.349999999999999645, 2.000000000000000000 ) ) ;
#3878 = CARTESIAN_POINT ( 'NONE',  ( 0.09261138689597370188, -0.4023827149291679950, 11.78455947458398789 ) ) ;
#3879 = ORIENTED_EDGE ( 'NONE', *, *, #9666, .T. ) ;
#3880 = DIRECTION ( 'NONE',  ( 1.546750702438605776E-16, -2.689679381760169529E-16, 1.000000000000000000 ) ) ;
#3881 = CARTESIAN_POINT ( 'NONE',  ( 0.9841776519562150938, 1.010644261366949959, 11.78455947458399855 ) ) ;
#3882 = PLANE ( 'NONE',  #646 ) ;
#3883 = ORIENTED_EDGE ( 'NONE', *, *, #7790, .T. ) ;
#3884 =( LENGTH_UNIT ( ) NAMED_UNIT ( * ) SI_UNIT ( .MILLI., .METRE. ) );
#3885 = AXIS2_PLACEMENT_3D ( 'NONE', #3325, #6644, #5656 ) ;
#3886 = EDGE_CURVE ( 'NONE', #7812, #10591, #3347, .T. ) ;
#3887 = FILL_AREA_STYLE ('',( #5551 ) ) ;
#3888 = ORIENTED_EDGE ( 'NONE', *, *, #9096, .T. ) ;
#3889 = FACE_OUTER_BOUND ( 'NONE', #364, .T. ) ;
#3890 = CARTESIAN_POINT ( 'NONE',  ( 2.049999999999999822, 3.750000000000000000, 2.000000000000000000 ) ) ;
#3891 = VERTEX_POINT ( 'NONE', #9794 ) ;
#3892 = PRESENTATION_LAYER_ASSIGNMENT (  '', '', ( #3191 ) ) ;
#3893 = DIRECTION ( 'NONE',  ( 0.0000000000000000000, 1.000000000000000000, 0.0000000000000000000 ) ) ;
#3894 = ORIENTED_EDGE ( 'NONE', *, *, #8350, .F. ) ;
#3895 = LINE ( 'NONE', #7265, #2657 ) ;
#3896 = LINE ( 'NONE', #10692, #8866 ) ;
#3897 = CARTESIAN_POINT ( 'NONE',  ( -0.3479005808652059772, 0.7179108649752520277, 11.88455947458399997 ) ) ;
#3898 = ORIENTED_EDGE ( 'NONE', *, *, #4637, .F. ) ;
#3899 = VECTOR ( 'NONE', #7576, 1000.000000000000000 ) ;
#3900 =( GEOMETRIC_REPRESENTATION_CONTEXT ( 3 ) GLOBAL_UNCERTAINTY_ASSIGNED_CONTEXT ( ( #2135 ) ) GLOBAL_UNIT_ASSIGNED_CONTEXT ( ( #8937, #5430, #3768 ) ) REPRESENTATION_CONTEXT ( 'NONE', 'WORKASPACE' ) );
#3901 = CARTESIAN_POINT ( 'NONE',  ( -1.375000000000000000, -3.072439817376820148, 5.691858092819041204 ) ) ;
#3902 = EDGE_LOOP ( 'NONE', ( #4831, #3006 ) ) ;
#3903 = FACE_OUTER_BOUND ( 'NONE', #8568, .T. ) ;
#3904 = CYLINDRICAL_SURFACE ( 'NONE', #9039, 0.2999999999999999334 ) ;
#3905 = EDGE_CURVE ( 'NONE', #10737, #7643, #8411, .T. ) ;
#3906 = PLANE ( 'NONE',  #3298 ) ;
#3907 = VECTOR ( 'NONE', #1771, 1000.000000000000000 ) ;
#3908 = SURFACE_STYLE_FILL_AREA ( #7337 ) ;
#3909 = STYLED_ITEM ( 'NONE', ( #4818 ), #6284 ) ;
#3910 =( LENGTH_UNIT ( ) NAMED_UNIT ( * ) SI_UNIT ( .MILLI., .METRE. ) );
#3911 = UNCERTAINTY_MEASURE_WITH_UNIT (LENGTH_MEASURE( 1.000000000000000082E-05 ), #987, 'distance_accuracy_value', 'NONE');
#3912 = LINE ( 'NONE', #1380, #3745 ) ;
#3913 = CARTESIAN_POINT ( 'NONE',  ( -4.002845596186371147, 5.924880838070049727, 2.646740291858191704E-17 ) ) ;
#3914 = SURFACE_STYLE_FILL_AREA ( #3293 ) ;
#3915 = DIRECTION ( 'NONE',  ( 1.000000000000000000, 0.0000000000000000000, 0.0000000000000000000 ) ) ;
#3916 = DIRECTION ( 'NONE',  ( 0.0000000000000000000, -1.000000000000000000, 2.689679381759895400E-16 ) ) ;
#3917 = CARTESIAN_POINT ( 'NONE',  ( -4.301812055671259571, 5.900000000000003908, 2.000000000000000000 ) ) ;
#3918 =( GEOMETRIC_REPRESENTATION_CONTEXT ( 3 ) GLOBAL_UNCERTAINTY_ASSIGNED_CONTEXT ( ( #3344 ) ) GLOBAL_UNIT_ASSIGNED_CONTEXT ( ( #3146, #5707, #7772 ) ) REPRESENTATION_CONTEXT ( 'NONE', 'WORKASPACE' ) );
#3919 =( NAMED_UNIT ( * ) SI_UNIT ( $, .STERADIAN. ) SOLID_ANGLE_UNIT ( ) );
#3920 = FILL_AREA_STYLE_COLOUR ( '', #8669 ) ;
#3921 = EDGE_CURVE ( 'NONE', #10353, #4360, #9295, .T. ) ;
#3922 = ORIENTED_EDGE ( 'NONE', *, *, #2564, .F. ) ;
#3923 =( LENGTH_UNIT ( ) NAMED_UNIT ( * ) SI_UNIT ( .MILLI., .METRE. ) );
#3924 = DIRECTION ( 'NONE',  ( -0.0000000000000000000, -0.0000000000000000000, -1.000000000000000000 ) ) ;
#3925 =( GEOMETRIC_REPRESENTATION_CONTEXT ( 3 ) GLOBAL_UNCERTAINTY_ASSIGNED_CONTEXT ( ( #6174 ) ) GLOBAL_UNIT_ASSIGNED_CONTEXT ( ( #4433, #1742, #964 ) ) REPRESENTATION_CONTEXT ( 'NONE', 'WORKASPACE' ) );
#3926 = DIRECTION ( 'NONE',  ( -0.9965548649496432931, 0.08293612690015356170, 3.737147792750592017E-17 ) ) ;
#3927 = LINE ( 'NONE', #8926, #946 ) ;
#3928 = EDGE_CURVE ( 'NONE', #7463, #8615, #1719, .T. ) ;
#3929 = AXIS2_PLACEMENT_3D ( 'NONE', #5872, #8382, #7353 ) ;
#3930 = CYLINDRICAL_SURFACE ( 'NONE', #1322, 0.2999999999999990452 ) ;
#3931 = MECHANICAL_DESIGN_GEOMETRIC_PRESENTATION_REPRESENTATION (  '', ( #7279 ), #8464 ) ;
#3932 =( NAMED_UNIT ( * ) SI_UNIT ( $, .STERADIAN. ) SOLID_ANGLE_UNIT ( ) );
#3933 = FILL_AREA_STYLE ('',( #4024 ) ) ;
#3934 = MECHANICAL_DESIGN_GEOMETRIC_PRESENTATION_REPRESENTATION (  '', ( #1817 ), #577 ) ;
#3935 = PRESENTATION_LAYER_ASSIGNMENT (  '', '', ( #3564 ) ) ;
#3936 = FILL_AREA_STYLE ('',( #1172 ) ) ;
#3937 = DIRECTION ( 'NONE',  ( 0.0000000000000000000, -0.0000000000000000000, 1.000000000000000000 ) ) ;
#3938 = FILL_AREA_STYLE_COLOUR ( '', #2151 ) ;
#3939 = VERTEX_POINT ( 'NONE', #9348 ) ;
#3940 =( NAMED_UNIT ( * ) SI_UNIT ( $, .STERADIAN. ) SOLID_ANGLE_UNIT ( ) );
#3941 = CARTESIAN_POINT ( 'NONE',  ( 6.513276922344959807, -3.072439817376820592, -0.3203975278070689825 ) ) ;
#3942 = ORIENTED_EDGE ( 'NONE', *, *, #8544, .F. ) ;
#3943 = MECHANICAL_DESIGN_GEOMETRIC_PRESENTATION_REPRESENTATION (  '', ( #3051 ), #9552 ) ;
#3944 = MECHANICAL_DESIGN_GEOMETRIC_PRESENTATION_REPRESENTATION (  '', ( #2347 ), #425 ) ;
#3945 = PRESENTATION_LAYER_ASSIGNMENT (  '', '', ( #8497 ) ) ;
#3946 = DIRECTION ( 'NONE',  ( -0.0000000000000000000, 0.0000000000000000000, 1.000000000000000000 ) ) ;
#3947 = SURFACE_SIDE_STYLE ('',( #2532 ) ) ;
#3948 = VERTEX_POINT ( 'NONE', #4128 ) ;
#3949 = FACE_OUTER_BOUND ( 'NONE', #4487, .T. ) ;
#3950 =( GEOMETRIC_REPRESENTATION_CONTEXT ( 3 ) GLOBAL_UNCERTAINTY_ASSIGNED_CONTEXT ( ( #10186 ) ) GLOBAL_UNIT_ASSIGNED_CONTEXT ( ( #3796, #7175, #9274 ) ) REPRESENTATION_CONTEXT ( 'NONE', 'WORKASPACE' ) );
#3951 = PRESENTATION_STYLE_ASSIGNMENT (( #8039 ) ) ;
#3952 = EDGE_LOOP ( 'NONE', ( #5855, #1524 ) ) ;
#3953 = FACE_OUTER_BOUND ( 'NONE', #2824, .T. ) ;
#3954 = ORIENTED_EDGE ( 'NONE', *, *, #8335, .T. ) ;
#3955 = CARTESIAN_POINT ( 'NONE',  ( 0.7663690864973089489, 1.010644261366949959, 11.78455947458400033 ) ) ;
#3956 = DIRECTION ( 'NONE',  ( 0.0000000000000000000, -1.000000000000000000, -0.0000000000000000000 ) ) ;
#3957 =( NAMED_UNIT ( * ) PLANE_ANGLE_UNIT ( ) SI_UNIT ( $, .RADIAN. ) );
#3958 = PRESENTATION_LAYER_ASSIGNMENT (  '', '', ( #3417 ) ) ;
#3959 = EDGE_LOOP ( 'NONE', ( #8285, #6555 ) ) ;
#3960 = COLOUR_RGB ( '',1.000000000000000000, 0.7490196078431372584, 0.0000000000000000000 ) ;
#3961 = ORIENTED_EDGE ( 'NONE', *, *, #2841, .F. ) ;
#3962 = CARTESIAN_POINT ( 'NONE',  ( 4.649999999999999467, -5.900000000000000355, 10.50000000000000000 ) ) ;
#3963 =( LENGTH_UNIT ( ) NAMED_UNIT ( * ) SI_UNIT ( .MILLI., .METRE. ) );
#3964 = ORIENTED_EDGE ( 'NONE', *, *, #1568, .F. ) ;
#3965 = CARTESIAN_POINT ( 'NONE',  ( -4.950000000000000178, 5.900000000000000355, 9.400000000000000355 ) ) ;
#3966 = AXIS2_PLACEMENT_3D ( 'NONE', #10457, #2936, #6304 ) ;
#3967 = EDGE_CURVE ( 'NONE', #1978, #9377, #988, .T. ) ;
#3968 = CARTESIAN_POINT ( 'NONE',  ( -6.213276922344959097, -3.072439817376819704, 11.70411371344519758 ) ) ;
#3969 = CYLINDRICAL_SURFACE ( 'NONE', #1518, 0.2500000000000003331 ) ;
#3970 = CARTESIAN_POINT ( 'NONE',  ( -6.610175751530340094, 3.101520183108080531, 11.50790099422419921 ) ) ;
#3971 = STYLED_ITEM ( 'NONE', ( #8612 ), #9213 ) ;
#3972 = DIRECTION ( 'NONE',  ( 0.0000000000000000000, 0.0000000000000000000, -1.000000000000000000 ) ) ;
#3973 = PRESENTATION_LAYER_ASSIGNMENT (  '', '', ( #1151 ) ) ;
#3974 = ORIENTED_EDGE ( 'NONE', *, *, #7704, .T. ) ;
#3975 = SURFACE_STYLE_FILL_AREA ( #7347 ) ;
#3976 = CARTESIAN_POINT ( 'NONE',  ( -1.502845596186369814, 5.924880838070049727, 2.000000000000000444 ) ) ;
#3977 = FILL_AREA_STYLE_COLOUR ( '', #2176 ) ;
#3978 = SURFACE_SIDE_STYLE ('',( #9146 ) ) ;
#3979 = EDGE_CURVE ( 'NONE', #6430, #7824, #10105, .T. ) ;
#3980 = STYLED_ITEM ( 'NONE', ( #10535 ), #1890 ) ;
#3981 = FILL_AREA_STYLE ('',( #7400 ) ) ;
#3982 = EDGE_CURVE ( 'NONE', #9179, #1329, #2577, .T. ) ;
#3983 = SURFACE_STYLE_USAGE ( .BOTH. , #8172 ) ;
#3984 = MECHANICAL_DESIGN_GEOMETRIC_PRESENTATION_REPRESENTATION (  '', ( #1168 ), #3540 ) ;
#3985 = LINE ( 'NONE', #9958, #2131 ) ;
#3986 = ORIENTED_EDGE ( 'NONE', *, *, #801, .T. ) ;
#3987 = DIRECTION ( 'NONE',  ( 0.0000000000000000000, -1.000000000000000000, -2.689679381760165585E-16 ) ) ;
#3988 = ADVANCED_FACE ( 'NONE', ( #5183 ), #10887, .T. ) ;
#3989 = ORIENTED_EDGE ( 'NONE', *, *, #4919, .F. ) ;
#3990 = PLANE ( 'NONE',  #7887 ) ;
#3991 = DIRECTION ( 'NONE',  ( -1.000000000000000000, 2.891205793294645884E-15, 0.0000000000000000000 ) ) ;
#3992 = EDGE_CURVE ( 'NONE', #9708, #8368, #7606, .T. ) ;
#3993 = ORIENTED_EDGE ( 'NONE', *, *, #4319, .T. ) ;
#3994 = CARTESIAN_POINT ( 'NONE',  ( -4.453928499320490175, 5.095199161759920159, 1.972862536810730205 ) ) ;
#3995 = LINE ( 'NONE', #578, #5810 ) ;
#3996 =( LENGTH_UNIT ( ) NAMED_UNIT ( * ) SI_UNIT ( .MILLI., .METRE. ) );
#3997 = ORIENTED_EDGE ( 'NONE', *, *, #9683, .F. ) ;
#3998 = ORIENTED_EDGE ( 'NONE', *, *, #9820, .T. ) ;
#3999 = CARTESIAN_POINT ( 'NONE',  ( 1.490578260110970055, -0.7962081425264879719, 11.78455947458400033 ) ) ;
#4000 = ORIENTED_EDGE ( 'NONE', *, *, #9952, .F. ) ;
#4001 = UNCERTAINTY_MEASURE_WITH_UNIT (LENGTH_MEASURE( 1.000000000000000082E-05 ), #3476, 'distance_accuracy_value', 'NONE');
#4002 = VERTEX_POINT ( 'NONE', #9243 ) ;
#4003 =( LENGTH_UNIT ( ) NAMED_UNIT ( * ) SI_UNIT ( .MILLI., .METRE. ) );
#4004 = FILL_AREA_STYLE_COLOUR ( '', #221 ) ;
#4005 = DIRECTION ( 'NONE',  ( 0.0000000000000000000, 0.0000000000000000000, -1.000000000000000000 ) ) ;
#4006 = DIRECTION ( 'NONE',  ( -0.0000000000000000000, 0.0000000000000000000, -1.000000000000000000 ) ) ;
#4007 =( LENGTH_UNIT ( ) NAMED_UNIT ( * ) SI_UNIT ( .MILLI., .METRE. ) );
#4008 = DIRECTION ( 'NONE',  ( -1.000000000000000000, -0.0000000000000000000, -0.0000000000000000000 ) ) ;
#4009 = DIRECTION ( 'NONE',  ( 0.0000000000000000000, -0.003356540638043230100, -0.9999943668016060272 ) ) ;
#4010 = VECTOR ( 'NONE', #6193, 1000.000000000000000 ) ;
#4011 = FACE_OUTER_BOUND ( 'NONE', #4982, .T. ) ;
#4012 = CARTESIAN_POINT ( 'NONE',  ( -6.610175751530350752, 3.101520183108080531, -0.08657411874590380252 ) ) ;
#4013 = SURFACE_SIDE_STYLE ('',( #8311 ) ) ;
#4014 = EDGE_CURVE ( 'NONE', #4002, #7248, #1607, .T. ) ;
#4015 = FILL_AREA_STYLE_COLOUR ( '', #8670 ) ;
#4016 = ORIENTED_EDGE ( 'NONE', *, *, #2906, .T. ) ;
#4017 = CARTESIAN_POINT ( 'NONE',  ( 6.610175751530339205, 3.101520183108080975, 11.81236413145949982 ) ) ;
#4018 = CARTESIAN_POINT ( 'NONE',  ( 2.911888495329709947, -0.9893557386330470438, 11.78455947458400033 ) ) ;
#4019 =( NAMED_UNIT ( * ) SI_UNIT ( $, .STERADIAN. ) SOLID_ANGLE_UNIT ( ) );
#4020 = CIRCLE ( 'NONE', #8094, 0.2999999999999999334 ) ;
#4021 = SURFACE_SIDE_STYLE ('',( #2305 ) ) ;
#4022 = CARTESIAN_POINT ( 'NONE',  ( -6.213276922344959985, 3.101520183108080531, 11.70411371344519935 ) ) ;
#4023 = CARTESIAN_POINT ( 'NONE',  ( 2.750000000000000444, 4.349999999999999645, 0.3261087975802219874 ) ) ;
#4024 = FILL_AREA_STYLE_COLOUR ( '', #4079 ) ;
#4025 =( LENGTH_UNIT ( ) NAMED_UNIT ( * ) SI_UNIT ( .MILLI., .METRE. ) );
#4026 = MECHANICAL_DESIGN_GEOMETRIC_PRESENTATION_REPRESENTATION (  '', ( #2789 ), #10152 ) ;
#4027 = ADVANCED_FACE ( 'NONE', ( #6743, #10836 ), #6794, .T. ) ;
#4028 = CARTESIAN_POINT ( 'NONE',  ( 2.049999999999999822, -3.750000000000000000, 2.000000000000000000 ) ) ;
#4029 = CARTESIAN_POINT ( 'NONE',  ( -2.160636889256319915, -5.795199161759920337, 1.972862536810730205 ) ) ;
#4030 = VERTEX_POINT ( 'NONE', #1990 ) ;
#4031 = FILL_AREA_STYLE_COLOUR ( '', #6169 ) ;
#4032 = PRESENTATION_STYLE_ASSIGNMENT (( #3159 ) ) ;
#4033 = LINE ( 'NONE', #1515, #16 ) ;
#4034 = FILL_AREA_STYLE ('',( #677 ) ) ;
#4035 = PRESENTATION_LAYER_ASSIGNMENT (  '', '', ( #7573 ) ) ;
#4036 = SURFACE_STYLE_FILL_AREA ( #10635 ) ;
#4037 = ORIENTED_EDGE ( 'NONE', *, *, #3844, .F. ) ;
#4038 = ADVANCED_FACE ( 'NONE', ( #7000 ), #1261, .T. ) ;
#4039 = PLANE ( 'NONE',  #10084 ) ;
#4040 = LINE ( 'NONE', #2380, #5440 ) ;
#4041 = CARTESIAN_POINT ( 'NONE',  ( 6.200000000000001954, -3.072439817376820148, 11.39185809281899964 ) ) ;
#4042 = ORIENTED_EDGE ( 'NONE', *, *, #4669, .F. ) ;
#4043 = UNCERTAINTY_MEASURE_WITH_UNIT (LENGTH_MEASURE( 1.000000000000000082E-05 ), #7247, 'distance_accuracy_value', 'NONE');
#4044 = ORIENTED_EDGE ( 'NONE', *, *, #8022, .T. ) ;
#4045 = CARTESIAN_POINT ( 'NONE',  ( 1.589881768491020031, 0.4631103858787330441, 11.78455947458400033 ) ) ;
#4046 =( LENGTH_UNIT ( ) NAMED_UNIT ( * ) SI_UNIT ( .MILLI., .METRE. ) );
#4047 = CARTESIAN_POINT ( 'NONE',  ( 0.3335752423176610026, -0.008180959406275060269, 11.88455947458399997 ) ) ;
#4048 = EDGE_LOOP ( 'NONE', ( #9317, #5741, #9946, #10634 ) ) ;
#4049 = FACE_OUTER_BOUND ( 'NONE', #4623, .T. ) ;
#4050 = EDGE_CURVE ( 'NONE', #3500, #9377, #267, .T. ) ;
#4051 = EDGE_CURVE ( 'NONE', #9748, #6125, #2674, .T. ) ;
#4052 = SURFACE_STYLE_USAGE ( .BOTH. , #695 ) ;
#4053 = EDGE_LOOP ( 'NONE', ( #9762, #8372, #3723, #2720 ) ) ;
#4054 = PRESENTATION_LAYER_ASSIGNMENT (  '', '', ( #5113 ) ) ;
#4055 = SURFACE_STYLE_FILL_AREA ( #8196 ) ;
#4056 = VERTEX_POINT ( 'NONE', #1203 ) ;
#4057 = VERTEX_POINT ( 'NONE', #4403 ) ;
#4058 = AXIS2_PLACEMENT_3D ( 'NONE', #5032, #837, #8386 ) ;
#4059 = SURFACE_STYLE_FILL_AREA ( #5686 ) ;
#4060 = LINE ( 'NONE', #4890, #1074 ) ;
#4061 = SURFACE_SIDE_STYLE ('',( #9177 ) ) ;
#4062 = DIRECTION ( 'NONE',  ( 1.000000000000000000, 0.0000000000000000000, -0.0000000000000000000 ) ) ;
#4063 = DIRECTION ( 'NONE',  ( -1.000000000000000000, 0.0000000000000000000, 0.0000000000000000000 ) ) ;
#4064 = LINE ( 'NONE', #1596, #8323 ) ;
#4065 = SURFACE_STYLE_USAGE ( .BOTH. , #6680 ) ;
#4066 = VERTEX_POINT ( 'NONE', #10443 ) ;
#4067 =( GEOMETRIC_REPRESENTATION_CONTEXT ( 3 ) GLOBAL_UNCERTAINTY_ASSIGNED_CONTEXT ( ( #6338 ) ) GLOBAL_UNIT_ASSIGNED_CONTEXT ( ( #9725, #8913, #8258 ) ) REPRESENTATION_CONTEXT ( 'NONE', 'WORKASPACE' ) );
#4068 = LINE ( 'NONE', #2409, #5133 ) ;
#4069 = DIRECTION ( 'NONE',  ( -0.0000000000000000000, -0.0000000000000000000, 1.000000000000000000 ) ) ;
#4070 =( LENGTH_UNIT ( ) NAMED_UNIT ( * ) SI_UNIT ( .MILLI., .METRE. ) );
#4071 =( NAMED_UNIT ( * ) PLANE_ANGLE_UNIT ( ) SI_UNIT ( $, .RADIAN. ) );
#4072 = PLANE ( 'NONE',  #8770 ) ;
#4073 = LINE ( 'NONE', #1504, #2315 ) ;
#4074 = AXIS2_PLACEMENT_3D ( 'NONE', #2626, #9196, #8487 ) ;
#4075 = DIRECTION ( 'NONE',  ( -0.0000000000000000000, 0.0000000000000000000, -1.000000000000000000 ) ) ;
#4076 = STYLED_ITEM ( 'NONE', ( #8439 ), #6370 ) ;
#4077 = DIRECTION ( 'NONE',  ( 1.546750702438252268E-16, 2.689679381759778550E-16, 1.000000000000000000 ) ) ;
#4078 = CARTESIAN_POINT ( 'NONE',  ( 1.371779538879629889, -4.349999999999999645, -5.551115123125780237E-17 ) ) ;
#4079 = COLOUR_RGB ( '',1.000000000000000000, 1.000000000000000000, 1.000000000000000000 ) ;
#4080 = LINE ( 'NONE', #4029, #3187 ) ;
#4081 = MECHANICAL_DESIGN_GEOMETRIC_PRESENTATION_REPRESENTATION (  '', ( #1666 ), #3561 ) ;
#4082 = ORIENTED_EDGE ( 'NONE', *, *, #5338, .F. ) ;
#4083 = CARTESIAN_POINT ( 'NONE',  ( -1.801812055671259127, -5.900000000000002132, 8.069038145280455585E-17 ) ) ;
#4084 = SURFACE_SIDE_STYLE ('',( #723 ) ) ;
#4085 = AXIS2_PLACEMENT_3D ( 'NONE', #9547, #468, #2112 ) ;
#4086 = ADVANCED_FACE ( 'NONE', ( #5226 ), #9577, .T. ) ;
#4087 = STYLED_ITEM ( 'NONE', ( #10672 ), #7914 ) ;
#4088 = EDGE_LOOP ( 'NONE', ( #8147, #9061, #3639, #8501 ) ) ;
#4089 = COLOUR_RGB ( '',1.000000000000000000, 1.000000000000000000, 1.000000000000000000 ) ;
#4090 = COLOUR_RGB ( '',0.1764705882352941013, 0.1764705882352941013, 0.1764705882352941013 ) ;
#4091 =( LENGTH_UNIT ( ) NAMED_UNIT ( * ) SI_UNIT ( .MILLI., .METRE. ) );
#4092 = VERTEX_POINT ( 'NONE', #1692 ) ;
#4093 =( NAMED_UNIT ( * ) SI_UNIT ( $, .STERADIAN. ) SOLID_ANGLE_UNIT ( ) );
#4094 = ORIENTED_EDGE ( 'NONE', *, *, #2292, .F. ) ;
#4095 =( NAMED_UNIT ( * ) SI_UNIT ( $, .STERADIAN. ) SOLID_ANGLE_UNIT ( ) );
#4096 = DIRECTION ( 'NONE',  ( -1.000000000000000000, -0.0000000000000000000, 0.0000000000000000000 ) ) ;
#4097 = STYLED_ITEM ( 'NONE', ( #5117 ), #8365 ) ;
#4098 = VERTEX_POINT ( 'NONE', #3855 ) ;
#4099 = PLANE ( 'NONE',  #7679 ) ;
#4100 = DIRECTION ( 'NONE',  ( 0.0000000000000000000, -0.7345978299795302702, 0.6785027842163693368 ) ) ;
#4101 = COLOUR_RGB ( '',0.7450980392156862919, 0.7450980392156862919, 0.7450980392156862919 ) ;
#4102 = EDGE_CURVE ( 'NONE', #530, #8133, #3303, .T. ) ;
#4103 = AXIS2_PLACEMENT_3D ( 'NONE', #2289, #3846, #10592 ) ;
#4104 = UNCERTAINTY_MEASURE_WITH_UNIT (LENGTH_MEASURE( 1.000000000000000082E-05 ), #653, 'distance_accuracy_value', 'NONE');
#4105 = VECTOR ( 'NONE', #5336, 1000.000000000000000 ) ;
#4106 = ORIENTED_EDGE ( 'NONE', *, *, #9695, .F. ) ;
#4107 = SURFACE_SIDE_STYLE ('',( #5792 ) ) ;
#4108 = STYLED_ITEM ( 'NONE', ( #996 ), #859 ) ;
#4109 = PRESENTATION_STYLE_ASSIGNMENT (( #10815 ) ) ;
#4110 = EDGE_CURVE ( 'NONE', #1836, #7535, #2971, .T. ) ;
#4111 = ORIENTED_EDGE ( 'NONE', *, *, #7244, .F. ) ;
#4112 =( LENGTH_UNIT ( ) NAMED_UNIT ( * ) SI_UNIT ( .MILLI., .METRE. ) );
#4113 = PRESENTATION_STYLE_ASSIGNMENT (( #4217 ) ) ;
#4114 = FILL_AREA_STYLE_COLOUR ( '', #4569 ) ;
#4115 = VECTOR ( 'NONE', #5278, 1000.000000000000000 ) ;
#4116 = EDGE_CURVE ( 'NONE', #151, #624, #8297, .T. ) ;
#4117 = CARTESIAN_POINT ( 'NONE',  ( 3.198187944328740873, -5.900000000000003020, -5.574710172721721178E-16 ) ) ;
#4118 = ORIENTED_EDGE ( 'NONE', *, *, #10620, .T. ) ;
#4119 = CARTESIAN_POINT ( 'NONE',  ( -0.1133372416764529961, 0.04697709556481100002, 11.88455947458399997 ) ) ;
#4120 = ORIENTED_EDGE ( 'NONE', *, *, #1611, .T. ) ;
#4121 = LINE ( 'NONE', #5645, #4421 ) ;
#4122 = MECHANICAL_DESIGN_GEOMETRIC_PRESENTATION_REPRESENTATION (  '', ( #7839 ), #5374 ) ;
#4123 = PRESENTATION_STYLE_ASSIGNMENT (( #3311 ) ) ;
#4124 = ADVANCED_FACE ( 'NONE', ( #5898 ), #10034, .T. ) ;
#4125 = CARTESIAN_POINT ( 'NONE',  ( -4.950000000000000178, -6.200000000000001066, 9.400000000000000355 ) ) ;
#4126 =( NAMED_UNIT ( * ) PLANE_ANGLE_UNIT ( ) SI_UNIT ( $, .RADIAN. ) );
#4127 = FACE_OUTER_BOUND ( 'NONE', #10811, .T. ) ;
#4128 = CARTESIAN_POINT ( 'NONE',  ( -2.250000000000000000, -4.349999999999999645, -4.673891202419779844 ) ) ;
#4129 = MECHANICAL_DESIGN_GEOMETRIC_PRESENTATION_REPRESENTATION (  '', ( #1856 ), #10446 ) ;
#4130 = FILL_AREA_STYLE ('',( #7566 ) ) ;
#4131 = MECHANICAL_DESIGN_GEOMETRIC_PRESENTATION_REPRESENTATION (  '', ( #3441 ), #3082 ) ;
#4132 = FILL_AREA_STYLE ('',( #6854 ) ) ;
#4133 = LINE ( 'NONE', #1615, #5 ) ;
#4134 = ORIENTED_EDGE ( 'NONE', *, *, #9345, .F. ) ;
#4135 = FACE_OUTER_BOUND ( 'NONE', #10031, .T. ) ;
#4136 = CARTESIAN_POINT ( 'NONE',  ( 0.5745390977393469711, -0.5027216306745480034, 11.78455947458400033 ) ) ;
#4137 =( LENGTH_UNIT ( ) NAMED_UNIT ( * ) SI_UNIT ( .MILLI., .METRE. ) );
#4138 = AXIS2_PLACEMENT_3D ( 'NONE', #1331, #8266, #771 ) ;
#4139 = STYLED_ITEM ( 'NONE', ( #7428 ), #1948 ) ;
#4140 = EDGE_CURVE ( 'NONE', #7544, #9810, #3852, .T. ) ;
#4141 = EDGE_LOOP ( 'NONE', ( #4761, #7007, #8314, #2392 ) ) ;
#4142 = SURFACE_STYLE_FILL_AREA ( #1728 ) ;
#4143 = SURFACE_SIDE_STYLE ('',( #1521 ) ) ;
#4144 = ORIENTED_EDGE ( 'NONE', *, *, #1769, .F. ) ;
#4145 = SURFACE_STYLE_FILL_AREA ( #1523 ) ;
#4146 = VERTEX_POINT ( 'NONE', #8402 ) ;
#4147 = CARTESIAN_POINT ( 'NONE',  ( 0.4792830908783030641, 0.7826698781393760518, 11.88455947458399997 ) ) ;
#4148 = DIRECTION ( 'NONE',  ( -0.0000000000000000000, -0.0000000000000000000, 1.000000000000000000 ) ) ;
#4149 = COLOUR_RGB ( '',0.1764705882352941013, 0.1764705882352941013, 0.1764705882352941013 ) ;
#4150 = UNCERTAINTY_MEASURE_WITH_UNIT (LENGTH_MEASURE( 1.000000000000000082E-05 ), #9401, 'distance_accuracy_value', 'NONE');
#4151 =( NAMED_UNIT ( * ) SI_UNIT ( $, .STERADIAN. ) SOLID_ANGLE_UNIT ( ) );
#4152 = PLANE ( 'NONE',  #9419 ) ;
#4153 = ORIENTED_EDGE ( 'NONE', *, *, #4330, .T. ) ;
#4154 = DIRECTION ( 'NONE',  ( -0.1483404529302467245, 0.9889363528682972859, 0.0000000000000000000 ) ) ;
#4155 = FACE_OUTER_BOUND ( 'NONE', #838, .T. ) ;
#4156 = EDGE_CURVE ( 'NONE', #3607, #9570, #6341, .T. ) ;
#4157 = ORIENTED_EDGE ( 'NONE', *, *, #1399, .F. ) ;
#4158 = FILL_AREA_STYLE ('',( #2393 ) ) ;
#4159 = CARTESIAN_POINT ( 'NONE',  ( -0.08481702668970260428, 0.2565027697883699997, 11.88455947458400352 ) ) ;
#4160 =( NAMED_UNIT ( * ) SI_UNIT ( $, .STERADIAN. ) SOLID_ANGLE_UNIT ( ) );
#4161 = COLOUR_RGB ( '',0.1764705882352941013, 0.1764705882352941013, 0.1764705882352941013 ) ;
#4162 = EDGE_LOOP ( 'NONE', ( #7742, #9461 ) ) ;
#4163 = EDGE_CURVE ( 'NONE', #10564, #4393, #7228, .T. ) ;
#4164 = CARTESIAN_POINT ( 'NONE',  ( 1.490578260110970055, -0.7962081425264879719, 11.88455947458399820 ) ) ;
#4165 = FILL_AREA_STYLE ('',( #812 ) ) ;
#4166 = FILL_AREA_STYLE_COLOUR ( '', #779 ) ;
#4167 = CARTESIAN_POINT ( 'NONE',  ( 6.513276922344959807, -3.072439817376820148, -0.02039752780706740112 ) ) ;
#4168 = FACE_OUTER_BOUND ( 'NONE', #8691, .T. ) ;
#4169 = EDGE_CURVE ( 'NONE', #3505, #784, #10544, .T. ) ;
#4170 = VECTOR ( 'NONE', #4100, 1000.000000000000114 ) ;
#4171 = CARTESIAN_POINT ( 'NONE',  ( -6.500000000000000888, 3.077560182623180651, 10.29185809281899999 ) ) ;
#4172 = EDGE_LOOP ( 'NONE', ( #4242, #6496, #2883, #3845, #2773, #5912, #6156, #3961, #3033, #4685, #4933, #568, #2378, #9916, #3196, #9627, #2244, #2129, #4355, #5717, #9873, #10568, #4521, #1078, #19, #6708, #473, #7423, #1595, #2640, #4723, #2491, #5948, #6678, #5381, #5745, #5642, #9919, #4193, #3272, #3281, #6036, #9861, #2557, #3888, #8954, #1105, #5085, #2517, #2047, #242, #7027, #3109, #5959, #10326, #6816, #8288, #8609, #7128, #1460, #9603, #140, #3239, #8950, #2643 ) ) ;
#4173 =( LENGTH_UNIT ( ) NAMED_UNIT ( * ) SI_UNIT ( .MILLI., .METRE. ) );
#4174 = CARTESIAN_POINT ( 'NONE',  ( -2.500000000000000000, -4.349999999999999645, 0.3261087975802219874 ) ) ;
#4175 = ORIENTED_EDGE ( 'NONE', *, *, #9320, .T. ) ;
#4176 = ADVANCED_FACE ( 'NONE', ( #4155 ), #10807, .T. ) ;
#4177 = SURFACE_STYLE_USAGE ( .BOTH. , #933 ) ;
#4178 = UNCERTAINTY_MEASURE_WITH_UNIT (LENGTH_MEASURE( 1.000000000000000082E-05 ), #2259, 'distance_accuracy_value', 'NONE');
#4179 = CARTESIAN_POINT ( 'NONE',  ( 2.250000000000000444, -4.349999999999999645, -4.673891202419779844 ) ) ;
#4180 =( NAMED_UNIT ( * ) PLANE_ANGLE_UNIT ( ) SI_UNIT ( $, .RADIAN. ) );
#4181 = SURFACE_STYLE_USAGE ( .BOTH. , #3425 ) ;
#4182 = CARTESIAN_POINT ( 'NONE',  ( 6.513276922344959807, 3.101520183108080531, 5.691858092819041204 ) ) ;
#4183 = DIRECTION ( 'NONE',  ( 0.0000000000000000000, -1.000000000000000000, -0.0000000000000000000 ) ) ;
#4184 = ADVANCED_FACE ( 'NONE', ( #2595 ), #7689, .T. ) ;
#4185 = CARTESIAN_POINT ( 'NONE',  ( -5.900000000000000355, 6.200000000000001066, 0.0000000000000000000 ) ) ;
#4186 = STYLED_ITEM ( 'NONE', ( #2308 ), #3833 ) ;
#4187 = AXIS2_PLACEMENT_3D ( 'NONE', #9384, #7035, #8737 ) ;
#4188 = CARTESIAN_POINT ( 'NONE',  ( -1.776356839400250070E-15, 3.101520183108081863, -0.3910372559811560178 ) ) ;
#4189 = PRESENTATION_STYLE_ASSIGNMENT (( #6523 ) ) ;
#4190 = CARTESIAN_POINT ( 'NONE',  ( -0.2610218689472670328, -0.1312043415592860363, 11.78455947458399677 ) ) ;
#4191 = CARTESIAN_POINT ( 'NONE',  ( 2.049999999999999822, -3.750000000000000000, 9.372862536810730560 ) ) ;
#4192 = SURFACE_STYLE_FILL_AREA ( #9102 ) ;
#4193 = ORIENTED_EDGE ( 'NONE', *, *, #10047, .F. ) ;
#4194 = SURFACE_STYLE_USAGE ( .BOTH. , #1888 ) ;
#4195 = MECHANICAL_DESIGN_GEOMETRIC_PRESENTATION_REPRESENTATION (  '', ( #5087 ), #4730 ) ;
#4196 = STYLED_ITEM ( 'NONE', ( #2329 ), #399 ) ;
#4197 = SURFACE_STYLE_USAGE ( .BOTH. , #10282 ) ;
#4198 = AXIS2_PLACEMENT_3D ( 'NONE', #8029, #2759, #461 ) ;
#4199 = CARTESIAN_POINT ( 'NONE',  ( -1.801812055671260016, -6.200000000000001066, 0.0000000000000000000 ) ) ;
#4200 = SURFACE_STYLE_FILL_AREA ( #10230 ) ;
#4201 = SURFACE_STYLE_USAGE ( .BOTH. , #8394 ) ;
#4202 = VECTOR ( 'NONE', #290, 1000.000000000000000 ) ;
#4203 = ORIENTED_EDGE ( 'NONE', *, *, #7811, .T. ) ;
#4204 = CARTESIAN_POINT ( 'NONE',  ( 1.544983475387270211, 0.6379033090017589558, 11.88455947458399997 ) ) ;
#4205 =( NAMED_UNIT ( * ) SI_UNIT ( $, .STERADIAN. ) SOLID_ANGLE_UNIT ( ) );
#4206 = ORIENTED_EDGE ( 'NONE', *, *, #728, .F. ) ;
#4207 = DIRECTION ( 'NONE',  ( -1.000000000000000000, 0.0000000000000000000, -0.0000000000000000000 ) ) ;
#4208 = STYLED_ITEM ( 'NONE', ( #7816 ), #5445 ) ;
#4209 = CARTESIAN_POINT ( 'NONE',  ( -6.200000000000001066, -3.274999999999990141, 1.649999999999999911 ) ) ;
#4210 = ORIENTED_EDGE ( 'NONE', *, *, #2624, .T. ) ;
#4211 =( NAMED_UNIT ( * ) PLANE_ANGLE_UNIT ( ) SI_UNIT ( $, .RADIAN. ) );
#4212 = FILL_AREA_STYLE_COLOUR ( '', #1838 ) ;
#4213 = CARTESIAN_POINT ( 'NONE',  ( 6.200000000000001954, -3.072439817376820148, 11.39185809281899964 ) ) ;
#4214 = ORIENTED_EDGE ( 'NONE', *, *, #1222, .T. ) ;
#4215 = MECHANICAL_DESIGN_GEOMETRIC_PRESENTATION_REPRESENTATION (  '', ( #10001 ), #3352 ) ;
#4216 = CARTESIAN_POINT ( 'NONE',  ( 0.09261138689597370188, -0.2096116305918180045, 11.88455947458399820 ) ) ;
#4217 = SURFACE_STYLE_USAGE ( .BOTH. , #753 ) ;
#4218 = LINE ( 'NONE', #5953, #9306 ) ;
#4219 = LINE ( 'NONE', #9440, #9235 ) ;
#4220 = B_SPLINE_CURVE_WITH_KNOTS ( 'NONE', 2,
 ( #4702, #515, #9750, #462, #2995, #6203, #3881, #7857, #3710, #9601, #5373, #1347, #1178, #8779, #8881, #2009, #295, #7968, #3826, #2216, #7911, #6365, #9701 ),
 .UNSPECIFIED., .F., .F.,
 ( 3, 2, 2, 2, 2, 2, 2, 2, 2, 2, 2, 3 ),
 ( 0.0000000000000000000, 0.0004193379165946798087, 0.0008386758331893596173, 0.001258013749784039426, 0.001677351666378719235, 0.002096689582973398826, 0.002516027499568078852, 0.002935365416162758877, 0.003354703332757438469, 0.003774041249352118061, 0.004193379165946797653, 0.004612717082541477678 ),
 .UNSPECIFIED. ) ;
#4221 = MECHANICAL_DESIGN_GEOMETRIC_PRESENTATION_REPRESENTATION (  '', ( #1592 ), #1947 ) ;
#4222 = ADVANCED_FACE ( 'NONE', ( #9318 ), #2646, .T. ) ;
#4223 = CARTESIAN_POINT ( 'NONE',  ( 4.599635752693309598, 5.252467287468928880, 2.248810271714769105 ) ) ;
#4224 = ORIENTED_EDGE ( 'NONE', *, *, #1207, .F. ) ;
#4225 =( NAMED_UNIT ( * ) SI_UNIT ( $, .STERADIAN. ) SOLID_ANGLE_UNIT ( ) );
#4226 =( NAMED_UNIT ( * ) PLANE_ANGLE_UNIT ( ) SI_UNIT ( $, .RADIAN. ) );
#4227 = ORIENTED_EDGE ( 'NONE', *, *, #9016, .F. ) ;
#4228 = AXIS2_PLACEMENT_3D ( 'NONE', #9293, #10832, #1762 ) ;
#4229 =( NAMED_UNIT ( * ) SI_UNIT ( $, .STERADIAN. ) SOLID_ANGLE_UNIT ( ) );
#4230 = SURFACE_STYLE_USAGE ( .BOTH. , #774 ) ;
#4231 = SURFACE_SIDE_STYLE ('',( #885 ) ) ;
#4232 = DIRECTION ( 'NONE',  ( 0.0000000000000000000, 0.0000000000000000000, -1.000000000000000000 ) ) ;
#4233 = MECHANICAL_DESIGN_GEOMETRIC_PRESENTATION_REPRESENTATION (  '', ( #1434 ), #10548 ) ;
#4234 = EDGE_CURVE ( 'NONE', #4914, #4495, #2072, .T. ) ;
#4235 = DIRECTION ( 'NONE',  ( 0.0000000000000000000, 0.0000000000000000000, 1.000000000000000000 ) ) ;
#4236 = CARTESIAN_POINT ( 'NONE',  ( 5.000000000000000000, 4.349999999999999645, -4.673891202419779844 ) ) ;
#4237 = CARTESIAN_POINT ( 'NONE',  ( -0.2670459653328079996, -0.7017991952243469722, 11.78455947458399677 ) ) ;
#4238 = ADVANCED_FACE ( 'NONE', ( #8451 ), #4377, .T. ) ;
#4239 = STYLED_ITEM ( 'NONE', ( #5922 ), #2207 ) ;
#4240 = SURFACE_STYLE_FILL_AREA ( #1886 ) ;
#4241 = FILL_AREA_STYLE ('',( #891 ) ) ;
#4242 = ORIENTED_EDGE ( 'NONE', *, *, #327, .F. ) ;
#4243 = CARTESIAN_POINT ( 'NONE',  ( 3.753928499320489998, -5.795199161759920337, 9.372862536810730560 ) ) ;
#4244 = SURFACE_SIDE_STYLE ('',( #3480 ) ) ;
#4245 =( GEOMETRIC_REPRESENTATION_CONTEXT ( 3 ) GLOBAL_UNCERTAINTY_ASSIGNED_CONTEXT ( ( #7538 ) ) GLOBAL_UNIT_ASSIGNED_CONTEXT ( ( #5534, #3039, #9591 ) ) REPRESENTATION_CONTEXT ( 'NONE', 'WORKASPACE' ) );
#4246 = SURFACE_STYLE_USAGE ( .BOTH. , #6702 ) ;
#4247 =( LENGTH_UNIT ( ) NAMED_UNIT ( * ) SI_UNIT ( .MILLI., .METRE. ) );
#4248 =( NAMED_UNIT ( * ) PLANE_ANGLE_UNIT ( ) SI_UNIT ( $, .RADIAN. ) );
#4249 = COLOUR_RGB ( '',1.000000000000000000, 1.000000000000000000, 0.0000000000000000000 ) ;
#4250 = PRESENTATION_STYLE_ASSIGNMENT (( #4197 ) ) ;
#4251 =( GEOMETRIC_REPRESENTATION_CONTEXT ( 3 ) GLOBAL_UNCERTAINTY_ASSIGNED_CONTEXT ( ( #7220 ) ) GLOBAL_UNIT_ASSIGNED_CONTEXT ( ( #2399, #5683, #2293 ) ) REPRESENTATION_CONTEXT ( 'NONE', 'WORKASPACE' ) );
#4252 = PRESENTATION_STYLE_ASSIGNMENT (( #1842 ) ) ;
#4253 =( NAMED_UNIT ( * ) SI_UNIT ( $, .STERADIAN. ) SOLID_ANGLE_UNIT ( ) );
#4254 = CARTESIAN_POINT ( 'NONE',  ( 6.513276922344959807, 3.101520183108078310, -0.3203975278070689825 ) ) ;
#4255 = CARTESIAN_POINT ( 'NONE',  ( 1.801812055671259127, -5.900000000000002132, 1.999999999999999556 ) ) ;
#4256 = EDGE_LOOP ( 'NONE', ( #3156, #5399, #5176, #1111 ) ) ;
#4257 = CARTESIAN_POINT ( 'NONE',  ( 0.9841776519562150938, -1.025500316946299950, 11.88455947458399997 ) ) ;
#4258 = SURFACE_SIDE_STYLE ('',( #9314 ) ) ;
#4259 = UNCERTAINTY_MEASURE_WITH_UNIT (LENGTH_MEASURE( 1.000000000000000082E-05 ), #10859, 'distance_accuracy_value', 'NONE');
#4260 = EDGE_CURVE ( 'NONE', #4590, #8035, #7255, .T. ) ;
#4261 = ORIENTED_EDGE ( 'NONE', *, *, #5103, .F. ) ;
#4262 =( NAMED_UNIT ( * ) PLANE_ANGLE_UNIT ( ) SI_UNIT ( $, .RADIAN. ) );
#4263 = PRESENTATION_LAYER_ASSIGNMENT (  '', '', ( #6024 ) ) ;
#4264 = CARTESIAN_POINT ( 'NONE',  ( -2.500000000000000000, -4.349999999999999645, 0.3261087975802219874 ) ) ;
#4265 = VECTOR ( 'NONE', #6564, 1000.000000000000114 ) ;
#4266 = AXIS2_PLACEMENT_3D ( 'NONE', #5575, #9726, #2188 ) ;
#4267 = STYLED_ITEM ( 'NONE', ( #2358 ), #9634 ) ;
#4268 = EDGE_LOOP ( 'NONE', ( #9359, #2926 ) ) ;
#4269 = LINE ( 'NONE', #5944, #2175 ) ;
#4270 = FACE_OUTER_BOUND ( 'NONE', #5231, .T. ) ;
#4271 = PRESENTATION_LAYER_ASSIGNMENT (  '', '', ( #9367 ) ) ;
#4272 = ORIENTED_EDGE ( 'NONE', *, *, #4116, .T. ) ;
#4273 = DIRECTION ( 'NONE',  ( -0.0000000000000000000, -0.0000000000000000000, 1.000000000000000000 ) ) ;
#4274 =( LENGTH_UNIT ( ) NAMED_UNIT ( * ) SI_UNIT ( .MILLI., .METRE. ) );
#4275 = PRESENTATION_LAYER_ASSIGNMENT (  '', '', ( #3234 ) ) ;
#4276 = FILL_AREA_STYLE ('',( #922 ) ) ;
#4277 = CIRCLE ( 'NONE', #10422, 0.1217795388796301809 ) ;
#4278 = VERTEX_POINT ( 'NONE', #8887 ) ;
#4279 = MECHANICAL_DESIGN_GEOMETRIC_PRESENTATION_REPRESENTATION (  '', ( #8508 ), #3589 ) ;
#4280 = CARTESIAN_POINT ( 'NONE',  ( -2.050000000000000266, 3.758136338055929837, 2.006740848325174742 ) ) ;
#4281 = CARTESIAN_POINT ( 'NONE',  ( -4.453928499320490175, 5.785761974818240283, 2.249466850602602541 ) ) ;
#4282 = ORIENTED_EDGE ( 'NONE', *, *, #7932, .F. ) ;
#4283 = LINE ( 'NONE', #3466, #389 ) ;
#4284 = CARTESIAN_POINT ( 'NONE',  ( -3.628220461120370111, -4.349999999999999645, -5.551115123125780237E-17 ) ) ;
#4285 = AXIS2_PLACEMENT_3D ( 'NONE', #484, #4005, #8909 ) ;
#4286 = SURFACE_STYLE_FILL_AREA ( #2524 ) ;
#4287 = FACE_OUTER_BOUND ( 'NONE', #1724, .T. ) ;
#4288 = SURFACE_STYLE_USAGE ( .BOTH. , #5812 ) ;
#4289 = COLOUR_RGB ( '',0.4117647058823529216, 0.4117647058823529216, 0.4117647058823529216 ) ;
#4290 = SURFACE_SIDE_STYLE ('',( #1100 ) ) ;
#4291 = SURFACE_STYLE_FILL_AREA ( #5076 ) ;
#4292 = SURFACE_STYLE_USAGE ( .BOTH. , #4231 ) ;
#4293 = CIRCLE ( 'NONE', #7106, 0.3000000000000020983 ) ;
#4294 =( NAMED_UNIT ( * ) SI_UNIT ( $, .STERADIAN. ) SOLID_ANGLE_UNIT ( ) );
#4295 = COLOUR_RGB ( '',0.1764705882352941013, 0.1764705882352941013, 0.1764705882352941013 ) ;
#4296 =( NAMED_UNIT ( * ) SI_UNIT ( $, .STERADIAN. ) SOLID_ANGLE_UNIT ( ) );
#4297 = CARTESIAN_POINT ( 'NONE',  ( -6.610175751530350752, 3.101520183108081863, 5.710663437739160742 ) ) ;
#4298 = PLANE ( 'NONE',  #5517 ) ;
#4299 = DIRECTION ( 'NONE',  ( -0.0000000000000000000, -0.0000000000000000000, -1.000000000000000000 ) ) ;
#4300 = UNCERTAINTY_MEASURE_WITH_UNIT (LENGTH_MEASURE( 1.000000000000000082E-05 ), #7568, 'distance_accuracy_value', 'NONE');
#4301 =( NAMED_UNIT ( * ) PLANE_ANGLE_UNIT ( ) SI_UNIT ( $, .RADIAN. ) );
#4302 = SURFACE_STYLE_USAGE ( .BOTH. , #10274 ) ;
#4303 = ADVANCED_FACE ( 'NONE', ( #2110 ), #1351, .T. ) ;
#4304 = ORIENTED_EDGE ( 'NONE', *, *, #4319, .F. ) ;
#4305 =( NAMED_UNIT ( * ) PLANE_ANGLE_UNIT ( ) SI_UNIT ( $, .RADIAN. ) );
#4306 = STYLED_ITEM ( 'NONE', ( #4252 ), #8817 ) ;
#4307 = CARTESIAN_POINT ( 'NONE',  ( 0.8079729016204699743, 0.8058249842585190059, 11.78455947458400033 ) ) ;
#4308 = PRESENTATION_LAYER_ASSIGNMENT (  '', '', ( #1856 ) ) ;
#4309 =( NAMED_UNIT ( * ) SI_UNIT ( $, .STERADIAN. ) SOLID_ANGLE_UNIT ( ) );
#4310 = EDGE_CURVE ( 'NONE', #8052, #8189, #8729, .T. ) ;
#4311 = UNCERTAINTY_MEASURE_WITH_UNIT (LENGTH_MEASURE( 1.000000000000000082E-05 ), #4007, 'distance_accuracy_value', 'NONE');
#4312 = CARTESIAN_POINT ( 'NONE',  ( -2.500000000000000000, 4.349999999999999645, 0.3261087975802219874 ) ) ;
#4313 = VECTOR ( 'NONE', #6884, 1000.000000000000000 ) ;
#4314 = CARTESIAN_POINT ( 'NONE',  ( -1.699999999999999956, 3.274810948087050200, 10.14126039117999944 ) ) ;
#4315 = COLOUR_RGB ( '',1.000000000000000000, 1.000000000000000000, 1.000000000000000000 ) ;
#4316 = DIRECTION ( 'NONE',  ( 0.0000000000000000000, -1.000000000000000000, -0.0000000000000000000 ) ) ;
#4317 = FILL_AREA_STYLE_COLOUR ( '', #6560 ) ;
#4318 = CARTESIAN_POINT ( 'NONE',  ( -2.027870540814870282, -0.9893557386330470438, 11.78455947458400033 ) ) ;
#4319 = EDGE_CURVE ( 'NONE', #1519, #5160, #7006, .T. ) ;
#4320 = EDGE_LOOP ( 'NONE', ( #10489, #7591, #6462, #5189 ) ) ;
#4321 = CARTESIAN_POINT ( 'NONE',  ( 1.277193524096640109, 0.6444921730411159455, 11.88455947458399997 ) ) ;
#4322 =( NAMED_UNIT ( * ) SI_UNIT ( $, .STERADIAN. ) SOLID_ANGLE_UNIT ( ) );
#4323 = CARTESIAN_POINT ( 'NONE',  ( -3.753928499320490442, -5.804216384178710442, 2.235197563309480273 ) ) ;
#4324 = ORIENTED_EDGE ( 'NONE', *, *, #10696, .T. ) ;
#4325 =( LENGTH_UNIT ( ) NAMED_UNIT ( * ) SI_UNIT ( .MILLI., .METRE. ) );
#4326 = MECHANICAL_DESIGN_GEOMETRIC_PRESENTATION_REPRESENTATION (  '', ( #457 ), #4507 ) ;
#4327 = EDGE_CURVE ( 'NONE', #1686, #4843, #10411, .T. ) ;
#4328 = ORIENTED_EDGE ( 'NONE', *, *, #2236, .F. ) ;
#4329 = CARTESIAN_POINT ( 'NONE',  ( -2.292930781778729887, -0.9893557386330470438, 11.78455947458400033 ) ) ;
#4330 = EDGE_CURVE ( 'NONE', #4590, #3783, #6261, .T. ) ;
#4332 = CARTESIAN_POINT ( 'NONE',  ( -1.699999999999999956, -3.274999999999990141, 1.649999999999999911 ) ) ;
#4331 =( GEOMETRIC_REPRESENTATION_CONTEXT ( 3 ) GLOBAL_UNCERTAINTY_ASSIGNED_CONTEXT ( ( #4311 ) ) GLOBAL_UNIT_ASSIGNED_CONTEXT ( ( #4007, #600, #10598 ) ) REPRESENTATION_CONTEXT ( 'NONE', 'WORKASPACE' ) );
#4333 = ORIENTED_EDGE ( 'NONE', *, *, #6111, .T. ) ;
#4334 = CARTESIAN_POINT ( 'NONE',  ( -0.2891656640866170913, 0.08763981510858312451, 11.88455947458399997 ) ) ;
#4335 = CARTESIAN_POINT ( 'NONE',  ( -0.1596476377583760098, 0.8703958334598560498, 11.88455947458399997 ) ) ;
#4336 = STYLED_ITEM ( 'NONE', ( #1739 ), #2049 ) ;
#4337 = CARTESIAN_POINT ( 'NONE',  ( -0.3798094936966650570, 0.2456782402672189891, 11.78455947458400033 ) ) ;
#4338 = DIRECTION ( 'NONE',  ( 0.0000000000000000000, 0.0000000000000000000, -1.000000000000000000 ) ) ;
#4339 = MECHANICAL_DESIGN_GEOMETRIC_PRESENTATION_REPRESENTATION (  '', ( #6992 ), #6464 ) ;
#4340 = EDGE_LOOP ( 'NONE', ( #432, #9889, #6201, #2170 ) ) ;
#4341 = CARTESIAN_POINT ( 'NONE',  ( -0.4390149582649400251, 0.8058249842585190059, 11.88455947458399997 ) ) ;
#4342 = ORIENTED_EDGE ( 'NONE', *, *, #4327, .T. ) ;
#4343 = DIRECTION ( 'NONE',  ( -0.08293612690015361721, 0.9965548649496431821, 0.0000000000000000000 ) ) ;
#4344 = SURFACE_STYLE_FILL_AREA ( #3423 ) ;
#4345 = CARTESIAN_POINT ( 'NONE',  ( -6.200000000000001066, -3.274999999999990141, 0.0000000000000000000 ) ) ;
#4346 = CLOSED_SHELL ( 'NONE', ( #4176, #9634, #7572, #6773, #5470, #5299, #9360, #2027, #10474 ) ) ;
#4347 = CARTESIAN_POINT ( 'NONE',  ( 4.950000000000000178, -3.275000000000000355, 10.14126039117999944 ) ) ;
#4348 = SURFACE_STYLE_FILL_AREA ( #8536 ) ;
#4349 = PRESENTATION_LAYER_ASSIGNMENT (  '', '', ( #10301 ) ) ;
#4350 =( LENGTH_UNIT ( ) NAMED_UNIT ( * ) SI_UNIT ( .MILLI., .METRE. ) );
#4351 = ADVANCED_FACE ( 'NONE', ( #5489 ), #7153, .T. ) ;
#4352 =( BOUNDED_SURFACE ( )  B_SPLINE_SURFACE ( 1, 2, ( 
 ( #2115, #3333, #3994, #1684, #4826, #4923, #7365, #4981, #4874 ),
 ( #5782, #7525, #8185, #682, #6, #2547, #9858, #3164, #8339 ) ),
 .UNSPECIFIED., .F., .F., .F. ) 
 B_SPLINE_SURFACE_WITH_KNOTS ( ( 2, 2 ),
 ( 3, 2, 2, 2, 3 ),
 ( 0.0000000000000000000, 7.400000000000000355 ),
 ( -24.49763524739600129, -17.90355752089489982, -16.80400009213839851, -13.34837505245440070, -12.24881762369800065 ),
 .UNSPECIFIED. ) 
 GEOMETRIC_REPRESENTATION_ITEM ( )  RATIONAL_B_SPLINE_SURFACE ( (
 ( 1.000000000000000000, 1.000000000000000000, 1.000000000000000000, 0.7071067811865490160, 1.000000000000000000, 1.000000000000000000, 1.000000000000000000, 0.7071067811865470176, 1.000000000000000000),
 ( 1.000000000000000000, 1.000000000000000000, 1.000000000000000000, 0.7071067811865490160, 1.000000000000000000, 1.000000000000000000, 1.000000000000000000, 0.7071067811865470176, 1.000000000000000000) ) ) 
 REPRESENTATION_ITEM ( '' )  SURFACE ( )  );
#4353 = PLANE ( 'NONE',  #8693 ) ;
#4354 = CARTESIAN_POINT ( 'NONE',  ( 2.049999999999999822, -3.750000000000000000, 9.372862536810730560 ) ) ;
#4355 = ORIENTED_EDGE ( 'NONE', *, *, #6662, .F. ) ;
#4356 = PRESENTATION_LAYER_ASSIGNMENT (  '', '', ( #8930 ) ) ;
#4357 = DIRECTION ( 'NONE',  ( 0.1274252029016706700, 0.9918481827706637777, 0.0000000000000000000 ) ) ;
#4358 =( NAMED_UNIT ( * ) PLANE_ANGLE_UNIT ( ) SI_UNIT ( $, .RADIAN. ) );
#4359 =( NAMED_UNIT ( * ) PLANE_ANGLE_UNIT ( ) SI_UNIT ( $, .RADIAN. ) );
#4360 = VERTEX_POINT ( 'NONE', #4755 ) ;
#4361 = CARTESIAN_POINT ( 'NONE',  ( -2.250000000000000000, 4.349999999999999645, -4.673891202419779844 ) ) ;
#4362 = FILL_AREA_STYLE ('',( #3592 ) ) ;
#4363 =( NAMED_UNIT ( * ) SI_UNIT ( $, .STERADIAN. ) SOLID_ANGLE_UNIT ( ) );
#4364 = DIRECTION ( 'NONE',  ( -1.000000000000000000, 0.0000000000000000000, 0.0000000000000000000 ) ) ;
#4365 = AXIS2_PLACEMENT_3D ( 'NONE', #5535, #3644, #2749 ) ;
#4366 = VECTOR ( 'NONE', #1821, 1000.000000000000000 ) ;
#4367 = EDGE_CURVE ( 'NONE', #3169, #1578, #7521, .T. ) ;
#4368 = PLANE ( 'NONE',  #5748 ) ;
#4369 = CARTESIAN_POINT ( 'NONE',  ( 4.649999999999999467, -5.900000000000000355, 9.400000000000000355 ) ) ;
#4370 = STYLED_ITEM ( 'NONE', ( #3837 ), #5030 ) ;
#4371 = ORIENTED_EDGE ( 'NONE', *, *, #2484, .F. ) ;
#4372 = PRESENTATION_LAYER_ASSIGNMENT (  '', '', ( #5603 ) ) ;
#4373 = CARTESIAN_POINT ( 'NONE',  ( 1.393816206173080108, -0.007427935867854950323, 11.88455947458399997 ) ) ;
#4374 = DIRECTION ( 'NONE',  ( 0.0000000000000000000, -0.0000000000000000000, -1.000000000000000000 ) ) ;
#4375 = VERTEX_POINT ( 'NONE', #2429 ) ;
#4376 = SURFACE_STYLE_USAGE ( .BOTH. , #9269 ) ;
#4377 = PLANE ( 'NONE',  #2951 ) ;
#4378 = ADVANCED_FACE ( 'NONE', ( #10017 ), #3990, .T. ) ;
#4379 = CARTESIAN_POINT ( 'NONE',  ( 1.700000000000000178, -3.274999999999994138, 1.649999999999999911 ) ) ;
#4380 = EDGE_LOOP ( 'NONE', ( #5146, #2015 ) ) ;
#4381 = COLOUR_RGB ( '',0.1764705882352941013, 0.1764705882352941013, 0.1764705882352941013 ) ;
#4382 = FILL_AREA_STYLE_COLOUR ( '', #6947 ) ;
#4383 = VERTEX_POINT ( 'NONE', #9852 ) ;
#4384 = ORIENTED_EDGE ( 'NONE', *, *, #8863, .T. ) ;
#4385 = SURFACE_STYLE_FILL_AREA ( #7698 ) ;
#4386 = EDGE_CURVE ( 'NONE', #9615, #9179, #5722, .T. ) ;
#4387 =( LENGTH_UNIT ( ) NAMED_UNIT ( * ) SI_UNIT ( .MILLI., .METRE. ) );
#4388 = COLOUR_RGB ( '',0.7450980392156862919, 0.7450980392156862919, 0.7450980392156862919 ) ;
#4389 = SURFACE_STYLE_FILL_AREA ( #5111 ) ;
#4390 = DIRECTION ( 'NONE',  ( 0.0000000000000000000, 0.0000000000000000000, -1.000000000000000000 ) ) ;
#4391 = ADVANCED_FACE ( 'NONE', ( #8229 ), #9028, .T. ) ;
#4392 = PLANE ( 'NONE',  #6972 ) ;
#4393 = VERTEX_POINT ( 'NONE', #3484 ) ;
#4394 =( GEOMETRIC_REPRESENTATION_CONTEXT ( 3 ) GLOBAL_UNCERTAINTY_ASSIGNED_CONTEXT ( ( #3802 ) ) GLOBAL_UNIT_ASSIGNED_CONTEXT ( ( #8502, #6866, #1848 ) ) REPRESENTATION_CONTEXT ( 'NONE', 'WORKASPACE' ) );
#4395 = DIRECTION ( 'NONE',  ( 0.0000000000000000000, 0.0000000000000000000, -1.000000000000000000 ) ) ;
#4396 = CARTESIAN_POINT ( 'NONE',  ( -3.876735726934809723, 5.975341119790766875, 2.249700255633616752 ) ) ;
#4397 = VERTEX_POINT ( 'NONE', #6022 ) ;
#4398 =( NAMED_UNIT ( * ) PLANE_ANGLE_UNIT ( ) SI_UNIT ( $, .RADIAN. ) );
#4399 = UNCERTAINTY_MEASURE_WITH_UNIT (LENGTH_MEASURE( 1.000000000000000082E-05 ), #2196, 'distance_accuracy_value', 'NONE');
#4400 = FILL_AREA_STYLE_COLOUR ( '', #4409 ) ;
#4401 = SURFACE_SIDE_STYLE ('',( #2792 ) ) ;
#4402 = LINE ( 'NONE', #4347, #7148 ) ;
#4403 = CARTESIAN_POINT ( 'NONE',  ( -2.750000000000000444, 4.349999999999999645, 0.3261087975802219874 ) ) ;
#4404 = CARTESIAN_POINT ( 'NONE',  ( -6.200000000000001954, -3.072439817376820148, 11.39185809281899964 ) ) ;
#4405 =( NAMED_UNIT ( * ) SI_UNIT ( $, .STERADIAN. ) SOLID_ANGLE_UNIT ( ) );
#4406 =( NAMED_UNIT ( * ) SI_UNIT ( $, .STERADIAN. ) SOLID_ANGLE_UNIT ( ) );
#4407 = FILL_AREA_STYLE_COLOUR ( '', #4101 ) ;
#4408 = ORIENTED_EDGE ( 'NONE', *, *, #6677, .F. ) ;
#4409 = COLOUR_RGB ( '',0.1764705882352941013, 0.1764705882352941013, 0.1764705882352941013 ) ;
#4410 = ORIENTED_EDGE ( 'NONE', *, *, #234, .T. ) ;
#4411 = CARTESIAN_POINT ( 'NONE',  ( -4.453928499320490175, -5.095199161759920159, 9.372862536810730560 ) ) ;
#4412 = DIRECTION ( 'NONE',  ( -1.000000000000000000, 0.0000000000000000000, 0.0000000000000000000 ) ) ;
#4413 = EDGE_LOOP ( 'NONE', ( #7655, #9817 ) ) ;
#4414 =( NAMED_UNIT ( * ) SI_UNIT ( $, .STERADIAN. ) SOLID_ANGLE_UNIT ( ) );
#4415 =( GEOMETRIC_REPRESENTATION_CONTEXT ( 3 ) GLOBAL_UNCERTAINTY_ASSIGNED_CONTEXT ( ( #10418 ) ) GLOBAL_UNIT_ASSIGNED_CONTEXT ( ( #8604, #6143, #292 ) ) REPRESENTATION_CONTEXT ( 'NONE', 'WORKASPACE' ) );
#4416 = LINE ( 'NONE', #9415, #9582 ) ;
#4417 = COLOUR_RGB ( '',0.7411764705882353255, 0.7411764705882353255, 0.7411764705882353255 ) ;
#4418 = CARTESIAN_POINT ( 'NONE',  ( 0.9813539975307771224, 0.8058249842585190059, 11.88455947458399997 ) ) ;
#4419 =( LENGTH_UNIT ( ) NAMED_UNIT ( * ) SI_UNIT ( .MILLI., .METRE. ) );
#4420 = UNCERTAINTY_MEASURE_WITH_UNIT (LENGTH_MEASURE( 1.000000000000000082E-05 ), #6191, 'distance_accuracy_value', 'NONE');
#4421 = VECTOR ( 'NONE', #5699, 1000.000000000000000 ) ;
#4422 = CARTESIAN_POINT ( 'NONE',  ( -6.610175751530340094, -3.072439817376820148, 11.50790099422419921 ) ) ;
#4423 = AXIS2_PLACEMENT_3D ( 'NONE', #4966, #511, #9747 ) ;
#4424 = DIRECTION ( 'NONE',  ( 0.0000000000000000000, 0.0000000000000000000, 1.000000000000000000 ) ) ;
#4425 =( GEOMETRIC_REPRESENTATION_CONTEXT ( 3 ) GLOBAL_UNCERTAINTY_ASSIGNED_CONTEXT ( ( #4676 ) ) GLOBAL_UNIT_ASSIGNED_CONTEXT ( ( #4247, #9363, #4363 ) ) REPRESENTATION_CONTEXT ( 'NONE', 'WORKASPACE' ) );
#4426 = CARTESIAN_POINT ( 'NONE',  ( 6.200000000000001066, -3.274999999999990141, 2.000000000000000000 ) ) ;
#4427 = EDGE_LOOP ( 'NONE', ( #9659, #1000, #4624, #6770, #1387, #10552, #741, #4203, #3622, #636, #7524, #8176, #10646, #4206 ) ) ;
#4428 = DIRECTION ( 'NONE',  ( -0.0000000000000000000, 1.000000000000000000, 0.0000000000000000000 ) ) ;
#4429 = FACE_BOUND ( 'NONE', #7784, .T. ) ;
#4430 =( NAMED_UNIT ( * ) PLANE_ANGLE_UNIT ( ) SI_UNIT ( $, .RADIAN. ) );
#4431 = VECTOR ( 'NONE', #3893, 1000.000000000000000 ) ;
#4432 = UNCERTAINTY_MEASURE_WITH_UNIT (LENGTH_MEASURE( 1.000000000000000082E-05 ), #4350, 'distance_accuracy_value', 'NONE');
#4433 =( LENGTH_UNIT ( ) NAMED_UNIT ( * ) SI_UNIT ( .MILLI., .METRE. ) );
#4434 = ORIENTED_EDGE ( 'NONE', *, *, #6938, .F. ) ;
#4435 =( LENGTH_UNIT ( ) NAMED_UNIT ( * ) SI_UNIT ( .MILLI., .METRE. ) );
#4436 =( LENGTH_UNIT ( ) NAMED_UNIT ( * ) SI_UNIT ( .MILLI., .METRE. ) );
#4437 = ORIENTED_EDGE ( 'NONE', *, *, #6077, .T. ) ;
#4438 = ORIENTED_EDGE ( 'NONE', *, *, #5100, .T. ) ;
#4439 = DIRECTION ( 'NONE',  ( 0.0000000000000000000, -1.000000000000000000, 0.0000000000000000000 ) ) ;
#4440 = AXIS2_PLACEMENT_3D ( 'NONE', #8235, #4828, #794 ) ;
#4441 =( LENGTH_UNIT ( ) NAMED_UNIT ( * ) SI_UNIT ( .MILLI., .METRE. ) );
#4442 = EDGE_CURVE ( 'NONE', #3001, #2687, #9365, .T. ) ;
#4443 = AXIS2_PLACEMENT_3D ( 'NONE', #5261, #3606, #2891 ) ;
#4444 = SURFACE_STYLE_FILL_AREA ( #8524 ) ;
#4445 = ADVANCED_FACE ( 'NONE', ( #162 ), #1004, .T. ) ;
#4446 = ORIENTED_EDGE ( 'NONE', *, *, #10412, .F. ) ;
#4447 = CARTESIAN_POINT ( 'NONE',  ( 0.0000000000000000000, 5.794608934297520442, 9.134918554661561885 ) ) ;
#4448 = CARTESIAN_POINT ( 'NONE',  ( -5.000000000000000000, -3.072439817376820148, 10.29185809281899999 ) ) ;
#4449 = ORIENTED_EDGE ( 'NONE', *, *, #411, .T. ) ;
#4450 = COLOUR_RGB ( '',0.1764705882352941013, 0.1764705882352941013, 0.1764705882352941013 ) ;
#4451 = LINE ( 'NONE', #259, #3184 ) ;
#4452 = CARTESIAN_POINT ( 'NONE',  ( 2.160636889256319915, -3.952384553517649834, 9.372862536810730560 ) ) ;
#4453 = EDGE_CURVE ( 'NONE', #1016, #3449, #315, .T. ) ;
#4454 = UNCERTAINTY_MEASURE_WITH_UNIT (LENGTH_MEASURE( 1.000000000000000082E-05 ), #7226, 'distance_accuracy_value', 'NONE');
#4455 = STYLED_ITEM ( 'NONE', ( #5016 ), #8228 ) ;
#4456 = LINE ( 'NONE', #8475, #7850 ) ;
#4457 = CARTESIAN_POINT ( 'NONE',  ( -3.753928499320489998, 5.794608934297520442, 9.134918554661560108 ) ) ;
#4458 = FILL_AREA_STYLE_COLOUR ( '', #7212 ) ;
#4459 =( GEOMETRIC_REPRESENTATION_CONTEXT ( 3 ) GLOBAL_UNCERTAINTY_ASSIGNED_CONTEXT ( ( #3422 ) ) GLOBAL_UNIT_ASSIGNED_CONTEXT ( ( #8195, #7275, #3794 ) ) REPRESENTATION_CONTEXT ( 'NONE', 'WORKASPACE' ) );
#4460 = DIRECTION ( 'NONE',  ( 1.000000000000000000, -0.0000000000000000000, 0.0000000000000000000 ) ) ;
#4461 = EDGE_CURVE ( 'NONE', #8467, #6539, #125, .T. ) ;
#4462 = LINE ( 'NONE', #10324, #1115 ) ;
#4464 = ORIENTED_EDGE ( 'NONE', *, *, #7539, .F. ) ;
#4463 = VECTOR ( 'NONE', #10310, 1000.000000000000000 ) ;
#4465 = ORIENTED_EDGE ( 'NONE', *, *, #3193, .T. ) ;
#4466 = SURFACE_STYLE_FILL_AREA ( #2864 ) ;
#4467 = EDGE_CURVE ( 'NONE', #8189, #7356, #10670, .T. ) ;
#4468 = SURFACE_STYLE_USAGE ( .BOTH. , #6015 ) ;
#4469 = PLANE ( 'NONE',  #10394 ) ;
#4470 = DIRECTION ( 'NONE',  ( 1.000000000000000000, 0.0000000000000000000, -0.0000000000000000000 ) ) ;
#4471 = EDGE_LOOP ( 'NONE', ( #8725, #8184 ) ) ;
#4472 = AXIS2_PLACEMENT_3D ( 'NONE', #1553, #2203, #4905 ) ;
#4473 = DIRECTION ( 'NONE',  ( 8.674009073262380157E-18, -7.218756764280341623E-19, -1.000000000000000000 ) ) ;
#4474 = FILL_AREA_STYLE_COLOUR ( '', #9806 ) ;
#4475 = DIRECTION ( 'NONE',  ( -0.0000000000000000000, -0.0000000000000000000, 1.000000000000000000 ) ) ;
#4476 = AXIS2_PLACEMENT_3D ( 'NONE', #4554, #9495, #5498 ) ;
#4477 = DIRECTION ( 'NONE',  ( 0.0000000000000000000, 0.0000000000000000000, 1.000000000000000000 ) ) ;
#4478 = CARTESIAN_POINT ( 'NONE',  ( 6.200000000000001066, -3.072439817376820148, -0.3081419071809570198 ) ) ;
#4479 = PLANE ( 'NONE',  #8782 ) ;
#4480 = MECHANICAL_DESIGN_GEOMETRIC_PRESENTATION_REPRESENTATION (  '', ( #6965 ), #9915 ) ;
#4481 = CARTESIAN_POINT ( 'NONE',  ( -5.000000000000000000, 3.275000000000000355, 1.649999999999999911 ) ) ;
#4482 = LINE ( 'NONE', #3489, #7761 ) ;
#4483 = EDGE_LOOP ( 'NONE', ( #9003, #4282, #8450, #3894, #8030, #961 ) ) ;
#4484 = STYLED_ITEM ( 'NONE', ( #1889 ), #1376 ) ;
#4485 = SURFACE_STYLE_FILL_AREA ( #10289 ) ;
#4486 = CARTESIAN_POINT ( 'NONE',  ( -2.049999999999999822, -3.718853837536511886, 9.399999999999998579 ) ) ;
#4487 = EDGE_LOOP ( 'NONE', ( #7319, #3694, #9373, #5943 ) ) ;
#4488 = STYLED_ITEM ( 'NONE', ( #645 ), #9207 ) ;
#4489 = EDGE_CURVE ( 'NONE', #8489, #5794, #322, .T. ) ;
#4490 = CARTESIAN_POINT ( 'NONE',  ( 3.198187944328739984, -6.200000000000001066, 2.775557561562890118E-17 ) ) ;
#4491 = STYLED_ITEM ( 'NONE', ( #9346 ), #1549 ) ;
#4492 = VERTEX_POINT ( 'NONE', #7677 ) ;
#4493 = DIRECTION ( 'NONE',  ( 0.0000000000000000000, -0.0000000000000000000, -1.000000000000000000 ) ) ;
#4494 = DIRECTION ( 'NONE',  ( -1.348803178618588312E-16, -1.348803178618583628E-16, 1.000000000000000000 ) ) ;
#4495 = VERTEX_POINT ( 'NONE', #10224 ) ;
#4496 =( NAMED_UNIT ( * ) SI_UNIT ( $, .STERADIAN. ) SOLID_ANGLE_UNIT ( ) );
#4497 = ORIENTED_EDGE ( 'NONE', *, *, #1824, .T. ) ;
#4498 = DIRECTION ( 'NONE',  ( -0.08293612690015354783, 0.9965548649496431821, -0.0000000000000000000 ) ) ;
#4499 = VECTOR ( 'NONE', #9141, 1000.000000000000000 ) ;
#4500 = LINE ( 'NONE', #8792, #8973 ) ;
#4501 = EDGE_CURVE ( 'NONE', #180, #2941, #7620, .T. ) ;
#4502 = DIRECTION ( 'NONE',  ( 0.1274252029016666732, 0.9918481827706642218, 0.0000000000000000000 ) ) ;
#4503 = VERTEX_POINT ( 'NONE', #9418 ) ;
#4504 = CARTESIAN_POINT ( 'NONE',  ( -0.3479005808652059772, 0.7179108649752520277, 11.88455947458399997 ) ) ;
#4505 = EDGE_CURVE ( 'NONE', #9501, #2023, #5140, .T. ) ;
#4506 = CARTESIAN_POINT ( 'NONE',  ( 4.599635752693309598, 5.975341119790765987, 2.249700255633616752 ) ) ;
#4507 =( GEOMETRIC_REPRESENTATION_CONTEXT ( 3 ) GLOBAL_UNCERTAINTY_ASSIGNED_CONTEXT ( ( #5746 ) ) GLOBAL_UNIT_ASSIGNED_CONTEXT ( ( #10127, #8506, #962 ) ) REPRESENTATION_CONTEXT ( 'NONE', 'WORKASPACE' ) );
#4508 = VERTEX_POINT ( 'NONE', #2102 ) ;
#4509 = CARTESIAN_POINT ( 'NONE',  ( -2.500000000000000000, 4.349999999999999645, 0.3261087975802219874 ) ) ;
#4510 = LINE ( 'NONE', #3850, #7164 ) ;
#4511 =( NAMED_UNIT ( * ) SI_UNIT ( $, .STERADIAN. ) SOLID_ANGLE_UNIT ( ) );
#4512 = FACE_OUTER_BOUND ( 'NONE', #1960, .T. ) ;
#4513 =( GEOMETRIC_REPRESENTATION_CONTEXT ( 3 ) GLOBAL_UNCERTAINTY_ASSIGNED_CONTEXT ( ( #1005 ) ) GLOBAL_UNIT_ASSIGNED_CONTEXT ( ( #5599, #5825, #2269 ) ) REPRESENTATION_CONTEXT ( 'NONE', 'WORKASPACE' ) );
#4514 = CARTESIAN_POINT ( 'NONE',  ( 1.371779538879629889, 4.349999999999999645, -5.551115123125780237E-17 ) ) ;
#4515 = DIRECTION ( 'NONE',  ( 0.0000000000000000000, 0.0000000000000000000, -1.000000000000000000 ) ) ;
#4516 =( NAMED_UNIT ( * ) PLANE_ANGLE_UNIT ( ) SI_UNIT ( $, .RADIAN. ) );
#4517 = SURFACE_STYLE_USAGE ( .BOTH. , #8803 ) ;
#4518 = CARTESIAN_POINT ( 'NONE',  ( 6.610175751530340094, 0.01454018286563014267, -0.08657411874590380252 ) ) ;
#4519 = EDGE_CURVE ( 'NONE', #4999, #10579, #1170, .T. ) ;
#4520 = ORIENTED_EDGE ( 'NONE', *, *, #5688, .F. ) ;
#4521 = ORIENTED_EDGE ( 'NONE', *, *, #254, .F. ) ;
#4522 = CARTESIAN_POINT ( 'NONE',  ( 0.0000000000000000000, -5.795369424699430283, 9.120649267367999968 ) ) ;
#4523 = CLOSED_SHELL ( 'NONE', ( #7664, #10889, #4861, #5400, #6219, #1458 ) ) ;
#4524 = PLANE ( 'NONE',  #5170 ) ;
#4525 = UNCERTAINTY_MEASURE_WITH_UNIT (LENGTH_MEASURE( 1.000000000000000082E-05 ), #6319, 'distance_accuracy_value', 'NONE');
#4526 = DIRECTION ( 'NONE',  ( 1.546750702438609967E-16, -2.689679381760168050E-16, 1.000000000000000000 ) ) ;
#4527 = VERTEX_POINT ( 'NONE', #2152 ) ;
#4528 = ADVANCED_FACE ( 'NONE', ( #8872, #4531 ), #9593, .T. ) ;
#4529 = FILL_AREA_STYLE_COLOUR ( '', #6065 ) ;
#4530 = SURFACE_SIDE_STYLE ('',( #7955 ) ) ;
#4531 = FACE_OUTER_BOUND ( 'NONE', #4172, .T. ) ;
#4532 = EDGE_CURVE ( 'NONE', #6900, #7475, #1221, .T. ) ;
#4533 = UNCERTAINTY_MEASURE_WITH_UNIT (LENGTH_MEASURE( 1.000000000000000082E-05 ), #6454, 'distance_accuracy_value', 'NONE');
#4534 = MECHANICAL_DESIGN_GEOMETRIC_PRESENTATION_REPRESENTATION (  '', ( #8230 ), #316 ) ;
#4535 = FILL_AREA_STYLE ('',( #4015 ) ) ;
#4536 = DIRECTION ( 'NONE',  ( -0.0000000000000000000, 1.000000000000000000, 0.0000000000000000000 ) ) ;
#4537 = PRESENTATION_STYLE_ASSIGNMENT (( #6026 ) ) ;
#4538 = SURFACE_STYLE_FILL_AREA ( #9697 ) ;
#4539 = EDGE_LOOP ( 'NONE', ( #4037, #2665, #6420, #8616 ) ) ;
#4540 = PRESENTATION_STYLE_ASSIGNMENT (( #8827 ) ) ;
#4541 = CARTESIAN_POINT ( 'NONE',  ( 0.7016099814113669897, 0.6635057416207670311, 11.83455947458400104 ) ) ;
#4542 = ORIENTED_EDGE ( 'NONE', *, *, #3631, .T. ) ;
#4543 = DIRECTION ( 'NONE',  ( 0.0000000000000000000, 0.0000000000000000000, -1.000000000000000000 ) ) ;
#4544 = UNCERTAINTY_MEASURE_WITH_UNIT (LENGTH_MEASURE( 1.000000000000000082E-05 ), #4025, 'distance_accuracy_value', 'NONE');
#4545 = CARTESIAN_POINT ( 'NONE',  ( -0.5474486932046990217, -0.02248822279261979834, 11.78455947458400033 ) ) ;
#4546 = ORIENTED_EDGE ( 'NONE', *, *, #3577, .T. ) ;
#4547 = PRESENTATION_LAYER_ASSIGNMENT (  '', '', ( #852 ) ) ;
#4548 = CARTESIAN_POINT ( 'NONE',  ( 6.513276922344958031, -3.072439817376822369, -0.3203975278070689270 ) ) ;
#4549 =( LENGTH_UNIT ( ) NAMED_UNIT ( * ) SI_UNIT ( .MILLI., .METRE. ) );
#4550 = ORIENTED_EDGE ( 'NONE', *, *, #755, .F. ) ;
#4551 = SURFACE_STYLE_FILL_AREA ( #3362 ) ;
#4552 = ORIENTED_EDGE ( 'NONE', *, *, #7498, .T. ) ;
#4553 =( NAMED_UNIT ( * ) SI_UNIT ( $, .STERADIAN. ) SOLID_ANGLE_UNIT ( ) );
#4554 = CARTESIAN_POINT ( 'NONE',  ( -4.002845596186371147, -5.924880838070049727, 5.551115123125780237E-17 ) ) ;
#4555 = LINE ( 'NONE', #8098, #10711 ) ;
#4556 = PRESENTATION_LAYER_ASSIGNMENT (  '', '', ( #9122 ) ) ;
#4557 = LINE ( 'NONE', #7925, #1683 ) ;
#4558 = ORIENTED_EDGE ( 'NONE', *, *, #7629, .F. ) ;
#4559 = LINE ( 'NONE', #2848, #591 ) ;
#4560 = DIRECTION ( 'NONE',  ( 0.0000000000000000000, 0.0000000000000000000, -1.000000000000000000 ) ) ;
#4561 = ORIENTED_EDGE ( 'NONE', *, *, #1502, .F. ) ;
#4562 = COLOUR_RGB ( '',0.1764705882352941013, 0.1764705882352941013, 0.1764705882352941013 ) ;
#4563 = FILL_AREA_STYLE_COLOUR ( '', #4149 ) ;
#4564 = CARTESIAN_POINT ( 'NONE',  ( -6.513276922344959807, -3.072439817376820148, 11.40411371344520042 ) ) ;
#4565 = CARTESIAN_POINT ( 'NONE',  ( -4.440892098500630106E-16, 3.101520183108082751, 11.70411371344519935 ) ) ;
#4566 = FILL_AREA_STYLE_COLOUR ( '', #9123 ) ;
#4567 = CARTESIAN_POINT ( 'NONE',  ( 4.999999999999999112, -3.072439817376820148, -0.3081419071809570198 ) ) ;
#4568 = CARTESIAN_POINT ( 'NONE',  ( 0.8079729016204699743, 0.8058249842585190059, 11.78455947458400033 ) ) ;
#4569 = COLOUR_RGB ( '',0.4117647058823529216, 0.4117647058823529216, 0.4117647058823529216 ) ;
#4570 = PRESENTATION_STYLE_ASSIGNMENT (( #1208 ) ) ;
#4571 = ORIENTED_EDGE ( 'NONE', *, *, #6353, .F. ) ;
#4572 = VERTEX_POINT ( 'NONE', #7901 ) ;
#4573 = CARTESIAN_POINT ( 'NONE',  ( 6.610175751530340094, 3.101520183108080531, 5.710663437739160742 ) ) ;
#4574 = FILL_AREA_STYLE ('',( #3034 ) ) ;
#4575 = CARTESIAN_POINT ( 'NONE',  ( 4.599635752693309598, 5.261314246948209927, 9.134261975773302566 ) ) ;
#4576 = DIRECTION ( 'NONE',  ( 0.0000000000000000000, -1.000000000000000000, -2.689679381760164599E-16 ) ) ;
#4577 = FILL_AREA_STYLE ('',( #2053 ) ) ;
#4578 = EDGE_CURVE ( 'NONE', #4056, #8052, #667, .T. ) ;
#4579 = STYLED_ITEM ( 'NONE', ( #1332 ), #5816 ) ;
#4580 = EDGE_CURVE ( 'NONE', #1016, #8317, #7139, .T. ) ;
#4581 =( NAMED_UNIT ( * ) PLANE_ANGLE_UNIT ( ) SI_UNIT ( $, .RADIAN. ) );
#4582 = CARTESIAN_POINT ( 'NONE',  ( 1.371779538879629667, 4.349999999999998757, 2.000000000000000888 ) ) ;
#4583 = AXIS2_PLACEMENT_3D ( 'NONE', #6525, #5821, #4810 ) ;
#4584 = LINE ( 'NONE', #3212, #3197 ) ;
#4585 = VERTEX_POINT ( 'NONE', #9471 ) ;
#4586 = FACE_OUTER_BOUND ( 'NONE', #2046, .T. ) ;
#4587 = VECTOR ( 'NONE', #5404, 1000.000000000000000 ) ;
#4588 = DIRECTION ( 'NONE',  ( 1.546750702438605776E-16, -2.689679381760169529E-16, 1.000000000000000000 ) ) ;
#4589 = SURFACE_STYLE_USAGE ( .BOTH. , #6423 ) ;
#4590 = VERTEX_POINT ( 'NONE', #1946 ) ;
#4591 =( LENGTH_UNIT ( ) NAMED_UNIT ( * ) SI_UNIT ( .MILLI., .METRE. ) );
#4592 =( GEOMETRIC_REPRESENTATION_CONTEXT ( 3 ) GLOBAL_UNCERTAINTY_ASSIGNED_CONTEXT ( ( #3074 ) ) GLOBAL_UNIT_ASSIGNED_CONTEXT ( ( #7667, #5130, #6852 ) ) REPRESENTATION_CONTEXT ( 'NONE', 'WORKASPACE' ) );
#4593 = CARTESIAN_POINT ( 'NONE',  ( -0.6184200586389700938, -0.02248822279261979834, 11.88455947458399997 ) ) ;
#4594 = PRESENTATION_LAYER_ASSIGNMENT (  '', '', ( #384 ) ) ;
#4595 = EDGE_LOOP ( 'NONE', ( #5789, #523, #3240, #7234 ) ) ;
#4596 = COLOUR_RGB ( '',1.000000000000000000, 1.000000000000000000, 0.0000000000000000000 ) ;
#4597 = CARTESIAN_POINT ( 'NONE',  ( 3.198187944328739984, -6.200000000000001066, 2.000000000000000000 ) ) ;
#4598 = FILL_AREA_STYLE_COLOUR ( '', #6751 ) ;
#4599 = ORIENTED_EDGE ( 'NONE', *, *, #1536, .F. ) ;
#4600 = VERTEX_POINT ( 'NONE', #10279 ) ;
#4601 = CARTESIAN_POINT ( 'NONE',  ( -0.5028327839278570188, 0.1644471129656109865, 11.78455947458399500 ) ) ;
#4602 = STYLED_ITEM ( 'NONE', ( #2787 ), #2588 ) ;
#4603 = FILL_AREA_STYLE ('',( #5327 ) ) ;
#4604 = VECTOR ( 'NONE', #8274, 1000.000000000000000 ) ;
#4605 = COLOUR_RGB ( '',1.000000000000000000, 1.000000000000000000, 1.000000000000000000 ) ;
#4606 = ORIENTED_EDGE ( 'NONE', *, *, #4669, .T. ) ;
#4607 = CYLINDRICAL_SURFACE ( 'NONE', #4103, 0.2499999999999997780 ) ;
#4608 = VERTEX_POINT ( 'NONE', #5475 ) ;
#4609 = STYLED_ITEM ( 'NONE', ( #4929 ), #7766 ) ;
#4610 = AXIS2_PLACEMENT_3D ( 'NONE', #5125, #6009, #2619 ) ;
#4611 = UNCERTAINTY_MEASURE_WITH_UNIT (LENGTH_MEASURE( 1.000000000000000082E-05 ), #10244, 'distance_accuracy_value', 'NONE');
#4612 = UNCERTAINTY_MEASURE_WITH_UNIT (LENGTH_MEASURE( 1.000000000000000082E-05 ), #5411, 'distance_accuracy_value', 'NONE');
#4613 = DIRECTION ( 'NONE',  ( 0.0000000000000000000, 0.0000000000000000000, -1.000000000000000000 ) ) ;
#4614 = STYLED_ITEM ( 'NONE', ( #4250 ), #9497 ) ;
#4615 = DIRECTION ( 'NONE',  ( 0.0000000000000000000, 1.000000000000000000, -1.445602896647356469E-15 ) ) ;
#4616 =( LENGTH_UNIT ( ) NAMED_UNIT ( * ) SI_UNIT ( .MILLI., .METRE. ) );
#4617 = CARTESIAN_POINT ( 'NONE',  ( 4.453928499320490175, 5.085787338499259569, 2.248605059590619959 ) ) ;
#4618 = VECTOR ( 'NONE', #5734, 1000.000000000000000 ) ;
#4619 = DIRECTION ( 'NONE',  ( 0.08293612690015354783, 0.9965548649496431821, -0.0000000000000000000 ) ) ;
#4620 = MECHANICAL_DESIGN_GEOMETRIC_PRESENTATION_REPRESENTATION (  '', ( #6221 ), #7613 ) ;
#4621 = EDGE_CURVE ( 'NONE', #4792, #6868, #2813, .T. ) ;
#4622 = STYLED_ITEM ( 'NONE', ( #4790 ), #9571 ) ;
#4623 = EDGE_LOOP ( 'NONE', ( #5425, #2568, #8809, #3403 ) ) ;
#4624 = ORIENTED_EDGE ( 'NONE', *, *, #7965, .T. ) ;
#4625 = CARTESIAN_POINT ( 'NONE',  ( 6.610175751530340094, 3.101520183108080531, -0.08657411874590380252 ) ) ;
#4626 = CARTESIAN_POINT ( 'NONE',  ( -4.453928499320491063, -5.795369424699430283, 9.120649267367999968 ) ) ;
#4627 = CARTESIAN_POINT ( 'NONE',  ( -0.9971544038136331833, 5.924880838070046174, 2.000000000000000444 ) ) ;
#4628 = VECTOR ( 'NONE', #7780, 1000.000000000000000 ) ;
#4629 = UNCERTAINTY_MEASURE_WITH_UNIT (LENGTH_MEASURE( 1.000000000000000082E-05 ), #2754, 'distance_accuracy_value', 'NONE');
#4630 = CARTESIAN_POINT ( 'NONE',  ( 6.200000000000001066, -5.900000000000000355, 2.000000000000000000 ) ) ;
#4631 = FILL_AREA_STYLE_COLOUR ( '', #362 ) ;
#4632 = SURFACE_STYLE_USAGE ( .BOTH. , #3870 ) ;
#4633 = DIRECTION ( 'NONE',  ( -0.0000000000000000000, 0.0000000000000000000, -1.000000000000000000 ) ) ;
#4634 = FILL_AREA_STYLE ('',( #2000 ) ) ;
#4635 = VECTOR ( 'NONE', #371, 1000.000000000000000 ) ;
#4636 = CARTESIAN_POINT ( 'NONE',  ( 5.000000000000000000, 3.077560182623181095, 5.691858092819041204 ) ) ;
#4637 = EDGE_CURVE ( 'NONE', #8740, #10194, #5301, .T. ) ;
#4638 = COLOUR_RGB ( '',0.1764705882352941013, 0.1764705882352941013, 0.1764705882352941013 ) ;
#4639 = AXIS2_PLACEMENT_3D ( 'NONE', #3663, #8835, #10473 ) ;
#4640 =( GEOMETRIC_REPRESENTATION_CONTEXT ( 3 ) GLOBAL_UNCERTAINTY_ASSIGNED_CONTEXT ( ( #1664 ) ) GLOBAL_UNIT_ASSIGNED_CONTEXT ( ( #544, #2924, #7941 ) ) REPRESENTATION_CONTEXT ( 'NONE', 'WORKASPACE' ) );
#4641 = FACE_OUTER_BOUND ( 'NONE', #4595, .T. ) ;
#4642 =( NAMED_UNIT ( * ) PLANE_ANGLE_UNIT ( ) SI_UNIT ( $, .RADIAN. ) );
#4643 = PRESENTATION_STYLE_ASSIGNMENT (( #6306 ) ) ;
#4644 =( NAMED_UNIT ( * ) SI_UNIT ( $, .STERADIAN. ) SOLID_ANGLE_UNIT ( ) );
#4645 = ORIENTED_EDGE ( 'NONE', *, *, #3040, .T. ) ;
#4646 = SURFACE_SIDE_STYLE ('',( #5372 ) ) ;
#4647 = DIRECTION ( 'NONE',  ( 1.000000000000000000, 0.0000000000000000000, -0.0000000000000000000 ) ) ;
#4648 = AXIS2_PLACEMENT_3D ( 'NONE', #3621, #4560, #1196 ) ;
#4649 = DIRECTION ( 'NONE',  ( 0.0000000000000000000, 0.0000000000000000000, 1.000000000000000000 ) ) ;
#4650 =( LENGTH_UNIT ( ) NAMED_UNIT ( * ) SI_UNIT ( .MILLI., .METRE. ) );
#4651 = ORIENTED_EDGE ( 'NONE', *, *, #7090, .T. ) ;
#4652 = EDGE_CURVE ( 'NONE', #525, #387, #8076, .T. ) ;
#4653 = CARTESIAN_POINT ( 'NONE',  ( -0.1483524685257129883, -0.2399204603259529889, 11.88455947458399997 ) ) ;
#4654 = AXIS2_PLACEMENT_3D ( 'NONE', #8673, #3555, #9487 ) ;
#4655 = ORIENTED_EDGE ( 'NONE', *, *, #8089, .F. ) ;
#4656 = EDGE_CURVE ( 'NONE', #7643, #3512, #6357, .T. ) ;
#4657 = COLOUR_RGB ( '',0.1764705882352941013, 0.1764705882352941013, 0.1764705882352941013 ) ;
#4658 = SURFACE_SIDE_STYLE ('',( #6537 ) ) ;
#4659 = LINE ( 'NONE', #1186, #10049 ) ;
#4660 = ORIENTED_EDGE ( 'NONE', *, *, #7350, .T. ) ;
#4661 = ORIENTED_EDGE ( 'NONE', *, *, #9677, .F. ) ;
#4662 = DIRECTION ( 'NONE',  ( 0.0000000000000000000, -1.000000000000000000, 0.0000000000000000000 ) ) ;
#4663 = LINE ( 'NONE', #8742, #8152 ) ;
#4664 = VERTEX_POINT ( 'NONE', #5420 ) ;
#4665 = VECTOR ( 'NONE', #8208, 1000.000000000000000 ) ;
#4666 = PLANE ( 'NONE',  #8547 ) ;
#4667 = UNCERTAINTY_MEASURE_WITH_UNIT (LENGTH_MEASURE( 1.000000000000000082E-05 ), #4862, 'distance_accuracy_value', 'NONE');
#4668 = AXIS2_PLACEMENT_3D ( 'NONE', #3523, #1044, #8702 ) ;
#4669 = EDGE_CURVE ( 'NONE', #6553, #2332, #9969, .T. ) ;
#4670 = CARTESIAN_POINT ( 'NONE',  ( 1.791406567618869961, -0.9893557386330470438, 11.78455947458400033 ) ) ;
#4671 = ORIENTED_EDGE ( 'NONE', *, *, #6077, .F. ) ;
#4673 = ORIENTED_EDGE ( 'NONE', *, *, #6881, .F. ) ;
#4672 = COLOUR_RGB ( '',0.1764705882352941013, 0.1764705882352941013, 0.1764705882352941013 ) ;
#4674 = LINE ( 'NONE', #5293, #5695 ) ;
#4675 = MECHANICAL_DESIGN_GEOMETRIC_PRESENTATION_REPRESENTATION (  '', ( #7663 ), #6622 ) ;
#4676 = UNCERTAINTY_MEASURE_WITH_UNIT (LENGTH_MEASURE( 1.000000000000000082E-05 ), #4247, 'distance_accuracy_value', 'NONE');
#4677 = CARTESIAN_POINT ( 'NONE',  ( 1.791406567618869961, -0.5194762205607580396, 11.78455947458400033 ) ) ;
#4678 = CARTESIAN_POINT ( 'NONE',  ( -6.500000000000000888, -3.072439817376820148, 5.691858092819041204 ) ) ;
#4679 = DIRECTION ( 'NONE',  ( 0.0000000000000000000, 0.0000000000000000000, -1.000000000000000000 ) ) ;
#4680 =( LENGTH_UNIT ( ) NAMED_UNIT ( * ) SI_UNIT ( .MILLI., .METRE. ) );
#4681 = DIRECTION ( 'NONE',  ( 0.0000000000000000000, -0.0000000000000000000, 1.000000000000000000 ) ) ;
#4682 = PLANE ( 'NONE',  #6943 ) ;
#4683 = PRESENTATION_LAYER_ASSIGNMENT (  '', '', ( #4863 ) ) ;
#4684 = CARTESIAN_POINT ( 'NONE',  ( -2.160636889256319915, -3.952384553517649834, 1.972862536810730205 ) ) ;
#4685 = ORIENTED_EDGE ( 'NONE', *, *, #1066, .T. ) ;
#4686 = EDGE_LOOP ( 'NONE', ( #2946, #2281, #7472, #7047 ) ) ;
#4687 = CARTESIAN_POINT ( 'NONE',  ( -4.599635752693308710, -5.984948569671961316, 9.120415862334729340 ) ) ;
#4688 = CIRCLE ( 'NONE', #10468, 0.3000000000000007661 ) ;
#4689 = CARTESIAN_POINT ( 'NONE',  ( -0.9971544038136328503, 5.924880838070049727, -5.551115123125780237E-17 ) ) ;
#4690 = DIRECTION ( 'NONE',  ( 0.0000000000000000000, 0.0000000000000000000, 1.000000000000000000 ) ) ;
#4691 = ADVANCED_FACE ( 'NONE', ( #3873 ), #1118, .T. ) ;
#4692 = DIRECTION ( 'NONE',  ( 0.0000000000000000000, 0.0000000000000000000, 1.000000000000000000 ) ) ;
#4693 = CARTESIAN_POINT ( 'NONE',  ( -5.900000000000000355, 5.900000000000000355, -4.046242507715900576E-16 ) ) ;
#4694 =( GEOMETRIC_REPRESENTATION_CONTEXT ( 3 ) GLOBAL_UNCERTAINTY_ASSIGNED_CONTEXT ( ( #10226 ) ) GLOBAL_UNIT_ASSIGNED_CONTEXT ( ( #2691, #160, #6910 ) ) REPRESENTATION_CONTEXT ( 'NONE', 'WORKASPACE' ) );
#4695 = CIRCLE ( 'NONE', #5414, 0.2999999999999999334 ) ;
#4696 = FACE_OUTER_BOUND ( 'NONE', #2829, .T. ) ;
#4697 = DIRECTION ( 'NONE',  ( -0.0000000000000000000, -1.000000000000000000, 0.0000000000000000000 ) ) ;
#4698 = CARTESIAN_POINT ( 'NONE',  ( -6.610175751530340094, -3.072439817376820148, 11.50790099422419921 ) ) ;
#4699 = CARTESIAN_POINT ( 'NONE',  ( -0.8384878785567729809, -1.025500316946299950, 11.78455947458398789 ) ) ;
#4700 = ORIENTED_EDGE ( 'NONE', *, *, #755, .T. ) ;
#4701 = DIRECTION ( 'NONE',  ( 0.0000000000000000000, -1.000000000000000000, -2.689679381760168050E-16 ) ) ;
#4702 = CARTESIAN_POINT ( 'NONE',  ( 0.3335752423176610026, -0.008180959406275060269, 11.78455947458400033 ) ) ;
#4703 = CARTESIAN_POINT ( 'NONE',  ( 4.453928499320490175, 5.095199161759920159, 9.372862536810730560 ) ) ;
#4704 = SURFACE_STYLE_FILL_AREA ( #1228 ) ;
#4705 = VERTEX_POINT ( 'NONE', #560 ) ;
#4706 = CARTESIAN_POINT ( 'NONE',  ( -5.000000000000000000, 4.349999999999998757, -4.673891202419779844 ) ) ;
#4707 = EDGE_CURVE ( 'NONE', #6027, #5102, #9744, .T. ) ;
#4708 = CARTESIAN_POINT ( 'NONE',  ( -0.7232771156148709579, -0.8206810398378659999, 11.88455947458399997 ) ) ;
#4709 = VERTEX_POINT ( 'NONE', #1609 ) ;
#4710 = FACE_OUTER_BOUND ( 'NONE', #5095, .T. ) ;
#4711 = SURFACE_SIDE_STYLE ('',( #305 ) ) ;
#4712 = ORIENTED_EDGE ( 'NONE', *, *, #123, .T. ) ;
#4713 = PRESENTATION_LAYER_ASSIGNMENT (  '', '', ( #8230 ) ) ;
#4714 = DIRECTION ( 'NONE',  ( -0.08293612690015332578, -0.9965548649496431821, -0.0000000000000000000 ) ) ;
#4715 = ORIENTED_EDGE ( 'NONE', *, *, #1292, .F. ) ;
#4716 = CARTESIAN_POINT ( 'NONE',  ( 0.6228260886878059788, 0.8966570697531639489, 11.78455947458400033 ) ) ;
#4717 = LINE ( 'NONE', #2690, #440 ) ;
#4718 = CARTESIAN_POINT ( 'NONE',  ( -6.200000000000001066, -3.274999999999990141, 2.000000000000000000 ) ) ;
#4719 = ORIENTED_EDGE ( 'NONE', *, *, #4169, .T. ) ;
#4720 = CARTESIAN_POINT ( 'NONE',  ( -5.000000000000000000, -3.274999999999990141, 1.649999999999999911 ) ) ;
#4721 = EDGE_CURVE ( 'NONE', #1676, #10050, #8238, .T. ) ;
#4722 = MECHANICAL_DESIGN_GEOMETRIC_PRESENTATION_REPRESENTATION (  '', ( #852 ), #676 ) ;
#4723 = ORIENTED_EDGE ( 'NONE', *, *, #7135, .F. ) ;
#4724 = SURFACE_STYLE_FILL_AREA ( #6331 ) ;
#4725 = CARTESIAN_POINT ( 'NONE',  ( -4.301812055671258683, -5.900000000000003908, 2.000000000000000000 ) ) ;
#4726 = FILL_AREA_STYLE ('',( #3072 ) ) ;
#4727 = ADVANCED_FACE ( 'NONE', ( #3206 ), #1396, .T. ) ;
#4728 = CARTESIAN_POINT ( 'NONE',  ( 5.000000000000000000, 3.077560182623181095, 5.691858092819041204 ) ) ;
#4729 = CYLINDRICAL_SURFACE ( 'NONE', #1165, 0.2500000000000003331 ) ;
#4730 =( GEOMETRIC_REPRESENTATION_CONTEXT ( 3 ) GLOBAL_UNCERTAINTY_ASSIGNED_CONTEXT ( ( #10573 ) ) GLOBAL_UNIT_ASSIGNED_CONTEXT ( ( #8704, #329, #4405 ) ) REPRESENTATION_CONTEXT ( 'NONE', 'WORKASPACE' ) );
#4731 = CARTESIAN_POINT ( 'NONE',  ( 0.0000000000000000000, -5.795369424699426730, 9.120649267370620095 ) ) ;
#4732 = DIRECTION ( 'NONE',  ( 1.000000000000000000, -0.0000000000000000000, 0.0000000000000000000 ) ) ;
#4733 = FILL_AREA_STYLE ('',( #2920 ) ) ;
#4734 = DIRECTION ( 'NONE',  ( 0.0000000000000000000, 1.000000000000000000, -0.0000000000000000000 ) ) ;
#4735 = AXIS2_PLACEMENT_3D ( 'NONE', #1910, #1076, #8674 ) ;
#4736 = CARTESIAN_POINT ( 'NONE',  ( 0.6981879443287399845, 5.900000000000003020, 5.293480583716810502E-17 ) ) ;
#4737 = PRESENTATION_LAYER_ASSIGNMENT (  '', '', ( #5974 ) ) ;
#4738 = SURFACE_SIDE_STYLE ('',( #10340 ) ) ;
#4739 = DIRECTION ( 'NONE',  ( 1.000000000000000000, 0.0000000000000000000, -2.121137671986022524E-16 ) ) ;
#4740 = ORIENTED_EDGE ( 'NONE', *, *, #9352, .T. ) ;
#4741 = PLANE ( 'NONE',  #8304 ) ;
#4742 = FACE_OUTER_BOUND ( 'NONE', #7063, .T. ) ;
#4743 = SURFACE_STYLE_USAGE ( .BOTH. , #5702 ) ;
#4744 = COLOUR_RGB ( '',0.1764705882352941013, 0.1764705882352941013, 0.1764705882352941013 ) ;
#4745 = CARTESIAN_POINT ( 'NONE',  ( -2.943533191417280204, 0.7696804059452659885, 11.88455947458399997 ) ) ;
#4746 = CARTESIAN_POINT ( 'NONE',  ( 1.374999999999999556, 3.077560182623180651, 11.69185809281900035 ) ) ;
#4747 = FILL_AREA_STYLE_COLOUR ( '', #7709 ) ;
#4748 = STYLED_ITEM ( 'NONE', ( #69 ), #5622 ) ;
#4749 = CARTESIAN_POINT ( 'NONE',  ( 5.000000000000000000, -3.072439817376820148, 1.091858092819040005 ) ) ;
#4750 = DIRECTION ( 'NONE',  ( 1.000000000000000000, -4.781125126217627547E-20, 1.417355932266228467E-17 ) ) ;
#4751 = ORIENTED_EDGE ( 'NONE', *, *, #10821, .T. ) ;
#4752 = SURFACE_STYLE_FILL_AREA ( #10676 ) ;
#4753 = FILL_AREA_STYLE ('',( #516 ) ) ;
#4754 = ORIENTED_EDGE ( 'NONE', *, *, #50, .T. ) ;
#4755 = CARTESIAN_POINT ( 'NONE',  ( 2.160636889256319915, 3.952384553517649834, 9.372862536810730560 ) ) ;
#4756 = CARTESIAN_POINT ( 'NONE',  ( -0.5683449125522189727, -0.8206810398378659999, 11.88455947458399997 ) ) ;
#4757 = ORIENTED_EDGE ( 'NONE', *, *, #2261, .T. ) ;
#4758 = ORIENTED_EDGE ( 'NONE', *, *, #10499, .T. ) ;
#4759 = DIRECTION ( 'NONE',  ( -1.000000000000000000, -0.0000000000000000000, -0.0000000000000000000 ) ) ;
#4760 = ADVANCED_FACE ( 'NONE', ( #9095 ), #9844, .T. ) ;
#4761 = ORIENTED_EDGE ( 'NONE', *, *, #9366, .F. ) ;
#4762 = FILL_AREA_STYLE_COLOUR ( '', #9014 ) ;
#4763 = CARTESIAN_POINT ( 'NONE',  ( -3.198187944328739096, 5.899999999999993250, 2.000000000000000000 ) ) ;
#4764 =( NAMED_UNIT ( * ) SI_UNIT ( $, .STERADIAN. ) SOLID_ANGLE_UNIT ( ) );
#4765 = EDGE_LOOP ( 'NONE', ( #4304, #1311 ) ) ;
#4766 = SURFACE_STYLE_FILL_AREA ( #7483 ) ;
#4767 =( GEOMETRIC_REPRESENTATION_CONTEXT ( 3 ) GLOBAL_UNCERTAINTY_ASSIGNED_CONTEXT ( ( #104 ) ) GLOBAL_UNIT_ASSIGNED_CONTEXT ( ( #10216, #6962, #7783 ) ) REPRESENTATION_CONTEXT ( 'NONE', 'WORKASPACE' ) );
#4768 =( BOUNDED_CURVE ( )  B_SPLINE_CURVE ( 2, ( #2210, #6359, #9178, #818, #9230, #8366, #9991, #28, #4223 ),
 .UNSPECIFIED., .F., .F. ) 
 B_SPLINE_CURVE_WITH_KNOTS ( ( 3, 2, 2, 2, 3 ),
 ( 0.0000000000000000000, 0.001868606819896105088, 0.007741155490191715775, 0.009609762310087820864, 0.02081585149507984844 ),
 .UNSPECIFIED. ) 
 CURVE ( )  GEOMETRIC_REPRESENTATION_ITEM ( )  RATIONAL_B_SPLINE_CURVE ( ( 1.000000000000000000, 0.7071067811865480168, 1.000000000000000000, 1.000000000000000000, 1.000000000000000000, 0.7071067811865480168, 1.000000000000000000, 1.000000000000000000, 1.000000000000000000 ) ) 
 REPRESENTATION_ITEM ( '' )  );
#4769 = UNCERTAINTY_MEASURE_WITH_UNIT (LENGTH_MEASURE( 1.000000000000000082E-05 ), #9299, 'distance_accuracy_value', 'NONE');
#4770 = COLOUR_RGB ( '',0.7450980392156862919, 0.7450980392156862919, 0.7450980392156862919 ) ;
#4771 = UNCERTAINTY_MEASURE_WITH_UNIT (LENGTH_MEASURE( 1.000000000000000082E-05 ), #8334, 'distance_accuracy_value', 'NONE');
#4772 = EDGE_LOOP ( 'NONE', ( #4775, #5412, #9005, #2785 ) ) ;
#4773 = SURFACE_SIDE_STYLE ('',( #3125 ) ) ;
#4774 = CARTESIAN_POINT ( 'NONE',  ( -0.8258749181318730814, 1.010644261366949959, 11.88455947458400352 ) ) ;
#4775 = ORIENTED_EDGE ( 'NONE', *, *, #6332, .T. ) ;
#4776 = ADVANCED_FACE ( 'NONE', ( #7662 ), #3369, .T. ) ;
#4777 = CARTESIAN_POINT ( 'NONE',  ( -4.950000000000000178, 5.900000000000000355, 10.50000000000000000 ) ) ;
#4778 =( GEOMETRIC_REPRESENTATION_CONTEXT ( 3 ) GLOBAL_UNCERTAINTY_ASSIGNED_CONTEXT ( ( #7992 ) ) GLOBAL_UNIT_ASSIGNED_CONTEXT ( ( #1844, #5980, #5934 ) ) REPRESENTATION_CONTEXT ( 'NONE', 'WORKASPACE' ) );
#4779 =( LENGTH_UNIT ( ) NAMED_UNIT ( * ) SI_UNIT ( .MILLI., .METRE. ) );
#4780 = CARTESIAN_POINT ( 'NONE',  ( -1.801812055671258905, 5.900000000000003020, 2.000000000000000000 ) ) ;
#4781 = UNCERTAINTY_MEASURE_WITH_UNIT (LENGTH_MEASURE( 1.000000000000000082E-05 ), #6475, 'distance_accuracy_value', 'NONE');
#4782 = FILL_AREA_STYLE ('',( #490 ) ) ;
#4783 = CARTESIAN_POINT ( 'NONE',  ( 5.000000000000000888, 3.275000000000000355, 2.000000000000000000 ) ) ;
#4784 = EDGE_CURVE ( 'NONE', #1360, #361, #508, .T. ) ;
#4785 = CARTESIAN_POINT ( 'NONE',  ( -6.305712614295099883, -3.072439817376820148, -0.3910372559811560178 ) ) ;
#4786 = AXIS2_PLACEMENT_3D ( 'NONE', #824, #9397, #7656 ) ;
#4787 = FILL_AREA_STYLE ('',( #10609 ) ) ;
#4788 = STYLED_ITEM ( 'NONE', ( #9778 ), #7346 ) ;
#4789 = COLOUR_RGB ( '',0.7450980392156862919, 0.7450980392156862919, 0.7450980392156862919 ) ;
#4790 = PRESENTATION_STYLE_ASSIGNMENT (( #10611 ) ) ;
#4791 = CARTESIAN_POINT ( 'NONE',  ( -0.2891656640866239747, 0.08763981510858470658, 11.78455947458400033 ) ) ;
#4792 = VERTEX_POINT ( 'NONE', #10005 ) ;
#4793 = EDGE_CURVE ( 'NONE', #7824, #4709, #2470, .T. ) ;
#4794 = LINE ( 'NONE', #3310, #7808 ) ;
#4795 = DIRECTION ( 'NONE',  ( -1.000000000000000000, 0.0000000000000000000, -0.0000000000000000000 ) ) ;
#4796 =( NAMED_UNIT ( * ) PLANE_ANGLE_UNIT ( ) SI_UNIT ( $, .RADIAN. ) );
#4797 = CARTESIAN_POINT ( 'NONE',  ( -4.650000000000000355, -6.200000000000001066, 9.949999999999990408 ) ) ;
#4798 = DIRECTION ( 'NONE',  ( 0.0000000000000000000, 0.0000000000000000000, -1.000000000000000000 ) ) ;
#4799 =( GEOMETRIC_REPRESENTATION_CONTEXT ( 3 ) GLOBAL_UNCERTAINTY_ASSIGNED_CONTEXT ( ( #1247 ) ) GLOBAL_UNIT_ASSIGNED_CONTEXT ( ( #3996, #635, #7474 ) ) REPRESENTATION_CONTEXT ( 'NONE', 'WORKASPACE' ) );
#4800 = DIRECTION ( 'NONE',  ( 0.0000000000000000000, -0.0000000000000000000, 1.000000000000000000 ) ) ;
#4801 = FILL_AREA_STYLE_COLOUR ( '', #566 ) ;
#4802 = EDGE_CURVE ( 'NONE', #8317, #1901, #547, .T. ) ;
#4803 = MECHANICAL_DESIGN_GEOMETRIC_PRESENTATION_REPRESENTATION (  '', ( #6223 ), #404 ) ;
#4804 = VECTOR ( 'NONE', #10762, 1000.000000000000000 ) ;
#4805 = EDGE_CURVE ( 'NONE', #9615, #9179, #1157, .T. ) ;
#4806 =( GEOMETRIC_REPRESENTATION_CONTEXT ( 3 ) GLOBAL_UNCERTAINTY_ASSIGNED_CONTEXT ( ( #7328 ) ) GLOBAL_UNIT_ASSIGNED_CONTEXT ( ( #10506, #3750, #9681 ) ) REPRESENTATION_CONTEXT ( 'NONE', 'WORKASPACE' ) );
#4807 = CARTESIAN_POINT ( 'NONE',  ( -4.301812055671259571, 5.900000000000003020, 5.293480583716367384E-17 ) ) ;
#4808 = FACE_OUTER_BOUND ( 'NONE', #353, .T. ) ;
#4809 = LINE ( 'NONE', #2213, #6736 ) ;
#4810 = DIRECTION ( 'NONE',  ( 1.000000000000000000, -2.891205793294671128E-15, 0.0000000000000000000 ) ) ;
#4811 = AXIS2_PLACEMENT_3D ( 'NONE', #2736, #9407, #5230 ) ;
#4812 = B_SPLINE_SURFACE_WITH_KNOTS ( 'NONE', 1, 2, ( 
 ( #583, #6439, #9006, #7424, #4716, #3955, #526, #9765, #2231, #9818, #688, #6542, #4045, #2282, #8190, #10739, #1468, #3999, #10690, #9862, #2333, #5733, #3227 ),
 ( #1525, #5894, #5148, #4147, #117, #2701, #8556, #5202, #5983, #6767, #798, #4204, #6865, #3390, #10857, #68, #6709, #1734, #10079, #10169, #4257, #9313, #9374 ) ),
 .UNSPECIFIED., .F., .F., .F.,
 ( 2, 2 ),
 ( 3, 2, 2, 2, 2, 2, 2, 2, 2, 2, 2, 3 ),
 ( 0.0000000000000000000, 0.1000000000000000056 ),
 ( 0.0000000000000000000, 1.000000000000000000, 2.000000000000000000, 3.000000000000000000, 4.000000000000000000, 5.000000000000000000, 6.000000000000000000, 7.000000000000000000, 8.000000000000000000, 9.000000000000000000, 10.00000000000000000, 11.00000000000000000 ),
 .UNSPECIFIED. ) ;
#4813 = VERTEX_POINT ( 'NONE', #2089 ) ;
#4814 = PRESENTATION_LAYER_ASSIGNMENT (  '', '', ( #9369 ) ) ;
#4815 =( LENGTH_UNIT ( ) NAMED_UNIT ( * ) SI_UNIT ( .MILLI., .METRE. ) );
#4816 = SURFACE_SIDE_STYLE ('',( #8135 ) ) ;
#4817 = DIRECTION ( 'NONE',  ( 1.546750702438609967E-16, -2.689679381760168050E-16, 1.000000000000000000 ) ) ;
#4818 = PRESENTATION_STYLE_ASSIGNMENT (( #9805 ) ) ;
#4819 = VERTEX_POINT ( 'NONE', #2140 ) ;
#4820 = CIRCLE ( 'NONE', #5721, 0.2500000000000011102 ) ;
#4821 = VECTOR ( 'NONE', #2806, 1000.000000000000000 ) ;
#4822 = MECHANICAL_DESIGN_GEOMETRIC_PRESENTATION_REPRESENTATION (  '', ( #9733 ), #10239 ) ;
#4823 = CARTESIAN_POINT ( 'NONE',  ( -3.198187944328739096, 5.899999999999993250, 0.0000000000000000000 ) ) ;
#4824 =( LENGTH_UNIT ( ) NAMED_UNIT ( * ) SI_UNIT ( .MILLI., .METRE. ) );
#4825 = ORIENTED_EDGE ( 'NONE', *, *, #2972, .T. ) ;
#4826 = CARTESIAN_POINT ( 'NONE',  ( -3.753928499320489998, 5.795199161759920337, 1.972862536810730205 ) ) ;
#4827 = CIRCLE ( 'NONE', #6243, 0.2500000000000002220 ) ;
#4828 = DIRECTION ( 'NONE',  ( -1.000000000000000000, 0.0000000000000000000, 0.0000000000000000000 ) ) ;
#4829 = VERTEX_POINT ( 'NONE', #3807 ) ;
#4830 = UNCERTAINTY_MEASURE_WITH_UNIT (LENGTH_MEASURE( 1.000000000000000082E-05 ), #3923, 'distance_accuracy_value', 'NONE');
#4831 = ORIENTED_EDGE ( 'NONE', *, *, #1682, .F. ) ;
#4832 = DIRECTION ( 'NONE',  ( -1.000000000000000000, 0.0000000000000000000, 0.0000000000000000000 ) ) ;
#4833 = PRESENTATION_LAYER_ASSIGNMENT (  '', '', ( #1310 ) ) ;
#4834 = LINE ( 'NONE', #9118, #4839 ) ;
#4835 = ORIENTED_EDGE ( 'NONE', *, *, #4621, .F. ) ;
#4836 = LINE ( 'NONE', #1367, #9606 ) ;
#4837 = ADVANCED_FACE ( 'NONE', ( #1263 ), #5285, .T. ) ;
#4838 = COLOUR_RGB ( '',0.4117647058823529216, 0.4117647058823529216, 0.4117647058823529216 ) ;
#4839 = VECTOR ( 'NONE', #9769, 1000.000000000000000 ) ;
#4840 = VERTEX_POINT ( 'NONE', #7940 ) ;
#4841 = FILL_AREA_STYLE_COLOUR ( '', #6772 ) ;
#4842 = LINE ( 'NONE', #7223, #949 ) ;
#4843 = VERTEX_POINT ( 'NONE', #5410 ) ;
#4844 = CARTESIAN_POINT ( 'NONE',  ( 0.4064291665979820056, 0.5641081972202309780, 11.88455947458399820 ) ) ;
#4845 = DIRECTION ( 'NONE',  ( -0.0000000000000000000, 1.000000000000000000, 0.0000000000000000000 ) ) ;
#4846 = AXIS2_PLACEMENT_3D ( 'NONE', #10623, #7959, #348 ) ;
#4847 = SURFACE_STYLE_FILL_AREA ( #7444 ) ;
#4848 = FACE_BOUND ( 'NONE', #3061, .T. ) ;
#4849 = DIRECTION ( 'NONE',  ( 2.121137671986024496E-16, -2.121137671986024496E-16, 1.000000000000000000 ) ) ;
#4850 = CARTESIAN_POINT ( 'NONE',  ( 6.610175751530340094, -3.072439817376820148, -0.08657411874590380252 ) ) ;
#4851 = EDGE_CURVE ( 'NONE', #3532, #1055, #8757, .T. ) ;
#4852 = SURFACE_STYLE_USAGE ( .BOTH. , #8975 ) ;
#4853 = MECHANICAL_DESIGN_GEOMETRIC_PRESENTATION_REPRESENTATION (  '', ( #6258 ), #793 ) ;
#4854 = ORIENTED_EDGE ( 'NONE', *, *, #3176, .F. ) ;
#4855 = CARTESIAN_POINT ( 'NONE',  ( 2.670924639908019760, 0.5964877497632015135, 11.78455947458400033 ) ) ;
#4856 = CARTESIAN_POINT ( 'NONE',  ( -0.6981879443287378750, -5.899999999999995026, 2.000000000000000000 ) ) ;
#4857 = CARTESIAN_POINT ( 'NONE',  ( -1.801812055671259571, -6.200000000000001066, 2.000000000000000000 ) ) ;
#4858 = VECTOR ( 'NONE', #5402, 1000.000000000000000 ) ;
#4859 = SURFACE_STYLE_FILL_AREA ( #7241 ) ;
#4860 = PRESENTATION_LAYER_ASSIGNMENT (  '', '', ( #9071 ) ) ;
#4861 = ADVANCED_FACE ( 'NONE', ( #10321 ), #2515, .T. ) ;
#4862 =( LENGTH_UNIT ( ) NAMED_UNIT ( * ) SI_UNIT ( .MILLI., .METRE. ) );
#4863 = STYLED_ITEM ( 'NONE', ( #7817 ), #1902 ) ;
#4864 =( NAMED_UNIT ( * ) PLANE_ANGLE_UNIT ( ) SI_UNIT ( $, .RADIAN. ) );
#4865 = EDGE_CURVE ( 'NONE', #6160, #2093, #1542, .T. ) ;
#4866 = ORIENTED_EDGE ( 'NONE', *, *, #486, .T. ) ;
#4867 = DIRECTION ( 'NONE',  ( 0.0000000000000000000, 0.0000000000000000000, 1.000000000000000000 ) ) ;
#4868 = FACE_OUTER_BOUND ( 'NONE', #6840, .T. ) ;
#4869 = DIRECTION ( 'NONE',  ( -0.08293612690015354783, -0.9965548649496431821, -0.0000000000000000000 ) ) ;
#4870 =( NAMED_UNIT ( * ) PLANE_ANGLE_UNIT ( ) SI_UNIT ( $, .RADIAN. ) );
#4871 = EDGE_CURVE ( 'NONE', #5780, #8738, #5693, .T. ) ;
#4872 = CLOSED_SHELL ( 'NONE', ( #6777, #9846, #8566, #6358 ) ) ;
#4873 = EDGE_LOOP ( 'NONE', ( #3954, #8847, #7380, #6245 ) ) ;
#4874 = CARTESIAN_POINT ( 'NONE',  ( 4.453928499320490175, 5.095199161759920159, 1.972862536810730205 ) ) ;
#4875 = EDGE_LOOP ( 'NONE', ( #7777, #10300, #681, #2997 ) ) ;
#4876 =( NAMED_UNIT ( * ) SI_UNIT ( $, .STERADIAN. ) SOLID_ANGLE_UNIT ( ) );
#4877 = VERTEX_POINT ( 'NONE', #8862 ) ;
#4878 = PRESENTATION_STYLE_ASSIGNMENT (( #1526 ) ) ;
#4879 = VECTOR ( 'NONE', #864, 1000.000000000000000 ) ;
#4880 = DIRECTION ( 'NONE',  ( 0.0000000000000000000, -0.0000000000000000000, 1.000000000000000000 ) ) ;
#4881 = EDGE_LOOP ( 'NONE', ( #2772, #5435 ) ) ;
#4882 = UNCERTAINTY_MEASURE_WITH_UNIT (LENGTH_MEASURE( 1.000000000000000082E-05 ), #4961, 'distance_accuracy_value', 'NONE');
#4883 = ORIENTED_EDGE ( 'NONE', *, *, #1568, .T. ) ;
#4884 =( LENGTH_UNIT ( ) NAMED_UNIT ( * ) SI_UNIT ( .MILLI., .METRE. ) );
#4885 = CARTESIAN_POINT ( 'NONE',  ( -0.01582234804378450030, 0.3626774341128690127, 11.88455947458400352 ) ) ;
#4886 = VERTEX_POINT ( 'NONE', #9834 ) ;
#4887 = ORIENTED_EDGE ( 'NONE', *, *, #1693, .T. ) ;
#4888 = DIRECTION ( 'NONE',  ( 1.000000000000000000, 0.0000000000000000000, 0.0000000000000000000 ) ) ;
#4889 = CARTESIAN_POINT ( 'NONE',  ( -6.610175751530350752, 3.101520183108080531, 11.81236413145949982 ) ) ;
#4890 = CARTESIAN_POINT ( 'NONE',  ( 5.250000000000000888, -4.349999999999998757, 0.3261087975802219874 ) ) ;
#4891 =( NAMED_UNIT ( * ) PLANE_ANGLE_UNIT ( ) SI_UNIT ( $, .RADIAN. ) );
#4892 =( GEOMETRIC_REPRESENTATION_CONTEXT ( 3 ) GLOBAL_UNCERTAINTY_ASSIGNED_CONTEXT ( ( #7075 ) ) GLOBAL_UNIT_ASSIGNED_CONTEXT ( ( #10220, #1, #10116 ) ) REPRESENTATION_CONTEXT ( 'NONE', 'WORKASPACE' ) );
#4893 = FILL_AREA_STYLE ('',( #6730 ) ) ;
#4894 = CARTESIAN_POINT ( 'NONE',  ( 3.871779538879629889, -4.349999999999995204, 2.000000000000000444 ) ) ;
#4895 = SURFACE_STYLE_USAGE ( .BOTH. , #5857 ) ;
#4896 = CARTESIAN_POINT ( 'NONE',  ( 3.497154403813630186, 5.924880838070049727, 3.360349108347268317E-17 ) ) ;
#4897 = ORIENTED_EDGE ( 'NONE', *, *, #8554, .F. ) ;
#4898 = PRESENTATION_LAYER_ASSIGNMENT (  '', '', ( #4370 ) ) ;
#4899 = MECHANICAL_DESIGN_GEOMETRIC_PRESENTATION_REPRESENTATION (  '', ( #6658 ), #1006 ) ;
#4900 = CARTESIAN_POINT ( 'NONE',  ( -6.305712614295090113, 3.101520183108080531, 11.81236413145949982 ) ) ;
#4901 = LINE ( 'NONE', #1498, #1299 ) ;
#4902 = CARTESIAN_POINT ( 'NONE',  ( 5.900000000000000355, 6.200000000000001066, 2.000000000000000000 ) ) ;
#4903 = PRESENTATION_LAYER_ASSIGNMENT (  '', '', ( #3669 ) ) ;
#4904 = CARTESIAN_POINT ( 'NONE',  ( -3.497154403813633294, 5.924880838070044398, 0.0000000000000000000 ) ) ;
#4905 = DIRECTION ( 'NONE',  ( 1.000000000000000000, 0.0000000000000000000, -0.0000000000000000000 ) ) ;
#4906 =( NAMED_UNIT ( * ) PLANE_ANGLE_UNIT ( ) SI_UNIT ( $, .RADIAN. ) );
#4907 = DIRECTION ( 'NONE',  ( -1.000000000000000000, 0.0000000000000000000, 0.0000000000000000000 ) ) ;
#4908 = VECTOR ( 'NONE', #6069, 1000.000000000000000 ) ;
#4909 = CARTESIAN_POINT ( 'NONE',  ( -1.502845596186369814, 5.924880838070048839, 2.646740291858499545E-17 ) ) ;
#4910 = CARTESIAN_POINT ( 'NONE',  ( -0.3857394621399040102, -0.8206810398378659999, 11.78455947458399677 ) ) ;
#4911 = DIRECTION ( 'NONE',  ( -0.0000000000000000000, 1.000000000000000000, 0.0000000000000000000 ) ) ;
#4912 = DIRECTION ( 'NONE',  ( 0.0000000000000000000, 1.000000000000000000, 0.0000000000000000000 ) ) ;
#4913 = EDGE_CURVE ( 'NONE', #3891, #7158, #5966, .T. ) ;
#4914 = VERTEX_POINT ( 'NONE', #5637 ) ;
#4915 = FILL_AREA_STYLE_COLOUR ( '', #2091 ) ;
#4916 = CARTESIAN_POINT ( 'NONE',  ( -2.250000000000000000, 4.349999999999999645, 0.3261087975802219874 ) ) ;
#4917 = CARTESIAN_POINT ( 'NONE',  ( -2.943533191417280204, 0.7696804059452660995, 11.78455947458400033 ) ) ;
#4918 =( NAMED_UNIT ( * ) PLANE_ANGLE_UNIT ( ) SI_UNIT ( $, .RADIAN. ) );
#4919 = EDGE_CURVE ( 'NONE', #6804, #10210, #1324, .T. ) ;
#4920 = LINE ( 'NONE', #575, #2853 ) ;
#4921 = VERTEX_POINT ( 'NONE', #496 ) ;
#4922 = PRODUCT_CONTEXT ( 'NONE', #9058, 'mechanical' ) ;
#4923 = CARTESIAN_POINT ( 'NONE',  ( 0.0000000000000000000, 5.795199161759920337, 1.972862536810730205 ) ) ;
#4924 = DIRECTION ( 'NONE',  ( -0.0000000000000000000, -1.000000000000000000, -0.0000000000000000000 ) ) ;
#4925 = ORIENTED_EDGE ( 'NONE', *, *, #1655, .T. ) ;
#4926 = FILL_AREA_STYLE ('',( #5935 ) ) ;
#4927 = EDGE_CURVE ( 'NONE', #10879, #6900, #8157, .T. ) ;
#4928 = VERTEX_POINT ( 'NONE', #9731 ) ;
#4929 = PRESENTATION_STYLE_ASSIGNMENT (( #799 ) ) ;
#4930 = DIRECTION ( 'NONE',  ( 0.0000000000000000000, 0.0000000000000000000, 1.000000000000000000 ) ) ;
#4931 = PRESENTATION_LAYER_ASSIGNMENT (  '', '', ( #9490 ) ) ;
#4932 = CARTESIAN_POINT ( 'NONE',  ( 2.911888495329709947, -0.2905605579101560032, 11.78455947458400033 ) ) ;
#4933 = ORIENTED_EDGE ( 'NONE', *, *, #7177, .T. ) ;
#4934 = FILL_AREA_STYLE ('',( #9867 ) ) ;
#4935 = SURFACE_STYLE_FILL_AREA ( #8916 ) ;
#4936 = VERTEX_POINT ( 'NONE', #2193 ) ;
#4937 = PRESENTATION_LAYER_ASSIGNMENT (  '', '', ( #6004 ) ) ;
#4938 =( NAMED_UNIT ( * ) PLANE_ANGLE_UNIT ( ) SI_UNIT ( $, .RADIAN. ) );
#4939 = CARTESIAN_POINT ( 'NONE',  ( -0.9830661918097851615, 0.8750080107108610949, 11.88455947458400352 ) ) ;
#4940 = ORIENTED_EDGE ( 'NONE', *, *, #99, .T. ) ;
#4941 = DIRECTION ( 'NONE',  ( -2.121137671986024496E-16, -2.121137671986024496E-16, -1.000000000000000000 ) ) ;
#4942 = STYLED_ITEM ( 'NONE', ( #7880 ), #2658 ) ;
#4943 = VECTOR ( 'NONE', #7949, 1000.000000000000000 ) ;
#4944 = CARTESIAN_POINT ( 'NONE',  ( 1.791406567618869961, -0.9893557386330470438, 11.78455947458400033 ) ) ;
#4945 = CARTESIAN_POINT ( 'NONE',  ( 4.650000000000000355, -6.200000000000001066, 9.400000000000000355 ) ) ;
#4946 = CARTESIAN_POINT ( 'NONE',  ( -5.000000000000000000, -3.072439817376820148, 5.691858092819041204 ) ) ;
#4947 = SURFACE_STYLE_FILL_AREA ( #7385 ) ;
#4948 = COLOUR_RGB ( '',0.1764705882352941013, 0.1764705882352941013, 0.1764705882352941013 ) ;
#4949 = CARTESIAN_POINT ( 'NONE',  ( -0.9971544038136331833, -5.924880838070045286, 3.360349108347262770E-17 ) ) ;
#4950 = VECTOR ( 'NONE', #4357, 1000.000000000000114 ) ;
#4951 = VERTEX_POINT ( 'NONE', #5579 ) ;
#4952 = CARTESIAN_POINT ( 'NONE',  ( 0.09261138689597370188, -0.6631132543907449772, 11.88455947458399997 ) ) ;
#4953 =( NAMED_UNIT ( * ) SI_UNIT ( $, .STERADIAN. ) SOLID_ANGLE_UNIT ( ) );
#4954 = EDGE_LOOP ( 'NONE', ( #5210, #7891, #5500, #3214 ) ) ;
#4955 = VECTOR ( 'NONE', #7460, 1000.000000000000000 ) ;
#4956 = MECHANICAL_DESIGN_GEOMETRIC_PRESENTATION_REPRESENTATION (  '', ( #8307 ), #385 ) ;
#4957 = CARTESIAN_POINT ( 'NONE',  ( 6.305712614295090113, 3.101520183108080531, 11.81236413145949982 ) ) ;
#4958 = CARTESIAN_POINT ( 'NONE',  ( -4.453928499320490175, -5.095199161759920159, 9.372862536810730560 ) ) ;
#4959 = UNCERTAINTY_MEASURE_WITH_UNIT (LENGTH_MEASURE( 1.000000000000000082E-05 ), #5887, 'distance_accuracy_value', 'NONE');
#4960 = CARTESIAN_POINT ( 'NONE',  ( -1.208593432381130039, -0.4712834494764209792, 11.83455947458400104 ) ) ;
#4961 =( LENGTH_UNIT ( ) NAMED_UNIT ( * ) SI_UNIT ( .MILLI., .METRE. ) );
#4962 = CIRCLE ( 'NONE', #1449, 0.3000000000000007661 ) ;
#4963 = EDGE_CURVE ( 'NONE', #180, #7218, #6457, .T. ) ;
#4964 = PLANE ( 'NONE',  #3929 ) ;
#4965 = LINE ( 'NONE', #1508, #5264 ) ;
#4966 = CARTESIAN_POINT ( 'NONE',  ( 6.500000000000000888, -3.072439817376820148, 5.691858092819041204 ) ) ;
#4967 = MECHANICAL_DESIGN_GEOMETRIC_PRESENTATION_REPRESENTATION (  '', ( #9707 ), #9526 ) ;
#4968 = FILL_AREA_STYLE ('',( #7355 ) ) ;
#4969 = COLOUR_RGB ( '',0.1764705882352941013, 0.1764705882352941013, 0.1764705882352941013 ) ;
#4970 = VERTEX_POINT ( 'NONE', #10606 ) ;
#4971 = CARTESIAN_POINT ( 'NONE',  ( -0.7242183950378959789, -0.04959670248846859836, 11.78455947458400033 ) ) ;
#4972 = EDGE_CURVE ( 'NONE', #9128, #8453, #9641, .T. ) ;
#4973 = PRESENTATION_STYLE_ASSIGNMENT (( #8138 ) ) ;
#4974 =( GEOMETRIC_REPRESENTATION_CONTEXT ( 3 ) GLOBAL_UNCERTAINTY_ASSIGNED_CONTEXT ( ( #4001 ) ) GLOBAL_UNIT_ASSIGNED_CONTEXT ( ( #3476, #6748, #2535 ) ) REPRESENTATION_CONTEXT ( 'NONE', 'WORKASPACE' ) );
#4975 = EDGE_CURVE ( 'NONE', #6388, #3781, #8585, .T. ) ;
#4976 = SURFACE_SIDE_STYLE ('',( #1567 ) ) ;
#4977 = ORIENTED_EDGE ( 'NONE', *, *, #604, .T. ) ;
#4978 = AXIS2_PLACEMENT_3D ( 'NONE', #7759, #7929, #5451 ) ;
#4979 =( LENGTH_UNIT ( ) NAMED_UNIT ( * ) SI_UNIT ( .MILLI., .METRE. ) );
#4980 = PRESENTATION_LAYER_ASSIGNMENT (  '', '', ( #4267 ) ) ;
#4981 = CARTESIAN_POINT ( 'NONE',  ( 4.453928499320489287, 5.795199161759920337, 1.972862536810729983 ) ) ;
#4982 = EDGE_LOOP ( 'NONE', ( #9599, #7034, #5669, #10296 ) ) ;
#4983 =( NAMED_UNIT ( * ) PLANE_ANGLE_UNIT ( ) SI_UNIT ( $, .RADIAN. ) );
#4984 = ORIENTED_EDGE ( 'NONE', *, *, #1931, .F. ) ;
#4985 = FACE_OUTER_BOUND ( 'NONE', #10302, .T. ) ;
#4986 = CARTESIAN_POINT ( 'NONE',  ( -3.628220461120370111, 4.350000000000003197, -6.408387004907122276E-18 ) ) ;
#4987 = EDGE_CURVE ( 'NONE', #5337, #5548, #9457, .T. ) ;
#4988 = MECHANICAL_DESIGN_GEOMETRIC_PRESENTATION_REPRESENTATION (  '', ( #4097 ), #2516 ) ;
#4989 = CARTESIAN_POINT ( 'NONE',  ( -1.375000000000000000, -3.072439817376820148, 1.091858092819040005 ) ) ;
#4990 = ORIENTED_EDGE ( 'NONE', *, *, #4707, .F. ) ;
#4991 = VECTOR ( 'NONE', #10192, 1000.000000000000000 ) ;
#4992 = EDGE_CURVE ( 'NONE', #10737, #306, #6271, .T. ) ;
#4993 = FACE_OUTER_BOUND ( 'NONE', #5914, .T. ) ;
#4994 = ORIENTED_EDGE ( 'NONE', *, *, #4871, .T. ) ;
#4995 = CARTESIAN_POINT ( 'NONE',  ( -0.4309201390705599821, 1.010644261366949959, 11.88455947458400352 ) ) ;
#4996 = CARTESIAN_POINT ( 'NONE',  ( 4.599635752693309598, 5.252467287468929769, 2.248810271714769993 ) ) ;
#4997 = PRESENTATION_LAYER_ASSIGNMENT (  '', '', ( #9531 ) ) ;
#4998 = DIRECTION ( 'NONE',  ( -0.0000000000000000000, -1.000000000000000000, -0.0000000000000000000 ) ) ;
#4999 = VERTEX_POINT ( 'NONE', #5390 ) ;
#5000 = PRESENTATION_LAYER_ASSIGNMENT (  '', '', ( #2518 ) ) ;
#5001 = CARTESIAN_POINT ( 'NONE',  ( -1.011304206813260054, -0.8711327896156449979, 11.88455947458399820 ) ) ;
#5002 = VECTOR ( 'NONE', #555, 1000.000000000000114 ) ;
#5003 = DIRECTION ( 'NONE',  ( 0.08293612690015343680, -0.9965548649496431821, 0.0000000000000000000 ) ) ;
#5004 = EDGE_CURVE ( 'NONE', #9710, #3115, #422, .T. ) ;
#5005 =( NAMED_UNIT ( * ) SI_UNIT ( $, .STERADIAN. ) SOLID_ANGLE_UNIT ( ) );
#5006 =( NAMED_UNIT ( * ) PLANE_ANGLE_UNIT ( ) SI_UNIT ( $, .RADIAN. ) );
#5007 = PRESENTATION_LAYER_ASSIGNMENT (  '', '', ( #236 ) ) ;
#5008 = ADVANCED_FACE ( 'NONE', ( #3784 ), #1303, .T. ) ;
#5009 = MECHANICAL_DESIGN_GEOMETRIC_PRESENTATION_REPRESENTATION (  '', ( #6062 ), #7306 ) ;
#5010 =( LENGTH_UNIT ( ) NAMED_UNIT ( * ) SI_UNIT ( .MILLI., .METRE. ) );
#5011 = ORIENTED_EDGE ( 'NONE', *, *, #7432, .F. ) ;
#5012 = DIRECTION ( 'NONE',  ( -1.000000000000000000, -0.0000000000000000000, -0.0000000000000000000 ) ) ;
#5013 = DIRECTION ( 'NONE',  ( -0.0000000000000000000, -0.0000000000000000000, 1.000000000000000000 ) ) ;
#5014 = ORIENTED_EDGE ( 'NONE', *, *, #698, .F. ) ;
#5015 = DIRECTION ( 'NONE',  ( 0.0000000000000000000, 0.0000000000000000000, 1.000000000000000000 ) ) ;
#5016 = PRESENTATION_STYLE_ASSIGNMENT (( #3467 ) ) ;
#5017 = MECHANICAL_DESIGN_GEOMETRIC_PRESENTATION_REPRESENTATION (  '', ( #5740 ), #5917 ) ;
#5018 = FACE_OUTER_BOUND ( 'NONE', #1345, .T. ) ;
#5019 = PRESENTATION_STYLE_ASSIGNMENT (( #4288 ) ) ;
#5020 = CARTESIAN_POINT ( 'NONE',  ( -4.440892098500630106E-16, 3.101520183108080531, 11.70411371344519935 ) ) ;
#5021 = PRESENTATION_STYLE_ASSIGNMENT (( #3524 ) ) ;
#5022 = VECTOR ( 'NONE', #8794, 1000.000000000000000 ) ;
#5023 = SURFACE_STYLE_FILL_AREA ( #10838 ) ;
#5024 = MECHANICAL_DESIGN_GEOMETRIC_PRESENTATION_REPRESENTATION (  '', ( #1151 ), #10795 ) ;
#5025 = FILL_AREA_STYLE ('',( #8943 ) ) ;
#5026 = CARTESIAN_POINT ( 'NONE',  ( 6.610175751530351640, 3.101520183108081419, -0.3910372559811560178 ) ) ;
#5027 =( NAMED_UNIT ( * ) PLANE_ANGLE_UNIT ( ) SI_UNIT ( $, .RADIAN. ) );
#5028 = CARTESIAN_POINT ( 'NONE',  ( 7.654042494670949841E-18, 4.349999999999999645, -4.673891202419779844 ) ) ;
#5029 =( GEOMETRIC_REPRESENTATION_CONTEXT ( 3 ) GLOBAL_UNCERTAINTY_ASSIGNED_CONTEXT ( ( #7622 ) ) GLOBAL_UNIT_ASSIGNED_CONTEXT ( ( #1874, #143, #2727 ) ) REPRESENTATION_CONTEXT ( 'NONE', 'WORKASPACE' ) );
#5030 = ADVANCED_FACE ( 'NONE', ( #10360 ), #8042, .T. ) ;
#5031 =( LENGTH_UNIT ( ) NAMED_UNIT ( * ) SI_UNIT ( .MILLI., .METRE. ) );
#5032 = CARTESIAN_POINT ( 'NONE',  ( -5.900000000000010125, -5.899999999999998579, -4.046242507715870993E-16 ) ) ;
#5033 = ORIENTED_EDGE ( 'NONE', *, *, #4234, .T. ) ;
#5034 = PRESENTATION_STYLE_ASSIGNMENT (( #1986 ) ) ;
#5035 = CIRCLE ( 'NONE', #10636, 0.2999999999999999334 ) ;
#5036 = SURFACE_STYLE_USAGE ( .BOTH. , #1003 ) ;
#5037 = SURFACE_STYLE_FILL_AREA ( #10015 ) ;
#5038 = SURFACE_SIDE_STYLE ('',( #8390 ) ) ;
#5039 = CYLINDRICAL_SURFACE ( 'NONE', #9020, 0.2500000000000011102 ) ;
#5040 = VECTOR ( 'NONE', #906, 1000.000000000000114 ) ;
#5041 =( NAMED_UNIT ( * ) SI_UNIT ( $, .STERADIAN. ) SOLID_ANGLE_UNIT ( ) );
#5042 = CARTESIAN_POINT ( 'NONE',  ( 5.900000000000000355, 6.200000000000001066, 0.9999999999999985567 ) ) ;
#5043 = PRESENTATION_STYLE_ASSIGNMENT (( #1630 ) ) ;
#5044 = ORIENTED_EDGE ( 'NONE', *, *, #8139, .T. ) ;
#5045 = SURFACE_STYLE_USAGE ( .BOTH. , #1687 ) ;
#5046 = CARTESIAN_POINT ( 'NONE',  ( -6.500000000000000888, -3.072439817376820148, 5.691858092819041204 ) ) ;
#5047 = MECHANICAL_DESIGN_GEOMETRIC_PRESENTATION_REPRESENTATION (  '', ( #9241 ), #8051 ) ;
#5048 = EDGE_CURVE ( 'NONE', #3793, #2408, #7370, .T. ) ;
#5049 = EDGE_LOOP ( 'NONE', ( #5495, #7369, #6837, #8252 ) ) ;
#5050 = CARTESIAN_POINT ( 'NONE',  ( -1.128220461120370111, 4.349999999999999645, 2.000000000000000888 ) ) ;
#5051 = DIRECTION ( 'NONE',  ( 0.0000000000000000000, 0.0000000000000000000, -1.000000000000000000 ) ) ;
#5052 = VECTOR ( 'NONE', #3711, 1000.000000000000000 ) ;
#5053 = VERTEX_POINT ( 'NONE', #5786 ) ;
#5054 = FACE_OUTER_BOUND ( 'NONE', #5982, .T. ) ;
#5055 = CARTESIAN_POINT ( 'NONE',  ( 0.0000000000000000000, 5.975341119790770428, 2.249700255636300383 ) ) ;
#5056 = LINE ( 'NONE', #4332, #8561 ) ;
#5057 = EDGE_LOOP ( 'NONE', ( #6665, #4740, #1286, #9932 ) ) ;
#5058 = UNCERTAINTY_MEASURE_WITH_UNIT (LENGTH_MEASURE( 1.000000000000000082E-05 ), #8194, 'distance_accuracy_value', 'NONE');
#5059 = DIRECTION ( 'NONE',  ( 0.0000000000000000000, 0.0000000000000000000, 1.000000000000000000 ) ) ;
#5060 = DIRECTION ( 'NONE',  ( -1.000000000000000000, -2.891205793294671128E-15, 0.0000000000000000000 ) ) ;
#5061 = UNCERTAINTY_MEASURE_WITH_UNIT (LENGTH_MEASURE( 1.000000000000000082E-05 ), #5972, 'distance_accuracy_value', 'NONE');
#5062 = CARTESIAN_POINT ( 'NONE',  ( 4.650000000000001243, 6.200000000000001066, 10.50000000000000000 ) ) ;
#5063 = EDGE_CURVE ( 'NONE', #9341, #9665, #8096, .T. ) ;
#5064 = PRESENTATION_LAYER_ASSIGNMENT (  '', '', ( #6119 ) ) ;
#5065 = DIRECTION ( 'NONE',  ( 0.0000000000000000000, -1.000000000000000000, -2.689679381759887018E-16 ) ) ;
#5066 = ADVANCED_FACE ( 'NONE', ( #3287 ), #4812, .T. ) ;
#5067 = VERTEX_POINT ( 'NONE', #1847 ) ;
#5068 = SURFACE_STYLE_FILL_AREA ( #6733 ) ;
#5069 = SURFACE_STYLE_FILL_AREA ( #707 ) ;
#5070 = ORIENTED_EDGE ( 'NONE', *, *, #2831, .T. ) ;
#5071 = CARTESIAN_POINT ( 'NONE',  ( 2.670924639908020204, -0.2905605579101560032, 11.88455947458399997 ) ) ;
#5072 = LINE ( 'NONE', #1138, #6411 ) ;
#5073 = SURFACE_STYLE_FILL_AREA ( #3521 ) ;
#5074 = FILL_AREA_STYLE ('',( #935 ) ) ;
#5075 = CARTESIAN_POINT ( 'NONE',  ( -5.250000000000000888, 4.349999999999998757, -4.673891202419779844 ) ) ;
#5076 = FILL_AREA_STYLE ('',( #10154 ) ) ;
#5077 = FILL_AREA_STYLE ('',( #10056 ) ) ;
#5078 = AXIS2_PLACEMENT_3D ( 'NONE', #6912, #1780, #4364 ) ;
#5079 = CARTESIAN_POINT ( 'NONE',  ( -1.377268131176320187, -0.9893557386330470438, 11.78455947458400033 ) ) ;
#5080 = PRESENTATION_LAYER_ASSIGNMENT (  '', '', ( #10504 ) ) ;
#5081 = LINE ( 'NONE', #8430, #6580 ) ;
#5082 = CARTESIAN_POINT ( 'NONE',  ( 0.0000000000000000000, 5.795199161759920337, 1.972862536810731759 ) ) ;
#5083 = FACE_OUTER_BOUND ( 'NONE', #317, .T. ) ;
#5084 = PLANE ( 'NONE',  #7070 ) ;
#5085 = ORIENTED_EDGE ( 'NONE', *, *, #1693, .F. ) ;
#5086 = CARTESIAN_POINT ( 'NONE',  ( 4.453928499320491063, -5.795199161759920337, 1.972862536810730205 ) ) ;
#5087 = STYLED_ITEM ( 'NONE', ( #8637 ), #4837 ) ;
#5088 = FILL_AREA_STYLE_COLOUR ( '', #8298 ) ;
#5089 = VECTOR ( 'NONE', #2473, 1000.000000000000000 ) ;
#5090 =( NAMED_UNIT ( * ) PLANE_ANGLE_UNIT ( ) SI_UNIT ( $, .RADIAN. ) );
#5091 = AXIS2_PLACEMENT_3D ( 'NONE', #7146, #1177, #2884 ) ;
#5092 = SURFACE_STYLE_USAGE ( .BOTH. , #10024 ) ;
#5093 = CARTESIAN_POINT ( 'NONE',  ( -6.213276922344959985, 3.101520183108077866, -0.3203975278070689825 ) ) ;
#5094 =( LENGTH_UNIT ( ) NAMED_UNIT ( * ) SI_UNIT ( .MILLI., .METRE. ) );
#5095 = EDGE_LOOP ( 'NONE', ( #7208, #4712, #5494, #8865 ) ) ;
#5096 = SURFACE_STYLE_FILL_AREA ( #956 ) ;
#5097 = FILL_AREA_STYLE ('',( #7685 ) ) ;
#5098 = ORIENTED_EDGE ( 'NONE', *, *, #3161, .F. ) ;
#5099 = DIRECTION ( 'NONE',  ( 0.0000000000000000000, 0.0000000000000000000, 1.000000000000000000 ) ) ;
#5100 = EDGE_CURVE ( 'NONE', #1016, #3449, #5941, .T. ) ;
#5101 = LINE ( 'NONE', #4490, #8319 ) ;
#5102 = VERTEX_POINT ( 'NONE', #7578 ) ;
#5103 = EDGE_CURVE ( 'NONE', #7757, #8066, #11, .T. ) ;
#5104 = PRESENTATION_STYLE_ASSIGNMENT (( #5843 ) ) ;
#5105 = CARTESIAN_POINT ( 'NONE',  ( 3.198187944328739984, -6.200000000000001066, 0.0000000000000000000 ) ) ;
#5106 = ORIENTED_EDGE ( 'NONE', *, *, #10118, .F. ) ;
#5107 = VECTOR ( 'NONE', #6328, 1000.000000000000000 ) ;
#5108 = DIRECTION ( 'NONE',  ( -0.0000000000000000000, 0.0000000000000000000, -1.000000000000000000 ) ) ;
#5109 = LINE ( 'NONE', #10093, #397 ) ;
#5110 = SURFACE_SIDE_STYLE ('',( #1862 ) ) ;
#5111 = FILL_AREA_STYLE ('',( #5168 ) ) ;
#5112 = DIRECTION ( 'NONE',  ( 1.000000000000000000, 0.0000000000000000000, 0.0000000000000000000 ) ) ;
#5113 = STYLED_ITEM ( 'NONE', ( #8936 ), #5694 ) ;
#5114 = CARTESIAN_POINT ( 'NONE',  ( -0.7242183950378959789, -0.04959670248846871632, 11.78455947458400033 ) ) ;
#5115 = VERTEX_POINT ( 'NONE', #1790 ) ;
#5116 = SURFACE_STYLE_USAGE ( .BOTH. , #6621 ) ;
#5117 = PRESENTATION_STYLE_ASSIGNMENT (( #4065 ) ) ;
#5118 = ORIENTED_EDGE ( 'NONE', *, *, #628, .T. ) ;
#5119 = CARTESIAN_POINT ( 'NONE',  ( -4.002845596186371147, 5.924880838070049727, 5.551115123125780237E-17 ) ) ;
#5120 = LINE ( 'NONE', #4125, #9498 ) ;
#5121 =( LENGTH_UNIT ( ) NAMED_UNIT ( * ) SI_UNIT ( .MILLI., .METRE. ) );
#5122 = ADVANCED_FACE ( 'NONE', ( #4985 ), #3338, .T. ) ;
#5123 = FILL_AREA_STYLE_COLOUR ( '', #1514 ) ;
#5124 = CARTESIAN_POINT ( 'NONE',  ( 3.628220461120370111, -4.349999999999999645, 1.000000000000000000 ) ) ;
#5125 = CARTESIAN_POINT ( 'NONE',  ( -4.301812055671259571, 5.900000000000003020, -5.574710172721753718E-16 ) ) ;
#5126 = PRESENTATION_LAYER_ASSIGNMENT (  '', '', ( #9688 ) ) ;
#5127 = STYLED_ITEM ( 'NONE', ( #2192 ), #6765 ) ;
#5128 =( GEOMETRIC_REPRESENTATION_CONTEXT ( 3 ) GLOBAL_UNCERTAINTY_ASSIGNED_CONTEXT ( ( #5344 ) ) GLOBAL_UNIT_ASSIGNED_CONTEXT ( ( #1258, #2728, #264 ) ) REPRESENTATION_CONTEXT ( 'NONE', 'WORKASPACE' ) );
#5129 = EDGE_CURVE ( 'NONE', #10503, #5115, #10463, .T. ) ;
#5130 =( NAMED_UNIT ( * ) PLANE_ANGLE_UNIT ( ) SI_UNIT ( $, .RADIAN. ) );
#5131 = CARTESIAN_POINT ( 'NONE',  ( 4.649999999999994138, 5.899999999999995026, 9.400000000000002132 ) ) ;
#5132 = SURFACE_STYLE_USAGE ( .BOTH. , #2685 ) ;
#5133 = VECTOR ( 'NONE', #5806, 1000.000000000000000 ) ;
#5134 = CARTESIAN_POINT ( 'NONE',  ( -6.200000000000001066, -6.200000000000001066, 2.000000000000000000 ) ) ;
#5135 = ORIENTED_EDGE ( 'NONE', *, *, #1363, .T. ) ;
#5136 = ADVANCED_FACE ( 'NONE', ( #7910 ), #10347, .T. ) ;
#5137 = COLOUR_RGB ( '',0.4117647058823529216, 0.4117647058823529216, 0.4117647058823529216 ) ;
#5138 = COLOUR_RGB ( '',1.000000000000000000, 1.000000000000000000, 1.000000000000000000 ) ;
#5139 = CARTESIAN_POINT ( 'NONE',  ( 1.393816206173080108, -0.007427935867854950323, 11.78455947458400033 ) ) ;
#5140 = LINE ( 'NONE', #950, #2586 ) ;
#5141 = ADVANCED_FACE ( 'NONE', ( #10406 ), #5426, .T. ) ;
#5142 = AXIS2_PLACEMENT_3D ( 'NONE', #9795, #8217, #9040 ) ;
#5143 = DIRECTION ( 'NONE',  ( 0.0000000000000000000, 0.0000000000000000000, 1.000000000000000000 ) ) ;
#5144 = CARTESIAN_POINT ( 'NONE',  ( -4.649999999999994138, -5.899999999999995026, 9.400000000000002132 ) ) ;
#5145 = SURFACE_SIDE_STYLE ('',( #7627 ) ) ;
#5146 = ORIENTED_EDGE ( 'NONE', *, *, #7979, .F. ) ;
#5147 = VECTOR ( 'NONE', #6774, 1000.000000000000000 ) ;
#5148 = CARTESIAN_POINT ( 'NONE',  ( 0.4064291665979820056, 0.5641081972202309780, 11.88455947458399997 ) ) ;
#5149 = UNCERTAINTY_MEASURE_WITH_UNIT (LENGTH_MEASURE( 1.000000000000000082E-05 ), #2260, 'distance_accuracy_value', 'NONE');
#5150 = FACE_OUTER_BOUND ( 'NONE', #5597, .T. ) ;
#5151 = ORIENTED_EDGE ( 'NONE', *, *, #1626, .F. ) ;
#5152 = VECTOR ( 'NONE', #4148, 1000.000000000000000 ) ;
#5153 = SURFACE_SIDE_STYLE ('',( #6091 ) ) ;
#5154 = STYLED_ITEM ( 'NONE', ( #7093 ), #6773 ) ;
#5155 = VECTOR ( 'NONE', #6007, 1000.000000000000000 ) ;
#5156 = MECHANICAL_DESIGN_GEOMETRIC_PRESENTATION_REPRESENTATION (  '', ( #5331 ), #5710 ) ;
#5157 = ORIENTED_EDGE ( 'NONE', *, *, #9486, .T. ) ;
#5158 = CARTESIAN_POINT ( 'NONE',  ( 4.599635752693309598, 5.261314246948209927, 9.134261975773300790 ) ) ;
#5159 = SURFACE_SIDE_STYLE ('',( #1798 ) ) ;
#5160 = VERTEX_POINT ( 'NONE', #1227 ) ;
#5161 = CARTESIAN_POINT ( 'NONE',  ( -0.8384878785567729809, -1.025500316946299950, 11.88455947458399820 ) ) ;
#5162 = CARTESIAN_POINT ( 'NONE',  ( -0.1596476377583760098, 0.8703958334598560498, 11.78455947458400033 ) ) ;
#5163 = UNCERTAINTY_MEASURE_WITH_UNIT (LENGTH_MEASURE( 1.000000000000000082E-05 ), #7872, 'distance_accuracy_value', 'NONE');
#5164 = UNCERTAINTY_MEASURE_WITH_UNIT (LENGTH_MEASURE( 1.000000000000000082E-05 ), #1870, 'distance_accuracy_value', 'NONE');
#5165 = ADVANCED_FACE ( 'NONE', ( #4586 ), #7967, .T. ) ;
#5166 =( NAMED_UNIT ( * ) PLANE_ANGLE_UNIT ( ) SI_UNIT ( $, .RADIAN. ) );
#5167 = STYLED_ITEM ( 'NONE', ( #8997 ), #10459 ) ;
#5168 = FILL_AREA_STYLE_COLOUR ( '', #4744 ) ;
#5169 = SURFACE_STYLE_USAGE ( .BOTH. , #9333 ) ;
#5170 = AXIS2_PLACEMENT_3D ( 'NONE', #9520, #1997, #337 ) ;
#5171 = EDGE_LOOP ( 'NONE', ( #10135, #3335, #8710, #10875 ) ) ;
#5172 = PRESENTATION_LAYER_ASSIGNMENT (  '', '', ( #2347 ) ) ;
#5173 = DIRECTION ( 'NONE',  ( -0.0000000000000000000, -0.0000000000000000000, 1.000000000000000000 ) ) ;
#5174 = VECTOR ( 'NONE', #9512, 1000.000000000000114 ) ;
#5175 = CARTESIAN_POINT ( 'NONE',  ( -4.599635752693320256, -5.270921696829399927, 2.235854142197729821 ) ) ;
#5176 = ORIENTED_EDGE ( 'NONE', *, *, #5338, .T. ) ;
#5177 = FILL_AREA_STYLE ('',( #8419 ) ) ;
#5178 = VECTOR ( 'NONE', #1813, 1000.000000000000000 ) ;
#5179 = UNCERTAINTY_MEASURE_WITH_UNIT (LENGTH_MEASURE( 1.000000000000000082E-05 ), #1959, 'distance_accuracy_value', 'NONE');
#5180 = CARTESIAN_POINT ( 'NONE',  ( 4.453928499320490175, 5.095199161759920159, 1.972862536810730205 ) ) ;
#5181 = SURFACE_STYLE_USAGE ( .BOTH. , #3313 ) ;
#5182 = CARTESIAN_POINT ( 'NONE',  ( -2.943533191417280204, 0.9985960685958690242, 11.78455947458400033 ) ) ;
#5183 = FACE_OUTER_BOUND ( 'NONE', #5988, .T. ) ;
#5184 = ORIENTED_EDGE ( 'NONE', *, *, #4519, .F. ) ;
#5185 = CARTESIAN_POINT ( 'NONE',  ( -6.305712614295099883, 3.101520183108081863, -0.3910372559811560178 ) ) ;
#5186 = LINE ( 'NONE', #44, #2335 ) ;
#5187 = LINE ( 'NONE', #3477, #8689 ) ;
#5188 = PRESENTATION_STYLE_ASSIGNMENT (( #7722 ) ) ;
#5189 = ORIENTED_EDGE ( 'NONE', *, *, #1285, .F. ) ;
#5190 =( GEOMETRIC_REPRESENTATION_CONTEXT ( 3 ) GLOBAL_UNCERTAINTY_ASSIGNED_CONTEXT ( ( #552 ) ) GLOBAL_UNIT_ASSIGNED_CONTEXT ( ( #4091, #2435, #8498 ) ) REPRESENTATION_CONTEXT ( 'NONE', 'WORKASPACE' ) );
#5191 = CARTESIAN_POINT ( 'NONE',  ( -0.6981879443287398734, 6.200000000000001066, 2.000000000000000000 ) ) ;
#5192 = ADVANCED_FACE ( 'NONE', ( #9104 ), #6421, .T. ) ;
#5193 = COLOUR_RGB ( '',0.1764705882352941013, 0.1764705882352941013, 0.1764705882352941013 ) ;
#5194 =( NAMED_UNIT ( * ) SI_UNIT ( $, .STERADIAN. ) SOLID_ANGLE_UNIT ( ) );
#5195 = UNCERTAINTY_MEASURE_WITH_UNIT (LENGTH_MEASURE( 1.000000000000000082E-05 ), #7969, 'distance_accuracy_value', 'NONE');
#5196 = FILL_AREA_STYLE_COLOUR ( '', #6210 ) ;
#5197 = PRESENTATION_LAYER_ASSIGNMENT (  '', '', ( #803 ) ) ;
#5198 = EDGE_CURVE ( 'NONE', #6384, #7463, #10725, .T. ) ;
#5199 = CARTESIAN_POINT ( 'NONE',  ( -2.943533191417280204, -0.9893557386330470438, 11.78455947458400033 ) ) ;
#5200 =( LENGTH_UNIT ( ) NAMED_UNIT ( * ) SI_UNIT ( .MILLI., .METRE. ) );
#5201 = ORIENTED_EDGE ( 'NONE', *, *, #9352, .F. ) ;
#5202 = CARTESIAN_POINT ( 'NONE',  ( 1.144757531557019981, 1.010644261366949959, 11.88455947458399997 ) ) ;
#5203 = ORIENTED_EDGE ( 'NONE', *, *, #9739, .T. ) ;
#5204 = CARTESIAN_POINT ( 'NONE',  ( -1.377268131176320187, 0.7696804059452659885, 11.78455947458400033 ) ) ;
#5205 = DIRECTION ( 'NONE',  ( -0.0000000000000000000, -1.000000000000000000, -0.0000000000000000000 ) ) ;
#5206 = ORIENTED_EDGE ( 'NONE', *, *, #8103, .T. ) ;
#5207 = SURFACE_STYLE_FILL_AREA ( #177 ) ;
#5209 = PRESENTATION_STYLE_ASSIGNMENT (( #10182 ) ) ;
#5208 = COLOUR_RGB ( '',0.4117647058823529216, 0.4117647058823529216, 0.4117647058823529216 ) ;
#5210 = ORIENTED_EDGE ( 'NONE', *, *, #9170, .T. ) ;
#5211 = CARTESIAN_POINT ( 'NONE',  ( -4.453928499320490175, -5.095199161759920159, 5.672862536810730383 ) ) ;
#5212 = CARTESIAN_POINT ( 'NONE',  ( -1.184497046838969947, 0.4925719722103260589, 11.88455947458399997 ) ) ;
#5213 = CARTESIAN_POINT ( 'NONE',  ( 4.750000000000000000, 4.349999999999999645, -4.673891202419779844 ) ) ;
#5214 = FILL_AREA_STYLE ('',( #8521 ) ) ;
#5215 = DIRECTION ( 'NONE',  ( 0.0000000000000000000, 0.0000000000000000000, 1.000000000000000000 ) ) ;
#5216 = STYLED_ITEM ( 'NONE', ( #4032 ), #3637 ) ;
#5217 = SURFACE_STYLE_USAGE ( .BOTH. , #1808 ) ;
#5218 = CLOSED_SHELL ( 'NONE', ( #1479, #9525, #3073, #10312 ) ) ;
#5219 = ORIENTED_EDGE ( 'NONE', *, *, #661, .T. ) ;
#5220 = CARTESIAN_POINT ( 'NONE',  ( 5.250000000000000000, 4.349999999999999645, 0.3261087975802219874 ) ) ;
#5221 = CARTESIAN_POINT ( 'NONE',  ( -4.599635752693320256, -5.266498217089759848, 5.678579994226994998 ) ) ;
#5222 = VERTEX_POINT ( 'NONE', #9908 ) ;
#5223 =( NAMED_UNIT ( * ) SI_UNIT ( $, .STERADIAN. ) SOLID_ANGLE_UNIT ( ) );
#5224 = SURFACE_STYLE_FILL_AREA ( #6949 ) ;
#5225 = CYLINDRICAL_SURFACE ( 'NONE', #4668, 0.1217795388796299727 ) ;
#5226 = FACE_OUTER_BOUND ( 'NONE', #6346, .T. ) ;
#5227 = AXIS2_PLACEMENT_3D ( 'NONE', #5347, #4515, #2921 ) ;
#5228 = FILL_AREA_STYLE ('',( #6063 ) ) ;
#5229 =( NAMED_UNIT ( * ) PLANE_ANGLE_UNIT ( ) SI_UNIT ( $, .RADIAN. ) );
#5230 = DIRECTION ( 'NONE',  ( 0.0000000000000000000, -1.000000000000000000, 0.0000000000000000000 ) ) ;
#5231 = EDGE_LOOP ( 'NONE', ( #2317, #8788, #9752, #6864 ) ) ;
#5232 = COLOUR_RGB ( '',0.1764705882352941013, 0.1764705882352941013, 0.1764705882352941013 ) ;
#5233 = EDGE_LOOP ( 'NONE', ( #580, #8837, #5184, #7499 ) ) ;
#5234 = CARTESIAN_POINT ( 'NONE',  ( 0.0000000000000000000, -5.993795529151239698, 2.234964158276199875 ) ) ;
#5235 = DIRECTION ( 'NONE',  ( 1.000000000000000000, 0.0000000000000000000, -0.0000000000000000000 ) ) ;
#5236 = FACE_OUTER_BOUND ( 'NONE', #7516, .T. ) ;
#5237 = CARTESIAN_POINT ( 'NONE',  ( 5.250000000000000000, 4.349999999999999645, 0.3261087975802219874 ) ) ;
#5238 = FILL_AREA_STYLE ('',( #8488 ) ) ;
#5239 = ORIENTED_EDGE ( 'NONE', *, *, #6353, .T. ) ;
#5240 = FILL_AREA_STYLE_COLOUR ( '', #2288 ) ;
#5241 =( NAMED_UNIT ( * ) SI_UNIT ( $, .STERADIAN. ) SOLID_ANGLE_UNIT ( ) );
#5242 = DIRECTION ( 'NONE',  ( -0.0000000000000000000, -0.0000000000000000000, -1.000000000000000000 ) ) ;
#5243 = ADVANCED_BREP_SHAPE_REPRESENTATION ( 'D1FECC82-5495-4AC3-AFAD-F86B6290970E', ( #10011, #9940, #6501, #2878, #2935, #6284, #2675, #2588, #6262, #9905, #10048, #6576, #6370, #2798, #9924, #10158, #9959, #2658, #2839, #2753, #243 ), #10607 ) ;
#5244 =( GEOMETRIC_REPRESENTATION_CONTEXT ( 3 ) GLOBAL_UNCERTAINTY_ASSIGNED_CONTEXT ( ( #9913 ) ) GLOBAL_UNIT_ASSIGNED_CONTEXT ( ( #5768, #7352, #10669 ) ) REPRESENTATION_CONTEXT ( 'NONE', 'WORKASPACE' ) );
#5245 = PRESENTATION_LAYER_ASSIGNMENT (  '', '', ( #3485 ) ) ;
#5246 = FILL_AREA_STYLE ('',( #7732 ) ) ;
#5247 = EDGE_CURVE ( 'NONE', #8210, #4921, #2215, .T. ) ;
#5248 = SURFACE_STYLE_FILL_AREA ( #5979 ) ;
#5249 = CARTESIAN_POINT ( 'NONE',  ( -6.610175751530350752, -3.072439817376821924, -0.08657411874590378864 ) ) ;
#5250 = SURFACE_SIDE_STYLE ('',( #4200 ) ) ;
#5251 = VECTOR ( 'NONE', #4681, 1000.000000000000000 ) ;
#5252 = ORIENTED_EDGE ( 'NONE', *, *, #10280, .F. ) ;
#5253 = AXIS2_PLACEMENT_3D ( 'NONE', #8970, #493, #7537 ) ;
#5254 =( LENGTH_UNIT ( ) NAMED_UNIT ( * ) SI_UNIT ( .MILLI., .METRE. ) );
#5255 = FILL_AREA_STYLE ('',( #5985 ) ) ;
#5256 =( LENGTH_UNIT ( ) NAMED_UNIT ( * ) SI_UNIT ( .MILLI., .METRE. ) );
#5257 = CIRCLE ( 'NONE', #855, 0.2999999999999964362 ) ;
#5258 = ORIENTED_EDGE ( 'NONE', *, *, #6951, .T. ) ;
#5259 = EDGE_CURVE ( 'NONE', #1211, #9679, #8597, .T. ) ;
#5260 = AXIS2_PLACEMENT_3D ( 'NONE', #638, #9065, #3170 ) ;
#5261 = CARTESIAN_POINT ( 'NONE',  ( 5.000000000000000000, -4.349999999999998757, -4.673891202419779844 ) ) ;
#5262 = ORIENTED_EDGE ( 'NONE', *, *, #6638, .T. ) ;
#5263 = DIRECTION ( 'NONE',  ( 0.9965548649496432931, -0.08293612690015314537, -3.251990865447395542E-17 ) ) ;
#5264 = VECTOR ( 'NONE', #8326, 1000.000000000000000 ) ;
#5265 = CARTESIAN_POINT ( 'NONE',  ( -4.599635752693309598, 5.261314246948209927, 9.134261975773300790 ) ) ;
#5266 = DIRECTION ( 'NONE',  ( 1.000000000000000000, -0.0000000000000000000, 0.0000000000000000000 ) ) ;
#5267 = ORIENTED_EDGE ( 'NONE', *, *, #5833, .F. ) ;
#5268 = ORIENTED_EDGE ( 'NONE', *, *, #8863, .F. ) ;
#5269 = UNCERTAINTY_MEASURE_WITH_UNIT (LENGTH_MEASURE( 1.000000000000000082E-05 ), #4435, 'distance_accuracy_value', 'NONE');
#5270 = SURFACE_STYLE_FILL_AREA ( #7101 ) ;
#5271 = MECHANICAL_DESIGN_GEOMETRIC_PRESENTATION_REPRESENTATION (  '', ( #347 ), #1218 ) ;
#5272 = CARTESIAN_POINT ( 'NONE',  ( 7.654042494670949841E-18, -4.350000000000010303, 0.3261087975802219874 ) ) ;
#5273 = ADVANCED_FACE ( 'NONE', ( #10565 ), #10022, .T. ) ;
#5274 = SURFACE_STYLE_FILL_AREA ( #1918 ) ;
#5275 = EDGE_LOOP ( 'NONE', ( #5667, #10267, #2767, #5841 ) ) ;
#5276 =( GEOMETRIC_REPRESENTATION_CONTEXT ( 3 ) GLOBAL_UNCERTAINTY_ASSIGNED_CONTEXT ( ( #8968 ) ) GLOBAL_UNIT_ASSIGNED_CONTEXT ( ( #1142, #2026, #3010 ) ) REPRESENTATION_CONTEXT ( 'NONE', 'WORKASPACE' ) );
#5277 = CARTESIAN_POINT ( 'NONE',  ( 2.500000000000000000, 4.349999999999999645, 0.3261087975802219874 ) ) ;
#5278 = DIRECTION ( 'NONE',  ( -0.0000000000000000000, 0.0000000000000000000, 1.000000000000000000 ) ) ;
#5279 = ORIENTED_EDGE ( 'NONE', *, *, #2844, .F. ) ;
#5280 = SURFACE_STYLE_FILL_AREA ( #7321 ) ;
#5281 = UNCERTAINTY_MEASURE_WITH_UNIT (LENGTH_MEASURE( 1.000000000000000082E-05 ), #8352, 'distance_accuracy_value', 'NONE');
#5282 = CARTESIAN_POINT ( 'NONE',  ( 1.801812055671250024, 6.200000000000001066, 2.000000000000000000 ) ) ;
#5283 = STYLED_ITEM ( 'NONE', ( #8546 ), #5765 ) ;
#5284 = FACE_OUTER_BOUND ( 'NONE', #6424, .T. ) ;
#5285 = CYLINDRICAL_SURFACE ( 'NONE', #330, 0.2999999999999964362 ) ;
#5286 = SURFACE_STYLE_FILL_AREA ( #9456 ) ;
#5287 = CARTESIAN_POINT ( 'NONE',  ( -0.5920647863251771170, 1.010644261366949959, 11.78455947458399677 ) ) ;
#5288 = EDGE_LOOP ( 'NONE', ( #6979, #7427 ) ) ;
#5289 = COLOUR_RGB ( '',0.1764705882352941013, 0.1764705882352941013, 0.1764705882352941013 ) ;
#5290 = ORIENTED_EDGE ( 'NONE', *, *, #8045, .F. ) ;
#5291 =( NAMED_UNIT ( * ) SI_UNIT ( $, .STERADIAN. ) SOLID_ANGLE_UNIT ( ) );
#5292 = CARTESIAN_POINT ( 'NONE',  ( -1.371779538879631222, -4.349999999999981881, 2.000000000000000888 ) ) ;
#5293 = CARTESIAN_POINT ( 'NONE',  ( -5.000000000000000000, -3.072439817376820148, 5.691858092819041204 ) ) ;
#5294 = LINE ( 'NONE', #1054, #2471 ) ;
#5295 = ORIENTED_EDGE ( 'NONE', *, *, #9388, .F. ) ;
#5296 = CARTESIAN_POINT ( 'NONE',  ( -0.6981879443287383191, -6.200000000000001066, 6.938893903907225296E-18 ) ) ;
#5297 = VECTOR ( 'NONE', #7682, 1000.000000000000000 ) ;
#5298 = CARTESIAN_POINT ( 'NONE',  ( 2.911888495329709947, -0.9893557386330470438, 11.78455947458400033 ) ) ;
#5299 = ADVANCED_FACE ( 'NONE', ( #6114 ), #10896, .T. ) ;
#5300 = DIRECTION ( 'NONE',  ( 0.0000000000000000000, 0.9999992421053793823, 0.001231173694803740270 ) ) ;
#5301 = LINE ( 'NONE', #2054, #8082 ) ;
#5302 = COLOUR_RGB ( '',1.000000000000000000, 0.7450980392156862919, 0.0000000000000000000 ) ;
#5303 = UNCERTAINTY_MEASURE_WITH_UNIT (LENGTH_MEASURE( 1.000000000000000082E-05 ), #2133, 'distance_accuracy_value', 'NONE');
#5304 = CARTESIAN_POINT ( 'NONE',  ( 3.198187944328740429, -6.200000000000001066, 4.034519072639798850E-17 ) ) ;
#5305 = CIRCLE ( 'NONE', #6369, 0.1217795388796299727 ) ;
#5306 = AXIS2_PLACEMENT_3D ( 'NONE', #9761, #2330, #579 ) ;
#5307 = CARTESIAN_POINT ( 'NONE',  ( -2.049999999999999822, 3.793855508270517873, 9.400000000000000355 ) ) ;
#5308 = SURFACE_SIDE_STYLE ('',( #1123 ) ) ;
#5309 = ORIENTED_EDGE ( 'NONE', *, *, #9944, .F. ) ;
#5310 = FILL_AREA_STYLE ('',( #7797 ) ) ;
#5311 = ADVANCED_FACE ( 'NONE', ( #893 ), #3625, .T. ) ;
#5312 = EDGE_LOOP ( 'NONE', ( #8663, #8668, #4153, #4224 ) ) ;
#5313 = EDGE_CURVE ( 'NONE', #736, #1301, #2042, .T. ) ;
#5314 = VECTOR ( 'NONE', #8128, 1000.000000000000000 ) ;
#5315 = EDGE_LOOP ( 'NONE', ( #1998, #8807, #8777, #5262 ) ) ;
#5316 = CIRCLE ( 'NONE', #4443, 0.2500000000000011102 ) ;
#5317 = CARTESIAN_POINT ( 'NONE',  ( -4.599635752693309598, 5.984188079270050586, 9.135151959694830737 ) ) ;
#5318 = DIRECTION ( 'NONE',  ( -0.0000000000000000000, -1.000000000000000000, -0.0000000000000000000 ) ) ;
#5319 = EDGE_CURVE ( 'NONE', #6297, #8210, #7391, .T. ) ;
#5320 = FILL_AREA_STYLE ('',( #1236 ) ) ;
#5321 = VERTEX_POINT ( 'NONE', #4564 ) ;
#5322 = ORIENTED_EDGE ( 'NONE', *, *, #7105, .F. ) ;
#5323 =( LENGTH_UNIT ( ) NAMED_UNIT ( * ) SI_UNIT ( .MILLI., .METRE. ) );
#5324 = CARTESIAN_POINT ( 'NONE',  ( -1.140257465487700017, 0.7393717600547691227, 11.88455947458399997 ) ) ;
#5325 = STYLED_ITEM ( 'NONE', ( #8840 ), #7664 ) ;
#5326 = MECHANICAL_DESIGN_GEOMETRIC_PRESENTATION_REPRESENTATION (  '', ( #3744 ), #4799 ) ;
#5327 = FILL_AREA_STYLE_COLOUR ( '', #2454 ) ;
#5328 = AXIS2_PLACEMENT_3D ( 'NONE', #1950, #9801, #8027 ) ;
#5329 =( LENGTH_UNIT ( ) NAMED_UNIT ( * ) SI_UNIT ( .MILLI., .METRE. ) );
#5330 = ADVANCED_FACE ( 'NONE', ( #6337 ), #10599, .T. ) ;
#5331 = STYLED_ITEM ( 'NONE', ( #2587 ), #9540 ) ;
#5332 = LINE ( 'NONE', #10144, #7497 ) ;
#5333 = VECTOR ( 'NONE', #3140, 1000.000000000000114 ) ;
#5334 = ORIENTED_EDGE ( 'NONE', *, *, #99, .F. ) ;
#5335 = DIRECTION ( 'NONE',  ( 0.0000000000000000000, 0.0000000000000000000, 1.000000000000000000 ) ) ;
#5336 = DIRECTION ( 'NONE',  ( -0.0000000000000000000, 1.000000000000000000, 0.0000000000000000000 ) ) ;
#5337 = VERTEX_POINT ( 'NONE', #8855 ) ;
#5338 = EDGE_CURVE ( 'NONE', #6408, #8489, #5573, .T. ) ;
#5339 = VECTOR ( 'NONE', #204, 1000.000000000000000 ) ;
#5340 = LINE ( 'NONE', #7048, #7267 ) ;
#5341 = VECTOR ( 'NONE', #8705, 1000.000000000000000 ) ;
#5342 = CARTESIAN_POINT ( 'NONE',  ( 0.5308644678855309884, -0.8248224854555400443, 11.78455947458400033 ) ) ;
#5343 =( LENGTH_UNIT ( ) NAMED_UNIT ( * ) SI_UNIT ( .MILLI., .METRE. ) );
#5344 = UNCERTAINTY_MEASURE_WITH_UNIT (LENGTH_MEASURE( 1.000000000000000082E-05 ), #1258, 'distance_accuracy_value', 'NONE');
#5345 = EDGE_CURVE ( 'NONE', #5321, #6027, #2446, .T. ) ;
#5346 =( NAMED_UNIT ( * ) SI_UNIT ( $, .STERADIAN. ) SOLID_ANGLE_UNIT ( ) );
#5347 = CARTESIAN_POINT ( 'NONE',  ( -4.453928499320490175, -5.795199161759920337, 1.972862536810730205 ) ) ;
#5348 = CARTESIAN_POINT ( 'NONE',  ( -4.453928499320490175, 5.094634297978539728, 9.134056763649150312 ) ) ;
#5349 = COLOUR_RGB ( '',0.7411764705882353255, 0.7411764705882353255, 0.7411764705882353255 ) ;
#5350 = CARTESIAN_POINT ( 'NONE',  ( -5.000000000000000000, -4.350000000000000533, -4.673891202419779844 ) ) ;
#5351 = CARTESIAN_POINT ( 'NONE',  ( 6.200000000000001066, -3.072439817376820148, -0.3081419071809570198 ) ) ;
#5352 = ORIENTED_EDGE ( 'NONE', *, *, #1557, .F. ) ;
#5353 = VERTEX_POINT ( 'NONE', #3129 ) ;
#5354 = PRESENTATION_STYLE_ASSIGNMENT (( #5467 ) ) ;
#5355 = CARTESIAN_POINT ( 'NONE',  ( 4.453928499320491063, -5.804216384178710442, 2.235197563309470059 ) ) ;
#5356 = DIRECTION ( 'NONE',  ( 0.5840051066032011517, 0.8117499833454778768, 0.0000000000000000000 ) ) ;
#5357 =( NAMED_UNIT ( * ) SI_UNIT ( $, .STERADIAN. ) SOLID_ANGLE_UNIT ( ) );
#5358 = ORIENTED_EDGE ( 'NONE', *, *, #8418, .F. ) ;
#5359 = AXIS2_PLACEMENT_3D ( 'NONE', #3917, #9678, #2090 ) ;
#5360 = SURFACE_STYLE_USAGE ( .BOTH. , #2442 ) ;
#5361 =( LENGTH_UNIT ( ) NAMED_UNIT ( * ) SI_UNIT ( .MILLI., .METRE. ) );
#5362 = LINE ( 'NONE', #10454, #1976 ) ;
#5363 =( GEOMETRIC_REPRESENTATION_CONTEXT ( 3 ) GLOBAL_UNCERTAINTY_ASSIGNED_CONTEXT ( ( #6042 ) ) GLOBAL_UNIT_ASSIGNED_CONTEXT ( ( #7589, #1531, #2451 ) ) REPRESENTATION_CONTEXT ( 'NONE', 'WORKASPACE' ) );
#5364 = SURFACE_STYLE_USAGE ( .BOTH. , #1337 ) ;
#5365 = VECTOR ( 'NONE', #5905, 1000.000000000000000 ) ;
#5366 =( LENGTH_UNIT ( ) NAMED_UNIT ( * ) SI_UNIT ( .MILLI., .METRE. ) );
#5367 = EDGE_CURVE ( 'NONE', #7158, #8489, #3356, .T. ) ;
#5368 = FILL_AREA_STYLE ('',( #2006 ) ) ;
#5369 = MECHANICAL_DESIGN_GEOMETRIC_PRESENTATION_REPRESENTATION (  '', ( #6953 ), #8183 ) ;
#5370 = PRESENTATION_STYLE_ASSIGNMENT (( #8662 ) ) ;
#5371 = EDGE_LOOP ( 'NONE', ( #10311, #6830, #7705, #582 ) ) ;
#5372 = SURFACE_STYLE_FILL_AREA ( #2940 ) ;
#5373 = CARTESIAN_POINT ( 'NONE',  ( 1.469023420932789925, 0.7597030279048370138, 11.78455947458399855 ) ) ;
#5374 =( GEOMETRIC_REPRESENTATION_CONTEXT ( 3 ) GLOBAL_UNCERTAINTY_ASSIGNED_CONTEXT ( ( #5149 ) ) GLOBAL_UNIT_ASSIGNED_CONTEXT ( ( #2260, #9687, #2871 ) ) REPRESENTATION_CONTEXT ( 'NONE', 'WORKASPACE' ) );
#5375 = CARTESIAN_POINT ( 'NONE',  ( -1.375000000000000000, -3.072439817376820148, 10.29185809281899999 ) ) ;
#5376 = CARTESIAN_POINT ( 'NONE',  ( 6.513276922344959807, -3.072439817376820148, -0.02039752780706740112 ) ) ;
#5377 = ORIENTED_EDGE ( 'NONE', *, *, #5247, .T. ) ;
#5378 = CARTESIAN_POINT ( 'NONE',  ( -5.000000000000000000, -3.072439817376820148, 11.69185809281900035 ) ) ;
#5379 = CARTESIAN_POINT ( 'NONE',  ( -0.8238983232653399602, -0.7303195940547340115, 11.78455947458400033 ) ) ;
#5380 =( GEOMETRIC_REPRESENTATION_CONTEXT ( 3 ) GLOBAL_UNCERTAINTY_ASSIGNED_CONTEXT ( ( #4150 ) ) GLOBAL_UNIT_ASSIGNED_CONTEXT ( ( #9401, #1928, #6893 ) ) REPRESENTATION_CONTEXT ( 'NONE', 'WORKASPACE' ) );
#5381 = ORIENTED_EDGE ( 'NONE', *, *, #1873, .F. ) ;
#5382 =( LENGTH_UNIT ( ) NAMED_UNIT ( * ) SI_UNIT ( .MILLI., .METRE. ) );
#5383 =( NAMED_UNIT ( * ) SI_UNIT ( $, .STERADIAN. ) SOLID_ANGLE_UNIT ( ) );
#5384 = CARTESIAN_POINT ( 'NONE',  ( 4.999999999999999112, 3.077560182623180651, 10.29185809281899999 ) ) ;
#5385 = ORIENTED_EDGE ( 'NONE', *, *, #7316, .F. ) ;
#5386 = UNCERTAINTY_MEASURE_WITH_UNIT (LENGTH_MEASURE( 1.000000000000000082E-05 ), #5094, 'distance_accuracy_value', 'NONE');
#5387 = CYLINDRICAL_SURFACE ( 'NONE', #3761, 0.3000000000000007661 ) ;
#5388 = ADVANCED_FACE ( 'NONE', ( #2353 ), #9877, .T. ) ;
#5389 = ORIENTED_EDGE ( 'NONE', *, *, #6480, .T. ) ;
#5390 = CARTESIAN_POINT ( 'NONE',  ( 6.500000000000001776, 3.077560182623180651, 5.691858092819041204 ) ) ;
#5391 = CARTESIAN_POINT ( 'NONE',  ( 6.610175751530339205, 3.101520183108080086, 11.81236413145949982 ) ) ;
#5392 = VECTOR ( 'NONE', #10540, 1000.000000000000000 ) ;
#5393 = LINE ( 'NONE', #6274, #5652 ) ;
#5394 = VECTOR ( 'NONE', #2294, 1000.000000000000000 ) ;
#5395 = ORIENTED_EDGE ( 'NONE', *, *, #8886, .F. ) ;
#5396 = LINE ( 'NONE', #1812, #1652 ) ;
#5397 = PRESENTATION_STYLE_ASSIGNMENT (( #7930 ) ) ;
#5398 = PRESENTATION_LAYER_ASSIGNMENT (  '', '', ( #4336 ) ) ;
#5399 = ORIENTED_EDGE ( 'NONE', *, *, #7059, .T. ) ;
#5400 = ADVANCED_FACE ( 'NONE', ( #4848, #2400 ), #7383, .T. ) ;
#5401 = UNCERTAINTY_MEASURE_WITH_UNIT (LENGTH_MEASURE( 1.000000000000000082E-05 ), #7210, 'distance_accuracy_value', 'NONE');
#5402 = DIRECTION ( 'NONE',  ( -0.0000000000000000000, -0.0000000000000000000, -1.000000000000000000 ) ) ;
#5403 = DIRECTION ( 'NONE',  ( 0.0000000000000000000, -0.0000000000000000000, -1.000000000000000000 ) ) ;
#5404 = DIRECTION ( 'NONE',  ( 0.0000000000000000000, -1.000000000000000000, -0.0000000000000000000 ) ) ;
#5405 =( GEOMETRIC_REPRESENTATION_CONTEXT ( 3 ) GLOBAL_UNCERTAINTY_ASSIGNED_CONTEXT ( ( #3538 ) ) GLOBAL_UNIT_ASSIGNED_CONTEXT ( ( #2426, #3276, #3940 ) ) REPRESENTATION_CONTEXT ( 'NONE', 'WORKASPACE' ) );
#5406 = CARTESIAN_POINT ( 'NONE',  ( -6.500000000000000888, 3.077560182623180651, -0.3081419071809570198 ) ) ;
#5407 = DIRECTION ( 'NONE',  ( 0.0000000000000000000, -1.000000000000000000, 0.0000000000000000000 ) ) ;
#5408 = DIRECTION ( 'NONE',  ( 0.08293612690015332578, -0.9965548649496431821, -0.0000000000000000000 ) ) ;
#5409 = EDGE_CURVE ( 'NONE', #1660, #4492, #3245, .T. ) ;
#5410 = CARTESIAN_POINT ( 'NONE',  ( -2.292930781778729887, -0.9893557386330470438, 11.78455947458400033 ) ) ;
#5411 =( LENGTH_UNIT ( ) NAMED_UNIT ( * ) SI_UNIT ( .MILLI., .METRE. ) );
#5412 = ORIENTED_EDGE ( 'NONE', *, *, #5960, .F. ) ;
#5413 = ORIENTED_EDGE ( 'NONE', *, *, #2503, .F. ) ;
#5414 = AXIS2_PLACEMENT_3D ( 'NONE', #4213, #1744, #7694 ) ;
#5415 = SURFACE_STYLE_USAGE ( .BOTH. , #3751 ) ;
#5416 = FILL_AREA_STYLE ('',( #1273 ) ) ;
#5417 = CARTESIAN_POINT ( 'NONE',  ( 4.950000000000000178, -3.274999999999996803, 10.14126039117999944 ) ) ;
#5418 = FILL_AREA_STYLE_COLOUR ( '', #1907 ) ;
#5419 = DIRECTION ( 'NONE',  ( 0.0000000000000000000, 0.0000000000000000000, -1.000000000000000000 ) ) ;
#5420 = CARTESIAN_POINT ( 'NONE',  ( -0.7242183950378959789, -0.04959670248846866081, 11.78455947458400033 ) ) ;
#5421 =( GEOMETRIC_REPRESENTATION_CONTEXT ( 3 ) GLOBAL_UNCERTAINTY_ASSIGNED_CONTEXT ( ( #7412 ) ) GLOBAL_UNIT_ASSIGNED_CONTEXT ( ( #572, #4918, #1407 ) ) REPRESENTATION_CONTEXT ( 'NONE', 'WORKASPACE' ) );
#5422 = CARTESIAN_POINT ( 'NONE',  ( 4.950000000000000178, -5.900000000000000355, 10.50000000000000000 ) ) ;
#5423 = DIRECTION ( 'NONE',  ( 1.000000000000000000, 3.268738895295268406E-19, -1.097171674306791167E-21 ) ) ;
#5424 = FILL_AREA_STYLE_COLOUR ( '', #4969 ) ;
#5425 = ORIENTED_EDGE ( 'NONE', *, *, #1363, .F. ) ;
#5426 = CYLINDRICAL_SURFACE ( 'NONE', #10149, 0.2500000000000002220 ) ;
#5427 = CARTESIAN_POINT ( 'NONE',  ( 5.250000000000000000, 4.349999999999999645, -4.673891202419779844 ) ) ;
#5428 = STYLED_ITEM ( 'NONE', ( #1448 ), #4727 ) ;
#5429 = SURFACE_STYLE_FILL_AREA ( #9602 ) ;
#5430 =( NAMED_UNIT ( * ) PLANE_ANGLE_UNIT ( ) SI_UNIT ( $, .RADIAN. ) );
#5431 = ORIENTED_EDGE ( 'NONE', *, *, #7607, .T. ) ;
#5432 = PLANE ( 'NONE',  #8996 ) ;
#5433 = DIRECTION ( 'NONE',  ( -1.000000000000000000, 0.0000000000000000000, -0.0000000000000000000 ) ) ;
#5434 = CARTESIAN_POINT ( 'NONE',  ( -0.1483524685257129883, -0.5829173506108279446, 11.88455947458399997 ) ) ;
#5435 = ORIENTED_EDGE ( 'NONE', *, *, #4234, .F. ) ;
#5436 = FILL_AREA_STYLE_COLOUR ( '', #6149 ) ;
#5437 = PLANE ( 'NONE',  #4440 ) ;
#5438 = ORIENTED_EDGE ( 'NONE', *, *, #10060, .T. ) ;
#5439 = PLANE ( 'NONE',  #7458 ) ;
#5440 = VECTOR ( 'NONE', #4924, 1000.000000000000000 ) ;
#5441 = ORIENTED_EDGE ( 'NONE', *, *, #2544, .F. ) ;
#5442 =( LENGTH_UNIT ( ) NAMED_UNIT ( * ) SI_UNIT ( .MILLI., .METRE. ) );
#5443 = LINE ( 'NONE', #3727, #1809 ) ;
#5444 = SURFACE_STYLE_FILL_AREA ( #4603 ) ;
#5445 = ADVANCED_FACE ( 'NONE', ( #25 ), #1863, .T. ) ;
#5446 = MECHANICAL_DESIGN_GEOMETRIC_PRESENTATION_REPRESENTATION (  '', ( #141 ), #3683 ) ;
#5447 = UNCERTAINTY_MEASURE_WITH_UNIT (LENGTH_MEASURE( 1.000000000000000082E-05 ), #9553, 'distance_accuracy_value', 'NONE');
#5448 = CARTESIAN_POINT ( 'NONE',  ( -6.500000000000000888, 0.002560182623180008721, -0.008141907180959861989 ) ) ;
#5449 = ORIENTED_EDGE ( 'NONE', *, *, #4467, .F. ) ;
#5450 =( LENGTH_UNIT ( ) NAMED_UNIT ( * ) SI_UNIT ( .MILLI., .METRE. ) );
#5451 = DIRECTION ( 'NONE',  ( 0.0000000000000000000, -0.0000000000000000000, 1.000000000000000000 ) ) ;
#5452 = DIRECTION ( 'NONE',  ( 0.0000000000000000000, 0.0000000000000000000, -1.000000000000000000 ) ) ;
#5453 = ORIENTED_EDGE ( 'NONE', *, *, #7425, .T. ) ;
#5454 =( NAMED_UNIT ( * ) PLANE_ANGLE_UNIT ( ) SI_UNIT ( $, .RADIAN. ) );
#5455 = FILL_AREA_STYLE_COLOUR ( '', #5820 ) ;
#5456 = UNCERTAINTY_MEASURE_WITH_UNIT (LENGTH_MEASURE( 1.000000000000000082E-05 ), #4070, 'distance_accuracy_value', 'NONE');
#5457 = CARTESIAN_POINT ( 'NONE',  ( -4.650000000000000355, -5.900000000000000355, 10.50000000000000178 ) ) ;
#5458 = DIRECTION ( 'NONE',  ( -1.000000000000000000, 0.0000000000000000000, -0.0000000000000000000 ) ) ;
#5459 = CARTESIAN_POINT ( 'NONE',  ( -4.453928499320490175, -0.009227204680235969250, 2.242332206956250129 ) ) ;
#5460 = CARTESIAN_POINT ( 'NONE',  ( -3.628220461120370111, 4.349999999999999645, 2.000000000000000888 ) ) ;
#5461 = VECTOR ( 'NONE', #7873, 1000.000000000000000 ) ;
#5462 = EDGE_CURVE ( 'NONE', #5774, #6308, #4218, .T. ) ;
#5463 = SURFACE_STYLE_USAGE ( .BOTH. , #609 ) ;
#5464 = PLANE ( 'NONE',  #7999 ) ;
#5465 = ORIENTED_EDGE ( 'NONE', *, *, #9366, .T. ) ;
#5466 = ORIENTED_EDGE ( 'NONE', *, *, #9677, .T. ) ;
#5467 = SURFACE_STYLE_USAGE ( .BOTH. , #5524 ) ;
#5468 = CARTESIAN_POINT ( 'NONE',  ( 3.753928499320489998, -5.804216384178710442, 2.235197563309470059 ) ) ;
#5469 = CARTESIAN_POINT ( 'NONE',  ( 0.0000000000000000000, 5.984188079270050586, 9.135151959694818302 ) ) ;
#5470 = ADVANCED_FACE ( 'NONE', ( #7754 ), #8933, .T. ) ;
#5471 =( LENGTH_UNIT ( ) NAMED_UNIT ( * ) SI_UNIT ( .MILLI., .METRE. ) );
#5472 =( NAMED_UNIT ( * ) PLANE_ANGLE_UNIT ( ) SI_UNIT ( $, .RADIAN. ) );
#5473 = SURFACE_STYLE_USAGE ( .BOTH. , #3815 ) ;
#5474 = DIRECTION ( 'NONE',  ( 0.0000000000000000000, 0.003356540638043075710, 0.9999943668016060272 ) ) ;
#5475 = CARTESIAN_POINT ( 'NONE',  ( -4.002845596186371147, -5.924880838070049727, 5.422297853421677166E-17 ) ) ;
#5476 = EDGE_CURVE ( 'NONE', #820, #7127, #4500, .T. ) ;
#5477 = AXIS2_PLACEMENT_3D ( 'NONE', #4856, #2364, #9090 ) ;
#5478 =( NAMED_UNIT ( * ) SI_UNIT ( $, .STERADIAN. ) SOLID_ANGLE_UNIT ( ) );
#5479 = EDGE_CURVE ( 'NONE', #4951, #4585, #478, .T. ) ;
#5480 = VECTOR ( 'NONE', #999, 1000.000000000000227 ) ;
#5481 = CARTESIAN_POINT ( 'NONE',  ( -6.305712614295089224, -3.072439817376818816, 11.81236413145949804 ) ) ;
#5482 = ORIENTED_EDGE ( 'NONE', *, *, #1970, .T. ) ;
#5483 = SURFACE_STYLE_FILL_AREA ( #9538 ) ;
#5484 = DIRECTION ( 'NONE',  ( 0.0000000000000000000, 0.0000000000000000000, 1.000000000000000000 ) ) ;
#5485 = CIRCLE ( 'NONE', #2633, 0.2500000000000002220 ) ;
#5486 = FILL_AREA_STYLE ('',( #9651 ) ) ;
#5487 = EDGE_CURVE ( 'NONE', #530, #6446, #1973, .T. ) ;
#5488 = VERTEX_POINT ( 'NONE', #4718 ) ;
#5489 = FACE_OUTER_BOUND ( 'NONE', #2711, .T. ) ;
#5490 = CIRCLE ( 'NONE', #2474, 0.1217795388796295286 ) ;
#5491 = LINE ( 'NONE', #2166, #2495 ) ;
#5492 = CIRCLE ( 'NONE', #5684, 0.2499999999999997780 ) ;
#5493 = ORIENTED_EDGE ( 'NONE', *, *, #948, .T. ) ;
#5494 = ORIENTED_EDGE ( 'NONE', *, *, #10837, .T. ) ;
#5495 = ORIENTED_EDGE ( 'NONE', *, *, #10272, .T. ) ;
#5496 = FILL_AREA_STYLE ('',( #9619 ) ) ;
#5497 = CARTESIAN_POINT ( 'NONE',  ( -6.513276922344959807, 0.01454018286563014267, 11.40411371344520042 ) ) ;
#5498 = DIRECTION ( 'NONE',  ( 0.08293612690015332578, 0.9965548649496431821, 0.0000000000000000000 ) ) ;
#5499 = CARTESIAN_POINT ( 'NONE',  ( -0.5028327839278570188, 0.1644471129656109865, 11.88455947458399997 ) ) ;
#5500 = ORIENTED_EDGE ( 'NONE', *, *, #3658, .T. ) ;
#5501 = CIRCLE ( 'NONE', #8478, 0.1217795388796299727 ) ;
#5502 = COLOUR_RGB ( '',0.7411764705882353255, 0.7411764705882353255, 0.7411764705882353255 ) ;
#5503 = DIRECTION ( 'NONE',  ( -0.0000000000000000000, 0.0000000000000000000, 1.000000000000000000 ) ) ;
#5504 = ORIENTED_EDGE ( 'NONE', *, *, #6196, .F. ) ;
#5505 = SURFACE_SIDE_STYLE ('',( #4724 ) ) ;
#5506 = SURFACE_STYLE_USAGE ( .BOTH. , #1373 ) ;
#5507 = LINE ( 'NONE', #9077, #9784 ) ;
#5508 = PRESENTATION_LAYER_ASSIGNMENT (  '', '', ( #5325 ) ) ;
#5509 =( GEOMETRIC_REPRESENTATION_CONTEXT ( 3 ) GLOBAL_UNCERTAINTY_ASSIGNED_CONTEXT ( ( #9718 ) ) GLOBAL_UNIT_ASSIGNED_CONTEXT ( ( #7510, #1446, #6578 ) ) REPRESENTATION_CONTEXT ( 'NONE', 'WORKASPACE' ) );
#5510 = FACE_OUTER_BOUND ( 'NONE', #1648, .T. ) ;
#5511 = PLANE ( 'NONE',  #6097 ) ;
#5512 = VECTOR ( 'NONE', #9854, 1000.000000000000000 ) ;
#5513 = PRESENTATION_STYLE_ASSIGNMENT (( #6288 ) ) ;
#5514 = DIRECTION ( 'NONE',  ( 1.000000000000000000, 0.0000000000000000000, -0.0000000000000000000 ) ) ;
#5515 = DIRECTION ( 'NONE',  ( 0.0000000000000000000, 0.0000000000000000000, -1.000000000000000000 ) ) ;
#5516 = CARTESIAN_POINT ( 'NONE',  ( 2.670924639908020204, 0.5964877497632019576, 11.88455947458399997 ) ) ;
#5517 = AXIS2_PLACEMENT_3D ( 'NONE', #9519, #2865, #450 ) ;
#5518 = PRESENTATION_LAYER_ASSIGNMENT (  '', '', ( #9568 ) ) ;
#5519 = PRODUCT_DEFINITION_SHAPE ( 'NONE', 'NONE',  #5798 ) ;
#5520 =( NAMED_UNIT ( * ) PLANE_ANGLE_UNIT ( ) SI_UNIT ( $, .RADIAN. ) );
#5521 = VECTOR ( 'NONE', #10369, 1000.000000000000000 ) ;
#5522 = ORIENTED_EDGE ( 'NONE', *, *, #9865, .F. ) ;
#5523 = EDGE_LOOP ( 'NONE', ( #687, #10594, #3748, #3831 ) ) ;
#5524 = SURFACE_SIDE_STYLE ('',( #10553 ) ) ;
#5525 = SURFACE_STYLE_USAGE ( .BOTH. , #8712 ) ;
#5526 = DIRECTION ( 'NONE',  ( -1.000000000000000000, 0.0000000000000000000, 0.0000000000000000000 ) ) ;
#5527 = MECHANICAL_DESIGN_GEOMETRIC_PRESENTATION_REPRESENTATION (  '', ( #4455 ), #7467 ) ;
#5528 = CARTESIAN_POINT ( 'NONE',  ( -2.049999999999999822, -3.743692378178460345, 2.000000000000000000 ) ) ;
#5529 = EDGE_CURVE ( 'NONE', #7043, #7581, #4555, .T. ) ;
#5530 = FACE_BOUND ( 'NONE', #4954, .T. ) ;
#5531 = CARTESIAN_POINT ( 'NONE',  ( 3.497154403813630186, 5.924880838070049727, 5.551115123125780237E-17 ) ) ;
#5532 = LINE ( 'NONE', #4745, #2255 ) ;
#5533 = AXIS2_PLACEMENT_3D ( 'NONE', #8539, #6122, #991 ) ;
#5534 =( LENGTH_UNIT ( ) NAMED_UNIT ( * ) SI_UNIT ( .MILLI., .METRE. ) );
#5535 = CARTESIAN_POINT ( 'NONE',  ( -6.200000000000001066, -6.200000000000001066, 2.000000000000000000 ) ) ;
#5536 = PRESENTATION_LAYER_ASSIGNMENT (  '', '', ( #2693 ) ) ;
#5537 =( GEOMETRIC_REPRESENTATION_CONTEXT ( 3 ) GLOBAL_UNCERTAINTY_ASSIGNED_CONTEXT ( ( #1317 ) ) GLOBAL_UNIT_ASSIGNED_CONTEXT ( ( #7174, #6448, #2960 ) ) REPRESENTATION_CONTEXT ( 'NONE', 'WORKASPACE' ) );
#5538 = SURFACE_SIDE_STYLE ('',( #2156 ) ) ;
#5539 = DIRECTION ( 'NONE',  ( -1.546750702438605776E-16, 2.689679381760169529E-16, -1.000000000000000000 ) ) ;
#5540 = DIRECTION ( 'NONE',  ( 0.0000000000000000000, -1.000000000000000000, 0.0000000000000000000 ) ) ;
#5541 = SURFACE_STYLE_FILL_AREA ( #8932 ) ;
#5542 = EDGE_CURVE ( 'NONE', #9354, #9157, #8902, .T. ) ;
#5543 = ORIENTED_EDGE ( 'NONE', *, *, #10047, .T. ) ;
#5544 = DIRECTION ( 'NONE',  ( 0.0000000000000000000, 0.0000000000000000000, -1.000000000000000000 ) ) ;
#5545 = DIRECTION ( 'NONE',  ( 0.0000000000000000000, -1.000000000000000000, 2.689679381759974286E-16 ) ) ;
#5546 =( GEOMETRIC_REPRESENTATION_CONTEXT ( 3 ) GLOBAL_UNCERTAINTY_ASSIGNED_CONTEXT ( ( #181 ) ) GLOBAL_UNIT_ASSIGNED_CONTEXT ( ( #1962, #1909, #5383 ) ) REPRESENTATION_CONTEXT ( 'NONE', 'WORKASPACE' ) );
#5547 = CARTESIAN_POINT ( 'NONE',  ( 6.513276922344959807, 3.101520183108080086, -0.3203975278070689825 ) ) ;
#5548 = VERTEX_POINT ( 'NONE', #6441 ) ;
#5549 = VECTOR ( 'NONE', #9225, 1000.000000000000000 ) ;
#5550 = ADVANCED_FACE ( 'NONE', ( #366 ), #2903, .T. ) ;
#5551 = FILL_AREA_STYLE_COLOUR ( '', #396 ) ;
#5552 = MECHANICAL_DESIGN_GEOMETRIC_PRESENTATION_REPRESENTATION (  '', ( #8696 ), #1671 ) ;
#5553 = ORIENTED_EDGE ( 'NONE', *, *, #1066, .F. ) ;
#5554 = DIRECTION ( 'NONE',  ( -1.658182125529443522E-16, -1.658182125529443769E-16, 1.000000000000000000 ) ) ;
#5555 = ORIENTED_EDGE ( 'NONE', *, *, #7244, .T. ) ;
#5556 =( LENGTH_UNIT ( ) NAMED_UNIT ( * ) SI_UNIT ( .MILLI., .METRE. ) );
#5557 = EDGE_LOOP ( 'NONE', ( #10895, #1629 ) ) ;
#5558 = SURFACE_STYLE_USAGE ( .BOTH. , #1242 ) ;
#5559 = DIRECTION ( 'NONE',  ( -1.000000000000000000, 0.0000000000000000000, 0.0000000000000000000 ) ) ;
#5560 = FILL_AREA_STYLE_COLOUR ( '', #10159 ) ;
#5561 = ORIENTED_EDGE ( 'NONE', *, *, #10165, .T. ) ;
#5562 = PRESENTATION_LAYER_ASSIGNMENT (  '', '', ( #8351 ) ) ;
#5563 = FILL_AREA_STYLE_COLOUR ( '', #6282 ) ;
#5564 =( BOUNDED_CURVE ( )  B_SPLINE_CURVE ( 2, ( #8614, #4548, #3609, #1025, #7866, #178, #2771, #6983, #7920 ),
 .UNSPECIFIED., .F., .F. ) 
 B_SPLINE_CURVE_WITH_KNOTS ( ( 3, 2, 2, 2, 3 ),
 ( 0.0000000000000000000, 0.0004641838493728601424, 0.01267974475204895757, 0.01314392860142181776, 0.02437446078234978275 ),
 .UNSPECIFIED. ) 
 CURVE ( )  GEOMETRIC_REPRESENTATION_ITEM ( )  RATIONAL_B_SPLINE_CURVE ( ( 1.000000000000000000, 0.7071067811865461294, 1.000000000000000000, 1.000000000000000000, 1.000000000000000000, 0.7071067811865491270, 1.000000000000000000, 1.000000000000000000, 1.000000000000000000 ) ) 
 REPRESENTATION_ITEM ( '' )  );
#5565 = AXIS2_PLACEMENT_3D ( 'NONE', #3854, #761, #606 ) ;
#5566 = EDGE_LOOP ( 'NONE', ( #513, #6705, #8939, #1452 ) ) ;
#5567 = DIRECTION ( 'NONE',  ( 0.0000000000000000000, 0.0000000000000000000, 1.000000000000000000 ) ) ;
#5568 =( NAMED_UNIT ( * ) SI_UNIT ( $, .STERADIAN. ) SOLID_ANGLE_UNIT ( ) );
#5570 = ORIENTED_EDGE ( 'NONE', *, *, #7594, .T. ) ;
#5569 = VECTOR ( 'NONE', #2405, 1000.000000000000000 ) ;
#5571 = LINE ( 'NONE', #8647, #7785 ) ;
#5572 = FACE_OUTER_BOUND ( 'NONE', #4881, .T. ) ;
#5573 = LINE ( 'NONE', #538, #2447 ) ;
#5574 = PRESENTATION_STYLE_ASSIGNMENT (( #10708 ) ) ;
#5575 = CARTESIAN_POINT ( 'NONE',  ( -2.750000000000000000, 4.099999999999999645, 0.3261087975802219874 ) ) ;
#5576 = CARTESIAN_POINT ( 'NONE',  ( -4.950000000000000178, -3.605250836327029695, 10.50000000000000000 ) ) ;
#5577 = LINE ( 'NONE', #8917, #1810 ) ;
#5578 = MECHANICAL_DESIGN_GEOMETRIC_PRESENTATION_REPRESENTATION (  '', ( #8900 ), #7670 ) ;
#5579 = CARTESIAN_POINT ( 'NONE',  ( 2.719117410992361705, 0.9985960685958681360, 11.78455947458400033 ) ) ;
#5580 =( LENGTH_UNIT ( ) NAMED_UNIT ( * ) SI_UNIT ( .MILLI., .METRE. ) );
#5581 = DIRECTION ( 'NONE',  ( -1.000000000000000000, -0.0000000000000000000, -0.0000000000000000000 ) ) ;
#5582 = ORIENTED_EDGE ( 'NONE', *, *, #3699, .T. ) ;
#5583 = ORIENTED_EDGE ( 'NONE', *, *, #1716, .T. ) ;
#5584 = PRESENTATION_STYLE_ASSIGNMENT (( #8120 ) ) ;
#5585 = SURFACE_STYLE_FILL_AREA ( #4574 ) ;
#5586 =( GEOMETRIC_REPRESENTATION_CONTEXT ( 3 ) GLOBAL_UNCERTAINTY_ASSIGNED_CONTEXT ( ( #10610 ) ) GLOBAL_UNIT_ASSIGNED_CONTEXT ( ( #4779, #1484, #7373 ) ) REPRESENTATION_CONTEXT ( 'NONE', 'WORKASPACE' ) );
#5587 =( NAMED_UNIT ( * ) PLANE_ANGLE_UNIT ( ) SI_UNIT ( $, .RADIAN. ) );
#5588 = FILL_AREA_STYLE ('',( #6465 ) ) ;
#5589 = DIRECTION ( 'NONE',  ( 2.465481664463433263E-19, 2.051843881212430505E-20, 1.000000000000000000 ) ) ;
#5590 = FILL_AREA_STYLE_COLOUR ( '', #2189 ) ;
#5591 = CARTESIAN_POINT ( 'NONE',  ( 3.628220461120370111, 4.349999999999999645, 1.000000000000000000 ) ) ;
#5592 = EDGE_CURVE ( 'NONE', #1055, #5832, #5393, .T. ) ;
#5593 = MECHANICAL_DESIGN_GEOMETRIC_PRESENTATION_REPRESENTATION (  '', ( #5216 ), #5405 ) ;
#5594 = ADVANCED_FACE ( 'NONE', ( #9622 ), #6085, .T. ) ;
#5595 = PRESENTATION_LAYER_ASSIGNMENT (  '', '', ( #10658 ) ) ;
#5596 = CARTESIAN_POINT ( 'NONE',  ( -1.699999999999999956, -3.275000000000000355, 1.649999999999999911 ) ) ;
#5597 = EDGE_LOOP ( 'NONE', ( #244, #3231, #7162, #969 ) ) ;
#5598 = FILL_AREA_STYLE ('',( #5824 ) ) ;
#5599 =( LENGTH_UNIT ( ) NAMED_UNIT ( * ) SI_UNIT ( .MILLI., .METRE. ) );
#5600 = CARTESIAN_POINT ( 'NONE',  ( -6.213276922344959985, -3.072439817376820148, -0.3203975278070689825 ) ) ;
#5601 = EDGE_LOOP ( 'NONE', ( #8994, #3725, #7476, #3351 ) ) ;
#5602 = FILL_AREA_STYLE ('',( #6478 ) ) ;
#5603 = STYLED_ITEM ( 'NONE', ( #541 ), #4176 ) ;
#5604 = ADVANCED_FACE ( 'NONE', ( #9265 ), #8606, .T. ) ;
#5605 = PLANE ( 'NONE',  #3756 ) ;
#5606 = EDGE_LOOP ( 'NONE', ( #9807, #6906, #157, #8416 ) ) ;
#5607 = DIRECTION ( 'NONE',  ( 0.0000000000000000000, -0.0000000000000000000, 1.000000000000000000 ) ) ;
#5608 = FILL_AREA_STYLE_COLOUR ( '', #7020 ) ;
#5609 = LINE ( 'NONE', #5666, #1975 ) ;
#5610 = ORIENTED_EDGE ( 'NONE', *, *, #135, .F. ) ;
#5611 = VECTOR ( 'NONE', #8831, 1000.000000000000000 ) ;
#5612 = LINE ( 'NONE', #3060, #2485 ) ;
#5613 = ORIENTED_EDGE ( 'NONE', *, *, #1156, .T. ) ;
#5614 = CARTESIAN_POINT ( 'NONE',  ( -1.128220461120370111, -4.349999999999999645, 2.000000000000000888 ) ) ;
#5615 = FACE_OUTER_BOUND ( 'NONE', #1268, .T. ) ;
#5616 = EDGE_CURVE ( 'NONE', #9168, #7475, #3548, .T. ) ;
#5617 = FILL_AREA_STYLE_COLOUR ( '', #6792 ) ;
#5618 = FACE_OUTER_BOUND ( 'NONE', #9759, .T. ) ;
#5619 = ORIENTED_EDGE ( 'NONE', *, *, #7552, .T. ) ;
#5620 = DIRECTION ( 'NONE',  ( 0.0000000000000000000, -1.000000000000000000, -0.0000000000000000000 ) ) ;
#5621 =( GEOMETRIC_REPRESENTATION_CONTEXT ( 3 ) GLOBAL_UNCERTAINTY_ASSIGNED_CONTEXT ( ( #6092 ) ) GLOBAL_UNIT_ASSIGNED_CONTEXT ( ( #3266, #2620, #4294 ) ) REPRESENTATION_CONTEXT ( 'NONE', 'WORKASPACE' ) );
#5622 = ADVANCED_FACE ( 'NONE', ( #4429, #2550 ), #10170, .T. ) ;
#5623 = PRESENTATION_LAYER_ASSIGNMENT (  '', '', ( #3664 ) ) ;
#5624 = CARTESIAN_POINT ( 'NONE',  ( -1.374999999999999556, -3.072439817376820148, 11.69185809281900035 ) ) ;
#5625 = VERTEX_POINT ( 'NONE', #5427 ) ;
#5626 = LINE ( 'NONE', #10538, #8853 ) ;
#5627 = FILL_AREA_STYLE_COLOUR ( '', #217 ) ;
#5628 = PRESENTATION_LAYER_ASSIGNMENT (  '', '', ( #4196 ) ) ;
#5629 = SURFACE_STYLE_USAGE ( .BOTH. , #10539 ) ;
#5630 = CARTESIAN_POINT ( 'NONE',  ( 3.871779538879629889, 4.349999999999999645, 1.734396805262089248E-17 ) ) ;
#5631 = EDGE_CURVE ( 'NONE', #4877, #9151, #4220, .T. ) ;
#5632 = DIRECTION ( 'NONE',  ( 1.000000000000000000, 0.0000000000000000000, 0.0000000000000000000 ) ) ;
#5633 =( NAMED_UNIT ( * ) PLANE_ANGLE_UNIT ( ) SI_UNIT ( $, .RADIAN. ) );
#5634 = SURFACE_SIDE_STYLE ('',( #8112 ) ) ;
#5635 = CIRCLE ( 'NONE', #2264, 0.2999999999999976574 ) ;
#5636 = EDGE_CURVE ( 'NONE', #7840, #8920, #2284, .T. ) ;
#5637 = CARTESIAN_POINT ( 'NONE',  ( -2.250000000000000000, -4.349999999999999645, 0.3261087975802219874 ) ) ;
#5638 = SURFACE_STYLE_FILL_AREA ( #6121 ) ;
#5639 = MECHANICAL_DESIGN_GEOMETRIC_PRESENTATION_REPRESENTATION (  '', ( #3332 ), #8775 ) ;
#5640 = FACE_OUTER_BOUND ( 'NONE', #5288, .T. ) ;
#5641 = FACE_OUTER_BOUND ( 'NONE', #10147, .T. ) ;
#5642 = ORIENTED_EDGE ( 'NONE', *, *, #2092, .F. ) ;
#5643 = UNCERTAINTY_MEASURE_WITH_UNIT (LENGTH_MEASURE( 1.000000000000000082E-05 ), #2598, 'distance_accuracy_value', 'NONE');
#5644 = VECTOR ( 'NONE', #9957, 1000.000000000000000 ) ;
#5645 = CARTESIAN_POINT ( 'NONE',  ( -0.6981879443287387632, -6.200000000000001066, 0.9999999999999985567 ) ) ;
#5646 = DIRECTION ( 'NONE',  ( -1.000000000000000000, 0.0000000000000000000, 0.0000000000000000000 ) ) ;
#5647 = DIRECTION ( 'NONE',  ( -0.0000000000000000000, -0.0000000000000000000, 1.000000000000000000 ) ) ;
#5648 = AXIS2_PLACEMENT_3D ( 'NONE', #4780, #7280, #1319 ) ;
#5649 = CARTESIAN_POINT ( 'NONE',  ( -0.1483524685257129883, -0.5829173506108279446, 11.88455947458400175 ) ) ;
#5650 = CYLINDRICAL_SURFACE ( 'NONE', #4610, 0.2999999999999964362 ) ;
#5651 = SURFACE_STYLE_USAGE ( .BOTH. , #666 ) ;
#5652 = VECTOR ( 'NONE', #10482, 1000.000000000000000 ) ;
#5653 = PLANE ( 'NONE',  #3228 ) ;
#5654 = EDGE_CURVE ( 'NONE', #6940, #4092, #7147, .T. ) ;
#5655 = VERTEX_POINT ( 'NONE', #10566 ) ;
#5656 = DIRECTION ( 'NONE',  ( 0.0000000000000000000, -0.0000000000000000000, -1.000000000000000000 ) ) ;
#5657 = CARTESIAN_POINT ( 'NONE',  ( -5.000000000000000000, -3.072439817376820148, 10.29185809281899999 ) ) ;
#5658 =( NAMED_UNIT ( * ) SI_UNIT ( $, .STERADIAN. ) SOLID_ANGLE_UNIT ( ) );
#5659 = ORIENTED_EDGE ( 'NONE', *, *, #4532, .F. ) ;
#5660 = CARTESIAN_POINT ( 'NONE',  ( -1.128220461120370111, 4.349999999999999645, -5.551115123125780237E-17 ) ) ;
#5661 =( LENGTH_UNIT ( ) NAMED_UNIT ( * ) SI_UNIT ( .MILLI., .METRE. ) );
#5662 = MECHANICAL_DESIGN_GEOMETRIC_PRESENTATION_REPRESENTATION (  '', ( #894 ), #4415 ) ;
#5663 = VERTEX_POINT ( 'NONE', #10348 ) ;
#5664 = LINE ( 'NONE', #2895, #1132 ) ;
#5665 = EDGE_CURVE ( 'NONE', #9556, #3500, #10533, .T. ) ;
#5666 = CARTESIAN_POINT ( 'NONE',  ( 1.371779538879629889, -4.349999999999999645, 6.720698216694526773E-17 ) ) ;
#5667 = ORIENTED_EDGE ( 'NONE', *, *, #4865, .F. ) ;
#5668 = COLOUR_RGB ( '',0.1764705882352941013, 0.1764705882352941013, 0.1764705882352941013 ) ;
#5669 = ORIENTED_EDGE ( 'NONE', *, *, #2567, .T. ) ;
#5670 = SURFACE_STYLE_USAGE ( .BOTH. , #10801 ) ;
#5671 =( NAMED_UNIT ( * ) SI_UNIT ( $, .STERADIAN. ) SOLID_ANGLE_UNIT ( ) );
#5672 = ADVANCED_FACE ( 'NONE', ( #4135 ), #8331, .T. ) ;
#5673 = VERTEX_POINT ( 'NONE', #4916 ) ;
#5674 = CIRCLE ( 'NONE', #8988, 0.2500000000000002220 ) ;
#5675 = UNCERTAINTY_MEASURE_WITH_UNIT (LENGTH_MEASURE( 1.000000000000000082E-05 ), #6895, 'distance_accuracy_value', 'NONE');
#5676 = CIRCLE ( 'NONE', #1437, 0.1217795388796301809 ) ;
#5677 = ORIENTED_EDGE ( 'NONE', *, *, #10550, .T. ) ;
#5678 =( NAMED_UNIT ( * ) SI_UNIT ( $, .STERADIAN. ) SOLID_ANGLE_UNIT ( ) );
#5679 = DIRECTION ( 'NONE',  ( -0.0000000000000000000, -0.0000000000000000000, 1.000000000000000000 ) ) ;
#5680 =( NAMED_UNIT ( * ) PLANE_ANGLE_UNIT ( ) SI_UNIT ( $, .RADIAN. ) );
#5681 = DIRECTION ( 'NONE',  ( 0.0000000000000000000, 0.0000000000000000000, -1.000000000000000000 ) ) ;
#5682 = VECTOR ( 'NONE', #1439, 1000.000000000000000 ) ;
#5683 =( NAMED_UNIT ( * ) PLANE_ANGLE_UNIT ( ) SI_UNIT ( $, .RADIAN. ) );
#5684 = AXIS2_PLACEMENT_3D ( 'NONE', #1225, #1174, #7203 ) ;
#5685 = AXIS2_PLACEMENT_3D ( 'NONE', #6356, #5419, #9640 ) ;
#5686 = FILL_AREA_STYLE ('',( #2352 ) ) ;
#5687 = CARTESIAN_POINT ( 'NONE',  ( -6.513276922344958031, -3.072439817376820592, 11.70411371344519935 ) ) ;
#5688 = EDGE_CURVE ( 'NONE', #7581, #5936, #6701, .T. ) ;
#5689 = UNCERTAINTY_MEASURE_WITH_UNIT (LENGTH_MEASURE( 1.000000000000000082E-05 ), #4815, 'distance_accuracy_value', 'NONE');
#5690 = LINE ( 'NONE', #1430, #2302 ) ;
#5691 = FILL_AREA_STYLE_COLOUR ( '', #1694 ) ;
#5692 =( LENGTH_UNIT ( ) NAMED_UNIT ( * ) SI_UNIT ( .MILLI., .METRE. ) );
#5693 = LINE ( 'NONE', #7230, #10678 ) ;
#5694 = ADVANCED_FACE ( 'NONE', ( #9153 ), #6587, .T. ) ;
#5695 = VECTOR ( 'NONE', #9521, 1000.000000000000000 ) ;
#5696 =( GEOMETRIC_REPRESENTATION_CONTEXT ( 3 ) GLOBAL_UNCERTAINTY_ASSIGNED_CONTEXT ( ( #2907 ) ) GLOBAL_UNIT_ASSIGNED_CONTEXT ( ( #10496, #4516, #1262 ) ) REPRESENTATION_CONTEXT ( 'NONE', 'WORKASPACE' ) );
#5697 = CARTESIAN_POINT ( 'NONE',  ( 2.670924639908020204, -0.9893557386330470438, 11.78455947458400033 ) ) ;
#5698 = ORIENTED_EDGE ( 'NONE', *, *, #7432, .T. ) ;
#5699 = DIRECTION ( 'NONE',  ( -0.0000000000000000000, -0.0000000000000000000, 1.000000000000000000 ) ) ;
#5700 = EDGE_CURVE ( 'NONE', #3948, #2893, #7054, .T. ) ;
#5701 = CARTESIAN_POINT ( 'NONE',  ( 6.200000000000001066, 5.900000000000000355, 0.0000000000000000000 ) ) ;
#5702 = SURFACE_SIDE_STYLE ('',( #1604 ) ) ;
#5703 = CIRCLE ( 'NONE', #1992, 0.2499999999999998335 ) ;
#5704 = CARTESIAN_POINT ( 'NONE',  ( 6.213276922344950215, -3.072439817376820148, 11.70411371344519935 ) ) ;
#5705 = PRESENTATION_LAYER_ASSIGNMENT (  '', '', ( #2828 ) ) ;
#5706 = CARTESIAN_POINT ( 'NONE',  ( -2.027870540814870282, 0.7696804059452659885, 11.78455947458400033 ) ) ;
#5707 =( NAMED_UNIT ( * ) PLANE_ANGLE_UNIT ( ) SI_UNIT ( $, .RADIAN. ) );
#5708 = PRESENTATION_STYLE_ASSIGNMENT (( #5651 ) ) ;
#5709 = AXIS2_PLACEMENT_3D ( 'NONE', #9842, #9294, #1605 ) ;
#5710 =( GEOMETRIC_REPRESENTATION_CONTEXT ( 3 ) GLOBAL_UNCERTAINTY_ASSIGNED_CONTEXT ( ( #2726 ) ) GLOBAL_UNIT_ASSIGNED_CONTEXT ( ( #6859, #1949, #3919 ) ) REPRESENTATION_CONTEXT ( 'NONE', 'WORKASPACE' ) );
#5711 = AXIS2_PLACEMENT_3D ( 'NONE', #2625, #1884, #5235 ) ;
#5712 = ADVANCED_FACE ( 'NONE', ( #1513, #4868 ), #8226, .T. ) ;
#5713 = DIRECTION ( 'NONE',  ( 0.0000000000000000000, 1.000000000000000000, 0.0000000000000000000 ) ) ;
#5714 = DIRECTION ( 'NONE',  ( -1.000000000000000000, 0.0000000000000000000, 0.0000000000000000000 ) ) ;
#5715 = DIRECTION ( 'NONE',  ( 0.0000000000000000000, 0.0000000000000000000, -1.000000000000000000 ) ) ;
#5716 =( GEOMETRIC_REPRESENTATION_CONTEXT ( 3 ) GLOBAL_UNCERTAINTY_ASSIGNED_CONTEXT ( ( #2964 ) ) GLOBAL_UNIT_ASSIGNED_CONTEXT ( ( #10763, #5802, #1597 ) ) REPRESENTATION_CONTEXT ( 'NONE', 'WORKASPACE' ) );
#5717 = ORIENTED_EDGE ( 'NONE', *, *, #411, .F. ) ;
#5718 = DIRECTION ( 'NONE',  ( 0.0000000000000000000, 0.0000000000000000000, 1.000000000000000000 ) ) ;
#5719 = CARTESIAN_POINT ( 'NONE',  ( -2.160636889256319915, -5.795199161759920337, 9.372862536810730560 ) ) ;
#5720 = LINE ( 'NONE', #9053, #6200 ) ;
#5721 = AXIS2_PLACEMENT_3D ( 'NONE', #9183, #2256, #5646 ) ;
#5722 = LINE ( 'NONE', #5827, #5955 ) ;
#5723 = CIRCLE ( 'NONE', #424, 0.2500000000000002220 ) ;
#5724 = AXIS2_PLACEMENT_3D ( 'NONE', #4329, #3554, #10088 ) ;
#5725 = VECTOR ( 'NONE', #10509, 1000.000000000000000 ) ;
#5726 = DIRECTION ( 'NONE',  ( 1.000000000000000000, 0.0000000000000000000, -0.0000000000000000000 ) ) ;
#5727 = VERTEX_POINT ( 'NONE', #4361 ) ;
#5728 = FILL_AREA_STYLE ('',( #2434 ) ) ;
#5729 = MECHANICAL_DESIGN_GEOMETRIC_PRESENTATION_REPRESENTATION (  '', ( #1488 ), #3950 ) ;
#5730 = CARTESIAN_POINT ( 'NONE',  ( -4.002845596186371147, -5.924880838070049727, 1.734396805262088632E-17 ) ) ;
#5731 = ORIENTED_EDGE ( 'NONE', *, *, #3268, .F. ) ;
#5732 = EDGE_LOOP ( 'NONE', ( #8565, #10765, #7080, #3104, #6257, #965 ) ) ;
#5733 = CARTESIAN_POINT ( 'NONE',  ( 0.6955857931040060338, -1.025500316946299950, 11.78455947458400033 ) ) ;
#5734 = DIRECTION ( 'NONE',  ( 0.0000000000000000000, -0.0000000000000000000, -1.000000000000000000 ) ) ;
#5735 = VECTOR ( 'NONE', #7701, 1000.000000000000000 ) ;
#5736 = UNCERTAINTY_MEASURE_WITH_UNIT (LENGTH_MEASURE( 1.000000000000000082E-05 ), #1443, 'distance_accuracy_value', 'NONE');
#5737 = SURFACE_STYLE_USAGE ( .BOTH. , #3291 ) ;
#5738 = ORIENTED_EDGE ( 'NONE', *, *, #4260, .T. ) ;
#5739 = FILL_AREA_STYLE_COLOUR ( '', #2546 ) ;
#5740 = STYLED_ITEM ( 'NONE', ( #6544 ), #1297 ) ;
#5741 = ORIENTED_EDGE ( 'NONE', *, *, #6070, .F. ) ;
#5742 = SURFACE_STYLE_FILL_AREA ( #9169 ) ;
#5743 = SURFACE_STYLE_USAGE ( .BOTH. , #9871 ) ;
#5744 = PRESENTATION_STYLE_ASSIGNMENT (( #1697 ) ) ;
#5745 = ORIENTED_EDGE ( 'NONE', *, *, #4851, .F. ) ;
#5746 = UNCERTAINTY_MEASURE_WITH_UNIT (LENGTH_MEASURE( 1.000000000000000082E-05 ), #10127, 'distance_accuracy_value', 'NONE');
#5747 = CARTESIAN_POINT ( 'NONE',  ( 1.469023420932789925, 0.7597030279048370138, 11.88455947458399820 ) ) ;
#5748 = AXIS2_PLACEMENT_3D ( 'NONE', #4478, #6197, #953 ) ;
#5749 = LINE ( 'NONE', #3188, #8551 ) ;
#5750 = DIRECTION ( 'NONE',  ( 0.08293612690015314537, -0.9965548649496432931, -0.0000000000000000000 ) ) ;
#5751 = FILL_AREA_STYLE_COLOUR ( '', #632 ) ;
#5752 = CARTESIAN_POINT ( 'NONE',  ( 5.000000000000000000, -3.072439817376820148, 1.091858092819040005 ) ) ;
#5753 = CARTESIAN_POINT ( 'NONE',  ( -6.305712614295099883, 3.101520183108080531, -0.3910372559811560178 ) ) ;
#5754 = AXIS2_PLACEMENT_3D ( 'NONE', #3461, #1032, #6836 ) ;
#5755 = CARTESIAN_POINT ( 'NONE',  ( -1.184120535069759894, -0.7167652622849911559, 11.78455947458400033 ) ) ;
#5756 = ADVANCED_FACE ( 'NONE', ( #214, #8596 ), #1056, .T. ) ;
#5757 = MECHANICAL_DESIGN_GEOMETRIC_PRESENTATION_REPRESENTATION (  '', ( #3275 ), #7674 ) ;
#5758 = ORIENTED_EDGE ( 'NONE', *, *, #7169, .T. ) ;
#5759 = FILL_AREA_STYLE ('',( #9890 ) ) ;
#5760 = PLANE ( 'NONE',  #9193 ) ;
#5761 = CARTESIAN_POINT ( 'NONE',  ( 5.900000000000000355, -6.200000000000001066, 2.423139022126550050E-17 ) ) ;
#5762 =( NAMED_UNIT ( * ) SI_UNIT ( $, .STERADIAN. ) SOLID_ANGLE_UNIT ( ) );
#5763 = CARTESIAN_POINT ( 'NONE',  ( -0.2499999999999998335, -4.350000000000010303, 0.3261087975802219874 ) ) ;
#5764 = COLOUR_RGB ( '',1.000000000000000000, 0.7490196078431372584, 0.0000000000000000000 ) ;
#5765 = ADVANCED_FACE ( 'NONE', ( #9254 ), #10218, .T. ) ;
#5766 = CARTESIAN_POINT ( 'NONE',  ( -6.513276922344959807, -3.072439817376820148, 11.70411371344519935 ) ) ;
#5767 = CARTESIAN_POINT ( 'NONE',  ( -0.9245195309158089625, -0.6399581482716010239, 11.88455947458400175 ) ) ;
#5768 =( LENGTH_UNIT ( ) NAMED_UNIT ( * ) SI_UNIT ( .MILLI., .METRE. ) );
#5769 =( GEOMETRIC_REPRESENTATION_CONTEXT ( 3 ) GLOBAL_UNCERTAINTY_ASSIGNED_CONTEXT ( ( #9368 ) ) GLOBAL_UNIT_ASSIGNED_CONTEXT ( ( #690, #8242, #4764 ) ) REPRESENTATION_CONTEXT ( 'NONE', 'WORKASPACE' ) );
#5770 = DIRECTION ( 'NONE',  ( -1.000000000000000000, 0.0000000000000000000, -0.0000000000000000000 ) ) ;
#5771 = SURFACE_SIDE_STYLE ('',( #10063 ) ) ;
#5772 = DIRECTION ( 'NONE',  ( 2.121137671986024496E-16, 2.121137671986024496E-16, 1.000000000000000000 ) ) ;
#5773 = SURFACE_STYLE_USAGE ( .BOTH. , #783 ) ;
#5774 = VERTEX_POINT ( 'NONE', #3640 ) ;
#5775 = DIRECTION ( 'NONE',  ( 0.08293612690015354783, -0.9965548649496431821, -0.0000000000000000000 ) ) ;
#5776 = VECTOR ( 'NONE', #7314, 1000.000000000000000 ) ;
#5777 = SURFACE_STYLE_FILL_AREA ( #8085 ) ;
#5778 = EDGE_CURVE ( 'NONE', #905, #5794, #8649, .T. ) ;
#5779 = DIRECTION ( 'NONE',  ( 0.0000000000000000000, -0.0000000000000000000, -1.000000000000000000 ) ) ;
#5780 = VERTEX_POINT ( 'NONE', #5296 ) ;
#5781 = SURFACE_STYLE_USAGE ( .BOTH. , #10733 ) ;
#5782 = CARTESIAN_POINT ( 'NONE',  ( -4.453928499320490175, -5.095199161759920159, 9.372862536810730560 ) ) ;
#5783 = ORIENTED_EDGE ( 'NONE', *, *, #9617, .F. ) ;
#5784 = FACE_OUTER_BOUND ( 'NONE', #479, .T. ) ;
#5785 = ORIENTED_EDGE ( 'NONE', *, *, #9043, .F. ) ;
#5786 = CARTESIAN_POINT ( 'NONE',  ( -4.950000000000000178, 5.900000000000000355, 9.400000000000000355 ) ) ;
#5787 = CARTESIAN_POINT ( 'NONE',  ( -4.950000000000000178, -6.200000000000001066, 10.50000000000000000 ) ) ;
#5788 = CARTESIAN_POINT ( 'NONE',  ( 0.7016099814113669897, 0.6635057416207670311, 11.88455947458399997 ) ) ;
#5789 = ORIENTED_EDGE ( 'NONE', *, *, #5479, .F. ) ;
#5790 = VERTEX_POINT ( 'NONE', #10451 ) ;
#5791 = PRESENTATION_LAYER_ASSIGNMENT (  '', '', ( #7703 ) ) ;
#5792 = SURFACE_STYLE_FILL_AREA ( #4158 ) ;
#5793 =( NAMED_UNIT ( * ) PLANE_ANGLE_UNIT ( ) SI_UNIT ( $, .RADIAN. ) );
#5794 = VERTEX_POINT ( 'NONE', #2810 ) ;
#5795 = SURFACE_STYLE_USAGE ( .BOTH. , #9935 ) ;
#5796 = SURFACE_SIDE_STYLE ('',( #9988 ) ) ;
#5797 = PRESENTATION_STYLE_ASSIGNMENT (( #6978 ) ) ;
#5798 = PRODUCT_DEFINITION ( 'UNKNOWN', '', #3066, #2977 ) ;
#5799 = FACE_OUTER_BOUND ( 'NONE', #4320, .T. ) ;
#5800 = ORIENTED_EDGE ( 'NONE', *, *, #2360, .T. ) ;
#5801 = LINE ( 'NONE', #88, #8492 ) ;
#5802 =( NAMED_UNIT ( * ) PLANE_ANGLE_UNIT ( ) SI_UNIT ( $, .RADIAN. ) );
#5803 = DIRECTION ( 'NONE',  ( 0.0000000000000000000, 0.0000000000000000000, -1.000000000000000000 ) ) ;
#5804 = VERTEX_POINT ( 'NONE', #5417 ) ;
#5805 = STYLED_ITEM ( 'NONE', ( #6848 ), #4776 ) ;
#5806 = DIRECTION ( 'NONE',  ( 1.000000000000000000, 0.0000000000000000000, 0.0000000000000000000 ) ) ;
#5807 = DIRECTION ( 'NONE',  ( 0.0000000000000000000, 0.0000000000000000000, -1.000000000000000000 ) ) ;
#5808 = ADVANCED_FACE ( 'NONE', ( #5530, #8018 ), #8813, .T. ) ;
#5809 = LINE ( 'NONE', #5761, #4499 ) ;
#5810 = VECTOR ( 'NONE', #7261, 1000.000000000000000 ) ;
#5811 = FILL_AREA_STYLE_COLOUR ( '', #5668 ) ;
#5812 = SURFACE_SIDE_STYLE ('',( #2412 ) ) ;
#5813 = DIRECTION ( 'NONE',  ( -1.000000000000000000, 0.0000000000000000000, 0.0000000000000000000 ) ) ;
#5814 = PRESENTATION_STYLE_ASSIGNMENT (( #6634 ) ) ;
#5815 =( GEOMETRIC_REPRESENTATION_CONTEXT ( 3 ) GLOBAL_UNCERTAINTY_ASSIGNED_CONTEXT ( ( #9632 ) ) GLOBAL_UNIT_ASSIGNED_CONTEXT ( ( #2318, #722, #8225 ) ) REPRESENTATION_CONTEXT ( 'NONE', 'WORKASPACE' ) );
#5816 = ADVANCED_FACE ( 'NONE', ( #1275, #8072 ), #10393, .T. ) ;
#5817 = LINE ( 'NONE', #3208, #9882 ) ;
#5818 = CARTESIAN_POINT ( 'NONE',  ( -0.8238983232653399602, -0.7303195940547341225, 11.78455947458399677 ) ) ;
#5819 = PLANE ( 'NONE',  #4423 ) ;
#5820 = COLOUR_RGB ( '',0.7450980392156862919, 0.7450980392156862919, 0.7450980392156862919 ) ;
#5821 = DIRECTION ( 'NONE',  ( 1.604941620322706689E-31, -1.604941620322706689E-31, -1.000000000000000000 ) ) ;
#5822 = ORIENTED_EDGE ( 'NONE', *, *, #8166, .F. ) ;
#5823 = CARTESIAN_POINT ( 'NONE',  ( -3.753928499320489998, -5.795199161759920337, 9.372862536810730560 ) ) ;
#5824 = FILL_AREA_STYLE_COLOUR ( '', #6877 ) ;
#5825 =( NAMED_UNIT ( * ) PLANE_ANGLE_UNIT ( ) SI_UNIT ( $, .RADIAN. ) );
#5826 = EDGE_CURVE ( 'NONE', #1329, #1522, #1216, .T. ) ;
#5827 = CARTESIAN_POINT ( 'NONE',  ( -2.049999999999999822, 3.750000000000000000, 2.010536847301319874 ) ) ;
#5828 = AXIS2_PLACEMENT_3D ( 'NONE', #7250, #5484, #4647 ) ;
#5829 = DIRECTION ( 'NONE',  ( -0.0000000000000000000, -0.0000000000000000000, -1.000000000000000000 ) ) ;
#5830 = ORIENTED_EDGE ( 'NONE', *, *, #7090, .F. ) ;
#5831 = SURFACE_STYLE_FILL_AREA ( #9114 ) ;
#5832 = VERTEX_POINT ( 'NONE', #4904 ) ;
#5833 = EDGE_CURVE ( 'NONE', #5673, #4057, #5485, .T. ) ;
#5834 = CARTESIAN_POINT ( 'NONE',  ( 2.670924639908020204, -0.9893557386330470438, 11.78455947458400033 ) ) ;
#5835 = AXIS2_PLACEMENT_3D ( 'NONE', #6131, #8765, #340 ) ;
#5836 = DIRECTION ( 'NONE',  ( -1.000000000000000000, 0.0000000000000000000, 0.0000000000000000000 ) ) ;
#5837 = ORIENTED_EDGE ( 'NONE', *, *, #3520, .T. ) ;
#5838 = CARTESIAN_POINT ( 'NONE',  ( 6.200000000000001066, -3.072439817376820148, 11.69185809281900035 ) ) ;
#5839 = DIRECTION ( 'NONE',  ( 0.0000000000000000000, 1.000000000000000000, 0.0000000000000000000 ) ) ;
#5840 = SURFACE_STYLE_FILL_AREA ( #1695 ) ;
#5841 = ORIENTED_EDGE ( 'NONE', *, *, #3658, .F. ) ;
#5842 = STYLED_ITEM ( 'NONE', ( #5513 ), #6010 ) ;
#5843 = SURFACE_STYLE_USAGE ( .BOTH. , #9872 ) ;
#5844 = CARTESIAN_POINT ( 'NONE',  ( -4.301812055671259571, 6.200000000000001066, 2.000000000000000000 ) ) ;
#5845 = ORIENTED_EDGE ( 'NONE', *, *, #4330, .F. ) ;
#5846 = CARTESIAN_POINT ( 'NONE',  ( 4.749999999999999112, -4.349999999999998757, 0.3261087975802219874 ) ) ;
#5847 = MECHANICAL_DESIGN_GEOMETRIC_PRESENTATION_REPRESENTATION (  '', ( #7058 ), #6360 ) ;
#5848 = FILL_AREA_STYLE_COLOUR ( '', #2851 ) ;
#5849 = AXIS2_PLACEMENT_3D ( 'NONE', #1215, #4526, #4576 ) ;
#5850 = LINE ( 'NONE', #24, #10243 ) ;
#5851 = FILL_AREA_STYLE ('',( #9989 ) ) ;
#5852 = EDGE_CURVE ( 'NONE', #7475, #7005, #9949, .T. ) ;
#5853 = STYLED_ITEM ( 'NONE', ( #5584 ), #2355 ) ;
#5854 =( BOUNDED_SURFACE ( )  B_SPLINE_SURFACE ( 1, 2, ( 
 ( #2683, #6068, #9410, #208, #1883, #5234, #276, #2095, #3749 ),
 ( #7236, #9585, #6184, #7129, #1162, #8068, #2805, #4687, #2927 ) ),
 .UNSPECIFIED., .F., .F., .F. ) 
 B_SPLINE_SURFACE_WITH_KNOTS ( ( 2, 2 ),
 ( 3, 2, 2, 2, 3 ),
 ( 0.0000000000000000000, 7.186048063044039758 ),
 ( -12.24881762369800065, -5.654739897196839671, -4.555182468440410304, -1.099557428756430033, 0.0000000000000000000 ),
 .UNSPECIFIED. ) 
 GEOMETRIC_REPRESENTATION_ITEM ( )  RATIONAL_B_SPLINE_SURFACE ( (
 ( 1.000000000000000000, 1.000000000000000000, 1.000000000000000000, 0.7071067811865480168, 1.000000000000000000, 1.000000000000000000, 1.000000000000000000, 0.7071067811865480168, 1.000000000000000000),
 ( 1.000000000000000000, 1.000000000000000000, 1.000000000000000000, 0.7071067811865480168, 1.000000000000000000, 1.000000000000000000, 1.000000000000000000, 0.7071067811865480168, 1.000000000000000000) ) ) 
 REPRESENTATION_ITEM ( '' )  SURFACE ( )  );
#5855 = ORIENTED_EDGE ( 'NONE', *, *, #5345, .T. ) ;
#5856 = CARTESIAN_POINT ( 'NONE',  ( -1.011304206813260054, -0.8711327896156449979, 11.88455947458399997 ) ) ;
#5857 = SURFACE_SIDE_STYLE ('',( #1545 ) ) ;
#5858 = EDGE_LOOP ( 'NONE', ( #166, #8040 ) ) ;
#5859 = CIRCLE ( 'NONE', #7078, 0.3000000000000016542 ) ;
#5860 = DIRECTION ( 'NONE',  ( -1.000000000000000000, -0.0000000000000000000, -0.0000000000000000000 ) ) ;
#5861 = LINE ( 'NONE', #8122, #10416 ) ;
#5862 = UNCERTAINTY_MEASURE_WITH_UNIT (LENGTH_MEASURE( 1.000000000000000082E-05 ), #5450, 'distance_accuracy_value', 'NONE');
#5863 =( NAMED_UNIT ( * ) PLANE_ANGLE_UNIT ( ) SI_UNIT ( $, .RADIAN. ) );
#5864 = DIRECTION ( 'NONE',  ( -0.0000000000000000000, -0.0000000000000000000, -1.000000000000000000 ) ) ;
#5865 =( GEOMETRIC_REPRESENTATION_CONTEXT ( 3 ) GLOBAL_UNCERTAINTY_ASSIGNED_CONTEXT ( ( #7810 ) ) GLOBAL_UNIT_ASSIGNED_CONTEXT ( ( #5556, #3684, #10640 ) ) REPRESENTATION_CONTEXT ( 'NONE', 'WORKASPACE' ) );
#5866 =( NAMED_UNIT ( * ) PLANE_ANGLE_UNIT ( ) SI_UNIT ( $, .RADIAN. ) );
#5867 = SURFACE_SIDE_STYLE ('',( #7301 ) ) ;
#5868 = PRESENTATION_LAYER_ASSIGNMENT (  '', '', ( #1981 ) ) ;
#5869 = CARTESIAN_POINT ( 'NONE',  ( 1.699999999999999956, 3.275000000000000355, 1.649999999999999911 ) ) ;
#5870 =( GEOMETRIC_REPRESENTATION_CONTEXT ( 3 ) GLOBAL_UNCERTAINTY_ASSIGNED_CONTEXT ( ( #4882 ) ) GLOBAL_UNIT_ASSIGNED_CONTEXT ( ( #4961, #7399, #1395 ) ) REPRESENTATION_CONTEXT ( 'NONE', 'WORKASPACE' ) );
#5871 = EDGE_CURVE ( 'NONE', #1904, #6388, #712, .T. ) ;
#5872 = CARTESIAN_POINT ( 'NONE',  ( 2.911888495329709947, -0.5194762205607580396, 11.78455947458400033 ) ) ;
#5873 = CARTESIAN_POINT ( 'NONE',  ( -0.7242183950378959789, -0.04959670248846866081, 11.78455947458400033 ) ) ;
#5874 =( GEOMETRIC_REPRESENTATION_CONTEXT ( 3 ) GLOBAL_UNCERTAINTY_ASSIGNED_CONTEXT ( ( #9925 ) ) GLOBAL_UNIT_ASSIGNED_CONTEXT ( ( #4046, #5027, #8222 ) ) REPRESENTATION_CONTEXT ( 'NONE', 'WORKASPACE' ) );
#5875 = DIRECTION ( 'NONE',  ( -0.0000000000000000000, 1.000000000000000000, 0.0000000000000000000 ) ) ;
#5876 = PRESENTATION_LAYER_ASSIGNMENT (  '', '', ( #3744 ) ) ;
#5877 = DIRECTION ( 'NONE',  ( -0.0000000000000000000, -1.000000000000000000, -0.0000000000000000000 ) ) ;
#5878 = EDGE_LOOP ( 'NONE', ( #8305, #2913, #8159, #3709 ) ) ;
#5879 = CARTESIAN_POINT ( 'NONE',  ( 4.453928499320490175, -5.095199161759920159, 1.972862536810730205 ) ) ;
#5880 = FILL_AREA_STYLE ('',( #54 ) ) ;
#5881 = CARTESIAN_POINT ( 'NONE',  ( 1.393816206173080108, -0.5014038394823130407, 11.78455947458400033 ) ) ;
#5882 =( NAMED_UNIT ( * ) SI_UNIT ( $, .STERADIAN. ) SOLID_ANGLE_UNIT ( ) );
#5883 = PRESENTATION_LAYER_ASSIGNMENT (  '', '', ( #6395 ) ) ;
#5884 = DIRECTION ( 'NONE',  ( -1.000000000000000000, 0.0000000000000000000, 0.0000000000000000000 ) ) ;
#5885 = PRESENTATION_LAYER_ASSIGNMENT (  '', '', ( #6033 ) ) ;
#5886 = UNCERTAINTY_MEASURE_WITH_UNIT (LENGTH_MEASURE( 1.000000000000000082E-05 ), #3495, 'distance_accuracy_value', 'NONE');
#5887 =( LENGTH_UNIT ( ) NAMED_UNIT ( * ) SI_UNIT ( .MILLI., .METRE. ) );
#5888 = STYLED_ITEM ( 'NONE', ( #6849 ), #10474 ) ;
#5889 = EDGE_CURVE ( 'NONE', #5832, #7737, #7298, .T. ) ;
#5890 =( GEOMETRIC_REPRESENTATION_CONTEXT ( 3 ) GLOBAL_UNCERTAINTY_ASSIGNED_CONTEXT ( ( #6627 ) ) GLOBAL_UNIT_ASSIGNED_CONTEXT ( ( #3383, #5090, #9259 ) ) REPRESENTATION_CONTEXT ( 'NONE', 'WORKASPACE' ) );
#5891 = DIRECTION ( 'NONE',  ( 1.000000000000000000, 0.0000000000000000000, 0.0000000000000000000 ) ) ;
#5892 = LINE ( 'NONE', #796, #3899 ) ;
#5893 = VERTEX_POINT ( 'NONE', #2411 ) ;
#5894 = CARTESIAN_POINT ( 'NONE',  ( 0.3335752423176610026, 0.3455465163010860707, 11.88455947458399997 ) ) ;
#5895 = CARTESIAN_POINT ( 'NONE',  ( 4.950000000000000178, 5.900000000000000355, 9.400000000000000355 ) ) ;
#5896 = CARTESIAN_POINT ( 'NONE',  ( -2.292930781778729887, 0.7696804059452659885, 11.78455947458400033 ) ) ;
#5897 = CARTESIAN_POINT ( 'NONE',  ( -1.208593432381130039, -0.4712834494764209792, 11.78455947458400033 ) ) ;
#5898 = FACE_OUTER_BOUND ( 'NONE', #10430, .T. ) ;
#5899 = AXIS2_PLACEMENT_3D ( 'NONE', #9774, #10431, #2080 ) ;
#5900 = PLANE ( 'NONE',  #1148 ) ;
#5901 = VECTOR ( 'NONE', #2521, 1000.000000000000000 ) ;
#5902 = EDGE_LOOP ( 'NONE', ( #332, #9492, #2782, #34 ) ) ;
#5903 = CARTESIAN_POINT ( 'NONE',  ( -4.599635752693309598, -0.0003802452009559699930, 9.127783911014779150 ) ) ;
#5904 = ORIENTED_EDGE ( 'NONE', *, *, #4442, .F. ) ;
#5905 = DIRECTION ( 'NONE',  ( -1.000000000000000000, -0.0000000000000000000, 0.0000000000000000000 ) ) ;
#5906 = MECHANICAL_DESIGN_GEOMETRIC_PRESENTATION_REPRESENTATION (  '', ( #8509 ), #9045 ) ;
#5907 = SURFACE_STYLE_USAGE ( .BOTH. , #2457 ) ;
#5908 = STYLED_ITEM ( 'NONE', ( #967 ), #8699 ) ;
#5909 = ADVANCED_FACE ( 'NONE', ( #1552 ), #3036, .T. ) ;
#5910 = AXIS2_PLACEMENT_3D ( 'NONE', #7165, #2716, #2956 ) ;
#5911 =( NAMED_UNIT ( * ) PLANE_ANGLE_UNIT ( ) SI_UNIT ( $, .RADIAN. ) );
#5912 = ORIENTED_EDGE ( 'NONE', *, *, #10338, .F. ) ;
#5913 = CARTESIAN_POINT ( 'NONE',  ( -0.2891656640866239747, 0.08763981510858470658, 11.78455947458400033 ) ) ;
#5914 = EDGE_LOOP ( 'NONE', ( #9653, #8046, #797, #3221, #9636, #8587, #1080, #2397, #4599, #5268, #6110, #5352, #5553, #3734, #9554, #2809 ) ) ;
#5915 = CARTESIAN_POINT ( 'NONE',  ( 3.198187944328740873, -6.200000000000001066, 2.000000000000000000 ) ) ;
#5916 =( NAMED_UNIT ( * ) PLANE_ANGLE_UNIT ( ) SI_UNIT ( $, .RADIAN. ) );
#5917 =( GEOMETRIC_REPRESENTATION_CONTEXT ( 3 ) GLOBAL_UNCERTAINTY_ASSIGNED_CONTEXT ( ( #528 ) ) GLOBAL_UNIT_ASSIGNED_CONTEXT ( ( #10740, #2386, #6382 ) ) REPRESENTATION_CONTEXT ( 'NONE', 'WORKASPACE' ) );
#5918 = DIRECTION ( 'NONE',  ( 1.000000000000000000, 0.0000000000000000000, 1.348803178618590531E-16 ) ) ;
#5919 =( NAMED_UNIT ( * ) SI_UNIT ( $, .STERADIAN. ) SOLID_ANGLE_UNIT ( ) );
#5920 =( BOUNDED_CURVE ( )  B_SPLINE_CURVE ( 2, ( #7877, #7706, #10309, #6941, #7821, #4447, #318, #7045, #1920 ),
 .UNSPECIFIED., .F., .F. ) 
 B_SPLINE_CURVE_WITH_KNOTS ( ( 3, 2, 2, 2, 3 ),
 ( 8.673617379884035472E-19, 0.01064357573798416570, 0.01241838386986264878, 0.01799614748707545342, 0.01977095561895377343 ),
 .UNSPECIFIED. ) 
 CURVE ( )  GEOMETRIC_REPRESENTATION_ITEM ( )  RATIONAL_B_SPLINE_CURVE ( ( 1.000000000000000000, 1.000000000000000000, 1.000000000000000000, 0.7071067811865490160, 1.000000000000000000, 1.000000000000000000, 1.000000000000000000, 0.7071067811865470176, 1.000000000000000000 ) ) 
 REPRESENTATION_ITEM ( '' )  );
#5921 = PRESENTATION_LAYER_ASSIGNMENT (  '', '', ( #2368 ) ) ;
#5922 = PRESENTATION_STYLE_ASSIGNMENT (( #1722 ) ) ;
#5923 = STYLED_ITEM ( 'NONE', ( #9840 ), #3073 ) ;
#5924 = CARTESIAN_POINT ( 'NONE',  ( -0.9676295769594479568, -0.4351388711631680173, 11.78455947458400033 ) ) ;
#5925 = EDGE_LOOP ( 'NONE', ( #10087, #7926, #6534, #3764 ) ) ;
#5926 = MECHANICAL_DESIGN_GEOMETRIC_PRESENTATION_REPRESENTATION (  '', ( #9071 ), #6081 ) ;
#5927 = EDGE_CURVE ( 'NONE', #892, #6150, #8124, .T. ) ;
#5928 = ADVANCED_FACE ( 'NONE', ( #554 ), #1501, .T. ) ;
#5929 =( GEOMETRIC_REPRESENTATION_CONTEXT ( 3 ) GLOBAL_UNCERTAINTY_ASSIGNED_CONTEXT ( ( #5303 ) ) GLOBAL_UNIT_ASSIGNED_CONTEXT ( ( #2133, #5454, #1318 ) ) REPRESENTATION_CONTEXT ( 'NONE', 'WORKASPACE' ) );
#5930 = CARTESIAN_POINT ( 'NONE',  ( 4.301812055671259571, -6.200000000000001066, 2.000000000000000000 ) ) ;
#5931 = AXIS2_PLACEMENT_3D ( 'NONE', #7536, #7582, #14 ) ;
#5932 = CARTESIAN_POINT ( 'NONE',  ( -5.000000000000000000, 3.274999999999999911, 1.649999999999999911 ) ) ;
#5933 = DIRECTION ( 'NONE',  ( 1.000000000000000000, 0.0000000000000000000, 9.659745536641628513E-17 ) ) ;
#5934 =( NAMED_UNIT ( * ) SI_UNIT ( $, .STERADIAN. ) SOLID_ANGLE_UNIT ( ) );
#5935 = FILL_AREA_STYLE_COLOUR ( '', #6889 ) ;
#5936 = VERTEX_POINT ( 'NONE', #10883 ) ;
#5937 = ORIENTED_EDGE ( 'NONE', *, *, #1352, .T. ) ;
#5938 = FACE_OUTER_BOUND ( 'NONE', #3341, .T. ) ;
#5939 = CARTESIAN_POINT ( 'NONE',  ( 2.250000000000000444, 4.099999999999999645, -4.673891202419779844 ) ) ;
#5940 = EDGE_CURVE ( 'NONE', #10194, #8540, #8421, .T. ) ;
#5941 = B_SPLINE_CURVE_WITH_KNOTS ( 'NONE', 2,
 ( #3547, #2549, #853, #6921, #2496, #2641, #7738, #1012, #4373, #10232, #4321, #6029, #9210, #1632, #7529 ),
 .UNSPECIFIED., .F., .F.,
 ( 3, 2, 2, 2, 2, 2, 2, 3 ),
 ( 0.0000000000000000000, 0.0004825279104181061482, 0.0009650558208362122964, 0.001447583731254318282, 0.001930111641672424593, 0.002412639552090530687, 0.002895167462508636564, 0.003377695372926742875 ),
 .UNSPECIFIED. ) ;
#5942 = FACE_OUTER_BOUND ( 'NONE', #8224, .T. ) ;
#5943 = ORIENTED_EDGE ( 'NONE', *, *, #1594, .F. ) ;
#5944 = CARTESIAN_POINT ( 'NONE',  ( -1.801812055671260016, 6.200000000000001066, 0.0000000000000000000 ) ) ;
#5945 = CARTESIAN_POINT ( 'NONE',  ( 3.871779538879629889, 4.349999999999995204, 2.000000000000000888 ) ) ;
#5946 = VECTOR ( 'NONE', #8910, 1000.000000000000114 ) ;
#5947 = EDGE_CURVE ( 'NONE', #1660, #4840, #5120, .T. ) ;
#5948 = ORIENTED_EDGE ( 'NONE', *, *, #5319, .F. ) ;
#5949 = CARTESIAN_POINT ( 'NONE',  ( -1.208593432381130039, -0.4712834494764211457, 11.88455947458399997 ) ) ;
#5950 = CARTESIAN_POINT ( 'NONE',  ( -0.8258749181318730814, 1.010644261366949959, 11.88455947458399997 ) ) ;
#5951 = UNCERTAINTY_MEASURE_WITH_UNIT (LENGTH_MEASURE( 1.000000000000000082E-05 ), #4274, 'distance_accuracy_value', 'NONE');
#5952 = LINE ( 'NONE', #1650, #3250 ) ;
#5953 = CARTESIAN_POINT ( 'NONE',  ( -1.699999999999999956, -3.275000000000000355, 1.649999999999999911 ) ) ;
#5954 = ADVANCED_FACE ( 'NONE', ( #2670 ), #2616, .T. ) ;
#5955 = VECTOR ( 'NONE', #8280, 1000.000000000000000 ) ;
#5956 = EDGE_LOOP ( 'NONE', ( #3693, #1302, #1226, #3633 ) ) ;
#5957 = CARTESIAN_POINT ( 'NONE',  ( -1.184120535069759894, -0.7167652622849911559, 11.88455947458399997 ) ) ;
#5958 = CARTESIAN_POINT ( 'NONE',  ( -3.753928499320489998, 5.785761974818240283, 2.249466850602602541 ) ) ;
#5959 = ORIENTED_EDGE ( 'NONE', *, *, #10633, .F. ) ;
#5960 = EDGE_CURVE ( 'NONE', #1237, #3308, #8985, .T. ) ;
#5961 = DIRECTION ( 'NONE',  ( -1.000000000000000000, 0.0000000000000000000, -5.782411586589358033E-15 ) ) ;
#5962 = CARTESIAN_POINT ( 'NONE',  ( 5.899999999999999467, -5.899999999999999467, -4.046242507715901069E-16 ) ) ;
#5963 = ADVANCED_FACE ( 'NONE', ( #4287 ), #9185, .T. ) ;
#5964 = DIRECTION ( 'NONE',  ( 0.0000000000000000000, 0.0000000000000000000, 1.000000000000000000 ) ) ;
#5965 = DIRECTION ( 'NONE',  ( -0.0000000000000000000, -0.0000000000000000000, -1.000000000000000000 ) ) ;
#5966 = CIRCLE ( 'NONE', #673, 0.2999999999999981570 ) ;
#5967 = CARTESIAN_POINT ( 'NONE',  ( 6.500000000000001776, -3.072439817376820148, 5.691858092819041204 ) ) ;
#5968 = VECTOR ( 'NONE', #9145, 1000.000000000000000 ) ;
#5969 =( GEOMETRIC_REPRESENTATION_CONTEXT ( 3 ) GLOBAL_UNCERTAINTY_ASSIGNED_CONTEXT ( ( #1984 ) ) GLOBAL_UNIT_ASSIGNED_CONTEXT ( ( #10527, #9658, #6320 ) ) REPRESENTATION_CONTEXT ( 'NONE', 'WORKASPACE' ) );
#5970 = SURFACE_STYLE_FILL_AREA ( #9463 ) ;
#5971 = CARTESIAN_POINT ( 'NONE',  ( -2.049999999999999822, -3.750000000000000000, 2.000000000000000000 ) ) ;
#5972 =( LENGTH_UNIT ( ) NAMED_UNIT ( * ) SI_UNIT ( .MILLI., .METRE. ) );
#5973 = ORIENTED_EDGE ( 'NONE', *, *, #2801, .T. ) ;
#5974 = STYLED_ITEM ( 'NONE', ( #4540 ), #5141 ) ;
#5975 = CARTESIAN_POINT ( 'NONE',  ( 0.9841776519562150938, -0.8206810398378659999, 11.78455947458400033 ) ) ;
#5976 = DIRECTION ( 'NONE',  ( 0.0000000000000000000, -1.000000000000000000, -0.0000000000000000000 ) ) ;
#5977 = PRESENTATION_STYLE_ASSIGNMENT (( #9305 ) ) ;
#5978 = EDGE_CURVE ( 'NONE', #7005, #4098, #10440, .T. ) ;
#5979 = FILL_AREA_STYLE ('',( #2589 ) ) ;
#5980 =( NAMED_UNIT ( * ) PLANE_ANGLE_UNIT ( ) SI_UNIT ( $, .RADIAN. ) );
#5981 = DIRECTION ( 'NONE',  ( 0.0000000000000000000, -1.000000000000000000, -0.0000000000000000000 ) ) ;
#5982 = EDGE_LOOP ( 'NONE', ( #3776, #2271, #10287, #9312 ) ) ;
#5983 = CARTESIAN_POINT ( 'NONE',  ( 1.268910449017659925, 0.9460735040874339585, 11.88455947458399997 ) ) ;
#5984 = DIRECTION ( 'NONE',  ( 1.546750702438428036E-16, 2.689679381759975765E-16, 1.000000000000000000 ) ) ;
#5985 = FILL_AREA_STYLE_COLOUR ( '', #8736 ) ;
#5986 = ORIENTED_EDGE ( 'NONE', *, *, #6275, .T. ) ;
#5987 = PRESENTATION_LAYER_ASSIGNMENT (  '', '', ( #347 ) ) ;
#5988 = EDGE_LOOP ( 'NONE', ( #405, #5986, #7859, #2745 ) ) ;
#5989 = FILL_AREA_STYLE_COLOUR ( '', #4295 ) ;
#5990 = ORIENTED_EDGE ( 'NONE', *, *, #2420, .T. ) ;
#5991 = AXIS2_PLACEMENT_3D ( 'NONE', #3674, #7924, #6383 ) ;
#5992 = EDGE_CURVE ( 'NONE', #8709, #7503, #3573, .T. ) ;
#5993 = CARTESIAN_POINT ( 'NONE',  ( 4.599635752693309598, -0.0003802452009511805842, 9.127783911017470331 ) ) ;
#5994 = CARTESIAN_POINT ( 'NONE',  ( -0.08481702668970260428, 0.2565027697883699997, 11.78455947458400033 ) ) ;
#5995 = CARTESIAN_POINT ( 'NONE',  ( 6.200000000000001066, 3.275000000000000355, 0.0000000000000000000 ) ) ;
#5996 = PRESENTATION_STYLE_ASSIGNMENT (( #1084 ) ) ;
#5997 = LINE ( 'NONE', #136, #4313 ) ;
#5998 = ORIENTED_EDGE ( 'NONE', *, *, #5826, .T. ) ;
#5999 = CARTESIAN_POINT ( 'NONE',  ( -1.502845596186369814, -5.924880838070048839, 5.422297853421701202E-17 ) ) ;
#6000 =( GEOMETRIC_REPRESENTATION_CONTEXT ( 3 ) GLOBAL_UNCERTAINTY_ASSIGNED_CONTEXT ( ( #2071 ) ) GLOBAL_UNIT_ASSIGNED_CONTEXT ( ( #3653, #224, #8445 ) ) REPRESENTATION_CONTEXT ( 'NONE', 'WORKASPACE' ) );
#6001 = VERTEX_POINT ( 'NONE', #1926 ) ;
#6002 = ADVANCED_FACE ( 'NONE', ( #1200 ), #3737, .T. ) ;
#6003 = DIRECTION ( 'NONE',  ( -1.000000000000000000, -0.0000000000000000000, 0.0000000000000000000 ) ) ;
#6004 = STYLED_ITEM ( 'NONE', ( #9507 ), #6002 ) ;
#6005 = CARTESIAN_POINT ( 'NONE',  ( 0.0000000000000000000, -5.795199161759920337, 1.972862536810728873 ) ) ;
#6006 = FILL_AREA_STYLE_COLOUR ( '', #8454 ) ;
#6007 = DIRECTION ( 'NONE',  ( -1.000000000000000000, -0.0000000000000000000, 0.0000000000000000000 ) ) ;
#6008 = CARTESIAN_POINT ( 'NONE',  ( -4.453928499320490175, 3.952384553517649834, 9.372862536810730560 ) ) ;
#6009 = DIRECTION ( 'NONE',  ( 1.546750702438252268E-16, 2.689679381759778550E-16, 1.000000000000000000 ) ) ;
#6010 = ADVANCED_FACE ( 'NONE', ( #10316, #324 ), #10377, .T. ) ;
#6011 = CARTESIAN_POINT ( 'NONE',  ( 0.5745390977393469711, -0.007427935867854950323, 11.78455947458400033 ) ) ;
#6012 =( GEOMETRIC_REPRESENTATION_CONTEXT ( 3 ) GLOBAL_UNCERTAINTY_ASSIGNED_CONTEXT ( ( #3014 ) ) GLOBAL_UNIT_ASSIGNED_CONTEXT ( ( #2881, #6975, #2819 ) ) REPRESENTATION_CONTEXT ( 'NONE', 'WORKASPACE' ) );
#6013 = CARTESIAN_POINT ( 'NONE',  ( -1.375000000000000000, 3.077560182623180651, 10.29185809281899999 ) ) ;
#6014 = ADVANCED_FACE ( 'NONE', ( #6396 ), #9021, .T. ) ;
#6015 = SURFACE_SIDE_STYLE ('',( #10062 ) ) ;
#6016 = LINE ( 'NONE', #2743, #4821 ) ;
#6017 = MECHANICAL_DESIGN_GEOMETRIC_PRESENTATION_REPRESENTATION (  '', ( #4602 ), #5865 ) ;
#6018 = SURFACE_STYLE_FILL_AREA ( #4132 ) ;
#6019 = ORIENTED_EDGE ( 'NONE', *, *, #6796, .F. ) ;
#6020 =( GEOMETRIC_REPRESENTATION_CONTEXT ( 3 ) GLOBAL_UNCERTAINTY_ASSIGNED_CONTEXT ( ( #10695 ) ) GLOBAL_UNIT_ASSIGNED_CONTEXT ( ( #343, #284, #2990 ) ) REPRESENTATION_CONTEXT ( 'NONE', 'WORKASPACE' ) );
#6021 = DIRECTION ( 'NONE',  ( 0.0000000000000000000, -0.7345978301225714047, -0.6785027840615025507 ) ) ;
#6022 = CARTESIAN_POINT ( 'NONE',  ( 1.375000000000000000, -3.072439817376820148, 1.091858092819040005 ) ) ;
#6023 = FILL_AREA_STYLE ('',( #60 ) ) ;
#6024 = STYLED_ITEM ( 'NONE', ( #8459 ), #7619 ) ;
#6025 = VECTOR ( 'NONE', #10003, 1000.000000000000000 ) ;
#6026 = SURFACE_STYLE_USAGE ( .BOTH. , #6862 ) ;
#6027 = VERTEX_POINT ( 'NONE', #1539 ) ;
#6028 = CIRCLE ( 'NONE', #7272, 0.2999999999999999334 ) ;
#6029 = CARTESIAN_POINT ( 'NONE',  ( 1.160570842020200111, 0.8058249842585190059, 11.88455947458399997 ) ) ;
#6030 = SURFACE_STYLE_FILL_AREA ( #5255 ) ;
#6031 = CARTESIAN_POINT ( 'NONE',  ( 4.453928499320490175, -0.009227204680234628309, 2.242332206956259899 ) ) ;
#6032 = ORIENTED_EDGE ( 'NONE', *, *, #10141, .T. ) ;
#6033 = STYLED_ITEM ( 'NONE', ( #1831 ), #7950 ) ;
#6034 = DIRECTION ( 'NONE',  ( -1.000000000000000000, 0.0000000000000000000, -0.0000000000000000000 ) ) ;
#6035 = CARTESIAN_POINT ( 'NONE',  ( 3.871779538879629889, -4.349999999999999645, 6.720698216694526773E-17 ) ) ;
#6036 = ORIENTED_EDGE ( 'NONE', *, *, #7235, .T. ) ;
#6037 = B_SPLINE_CURVE_WITH_KNOTS ( 'NONE', 2,
 ( #4334, #20, #3459, #4216, #6040, #6725, #10869, #1027, #3404, #5161, #5001, #6781, #5949 ),
 .UNSPECIFIED., .F., .F.,
 ( 3, 2, 2, 2, 2, 2, 3 ),
 ( 6.947359069802217465E-18, 0.0004353569980945569515, 0.0008707139961891069641, 0.001306070994283657248, 0.001741427992378206989, 0.002176784990472756948, 0.002612141988567307557 ),
 .UNSPECIFIED. ) ;
#6038 = PLANE ( 'NONE',  #4639 ) ;
#6039 = EDGE_LOOP ( 'NONE', ( #8446, #5395, #7262, #3479 ) ) ;
#6040 = CARTESIAN_POINT ( 'NONE',  ( 0.09261138689597370188, -0.4023827149291679950, 11.88455947458399820 ) ) ;
#6041 =( NAMED_UNIT ( * ) PLANE_ANGLE_UNIT ( ) SI_UNIT ( $, .RADIAN. ) );
#6042 = UNCERTAINTY_MEASURE_WITH_UNIT (LENGTH_MEASURE( 1.000000000000000082E-05 ), #7589, 'distance_accuracy_value', 'NONE');
#6043 =( NAMED_UNIT ( * ) SI_UNIT ( $, .STERADIAN. ) SOLID_ANGLE_UNIT ( ) );
#6044 = VECTOR ( 'NONE', #2911, 1000.000000000000000 ) ;
#6045 = CARTESIAN_POINT ( 'NONE',  ( -0.6713192268384331474, 0.1644471129656109865, 11.78455947458400033 ) ) ;
#6046 =( NAMED_UNIT ( * ) PLANE_ANGLE_UNIT ( ) SI_UNIT ( $, .RADIAN. ) );
#6047 = DIRECTION ( 'NONE',  ( 8.727846303013397286E-18, 7.263561636301187877E-19, -1.000000000000000000 ) ) ;
#6048 = PRESENTATION_LAYER_ASSIGNMENT (  '', '', ( #10771 ) ) ;
#6049 = ORIENTED_EDGE ( 'NONE', *, *, #8747, .T. ) ;
#6050 = AXIS2_PLACEMENT_3D ( 'NONE', #9826, #5679, #9012 ) ;
#6051 = CARTESIAN_POINT ( 'NONE',  ( -0.2500000000000003331, 4.349999999999999645, -4.673891202419779844 ) ) ;
#6052 = PRESENTATION_LAYER_ASSIGNMENT (  '', '', ( #9733 ) ) ;
#6053 = CARTESIAN_POINT ( 'NONE',  ( -2.292930781778729887, -0.9893557386330470438, 11.78455947458400033 ) ) ;
#6054 = EDGE_LOOP ( 'NONE', ( #1467, #2449, #4520, #8577 ) ) ;
#6055 = CARTESIAN_POINT ( 'NONE',  ( -2.027870540814870282, -0.9893557386330470438, 11.78455947458400033 ) ) ;
#6056 = COLOUR_RGB ( '',1.000000000000000000, 1.000000000000000000, 1.000000000000000000 ) ;
#6057 = UNCERTAINTY_MEASURE_WITH_UNIT (LENGTH_MEASURE( 1.000000000000000082E-05 ), #7819, 'distance_accuracy_value', 'NONE');
#6058 = FILL_AREA_STYLE_COLOUR ( '', #8281 ) ;
#6059 = CARTESIAN_POINT ( 'NONE',  ( 5.000000000000000000, -3.072439817376820148, 5.691858092819041204 ) ) ;
#6060 =( GEOMETRIC_REPRESENTATION_CONTEXT ( 3 ) GLOBAL_UNCERTAINTY_ASSIGNED_CONTEXT ( ( #7699 ) ) GLOBAL_UNIT_ASSIGNED_CONTEXT ( ( #7372, #3957, #2336 ) ) REPRESENTATION_CONTEXT ( 'NONE', 'WORKASPACE' ) );
#6061 = CYLINDRICAL_SURFACE ( 'NONE', #6264, 0.1217795388796295286 ) ;
#6062 = STYLED_ITEM ( 'NONE', ( #10794 ), #5243 ) ;
#6063 = FILL_AREA_STYLE_COLOUR ( '', #920 ) ;
#6064 = CARTESIAN_POINT ( 'NONE',  ( 2.032746934809759765, -0.2905605579101559477, 11.88455947458399997 ) ) ;
#6065 = COLOUR_RGB ( '',0.7450980392156862919, 0.7450980392156862919, 0.7450980392156862919 ) ;
#6066 = ORIENTED_EDGE ( 'NONE', *, *, #5947, .T. ) ;
#6067 = ORIENTED_EDGE ( 'NONE', *, *, #6618, .F. ) ;
#6068 = CARTESIAN_POINT ( 'NONE',  ( 4.599635752693309598, -0.009227204680234189424, 2.242332206956250129 ) ) ;
#6069 = DIRECTION ( 'NONE',  ( 0.0000000000000000000, 0.0000000000000000000, 1.000000000000000000 ) ) ;
#6070 = EDGE_CURVE ( 'NONE', #8179, #6084, #10601, .T. ) ;
#6071 = CARTESIAN_POINT ( 'NONE',  ( 1.375000000000000000, 3.077560182623180651, 5.691858092819041204 ) ) ;
#6072 =( NAMED_UNIT ( * ) PLANE_ANGLE_UNIT ( ) SI_UNIT ( $, .RADIAN. ) );
#6073 = VERTEX_POINT ( 'NONE', #8969 ) ;
#6074 = FACE_OUTER_BOUND ( 'NONE', #1512, .T. ) ;
#6075 = FACE_OUTER_BOUND ( 'NONE', #5956, .T. ) ;
#6076 = DIRECTION ( 'NONE',  ( -1.000000000000000000, -0.0000000000000000000, 0.0000000000000000000 ) ) ;
#6077 = EDGE_CURVE ( 'NONE', #1676, #1366, #4060, .T. ) ;
#6078 = UNCERTAINTY_MEASURE_WITH_UNIT (LENGTH_MEASURE( 1.000000000000000082E-05 ), #5361, 'distance_accuracy_value', 'NONE');
#6079 = CARTESIAN_POINT ( 'NONE',  ( -1.208593432381130039, -0.4712834494764209792, 11.78455947458400033 ) ) ;
#6080 = PRESENTATION_LAYER_ASSIGNMENT (  '', '', ( #3971 ) ) ;
#6081 =( GEOMETRIC_REPRESENTATION_CONTEXT ( 3 ) GLOBAL_UNCERTAINTY_ASSIGNED_CONTEXT ( ( #7266 ) ) GLOBAL_UNIT_ASSIGNED_CONTEXT ( ( #7445, #4891, #652 ) ) REPRESENTATION_CONTEXT ( 'NONE', 'WORKASPACE' ) );
#6082 = SURFACE_STYLE_USAGE ( .BOTH. , #5250 ) ;
#6083 = CARTESIAN_POINT ( 'NONE',  ( -1.371779538879632776, -4.349999999999999645, 5.551115123125780237E-17 ) ) ;
#6084 = VERTEX_POINT ( 'NONE', #3130 ) ;
#6085 = PLANE ( 'NONE',  #8269 ) ;
#6086 = CARTESIAN_POINT ( 'NONE',  ( 3.497154403813630186, -5.924880838070049727, 2.254977183412508172E-17 ) ) ;
#6087 = LINE ( 'NONE', #119, #10727 ) ;
#6088 = EDGE_CURVE ( 'NONE', #4508, #1922, #5690, .T. ) ;
#6089 = EDGE_LOOP ( 'NONE', ( #6216, #1269, #7176, #2432 ) ) ;
#6090 = STYLED_ITEM ( 'NONE', ( #4123 ), #3027 ) ;
#6091 = SURFACE_STYLE_FILL_AREA ( #10295 ) ;
#6092 = UNCERTAINTY_MEASURE_WITH_UNIT (LENGTH_MEASURE( 1.000000000000000082E-05 ), #3266, 'distance_accuracy_value', 'NONE');
#6093 = DIRECTION ( 'NONE',  ( 0.08293612690015343680, -0.9965548649496431821, 0.0000000000000000000 ) ) ;
#6094 = ORIENTED_EDGE ( 'NONE', *, *, #8099, .F. ) ;
#6095 = FILL_AREA_STYLE_COLOUR ( '', #6414 ) ;
#6096 = FACE_OUTER_BOUND ( 'NONE', #5315, .T. ) ;
#6098 = SURFACE_STYLE_FILL_AREA ( #1235 ) ;
#6097 = AXIS2_PLACEMENT_3D ( 'NONE', #1590, #3302, #8255 ) ;
#6099 = ORIENTED_EDGE ( 'NONE', *, *, #8403, .T. ) ;
#6100 = ORIENTED_EDGE ( 'NONE', *, *, #9563, .T. ) ;
#6101 = LINE ( 'NONE', #2603, #1276 ) ;
#6102 = CARTESIAN_POINT ( 'NONE',  ( -0.6566354516828779575, 0.1644471129656109865, 11.78455947458400033 ) ) ;
#6103 = DIRECTION ( 'NONE',  ( -1.000000000000000000, 0.0000000000000000000, 0.0000000000000000000 ) ) ;
#6104 = COLOUR_RGB ( '',0.4117647058823529216, 0.4117647058823529216, 0.4117647058823529216 ) ;
#6105 = CARTESIAN_POINT ( 'NONE',  ( -2.943533191417280204, -0.9893557386330470438, 11.88455947458399997 ) ) ;
#6106 = CLOSED_SHELL ( 'NONE', ( #9085, #5963, #5030, #7950 ) ) ;
#6107 = VERTEX_POINT ( 'NONE', #8204 ) ;
#6108 = CARTESIAN_POINT ( 'NONE',  ( -0.2500000000000003331, 4.349999999999999645, 0.3261087975802219874 ) ) ;
#6109 = CARTESIAN_POINT ( 'NONE',  ( -2.160636889256319915, 3.952384553517649834, 1.972862536810730205 ) ) ;
#6110 = ORIENTED_EDGE ( 'NONE', *, *, #7441, .F. ) ;
#6111 = EDGE_CURVE ( 'NONE', #2332, #1519, #9880, .T. ) ;
#6112 = DIRECTION ( 'NONE',  ( 0.0000000000000000000, 0.0000000000000000000, -1.000000000000000000 ) ) ;
#6113 = CARTESIAN_POINT ( 'NONE',  ( 4.950000000000000178, -3.605250836327030139, 10.50000000000000000 ) ) ;
#6114 = FACE_OUTER_BOUND ( 'NONE', #6089, .T. ) ;
#6115 = UNCERTAINTY_MEASURE_WITH_UNIT (LENGTH_MEASURE( 1.000000000000000082E-05 ), #10508, 'distance_accuracy_value', 'NONE');
#6116 = FILL_AREA_STYLE ('',( #9451 ) ) ;
#6117 = CYLINDRICAL_SURFACE ( 'NONE', #59, 0.3000000000000007661 ) ;
#6118 = CARTESIAN_POINT ( 'NONE',  ( 6.500000000000000888, -3.072439817376820148, 11.69185809281900035 ) ) ;
#6119 = STYLED_ITEM ( 'NONE', ( #200 ), #4086 ) ;
#6120 = CARTESIAN_POINT ( 'NONE',  ( 1.160570842020200111, 0.8058249842585190059, 11.78455947458400033 ) ) ;
#6121 = FILL_AREA_STYLE ('',( #2735 ) ) ;
#6122 = DIRECTION ( 'NONE',  ( 0.0000000000000000000, 0.0000000000000000000, 1.000000000000000000 ) ) ;
#6123 = EDGE_CURVE ( 'NONE', #1901, #8317, #2504, .T. ) ;
#6124 = ORIENTED_EDGE ( 'NONE', *, *, #1017, .F. ) ;
#6125 = VERTEX_POINT ( 'NONE', #8155 ) ;
#6126 = DIRECTION ( 'NONE',  ( 1.000000000000000000, 0.0000000000000000000, 0.0000000000000000000 ) ) ;
#6127 = DIRECTION ( 'NONE',  ( 0.0000000000000000000, -0.0000000000000000000, -1.000000000000000000 ) ) ;
#6128 = FACE_OUTER_BOUND ( 'NONE', #4048, .T. ) ;
#6129 = CARTESIAN_POINT ( 'NONE',  ( 2.670924639908020204, -0.5194762205607580396, 11.88455947458399997 ) ) ;
#6130 = ORIENTED_EDGE ( 'NONE', *, *, #1070, .T. ) ;
#6131 = CARTESIAN_POINT ( 'NONE',  ( -4.453928499320490175, -5.795199161759920337, 9.372862536810730560 ) ) ;
#6132 = CYLINDRICAL_SURFACE ( 'NONE', #790, 0.2999999999999981570 ) ;
#6133 = CARTESIAN_POINT ( 'NONE',  ( -4.950000000000000178, -6.200000000000001066, 9.400000000000000355 ) ) ;
#6134 = DIRECTION ( 'NONE',  ( -0.0000000000000000000, -0.0000000000000000000, -1.000000000000000000 ) ) ;
#6135 =( GEOMETRIC_REPRESENTATION_CONTEXT ( 3 ) GLOBAL_UNCERTAINTY_ASSIGNED_CONTEXT ( ( #9607 ) ) GLOBAL_UNIT_ASSIGNED_CONTEXT ( ( #10511, #3759, #8720 ) ) REPRESENTATION_CONTEXT ( 'NONE', 'WORKASPACE' ) );
#6136 = VECTOR ( 'NONE', #5965, 1000.000000000000000 ) ;
#6137 = ADVANCED_FACE ( 'NONE', ( #3079 ), #6453, .T. ) ;
#6138 =( NAMED_UNIT ( * ) SI_UNIT ( $, .STERADIAN. ) SOLID_ANGLE_UNIT ( ) );
#6139 = DIRECTION ( 'NONE',  ( 1.000000000000000000, 0.0000000000000000000, -0.0000000000000000000 ) ) ;
#6140 = DIRECTION ( 'NONE',  ( 0.0000000000000000000, 0.0000000000000000000, -1.000000000000000000 ) ) ;
#6141 = CARTESIAN_POINT ( 'NONE',  ( 0.6981879443287396514, 6.200000000000001066, 2.000000000000000000 ) ) ;
#6142 = MECHANICAL_DESIGN_GEOMETRIC_PRESENTATION_REPRESENTATION (  '', ( #9122 ), #7555 ) ;
#6143 =( NAMED_UNIT ( * ) PLANE_ANGLE_UNIT ( ) SI_UNIT ( $, .RADIAN. ) );
#6144 = EDGE_CURVE ( 'NONE', #10855, #4951, #6087, .T. ) ;
#6145 = VERTEX_POINT ( 'NONE', #6867 ) ;
#6146 = DIRECTION ( 'NONE',  ( -0.0000000000000000000, -0.0000000000000000000, -1.000000000000000000 ) ) ;
#6147 = CARTESIAN_POINT ( 'NONE',  ( -4.453928499320490175, 5.095199161759920159, 9.372862536810727008 ) ) ;
#6148 = CARTESIAN_POINT ( 'NONE',  ( -2.160636889256319915, -3.952384553517649834, 1.972862536810730205 ) ) ;
#6149 = COLOUR_RGB ( '',0.1764705882352941013, 0.1764705882352941013, 0.1764705882352941013 ) ;
#6150 = VERTEX_POINT ( 'NONE', #10290 ) ;
#6151 =( NAMED_UNIT ( * ) SI_UNIT ( $, .STERADIAN. ) SOLID_ANGLE_UNIT ( ) );
#6152 = DIRECTION ( 'NONE',  ( 0.0000000000000000000, -0.0000000000000000000, -1.000000000000000000 ) ) ;
#6153 = EDGE_CURVE ( 'NONE', #10855, #3661, #9427, .T. ) ;
#6154 = STYLED_ITEM ( 'NONE', ( #8396 ), #5122 ) ;
#6155 = DIRECTION ( 'NONE',  ( -0.0000000000000000000, -0.0000000000000000000, -1.000000000000000000 ) ) ;
#6156 = ORIENTED_EDGE ( 'NONE', *, *, #6638, .F. ) ;
#6157 =( NAMED_UNIT ( * ) PLANE_ANGLE_UNIT ( ) SI_UNIT ( $, .RADIAN. ) );
#6158 = ADVANCED_FACE ( 'NONE', ( #10350 ), #6673, .T. ) ;
#6159 = PRESENTATION_STYLE_ASSIGNMENT (( #2017 ) ) ;
#6160 = VERTEX_POINT ( 'NONE', #6148 ) ;
#6161 = ORIENTED_EDGE ( 'NONE', *, *, #2816, .F. ) ;
#6162 = DIRECTION ( 'NONE',  ( 0.0000000000000000000, 0.0000000000000000000, -1.000000000000000000 ) ) ;
#6163 = DIRECTION ( 'NONE',  ( 0.0000000000000000000, 0.001284876077383750132, 0.9999991745463921999 ) ) ;
#6164 = MECHANICAL_DESIGN_GEOMETRIC_PRESENTATION_REPRESENTATION (  '', ( #1755 ), #10155 ) ;
#6165 = SURFACE_STYLE_USAGE ( .BOTH. , #2717 ) ;
#6166 = PLANE ( 'NONE',  #2723 ) ;
#6167 = SURFACE_SIDE_STYLE ('',( #4444 ) ) ;
#6168 = VERTEX_POINT ( 'NONE', #4486 ) ;
#6169 = COLOUR_RGB ( '',0.1764705882352941013, 0.1764705882352941013, 0.1764705882352941013 ) ;
#6170 = LINE ( 'NONE', #9338, #4635 ) ;
#6171 = FILL_AREA_STYLE ('',( #255 ) ) ;
#6172 = VERTEX_POINT ( 'NONE', #7030 ) ;
#6173 = LINE ( 'NONE', #9447, #3026 ) ;
#6174 = UNCERTAINTY_MEASURE_WITH_UNIT (LENGTH_MEASURE( 1.000000000000000082E-05 ), #4433, 'distance_accuracy_value', 'NONE');
#6175 = CARTESIAN_POINT ( 'NONE',  ( -6.500000000000001776, 3.077560182623180651, 5.691858092819041204 ) ) ;
#6176 = MECHANICAL_DESIGN_GEOMETRIC_PRESENTATION_REPRESENTATION (  '', ( #9839 ), #10537 ) ;
#6177 = CARTESIAN_POINT ( 'NONE',  ( -6.500000000000000888, -3.072439817376820148, 11.69185809281900035 ) ) ;
#6178 = PRESENTATION_STYLE_ASSIGNMENT (( #9578 ) ) ;
#6179 = SURFACE_STYLE_FILL_AREA ( #2678 ) ;
#6180 =( LENGTH_UNIT ( ) NAMED_UNIT ( * ) SI_UNIT ( .MILLI., .METRE. ) );
#6181 = ORIENTED_EDGE ( 'NONE', *, *, #2689, .F. ) ;
#6182 = VECTOR ( 'NONE', #10554, 1000.000000000000000 ) ;
#6183 = ORIENTED_EDGE ( 'NONE', *, *, #123, .F. ) ;
#6184 = CARTESIAN_POINT ( 'NONE',  ( 4.599635752693320256, -5.262074737350119769, 9.121305846256259287 ) ) ;
#6185 = CARTESIAN_POINT ( 'NONE',  ( -3.753928499320489998, -5.804216384178710442, 2.235197563309470059 ) ) ;
#6186 = CARTESIAN_POINT ( 'NONE',  ( -4.599635752693320256, -5.262074737350119769, 9.121305846256259287 ) ) ;
#6187 = DIRECTION ( 'NONE',  ( -0.08293612690015343680, -0.9965548649496431821, 0.0000000000000000000 ) ) ;
#6188 = FACE_OUTER_BOUND ( 'NONE', #4483, .T. ) ;
#6189 = ORIENTED_EDGE ( 'NONE', *, *, #7085, .T. ) ;
#6190 = CARTESIAN_POINT ( 'NONE',  ( 5.250000000000000888, -4.349999999999998757, -4.673891202419779844 ) ) ;
#6191 =( LENGTH_UNIT ( ) NAMED_UNIT ( * ) SI_UNIT ( .MILLI., .METRE. ) );
#6192 = CYLINDRICAL_SURFACE ( 'NONE', #2149, 0.2500000000000002220 ) ;
#6193 = DIRECTION ( 'NONE',  ( 1.000000000000000000, -0.0000000000000000000, 0.0000000000000000000 ) ) ;
#6194 = MECHANICAL_DESIGN_GEOMETRIC_PRESENTATION_REPRESENTATION (  '', ( #550 ), #1794 ) ;
#6195 = UNCERTAINTY_MEASURE_WITH_UNIT (LENGTH_MEASURE( 1.000000000000000082E-05 ), #6714, 'distance_accuracy_value', 'NONE');
#6196 = EDGE_CURVE ( 'NONE', #9713, #9536, #6973, .T. ) ;
#6197 = DIRECTION ( 'NONE',  ( 0.0000000000000000000, 0.0000000000000000000, -1.000000000000000000 ) ) ;
#6198 = FACE_OUTER_BOUND ( 'NONE', #3113, .T. ) ;
#6199 = CARTESIAN_POINT ( 'NONE',  ( -0.6981879443287400955, 5.899999999999995914, 2.000000000000000000 ) ) ;
#6200 = VECTOR ( 'NONE', #1454, 1000.000000000000000 ) ;
#6201 = ORIENTED_EDGE ( 'NONE', *, *, #10148, .T. ) ;
#6202 = SURFACE_STYLE_USAGE ( .BOTH. , #4646 ) ;
#6203 = CARTESIAN_POINT ( 'NONE',  ( 0.7663690864973089489, 1.010644261366949959, 11.78455947458399855 ) ) ;
#6204 = CARTESIAN_POINT ( 'NONE',  ( -6.513276922344959807, 3.101520183108080531, -0.02039752780706740112 ) ) ;
#6205 = VERTEX_POINT ( 'NONE', #9479 ) ;
#6206 = PRESENTATION_STYLE_ASSIGNMENT (( #1291 ) ) ;
#6207 = VECTOR ( 'NONE', #1375, 1000.000000000000000 ) ;
#6208 = VECTOR ( 'NONE', #3805, 1000.000000000000000 ) ;
#6209 = ORIENTED_EDGE ( 'NONE', *, *, #7229, .T. ) ;
#6210 = COLOUR_RGB ( '',1.000000000000000000, 1.000000000000000000, 1.000000000000000000 ) ;
#6211 = FILL_AREA_STYLE ('',( #10181 ) ) ;
#6212 = DIRECTION ( 'NONE',  ( -0.0000000000000000000, 0.0000000000000000000, 1.000000000000000000 ) ) ;
#6213 = CYLINDRICAL_SURFACE ( 'NONE', #10400, 0.2499999999999997780 ) ;
#6214 = ORIENTED_EDGE ( 'NONE', *, *, #4793, .F. ) ;
#6215 = LINE ( 'NONE', #6791, #1654 ) ;
#6216 = ORIENTED_EDGE ( 'NONE', *, *, #1077, .F. ) ;
#6217 = SURFACE_STYLE_FILL_AREA ( #1968 ) ;
#6218 = CARTESIAN_POINT ( 'NONE',  ( -6.610175751530340094, -3.072439817376820148, 11.50790099422419921 ) ) ;
#6219 = ADVANCED_FACE ( 'NONE', ( #10818 ), #10792, .T. ) ;
#6220 = COLOUR_RGB ( '',0.1764705882352941013, 0.1764705882352941013, 0.1764705882352941013 ) ;
#6221 = STYLED_ITEM ( 'NONE', ( #8091 ), #6777 ) ;
#6222 =( LENGTH_UNIT ( ) NAMED_UNIT ( * ) SI_UNIT ( .MILLI., .METRE. ) );
#6223 = STYLED_ITEM ( 'NONE', ( #5019 ), #10209 ) ;
#6224 = PRESENTATION_LAYER_ASSIGNMENT (  '', '', ( #1817 ) ) ;
#6225 =( GEOMETRIC_REPRESENTATION_CONTEXT ( 3 ) GLOBAL_UNCERTAINTY_ASSIGNED_CONTEXT ( ( #1474 ) ) GLOBAL_UNIT_ASSIGNED_CONTEXT ( ( #6903, #4358, #3529 ) ) REPRESENTATION_CONTEXT ( 'NONE', 'WORKASPACE' ) );
#6226 = ORIENTED_EDGE ( 'NONE', *, *, #135, .T. ) ;
#6227 = DIRECTION ( 'NONE',  ( -1.000000000000000000, -0.0000000000000000000, -0.0000000000000000000 ) ) ;
#6228 = FILL_AREA_STYLE_COLOUR ( '', #3247 ) ;
#6229 = ORIENTED_EDGE ( 'NONE', *, *, #3389, .F. ) ;
#6230 = VECTOR ( 'NONE', #1159, 1000.000000000000000 ) ;
#6231 = MECHANICAL_DESIGN_GEOMETRIC_PRESENTATION_REPRESENTATION (  '', ( #9369 ), #1659 ) ;
#6232 = FACE_OUTER_BOUND ( 'NONE', #9736, .T. ) ;
#6233 = UNCERTAINTY_MEASURE_WITH_UNIT (LENGTH_MEASURE( 1.000000000000000082E-05 ), #10492, 'distance_accuracy_value', 'NONE');
#6234 = PLANE ( 'NONE',  #4266 ) ;
#6235 =( GEOMETRIC_REPRESENTATION_CONTEXT ( 3 ) GLOBAL_UNCERTAINTY_ASSIGNED_CONTEXT ( ( #9070 ) ) GLOBAL_UNIT_ASSIGNED_CONTEXT ( ( #2835, #5916, #36 ) ) REPRESENTATION_CONTEXT ( 'NONE', 'WORKASPACE' ) );
#6236 = PLANE ( 'NONE',  #9918 ) ;
#6237 = CARTESIAN_POINT ( 'NONE',  ( 4.950000000000000178, -3.605250836327030584, 10.50000000000000000 ) ) ;
#6238 = SURFACE_STYLE_FILL_AREA ( #2973 ) ;
#6239 = PRESENTATION_LAYER_ASSIGNMENT (  '', '', ( #1293 ) ) ;
#6240 = MECHANICAL_DESIGN_GEOMETRIC_PRESENTATION_REPRESENTATION (  '', ( #3591 ), #10774 ) ;
#6241 = DIRECTION ( 'NONE',  ( -0.0000000000000000000, -0.0000000000000000000, 1.000000000000000000 ) ) ;
#6242 = SURFACE_STYLE_FILL_AREA ( #7187 ) ;
#6244 = ORIENTED_EDGE ( 'NONE', *, *, #9417, .F. ) ;
#6243 = AXIS2_PLACEMENT_3D ( 'NONE', #4174, #7553, #1921 ) ;
#6245 = ORIENTED_EDGE ( 'NONE', *, *, #5992, .T. ) ;
#6246 = CYLINDRICAL_SURFACE ( 'NONE', #2307, 0.2999999999999998224 ) ;
#6247 = CARTESIAN_POINT ( 'NONE',  ( 4.950000000000000178, -5.900000000000000355, 9.400000000000000355 ) ) ;
#6248 = CARTESIAN_POINT ( 'NONE',  ( 0.9841776519562150938, 1.010644261366949959, 11.88455947458399820 ) ) ;
#6249 = FILL_AREA_STYLE ('',( #3814 ) ) ;
#6250 = AXIS2_PLACEMENT_3D ( 'NONE', #6536, #5891, #9057 ) ;
#6251 = VECTOR ( 'NONE', #1113, 1000.000000000000000 ) ;
#6252 =( LENGTH_UNIT ( ) NAMED_UNIT ( * ) SI_UNIT ( .MILLI., .METRE. ) );
#6253 = SURFACE_STYLE_FILL_AREA ( #9533 ) ;
#6254 = CIRCLE ( 'NONE', #4846, 0.2999999999999971023 ) ;
#6255 = ADVANCED_FACE ( 'NONE', ( #7207 ), #352, .T. ) ;
#6256 = CYLINDRICAL_SURFACE ( 'NONE', #4058, 0.2999999999999964362 ) ;
#6257 = ORIENTED_EDGE ( 'NONE', *, *, #2715, .T. ) ;
#6258 = STYLED_ITEM ( 'NONE', ( #1606 ), #1479 ) ;
#6259 = CARTESIAN_POINT ( 'NONE',  ( 5.000000000000000000, 3.275000000000000355, 1.649999999999999911 ) ) ;
#6260 = VERTEX_POINT ( 'NONE', #6259 ) ;
#6261 = LINE ( 'NONE', #2062, #1014 ) ;
#6262 = MANIFOLD_SOLID_BREP ( 'brep_12', #3117 ) ;
#6263 = CARTESIAN_POINT ( 'NONE',  ( -0.1483524685257129883, -0.2399204603259529889, 11.78455947458400033 ) ) ;
#6264 = AXIS2_PLACEMENT_3D ( 'NONE', #3427, #3629, #5918 ) ;
#6265 = ORIENTED_EDGE ( 'NONE', *, *, #8707, .F. ) ;
#6266 = LINE ( 'NONE', #417, #9462 ) ;
#6267 = DIRECTION ( 'NONE',  ( 0.0000000000000000000, 0.0000000000000000000, -1.000000000000000000 ) ) ;
#6268 = ORIENTED_EDGE ( 'NONE', *, *, #6548, .T. ) ;
#6269 = FILL_AREA_STYLE_COLOUR ( '', #1475 ) ;
#6270 = ORIENTED_EDGE ( 'NONE', *, *, #10684, .F. ) ;
#6271 = LINE ( 'NONE', #10531, #1916 ) ;
#6272 = DIRECTION ( 'NONE',  ( -1.000000000000000000, 0.0000000000000000000, 0.0000000000000000000 ) ) ;
#6273 = VECTOR ( 'NONE', #261, 1000.000000000000000 ) ;
#6274 = CARTESIAN_POINT ( 'NONE',  ( -3.497154403813632850, 5.924880838070049727, -5.551115123125780237E-17 ) ) ;
#6275 = EDGE_CURVE ( 'NONE', #1295, #128, #8781, .T. ) ;
#6276 =( NAMED_UNIT ( * ) SI_UNIT ( $, .STERADIAN. ) SOLID_ANGLE_UNIT ( ) );
#6277 = STYLED_ITEM ( 'NONE', ( #7534 ), #3430 ) ;
#6278 = ADVANCED_FACE ( 'NONE', ( #1564 ), #789, .T. ) ;
#6279 = ORIENTED_EDGE ( 'NONE', *, *, #2390, .T. ) ;
#6280 = CARTESIAN_POINT ( 'NONE',  ( -3.198187944328739984, 6.200000000000001066, 2.000000000000000000 ) ) ;
#6281 = CYLINDRICAL_SURFACE ( 'NONE', #10070, 0.2500000000000002220 ) ;
#6282 = COLOUR_RGB ( '',0.4117647058823529216, 0.4117647058823529216, 0.4117647058823529216 ) ;
#6283 = ORIENTED_EDGE ( 'NONE', *, *, #8466, .F. ) ;
#6284 = MANIFOLD_SOLID_BREP ( 'brep_17', #3636 ) ;
#6285 = UNCERTAINTY_MEASURE_WITH_UNIT (LENGTH_MEASURE( 1.000000000000000082E-05 ), #7935, 'distance_accuracy_value', 'NONE');
#6286 = CARTESIAN_POINT ( 'NONE',  ( 4.453928499320490175, -0.0003802452009517169390, 9.127783911017397500 ) ) ;
#6287 = EDGE_CURVE ( 'NONE', #1616, #3505, #5720, .T. ) ;
#6288 = SURFACE_STYLE_USAGE ( .BOTH. , #7767 ) ;
#6289 =( NAMED_UNIT ( * ) PLANE_ANGLE_UNIT ( ) SI_UNIT ( $, .RADIAN. ) );
#6290 = COLOUR_RGB ( '',0.4117647058823529216, 0.4117647058823529216, 0.4117647058823529216 ) ;
#6291 = SURFACE_STYLE_USAGE ( .BOTH. , #10494 ) ;
#6292 = SURFACE_STYLE_USAGE ( .BOTH. , #8635 ) ;
#6293 = FILL_AREA_STYLE ('',( #7002 ) ) ;
#6294 = DIRECTION ( 'NONE',  ( -1.570907590732636975E-15, -1.707073681399378185E-15, -1.000000000000000000 ) ) ;
#6295 = LINE ( 'NONE', #7344, #3045 ) ;
#6296 = ORIENTED_EDGE ( 'NONE', *, *, #8530, .F. ) ;
#6297 = VERTEX_POINT ( 'NONE', #6645 ) ;
#6298 = EDGE_CURVE ( 'NONE', #8210, #7840, #4033, .T. ) ;
#6299 = SURFACE_STYLE_FILL_AREA ( #102 ) ;
#6300 = CLOSED_SHELL ( 'NONE', ( #503, #2367, #3833, #4184, #4238, #10197, #5330, #3493, #10827, #9069 ) ) ;
#6301 =( GEOMETRIC_REPRESENTATION_CONTEXT ( 3 ) GLOBAL_UNCERTAINTY_ASSIGNED_CONTEXT ( ( #9381 ) ) GLOBAL_UNIT_ASSIGNED_CONTEXT ( ( #3605, #9270, #2765 ) ) REPRESENTATION_CONTEXT ( 'NONE', 'WORKASPACE' ) );
#6302 =( LENGTH_UNIT ( ) NAMED_UNIT ( * ) SI_UNIT ( .MILLI., .METRE. ) );
#6303 = STYLED_ITEM ( 'NONE', ( #4973 ), #4378 ) ;
#6304 = DIRECTION ( 'NONE',  ( -0.5841048720509774972, -0.8116781988240853174, 0.0000000000000000000 ) ) ;
#6305 =( NAMED_UNIT ( * ) PLANE_ANGLE_UNIT ( ) SI_UNIT ( $, .RADIAN. ) );
#6306 = SURFACE_STYLE_USAGE ( .BOTH. , #8877 ) ;
#6307 =( LENGTH_UNIT ( ) NAMED_UNIT ( * ) SI_UNIT ( .MILLI., .METRE. ) );
#6308 = VERTEX_POINT ( 'NONE', #10728 ) ;
#6309 = SURFACE_SIDE_STYLE ('',( #5483 ) ) ;
#6310 =( GEOMETRIC_REPRESENTATION_CONTEXT ( 3 ) GLOBAL_UNCERTAINTY_ASSIGNED_CONTEXT ( ( #4544 ) ) GLOBAL_UNIT_ASSIGNED_CONTEXT ( ( #4025, #1506, #8169 ) ) REPRESENTATION_CONTEXT ( 'NONE', 'WORKASPACE' ) );
#6311 = CARTESIAN_POINT ( 'NONE',  ( -1.776356839400250070E-15, -3.072439817376820148, -0.3203975278070689825 ) ) ;
#6312 = EDGE_LOOP ( 'NONE', ( #10405, #8329, #10386, #8457, #10843, #8348 ) ) ;
#6313 = FILL_AREA_STYLE_COLOUR ( '', #844 ) ;
#6314 = EDGE_CURVE ( 'NONE', #8671, #8615, #10847, .T. ) ;
#6315 = UNCERTAINTY_MEASURE_WITH_UNIT (LENGTH_MEASURE( 1.000000000000000082E-05 ), #10581, 'distance_accuracy_value', 'NONE');
#6316 = CARTESIAN_POINT ( 'NONE',  ( -0.3736912693688200782, -0.02248822279261979834, 11.88455947458399997 ) ) ;
#6317 = ORIENTED_EDGE ( 'NONE', *, *, #9043, .T. ) ;
#6318 = VECTOR ( 'NONE', #2501, 1000.000000000000000 ) ;
#6319 =( LENGTH_UNIT ( ) NAMED_UNIT ( * ) SI_UNIT ( .MILLI., .METRE. ) );
#6320 =( NAMED_UNIT ( * ) SI_UNIT ( $, .STERADIAN. ) SOLID_ANGLE_UNIT ( ) );
#6321 = PLANE ( 'NONE',  #3396 ) ;
#6322 = VERTEX_POINT ( 'NONE', #3594 ) ;
#6323 = SURFACE_STYLE_USAGE ( .BOTH. , #2952 ) ;
#6324 = MECHANICAL_DESIGN_GEOMETRIC_PRESENTATION_REPRESENTATION (  '', ( #3669 ), #328 ) ;
#6325 = VERTEX_POINT ( 'NONE', #218 ) ;
#6326 = SURFACE_SIDE_STYLE ('',( #2837 ) ) ;
#6327 = PLANE ( 'NONE',  #2695 ) ;
#6328 = DIRECTION ( 'NONE',  ( 0.0000000000000000000, -0.0000000000000000000, 1.000000000000000000 ) ) ;
#6329 = AXIS2_PLACEMENT_3D ( 'NONE', #3043, #8131, #3152 ) ;
#6330 = ORIENTED_EDGE ( 'NONE', *, *, #1077, .T. ) ;
#6331 = FILL_AREA_STYLE ('',( #6497 ) ) ;
#6332 = EDGE_CURVE ( 'NONE', #1413, #3308, #6756, .T. ) ;
#6333 = FILL_AREA_STYLE ('',( #10649 ) ) ;
#6334 = ORIENTED_EDGE ( 'NONE', *, *, #346, .F. ) ;
#6335 = AXIS2_PLACEMENT_3D ( 'NONE', #2966, #2134, #2186 ) ;
#6336 = CARTESIAN_POINT ( 'NONE',  ( -1.699999999999999956, 3.274999999999999911, 1.649999999999999911 ) ) ;
#6337 = FACE_OUTER_BOUND ( 'NONE', #4539, .T. ) ;
#6338 = UNCERTAINTY_MEASURE_WITH_UNIT (LENGTH_MEASURE( 1.000000000000000082E-05 ), #9725, 'distance_accuracy_value', 'NONE');
#6339 = CARTESIAN_POINT ( 'NONE',  ( 4.002845596186371147, -5.924880838070049727, 0.9999999999999983347 ) ) ;
#6340 = CARTESIAN_POINT ( 'NONE',  ( -4.950000000000000178, -3.274999999999990141, 10.14126039117999944 ) ) ;
#6341 = LINE ( 'NONE', #10604, #2967 ) ;
#6342 = SURFACE_STYLE_USAGE ( .BOTH. , #269 ) ;
#6343 = DIRECTION ( 'NONE',  ( 1.000000000000000000, 0.0000000000000000000, 0.0000000000000000000 ) ) ;
#6344 =( NAMED_UNIT ( * ) PLANE_ANGLE_UNIT ( ) SI_UNIT ( $, .RADIAN. ) );
#6345 = EDGE_CURVE ( 'NONE', #2850, #5053, #3438, .T. ) ;
#6346 = EDGE_LOOP ( 'NONE', ( #8469, #5290, #460, #2229, #5845, #5738, #4210, #7599, #4497, #2123, #2214, #17, #5252, #1743 ) ) ;
#6347 = ORIENTED_EDGE ( 'NONE', *, *, #9629, .T. ) ;
#6348 = CARTESIAN_POINT ( 'NONE',  ( -0.2500000000000000000, -4.600000000000010303, -4.673891202419779844 ) ) ;
#6349 = DIRECTION ( 'NONE',  ( -0.0000000000000000000, -1.000000000000000000, -0.0000000000000000000 ) ) ;
#6350 = LINE ( 'NONE', #10507, #7634 ) ;
#6351 = AXIS2_PLACEMENT_3D ( 'NONE', #6527, #5718, #9050 ) ;
#6352 = DIRECTION ( 'NONE',  ( -1.000000000000000000, -0.0000000000000000000, 0.0000000000000000000 ) ) ;
#6353 = EDGE_CURVE ( 'NONE', #3224, #9030, #10069, .T. ) ;
#6354 = CARTESIAN_POINT ( 'NONE',  ( 0.6981879443287379861, -5.900000000000003020, -5.574710172721620598E-16 ) ) ;
#6355 = CARTESIAN_POINT ( 'NONE',  ( 1.393816206173080108, -0.5014038394823130407, 11.88455947458399997 ) ) ;
#6356 = CARTESIAN_POINT ( 'NONE',  ( 4.750000000000000000, 4.099999999999999645, -4.673891202419779844 ) ) ;
#6357 = LINE ( 'NONE', #507, #10502 ) ;
#6358 = ADVANCED_FACE ( 'NONE', ( #6911 ), #3380, .T. ) ;
#6359 = CARTESIAN_POINT ( 'NONE',  ( -4.599635752693308710, -5.993795529151238810, 2.234964158276211421 ) ) ;
#6360 =( GEOMETRIC_REPRESENTATION_CONTEXT ( 3 ) GLOBAL_UNCERTAINTY_ASSIGNED_CONTEXT ( ( #2834 ) ) GLOBAL_UNIT_ASSIGNED_CONTEXT ( ( #850, #4983, #2383 ) ) REPRESENTATION_CONTEXT ( 'NONE', 'WORKASPACE' ) );
#6361 = MECHANICAL_DESIGN_GEOMETRIC_PRESENTATION_REPRESENTATION (  '', ( #8132 ), #369 ) ;
#6362 = CARTESIAN_POINT ( 'NONE',  ( -1.011304206813260054, -0.8711327896156449979, 11.78455947458398789 ) ) ;
#6363 = VERTEX_POINT ( 'NONE', #2692 ) ;
#6364 = SURFACE_STYLE_USAGE ( .BOTH. , #7406 ) ;
#6365 = CARTESIAN_POINT ( 'NONE',  ( 0.6955857931040060338, -1.025500316946299950, 11.78455947458399855 ) ) ;
#6366 = EDGE_CURVE ( 'NONE', #3604, #82, #1059, .T. ) ;
#6367 = MECHANICAL_DESIGN_GEOMETRIC_PRESENTATION_REPRESENTATION (  '', ( #176 ), #3900 ) ;
#6368 = ORIENTED_EDGE ( 'NONE', *, *, #6123, .F. ) ;
#6369 = AXIS2_PLACEMENT_3D ( 'NONE', #7565, #3528, #6126 ) ;
#6370 = MANIFOLD_SOLID_BREP ( 'brep_7', #4872 ) ;
#6371 = CARTESIAN_POINT ( 'NONE',  ( -0.7242183950378959789, -0.04959670248846879959, 11.78455947458400033 ) ) ;
#6372 = ORIENTED_EDGE ( 'NONE', *, *, #3354, .T. ) ;
#6373 = MECHANICAL_DESIGN_GEOMETRIC_PRESENTATION_REPRESENTATION (  '', ( #4076 ), #4425 ) ;
#6374 = FILL_AREA_STYLE_COLOUR ( '', #3960 ) ;
#6375 = FACE_OUTER_BOUND ( 'NONE', #1160, .T. ) ;
#6376 = ORIENTED_EDGE ( 'NONE', *, *, #7441, .T. ) ;
#6377 = DIRECTION ( 'NONE',  ( 0.0000000000000000000, 0.0000000000000000000, -1.000000000000000000 ) ) ;
#6378 = ORIENTED_EDGE ( 'NONE', *, *, #8829, .F. ) ;
#6379 = DIRECTION ( 'NONE',  ( 1.000000000000000000, 0.0000000000000000000, 0.0000000000000000000 ) ) ;
#6380 = CARTESIAN_POINT ( 'NONE',  ( -6.305712614295090113, -3.072439817376820148, 11.81236413145949982 ) ) ;
#6381 = CIRCLE ( 'NONE', #3550, 0.3000000000000007661 ) ;
#6382 =( NAMED_UNIT ( * ) SI_UNIT ( $, .STERADIAN. ) SOLID_ANGLE_UNIT ( ) );
#6383 = DIRECTION ( 'NONE',  ( 0.08293612690015343680, -0.9965548649496431821, 0.0000000000000000000 ) ) ;
#6384 = VERTEX_POINT ( 'NONE', #7788 ) ;
#6385 = CARTESIAN_POINT ( 'NONE',  ( 0.7016099814113669897, 0.6635057416207670311, 11.78455947458400033 ) ) ;
#6386 = VECTOR ( 'NONE', #2245, 1000.000000000000000 ) ;
#6387 = STYLED_ITEM ( 'NONE', ( #6520 ), #6530 ) ;
#6388 = VERTEX_POINT ( 'NONE', #7676 ) ;
#6389 = PRESENTATION_STYLE_ASSIGNMENT (( #1477 ) ) ;
#6390 = DIRECTION ( 'NONE',  ( 8.673617379884138024E-15, -1.000000000000000000, 0.0000000000000000000 ) ) ;
#6391 = PRESENTATION_STYLE_ASSIGNMENT (( #3182 ) ) ;
#6392 = VECTOR ( 'NONE', #3672, 1000.000000000000000 ) ;
#6393 = LINE ( 'NONE', #3587, #564 ) ;
#6394 = CARTESIAN_POINT ( 'NONE',  ( 3.198187944328739984, -6.200000000000001066, 0.9999999999999985567 ) ) ;
#6395 = STYLED_ITEM ( 'NONE', ( #2377 ), #9420 ) ;
#6396 = FACE_OUTER_BOUND ( 'NONE', #4053, .T. ) ;
#6397 = CARTESIAN_POINT ( 'NONE',  ( 3.198187944328741317, -5.900000000000003908, 2.000000000000000000 ) ) ;
#6398 = LINE ( 'NONE', #3803, #3444 ) ;
#6399 = DIRECTION ( 'NONE',  ( 1.000000000000000000, -8.673617379884013384E-15, -6.419766481290760019E-30 ) ) ;
#6400 = SURFACE_STYLE_FILL_AREA ( #6617 ) ;
#6401 = AXIS2_PLACEMENT_3D ( 'NONE', #4807, #4077, #618 ) ;
#6402 = CARTESIAN_POINT ( 'NONE',  ( 2.911888495329709947, 0.9985960685958690242, 11.78455947458400033 ) ) ;
#6403 = CARTESIAN_POINT ( 'NONE',  ( -2.160636889256319915, 3.952384553517649834, 1.972862536810730205 ) ) ;
#6404 = CIRCLE ( 'NONE', #6935, 0.2500000000000011102 ) ;
#6405 = B_SPLINE_SURFACE_WITH_KNOTS ( 'NONE', 1, 2, ( 
 ( #8200, #7440, #3244, #6612, #9933, #1802, #10248, #5162, #10137, #3614, #1969, #9437, #5994, #9494, #6987 ),
 ( #5212, #5324, #8519, #5950, #8571, #971, #1140, #4335, #10304, #2656, #2713, #3507, #8681, #9328, #6832 ) ),
 .UNSPECIFIED., .F., .F., .F.,
 ( 2, 2 ),
 ( 3, 2, 2, 2, 2, 2, 2, 3 ),
 ( 0.0000000000000000000, 0.1000000000000000056 ),
 ( 17.00000000000000000, 18.00000000000000000, 19.00000000000000000, 20.00000000000000000, 21.00000000000000000, 22.00000000000000000, 23.00000000000000000, 24.00000000000000000 ),
 .UNSPECIFIED. ) ;
#6406 = CARTESIAN_POINT ( 'NONE',  ( -1.250000000000000000, 4.349999999999999645, 1.962134881655640417E-16 ) ) ;
#6407 = ORIENTED_EDGE ( 'NONE', *, *, #2816, .T. ) ;
#6408 = VERTEX_POINT ( 'NONE', #5191 ) ;
#6409 =( NAMED_UNIT ( * ) PLANE_ANGLE_UNIT ( ) SI_UNIT ( $, .RADIAN. ) );
#6410 = LINE ( 'NONE', #7893, #750 ) ;
#6411 = VECTOR ( 'NONE', #7922, 1000.000000000000000 ) ;
#6412 = CARTESIAN_POINT ( 'NONE',  ( -6.500000000000000888, 3.077560182623180651, 1.091858092819040005 ) ) ;
#6413 = PRESENTATION_STYLE_ASSIGNMENT (( #7195 ) ) ;
#6414 = COLOUR_RGB ( '',0.1764705882352941013, 0.1764705882352941013, 0.1764705882352941013 ) ;
#6415 = COLOUR_RGB ( '',1.000000000000000000, 1.000000000000000000, 0.0000000000000000000 ) ;
#6416 = DIRECTION ( 'NONE',  ( 0.9965548649496432931, 0.08293612690015356170, 8.439217593615311983E-18 ) ) ;
#6417 = ADVANCED_FACE ( 'NONE', ( #6075 ), #3643, .T. ) ;
#6418 = STYLED_ITEM ( 'NONE', ( #4570 ), #10011 ) ;
#6419 = CARTESIAN_POINT ( 'NONE',  ( 0.6981879443287394293, 6.200000000000001066, 1.258961511077002871E-17 ) ) ;
#6420 = ORIENTED_EDGE ( 'NONE', *, *, #9023, .T. ) ;
#6421 = PLANE ( 'NONE',  #2433 ) ;
#6422 = DIRECTION ( 'NONE',  ( -1.000000000000000000, 0.0000000000000000000, -0.0000000000000000000 ) ) ;
#6423 = SURFACE_SIDE_STYLE ('',( #4704 ) ) ;
#6424 = EDGE_LOOP ( 'NONE', ( #5583, #3769, #1881, #3997 ) ) ;
#6425 = AXIS2_PLACEMENT_3D ( 'NONE', #7697, #129, #7490 ) ;
#6426 = CARTESIAN_POINT ( 'NONE',  ( -0.2610218689472669773, -0.1312043415592860085, 11.78455947458400033 ) ) ;
#6427 = LINE ( 'NONE', #5079, #938 ) ;
#6428 = VECTOR ( 'NONE', #61, 1000.000000000000114 ) ;
#6429 = EDGE_CURVE ( 'NONE', #9179, #10126, #5362, .T. ) ;
#6430 = VERTEX_POINT ( 'NONE', #9742 ) ;
#6431 =( NAMED_UNIT ( * ) PLANE_ANGLE_UNIT ( ) SI_UNIT ( $, .RADIAN. ) );
#6432 = STYLED_ITEM ( 'NONE', ( #7069 ), #1422 ) ;
#6433 = DIRECTION ( 'NONE',  ( 0.0000000000000000000, 0.0000000000000000000, -1.000000000000000000 ) ) ;
#6434 =( NAMED_UNIT ( * ) PLANE_ANGLE_UNIT ( ) SI_UNIT ( $, .RADIAN. ) );
#6435 = EDGE_LOOP ( 'NONE', ( #10614, #9396 ) ) ;
#6436 = CARTESIAN_POINT ( 'NONE',  ( 2.670924639908020204, -0.9893557386330470438, 11.78455947458400033 ) ) ;
#6437 = ORIENTED_EDGE ( 'NONE', *, *, #10352, .T. ) ;
#6438 = ADVANCED_FACE ( 'NONE', ( #3872 ), #7849, .T. ) ;
#6439 = CARTESIAN_POINT ( 'NONE',  ( 0.3335752423176610026, 0.3455465163010860707, 11.78455947458400033 ) ) ;
#6440 = CARTESIAN_POINT ( 'NONE',  ( 5.000000000000000000, -3.072439817376820148, 5.691858092819041204 ) ) ;
#6441 = CARTESIAN_POINT ( 'NONE',  ( -0.9435331914172789824, 0.4564273938970729860, 11.78455947458400033 ) ) ;
#6442 = ORIENTED_EDGE ( 'NONE', *, *, #5654, .T. ) ;
#6443 = VECTOR ( 'NONE', #8960, 1000.000000000000000 ) ;
#6444 = LINE ( 'NONE', #4720, #2052 ) ;
#6445 = COLOUR_RGB ( '',1.000000000000000000, 1.000000000000000000, 0.0000000000000000000 ) ;
#6446 = VERTEX_POINT ( 'NONE', #1220 ) ;
#6447 = CYLINDRICAL_SURFACE ( 'NONE', #5899, 0.2500000000000002220 ) ;
#6448 =( NAMED_UNIT ( * ) PLANE_ANGLE_UNIT ( ) SI_UNIT ( $, .RADIAN. ) );
#6449 = AXIS2_PLACEMENT_3D ( 'NONE', #7658, #986, #9399 ) ;
#6450 = DIRECTION ( 'NONE',  ( 0.08293612690015354783, -0.9965548649496431821, 0.0000000000000000000 ) ) ;
#6451 = MECHANICAL_DESIGN_GEOMETRIC_PRESENTATION_REPRESENTATION (  '', ( #89 ), #9596 ) ;
#6452 = CARTESIAN_POINT ( 'NONE',  ( -3.750000000000000000, -4.349999999999999645, 2.000000000000000000 ) ) ;
#6453 = PLANE ( 'NONE',  #10188 ) ;
#6454 =( LENGTH_UNIT ( ) NAMED_UNIT ( * ) SI_UNIT ( .MILLI., .METRE. ) );
#6455 = PRESENTATION_STYLE_ASSIGNMENT (( #3741 ) ) ;
#6456 = VECTOR ( 'NONE', #9876, 999.9999999999998863 ) ;
#6457 = LINE ( 'NONE', #8918, #2425 ) ;
#6458 =( NAMED_UNIT ( * ) PLANE_ANGLE_UNIT ( ) SI_UNIT ( $, .RADIAN. ) );
#6459 = MECHANICAL_DESIGN_GEOMETRIC_PRESENTATION_REPRESENTATION (  '', ( #3095 ), #813 ) ;
#6460 = EDGE_CURVE ( 'NONE', #5053, #10419, #910, .T. ) ;
#6461 = CARTESIAN_POINT ( 'NONE',  ( 3.198187944328740873, 5.900000000000003020, -5.574710172721708359E-16 ) ) ;
#6462 = ORIENTED_EDGE ( 'NONE', *, *, #5665, .T. ) ;
#6463 = DIRECTION ( 'NONE',  ( -0.0000000000000000000, -0.0000000000000000000, 1.000000000000000000 ) ) ;
#6464 =( GEOMETRIC_REPRESENTATION_CONTEXT ( 3 ) GLOBAL_UNCERTAINTY_ASSIGNED_CONTEXT ( ( #5886 ) ) GLOBAL_UNIT_ASSIGNED_CONTEXT ( ( #3495, #4430, #4322 ) ) REPRESENTATION_CONTEXT ( 'NONE', 'WORKASPACE' ) );
#6465 = FILL_AREA_STYLE_COLOUR ( '', #1067 ) ;
#6466 =( NAMED_UNIT ( * ) PLANE_ANGLE_UNIT ( ) SI_UNIT ( $, .RADIAN. ) );
#6467 = SURFACE_STYLE_FILL_AREA ( #7898 ) ;
#6468 = CARTESIAN_POINT ( 'NONE',  ( -0.7242183950378960899, -0.04959670248846868856, 11.88455947458399997 ) ) ;
#6469 = ADVANCED_FACE ( 'NONE', ( #1279 ), #6192, .T. ) ;
#6470 = CIRCLE ( 'NONE', #1541, 0.1217795388796299727 ) ;
#6471 = B_SPLINE_CURVE_WITH_KNOTS ( 'NONE', 2,
 ( #9298, #3580, #8586, #6954, #5287, #2975, #3860, #8065, #8118, #3083, #3809, #10612, #1435, #7942, #4791 ),
 .UNSPECIFIED., .F., .F.,
 ( 3, 2, 2, 2, 2, 2, 2, 3 ),
 ( 0.0000000000000000000, 0.0003200899360556852926, 0.0006401798721113705851, 0.0009602698081670558777, 0.001280359744222741170, 0.001600449680278426571, 0.001920539616334111755, 0.002240629552389797156 ),
 .UNSPECIFIED. ) ;
#6472 = EDGE_CURVE ( 'NONE', #10479, #7254, #9094, .T. ) ;
#6473 = DIRECTION ( 'NONE',  ( 0.0000000000000000000, 1.000000000000000000, 0.0000000000000000000 ) ) ;
#6474 = ORIENTED_EDGE ( 'NONE', *, *, #3040, .F. ) ;
#6475 =( LENGTH_UNIT ( ) NAMED_UNIT ( * ) SI_UNIT ( .MILLI., .METRE. ) );
#6476 = LINE ( 'NONE', #9052, #2055 ) ;
#6477 = ORIENTED_EDGE ( 'NONE', *, *, #2238, .F. ) ;
#6478 = FILL_AREA_STYLE_COLOUR ( '', #5232 ) ;
#6479 = VERTEX_POINT ( 'NONE', #715 ) ;
#6480 = EDGE_CURVE ( 'NONE', #213, #1922, #4073, .T. ) ;
#6481 = DIRECTION ( 'NONE',  ( 0.5841048720509774972, 0.8116781988240853174, -0.0000000000000000000 ) ) ;
#6482 = SURFACE_STYLE_FILL_AREA ( #8947 ) ;
#6483 = ORIENTED_EDGE ( 'NONE', *, *, #2098, .T. ) ;
#6484 = MECHANICAL_DESIGN_GEOMETRIC_PRESENTATION_REPRESENTATION (  '', ( #3124 ), #3474 ) ;
#6485 = SURFACE_SIDE_STYLE ('',( #5280 ) ) ;
#6486 = ORIENTED_EDGE ( 'NONE', *, *, #2098, .F. ) ;
#6487 = SURFACE_STYLE_FILL_AREA ( #7477 ) ;
#6488 = CARTESIAN_POINT ( 'NONE',  ( 5.000000000000000000, 3.077560182623181095, 5.691858092819041204 ) ) ;
#6489 = UNCERTAINTY_MEASURE_WITH_UNIT (LENGTH_MEASURE( 1.000000000000000082E-05 ), #6991, 'distance_accuracy_value', 'NONE');
#6490 = ORIENTED_EDGE ( 'NONE', *, *, #4580, .F. ) ;
#6491 = LINE ( 'NONE', #531, #1871 ) ;
#6492 = EDGE_CURVE ( 'NONE', #5790, #8133, #6689, .T. ) ;
#6493 = B_SPLINE_SURFACE_WITH_KNOTS ( 'NONE', 1, 2, ( 
 ( #9255, #4136, #108, #7617, #5975, #1778, #2482, #5881, #5139, #1726, #55, #3482, #3437, #4307, #7675 ),
 ( #3701, #2747, #1058, #9469, #8768, #7787, #3755, #6355, #1278, #8815, #9590, #10334, #4418, #7848, #10453 ) ),
 .UNSPECIFIED., .F., .F., .F.,
 ( 2, 2 ),
 ( 3, 2, 2, 2, 2, 2, 2, 3 ),
 ( 0.0000000000000000000, 0.1000000000000000056 ),
 ( 0.0000000000000000000, 1.000000000000000000, 2.000000000000000000, 3.000000000000000000, 4.000000000000000000, 5.000000000000000000, 6.000000000000000000, 7.000000000000000000 ),
 .UNSPECIFIED. ) ;
#6494 = VECTOR ( 'NONE', #6846, 1000.000000000000000 ) ;
#6495 = EDGE_CURVE ( 'NONE', #257, #7856, #9350, .T. ) ;
#6496 = ORIENTED_EDGE ( 'NONE', *, *, #10345, .F. ) ;
#6497 = FILL_AREA_STYLE_COLOUR ( '', #2165 ) ;
#6498 = CYLINDRICAL_SURFACE ( 'NONE', #7300, 0.2999999999999976574 ) ;
#6499 = PRESENTATION_LAYER_ASSIGNMENT (  '', '', ( #1917 ) ) ;
#6500 = ORIENTED_EDGE ( 'NONE', *, *, #5100, .F. ) ;
#6501 = MANIFOLD_SOLID_BREP ( 'brep_4', #7871 ) ;
#6502 = CARTESIAN_POINT ( 'NONE',  ( 1.801812055671258017, -6.200000000000001066, 5.309840552061602054E-17 ) ) ;
#6503 = LINE ( 'NONE', #4944, #10281 ) ;
#6504 =( NAMED_UNIT ( * ) SI_UNIT ( $, .STERADIAN. ) SOLID_ANGLE_UNIT ( ) );
#6505 = CARTESIAN_POINT ( 'NONE',  ( 0.5745390977393469711, -0.007427935867854950323, 11.78455947458400033 ) ) ;
#6506 = DIRECTION ( 'NONE',  ( -1.000000000000000000, 0.0000000000000000000, 0.0000000000000000000 ) ) ;
#6507 =( NAMED_UNIT ( * ) SI_UNIT ( $, .STERADIAN. ) SOLID_ANGLE_UNIT ( ) );
#6508 = MECHANICAL_DESIGN_GEOMETRIC_PRESENTATION_REPRESENTATION (  '', ( #9816 ), #3502 ) ;
#6509 = DIRECTION ( 'NONE',  ( -0.0000000000000000000, -0.0000000000000000000, 1.000000000000000000 ) ) ;
#6510 = PRESENTATION_STYLE_ASSIGNMENT (( #8974 ) ) ;
#6511 = VECTOR ( 'NONE', #10643, 1000.000000000000114 ) ;
#6512 =( NAMED_UNIT ( * ) SI_UNIT ( $, .STERADIAN. ) SOLID_ANGLE_UNIT ( ) );
#6513 = ORIENTED_EDGE ( 'NONE', *, *, #2081, .T. ) ;
#6514 = DIRECTION ( 'NONE',  ( -0.0000000000000000000, -1.000000000000000000, -0.0000000000000000000 ) ) ;
#6515 = CARTESIAN_POINT ( 'NONE',  ( -4.750000000000000000, -4.350000000000000533, 0.3261087975802219874 ) ) ;
#6516 = SURFACE_SIDE_STYLE ('',( #10616 ) ) ;
#6517 = FILL_AREA_STYLE ('',( #3977 ) ) ;
#6518 = DIRECTION ( 'NONE',  ( 1.000000000000000000, 0.0000000000000000000, 0.0000000000000000000 ) ) ;
#6519 = DIRECTION ( 'NONE',  ( -1.000000000000000000, 0.0000000000000000000, -0.0000000000000000000 ) ) ;
#6520 = PRESENTATION_STYLE_ASSIGNMENT (( #7351 ) ) ;
#6521 = DIRECTION ( 'NONE',  ( -1.000000000000000000, 0.0000000000000000000, 0.0000000000000000000 ) ) ;
#6522 = VECTOR ( 'NONE', #7029, 1000.000000000000000 ) ;
#6523 = SURFACE_STYLE_USAGE ( .BOTH. , #834 ) ;
#6524 = CARTESIAN_POINT ( 'NONE',  ( -6.200000000000001066, 5.900000000000000355, 0.0000000000000000000 ) ) ;
#6525 = CARTESIAN_POINT ( 'NONE',  ( 5.899999999999999467, -5.899999999999999467, 2.000000000000000000 ) ) ;
#6526 = ORIENTED_EDGE ( 'NONE', *, *, #7965, .F. ) ;
#6527 = CARTESIAN_POINT ( 'NONE',  ( -2.500000000000000000, -4.349999999999999645, -4.673891202419779844 ) ) ;
#6528 = DIRECTION ( 'NONE',  ( -0.08293612690015354783, -0.9965548649496431821, 0.0000000000000000000 ) ) ;
#6529 = COLOUR_RGB ( '',0.1764705882352941013, 0.1764705882352941013, 0.1764705882352941013 ) ;
#6530 = ADVANCED_FACE ( 'NONE', ( #3204 ), #5650, .T. ) ;
#6531 = UNCERTAINTY_MEASURE_WITH_UNIT (LENGTH_MEASURE( 1.000000000000000082E-05 ), #4419, 'distance_accuracy_value', 'NONE');
#6532 = DIRECTION ( 'NONE',  ( 0.0000000000000000000, 0.0000000000000000000, 1.000000000000000000 ) ) ;
#6533 = COLOUR_RGB ( '',0.4117647058823529216, 0.4117647058823529216, 0.4117647058823529216 ) ;
#6534 = ORIENTED_EDGE ( 'NONE', *, *, #620, .T. ) ;
#6535 =( NAMED_UNIT ( * ) SI_UNIT ( $, .STERADIAN. ) SOLID_ANGLE_UNIT ( ) );
#6536 = CARTESIAN_POINT ( 'NONE',  ( 1.375000000000000000, -3.072439817376820148, 5.691858092819041204 ) ) ;
#6537 = SURFACE_STYLE_FILL_AREA ( #1463 ) ;
#6538 = CARTESIAN_POINT ( 'NONE',  ( -6.500000000000000888, 3.077560182623180651, -0.008141907180959438717 ) ) ;
#6539 = VERTEX_POINT ( 'NONE', #1668 ) ;
#6540 = STYLED_ITEM ( 'NONE', ( #1392 ), #5909 ) ;
#6541 = ORIENTED_EDGE ( 'NONE', *, *, #7834, .F. ) ;
#6542 = CARTESIAN_POINT ( 'NONE',  ( 1.544983475387270211, 0.6379033090017589558, 11.78455947458400033 ) ) ;
#6543 = DIRECTION ( 'NONE',  ( -0.0000000000000000000, -0.0000000000000000000, 1.000000000000000000 ) ) ;
#6544 = PRESENTATION_STYLE_ASSIGNMENT (( #3172 ) ) ;
#6545 = DIRECTION ( 'NONE',  ( 0.0000000000000000000, 0.0000000000000000000, 1.000000000000000000 ) ) ;
#6546 = ORIENTED_EDGE ( 'NONE', *, *, #7022, .T. ) ;
#6547 = MECHANICAL_DESIGN_GEOMETRIC_PRESENTATION_REPRESENTATION (  '', ( #4239 ), #4592 ) ;
#6548 = EDGE_CURVE ( 'NONE', #1758, #8368, #6566, .T. ) ;
#6549 = UNCERTAINTY_MEASURE_WITH_UNIT (LENGTH_MEASURE( 1.000000000000000082E-05 ), #7237, 'distance_accuracy_value', 'NONE');
#6550 = MECHANICAL_DESIGN_GEOMETRIC_PRESENTATION_REPRESENTATION (  '', ( #5154 ), #7073 ) ;
#6551 = MECHANICAL_DESIGN_GEOMETRIC_PRESENTATION_REPRESENTATION (  '', ( #902 ), #9503 ) ;
#6552 = CYLINDRICAL_SURFACE ( 'NONE', #2153, 0.1217795388796295286 ) ;
#6553 = VERTEX_POINT ( 'NONE', #6744 ) ;
#6554 = DIRECTION ( 'NONE',  ( 0.0000000000000000000, 0.0000000000000000000, -1.000000000000000000 ) ) ;
#6555 = ORIENTED_EDGE ( 'NONE', *, *, #2081, .F. ) ;
#6556 = EDGE_CURVE ( 'NONE', #9570, #525, #3428, .T. ) ;
#6557 = CIRCLE ( 'NONE', #4786, 0.2500000000000002220 ) ;
#6558 = CARTESIAN_POINT ( 'NONE',  ( 1.144757531557019981, 1.010644261366949959, 11.88455947458399820 ) ) ;
#6559 =( NAMED_UNIT ( * ) SI_UNIT ( $, .STERADIAN. ) SOLID_ANGLE_UNIT ( ) );
#6560 = COLOUR_RGB ( '',0.1764705882352941013, 0.1764705882352941013, 0.1764705882352941013 ) ;
#6561 = DIRECTION ( 'NONE',  ( -1.000000000000000000, 0.0000000000000000000, -0.0000000000000000000 ) ) ;
#6562 = PRESENTATION_STYLE_ASSIGNMENT (( #6615 ) ) ;
#6563 = FILL_AREA_STYLE ('',( #5751 ) ) ;
#6564 = DIRECTION ( 'NONE',  ( -0.0000000000000000000, 0.7345978299795302702, -0.6785027842163693368 ) ) ;
#6565 = CARTESIAN_POINT ( 'NONE',  ( -6.610175751530349864, 3.101520183108080086, -0.3910372559811540194 ) ) ;
#6566 = CIRCLE ( 'NONE', #1095, 0.2999999999999981570 ) ;
#6567 = PLANE ( 'NONE',  #7991 ) ;
#6568 = ORIENTED_EDGE ( 'NONE', *, *, #7629, .T. ) ;
#6569 =( NAMED_UNIT ( * ) PLANE_ANGLE_UNIT ( ) SI_UNIT ( $, .RADIAN. ) );
#6570 = AXIS2_PLACEMENT_3D ( 'NONE', #2323, #9914, #5726 ) ;
#6571 = SURFACE_SIDE_STYLE ('',( #7297 ) ) ;
#6572 = PRESENTATION_STYLE_ASSIGNMENT (( #10718 ) ) ;
#6573 = CARTESIAN_POINT ( 'NONE',  ( -1.502845596186370036, 5.924880838070049727, 6.720698216694520610E-17 ) ) ;
#6574 = VECTOR ( 'NONE', #8361, 1000.000000000000000 ) ;
#6575 = SURFACE_STYLE_FILL_AREA ( #10054 ) ;
#6576 = MANIFOLD_SOLID_BREP ( 'brep_5', #9429 ) ;
#6577 = PRESENTATION_LAYER_ASSIGNMENT (  '', '', ( #7279 ) ) ;
#6578 =( NAMED_UNIT ( * ) SI_UNIT ( $, .STERADIAN. ) SOLID_ANGLE_UNIT ( ) );
#6579 = PRESENTATION_LAYER_ASSIGNMENT (  '', '', ( #6223 ) ) ;
#6580 = VECTOR ( 'NONE', #1772, 1000.000000000000000 ) ;
#6581 = CARTESIAN_POINT ( 'NONE',  ( -0.1483524685257129883, -0.5829173506108279446, 11.78455947458399677 ) ) ;
#6582 = LINE ( 'NONE', #9047, #4604 ) ;
#6583 = CIRCLE ( 'NONE', #4811, 0.2999999999999964362 ) ;
#6584 = ORIENTED_EDGE ( 'NONE', *, *, #10550, .F. ) ;
#6585 = MECHANICAL_DESIGN_GEOMETRIC_PRESENTATION_REPRESENTATION (  '', ( #1294 ), #9546 ) ;
#6586 = DIRECTION ( 'NONE',  ( 0.0000000000000000000, 1.000000000000000000, -0.0000000000000000000 ) ) ;
#6587 = CYLINDRICAL_SURFACE ( 'NONE', #10008, 0.2999999999999971023 ) ;
#6588 = DIRECTION ( 'NONE',  ( 0.0000000000000000000, 0.0000000000000000000, -1.000000000000000000 ) ) ;
#6589 = VECTOR ( 'NONE', #10358, 1000.000000000000000 ) ;
#6590 = CARTESIAN_POINT ( 'NONE',  ( 0.5308644678855309884, -0.8248224854555400443, 11.78455947458400033 ) ) ;
#6591 = MECHANICAL_DESIGN_GEOMETRIC_PRESENTATION_REPRESENTATION (  '', ( #10771 ), #431 ) ;
#6592 = COLOUR_RGB ( '',0.1764705882352941013, 0.1764705882352941013, 0.1764705882352941013 ) ;
#6593 = ADVANCED_FACE ( 'NONE', ( #1822 ), #10674, .T. ) ;
#6594 = ORIENTED_EDGE ( 'NONE', *, *, #2348, .T. ) ;
#6595 = SURFACE_STYLE_FILL_AREA ( #3222 ) ;
#6596 =( LENGTH_UNIT ( ) NAMED_UNIT ( * ) SI_UNIT ( .MILLI., .METRE. ) );
#6597 = ORIENTED_EDGE ( 'NONE', *, *, #1611, .F. ) ;
#6598 = SURFACE_STYLE_USAGE ( .BOTH. , #10077 ) ;
#6599 = ORIENTED_EDGE ( 'NONE', *, *, #4721, .T. ) ;
#6600 = CARTESIAN_POINT ( 'NONE',  ( -1.375000000000000000, -3.072439817376820148, 5.691858092819041204 ) ) ;
#6601 = STYLED_ITEM ( 'NONE', ( #974 ), #1224 ) ;
#6602 = DIRECTION ( 'NONE',  ( 1.000000000000000000, 0.0000000000000000000, -0.0000000000000000000 ) ) ;
#6603 = MECHANICAL_DESIGN_GEOMETRIC_PRESENTATION_REPRESENTATION (  '', ( #8518 ), #8017 ) ;
#6604 = ORIENTED_EDGE ( 'NONE', *, *, #10484, .T. ) ;
#6605 =( LENGTH_UNIT ( ) NAMED_UNIT ( * ) SI_UNIT ( .MILLI., .METRE. ) );
#6606 = VERTEX_POINT ( 'NONE', #6847 ) ;
#6607 = CARTESIAN_POINT ( 'NONE',  ( -2.027870540814870282, 0.7696804059452660995, 11.88455947458399997 ) ) ;
#6608 = PLANE ( 'NONE',  #5724 ) ;
#6609 = CARTESIAN_POINT ( 'NONE',  ( -1.502845596186370036, -5.924880838070049727, 1.734396805262088632E-17 ) ) ;
#6610 = ORIENTED_EDGE ( 'NONE', *, *, #10839, .T. ) ;
#6611 = CARTESIAN_POINT ( 'NONE',  ( 1.634780061594770073, 0.2883174627557080205, 11.88455947458399820 ) ) ;
#6612 = CARTESIAN_POINT ( 'NONE',  ( -0.8258749181318730814, 1.010644261366949959, 11.78455947458400033 ) ) ;
#6613 = LINE ( 'NONE', #6671, #5394 ) ;
#6614 = CARTESIAN_POINT ( 'NONE',  ( -6.513276922344959807, -3.072439817376820148, 11.40411371344520042 ) ) ;
#6615 = SURFACE_STYLE_USAGE ( .BOTH. , #5634 ) ;
#6616 = MECHANICAL_DESIGN_GEOMETRIC_PRESENTATION_REPRESENTATION (  '', ( #4491 ), #9059 ) ;
#6617 = FILL_AREA_STYLE ('',( #7386 ) ) ;
#6618 = EDGE_CURVE ( 'NONE', #5727, #10308, #1804, .T. ) ;
#6619 = LINE ( 'NONE', #9939, #5569 ) ;
#6620 = ORIENTED_EDGE ( 'NONE', *, *, #716, .T. ) ;
#6621 = SURFACE_SIDE_STYLE ('',( #5068 ) ) ;
#6622 =( GEOMETRIC_REPRESENTATION_CONTEXT ( 3 ) GLOBAL_UNCERTAINTY_ASSIGNED_CONTEXT ( ( #9768 ) ) GLOBAL_UNIT_ASSIGNED_CONTEXT ( ( #86, #9228, #1704 ) ) REPRESENTATION_CONTEXT ( 'NONE', 'WORKASPACE' ) );
#6623 = VERTEX_POINT ( 'NONE', #6237 ) ;
#6624 = EDGE_CURVE ( 'NONE', #7723, #4970, #495, .T. ) ;
#6625 = DIRECTION ( 'NONE',  ( -0.0000000000000000000, -1.000000000000000000, -0.0000000000000000000 ) ) ;
#6626 = FILL_AREA_STYLE ('',( #2464 ) ) ;
#6627 = UNCERTAINTY_MEASURE_WITH_UNIT (LENGTH_MEASURE( 1.000000000000000082E-05 ), #3383, 'distance_accuracy_value', 'NONE');
#6628 = PLANE ( 'NONE',  #6449 ) ;
#6629 = CARTESIAN_POINT ( 'NONE',  ( 2.911888495329709947, -0.2905605579101560032, 11.88455947458399997 ) ) ;
#6630 = PRESENTATION_STYLE_ASSIGNMENT (( #4181 ) ) ;
#6631 = VECTOR ( 'NONE', #8001, 1000.000000000000000 ) ;
#6632 = SURFACE_STYLE_USAGE ( .BOTH. , #7509 ) ;
#6633 = CARTESIAN_POINT ( 'NONE',  ( -0.3736912693688200782, -0.02248822279261979834, 11.88455947458400175 ) ) ;
#6634 = SURFACE_STYLE_USAGE ( .BOTH. , #5867 ) ;
#6635 =( GEOMETRIC_REPRESENTATION_CONTEXT ( 3 ) GLOBAL_UNCERTAINTY_ASSIGNED_CONTEXT ( ( #3494 ) ) GLOBAL_UNIT_ASSIGNED_CONTEXT ( ( #6222, #368, #10806 ) ) REPRESENTATION_CONTEXT ( 'NONE', 'WORKASPACE' ) );
#6636 = ADVANCED_FACE ( 'NONE', ( #5284 ), #3579, .T. ) ;
#6637 = CARTESIAN_POINT ( 'NONE',  ( 5.000000000000000000, -4.349999999999998757, 0.3261087975802219874 ) ) ;
#6638 = EDGE_CURVE ( 'NONE', #1413, #9501, #2795, .T. ) ;
#6639 = CARTESIAN_POINT ( 'NONE',  ( -3.871779538879633442, 4.349999999999999645, 5.551115123125780237E-17 ) ) ;
#6640 = CARTESIAN_POINT ( 'NONE',  ( -3.497154403813633294, -5.924880838070044398, 3.360349108347262770E-17 ) ) ;
#6641 = CARTESIAN_POINT ( 'NONE',  ( 4.650000000000000355, 5.900000000000000355, 10.50000000000000178 ) ) ;
#6642 = ORIENTED_EDGE ( 'NONE', *, *, #2493, .F. ) ;
#6643 = CARTESIAN_POINT ( 'NONE',  ( 4.453928499320490175, 1.332267629550190018E-15, 9.372862536810730560 ) ) ;
#6644 = DIRECTION ( 'NONE',  ( 0.0000000000000000000, -1.000000000000000000, 0.0000000000000000000 ) ) ;
#6645 = CARTESIAN_POINT ( 'NONE',  ( -1.801812055671259571, 6.200000000000001066, 2.000000000000000000 ) ) ;
#6646 = PRESENTATION_LAYER_ASSIGNMENT (  '', '', ( #5216 ) ) ;
#6647 = AXIS2_PLACEMENT_3D ( 'NONE', #1314, #5681, #8964 ) ;
#6648 = FACE_OUTER_BOUND ( 'NONE', #2200, .T. ) ;
#6649 = VERTEX_POINT ( 'NONE', #8802 ) ;
#6650 = APPLICATION_PROTOCOL_DEFINITION ( 'draft international standard', 'automotive_design', 1998, #760 ) ;
#6651 = SURFACE_SIDE_STYLE ('',( #10074 ) ) ;
#6652 = FILL_AREA_STYLE_COLOUR ( '', #1574 ) ;
#6653 =( LENGTH_UNIT ( ) NAMED_UNIT ( * ) SI_UNIT ( .MILLI., .METRE. ) );
#6654 = ORIENTED_EDGE ( 'NONE', *, *, #3708, .F. ) ;
#6655 = FILL_AREA_STYLE_COLOUR ( '', #6726 ) ;
#6656 = ORIENTED_EDGE ( 'NONE', *, *, #1958, .F. ) ;
#6657 = CARTESIAN_POINT ( 'NONE',  ( -6.200000000000001066, -5.900000000000040323, 0.0000000000000000000 ) ) ;
#6658 = STYLED_ITEM ( 'NONE', ( #9214 ), #4124 ) ;
#6659 = SURFACE_STYLE_USAGE ( .BOTH. , #2443 ) ;
#6660 = ORIENTED_EDGE ( 'NONE', *, *, #7283, .T. ) ;
#6661 = LINE ( 'NONE', #9068, #10107 ) ;
#6662 = EDGE_CURVE ( 'NONE', #8921, #2286, #326, .T. ) ;
#6663 =( NAMED_UNIT ( * ) PLANE_ANGLE_UNIT ( ) SI_UNIT ( $, .RADIAN. ) );
#6664 = UNCERTAINTY_MEASURE_WITH_UNIT (LENGTH_MEASURE( 1.000000000000000082E-05 ), #5031, 'distance_accuracy_value', 'NONE');
#6665 = ORIENTED_EDGE ( 'NONE', *, *, #3858, .T. ) ;
#6666 = AXIS2_PLACEMENT_3D ( 'NONE', #7410, #10681, #6704 ) ;
#6667 = CARTESIAN_POINT ( 'NONE',  ( -4.749999999999999112, 4.349999999999998757, 0.3261087975802219874 ) ) ;
#6668 = ORIENTED_EDGE ( 'NONE', *, *, #5826, .F. ) ;
#6669 = DIRECTION ( 'NONE',  ( 1.000000000000000000, 0.0000000000000000000, -0.0000000000000000000 ) ) ;
#6670 = DIRECTION ( 'NONE',  ( -0.9965548649496432931, -0.08293612690015345068, -8.703995513283329056E-18 ) ) ;
#6671 = CARTESIAN_POINT ( 'NONE',  ( -1.699999999999999956, -3.274999999999990141, 10.14126039117999944 ) ) ;
#6672 = CARTESIAN_POINT ( 'NONE',  ( 6.513276922344950925, -3.072439817376819704, 11.40411371344519864 ) ) ;
#6673 = PLANE ( 'NONE',  #8289 ) ;
#6674 = CARTESIAN_POINT ( 'NONE',  ( -4.301812055671259571, -6.200000000000001066, 2.000000000000000000 ) ) ;
#6675 = PRESENTATION_LAYER_ASSIGNMENT (  '', '', ( #7205 ) ) ;
#6676 = VECTOR ( 'NONE', #8216, 1000.000000000000000 ) ;
#6677 = EDGE_CURVE ( 'NONE', #6976, #10580, #8005, .T. ) ;
#6678 = ORIENTED_EDGE ( 'NONE', *, *, #10696, .F. ) ;
#6679 = CARTESIAN_POINT ( 'NONE',  ( -1.128220461120369666, -4.350000000000003197, 2.000000000000000444 ) ) ;
#6680 = SURFACE_SIDE_STYLE ('',( #5069 ) ) ;
#6681 = ORIENTED_EDGE ( 'NONE', *, *, #10483, .T. ) ;
#6682 = FACE_OUTER_BOUND ( 'NONE', #8239, .T. ) ;
#6683 = CARTESIAN_POINT ( 'NONE',  ( -0.9435331914172789824, 0.4564273938970729860, 11.78455947458400033 ) ) ;
#6684 = FILL_AREA_STYLE_COLOUR ( '', #9930 ) ;
#6685 = VECTOR ( 'NONE', #8186, 1000.000000000000000 ) ;
#6686 = DIRECTION ( 'NONE',  ( -1.000000000000000000, 0.0000000000000000000, -0.0000000000000000000 ) ) ;
#6687 = FACE_OUTER_BOUND ( 'NONE', #3610, .T. ) ;
#6688 = CARTESIAN_POINT ( 'NONE',  ( -6.213276922344959985, -3.072439817376820148, 11.70411371344519935 ) ) ;
#6689 = LINE ( 'NONE', #9954, #6025 ) ;
#6690 = DIRECTION ( 'NONE',  ( 9.659745536641621118E-17, -9.659745536641621118E-17, -1.000000000000000000 ) ) ;
#6691 =( BOUNDED_CURVE ( )  B_SPLINE_CURVE ( 2, ( #7501, #1710, #10825, #1598, #5958, #4281, #875, #768, #7654 ),
 .UNSPECIFIED., .F., .F. ) 
 B_SPLINE_CURVE_WITH_KNOTS ( ( 3, 2, 2, 2, 3 ),
 ( 0.0000000000000000000, 0.001809413096306213822, 0.007495931180040739210, 0.009305344276347118915, 0.02015644698763217543 ),
 .UNSPECIFIED. ) 
 CURVE ( )  GEOMETRIC_REPRESENTATION_ITEM ( )  RATIONAL_B_SPLINE_CURVE ( ( 1.000000000000000000, 0.7071067811865470176, 1.000000000000000000, 1.000000000000000000, 1.000000000000000000, 0.7071067811865490160, 1.000000000000000000, 1.000000000000000000, 1.000000000000000000 ) ) 
 REPRESENTATION_ITEM ( '' )  );
#6692 =( GEOMETRIC_REPRESENTATION_CONTEXT ( 3 ) GLOBAL_UNCERTAINTY_ASSIGNED_CONTEXT ( ( #574 ) ) GLOBAL_UNIT_ASSIGNED_CONTEXT ( ( #8447, #7684, #3492 ) ) REPRESENTATION_CONTEXT ( 'NONE', 'WORKASPACE' ) );
#6693 = ADVANCED_FACE ( 'NONE', ( #1991 ), #10380, .T. ) ;
#6694 = PRESENTATION_LAYER_ASSIGNMENT (  '', '', ( #8959 ) ) ;
#6695 = FILL_AREA_STYLE ('',( #8986 ) ) ;
#6696 = CARTESIAN_POINT ( 'NONE',  ( -0.1483524685257129883, -0.2399204603259530166, 11.78455947458399677 ) ) ;
#6697 = EDGE_CURVE ( 'NONE', #9665, #7945, #5676, .T. ) ;
#6698 =( NAMED_UNIT ( * ) SI_UNIT ( $, .STERADIAN. ) SOLID_ANGLE_UNIT ( ) );
#6699 = FILL_AREA_STYLE_COLOUR ( '', #8284 ) ;
#6700 = VERTEX_POINT ( 'NONE', #4783 ) ;
#6701 = LINE ( 'NONE', #1617, #3178 ) ;
#6702 = SURFACE_SIDE_STYLE ('',( #3327 ) ) ;
#6703 = CARTESIAN_POINT ( 'NONE',  ( 1.791406567618869961, -0.5194762205607580396, 11.78455947458400033 ) ) ;
#6704 = DIRECTION ( 'NONE',  ( -1.000000000000000000, 0.0000000000000000000, -0.0000000000000000000 ) ) ;
#6705 = ORIENTED_EDGE ( 'NONE', *, *, #1285, .T. ) ;
#6706 = PRESENTATION_STYLE_ASSIGNMENT (( #3223 ) ) ;
#6707 = EDGE_LOOP ( 'NONE', ( #8106, #1796, #6681, #9048 ) ) ;
#6708 = ORIENTED_EDGE ( 'NONE', *, *, #6088, .F. ) ;
#6709 = CARTESIAN_POINT ( 'NONE',  ( 1.562679160852870064, -0.5776463696855239638, 11.88455947458399997 ) ) ;
#6710 =( LENGTH_UNIT ( ) NAMED_UNIT ( * ) SI_UNIT ( .MILLI., .METRE. ) );
#6711 = UNCERTAINTY_MEASURE_WITH_UNIT (LENGTH_MEASURE( 1.000000000000000082E-05 ), #8859, 'distance_accuracy_value', 'NONE');
#6712 = DIRECTION ( 'NONE',  ( -0.0000000000000000000, -1.000000000000000000, 0.0000000000000000000 ) ) ;
#6713 = COLOUR_RGB ( '',1.000000000000000000, 0.7490196078431372584, 0.0000000000000000000 ) ;
#6714 =( LENGTH_UNIT ( ) NAMED_UNIT ( * ) SI_UNIT ( .MILLI., .METRE. ) );
#6715 = EDGE_CURVE ( 'NONE', #6125, #10129, #7446, .T. ) ;
#6716 = ORIENTED_EDGE ( 'NONE', *, *, #2404, .T. ) ;
#6717 = DIRECTION ( 'NONE',  ( 1.000000000000000000, 0.0000000000000000000, 0.0000000000000000000 ) ) ;
#6718 = DIRECTION ( 'NONE',  ( 1.000000000000000000, 0.0000000000000000000, 0.0000000000000000000 ) ) ;
#6719 =( NAMED_UNIT ( * ) SI_UNIT ( $, .STERADIAN. ) SOLID_ANGLE_UNIT ( ) );
#6720 = ORIENTED_EDGE ( 'NONE', *, *, #3992, .T. ) ;
#6721 = VECTOR ( 'NONE', #5647, 1000.000000000000000 ) ;
#6722 = CARTESIAN_POINT ( 'NONE',  ( -0.01582234804378450030, 0.6281141868459350075, 11.88455947458400352 ) ) ;
#6723 = CYLINDRICAL_SURFACE ( 'NONE', #4735, 0.1217795388796301809 ) ;
#6724 = ORIENTED_EDGE ( 'NONE', *, *, #9216, .F. ) ;
#6725 = CARTESIAN_POINT ( 'NONE',  ( 0.09261138689597370188, -0.6631132543907449772, 11.88455947458399820 ) ) ;
#6726 = COLOUR_RGB ( '',0.1764705882352941013, 0.1764705882352941013, 0.1764705882352941013 ) ;
#6727 = DIRECTION ( 'NONE',  ( 0.0000000000000000000, 0.0000000000000000000, 1.000000000000000000 ) ) ;
#6728 = PRESENTATION_LAYER_ASSIGNMENT (  '', '', ( #10176 ) ) ;
#6729 = FILL_AREA_STYLE_COLOUR ( '', #1932 ) ;
#6730 = FILL_AREA_STYLE_COLOUR ( '', #9589 ) ;
#6731 = COLOUR_RGB ( '',0.4117647058823529216, 0.4117647058823529216, 0.4117647058823529216 ) ;
#6732 = ORIENTED_EDGE ( 'NONE', *, *, #5940, .T. ) ;
#6733 = FILL_AREA_STYLE ('',( #2461 ) ) ;
#6734 =( LENGTH_UNIT ( ) NAMED_UNIT ( * ) SI_UNIT ( .MILLI., .METRE. ) );
#6735 = ORIENTED_EDGE ( 'NONE', *, *, #428, .F. ) ;
#6736 = VECTOR ( 'NONE', #565, 1000.000000000000000 ) ;
#6737 = EDGE_CURVE ( 'NONE', #6623, #5067, #3249, .T. ) ;
#6738 = LINE ( 'NONE', #10052, #10391 ) ;
#6739 = PRESENTATION_STYLE_ASSIGNMENT (( #9238 ) ) ;
#6740 =( LENGTH_UNIT ( ) NAMED_UNIT ( * ) SI_UNIT ( .MILLI., .METRE. ) );
#6741 = CARTESIAN_POINT ( 'NONE',  ( -4.950000000000000178, 5.900000000000000355, 9.400000000000000355 ) ) ;
#6742 = VECTOR ( 'NONE', #1983, 1000.000000000000000 ) ;
#6743 = FACE_BOUND ( 'NONE', #6945, .T. ) ;
#6744 = CARTESIAN_POINT ( 'NONE',  ( -4.749999999999999112, 4.349999999999998757, 0.3261087975802219874 ) ) ;
#6745 = CIRCLE ( 'NONE', #3205, 0.2500000000000011102 ) ;
#6746 = CIRCLE ( 'NONE', #4085, 0.1217795388796299727 ) ;
#6747 = CARTESIAN_POINT ( 'NONE',  ( -6.500000000000000888, -3.072439817376820148, 1.091858092819040005 ) ) ;
#6748 =( NAMED_UNIT ( * ) PLANE_ANGLE_UNIT ( ) SI_UNIT ( $, .RADIAN. ) );
#6749 = CARTESIAN_POINT ( 'NONE',  ( -0.5474486932046990217, -0.02248822279261980181, 11.78455947458399677 ) ) ;
#6750 = VECTOR ( 'NONE', #3956, 1000.000000000000000 ) ;
#6751 = COLOUR_RGB ( '',0.1764705882352941013, 0.1764705882352941013, 0.1764705882352941013 ) ;
#6752 =( NAMED_UNIT ( * ) SI_UNIT ( $, .STERADIAN. ) SOLID_ANGLE_UNIT ( ) );
#6753 = EDGE_LOOP ( 'NONE', ( #5239, #3942, #10178, #9618, #4866, #4835, #8622, #2724, #2847, #2712, #3388, #5203, #3670, #5385 ) ) ;
#6754 = CARTESIAN_POINT ( 'NONE',  ( -4.453928499320491063, -5.795199161759920337, 1.972862536810730205 ) ) ;
#6755 = PLANE ( 'NONE',  #7520 ) ;
#6756 = LINE ( 'NONE', #6809, #6909 ) ;
#6757 = FILL_AREA_STYLE ('',( #10071 ) ) ;
#6758 = EDGE_CURVE ( 'NONE', #4999, #3810, #5577, .T. ) ;
#6759 = CIRCLE ( 'NONE', #7109, 0.2999999999999999334 ) ;
#6760 =( NAMED_UNIT ( * ) PLANE_ANGLE_UNIT ( ) SI_UNIT ( $, .RADIAN. ) );
#6761 = VECTOR ( 'NONE', #42, 1000.000000000000000 ) ;
#6762 = FACE_OUTER_BOUND ( 'NONE', #3634, .T. ) ;
#6763 =( NAMED_UNIT ( * ) PLANE_ANGLE_UNIT ( ) SI_UNIT ( $, .RADIAN. ) );
#6764 = CARTESIAN_POINT ( 'NONE',  ( 2.670924639908020204, -0.5194762205607580396, 11.78455947458400033 ) ) ;
#6765 = ADVANCED_FACE ( 'NONE', ( #4011 ), #10657, .T. ) ;
#6766 = EDGE_LOOP ( 'NONE', ( #721, #7876, #3898, #2654 ) ) ;
#6767 = CARTESIAN_POINT ( 'NONE',  ( 1.393063366478300091, 0.8815027468079159600, 11.88455947458399997 ) ) ;
#6768 = COLOUR_RGB ( '',0.1764705882352941013, 0.1764705882352941013, 0.1764705882352941013 ) ;
#6769 =( NAMED_UNIT ( * ) PLANE_ANGLE_UNIT ( ) SI_UNIT ( $, .RADIAN. ) );
#6770 = ORIENTED_EDGE ( 'NONE', *, *, #7601, .F. ) ;
#6771 = FILL_AREA_STYLE_COLOUR ( '', #1703 ) ;
#6772 = COLOUR_RGB ( '',0.7450980392156862919, 0.7450980392156862919, 0.7450980392156862919 ) ;
#6773 = ADVANCED_FACE ( 'NONE', ( #6375 ), #6321, .T. ) ;
#6774 = DIRECTION ( 'NONE',  ( 0.0000000000000000000, -0.0000000000000000000, -1.000000000000000000 ) ) ;
#6775 = PRESENTATION_LAYER_ASSIGNMENT (  '', '', ( #770 ) ) ;
#6776 = ORIENTED_EDGE ( 'NONE', *, *, #3851, .F. ) ;
#6777 = ADVANCED_FACE ( 'NONE', ( #2832 ), #6213, .T. ) ;
#6778 = STYLED_ITEM ( 'NONE', ( #8484 ), #762 ) ;
#6779 = CARTESIAN_POINT ( 'NONE',  ( -6.200000000000001066, -3.274999999999990141, 0.0000000000000000000 ) ) ;
#6780 = ORIENTED_EDGE ( 'NONE', *, *, #3176, .T. ) ;
#6781 = CARTESIAN_POINT ( 'NONE',  ( -1.184120535069759894, -0.7167652622849911559, 11.88455947458399820 ) ) ;
#6782 = LINE ( 'NONE', #5995, #5549 ) ;
#6783 = CARTESIAN_POINT ( 'NONE',  ( -0.2567862034654720405, 0.4959605781332170338, 11.78455947458400033 ) ) ;
#6784 = AXIS2_PLACEMENT_3D ( 'NONE', #10415, #9611, #2067 ) ;
#6785 = CARTESIAN_POINT ( 'NONE',  ( -6.500000000000000888, -3.072439817376820148, 5.691858092819041204 ) ) ;
#6786 =( GEOMETRIC_REPRESENTATION_CONTEXT ( 3 ) GLOBAL_UNCERTAINTY_ASSIGNED_CONTEXT ( ( #3406 ) ) GLOBAL_UNIT_ASSIGNED_CONTEXT ( ( #4387, #5166, #5005 ) ) REPRESENTATION_CONTEXT ( 'NONE', 'WORKASPACE' ) );
#6787 = ORIENTED_EDGE ( 'NONE', *, *, #4919, .T. ) ;
#6788 = CARTESIAN_POINT ( 'NONE',  ( -1.208593432381130039, -0.4712834494764209792, 11.78455947458400033 ) ) ;
#6789 =( NAMED_UNIT ( * ) SI_UNIT ( $, .STERADIAN. ) SOLID_ANGLE_UNIT ( ) );
#6790 = VERTEX_POINT ( 'NONE', #5384 ) ;
#6791 = CARTESIAN_POINT ( 'NONE',  ( -2.027870540814870282, 0.7696804059452659885, 11.78455947458400033 ) ) ;
#6792 = COLOUR_RGB ( '',0.1764705882352941013, 0.1764705882352941013, 0.1764705882352941013 ) ;
#6793 = PRESENTATION_STYLE_ASSIGNMENT (( #10317 ) ) ;
#6794 = PLANE ( 'NONE',  #5227 ) ;
#6795 =( NAMED_UNIT ( * ) PLANE_ANGLE_UNIT ( ) SI_UNIT ( $, .RADIAN. ) );
#6796 = EDGE_CURVE ( 'NONE', #1836, #1789, #4659, .T. ) ;
#6797 = AXIS2_PLACEMENT_3D ( 'NONE', #8535, #10201, #2731 ) ;
#6798 = CARTESIAN_POINT ( 'NONE',  ( 3.749999999999999556, -4.349999999999999645, 2.000000000000000000 ) ) ;
#6799 = LINE ( 'NONE', #1053, #4628 ) ;
#6800 = CARTESIAN_POINT ( 'NONE',  ( -0.9245195309158090735, -0.6399581482716010239, 11.78455947458399677 ) ) ;
#6801 = COLOUR_RGB ( '',0.1764705882352941013, 0.1764705882352941013, 0.1764705882352941013 ) ;
#6802 = DIRECTION ( 'NONE',  ( 1.000000000000000000, -0.0000000000000000000, 0.0000000000000000000 ) ) ;
#6803 = PRESENTATION_STYLE_ASSIGNMENT (( #3434 ) ) ;
#6804 = VERTEX_POINT ( 'NONE', #3780 ) ;
#6805 = CARTESIAN_POINT ( 'NONE',  ( 4.453928499320490175, 5.095199161759920159, 9.372862536810730560 ) ) ;
#6806 = DIRECTION ( 'NONE',  ( -0.08293612690015314537, 0.9965548649496432931, 0.0000000000000000000 ) ) ;
#6807 = AXIS2_PLACEMENT_3D ( 'NONE', #5272, #4390, #6103 ) ;
#6808 = CARTESIAN_POINT ( 'NONE',  ( -2.750000000000000444, 4.349999999999999645, 0.3261087975802219874 ) ) ;
#6809 = CARTESIAN_POINT ( 'NONE',  ( 5.900000000000000355, -6.200000000000001066, 0.9999999999999985567 ) ) ;
#6810 = CARTESIAN_POINT ( 'NONE',  ( 0.7016099814113669897, 0.6635057416207670311, 11.88455947458399997 ) ) ;
#6811 = ADVANCED_FACE ( 'NONE', ( #2069 ), #5437, .T. ) ;
#6812 = SURFACE_STYLE_FILL_AREA ( #6023 ) ;
#6813 = MECHANICAL_DESIGN_GEOMETRIC_PRESENTATION_REPRESENTATION (  '', ( #4139 ), #2563 ) ;
#6814 =( NAMED_UNIT ( * ) PLANE_ANGLE_UNIT ( ) SI_UNIT ( $, .RADIAN. ) );
#6815 = FACE_OUTER_BOUND ( 'NONE', #2593, .T. ) ;
#6816 = ORIENTED_EDGE ( 'NONE', *, *, #3699, .F. ) ;
#6817 = CARTESIAN_POINT ( 'NONE',  ( -1.377268131176320187, 0.9985960685958690242, 11.88455947458399997 ) ) ;
#6818 = ORIENTED_EDGE ( 'NONE', *, *, #10004, .F. ) ;
#6819 = DIRECTION ( 'NONE',  ( -0.0000000000000000000, -1.000000000000000000, -0.0000000000000000000 ) ) ;
#6820 =( LENGTH_UNIT ( ) NAMED_UNIT ( * ) SI_UNIT ( .MILLI., .METRE. ) );
#6821 = AXIS2_PLACEMENT_3D ( 'NONE', #9105, #1563, #8279 ) ;
#6822 = SURFACE_STYLE_FILL_AREA ( #2591 ) ;
#6823 = VERTEX_POINT ( 'NONE', #2228 ) ;
#6824 = FILL_AREA_STYLE_COLOUR ( '', #7167 ) ;
#6825 = FILL_AREA_STYLE_COLOUR ( '', #8925 ) ;
#6826 = EDGE_CURVE ( 'NONE', #4608, #1360, #3334, .T. ) ;
#6827 = ORIENTED_EDGE ( 'NONE', *, *, #8829, .T. ) ;
#6828 = SURFACE_STYLE_USAGE ( .BOTH. , #10131 ) ;
#6829 = FILL_AREA_STYLE ('',( #10039 ) ) ;
#6830 = ORIENTED_EDGE ( 'NONE', *, *, #2801, .F. ) ;
#6831 = CARTESIAN_POINT ( 'NONE',  ( -3.497154403813633294, 5.924880838070044398, 2.000000000000000444 ) ) ;
#6832 = CARTESIAN_POINT ( 'NONE',  ( -0.2891656640866239747, 0.08763981510858470658, 11.88455947458399997 ) ) ;
#6833 = CARTESIAN_POINT ( 'NONE',  ( 0.9971544038136319621, 5.924880838070049727, 6.720698216694515680E-17 ) ) ;
#6834 = ADVANCED_FACE ( 'NONE', ( #683 ), #10685, .T. ) ;
#6835 = PRESENTATION_LAYER_ASSIGNMENT (  '', '', ( #3124 ) ) ;
#6836 = DIRECTION ( 'NONE',  ( -1.000000000000000000, 0.0000000000000000000, 0.0000000000000000000 ) ) ;
#6837 = ORIENTED_EDGE ( 'NONE', *, *, #4975, .T. ) ;
#6838 = CARTESIAN_POINT ( 'NONE',  ( 4.599635752693309598, 5.256890767208569848, 5.691536123744034725 ) ) ;
#6839 = DIRECTION ( 'NONE',  ( 1.570907590732636975E-15, 1.707073681399378185E-15, 1.000000000000000000 ) ) ;
#6840 = EDGE_LOOP ( 'NONE', ( #1599, #3419, #4561, #10435, #10331, #1575, #1887, #5659, #4558, #6265, #8579 ) ) ;
#6841 = DIRECTION ( 'NONE',  ( -0.0000000000000000000, -0.0000000000000000000, -1.000000000000000000 ) ) ;
#6842 = CARTESIAN_POINT ( 'NONE',  ( 4.453928499320490175, -5.095199161759920159, 1.972862536810728873 ) ) ;
#6843 = STYLED_ITEM ( 'NONE', ( #10336 ), #4528 ) ;
#6844 =( NAMED_UNIT ( * ) SI_UNIT ( $, .STERADIAN. ) SOLID_ANGLE_UNIT ( ) );
#6845 =( NAMED_UNIT ( * ) PLANE_ANGLE_UNIT ( ) SI_UNIT ( $, .RADIAN. ) );
#6846 = DIRECTION ( 'NONE',  ( -1.000000000000000000, -0.0000000000000000000, -0.0000000000000000000 ) ) ;
#6847 = CARTESIAN_POINT ( 'NONE',  ( -5.250000000000000000, -4.350000000000000533, -4.673891202419779844 ) ) ;
#6848 = PRESENTATION_STYLE_ASSIGNMENT (( #3472 ) ) ;
#6849 = PRESENTATION_STYLE_ASSIGNMENT (( #1768 ) ) ;
#6850 =( GEOMETRIC_REPRESENTATION_CONTEXT ( 3 ) GLOBAL_UNCERTAINTY_ASSIGNED_CONTEXT ( ( #6971 ) ) GLOBAL_UNIT_ASSIGNED_CONTEXT ( ( #8270, #4906, #10558 ) ) REPRESENTATION_CONTEXT ( 'NONE', 'WORKASPACE' ) );
#6851 = MECHANICAL_DESIGN_GEOMETRIC_PRESENTATION_REPRESENTATION (  '', ( #1917 ), #3142 ) ;
#6852 =( NAMED_UNIT ( * ) SI_UNIT ( $, .STERADIAN. ) SOLID_ANGLE_UNIT ( ) );
#6853 = FILL_AREA_STYLE_COLOUR ( '', #7305 ) ;
#6854 = FILL_AREA_STYLE_COLOUR ( '', #2647 ) ;
#6855 = VERTEX_POINT ( 'NONE', #3166 ) ;
#6856 = AXIS2_PLACEMENT_3D ( 'NONE', #2375, #5544, #8935 ) ;
#6857 = SURFACE_STYLE_USAGE ( .BOTH. , #7618 ) ;
#6858 = CIRCLE ( 'NONE', #3150, 0.2999999999999973244 ) ;
#6859 =( LENGTH_UNIT ( ) NAMED_UNIT ( * ) SI_UNIT ( .MILLI., .METRE. ) );
#6860 = MECHANICAL_DESIGN_GEOMETRIC_PRESENTATION_REPRESENTATION (  '', ( #10876 ), #10523 ) ;
#6861 =( LENGTH_UNIT ( ) NAMED_UNIT ( * ) SI_UNIT ( .MILLI., .METRE. ) );
#6862 = SURFACE_SIDE_STYLE ('',( #1173 ) ) ;
#6863 = DIRECTION ( 'NONE',  ( -1.658182125529443522E-16, -1.658182125529443769E-16, 1.000000000000000000 ) ) ;
#6864 = ORIENTED_EDGE ( 'NONE', *, *, #8480, .F. ) ;
#6865 = CARTESIAN_POINT ( 'NONE',  ( 1.589881768491020031, 0.4631103858787330441, 11.88455947458399997 ) ) ;
#6866 =( NAMED_UNIT ( * ) PLANE_ANGLE_UNIT ( ) SI_UNIT ( $, .RADIAN. ) );
#6867 = CARTESIAN_POINT ( 'NONE',  ( 6.500000000000000888, -3.072439817376820592, -0.008141907180951320211 ) ) ;
#6868 = VERTEX_POINT ( 'NONE', #10797 ) ;
#6869 = FILL_AREA_STYLE ('',( #6824 ) ) ;
#6870 = DIRECTION ( 'NONE',  ( 0.0000000000000000000, 0.0000000000000000000, -1.000000000000000000 ) ) ;
#6871 = LINE ( 'NONE', #1903, #3736 ) ;
#6872 = VERTEX_POINT ( 'NONE', #7419 ) ;
#6873 = FACE_OUTER_BOUND ( 'NONE', #4268, .T. ) ;
#6874 = FACE_OUTER_BOUND ( 'NONE', #4413, .T. ) ;
#6875 = DIRECTION ( 'NONE',  ( 1.000000000000000000, -0.0000000000000000000, 0.0000000000000000000 ) ) ;
#6876 = VERTEX_POINT ( 'NONE', #6538 ) ;
#6877 = COLOUR_RGB ( '',0.1764705882352941013, 0.1764705882352941013, 0.1764705882352941013 ) ;
#6878 = LINE ( 'NONE', #3506, #8701 ) ;
#6879 = FILL_AREA_STYLE_COLOUR ( '', #6220 ) ;
#6880 = FILL_AREA_STYLE ('',( #9389 ) ) ;
#6881 = EDGE_CURVE ( 'NONE', #6606, #5353, #10383, .T. ) ;
#6882 =( NAMED_UNIT ( * ) SI_UNIT ( $, .STERADIAN. ) SOLID_ANGLE_UNIT ( ) );
#6883 = MECHANICAL_DESIGN_GEOMETRIC_PRESENTATION_REPRESENTATION (  '', ( #3 ), #10018 ) ;
#6884 = DIRECTION ( 'NONE',  ( -1.000000000000000000, -0.0000000000000000000, 0.0000000000000000000 ) ) ;
#6885 = EDGE_CURVE ( 'NONE', #306, #8189, #5609, .T. ) ;
#6886 = EDGE_LOOP ( 'NONE', ( #9286, #5522, #2804, #4082 ) ) ;
#6887 = DIRECTION ( 'NONE',  ( -1.000000000000000000, 0.0000000000000000000, 0.0000000000000000000 ) ) ;
#6888 = SURFACE_SIDE_STYLE ('',( #2034 ) ) ;
#6889 = COLOUR_RGB ( '',1.000000000000000000, 1.000000000000000000, 1.000000000000000000 ) ;
#6890 = ORIENTED_EDGE ( 'NONE', *, *, #1057, .F. ) ;
#6891 = MECHANICAL_DESIGN_GEOMETRIC_PRESENTATION_REPRESENTATION (  '', ( #3015 ), #7958 ) ;
#6892 = ADVANCED_FACE ( 'NONE', ( #10853 ), #8341, .T. ) ;
#6893 =( NAMED_UNIT ( * ) SI_UNIT ( $, .STERADIAN. ) SOLID_ANGLE_UNIT ( ) );
#6894 = CARTESIAN_POINT ( 'NONE',  ( 3.497154403813630186, -5.924880838070049727, 1.734396805262088632E-17 ) ) ;
#6895 =( LENGTH_UNIT ( ) NAMED_UNIT ( * ) SI_UNIT ( .MILLI., .METRE. ) );
#6896 =( GEOMETRIC_REPRESENTATION_CONTEXT ( 3 ) GLOBAL_UNCERTAINTY_ASSIGNED_CONTEXT ( ( #1965 ) ) GLOBAL_UNIT_ASSIGNED_CONTEXT ( ( #9738, #7395, #3086 ) ) REPRESENTATION_CONTEXT ( 'NONE', 'WORKASPACE' ) );
#6897 = VECTOR ( 'NONE', #7855, 1000.000000000000000 ) ;
#6898 = STYLED_ITEM ( 'NONE', ( #6562 ), #6014 ) ;
#6899 = DIRECTION ( 'NONE',  ( -1.000000000000000000, 0.0000000000000000000, -0.0000000000000000000 ) ) ;
#6900 = VERTEX_POINT ( 'NONE', #2637 ) ;
#6901 = DIRECTION ( 'NONE',  ( 0.0000000000000000000, 0.0000000000000000000, -1.000000000000000000 ) ) ;
#6902 = EDGE_CURVE ( 'NONE', #746, #3781, #1063, .T. ) ;
#6903 =( LENGTH_UNIT ( ) NAMED_UNIT ( * ) SI_UNIT ( .MILLI., .METRE. ) );
#6904 =( NAMED_UNIT ( * ) SI_UNIT ( $, .STERADIAN. ) SOLID_ANGLE_UNIT ( ) );
#6905 = CARTESIAN_POINT ( 'NONE',  ( 2.032746934809760209, -0.2905605579101560032, 11.78455947458400033 ) ) ;
#6906 = ORIENTED_EDGE ( 'NONE', *, *, #4310, .F. ) ;
#6907 =( LENGTH_UNIT ( ) NAMED_UNIT ( * ) SI_UNIT ( .MILLI., .METRE. ) );
#6908 = FACE_OUTER_BOUND ( 'NONE', #434, .T. ) ;
#6909 = VECTOR ( 'NONE', #5242, 1000.000000000000000 ) ;
#6910 =( NAMED_UNIT ( * ) SI_UNIT ( $, .STERADIAN. ) SOLID_ANGLE_UNIT ( ) );
#6911 = FACE_OUTER_BOUND ( 'NONE', #2863, .T. ) ;
#6912 = CARTESIAN_POINT ( 'NONE',  ( 7.654042494670949841E-18, -4.350000000000010303, -4.673891202419779844 ) ) ;
#6913 = CARTESIAN_POINT ( 'NONE',  ( 4.453928499320490175, 5.085787338499259569, 2.248605059590618627 ) ) ;
#6914 = MECHANICAL_DESIGN_GEOMETRIC_PRESENTATION_REPRESENTATION (  '', ( #5325 ), #2321 ) ;
#6915 = PRESENTATION_LAYER_ASSIGNMENT (  '', '', ( #10563 ) ) ;
#6916 = CARTESIAN_POINT ( 'NONE',  ( -4.950000000000000178, 3.663497205310419780, 10.50000000000000000 ) ) ;
#6917 = SURFACE_STYLE_USAGE ( .BOTH. , #113 ) ;
#6918 = DIRECTION ( 'NONE',  ( -0.0000000000000000000, 1.000000000000000000, 0.0000000000000000000 ) ) ;
#6919 = ORIENTED_EDGE ( 'NONE', *, *, #6942, .T. ) ;
#6920 = COLOUR_RGB ( '',1.000000000000000000, 1.000000000000000000, 1.000000000000000000 ) ;
#6921 = CARTESIAN_POINT ( 'NONE',  ( 0.8107967398895460365, -0.8206810398378659999, 11.88455947458399997 ) ) ;
#6922 = CARTESIAN_POINT ( 'NONE',  ( -1.184497046838969947, 0.4925719722103260589, 11.78455947458400033 ) ) ;
#6923 = ORIENTED_EDGE ( 'NONE', *, *, #604, .F. ) ;
#6924 = MECHANICAL_DESIGN_GEOMETRIC_PRESENTATION_REPRESENTATION (  '', ( #3564 ), #4806 ) ;
#6925 = SURFACE_SIDE_STYLE ('',( #171 ) ) ;
#6926 = ADVANCED_FACE ( 'NONE', ( #3543 ), #9310, .T. ) ;
#6927 = COLOUR_RGB ( '',0.1764705882352941013, 0.1764705882352941013, 0.1764705882352941013 ) ;
#6928 = VECTOR ( 'NONE', #821, 1000.000000000000000 ) ;
#6929 = CARTESIAN_POINT ( 'NONE',  ( 4.649999999999999467, -5.900000000000000355, 9.400000000000000355 ) ) ;
#6930 = ORIENTED_EDGE ( 'NONE', *, *, #9563, .F. ) ;
#6931 = DIRECTION ( 'NONE',  ( -0.0000000000000000000, 0.0000000000000000000, 1.000000000000000000 ) ) ;
#6932 = ORIENTED_EDGE ( 'NONE', *, *, #466, .T. ) ;
#6933 = ORIENTED_EDGE ( 'NONE', *, *, #2752, .F. ) ;
#6934 = SURFACE_STYLE_USAGE ( .BOTH. , #5110 ) ;
#6935 = AXIS2_PLACEMENT_3D ( 'NONE', #7838, #3692, #7060 ) ;
#6936 = PRESENTATION_LAYER_ASSIGNMENT (  '', '', ( #1294 ) ) ;
#6937 = CARTESIAN_POINT ( 'NONE',  ( -6.200000000000001066, 3.275000000000000355, 0.0000000000000000000 ) ) ;
#6938 = EDGE_CURVE ( 'NONE', #530, #3050, #10121, .T. ) ;
#6939 = CARTESIAN_POINT ( 'NONE',  ( -1.064015119128122189, 0.4744996830536997723, 11.88455947458399997 ) ) ;
#6940 = VERTEX_POINT ( 'NONE', #9262 ) ;
#6941 = CARTESIAN_POINT ( 'NONE',  ( -4.453928499320490175, 5.794608934297522218, 9.134918554661561885 ) ) ;
#6942 = EDGE_CURVE ( 'NONE', #2522, #5102, #2100, .T. ) ;
#6943 = AXIS2_PLACEMENT_3D ( 'NONE', #10444, #7186, #8008 ) ;
#6944 = LINE ( 'NONE', #2722, #4115 ) ;
#6945 = EDGE_LOOP ( 'NONE', ( #6732, #5070, #8898, #3583 ) ) ;
#6946 = SURFACE_STYLE_USAGE ( .BOTH. , #1359 ) ;
#6947 = COLOUR_RGB ( '',0.1764705882352941013, 0.1764705882352941013, 0.1764705882352941013 ) ;
#6948 = FACE_OUTER_BOUND ( 'NONE', #10485, .T. ) ;
#6949 = FILL_AREA_STYLE ('',( #10441 ) ) ;
#6950 =( GEOMETRIC_REPRESENTATION_CONTEXT ( 3 ) GLOBAL_UNCERTAINTY_ASSIGNED_CONTEXT ( ( #5163 ) ) GLOBAL_UNIT_ASSIGNED_CONTEXT ( ( #7872, #2025, #3673 ) ) REPRESENTATION_CONTEXT ( 'NONE', 'WORKASPACE' ) );
#6951 = EDGE_CURVE ( 'NONE', #6985, #4508, #15, .T. ) ;
#6952 = FACE_OUTER_BOUND ( 'NONE', #7215, .T. ) ;
#6953 = STYLED_ITEM ( 'NONE', ( #3412 ), #8965 ) ;
#6954 = CARTESIAN_POINT ( 'NONE',  ( -0.8258749181318730814, 1.010644261366949959, 11.78455947458399677 ) ) ;
#6955 = ADVANCED_FACE ( 'NONE', ( #6815 ), #8500, .T. ) ;
#6956 = VERTEX_POINT ( 'NONE', #3763 ) ;
#6957 = VERTEX_POINT ( 'NONE', #1343 ) ;
#6958 = CARTESIAN_POINT ( 'NONE',  ( 6.305712614295090113, 3.101520183108081863, -0.3910372559811560178 ) ) ;
#6959 = CARTESIAN_POINT ( 'NONE',  ( 2.032746934809760209, -0.2905605579101560032, 11.88455947458399997 ) ) ;
#6960 = UNCERTAINTY_MEASURE_WITH_UNIT (LENGTH_MEASURE( 1.000000000000000082E-05 ), #9251, 'distance_accuracy_value', 'NONE');
#6961 = DIRECTION ( 'NONE',  ( -1.000000000000000000, 0.0000000000000000000, -0.0000000000000000000 ) ) ;
#6962 =( NAMED_UNIT ( * ) PLANE_ANGLE_UNIT ( ) SI_UNIT ( $, .RADIAN. ) );
#6963 = ORIENTED_EDGE ( 'NONE', *, *, #7003, .F. ) ;
#6964 = CARTESIAN_POINT ( 'NONE',  ( 1.791406567618869961, -0.9893557386330470438, 11.78455947458400033 ) ) ;
#6965 = STYLED_ITEM ( 'NONE', ( #2880 ), #8928 ) ;
#6966 = EDGE_CURVE ( 'NONE', #7844, #7628, #8107, .T. ) ;
#6967 = SURFACE_STYLE_FILL_AREA ( #2989 ) ;
#6968 = SURFACE_SIDE_STYLE ('',( #1945 ) ) ;
#6969 = DIRECTION ( 'NONE',  ( 0.0000000000000000000, 0.0000000000000000000, -1.000000000000000000 ) ) ;
#6970 = EDGE_CURVE ( 'NONE', #7554, #10126, #459, .T. ) ;
#6971 = UNCERTAINTY_MEASURE_WITH_UNIT (LENGTH_MEASURE( 1.000000000000000082E-05 ), #8270, 'distance_accuracy_value', 'NONE');
#6972 = AXIS2_PLACEMENT_3D ( 'NONE', #6105, #9500, #8688 ) ;
#6973 =( BOUNDED_CURVE ( )  B_SPLINE_CURVE ( 2, ( #8559, #7741, #4323, #168, #7686, #3496, #7495, #6031, #7798 ),
 .UNSPECIFIED., .F., .F. ) 
 B_SPLINE_CURVE_WITH_KNOTS ( ( 3, 2, 2, 2, 3 ),
 ( 0.0000000000000000000, 0.001809413096306472296, 0.007495931180041625654, 0.009305344276348097299, 0.02015644698763450690 ),
 .UNSPECIFIED. ) 
 CURVE ( )  GEOMETRIC_REPRESENTATION_ITEM ( )  RATIONAL_B_SPLINE_CURVE ( ( 1.000000000000000000, 0.7071067811865480168, 1.000000000000000000, 1.000000000000000000, 1.000000000000000000, 0.7071067811865480168, 1.000000000000000000, 1.000000000000000000, 1.000000000000000000 ) ) 
 REPRESENTATION_ITEM ( '' )  );
#6974 = FACE_OUTER_BOUND ( 'NONE', #5902, .T. ) ;
#6975 =( NAMED_UNIT ( * ) PLANE_ANGLE_UNIT ( ) SI_UNIT ( $, .RADIAN. ) );
#6976 = VERTEX_POINT ( 'NONE', #7962 ) ;
#6977 = FILL_AREA_STYLE_COLOUR ( '', #8956 ) ;
#6978 = SURFACE_STYLE_USAGE ( .BOTH. , #8608 ) ;
#6979 = ORIENTED_EDGE ( 'NONE', *, *, #5631, .T. ) ;
#6980 = EDGE_LOOP ( 'NONE', ( #6604, #4434, #2612, #1951 ) ) ;
#6981 = LINE ( 'NONE', #2652, #7469 ) ;
#6982 = SURFACE_STYLE_FILL_AREA ( #1797 ) ;
#6983 = CARTESIAN_POINT ( 'NONE',  ( -6.513276922344959807, -3.072439817376822813, 5.691858092819042092 ) ) ;
#6984 = ORIENTED_EDGE ( 'NONE', *, *, #8335, .F. ) ;
#6985 = VERTEX_POINT ( 'NONE', #6141 ) ;
#6986 = CARTESIAN_POINT ( 'NONE',  ( -0.6713192268384331474, 0.1644471129656109865, 11.78455947458399500 ) ) ;
#6987 = CARTESIAN_POINT ( 'NONE',  ( -0.2891656640866239747, 0.08763981510858470658, 11.78455947458400033 ) ) ;
#6988 = EDGE_CURVE ( 'NONE', #4600, #633, #1254, .T. ) ;
#6989 = SURFACE_STYLE_USAGE ( .BOTH. , #10481 ) ;
#6990 =( NAMED_UNIT ( * ) SI_UNIT ( $, .STERADIAN. ) SOLID_ANGLE_UNIT ( ) );
#6991 =( LENGTH_UNIT ( ) NAMED_UNIT ( * ) SI_UNIT ( .MILLI., .METRE. ) );
#6992 = STYLED_ITEM ( 'NONE', ( #9316 ), #3511 ) ;
#6993 = VERTEX_POINT ( 'NONE', #8661 ) ;
#6994 = CARTESIAN_POINT ( 'NONE',  ( -0.6713192268384331474, 0.1644471129656109865, 11.88455947458399997 ) ) ;
#6995 = CARTESIAN_POINT ( 'NONE',  ( -5.900000000000000355, 6.200000000000001066, 2.000000000000000000 ) ) ;
#6996 = ORIENTED_EDGE ( 'NONE', *, *, #4987, .T. ) ;
#6997 = LINE ( 'NONE', #10314, #6631 ) ;
#6998 = CARTESIAN_POINT ( 'NONE',  ( 4.453928499320491063, -5.795199161759920337, 9.372862536810732337 ) ) ;
#6999 = UNCERTAINTY_MEASURE_WITH_UNIT (LENGTH_MEASURE( 1.000000000000000082E-05 ), #5343, 'distance_accuracy_value', 'NONE');
#7000 = FACE_OUTER_BOUND ( 'NONE', #8588, .T. ) ;
#7001 = VECTOR ( 'NONE', #9402, 1000.000000000000000 ) ;
#7002 = FILL_AREA_STYLE_COLOUR ( '', #196 ) ;
#7003 = EDGE_CURVE ( 'NONE', #1935, #2941, #2938, .T. ) ;
#7004 =( LENGTH_UNIT ( ) NAMED_UNIT ( * ) SI_UNIT ( .MILLI., .METRE. ) );
#7005 = VERTEX_POINT ( 'NONE', #3707 ) ;
#7006 = CIRCLE ( 'NONE', #10306, 0.2500000000000011102 ) ;
#7007 = ORIENTED_EDGE ( 'NONE', *, *, #9695, .T. ) ;
#7008 = PRESENTATION_STYLE_ASSIGNMENT (( #5525 ) ) ;
#7009 = FILL_AREA_STYLE ('',( #6853 ) ) ;
#7010 = SURFACE_SIDE_STYLE ('',( #3908 ) ) ;
#7011 =( LENGTH_UNIT ( ) NAMED_UNIT ( * ) SI_UNIT ( .MILLI., .METRE. ) );
#7012 = ORIENTED_EDGE ( 'NONE', *, *, #4913, .F. ) ;
#7013 = DIRECTION ( 'NONE',  ( 9.659745536641621118E-17, 9.659745536641621118E-17, -1.000000000000000000 ) ) ;
#7014 = SURFACE_STYLE_FILL_AREA ( #3642 ) ;
#7015 = SURFACE_STYLE_USAGE ( .BOTH. , #10335 ) ;
#7016 = EDGE_CURVE ( 'NONE', #6430, #5804, #291, .T. ) ;
#7017 = DIRECTION ( 'NONE',  ( -1.570907590732632833E-15, -1.707073681399379762E-15, -1.000000000000000000 ) ) ;
#7018 = MECHANICAL_DESIGN_GEOMETRIC_PRESENTATION_REPRESENTATION (  '', ( #6843 ), #6135 ) ;
#7019 = VECTOR ( 'NONE', #4800, 1000.000000000000000 ) ;
#7020 = COLOUR_RGB ( '',0.1764705882352941013, 0.1764705882352941013, 0.1764705882352941013 ) ;
#7021 = FILL_AREA_STYLE ('',( #9529 ) ) ;
#7022 = EDGE_CURVE ( 'NONE', #9710, #2499, #5492, .T. ) ;
#7023 = FILL_AREA_STYLE_COLOUR ( '', #2904 ) ;
#7024 =( NAMED_UNIT ( * ) SI_UNIT ( $, .STERADIAN. ) SOLID_ANGLE_UNIT ( ) );
#7025 = CARTESIAN_POINT ( 'NONE',  ( -4.950000000000000178, -5.900000000000000355, 10.50000000000000000 ) ) ;
#7026 = FILL_AREA_STYLE ('',( #2639 ) ) ;
#7027 = ORIENTED_EDGE ( 'NONE', *, *, #7594, .F. ) ;
#7028 =( NAMED_UNIT ( * ) SI_UNIT ( $, .STERADIAN. ) SOLID_ANGLE_UNIT ( ) );
#7029 = DIRECTION ( 'NONE',  ( -0.0000000000000000000, 0.0000000000000000000, -1.000000000000000000 ) ) ;
#7030 = CARTESIAN_POINT ( 'NONE',  ( 0.5308644678855309884, -0.8248224854555400443, 11.88455947458399997 ) ) ;
#7031 = EDGE_LOOP ( 'NONE', ( #320, #9137 ) ) ;
#7032 = PRESENTATION_LAYER_ASSIGNMENT (  '', '', ( #141 ) ) ;
#7033 = DIRECTION ( 'NONE',  ( 0.0000000000000000000, 0.0000000000000000000, 1.000000000000000000 ) ) ;
#7034 = ORIENTED_EDGE ( 'NONE', *, *, #6624, .F. ) ;
#7035 = DIRECTION ( 'NONE',  ( 1.445602896647343650E-15, 1.000000000000000000, -1.445602896647348383E-15 ) ) ;
#7036 = ORIENTED_EDGE ( 'NONE', *, *, #2689, .T. ) ;
#7037 = VERTEX_POINT ( 'NONE', #7025 ) ;
#7038 = CARTESIAN_POINT ( 'NONE',  ( 6.610175751530340094, 3.101520183108080531, -0.08657411874590380252 ) ) ;
#7039 = FILL_AREA_STYLE ('',( #9621 ) ) ;
#7040 = STYLED_ITEM ( 'NONE', ( #3686 ), #5330 ) ;
#7041 = CARTESIAN_POINT ( 'NONE',  ( -0.4390149582649400251, 0.8058249842585190059, 11.88455947458399997 ) ) ;
#7042 = FILL_AREA_STYLE_COLOUR ( '', #2194 ) ;
#7043 = VERTEX_POINT ( 'NONE', #10343 ) ;
#7044 = MECHANICAL_DESIGN_GEOMETRIC_PRESENTATION_REPRESENTATION (  '', ( #7573 ), #5276 ) ;
#7045 = CARTESIAN_POINT ( 'NONE',  ( 4.453928499320489287, 5.794608934297521330, 9.134918554661561885 ) ) ;
#7046 = FILL_AREA_STYLE ('',( #5627 ) ) ;
#7047 = ORIENTED_EDGE ( 'NONE', *, *, #3979, .T. ) ;
#7048 = CARTESIAN_POINT ( 'NONE',  ( 3.176948736293559783, -0.9893557386330470438, 11.78455947458400033 ) ) ;
#7049 = UNCERTAINTY_MEASURE_WITH_UNIT (LENGTH_MEASURE( 1.000000000000000082E-05 ), #5010, 'distance_accuracy_value', 'NONE');
#7050 = CARTESIAN_POINT ( 'NONE',  ( -5.000000000000000000, -3.072439817376820148, 5.691858092819041204 ) ) ;
#7051 =( LENGTH_UNIT ( ) NAMED_UNIT ( * ) SI_UNIT ( .MILLI., .METRE. ) );
#7052 = DIRECTION ( 'NONE',  ( -1.000000000000000000, 0.0000000000000000000, -0.0000000000000000000 ) ) ;
#7053 = CARTESIAN_POINT ( 'NONE',  ( 0.9971544038136319621, -5.924880838070049727, 5.551115123125780237E-17 ) ) ;
#7054 = CIRCLE ( 'NONE', #6351, 0.2500000000000002220 ) ;
#7055 =( NAMED_UNIT ( * ) SI_UNIT ( $, .STERADIAN. ) SOLID_ANGLE_UNIT ( ) );
#7056 = CARTESIAN_POINT ( 'NONE',  ( 3.497154403813630186, 5.924880838070049727, 2.000000000000000888 ) ) ;
#7057 = B_SPLINE_CURVE_WITH_KNOTS ( 'NONE', 2,
 ( #8191, #1418, #4047 ),
 .UNSPECIFIED., .F., .F.,
 ( 3, 3 ),
 ( 0.0000000000000000000, 0.0008539246877168284091 ),
 .UNSPECIFIED. ) ;
#7058 = STYLED_ITEM ( 'NONE', ( #685 ), #2672 ) ;
#7059 = EDGE_CURVE ( 'NONE', #905, #6408, #5859, .T. ) ;
#7060 = DIRECTION ( 'NONE',  ( -1.000000000000000000, 0.0000000000000000000, 0.0000000000000000000 ) ) ;
#7061 = VERTEX_POINT ( 'NONE', #401 ) ;
#7062 = VECTOR ( 'NONE', #1098, 1000.000000000000000 ) ;
#7063 = EDGE_LOOP ( 'NONE', ( #8798, #2651, #5504, #1811 ) ) ;
#7064 = EDGE_CURVE ( 'NONE', #9615, #9179, #4584, .T. ) ;
#7065 = DIRECTION ( 'NONE',  ( -1.445602896647343650E-15, -1.000000000000000000, 1.445602896647348383E-15 ) ) ;
#7066 = CARTESIAN_POINT ( 'NONE',  ( 4.453928499320490175, 5.094634297978539728, 9.134056763649150312 ) ) ;
#7067 = PLANE ( 'NONE',  #1339 ) ;
#7068 = SURFACE_SIDE_STYLE ('',( #8868 ) ) ;
#7069 = PRESENTATION_STYLE_ASSIGNMENT (( #4632 ) ) ;
#7070 = AXIS2_PLACEMENT_3D ( 'NONE', #3588, #9465, #4470 ) ;
#7071 = PRESENTATION_STYLE_ASSIGNMENT (( #7197 ) ) ;
#7072 = FILL_AREA_STYLE ('',( #7242 ) ) ;
#7073 =( GEOMETRIC_REPRESENTATION_CONTEXT ( 3 ) GLOBAL_UNCERTAINTY_ASSIGNED_CONTEXT ( ( #1581 ) ) GLOBAL_UNIT_ASSIGNED_CONTEXT ( ( #4549, #6434, #1136 ) ) REPRESENTATION_CONTEXT ( 'NONE', 'WORKASPACE' ) );
#7074 = FILL_AREA_STYLE_COLOUR ( '', #849 ) ;
#7075 = UNCERTAINTY_MEASURE_WITH_UNIT (LENGTH_MEASURE( 1.000000000000000082E-05 ), #10220, 'distance_accuracy_value', 'NONE');
#7076 = COLOUR_RGB ( '',1.000000000000000000, 1.000000000000000000, 0.0000000000000000000 ) ;
#7077 = SURFACE_STYLE_USAGE ( .BOTH. , #9645 ) ;
#7078 = AXIS2_PLACEMENT_3D ( 'NONE', #6199, #9534, #349 ) ;
#7079 = PRESENTATION_LAYER_ASSIGNMENT (  '', '', ( #8307 ) ) ;
#7080 = ORIENTED_EDGE ( 'NONE', *, *, #6429, .T. ) ;
#7081 = CARTESIAN_POINT ( 'NONE',  ( -2.500000000000000000, -4.349999999999999645, 0.3261087975802219874 ) ) ;
#7082 = CARTESIAN_POINT ( 'NONE',  ( -4.453928499320490175, 5.795199161759920337, 9.372862536810727008 ) ) ;
#7083 = CARTESIAN_POINT ( 'NONE',  ( -6.513276922344959807, 3.101520183108080531, 11.40411371344520042 ) ) ;
#7084 = ORIENTED_EDGE ( 'NONE', *, *, #2369, .F. ) ;
#7085 = EDGE_CURVE ( 'NONE', #3286, #10447, #9101, .T. ) ;
#7086 = AXIS2_PLACEMENT_3D ( 'NONE', #6055, #197, #7556 ) ;
#7087 = DIRECTION ( 'NONE',  ( -0.0000000000000000000, -0.0000000000000000000, 1.000000000000000000 ) ) ;
#7088 = VECTOR ( 'NONE', #4845, 1000.000000000000000 ) ;
#7089 = ORIENTED_EDGE ( 'NONE', *, *, #7749, .F. ) ;
#7090 = EDGE_CURVE ( 'NONE', #1124, #6073, #7258, .T. ) ;
#7091 = MECHANICAL_DESIGN_GEOMETRIC_PRESENTATION_REPRESENTATION (  '', ( #10044 ), #9528 ) ;
#7092 = CARTESIAN_POINT ( 'NONE',  ( 1.128220461120369444, 4.349999999999992539, -4.156561972053139458E-18 ) ) ;
#7093 = PRESENTATION_STYLE_ASSIGNMENT (( #8787 ) ) ;
#7094 = ORIENTED_EDGE ( 'NONE', *, *, #781, .F. ) ;
#7095 = SURFACE_SIDE_STYLE ('',( #7657 ) ) ;
#7096 = ORIENTED_EDGE ( 'NONE', *, *, #2162, .F. ) ;
#7097 = DIRECTION ( 'NONE',  ( 0.0000000000000000000, 0.0000000000000000000, -1.000000000000000000 ) ) ;
#7098 = DIRECTION ( 'NONE',  ( 1.000000000000000000, 0.0000000000000000000, 0.0000000000000000000 ) ) ;
#7099 = AXIS2_PLACEMENT_3D ( 'NONE', #527, #2901, #6272 ) ;
#7100 = PRESENTATION_LAYER_ASSIGNMENT (  '', '', ( #5154 ) ) ;
#7101 = FILL_AREA_STYLE ('',( #8841 ) ) ;
#7102 = CARTESIAN_POINT ( 'NONE',  ( -0.2567862034654720405, 0.3269093675688259926, 11.88455947458399997 ) ) ;
#7103 = PRESENTATION_LAYER_ASSIGNMENT (  '', '', ( #1666 ) ) ;
#7104 =( NAMED_UNIT ( * ) PLANE_ANGLE_UNIT ( ) SI_UNIT ( $, .RADIAN. ) );
#7105 = EDGE_CURVE ( 'NONE', #5794, #1092, #3985, .T. ) ;
#7106 = AXIS2_PLACEMENT_3D ( 'NONE', #3688, #3522, #2671 ) ;
#7107 =( GEOMETRIC_REPRESENTATION_CONTEXT ( 3 ) GLOBAL_UNCERTAINTY_ASSIGNED_CONTEXT ( ( #879 ) ) GLOBAL_UNIT_ASSIGNED_CONTEXT ( ( #4173, #2519, #4225 ) ) REPRESENTATION_CONTEXT ( 'NONE', 'WORKASPACE' ) );
#7108 = ADVANCED_FACE ( 'NONE', ( #2421 ), #5819, .T. ) ;
#7109 = AXIS2_PLACEMENT_3D ( 'NONE', #5131, #888, #8483 ) ;
#7110 = VERTEX_POINT ( 'NONE', #10779 ) ;
#7111 = EDGE_LOOP ( 'NONE', ( #9199, #9787, #6787, #5157 ) ) ;
#7112 = MECHANICAL_DESIGN_GEOMETRIC_PRESENTATION_REPRESENTATION (  '', ( #5888 ), #2164 ) ;
#7113 = PRESENTATION_LAYER_ASSIGNMENT (  '', '', ( #9029 ) ) ;
#7114 = LINE ( 'NONE', #6336, #5392 ) ;
#7115 = CARTESIAN_POINT ( 'NONE',  ( -4.453928499320490175, -5.095394788380448681, 9.121511058380409764 ) ) ;
#7116 = UNCERTAINTY_MEASURE_WITH_UNIT (LENGTH_MEASURE( 1.000000000000000082E-05 ), #158, 'distance_accuracy_value', 'NONE');
#7117 = DIRECTION ( 'NONE',  ( 5.782411586589358822E-15, 5.782411586589358822E-15, -1.000000000000000000 ) ) ;
#7118 = CARTESIAN_POINT ( 'NONE',  ( -2.049999999999999822, -3.750000000000000000, 9.372862536810730560 ) ) ;
#7119 = PRESENTATION_LAYER_ASSIGNMENT (  '', '', ( #4455 ) ) ;
#7120 = FACE_OUTER_BOUND ( 'NONE', #5925, .T. ) ;
#7121 =( NAMED_UNIT ( * ) SI_UNIT ( $, .STERADIAN. ) SOLID_ANGLE_UNIT ( ) );
#7122 = CARTESIAN_POINT ( 'NONE',  ( -4.453928499320490175, 5.085787338499259569, 2.248605059590619959 ) ) ;
#7123 = COLOUR_RGB ( '',0.4117647058823529216, 0.4117647058823529216, 0.4117647058823529216 ) ;
#7124 = AXIS2_PLACEMENT_3D ( 'NONE', #7806, #5263, #1075 ) ;
#7125 = VECTOR ( 'NONE', #5589, 1000.000000000000000 ) ;
#7127 = VERTEX_POINT ( 'NONE', #8989 ) ;
#7126 = AXIS2_PLACEMENT_3D ( 'NONE', #10255, #10370, #9394 ) ;
#7128 = ORIENTED_EDGE ( 'NONE', *, *, #7350, .F. ) ;
#7129 = CARTESIAN_POINT ( 'NONE',  ( 4.599635752693320256, -5.984948569671961316, 9.120415862334729340 ) ) ;
#7130 = CARTESIAN_POINT ( 'NONE',  ( 1.502845596186368704, -5.924880838070049727, 2.000000000000000000 ) ) ;
#7131 = SURFACE_STYLE_FILL_AREA ( #10753 ) ;
#7132 = VECTOR ( 'NONE', #1649, 1000.000000000000000 ) ;
#7133 = AXIS2_PLACEMENT_3D ( 'NONE', #7180, #3022, #4615 ) ;
#7134 = CARTESIAN_POINT ( 'NONE',  ( -6.200000000000001066, -3.750000000000000000, 2.000000000000000000 ) ) ;
#7135 = EDGE_CURVE ( 'NONE', #4921, #1133, #8640, .T. ) ;
#7136 = DIRECTION ( 'NONE',  ( -4.968332279430341197E-18, 0.001231173694803740270, -0.9999992421053793823 ) ) ;
#7137 = PRESENTATION_STYLE_ASSIGNMENT (( #7015 ) ) ;
#7138 = PRESENTATION_LAYER_ASSIGNMENT (  '', '', ( #954 ) ) ;
#7139 = LINE ( 'NONE', #1280, #3132 ) ;
#7140 = AXIS2_PLACEMENT_3D ( 'NONE', #7531, #8548, #7725 ) ;
#7141 = LINE ( 'NONE', #10458, #5089 ) ;
#7142 = VECTOR ( 'NONE', #1398, 1000.000000000000000 ) ;
#7143 = CARTESIAN_POINT ( 'NONE',  ( 6.305712614295089224, -3.072439817376818816, 11.81236413145949804 ) ) ;
#7144 = ORIENTED_EDGE ( 'NONE', *, *, #7401, .F. ) ;
#7145 = ORIENTED_EDGE ( 'NONE', *, *, #558, .F. ) ;
#7146 = CARTESIAN_POINT ( 'NONE',  ( -2.049999999999999822, 3.769052550908070121, 2.010601116711559833 ) ) ;
#7147 = LINE ( 'NONE', #8665, #6522 ) ;
#7148 = VECTOR ( 'NONE', #3576, 1000.000000000000000 ) ;
#7149 = FACE_OUTER_BOUND ( 'NONE', #2899, .T. ) ;
#7150 = DIRECTION ( 'NONE',  ( -1.000000000000000000, 0.0000000000000000000, 0.0000000000000000000 ) ) ;
#7151 = ORIENTED_EDGE ( 'NONE', *, *, #10285, .T. ) ;
#7152 = SURFACE_SIDE_STYLE ('',( #3771 ) ) ;
#7153 = PLANE ( 'NONE',  #6666 ) ;
#7154 = EDGE_CURVE ( 'NONE', #1329, #10477, #7354, .T. ) ;
#7155 = PRESENTATION_LAYER_ASSIGNMENT (  '', '', ( #4488 ) ) ;
#7156 =( NAMED_UNIT ( * ) PLANE_ANGLE_UNIT ( ) SI_UNIT ( $, .RADIAN. ) );
#7157 = PRESENTATION_LAYER_ASSIGNMENT (  '', '', ( #976 ) ) ;
#7158 = VERTEX_POINT ( 'NONE', #6419 ) ;
#7159 = SURFACE_STYLE_FILL_AREA ( #3777 ) ;
#7160 = ORIENTED_EDGE ( 'NONE', *, *, #1057, .T. ) ;
#7161 = CARTESIAN_POINT ( 'NONE',  ( 2.670924639908020204, -0.2905605579101560032, 11.78455947458400033 ) ) ;
#7162 = ORIENTED_EDGE ( 'NONE', *, *, #5409, .T. ) ;
#7163 = CARTESIAN_POINT ( 'NONE',  ( 6.305712614295090113, 3.101520183108080531, 11.81236413145949982 ) ) ;
#7164 = VECTOR ( 'NONE', #9723, 1000.000000000000000 ) ;
#7165 = CARTESIAN_POINT ( 'NONE',  ( -6.500000000000000888, 3.077560182623180651, 11.69185809281900035 ) ) ;
#7166 = DIRECTION ( 'NONE',  ( 0.0000000000000000000, 0.0000000000000000000, 1.000000000000000000 ) ) ;
#7167 = COLOUR_RGB ( '',0.1764705882352941013, 0.1764705882352941013, 0.1764705882352941013 ) ;
#7168 = LINE ( 'NONE', #1308, #3799 ) ;
#7169 = EDGE_CURVE ( 'NONE', #7639, #6539, #4809, .T. ) ;
#7170 = CARTESIAN_POINT ( 'NONE',  ( 2.911888495329709947, -0.2905605579101560587, 11.78455947458400033 ) ) ;
#7171 = VECTOR ( 'NONE', #1428, 1000.000000000000000 ) ;
#7172 = ORIENTED_EDGE ( 'NONE', *, *, #6460, .T. ) ;
#7173 = FILL_AREA_STYLE_COLOUR ( '', #9200 ) ;
#7174 =( LENGTH_UNIT ( ) NAMED_UNIT ( * ) SI_UNIT ( .MILLI., .METRE. ) );
#7175 =( NAMED_UNIT ( * ) PLANE_ANGLE_UNIT ( ) SI_UNIT ( $, .RADIAN. ) );
#7176 = ORIENTED_EDGE ( 'NONE', *, *, #9345, .T. ) ;
#7177 = EDGE_CURVE ( 'NONE', #6872, #6700, #7404, .T. ) ;
#7178 = EDGE_CURVE ( 'NONE', #1366, #5655, #6745, .T. ) ;
#7179 = SURFACE_STYLE_USAGE ( .BOTH. , #7883 ) ;
#7180 = CARTESIAN_POINT ( 'NONE',  ( 4.301812055671258683, -5.900000000000003020, 1.999999999999999556 ) ) ;
#7181 = AXIS2_PLACEMENT_3D ( 'NONE', #1453, #4817, #3987 ) ;
#7182 = CARTESIAN_POINT ( 'NONE',  ( 6.513276922344959807, 3.101520183108080531, -0.02039752780706734908 ) ) ;
#7183 = CARTESIAN_POINT ( 'NONE',  ( 5.899999999999999467, 5.899999999999999467, 1.925929944387235853E-30 ) ) ;
#7184 =( GEOMETRIC_REPRESENTATION_CONTEXT ( 3 ) GLOBAL_UNCERTAINTY_ASSIGNED_CONTEXT ( ( #9129 ) ) GLOBAL_UNIT_ASSIGNED_CONTEXT ( ( #9721, #9776, #597 ) ) REPRESENTATION_CONTEXT ( 'NONE', 'WORKASPACE' ) );
#7185 = CARTESIAN_POINT ( 'NONE',  ( 1.393816206173080108, 0.4831593618237119969, 11.78455947458400033 ) ) ;
#7186 = DIRECTION ( 'NONE',  ( 1.000000000000000000, 0.0000000000000000000, 0.0000000000000000000 ) ) ;
#7187 = FILL_AREA_STYLE ('',( #2252 ) ) ;
#7188 = ORIENTED_EDGE ( 'NONE', *, *, #2225, .T. ) ;
#7189 = VERTEX_POINT ( 'NONE', #6524 ) ;
#7190 =( NAMED_UNIT ( * ) SI_UNIT ( $, .STERADIAN. ) SOLID_ANGLE_UNIT ( ) );
#7191 = CARTESIAN_POINT ( 'NONE',  ( -4.453928499320490175, -5.095394788380449569, 9.121511058380409764 ) ) ;
#7192 = DIRECTION ( 'NONE',  ( 0.0000000000000000000, 0.0000000000000000000, -1.000000000000000000 ) ) ;
#7193 = AXIS2_PLACEMENT_3D ( 'NONE', #9378, #7801, #4207 ) ;
#7194 = FILL_AREA_STYLE ('',( #4631 ) ) ;
#7195 = SURFACE_STYLE_USAGE ( .BOTH. , #2365 ) ;
#7196 = SURFACE_STYLE_USAGE ( .BOTH. , #3754 ) ;
#7197 = SURFACE_STYLE_USAGE ( .BOTH. , #7899 ) ;
#7198 = SURFACE_STYLE_FILL_AREA ( #4634 ) ;
#7199 = DIRECTION ( 'NONE',  ( -0.0000000000000000000, -0.0000000000000000000, 1.000000000000000000 ) ) ;
#7200 = MECHANICAL_DESIGN_GEOMETRIC_PRESENTATION_REPRESENTATION (  '', ( #7703 ), #8077 ) ;
#7201 =( NAMED_UNIT ( * ) SI_UNIT ( $, .STERADIAN. ) SOLID_ANGLE_UNIT ( ) );
#7202 = DIRECTION ( 'NONE',  ( -0.0000000000000000000, -0.0000000000000000000, -1.000000000000000000 ) ) ;
#7203 = DIRECTION ( 'NONE',  ( -1.000000000000000000, 0.0000000000000000000, 0.0000000000000000000 ) ) ;
#7204 = ORIENTED_EDGE ( 'NONE', *, *, #5409, .F. ) ;
#7205 = STYLED_ITEM ( 'NONE', ( #8129 ), #4760 ) ;
#7206 = CARTESIAN_POINT ( 'NONE',  ( 1.791406567618869961, -0.5194762205607580396, 11.78455947458400033 ) ) ;
#7207 = FACE_OUTER_BOUND ( 'NONE', #5049, .T. ) ;
#7208 = ORIENTED_EDGE ( 'NONE', *, *, #5871, .F. ) ;
#7209 =( NAMED_UNIT ( * ) PLANE_ANGLE_UNIT ( ) SI_UNIT ( $, .RADIAN. ) );
#7210 =( LENGTH_UNIT ( ) NAMED_UNIT ( * ) SI_UNIT ( .MILLI., .METRE. ) );
#7211 = ORIENTED_EDGE ( 'NONE', *, *, #8286, .T. ) ;
#7212 = COLOUR_RGB ( '',1.000000000000000000, 1.000000000000000000, 0.0000000000000000000 ) ;
#7213 =( GEOMETRIC_REPRESENTATION_CONTEXT ( 3 ) GLOBAL_UNCERTAINTY_ASSIGNED_CONTEXT ( ( #4533 ) ) GLOBAL_UNIT_ASSIGNED_CONTEXT ( ( #6454, #744, #804 ) ) REPRESENTATION_CONTEXT ( 'NONE', 'WORKASPACE' ) );
#7214 = DIRECTION ( 'NONE',  ( 0.0000000000000000000, 0.0000000000000000000, 1.000000000000000000 ) ) ;
#7215 = EDGE_LOOP ( 'NONE', ( #9821, #2976, #7892, #1846 ) ) ;
#7216 = VERTEX_POINT ( 'NONE', #10626 ) ;
#7217 = LINE ( 'NONE', #9766, #7278 ) ;
#7218 = VERTEX_POINT ( 'NONE', #8174 ) ;
#7219 = VECTOR ( 'NONE', #5775, 1000.000000000000114 ) ;
#7220 = UNCERTAINTY_MEASURE_WITH_UNIT (LENGTH_MEASURE( 1.000000000000000082E-05 ), #2399, 'distance_accuracy_value', 'NONE');
#7221 = EDGE_LOOP ( 'NONE', ( #3558, #2505, #3331, #3862 ) ) ;
#7222 = PRESENTATION_STYLE_ASSIGNMENT (( #483 ) ) ;
#7223 = CARTESIAN_POINT ( 'NONE',  ( -1.377268131176320187, 0.7696804059452659885, 11.88455947458399997 ) ) ;
#7224 = EDGE_CURVE ( 'NONE', #67, #7061, #3029, .T. ) ;
#7225 = DIRECTION ( 'NONE',  ( 1.658182125529443522E-16, 1.658182125529443769E-16, -1.000000000000000000 ) ) ;
#7226 =( LENGTH_UNIT ( ) NAMED_UNIT ( * ) SI_UNIT ( .MILLI., .METRE. ) );
#7227 = SURFACE_STYLE_FILL_AREA ( #4733 ) ;
#7228 = LINE ( 'NONE', #9729, #9625 ) ;
#7229 = EDGE_CURVE ( 'NONE', #6084, #8262, #6582, .T. ) ;
#7230 = CARTESIAN_POINT ( 'NONE',  ( 0.6981879443287409837, -6.200000000000001066, 2.775557561562890118E-17 ) ) ;
#7231 = PRESENTATION_STYLE_ASSIGNMENT (( #8919 ) ) ;
#7232 = CYLINDRICAL_SURFACE ( 'NONE', #9537, 0.2999999999999973244 ) ;
#7233 = ORIENTED_EDGE ( 'NONE', *, *, #3252, .F. ) ;
#7234 = ORIENTED_EDGE ( 'NONE', *, *, #8707, .T. ) ;
#7235 = EDGE_CURVE ( 'NONE', #9128, #10231, #720, .T. ) ;
#7236 = CARTESIAN_POINT ( 'NONE',  ( 4.599635752693309598, 5.261314246948209927, 9.134261975773300790 ) ) ;
#7237 =( LENGTH_UNIT ( ) NAMED_UNIT ( * ) SI_UNIT ( .MILLI., .METRE. ) );
#7238 = PRESENTATION_LAYER_ASSIGNMENT (  '', '', ( #4579 ) ) ;
#7239 = SURFACE_STYLE_USAGE ( .BOTH. , #2808 ) ;
#7240 = DIRECTION ( 'NONE',  ( 0.0000000000000000000, 0.0000000000000000000, 1.000000000000000000 ) ) ;
#7241 = FILL_AREA_STYLE ('',( #2150 ) ) ;
#7242 = FILL_AREA_STYLE_COLOUR ( '', #7775 ) ;
#7243 = MECHANICAL_DESIGN_GEOMETRIC_PRESENTATION_REPRESENTATION (  '', ( #3191 ), #2118 ) ;
#7244 = EDGE_CURVE ( 'NONE', #7364, #6001, #8650, .T. ) ;
#7245 = PRESENTATION_LAYER_ASSIGNMENT (  '', '', ( #1434 ) ) ;
#7246 = DIRECTION ( 'NONE',  ( -1.000000000000000000, 0.0000000000000000000, 5.782411586589358033E-15 ) ) ;
#7247 =( LENGTH_UNIT ( ) NAMED_UNIT ( * ) SI_UNIT ( .MILLI., .METRE. ) );
#7248 = VERTEX_POINT ( 'NONE', #105 ) ;
#7249 = PRESENTATION_STYLE_ASSIGNMENT (( #6364 ) ) ;
#7250 = CARTESIAN_POINT ( 'NONE',  ( 0.3335752423176610026, -1.025500316946299950, 11.88455947458399997 ) ) ;
#7251 = PRESENTATION_LAYER_ASSIGNMENT (  '', '', ( #3015 ) ) ;
#7252 = CARTESIAN_POINT ( 'NONE',  ( 1.791406567618869961, -0.2905605579101560587, 11.88455947458399997 ) ) ;
#7253 = CARTESIAN_POINT ( 'NONE',  ( -6.513276922344959807, -3.072439817376820148, -0.02039752780706740112 ) ) ;
#7254 = VERTEX_POINT ( 'NONE', #6071 ) ;
#7255 = LINE ( 'NONE', #5378, #5611 ) ;
#7256 = PRESENTATION_LAYER_ASSIGNMENT (  '', '', ( #5853 ) ) ;
#7257 = SURFACE_STYLE_USAGE ( .BOTH. , #9756 ) ;
#7258 = CIRCLE ( 'NONE', #10559, 0.2999999999999999334 ) ;
#7259 = ORIENTED_EDGE ( 'NONE', *, *, #9388, .T. ) ;
#7260 =( NAMED_UNIT ( * ) SI_UNIT ( $, .STERADIAN. ) SOLID_ANGLE_UNIT ( ) );
#7261 = DIRECTION ( 'NONE',  ( -1.000000000000000000, -0.0000000000000000000, -0.0000000000000000000 ) ) ;
#7262 = ORIENTED_EDGE ( 'NONE', *, *, #2844, .T. ) ;
#7263 = ORIENTED_EDGE ( 'NONE', *, *, #9249, .F. ) ;
#7264 = FILL_AREA_STYLE_COLOUR ( '', #9823 ) ;
#7265 = CARTESIAN_POINT ( 'NONE',  ( -4.301812055671259571, -6.200000000000001066, 0.0000000000000000000 ) ) ;
#7266 = UNCERTAINTY_MEASURE_WITH_UNIT (LENGTH_MEASURE( 1.000000000000000082E-05 ), #7445, 'distance_accuracy_value', 'NONE');
#7267 = VECTOR ( 'NONE', #10258, 1000.000000000000000 ) ;
#7268 = CARTESIAN_POINT ( 'NONE',  ( -0.5832167597487419863, 0.8058249842585190059, 11.88455947458399997 ) ) ;
#7269 = ORIENTED_EDGE ( 'NONE', *, *, #7178, .T. ) ;
#7270 = DIRECTION ( 'NONE',  ( -0.0000000000000000000, -1.000000000000000000, 0.0000000000000000000 ) ) ;
#7271 = VECTOR ( 'NONE', #2529, 1000.000000000000000 ) ;
#7272 = AXIS2_PLACEMENT_3D ( 'NONE', #6929, #2556, #1131 ) ;
#7273 = DIRECTION ( 'NONE',  ( 1.546750702438637331E-16, -2.689679381760220805E-16, 1.000000000000000000 ) ) ;
#7274 = ORIENTED_EDGE ( 'NONE', *, *, #6345, .T. ) ;
#7275 =( NAMED_UNIT ( * ) PLANE_ANGLE_UNIT ( ) SI_UNIT ( $, .RADIAN. ) );
#7276 = PRESENTATION_STYLE_ASSIGNMENT (( #5629 ) ) ;
#7277 = DIRECTION ( 'NONE',  ( -1.658182125529443522E-16, -1.658182125529443769E-16, 1.000000000000000000 ) ) ;
#7278 = VECTOR ( 'NONE', #7098, 1000.000000000000000 ) ;
#7279 = STYLED_ITEM ( 'NONE', ( #6455 ), #6693 ) ;
#7280 = DIRECTION ( 'NONE',  ( -1.546750702438428036E-16, -2.689679381759975765E-16, -1.000000000000000000 ) ) ;
#7281 = MECHANICAL_DESIGN_GEOMETRIC_PRESENTATION_REPRESENTATION (  '', ( #6395 ), #3218 ) ;
#7282 = DIRECTION ( 'NONE',  ( 0.0000000000000000000, 1.000000000000000000, -0.0000000000000000000 ) ) ;
#7283 = EDGE_CURVE ( 'NONE', #10477, #2199, #2581, .T. ) ;
#7284 = LINE ( 'NONE', #7053, #9592 ) ;
#7285 = MECHANICAL_DESIGN_GEOMETRIC_PRESENTATION_REPRESENTATION (  '', ( #6033 ), #4974 ) ;
#7286 = CARTESIAN_POINT ( 'NONE',  ( -3.198187944328739984, 6.200000000000001066, 0.9999999999999988898 ) ) ;
#7287 =( NAMED_UNIT ( * ) PLANE_ANGLE_UNIT ( ) SI_UNIT ( $, .RADIAN. ) );
#7288 = VECTOR ( 'NONE', #2679, 1000.000000000000000 ) ;
#7289 = B_SPLINE_SURFACE_WITH_KNOTS ( 'NONE', 1, 2, ( 
 ( #300, #10471, #5379, #10524, #356, #1184, #1232, #3000, #3660, #6263, #6426, #8942, #4545, #7918, #6371 ),
 ( #8889, #1353, #2945, #4708, #4756, #9608, #2064, #5434, #8784, #4653, #519, #6316, #10574, #4593, #7977 ) ),
 .UNSPECIFIED., .F., .F., .F.,
 ( 2, 2 ),
 ( 3, 2, 2, 2, 2, 2, 2, 3 ),
 ( 0.0000000000000000000, 0.1000000000000000056 ),
 ( 1.000000000000000000, 2.000000000000000000, 3.000000000000000000, 4.000000000000000000, 5.000000000000000000, 6.000000000000000000, 7.000000000000000000, 8.000000000000000000 ),
 .UNSPECIFIED. ) ;
#7290 =( LENGTH_UNIT ( ) NAMED_UNIT ( * ) SI_UNIT ( .MILLI., .METRE. ) );
#7291 = PRESENTATION_LAYER_ASSIGNMENT (  '', '', ( #7803 ) ) ;
#7292 = ORIENTED_EDGE ( 'NONE', *, *, #2415, .T. ) ;
#7293 = DIRECTION ( 'NONE',  ( 1.000000000000000000, 0.0000000000000000000, -0.0000000000000000000 ) ) ;
#7294 =( NAMED_UNIT ( * ) PLANE_ANGLE_UNIT ( ) SI_UNIT ( $, .RADIAN. ) );
#7295 = ADVANCED_FACE ( 'NONE', ( #5083 ), #7721, .T. ) ;
#7296 = UNCERTAINTY_MEASURE_WITH_UNIT (LENGTH_MEASURE( 1.000000000000000082E-05 ), #6252, 'distance_accuracy_value', 'NONE');
#7297 = SURFACE_STYLE_FILL_AREA ( #1603 ) ;
#7298 = LINE ( 'NONE', #10666, #1248 ) ;
#7299 = CARTESIAN_POINT ( 'NONE',  ( -0.7232771156148709579, -0.8206810398378659999, 11.88455947458400175 ) ) ;
#7300 = AXIS2_PLACEMENT_3D ( 'NONE', #3180, #8354, #6554 ) ;
#7301 = SURFACE_STYLE_FILL_AREA ( #3933 ) ;
#7302 = COLOUR_RGB ( '',1.000000000000000000, 1.000000000000000000, 1.000000000000000000 ) ;
#7303 = CARTESIAN_POINT ( 'NONE',  ( -1.502845596186370036, 5.924880838070049727, 5.551115123125780237E-17 ) ) ;
#7304 = EDGE_CURVE ( 'NONE', #8615, #3661, #836, .T. ) ;
#7305 = COLOUR_RGB ( '',0.7450980392156862919, 0.7450980392156862919, 0.7450980392156862919 ) ;
#7306 =( GEOMETRIC_REPRESENTATION_CONTEXT ( 3 ) GLOBAL_UNCERTAINTY_ASSIGNED_CONTEXT ( ( #10662 ) ) GLOBAL_UNIT_ASSIGNED_CONTEXT ( ( #4979, #2224, #6535 ) ) REPRESENTATION_CONTEXT ( 'NONE', 'WORKASPACE' ) );
#7307 = VECTOR ( 'NONE', #443, 1000.000000000000000 ) ;
#7308 = CARTESIAN_POINT ( 'NONE',  ( 1.250000000000000000, 4.349999999999999645, 2.422378703875730886E-16 ) ) ;
#7309 = CARTESIAN_POINT ( 'NONE',  ( -4.301812055671259571, 6.200000000000001066, -1.387778780781448141E-17 ) ) ;
#7310 = ADVANCED_FACE ( 'NONE', ( #890 ), #8385, .T. ) ;
#7311 = DIRECTION ( 'NONE',  ( -1.000000000000000000, 0.0000000000000000000, 0.0000000000000000000 ) ) ;
#7312 =( NAMED_UNIT ( * ) PLANE_ANGLE_UNIT ( ) SI_UNIT ( $, .RADIAN. ) );
#7313 = ORIENTED_EDGE ( 'NONE', *, *, #8121, .T. ) ;
#7314 = DIRECTION ( 'NONE',  ( -1.000000000000000000, 0.0000000000000000000, -0.0000000000000000000 ) ) ;
#7315 = CARTESIAN_POINT ( 'NONE',  ( -6.513276922344959807, -3.072439817376820148, -0.3203975278070669841 ) ) ;
#7316 = EDGE_CURVE ( 'NONE', #3224, #10641, #47, .T. ) ;
#7317 = ORIENTED_EDGE ( 'NONE', *, *, #9267, .F. ) ;
#7318 = PRESENTATION_LAYER_ASSIGNMENT (  '', '', ( #1673 ) ) ;
#7319 = ORIENTED_EDGE ( 'NONE', *, *, #7539, .T. ) ;
#7320 = ORIENTED_EDGE ( 'NONE', *, *, #4865, .T. ) ;
#7321 = FILL_AREA_STYLE ('',( #1923 ) ) ;
#7322 = ORIENTED_EDGE ( 'NONE', *, *, #8873, .F. ) ;
#7323 = DIRECTION ( 'NONE',  ( -0.0000000000000000000, -1.000000000000000000, 0.0000000000000000000 ) ) ;
#7324 = FACE_OUTER_BOUND ( 'NONE', #1065, .T. ) ;
#7325 = SURFACE_STYLE_FILL_AREA ( #2387 ) ;
#7326 = ORIENTED_EDGE ( 'NONE', *, *, #4327, .F. ) ;
#7327 = MECHANICAL_DESIGN_GEOMETRIC_PRESENTATION_REPRESENTATION (  '', ( #803 ), #2371 ) ;
#7328 = UNCERTAINTY_MEASURE_WITH_UNIT (LENGTH_MEASURE( 1.000000000000000082E-05 ), #10506, 'distance_accuracy_value', 'NONE');
#7329 = COLOUR_RGB ( '',0.1764705882352941013, 0.1764705882352941013, 0.1764705882352941013 ) ;
#7330 = DIRECTION ( 'NONE',  ( 0.0000000000000000000, -1.000000000000000000, -2.689679381760223270E-16 ) ) ;
#7331 = ORIENTED_EDGE ( 'NONE', *, *, #9249, .T. ) ;
#7332 = CARTESIAN_POINT ( 'NONE',  ( 4.599635752693309598, 5.261314246948209927, 9.134261975773302566 ) ) ;
#7333 = CARTESIAN_POINT ( 'NONE',  ( -0.08773499290108019433, 0.7492550101528949735, 11.88455947458400352 ) ) ;
#7334 = DIRECTION ( 'NONE',  ( -1.000000000000000000, -0.0000000000000000000, -0.0000000000000000000 ) ) ;
#7336 = ORIENTED_EDGE ( 'NONE', *, *, #7811, .F. ) ;
#7335 = MECHANICAL_DESIGN_GEOMETRIC_PRESENTATION_REPRESENTATION (  '', ( #9076 ), #5029 ) ;
#7337 = FILL_AREA_STYLE ('',( #537 ) ) ;
#7338 = FACE_OUTER_BOUND ( 'NONE', #1936, .T. ) ;
#7339 = PRESENTATION_STYLE_ASSIGNMENT (( #5907 ) ) ;
#7340 = DIRECTION ( 'NONE',  ( 0.0000000000000000000, 0.0000000000000000000, 1.000000000000000000 ) ) ;
#7341 = CARTESIAN_POINT ( 'NONE',  ( -2.160636889256319915, -3.952384553517649834, 1.972862536810730205 ) ) ;
#7342 = PRESENTATION_LAYER_ASSIGNMENT (  '', '', ( #1168 ) ) ;
#7343 = DIRECTION ( 'NONE',  ( 1.546750702438386128E-16, 2.689679381759932378E-16, 1.000000000000000000 ) ) ;
#7344 = CARTESIAN_POINT ( 'NONE',  ( -1.801812055671260016, -6.200000000000001066, 2.000000000000000000 ) ) ;
#7345 = VERTEX_POINT ( 'NONE', #10112 ) ;
#7346 = ADVANCED_FACE ( 'NONE', ( #5510 ), #4469, .T. ) ;
#7347 = FILL_AREA_STYLE ('',( #9947 ) ) ;
#7348 = LINE ( 'NONE', #2898, #940 ) ;
#7349 = AXIS2_PLACEMENT_3D ( 'NONE', #9702, #4588, #8666 ) ;
#7350 = EDGE_CURVE ( 'NONE', #4393, #9341, #2313, .T. ) ;
#7351 = SURFACE_STYLE_USAGE ( .BOTH. , #3978 ) ;
#7352 =( NAMED_UNIT ( * ) PLANE_ANGLE_UNIT ( ) SI_UNIT ( $, .RADIAN. ) );
#7353 = DIRECTION ( 'NONE',  ( 0.0000000000000000000, 0.0000000000000000000, -1.000000000000000000 ) ) ;
#7354 = LINE ( 'NONE', #4028, #559 ) ;
#7355 = FILL_AREA_STYLE_COLOUR ( '', #3715 ) ;
#7356 = VERTEX_POINT ( 'NONE', #6502 ) ;
#7357 = CARTESIAN_POINT ( 'NONE',  ( 1.801812055671259127, 5.900000000000002132, 2.000000000000000000 ) ) ;
#7358 = LINE ( 'NONE', #6808, #2391 ) ;
#7359 = FILL_AREA_STYLE_COLOUR ( '', #3731 ) ;
#7360 = DIRECTION ( 'NONE',  ( -0.9965548649496432931, 0.08293612690015356170, -8.703995513283341382E-18 ) ) ;
#7361 = AXIS2_PLACEMENT_3D ( 'NONE', #5939, #6870, #6034 ) ;
#7362 = EDGE_CURVE ( 'NONE', #3497, #4936, #3075, .T. ) ;
#7363 = CARTESIAN_POINT ( 'NONE',  ( 1.371779538879630111, 4.350000000000001421, 7.768044594780320076E-18 ) ) ;
#7364 = VERTEX_POINT ( 'NONE', #5237 ) ;
#7365 = CARTESIAN_POINT ( 'NONE',  ( 3.753928499320489998, 5.795199161759920337, 1.972862536810730205 ) ) ;
#7366 = FILL_AREA_STYLE_COLOUR ( '', #3328 ) ;
#7367 = ORIENTED_EDGE ( 'NONE', *, *, #8218, .F. ) ;
#7368 = COLOUR_RGB ( '',1.000000000000000000, 1.000000000000000000, 1.000000000000000000 ) ;
#7369 = ORIENTED_EDGE ( 'NONE', *, *, #5871, .T. ) ;
#7370 = LINE ( 'NONE', #6657, #10683 ) ;
#7371 = CARTESIAN_POINT ( 'NONE',  ( 6.200000000000001066, 5.900000000000000355, 0.0000000000000000000 ) ) ;
#7372 =( LENGTH_UNIT ( ) NAMED_UNIT ( * ) SI_UNIT ( .MILLI., .METRE. ) );
#7373 =( NAMED_UNIT ( * ) SI_UNIT ( $, .STERADIAN. ) SOLID_ANGLE_UNIT ( ) );
#7374 = VECTOR ( 'NONE', #6509, 1000.000000000000000 ) ;
#7375 = DIRECTION ( 'NONE',  ( 0.0000000000000000000, -0.0000000000000000000, 1.000000000000000000 ) ) ;
#7376 = ORIENTED_EDGE ( 'NONE', *, *, #8139, .F. ) ;
#7377 =( NAMED_UNIT ( * ) SI_UNIT ( $, .STERADIAN. ) SOLID_ANGLE_UNIT ( ) );
#7378 = SURFACE_STYLE_USAGE ( .BOTH. , #2344 ) ;
#7379 = MECHANICAL_DESIGN_GEOMETRIC_PRESENTATION_REPRESENTATION (  '', ( #9643 ), #10514 ) ;
#7380 = ORIENTED_EDGE ( 'NONE', *, *, #10338, .T. ) ;
#7381 = CARTESIAN_POINT ( 'NONE',  ( 2.500000000000000000, 4.349999999999999645, 0.3261087975802219874 ) ) ;
#7382 = DIRECTION ( 'NONE',  ( -0.0000000000000000000, -0.0000000000000000000, -1.000000000000000000 ) ) ;
#7383 = PLANE ( 'NONE',  #693 ) ;
#7384 = CARTESIAN_POINT ( 'NONE',  ( 2.670924639908020204, 0.5964877497632019576, 11.78455947458400033 ) ) ;
#7385 = FILL_AREA_STYLE ('',( #5691 ) ) ;
#7386 = FILL_AREA_STYLE_COLOUR ( '', #7988 ) ;
#7387 = MECHANICAL_DESIGN_GEOMETRIC_PRESENTATION_REPRESENTATION (  '', ( #334 ), #9472 ) ;
#7388 = DIRECTION ( 'NONE',  ( 1.546750702438370844E-16, 2.689679381759895893E-16, 1.000000000000000000 ) ) ;
#7389 = CYLINDRICAL_SURFACE ( 'NONE', #2714, 0.2500000000000002220 ) ;
#7390 =( BOUNDED_CURVE ( )  B_SPLINE_CURVE ( 2, ( #6186, #2398, #8764, #2097, #10703, #5469, #2928, #1272, #4575 ),
 .UNSPECIFIED., .F., .F. ) 
 B_SPLINE_CURVE_WITH_KNOTS ( ( 3, 2, 2, 2, 3 ),
 ( 0.0000000000000000000, 0.01099270980368835179, 0.01282573577458838258, 0.01858646302518471988, 0.02041948899608458587 ),
 .UNSPECIFIED. ) 
 CURVE ( )  GEOMETRIC_REPRESENTATION_ITEM ( )  RATIONAL_B_SPLINE_CURVE ( ( 1.000000000000000000, 1.000000000000000000, 1.000000000000000000, 0.7071067811865490160, 1.000000000000000000, 1.000000000000000000, 1.000000000000000000, 0.7071067811865470176, 1.000000000000000000 ) ) 
 REPRESENTATION_ITEM ( '' )  );
#7391 = CIRCLE ( 'NONE', #5648, 0.2999999999999973244 ) ;
#7392 =( NAMED_UNIT ( * ) PLANE_ANGLE_UNIT ( ) SI_UNIT ( $, .RADIAN. ) );
#7393 = FILL_AREA_STYLE_COLOUR ( '', #9026 ) ;
#7394 = ORIENTED_EDGE ( 'NONE', *, *, #2031, .T. ) ;
#7395 =( NAMED_UNIT ( * ) PLANE_ANGLE_UNIT ( ) SI_UNIT ( $, .RADIAN. ) );
#7396 = PRESENTATION_STYLE_ASSIGNMENT (( #2986 ) ) ;
#7397 = CARTESIAN_POINT ( 'NONE',  ( 6.513276922344950925, 3.101520183108080086, 11.70411371344519758 ) ) ;
#7398 = CARTESIAN_POINT ( 'NONE',  ( -5.900000000000005684, -6.200000000000001066, 2.000000000000000000 ) ) ;
#7399 =( NAMED_UNIT ( * ) PLANE_ANGLE_UNIT ( ) SI_UNIT ( $, .RADIAN. ) );
#7400 = FILL_AREA_STYLE_COLOUR ( '', #7368 ) ;
#7401 = EDGE_CURVE ( 'NONE', #361, #746, #8593, .T. ) ;
#7402 = PRESENTATION_LAYER_ASSIGNMENT (  '', '', ( #10001 ) ) ;
#7403 =( NAMED_UNIT ( * ) SI_UNIT ( $, .STERADIAN. ) SOLID_ANGLE_UNIT ( ) );
#7404 = LINE ( 'NONE', #10673, #3385 ) ;
#7405 = ORIENTED_EDGE ( 'NONE', *, *, #1093, .F. ) ;
#7406 = SURFACE_SIDE_STYLE ('',( #9049 ) ) ;
#7407 = SURFACE_SIDE_STYLE ('',( #7518 ) ) ;
#7408 = CARTESIAN_POINT ( 'NONE',  ( -6.500000000000000888, -3.072439817376820148, 5.691858092819041204 ) ) ;
#7409 = DIRECTION ( 'NONE',  ( -0.0000000000000000000, -0.0000000000000000000, -1.000000000000000000 ) ) ;
#7410 = CARTESIAN_POINT ( 'NONE',  ( -1.375000000000000000, -3.072439817376820148, 5.691858092819041204 ) ) ;
#7411 =( GEOMETRIC_REPRESENTATION_CONTEXT ( 3 ) GLOBAL_UNCERTAINTY_ASSIGNED_CONTEXT ( ( #379 ) ) GLOBAL_UNIT_ASSIGNED_CONTEXT ( ( #9850, #10845, #2424 ) ) REPRESENTATION_CONTEXT ( 'NONE', 'WORKASPACE' ) );
#7412 = UNCERTAINTY_MEASURE_WITH_UNIT (LENGTH_MEASURE( 1.000000000000000082E-05 ), #572, 'distance_accuracy_value', 'NONE');
#7413 = EDGE_CURVE ( 'NONE', #2199, #4146, #8153, .T. ) ;
#7414 = DIRECTION ( 'NONE',  ( -1.000000000000000000, 0.0000000000000000000, 0.0000000000000000000 ) ) ;
#7415 = COLOUR_RGB ( '',1.000000000000000000, 1.000000000000000000, 1.000000000000000000 ) ;
#7416 = EDGE_LOOP ( 'NONE', ( #6546, #10101, #5561, #3557 ) ) ;
#7417 = DIRECTION ( 'NONE',  ( -0.0000000000000000000, -0.0000000000000000000, -1.000000000000000000 ) ) ;
#7418 = FACE_OUTER_BOUND ( 'NONE', #1547, .T. ) ;
#7419 = CARTESIAN_POINT ( 'NONE',  ( 5.000000000000000888, -3.274999999999990141, 2.000000000000000000 ) ) ;
#7420 = ORIENTED_EDGE ( 'NONE', *, *, #642, .T. ) ;
#7421 = PRESENTATION_LAYER_ASSIGNMENT (  '', '', ( #7756 ) ) ;
#7422 = CYLINDRICAL_SURFACE ( 'NONE', #7973, 0.2999999999999973244 ) ;
#7423 = ORIENTED_EDGE ( 'NONE', *, *, #7889, .F. ) ;
#7424 = CARTESIAN_POINT ( 'NONE',  ( 0.4792830908783030641, 0.7826698781393760518, 11.78455947458400033 ) ) ;
#7425 = EDGE_CURVE ( 'NONE', #1011, #9665, #5571, .T. ) ;
#7426 = LINE ( 'NONE', #9119, #8906 ) ;
#7427 = ORIENTED_EDGE ( 'NONE', *, *, #3268, .T. ) ;
#7428 = PRESENTATION_STYLE_ASSIGNMENT (( #3292 ) ) ;
#7429 = STYLED_ITEM ( 'NONE', ( #7842 ), #2220 ) ;
#7430 = AXIS2_PLACEMENT_3D ( 'NONE', #10402, #10460, #3822 ) ;
#7431 = STYLED_ITEM ( 'NONE', ( #1851 ), #6219 ) ;
#7432 = EDGE_CURVE ( 'NONE', #4503, #257, #280, .T. ) ;
#7433 = ORIENTED_EDGE ( 'NONE', *, *, #2733, .F. ) ;
#7434 =( LENGTH_UNIT ( ) NAMED_UNIT ( * ) SI_UNIT ( .MILLI., .METRE. ) );
#7435 = CARTESIAN_POINT ( 'NONE',  ( -4.599635752693309598, -0.009227204680235519957, 2.242332206956250129 ) ) ;
#7436 = ORIENTED_EDGE ( 'NONE', *, *, #8350, .T. ) ;
#7437 = COLOUR_RGB ( '',0.7450980392156862919, 0.7450980392156862919, 0.7450980392156862919 ) ;
#7438 = ORIENTED_EDGE ( 'NONE', *, *, #9865, .T. ) ;
#7439 = CARTESIAN_POINT ( 'NONE',  ( 0.3335752423176610026, 0.3455465163010860707, 11.88455947458399820 ) ) ;
#7440 = CARTESIAN_POINT ( 'NONE',  ( -1.140257465487700017, 0.7393717600547691227, 11.78455947458400033 ) ) ;
#7441 = EDGE_CURVE ( 'NONE', #4066, #9326, #6393, .T. ) ;
#7442 = VECTOR ( 'NONE', #154, 1000.000000000000000 ) ;
#7443 = AXIS2_PLACEMENT_3D ( 'NONE', #4693, #4475, #3757 ) ;
#7444 = FILL_AREA_STYLE ('',( #10705 ) ) ;
#7445 =( LENGTH_UNIT ( ) NAMED_UNIT ( * ) SI_UNIT ( .MILLI., .METRE. ) );
#7446 = LINE ( 'NONE', #8156, #8659 ) ;
#7447 = FACE_OUTER_BOUND ( 'NONE', #237, .T. ) ;
#7448 = AXIS2_PLACEMENT_3D ( 'NONE', #3367, #147, #3525 ) ;
#7449 = ORIENTED_EDGE ( 'NONE', *, *, #2261, .F. ) ;
#7450 = LINE ( 'NONE', #8160, #9847 ) ;
#7451 = MECHANICAL_DESIGN_GEOMETRIC_PRESENTATION_REPRESENTATION (  '', ( #4614 ), #5890 ) ;
#7452 = SURFACE_STYLE_FILL_AREA ( #5074 ) ;
#7453 = CARTESIAN_POINT ( 'NONE',  ( 2.911888495329709947, 0.9985960685958690242, 11.78455947458400033 ) ) ;
#7454 = CARTESIAN_POINT ( 'NONE',  ( 1.128220461120369889, -4.349999999999999645, 1.000000000000000000 ) ) ;
#7455 = CARTESIAN_POINT ( 'NONE',  ( -5.000000000000000000, -4.350000000000000533, 0.3261087975802219874 ) ) ;
#7456 = COLOUR_RGB ( '',0.4117647058823529216, 0.4117647058823529216, 0.4117647058823529216 ) ;
#7457 = VECTOR ( 'NONE', #1147, 1000.000000000000000 ) ;
#7458 = AXIS2_PLACEMENT_3D ( 'NONE', #33, #930, #3464 ) ;
#7459 = CARTESIAN_POINT ( 'NONE',  ( 0.6981879443287383191, -5.900000000000003908, 2.000000000000000000 ) ) ;
#7460 = DIRECTION ( 'NONE',  ( 1.000000000000000000, 0.0000000000000000000, -0.0000000000000000000 ) ) ;
#7461 =( NAMED_UNIT ( * ) SI_UNIT ( $, .STERADIAN. ) SOLID_ANGLE_UNIT ( ) );
#7462 = PRESENTATION_LAYER_ASSIGNMENT (  '', '', ( #8328 ) ) ;
#7463 = VERTEX_POINT ( 'NONE', #6129 ) ;
#7464 = FILL_AREA_STYLE_COLOUR ( '', #9987 ) ;
#7465 = LINE ( 'NONE', #5719, #10475 ) ;
#7466 =( NAMED_UNIT ( * ) PLANE_ANGLE_UNIT ( ) SI_UNIT ( $, .RADIAN. ) );
#7467 =( GEOMETRIC_REPRESENTATION_CONTEXT ( 3 ) GLOBAL_UNCERTAINTY_ASSIGNED_CONTEXT ( ( #2341 ) ) GLOBAL_UNIT_ASSIGNED_CONTEXT ( ( #3724, #3668, #4496 ) ) REPRESENTATION_CONTEXT ( 'NONE', 'WORKASPACE' ) );
#7468 = SURFACE_STYLE_USAGE ( .BOTH. , #9912 ) ;
#7469 = VECTOR ( 'NONE', #6931, 1000.000000000000000 ) ;
#7470 = COLOUR_RGB ( '',1.000000000000000000, 0.7490196078431372584, 0.0000000000000000000 ) ;
#7471 = FILL_AREA_STYLE_COLOUR ( '', #9353 ) ;
#7472 = ORIENTED_EDGE ( 'NONE', *, *, #7016, .F. ) ;
#7473 = CARTESIAN_POINT ( 'NONE',  ( 6.500000000000000888, 3.077560182623180651, 11.69185809281900035 ) ) ;
#7474 =( NAMED_UNIT ( * ) SI_UNIT ( $, .STERADIAN. ) SOLID_ANGLE_UNIT ( ) );
#7475 = VERTEX_POINT ( 'NONE', #9464 ) ;
#7476 = ORIENTED_EDGE ( 'NONE', *, *, #3844, .T. ) ;
#7477 = FILL_AREA_STYLE ('',( #7264 ) ) ;
#7478 = CARTESIAN_POINT ( 'NONE',  ( 4.750000000000000000, 4.349999999999999645, 0.3261087975802219874 ) ) ;
#7479 = AXIS2_PLACEMENT_3D ( 'NONE', #2866, #4888, #7192 ) ;
#7480 = LINE ( 'NONE', #4989, #2029 ) ;
#7481 = EDGE_CURVE ( 'NONE', #6073, #1996, #8966, .T. ) ;
#7482 = ORIENTED_EDGE ( 'NONE', *, *, #7762, .F. ) ;
#7483 = FILL_AREA_STYLE ('',( #588 ) ) ;
#7484 = FILL_AREA_STYLE_COLOUR ( '', #7696 ) ;
#7485 = AXIS2_PLACEMENT_3D ( 'NONE', #416, #1234, #5607 ) ;
#7486 = EDGE_LOOP ( 'NONE', ( #4655, #10860 ) ) ;
#7487 = PRESENTATION_STYLE_ASSIGNMENT (( #9125 ) ) ;
#7488 = CARTESIAN_POINT ( 'NONE',  ( -5.000000000000000000, -3.274999999999991918, 1.649999999999999911 ) ) ;
#7489 = EDGE_LOOP ( 'NONE', ( #1800, #4384, #485, #9383 ) ) ;
#7490 = DIRECTION ( 'NONE',  ( -1.000000000000000000, 0.0000000000000000000, 0.0000000000000000000 ) ) ;
#7491 = CARTESIAN_POINT ( 'NONE',  ( 5.000000000000000000, -3.072439817376820148, 10.29185809281899999 ) ) ;
#7492 =( GEOMETRIC_REPRESENTATION_CONTEXT ( 3 ) GLOBAL_UNCERTAINTY_ASSIGNED_CONTEXT ( ( #2868 ) ) GLOBAL_UNIT_ASSIGNED_CONTEXT ( ( #6861, #3486, #10283 ) ) REPRESENTATION_CONTEXT ( 'NONE', 'WORKASPACE' ) );
#7493 = UNCERTAINTY_MEASURE_WITH_UNIT (LENGTH_MEASURE( 1.000000000000000082E-05 ), #5121, 'distance_accuracy_value', 'NONE');
#7494 = EDGE_CURVE ( 'NONE', #4590, #10641, #4674, .T. ) ;
#7495 = CARTESIAN_POINT ( 'NONE',  ( 4.453928499320490175, -5.104241747859729728, 2.236059354321890069 ) ) ;
#7496 = CARTESIAN_POINT ( 'NONE',  ( -2.943533191417280204, 0.7696804059452659885, 11.78455947458400033 ) ) ;
#7497 = VECTOR ( 'NONE', #10367, 1000.000000000000000 ) ;
#7498 = EDGE_CURVE ( 'NONE', #9013, #9341, #8056, .T. ) ;
#7499 = ORIENTED_EDGE ( 'NONE', *, *, #7755, .T. ) ;
#7500 = DIRECTION ( 'NONE',  ( 0.08293612690015361721, -0.9965548649496431821, -0.0000000000000000000 ) ) ;
#7501 = CARTESIAN_POINT ( 'NONE',  ( 4.453928499320490175, 5.085787338499259569, 2.248605059590618627 ) ) ;
#7502 = AXIS2_PLACEMENT_3D ( 'NONE', #187, #4338, #1752 ) ;
#7503 = VERTEX_POINT ( 'NONE', #487 ) ;
#7504 = SURFACE_SIDE_STYLE ('',( #9998 ) ) ;
#7505 = UNCERTAINTY_MEASURE_WITH_UNIT (LENGTH_MEASURE( 1.000000000000000082E-05 ), #4003, 'distance_accuracy_value', 'NONE');
#7506 = CARTESIAN_POINT ( 'NONE',  ( -3.628220461120370111, 4.349999999999999645, -5.551115123125780237E-17 ) ) ;
#7507 = DIRECTION ( 'NONE',  ( 0.0000000000000000000, 0.0000000000000000000, -1.000000000000000000 ) ) ;
#7508 = AXIS2_PLACEMENT_3D ( 'NONE', #711, #3259, #10831 ) ;
#7509 = SURFACE_SIDE_STYLE ('',( #664 ) ) ;
#7510 =( LENGTH_UNIT ( ) NAMED_UNIT ( * ) SI_UNIT ( .MILLI., .METRE. ) );
#7511 = DIRECTION ( 'NONE',  ( 0.0000000000000000000, -0.0000000000000000000, 1.000000000000000000 ) ) ;
#7512 = COLOUR_RGB ( '',1.000000000000000000, 1.000000000000000000, 1.000000000000000000 ) ;
#7513 = DIRECTION ( 'NONE',  ( 0.0000000000000000000, 0.0000000000000000000, -1.000000000000000000 ) ) ;
#7514 = PLANE ( 'NONE',  #9652 ) ;
#7515 = SURFACE_STYLE_USAGE ( .BOTH. , #10064 ) ;
#7516 = EDGE_LOOP ( 'NONE', ( #6049, #5482, #10693, #7717 ) ) ;
#7517 = FILL_AREA_STYLE_COLOUR ( '', #2988 ) ;
#7518 = SURFACE_STYLE_FILL_AREA ( #1403 ) ;
#7519 = FILL_AREA_STYLE ('',( #10786 ) ) ;
#7520 = AXIS2_PLACEMENT_3D ( 'NONE', #10162, #788, #6021 ) ;
#7521 = LINE ( 'NONE', #8995, #1721 ) ;
#7522 = VECTOR ( 'NONE', #9982, 1000.000000000000000 ) ;
#7523 =( NAMED_UNIT ( * ) PLANE_ANGLE_UNIT ( ) SI_UNIT ( $, .RADIAN. ) );
#7524 = ORIENTED_EDGE ( 'NONE', *, *, #9878, .T. ) ;
#7525 = CARTESIAN_POINT ( 'NONE',  ( -4.453928499320490175, 0.0000000000000000000, 9.372862536810730560 ) ) ;
#7526 = DIRECTION ( 'NONE',  ( 0.0000000000000000000, -1.000000000000000000, 0.0000000000000000000 ) ) ;
#7527 = ORIENTED_EDGE ( 'NONE', *, *, #4051, .F. ) ;
#7528 = ORIENTED_EDGE ( 'NONE', *, *, #9031, .T. ) ;
#7529 = CARTESIAN_POINT ( 'NONE',  ( 0.7016099814113669897, 0.6635057416207670311, 11.88455947458399997 ) ) ;
#7530 = CARTESIAN_POINT ( 'NONE',  ( 4.950000000000000178, 5.899999999999997691, 9.400000000000000355 ) ) ;
#7531 = CARTESIAN_POINT ( 'NONE',  ( -3.750000000000000000, 4.349999999999999645, -4.374755765979000530E-17 ) ) ;
#7533 = MECHANICAL_DESIGN_GEOMETRIC_PRESENTATION_REPRESENTATION (  '', ( #7763 ), #8378 ) ;
#7532 = MECHANICAL_DESIGN_GEOMETRIC_PRESENTATION_REPRESENTATION (  '', ( #2427 ), #6301 ) ;
#7534 = PRESENTATION_STYLE_ASSIGNMENT (( #5737 ) ) ;
#7535 = VERTEX_POINT ( 'NONE', #4777 ) ;
#7536 = CARTESIAN_POINT ( 'NONE',  ( -3.198187944328739984, 6.200000000000001066, 0.0000000000000000000 ) ) ;
#7537 = DIRECTION ( 'NONE',  ( -1.000000000000000000, 0.0000000000000000000, 0.0000000000000000000 ) ) ;
#7538 = UNCERTAINTY_MEASURE_WITH_UNIT (LENGTH_MEASURE( 1.000000000000000082E-05 ), #5534, 'distance_accuracy_value', 'NONE');
#7539 = EDGE_CURVE ( 'NONE', #9489, #10409, #5501, .T. ) ;
#7540 = VERTEX_POINT ( 'NONE', #4728 ) ;
#7541 = CARTESIAN_POINT ( 'NONE',  ( -6.200000000000001066, -6.200000000000001066, 2.000000000000000000 ) ) ;
#7542 = DIRECTION ( 'NONE',  ( -0.0000000000000000000, -0.0000000000000000000, -1.000000000000000000 ) ) ;
#7543 = LINE ( 'NONE', #1585, #7522 ) ;
#7544 = VERTEX_POINT ( 'NONE', #8108 ) ;
#7545 = CARTESIAN_POINT ( 'NONE',  ( -1.128220461120370111, -4.349999999999999645, 6.720698216694526773E-17 ) ) ;
#7546 = SURFACE_SIDE_STYLE ('',( #3405 ) ) ;
#7547 = SURFACE_SIDE_STYLE ('',( #8461 ) ) ;
#7548 = MECHANICAL_DESIGN_GEOMETRIC_PRESENTATION_REPRESENTATION (  '', ( #1192 ), #6310 ) ;
#7549 = VECTOR ( 'NONE', #937, 1000.000000000000000 ) ;
#7550 = FILL_AREA_STYLE_COLOUR ( '', #787 ) ;
#7551 = EDGE_LOOP ( 'NONE', ( #499, #6594, #2803, #2106 ) ) ;
#7552 = EDGE_CURVE ( 'NONE', #6446, #4503, #4962, .T. ) ;
#7553 = DIRECTION ( 'NONE',  ( -0.0000000000000000000, -0.0000000000000000000, -1.000000000000000000 ) ) ;
#7554 = VERTEX_POINT ( 'NONE', #8409 ) ;
#7555 =( GEOMETRIC_REPRESENTATION_CONTEXT ( 3 ) GLOBAL_UNCERTAINTY_ASSIGNED_CONTEXT ( ( #467 ) ) GLOBAL_UNIT_ASSIGNED_CONTEXT ( ( #5442, #8790, #4553 ) ) REPRESENTATION_CONTEXT ( 'NONE', 'WORKASPACE' ) );
#7556 = DIRECTION ( 'NONE',  ( 0.0000000000000000000, -0.0000000000000000000, -1.000000000000000000 ) ) ;
#7557 = VECTOR ( 'NONE', #10356, 1000.000000000000114 ) ;
#7558 = CARTESIAN_POINT ( 'NONE',  ( -6.500000000000000888, -3.072439817376820148, 5.691858092819041204 ) ) ;
#7559 = ADVANCED_FACE ( 'NONE', ( #1535 ), #2456, .T. ) ;
#7560 = CARTESIAN_POINT ( 'NONE',  ( 6.513276922344959807, -3.072439817376820148, 5.691858092819041204 ) ) ;
#7561 =( LENGTH_UNIT ( ) NAMED_UNIT ( * ) SI_UNIT ( .MILLI., .METRE. ) );
#7562 = CARTESIAN_POINT ( 'NONE',  ( 0.5745390977393469711, -0.007427935867854950323, 11.78455947458400033 ) ) ;
#7563 = AXIS2_PLACEMENT_3D ( 'NONE', #62, #8287, #5933 ) ;
#7564 = EDGE_CURVE ( 'NONE', #4066, #6260, #10704, .T. ) ;
#7565 = CARTESIAN_POINT ( 'NONE',  ( -3.750000000000000000, 4.349999999999999645, 2.000000000000000000 ) ) ;
#7566 = FILL_AREA_STYLE_COLOUR ( '', #4381 ) ;
#7567 = MECHANICAL_DESIGN_GEOMETRIC_PRESENTATION_REPRESENTATION (  '', ( #3160 ), #9300 ) ;
#7568 =( LENGTH_UNIT ( ) NAMED_UNIT ( * ) SI_UNIT ( .MILLI., .METRE. ) );
#7569 = ORIENTED_EDGE ( 'NONE', *, *, #874, .F. ) ;
#7570 = EDGE_CURVE ( 'NONE', #6790, #5936, #8253, .T. ) ;
#7571 = CARTESIAN_POINT ( 'NONE',  ( 0.5745390977393469711, -0.007427935867854950323, 11.88455947458399997 ) ) ;
#7572 = ADVANCED_FACE ( 'NONE', ( #10817 ), #6405, .T. ) ;
#7573 = STYLED_ITEM ( 'NONE', ( #2840 ), #5550 ) ;
#7574 = PLANE ( 'NONE',  #406 ) ;
#7575 = PLANE ( 'NONE',  #6250 ) ;
#7576 = DIRECTION ( 'NONE',  ( 0.0000000000000000000, 1.000000000000000000, -0.0000000000000000000 ) ) ;
#7577 = ORIENTED_EDGE ( 'NONE', *, *, #2555, .T. ) ;
#7578 = CARTESIAN_POINT ( 'NONE',  ( 6.513276922344959807, 3.101520183108080531, -0.02039752780706734908 ) ) ;
#7579 = DIRECTION ( 'NONE',  ( 0.0000000000000000000, -0.0000000000000000000, 1.000000000000000000 ) ) ;
#7580 = SURFACE_SIDE_STYLE ('',( #6030 ) ) ;
#7581 = VERTEX_POINT ( 'NONE', #7870 ) ;
#7582 = DIRECTION ( 'NONE',  ( -0.0000000000000000000, 1.000000000000000000, 0.0000000000000000000 ) ) ;
#7583 =( NAMED_UNIT ( * ) PLANE_ANGLE_UNIT ( ) SI_UNIT ( $, .RADIAN. ) );
#7584 = B_SPLINE_CURVE_WITH_KNOTS ( 'NONE', 2,
 ( #5342, #488, #8697 ),
 .UNSPECIFIED., .F., .F.,
 ( 3, 3 ),
 ( 0.0000000000000000000, 0.0008539246877168284091 ),
 .UNSPECIFIED. ) ;
#7585 = DIRECTION ( 'NONE',  ( -0.0000000000000000000, 1.000000000000000000, 0.0000000000000000000 ) ) ;
#7586 = ORIENTED_EDGE ( 'NONE', *, *, #2292, .T. ) ;
#7587 = VECTOR ( 'NONE', #3364, 1000.000000000000000 ) ;
#7588 = PRESENTATION_STYLE_ASSIGNMENT (( #6828 ) ) ;
#7589 =( LENGTH_UNIT ( ) NAMED_UNIT ( * ) SI_UNIT ( .MILLI., .METRE. ) );
#7590 = CARTESIAN_POINT ( 'NONE',  ( -5.000000000000000000, 3.077560182623181095, 5.691858092819041204 ) ) ;
#7591 = ORIENTED_EDGE ( 'NONE', *, *, #3186, .T. ) ;
#7592 = CARTESIAN_POINT ( 'NONE',  ( -3.876735726934810167, -5.984948569671956875, 9.120415862337422297 ) ) ;
#7593 = UNCERTAINTY_MEASURE_WITH_UNIT (LENGTH_MEASURE( 1.000000000000000082E-05 ), #4112, 'distance_accuracy_value', 'NONE');
#7594 = EDGE_CURVE ( 'NONE', #3781, #4819, #6101, .T. ) ;
#7595 = PRESENTATION_STYLE_ASSIGNMENT (( #6165 ) ) ;
#7596 = LINE ( 'NONE', #6785, #805 ) ;
#7597 = ORIENTED_EDGE ( 'NONE', *, *, #6111, .F. ) ;
#7598 = DIRECTION ( 'NONE',  ( -1.000000000000000000, 0.0000000000000000000, 0.0000000000000000000 ) ) ;
#7599 = ORIENTED_EDGE ( 'NONE', *, *, #9190, .T. ) ;
#7600 = VECTOR ( 'NONE', #5423, 1000.000000000000000 ) ;
#7601 = EDGE_CURVE ( 'NONE', #7723, #10579, #311, .T. ) ;
#7602 = UNCERTAINTY_MEASURE_WITH_UNIT (LENGTH_MEASURE( 1.000000000000000082E-05 ), #5580, 'distance_accuracy_value', 'NONE');
#7603 = LINE ( 'NONE', #5282, #7852 ) ;
#7604 = CARTESIAN_POINT ( 'NONE',  ( 2.160636889256319915, 3.952384553517649834, 1.972862536810730205 ) ) ;
#7605 = SURFACE_SIDE_STYLE ('',( #882 ) ) ;
#7606 = LINE ( 'NONE', #1765, #5968 ) ;
#7607 = EDGE_CURVE ( 'NONE', #9103, #6940, #5109, .T. ) ;
#7608 = VECTOR ( 'NONE', #6187, 1000.000000000000114 ) ;
#7609 = STYLED_ITEM ( 'NONE', ( #76 ), #9281 ) ;
#7610 = FILL_AREA_STYLE_COLOUR ( '', #7076 ) ;
#7611 = DIRECTION ( 'NONE',  ( -1.000000000000000000, 0.0000000000000000000, 0.0000000000000000000 ) ) ;
#7612 = CARTESIAN_POINT ( 'NONE',  ( -0.1483524685257129883, -0.4074656238135029862, 11.78455947458399677 ) ) ;
#7613 =( GEOMETRIC_REPRESENTATION_CONTEXT ( 3 ) GLOBAL_UNCERTAINTY_ASSIGNED_CONTEXT ( ( #5447 ) ) GLOBAL_UNIT_ASSIGNED_CONTEXT ( ( #9553, #3003, #3058 ) ) REPRESENTATION_CONTEXT ( 'NONE', 'WORKASPACE' ) );
#7614 = SURFACE_STYLE_FILL_AREA ( #4241 ) ;
#7615 = ORIENTED_EDGE ( 'NONE', *, *, #6796, .T. ) ;
#7616 =( NAMED_UNIT ( * ) SI_UNIT ( $, .STERADIAN. ) SOLID_ANGLE_UNIT ( ) );
#7617 = CARTESIAN_POINT ( 'NONE',  ( 0.8107967398895460365, -0.8206810398378659999, 11.78455947458400033 ) ) ;
#7618 = SURFACE_SIDE_STYLE ('',( #9416 ) ) ;
#7619 = ADVANCED_FACE ( 'NONE', ( #1747 ), #8617, .T. ) ;
#7620 = LINE ( 'NONE', #8493, #9803 ) ;
#7621 = COLOUR_RGB ( '',0.4117647058823529216, 0.4117647058823529216, 0.4117647058823529216 ) ;
#7622 = UNCERTAINTY_MEASURE_WITH_UNIT (LENGTH_MEASURE( 1.000000000000000082E-05 ), #1874, 'distance_accuracy_value', 'NONE');
#7623 = EDGE_CURVE ( 'NONE', #9536, #736, #245, .T. ) ;
#7624 = VECTOR ( 'NONE', #2859, 1000.000000000000000 ) ;
#7625 = LINE ( 'NONE', #6916, #6428 ) ;
#7626 = CARTESIAN_POINT ( 'NONE',  ( -6.513276922344959807, 3.101520183108077866, -0.3203975278070669841 ) ) ;
#7627 = SURFACE_STYLE_FILL_AREA ( #7026 ) ;
#7628 = VERTEX_POINT ( 'NONE', #9558 ) ;
#7629 = EDGE_CURVE ( 'NONE', #4585, #6900, #7217, .T. ) ;
#7630 = SURFACE_STYLE_USAGE ( .BOTH. , #4258 ) ;
#7631 = VECTOR ( 'NONE', #2073, 1000.000000000000000 ) ;
#7632 = PLANE ( 'NONE',  #2226 ) ;
#7633 = VERTEX_POINT ( 'NONE', #10532 ) ;
#7634 = VECTOR ( 'NONE', #7947, 1000.000000000000114 ) ;
#7635 = CIRCLE ( 'NONE', #9198, 0.2499999999999998335 ) ;
#7636 = MECHANICAL_DESIGN_GEOMETRIC_PRESENTATION_REPRESENTATION (  '', ( #6418 ), #233 ) ;
#7637 = PLANE ( 'NONE',  #1104 ) ;
#7638 =( GEOMETRIC_REPRESENTATION_CONTEXT ( 3 ) GLOBAL_UNCERTAINTY_ASSIGNED_CONTEXT ( ( #7700 ) ) GLOBAL_UNIT_ASSIGNED_CONTEXT ( ( #3963, #5680, #8849 ) ) REPRESENTATION_CONTEXT ( 'NONE', 'WORKASPACE' ) );
#7639 = VERTEX_POINT ( 'NONE', #2232 ) ;
#7640 = DIRECTION ( 'NONE',  ( -0.0000000000000000000, 0.0000000000000000000, -1.000000000000000000 ) ) ;
#7641 = PRESENTATION_LAYER_ASSIGNMENT (  '', '', ( #1491 ) ) ;
#7642 = SURFACE_SIDE_STYLE ('',( #1646 ) ) ;
#7643 = VERTEX_POINT ( 'NONE', #8899 ) ;
#7644 = COLOUR_RGB ( '',0.7921568627450980005, 0.8196078431372548767, 0.9333333333333333481 ) ;
#7645 = EDGE_CURVE ( 'NONE', #2522, #5321, #8951, .T. ) ;
#7646 = CARTESIAN_POINT ( 'NONE',  ( 0.0000000000000000000, -5.984948569671956875, 9.120415862337422297 ) ) ;
#7647 =( GEOMETRIC_REPRESENTATION_CONTEXT ( 3 ) GLOBAL_UNCERTAINTY_ASSIGNED_CONTEXT ( ( #6285 ) ) GLOBAL_UNIT_ASSIGNED_CONTEXT ( ( #7935, #3627, #1988 ) ) REPRESENTATION_CONTEXT ( 'NONE', 'WORKASPACE' ) );
#7648 = CARTESIAN_POINT ( 'NONE',  ( -4.301812055671259571, -6.200000000000001066, 0.0000000000000000000 ) ) ;
#7649 =( NAMED_UNIT ( * ) PLANE_ANGLE_UNIT ( ) SI_UNIT ( $, .RADIAN. ) );
#7650 =( GEOMETRIC_REPRESENTATION_CONTEXT ( 3 ) GLOBAL_UNCERTAINTY_ASSIGNED_CONTEXT ( ( #10080 ) ) GLOBAL_UNIT_ASSIGNED_CONTEXT ( ( #7786, #2746, #8717 ) ) REPRESENTATION_CONTEXT ( 'NONE', 'WORKASPACE' ) );
#7651 = FACE_OUTER_BOUND ( 'NONE', #2331, .T. ) ;
#7652 = VERTEX_POINT ( 'NONE', #7987 ) ;
#7653 = CARTESIAN_POINT ( 'NONE',  ( -0.01036292739023949964, -0.08131726751350369653, 11.88455947458399997 ) ) ;
#7654 = CARTESIAN_POINT ( 'NONE',  ( -4.453928499320490175, -5.104241747859729728, 2.236059354321880299 ) ) ;
#7655 = ORIENTED_EDGE ( 'NONE', *, *, #9339, .F. ) ;
#7656 = DIRECTION ( 'NONE',  ( -1.000000000000000000, 0.0000000000000000000, 0.0000000000000000000 ) ) ;
#7657 = SURFACE_STYLE_FILL_AREA ( #825 ) ;
#7658 = CARTESIAN_POINT ( 'NONE',  ( -2.750000000000000000, 4.099999999999999645, -4.673891202419779844 ) ) ;
#7659 = CARTESIAN_POINT ( 'NONE',  ( -4.453928499320490175, 3.952384553517649834, 1.972862536810730205 ) ) ;
#7660 =( NAMED_UNIT ( * ) PLANE_ANGLE_UNIT ( ) SI_UNIT ( $, .RADIAN. ) );
#7661 = VECTOR ( 'NONE', #4502, 1000.000000000000227 ) ;
#7662 = FACE_OUTER_BOUND ( 'NONE', #2959, .T. ) ;
#7663 = STYLED_ITEM ( 'NONE', ( #5996 ), #1759 ) ;
#7664 = ADVANCED_FACE ( 'NONE', ( #5615 ), #183, .T. ) ;
#7665 = PLANE ( 'NONE',  #5533 ) ;
#7666 = EDGE_CURVE ( 'NONE', #4092, #6649, #4663, .T. ) ;
#7667 =( LENGTH_UNIT ( ) NAMED_UNIT ( * ) SI_UNIT ( .MILLI., .METRE. ) );
#7668 = FILL_AREA_STYLE_COLOUR ( '', #585 ) ;
#7669 =( NAMED_UNIT ( * ) PLANE_ANGLE_UNIT ( ) SI_UNIT ( $, .RADIAN. ) );
#7670 =( GEOMETRIC_REPRESENTATION_CONTEXT ( 3 ) GLOBAL_UNCERTAINTY_ASSIGNED_CONTEXT ( ( #1550 ) ) GLOBAL_UNIT_ASSIGNED_CONTEXT ( ( #5471, #3867, #9685 ) ) REPRESENTATION_CONTEXT ( 'NONE', 'WORKASPACE' ) );
#7671 = CARTESIAN_POINT ( 'NONE',  ( 1.791406567618869961, -0.5194762205607580396, 11.88455947458399997 ) ) ;
#7672 = ORIENTED_EDGE ( 'NONE', *, *, #4501, .T. ) ;
#7673 = CARTESIAN_POINT ( 'NONE',  ( 1.791406567618869961, -0.9893557386330470438, 11.88455947458399997 ) ) ;
#7674 =( GEOMETRIC_REPRESENTATION_CONTEXT ( 3 ) GLOBAL_UNCERTAINTY_ASSIGNED_CONTEXT ( ( #8044 ) ) GLOBAL_UNIT_ASSIGNED_CONTEXT ( ( #2718, #6046, #6882 ) ) REPRESENTATION_CONTEXT ( 'NONE', 'WORKASPACE' ) );
#7675 = CARTESIAN_POINT ( 'NONE',  ( 0.7016099814113669897, 0.6635057416207670311, 11.78455947458400033 ) ) ;
#7676 = CARTESIAN_POINT ( 'NONE',  ( -3.198187944328739984, -6.200000000000001066, 2.000000000000000000 ) ) ;
#7677 = CARTESIAN_POINT ( 'NONE',  ( 4.649999999999999467, -6.200000000000001066, 10.50000000000000000 ) ) ;
#7678 = PRESENTATION_LAYER_ASSIGNMENT (  '', '', ( #8728 ) ) ;
#7679 = AXIS2_PLACEMENT_3D ( 'NONE', #8243, #9923, #2389 ) ;
#7680 = EDGE_CURVE ( 'NONE', #1360, #4572, #5443, .T. ) ;
#7681 = DIRECTION ( 'NONE',  ( 1.000000000000000000, 0.0000000000000000000, 0.0000000000000000000 ) ) ;
#7682 = DIRECTION ( 'NONE',  ( -0.0000000000000000000, 0.0000000000000000000, 1.000000000000000000 ) ) ;
#7683 = ORIENTED_EDGE ( 'NONE', *, *, #1087, .T. ) ;
#7684 =( NAMED_UNIT ( * ) PLANE_ANGLE_UNIT ( ) SI_UNIT ( $, .RADIAN. ) );
#7685 = FILL_AREA_STYLE_COLOUR ( '', #2618 ) ;
#7686 = CARTESIAN_POINT ( 'NONE',  ( 3.753928499320490442, -5.804216384178710442, 2.235197563309480273 ) ) ;
#7687 = ORIENTED_EDGE ( 'NONE', *, *, #3368, .F. ) ;
#7688 = EDGE_CURVE ( 'NONE', #3115, #3861, #10399, .T. ) ;
#7689 = PLANE ( 'NONE',  #2944 ) ;
#7690 = ORIENTED_EDGE ( 'NONE', *, *, #6144, .T. ) ;
#7691 = DIRECTION ( 'NONE',  ( -1.000000000000000000, 0.0000000000000000000, 0.0000000000000000000 ) ) ;
#7692 = SURFACE_STYLE_FILL_AREA ( #6211 ) ;
#7693 = CLOSED_SHELL ( 'NONE', ( #5141, #9885, #3413, #5954 ) ) ;
#7694 = DIRECTION ( 'NONE',  ( 0.0000000000000000000, 0.0000000000000000000, 1.000000000000000000 ) ) ;
#7695 = ORIENTED_EDGE ( 'NONE', *, *, #6966, .T. ) ;
#7696 = COLOUR_RGB ( '',0.7450980392156862919, 0.7450980392156862919, 0.7450980392156862919 ) ;
#7697 = CARTESIAN_POINT ( 'NONE',  ( 2.500000000000000000, 4.349999999999999645, -4.673891202419779844 ) ) ;
#7698 = FILL_AREA_STYLE ('',( #6879 ) ) ;
#7699 = UNCERTAINTY_MEASURE_WITH_UNIT (LENGTH_MEASURE( 1.000000000000000082E-05 ), #7372, 'distance_accuracy_value', 'NONE');
#7700 = UNCERTAINTY_MEASURE_WITH_UNIT (LENGTH_MEASURE( 1.000000000000000082E-05 ), #3963, 'distance_accuracy_value', 'NONE');
#7701 = DIRECTION ( 'NONE',  ( 0.0000000000000000000, 0.0000000000000000000, -1.000000000000000000 ) ) ;
#7702 = CARTESIAN_POINT ( 'NONE',  ( -0.9435331914172789824, 0.4564273938970729860, 11.78455947458400033 ) ) ;
#7703 = STYLED_ITEM ( 'NONE', ( #10788 ), #4391 ) ;
#7704 = EDGE_CURVE ( 'NONE', #9157, #10525, #3895, .T. ) ;
#7705 = ORIENTED_EDGE ( 'NONE', *, *, #5927, .F. ) ;
#7706 = CARTESIAN_POINT ( 'NONE',  ( -4.453928499320490175, -0.0003802452009564120223, 9.127783911014780927 ) ) ;
#7707 = ORIENTED_EDGE ( 'NONE', *, *, #8206, .T. ) ;
#7708 = UNCERTAINTY_MEASURE_WITH_UNIT (LENGTH_MEASURE( 1.000000000000000082E-05 ), #10498, 'distance_accuracy_value', 'NONE');
#7709 = COLOUR_RGB ( '',0.1764705882352941013, 0.1764705882352941013, 0.1764705882352941013 ) ;
#7710 = SURFACE_SIDE_STYLE ('',( #5073 ) ) ;
#7711 = DIRECTION ( 'NONE',  ( 1.000000000000000000, 0.0000000000000000000, 0.0000000000000000000 ) ) ;
#7712 =( NAMED_UNIT ( * ) SI_UNIT ( $, .STERADIAN. ) SOLID_ANGLE_UNIT ( ) );
#7713 = CARTESIAN_POINT ( 'NONE',  ( 2.670924639908020204, -0.5194762205607580396, 11.88455947458399997 ) ) ;
#7714 =( LENGTH_UNIT ( ) NAMED_UNIT ( * ) SI_UNIT ( .MILLI., .METRE. ) );
#7715 = AXIS2_PLACEMENT_3D ( 'NONE', #2075, #7097, #3613 ) ;
#7716 = COLOUR_RGB ( '',0.4117647058823529216, 0.4117647058823529216, 0.4117647058823529216 ) ;
#7717 = ORIENTED_EDGE ( 'NONE', *, *, #1495, .F. ) ;
#7718 = LINE ( 'NONE', #7779, #3907 ) ;
#7719 = DIRECTION ( 'NONE',  ( 0.0000000000000000000, 0.0000000000000000000, 1.000000000000000000 ) ) ;
#7720 =( LENGTH_UNIT ( ) NAMED_UNIT ( * ) SI_UNIT ( .MILLI., .METRE. ) );
#7721 = PLANE ( 'NONE',  #1622 ) ;
#7722 = SURFACE_STYLE_USAGE ( .BOTH. , #8594 ) ;
#7723 = VERTEX_POINT ( 'NONE', #6440 ) ;
#7724 = SURFACE_STYLE_USAGE ( .BOTH. , #4244 ) ;
#7725 = DIRECTION ( 'NONE',  ( 1.000000000000000000, 0.0000000000000000000, 9.659745536641628513E-17 ) ) ;
#7726 = EDGE_CURVE ( 'NONE', #10353, #8540, #9007, .T. ) ;
#7727 = PRESENTATION_LAYER_ASSIGNMENT (  '', '', ( #9647 ) ) ;
#7728 = DIRECTION ( 'NONE',  ( 0.0000000000000000000, -0.0000000000000000000, 1.000000000000000000 ) ) ;
#7729 = DIRECTION ( 'NONE',  ( 1.570907590732632833E-15, 1.707073681399379762E-15, 1.000000000000000000 ) ) ;
#7730 = CIRCLE ( 'NONE', #2979, 0.2500000000000003331 ) ;
#7731 = UNCERTAINTY_MEASURE_WITH_UNIT (LENGTH_MEASURE( 1.000000000000000082E-05 ), #800, 'distance_accuracy_value', 'NONE');
#7732 = FILL_AREA_STYLE_COLOUR ( '', #3570 ) ;
#7733 = CARTESIAN_POINT ( 'NONE',  ( -5.900000000000010125, -5.899999999999998579, 2.937043165190534676E-30 ) ) ;
#7734 =( NAMED_UNIT ( * ) SI_UNIT ( $, .STERADIAN. ) SOLID_ANGLE_UNIT ( ) );
#7735 = DIRECTION ( 'NONE',  ( -1.546750702438370844E-16, -2.689679381759895893E-16, -1.000000000000000000 ) ) ;
#7736 = DIRECTION ( 'NONE',  ( -1.570907590732632833E-15, -1.707073681399379762E-15, -1.000000000000000000 ) ) ;
#7737 = VERTEX_POINT ( 'NONE', #4986 ) ;
#7738 = CARTESIAN_POINT ( 'NONE',  ( 1.275687477019799898, -0.6610424396600900199, 11.88455947458399997 ) ) ;
#7739 = DIRECTION ( 'NONE',  ( 0.0000000000000000000, -1.000000000000000000, 0.0000000000000000000 ) ) ;
#7740 = EDGE_CURVE ( 'NONE', #4503, #1569, #9117, .T. ) ;
#7741 = CARTESIAN_POINT ( 'NONE',  ( -4.453928499320490175, -5.804216384178710442, 2.235197563309480273 ) ) ;
#7742 = ORIENTED_EDGE ( 'NONE', *, *, #3442, .F. ) ;
#7743 = PLANE ( 'NONE',  #7861 ) ;
#7744 = FILL_AREA_STYLE ('',( #908 ) ) ;
#7745 = EDGE_CURVE ( 'NONE', #9103, #9172, #10644, .T. ) ;
#7746 = DIRECTION ( 'NONE',  ( 1.000000000000000000, 0.0000000000000000000, 1.348803178618590531E-16 ) ) ;
#7747 = ORIENTED_EDGE ( 'NONE', *, *, #58, .F. ) ;
#7748 = DIRECTION ( 'NONE',  ( 1.000000000000000000, 0.0000000000000000000, 0.0000000000000000000 ) ) ;
#7749 = EDGE_CURVE ( 'NONE', #6539, #8467, #5703, .T. ) ;
#7750 = ORIENTED_EDGE ( 'NONE', *, *, #8121, .F. ) ;
#7751 = MECHANICAL_DESIGN_GEOMETRIC_PRESENTATION_REPRESENTATION (  '', ( #9490 ), #1770 ) ;
#7752 = ORIENTED_EDGE ( 'NONE', *, *, #4386, .F. ) ;
#7753 = DIRECTION ( 'NONE',  ( -0.0000000000000000000, -1.000000000000000000, 0.0000000000000000000 ) ) ;
#7754 = FACE_OUTER_BOUND ( 'NONE', #9624, .T. ) ;
#7755 = EDGE_CURVE ( 'NONE', #4999, #7540, #9819, .T. ) ;
#7756 = STYLED_ITEM ( 'NONE', ( #6572 ), #5928 ) ;
#7757 = VERTEX_POINT ( 'NONE', #7530 ) ;
#7758 = CARTESIAN_POINT ( 'NONE',  ( -0.2567862034654720405, 0.6299967456919850495, 11.88455947458399997 ) ) ;
#7759 = CARTESIAN_POINT ( 'NONE',  ( 2.719117410992359929, 0.9985960685958690242, 11.78455947458400033 ) ) ;
#7760 = CARTESIAN_POINT ( 'NONE',  ( 0.0000000000000000000, 5.975341119790766875, 2.249700255633616752 ) ) ;
#7761 = VECTOR ( 'NONE', #165, 1000.000000000000114 ) ;
#7762 = EDGE_CURVE ( 'NONE', #6001, #1149, #10802, .T. ) ;
#7763 = STYLED_ITEM ( 'NONE', ( #553 ), #2980 ) ;
#7764 = SURFACE_SIDE_STYLE ('',( #4286 ) ) ;
#7765 = UNCERTAINTY_MEASURE_WITH_UNIT (LENGTH_MEASURE( 1.000000000000000082E-05 ), #6820, 'distance_accuracy_value', 'NONE');
#7766 = ADVANCED_FACE ( 'NONE', ( #8292 ), #9211, .T. ) ;
#7767 = SURFACE_SIDE_STYLE ('',( #3626 ) ) ;
#7768 = SURFACE_STYLE_USAGE ( .BOTH. , #4401 ) ;
#7769 = CARTESIAN_POINT ( 'NONE',  ( 2.911888495329709947, -0.9893557386330470438, 11.88455947458399997 ) ) ;
#7770 = B_SPLINE_CURVE_WITH_KNOTS ( 'NONE', 2,
 ( #3297, #9126, #4939, #4774, #10038, #4995, #2394, #747, #7333, #6722, #8302, #4885, #4159, #2506, #2450 ),
 .UNSPECIFIED., .F., .F.,
 ( 3, 2, 2, 2, 2, 2, 2, 3 ),
 ( 8.940560153363745023E-19, 0.0003200899360556852926, 0.0006401798721113697178, 0.0009602698081670541430, 0.001280359744222738568, 0.001600449680278423102, 0.001920539616334107419, 0.002240629552389791952 ),
 .UNSPECIFIED. ) ;
#7771 = SURFACE_STYLE_FILL_AREA ( #1045 ) ;
#7772 =( NAMED_UNIT ( * ) SI_UNIT ( $, .STERADIAN. ) SOLID_ANGLE_UNIT ( ) );
#7773 = VECTOR ( 'NONE', #8482, 1000.000000000000000 ) ;
#7774 = AXIS2_PLACEMENT_3D ( 'NONE', #1786, #7735, #3445 ) ;
#7775 = COLOUR_RGB ( '',0.1764705882352941013, 0.1764705882352941013, 0.1764705882352941013 ) ;
#7776 = CARTESIAN_POINT ( 'NONE',  ( -0.7242183950378960899, -0.04959670248846868856, 11.88455947458399997 ) ) ;
#7777 = ORIENTED_EDGE ( 'NONE', *, *, #283, .F. ) ;
#7778 = ORIENTED_EDGE ( 'NONE', *, *, #7570, .F. ) ;
#7779 = CARTESIAN_POINT ( 'NONE',  ( 6.200000000000001066, -5.900000000000000355, 0.0000000000000000000 ) ) ;
#7780 = DIRECTION ( 'NONE',  ( 1.000000000000000000, 0.0000000000000000000, -0.0000000000000000000 ) ) ;
#7781 = MECHANICAL_DESIGN_GEOMETRIC_PRESENTATION_REPRESENTATION (  '', ( #1793 ), #1264 ) ;
#7782 = DIRECTION ( 'NONE',  ( 0.0000000000000000000, 0.0000000000000000000, 1.000000000000000000 ) ) ;
#7783 =( NAMED_UNIT ( * ) SI_UNIT ( $, .STERADIAN. ) SOLID_ANGLE_UNIT ( ) );
#7784 = EDGE_LOOP ( 'NONE', ( #8247, #6500 ) ) ;
#7785 = VECTOR ( 'NONE', #7782, 1000.000000000000000 ) ;
#7786 =( LENGTH_UNIT ( ) NAMED_UNIT ( * ) SI_UNIT ( .MILLI., .METRE. ) );
#7787 = CARTESIAN_POINT ( 'NONE',  ( 1.157558747866519910, -0.8206810398378659999, 11.88455947458399997 ) ) ;
#7788 = CARTESIAN_POINT ( 'NONE',  ( 2.670924639908020204, -0.9893557386330470438, 11.88455947458399997 ) ) ;
#7789 = VECTOR ( 'NONE', #6163, 1000.000000000000114 ) ;
#7790 = EDGE_CURVE ( 'NONE', #7757, #6073, #2497, .T. ) ;
#7791 = MECHANICAL_DESIGN_GEOMETRIC_PRESENTATION_REPRESENTATION (  '', ( #5127 ), #3220 ) ;
#7792 = FILL_AREA_STYLE ('',( #7023 ) ) ;
#7793 = PRESENTATION_STYLE_ASSIGNMENT (( #6082 ) ) ;
#7794 = CARTESIAN_POINT ( 'NONE',  ( 1.250000000000000000, 4.228220461120369755, 2.220446049250310123E-16 ) ) ;
#7795 = ORIENTED_EDGE ( 'NONE', *, *, #2092, .T. ) ;
#7796 = AXIS2_PLACEMENT_3D ( 'NONE', #10789, #6532, #7414 ) ;
#7797 = FILL_AREA_STYLE_COLOUR ( '', #355 ) ;
#7798 = CARTESIAN_POINT ( 'NONE',  ( 4.453928499320490175, 5.085787338499259569, 2.248605059590618627 ) ) ;
#7799 = ORIENTED_EDGE ( 'NONE', *, *, #7688, .T. ) ;
#7800 = PRESENTATION_LAYER_ASSIGNMENT (  '', '', ( #4087 ) ) ;
#7801 = DIRECTION ( 'NONE',  ( 0.0000000000000000000, 0.0000000000000000000, -1.000000000000000000 ) ) ;
#7802 = MECHANICAL_DESIGN_GEOMETRIC_PRESENTATION_REPRESENTATION (  '', ( #5167 ), #10761 ) ;
#7803 = STYLED_ITEM ( 'NONE', ( #3597 ), #9525 ) ;
#7804 = CARTESIAN_POINT ( 'NONE',  ( 4.750000000000000000, -4.599999999999999645, 0.3261087975802219874 ) ) ;
#7805 = ORIENTED_EDGE ( 'NONE', *, *, #286, .F. ) ;
#7806 = CARTESIAN_POINT ( 'NONE',  ( 0.9971544038136319621, -5.924880838070049727, 5.551115123125780237E-17 ) ) ;
#7807 = LINE ( 'NONE', #2019, #10320 ) ;
#7808 = VECTOR ( 'NONE', #3257, 1000.000000000000000 ) ;
#7809 = ORIENTED_EDGE ( 'NONE', *, *, #9629, .F. ) ;
#7810 = UNCERTAINTY_MEASURE_WITH_UNIT (LENGTH_MEASURE( 1.000000000000000082E-05 ), #5556, 'distance_accuracy_value', 'NONE');
#7811 = EDGE_CURVE ( 'NONE', #2601, #9172, #2385, .T. ) ;
#7812 = VERTEX_POINT ( 'NONE', #9972 ) ;
#7813 = CARTESIAN_POINT ( 'NONE',  ( -0.3479005808652059772, 0.7179108649752520277, 11.78455947458399500 ) ) ;
#7814 = DIRECTION ( 'NONE',  ( 0.0000000000000000000, -0.0000000000000000000, -1.000000000000000000 ) ) ;
#7815 = SURFACE_STYLE_USAGE ( .BOTH. , #2902 ) ;
#7816 = PRESENTATION_STYLE_ASSIGNMENT (( #8462 ) ) ;
#7817 = PRESENTATION_STYLE_ASSIGNMENT (( #314 ) ) ;
#7818 = COLOUR_RGB ( '',1.000000000000000000, 1.000000000000000000, 1.000000000000000000 ) ;
#7819 =( LENGTH_UNIT ( ) NAMED_UNIT ( * ) SI_UNIT ( .MILLI., .METRE. ) );
#7820 = VERTEX_POINT ( 'NONE', #5834 ) ;
#7821 = CARTESIAN_POINT ( 'NONE',  ( -3.753928499320489998, 5.794608934297520442, 9.134918554661561885 ) ) ;
#7822 = AXIS2_PLACEMENT_3D ( 'NONE', #5350, #6241, #9580 ) ;
#7823 = CYLINDRICAL_SURFACE ( 'NONE', #4285, 0.2500000000000002220 ) ;
#7824 = VERTEX_POINT ( 'NONE', #2334 ) ;
#7825 = ADVANCED_FACE ( 'NONE', ( #7324 ), #4964, .T. ) ;
#7826 = FILL_AREA_STYLE ('',( #1414 ) ) ;
#7827 = VECTOR ( 'NONE', #7417, 1000.000000000000000 ) ;
#7828 = LINE ( 'NONE', #10490, #9938 ) ;
#7829 = SURFACE_STYLE_FILL_AREA ( #8330 ) ;
#7830 = PRESENTATION_LAYER_ASSIGNMENT (  '', '', ( #6601 ) ) ;
#7831 =( LENGTH_UNIT ( ) NAMED_UNIT ( * ) SI_UNIT ( .MILLI., .METRE. ) );
#7832 = CARTESIAN_POINT ( 'NONE',  ( 5.000000000000000000, -3.072439817376820148, 10.29185809281899999 ) ) ;
#7833 = CARTESIAN_POINT ( 'NONE',  ( -4.453928499320490175, -0.0003802452009564140280, 9.127783911014779150 ) ) ;
#7834 = EDGE_CURVE ( 'NONE', #3285, #3169, #2418, .T. ) ;
#7835 = CARTESIAN_POINT ( 'NONE',  ( 1.393816206173080108, -0.007427935867854951191, 11.78455947458400033 ) ) ;
#7836 =( NAMED_UNIT ( * ) SI_UNIT ( $, .STERADIAN. ) SOLID_ANGLE_UNIT ( ) );
#7837 = STYLED_ITEM ( 'NONE', ( #222 ), #8820 ) ;
#7838 = CARTESIAN_POINT ( 'NONE',  ( -5.000000000000000000, 4.349999999999998757, 0.3261087975802219874 ) ) ;
#7839 = STYLED_ITEM ( 'NONE', ( #9793 ), #1429 ) ;
#7840 = VERTEX_POINT ( 'NONE', #4909 ) ;
#7841 = ORIENTED_EDGE ( 'NONE', *, *, #2648, .F. ) ;
#7842 = PRESENTATION_STYLE_ASSIGNMENT (( #2981 ) ) ;
#7843 = CARTESIAN_POINT ( 'NONE',  ( -2.049999999999999822, -3.718944926047639932, 9.372862536810730560 ) ) ;
#7844 = VERTEX_POINT ( 'NONE', #10721 ) ;
#7845 = SURFACE_STYLE_USAGE ( .BOTH. , #2985 ) ;
#7846 = VECTOR ( 'NONE', #1145, 1000.000000000000114 ) ;
#7847 = CYLINDRICAL_SURFACE ( 'NONE', #7140, 0.1217795388796299727 ) ;
#7848 = CARTESIAN_POINT ( 'NONE',  ( 0.8079729016204699743, 0.8058249842585190059, 11.88455947458399997 ) ) ;
#7849 = PLANE ( 'NONE',  #5685 ) ;
#7850 = VECTOR ( 'NONE', #8634, 1000.000000000000000 ) ;
#7851 = DIRECTION ( 'NONE',  ( 0.0000000000000000000, -1.000000000000000000, -0.0000000000000000000 ) ) ;
#7852 = VECTOR ( 'NONE', #827, 1000.000000000000000 ) ;
#7853 = AXIS2_PLACEMENT_3D ( 'NONE', #10656, #9782, #4009 ) ;
#7854 = CARTESIAN_POINT ( 'NONE',  ( 5.000000000000000000, -3.274999999999990141, 1.649999999999999911 ) ) ;
#7855 = DIRECTION ( 'NONE',  ( 0.0000000000000000000, 1.000000000000000000, -0.0000000000000000000 ) ) ;
#7856 = VERTEX_POINT ( 'NONE', #3269 ) ;
#7857 = CARTESIAN_POINT ( 'NONE',  ( 1.144757531557019981, 1.010644261366949959, 11.78455947458399855 ) ) ;
#7858 = CARTESIAN_POINT ( 'NONE',  ( -4.453928499320490175, 0.0000000000000000000, 9.372862536810727008 ) ) ;
#7859 = ORIENTED_EDGE ( 'NONE', *, *, #9190, .F. ) ;
#7860 = MECHANICAL_DESIGN_GEOMETRIC_PRESENTATION_REPRESENTATION (  '', ( #6277 ), #5769 ) ;
#7861 = AXIS2_PLACEMENT_3D ( 'NONE', #170, #6717, #10236 ) ;
#7862 = SURFACE_SIDE_STYLE ('',( #8510 ) ) ;
#7863 = ORIENTED_EDGE ( 'NONE', *, *, #5476, .T. ) ;
#7864 = CARTESIAN_POINT ( 'NONE',  ( 3.876735726934810167, 5.984188079270050586, 9.135151959694830737 ) ) ;
#7866 = CARTESIAN_POINT ( 'NONE',  ( -6.213276922344959985, -3.072439817376822813, -0.3203975278070690380 ) ) ;
#7865 = PRESENTATION_LAYER_ASSIGNMENT (  '', '', ( #1706 ) ) ;
#7867 = ORIENTED_EDGE ( 'NONE', *, *, #3193, .F. ) ;
#7868 = ORIENTED_EDGE ( 'NONE', *, *, #589, .F. ) ;
#7869 =( NAMED_UNIT ( * ) PLANE_ANGLE_UNIT ( ) SI_UNIT ( $, .RADIAN. ) );
#7870 = CARTESIAN_POINT ( 'NONE',  ( 1.375000000000000000, -3.072439817376820148, 10.29185809281899999 ) ) ;
#7871 = CLOSED_SHELL ( 'NONE', ( #3329, #1705, #8407, #2272 ) ) ;
#7872 =( LENGTH_UNIT ( ) NAMED_UNIT ( * ) SI_UNIT ( .MILLI., .METRE. ) );
#7873 = DIRECTION ( 'NONE',  ( -1.000000000000000000, -0.0000000000000000000, -0.0000000000000000000 ) ) ;
#7874 = EDGE_CURVE ( 'NONE', #3512, #10564, #1819, .T. ) ;
#7875 = LINE ( 'NONE', #5114, #7661 ) ;
#7876 = ORIENTED_EDGE ( 'NONE', *, *, #8151, .T. ) ;
#7877 = CARTESIAN_POINT ( 'NONE',  ( -4.453928499320490175, -5.095394788380448681, 9.121511058380409764 ) ) ;
#7878 = PRESENTATION_STYLE_ASSIGNMENT (( #5506 ) ) ;
#7879 = ORIENTED_EDGE ( 'NONE', *, *, #8563, .T. ) ;
#7880 = PRESENTATION_STYLE_ASSIGNMENT (( #3623 ) ) ;
#7881 = LINE ( 'NONE', #7050, #2929 ) ;
#7882 = UNCERTAINTY_MEASURE_WITH_UNIT (LENGTH_MEASURE( 1.000000000000000082E-05 ), #9304, 'distance_accuracy_value', 'NONE');
#7883 = SURFACE_SIDE_STYLE ('',( #2085 ) ) ;
#7884 = SURFACE_SIDE_STYLE ('',( #5224 ) ) ;
#7885 = LINE ( 'NONE', #2190, #8719 ) ;
#7886 =( NAMED_UNIT ( * ) PLANE_ANGLE_UNIT ( ) SI_UNIT ( $, .RADIAN. ) );
#7887 = AXIS2_PLACEMENT_3D ( 'NONE', #5660, #7360, #6528 ) ;
#7888 = CARTESIAN_POINT ( 'NONE',  ( 5.900000000000000355, -6.200000000000001066, 2.000000000000000000 ) ) ;
#7889 = EDGE_CURVE ( 'NONE', #6408, #6985, #5817, .T. ) ;
#7890 = CARTESIAN_POINT ( 'NONE',  ( 5.000000000000000000, -3.072439817376820148, 5.691858092819041204 ) ) ;
#7891 = ORIENTED_EDGE ( 'NONE', *, *, #10184, .T. ) ;
#7892 = ORIENTED_EDGE ( 'NONE', *, *, #9100, .F. ) ;
#7893 = CARTESIAN_POINT ( 'NONE',  ( -2.027870540814870282, -0.9893557386330470438, 11.78455947458400033 ) ) ;
#7894 = SURFACE_SIDE_STYLE ('',( #9411 ) ) ;
#7895 = ADVANCED_FACE ( 'NONE', ( #10841 ), #8273, .T. ) ;
#7896 = FILL_AREA_STYLE_COLOUR ( '', #173 ) ;
#7897 = EDGE_LOOP ( 'NONE', ( #5014, #765 ) ) ;
#7898 = FILL_AREA_STYLE ('',( #4529 ) ) ;
#7899 = SURFACE_SIDE_STYLE ('',( #6967 ) ) ;
#7900 = SURFACE_SIDE_STYLE ('',( #7198 ) ) ;
#7901 = CARTESIAN_POINT ( 'NONE',  ( -3.871779538879632110, -4.349999999999977440, 2.000000000000000888 ) ) ;
#7902 = VECTOR ( 'NONE', #7199, 1000.000000000000000 ) ;
#7903 = EDGE_CURVE ( 'NONE', #1578, #624, #9186, .T. ) ;
#7904 = PRESENTATION_STYLE_ASSIGNMENT (( #4852 ) ) ;
#7905 = CARTESIAN_POINT ( 'NONE',  ( 5.900000000000000355, 6.200000000000001066, 9.574153455271225598E-19 ) ) ;
#7906 = EDGE_CURVE ( 'NONE', #8709, #9660, #1507, .T. ) ;
#7907 = STYLED_ITEM ( 'NONE', ( #8006 ), #4861 ) ;
#7908 = CARTESIAN_POINT ( 'NONE',  ( -0.5770044994004139838, -1.025500316946299950, 11.78455947458398789 ) ) ;
#7909 = VERTEX_POINT ( 'NONE', #9799 ) ;
#7910 = FACE_OUTER_BOUND ( 'NONE', #731, .T. ) ;
#7911 = CARTESIAN_POINT ( 'NONE',  ( 0.9841776519562150938, -1.025500316946299950, 11.78455947458399855 ) ) ;
#7912 = FACE_OUTER_BOUND ( 'NONE', #7551, .T. ) ;
#7913 = AXIS2_PLACEMENT_3D ( 'NONE', #2105, #400, #1342 ) ;
#7914 = ADVANCED_FACE ( 'NONE', ( #10777 ), #5653, .T. ) ;
#7915 = ORIENTED_EDGE ( 'NONE', *, *, #4489, .F. ) ;
#7916 = DIRECTION ( 'NONE',  ( -0.0000000000000000000, 1.000000000000000000, 0.0000000000000000000 ) ) ;
#7917 = VECTOR ( 'NONE', #6819, 1000.000000000000000 ) ;
#7918 = CARTESIAN_POINT ( 'NONE',  ( -0.6184200586389700938, -0.02248822279261979834, 11.78455947458400033 ) ) ;
#7919 = ORIENTED_EDGE ( 'NONE', *, *, #4805, .F. ) ;
#7920 = CARTESIAN_POINT ( 'NONE',  ( -6.513276922344959807, -3.072439817376820148, 11.40411371344520042 ) ) ;
#7921 = ORIENTED_EDGE ( 'NONE', *, *, #8428, .F. ) ;
#7922 = DIRECTION ( 'NONE',  ( -1.000000000000000000, -0.0000000000000000000, -0.0000000000000000000 ) ) ;
#7923 = ORIENTED_EDGE ( 'NONE', *, *, #10354, .T. ) ;
#7924 = DIRECTION ( 'NONE',  ( -0.9965548649496432931, -0.08293612690015345068, -8.758018860762296103E-18 ) ) ;
#7925 = CARTESIAN_POINT ( 'NONE',  ( 2.670924639908020204, 0.5964877497632019576, 11.78455947458400033 ) ) ;
#7926 = ORIENTED_EDGE ( 'NONE', *, *, #79, .T. ) ;
#7927 = MECHANICAL_DESIGN_GEOMETRIC_PRESENTATION_REPRESENTATION (  '', ( #3697 ), #7411 ) ;
#7928 = CARTESIAN_POINT ( 'NONE',  ( 6.500000000000001776, -3.072439817376820148, 5.691858092819041204 ) ) ;
#7929 = DIRECTION ( 'NONE',  ( -0.0000000000000000000, 1.000000000000000000, 0.0000000000000000000 ) ) ;
#7930 = SURFACE_STYLE_USAGE ( .BOTH. , #6888 ) ;
#7931 = ORIENTED_EDGE ( 'NONE', *, *, #2507, .F. ) ;
#7932 = EDGE_CURVE ( 'NONE', #10241, #1522, #1937, .T. ) ;
#7933 = SURFACE_STYLE_FILL_AREA ( #2037 ) ;
#7934 = SURFACE_STYLE_FILL_AREA ( #323 ) ;
#7935 =( LENGTH_UNIT ( ) NAMED_UNIT ( * ) SI_UNIT ( .MILLI., .METRE. ) );
#7936 = DIRECTION ( 'NONE',  ( 0.0000000000000000000, -0.0000000000000000000, 1.000000000000000000 ) ) ;
#7937 = MECHANICAL_DESIGN_GEOMETRIC_PRESENTATION_REPRESENTATION (  '', ( #5283 ), #9668 ) ;
#7938 = PRESENTATION_STYLE_ASSIGNMENT (( #6292 ) ) ;
#7939 = SURFACE_STYLE_FILL_AREA ( #8756 ) ;
#7940 = CARTESIAN_POINT ( 'NONE',  ( -4.649999999999997691, -6.200000000000001066, 9.400000000000000355 ) ) ;
#7941 =( NAMED_UNIT ( * ) SI_UNIT ( $, .STERADIAN. ) SOLID_ANGLE_UNIT ( ) );
#7942 = CARTESIAN_POINT ( 'NONE',  ( -0.1538117053356199693, 0.1503281054638720138, 11.78455947458399677 ) ) ;
#7943 = VERTEX_POINT ( 'NONE', #153 ) ;
#7944 =( GEOMETRIC_REPRESENTATION_CONTEXT ( 3 ) GLOBAL_UNCERTAINTY_ASSIGNED_CONTEXT ( ( #5456 ) ) GLOBAL_UNIT_ASSIGNED_CONTEXT ( ( #4070, #9142, #772 ) ) REPRESENTATION_CONTEXT ( 'NONE', 'WORKASPACE' ) );
#7945 = VERTEX_POINT ( 'NONE', #5292 ) ;
#7946 = CARTESIAN_POINT ( 'NONE',  ( 6.610175751530340094, 3.101520183108080531, 11.50790099422419921 ) ) ;
#7947 = DIRECTION ( 'NONE',  ( -0.0000000000000000000, -0.003356540638043075710, -0.9999943668016060272 ) ) ;
#7948 = UNCERTAINTY_MEASURE_WITH_UNIT (LENGTH_MEASURE( 1.000000000000000082E-05 ), #2422, 'distance_accuracy_value', 'NONE');
#7949 = DIRECTION ( 'NONE',  ( 1.000000000000000000, 0.0000000000000000000, 0.0000000000000000000 ) ) ;
#7950 = ADVANCED_FACE ( 'NONE', ( #10110 ), #10212, .T. ) ;
#7951 = PRESENTATION_STYLE_ASSIGNMENT (( #8715 ) ) ;
#7952 = DIRECTION ( 'NONE',  ( 1.546750702438637331E-16, -2.689679381760220805E-16, 1.000000000000000000 ) ) ;
#7953 = COLOUR_RGB ( '',0.1764705882352941013, 0.1764705882352941013, 0.1764705882352941013 ) ;
#7954 = PLANE ( 'NONE',  #10856 ) ;
#7955 = SURFACE_STYLE_FILL_AREA ( #7072 ) ;
#7956 = STYLED_ITEM ( 'NONE', ( #4643 ), #6955 ) ;
#7957 = CARTESIAN_POINT ( 'NONE',  ( 2.911888495329709947, 0.9985960685958690242, 11.88455947458399997 ) ) ;
#7958 =( GEOMETRIC_REPRESENTATION_CONTEXT ( 3 ) GLOBAL_UNCERTAINTY_ASSIGNED_CONTEXT ( ( #1378 ) ) GLOBAL_UNIT_ASSIGNED_CONTEXT ( ( #5256, #9376, #1068 ) ) REPRESENTATION_CONTEXT ( 'NONE', 'WORKASPACE' ) );
#7959 = DIRECTION ( 'NONE',  ( -0.0000000000000000000, -0.0000000000000000000, -1.000000000000000000 ) ) ;
#7960 = CARTESIAN_POINT ( 'NONE',  ( -1.502845596186369814, -5.924880838070049727, 2.000000000000000444 ) ) ;
#7961 =( GEOMETRIC_REPRESENTATION_CONTEXT ( 3 ) GLOBAL_UNCERTAINTY_ASSIGNED_CONTEXT ( ( #10589 ) ) GLOBAL_UNIT_ASSIGNED_CONTEXT ( ( #2372, #668, #1614 ) ) REPRESENTATION_CONTEXT ( 'NONE', 'WORKASPACE' ) );
#7962 = CARTESIAN_POINT ( 'NONE',  ( 2.670924639908020204, 0.5964877497632019576, 11.88455947458399997 ) ) ;
#7963 = STYLED_ITEM ( 'NONE', ( #9910 ), #6278 ) ;
#7964 = SURFACE_SIDE_STYLE ('',( #9598 ) ) ;
#7965 = EDGE_CURVE ( 'NONE', #6145, #10579, #5081, .T. ) ;
#7966 = EDGE_LOOP ( 'NONE', ( #4984, #8140, #9264, #8137 ) ) ;
#7967 = PLANE ( 'NONE',  #6856 ) ;
#7968 = CARTESIAN_POINT ( 'NONE',  ( 1.490578260110970055, -0.7962081425264879719, 11.78455947458399855 ) ) ;
#7969 =( LENGTH_UNIT ( ) NAMED_UNIT ( * ) SI_UNIT ( .MILLI., .METRE. ) );
#7970 = PRESENTATION_STYLE_ASSIGNMENT (( #4589 ) ) ;
#7971 = ORIENTED_EDGE ( 'NONE', *, *, #8839, .T. ) ;
#7972 = FILL_AREA_STYLE_COLOUR ( '', #3280 ) ;
#7973 = AXIS2_PLACEMENT_3D ( 'NONE', #4255, #7736, #1064 ) ;
#7974 = EDGE_CURVE ( 'NONE', #7216, #7757, #6759, .T. ) ;
#7975 = VECTOR ( 'NONE', #6802, 1000.000000000000000 ) ;
#7976 = STYLED_ITEM ( 'NONE', ( #6178 ), #6636 ) ;
#7977 = CARTESIAN_POINT ( 'NONE',  ( -0.7242183950378959789, -0.04959670248846879959, 11.88455947458399997 ) ) ;
#7978 = ORIENTED_EDGE ( 'NONE', *, *, #898, .F. ) ;
#7979 = EDGE_CURVE ( 'NONE', #1149, #5625, #3752, .T. ) ;
#7980 = AXIS2_PLACEMENT_3D ( 'NONE', #1019, #6155, #10085 ) ;
#7981 = FACE_OUTER_BOUND ( 'NONE', #8734, .T. ) ;
#7982 = DIRECTION ( 'NONE',  ( -0.1483404529302423114, -0.9889363528682979521, 0.0000000000000000000 ) ) ;
#7983 = ORIENTED_EDGE ( 'NONE', *, *, #816, .F. ) ;
#7984 = FILL_AREA_STYLE_COLOUR ( '', #4638 ) ;
#7985 = ORIENTED_EDGE ( 'NONE', *, *, #8905, .T. ) ;
#7986 = CARTESIAN_POINT ( 'NONE',  ( -0.2567862034654720405, 0.3269093675688259926, 11.78455947458399500 ) ) ;
#7987 = CARTESIAN_POINT ( 'NONE',  ( 4.301812055671259571, 6.200000000000001066, 2.000000000000000000 ) ) ;
#7988 = COLOUR_RGB ( '',0.4117647058823529216, 0.4117647058823529216, 0.4117647058823529216 ) ;
#7989 = FILL_AREA_STYLE ('',( #427 ) ) ;
#7990 = VECTOR ( 'NONE', #8534, 1000.000000000000000 ) ;
#7991 = AXIS2_PLACEMENT_3D ( 'NONE', #1385, #3972, #9785 ) ;
#7992 = UNCERTAINTY_MEASURE_WITH_UNIT (LENGTH_MEASURE( 1.000000000000000082E-05 ), #1844, 'distance_accuracy_value', 'NONE');
#7993 = CARTESIAN_POINT ( 'NONE',  ( -6.200000000000001066, 5.900000000000000355, 2.000000000000000000 ) ) ;
#7994 = ORIENTED_EDGE ( 'NONE', *, *, #130, .T. ) ;
#7995 = CARTESIAN_POINT ( 'NONE',  ( 0.2500000000000003331, 4.349999999999999645, 0.3261087975802219874 ) ) ;
#7996 = FACE_OUTER_BOUND ( 'NONE', #8119, .T. ) ;
#7997 = PRESENTATION_STYLE_ASSIGNMENT (( #9626 ) ) ;
#7998 = EDGE_LOOP ( 'NONE', ( #7841, #5267 ) ) ;
#7999 = AXIS2_PLACEMENT_3D ( 'NONE', #4684, #1267, #8009 ) ;
#8000 = STYLED_ITEM ( 'NONE', ( #10699 ), #9924 ) ;
#8001 = DIRECTION ( 'NONE',  ( 0.0000000000000000000, -1.000000000000000000, 0.0000000000000000000 ) ) ;
#8002 = SURFACE_STYLE_USAGE ( .BOTH. , #2969 ) ;
#8003 = DIRECTION ( 'NONE',  ( -3.240787317733402485E-17, 2.697075270948839811E-18, -1.000000000000000000 ) ) ;
#8004 =( NAMED_UNIT ( * ) PLANE_ANGLE_UNIT ( ) SI_UNIT ( $, .RADIAN. ) );
#8005 = LINE ( 'NONE', #5516, #3038 ) ;
#8006 = PRESENTATION_STYLE_ASSIGNMENT (( #4517 ) ) ;
#8007 = PRESENTATION_LAYER_ASSIGNMENT (  '', '', ( #1835 ) ) ;
#8008 = DIRECTION ( 'NONE',  ( 0.0000000000000000000, 0.0000000000000000000, -1.000000000000000000 ) ) ;
#8009 = DIRECTION ( 'NONE',  ( 0.0000000000000000000, -0.0000000000000000000, 1.000000000000000000 ) ) ;
#8011 = ORIENTED_EDGE ( 'NONE', *, *, #4721, .F. ) ;
#8010 = AXIS2_PLACEMENT_3D ( 'NONE', #2508, #7542, #8303 ) ;
#8012 = ORIENTED_EDGE ( 'NONE', *, *, #4102, .T. ) ;
#8013 = SURFACE_SIDE_STYLE ('',( #4466 ) ) ;
#8014 = CARTESIAN_POINT ( 'NONE',  ( 4.453928499320491063, -5.795369424699430283, 9.120649267367999968 ) ) ;
#8015 = CARTESIAN_POINT ( 'NONE',  ( -5.000000000000000000, -3.274999999999990141, 1.649999999999999911 ) ) ;
#8016 = MECHANICAL_DESIGN_GEOMETRIC_PRESENTATION_REPRESENTATION (  '', ( #3770 ), #6060 ) ;
#8017 =( GEOMETRIC_REPRESENTATION_CONTEXT ( 3 ) GLOBAL_UNCERTAINTY_ASSIGNED_CONTEXT ( ( #869 ) ) GLOBAL_UNIT_ASSIGNED_CONTEXT ( ( #9671, #520, #8087 ) ) REPRESENTATION_CONTEXT ( 'NONE', 'WORKASPACE' ) );
#8018 = FACE_OUTER_BOUND ( 'NONE', #7486, .T. ) ;
#8019 = PRESENTATION_STYLE_ASSIGNMENT (( #7196 ) ) ;
#8020 = FACE_OUTER_BOUND ( 'NONE', #2494, .T. ) ;
#8021 = MECHANICAL_DESIGN_GEOMETRIC_PRESENTATION_REPRESENTATION (  '', ( #10076 ), #5546 ) ;
#8022 = EDGE_CURVE ( 'NONE', #9748, #6868, #5186, .T. ) ;
#8023 =( NAMED_UNIT ( * ) PLANE_ANGLE_UNIT ( ) SI_UNIT ( $, .RADIAN. ) );
#8024 = DIRECTION ( 'NONE',  ( 0.0000000000000000000, 0.0000000000000000000, 1.000000000000000000 ) ) ;
#8025 = MECHANICAL_DESIGN_GEOMETRIC_PRESENTATION_REPRESENTATION (  '', ( #8351 ), #2184 ) ;
#8026 = CARTESIAN_POINT ( 'NONE',  ( 6.610175751530339205, -3.072439817376818816, 11.81236413145949982 ) ) ;
#8027 = DIRECTION ( 'NONE',  ( 0.0000000000000000000, 0.0000000000000000000, -1.000000000000000000 ) ) ;
#8028 = EDGE_LOOP ( 'NONE', ( #4094, #4994, #9413, #10534 ) ) ;
#8029 = CARTESIAN_POINT ( 'NONE',  ( -1.699999999999999956, -3.275000000000000355, 1.649999999999999911 ) ) ;
#8030 = ORIENTED_EDGE ( 'NONE', *, *, #2872, .T. ) ;
#8031 =( NAMED_UNIT ( * ) SI_UNIT ( $, .STERADIAN. ) SOLID_ANGLE_UNIT ( ) );
#8032 =( GEOMETRIC_REPRESENTATION_CONTEXT ( 3 ) GLOBAL_UNCERTAINTY_ASSIGNED_CONTEXT ( ( #5281 ) ) GLOBAL_UNIT_ASSIGNED_CONTEXT ( ( #8352, #2342, #6719 ) ) REPRESENTATION_CONTEXT ( 'NONE', 'WORKASPACE' ) );
#8033 = EDGE_CURVE ( 'NONE', #7633, #6145, #412, .T. ) ;
#8034 = CARTESIAN_POINT ( 'NONE',  ( 2.750000000000000444, 4.349999999999999645, 0.3261087975802219874 ) ) ;
#8035 = VERTEX_POINT ( 'NONE', #3431 ) ;
#8036 = DIRECTION ( 'NONE',  ( 1.417363996257751289E-17, 0.003373251429301981838, -0.9999943105712125746 ) ) ;
#8037 = SURFACE_STYLE_USAGE ( .BOTH. , #8142 ) ;
#8038 = CARTESIAN_POINT ( 'NONE',  ( -3.628220461120370111, -4.350000000000003197, 2.803874889403084557E-17 ) ) ;
#8039 = SURFACE_STYLE_USAGE ( .BOTH. , #1300 ) ;
#8040 = ORIENTED_EDGE ( 'NONE', *, *, #5313, .T. ) ;
#8041 = EDGE_LOOP ( 'NONE', ( #9609, #7089 ) ) ;
#8042 = PLANE ( 'NONE',  #5260 ) ;
#8043 = SURFACE_STYLE_FILL_AREA ( #9620 ) ;
#8044 = UNCERTAINTY_MEASURE_WITH_UNIT (LENGTH_MEASURE( 1.000000000000000082E-05 ), #2718, 'distance_accuracy_value', 'NONE');
#8045 = EDGE_CURVE ( 'NONE', #8368, #10503, #6799, .T. ) ;
#8046 = ORIENTED_EDGE ( 'NONE', *, *, #919, .T. ) ;
#8047 = MECHANICAL_DESIGN_GEOMETRIC_PRESENTATION_REPRESENTATION (  '', ( #4336 ), #8730 ) ;
#8048 = DIRECTION ( 'NONE',  ( 0.0000000000000000000, -0.0000000000000000000, 1.000000000000000000 ) ) ;
#8049 = ADVANCED_FACE ( 'NONE', ( #942 ), #4298, .T. ) ;
#8050 = CARTESIAN_POINT ( 'NONE',  ( 0.5308644678855309884, -0.8248224854555400443, 11.78455947458400033 ) ) ;
#8051 =( GEOMETRIC_REPRESENTATION_CONTEXT ( 3 ) GLOBAL_UNCERTAINTY_ASSIGNED_CONTEXT ( ( #7731 ) ) GLOBAL_UNIT_ASSIGNED_CONTEXT ( ( #800, #9974, #2285 ) ) REPRESENTATION_CONTEXT ( 'NONE', 'WORKASPACE' ) );
#8052 = VERTEX_POINT ( 'NONE', #7130 ) ;
#8053 = SURFACE_SIDE_STYLE ('',( #3017 ) ) ;
#8054 = CARTESIAN_POINT ( 'NONE',  ( 1.371779538879629667, -4.349999999999998757, 2.000000000000000444 ) ) ;
#8055 = SURFACE_SIDE_STYLE ('',( #3847 ) ) ;
#8056 = LINE ( 'NONE', #2130, #6207 ) ;
#8057 = UNCERTAINTY_MEASURE_WITH_UNIT (LENGTH_MEASURE( 1.000000000000000082E-05 ), #6596, 'distance_accuracy_value', 'NONE');
#8058 = FILL_AREA_STYLE ('',( #3246 ) ) ;
#8059 = CIRCLE ( 'NONE', #6821, 0.1217795388796301809 ) ;
#8060 = CARTESIAN_POINT ( 'NONE',  ( 6.213276922344950215, 3.101520183108082751, 11.70411371344519935 ) ) ;
#8061 = EDGE_CURVE ( 'NONE', #4829, #1686, #6410, .T. ) ;
#8062 = STYLED_ITEM ( 'NONE', ( #6391 ), #75 ) ;
#8063 = DIRECTION ( 'NONE',  ( 0.0000000000000000000, 0.0000000000000000000, -1.000000000000000000 ) ) ;
#8064 = FILL_AREA_STYLE_COLOUR ( '', #2004 ) ;
#8065 = CARTESIAN_POINT ( 'NONE',  ( -0.1596476377583760098, 0.8703958334598560498, 11.78455947458399677 ) ) ;
#8066 = VERTEX_POINT ( 'NONE', #6247 ) ;
#8067 = EDGE_LOOP ( 'NONE', ( #10675, #7586, #4660, #3747 ) ) ;
#8068 = CARTESIAN_POINT ( 'NONE',  ( 0.0000000000000000000, -5.984948569671960428, 9.120415862334729340 ) ) ;
#8069 = CARTESIAN_POINT ( 'NONE',  ( 4.453928499320490175, -0.009227204680234640452, 2.242332206956250129 ) ) ;
#8070 = SURFACE_STYLE_FILL_AREA ( #2869 ) ;
#8071 = STYLED_ITEM ( 'NONE', ( #858 ), #4222 ) ;
#8072 = FACE_OUTER_BOUND ( 'NONE', #8977, .T. ) ;
#8073 =( NAMED_UNIT ( * ) SI_UNIT ( $, .STERADIAN. ) SOLID_ANGLE_UNIT ( ) );
#8074 = CARTESIAN_POINT ( 'NONE',  ( -0.2670459653328079996, -0.7017991952243469722, 11.88455947458400175 ) ) ;
#8075 = FILL_AREA_STYLE_COLOUR ( '', #1266 ) ;
#8076 = LINE ( 'NONE', #9527, #7902 ) ;
#8077 =( GEOMETRIC_REPRESENTATION_CONTEXT ( 3 ) GLOBAL_UNCERTAINTY_ASSIGNED_CONTEXT ( ( #8732 ) ) GLOBAL_UNIT_ASSIGNED_CONTEXT ( ( #843, #4248, #5194 ) ) REPRESENTATION_CONTEXT ( 'NONE', 'WORKASPACE' ) );
#8078 = DIRECTION ( 'NONE',  ( 5.059610138265732850E-15, -1.000000000000000000, 0.0000000000000000000 ) ) ;
#8079 = ADVANCED_FACE ( 'NONE', ( #4742 ), #1749, .T. ) ;
#8080 = CARTESIAN_POINT ( 'NONE',  ( -6.610175751530340094, -3.072439817376818816, 11.81236413145950159 ) ) ;
#8081 = EDGE_LOOP ( 'NONE', ( #207, #2571, #3974, #4887 ) ) ;
#8082 = VECTOR ( 'NONE', #3817, 1000.000000000000000 ) ;
#8083 = VECTOR ( 'NONE', #4692, 1000.000000000000000 ) ;
#8084 = ORIENTED_EDGE ( 'NONE', *, *, #9878, .F. ) ;
#8085 = FILL_AREA_STYLE ('',( #6313 ) ) ;
#8086 = FACE_OUTER_BOUND ( 'NONE', #1402, .T. ) ;
#8087 =( NAMED_UNIT ( * ) SI_UNIT ( $, .STERADIAN. ) SOLID_ANGLE_UNIT ( ) );
#8088 = ORIENTED_EDGE ( 'NONE', *, *, #2694, .F. ) ;
#8089 = EDGE_CURVE ( 'NONE', #1289, #2163, #8433, .T. ) ;
#8090 = CYLINDRICAL_SURFACE ( 'NONE', #8249, 0.1217795388796299727 ) ;
#8091 = PRESENTATION_STYLE_ASSIGNMENT (( #360 ) ) ;
#8092 = EDGE_LOOP ( 'NONE', ( #7707, #4437, #7269, #10854 ) ) ;
#8093 = DIRECTION ( 'NONE',  ( 0.0000000000000000000, 0.0000000000000000000, 1.000000000000000000 ) ) ;
#8094 = AXIS2_PLACEMENT_3D ( 'NONE', #5144, #900, #8499 ) ;
#8095 = ORIENTED_EDGE ( 'NONE', *, *, #3442, .T. ) ;
#8096 = LINE ( 'NONE', #5614, #6511 ) ;
#8097 = CARTESIAN_POINT ( 'NONE',  ( 6.610175751530340094, 3.101520183108080531, 5.710663437739160742 ) ) ;
#8098 = CARTESIAN_POINT ( 'NONE',  ( 1.374999999999999556, -3.072439817376820148, 11.69185809281900035 ) ) ;
#8099 = EDGE_CURVE ( 'NONE', #10253, #1789, #10664, .T. ) ;
#8100 =( GEOMETRIC_REPRESENTATION_CONTEXT ( 3 ) GLOBAL_UNCERTAINTY_ASSIGNED_CONTEXT ( ( #6315 ) ) GLOBAL_UNIT_ASSIGNED_CONTEXT ( ( #10581, #3062, #9163 ) ) REPRESENTATION_CONTEXT ( 'NONE', 'WORKASPACE' ) );
#8101 = UNCERTAINTY_MEASURE_WITH_UNIT (LENGTH_MEASURE( 1.000000000000000082E-05 ), #5200, 'distance_accuracy_value', 'NONE');
#8102 = VECTOR ( 'NONE', #4316, 1000.000000000000000 ) ;
#8103 = EDGE_CURVE ( 'NONE', #10879, #9168, #1601, .T. ) ;
#8104 = ORIENTED_EDGE ( 'NONE', *, *, #7064, .F. ) ;
#8105 = SURFACE_STYLE_FILL_AREA ( #7046 ) ;
#8106 = ORIENTED_EDGE ( 'NONE', *, *, #10007, .F. ) ;
#8107 =( BOUNDED_CURVE ( )  B_SPLINE_CURVE ( 2, ( #4698, #8080, #5481, #2058, #7143, #8026, #10286, #2007, #8823 ),
 .UNSPECIFIED., .F., .F. ) 
 B_SPLINE_CURVE_WITH_KNOTS ( ( 3, 2, 2, 2, 3 ),
 ( 0.0000000000000000000, 0.0004710895701065303458, 0.01286838288831881026, 0.01333947245842537037, 0.02473708266035107989 ),
 .UNSPECIFIED. ) 
 CURVE ( )  GEOMETRIC_REPRESENTATION_ITEM ( )  RATIONAL_B_SPLINE_CURVE ( ( 1.000000000000000000, 0.7071067811865480168, 1.000000000000000000, 1.000000000000000000, 1.000000000000000000, 0.7071067811865490160, 1.000000000000000000, 1.000000000000000000, 1.000000000000000000 ) ) 
 REPRESENTATION_ITEM ( '' )  );
#8108 = CARTESIAN_POINT ( 'NONE',  ( 0.2500000000000003331, 4.349999999999999645, -4.673891202419779844 ) ) ;
#8109 = DIRECTION ( 'NONE',  ( -1.000000000000000000, 0.0000000000000000000, 0.0000000000000000000 ) ) ;
#8110 = CARTESIAN_POINT ( 'NONE',  ( 3.176948736293559783, -0.5194762205607580396, 11.78455947458400033 ) ) ;
#8111 = EDGE_CURVE ( 'NONE', #6325, #7005, #5861, .T. ) ;
#8112 = SURFACE_STYLE_FILL_AREA ( #8058 ) ;
#8113 = FACE_OUTER_BOUND ( 'NONE', #2012, .T. ) ;
#8114 = SURFACE_STYLE_USAGE ( .BOTH. , #1381 ) ;
#8115 =( NAMED_UNIT ( * ) SI_UNIT ( $, .STERADIAN. ) SOLID_ANGLE_UNIT ( ) );
#8116 = CARTESIAN_POINT ( 'NONE',  ( -6.610175751530350752, -3.072439817376820148, -0.08657411874590380252 ) ) ;
#8117 = VECTOR ( 'NONE', #1244, 1000.000000000000000 ) ;
#8118 = CARTESIAN_POINT ( 'NONE',  ( -0.08773499290108019433, 0.7492550101528949735, 11.78455947458399677 ) ) ;
#8119 = EDGE_LOOP ( 'NONE', ( #1967, #658, #4651, #8885 ) ) ;
#8120 = SURFACE_STYLE_USAGE ( .BOTH. , #8978 ) ;
#8121 = EDGE_CURVE ( 'NONE', #5548, #3497, #9838, .T. ) ;
#8122 = CARTESIAN_POINT ( 'NONE',  ( 3.176948736293559783, -0.2905605579101560032, 11.78455947458400033 ) ) ;
#8123 = PRESENTATION_LAYER_ASSIGNMENT (  '', '', ( #5283 ) ) ;
#8124 = LINE ( 'NONE', #9841, #6182 ) ;
#8125 = DIRECTION ( 'NONE',  ( 0.0000000000000000000, 1.000000000000000000, -0.0000000000000000000 ) ) ;
#8126 = FILL_AREA_STYLE ('',( #5590 ) ) ;
#8127 = CARTESIAN_POINT ( 'NONE',  ( -0.8238983232653399602, -0.7303195940547340115, 11.88455947458400175 ) ) ;
#8128 = DIRECTION ( 'NONE',  ( -0.0000000000000000000, 0.0000000000000000000, -1.000000000000000000 ) ) ;
#8129 = PRESENTATION_STYLE_ASSIGNMENT (( #9042 ) ) ;
#8130 = CYLINDRICAL_SURFACE ( 'NONE', #1326, 0.1217795388796299727 ) ;
#8131 = DIRECTION ( 'NONE',  ( 1.546750702438386128E-16, 2.689679381759932378E-16, 1.000000000000000000 ) ) ;
#8132 = STYLED_ITEM ( 'NONE', ( #10780 ), #2839 ) ;
#8133 = VERTEX_POINT ( 'NONE', #710 ) ;
#8134 = PRESENTATION_STYLE_ASSIGNMENT (( #9749 ) ) ;
#8135 = SURFACE_STYLE_FILL_AREA ( #5598 ) ;
#8136 =( NAMED_UNIT ( * ) SI_UNIT ( $, .STERADIAN. ) SOLID_ANGLE_UNIT ( ) );
#8137 = ORIENTED_EDGE ( 'NONE', *, *, #7494, .T. ) ;
#8138 = SURFACE_STYLE_USAGE ( .BOTH. , #8940 ) ;
#8139 = EDGE_CURVE ( 'NONE', #8133, #3167, #10829, .T. ) ;
#8140 = ORIENTED_EDGE ( 'NONE', *, *, #8425, .T. ) ;
#8141 = AXIS2_PLACEMENT_3D ( 'NONE', #10222, #2585, #9256 ) ;
#8142 = SURFACE_SIDE_STYLE ('',( #7159 ) ) ;
#8143 = DIRECTION ( 'NONE',  ( 1.000000000000000000, 0.0000000000000000000, 0.0000000000000000000 ) ) ;
#8144 = PRESENTATION_STYLE_ASSIGNMENT (( #9859 ) ) ;
#8145 = EDGE_LOOP ( 'NONE', ( #8626, #5118, #2833, #7449 ) ) ;
#8146 = SURFACE_STYLE_FILL_AREA ( #7826 ) ;
#8147 = ORIENTED_EDGE ( 'NONE', *, *, #1655, .F. ) ;
#8148 = DIRECTION ( 'NONE',  ( 0.0000000000000000000, 0.0000000000000000000, 1.000000000000000000 ) ) ;
#8149 = FACE_OUTER_BOUND ( 'NONE', #802, .T. ) ;
#8150 = PRESENTATION_LAYER_ASSIGNMENT (  '', '', ( #8822 ) ) ;
#8151 = EDGE_CURVE ( 'NONE', #4360, #10194, #4901, .T. ) ;
#8152 = VECTOR ( 'NONE', #10480, 1000.000000000000000 ) ;
#8153 = LINE ( 'NONE', #7843, #6386 ) ;
#8154 =( NAMED_UNIT ( * ) PLANE_ANGLE_UNIT ( ) SI_UNIT ( $, .RADIAN. ) );
#8155 = CARTESIAN_POINT ( 'NONE',  ( 6.500000000000000888, -3.072439817376820148, 11.39185809281899964 ) ) ;
#8156 = CARTESIAN_POINT ( 'NONE',  ( 6.500000000000000888, 0.002560182623180008721, 11.39185809281899964 ) ) ;
#8157 = LINE ( 'NONE', #6402, #7374 ) ;
#8158 = FILL_AREA_STYLE ('',( #3920 ) ) ;
#8159 = ORIENTED_EDGE ( 'NONE', *, *, #9150, .F. ) ;
#8160 = CARTESIAN_POINT ( 'NONE',  ( -6.200000000000001066, 3.275000000000000355, 1.649999999999999911 ) ) ;
#8161 = FACE_OUTER_BOUND ( 'NONE', #3835, .T. ) ;
#8162 = VECTOR ( 'NONE', #9945, 1000.000000000000114 ) ;
#8163 = CARTESIAN_POINT ( 'NONE',  ( -4.002845596186371147, 5.924880838070049727, 2.000000000000000444 ) ) ;
#8164 = DIRECTION ( 'NONE',  ( -0.08293612690015354783, -0.9965548649496431821, 0.0000000000000000000 ) ) ;
#8165 = DIRECTION ( 'NONE',  ( -0.0000000000000000000, -0.0000000000000000000, 1.000000000000000000 ) ) ;
#8166 = EDGE_CURVE ( 'NONE', #7218, #7110, #4794, .T. ) ;
#8167 = PRESENTATION_LAYER_ASSIGNMENT (  '', '', ( #598 ) ) ;
#8168 = CIRCLE ( 'NONE', #5359, 0.2999999999999964362 ) ;
#8169 =( NAMED_UNIT ( * ) SI_UNIT ( $, .STERADIAN. ) SOLID_ANGLE_UNIT ( ) );
#8170 = MECHANICAL_DESIGN_GEOMETRIC_PRESENTATION_REPRESENTATION (  '', ( #2885 ), #429 ) ;
#8171 = MECHANICAL_DESIGN_GEOMETRIC_PRESENTATION_REPRESENTATION (  '', ( #4108 ), #46 ) ;
#8172 = SURFACE_SIDE_STYLE ('',( #10009 ) ) ;
#8173 = SURFACE_STYLE_USAGE ( .BOTH. , #3096 ) ;
#8174 = CARTESIAN_POINT ( 'NONE',  ( -5.000000000000000000, 3.077560182623180651, 1.091858092819040005 ) ) ;
#8175 = LINE ( 'NONE', #1559, #8627 ) ;
#8176 = ORIENTED_EDGE ( 'NONE', *, *, #10354, .F. ) ;
#8177 =( LENGTH_UNIT ( ) NAMED_UNIT ( * ) SI_UNIT ( .MILLI., .METRE. ) );
#8178 = LINE ( 'NONE', #9804, #10288 ) ;
#8179 = VERTEX_POINT ( 'NONE', #4855 ) ;
#8180 =( GEOMETRIC_REPRESENTATION_CONTEXT ( 3 ) GLOBAL_UNCERTAINTY_ASSIGNED_CONTEXT ( ( #5951 ) ) GLOBAL_UNIT_ASSIGNED_CONTEXT ( ( #4274, #7649, #6043 ) ) REPRESENTATION_CONTEXT ( 'NONE', 'WORKASPACE' ) );
#8181 =( NAMED_UNIT ( * ) PLANE_ANGLE_UNIT ( ) SI_UNIT ( $, .RADIAN. ) );
#8182 =( NAMED_UNIT ( * ) SI_UNIT ( $, .STERADIAN. ) SOLID_ANGLE_UNIT ( ) );
#8183 =( GEOMETRIC_REPRESENTATION_CONTEXT ( 3 ) GLOBAL_UNCERTAINTY_ASSIGNED_CONTEXT ( ( #7049 ) ) GLOBAL_UNIT_ASSIGNED_CONTEXT ( ( #5010, #10712, #10097 ) ) REPRESENTATION_CONTEXT ( 'NONE', 'WORKASPACE' ) );
#8184 = ORIENTED_EDGE ( 'NONE', *, *, #3089, .F. ) ;
#8185 = CARTESIAN_POINT ( 'NONE',  ( -4.453928499320490175, 5.095199161759920159, 9.372862536810730560 ) ) ;
#8186 = DIRECTION ( 'NONE',  ( -0.0000000000000000000, -0.0000000000000000000, 1.000000000000000000 ) ) ;
#8187 = ORIENTED_EDGE ( 'NONE', *, *, #9955, .F. ) ;
#8188 = DIRECTION ( 'NONE',  ( 0.0000000000000000000, 1.000000000000000000, -0.0000000000000000000 ) ) ;
#8189 = VERTEX_POINT ( 'NONE', #659 ) ;
#8190 = CARTESIAN_POINT ( 'NONE',  ( 1.634780061594770073, -0.008180959406275060269, 11.78455947458400033 ) ) ;
#8191 = CARTESIAN_POINT ( 'NONE',  ( 0.5308644678855309884, -0.8248224854555400443, 11.88455947458399997 ) ) ;
#8192 = EDGE_LOOP ( 'NONE', ( #8644, #5613, #4940, #1732 ) ) ;
#8193 = PRESENTATION_LAYER_ASSIGNMENT (  '', '', ( #8888 ) ) ;
#8194 =( LENGTH_UNIT ( ) NAMED_UNIT ( * ) SI_UNIT ( .MILLI., .METRE. ) );
#8195 =( LENGTH_UNIT ( ) NAMED_UNIT ( * ) SI_UNIT ( .MILLI., .METRE. ) );
#8196 = FILL_AREA_STYLE ('',( #4841 ) ) ;
#8197 = SURFACE_STYLE_FILL_AREA ( #6333 ) ;
#8198 = DIRECTION ( 'NONE',  ( 0.0000000000000000000, 0.0000000000000000000, 1.000000000000000000 ) ) ;
#8199 = CARTESIAN_POINT ( 'NONE',  ( 0.4792830908783030641, 0.7826698781393760518, 11.88455947458399820 ) ) ;
#8200 = CARTESIAN_POINT ( 'NONE',  ( -1.184497046838969947, 0.4925719722103260589, 11.78455947458400033 ) ) ;
#8201 = ADVANCED_FACE ( 'NONE', ( #8161 ), #5760, .T. ) ;
#8202 =( LENGTH_UNIT ( ) NAMED_UNIT ( * ) SI_UNIT ( .MILLI., .METRE. ) );
#8203 = UNCERTAINTY_MEASURE_WITH_UNIT (LENGTH_MEASURE( 1.000000000000000082E-05 ), #9130, 'distance_accuracy_value', 'NONE');
#8204 = CARTESIAN_POINT ( 'NONE',  ( 2.670924639908020204, -0.2905605579101560587, 11.88455947458399997 ) ) ;
#8205 = DIRECTION ( 'NONE',  ( -0.0000000000000000000, 0.0000000000000000000, -1.000000000000000000 ) ) ;
#8206 = EDGE_CURVE ( 'NONE', #10050, #1676, #4820, .T. ) ;
#8207 = PRESENTATION_LAYER_ASSIGNMENT (  '', '', ( #6277 ) ) ;
#8208 = DIRECTION ( 'NONE',  ( -1.000000000000000000, -0.0000000000000000000, -0.0000000000000000000 ) ) ;
#8209 = AXIS2_PLACEMENT_3D ( 'NONE', #5897, #4154, #5099 ) ;
#8210 = VERTEX_POINT ( 'NONE', #3976 ) ;
#8211 = CARTESIAN_POINT ( 'NONE',  ( 4.453928499320490175, -5.095199161759920159, 9.372862536810737666 ) ) ;
#8212 = MECHANICAL_DESIGN_GEOMETRIC_PRESENTATION_REPRESENTATION (  '', ( #9948 ), #4694 ) ;
#8213 =( LENGTH_UNIT ( ) NAMED_UNIT ( * ) SI_UNIT ( .MILLI., .METRE. ) );
#8214 = LINE ( 'NONE', #5763, #5725 ) ;
#8215 = CARTESIAN_POINT ( 'NONE',  ( -6.513276922344959807, 3.101520183108080531, 11.40411371344520042 ) ) ;
#8216 = DIRECTION ( 'NONE',  ( -0.0000000000000000000, -0.0000000000000000000, -1.000000000000000000 ) ) ;
#8217 = DIRECTION ( 'NONE',  ( 1.348803178618588312E-16, 1.348803178618583628E-16, -1.000000000000000000 ) ) ;
#8218 = EDGE_CURVE ( 'NONE', #2499, #3861, #7348, .T. ) ;
#8219 = CARTESIAN_POINT ( 'NONE',  ( 6.513276922344959807, 0.01454018286563014267, -0.02039752780706740112 ) ) ;
#8220 = EDGE_CURVE ( 'NONE', #8920, #10210, #5072, .T. ) ;
#8221 = AXIS2_PLACEMENT_3D ( 'NONE', #10862, #6718, #5051 ) ;
#8222 =( NAMED_UNIT ( * ) SI_UNIT ( $, .STERADIAN. ) SOLID_ANGLE_UNIT ( ) );
#8223 = DIRECTION ( 'NONE',  ( -0.08293612690015354783, -0.9965548649496431821, 0.0000000000000000000 ) ) ;
#8224 = EDGE_LOOP ( 'NONE', ( #8436, #8011 ) ) ;
#8225 =( NAMED_UNIT ( * ) SI_UNIT ( $, .STERADIAN. ) SOLID_ANGLE_UNIT ( ) );
#8226 = PLANE ( 'NONE',  #1060 ) ;
#8227 = SURFACE_STYLE_FILL_AREA ( #7519 ) ;
#8228 = ADVANCED_FACE ( 'NONE', ( #363 ), #5387, .T. ) ;
#8229 = FACE_OUTER_BOUND ( 'NONE', #9517, .T. ) ;
#8230 = STYLED_ITEM ( 'NONE', ( #2705 ), #4238 ) ;
#8231 = PLANE ( 'NONE',  #27 ) ;
#8232 = ADVANCED_FACE ( 'NONE', ( #10881 ), #2614, .T. ) ;
#8233 = ORIENTED_EDGE ( 'NONE', *, *, #9224, .F. ) ;
#8234 = LINE ( 'NONE', #10023, #2892 ) ;
#8235 = CARTESIAN_POINT ( 'NONE',  ( 1.699999999999999956, 3.275000000000000355, 1.649999999999999911 ) ) ;
#8236 = VERTEX_POINT ( 'NONE', #1966 ) ;
#8237 = UNCERTAINTY_MEASURE_WITH_UNIT (LENGTH_MEASURE( 1.000000000000000082E-05 ), #10627, 'distance_accuracy_value', 'NONE');
#8238 = CIRCLE ( 'NONE', #10130, 0.2500000000000011102 ) ;
#8239 = EDGE_LOOP ( 'NONE', ( #1069, #7326, #7036, #791 ) ) ;
#8240 = EDGE_CURVE ( 'NONE', #4829, #9927, #6215, .T. ) ;
#8241 = CARTESIAN_POINT ( 'NONE',  ( -1.375000000000000000, 3.077560182623180651, 5.691858092819041204 ) ) ;
#8242 =( NAMED_UNIT ( * ) PLANE_ANGLE_UNIT ( ) SI_UNIT ( $, .RADIAN. ) );
#8243 = CARTESIAN_POINT ( 'NONE',  ( 3.871779538879629889, 4.349999999999999645, -5.551115123125780237E-17 ) ) ;
#8244 = COLOUR_RGB ( '',1.000000000000000000, 1.000000000000000000, 1.000000000000000000 ) ;
#8245 =( GEOMETRIC_REPRESENTATION_CONTEXT ( 3 ) GLOBAL_UNCERTAINTY_ASSIGNED_CONTEXT ( ( #6078 ) ) GLOBAL_UNIT_ASSIGNED_CONTEXT ( ( #5361, #8598, #5241 ) ) REPRESENTATION_CONTEXT ( 'NONE', 'WORKASPACE' ) );
#8246 = SURFACE_SIDE_STYLE ('',( #5840 ) ) ;
#8247 = ORIENTED_EDGE ( 'NONE', *, *, #4453, .T. ) ;
#8248 = FACE_OUTER_BOUND ( 'NONE', #2126, .T. ) ;
#8249 = AXIS2_PLACEMENT_3D ( 'NONE', #9001, #5554, #2227 ) ;
#8250 = CARTESIAN_POINT ( 'NONE',  ( 2.500000000000000000, 4.349999999999999645, 0.3261087975802219874 ) ) ;
#8251 = VERTEX_POINT ( 'NONE', #8678 ) ;
#8252 = ORIENTED_EDGE ( 'NONE', *, *, #6902, .F. ) ;
#8253 = LINE ( 'NONE', #7491, #6574 ) ;
#8254 = UNCERTAINTY_MEASURE_WITH_UNIT (LENGTH_MEASURE( 1.000000000000000082E-05 ), #4824, 'distance_accuracy_value', 'NONE');
#8255 = DIRECTION ( 'NONE',  ( 0.0000000000000000000, -0.0000000000000000000, 1.000000000000000000 ) ) ;
#8256 = STYLED_ITEM ( 'NONE', ( #9971 ), #5066 ) ;
#8257 = DIRECTION ( 'NONE',  ( -0.0000000000000000000, 1.000000000000000000, 0.0000000000000000000 ) ) ;
#8258 =( NAMED_UNIT ( * ) SI_UNIT ( $, .STERADIAN. ) SOLID_ANGLE_UNIT ( ) );
#8259 =( NAMED_UNIT ( * ) SI_UNIT ( $, .STERADIAN. ) SOLID_ANGLE_UNIT ( ) );
#8260 = LINE ( 'NONE', #9135, #219 ) ;
#8261 = CARTESIAN_POINT ( 'NONE',  ( 4.301812055671255131, -5.900000000000006573, -4.336808689942017736E-16 ) ) ;
#8262 = VERTEX_POINT ( 'NONE', #1188 ) ;
#8263 = DIRECTION ( 'NONE',  ( 0.0000000000000000000, -0.0000000000000000000, -1.000000000000000000 ) ) ;
#8264 = CARTESIAN_POINT ( 'NONE',  ( 4.453928499320490175, 1.332267629550190018E-15, 9.372862536810737666 ) ) ;
#8265 = UNCERTAINTY_MEASURE_WITH_UNIT (LENGTH_MEASURE( 1.000000000000000082E-05 ), #1643, 'distance_accuracy_value', 'NONE');
#8266 = DIRECTION ( 'NONE',  ( 0.0000000000000000000, 0.0000000000000000000, 1.000000000000000000 ) ) ;
#8267 = FILL_AREA_STYLE ('',( #5811 ) ) ;
#8268 = CARTESIAN_POINT ( 'NONE',  ( 6.500000000000000888, 3.077560182623180651, 11.39185809281899964 ) ) ;
#8269 = AXIS2_PLACEMENT_3D ( 'NONE', #1735, #7739, #957 ) ;
#8270 =( LENGTH_UNIT ( ) NAMED_UNIT ( * ) SI_UNIT ( .MILLI., .METRE. ) );
#8271 = AXIS2_PLACEMENT_3D ( 'NONE', #6964, #2479, #840 ) ;
#8272 = EDGE_CURVE ( 'NONE', #8453, #151, #2573, .T. ) ;
#8273 = PLANE ( 'NONE',  #3402 ) ;
#8274 = DIRECTION ( 'NONE',  ( 1.000000000000000000, -0.0000000000000000000, 0.0000000000000000000 ) ) ;
#8275 = CARTESIAN_POINT ( 'NONE',  ( -2.750000000000000444, -4.349999999999999645, -4.673891202419779844 ) ) ;
#8276 = ORIENTED_EDGE ( 'NONE', *, *, #1565, .T. ) ;
#8277 = PRESENTATION_STYLE_ASSIGNMENT (( #8880 ) ) ;
#8278 = FILL_AREA_STYLE ('',( #672 ) ) ;
#8279 = DIRECTION ( 'NONE',  ( 1.000000000000000000, 0.0000000000000000000, -2.121137671986023510E-16 ) ) ;
#8280 = DIRECTION ( 'NONE',  ( 1.000000000000000000, 0.0000000000000000000, 0.0000000000000000000 ) ) ;
#8281 = COLOUR_RGB ( '',1.000000000000000000, 1.000000000000000000, 1.000000000000000000 ) ;
#8282 = SURFACE_STYLE_USAGE ( .BOTH. , #680 ) ;
#8283 =( GEOMETRIC_REPRESENTATION_CONTEXT ( 3 ) GLOBAL_UNCERTAINTY_ASSIGNED_CONTEXT ( ( #5386 ) ) GLOBAL_UNIT_ASSIGNED_CONTEXT ( ( #5094, #8290, #4876 ) ) REPRESENTATION_CONTEXT ( 'NONE', 'WORKASPACE' ) );
#8284 = COLOUR_RGB ( '',0.4117647058823529216, 0.4117647058823529216, 0.4117647058823529216 ) ;
#8285 = ORIENTED_EDGE ( 'NONE', *, *, #2225, .F. ) ;
#8286 = EDGE_CURVE ( 'NONE', #4495, #2893, #9292, .T. ) ;
#8287 = DIRECTION ( 'NONE',  ( -9.659745536641621118E-17, 9.659745536641621118E-17, 1.000000000000000000 ) ) ;
#8288 = ORIENTED_EDGE ( 'NONE', *, *, #6697, .F. ) ;
#8289 = AXIS2_PLACEMENT_3D ( 'NONE', #1954, #759, #960 ) ;
#8290 =( NAMED_UNIT ( * ) PLANE_ANGLE_UNIT ( ) SI_UNIT ( $, .RADIAN. ) );
#8291 = ORIENTED_EDGE ( 'NONE', *, *, #6737, .F. ) ;
#8292 = FACE_OUTER_BOUND ( 'NONE', #10501, .T. ) ;
#8293 = ORIENTED_EDGE ( 'NONE', *, *, #6492, .F. ) ;
#8294 = CARTESIAN_POINT ( 'NONE',  ( 1.128220461120369666, 4.349999999999995204, 2.000000000000000000 ) ) ;
#8295 = EDGE_CURVE ( 'NONE', #6107, #8262, #308, .T. ) ;
#8296 = PRESENTATION_LAYER_ASSIGNMENT (  '', '', ( #556 ) ) ;
#8297 = LINE ( 'NONE', #2191, #6318 ) ;
#8298 = COLOUR_RGB ( '',1.000000000000000000, 1.000000000000000000, 1.000000000000000000 ) ;
#8299 = ADVANCED_FACE ( 'NONE', ( #1239 ), #5439, .T. ) ;
#8300 = VERTEX_POINT ( 'NONE', #8316 ) ;
#8301 = CARTESIAN_POINT ( 'NONE',  ( -4.950000000000000178, -3.718853837536510110, 9.400000000000000355 ) ) ;
#8302 = CARTESIAN_POINT ( 'NONE',  ( -0.01582234804378450030, 0.4920073884001490150, 11.88455947458400352 ) ) ;
#8303 = DIRECTION ( 'NONE',  ( -1.000000000000000000, 0.0000000000000000000, 0.0000000000000000000 ) ) ;
#8304 = AXIS2_PLACEMENT_3D ( 'NONE', #5119, #8580, #4343 ) ;
#8305 = ORIENTED_EDGE ( 'NONE', *, *, #7003, .T. ) ;
#8306 = AXIS2_PLACEMENT_3D ( 'NONE', #782, #3376, #9250 ) ;
#8307 = STYLED_ITEM ( 'NONE', ( #10278 ), #6358 ) ;
#8308 = DIRECTION ( 'NONE',  ( -9.659745536641621118E-17, 9.659745536641621118E-17, 1.000000000000000000 ) ) ;
#8309 = DIRECTION ( 'NONE',  ( 1.463672932855423689E-15, 0.0000000000000000000, -1.000000000000000000 ) ) ;
#8310 = SURFACE_STYLE_USAGE ( .BOTH. , #3190 ) ;
#8311 = SURFACE_STYLE_FILL_AREA ( #4893 ) ;
#8312 = COLOUR_RGB ( '',0.7450980392156862919, 0.7450980392156862919, 0.7450980392156862919 ) ;
#8314 = ORIENTED_EDGE ( 'NONE', *, *, #2607, .T. ) ;
#8313 = MECHANICAL_DESIGN_GEOMETRIC_PRESENTATION_REPRESENTATION (  '', ( #2488 ), #5870 ) ;
#8315 = CARTESIAN_POINT ( 'NONE',  ( -0.8384878785567729809, -1.025500316946299950, 11.78455947458400033 ) ) ;
#8316 = CARTESIAN_POINT ( 'NONE',  ( 4.599635752693309598, 5.252467287468928880, 2.248810271714769105 ) ) ;
#8317 = VERTEX_POINT ( 'NONE', #3418 ) ;
#8318 = CARTESIAN_POINT ( 'NONE',  ( -3.753928499320489998, -5.795199161759920337, 9.372862536810737666 ) ) ;
#8319 = VECTOR ( 'NONE', #2596, 1000.000000000000000 ) ;
#8320 = PRESENTATION_LAYER_ASSIGNMENT (  '', '', ( #2155 ) ) ;
#8321 = SURFACE_SIDE_STYLE ('',( #4348 ) ) ;
#8322 = DIRECTION ( 'NONE',  ( 0.0000000000000000000, 1.000000000000000000, 0.0000000000000000000 ) ) ;
#8323 = VECTOR ( 'NONE', #7500, 1000.000000000000114 ) ;
#8324 = STYLED_ITEM ( 'NONE', ( #3782 ), #8299 ) ;
#8325 = DIRECTION ( 'NONE',  ( -1.546750702438637331E-16, 2.689679381760220805E-16, -1.000000000000000000 ) ) ;
#8326 = DIRECTION ( 'NONE',  ( 0.0000000000000000000, -1.000000000000000000, -0.0000000000000000000 ) ) ;
#8327 =( NAMED_UNIT ( * ) PLANE_ANGLE_UNIT ( ) SI_UNIT ( $, .RADIAN. ) );
#8328 = STYLED_ITEM ( 'NONE', ( #10445 ), #10642 ) ;
#8329 = ORIENTED_EDGE ( 'NONE', *, *, #2369, .T. ) ;
#8330 = FILL_AREA_STYLE ('',( #785 ) ) ;
#8331 = PLANE ( 'NONE',  #3885 ) ;
#8332 = DIRECTION ( 'NONE',  ( -0.0000000000000000000, -1.000000000000000000, 0.0000000000000000000 ) ) ;
#8333 =( GEOMETRIC_REPRESENTATION_CONTEXT ( 3 ) GLOBAL_UNCERTAINTY_ASSIGNED_CONTEXT ( ( #3508 ) ) GLOBAL_UNIT_ASSIGNED_CONTEXT ( ( #10593, #1425, #5568 ) ) REPRESENTATION_CONTEXT ( 'NONE', 'WORKASPACE' ) );
#8334 =( LENGTH_UNIT ( ) NAMED_UNIT ( * ) SI_UNIT ( .MILLI., .METRE. ) );
#8335 = EDGE_CURVE ( 'NONE', #7503, #2023, #2673, .T. ) ;
#8336 = VECTOR ( 'NONE', #8165, 1000.000000000000000 ) ;
#8337 = ORIENTED_EDGE ( 'NONE', *, *, #4310, .T. ) ;
#8338 = SHAPE_DEFINITION_REPRESENTATION ( #5519, #5243 ) ;
#8339 = CARTESIAN_POINT ( 'NONE',  ( 4.453928499320490175, 5.095199161759920159, 9.372862536810730560 ) ) ;
#8340 = MECHANICAL_DESIGN_GEOMETRIC_PRESENTATION_REPRESENTATION (  '', ( #5908 ), #10251 ) ;
#8341 = PLANE ( 'NONE',  #188 ) ;
#8342 = ORIENTED_EDGE ( 'NONE', *, *, #9704, .T. ) ;
#8343 = ORIENTED_EDGE ( 'NONE', *, *, #234, .F. ) ;
#8344 = FILL_AREA_STYLE_COLOUR ( '', #4562 ) ;
#8345 =( NAMED_UNIT ( * ) PLANE_ANGLE_UNIT ( ) SI_UNIT ( $, .RADIAN. ) );
#8346 = AXIS2_PLACEMENT_3D ( 'NONE', #9279, #8520, #1750 ) ;
#8347 = DIRECTION ( 'NONE',  ( 0.0000000000000000000, -1.000000000000000000, 2.689679381759895400E-16 ) ) ;
#8348 = ORIENTED_EDGE ( 'NONE', *, *, #10745, .F. ) ;
#8349 = SURFACE_SIDE_STYLE ('',( #1637 ) ) ;
#8350 = EDGE_CURVE ( 'NONE', #6168, #4146, #3307, .T. ) ;
#8351 = STYLED_ITEM ( 'NONE', ( #2104 ), #8893 ) ;
#8352 =( LENGTH_UNIT ( ) NAMED_UNIT ( * ) SI_UNIT ( .MILLI., .METRE. ) );
#8353 = EDGE_LOOP ( 'NONE', ( #9485, #4552, #1167, #1420 ) ) ;
#8354 = DIRECTION ( 'NONE',  ( -0.0000000000000000000, -1.000000000000000000, -0.0000000000000000000 ) ) ;
#8355 = FACE_OUTER_BOUND ( 'NONE', #4256, .T. ) ;
#8356 = LINE ( 'NONE', #3401, #4879 ) ;
#8357 = EDGE_CURVE ( 'NONE', #9536, #9713, #6691, .T. ) ;
#8358 = VERTEX_POINT ( 'NONE', #4896 ) ;
#8359 = UNCERTAINTY_MEASURE_WITH_UNIT (LENGTH_MEASURE( 1.000000000000000082E-05 ), #3812, 'distance_accuracy_value', 'NONE');
#8360 = CARTESIAN_POINT ( 'NONE',  ( 3.876735726934810167, -5.984948569671956875, 9.120415862337422297 ) ) ;
#8361 = DIRECTION ( 'NONE',  ( -0.0000000000000000000, -1.000000000000000000, -0.0000000000000000000 ) ) ;
#8362 = MECHANICAL_DESIGN_GEOMETRIC_PRESENTATION_REPRESENTATION (  '', ( #8888 ), #9223 ) ;
#8363 = PRESENTATION_LAYER_ASSIGNMENT (  '', '', ( #4491 ) ) ;
#8364 = FACE_OUTER_BOUND ( 'NONE', #2036, .T. ) ;
#8365 = ADVANCED_FACE ( 'NONE', ( #1757 ), #2407, .T. ) ;
#8366 = CARTESIAN_POINT ( 'NONE',  ( 4.599635752693321145, -5.993795529151238810, 2.234964158276211421 ) ) ;
#8367 = VECTOR ( 'NONE', #10822, 1000.000000000000000 ) ;
#8368 = VERTEX_POINT ( 'NONE', #9136 ) ;
#8369 = LINE ( 'NONE', #9887, #6928 ) ;
#8370 = LINE ( 'NONE', #822, #5901 ) ;
#8371 = AXIS2_PLACEMENT_3D ( 'NONE', #9623, #3730, #248 ) ;
#8372 = ORIENTED_EDGE ( 'NONE', *, *, #9161, .F. ) ;
#8373 = EDGE_CURVE ( 'NONE', #9013, #5780, #3411, .T. ) ;
#8374 = DIRECTION ( 'NONE',  ( 0.0000000000000000000, 1.000000000000000000, -0.0000000000000000000 ) ) ;
#8375 = UNCERTAINTY_MEASURE_WITH_UNIT (LENGTH_MEASURE( 1.000000000000000082E-05 ), #2465, 'distance_accuracy_value', 'NONE');
#8376 = EDGE_CURVE ( 'NONE', #9172, #1754, #8370, .T. ) ;
#8377 = PLANE ( 'NONE',  #9362 ) ;
#8378 =( GEOMETRIC_REPRESENTATION_CONTEXT ( 3 ) GLOBAL_UNCERTAINTY_ASSIGNED_CONTEXT ( ( #3199 ) ) GLOBAL_UNIT_ASSIGNED_CONTEXT ( ( #7011, #5587, #390 ) ) REPRESENTATION_CONTEXT ( 'NONE', 'WORKASPACE' ) );
#8379 = CARTESIAN_POINT ( 'NONE',  ( 6.513276922344950925, -3.072439817376820148, 11.40411371344520042 ) ) ;
#8380 = CARTESIAN_POINT ( 'NONE',  ( -2.943533191417280204, 0.9985960685958690242, 11.78455947458400033 ) ) ;
#8381 = DIRECTION ( 'NONE',  ( -1.000000000000000000, 0.0000000000000000000, 0.0000000000000000000 ) ) ;
#8382 = DIRECTION ( 'NONE',  ( 1.000000000000000000, 0.0000000000000000000, 0.0000000000000000000 ) ) ;
#8383 = CLOSED_SHELL ( 'NONE', ( #1224, #8999, #6438, #9540 ) ) ;
#8384 = CARTESIAN_POINT ( 'NONE',  ( -4.453928499320490175, 5.795199161759920337, 1.972862536810731315 ) ) ;
#8385 = PLANE ( 'NONE',  #8306 ) ;
#8386 = DIRECTION ( 'NONE',  ( 0.0000000000000000000, -1.000000000000000000, -9.790143883968565695E-30 ) ) ;
#8387 = ORIENTED_EDGE ( 'NONE', *, *, #4367, .T. ) ;
#8388 = FILL_AREA_STYLE_COLOUR ( '', #2417 ) ;
#8389 = AXIS2_PLACEMENT_3D ( 'NONE', #8399, #9426, #10081 ) ;
#8390 = SURFACE_STYLE_FILL_AREA ( #6757 ) ;
#8391 = CLOSED_SHELL ( 'NONE', ( #9544, #6593, #3774, #4391, #5066, #5622 ) ) ;
#8392 = FACE_OUTER_BOUND ( 'NONE', #469, .T. ) ;
#8393 = SURFACE_STYLE_USAGE ( .BOTH. , #10120 ) ;
#8394 = SURFACE_SIDE_STYLE ('',( #1731 ) ) ;
#8395 = ORIENTED_EDGE ( 'NONE', *, *, #9224, .T. ) ;
#8396 = PRESENTATION_STYLE_ASSIGNMENT (( #5045 ) ) ;
#8397 = FILL_AREA_STYLE ('',( #9066 ) ) ;
#8398 = AXIS2_PLACEMENT_3D ( 'NONE', #7183, #9783, #6399 ) ;
#8399 = CARTESIAN_POINT ( 'NONE',  ( 4.650000000000000355, -6.200000000000001066, 9.400000000000000355 ) ) ;
#8400 = EDGE_LOOP ( 'NONE', ( #8961, #8387, #7809, #2560 ) ) ;
#8401 = SURFACE_STYLE_USAGE ( .BOTH. , #8349 ) ;
#8402 = CARTESIAN_POINT ( 'NONE',  ( -2.049999999999999822, -3.718944926047640376, 9.372862536810730560 ) ) ;
#8403 = EDGE_CURVE ( 'NONE', #4495, #4914, #4827, .T. ) ;
#8404 = EDGE_LOOP ( 'NONE', ( #9112, #6283 ) ) ;
#8405 = LINE ( 'NONE', #3503, #10834 ) ;
#8406 = ORIENTED_EDGE ( 'NONE', *, *, #7105, .T. ) ;
#8407 = ADVANCED_FACE ( 'NONE', ( #2784 ), #1980, .T. ) ;
#8408 = CARTESIAN_POINT ( 'NONE',  ( 1.203304192450989962, -1.025500316946299950, 11.88455947458399820 ) ) ;
#8409 = CARTESIAN_POINT ( 'NONE',  ( -2.049999999999999822, 3.793855508270518317, 9.399999999999998579 ) ) ;
#8410 = DIRECTION ( 'NONE',  ( 0.0000000000000000000, 0.0000000000000000000, -1.000000000000000000 ) ) ;
#8411 = CIRCLE ( 'NONE', #2958, 0.1217795388796299727 ) ;
#8412 = COLOUR_RGB ( '',0.1764705882352941013, 0.1764705882352941013, 0.1764705882352941013 ) ;
#8413 = SURFACE_SIDE_STYLE ('',( #10045 ) ) ;
#8414 = EDGE_LOOP ( 'NONE', ( #3454, #3998, #4751, #7482 ) ) ;
#8415 =( LENGTH_UNIT ( ) NAMED_UNIT ( * ) SI_UNIT ( .MILLI., .METRE. ) );
#8416 = ORIENTED_EDGE ( 'NONE', *, *, #4992, .T. ) ;
#8417 =( GEOMETRIC_REPRESENTATION_CONTEXT ( 3 ) GLOBAL_UNCERTAINTY_ASSIGNED_CONTEXT ( ( #2766 ) ) GLOBAL_UNIT_ASSIGNED_CONTEXT ( ( #5323, #7869, #4095 ) ) REPRESENTATION_CONTEXT ( 'NONE', 'WORKASPACE' ) );
#8418 = EDGE_CURVE ( 'NONE', #2059, #3167, #319, .T. ) ;
#8419 = FILL_AREA_STYLE_COLOUR ( '', #7437 ) ;
#8420 = COLOUR_RGB ( '',0.1764705882352941013, 0.1764705882352941013, 0.1764705882352941013 ) ;
#8421 = LINE ( 'NONE', #7659, #7587 ) ;
#8422 = CARTESIAN_POINT ( 'NONE',  ( -2.049999999999999822, -3.750000000000000000, 2.000000000000000000 ) ) ;
#8423 =( NAMED_UNIT ( * ) SI_UNIT ( $, .STERADIAN. ) SOLID_ANGLE_UNIT ( ) );
#8424 = DIRECTION ( 'NONE',  ( 0.0000000000000000000, 1.000000000000000000, 0.0000000000000000000 ) ) ;
#8425 = EDGE_CURVE ( 'NONE', #10826, #8035, #10193, .T. ) ;
#8426 = DIRECTION ( 'NONE',  ( -1.000000000000000000, 0.0000000000000000000, 0.0000000000000000000 ) ) ;
#8427 = DIRECTION ( 'NONE',  ( 1.000000000000000000, 0.0000000000000000000, -0.0000000000000000000 ) ) ;
#8428 = EDGE_CURVE ( 'NONE', #4843, #8934, #372, .T. ) ;
#8429 = CARTESIAN_POINT ( 'NONE',  ( 2.250000000000000000, 4.349999999999999645, 0.3261087975802219874 ) ) ;
#8430 = CARTESIAN_POINT ( 'NONE',  ( 6.500000000000000888, -3.072439817376820148, -0.3081419071809570198 ) ) ;
#8431 = CARTESIAN_POINT ( 'NONE',  ( -4.453928499320490175, -5.095199161759920159, 1.972862536810730205 ) ) ;
#8432 = SURFACE_SIDE_STYLE ('',( #4240 ) ) ;
#8433 =( BOUNDED_CURVE ( )  B_SPLINE_CURVE ( 2, ( #8979, #8264, #8211, #9087, #2362, #2410, #8318, #9033, #4958 ),
 .UNSPECIFIED., .F., .F. ) 
 B_SPLINE_CURVE_WITH_KNOTS ( ( 3, 2, 2, 2, 3 ),
 ( 0.0000000000000000000, 0.01064489572990964285, 0.01241992396943424233, 0.01799837932813668634, 0.01977340756766128929 ),
 .UNSPECIFIED. ) 
 CURVE ( )  GEOMETRIC_REPRESENTATION_ITEM ( )  RATIONAL_B_SPLINE_CURVE ( ( 1.000000000000000000, 1.000000000000000000, 1.000000000000000000, 0.7071067811865480168, 1.000000000000000000, 1.000000000000000000, 1.000000000000000000, 0.7071067811865480168, 1.000000000000000000 ) ) 
 REPRESENTATION_ITEM ( '' )  );
#8434 = VECTOR ( 'NONE', #246, 1000.000000000000000 ) ;
#8435 = FACE_OUTER_BOUND ( 'NONE', #1476, .T. ) ;
#8436 = ORIENTED_EDGE ( 'NONE', *, *, #8206, .F. ) ;
#8437 = FILL_AREA_STYLE ('',( #5240 ) ) ;
#8438 = FACE_OUTER_BOUND ( 'NONE', #8679, .T. ) ;
#8439 = PRESENTATION_STYLE_ASSIGNMENT (( #6857 ) ) ;
#8440 =( NAMED_UNIT ( * ) PLANE_ANGLE_UNIT ( ) SI_UNIT ( $, .RADIAN. ) );
#8441 = MECHANICAL_DESIGN_GEOMETRIC_PRESENTATION_REPRESENTATION (  '', ( #4748 ), #4394 ) ;
#8442 = DIRECTION ( 'NONE',  ( 1.000000000000000000, 0.0000000000000000000, 0.0000000000000000000 ) ) ;
#8443 =( LENGTH_UNIT ( ) NAMED_UNIT ( * ) SI_UNIT ( .MILLI., .METRE. ) );
#8444 = CARTESIAN_POINT ( 'NONE',  ( -1.776356839400250070E-15, 3.101520183108077866, -0.3203975278070689825 ) ) ;
#8445 =( NAMED_UNIT ( * ) SI_UNIT ( $, .STERADIAN. ) SOLID_ANGLE_UNIT ( ) );
#8446 = ORIENTED_EDGE ( 'NONE', *, *, #8240, .F. ) ;
#8447 =( LENGTH_UNIT ( ) NAMED_UNIT ( * ) SI_UNIT ( .MILLI., .METRE. ) );
#8448 =( LENGTH_UNIT ( ) NAMED_UNIT ( * ) SI_UNIT ( .MILLI., .METRE. ) );
#8449 = FACE_OUTER_BOUND ( 'NONE', #7221, .T. ) ;
#8450 = ORIENTED_EDGE ( 'NONE', *, *, #1440, .T. ) ;
#8451 = FACE_OUTER_BOUND ( 'NONE', #2708, .T. ) ;
#8452 = MECHANICAL_DESIGN_GEOMETRIC_PRESENTATION_REPRESENTATION (  '', ( #4942 ), #1799 ) ;
#8453 = VERTEX_POINT ( 'NONE', #6995 ) ;
#8454 = COLOUR_RGB ( '',1.000000000000000000, 1.000000000000000000, 1.000000000000000000 ) ;
#8455 = CARTESIAN_POINT ( 'NONE',  ( 1.791406567618869961, -0.5194762205607580396, 11.88455947458399997 ) ) ;
#8456 = DIRECTION ( 'NONE',  ( 0.08293612690015332578, 0.9965548649496431821, 0.0000000000000000000 ) ) ;
#8457 = ORIENTED_EDGE ( 'NONE', *, *, #2476, .F. ) ;
#8458 = CARTESIAN_POINT ( 'NONE',  ( 4.599635752693309598, 5.261314246948209927, 9.134261975773302566 ) ) ;
#8459 = PRESENTATION_STYLE_ASSIGNMENT (( #9387 ) ) ;
#8460 = PRESENTATION_LAYER_ASSIGNMENT (  '', '', ( #1957 ) ) ;
#8461 = SURFACE_STYLE_FILL_AREA ( #10043 ) ;
#8462 = SURFACE_STYLE_USAGE ( .BOTH. , #9439 ) ;
#8463 = CYLINDRICAL_SURFACE ( 'NONE', #8371, 0.3000000000000007661 ) ;
#8464 =( GEOMETRIC_REPRESENTATION_CONTEXT ( 3 ) GLOBAL_UNCERTAINTY_ASSIGNED_CONTEXT ( ( #4104 ) ) GLOBAL_UNIT_ASSIGNED_CONTEXT ( ( #653, #10605, #6507 ) ) REPRESENTATION_CONTEXT ( 'NONE', 'WORKASPACE' ) );
#8465 = VECTOR ( 'NONE', #8667, 1000.000000000000000 ) ;
#8466 = EDGE_CURVE ( 'NONE', #3071, #1161, #1309, .T. ) ;
#8467 = VERTEX_POINT ( 'NONE', #2912 ) ;
#8468 = CARTESIAN_POINT ( 'NONE',  ( -0.01036292739023949964, -0.08131726751350369653, 11.78455947458400033 ) ) ;
#8469 = ORIENTED_EDGE ( 'NONE', *, *, #130, .F. ) ;
#8470 = VECTOR ( 'NONE', #7728, 1000.000000000000000 ) ;
#8471 = SURFACE_STYLE_FILL_AREA ( #5177 ) ;
#8472 = CARTESIAN_POINT ( 'NONE',  ( -2.750000000000000444, -4.349999999999999645, 0.3261087975802219874 ) ) ;
#8473 = CARTESIAN_POINT ( 'NONE',  ( -3.753928499320489998, -5.795199161759920337, 1.972862536810728873 ) ) ;
#8474 = PLANE ( 'NONE',  #3397 ) ;
#8475 = CARTESIAN_POINT ( 'NONE',  ( -5.000000000000000000, -6.200000000000001066, 2.000000000000000000 ) ) ;
#8476 = FILL_AREA_STYLE_COLOUR ( '', #9642 ) ;
#8477 = PRESENTATION_STYLE_ASSIGNMENT (( #4292 ) ) ;
#8478 = AXIS2_PLACEMENT_3D ( 'NONE', #3849, #7225, #3019 ) ;
#8479 = PRESENTATION_LAYER_ASSIGNMENT (  '', '', ( #9707 ) ) ;
#8480 = EDGE_CURVE ( 'NONE', #1036, #4813, #9340, .T. ) ;
#8481 = CARTESIAN_POINT ( 'NONE',  ( -4.301812055671259571, -6.200000000000001066, 2.000000000000000000 ) ) ;
#8482 = DIRECTION ( 'NONE',  ( -1.000000000000000000, -0.0000000000000000000, -0.0000000000000000000 ) ) ;
#8483 = DIRECTION ( 'NONE',  ( -1.000000000000000000, 0.0000000000000000000, 5.782411586589358033E-15 ) ) ;
#8484 = PRESENTATION_STYLE_ASSIGNMENT (( #5132 ) ) ;
#8485 = EDGE_CURVE ( 'NONE', #4813, #8300, #3233, .T. ) ;
#8486 = PRESENTATION_LAYER_ASSIGNMENT (  '', '', ( #4609 ) ) ;
#8487 = DIRECTION ( 'NONE',  ( -1.000000000000000000, 0.0000000000000000000, 0.0000000000000000000 ) ) ;
#8488 = FILL_AREA_STYLE_COLOUR ( '', #4417 ) ;
#8489 = VERTEX_POINT ( 'NONE', #3567 ) ;
#8490 = FILL_AREA_STYLE_COLOUR ( '', #3818 ) ;
#8491 = AXIS2_PLACEMENT_3D ( 'NONE', #6397, #8914, #1259 ) ;
#8492 = VECTOR ( 'NONE', #1544, 1000.000000000000000 ) ;
#8493 = CARTESIAN_POINT ( 'NONE',  ( -6.500000000000000888, 3.077560182623181095, 5.691858092819041204 ) ) ;
#8494 = COLOUR_RGB ( '',1.000000000000000000, 1.000000000000000000, 0.0000000000000000000 ) ;
#8495 = SURFACE_STYLE_USAGE ( .BOTH. , #10119 ) ;
#8496 = PRESENTATION_LAYER_ASSIGNMENT (  '', '', ( #5888 ) ) ;
#8497 = STYLED_ITEM ( 'NONE', ( #7487 ), #9940 ) ;
#8498 =( NAMED_UNIT ( * ) SI_UNIT ( $, .STERADIAN. ) SOLID_ANGLE_UNIT ( ) );
#8499 = DIRECTION ( 'NONE',  ( -1.000000000000000000, 0.0000000000000000000, -5.782411586589358033E-15 ) ) ;
#8500 = PLANE ( 'NONE',  #909 ) ;
#8501 = ORIENTED_EDGE ( 'NONE', *, *, #5889, .T. ) ;
#8502 =( LENGTH_UNIT ( ) NAMED_UNIT ( * ) SI_UNIT ( .MILLI., .METRE. ) );
#8503 = COLOUR_RGB ( '',0.1764705882352941013, 0.1764705882352941013, 0.1764705882352941013 ) ;
#8504 = DIRECTION ( 'NONE',  ( 1.000000000000000000, 0.0000000000000000000, 0.0000000000000000000 ) ) ;
#8505 = ORIENTED_EDGE ( 'NONE', *, *, #7740, .T. ) ;
#8506 =( NAMED_UNIT ( * ) PLANE_ANGLE_UNIT ( ) SI_UNIT ( $, .RADIAN. ) );
#8507 = SURFACE_STYLE_USAGE ( .BOTH. , #5153 ) ;
#8508 = STYLED_ITEM ( 'NONE', ( #9929 ), #10827 ) ;
#8509 = STYLED_ITEM ( 'NONE', ( #7396 ), #10158 ) ;
#8510 = SURFACE_STYLE_FILL_AREA ( #235 ) ;
#8511 = ORIENTED_EDGE ( 'NONE', *, *, #6196, .T. ) ;
#8512 = CARTESIAN_POINT ( 'NONE',  ( 1.791406567618869961, -0.2905605579101558367, 11.78455947458400033 ) ) ;
#8513 = SURFACE_SIDE_STYLE ('',( #6982 ) ) ;
#8514 = COLOUR_RGB ( '',0.4117647058823529216, 0.4117647058823529216, 0.4117647058823529216 ) ;
#8515 = LINE ( 'NONE', #2452, #3819 ) ;
#8516 = EDGE_LOOP ( 'NONE', ( #10793, #9970, #10357, #8648 ) ) ;
#8517 = CARTESIAN_POINT ( 'NONE',  ( -1.128220461120369889, 4.349999999999999645, 1.407187284718070902E-17 ) ) ;
#8518 = STYLED_ITEM ( 'NONE', ( #439 ), #10398 ) ;
#8519 = CARTESIAN_POINT ( 'NONE',  ( -0.9830661918097851615, 0.8750080107108610949, 11.88455947458399997 ) ) ;
#8520 = DIRECTION ( 'NONE',  ( 0.0000000000000000000, 0.0000000000000000000, 1.000000000000000000 ) ) ;
#8521 = FILL_AREA_STYLE_COLOUR ( '', #155 ) ;
#8522 = PRESENTATION_LAYER_ASSIGNMENT (  '', '', ( #5908 ) ) ;
#8523 = PRESENTATION_LAYER_ASSIGNMENT (  '', '', ( #250 ) ) ;
#8524 = FILL_AREA_STYLE ('',( #1866 ) ) ;
#8525 = ORIENTED_EDGE ( 'NONE', *, *, #327, .T. ) ;
#8526 = CARTESIAN_POINT ( 'NONE',  ( -4.453928499320490175, -5.104241747859729728, 2.236059354321880299 ) ) ;
#8527 =( NAMED_UNIT ( * ) SI_UNIT ( $, .STERADIAN. ) SOLID_ANGLE_UNIT ( ) );
#8529 = ORIENTED_EDGE ( 'NONE', *, *, #9481, .T. ) ;
#8528 = PRESENTATION_LAYER_ASSIGNMENT (  '', '', ( #6965 ) ) ;
#8530 = EDGE_CURVE ( 'NONE', #6823, #7463, #6944, .T. ) ;
#8531 = PLANE ( 'NONE',  #7086 ) ;
#8532 = CARTESIAN_POINT ( 'NONE',  ( 4.453928499320490175, 1.332267629550190215E-15, 1.972862536810728873 ) ) ;
#8533 = DIRECTION ( 'NONE',  ( -1.000000000000000000, 0.0000000000000000000, -0.0000000000000000000 ) ) ;
#8534 = DIRECTION ( 'NONE',  ( 0.0000000000000000000, -0.0000000000000000000, 1.000000000000000000 ) ) ;
#8535 = CARTESIAN_POINT ( 'NONE',  ( -2.500000000000000000, 4.349999999999999645, 0.3261087975802219874 ) ) ;
#8536 = FILL_AREA_STYLE ('',( #8476 ) ) ;
#8537 = LINE ( 'NONE', #10382, #5174 ) ;
#8538 = COLOUR_RGB ( '',0.1764705882352941013, 0.1764705882352941013, 0.1764705882352941013 ) ;
#8539 = CARTESIAN_POINT ( 'NONE',  ( -0.09018977731795900510, 1.114849722289180001, 11.88455947458399997 ) ) ;
#8540 = VERTEX_POINT ( 'NONE', #6109 ) ;
#8541 = CARTESIAN_POINT ( 'NONE',  ( -0.7102876434207613388, 0.05883703245129065507, 11.88455947458399997 ) ) ;
#8542 = DIRECTION ( 'NONE',  ( -0.0000000000000000000, 1.000000000000000000, 0.0000000000000000000 ) ) ;
#8543 = DIRECTION ( 'NONE',  ( 0.0000000000000000000, -0.0000000000000000000, -1.000000000000000000 ) ) ;
#8544 = EDGE_CURVE ( 'NONE', #9708, #9030, #9727, .T. ) ;
#8545 = EDGE_LOOP ( 'NONE', ( #7683, #7985, #10414, #10551 ) ) ;
#8546 = PRESENTATION_STYLE_ASSIGNMENT (( #4194 ) ) ;
#8547 = AXIS2_PLACEMENT_3D ( 'NONE', #10427, #2905, #8793 ) ;
#8548 = DIRECTION ( 'NONE',  ( -9.659745536641621118E-17, -9.659745536641621118E-17, 1.000000000000000000 ) ) ;
#8549 = DIRECTION ( 'NONE',  ( 0.0000000000000000000, 0.0000000000000000000, 1.000000000000000000 ) ) ;
#8550 = CARTESIAN_POINT ( 'NONE',  ( 0.3335752423176610026, -0.5699278784167179923, 11.88455947458399997 ) ) ;
#8551 = VECTOR ( 'NONE', #704, 1000.000000000000114 ) ;
#8552 = ADVANCED_FACE ( 'NONE', ( #1091 ), #7823, .T. ) ;
#8553 =( LENGTH_UNIT ( ) NAMED_UNIT ( * ) SI_UNIT ( .MILLI., .METRE. ) );
#8554 = EDGE_CURVE ( 'NONE', #8236, #9927, #4842, .T. ) ;
#8555 = EDGE_LOOP ( 'NONE', ( #3659, #6161, #647, #7160 ) ) ;
#8556 = CARTESIAN_POINT ( 'NONE',  ( 0.9841776519562150938, 1.010644261366949959, 11.88455947458399997 ) ) ;
#8557 =( NAMED_UNIT ( * ) PLANE_ANGLE_UNIT ( ) SI_UNIT ( $, .RADIAN. ) );
#8558 = CIRCLE ( 'NONE', #7181, 0.2999999999999964362 ) ;
#8559 = CARTESIAN_POINT ( 'NONE',  ( -4.453928499320490175, -5.104241747859729728, 2.236059354321880299 ) ) ;
#8560 = ORIENTED_EDGE ( 'NONE', *, *, #6495, .T. ) ;
#8561 = VECTOR ( 'NONE', #4998, 1000.000000000000000 ) ;
#8562 = LINE ( 'NONE', #5050, #5040 ) ;
#8563 = EDGE_CURVE ( 'NONE', #4705, #10525, #2169, .T. ) ;
#8564 = CARTESIAN_POINT ( 'NONE',  ( -2.292930781778729887, -0.9893557386330470438, 11.78455947458400033 ) ) ;
#8565 = ORIENTED_EDGE ( 'NONE', *, *, #7154, .F. ) ;
#8566 = ADVANCED_FACE ( 'NONE', ( #9720 ), #1313, .T. ) ;
#8567 = CARTESIAN_POINT ( 'NONE',  ( 3.749999999999999556, 4.349999999999999645, 2.000000000000000000 ) ) ;
#8568 = EDGE_LOOP ( 'NONE', ( #6244, #5033, #7211, #8529 ) ) ;
#8569 = MECHANICAL_DESIGN_GEOMETRIC_PRESENTATION_REPRESENTATION (  '', ( #8071 ), #2249 ) ;
#8570 = CARTESIAN_POINT ( 'NONE',  ( -4.599635752693320256, -5.262074737350119769, 9.121305846256259287 ) ) ;
#8571 = CARTESIAN_POINT ( 'NONE',  ( -0.5920647863251771170, 1.010644261366949959, 11.88455947458399997 ) ) ;
#8572 = UNCERTAINTY_MEASURE_WITH_UNIT (LENGTH_MEASURE( 1.000000000000000082E-05 ), #9981, 'distance_accuracy_value', 'NONE');
#8573 = CARTESIAN_POINT ( 'NONE',  ( -1.128220461120369666, 4.350000000000003197, 2.000000000000000444 ) ) ;
#8574 = CARTESIAN_POINT ( 'NONE',  ( -6.200000000000001066, -6.200000000000001066, 0.0000000000000000000 ) ) ;
#8575 = CARTESIAN_POINT ( 'NONE',  ( -4.950000000000000178, 3.663497205310419780, 10.50000000000000000 ) ) ;
#8576 = MECHANICAL_DESIGN_GEOMETRIC_PRESENTATION_REPRESENTATION (  '', ( #8930 ), #9963 ) ;
#8577 = ORIENTED_EDGE ( 'NONE', *, *, #10020, .F. ) ;
#8578 = CARTESIAN_POINT ( 'NONE',  ( -4.599635752693309598, 5.252467287468926216, 2.248810271712086806 ) ) ;
#8579 = ORIENTED_EDGE ( 'NONE', *, *, #7304, .F. ) ;
#8580 = DIRECTION ( 'NONE',  ( 0.9965548649496432931, 0.08293612690015363109, -7.968400300052127598E-17 ) ) ;
#8581 = UNCERTAINTY_MEASURE_WITH_UNIT (LENGTH_MEASURE( 1.000000000000000082E-05 ), #9884, 'distance_accuracy_value', 'NONE');
#8582 = COLOUR_RGB ( '',0.7450980392156862919, 0.7450980392156862919, 0.7450980392156862919 ) ;
#8583 = FILL_AREA_STYLE_COLOUR ( '', #4089 ) ;
#8584 = FILL_AREA_STYLE_COLOUR ( '', #7716 ) ;
#8585 = CIRCLE ( 'NONE', #7715, 0.3000000000000020983 ) ;
#8586 = CARTESIAN_POINT ( 'NONE',  ( -0.9830661918097851615, 0.8750080107108610949, 11.78455947458399677 ) ) ;
#8587 = ORIENTED_EDGE ( 'NONE', *, *, #6287, .T. ) ;
#8588 = EDGE_LOOP ( 'NONE', ( #1328, #3359, #916, #7778 ) ) ;
#8589 = MECHANICAL_DESIGN_GEOMETRIC_PRESENTATION_REPRESENTATION (  '', ( #1182 ), #1566 ) ;
#8590 = CARTESIAN_POINT ( 'NONE',  ( -2.160636889256319915, -3.952384553517649834, 9.372862536810730560 ) ) ;
#8591 = DIRECTION ( 'NONE',  ( 0.0000000000000000000, -1.445602896647340100E-15, -1.000000000000000000 ) ) ;
#8592 = CARTESIAN_POINT ( 'NONE',  ( -1.128220461120369889, 4.349999999999999645, 1.000000000000000000 ) ) ;
#8593 = LINE ( 'NONE', #1315, #9349 ) ;
#8594 = SURFACE_SIDE_STYLE ('',( #944 ) ) ;
#8595 = EDGE_LOOP ( 'NONE', ( #7983, #7394, #116, #8406 ) ) ;
#8596 = FACE_OUTER_BOUND ( 'NONE', #1189, .T. ) ;
#8597 = CIRCLE ( 'NONE', #3859, 0.2999999999999973244 ) ;
#8598 =( NAMED_UNIT ( * ) PLANE_ANGLE_UNIT ( ) SI_UNIT ( $, .RADIAN. ) );
#8599 = AXIS2_PLACEMENT_3D ( 'NONE', #9694, #6473, #8024 ) ;
#8600 = ADVANCED_FACE ( 'NONE', ( #8963 ), #6281, .T. ) ;
#8601 = SURFACE_SIDE_STYLE ('',( #10227 ) ) ;
#8602 = SURFACE_SIDE_STYLE ('',( #5248 ) ) ;
#8603 = PRESENTATION_STYLE_ASSIGNMENT (( #6917 ) ) ;
#8604 =( LENGTH_UNIT ( ) NAMED_UNIT ( * ) SI_UNIT ( .MILLI., .METRE. ) );
#8605 = ORIENTED_EDGE ( 'NONE', *, *, #7903, .T. ) ;
#8606 = CYLINDRICAL_SURFACE ( 'NONE', #9483, 0.2999999999999973244 ) ;
#8607 = SURFACE_STYLE_USAGE ( .BOTH. , #7580 ) ;
#8608 = SURFACE_SIDE_STYLE ('',( #297 ) ) ;
#8609 = ORIENTED_EDGE ( 'NONE', *, *, #5063, .F. ) ;
#8610 = SURFACE_SIDE_STYLE ('',( #1956 ) ) ;
#8611 = ADVANCED_FACE ( 'NONE', ( #8355 ), #699, .T. ) ;
#8612 = PRESENTATION_STYLE_ASSIGNMENT (( #4052 ) ) ;
#8613 = VERTEX_POINT ( 'NONE', #5945 ) ;
#8614 = CARTESIAN_POINT ( 'NONE',  ( 6.513276922344959807, -3.072439817376820148, -0.02039752780706740112 ) ) ;
#8615 = VERTEX_POINT ( 'NONE', #8455 ) ;
#8616 = ORIENTED_EDGE ( 'NONE', *, *, #3851, .T. ) ;
#8617 = PLANE ( 'NONE',  #10046 ) ;
#8618 = ADVANCED_FACE ( 'NONE', ( #4270 ), #1037, .T. ) ;
#8619 = SURFACE_SIDE_STYLE ('',( #5270 ) ) ;
#8620 = CARTESIAN_POINT ( 'NONE',  ( -0.2567862034654720405, 0.3269093675688259926, 11.78455947458400033 ) ) ;
#8621 = FILL_AREA_STYLE ('',( #133 ) ) ;
#8622 = ORIENTED_EDGE ( 'NONE', *, *, #111, .T. ) ;
#8623 = DIRECTION ( 'NONE',  ( 0.0000000000000000000, 0.0000000000000000000, -1.000000000000000000 ) ) ;
#8624 = DIRECTION ( 'NONE',  ( -0.0000000000000000000, -1.000000000000000000, -0.0000000000000000000 ) ) ;
#8625 = VECTOR ( 'NONE', #3446, 1000.000000000000000 ) ;
#8626 = ORIENTED_EDGE ( 'NONE', *, *, #7235, .F. ) ;
#8627 = VECTOR ( 'NONE', #9149, 1000.000000000000000 ) ;
#8628 = LINE ( 'NONE', #6436, #4431 ) ;
#8629 = PRESENTATION_LAYER_ASSIGNMENT (  '', '', ( #176 ) ) ;
#8630 = CARTESIAN_POINT ( 'NONE',  ( 5.000000000000000000, 3.275000000000000355, 1.649999999999999911 ) ) ;
#8631 = CARTESIAN_POINT ( 'NONE',  ( -4.453928499320490175, -5.095199161759920159, 1.972862536810730205 ) ) ;
#8632 = UNCERTAINTY_MEASURE_WITH_UNIT (LENGTH_MEASURE( 1.000000000000000082E-05 ), #8213, 'distance_accuracy_value', 'NONE');
#8633 = CARTESIAN_POINT ( 'NONE',  ( -2.750000000000000444, 4.349999999999999645, -4.673891202419779844 ) ) ;
#8634 = DIRECTION ( 'NONE',  ( 0.0000000000000000000, -1.000000000000000000, -0.0000000000000000000 ) ) ;
#8635 = SURFACE_SIDE_STYLE ('',( #2086 ) ) ;
#8636 = CARTESIAN_POINT ( 'NONE',  ( 3.753928499320489998, 5.794608934297520442, 9.134918554661560108 ) ) ;
#8637 = PRESENTATION_STYLE_ASSIGNMENT (( #6342 ) ) ;
#8638 =( GEOMETRIC_REPRESENTATION_CONTEXT ( 3 ) GLOBAL_UNCERTAINTY_ASSIGNED_CONTEXT ( ( #8359 ) ) GLOBAL_UNIT_ASSIGNED_CONTEXT ( ( #3812, #2048, #7190 ) ) REPRESENTATION_CONTEXT ( 'NONE', 'WORKASPACE' ) );
#8639 = SURFACE_SIDE_STYLE ('',( #5286 ) ) ;
#8640 = CIRCLE ( 'NONE', #10035, 0.1217795388796301809 ) ;
#8641 = MECHANICAL_DESIGN_GEOMETRIC_PRESENTATION_REPRESENTATION (  '', ( #3909 ), #189 ) ;
#8642 = FACE_OUTER_BOUND ( 'NONE', #945, .T. ) ;
#8643 = ORIENTED_EDGE ( 'NONE', *, *, #551, .T. ) ;
#8644 = ORIENTED_EDGE ( 'NONE', *, *, #6480, .F. ) ;
#8645 = FACE_OUTER_BOUND ( 'NONE', #4875, .T. ) ;
#8646 = LINE ( 'NONE', #6959, #3762 ) ;
#8647 = CARTESIAN_POINT ( 'NONE',  ( -1.128220461120369889, -4.349999999999999645, 1.000000000000000000 ) ) ;
#8648 = ORIENTED_EDGE ( 'NONE', *, *, #4532, .T. ) ;
#8649 = LINE ( 'NONE', #4689, #2999 ) ;
#8650 = CIRCLE ( 'NONE', #4074, 0.2500000000000002220 ) ;
#8651 = FILL_AREA_STYLE_COLOUR ( '', #4657 ) ;
#8652 = PRESENTATION_LAYER_ASSIGNMENT (  '', '', ( #9698 ) ) ;
#8653 = CARTESIAN_POINT ( 'NONE',  ( 6.500000000000000888, 3.077560182623180651, -0.008141907180958305942 ) ) ;
#8654 = FILL_AREA_STYLE ('',( #161 ) ) ;
#8655 = DIRECTION ( 'NONE',  ( -0.08293612690015314537, -0.9965548649496432931, -0.0000000000000000000 ) ) ;
#8656 = STYLED_ITEM ( 'NONE', ( #1408 ), #9360 ) ;
#8657 = LINE ( 'NONE', #1121, #758 ) ;
#8658 = MECHANICAL_DESIGN_GEOMETRIC_PRESENTATION_REPRESENTATION (  '', ( #3559 ), #5874 ) ;
#8659 = VECTOR ( 'NONE', #10759, 1000.000000000000000 ) ;
#8660 =( NAMED_UNIT ( * ) SI_UNIT ( $, .STERADIAN. ) SOLID_ANGLE_UNIT ( ) );
#8661 = CARTESIAN_POINT ( 'NONE',  ( 6.610175751530340094, 3.101520183108080531, -0.08657411874590380252 ) ) ;
#8662 = SURFACE_STYLE_USAGE ( .BOTH. , #5308 ) ;
#8663 = ORIENTED_EDGE ( 'NONE', *, *, #7316, .T. ) ;
#8664 = COLOUR_RGB ( '',1.000000000000000000, 1.000000000000000000, 1.000000000000000000 ) ;
#8665 = CARTESIAN_POINT ( 'NONE',  ( 1.374999999999999556, 3.077560182623180651, -0.3081419071809570198 ) ) ;
#8666 = DIRECTION ( 'NONE',  ( 0.0000000000000000000, -1.000000000000000000, -2.689679381760169036E-16 ) ) ;
#8667 = DIRECTION ( 'NONE',  ( 2.925755186772576386E-16, -2.105449994219518204E-16, 1.000000000000000000 ) ) ;
#8668 = ORIENTED_EDGE ( 'NONE', *, *, #7494, .F. ) ;
#8669 = COLOUR_RGB ( '',1.000000000000000000, 0.7490196078431372584, 0.0000000000000000000 ) ;
#8670 = COLOUR_RGB ( '',0.7450980392156862919, 0.7450980392156862919, 0.7450980392156862919 ) ;
#8671 = VERTEX_POINT ( 'NONE', #10298 ) ;
#8672 = SURFACE_STYLE_USAGE ( .BOTH. , #358 ) ;
#8673 = CARTESIAN_POINT ( 'NONE',  ( 4.750000000000000000, -4.599999999999999645, -4.673891202419779844 ) ) ;
#8674 = DIRECTION ( 'NONE',  ( 1.000000000000000000, 0.0000000000000000000, -2.121137671986022524E-16 ) ) ;
#8675 = AXIS2_PLACEMENT_3D ( 'NONE', #9995, #5803, #10878 ) ;
#8676 = SURFACE_STYLE_FILL_AREA ( #5320 ) ;
#8677 = ORIENTED_EDGE ( 'NONE', *, *, #4501, .F. ) ;
#8678 = CARTESIAN_POINT ( 'NONE',  ( -1.377268131176320187, 0.7696804059452660995, 11.78455947458400033 ) ) ;
#8679 = EDGE_LOOP ( 'NONE', ( #3163, #6378, #7615, #6094, #10701, #10292 ) ) ;
#8680 = CARTESIAN_POINT ( 'NONE',  ( 0.6981879443287409837, -6.200000000000001066, 0.0000000000000000000 ) ) ;
#8681 = CARTESIAN_POINT ( 'NONE',  ( -0.08481702668970260428, 0.2565027697883699997, 11.88455947458399997 ) ) ;
#8682 = DIRECTION ( 'NONE',  ( -1.000000000000000000, 0.0000000000000000000, 0.0000000000000000000 ) ) ;
#8683 = COLOUR_RGB ( '',1.000000000000000000, 1.000000000000000000, 0.0000000000000000000 ) ;
#8684 = SURFACE_SIDE_STYLE ('',( #5444 ) ) ;
#8685 = ADVANCED_FACE ( 'NONE', ( #6874 ), #2770, .T. ) ;
#8686 = STYLED_ITEM ( 'NONE', ( #6389 ), #9885 ) ;
#8687 = MECHANICAL_DESIGN_GEOMETRIC_PRESENTATION_REPRESENTATION (  '', ( #2693 ), #1663 ) ;
#8688 = DIRECTION ( 'NONE',  ( 1.000000000000000000, 0.0000000000000000000, -0.0000000000000000000 ) ) ;
#8689 = VECTOR ( 'NONE', #8543, 1000.000000000000000 ) ;
#8690 = ADVANCED_FACE ( 'NONE', ( #6096 ), #239, .T. ) ;
#8691 = EDGE_LOOP ( 'NONE', ( #2887, #3174, #576, #700 ) ) ;
#8692 = LINE ( 'NONE', #6108, #7457 ) ;
#8693 = AXIS2_PLACEMENT_3D ( 'NONE', #6403, #6343, #9734 ) ;
#8694 = CARTESIAN_POINT ( 'NONE',  ( 3.876735726934809723, 5.975341119790766875, 2.249700255633616752 ) ) ;
#8695 = CARTESIAN_POINT ( 'NONE',  ( 1.375000000000000000, -3.072439817376820148, 5.691858092819041204 ) ) ;
#8696 = STYLED_ITEM ( 'NONE', ( #2948 ), #8731 ) ;
#8697 = CARTESIAN_POINT ( 'NONE',  ( 0.3335752423176610026, -0.008180959406275060269, 11.78455947458400033 ) ) ;
#8698 = CARTESIAN_POINT ( 'NONE',  ( -4.453928499320491063, -5.795199161759920337, 9.372862536810732337 ) ) ;
#8699 = ADVANCED_FACE ( 'NONE', ( #2600 ), #3608, .T. ) ;
#8700 = DIRECTION ( 'NONE',  ( 0.0000000000000000000, 0.0000000000000000000, -1.000000000000000000 ) ) ;
#8701 = VECTOR ( 'NONE', #5059, 1000.000000000000000 ) ;
#8702 = DIRECTION ( 'NONE',  ( 0.0000000000000000000, -1.000000000000000000, 1.658182125529445987E-16 ) ) ;
#8703 = SURFACE_SIDE_STYLE ('',( #8860 ) ) ;
#8704 =( LENGTH_UNIT ( ) NAMED_UNIT ( * ) SI_UNIT ( .MILLI., .METRE. ) );
#8705 = DIRECTION ( 'NONE',  ( -0.0000000000000000000, 0.0000000000000000000, 1.000000000000000000 ) ) ;
#8706 = MECHANICAL_DESIGN_GEOMETRIC_PRESENTATION_REPRESENTATION (  '', ( #7837 ), #10790 ) ;
#8707 = EDGE_CURVE ( 'NONE', #3661, #4585, #5664, .T. ) ;
#8708 = LINE ( 'NONE', #5351, #766 ) ;
#8709 = VERTEX_POINT ( 'NONE', #9812 ) ;
#8710 = ORIENTED_EDGE ( 'NONE', *, *, #7906, .T. ) ;
#8711 = ADVANCED_FACE ( 'NONE', ( #3889 ), #8946, .T. ) ;
#8712 = SURFACE_SIDE_STYLE ('',( #6299 ) ) ;
#8713 = UNCERTAINTY_MEASURE_WITH_UNIT (LENGTH_MEASURE( 1.000000000000000082E-05 ), #9000, 'distance_accuracy_value', 'NONE');
#8714 = ORIENTED_EDGE ( 'NONE', *, *, #5616, .T. ) ;
#8715 = SURFACE_STYLE_USAGE ( .BOTH. , #7068 ) ;
#8716 = COLOUR_RGB ( '',1.000000000000000000, 1.000000000000000000, 1.000000000000000000 ) ;
#8717 =( NAMED_UNIT ( * ) SI_UNIT ( $, .STERADIAN. ) SOLID_ANGLE_UNIT ( ) );
#8718 = SURFACE_STYLE_FILL_AREA ( #1169 ) ;
#8719 = VECTOR ( 'NONE', #9728, 1000.000000000000000 ) ;
#8720 =( NAMED_UNIT ( * ) SI_UNIT ( $, .STERADIAN. ) SOLID_ANGLE_UNIT ( ) );
#8721 = UNCERTAINTY_MEASURE_WITH_UNIT (LENGTH_MEASURE( 1.000000000000000082E-05 ), #4680, 'distance_accuracy_value', 'NONE');
#8722 = PRESENTATION_LAYER_ASSIGNMENT (  '', '', ( #8900 ) ) ;
#8723 = LINE ( 'NONE', #9746, #9215 ) ;
#8724 = CARTESIAN_POINT ( 'NONE',  ( -0.1133372416764529961, 0.04697709556481100002, 11.78455947458398789 ) ) ;
#8725 = ORIENTED_EDGE ( 'NONE', *, *, #670, .F. ) ;
#8726 = CARTESIAN_POINT ( 'NONE',  ( 2.911888495329709947, -0.5194762205607580396, 11.88455947458399997 ) ) ;
#8727 = ORIENTED_EDGE ( 'NONE', *, *, #249, .F. ) ;
#8728 = STYLED_ITEM ( 'NONE', ( #3800 ), #3315 ) ;
#8729 = LINE ( 'NONE', #1183, #9107 ) ;
#8730 =( GEOMETRIC_REPRESENTATION_CONTEXT ( 3 ) GLOBAL_UNCERTAINTY_ASSIGNED_CONTEXT ( ( #3848 ) ) GLOBAL_UNIT_ASSIGNED_CONTEXT ( ( #10032, #2594, #857 ) ) REPRESENTATION_CONTEXT ( 'NONE', 'WORKASPACE' ) );
#8731 = ADVANCED_FACE ( 'NONE', ( #7981 ), #4352, .T. ) ;
#8732 = UNCERTAINTY_MEASURE_WITH_UNIT (LENGTH_MEASURE( 1.000000000000000082E-05 ), #843, 'distance_accuracy_value', 'NONE');
#8733 = SURFACE_STYLE_FILL_AREA ( #3887 ) ;
#8734 = EDGE_LOOP ( 'NONE', ( #2820, #4542, #2230, #10747 ) ) ;
#8735 = SURFACE_STYLE_USAGE ( .BOTH. , #9324 ) ;
#8737 = DIRECTION ( 'NONE',  ( 0.0000000000000000000, -1.445602896647340100E-15, -1.000000000000000000 ) ) ;
#8736 = COLOUR_RGB ( '',0.1764705882352941013, 0.1764705882352941013, 0.1764705882352941013 ) ;
#8738 = VERTEX_POINT ( 'NONE', #2328 ) ;
#8739 = DIRECTION ( 'NONE',  ( -1.604941620322706689E-31, 1.604941620322706689E-31, 1.000000000000000000 ) ) ;
#8740 = VERTEX_POINT ( 'NONE', #3386 ) ;
#8741 = CARTESIAN_POINT ( 'NONE',  ( -0.5832167597487419863, 0.8058249842585190059, 11.78455947458399500 ) ) ;
#8742 = CARTESIAN_POINT ( 'NONE',  ( -6.500000000000000888, 3.077560182623180651, 1.091858092819040005 ) ) ;
#8743 = CARTESIAN_POINT ( 'NONE',  ( -4.301812055671259571, -6.200000000000001066, 3.829661382108490239E-18 ) ) ;
#8744 = SURFACE_SIDE_STYLE ('',( #8843 ) ) ;
#8745 = CLOSED_SHELL ( 'NONE', ( #399, #4528, #2992, #5672, #344, #3315, #7914, #9207, #762, #6955, #5909, #7766, #536, #2045, #10083, #10893, #5445, #2826, #1576, #6417, #8201, #10265, #8365, #8228, #5122, #6010, #1700, #7619, #5136, #8299, #2063, #6811, #8690, #7346, #6002, #3511, #6926, #10029, #10694, #8711, #1852, #2963, #8817, #6530, #4776, #2917, #4837, #1274, #8699, #1229, #3720, #2355, #1948, #5550, #3099, #481, #1412, #9213, #1549, #8232, #3027, #2980, #75, #6255, #1297, #9571, #8965, #430, #2049, #4760, #190, #3568, #5604, #5694, #2680, #10459, #4691, #561, #745, #209, #10642, #8893, #1555, #7559, #4378, #5765, #10861, #5928, #8611, #1376, #1422, #5008, #4303 ) ) ;
#8746 = EDGE_LOOP ( 'NONE', ( #4408, #1240, #252 ) ) ;
#8747 = EDGE_CURVE ( 'NONE', #298, #6205, #846, .T. ) ;
#8748 = ORIENTED_EDGE ( 'NONE', *, *, #8886, .T. ) ;
#8749 = LINE ( 'NONE', #3624, #630 ) ;
#8750 = CARTESIAN_POINT ( 'NONE',  ( 4.453928499320490175, 5.094634297978539728, 9.134056763649148536 ) ) ;
#8751 = DIRECTION ( 'NONE',  ( -1.000000000000000000, 0.0000000000000000000, -0.0000000000000000000 ) ) ;
#8752 = DIRECTION ( 'NONE',  ( 1.000000000000000000, 0.0000000000000000000, -6.419766481290769828E-30 ) ) ;
#8753 = CARTESIAN_POINT ( 'NONE',  ( 6.513276922344950925, 3.101520183108081863, 11.70411371344519758 ) ) ;
#8754 = DIRECTION ( 'NONE',  ( 0.0000000000000000000, -0.0000000000000000000, -1.000000000000000000 ) ) ;
#8755 = AXIS2_PLACEMENT_3D ( 'NONE', #10569, #7916, #2221 ) ;
#8756 = FILL_AREA_STYLE ('',( #2857 ) ) ;
#8757 = LINE ( 'NONE', #5460, #10323 ) ;
#8758 = FILL_AREA_STYLE_COLOUR ( '', #5349 ) ;
#8759 = SURFACE_STYLE_FILL_AREA ( #8158 ) ;
#8760 = ADVANCED_FACE ( 'NONE', ( #6762 ), #7575, .T. ) ;
#8761 = ORIENTED_EDGE ( 'NONE', *, *, #4140, .T. ) ;
#8762 = AXIS2_PLACEMENT_3D ( 'NONE', #345, #10396, #3702 ) ;
#8763 = ORIENTED_EDGE ( 'NONE', *, *, #9644, .F. ) ;
#8764 = CARTESIAN_POINT ( 'NONE',  ( -4.599635752693309598, 5.261314246948209927, 9.134261975773286579 ) ) ;
#8765 = DIRECTION ( 'NONE',  ( 0.0000000000000000000, 0.0000000000000000000, 1.000000000000000000 ) ) ;
#8766 = EDGE_CURVE ( 'NONE', #6322, #4877, #8234, .T. ) ;
#8767 =( NAMED_UNIT ( * ) SI_UNIT ( $, .STERADIAN. ) SOLID_ANGLE_UNIT ( ) );
#8768 = CARTESIAN_POINT ( 'NONE',  ( 0.9841776519562150938, -0.8206810398378659999, 11.88455947458399997 ) ) ;
#8769 = AXIS2_PLACEMENT_3D ( 'NONE', #8680, #4662, #3671 ) ;
#8770 = AXIS2_PLACEMENT_3D ( 'NONE', #5706, #9038, #1335 ) ;
#8771 = ADVANCED_FACE ( 'NONE', ( #8392 ), #4039, .T. ) ;
#8772 = MECHANICAL_DESIGN_GEOMETRIC_PRESENTATION_REPRESENTATION (  '', ( #4196 ), #5969 ) ;
#8773 = LINE ( 'NONE', #3820, #862 ) ;
#8774 = DIRECTION ( 'NONE',  ( 0.0000000000000000000, -1.000000000000000000, -0.0000000000000000000 ) ) ;
#8775 =( GEOMETRIC_REPRESENTATION_CONTEXT ( 3 ) GLOBAL_UNCERTAINTY_ASSIGNED_CONTEXT ( ( #2322 ) ) GLOBAL_UNIT_ASSIGNED_CONTEXT ( ( #3655, #1125, #7028 ) ) REPRESENTATION_CONTEXT ( 'NONE', 'WORKASPACE' ) );
#8776 = SURFACE_SIDE_STYLE ('',( #5541 ) ) ;
#8777 = ORIENTED_EDGE ( 'NONE', *, *, #6332, .F. ) ;
#8778 = DIRECTION ( 'NONE',  ( -1.000000000000000000, 0.0000000000000000000, 0.0000000000000000000 ) ) ;
#8779 = CARTESIAN_POINT ( 'NONE',  ( 1.634780061594770073, 0.2883174627557080205, 11.78455947458399855 ) ) ;
#8780 = CARTESIAN_POINT ( 'NONE',  ( -3.753928499320489998, 5.795199161759920337, 9.372862536810727008 ) ) ;
#8781 = LINE ( 'NONE', #3217, #10384 ) ;
#8782 = AXIS2_PLACEMENT_3D ( 'NONE', #7854, #7681, #2057 ) ;
#8783 = PRESENTATION_LAYER_ASSIGNMENT (  '', '', ( #2605 ) ) ;
#8784 = CARTESIAN_POINT ( 'NONE',  ( -0.1483524685257129883, -0.4074656238135029862, 11.88455947458399997 ) ) ;
#8785 = EDGE_LOOP ( 'NONE', ( #2994, #9436, #903, #3879 ) ) ;
#8786 = LINE ( 'NONE', #3722, #678 ) ;
#8787 = SURFACE_STYLE_USAGE ( .BOTH. , #3834 ) ;
#8788 = ORIENTED_EDGE ( 'NONE', *, *, #9704, .F. ) ;
#8789 = ORIENTED_EDGE ( 'NONE', *, *, #3373, .F. ) ;
#8790 =( NAMED_UNIT ( * ) PLANE_ANGLE_UNIT ( ) SI_UNIT ( $, .RADIAN. ) );
#8791 = AXIS2_PLACEMENT_3D ( 'NONE', #8574, #8410, #2777 ) ;
#8792 = CARTESIAN_POINT ( 'NONE',  ( 3.198187944328739984, 6.200000000000001066, 0.9999999999999985567 ) ) ;
#8793 = DIRECTION ( 'NONE',  ( 0.0000000000000000000, 0.0000000000000000000, 1.000000000000000000 ) ) ;
#8794 = DIRECTION ( 'NONE',  ( -0.0000000000000000000, 1.000000000000000000, -0.0000000000000000000 ) ) ;
#8795 = ORIENTED_EDGE ( 'NONE', *, *, #661, .F. ) ;
#8796 = PRESENTATION_LAYER_ASSIGNMENT (  '', '', ( #4748 ) ) ;
#8797 = SURFACE_SIDE_STYLE ('',( #1374 ) ) ;
#8798 = ORIENTED_EDGE ( 'NONE', *, *, #5313, .F. ) ;
#8799 =( NAMED_UNIT ( * ) SI_UNIT ( $, .STERADIAN. ) SOLID_ANGLE_UNIT ( ) );
#8800 = SURFACE_STYLE_FILL_AREA ( #10602 ) ;
#8801 = DIRECTION ( 'NONE',  ( -0.0000000000000000000, 0.0000000000000000000, 1.000000000000000000 ) ) ;
#8802 = CARTESIAN_POINT ( 'NONE',  ( 4.999999999999999112, 3.077560182623180651, 1.091858092819040005 ) ) ;
#8803 = SURFACE_SIDE_STYLE ('',( #10381 ) ) ;
#8804 = LINE ( 'NONE', #3808, #7307 ) ;
#8805 = PRESENTATION_LAYER_ASSIGNMENT (  '', '', ( #7058 ) ) ;
#8806 =( GEOMETRIC_REPRESENTATION_CONTEXT ( 3 ) GLOBAL_UNCERTAINTY_ASSIGNED_CONTEXT ( ( #4300 ) ) GLOBAL_UNIT_ASSIGNED_CONTEXT ( ( #7568, #3377, #3155 ) ) REPRESENTATION_CONTEXT ( 'NONE', 'WORKASPACE' ) );
#8807 = ORIENTED_EDGE ( 'NONE', *, *, #3035, .T. ) ;
#8808 = VECTOR ( 'NONE', #9791, 1000.000000000000000 ) ;
#8809 = ORIENTED_EDGE ( 'NONE', *, *, #4014, .F. ) ;
#8810 = CARTESIAN_POINT ( 'NONE',  ( 4.453928499320490175, -5.104241747859729728, 2.236059354321879855 ) ) ;
#8811 = LINE ( 'NONE', #650, #2877 ) ;
#8812 = DIRECTION ( 'NONE',  ( 0.0000000000000000000, 0.0000000000000000000, 1.000000000000000000 ) ) ;
#8813 = PLANE ( 'NONE',  #5835 ) ;
#8814 = MECHANICAL_DESIGN_GEOMETRIC_PRESENTATION_REPRESENTATION (  '', ( #9688 ), #6896 ) ;
#8815 = CARTESIAN_POINT ( 'NONE',  ( 1.393816206173080108, 0.4831593618237119969, 11.88455947458399997 ) ) ;
#8816 = DIRECTION ( 'NONE',  ( -0.0000000000000000000, -0.0000000000000000000, -1.000000000000000000 ) ) ;
#8817 = ADVANCED_FACE ( 'NONE', ( #3541 ), #1062, .T. ) ;
#8818 = PRESENTATION_LAYER_ASSIGNMENT (  '', '', ( #7956 ) ) ;
#8819 = CARTESIAN_POINT ( 'NONE',  ( 6.500000000000000888, -3.072439817376820148, 5.691858092819041204 ) ) ;
#8820 = ADVANCED_FACE ( 'NONE', ( #289 ), #4368, .T. ) ;
#8821 = VECTOR ( 'NONE', #5860, 1000.000000000000000 ) ;
#8822 = STYLED_ITEM ( 'NONE', ( #10157 ), #7295 ) ;
#8823 = CARTESIAN_POINT ( 'NONE',  ( 6.610175751530340094, -3.072439817376820148, -0.08657411874590380252 ) ) ;
#8824 = VECTOR ( 'NONE', #9470, 1000.000000000000000 ) ;
#8825 = FILL_AREA_STYLE ('',( #5424 ) ) ;
#8826 = ORIENTED_EDGE ( 'NONE', *, *, #6492, .T. ) ;
#8827 = SURFACE_STYLE_USAGE ( .BOTH. , #6309 ) ;
#8828 = FILL_AREA_STYLE_COLOUR ( '', #9612 ) ;
#8829 = EDGE_CURVE ( 'NONE', #1836, #1996, #7625, .T. ) ;
#8830 = ORIENTED_EDGE ( 'NONE', *, *, #1638, .F. ) ;
#8831 = DIRECTION ( 'NONE',  ( -0.0000000000000000000, 0.0000000000000000000, 1.000000000000000000 ) ) ;
#8832 = MECHANICAL_DESIGN_GEOMETRIC_PRESENTATION_REPRESENTATION (  '', ( #4609 ), #3394 ) ;
#8833 = CARTESIAN_POINT ( 'NONE',  ( -5.900000000000005684, -6.200000000000001066, 9.574153455271225598E-19 ) ) ;
#8834 = ORIENTED_EDGE ( 'NONE', *, *, #2390, .F. ) ;
#8835 = DIRECTION ( 'NONE',  ( 0.0000000000000000000, -1.000000000000000000, 0.0000000000000000000 ) ) ;
#8836 = SURFACE_STYLE_FILL_AREA ( #10476 ) ;
#8837 = ORIENTED_EDGE ( 'NONE', *, *, #7601, .T. ) ;
#8838 = ORIENTED_EDGE ( 'NONE', *, *, #8357, .T. ) ;
#8839 = EDGE_CURVE ( 'NONE', #9354, #2408, #9395, .T. ) ;
#8840 = PRESENTATION_STYLE_ASSIGNMENT (( #5558 ) ) ;
#8841 = FILL_AREA_STYLE_COLOUR ( '', #10429 ) ;
#8842 = ORIENTED_EDGE ( 'NONE', *, *, #9156, .T. ) ;
#8843 = SURFACE_STYLE_FILL_AREA ( #7989 ) ;
#8844 = UNCERTAINTY_MEASURE_WITH_UNIT (LENGTH_MEASURE( 1.000000000000000082E-05 ), #2513, 'distance_accuracy_value', 'NONE');
#8845 = CARTESIAN_POINT ( 'NONE',  ( -4.301812055671259571, -6.200000000000001066, 1.914830691054215075E-18 ) ) ;
#8846 = AXIS2_PLACEMENT_3D ( 'NONE', #8261, #6839, #1546 ) ;
#8847 = ORIENTED_EDGE ( 'NONE', *, *, #4505, .F. ) ;
#8848 = CARTESIAN_POINT ( 'NONE',  ( -1.699999999999999956, 3.275000000000004796, 1.649999999999999911 ) ) ;
#8849 =( NAMED_UNIT ( * ) SI_UNIT ( $, .STERADIAN. ) SOLID_ANGLE_UNIT ( ) );
#8850 = CARTESIAN_POINT ( 'NONE',  ( 2.750000000000000444, 4.349999999999999645, -4.673891202419779844 ) ) ;
#8851 =( BOUNDED_CURVE ( )  B_SPLINE_CURVE ( 2, ( #4422, #3650, #5249, #3705, #9421, #223, #3487, #3599, #2818 ),
 .UNSPECIFIED., .F., .F. ) 
 B_SPLINE_CURVE_WITH_KNOTS ( ( 3, 2, 2, 2, 3 ),
 ( 0.0000000000000000000, 0.01168622710878647157, 0.01216924588266204282, 0.02488047066436156404, 0.02536348943823713356 ),
 .UNSPECIFIED. ) 
 CURVE ( )  GEOMETRIC_REPRESENTATION_ITEM ( )  RATIONAL_B_SPLINE_CURVE ( ( 1.000000000000000000, 1.000000000000000000, 1.000000000000000000, 0.7071067811865489050, 1.000000000000000000, 1.000000000000000000, 1.000000000000000000, 0.7071067811865459074, 1.000000000000000000 ) ) 
 REPRESENTATION_ITEM ( '' )  );
#8852 = STYLED_ITEM ( 'NONE', ( #8976 ), #10622 ) ;
#8853 = VECTOR ( 'NONE', #5567, 1000.000000000000000 ) ;
#8854 = CARTESIAN_POINT ( 'NONE',  ( 4.950000000000000178, -5.900000000000000355, 10.50000000000000000 ) ) ;
#8855 = CARTESIAN_POINT ( 'NONE',  ( -0.6963568918036270317, 0.1672707673910489856, 11.78455947458400033 ) ) ;
#8856 = UNCERTAINTY_MEASURE_WITH_UNIT (LENGTH_MEASURE( 1.000000000000000082E-05 ), #3103, 'distance_accuracy_value', 'NONE');
#8857 = DIRECTION ( 'NONE',  ( 0.0000000000000000000, 0.0000000000000000000, 1.000000000000000000 ) ) ;
#8858 = AXIS2_PLACEMENT_3D ( 'NONE', #4725, #433, #6390 ) ;
#8859 =( LENGTH_UNIT ( ) NAMED_UNIT ( * ) SI_UNIT ( .MILLI., .METRE. ) );
#8860 = SURFACE_STYLE_FILL_AREA ( #6293 ) ;
#8861 = VECTOR ( 'NONE', #4006, 1000.000000000000000 ) ;
#8862 = CARTESIAN_POINT ( 'NONE',  ( 0.3335752423176610026, -0.008180959406275060269, 11.78455947458400033 ) ) ;
#8863 = EDGE_CURVE ( 'NONE', #9326, #2337, #9308, .T. ) ;
#8864 = EDGE_LOOP ( 'NONE', ( #9979, #6483, #2177, #4758 ) ) ;
#8865 = ORIENTED_EDGE ( 'NONE', *, *, #10633, .T. ) ;
#8866 = VECTOR ( 'NONE', #10583, 1000.000000000000000 ) ;
#8867 = DIRECTION ( 'NONE',  ( -1.000000000000000000, 0.0000000000000000000, 0.0000000000000000000 ) ) ;
#8868 = SURFACE_STYLE_FILL_AREA ( #6249 ) ;
#8869 = CARTESIAN_POINT ( 'NONE',  ( -0.5474486932046990217, -0.02248822279261979834, 11.88455947458400175 ) ) ;
#8870 = PRESENTATION_STYLE_ASSIGNMENT (( #455 ) ) ;
#8871 =( GEOMETRIC_REPRESENTATION_CONTEXT ( 3 ) GLOBAL_UNCERTAINTY_ASSIGNED_CONTEXT ( ( #5269 ) ) GLOBAL_UNIT_ASSIGNED_CONTEXT ( ( #4435, #80, #126 ) ) REPRESENTATION_CONTEXT ( 'NONE', 'WORKASPACE' ) );
#8872 = FACE_BOUND ( 'NONE', #3123, .T. ) ;
#8873 = EDGE_CURVE ( 'NONE', #4608, #4705, #2697, .T. ) ;
#8874 = PRESENTATION_LAYER_ASSIGNMENT (  '', '', ( #4484 ) ) ;
#8875 = EDGE_CURVE ( 'NONE', #1237, #6855, #8723, .T. ) ;
#8876 =( NAMED_UNIT ( * ) SI_UNIT ( $, .STERADIAN. ) SOLID_ANGLE_UNIT ( ) );
#8877 = SURFACE_SIDE_STYLE ('',( #4538 ) ) ;
#8878 = SURFACE_STYLE_USAGE ( .BOTH. , #8776 ) ;
#8879 = ORIENTED_EDGE ( 'NONE', *, *, #3107, .T. ) ;
#8880 = SURFACE_STYLE_USAGE ( .BOTH. , #625 ) ;
#8881 = CARTESIAN_POINT ( 'NONE',  ( 1.634780061594770073, -0.008180959406275060269, 11.78455947458399855 ) ) ;
#8882 = AXIS2_PLACEMENT_3D ( 'NONE', #3024, #4679, #492 ) ;
#8883 = CARTESIAN_POINT ( 'NONE',  ( 0.0000000000000000000, 5.795199161759920337, 9.372862536810727008 ) ) ;
#8884 = DIRECTION ( 'NONE',  ( 0.0000000000000000000, 0.0000000000000000000, -1.000000000000000000 ) ) ;
#8885 = ORIENTED_EDGE ( 'NONE', *, *, #7790, .F. ) ;
#8886 = EDGE_CURVE ( 'NONE', #8251, #4829, #9693, .T. ) ;
#8887 = CARTESIAN_POINT ( 'NONE',  ( -1.371779538879631444, -4.349999999999983658, 9.650621710657890292E-18 ) ) ;
#8888 = STYLED_ITEM ( 'NONE', ( #925 ), #9069 ) ;
#8889 = CARTESIAN_POINT ( 'NONE',  ( -0.9676295769594479568, -0.4351388711631680173, 11.88455947458399997 ) ) ;
#8890 = DIRECTION ( 'NONE',  ( -0.0000000000000000000, -1.000000000000000000, -0.0000000000000000000 ) ) ;
#8891 = MECHANICAL_DESIGN_GEOMETRIC_PRESENTATION_REPRESENTATION (  '', ( #976 ), #10809 ) ;
#8892 = VERTEX_POINT ( 'NONE', #9532 ) ;
#8893 = ADVANCED_FACE ( 'NONE', ( #4696 ), #8130, .F. ) ;
#8894 = CARTESIAN_POINT ( 'NONE',  ( 3.198187944328741317, 5.900000000000003908, 2.000000000000000000 ) ) ;
#8895 = FILL_AREA_STYLE_COLOUR ( '', #8992 ) ;
#8896 = EDGE_LOOP ( 'NONE', ( #3679, #1829 ) ) ;
#8897 = DIRECTION ( 'NONE',  ( -0.0000000000000000000, 0.0000000000000000000, -1.000000000000000000 ) ) ;
#8898 = ORIENTED_EDGE ( 'NONE', *, *, #1879, .T. ) ;
#8899 = CARTESIAN_POINT ( 'NONE',  ( 1.128220461120369666, -4.349999999999995204, 2.000000000000000000 ) ) ;
#8900 = STYLED_ITEM ( 'NONE', ( #502 ), #2992 ) ;
#8901 = CARTESIAN_POINT ( 'NONE',  ( -4.453928499320490175, -5.095394788380448681, 9.121511058380409764 ) ) ;
#8902 = LINE ( 'NONE', #8743, #8117 ) ;
#8903 = ORIENTED_EDGE ( 'NONE', *, *, #4050, .F. ) ;
#8904 = SURFACE_STYLE_FILL_AREA ( #9496 ) ;
#8905 = EDGE_CURVE ( 'NONE', #7943, #10037, #6254, .T. ) ;
#8906 = VECTOR ( 'NONE', #9165, 1000.000000000000000 ) ;
#8907 = ORIENTED_EDGE ( 'NONE', *, *, #273, .T. ) ;
#8908 = LINE ( 'NONE', #1372, #767 ) ;
#8909 = DIRECTION ( 'NONE',  ( -1.000000000000000000, 0.0000000000000000000, 0.0000000000000000000 ) ) ;
#8910 = DIRECTION ( 'NONE',  ( 0.08293612690015354783, 0.9965548649496431821, 0.0000000000000000000 ) ) ;
#8911 = UNCERTAINTY_MEASURE_WITH_UNIT (LENGTH_MEASURE( 1.000000000000000082E-05 ), #10700, 'distance_accuracy_value', 'NONE');
#8912 = SURFACE_SIDE_STYLE ('',( #4847 ) ) ;
#8913 =( NAMED_UNIT ( * ) PLANE_ANGLE_UNIT ( ) SI_UNIT ( $, .RADIAN. ) );
#8914 = DIRECTION ( 'NONE',  ( -1.546750702438347917E-16, 2.689679381759889976E-16, -1.000000000000000000 ) ) ;
#8915 =( NAMED_UNIT ( * ) PLANE_ANGLE_UNIT ( ) SI_UNIT ( $, .RADIAN. ) );
#8916 = FILL_AREA_STYLE ('',( #7484 ) ) ;
#8917 = CARTESIAN_POINT ( 'NONE',  ( 6.500000000000000888, 3.077560182623180651, -0.3081419071809570198 ) ) ;
#8918 = CARTESIAN_POINT ( 'NONE',  ( -5.000000000000000000, 3.077560182623180651, -0.3081419071809570198 ) ) ;
#8919 = SURFACE_STYLE_USAGE ( .BOTH. , #3857 ) ;
#8920 = VERTEX_POINT ( 'NONE', #1282 ) ;
#8921 = VERTEX_POINT ( 'NONE', #3094 ) ;
#8922 = SURFACE_STYLE_USAGE ( .BOTH. , #2303 ) ;
#8923 = CARTESIAN_POINT ( 'NONE',  ( -4.453928499320490175, -5.104241747859729728, 2.236059354321879855 ) ) ;
#8924 = PLANE ( 'NONE',  #3450 ) ;
#8925 = COLOUR_RGB ( '',0.7450980392156862919, 0.7450980392156862919, 0.7450980392156862919 ) ;
#8926 = CARTESIAN_POINT ( 'NONE',  ( 2.160636889256319915, -3.952384553517649834, 1.972862536810730205 ) ) ;
#8927 =( NAMED_UNIT ( * ) PLANE_ANGLE_UNIT ( ) SI_UNIT ( $, .RADIAN. ) );
#8928 = ADVANCED_FACE ( 'NONE', ( #4641 ), #2005, .T. ) ;
#8929 = DIRECTION ( 'NONE',  ( 1.000000000000000000, 0.0000000000000000000, 0.0000000000000000000 ) ) ;
#8930 = STYLED_ITEM ( 'NONE', ( #6206 ), #4303 ) ;
#8931 = DIRECTION ( 'NONE',  ( -1.658182125529443522E-16, -1.658182125529443769E-16, 1.000000000000000000 ) ) ;
#8932 = FILL_AREA_STYLE ('',( #3938 ) ) ;
#8933 = B_SPLINE_SURFACE_WITH_KNOTS ( 'NONE', 1, 2, ( 
 ( #10250, #6045, #6102, #1914, #4337, #8620, #6783, #2606, #10095, #9280, #2565, #1083, #9332, #1805, #7702 ),
 ( #2122, #2076, #2957, #5499, #529, #7102, #10584, #9716, #3897, #7041, #7268, #10426, #1190, #3067, #10363 ) ),
 .UNSPECIFIED., .F., .F., .F.,
 ( 2, 2 ),
 ( 3, 2, 2, 2, 2, 2, 2, 3 ),
 ( 0.0000000000000000000, 0.1000000000000000056 ),
 ( 9.000000000000000000, 10.00000000000000000, 11.00000000000000000, 12.00000000000000000, 13.00000000000000000, 14.00000000000000000, 15.00000000000000000, 16.00000000000000000 ),
 .UNSPECIFIED. ) ;
#8934 = VERTEX_POINT ( 'NONE', #509 ) ;
#8935 = DIRECTION ( 'NONE',  ( -1.000000000000000000, 0.0000000000000000000, -0.0000000000000000000 ) ) ;
#8936 = PRESENTATION_STYLE_ASSIGNMENT (( #2319 ) ) ;
#8937 =( LENGTH_UNIT ( ) NAMED_UNIT ( * ) SI_UNIT ( .MILLI., .METRE. ) );
#8938 = AXIS2_PLACEMENT_3D ( 'NONE', #3535, #9303, #9361 ) ;
#8939 = ORIENTED_EDGE ( 'NONE', *, *, #4050, .T. ) ;
#8940 = SURFACE_SIDE_STYLE ('',( #1620 ) ) ;
#8941 = EDGE_CURVE ( 'NONE', #4813, #8300, #4768, .T. ) ;
#8942 = CARTESIAN_POINT ( 'NONE',  ( -0.3736912693688200782, -0.02248822279261979834, 11.78455947458400033 ) ) ;
#8943 = FILL_AREA_STYLE_COLOUR ( '', #4450 ) ;
#8944 = EDGE_LOOP ( 'NONE', ( #5582, #7747, #4754, #865 ) ) ;
#8945 = AXIS2_PLACEMENT_3D ( 'NONE', #1767, #6690, #39 ) ;
#8946 = PLANE ( 'NONE',  #7485 ) ;
#8947 = FILL_AREA_STYLE ('',( #5608 ) ) ;
#8948 = ORIENTED_EDGE ( 'NONE', *, *, #79, .F. ) ;
#8949 = CARTESIAN_POINT ( 'NONE',  ( -4.950000000000000178, 5.900000000000000355, 10.50000000000000000 ) ) ;
#8950 = ORIENTED_EDGE ( 'NONE', *, *, #3256, .F. ) ;
#8951 = LINE ( 'NONE', #5497, #1639 ) ;
#8952 = SURFACE_STYLE_FILL_AREA ( #641 ) ;
#8953 = DIRECTION ( 'NONE',  ( -0.0000000000000000000, 1.000000000000000000, 0.0000000000000000000 ) ) ;
#8954 = ORIENTED_EDGE ( 'NONE', *, *, #10791, .T. ) ;
#8955 = DIRECTION ( 'NONE',  ( -0.0000000000000000000, 0.0000000000000000000, -1.000000000000000000 ) ) ;
#8956 = COLOUR_RGB ( '',0.1764705882352941013, 0.1764705882352941013, 0.1764705882352941013 ) ;
#8957 = EDGE_CURVE ( 'NONE', #6790, #10479, #2459, .T. ) ;
#8958 = UNCERTAINTY_MEASURE_WITH_UNIT (LENGTH_MEASURE( 1.000000000000000082E-05 ), #6653, 'distance_accuracy_value', 'NONE');
#8959 = STYLED_ITEM ( 'NONE', ( #8603 ), #536 ) ;
#8960 = DIRECTION ( 'NONE',  ( 0.0000000000000000000, -0.0000000000000000000, -1.000000000000000000 ) ) ;
#8961 = ORIENTED_EDGE ( 'NONE', *, *, #7834, .T. ) ;
#8962 = LINE ( 'NONE', #7995, #10058 ) ;
#8963 = FACE_OUTER_BOUND ( 'NONE', #333, .T. ) ;
#8964 = DIRECTION ( 'NONE',  ( -1.000000000000000000, 0.0000000000000000000, 0.0000000000000000000 ) ) ;
#8965 = ADVANCED_FACE ( 'NONE', ( #5799 ), #10874, .T. ) ;
#8966 = LINE ( 'NONE', #8854, #22 ) ;
#8967 = PRESENTATION_STYLE_ASSIGNMENT (( #5795 ) ) ;
#8968 = UNCERTAINTY_MEASURE_WITH_UNIT (LENGTH_MEASURE( 1.000000000000000082E-05 ), #1142, 'distance_accuracy_value', 'NONE');
#8969 = CARTESIAN_POINT ( 'NONE',  ( 4.950000000000000178, 5.900000000000000355, 10.50000000000000000 ) ) ;
#8970 = CARTESIAN_POINT ( 'NONE',  ( 7.654042494670949841E-18, 4.349999999999999645, -4.673891202419779844 ) ) ;
#8971 = CARTESIAN_POINT ( 'NONE',  ( 2.250000000000000444, 4.099999999999999645, 0.3261087975802219874 ) ) ;
#8972 = DIRECTION ( 'NONE',  ( -0.0000000000000000000, 0.0000000000000000000, -1.000000000000000000 ) ) ;
#8973 = VECTOR ( 'NONE', #7166, 1000.000000000000000 ) ;
#8974 = SURFACE_STYLE_USAGE ( .BOTH. , #9025 ) ;
#8975 = SURFACE_SIDE_STYLE ('',( #2815 ) ) ;
#8976 = PRESENTATION_STYLE_ASSIGNMENT (( #1386 ) ) ;
#8977 = EDGE_LOOP ( 'NONE', ( #9276, #7569 ) ) ;
#8978 = SURFACE_SIDE_STYLE ('',( #3975 ) ) ;
#8979 = CARTESIAN_POINT ( 'NONE',  ( 4.453928499320490175, 5.095199161759920159, 9.372862536810730560 ) ) ;
#8980 = AXIS2_PLACEMENT_3D ( 'NONE', #2870, #9588, #2051 ) ;
#8981 = SURFACE_SIDE_STYLE ('',( #10665 ) ) ;
#8982 = FILL_AREA_STYLE ('',( #3262 ) ) ;
#8983 = CARTESIAN_POINT ( 'NONE',  ( -5.250000000000000000, -4.599999999999999645, -4.673891202419779844 ) ) ;
#8984 = STYLED_ITEM ( 'NONE', ( #3168 ), #2675 ) ;
#8985 = CIRCLE ( 'NONE', #4228, 0.3000000000000007661 ) ;
#8986 = FILL_AREA_STYLE_COLOUR ( '', #10760 ) ;
#8987 = SURFACE_STYLE_FILL_AREA ( #563 ) ;
#8988 = AXIS2_PLACEMENT_3D ( 'NONE', #2316, #5715, #1511 ) ;
#8989 = CARTESIAN_POINT ( 'NONE',  ( 3.198187944328740873, 6.200000000000001066, 2.000000000000000000 ) ) ;
#8990 = SURFACE_STYLE_FILL_AREA ( #4968 ) ;
#8991 = ORIENTED_EDGE ( 'NONE', *, *, #5654, .F. ) ;
#8992 = COLOUR_RGB ( '',1.000000000000000000, 1.000000000000000000, 1.000000000000000000 ) ;
#8993 = DIRECTION ( 'NONE',  ( -1.000000000000000000, 0.0000000000000000000, -0.0000000000000000000 ) ) ;
#8994 = ORIENTED_EDGE ( 'NONE', *, *, #4652, .F. ) ;
#8995 = CARTESIAN_POINT ( 'NONE',  ( -4.002845596186371147, 5.924880838070049727, 6.720698216694550193E-17 ) ) ;
#8996 = AXIS2_PLACEMENT_3D ( 'NONE', #2825, #10891, #941 ) ;
#8997 = PRESENTATION_STYLE_ASSIGNMENT (( #10108 ) ) ;
#8998 =( GEOMETRIC_REPRESENTATION_CONTEXT ( 3 ) GLOBAL_UNCERTAINTY_ASSIGNED_CONTEXT ( ( #8101 ) ) GLOBAL_UNIT_ASSIGNED_CONTEXT ( ( #5200, #9422, #1895 ) ) REPRESENTATION_CONTEXT ( 'NONE', 'WORKASPACE' ) );
#8999 = ADVANCED_FACE ( 'NONE', ( #7447 ), #7389, .T. ) ;
#9000 =( LENGTH_UNIT ( ) NAMED_UNIT ( * ) SI_UNIT ( .MILLI., .METRE. ) );
#9001 = CARTESIAN_POINT ( 'NONE',  ( 1.250000000000000000, 4.349999999999999645, 2.422378703875730886E-16 ) ) ;
#9002 = FILL_AREA_STYLE_COLOUR ( '', #9334 ) ;
#9003 = ORIENTED_EDGE ( 'NONE', *, *, #10505, .F. ) ;
#9004 = CARTESIAN_POINT ( 'NONE',  ( 1.801812055671250024, 6.200000000000001066, 2.775557561562890118E-17 ) ) ;
#9005 = ORIENTED_EDGE ( 'NONE', *, *, #2195, .F. ) ;
#9006 = CARTESIAN_POINT ( 'NONE',  ( 0.4064291665979820056, 0.5641081972202309780, 11.78455947458400033 ) ) ;
#9007 = LINE ( 'NONE', #1633, #4618 ) ;
#9008 = MECHANICAL_DESIGN_GEOMETRIC_PRESENTATION_REPRESENTATION (  '', ( #730 ), #4251 ) ;
#9009 = CIRCLE ( 'NONE', #7796, 0.2500000000000002220 ) ;
#9010 = ORIENTED_EDGE ( 'NONE', *, *, #2476, .T. ) ;
#9011 = FILL_AREA_STYLE_COLOUR ( '', #10764 ) ;
#9012 = DIRECTION ( 'NONE',  ( -1.000000000000000000, 0.0000000000000000000, 0.0000000000000000000 ) ) ;
#9013 = VERTEX_POINT ( 'NONE', #4949 ) ;
#9014 = COLOUR_RGB ( '',1.000000000000000000, 1.000000000000000000, 0.0000000000000000000 ) ;
#9015 = VECTOR ( 'NONE', #5408, 1000.000000000000114 ) ;
#9016 = EDGE_CURVE ( 'NONE', #7254, #1295, #6619, .T. ) ;
#9017 = SURFACE_STYLE_FILL_AREA ( #21 ) ;
#9018 = STYLED_ITEM ( 'NONE', ( #2038 ), #10312 ) ;
#9019 = PRESENTATION_STYLE_ASSIGNMENT (( #3189 ) ) ;
#9020 = AXIS2_PLACEMENT_3D ( 'NONE', #163, #9307, #4 ) ;
#9021 = PLANE ( 'NONE',  #725 ) ;
#9022 = SURFACE_STYLE_USAGE ( .BOTH. , #4061 ) ;
#9023 = EDGE_CURVE ( 'NONE', #3607, #10168, #764, .T. ) ;
#9024 = VECTOR ( 'NONE', #3321, 1000.000000000000114 ) ;
#9025 = SURFACE_SIDE_STYLE ('',( #5638 ) ) ;
#9026 = COLOUR_RGB ( '',0.7450980392156862919, 0.7450980392156862919, 0.7450980392156862919 ) ;
#9027 = DIRECTION ( 'NONE',  ( 0.0000000000000000000, 0.0000000000000000000, 1.000000000000000000 ) ) ;
#9028 = B_SPLINE_SURFACE_WITH_KNOTS ( 'NONE', 1, 2, ( 
 ( #6590, #2632, #9206 ),
 ( #2483, #8550, #3439 ) ),
 .UNSPECIFIED., .F., .F., .F.,
 ( 2, 2 ),
 ( 3, 3 ),
 ( 0.0000000000000000000, 0.1000000000000000056 ),
 ( 11.00000000000000000, 12.00000000000000000 ),
 .UNSPECIFIED. ) ;
#9029 = STYLED_ITEM ( 'NONE', ( #9405 ), #9959 ) ;
#9030 = VERTEX_POINT ( 'NONE', #3304 ) ;
#9031 = EDGE_CURVE ( 'NONE', #4664, #5337, #7875, .T. ) ;
#9032 = CARTESIAN_POINT ( 'NONE',  ( -6.610175751530340094, 3.101520183108080975, 11.81236413145950159 ) ) ;
#9033 = CARTESIAN_POINT ( 'NONE',  ( -4.453928499320490175, -5.795199161759918560, 9.372862536810739442 ) ) ;
#9034 = MECHANICAL_DESIGN_GEOMETRIC_PRESENTATION_REPRESENTATION (  '', ( #8324 ), #10766 ) ;
#9035 = CARTESIAN_POINT ( 'NONE',  ( -6.200000000000001066, 3.275000000000000355, 0.0000000000000000000 ) ) ;
#9036 = FILL_AREA_STYLE ('',( #9091 ) ) ;
#9037 = CARTESIAN_POINT ( 'NONE',  ( 6.513276922344959807, -3.072439817376820148, -0.02039752780706730051 ) ) ;
#9038 = DIRECTION ( 'NONE',  ( 1.000000000000000000, 0.0000000000000000000, 0.0000000000000000000 ) ) ;
#9039 = AXIS2_PLACEMENT_3D ( 'NONE', #9567, #2033, #3733 ) ;
#9040 = DIRECTION ( 'NONE',  ( 1.000000000000000000, -1.424478604481709156E-14, 1.348803178618571056E-16 ) ) ;
#9041 = EDGE_CURVE ( 'NONE', #4383, #3604, #5332, .T. ) ;
#9042 = SURFACE_STYLE_USAGE ( .BOTH. , #1556 ) ;
#9043 = EDGE_CURVE ( 'NONE', #1210, #4936, #1088, .T. ) ;
#9044 = VECTOR ( 'NONE', #4273, 1000.000000000000000 ) ;
#9045 =( GEOMETRIC_REPRESENTATION_CONTEXT ( 3 ) GLOBAL_UNCERTAINTY_ASSIGNED_CONTEXT ( ( #10438 ) ) GLOBAL_UNIT_ASSIGNED_CONTEXT ( ( #9686, #6845, #10833 ) ) REPRESENTATION_CONTEXT ( 'NONE', 'WORKASPACE' ) );
#9046 = DIRECTION ( 'NONE',  ( 0.0000000000000000000, 0.0000000000000000000, -1.000000000000000000 ) ) ;
#9047 = CARTESIAN_POINT ( 'NONE',  ( 1.791406567618869961, -0.2905605579101560587, 11.78455947458400033 ) ) ;
#9048 = ORIENTED_EDGE ( 'NONE', *, *, #10597, .T. ) ;
#9049 = SURFACE_STYLE_FILL_AREA ( #3765 ) ;
#9050 = DIRECTION ( 'NONE',  ( -1.000000000000000000, 0.0000000000000000000, 0.0000000000000000000 ) ) ;
#9051 = COLOUR_RGB ( '',0.7450980392156862919, 0.7450980392156862919, 0.7450980392156862919 ) ;
#9052 = CARTESIAN_POINT ( 'NONE',  ( -1.502845596186370036, -5.924880838070049727, 2.000000000000000888 ) ) ;
#9053 = CARTESIAN_POINT ( 'NONE',  ( -4.950000000000000178, -3.274999999999990141, 10.14126039117999944 ) ) ;
#9054 = COLOUR_RGB ( '',0.1764705882352941013, 0.1764705882352941013, 0.1764705882352941013 ) ;
#9055 = FILL_AREA_STYLE ('',( #7471 ) ) ;
#9056 = ORIENTED_EDGE ( 'NONE', *, *, #1958, .T. ) ;
#9057 = DIRECTION ( 'NONE',  ( 0.0000000000000000000, 0.0000000000000000000, -1.000000000000000000 ) ) ;
#9058 = APPLICATION_CONTEXT ( 'automotive_design' ) ;
#9059 =( GEOMETRIC_REPRESENTATION_CONTEXT ( 3 ) GLOBAL_UNCERTAINTY_ASSIGNED_CONTEXT ( ( #959 ) ) GLOBAL_UNIT_ASSIGNED_CONTEXT ( ( #7831, #936, #7712 ) ) REPRESENTATION_CONTEXT ( 'NONE', 'WORKASPACE' ) );
#9060 = FILL_AREA_STYLE ('',( #9002 ) ) ;
#9061 = ORIENTED_EDGE ( 'NONE', *, *, #4851, .T. ) ;
#9062 = DIRECTION ( 'NONE',  ( 0.0000000000000000000, -1.000000000000000000, 0.0000000000000000000 ) ) ;
#9063 = B_SPLINE_CURVE_WITH_KNOTS ( 'NONE', 2,
 ( #1588, #7439, #4844, #8199, #10390, #3183, #6248, #6558, #9875, #2349, #5747, #3242, #703, #6611, #866, #10185, #3353, #4164, #9386, #8408, #9327, #970, #2655 ),
 .UNSPECIFIED., .F., .F.,
 ( 3, 2, 2, 2, 2, 2, 2, 2, 2, 2, 2, 3 ),
 ( 0.0000000000000000000, 0.0004193379165946795376, 0.0008386758331893590752, 0.001258013749784038559, 0.001677351666378718150, 0.002096689582973397959, 0.002516027499568077117, 0.002935365416162756709, 0.003354703332757436301, 0.003774041249352115893, 0.004193379165946795918, 0.004612717082541475076 ),
 .UNSPECIFIED. ) ;
#9064 = ORIENTED_EDGE ( 'NONE', *, *, #1502, .T. ) ;
#9065 = DIRECTION ( 'NONE',  ( 0.0000000000000000000, 0.0000000000000000000, -1.000000000000000000 ) ) ;
#9066 = FILL_AREA_STYLE_COLOUR ( '', #8312 ) ;
#9067 = ORIENTED_EDGE ( 'NONE', *, *, #10412, .T. ) ;
#9068 = CARTESIAN_POINT ( 'NONE',  ( 1.375000000000000000, -3.072439817376820148, 5.691858092819041204 ) ) ;
#9069 = ADVANCED_FACE ( 'NONE', ( #3563 ), #4392, .T. ) ;
#9070 = UNCERTAINTY_MEASURE_WITH_UNIT (LENGTH_MEASURE( 1.000000000000000082E-05 ), #2835, 'distance_accuracy_value', 'NONE');
#9071 = STYLED_ITEM ( 'NONE', ( #9081 ), #1700 ) ;
#9072 = FILL_AREA_STYLE ('',( #5739 ) ) ;
#9073 = ORIENTED_EDGE ( 'NONE', *, *, #10004, .T. ) ;
#9074 = SURFACE_SIDE_STYLE ('',( #5742 ) ) ;
#9075 = SURFACE_STYLE_FILL_AREA ( #3181 ) ;
#9077 = CARTESIAN_POINT ( 'NONE',  ( -1.502845596186370036, -5.924880838070049727, 0.9999999999999985567 ) ) ;
#9076 = STYLED_ITEM ( 'NONE', ( #10151 ), #3099 ) ;
#9078 = DIRECTION ( 'NONE',  ( 0.0000000000000000000, 0.0000000000000000000, -1.000000000000000000 ) ) ;
#9079 = DIRECTION ( 'NONE',  ( 0.0000000000000000000, 0.0000000000000000000, -1.000000000000000000 ) ) ;
#9080 = CARTESIAN_POINT ( 'NONE',  ( -0.6981879443287419829, 6.200000000000001066, 2.775557561562890118E-17 ) ) ;
#9081 = PRESENTATION_STYLE_ASSIGNMENT (( #9022 ) ) ;
#9082 = DIRECTION ( 'NONE',  ( -1.000000000000000000, 0.0000000000000000000, 0.0000000000000000000 ) ) ;
#9083 = STYLED_ITEM ( 'NONE', ( #10754 ), #3329 ) ;
#9084 = CARTESIAN_POINT ( 'NONE',  ( 6.610175751530340094, 3.101520183108080531, -0.08657411874590380252 ) ) ;
#9085 = ADVANCED_FACE ( 'NONE', ( #7651 ), #1977, .T. ) ;
#9086 = EDGE_LOOP ( 'NONE', ( #2180, #2388, #6376, #4214 ) ) ;
#9087 = CARTESIAN_POINT ( 'NONE',  ( 4.453928499320490175, -5.795199161759918560, 9.372862536810739442 ) ) ;
#9088 = STYLED_ITEM ( 'NONE', ( #9650 ), #3568 ) ;
#9089 = FILL_AREA_STYLE ('',( #1500 ) ) ;
#9090 = DIRECTION ( 'NONE',  ( -1.000000000000000000, 0.0000000000000000000, 0.0000000000000000000 ) ) ;
#9091 = FILL_AREA_STYLE_COLOUR ( '', #2350 ) ;
#9092 =( LENGTH_UNIT ( ) NAMED_UNIT ( * ) SI_UNIT ( .MILLI., .METRE. ) );
#9093 = LINE ( 'NONE', #1394, #7019 ) ;
#9094 = LINE ( 'NONE', #4746, #5314 ) ;
#9095 = FACE_OUTER_BOUND ( 'NONE', #10850, .T. ) ;
#9096 = EDGE_CURVE ( 'NONE', #6956, #5488, #5997, .T. ) ;
#9097 = MECHANICAL_DESIGN_GEOMETRIC_PRESENTATION_REPRESENTATION (  '', ( #8062 ), #7184 ) ;
#9098 = COLOUR_RGB ( '',1.000000000000000000, 1.000000000000000000, 1.000000000000000000 ) ;
#9099 = CARTESIAN_POINT ( 'NONE',  ( 3.871779538879629889, -4.349999999999999645, 2.000000000000000888 ) ) ;
#9100 = EDGE_CURVE ( 'NONE', #9660, #3939, #10189, .T. ) ;
#9101 = LINE ( 'NONE', #621, #4955 ) ;
#9102 = FILL_AREA_STYLE ('',( #6699 ) ) ;
#9103 = VERTEX_POINT ( 'NONE', #10307 ) ;
#9104 = FACE_OUTER_BOUND ( 'NONE', #2539, .T. ) ;
#9105 = CARTESIAN_POINT ( 'NONE',  ( -1.250000000000000000, -4.349999999999999645, -2.583111675946707843E-17 ) ) ;
#9106 = EDGE_CURVE ( 'NONE', #10698, #10253, #9391, .T. ) ;
#9107 = VECTOR ( 'NONE', #4543, 1000.000000000000000 ) ;
#9108 = LINE ( 'NONE', #9809, #570 ) ;
#9109 = ORIENTED_EDGE ( 'NONE', *, *, #7645, .F. ) ;
#9110 =( LENGTH_UNIT ( ) NAMED_UNIT ( * ) SI_UNIT ( .MILLI., .METRE. ) );
#9111 = SURFACE_SIDE_STYLE ('',( #2381 ) ) ;
#9112 = ORIENTED_EDGE ( 'NONE', *, *, #2889, .F. ) ;
#9113 = AXIS2_PLACEMENT_3D ( 'NONE', #777, #3147, #6521 ) ;
#9114 = FILL_AREA_STYLE ('',( #6655 ) ) ;
#9115 = ORIENTED_EDGE ( 'NONE', *, *, #10791, .F. ) ;
#9116 = VECTOR ( 'NONE', #2528, 1000.000000000000000 ) ;
#9117 = LINE ( 'NONE', #10691, #5152 ) ;
#9118 = CARTESIAN_POINT ( 'NONE',  ( 0.9971544038136319621, -5.924880838070049727, 1.734396805262089864E-17 ) ) ;
#9119 = CARTESIAN_POINT ( 'NONE',  ( 6.200000000000001066, 3.077560182623181095, 11.69185809281900035 ) ) ;
#9120 = ORIENTED_EDGE ( 'NONE', *, *, #6298, .T. ) ;
#9121 = DIRECTION ( 'NONE',  ( 1.000000000000000000, -0.0000000000000000000, 0.0000000000000000000 ) ) ;
#9122 = STYLED_ITEM ( 'NONE', ( #9661 ), #5008 ) ;
#9123 = COLOUR_RGB ( '',0.4117647058823529216, 0.4117647058823529216, 0.4117647058823529216 ) ;
#9124 = ORIENTED_EDGE ( 'NONE', *, *, #6826, .F. ) ;
#9125 = SURFACE_STYLE_USAGE ( .BOTH. , #4107 ) ;
#9126 = CARTESIAN_POINT ( 'NONE',  ( -1.140257465487700017, 0.7393717600547691227, 11.88455947458400352 ) ) ;
#9127 =( NAMED_UNIT ( * ) SI_UNIT ( $, .STERADIAN. ) SOLID_ANGLE_UNIT ( ) );
#9128 = VERTEX_POINT ( 'NONE', #7993 ) ;
#9129 = UNCERTAINTY_MEASURE_WITH_UNIT (LENGTH_MEASURE( 1.000000000000000082E-05 ), #9721, 'distance_accuracy_value', 'NONE');
#9130 =( LENGTH_UNIT ( ) NAMED_UNIT ( * ) SI_UNIT ( .MILLI., .METRE. ) );
#9131 = SURFACE_SIDE_STYLE ('',( #706 ) ) ;
#9132 = PRESENTATION_STYLE_ASSIGNMENT (( #9284 ) ) ;
#9133 = ORIENTED_EDGE ( 'NONE', *, *, #6429, .F. ) ;
#9134 = MECHANICAL_DESIGN_GEOMETRIC_PRESENTATION_REPRESENTATION (  '', ( #2605 ), #9473 ) ;
#9135 = CARTESIAN_POINT ( 'NONE',  ( 3.176948736293559783, -0.5194762205607580396, 11.88455947458399997 ) ) ;
#9136 = CARTESIAN_POINT ( 'NONE',  ( -6.200000000000001954, -3.072439817376820148, 11.69185809281900035 ) ) ;
#9137 = ORIENTED_EDGE ( 'NONE', *, *, #2172, .F. ) ;
#9138 = CARTESIAN_POINT ( 'NONE',  ( -4.440892098500630106E-16, 3.101520183108080531, 11.81236413145949982 ) ) ;
#9139 = DIRECTION ( 'NONE',  ( -1.000000000000000000, 0.0000000000000000000, -0.0000000000000000000 ) ) ;
#9140 = UNCERTAINTY_MEASURE_WITH_UNIT (LENGTH_MEASURE( 1.000000000000000082E-05 ), #7004, 'distance_accuracy_value', 'NONE');
#9141 = DIRECTION ( 'NONE',  ( 1.000000000000000000, 0.0000000000000000000, 0.0000000000000000000 ) ) ;
#9142 =( NAMED_UNIT ( * ) PLANE_ANGLE_UNIT ( ) SI_UNIT ( $, .RADIAN. ) );
#9143 = FACE_OUTER_BOUND ( 'NONE', #2253, .T. ) ;
#9144 = MECHANICAL_DESIGN_GEOMETRIC_PRESENTATION_REPRESENTATION (  '', ( #702 ), #9664 ) ;
#9145 = DIRECTION ( 'NONE',  ( 0.0000000000000000000, -1.000000000000000000, -0.0000000000000000000 ) ) ;
#9146 = SURFACE_STYLE_FILL_AREA ( #614 ) ;
#9147 = CARTESIAN_POINT ( 'NONE',  ( 1.375000000000000000, -3.072439817376820148, 10.29185809281899999 ) ) ;
#9148 = LINE ( 'NONE', #1674, #5644 ) ;
#9149 = DIRECTION ( 'NONE',  ( -0.0000000000000000000, 0.0000000000000000000, 1.000000000000000000 ) ) ;
#9150 = EDGE_CURVE ( 'NONE', #9719, #6876, #10428, .T. ) ;
#9151 = VERTEX_POINT ( 'NONE', #8050 ) ;
#9152 =( NAMED_UNIT ( * ) PLANE_ANGLE_UNIT ( ) SI_UNIT ( $, .RADIAN. ) );
#9153 = FACE_OUTER_BOUND ( 'NONE', #8545, .T. ) ;
#9154 = SURFACE_SIDE_STYLE ('',( #5037 ) ) ;
#9155 =( NAMED_UNIT ( * ) SI_UNIT ( $, .STERADIAN. ) SOLID_ANGLE_UNIT ( ) );
#9156 = EDGE_CURVE ( 'NONE', #8738, #10, #256, .T. ) ;
#9157 = VERTEX_POINT ( 'NONE', #8845 ) ;
#9158 =( NAMED_UNIT ( * ) PLANE_ANGLE_UNIT ( ) SI_UNIT ( $, .RADIAN. ) );
#9159 = EDGE_LOOP ( 'NONE', ( #1349, #7805, #2240, #10798 ) ) ;
#9160 = SURFACE_SIDE_STYLE ('',( #5831 ) ) ;
#9161 = EDGE_CURVE ( 'NONE', #8671, #10855, #3792, .T. ) ;
#9162 = EDGE_LOOP ( 'NONE', ( #2021, #6372, #5295, #10448 ) ) ;
#9163 =( NAMED_UNIT ( * ) SI_UNIT ( $, .STERADIAN. ) SOLID_ANGLE_UNIT ( ) );
#9164 = DIRECTION ( 'NONE',  ( -0.0000000000000000000, -0.0000000000000000000, 1.000000000000000000 ) ) ;
#9165 = DIRECTION ( 'NONE',  ( -1.000000000000000000, -0.0000000000000000000, 0.0000000000000000000 ) ) ;
#9166 = ORIENTED_EDGE ( 'NONE', *, *, #10873, .T. ) ;
#9167 = SURFACE_STYLE_USAGE ( .BOTH. , #8246 ) ;
#9168 = VERTEX_POINT ( 'NONE', #7170 ) ;
#9169 = FILL_AREA_STYLE ('',( #7173 ) ) ;
#9170 = EDGE_CURVE ( 'NONE', #4360, #3254, #1370, .T. ) ;
#9171 = FACE_OUTER_BOUND ( 'NONE', #3829, .T. ) ;
#9172 = VERTEX_POINT ( 'NONE', #3901 ) ;
#9173 = CARTESIAN_POINT ( 'NONE',  ( 4.999999999999999112, 3.077560182623180651, -0.3081419071809570198 ) ) ;
#9174 = MECHANICAL_DESIGN_GEOMETRIC_PRESENTATION_REPRESENTATION (  '', ( #1981 ), #10561 ) ;
#9175 = CARTESIAN_POINT ( 'NONE',  ( -0.9435331914172789824, 0.4564273938970728750, 11.88455947458399997 ) ) ;
#9176 = SURFACE_STYLE_FILL_AREA ( #5851 ) ;
#9177 = SURFACE_STYLE_FILL_AREA ( #6563 ) ;
#9178 = CARTESIAN_POINT ( 'NONE',  ( -3.876735726934810167, -5.993795529151239698, 2.234964158276211421 ) ) ;
#9179 = VERTEX_POINT ( 'NONE', #10590 ) ;
#9180 = CARTESIAN_POINT ( 'NONE',  ( 0.09261138689597370188, -0.6631132543907449772, 11.78455947458400033 ) ) ;
#9181 = CARTESIAN_POINT ( 'NONE',  ( -0.6981879443287378750, -5.899999999999995026, 0.0000000000000000000 ) ) ;
#9182 = ORIENTED_EDGE ( 'NONE', *, *, #9486, .F. ) ;
#9183 = CARTESIAN_POINT ( 'NONE',  ( 5.000000000000000000, -4.349999999999998757, 0.3261087975802219874 ) ) ;
#9184 = PRESENTATION_LAYER_ASSIGNMENT (  '', '', ( #7609 ) ) ;
#9185 = CYLINDRICAL_SURFACE ( 'NONE', #9674, 0.2500000000000011102 ) ;
#9186 = CIRCLE ( 'NONE', #6401, 0.2999999999999964362 ) ;
#9187 =( NAMED_UNIT ( * ) PLANE_ANGLE_UNIT ( ) SI_UNIT ( $, .RADIAN. ) );
#9188 = PRESENTATION_STYLE_ASSIGNMENT (( #4230 ) ) ;
#9189 = PRESENTATION_STYLE_ASSIGNMENT (( #1720 ) ) ;
#9190 = EDGE_CURVE ( 'NONE', #3582, #128, #1193, .T. ) ;
#9191 = COLOUR_RGB ( '',0.1764705882352941013, 0.1764705882352941013, 0.1764705882352941013 ) ;
#9192 = CARTESIAN_POINT ( 'NONE',  ( -1.502845596186370036, -5.924880838070049727, 5.551115123125780237E-17 ) ) ;
#9193 = AXIS2_PLACEMENT_3D ( 'NONE', #3087, #5807, #9139 ) ;
#9194 = FILL_AREA_STYLE_COLOUR ( '', #7621 ) ;
#9195 = FACE_OUTER_BOUND ( 'NONE', #5606, .T. ) ;
#9196 = DIRECTION ( 'NONE',  ( 0.0000000000000000000, 0.0000000000000000000, -1.000000000000000000 ) ) ;
#9197 = CARTESIAN_POINT ( 'NONE',  ( -1.700228108603153432, 3.275000000000000355, 10.14125635419294547 ) ) ;
#9198 = AXIS2_PLACEMENT_3D ( 'NONE', #10297, #10242, #7691 ) ;
#9199 = ORIENTED_EDGE ( 'NONE', *, *, #5592, .F. ) ;
#9200 = COLOUR_RGB ( '',1.000000000000000000, 1.000000000000000000, 1.000000000000000000 ) ;
#9201 = CARTESIAN_POINT ( 'NONE',  ( 3.753928499320489998, -5.795199161759920337, 1.972862536810730205 ) ) ;
#9202 = DIRECTION ( 'NONE',  ( 1.000000000000000000, 0.0000000000000000000, -0.0000000000000000000 ) ) ;
#9203 = DIRECTION ( 'NONE',  ( 0.0000000000000000000, 0.0000000000000000000, 1.000000000000000000 ) ) ;
#9204 = EDGE_CURVE ( 'NONE', #8179, #6976, #4557, .T. ) ;
#9205 = PRESENTATION_LAYER_ASSIGNMENT (  '', '', ( #1488 ) ) ;
#9206 = CARTESIAN_POINT ( 'NONE',  ( 0.3335752423176610026, -0.008180959406275060269, 11.78455947458400033 ) ) ;
#9207 = ADVANCED_FACE ( 'NONE', ( #4993 ), #5900, .T. ) ;
#9208 = PRESENTATION_LAYER_ASSIGNMENT (  '', '', ( #435 ) ) ;
#9209 = ORIENTED_EDGE ( 'NONE', *, *, #1833, .F. ) ;
#9210 = CARTESIAN_POINT ( 'NONE',  ( 0.9813539975307771224, 0.8058249842585190059, 11.88455947458399997 ) ) ;
#9211 = PLANE ( 'NONE',  #3742 ) ;
#9212 = MECHANICAL_DESIGN_GEOMETRIC_PRESENTATION_REPRESENTATION (  '', ( #6601 ), #8180 ) ;
#9213 = ADVANCED_FACE ( 'NONE', ( #10697 ), #6552, .F. ) ;
#9214 = PRESENTATION_STYLE_ASSIGNMENT (( #2138 ) ) ;
#9215 = VECTOR ( 'NONE', #4536, 1000.000000000000000 ) ;
#9216 = EDGE_CURVE ( 'NONE', #3286, #4843, #1795, .T. ) ;
#9217 = PRESENTATION_LAYER_ASSIGNMENT (  '', '', ( #6432 ) ) ;
#9218 = SURFACE_STYLE_FILL_AREA ( #10180 ) ;
#9219 = CARTESIAN_POINT ( 'NONE',  ( -6.200000000000001066, 3.275000000000000355, 0.0000000000000000000 ) ) ;
#9220 = ORIENTED_EDGE ( 'NONE', *, *, #7481, .T. ) ;
#9221 = LINE ( 'NONE', #7545, #2533 ) ;
#9222 =( NAMED_UNIT ( * ) PLANE_ANGLE_UNIT ( ) SI_UNIT ( $, .RADIAN. ) );
#9223 =( GEOMETRIC_REPRESENTATION_CONTEXT ( 3 ) GLOBAL_UNCERTAINTY_ASSIGNED_CONTEXT ( ( #3200 ) ) GLOBAL_UNIT_ASSIGNED_CONTEXT ( ( #2845, #10252, #9442 ) ) REPRESENTATION_CONTEXT ( 'NONE', 'WORKASPACE' ) );
#9224 = EDGE_CURVE ( 'NONE', #7535, #2477, #1807, .T. ) ;
#9225 = DIRECTION ( 'NONE',  ( 0.0000000000000000000, 0.0000000000000000000, -1.000000000000000000 ) ) ;
#9226 = CARTESIAN_POINT ( 'NONE',  ( 6.513276922344959807, -3.072439817376819704, 5.691858092819040316 ) ) ;
#9227 = VECTOR ( 'NONE', #5864, 1000.000000000000000 ) ;
#9228 =( NAMED_UNIT ( * ) PLANE_ANGLE_UNIT ( ) SI_UNIT ( $, .RADIAN. ) );
#9229 = EDGE_CURVE ( 'NONE', #3939, #7503, #9484, .T. ) ;
#9230 = CARTESIAN_POINT ( 'NONE',  ( 3.876735726934810167, -5.993795529151239698, 2.234964158276211421 ) ) ;
#9231 = PRESENTATION_LAYER_ASSIGNMENT (  '', '', ( #3091 ) ) ;
#9232 = ORIENTED_EDGE ( 'NONE', *, *, #4784, .T. ) ;
#9233 = LINE ( 'NONE', #3253, #37 ) ;
#9234 = FILL_AREA_STYLE_COLOUR ( '', #6768 ) ;
#9235 = VECTOR ( 'NONE', #26, 1000.000000000000114 ) ;
#9236 = ORIENTED_EDGE ( 'NONE', *, *, #9755, .F. ) ;
#9237 = CARTESIAN_POINT ( 'NONE',  ( -4.453928499320490175, -5.095199161759920159, 1.972862536810730205 ) ) ;
#9238 = SURFACE_STYLE_USAGE ( .BOTH. , #1714 ) ;
#9239 = CARTESIAN_POINT ( 'NONE',  ( -4.453928499320490175, -5.095199161759920159, 1.972862536810730205 ) ) ;
#9240 =( NAMED_UNIT ( * ) SI_UNIT ( $, .STERADIAN. ) SOLID_ANGLE_UNIT ( ) );
#9241 = STYLED_ITEM ( 'NONE', ( #10741 ), #3451 ) ;
#9242 = FACE_OUTER_BOUND ( 'NONE', #5057, .T. ) ;
#9243 = CARTESIAN_POINT ( 'NONE',  ( -1.208593432381130039, -0.4712834494764211457, 11.88455947458399997 ) ) ;
#9244 = PRESENTATION_LAYER_ASSIGNMENT (  '', '', ( #457 ) ) ;
#9245 =( NAMED_UNIT ( * ) SI_UNIT ( $, .STERADIAN. ) SOLID_ANGLE_UNIT ( ) );
#9246 = PRESENTATION_LAYER_ASSIGNMENT (  '', '', ( #9088 ) ) ;
#9247 = LINE ( 'NONE', #6747, #7773 ) ;
#9248 =( LENGTH_UNIT ( ) NAMED_UNIT ( * ) SI_UNIT ( .MILLI., .METRE. ) );
#9249 = EDGE_CURVE ( 'NONE', #7356, #9556, #5101, .T. ) ;
#9250 = DIRECTION ( 'NONE',  ( 0.0000000000000000000, 0.0000000000000000000, -1.000000000000000000 ) ) ;
#9251 =( LENGTH_UNIT ( ) NAMED_UNIT ( * ) SI_UNIT ( .MILLI., .METRE. ) );
#9252 = ORIENTED_EDGE ( 'NONE', *, *, #8766, .T. ) ;
#9253 = CARTESIAN_POINT ( 'NONE',  ( 4.453928499320490175, 5.095199161759920159, 1.972862536810730205 ) ) ;
#9254 = FACE_OUTER_BOUND ( 'NONE', #8192, .T. ) ;
#9255 = CARTESIAN_POINT ( 'NONE',  ( 0.5745390977393469711, -0.007427935867854950323, 11.78455947458400033 ) ) ;
#9256 = DIRECTION ( 'NONE',  ( 1.000000000000000000, 0.0000000000000000000, -0.0000000000000000000 ) ) ;
#9257 = COLOUR_RGB ( '',0.1764705882352941013, 0.1764705882352941013, 0.1764705882352941013 ) ;
#9258 = B_SPLINE_CURVE_WITH_KNOTS ( 'NONE', 2,
 ( #3823, #8724, #1401, #512, #3878, #1175, #9699, #1344, #7908, #4699, #6362, #350, #10403 ),
 .UNSPECIFIED., .F., .F.,
 ( 3, 2, 2, 2, 2, 2, 3 ),
 ( 0.0000000000000000000, 0.0004353569980945513136, 0.0008707139961891026273, 0.001306070994283653995, 0.001741427992378205255, 0.002176784990472756514, 0.002612141988567307990 ),
 .UNSPECIFIED. ) ;
#9259 =( NAMED_UNIT ( * ) SI_UNIT ( $, .STERADIAN. ) SOLID_ANGLE_UNIT ( ) );
#9260 =( NAMED_UNIT ( * ) PLANE_ANGLE_UNIT ( ) SI_UNIT ( $, .RADIAN. ) );
#9261 = DIRECTION ( 'NONE',  ( -0.0000000000000000000, 0.0000000000000000000, -1.000000000000000000 ) ) ;
#9262 = CARTESIAN_POINT ( 'NONE',  ( 1.375000000000000000, 3.077560182623180651, 5.691858092819041204 ) ) ;
#9263 =( NAMED_UNIT ( * ) PLANE_ANGLE_UNIT ( ) SI_UNIT ( $, .RADIAN. ) );
#9264 = ORIENTED_EDGE ( 'NONE', *, *, #4260, .F. ) ;
#9265 = FACE_OUTER_BOUND ( 'NONE', #2070, .T. ) ;
#9266 = DIRECTION ( 'NONE',  ( 0.0000000000000000000, -1.000000000000000000, 0.0000000000000000000 ) ) ;
#9267 = EDGE_CURVE ( 'NONE', #8066, #1660, #6028, .T. ) ;
#9268 = ORIENTED_EDGE ( 'NONE', *, *, #9833, .T. ) ;
#9269 = SURFACE_SIDE_STYLE ('',( #73 ) ) ;
#9270 =( NAMED_UNIT ( * ) PLANE_ANGLE_UNIT ( ) SI_UNIT ( $, .RADIAN. ) );
#9271 = SURFACE_STYLE_USAGE ( .BOTH. , #7862 ) ;
#9272 = VERTEX_POINT ( 'NONE', #174 ) ;
#9273 =( GEOMETRIC_REPRESENTATION_CONTEXT ( 3 ) GLOBAL_UNCERTAINTY_ASSIGNED_CONTEXT ( ( #6531 ) ) GLOBAL_UNIT_ASSIGNED_CONTEXT ( ( #4419, #8440, #4309 ) ) REPRESENTATION_CONTEXT ( 'NONE', 'WORKASPACE' ) );
#9274 =( NAMED_UNIT ( * ) SI_UNIT ( $, .STERADIAN. ) SOLID_ANGLE_UNIT ( ) );
#9275 =( NAMED_UNIT ( * ) PLANE_ANGLE_UNIT ( ) SI_UNIT ( $, .RADIAN. ) );
#9276 = ORIENTED_EDGE ( 'NONE', *, *, #1008, .F. ) ;
#9277 = LINE ( 'NONE', #3300, #9044 ) ;
#9278 = CARTESIAN_POINT ( 'NONE',  ( 5.000000000000000000, -3.072439817376820148, 5.691858092819041204 ) ) ;
#9279 = CARTESIAN_POINT ( 'NONE',  ( 5.000000000000000000, -3.072439817376820148, 5.691858092819041204 ) ) ;
#9280 = CARTESIAN_POINT ( 'NONE',  ( -0.4390149582649400251, 0.8058249842585190059, 11.78455947458400033 ) ) ;
#9281 = ADVANCED_FACE ( 'NONE', ( #5942 ), #7637, .T. ) ;
#9282 = CARTESIAN_POINT ( 'NONE',  ( 6.200000000000001954, 3.077560182623181095, 11.39185809281899964 ) ) ;
#9283 = AXIS2_PLACEMENT_3D ( 'NONE', #8567, #4494, #7748 ) ;
#9284 = SURFACE_STYLE_USAGE ( .BOTH. , #4013 ) ;
#9285 = EDGE_CURVE ( 'NONE', #6001, #7364, #9869, .T. ) ;
#9286 = ORIENTED_EDGE ( 'NONE', *, *, #7889, .T. ) ;
#9287 = CARTESIAN_POINT ( 'NONE',  ( 0.09261138689597370188, -0.2096116305918180045, 11.78455947458400033 ) ) ;
#9288 =( NAMED_UNIT ( * ) PLANE_ANGLE_UNIT ( ) SI_UNIT ( $, .RADIAN. ) );
#9289 = ORIENTED_EDGE ( 'NONE', *, *, #3035, .F. ) ;
#9290 = MECHANICAL_DESIGN_GEOMETRIC_PRESENTATION_REPRESENTATION (  '', ( #5805 ), #9811 ) ;
#9291 = LINE ( 'NONE', #9343, #9336 ) ;
#9292 = LINE ( 'NONE', #8472, #2002 ) ;
#9293 = CARTESIAN_POINT ( 'NONE',  ( 5.899999999999999467, -5.899999999999999467, -4.814824860968089633E-32 ) ) ;
#9294 = DIRECTION ( 'NONE',  ( -0.0000000000000000000, -0.0000000000000000000, 1.000000000000000000 ) ) ;
#9295 = LINE ( 'NONE', #6008, #9116 ) ;
#9296 = DIRECTION ( 'NONE',  ( -0.0000000000000000000, -0.0000000000000000000, -1.000000000000000000 ) ) ;
#9297 = VECTOR ( 'NONE', #4428, 1000.000000000000000 ) ;
#9298 = CARTESIAN_POINT ( 'NONE',  ( -1.184497046838969947, 0.4925719722103260589, 11.78455947458400033 ) ) ;
#9299 =( LENGTH_UNIT ( ) NAMED_UNIT ( * ) SI_UNIT ( .MILLI., .METRE. ) );
#9300 =( GEOMETRIC_REPRESENTATION_CONTEXT ( 3 ) GLOBAL_UNCERTAINTY_ASSIGNED_CONTEXT ( ( #1042 ) ) GLOBAL_UNIT_ASSIGNED_CONTEXT ( ( #3910, #5633, #1256 ) ) REPRESENTATION_CONTEXT ( 'NONE', 'WORKASPACE' ) );
#9301 = ORIENTED_EDGE ( 'NONE', *, *, #9267, .T. ) ;
#9302 =( NAMED_UNIT ( * ) SI_UNIT ( $, .STERADIAN. ) SOLID_ANGLE_UNIT ( ) );
#9303 = DIRECTION ( 'NONE',  ( 1.658182125529443522E-16, 1.658182125529443769E-16, -1.000000000000000000 ) ) ;
#9304 =( LENGTH_UNIT ( ) NAMED_UNIT ( * ) SI_UNIT ( .MILLI., .METRE. ) );
#9305 = SURFACE_STYLE_USAGE ( .BOTH. , #5038 ) ;
#9306 = VECTOR ( 'NONE', #85, 1000.000000000000000 ) ;
#9307 = DIRECTION ( 'NONE',  ( -0.0000000000000000000, 0.0000000000000000000, -1.000000000000000000 ) ) ;
#9308 = LINE ( 'NONE', #10228, #3600 ) ;
#9309 = DIRECTION ( 'NONE',  ( 0.0000000000000000000, -0.0000000000000000000, -1.000000000000000000 ) ) ;
#9310 = CYLINDRICAL_SURFACE ( 'NONE', #1447, 0.2999999999999999334 ) ;
#9311 = LINE ( 'NONE', #4318, #5297 ) ;
#9312 = ORIENTED_EDGE ( 'NONE', *, *, #3858, .F. ) ;
#9313 = CARTESIAN_POINT ( 'NONE',  ( 0.6955857931040060338, -1.025500316946299950, 11.88455947458399997 ) ) ;
#9314 = SURFACE_STYLE_FILL_AREA ( #5097 ) ;
#9315 = AXIS2_PLACEMENT_3D ( 'NONE', #2688, #9414, #6806 ) ;
#9316 = PRESENTATION_STYLE_ASSIGNMENT (( #8607 ) ) ;
#9317 = ORIENTED_EDGE ( 'NONE', *, *, #1896, .F. ) ;
#9318 = FACE_OUTER_BOUND ( 'NONE', #3902, .T. ) ;
#9319 = AXIS2_PLACEMENT_3D ( 'NONE', #6764, #9062, #10687 ) ;
#9320 = EDGE_CURVE ( 'NONE', #9030, #1758, #6871, .T. ) ;
#9321 = STYLED_ITEM ( 'NONE', ( #5188 ), #2917 ) ;
#9322 = ORIENTED_EDGE ( 'NONE', *, *, #7224, .T. ) ;
#9323 =( NAMED_UNIT ( * ) PLANE_ANGLE_UNIT ( ) SI_UNIT ( $, .RADIAN. ) );
#9324 = SURFACE_SIDE_STYLE ('',( #2653 ) ) ;
#9325 = FILL_AREA_STYLE ('',( #2509 ) ) ;
#9326 = VERTEX_POINT ( 'NONE', #4379 ) ;
#9327 = CARTESIAN_POINT ( 'NONE',  ( 0.9841776519562150938, -1.025500316946299950, 11.88455947458399820 ) ) ;
#9328 = CARTESIAN_POINT ( 'NONE',  ( -0.1538117053356199970, 0.1503281054638720138, 11.88455947458399997 ) ) ;
#9329 = UNCERTAINTY_MEASURE_WITH_UNIT (LENGTH_MEASURE( 1.000000000000000082E-05 ), #619, 'distance_accuracy_value', 'NONE');
#9330 = UNCERTAINTY_MEASURE_WITH_UNIT (LENGTH_MEASURE( 1.000000000000000082E-05 ), #8415, 'distance_accuracy_value', 'NONE');
#9331 = PRESENTATION_STYLE_ASSIGNMENT (( #6934 ) ) ;
#9332 = CARTESIAN_POINT ( 'NONE',  ( -0.8211687048603859562, 0.7184756326290669959, 11.78455947458400033 ) ) ;
#9333 = SURFACE_SIDE_STYLE ('',( #2608 ) ) ;
#9334 = COLOUR_RGB ( '',1.000000000000000000, 1.000000000000000000, 1.000000000000000000 ) ;
#9335 = PRESENTATION_LAYER_ASSIGNMENT (  '', '', ( #6898 ) ) ;
#9336 = VECTOR ( 'NONE', #1760, 1000.000000000000000 ) ;
#9337 = ORIENTED_EDGE ( 'NONE', *, *, #3363, .T. ) ;
#9338 = CARTESIAN_POINT ( 'NONE',  ( -4.650000000000000355, 6.200000000000001066, 10.50000000000000000 ) ) ;
#9339 = EDGE_CURVE ( 'NONE', #5655, #1366, #5316, .T. ) ;
#9340 = LINE ( 'NONE', #5221, #5178 ) ;
#9341 = VERTEX_POINT ( 'NONE', #3775 ) ;
#9342 = MECHANICAL_DESIGN_GEOMETRIC_PRESENTATION_REPRESENTATION (  '', ( #8822 ), #1265 ) ;
#9343 = CARTESIAN_POINT ( 'NONE',  ( -2.250000000000000000, 4.349999999999999645, 0.3261087975802219874 ) ) ;
#9344 = FILL_AREA_STYLE ('',( #6006 ) ) ;
#9345 = EDGE_CURVE ( 'NONE', #4664, #10591, #5491, .T. ) ;
#9346 = PRESENTATION_STYLE_ASSIGNMENT (( #1820 ) ) ;
#9347 = STYLED_ITEM ( 'NONE', ( #5370 ), #2753 ) ;
#9348 = CARTESIAN_POINT ( 'NONE',  ( 3.871779538879629889, -4.349999999999997868, 4.929386903621526736E-17 ) ) ;
#9349 = VECTOR ( 'NONE', #6450, 1000.000000000000114 ) ;
#9350 = CIRCLE ( 'NONE', #5142, 0.1217795388796295286 ) ;
#9351 = LINE ( 'NONE', #2802, #7288 ) ;
#9352 = EDGE_CURVE ( 'NONE', #5663, #306, #6746, .T. ) ;
#9353 = COLOUR_RGB ( '',1.000000000000000000, 0.7490196078431372584, 0.0000000000000000000 ) ;
#9354 = VERTEX_POINT ( 'NONE', #8833 ) ;
#9355 = CARTESIAN_POINT ( 'NONE',  ( -6.610175751530349864, 3.101520183108080975, -0.3910372559811540194 ) ) ;
#9356 = DIRECTION ( 'NONE',  ( -0.0000000000000000000, -0.0000000000000000000, 1.000000000000000000 ) ) ;
#9357 = CARTESIAN_POINT ( 'NONE',  ( -4.950000000000000178, -3.605250836327031472, 10.50000000000000000 ) ) ;
#9358 = MECHANICAL_DESIGN_GEOMETRIC_PRESENTATION_REPRESENTATION (  '', ( #10744 ), #9530 ) ;
#9359 = ORIENTED_EDGE ( 'NONE', *, *, #558, .T. ) ;
#9360 = ADVANCED_FACE ( 'NONE', ( #8086 ), #7289, .T. ) ;
#9361 = DIRECTION ( 'NONE',  ( -1.780598255602129740E-15, -1.000000000000000000, -1.658182125529450671E-16 ) ) ;
#9362 = AXIS2_PLACEMENT_3D ( 'NONE', #7558, #5964, #10884 ) ;
#9363 =( NAMED_UNIT ( * ) PLANE_ANGLE_UNIT ( ) SI_UNIT ( $, .RADIAN. ) );
#9364 = MECHANICAL_DESIGN_GEOMETRIC_PRESENTATION_REPRESENTATION (  '', ( #4267 ), #7107 ) ;
#9365 = LINE ( 'NONE', #1839, #3312 ) ;
#9366 = EDGE_CURVE ( 'NONE', #3824, #13, #9654, .T. ) ;
#9367 = STYLED_ITEM ( 'NONE', ( #4189 ), #7895 ) ;
#9368 = UNCERTAINTY_MEASURE_WITH_UNIT (LENGTH_MEASURE( 1.000000000000000082E-05 ), #690, 'distance_accuracy_value', 'NONE');
#9369 = STYLED_ITEM ( 'NONE', ( #2181 ), #9846 ) ;
#9370 = DIRECTION ( 'NONE',  ( 0.0000000000000000000, -1.000000000000000000, -9.790143883968192949E-30 ) ) ;
#9371 = CARTESIAN_POINT ( 'NONE',  ( -3.497154403813632850, -5.924880838070049727, -5.551115123125780237E-17 ) ) ;
#9372 = CARTESIAN_POINT ( 'NONE',  ( -6.500000000000000888, 3.077560182623180651, -0.3081419071809570198 ) ) ;
#9373 = ORIENTED_EDGE ( 'NONE', *, *, #6988, .T. ) ;
#9374 = CARTESIAN_POINT ( 'NONE',  ( 0.5308644678855309884, -0.8248224854555400443, 11.88455947458399997 ) ) ;
#9375 = COLOUR_RGB ( '',0.1764705882352941013, 0.1764705882352941013, 0.1764705882352941013 ) ;
#9376 =( NAMED_UNIT ( * ) PLANE_ANGLE_UNIT ( ) SI_UNIT ( $, .RADIAN. ) );
#9377 = VERTEX_POINT ( 'NONE', #2486 ) ;
#9378 = CARTESIAN_POINT ( 'NONE',  ( -0.09018977731795900510, 1.114849722289180001, 11.78455947458400033 ) ) ;
#9379 = MECHANICAL_DESIGN_GEOMETRIC_PRESENTATION_REPRESENTATION (  '', ( #1835 ), #10238 ) ;
#9380 =( GEOMETRIC_REPRESENTATION_CONTEXT ( 3 ) GLOBAL_UNCERTAINTY_ASSIGNED_CONTEXT ( ( #9140 ) ) GLOBAL_UNIT_ASSIGNED_CONTEXT ( ( #7004, #10322, #2800 ) ) REPRESENTATION_CONTEXT ( 'NONE', 'WORKASPACE' ) );
#9381 = UNCERTAINTY_MEASURE_WITH_UNIT (LENGTH_MEASURE( 1.000000000000000082E-05 ), #3605, 'distance_accuracy_value', 'NONE');
#9382 = VECTOR ( 'NONE', #10434, 1000.000000000000000 ) ;
#9383 = ORIENTED_EDGE ( 'NONE', *, *, #4793, .T. ) ;
#9384 = CARTESIAN_POINT ( 'NONE',  ( 6.200000000000001066, 3.077560182623181095, -0.008141907180957225210 ) ) ;
#9385 = ORIENTED_EDGE ( 'NONE', *, *, #7362, .T. ) ;
#9386 = CARTESIAN_POINT ( 'NONE',  ( 1.346941226280979897, -0.9108542297363939610, 11.88455947458399820 ) ) ;
#9387 = SURFACE_STYLE_USAGE ( .BOTH. , #1081 ) ;
#9388 = EDGE_CURVE ( 'NONE', #10253, #5774, #3162, .T. ) ;
#9389 = FILL_AREA_STYLE_COLOUR ( '', #4289 ) ;
#9390 = DIRECTION ( 'NONE',  ( -0.0000000000000000000, -1.000000000000000000, 0.0000000000000000000 ) ) ;
#9391 = LINE ( 'NONE', #2781, #10452 ) ;
#9392 = EDGE_LOOP ( 'NONE', ( #5610, #587, #1089, #2622 ) ) ;
#9393 = CARTESIAN_POINT ( 'NONE',  ( -6.200000000000001066, -5.899999999999999467, 2.000000000000000000 ) ) ;
#9394 = DIRECTION ( 'NONE',  ( -1.000000000000000000, 0.0000000000000000000, 0.0000000000000000000 ) ) ;
#9396 = ORIENTED_EDGE ( 'NONE', *, *, #8941, .F. ) ;
#9395 = CIRCLE ( 'NONE', #963, 0.2999999999999964362 ) ;
#9397 = DIRECTION ( 'NONE',  ( -0.0000000000000000000, -0.0000000000000000000, 1.000000000000000000 ) ) ;
#9398 = VECTOR ( 'NONE', #10379, 1000.000000000000000 ) ;
#9399 = DIRECTION ( 'NONE',  ( -1.000000000000000000, 0.0000000000000000000, -0.0000000000000000000 ) ) ;
#9400 = FACE_OUTER_BOUND ( 'NONE', #7998, .T. ) ;
#9401 =( LENGTH_UNIT ( ) NAMED_UNIT ( * ) SI_UNIT ( .MILLI., .METRE. ) );
#9402 = DIRECTION ( 'NONE',  ( -0.0000000000000000000, 0.0000000000000000000, 1.000000000000000000 ) ) ;
#9403 =( NAMED_UNIT ( * ) PLANE_ANGLE_UNIT ( ) SI_UNIT ( $, .RADIAN. ) );
#9404 = EDGE_CURVE ( 'NONE', #4397, #2601, #4920, .T. ) ;
#9405 = PRESENTATION_STYLE_ASSIGNMENT (( #1048 ) ) ;
#9406 = PRESENTATION_LAYER_ASSIGNMENT (  '', '', ( #7663 ) ) ;
#9407 = DIRECTION ( 'NONE',  ( 9.790143883968197153E-30, 9.790143883968198554E-30, -1.000000000000000000 ) ) ;
#9408 = ORIENTED_EDGE ( 'NONE', *, *, #10148, .F. ) ;
#9409 = ORIENTED_EDGE ( 'NONE', *, *, #5636, .T. ) ;
#9410 = CARTESIAN_POINT ( 'NONE',  ( 4.599635752693320256, -5.270921696829399927, 2.235854142197729821 ) ) ;
#9411 = SURFACE_STYLE_FILL_AREA ( #7009 ) ;
#9412 =( NAMED_UNIT ( * ) SI_UNIT ( $, .STERADIAN. ) SOLID_ANGLE_UNIT ( ) );
#9413 = ORIENTED_EDGE ( 'NONE', *, *, #551, .F. ) ;
#9414 = DIRECTION ( 'NONE',  ( 0.9965548649496432931, 0.08293612690015314537, 3.791965996837094983E-17 ) ) ;
#9415 = CARTESIAN_POINT ( 'NONE',  ( -0.9676295769594479568, -0.4351388711631680173, 11.83455947458400104 ) ) ;
#9416 = SURFACE_STYLE_FILL_AREA ( #3536 ) ;
#9417 = EDGE_CURVE ( 'NONE', #4914, #3948, #9108, .T. ) ;
#9418 = CARTESIAN_POINT ( 'NONE',  ( 4.002845596186369370, 5.924880838070041733, 0.0000000000000000000 ) ) ;
#9419 = AXIS2_PLACEMENT_3D ( 'NONE', #1635, #8148, #1471 ) ;
#9420 = ADVANCED_FACE ( 'NONE', ( #10731 ), #9965, .T. ) ;
#9421 = CARTESIAN_POINT ( 'NONE',  ( -6.305712614295099883, -3.072439817376821924, -0.3910372559811560178 ) ) ;
#9422 =( NAMED_UNIT ( * ) PLANE_ANGLE_UNIT ( ) SI_UNIT ( $, .RADIAN. ) );
#9423 = FILL_AREA_STYLE ('',( #10122 ) ) ;
#9424 = ORIENTED_EDGE ( 'NONE', *, *, #8480, .T. ) ;
#9425 = DIRECTION ( 'NONE',  ( 0.0000000000000000000, -1.000000000000000000, 2.689679381759973793E-16 ) ) ;
#9426 = DIRECTION ( 'NONE',  ( 0.0000000000000000000, -1.000000000000000000, 0.0000000000000000000 ) ) ;
#9427 = LINE ( 'NONE', #2763, #8465 ) ;
#9428 = ORIENTED_EDGE ( 'NONE', *, *, #10134, .F. ) ;
#9429 = CLOSED_SHELL ( 'NONE', ( #8600, #8552, #4222, #6693 ) ) ;
#9430 = CARTESIAN_POINT ( 'NONE',  ( 6.200000000000001066, 3.275000000000000355, 2.000000000000000000 ) ) ;
#9431 = DIRECTION ( 'NONE',  ( -1.000000000000000000, 0.0000000000000000000, 0.0000000000000000000 ) ) ;
#9432 = ORIENTED_EDGE ( 'NONE', *, *, #10491, .F. ) ;
#9433 = PRESENTATION_STYLE_ASSIGNMENT (( #8735 ) ) ;
#9434 = ORIENTED_EDGE ( 'NONE', *, *, #3865, .T. ) ;
#9435 =( GEOMETRIC_REPRESENTATION_CONTEXT ( 3 ) GLOBAL_UNCERTAINTY_ASSIGNED_CONTEXT ( ( #3646 ) ) GLOBAL_UNIT_ASSIGNED_CONTEXT ( ( #4616, #8004, #7121 ) ) REPRESENTATION_CONTEXT ( 'NONE', 'WORKASPACE' ) );
#9436 = ORIENTED_EDGE ( 'NONE', *, *, #3520, .F. ) ;
#9437 = CARTESIAN_POINT ( 'NONE',  ( -0.01582234804378450030, 0.3626774341128690127, 11.78455947458400033 ) ) ;
#9438 = CARTESIAN_POINT ( 'NONE',  ( 6.200000000000001066, -5.900000000000000355, 4.971342360771483902E-46 ) ) ;
#9439 = SURFACE_SIDE_STYLE ('',( #4389 ) ) ;
#9440 = CARTESIAN_POINT ( 'NONE',  ( -4.453928499320490175, -5.099818268120089648, 5.678785206351144588 ) ) ;
#9441 = COLOUR_RGB ( '',1.000000000000000000, 1.000000000000000000, 1.000000000000000000 ) ;
#9442 =( NAMED_UNIT ( * ) SI_UNIT ( $, .STERADIAN. ) SOLID_ANGLE_UNIT ( ) );
#9443 = ORIENTED_EDGE ( 'NONE', *, *, #7564, .T. ) ;
#9444 = CARTESIAN_POINT ( 'NONE',  ( -0.9164247117214300298, 0.6311262809996150969, 11.88455947458399997 ) ) ;
#9445 = CARTESIAN_POINT ( 'NONE',  ( -6.200000000000001954, 3.077560182623181095, 11.39185809281899964 ) ) ;
#9446 = ORIENTED_EDGE ( 'NONE', *, *, #10423, .T. ) ;
#9447 = CARTESIAN_POINT ( 'NONE',  ( 5.000000000000000000, -3.072439817376820148, 5.691858092819041204 ) ) ;
#9448 = UNCERTAINTY_MEASURE_WITH_UNIT (LENGTH_MEASURE( 1.000000000000000082E-05 ), #5366, 'distance_accuracy_value', 'NONE');
#9449 = VECTOR ( 'NONE', #8322, 1000.000000000000000 ) ;
#9450 =( GEOMETRIC_REPRESENTATION_CONTEXT ( 3 ) GLOBAL_UNCERTAINTY_ASSIGNED_CONTEXT ( ( #10339 ) ) GLOBAL_UNIT_ASSIGNED_CONTEXT ( ( #7561, #5866, #8423 ) ) REPRESENTATION_CONTEXT ( 'NONE', 'WORKASPACE' ) );
#9451 = FILL_AREA_STYLE_COLOUR ( '', #5289 ) ;
#9452 = LINE ( 'NONE', #4345, #932 ) ;
#9453 = FILL_AREA_STYLE ('',( #5123 ) ) ;
#9454 = SURFACE_SIDE_STYLE ('',( #7771 ) ) ;
#9455 = DIRECTION ( 'NONE',  ( 0.0000000000000000000, 1.000000000000000000, -1.445602896647356469E-15 ) ) ;
#9456 = FILL_AREA_STYLE ('',( #8758 ) ) ;
#9457 = B_SPLINE_CURVE_WITH_KNOTS ( 'NONE', 2,
 ( #10420, #6986, #3726, #4601, #1241, #7986, #10303, #9714, #7813, #2954, #8741, #2774, #2024, #2900, #3007 ),
 .UNSPECIFIED., .F., .F.,
 ( 3, 2, 2, 2, 2, 2, 2, 3 ),
 ( 0.0000000000000000000, 0.0002419158944556478309, 0.0004838317889112956618, 0.0007257476833669434385, 0.0009676635778225913236, 0.001209579472278239209, 0.001451495366733886877, 0.001693411261189534762 ),
 .UNSPECIFIED. ) ;
#9458 = COLOUR_RGB ( '',0.1764705882352941013, 0.1764705882352941013, 0.1764705882352941013 ) ;
#9459 = LINE ( 'NONE', #2621, #6230 ) ;
#9460 = ORIENTED_EDGE ( 'NONE', *, *, #9944, .T. ) ;
#9461 = ORIENTED_EDGE ( 'NONE', *, *, #993, .F. ) ;
#9462 = VECTOR ( 'NONE', #5266, 1000.000000000000000 ) ;
#9463 = FILL_AREA_STYLE ('',( #7610 ) ) ;
#9464 = CARTESIAN_POINT ( 'NONE',  ( 2.911888495329709947, -0.2905605579101560587, 11.88455947458399997 ) ) ;
#9465 = DIRECTION ( 'NONE',  ( 0.0000000000000000000, 0.0000000000000000000, 1.000000000000000000 ) ) ;
#9466 = ORIENTED_EDGE ( 'NONE', *, *, #3645, .T. ) ;
#9467 = DIRECTION ( 'NONE',  ( 1.546750702438370844E-16, 2.689679381759895893E-16, 1.000000000000000000 ) ) ;
#9468 = COLOUR_RGB ( '',1.000000000000000000, 1.000000000000000000, 1.000000000000000000 ) ;
#9469 = CARTESIAN_POINT ( 'NONE',  ( 0.8107967398895460365, -0.8206810398378659999, 11.88455947458399997 ) ) ;
#9470 = DIRECTION ( 'NONE',  ( 0.0000000000000000000, 1.000000000000000000, 0.0000000000000000000 ) ) ;
#9471 = CARTESIAN_POINT ( 'NONE',  ( 2.719117410992361705, 0.9985960685958681360, 11.88455947458399997 ) ) ;
#9472 =( GEOMETRIC_REPRESENTATION_CONTEXT ( 3 ) GLOBAL_UNCERTAINTY_ASSIGNED_CONTEXT ( ( #2514 ) ) GLOBAL_UNIT_ASSIGNED_CONTEXT ( ( #1685, #9597, #7024 ) ) REPRESENTATION_CONTEXT ( 'NONE', 'WORKASPACE' ) );
#9473 =( GEOMETRIC_REPRESENTATION_CONTEXT ( 3 ) GLOBAL_UNCERTAINTY_ASSIGNED_CONTEXT ( ( #8203 ) ) GLOBAL_UNIT_ASSIGNED_CONTEXT ( ( #9130, #5006, #815 ) ) REPRESENTATION_CONTEXT ( 'NONE', 'WORKASPACE' ) );
#9474 = ADVANCED_FACE ( 'NONE', ( #6648 ), #8231, .T. ) ;
#9475 = FILL_AREA_STYLE_COLOUR ( '', #8420 ) ;
#9476 = CARTESIAN_POINT ( 'NONE',  ( -6.500000000000000888, -3.072439817376820148, 5.691858092819041204 ) ) ;
#9477 = ORIENTED_EDGE ( 'NONE', *, *, #5631, .F. ) ;
#9478 = PRESENTATION_STYLE_ASSIGNMENT (( #1013 ) ) ;
#9479 = CARTESIAN_POINT ( 'NONE',  ( -5.000000000000000000, 3.275000000000000355, 1.649999999999999911 ) ) ;
#9480 = ORIENTED_EDGE ( 'NONE', *, *, #1191, .T. ) ;
#9481 = EDGE_CURVE ( 'NONE', #2893, #3948, #9009, .T. ) ;
#9482 = FILL_AREA_STYLE_COLOUR ( '', #9098 ) ;
#9483 = AXIS2_PLACEMENT_3D ( 'NONE', #2760, #5984, #9425 ) ;
#9484 = LINE ( 'NONE', #6035, #10746 ) ;
#9485 = ORIENTED_EDGE ( 'NONE', *, *, #1017, .T. ) ;
#9486 = EDGE_CURVE ( 'NONE', #10210, #5832, #2320, .T. ) ;
#9487 = DIRECTION ( 'NONE',  ( -1.000000000000000000, 0.0000000000000000000, -0.0000000000000000000 ) ) ;
#9488 = CARTESIAN_POINT ( 'NONE',  ( -5.000000000000000000, 3.275000000000000355, 2.000000000000000000 ) ) ;
#9489 = VERTEX_POINT ( 'NONE', #7363 ) ;
#9490 = STYLED_ITEM ( 'NONE', ( #947 ), #5756 ) ;
#9491 = CARTESIAN_POINT ( 'NONE',  ( -5.900000000000019895, 6.200000000000001066, 2.000000000000000000 ) ) ;
#9492 = ORIENTED_EDGE ( 'NONE', *, *, #254, .T. ) ;
#9493 = FILL_AREA_STYLE_COLOUR ( '', #8244 ) ;
#9494 = CARTESIAN_POINT ( 'NONE',  ( -0.1538117053356199970, 0.1503281054638720138, 11.78455947458400033 ) ) ;
#9495 = DIRECTION ( 'NONE',  ( 0.9965548649496432931, -0.08293612690015333966, 1.254029310485160877E-17 ) ) ;
#9496 = FILL_AREA_STYLE ('',( #5563 ) ) ;
#9497 = ADVANCED_FACE ( 'NONE', ( #1892 ), #5039, .T. ) ;
#9498 = VECTOR ( 'NONE', #6686, 1000.000000000000000 ) ;
#9499 = EDGE_CURVE ( 'NONE', #7248, #2962, #899, .T. ) ;
#9500 = DIRECTION ( 'NONE',  ( 0.0000000000000000000, 0.0000000000000000000, 1.000000000000000000 ) ) ;
#9501 = VERTEX_POINT ( 'NONE', #5930 ) ;
#9502 = LINE ( 'NONE', #1979, #2340 ) ;
#9503 =( GEOMETRIC_REPRESENTATION_CONTEXT ( 3 ) GLOBAL_UNCERTAINTY_ASSIGNED_CONTEXT ( ( #4454 ) ) GLOBAL_UNIT_ASSIGNED_CONTEXT ( ( #7226, #2247, #705 ) ) REPRESENTATION_CONTEXT ( 'NONE', 'WORKASPACE' ) );
#9504 = DIRECTION ( 'NONE',  ( 1.000000000000000000, 0.0000000000000000000, -0.0000000000000000000 ) ) ;
#9505 =( NAMED_UNIT ( * ) PLANE_ANGLE_UNIT ( ) SI_UNIT ( $, .RADIAN. ) );
#9506 = UNCERTAINTY_MEASURE_WITH_UNIT (LENGTH_MEASURE( 1.000000000000000082E-05 ), #4137, 'distance_accuracy_value', 'NONE');
#9507 = PRESENTATION_STYLE_ASSIGNMENT (( #7179 ) ) ;
#9508 =( NAMED_UNIT ( * ) SI_UNIT ( $, .STERADIAN. ) SOLID_ANGLE_UNIT ( ) );
#9509 = SURFACE_STYLE_USAGE ( .BOTH. , #9454 ) ;
#9510 = DIRECTION ( 'NONE',  ( -1.000000000000000000, -0.0000000000000000000, -0.0000000000000000000 ) ) ;
#9511 = AXIS2_PLACEMENT_3D ( 'NONE', #1548, #3255, #7293 ) ;
#9512 = DIRECTION ( 'NONE',  ( -0.08293612690015371436, -0.9965548649496431821, 0.0000000000000000000 ) ) ;
#9513 = AXIS2_PLACEMENT_3D ( 'NONE', #4041, #2278, #1628 ) ;
#9514 = VECTOR ( 'NONE', #5976, 1000.000000000000000 ) ;
#9515 = CARTESIAN_POINT ( 'NONE',  ( 0.6981879443287388742, -6.200000000000001066, 2.000000000000000000 ) ) ;
#9516 = ORIENTED_EDGE ( 'NONE', *, *, #1824, .F. ) ;
#9517 = EDGE_LOOP ( 'NONE', ( #9252, #5731, #6279, #8095 ) ) ;
#9518 = FILL_AREA_STYLE ('',( #3864 ) ) ;
#9519 = CARTESIAN_POINT ( 'NONE',  ( 2.911888495329709947, -0.9893557386330470438, 11.78455947458400033 ) ) ;
#9520 = CARTESIAN_POINT ( 'NONE',  ( -5.000000000000000000, -3.274999999999990141, 1.649999999999999911 ) ) ;
#9521 = DIRECTION ( 'NONE',  ( -0.0000000000000000000, 1.000000000000000000, 0.0000000000000000000 ) ) ;
#9522 = ORIENTED_EDGE ( 'NONE', *, *, #3992, .F. ) ;
#9523 = VECTOR ( 'NONE', #10894, 1000.000000000000000 ) ;
#9524 = DIRECTION ( 'NONE',  ( 1.000000000000000000, 0.0000000000000000000, 9.659745536641629746E-17 ) ) ;
#9525 = ADVANCED_FACE ( 'NONE', ( #1782 ), #3539, .T. ) ;
#9526 =( GEOMETRIC_REPRESENTATION_CONTEXT ( 3 ) GLOBAL_UNCERTAINTY_ASSIGNED_CONTEXT ( ( #2237 ) ) GLOBAL_UNIT_ASSIGNED_CONTEXT ( ( #7714, #9403, #5919 ) ) REPRESENTATION_CONTEXT ( 'NONE', 'WORKASPACE' ) );
#9527 = CARTESIAN_POINT ( 'NONE',  ( -1.377268131176320187, 0.9985960685958690242, 11.78455947458400033 ) ) ;
#9528 =( GEOMETRIC_REPRESENTATION_CONTEXT ( 3 ) GLOBAL_UNCERTAINTY_ASSIGNED_CONTEXT ( ( #2852 ) ) GLOBAL_UNIT_ASSIGNED_CONTEXT ( ( #5661, #7523, #3330 ) ) REPRESENTATION_CONTEXT ( 'NONE', 'WORKASPACE' ) );
#9529 = FILL_AREA_STYLE_COLOUR ( '', #4090 ) ;
#9530 =( GEOMETRIC_REPRESENTATION_CONTEXT ( 3 ) GLOBAL_UNCERTAINTY_ASSIGNED_CONTEXT ( ( #8844 ) ) GLOBAL_UNIT_ASSIGNED_CONTEXT ( ( #2513, #9222, #6559 ) ) REPRESENTATION_CONTEXT ( 'NONE', 'WORKASPACE' ) );
#9531 = STYLED_ITEM ( 'NONE', ( #403 ), #2826 ) ;
#9532 = CARTESIAN_POINT ( 'NONE',  ( -5.000000000000000000, -3.072439817376820148, 5.691858092819041204 ) ) ;
#9533 = FILL_AREA_STYLE ('',( #9475 ) ) ;
#9534 = DIRECTION ( 'NONE',  ( -0.0000000000000000000, -0.0000000000000000000, -1.000000000000000000 ) ) ;
#9535 = MECHANICAL_DESIGN_GEOMETRIC_PRESENTATION_REPRESENTATION (  '', ( #9568 ), #9901 ) ;
#9536 = VERTEX_POINT ( 'NONE', #6913 ) ;
#9537 = AXIS2_PLACEMENT_3D ( 'NONE', #6461, #7343, #9836 ) ;
#9538 = FILL_AREA_STYLE ('',( #3825 ) ) ;
#9539 = CARTESIAN_POINT ( 'NONE',  ( 3.198187944328740873, -5.900000000000003020, 8.069038145279597699E-17 ) ) ;
#9540 = ADVANCED_FACE ( 'NONE', ( #845 ), #7574, .T. ) ;
#9541 = PRESENTATION_STYLE_ASSIGNMENT (( #3049 ) ) ;
#9542 = EDGE_LOOP ( 'NONE', ( #3305, #5441, #137, #7292 ) ) ;
#9543 = AXIS2_PLACEMENT_3D ( 'NONE', #4236, #9356, #7611 ) ;
#9544 = ADVANCED_FACE ( 'NONE', ( #3031, #5640 ), #6567, .T. ) ;
#9545 = AXIS2_PLACEMENT_3D ( 'NONE', #1934, #939, #10385 ) ;
#9546 =( GEOMETRIC_REPRESENTATION_CONTEXT ( 3 ) GLOBAL_UNCERTAINTY_ASSIGNED_CONTEXT ( ( #3518 ) ) GLOBAL_UNIT_ASSIGNED_CONTEXT ( ( #4884, #4938, #7377 ) ) REPRESENTATION_CONTEXT ( 'NONE', 'WORKASPACE' ) );
#9547 = CARTESIAN_POINT ( 'NONE',  ( 1.250000000000000000, -4.349999999999999645, 2.019326546254196850E-17 ) ) ;
#9548 = EDGE_LOOP ( 'NONE', ( #2060, #2583, #9460, #10145 ) ) ;
#9549 = FILL_AREA_STYLE ('',( #2114 ) ) ;
#9550 = CARTESIAN_POINT ( 'NONE',  ( 4.599635752693309598, 5.984188079270049698, 9.135151959694830737 ) ) ;
#9551 = LINE ( 'NONE', #2068, #1737 ) ;
#9552 =( GEOMETRIC_REPRESENTATION_CONTEXT ( 3 ) GLOBAL_UNCERTAINTY_ASSIGNED_CONTEXT ( ( #3121 ) ) GLOBAL_UNIT_ASSIGNED_CONTEXT ( ( #10715, #7294, #3198 ) ) REPRESENTATION_CONTEXT ( 'NONE', 'WORKASPACE' ) );
#9553 =( LENGTH_UNIT ( ) NAMED_UNIT ( * ) SI_UNIT ( .MILLI., .METRE. ) );
#9554 = ORIENTED_EDGE ( 'NONE', *, *, #186, .F. ) ;
#9555 = DIRECTION ( 'NONE',  ( -0.0000000000000000000, -0.0000000000000000000, 1.000000000000000000 ) ) ;
#9556 = VERTEX_POINT ( 'NONE', #5304 ) ;
#9557 = DIRECTION ( 'NONE',  ( 1.889065255926620463E-17, 1.572133771040476674E-18, -1.000000000000000000 ) ) ;
#9558 = CARTESIAN_POINT ( 'NONE',  ( 6.610175751530340094, -3.072439817376820148, -0.08657411874590380252 ) ) ;
#9559 = MECHANICAL_DESIGN_GEOMETRIC_PRESENTATION_REPRESENTATION (  '', ( #6778 ), #2686 ) ;
#9560 = FILL_AREA_STYLE ('',( #313 ) ) ;
#9561 = DIRECTION ( 'NONE',  ( -0.0000000000000000000, 0.0000000000000000000, 1.000000000000000000 ) ) ;
#9562 = MECHANICAL_DESIGN_GEOMETRIC_PRESENTATION_REPRESENTATION (  '', ( #3417 ), #3243 ) ;
#9563 = EDGE_CURVE ( 'NONE', #8066, #1745, #8657, .T. ) ;
#9564 = AXIS2_PLACEMENT_3D ( 'NONE', #1972, #10424, #8682 ) ;
#9565 = ORIENTED_EDGE ( 'NONE', *, *, #1207, .T. ) ;
#9566 = CARTESIAN_POINT ( 'NONE',  ( -0.5028327839278570188, 0.1644471129656109865, 11.88455947458399997 ) ) ;
#9567 = CARTESIAN_POINT ( 'NONE',  ( 4.650000000000000355, 5.900000000000000355, 10.50000000000000178 ) ) ;
#9568 = STYLED_ITEM ( 'NONE', ( #6630 ), #10197 ) ;
#9569 = SURFACE_STYLE_FILL_AREA ( #6171 ) ;
#9570 = VERTEX_POINT ( 'NONE', #288 ) ;
#9571 = ADVANCED_FACE ( 'NONE', ( #3648 ), #7232, .T. ) ;
#9572 = CARTESIAN_POINT ( 'NONE',  ( -3.871779538879631666, 4.349999999999979217, 2.000000000000000444 ) ) ;
#9573 = EDGE_CURVE ( 'NONE', #7820, #6823, #2300, .T. ) ;
#9574 = DIRECTION ( 'NONE',  ( -1.000000000000000000, 0.0000000000000000000, -5.782411586589358033E-15 ) ) ;
#9575 =( NAMED_UNIT ( * ) SI_UNIT ( $, .STERADIAN. ) SOLID_ANGLE_UNIT ( ) );
#9576 = CARTESIAN_POINT ( 'NONE',  ( -1.374999999999999556, 3.077560182623180651, -0.3081419071809570198 ) ) ;
#9577 = PLANE ( 'NONE',  #9790 ) ;
#9578 = SURFACE_STYLE_USAGE ( .BOTH. , #8703 ) ;
#9579 =( LENGTH_UNIT ( ) NAMED_UNIT ( * ) SI_UNIT ( .MILLI., .METRE. ) );
#9580 = DIRECTION ( 'NONE',  ( -1.000000000000000000, 0.0000000000000000000, 0.0000000000000000000 ) ) ;
#9581 = SURFACE_STYLE_USAGE ( .BOTH. , #10500 ) ;
#9582 = VECTOR ( 'NONE', #3290, 1000.000000000000000 ) ;
#9583 = UNCERTAINTY_MEASURE_WITH_UNIT (LENGTH_MEASURE( 1.000000000000000082E-05 ), #5382, 'distance_accuracy_value', 'NONE');
#9584 = ORIENTED_EDGE ( 'NONE', *, *, #4110, .F. ) ;
#9585 = CARTESIAN_POINT ( 'NONE',  ( 4.599635752693309598, -0.0003802452009546379965, 9.127783911014779150 ) ) ;
#9586 = FILL_AREA_STYLE_COLOUR ( '', #7123 ) ;
#9587 = EDGE_CURVE ( 'NONE', #3068, #3285, #4064, .T. ) ;
#9588 = DIRECTION ( 'NONE',  ( -3.591029870494130906E-17, -0.001231173694803740270, 0.9999992421053793823 ) ) ;
#9589 = COLOUR_RGB ( '',1.000000000000000000, 1.000000000000000000, 1.000000000000000000 ) ;
#9590 = CARTESIAN_POINT ( 'NONE',  ( 1.277193524096640109, 0.6444921730411159455, 11.88455947458399997 ) ) ;
#9591 =( NAMED_UNIT ( * ) SI_UNIT ( $, .STERADIAN. ) SOLID_ANGLE_UNIT ( ) );
#9592 = VECTOR ( 'NONE', #8003, 1000.000000000000000 ) ;
#9593 = PLANE ( 'NONE',  #4365 ) ;
#9594 = UNCERTAINTY_MEASURE_WITH_UNIT (LENGTH_MEASURE( 1.000000000000000082E-05 ), #1929, 'distance_accuracy_value', 'NONE');
#9595 = SURFACE_STYLE_USAGE ( .BOTH. , #5538 ) ;
#9596 =( GEOMETRIC_REPRESENTATION_CONTEXT ( 3 ) GLOBAL_UNCERTAINTY_ASSIGNED_CONTEXT ( ( #9663 ) ) GLOBAL_UNIT_ASSIGNED_CONTEXT ( ( #2296, #1540, #9990 ) ) REPRESENTATION_CONTEXT ( 'NONE', 'WORKASPACE' ) );
#9597 =( NAMED_UNIT ( * ) PLANE_ANGLE_UNIT ( ) SI_UNIT ( $, .RADIAN. ) );
#9598 = SURFACE_STYLE_FILL_AREA ( #8825 ) ;
#9599 = ORIENTED_EDGE ( 'NONE', *, *, #589, .T. ) ;
#9600 =( NAMED_UNIT ( * ) PLANE_ANGLE_UNIT ( ) SI_UNIT ( $, .RADIAN. ) );
#9601 = CARTESIAN_POINT ( 'NONE',  ( 1.393063366478300091, 0.8815027468079159600, 11.78455947458399855 ) ) ;
#9602 = FILL_AREA_STYLE ('',( #2886 ) ) ;
#9603 = ORIENTED_EDGE ( 'NONE', *, *, #7874, .F. ) ;
#9604 = MECHANICAL_DESIGN_GEOMETRIC_PRESENTATION_REPRESENTATION (  '', ( #9083 ), #4331 ) ;
#9605 = FILL_AREA_STYLE ('',( #3830 ) ) ;
#9606 = VECTOR ( 'NONE', #9121, 1000.000000000000000 ) ;
#9607 = UNCERTAINTY_MEASURE_WITH_UNIT (LENGTH_MEASURE( 1.000000000000000082E-05 ), #10511, 'distance_accuracy_value', 'NONE');
#9608 = CARTESIAN_POINT ( 'NONE',  ( -0.3857394621399040102, -0.8206810398378659999, 11.88455947458399997 ) ) ;
#9609 = ORIENTED_EDGE ( 'NONE', *, *, #4461, .F. ) ;
#9610 = DIRECTION ( 'NONE',  ( 0.0000000000000000000, 0.9999943105712124636, 0.003373251429301981404 ) ) ;
#9611 = DIRECTION ( 'NONE',  ( 0.0000000000000000000, 0.0000000000000000000, 1.000000000000000000 ) ) ;
#9613 = LINE ( 'NONE', #4597, #10143 ) ;
#9612 = COLOUR_RGB ( '',0.1764705882352941013, 0.1764705882352941013, 0.1764705882352941013 ) ;
#9614 = DIRECTION ( 'NONE',  ( 0.0000000000000000000, -0.7345978301225714047, -0.6785027840615025507 ) ) ;
#9615 = VERTEX_POINT ( 'NONE', #4280 ) ;
#9616 = DIRECTION ( 'NONE',  ( 1.000000000000000000, 0.0000000000000000000, 1.604941620322692457E-31 ) ) ;
#9617 = EDGE_CURVE ( 'NONE', #179, #5790, #9233, .T. ) ;
#9618 = ORIENTED_EDGE ( 'NONE', *, *, #1833, .T. ) ;
#9619 = FILL_AREA_STYLE_COLOUR ( '', #9458 ) ;
#9620 = FILL_AREA_STYLE ('',( #4762 ) ) ;
#9621 = FILL_AREA_STYLE_COLOUR ( '', #8514 ) ;
#9622 = FACE_OUTER_BOUND ( 'NONE', #4427, .T. ) ;
#9623 = CARTESIAN_POINT ( 'NONE',  ( -4.649999999999998579, 5.899999999999999467, 9.400000000000000355 ) ) ;
#9624 = EDGE_LOOP ( 'NONE', ( #10521, #2511, #6330, #5466 ) ) ;
#9625 = VECTOR ( 'NONE', #2445, 1000.000000000000000 ) ;
#9626 = SURFACE_STYLE_USAGE ( .BOTH. , #8797 ) ;
#9627 = ORIENTED_EDGE ( 'NONE', *, *, #3363, .F. ) ;
#9628 =( BOUNDED_CURVE ( )  B_SPLINE_CURVE ( 2, ( #8458, #5993, #2561, #1801, #8360, #7646, #7592, #917, #83 ),
 .UNSPECIFIED., .F., .F. ) 
 B_SPLINE_CURVE_WITH_KNOTS ( ( 3, 2, 2, 2, 3 ),
 ( 0.0000000000000000000, 0.01099270980368844026, 0.01282573577458834962, 0.01858646302518465049, 0.02041948899608456158 ),
 .UNSPECIFIED. ) 
 CURVE ( )  GEOMETRIC_REPRESENTATION_ITEM ( )  RATIONAL_B_SPLINE_CURVE ( ( 1.000000000000000000, 1.000000000000000000, 1.000000000000000000, 0.7071067811865480168, 1.000000000000000000, 1.000000000000000000, 1.000000000000000000, 0.7071067811865480168, 1.000000000000000000 ) ) 
 REPRESENTATION_ITEM ( '' )  );
#9629 = EDGE_CURVE ( 'NONE', #3068, #1578, #8369, .T. ) ;
#9630 = LINE ( 'NONE', #8630, #6273 ) ;
#9631 = CARTESIAN_POINT ( 'NONE',  ( 4.453928499320490175, -5.795369424699426730, 9.120649267370620095 ) ) ;
#9632 = UNCERTAINTY_MEASURE_WITH_UNIT (LENGTH_MEASURE( 1.000000000000000082E-05 ), #2318, 'distance_accuracy_value', 'NONE');
#9633 = DIRECTION ( 'NONE',  ( -1.000000000000000000, 0.0000000000000000000, 0.0000000000000000000 ) ) ;
#9634 = ADVANCED_FACE ( 'NONE', ( #9942 ), #3135, .T. ) ;
#9635 = DIRECTION ( 'NONE',  ( 1.000000000000000000, 0.0000000000000000000, -0.0000000000000000000 ) ) ;
#9636 = ORIENTED_EDGE ( 'NONE', *, *, #3354, .F. ) ;
#9637 = MECHANICAL_DESIGN_GEOMETRIC_PRESENTATION_REPRESENTATION (  '', ( #5428 ), #5244 ) ;
#9638 = ORIENTED_EDGE ( 'NONE', *, *, #4871, .F. ) ;
#9639 = CARTESIAN_POINT ( 'NONE',  ( -1.250000000000000000, 4.349999999999999645, 2.583111675946695825E-17 ) ) ;
#9640 = DIRECTION ( 'NONE',  ( -1.000000000000000000, 0.0000000000000000000, -0.0000000000000000000 ) ) ;
#9641 = CIRCLE ( 'NONE', #10512, 0.2999999999999999334 ) ;
#9642 = COLOUR_RGB ( '',0.4117647058823529216, 0.4117647058823529216, 0.4117647058823529216 ) ;
#9643 = STYLED_ITEM ( 'NONE', ( #2436 ), #430 ) ;
#9644 = EDGE_CURVE ( 'NONE', #257, #8613, #5801, .T. ) ;
#9645 = SURFACE_SIDE_STYLE ('',( #1340 ) ) ;
#9646 = PRESENTATION_STYLE_ASSIGNMENT (( #8173 ) ) ;
#9647 = STYLED_ITEM ( 'NONE', ( #8277 ), #5192 ) ;
#9648 = SURFACE_STYLE_USAGE ( .BOTH. , #7964 ) ;
#9649 = ORIENTED_EDGE ( 'NONE', *, *, #2715, .F. ) ;
#9650 = PRESENTATION_STYLE_ASSIGNMENT (( #10465 ) ) ;
#9651 = FILL_AREA_STYLE_COLOUR ( '', #4948 ) ;
#9652 = AXIS2_PLACEMENT_3D ( 'NONE', #4078, #10778, #3270 ) ;
#9653 = ORIENTED_EDGE ( 'NONE', *, *, #9096, .F. ) ;
#9654 = LINE ( 'NONE', #8034, #205 ) ;
#9655 = ORIENTED_EDGE ( 'NONE', *, *, #7688, .F. ) ;
#9656 =( NAMED_UNIT ( * ) SI_UNIT ( $, .STERADIAN. ) SOLID_ANGLE_UNIT ( ) );
#9657 = FILL_AREA_STYLE ('',( #9760 ) ) ;
#9658 =( NAMED_UNIT ( * ) PLANE_ANGLE_UNIT ( ) SI_UNIT ( $, .RADIAN. ) );
#9659 = ORIENTED_EDGE ( 'NONE', *, *, #10499, .F. ) ;
#9660 = VERTEX_POINT ( 'NONE', #4894 ) ;
#9661 = PRESENTATION_STYLE_ASSIGNMENT (( #2173 ) ) ;
#9662 = CARTESIAN_POINT ( 'NONE',  ( 6.610175751530340094, -3.072439817376820148, 11.50790099422419921 ) ) ;
#9663 = UNCERTAINTY_MEASURE_WITH_UNIT (LENGTH_MEASURE( 1.000000000000000082E-05 ), #2296, 'distance_accuracy_value', 'NONE');
#9664 =( GEOMETRIC_REPRESENTATION_CONTEXT ( 3 ) GLOBAL_UNCERTAINTY_ASSIGNED_CONTEXT ( ( #7765 ) ) GLOBAL_UNIT_ASSIGNED_CONTEXT ( ( #6820, #8557, #12 ) ) REPRESENTATION_CONTEXT ( 'NONE', 'WORKASPACE' ) );
#9665 = VERTEX_POINT ( 'NONE', #6679 ) ;
#9666 = EDGE_CURVE ( 'NONE', #4098, #3604, #8260, .T. ) ;
#9667 = ORIENTED_EDGE ( 'NONE', *, *, #679, .T. ) ;
#9668 =( GEOMETRIC_REPRESENTATION_CONTEXT ( 3 ) GLOBAL_UNCERTAINTY_ASSIGNED_CONTEXT ( ( #10600 ) ) GLOBAL_UNIT_ASSIGNED_CONTEXT ( ( #6907, #4305, #9302 ) ) REPRESENTATION_CONTEXT ( 'NONE', 'WORKASPACE' ) );
#9669 = ORIENTED_EDGE ( 'NONE', *, *, #10134, .T. ) ;
#9670 = LINE ( 'NONE', #6394, #4858 ) ;
#9671 =( LENGTH_UNIT ( ) NAMED_UNIT ( * ) SI_UNIT ( .MILLI., .METRE. ) );
#9672 = EDGE_CURVE ( 'NONE', #67, #9810, #8692, .T. ) ;
#9673 = PRESENTATION_STYLE_ASSIGNMENT (( #6291 ) ) ;
#9674 = AXIS2_PLACEMENT_3D ( 'NONE', #199, #8700, #9633 ) ;
#9675 = SURFACE_SIDE_STYLE ('',( #3914 ) ) ;
#9676 = CARTESIAN_POINT ( 'NONE',  ( 1.277193524096640109, 0.6444921730411159455, 11.78455947458400033 ) ) ;
#9677 = EDGE_CURVE ( 'NONE', #5222, #1210, #10652, .T. ) ;
#9678 = DIRECTION ( 'NONE',  ( -1.546750702438252268E-16, -2.689679381759778550E-16, -1.000000000000000000 ) ) ;
#9679 = VERTEX_POINT ( 'NONE', #5999 ) ;
#9680 = ORIENTED_EDGE ( 'NONE', *, *, #8240, .T. ) ;
#9681 =( NAMED_UNIT ( * ) SI_UNIT ( $, .STERADIAN. ) SOLID_ANGLE_UNIT ( ) );
#9682 = LINE ( 'NONE', #8015, #8861 ) ;
#9683 = EDGE_CURVE ( 'NONE', #1301, #736, #5920, .T. ) ;
#9684 = UNCERTAINTY_MEASURE_WITH_UNIT (LENGTH_MEASURE( 1.000000000000000082E-05 ), #2056, 'distance_accuracy_value', 'NONE');
#9685 =( NAMED_UNIT ( * ) SI_UNIT ( $, .STERADIAN. ) SOLID_ANGLE_UNIT ( ) );
#9686 =( LENGTH_UNIT ( ) NAMED_UNIT ( * ) SI_UNIT ( .MILLI., .METRE. ) );
#9687 =( NAMED_UNIT ( * ) PLANE_ANGLE_UNIT ( ) SI_UNIT ( $, .RADIAN. ) );
#9688 = STYLED_ITEM ( 'NONE', ( #1600 ), #2272 ) ;
#9689 = SURFACE_STYLE_USAGE ( .BOTH. , #7900 ) ;
#9690 = MECHANICAL_DESIGN_GEOMETRIC_PRESENTATION_REPRESENTATION (  '', ( #2480 ), #7961 ) ;
#9691 = EDGE_CURVE ( 'NONE', #1935, #9719, #5396, .T. ) ;
#9692 = VECTOR ( 'NONE', #8897, 1000.000000000000000 ) ;
#9693 = LINE ( 'NONE', #3042, #7142 ) ;
#9694 = CARTESIAN_POINT ( 'NONE',  ( -6.200000000000001954, -3.072439817376820148, 11.39185809281899964 ) ) ;
#9695 = EDGE_CURVE ( 'NONE', #3824, #2074, #10223, .T. ) ;
#9696 =( GEOMETRIC_REPRESENTATION_CONTEXT ( 3 ) GLOBAL_UNCERTAINTY_ASSIGNED_CONTEXT ( ( #3790 ) ) GLOBAL_UNIT_ASSIGNED_CONTEXT ( ( #1939, #2744, #10596 ) ) REPRESENTATION_CONTEXT ( 'NONE', 'WORKASPACE' ) );
#9697 = FILL_AREA_STYLE ('',( #4317 ) ) ;
#9698 = STYLED_ITEM ( 'NONE', ( #9189 ), #6593 ) ;
#9699 = CARTESIAN_POINT ( 'NONE',  ( -0.09714760328769500575, -0.8443067856685230188, 11.78455947458398789 ) ) ;
#9700 = ORIENTED_EDGE ( 'NONE', *, *, #66, .F. ) ;
#9701 = CARTESIAN_POINT ( 'NONE',  ( 0.5308644678855309884, -0.8248224854555400443, 11.78455947458400033 ) ) ;
#9702 = CARTESIAN_POINT ( 'NONE',  ( -1.801812055671259127, -5.900000000000002132, -5.574710172721636375E-16 ) ) ;
#9703 = SURFACE_STYLE_FILL_AREA ( #5486 ) ;
#9704 = EDGE_CURVE ( 'NONE', #8300, #9870, #3680, .T. ) ;
#9705 = EDGE_LOOP ( 'NONE', ( #8233, #9584, #6827, #1872, #5830, #9236 ) ) ;
#9706 = PRESENTATION_LAYER_ASSIGNMENT (  '', '', ( #3559 ) ) ;
#9707 = STYLED_ITEM ( 'NONE', ( #8477 ), #6576 ) ;
#9708 = VERTEX_POINT ( 'NONE', #138 ) ;
#9709 =( NAMED_UNIT ( * ) SI_UNIT ( $, .STERADIAN. ) SOLID_ANGLE_UNIT ( ) );
#9710 = VERTEX_POINT ( 'NONE', #3620 ) ;
#9711 = LINE ( 'NONE', #3005, #6742 ) ;
#9712 = B_SPLINE_CURVE_WITH_KNOTS ( 'NONE', 2,
 ( #835, #6800, #5818, #9903, #10842, #4910, #4237, #6581, #7612, #6696, #4190, #780, #6749, #2370, #5873 ),
 .UNSPECIFIED., .F., .F.,
 ( 3, 2, 2, 2, 2, 2, 2, 3 ),
 ( 0.0000000000000000000, 0.0002940344714855427574, 0.0005880689429710855148, 0.0008821034144566282723, 0.001176137885942171030, 0.001470172357427713570, 0.001764206828913256545, 0.002058241300398799302 ),
 .UNSPECIFIED. ) ;
#9713 = VERTEX_POINT ( 'NONE', #8526 ) ;
#9714 = CARTESIAN_POINT ( 'NONE',  ( -0.2567862034654720405, 0.6299967456919850495, 11.78455947458399500 ) ) ;
#9715 = CARTESIAN_POINT ( 'NONE',  ( -6.610175751530340094, -3.072439817376820148, 11.81236413145950337 ) ) ;
#9716 = CARTESIAN_POINT ( 'NONE',  ( -0.2567862034654720405, 0.6299967456919850495, 11.88455947458399997 ) ) ;
#9717 = PRESENTATION_LAYER_ASSIGNMENT (  '', '', ( #4622 ) ) ;
#9718 = UNCERTAINTY_MEASURE_WITH_UNIT (LENGTH_MEASURE( 1.000000000000000082E-05 ), #7510, 'distance_accuracy_value', 'NONE');
#9719 = VERTEX_POINT ( 'NONE', #2783 ) ;
#9720 = FACE_OUTER_BOUND ( 'NONE', #2287, .T. ) ;
#9721 =( LENGTH_UNIT ( ) NAMED_UNIT ( * ) SI_UNIT ( .MILLI., .METRE. ) );
#9722 =( GEOMETRIC_REPRESENTATION_CONTEXT ( 3 ) GLOBAL_UNCERTAINTY_ASSIGNED_CONTEXT ( ( #7505 ) ) GLOBAL_UNIT_ASSIGNED_CONTEXT ( ( #4003, #10748, #3296 ) ) REPRESENTATION_CONTEXT ( 'NONE', 'WORKASPACE' ) );
#9723 = DIRECTION ( 'NONE',  ( -0.0000000000000000000, -1.000000000000000000, -0.0000000000000000000 ) ) ;
#9724 =( NAMED_UNIT ( * ) PLANE_ANGLE_UNIT ( ) SI_UNIT ( $, .RADIAN. ) );
#9725 =( LENGTH_UNIT ( ) NAMED_UNIT ( * ) SI_UNIT ( .MILLI., .METRE. ) );
#9726 = DIRECTION ( 'NONE',  ( 0.0000000000000000000, 0.0000000000000000000, 1.000000000000000000 ) ) ;
#9727 = CIRCLE ( 'NONE', #3767, 0.2999999999999981570 ) ;
#9728 = DIRECTION ( 'NONE',  ( 0.0000000000000000000, 0.0000000000000000000, -1.000000000000000000 ) ) ;
#9729 = CARTESIAN_POINT ( 'NONE',  ( 0.6981879443287409837, -6.200000000000001066, 2.000000000000000000 ) ) ;
#9730 = SURFACE_SIDE_STYLE ('',( #6400 ) ) ;
#9731 = CARTESIAN_POINT ( 'NONE',  ( -4.650000000000001243, -6.200000000000001066, 10.50000000000000000 ) ) ;
#9732 = CIRCLE ( 'NONE', #6050, 0.2500000000000002220 ) ;
#9733 = STYLED_ITEM ( 'NONE', ( #7231 ), #10048 ) ;
#9734 = DIRECTION ( 'NONE',  ( 0.0000000000000000000, 0.0000000000000000000, -1.000000000000000000 ) ) ;
#9736 = EDGE_LOOP ( 'NONE', ( #7919, #611 ) ) ;
#9735 =( GEOMETRIC_REPRESENTATION_CONTEXT ( 3 ) GLOBAL_UNCERTAINTY_ASSIGNED_CONTEXT ( ( #8713 ) ) GLOBAL_UNIT_ASSIGNED_CONTEXT ( ( #9000, #3832, #3721 ) ) REPRESENTATION_CONTEXT ( 'NONE', 'WORKASPACE' ) );
#9737 = VERTEX_POINT ( 'NONE', #9393 ) ;
#9738 =( LENGTH_UNIT ( ) NAMED_UNIT ( * ) SI_UNIT ( .MILLI., .METRE. ) );
#9739 = EDGE_CURVE ( 'NONE', #10530, #10826, #4559, .T. ) ;
#9740 =( NAMED_UNIT ( * ) SI_UNIT ( $, .STERADIAN. ) SOLID_ANGLE_UNIT ( ) );
#9741 = LINE ( 'NONE', #7454, #6676 ) ;
#9742 = CARTESIAN_POINT ( 'NONE',  ( 4.950000000000006395, 3.274810948297733226, 10.14126039095189746 ) ) ;
#9743 = MECHANICAL_DESIGN_GEOMETRIC_PRESENTATION_REPRESENTATION (  '', ( #10256 ), #5190 ) ;
#9744 = LINE ( 'NONE', #8219, #9449 ) ;
#9745 = COLOUR_RGB ( '',0.1764705882352941013, 0.1764705882352941013, 0.1764705882352941013 ) ;
#9746 = CARTESIAN_POINT ( 'NONE',  ( 6.200000000000001066, -3.274999999999990141, 0.0000000000000000000 ) ) ;
#9747 = DIRECTION ( 'NONE',  ( 0.0000000000000000000, 0.0000000000000000000, -1.000000000000000000 ) ) ;
#9748 = VERTEX_POINT ( 'NONE', #7928 ) ;
#9749 = SURFACE_STYLE_USAGE ( .BOTH. , #569 ) ;
#9750 = CARTESIAN_POINT ( 'NONE',  ( 0.4064291665979820056, 0.5641081972202309780, 11.78455947458399855 ) ) ;
#9751 = CARTESIAN_POINT ( 'NONE',  ( -6.513276922344959807, 3.101520183108080086, -0.3203975278070669841 ) ) ;
#9752 = ORIENTED_EDGE ( 'NONE', *, *, #8485, .F. ) ;
#9753 = DIRECTION ( 'NONE',  ( 0.0000000000000000000, 0.0000000000000000000, -1.000000000000000000 ) ) ;
#9754 =( GEOMETRIC_REPRESENTATION_CONTEXT ( 3 ) GLOBAL_UNCERTAINTY_ASSIGNED_CONTEXT ( ( #878 ) ) GLOBAL_UNIT_ASSIGNED_CONTEXT ( ( #9894, #1715, #10199 ) ) REPRESENTATION_CONTEXT ( 'NONE', 'WORKASPACE' ) );
#9755 = EDGE_CURVE ( 'NONE', #2477, #1124, #6170, .T. ) ;
#9756 = SURFACE_SIDE_STYLE ('',( #8733 ) ) ;
#9757 = FACE_OUTER_BOUND ( 'NONE', #8944, .T. ) ;
#9758 = COLOUR_RGB ( '',0.7450980392156862919, 0.7450980392156862919, 0.7450980392156862919 ) ;
#9759 = EDGE_LOOP ( 'NONE', ( #2548, #3237, #8714, #1642 ) ) ;
#9760 = FILL_AREA_STYLE_COLOUR ( '', #63 ) ;
#9761 = CARTESIAN_POINT ( 'NONE',  ( -5.000000000000000000, -4.350000000000000533, -4.673891202419779844 ) ) ;
#9762 = ORIENTED_EDGE ( 'NONE', *, *, #6153, .F. ) ;
#9763 = CARTESIAN_POINT ( 'NONE',  ( -4.002845596186371147, -5.924880838070049727, 2.000000000000000888 ) ) ;
#9764 = EDGE_LOOP ( 'NONE', ( #6660, #10417, #10800, #107 ) ) ;
#9765 = CARTESIAN_POINT ( 'NONE',  ( 1.144757531557019981, 1.010644261366949959, 11.78455947458400033 ) ) ;
#9766 = CARTESIAN_POINT ( 'NONE',  ( 2.719117410992359929, 0.9985960685958690242, 11.88455947458399997 ) ) ;
#9767 = MECHANICAL_DESIGN_GEOMETRIC_PRESENTATION_REPRESENTATION (  '', ( #5923 ), #9754 ) ;
#9768 = UNCERTAINTY_MEASURE_WITH_UNIT (LENGTH_MEASURE( 1.000000000000000082E-05 ), #86, 'distance_accuracy_value', 'NONE');
#9769 = DIRECTION ( 'NONE',  ( 0.08293612690015314537, 0.9965548649496432931, 0.0000000000000000000 ) ) ;
#9770 = PLANE ( 'NONE',  #96 ) ;
#9771 = ORIENTED_EDGE ( 'NONE', *, *, #9320, .F. ) ;
#9772 = SURFACE_STYLE_USAGE ( .BOTH. , #3069 ) ;
#9773 = ORIENTED_EDGE ( 'NONE', *, *, #7755, .F. ) ;
#9774 = CARTESIAN_POINT ( 'NONE',  ( -2.500000000000000000, -4.349999999999999645, 0.3261087975802219874 ) ) ;
#9775 = FILL_AREA_STYLE_COLOUR ( '', #7818 ) ;
#9776 =( NAMED_UNIT ( * ) PLANE_ANGLE_UNIT ( ) SI_UNIT ( $, .RADIAN. ) );
#9777 = UNCERTAINTY_MEASURE_WITH_UNIT (LENGTH_MEASURE( 1.000000000000000082E-05 ), #10449, 'distance_accuracy_value', 'NONE');
#9778 = PRESENTATION_STYLE_ASSIGNMENT (( #10653 ) ) ;
#9779 = CARTESIAN_POINT ( 'NONE',  ( 7.654042494670949841E-18, 4.349999999999999645, 0.3261087975802219874 ) ) ;
#9780 = DIRECTION ( 'NONE',  ( 0.0000000000000000000, -1.000000000000000000, 0.0000000000000000000 ) ) ;
#9781 = CARTESIAN_POINT ( 'NONE',  ( 0.5745390977393468601, 0.4818415706314769786, 11.78455947458399855 ) ) ;
#9782 = DIRECTION ( 'NONE',  ( 4.450704048303560326E-18, -0.9999943668016061382, 0.003356540638043230534 ) ) ;
#9783 = DIRECTION ( 'NONE',  ( -6.419766481290825880E-30, -6.419766481290825880E-30, -1.000000000000000000 ) ) ;
#9784 = VECTOR ( 'NONE', #8198, 1000.000000000000000 ) ;
#9785 = DIRECTION ( 'NONE',  ( -1.000000000000000000, 0.0000000000000000000, -0.0000000000000000000 ) ) ;
#9786 = FACE_OUTER_BOUND ( 'NONE', #10183, .T. ) ;
#9787 = ORIENTED_EDGE ( 'NONE', *, *, #1873, .T. ) ;
#9788 = SURFACE_STYLE_FILL_AREA ( #5759 ) ;
#9789 = SURFACE_STYLE_USAGE ( .BOTH. , #7504 ) ;
#9790 = AXIS2_PLACEMENT_3D ( 'NONE', #6177, #5407, #8754 ) ;
#9791 = DIRECTION ( 'NONE',  ( 1.000000000000000000, 0.0000000000000000000, 0.0000000000000000000 ) ) ;
#9792 = LINE ( 'NONE', #4797, #8336 ) ;
#9793 = PRESENTATION_STYLE_ASSIGNMENT (( #5473 ) ) ;
#9794 = CARTESIAN_POINT ( 'NONE',  ( 0.9971544038136319621, 5.924880838070049727, 3.360349108347265852E-17 ) ) ;
#9795 = CARTESIAN_POINT ( 'NONE',  ( 3.750000000000000000, 4.349999999999999645, -1.642566291315514874E-17 ) ) ;
#9796 = SURFACE_STYLE_FILL_AREA ( #3981 ) ;
#9797 = MECHANICAL_DESIGN_GEOMETRIC_PRESENTATION_REPRESENTATION (  '', ( #6303 ), #5421 ) ;
#9798 = EDGE_CURVE ( 'NONE', #5160, #1519, #10595, .T. ) ;
#9799 = CARTESIAN_POINT ( 'NONE',  ( 3.497154403813630186, -5.924880838070049727, 2.000000000000000444 ) ) ;
#9800 = DIRECTION ( 'NONE',  ( -5.782411586589358822E-15, -5.782411586589358822E-15, -1.000000000000000000 ) ) ;
#9801 = DIRECTION ( 'NONE',  ( 0.0000000000000000000, 1.000000000000000000, 0.0000000000000000000 ) ) ;
#9802 = ORIENTED_EDGE ( 'NONE', *, *, #3186, .F. ) ;
#9803 = VECTOR ( 'NONE', #6076, 1000.000000000000000 ) ;
#9804 = CARTESIAN_POINT ( 'NONE',  ( 4.453928499320490175, 5.095199161759920159, 5.672862536810730383 ) ) ;
#9805 = SURFACE_STYLE_USAGE ( .BOTH. , #842 ) ;
#9806 = COLOUR_RGB ( '',1.000000000000000000, 1.000000000000000000, 1.000000000000000000 ) ;
#9807 = ORIENTED_EDGE ( 'NONE', *, *, #6885, .T. ) ;
#9808 = EDGE_CURVE ( 'NONE', #4492, #4928, #981, .T. ) ;
#9809 = CARTESIAN_POINT ( 'NONE',  ( -2.250000000000000000, -4.349999999999999645, 0.3261087975802219874 ) ) ;
#9810 = VERTEX_POINT ( 'NONE', #6051 ) ;
#9811 =( GEOMETRIC_REPRESENTATION_CONTEXT ( 3 ) GLOBAL_UNCERTAINTY_ASSIGNED_CONTEXT ( ( #4432 ) ) GLOBAL_UNIT_ASSIGNED_CONTEXT ( ( #4350, #148, #1670 ) ) REPRESENTATION_CONTEXT ( 'NONE', 'WORKASPACE' ) );
#9812 = CARTESIAN_POINT ( 'NONE',  ( 4.002845596186369370, -5.924880838070049727, 2.000000000000000000 ) ) ;
#9813 = DIRECTION ( 'NONE',  ( 0.0000000000000000000, -1.000000000000000000, 0.0000000000000000000 ) ) ;
#9814 = ORIENTED_EDGE ( 'NONE', *, *, #5940, .F. ) ;
#9815 = CARTESIAN_POINT ( 'NONE',  ( 6.200000000000001066, -3.274999999999990141, 1.649999999999999911 ) ) ;
#9816 = STYLED_ITEM ( 'NONE', ( #10010 ), #745 ) ;
#9817 = ORIENTED_EDGE ( 'NONE', *, *, #7178, .F. ) ;
#9818 = CARTESIAN_POINT ( 'NONE',  ( 1.393063366478300091, 0.8815027468079159600, 11.78455947458400033 ) ) ;
#9819 = LINE ( 'NONE', #6488, #2500 ) ;
#9820 = EDGE_CURVE ( 'NONE', #7364, #5625, #1869, .T. ) ;
#9821 = ORIENTED_EDGE ( 'NONE', *, *, #3967, .T. ) ;
#9822 = CARTESIAN_POINT ( 'NONE',  ( -6.500000000000001776, -3.072439817376820148, 5.691858092819041204 ) ) ;
#9823 = COLOUR_RGB ( '',0.7450980392156862919, 0.7450980392156862919, 0.7450980392156862919 ) ;
#9824 = ORIENTED_EDGE ( 'NONE', *, *, #6758, .F. ) ;
#9825 = FACE_OUTER_BOUND ( 'NONE', #10091, .T. ) ;
#9826 = CARTESIAN_POINT ( 'NONE',  ( 5.000000000000000000, 4.349999999999999645, -4.673891202419779844 ) ) ;
#9827 = DIRECTION ( 'NONE',  ( 0.0000000000000000000, -1.000000000000000000, 0.0000000000000000000 ) ) ;
#9828 = PRESENTATION_LAYER_ASSIGNMENT (  '', '', ( #10876 ) ) ;
#9829 = CARTESIAN_POINT ( 'NONE',  ( -1.184497046838969947, 0.4925719722103260589, 11.83455947458400104 ) ) ;
#9830 = LINE ( 'NONE', #1537, #6456 ) ;
#9831 = CARTESIAN_POINT ( 'NONE',  ( -1.375000000000000000, -3.072439817376820148, 1.091858092819040005 ) ) ;
#9832 = FACE_OUTER_BOUND ( 'NONE', #2346, .T. ) ;
#9833 = EDGE_CURVE ( 'NONE', #5548, #1210, #9502, .T. ) ;
#9834 = CARTESIAN_POINT ( 'NONE',  ( 4.453928499320490175, 5.095199161759920159, 1.972862536810730205 ) ) ;
#9835 = MECHANICAL_DESIGN_GEOMETRIC_PRESENTATION_REPRESENTATION (  '', ( #2993 ), #883 ) ;
#9836 = DIRECTION ( 'NONE',  ( 0.0000000000000000000, -1.000000000000000000, 2.689679381759928433E-16 ) ) ;
#9837 = ORIENTED_EDGE ( 'NONE', *, *, #739, .F. ) ;
#9838 = LINE ( 'NONE', #6683, #1119 ) ;
#9839 = STYLED_ITEM ( 'NONE', ( #7951 ), #5808 ) ;
#9840 = PRESENTATION_STYLE_ASSIGNMENT (( #9999 ) ) ;
#9841 = CARTESIAN_POINT ( 'NONE',  ( -6.200000000000001066, -3.072439817376820148, -0.3081419071809570198 ) ) ;
#9842 = CARTESIAN_POINT ( 'NONE',  ( 2.500000000000000000, -4.349999999999999645, -4.673891202419779844 ) ) ;
#9843 = DIRECTION ( 'NONE',  ( 0.0000000000000000000, 0.0000000000000000000, -1.000000000000000000 ) ) ;
#9844 = PLANE ( 'NONE',  #3148 ) ;
#9845 = CIRCLE ( 'NONE', #4583, 0.3000000000000007661 ) ;
#9846 = ADVANCED_FACE ( 'NONE', ( #9825 ), #4607, .T. ) ;
#9847 = VECTOR ( 'NONE', #8263, 1000.000000000000000 ) ;
#9848 = PRESENTATION_STYLE_ASSIGNMENT (( #9904 ) ) ;
#9849 = ORIENTED_EDGE ( 'NONE', *, *, #1433, .T. ) ;
#9850 =( LENGTH_UNIT ( ) NAMED_UNIT ( * ) SI_UNIT ( .MILLI., .METRE. ) );
#9851 = PRESENTATION_LAYER_ASSIGNMENT (  '', '', ( #6221 ) ) ;
#9852 = CARTESIAN_POINT ( 'NONE',  ( 2.911888495329709947, -0.5194762205607580396, 11.78455947458400033 ) ) ;
#9853 = MECHANICAL_DESIGN_GEOMETRIC_PRESENTATION_REPRESENTATION (  '', ( #7429 ), #8638 ) ;
#9854 = DIRECTION ( 'NONE',  ( 0.0000000000000000000, -1.000000000000000000, -0.0000000000000000000 ) ) ;
#9855 = MECHANICAL_DESIGN_GEOMETRIC_PRESENTATION_REPRESENTATION (  '', ( #10726 ), #4778 ) ;
#9856 = ORIENTED_EDGE ( 'NONE', *, *, #10570, .F. ) ;
#9857 = PRESENTATION_LAYER_ASSIGNMENT (  '', '', ( #7963 ) ) ;
#9858 = CARTESIAN_POINT ( 'NONE',  ( 3.753928499320489998, 5.795199161759920337, 9.372862536810730560 ) ) ;
#9859 = SURFACE_STYLE_USAGE ( .BOTH. , #9111 ) ;
#9860 = ORIENTED_EDGE ( 'NONE', *, *, #948, .F. ) ;
#9861 = ORIENTED_EDGE ( 'NONE', *, *, #3230, .T. ) ;
#9862 = CARTESIAN_POINT ( 'NONE',  ( 1.203304192450989962, -1.025500316946299950, 11.78455947458400033 ) ) ;
#9863 = DIRECTION ( 'NONE',  ( -1.000000000000000000, -0.0000000000000000000, -0.0000000000000000000 ) ) ;
#9864 = CIRCLE ( 'NONE', #2846, 0.2999999999999999334 ) ;
#9865 = EDGE_CURVE ( 'NONE', #7158, #6985, #5626, .T. ) ;
#9866 = EDGE_LOOP ( 'NONE', ( #9424, #931, #8342, #1181 ) ) ;
#9867 = FILL_AREA_STYLE_COLOUR ( '', #9934 ) ;
#9868 = AXIS2_PLACEMENT_3D ( 'NONE', #2101, #8816, #8929 ) ;
#9869 = CIRCLE ( 'NONE', #10397, 0.2500000000000002220 ) ;
#9870 = VERTEX_POINT ( 'NONE', #7332 ) ;
#9871 = SURFACE_SIDE_STYLE ('',( #4055 ) ) ;
#9872 = SURFACE_SIDE_STYLE ('',( #914 ) ) ;
#9873 = ORIENTED_EDGE ( 'NONE', *, *, #3107, .F. ) ;
#9874 = PRESENTATION_LAYER_ASSIGNMENT (  '', '', ( #5127 ) ) ;
#9875 = CARTESIAN_POINT ( 'NONE',  ( 1.268910449017659925, 0.9460735040874339585, 11.88455947458399820 ) ) ;
#9876 = DIRECTION ( 'NONE',  ( -0.0000000000000000000, 0.7345978301225714047, 0.6785027840615025507 ) ) ;
#9877 = PLANE ( 'NONE',  #1580 ) ;
#9878 = EDGE_CURVE ( 'NONE', #7110, #8892, #8908, .T. ) ;
#9879 =( GEOMETRIC_REPRESENTATION_CONTEXT ( 3 ) GLOBAL_UNCERTAINTY_ASSIGNED_CONTEXT ( ( #9893 ) ) GLOBAL_UNIT_ASSIGNED_CONTEXT ( ( #8553, #6760, #6138 ) ) REPRESENTATION_CONTEXT ( 'NONE', 'WORKASPACE' ) );
#9880 = LINE ( 'NONE', #2401, #2132 ) ;
#9881 = PRESENTATION_STYLE_ASSIGNMENT (( #8310 ) ) ;
#9882 = VECTOR ( 'NONE', #3151, 1000.000000000000000 ) ;
#9883 = CARTESIAN_POINT ( 'NONE',  ( 6.610175751530349864, 3.101520183108080086, -0.3910372559811560178 ) ) ;
#9884 =( LENGTH_UNIT ( ) NAMED_UNIT ( * ) SI_UNIT ( .MILLI., .METRE. ) );
#9885 = ADVANCED_FACE ( 'NONE', ( #3903 ), #6447, .T. ) ;
#9886 = MECHANICAL_DESIGN_GEOMETRIC_PRESENTATION_REPRESENTATION (  '', ( #8852 ), #40 ) ;
#9887 = CARTESIAN_POINT ( 'NONE',  ( -4.002845596186371147, 5.924880838070049727, 0.9999999999999985567 ) ) ;
#9888 = FILL_AREA_STYLE ('',( #7393 ) ) ;
#9889 = ORIENTED_EDGE ( 'NONE', *, *, #10073, .T. ) ;
#9890 = FILL_AREA_STYLE_COLOUR ( '', #1971 ) ;
#9891 = EDGE_CURVE ( 'NONE', #7061, #7544, #8962, .T. ) ;
#9892 = MECHANICAL_DESIGN_GEOMETRIC_PRESENTATION_REPRESENTATION (  '', ( #10225 ), #6235 ) ;
#9893 = UNCERTAINTY_MEASURE_WITH_UNIT (LENGTH_MEASURE( 1.000000000000000082E-05 ), #8553, 'distance_accuracy_value', 'NONE');
#9894 =( LENGTH_UNIT ( ) NAMED_UNIT ( * ) SI_UNIT ( .MILLI., .METRE. ) );
#9895 = LINE ( 'NONE', #5531, #7125 ) ;
#9896 = PRESENTATION_STYLE_ASSIGNMENT (( #6632 ) ) ;
#9897 = DIRECTION ( 'NONE',  ( -1.658182125529443522E-16, 1.658182125529443769E-16, 1.000000000000000000 ) ) ;
#9898 = MECHANICAL_DESIGN_GEOMETRIC_PRESENTATION_REPRESENTATION (  '', ( #1293 ), #5537 ) ;
#9899 = PRESENTATION_LAYER_ASSIGNMENT (  '', '', ( #8509 ) ) ;
#9900 = MECHANICAL_DESIGN_GEOMETRIC_PRESENTATION_REPRESENTATION (  '', ( #770 ), #7638 ) ;
#9901 =( GEOMETRIC_REPRESENTATION_CONTEXT ( 3 ) GLOBAL_UNCERTAINTY_ASSIGNED_CONTEXT ( ( #7493 ) ) GLOBAL_UNIT_ASSIGNED_CONTEXT ( ( #5121, #3261, #9240 ) ) REPRESENTATION_CONTEXT ( 'NONE', 'WORKASPACE' ) );
#9902 =( NAMED_UNIT ( * ) PLANE_ANGLE_UNIT ( ) SI_UNIT ( $, .RADIAN. ) );
#9903 = CARTESIAN_POINT ( 'NONE',  ( -0.7232771156148709579, -0.8206810398378659999, 11.78455947458399677 ) ) ;
#9904 = SURFACE_STYLE_USAGE ( .BOTH. , #2267 ) ;
#9905 = MANIFOLD_SOLID_BREP ( 'brep_9', #476 ) ;
#9906 = SURFACE_SIDE_STYLE ('',( #4192 ) ) ;
#9907 = EDGE_LOOP ( 'NONE', ( #6526, #3922, #9824, #1496 ) ) ;
#9908 = CARTESIAN_POINT ( 'NONE',  ( -0.6963568918036266986, 0.1672707673910494852, 11.88455947458399997 ) ) ;
#9909 = SURFACE_STYLE_USAGE ( .BOTH. , #408 ) ;
#9910 = PRESENTATION_STYLE_ASSIGNMENT (( #675 ) ) ;
#9911 = AXIS2_PLACEMENT_3D ( 'NONE', #3700, #4690, #1217 ) ;
#9912 = SURFACE_SIDE_STYLE ('',( #3219 ) ) ;
#9913 = UNCERTAINTY_MEASURE_WITH_UNIT (LENGTH_MEASURE( 1.000000000000000082E-05 ), #5768, 'distance_accuracy_value', 'NONE');
#9914 = DIRECTION ( 'NONE',  ( 0.0000000000000000000, 0.0000000000000000000, 1.000000000000000000 ) ) ;
#9915 =( GEOMETRIC_REPRESENTATION_CONTEXT ( 3 ) GLOBAL_UNCERTAINTY_ASSIGNED_CONTEXT ( ( #7296 ) ) GLOBAL_UNIT_ASSIGNED_CONTEXT ( ( #6252, #4581, #7201 ) ) REPRESENTATION_CONTEXT ( 'NONE', 'WORKASPACE' ) );
#9916 = ORIENTED_EDGE ( 'NONE', *, *, #2360, .F. ) ;
#9917 = SURFACE_SIDE_STYLE ('',( #6595 ) ) ;
#9918 = AXIS2_PLACEMENT_3D ( 'NONE', #2793, #5515, #5458 ) ;
#9919 = ORIENTED_EDGE ( 'NONE', *, *, #9587, .F. ) ;
#9920 = CARTESIAN_POINT ( 'NONE',  ( 7.654042494670949841E-18, -4.350000000000010303, -4.673891202419779844 ) ) ;
#9921 = ORIENTED_EDGE ( 'NONE', *, *, #8272, .T. ) ;
#9922 = PRESENTATION_LAYER_ASSIGNMENT (  '', '', ( #3441 ) ) ;
#9923 = DIRECTION ( 'NONE',  ( -0.9965548649496432931, 0.08293612690015345068, -8.758018860762296103E-18 ) ) ;
#9924 = MANIFOLD_SOLID_BREP ( 'brep_10', #8383 ) ;
#9925 = UNCERTAINTY_MEASURE_WITH_UNIT (LENGTH_MEASURE( 1.000000000000000082E-05 ), #4046, 'distance_accuracy_value', 'NONE');
#9926 = MECHANICAL_DESIGN_GEOMETRIC_PRESENTATION_REPRESENTATION (  '', ( #3980 ), #98 ) ;
#9927 = VERTEX_POINT ( 'NONE', #6607 ) ;
#9928 = LINE ( 'NONE', #8301, #41 ) ;
#9929 = PRESENTATION_STYLE_ASSIGNMENT (( #5743 ) ) ;
#9931 = CARTESIAN_POINT ( 'NONE',  ( 0.9971544038136319621, -5.924880838070049727, 2.254977183412490916E-17 ) ) ;
#9930 = COLOUR_RGB ( '',1.000000000000000000, 1.000000000000000000, 1.000000000000000000 ) ;
#9932 = ORIENTED_EDGE ( 'NONE', *, *, #3905, .T. ) ;
#9933 = CARTESIAN_POINT ( 'NONE',  ( -0.5920647863251771170, 1.010644261366949959, 11.78455947458400033 ) ) ;
#9934 = COLOUR_RGB ( '',0.7450980392156862919, 0.7450980392156862919, 0.7450980392156862919 ) ;
#9935 = SURFACE_SIDE_STYLE ('',( #4059 ) ) ;
#9936 = DIRECTION ( 'NONE',  ( -1.000000000000000000, 0.0000000000000000000, 0.0000000000000000000 ) ) ;
#9937 = DIRECTION ( 'NONE',  ( -1.000000000000000000, 0.0000000000000000000, 0.0000000000000000000 ) ) ;
#9938 = VECTOR ( 'NONE', #1985, 1000.000000000000114 ) ;
#9939 = CARTESIAN_POINT ( 'NONE',  ( -6.500000000000000888, 3.077560182623180651, 5.691858092819041204 ) ) ;
#9940 = MANIFOLD_SOLID_BREP ( 'brep_16', #4523 ) ;
#9941 = ORIENTED_EDGE ( 'NONE', *, *, #1908, .T. ) ;
#9942 = FACE_OUTER_BOUND ( 'NONE', #8555, .T. ) ;
#9943 = PRESENTATION_STYLE_ASSIGNMENT (( #4895 ) ) ;
#9944 = EDGE_CURVE ( 'NONE', #6168, #4375, #9928, .T. ) ;
#9945 = DIRECTION ( 'NONE',  ( 0.0000000000000000000, -0.003356540638043230100, -0.9999943668016060272 ) ) ;
#9946 = ORIENTED_EDGE ( 'NONE', *, *, #9204, .T. ) ;
#9947 = FILL_AREA_STYLE_COLOUR ( '', #7953 ) ;
#9948 = STYLED_ITEM ( 'NONE', ( #1680 ), #3720 ) ;
#9949 = LINE ( 'NONE', #6629, #8808 ) ;
#9950 = FILL_AREA_STYLE_COLOUR ( '', #1841 ) ;
#9951 = CIRCLE ( 'NONE', #6647, 0.2500000000000003331 ) ;
#9952 = EDGE_CURVE ( 'NONE', #10275, #4098, #10156, .T. ) ;
#9953 = CARTESIAN_POINT ( 'NONE',  ( -6.513276922344959807, 3.101520183108080086, 11.70411371344519935 ) ) ;
#9954 = CARTESIAN_POINT ( 'NONE',  ( 6.200000000000001066, 5.900000000000000355, 0.0000000000000000000 ) ) ;
#9955 = EDGE_CURVE ( 'NONE', #7628, #6993, #270, .T. ) ;
#9956 = DIRECTION ( 'NONE',  ( -7.940948084883144246E-17, -6.608682584763453439E-18, -1.000000000000000000 ) ) ;
#9957 = DIRECTION ( 'NONE',  ( 0.0000000000000000000, -0.0000000000000000000, -1.000000000000000000 ) ) ;
#9958 = CARTESIAN_POINT ( 'NONE',  ( -1.128220461120370111, 4.349999999999999645, 1.734396805262090481E-17 ) ) ;
#9959 = MANIFOLD_SOLID_BREP ( 'brep_15', #3470 ) ;
#9960 = EDGE_LOOP ( 'NONE', ( #10713, #7336, #10098, #2978 ) ) ;
#9961 = CARTESIAN_POINT ( 'NONE',  ( 4.453928499320490175, -5.095199161759920159, 9.372862536810730560 ) ) ;
#9962 = DIRECTION ( 'NONE',  ( -1.000000000000000000, 0.0000000000000000000, 0.0000000000000000000 ) ) ;
#9963 =( GEOMETRIC_REPRESENTATION_CONTEXT ( 3 ) GLOBAL_UNCERTAINTY_ASSIGNED_CONTEXT ( ( #3453 ) ) GLOBAL_UNIT_ASSIGNED_CONTEXT ( ( #4591, #2827, #10470 ) ) REPRESENTATION_CONTEXT ( 'NONE', 'WORKASPACE' ) );
#9964 = EDGE_CURVE ( 'NONE', #5893, #9489, #8537, .T. ) ;
#9965 = PLANE ( 'NONE',  #6570 ) ;
#9966 = ORIENTED_EDGE ( 'NONE', *, *, #3760, .T. ) ;
#9967 = FILL_AREA_STYLE_COLOUR ( '', #9051 ) ;
#9968 = ORIENTED_EDGE ( 'NONE', *, *, #887, .T. ) ;
#9969 = CIRCLE ( 'NONE', #8762, 0.2500000000000011102 ) ;
#9970 = ORIENTED_EDGE ( 'NONE', *, *, #8103, .F. ) ;
#9971 = PRESENTATION_STYLE_ASSIGNMENT (( #5670 ) ) ;
#9972 = CARTESIAN_POINT ( 'NONE',  ( -0.9676295769594475127, -0.4351388711631675177, 11.88455947458399997 ) ) ;
#9973 = SURFACE_STYLE_FILL_AREA ( #4362 ) ;
#9974 =( NAMED_UNIT ( * ) PLANE_ANGLE_UNIT ( ) SI_UNIT ( $, .RADIAN. ) );
#9975 = ORIENTED_EDGE ( 'NONE', *, *, #8530, .T. ) ;
#9976 =( NAMED_UNIT ( * ) SI_UNIT ( $, .STERADIAN. ) SOLID_ANGLE_UNIT ( ) );
#9977 =( NAMED_UNIT ( * ) SI_UNIT ( $, .STERADIAN. ) SOLID_ANGLE_UNIT ( ) );
#9978 =( GEOMETRIC_REPRESENTATION_CONTEXT ( 3 ) GLOBAL_UNCERTAINTY_ASSIGNED_CONTEXT ( ( #2222 ) ) GLOBAL_UNIT_ASSIGNED_CONTEXT ( ( #9579, #2298, #2250 ) ) REPRESENTATION_CONTEXT ( 'NONE', 'WORKASPACE' ) );
#9979 = ORIENTED_EDGE ( 'NONE', *, *, #5927, .T. ) ;
#9980 = FILL_AREA_STYLE ('',( #4004 ) ) ;
#9981 =( LENGTH_UNIT ( ) NAMED_UNIT ( * ) SI_UNIT ( .MILLI., .METRE. ) );
#9982 = DIRECTION ( 'NONE',  ( 0.0000000000000000000, -0.0000000000000000000, 1.000000000000000000 ) ) ;
#9983 = ORIENTED_EDGE ( 'NONE', *, *, #716, .F. ) ;
#9984 = LINE ( 'NONE', #10136, #3596 ) ;
#9985 = UNCERTAINTY_MEASURE_WITH_UNIT (LENGTH_MEASURE( 1.000000000000000082E-05 ), #9248, 'distance_accuracy_value', 'NONE');
#9986 = CARTESIAN_POINT ( 'NONE',  ( -2.292930781778729887, 0.7696804059452659885, 11.88455947458399997 ) ) ;
#9987 = COLOUR_RGB ( '',1.000000000000000000, 0.7490196078431372584, 0.0000000000000000000 ) ;
#9988 = SURFACE_STYLE_FILL_AREA ( #1538 ) ;
#9989 = FILL_AREA_STYLE_COLOUR ( '', #4596 ) ;
#9990 =( NAMED_UNIT ( * ) SI_UNIT ( $, .STERADIAN. ) SOLID_ANGLE_UNIT ( ) );
#9991 = CARTESIAN_POINT ( 'NONE',  ( 4.599635752693320256, -5.270921696829399927, 2.235854142197741812 ) ) ;
#9992 = ORIENTED_EDGE ( 'NONE', *, *, #7022, .F. ) ;
#9993 =( GEOMETRIC_REPRESENTATION_CONTEXT ( 3 ) GLOBAL_UNCERTAINTY_ASSIGNED_CONTEXT ( ( #1486 ) ) GLOBAL_UNIT_ASSIGNED_CONTEXT ( ( #7051, #9724, #3801 ) ) REPRESENTATION_CONTEXT ( 'NONE', 'WORKASPACE' ) );
#9994 = DIRECTION ( 'NONE',  ( 1.000000000000000000, 0.0000000000000000000, 0.0000000000000000000 ) ) ;
#9995 = CARTESIAN_POINT ( 'NONE',  ( 5.000000000000000000, -3.274999999999990141, 1.649999999999999911 ) ) ;
#9996 = ORIENTED_EDGE ( 'NONE', *, *, #10280, .T. ) ;
#9997 = LINE ( 'NONE', #2463, #3382 ) ;
#9998 = SURFACE_STYLE_FILL_AREA ( #6626 ) ;
#9999 = SURFACE_STYLE_USAGE ( .BOTH. , #6571 ) ;
#10000 = PRESENTATION_STYLE_ASSIGNMENT (( #5181 ) ) ;
#10001 = STYLED_ITEM ( 'NONE', ( #3602 ), #5604 ) ;
#10002 = CARTESIAN_POINT ( 'NONE',  ( 4.950000000000000178, 3.274810948087050200, 10.14126039117999944 ) ) ;
#10003 = DIRECTION ( 'NONE',  ( -0.0000000000000000000, 1.000000000000000000, 0.0000000000000000000 ) ) ;
#10004 = EDGE_CURVE ( 'NONE', #5353, #6606, #2530, .T. ) ;
#10005 = CARTESIAN_POINT ( 'NONE',  ( 4.999999999999999112, 3.077560182623181095, 5.691858092819041204 ) ) ;
#10006 = CARTESIAN_POINT ( 'NONE',  ( 1.375000000000000000, -3.072439817376820148, 1.091858092819040005 ) ) ;
#10007 = EDGE_CURVE ( 'NONE', #2408, #9737, #990, .T. ) ;
#10008 = AXIS2_PLACEMENT_3D ( 'NONE', #7357, #10677, #3158 ) ;
#10009 = SURFACE_STYLE_FILL_AREA ( #6695 ) ;
#10010 = PRESENTATION_STYLE_ASSIGNMENT (( #2536 ) ) ;
#10011 = MANIFOLD_SOLID_BREP ( '$', #4346 ) ;
#10012 = ORIENTED_EDGE ( 'NONE', *, *, #9644, .T. ) ;
#10013 = SURFACE_STYLE_USAGE ( .BOTH. , #3324 ) ;
#10014 = DIRECTION ( 'NONE',  ( 1.000000000000000000, 0.0000000000000000000, 0.0000000000000000000 ) ) ;
#10015 = FILL_AREA_STYLE ('',( #7359 ) ) ;
#10016 = ADVANCED_FACE ( 'NONE', ( #10266 ), #4353, .T. ) ;
#10017 = FACE_OUTER_BOUND ( 'NONE', #8595, .T. ) ;
#10018 =( GEOMETRIC_REPRESENTATION_CONTEXT ( 3 ) GLOBAL_UNCERTAINTY_ASSIGNED_CONTEXT ( ( #3911 ) ) GLOBAL_UNIT_ASSIGNED_CONTEXT ( ( #987, #4180, #4511 ) ) REPRESENTATION_CONTEXT ( 'NONE', 'WORKASPACE' ) );
#10019 = PRESENTATION_STYLE_ASSIGNMENT (( #1517 ) ) ;
#10020 = EDGE_CURVE ( 'NONE', #10479, #7581, #8804, .T. ) ;
#10021 =( GEOMETRIC_REPRESENTATION_CONTEXT ( 3 ) GLOBAL_UNCERTAINTY_ASSIGNED_CONTEXT ( ( #4043 ) ) GLOBAL_UNIT_ASSIGNED_CONTEXT ( ( #7247, #1283, #7461 ) ) REPRESENTATION_CONTEXT ( 'NONE', 'WORKASPACE' ) );
#10022 =( BOUNDED_SURFACE ( )  B_SPLINE_SURFACE ( 1, 2, ( 
 ( #9253, #1725, #5879, #5086, #9201, #1677, #3273, #6754, #8631 ),
 ( #6805, #6643, #9961, #6998, #4243, #2584, #5823, #8698, #3436 ) ),
 .UNSPECIFIED., .F., .F., .F. ) 
 B_SPLINE_SURFACE_WITH_KNOTS ( ( 2, 2 ),
 ( 3, 2, 2, 2, 3 ),
 ( 0.0000000000000000000, 7.400000000000000355 ),
 ( -12.24881762369800065, -5.654739897196839671, -4.555182468440410304, -1.099557428756430033, 0.0000000000000000000 ),
 .UNSPECIFIED. ) 
 GEOMETRIC_REPRESENTATION_ITEM ( )  RATIONAL_B_SPLINE_SURFACE ( (
 ( 1.000000000000000000, 1.000000000000000000, 1.000000000000000000, 0.7071067811865480168, 1.000000000000000000, 1.000000000000000000, 1.000000000000000000, 0.7071067811865480168, 1.000000000000000000),
 ( 1.000000000000000000, 1.000000000000000000, 1.000000000000000000, 0.7071067811865480168, 1.000000000000000000, 1.000000000000000000, 1.000000000000000000, 0.7071067811865480168, 1.000000000000000000) ) ) 
 REPRESENTATION_ITEM ( '' )  SURFACE ( )  );
#10023 = CARTESIAN_POINT ( 'NONE',  ( 0.3335752423176610026, -0.008180959406275060269, 11.83455947458400104 ) ) ;
#10024 = SURFACE_SIDE_STYLE ('',( #4142 ) ) ;
#10025 = DIRECTION ( 'NONE',  ( 1.000000000000000000, 0.0000000000000000000, 0.0000000000000000000 ) ) ;
#10026 = ORIENTED_EDGE ( 'NONE', *, *, #5462, .T. ) ;
#10027 = AXIS2_PLACEMENT_3D ( 'NONE', #2854, #2136, #8751 ) ;
#10028 = ORIENTED_EDGE ( 'NONE', *, *, #6556, .T. ) ;
#10029 = ADVANCED_FACE ( 'NONE', ( #1325 ), #4682, .T. ) ;
#10030 = DIRECTION ( 'NONE',  ( 0.0000000000000000000, 0.0000000000000000000, -1.000000000000000000 ) ) ;
#10031 = EDGE_LOOP ( 'NONE', ( #6716, #120, #6668, #10268 ) ) ;
#10032 =( LENGTH_UNIT ( ) NAMED_UNIT ( * ) SI_UNIT ( .MILLI., .METRE. ) );
#10033 = PRESENTATION_LAYER_ASSIGNMENT (  '', '', ( #4239 ) ) ;
#10034 = PLANE ( 'NONE',  #8221 ) ;
#10035 = AXIS2_PLACEMENT_3D ( 'NONE', #3877, #5772, #1450 ) ;
#10036 = VECTOR ( 'NONE', #8549, 1000.000000000000000 ) ;
#10037 = VERTEX_POINT ( 'NONE', #2142 ) ;
#10038 = CARTESIAN_POINT ( 'NONE',  ( -0.5920647863251771170, 1.010644261366949959, 11.88455947458400352 ) ) ;
#10039 = FILL_AREA_STYLE_COLOUR ( '', #4161 ) ;
#10040 = ORIENTED_EDGE ( 'NONE', *, *, #3373, .T. ) ;
#10041 = DIRECTION ( 'NONE',  ( 0.0000000000000000000, 0.0000000000000000000, 1.000000000000000000 ) ) ;
#10042 = COLOUR_RGB ( '',0.7450980392156862919, 0.7450980392156862919, 0.7450980392156862919 ) ;
#10043 = FILL_AREA_STYLE ('',( #4166 ) ) ;
#10044 = STYLED_ITEM ( 'NONE', ( #10019 ), #9474 ) ;
#10045 = SURFACE_STYLE_FILL_AREA ( #1707 ) ;
#10046 = AXIS2_PLACEMENT_3D ( 'NONE', #7648, #4439, #7814 ) ;
#10047 = EDGE_CURVE ( 'NONE', #151, #3068, #8168, .T. ) ;
#10048 = MANIFOLD_SOLID_BREP ( 'brep_11', #8745 ) ;
#10050 = VERTEX_POINT ( 'NONE', #504 ) ;
#10049 = VECTOR ( 'NONE', #9614, 999.9999999999998863 ) ;
#10051 = VERTEX_POINT ( 'NONE', #4857 ) ;
#10052 = CARTESIAN_POINT ( 'NONE',  ( 3.871779538879629889, 4.349999999999999645, 2.000000000000000888 ) ) ;
#10053 = DIRECTION ( 'NONE',  ( 0.0000000000000000000, -0.7345978299795302702, 0.6785027842163693368 ) ) ;
#10054 = FILL_AREA_STYLE ('',( #3316 ) ) ;
#10055 = DIRECTION ( 'NONE',  ( 0.0000000000000000000, 0.0000000000000000000, 1.000000000000000000 ) ) ;
#10056 = FILL_AREA_STYLE_COLOUR ( '', #4789 ) ;
#10057 =( GEOMETRIC_REPRESENTATION_CONTEXT ( 3 ) GLOBAL_UNCERTAINTY_ASSIGNED_CONTEXT ( ( #4612 ) ) GLOBAL_UNIT_ASSIGNED_CONTEXT ( ( #5411, #5520, #1327 ) ) REPRESENTATION_CONTEXT ( 'NONE', 'WORKASPACE' ) );
#10058 = VECTOR ( 'NONE', #595, 1000.000000000000000 ) ;
#10059 =( NAMED_UNIT ( * ) PLANE_ANGLE_UNIT ( ) SI_UNIT ( $, .RADIAN. ) );
#10060 = EDGE_CURVE ( 'NONE', #1616, #1789, #3144, .T. ) ;
#10061 = SURFACE_SIDE_STYLE ('',( #5970 ) ) ;
#10062 = SURFACE_STYLE_FILL_AREA ( #1108 ) ;
#10063 = SURFACE_STYLE_FILL_AREA ( #4130 ) ;
#10064 = SURFACE_SIDE_STYLE ('',( #6018 ) ) ;
#10065 = ORIENTED_EDGE ( 'NONE', *, *, #9798, .T. ) ;
#10066 = MECHANICAL_DESIGN_GEOMETRIC_PRESENTATION_REPRESENTATION (  '', ( #8497 ), #3409 ) ;
#10067 = SURFACE_SIDE_STYLE ('',( #7829 ) ) ;
#10068 = PRESENTATION_STYLE_ASSIGNMENT (( #10783 ) ) ;
#10069 = LINE ( 'NONE', #2543, #8470 ) ;
#10070 = AXIS2_PLACEMENT_3D ( 'NONE', #8250, #3400, #10089 ) ;
#10071 = FILL_AREA_STYLE_COLOUR ( '', #9441 ) ;
#10072 = PRESENTATION_LAYER_ASSIGNMENT (  '', '', ( #10608 ) ) ;
#10073 = EDGE_CURVE ( 'NONE', #7856, #8358, #3090, .T. ) ;
#10074 = SURFACE_STYLE_FILL_AREA ( #634 ) ;
#10075 =( NAMED_UNIT ( * ) SI_UNIT ( $, .STERADIAN. ) SOLID_ANGLE_UNIT ( ) );
#10076 = STYLED_ITEM ( 'NONE', ( #6159 ), #8685 ) ;
#10077 = SURFACE_SIDE_STYLE ('',( #4145 ) ) ;
#10078 = ORIENTED_EDGE ( 'NONE', *, *, #7552, .F. ) ;
#10079 = CARTESIAN_POINT ( 'NONE',  ( 1.346941226280979897, -0.9108542297363939610, 11.88455947458399997 ) ) ;
#10080 = UNCERTAINTY_MEASURE_WITH_UNIT (LENGTH_MEASURE( 1.000000000000000082E-05 ), #7786, 'distance_accuracy_value', 'NONE');
#10081 = DIRECTION ( 'NONE',  ( 0.0000000000000000000, -0.0000000000000000000, -1.000000000000000000 ) ) ;
#10082 = ORIENTED_EDGE ( 'NONE', *, *, #5476, .F. ) ;
#10083 = ADVANCED_FACE ( 'NONE', ( #10617 ), #1442, .T. ) ;
#10084 = AXIS2_PLACEMENT_3D ( 'NONE', #1893, #8442, #3649 ) ;
#10085 = DIRECTION ( 'NONE',  ( 1.000000000000000000, 0.0000000000000000000, 0.0000000000000000000 ) ) ;
#10086 = MECHANICAL_DESIGN_GEOMETRIC_PRESENTATION_REPRESENTATION (  '', ( #6432 ), #1849 ) ;
#10087 = ORIENTED_EDGE ( 'NONE', *, *, #3161, .T. ) ;
#10088 = DIRECTION ( 'NONE',  ( 0.0000000000000000000, 0.0000000000000000000, 1.000000000000000000 ) ) ;
#10089 = DIRECTION ( 'NONE',  ( -1.000000000000000000, 0.0000000000000000000, 0.0000000000000000000 ) ) ;
#10090 = SURFACE_STYLE_USAGE ( .BOTH. , #7642 ) ;
#10091 = EDGE_LOOP ( 'NONE', ( #7367, #2910, #10686, #7799 ) ) ;
#10092 = LINE ( 'NONE', #5211, #3426 ) ;
#10093 = CARTESIAN_POINT ( 'NONE',  ( -6.500000000000000888, 3.077560182623180651, 5.691858092819041204 ) ) ;
#10094 = CARTESIAN_POINT ( 'NONE',  ( -4.750000000000000000, -4.350000000000000533, 0.3261087975802219874 ) ) ;
#10095 = CARTESIAN_POINT ( 'NONE',  ( -0.3479005808652059772, 0.7179108649752520277, 11.78455947458400033 ) ) ;
#10096 = VECTOR ( 'NONE', #3689, 1000.000000000000000 ) ;
#10097 =( NAMED_UNIT ( * ) SI_UNIT ( $, .STERADIAN. ) SOLID_ANGLE_UNIT ( ) );
#10098 = ORIENTED_EDGE ( 'NONE', *, *, #1908, .F. ) ;
#10099 = CARTESIAN_POINT ( 'NONE',  ( 0.09261138689597370188, -0.4023827149291679950, 11.88455947458399997 ) ) ;
#10100 = PRESENTATION_LAYER_ASSIGNMENT (  '', '', ( #3980 ) ) ;
#10101 = ORIENTED_EDGE ( 'NONE', *, *, #8218, .T. ) ;
#10102 = CARTESIAN_POINT ( 'NONE',  ( -4.650000000000000355, -5.900000000000000355, 10.50000000000000178 ) ) ;
#10103 = FILL_AREA_STYLE_COLOUR ( '', #9375 ) ;
#10104 = FILL_AREA_STYLE ('',( #2576 ) ) ;
#10105 = LINE ( 'NONE', #10002, #4366 ) ;
#10106 =( NAMED_UNIT ( * ) SI_UNIT ( $, .STERADIAN. ) SOLID_ANGLE_UNIT ( ) );
#10107 = VECTOR ( 'NONE', #5620, 1000.000000000000000 ) ;
#10108 = SURFACE_STYLE_USAGE ( .BOTH. , #3947 ) ;
#10109 = CARTESIAN_POINT ( 'NONE',  ( 7.654042494670949841E-18, -4.350000000000010303, 0.3261087975802219874 ) ) ;
#10110 = FACE_OUTER_BOUND ( 'NONE', #2223, .T. ) ;
#10111 = CARTESIAN_POINT ( 'NONE',  ( -6.200000000000002842, -3.072439817376820592, -0.008141907180959005036 ) ) ;
#10112 = CARTESIAN_POINT ( 'NONE',  ( 2.911888495329709947, -0.9893557386330470438, 11.78455947458400033 ) ) ;
#10113 = CARTESIAN_POINT ( 'NONE',  ( -6.500000000000001776, 3.077560182623180651, 5.691858092819041204 ) ) ;
#10114 = ORIENTED_EDGE ( 'NONE', *, *, #453, .T. ) ;
#10115 =( LENGTH_UNIT ( ) NAMED_UNIT ( * ) SI_UNIT ( .MILLI., .METRE. ) );
#10116 =( NAMED_UNIT ( * ) SI_UNIT ( $, .STERADIAN. ) SOLID_ANGLE_UNIT ( ) );
#10117 = CARTESIAN_POINT ( 'NONE',  ( 1.801812055671256019, -5.900000000000005684, -4.336808689942017736E-16 ) ) ;
#10118 = EDGE_CURVE ( 'NONE', #9272, #7840, #10555, .T. ) ;
#10119 = SURFACE_SIDE_STYLE ('',( #6812 ) ) ;
#10120 = SURFACE_SIDE_STYLE ('',( #6482 ) ) ;
#10121 = LINE ( 'NONE', #5042, #1618 ) ;
#10122 = FILL_AREA_STYLE_COLOUR ( '', #4605 ) ;
#10123 = ORIENTED_EDGE ( 'NONE', *, *, #679, .F. ) ;
#10124 = SURFACE_STYLE_USAGE ( .BOTH. , #226 ) ;
#10125 = AXIS2_PLACEMENT_3D ( 'NONE', #4264, #1018, #1740 ) ;
#10126 = VERTEX_POINT ( 'NONE', #3037 ) ;
#10127 =( LENGTH_UNIT ( ) NAMED_UNIT ( * ) SI_UNIT ( .MILLI., .METRE. ) );
#10128 = CARTESIAN_POINT ( 'NONE',  ( 3.750000000000000000, 4.349999999999999645, 2.384702678381860593E-16 ) ) ;
#10129 = VERTEX_POINT ( 'NONE', #8268 ) ;
#10130 = AXIS2_PLACEMENT_3D ( 'NONE', #6637, #4075, #3093 ) ;
#10131 = SURFACE_SIDE_STYLE ('',( #5207 ) ) ;
#10132 = CARTESIAN_POINT ( 'NONE',  ( 5.900000000000000355, -6.200000000000001066, 0.0000000000000000000 ) ) ;
#10133 = DIRECTION ( 'NONE',  ( 8.410143349285960063E-18, 6.999160212820877920E-19, -1.000000000000000000 ) ) ;
#10134 = EDGE_CURVE ( 'NONE', #4527, #8467, #8214, .T. ) ;
#10135 = ORIENTED_EDGE ( 'NONE', *, *, #9229, .T. ) ;
#10136 = CARTESIAN_POINT ( 'NONE',  ( -6.200000000000001066, 3.275000000000000355, 2.000000000000000000 ) ) ;
#10137 = CARTESIAN_POINT ( 'NONE',  ( -0.08773499290108019433, 0.7492550101528949735, 11.78455947458400033 ) ) ;
#10138 = LINE ( 'NONE', #10094, #5735 ) ;
#10139 = SURFACE_SIDE_STYLE ('',( #3357 ) ) ;
#10140 = AXIS2_PLACEMENT_3D ( 'NONE', #10205, #9296, #8426 ) ;
#10141 = EDGE_CURVE ( 'NONE', #3254, #8740, #3927, .T. ) ;
#10142 = VECTOR ( 'NONE', #4633, 1000.000000000000000 ) ;
#10143 = VECTOR ( 'NONE', #359, 1000.000000000000000 ) ;
#10144 = CARTESIAN_POINT ( 'NONE',  ( 2.911888495329709947, -0.5194762205607580396, 11.78455947458400033 ) ) ;
#10145 = ORIENTED_EDGE ( 'NONE', *, *, #3211, .F. ) ;
#10146 = CARTESIAN_POINT ( 'NONE',  ( -5.000000000000000000, 4.349999999999998757, -4.673891202419779844 ) ) ;
#10147 = EDGE_LOOP ( 'NONE', ( #1911, #6032, #2682, #7320 ) ) ;
#10148 = EDGE_CURVE ( 'NONE', #8358, #8921, #9895, .T. ) ;
#10149 = AXIS2_PLACEMENT_3D ( 'NONE', #7081, #6146, #8778 ) ;
#10150 = CARTESIAN_POINT ( 'NONE',  ( -4.950000000000000178, -3.605250836327030139, 10.50000000000000000 ) ) ;
#10151 = PRESENTATION_STYLE_ASSIGNMENT (( #2669 ) ) ;
#10152 =( GEOMETRIC_REPRESENTATION_CONTEXT ( 3 ) GLOBAL_UNCERTAINTY_ASSIGNED_CONTEXT ( ( #9329 ) ) GLOBAL_UNIT_ASSIGNED_CONTEXT ( ( #619, #4642, #2266 ) ) REPRESENTATION_CONTEXT ( 'NONE', 'WORKASPACE' ) );
#10153 = EDGE_CURVE ( 'NONE', #4840, #4928, #9792, .T. ) ;
#10154 = FILL_AREA_STYLE_COLOUR ( '', #1199 ) ;
#10155 =( GEOMETRIC_REPRESENTATION_CONTEXT ( 3 ) GLOBAL_UNCERTAINTY_ASSIGNED_CONTEXT ( ( #6999 ) ) GLOBAL_UNIT_ASSIGNED_CONTEXT ( ( #5343, #9152, #839 ) ) REPRESENTATION_CONTEXT ( 'NONE', 'WORKASPACE' ) );
#10156 = LINE ( 'NONE', #10207, #5341 ) ;
#10157 = PRESENTATION_STYLE_ASSIGNMENT (( #3531 ) ) ;
#10158 = MANIFOLD_SOLID_BREP ( 'brep_20', #6300 ) ;
#10159 = COLOUR_RGB ( '',0.4117647058823529216, 0.4117647058823529216, 0.4117647058823529216 ) ;
#10160 = ORIENTED_EDGE ( 'NONE', *, *, #5198, .T. ) ;
#10161 =( NAMED_UNIT ( * ) PLANE_ANGLE_UNIT ( ) SI_UNIT ( $, .RADIAN. ) );
#10162 = CARTESIAN_POINT ( 'NONE',  ( 4.950011296529949867, 3.663209264375919982, 10.50000000000000000 ) ) ;
#10163 = DIRECTION ( 'NONE',  ( -0.0000000000000000000, 1.000000000000000000, 0.0000000000000000000 ) ) ;
#10164 = FILL_AREA_STYLE ('',( #5196 ) ) ;
#10165 = EDGE_CURVE ( 'NONE', #3861, #3115, #756, .T. ) ;
#10166 = DIRECTION ( 'NONE',  ( 1.000000000000000000, 0.0000000000000000000, -0.0000000000000000000 ) ) ;
#10167 = SURFACE_STYLE_USAGE ( .BOTH. , #5145 ) ;
#10168 = VERTEX_POINT ( 'NONE', #2617 ) ;
#10169 = CARTESIAN_POINT ( 'NONE',  ( 1.203304192450989962, -1.025500316946299950, 11.88455947458399997 ) ) ;
#10170 = PLANE ( 'NONE',  #5828 ) ;
#10171 = COLOUR_RGB ( '',0.7450980392156862919, 0.7450980392156862919, 0.7450980392156862919 ) ;
#10172 = FILL_AREA_STYLE ('',( #1127 ) ) ;
#10173 = ORIENTED_EDGE ( 'NONE', *, *, #7680, .T. ) ;
#10174 = DIRECTION ( 'NONE',  ( 0.0000000000000000000, -1.000000000000000000, 0.0000000000000000000 ) ) ;
#10175 = AXIS2_PLACEMENT_3D ( 'NONE', #4509, #6112, #524 ) ;
#10176 = STYLED_ITEM ( 'NONE', ( #6803 ), #2963 ) ;
#10177 = DIRECTION ( 'NONE',  ( -1.348803178618588312E-16, -1.348803178618583628E-16, 1.000000000000000000 ) ) ;
#10178 = ORIENTED_EDGE ( 'NONE', *, *, #3481, .F. ) ;
#10179 = AXIS2_PLACEMENT_3D ( 'NONE', #9035, #2258, #7240 ) ;
#10180 = FILL_AREA_STYLE ('',( #6095 ) ) ;
#10181 = FILL_AREA_STYLE_COLOUR ( '', #1843 ) ;
#10182 = SURFACE_STYLE_USAGE ( .BOTH. , #3779 ) ;
#10183 = EDGE_LOOP ( 'NONE', ( #3612, #6656, #3055, #6568 ) ) ;
#10184 = EDGE_CURVE ( 'NONE', #3254, #2093, #2525, .T. ) ;
#10185 = CARTESIAN_POINT ( 'NONE',  ( 1.634780061594770073, -0.3590845968445610659, 11.88455947458399820 ) ) ;
#10186 = UNCERTAINTY_MEASURE_WITH_UNIT (LENGTH_MEASURE( 1.000000000000000082E-05 ), #3796, 'distance_accuracy_value', 'NONE');
#10187 = PRESENTATION_LAYER_ASSIGNMENT (  '', '', ( #7429 ) ) ;
#10188 = AXIS2_PLACEMENT_3D ( 'NONE', #4946, #8504, #229 ) ;
#10189 = LINE ( 'NONE', #2664, #10263 ) ;
#10190 = VECTOR ( 'NONE', #2280, 1000.000000000000000 ) ;
#10191 = ORIENTED_EDGE ( 'NONE', *, *, #7762, .T. ) ;
#10192 = DIRECTION ( 'NONE',  ( -1.000000000000000000, -0.0000000000000000000, -0.0000000000000000000 ) ) ;
#10193 = LINE ( 'NONE', #4448, #4463 ) ;
#10194 = VERTEX_POINT ( 'NONE', #7604 ) ;
#10195 = COLOUR_RGB ( '',0.1764705882352941013, 0.1764705882352941013, 0.1764705882352941013 ) ;
#10196 = MECHANICAL_DESIGN_GEOMETRIC_PRESENTATION_REPRESENTATION (  '', ( #7963 ), #2143 ) ;
#10197 = ADVANCED_FACE ( 'NONE', ( #10770 ), #8474, .T. ) ;
#10198 = LINE ( 'NONE', #142, #8821 ) ;
#10199 =( NAMED_UNIT ( * ) SI_UNIT ( $, .STERADIAN. ) SOLID_ANGLE_UNIT ( ) );
#10200 = LINE ( 'NONE', #6059, #2860 ) ;
#10201 = DIRECTION ( 'NONE',  ( 0.0000000000000000000, 0.0000000000000000000, -1.000000000000000000 ) ) ;
#10202 = DIRECTION ( 'NONE',  ( 0.08293612690015332578, 0.9965548649496431821, 0.0000000000000000000 ) ) ;
#10203 = SURFACE_STYLE_FILL_AREA ( #5077 ) ;
#10204 = EDGE_CURVE ( 'NONE', #6446, #7652, #3314, .T. ) ;
#10205 = CARTESIAN_POINT ( 'NONE',  ( 4.301812055671258683, 5.899999999999995026, 2.000000000000000000 ) ) ;
#10206 = MECHANICAL_DESIGN_GEOMETRIC_PRESENTATION_REPRESENTATION (  '', ( #10563 ), #5509 ) ;
#10207 = CARTESIAN_POINT ( 'NONE',  ( 3.176948736293559783, -0.5194762205607580396, 11.78455947458400033 ) ) ;
#10208 = CARTESIAN_POINT ( 'NONE',  ( 6.200000000000001954, -3.072439817376820148, 11.69185809281900035 ) ) ;
#10209 = ADVANCED_FACE ( 'NONE', ( #6687 ), #8377, .T. ) ;
#10210 = VERTEX_POINT ( 'NONE', #1153 ) ;
#10211 = ORIENTED_EDGE ( 'NONE', *, *, #8376, .F. ) ;
#10212 = PLANE ( 'NONE',  #5711 ) ;
#10213 = SURFACE_STYLE_USAGE ( .BOTH. , #7894 ) ;
#10214 = MECHANICAL_DESIGN_GEOMETRIC_PRESENTATION_REPRESENTATION (  '', ( #2155 ), #1290 ) ;
#10215 = DIRECTION ( 'NONE',  ( 0.0000000000000000000, -0.0000000000000000000, 1.000000000000000000 ) ) ;
#10216 =( LENGTH_UNIT ( ) NAMED_UNIT ( * ) SI_UNIT ( .MILLI., .METRE. ) );
#10217 = ORIENTED_EDGE ( 'NONE', *, *, #3760, .F. ) ;
#10218 = PLANE ( 'NONE',  #9315 ) ;
#10219 = CARTESIAN_POINT ( 'NONE',  ( 0.6981879443287399845, 5.900000000000003020, -5.574710172721719205E-16 ) ) ;
#10220 =( LENGTH_UNIT ( ) NAMED_UNIT ( * ) SI_UNIT ( .MILLI., .METRE. ) );
#10221 =( GEOMETRIC_REPRESENTATION_CONTEXT ( 3 ) GLOBAL_UNCERTAINTY_ASSIGNED_CONTEXT ( ( #3301 ) ) GLOBAL_UNIT_ASSIGNED_CONTEXT ( ( #1099, #6289, #9575 ) ) REPRESENTATION_CONTEXT ( 'NONE', 'WORKASPACE' ) );
#10222 = CARTESIAN_POINT ( 'NONE',  ( 2.250000000000000444, -4.599999999999999645, 0.3261087975802219874 ) ) ;
#10223 = CIRCLE ( 'NONE', #3047, 0.2500000000000002220 ) ;
#10224 = CARTESIAN_POINT ( 'NONE',  ( -2.750000000000000444, -4.349999999999999645, 0.3261087975802219874 ) ) ;
#10225 = STYLED_ITEM ( 'NONE', ( #6739 ), #8232 ) ;
#10226 = UNCERTAINTY_MEASURE_WITH_UNIT (LENGTH_MEASURE( 1.000000000000000082E-05 ), #2691, 'distance_accuracy_value', 'NONE');
#10227 = SURFACE_STYLE_FILL_AREA ( #5246 ) ;
#10228 = CARTESIAN_POINT ( 'NONE',  ( 1.699999999999999956, -3.275000000000000355, 1.649999999999999911 ) ) ;
#10229 = CARTESIAN_POINT ( 'NONE',  ( 0.6981879443287394293, -6.200000000000001066, 0.9999999999999985567 ) ) ;
#10230 = FILL_AREA_STYLE ('',( #1010 ) ) ;
#10231 = VERTEX_POINT ( 'NONE', #3574 ) ;
#10232 = CARTESIAN_POINT ( 'NONE',  ( 1.393816206173080108, 0.4831593618237119969, 11.88455947458399997 ) ) ;
#10233 = MECHANICAL_DESIGN_GEOMETRIC_PRESENTATION_REPRESENTATION (  '', ( #3057 ), #8333 ) ;
#10234 = DIRECTION ( 'NONE',  ( 0.0000000000000000000, -0.0000000000000000000, 1.000000000000000000 ) ) ;
#10235 = ORIENTED_EDGE ( 'NONE', *, *, #9339, .T. ) ;
#10236 = DIRECTION ( 'NONE',  ( 0.0000000000000000000, 0.0000000000000000000, -1.000000000000000000 ) ) ;
#10237 = SURFACE_STYLE_USAGE ( .BOTH. , #6925 ) ;
#10238 =( GEOMETRIC_REPRESENTATION_CONTEXT ( 3 ) GLOBAL_UNCERTAINTY_ASSIGNED_CONTEXT ( ( #9583 ) ) GLOBAL_UNIT_ASSIGNED_CONTEXT ( ( #5382, #2016, #3719 ) ) REPRESENTATION_CONTEXT ( 'NONE', 'WORKASPACE' ) );
#10239 =( GEOMETRIC_REPRESENTATION_CONTEXT ( 3 ) GLOBAL_UNCERTAINTY_ASSIGNED_CONTEXT ( ( #7602 ) ) GLOBAL_UNIT_ASSIGNED_CONTEXT ( ( #5580, #6458, #1333 ) ) REPRESENTATION_CONTEXT ( 'NONE', 'WORKASPACE' ) );
#10240 = CARTESIAN_POINT ( 'NONE',  ( 5.000000000000000000, 4.349999999999999645, 0.3261087975802219874 ) ) ;
#10241 = VERTEX_POINT ( 'NONE', #7118 ) ;
#10242 = DIRECTION ( 'NONE',  ( 0.0000000000000000000, 0.0000000000000000000, -1.000000000000000000 ) ) ;
#10243 = VECTOR ( 'NONE', #3407, 1000.000000000000000 ) ;
#10244 =( LENGTH_UNIT ( ) NAMED_UNIT ( * ) SI_UNIT ( .MILLI., .METRE. ) );
#10245 = ORIENTED_EDGE ( 'NONE', *, *, #50, .F. ) ;
#10246 = PRESENTATION_LAYER_ASSIGNMENT (  '', '', ( #6062 ) ) ;
#10247 = ORIENTED_EDGE ( 'NONE', *, *, #8875, .T. ) ;
#10248 = CARTESIAN_POINT ( 'NONE',  ( -0.2952838884144680098, 0.9405200474134050026, 11.78455947458400033 ) ) ;
#10249 = FACE_OUTER_BOUND ( 'NONE', #6312, .T. ) ;
#10250 = CARTESIAN_POINT ( 'NONE',  ( -0.6963568918036270317, 0.1672707673910490134, 11.78455947458400033 ) ) ;
#10251 =( GEOMETRIC_REPRESENTATION_CONTEXT ( 3 ) GLOBAL_UNCERTAINTY_ASSIGNED_CONTEXT ( ( #997 ) ) GLOBAL_UNIT_ASSIGNED_CONTEXT ( ( #3110, #6431, #7260 ) ) REPRESENTATION_CONTEXT ( 'NONE', 'WORKASPACE' ) );
#10252 =( NAMED_UNIT ( * ) PLANE_ANGLE_UNIT ( ) SI_UNIT ( $, .RADIAN. ) );
#10253 = VERTEX_POINT ( 'NONE', #3738 ) ;
#10254 = CARTESIAN_POINT ( 'NONE',  ( -0.6963568918036266986, 0.1672707673910494852, 11.88455947458399997 ) ) ;
#10255 = CARTESIAN_POINT ( 'NONE',  ( -5.000000000000000000, -4.350000000000000533, 0.3261087975802219874 ) ) ;
#10257 = ORIENTED_EDGE ( 'NONE', *, *, #1638, .T. ) ;
#10256 = STYLED_ITEM ( 'NONE', ( #1571 ), #8771 ) ;
#10258 = DIRECTION ( 'NONE',  ( -0.0000000000000000000, -1.000000000000000000, -0.0000000000000000000 ) ) ;
#10259 = CIRCLE ( 'NONE', #5565, 0.2500000000000002220 ) ;
#10260 = PLANE ( 'NONE',  #1691 ) ;
#10261 = UNCERTAINTY_MEASURE_WITH_UNIT (LENGTH_MEASURE( 1.000000000000000082E-05 ), #8177, 'distance_accuracy_value', 'NONE');
#10262 = CARTESIAN_POINT ( 'NONE',  ( 0.7016099814113669897, 0.6635057416207670311, 11.78455947458400033 ) ) ;
#10263 = VECTOR ( 'NONE', #6047, 1000.000000000000000 ) ;
#10264 = CARTESIAN_POINT ( 'NONE',  ( 0.9813539975307771224, 0.8058249842585190059, 11.78455947458400033 ) ) ;
#10265 = ADVANCED_FACE ( 'NONE', ( #4512 ), #6117, .T. ) ;
#10266 = FACE_OUTER_BOUND ( 'NONE', #5275, .T. ) ;
#10267 = ORIENTED_EDGE ( 'NONE', *, *, #2831, .F. ) ;
#10268 = ORIENTED_EDGE ( 'NONE', *, *, #7154, .T. ) ;
#10269 = LINE ( 'NONE', #3374, #182 ) ;
#10270 = CARTESIAN_POINT ( 'NONE',  ( -6.200000000000001066, -5.900000000000040323, 0.0000000000000000000 ) ) ;
#10271 = LINE ( 'NONE', #8592, #1129 ) ;
#10272 = EDGE_CURVE ( 'NONE', #746, #1904, #4293, .T. ) ;
#10273 = DIRECTION ( 'NONE',  ( 0.0000000000000000000, 0.0000000000000000000, 1.000000000000000000 ) ) ;
#10274 = SURFACE_SIDE_STYLE ('',( #281 ) ) ;
#10275 = VERTEX_POINT ( 'NONE', #1201 ) ;
#10276 = PRESENTATION_LAYER_ASSIGNMENT (  '', '', ( #3095 ) ) ;
#10277 = DIRECTION ( 'NONE',  ( 1.000000000000000000, -0.0000000000000000000, 0.0000000000000000000 ) ) ;
#10278 = PRESENTATION_STYLE_ASSIGNMENT (( #1779 ) ) ;
#10279 = CARTESIAN_POINT ( 'NONE',  ( 1.249999999999999778, 4.228220461120369755, 2.000000000000000000 ) ) ;
#10280 = EDGE_CURVE ( 'NONE', #9748, #629, #10200, .T. ) ;
#10281 = VECTOR ( 'NONE', #6561, 1000.000000000000000 ) ;
#10282 = SURFACE_SIDE_STYLE ('',( #2696 ) ) ;
#10283 =( NAMED_UNIT ( * ) SI_UNIT ( $, .STERADIAN. ) SOLID_ANGLE_UNIT ( ) );
#10284 = CARTESIAN_POINT ( 'NONE',  ( -1.377268131176320187, 0.9985960685958690242, 11.78455947458400033 ) ) ;
#10285 = EDGE_CURVE ( 'NONE', #5488, #3793, #9452, .T. ) ;
#10286 = CARTESIAN_POINT ( 'NONE',  ( 6.610175751530339205, -3.072439817376818816, 11.50790099422419921 ) ) ;
#10287 = ORIENTED_EDGE ( 'NONE', *, *, #1292, .T. ) ;
#10288 = VECTOR ( 'NONE', #10679, 1000.000000000000000 ) ;
#10289 = FILL_AREA_STYLE ('',( #8828 ) ) ;
#10290 = CARTESIAN_POINT ( 'NONE',  ( -6.200000000000001954, 3.077560182623180651, -0.3081419071809570198 ) ) ;
#10291 = EDGE_CURVE ( 'NONE', #3505, #5067, #2855, .T. ) ;
#10292 = ORIENTED_EDGE ( 'NONE', *, *, #3979, .F. ) ;
#10293 = CLOSED_SHELL ( 'NONE', ( #4445, #6469, #3821, #6892 ) ) ;
#10294 =( LENGTH_UNIT ( ) NAMED_UNIT ( * ) SI_UNIT ( .MILLI., .METRE. ) );
#10295 = FILL_AREA_STYLE ('',( #6825 ) ) ;
#10296 = ORIENTED_EDGE ( 'NONE', *, *, #1122, .F. ) ;
#10297 = CARTESIAN_POINT ( 'NONE',  ( 7.654042494670949841E-18, -4.350000000000010303, 0.3261087975802219874 ) ) ;
#10298 = CARTESIAN_POINT ( 'NONE',  ( 1.791406567618869961, -0.5194762205607580396, 11.78455947458400033 ) ) ;
#10299 = LINE ( 'NONE', #1859, #7557 ) ;
#10300 = ORIENTED_EDGE ( 'NONE', *, *, #312, .F. ) ;
#10301 = STYLED_ITEM ( 'NONE', ( #7938 ), #4038 ) ;
#10302 = EDGE_LOOP ( 'NONE', ( #3085, #1415, #9133, #8104 ) ) ;
#10303 = CARTESIAN_POINT ( 'NONE',  ( -0.2567862034654720405, 0.4959605781332170338, 11.78455947458399500 ) ) ;
#10304 = CARTESIAN_POINT ( 'NONE',  ( -0.08773499290108019433, 0.7492550101528949735, 11.88455947458399997 ) ) ;
#10305 = PRESENTATION_STYLE_ASSIGNMENT (( #6989 ) ) ;
#10306 = AXIS2_PLACEMENT_3D ( 'NONE', #4706, #7087, #3772 ) ;
#10307 = CARTESIAN_POINT ( 'NONE',  ( -1.375000000000000000, 3.077560182623180651, 5.691858092819041204 ) ) ;
#10308 = VERTEX_POINT ( 'NONE', #8633 ) ;
#10309 = CARTESIAN_POINT ( 'NONE',  ( -4.453928499320490175, 5.094634297978539728, 9.134056763649152089 ) ) ;
#10310 = DIRECTION ( 'NONE',  ( 0.0000000000000000000, -1.000000000000000000, -0.0000000000000000000 ) ) ;
#10311 = ORIENTED_EDGE ( 'NONE', *, *, #9150, .T. ) ;
#10312 = ADVANCED_FACE ( 'NONE', ( #9400 ), #6234, .T. ) ;
#10313 = UNCERTAINTY_MEASURE_WITH_UNIT (LENGTH_MEASURE( 1.000000000000000082E-05 ), #2559, 'distance_accuracy_value', 'NONE');
#10314 = CARTESIAN_POINT ( 'NONE',  ( 2.049999999999999822, 3.793855508270517429, 9.400000000000000355 ) ) ;
#10315 = PRESENTATION_LAYER_ASSIGNMENT (  '', '', ( #4186 ) ) ;
#10316 = FACE_BOUND ( 'NONE', #9548, .T. ) ;
#10317 = SURFACE_STYLE_USAGE ( .BOTH. , #4290 ) ;
#10318 = FILL_AREA_STYLE ('',( #4566 ) ) ;
#10319 = CARTESIAN_POINT ( 'NONE',  ( 0.0000000000000000000, 5.785761974818240283, 2.249466850603030199 ) ) ;
#10320 = VECTOR ( 'NONE', #5318, 1000.000000000000000 ) ;
#10321 = FACE_OUTER_BOUND ( 'NONE', #10462, .T. ) ;
#10322 =( NAMED_UNIT ( * ) PLANE_ANGLE_UNIT ( ) SI_UNIT ( $, .RADIAN. ) );
#10323 = VECTOR ( 'NONE', #4619, 1000.000000000000114 ) ;
#10324 = CARTESIAN_POINT ( 'NONE',  ( 4.301812055671249801, 6.200000000000001066, 2.000000000000000000 ) ) ;
#10325 = EDGE_CURVE ( 'NONE', #3286, #6957, #491, .T. ) ;
#10326 = ORIENTED_EDGE ( 'NONE', *, *, #642, .F. ) ;
#10327 = ORIENTED_EDGE ( 'NONE', *, *, #10020, .T. ) ;
#10328 = MECHANICAL_DESIGN_GEOMETRIC_PRESENTATION_REPRESENTATION (  '', ( #686 ), #2599 ) ;
#10329 =( NAMED_UNIT ( * ) PLANE_ANGLE_UNIT ( ) SI_UNIT ( $, .RADIAN. ) );
#10330 = DIRECTION ( 'NONE',  ( 0.9965548649496432931, 0.08293612690015333966, -2.474004945616331959E-19 ) ) ;
#10331 = ORIENTED_EDGE ( 'NONE', *, *, #9666, .F. ) ;
#10332 = SURFACE_STYLE_FILL_AREA ( #159 ) ;
#10333 = PRESENTATION_LAYER_ASSIGNMENT (  '', '', ( #3332 ) ) ;
#10334 = CARTESIAN_POINT ( 'NONE',  ( 1.160570842020200111, 0.8058249842585190059, 11.88455947458399997 ) ) ;
#10335 = SURFACE_SIDE_STYLE ('',( #8718 ) ) ;
#10336 = PRESENTATION_STYLE_ASSIGNMENT (( #5364 ) ) ;
#10337 = PRESENTATION_LAYER_ASSIGNMENT (  '', '', ( #2789 ) ) ;
#10338 = EDGE_CURVE ( 'NONE', #9501, #8709, #2890, .T. ) ;
#10339 = UNCERTAINTY_MEASURE_WITH_UNIT (LENGTH_MEASURE( 1.000000000000000082E-05 ), #7561, 'distance_accuracy_value', 'NONE');
#10340 = SURFACE_STYLE_FILL_AREA ( #7021 ) ;
#10341 = AXIS2_PLACEMENT_3D ( 'NONE', #4971, #2540, #262 ) ;
#10342 =( NAMED_UNIT ( * ) PLANE_ANGLE_UNIT ( ) SI_UNIT ( $, .RADIAN. ) );
#10343 = CARTESIAN_POINT ( 'NONE',  ( 1.375000000000000000, -3.072439817376820148, 5.691858092819041204 ) ) ;
#10344 = PRESENTATION_STYLE_ASSIGNMENT (( #10167 ) ) ;
#10345 = EDGE_CURVE ( 'NONE', #7909, #2438, #10404, .T. ) ;
#10346 = ORIENTED_EDGE ( 'NONE', *, *, #7726, .T. ) ;
#10347 = PLANE ( 'NONE',  #4198 ) ;
#10348 = CARTESIAN_POINT ( 'NONE',  ( 1.128220461120369444, -4.349999999999992539, 3.570949961907816115E-18 ) ) ;
#10349 =( NAMED_UNIT ( * ) SI_UNIT ( $, .STERADIAN. ) SOLID_ANGLE_UNIT ( ) );
#10350 = FACE_OUTER_BOUND ( 'NONE', #7031, .T. ) ;
#10351 = ORIENTED_EDGE ( 'NONE', *, *, #1122, .T. ) ;
#10352 = EDGE_CURVE ( 'NONE', #10419, #7216, #3912, .T. ) ;
#10353 = VERTEX_POINT ( 'NONE', #1321 ) ;
#10354 = EDGE_CURVE ( 'NONE', #1935, #8892, #10493, .T. ) ;
#10355 = SURFACE_SIDE_STYLE ('',( #7692 ) ) ;
#10356 = DIRECTION ( 'NONE',  ( 0.08293612690015371436, 0.9965548649496431821, -0.0000000000000000000 ) ) ;
#10357 = ORIENTED_EDGE ( 'NONE', *, *, #4927, .T. ) ;
#10358 = DIRECTION ( 'NONE',  ( 1.000000000000000000, 0.0000000000000000000, 0.0000000000000000000 ) ) ;
#10359 = ORIENTED_EDGE ( 'NONE', *, *, #8166, .T. ) ;
#10360 = FACE_OUTER_BOUND ( 'NONE', #4765, .T. ) ;
#10361 = CARTESIAN_POINT ( 'NONE',  ( -6.610175751530340094, 3.101520183108080531, 11.50790099422419921 ) ) ;
#10362 = FACE_OUTER_BOUND ( 'NONE', #6753, .T. ) ;
#10363 = CARTESIAN_POINT ( 'NONE',  ( -0.9435331914172789824, 0.4564273938970729860, 11.88455947458399997 ) ) ;
#10364 = VECTOR ( 'NONE', #4714, 1000.000000000000114 ) ;
#10365 = SURFACE_SIDE_STYLE ('',( #8904 ) ) ;
#10366 = PRESENTATION_LAYER_ASSIGNMENT (  '', '', ( #3 ) ) ;
#10367 = DIRECTION ( 'NONE',  ( -0.0000000000000000000, -0.0000000000000000000, 1.000000000000000000 ) ) ;
#10368 = ORIENTED_EDGE ( 'NONE', *, *, #3928, .T. ) ;
#10369 = DIRECTION ( 'NONE',  ( 0.0000000000000000000, 0.001284876077383624148, 0.9999991745463921999 ) ) ;
#10370 = DIRECTION ( 'NONE',  ( 0.0000000000000000000, 0.0000000000000000000, -1.000000000000000000 ) ) ;
#10371 = EDGE_LOOP ( 'NONE', ( #3883, #9220, #6229, #1530, #1941, #8291, #3527, #6930, #4261 ) ) ;
#10372 = COLOUR_RGB ( '',0.1764705882352941013, 0.1764705882352941013, 0.1764705882352941013 ) ;
#10373 = LINE ( 'NONE', #9815, #9692 ) ;
#10374 = MECHANICAL_DESIGN_GEOMETRIC_PRESENTATION_REPRESENTATION (  '', ( #2828 ), #1640 ) ;
#10375 = CARTESIAN_POINT ( 'NONE',  ( 5.900000000000000355, -6.200000000000001066, 6.057847555316375125E-18 ) ) ;
#10376 = UNCERTAINTY_MEASURE_WITH_UNIT (LENGTH_MEASURE( 1.000000000000000082E-05 ), #2466, 'distance_accuracy_value', 'NONE');
#10377 = PLANE ( 'NONE',  #10027 ) ;
#10378 = CARTESIAN_POINT ( 'NONE',  ( 5.899999999999999467, 5.899999999999999467, -4.046242507715881347E-16 ) ) ;
#10379 = DIRECTION ( 'NONE',  ( 0.0000000000000000000, -0.0000000000000000000, 1.000000000000000000 ) ) ;
#10380 = PLANE ( 'NONE',  #1994 ) ;
#10381 = SURFACE_STYLE_FILL_AREA ( #2796 ) ;
#10382 = CARTESIAN_POINT ( 'NONE',  ( 1.371779538879629889, 4.349999999999999645, 1.734396805262088016E-17 ) ) ;
#10383 = CIRCLE ( 'NONE', #5306, 0.2500000000000002220 ) ;
#10384 = VECTOR ( 'NONE', #8332, 1000.000000000000000 ) ;
#10385 = DIRECTION ( 'NONE',  ( 1.000000000000000000, 0.0000000000000000000, 0.0000000000000000000 ) ) ;
#10386 = ORIENTED_EDGE ( 'NONE', *, *, #2555, .F. ) ;
#10387 = ORIENTED_EDGE ( 'NONE', *, *, #8466, .T. ) ;
#10388 = DIRECTION ( 'NONE',  ( 0.0000000000000000000, -1.445602896647340100E-15, -1.000000000000000000 ) ) ;
#10389 =( NAMED_UNIT ( * ) SI_UNIT ( $, .STERADIAN. ) SOLID_ANGLE_UNIT ( ) );
#10390 = CARTESIAN_POINT ( 'NONE',  ( 0.6228260886878059788, 0.8966570697531639489, 11.88455947458399820 ) ) ;
#10391 = VECTOR ( 'NONE', #2523, 1000.000000000000114 ) ;
#10392 = SURFACE_STYLE_USAGE ( .BOTH. , #2202 ) ;
#10393 = PLANE ( 'NONE',  #8980 ) ;
#10394 = AXIS2_PLACEMENT_3D ( 'NONE', #3965, #3127, #10273 ) ;
#10395 = SURFACE_STYLE_USAGE ( .BOTH. , #342 ) ;
#10396 = DIRECTION ( 'NONE',  ( 0.0000000000000000000, 0.0000000000000000000, -1.000000000000000000 ) ) ;
#10397 = AXIS2_PLACEMENT_3D ( 'NONE', #10240, #2707, #9431 ) ;
#10398 = ADVANCED_FACE ( 'NONE', ( #8113 ), #1672, .T. ) ;
#10399 = CIRCLE ( 'NONE', #7099, 0.2499999999999997780 ) ;
#10400 = AXIS2_PLACEMENT_3D ( 'NONE', #2020, #6267, #10528 ) ;
#10401 =( LENGTH_UNIT ( ) NAMED_UNIT ( * ) SI_UNIT ( .MILLI., .METRE. ) );
#10402 = CARTESIAN_POINT ( 'NONE',  ( 1.249999999999999556, 4.349999999999999645, 2.000000000000000000 ) ) ;
#10403 = CARTESIAN_POINT ( 'NONE',  ( -1.208593432381130039, -0.4712834494764209792, 11.78455947458400033 ) ) ;
#10404 = CIRCLE ( 'NONE', #8491, 0.2999999999999964362 ) ;
#10405 = ORIENTED_EDGE ( 'NONE', *, *, #542, .F. ) ;
#10406 = FACE_OUTER_BOUND ( 'NONE', #1128, .T. ) ;
#10407 = PLANE ( 'NONE',  #471 ) ;
#10408 = CARTESIAN_POINT ( 'NONE',  ( -3.198187944328739984, -5.899999999999994138, 2.000000000000000000 ) ) ;
#10409 = VERTEX_POINT ( 'NONE', #3054 ) ;
#10410 = VECTOR ( 'NONE', #6127, 1000.000000000000000 ) ;
#10411 = LINE ( 'NONE', #2888, #10495 ) ;
#10412 = EDGE_CURVE ( 'NONE', #525, #8251, #6427, .T. ) ;
#10413 =( NAMED_UNIT ( * ) SI_UNIT ( $, .STERADIAN. ) SOLID_ANGLE_UNIT ( ) );
#10414 = ORIENTED_EDGE ( 'NONE', *, *, #10423, .F. ) ;
#10415 = CARTESIAN_POINT ( 'NONE',  ( -4.950000000000000178, 3.663209264704479828, 10.50000000000000000 ) ) ;
#10416 = VECTOR ( 'NONE', #6463, 1000.000000000000000 ) ;
#10417 = ORIENTED_EDGE ( 'NONE', *, *, #7413, .T. ) ;
#10418 = UNCERTAINTY_MEASURE_WITH_UNIT (LENGTH_MEASURE( 1.000000000000000082E-05 ), #8604, 'distance_accuracy_value', 'NONE');
#10419 = VERTEX_POINT ( 'NONE', #886 ) ;
#10420 = CARTESIAN_POINT ( 'NONE',  ( -0.6963568918036270317, 0.1672707673910489856, 11.78455947458400033 ) ) ;
#10421 = DIRECTION ( 'NONE',  ( -1.249709010153433622E-17, 1.040043340309090834E-18, 1.000000000000000000 ) ) ;
#10422 = AXIS2_PLACEMENT_3D ( 'NONE', #9639, #4941, #752 ) ;
#10423 = EDGE_CURVE ( 'NONE', #1964, #10037, #2275, .T. ) ;
#10424 = DIRECTION ( 'NONE',  ( 0.0000000000000000000, 0.0000000000000000000, -1.000000000000000000 ) ) ;
#10425 =( GEOMETRIC_REPRESENTATION_CONTEXT ( 3 ) GLOBAL_UNCERTAINTY_ASSIGNED_CONTEXT ( ( #8911 ) ) GLOBAL_UNIT_ASSIGNED_CONTEXT ( ( #10700, #1424, #1644 ) ) REPRESENTATION_CONTEXT ( 'NONE', 'WORKASPACE' ) );
#10426 = CARTESIAN_POINT ( 'NONE',  ( -0.7259126979993411055, 0.8058249842585190059, 11.88455947458399997 ) ) ;
#10427 = CARTESIAN_POINT ( 'NONE',  ( 2.670924639908020204, -0.2905605579101560032, 11.78455947458400033 ) ) ;
#10428 = LINE ( 'NONE', #5448, #5022 ) ;
#10429 = COLOUR_RGB ( '',0.1764705882352941013, 0.1764705882352941013, 0.1764705882352941013 ) ;
#10430 = EDGE_LOOP ( 'NONE', ( #2703, #10327, #3811, #691 ) ) ;
#10431 = DIRECTION ( 'NONE',  ( -0.0000000000000000000, -0.0000000000000000000, -1.000000000000000000 ) ) ;
#10432 = LINE ( 'NONE', #6280, #3241 ) ;
#10433 = PRESENTATION_LAYER_ASSIGNMENT (  '', '', ( #1461 ) ) ;
#10434 = DIRECTION ( 'NONE',  ( 0.0000000000000000000, 1.000000000000000000, 0.0000000000000000000 ) ) ;
#10435 = ORIENTED_EDGE ( 'NONE', *, *, #6366, .F. ) ;
#10436 = MECHANICAL_DESIGN_GEOMETRIC_PRESENTATION_REPRESENTATION (  '', ( #10784 ), #5363 ) ;
#10437 = UNCERTAINTY_MEASURE_WITH_UNIT (LENGTH_MEASURE( 1.000000000000000082E-05 ), #4436, 'distance_accuracy_value', 'NONE');
#10438 = UNCERTAINTY_MEASURE_WITH_UNIT (LENGTH_MEASURE( 1.000000000000000082E-05 ), #9686, 'distance_accuracy_value', 'NONE');
#10439 = SURFACE_SIDE_STYLE ('',( #7934 ) ) ;
#10440 = LINE ( 'NONE', #2791, #4587 ) ;
#10441 = FILL_AREA_STYLE_COLOUR ( '', #6927 ) ;
#10442 = CARTESIAN_POINT ( 'NONE',  ( 2.911888495329709947, -0.9893557386330470438, 11.78455947458400033 ) ) ;
#10443 = CARTESIAN_POINT ( 'NONE',  ( 5.000000000000000000, -3.274999999999990585, 1.649999999999999911 ) ) ;
#10444 = CARTESIAN_POINT ( 'NONE',  ( 4.950000000000000178, -5.900000000000000355, 9.400000000000000355 ) ) ;
#10445 = PRESENTATION_STYLE_ASSIGNMENT (( #9581 ) ) ;
#10446 =( GEOMETRIC_REPRESENTATION_CONTEXT ( 3 ) GLOBAL_UNCERTAINTY_ASSIGNED_CONTEXT ( ( #5736 ) ) GLOBAL_UNIT_ASSIGNED_CONTEXT ( ( #1443, #9187, #3365 ) ) REPRESENTATION_CONTEXT ( 'NONE', 'WORKASPACE' ) );
#10447 = VERTEX_POINT ( 'NONE', #1409 ) ;
#10448 = ORIENTED_EDGE ( 'NONE', *, *, #8099, .T. ) ;
#10449 =( LENGTH_UNIT ( ) NAMED_UNIT ( * ) SI_UNIT ( .MILLI., .METRE. ) );
#10450 =( NAMED_UNIT ( * ) SI_UNIT ( $, .STERADIAN. ) SOLID_ANGLE_UNIT ( ) );
#10451 = CARTESIAN_POINT ( 'NONE',  ( 6.200000000000001066, 3.275000000000000355, 0.0000000000000000000 ) ) ;
#10452 = VECTOR ( 'NONE', #5503, 1000.000000000000000 ) ;
#10453 = CARTESIAN_POINT ( 'NONE',  ( 0.7016099814113669897, 0.6635057416207670311, 11.88455947458399997 ) ) ;
#10454 = CARTESIAN_POINT ( 'NONE',  ( 2.049999999999999822, 3.781496561711080062, 5.717971902689364505 ) ) ;
#10455 = SURFACE_STYLE_FILL_AREA ( #285 ) ;
#10456 = COLOUR_RGB ( '',0.1764705882352941013, 0.1764705882352941013, 0.1764705882352941013 ) ;
#10457 = CARTESIAN_POINT ( 'NONE',  ( 1.791406567618869961, -0.2905605579101560032, 11.78455947458400033 ) ) ;
#10458 = CARTESIAN_POINT ( 'NONE',  ( -4.649999999999989697, 6.200000000000001066, 9.400000000000000355 ) ) ;
#10459 = ADVANCED_FACE ( 'NONE', ( #9757 ), #5605, .T. ) ;
#10460 = DIRECTION ( 'NONE',  ( -1.658182125529443522E-16, -1.658182125529443769E-16, 1.000000000000000000 ) ) ;
#10461 = PRESENTATION_STYLE_ASSIGNMENT (( #8878 ) ) ;
#10462 = EDGE_LOOP ( 'NONE', ( #6513, #8187, #7145, #7867 ) ) ;
#10463 = LINE ( 'NONE', #10517, #9297 ) ;
#10464 = DIRECTION ( 'NONE',  ( 1.546750702438347917E-16, -2.689679381759889976E-16, 1.000000000000000000 ) ) ;
#10465 = SURFACE_STYLE_USAGE ( .BOTH. , #3657 ) ;
#10466 = FILL_AREA_STYLE_COLOUR ( '', #5302 ) ;
#10467 = VERTEX_POINT ( 'NONE', #4185 ) ;
#10468 = AXIS2_PLACEMENT_3D ( 'NONE', #10654, #7382, #3128 ) ;
#10469 = SURFACE_STYLE_USAGE ( .BOTH. , #7152 ) ;
#10470 =( NAMED_UNIT ( * ) SI_UNIT ( $, .STERADIAN. ) SOLID_ANGLE_UNIT ( ) );
#10471 = CARTESIAN_POINT ( 'NONE',  ( -0.9245195309158089625, -0.6399581482716010239, 11.78455947458400033 ) ) ;
#10472 = ORIENTED_EDGE ( 'NONE', *, *, #10556, .F. ) ;
#10473 = DIRECTION ( 'NONE',  ( 0.0000000000000000000, -0.0000000000000000000, -1.000000000000000000 ) ) ;
#10474 = ADVANCED_FACE ( '$', ( #8642 ), #7665, .T. ) ;
#10475 = VECTOR ( 'NONE', #10785, 1000.000000000000000 ) ;
#10476 = FILL_AREA_STYLE ('',( #4598 ) ) ;
#10477 = VERTEX_POINT ( 'NONE', #4354 ) ;
#10478 = FILL_AREA_STYLE ('',( #7984 ) ) ;
#10479 = VERTEX_POINT ( 'NONE', #1103 ) ;
#10480 = DIRECTION ( 'NONE',  ( 1.000000000000000000, 0.0000000000000000000, 0.0000000000000000000 ) ) ;
#10481 = SURFACE_SIDE_STYLE ('',( #1913 ) ) ;
#10482 = DIRECTION ( 'NONE',  ( -3.724272813901422892E-17, 3.099445635841917581E-18, -1.000000000000000000 ) ) ;
#10483 = EDGE_CURVE ( 'NONE', #9354, #3836, #9459, .T. ) ;
#10484 = EDGE_CURVE ( 'NONE', #7652, #3050, #4462, .T. ) ;
#10485 = EDGE_LOOP ( 'NONE', ( #2145, #10637, #4719, #7084 ) ) ;
#10486 = FILL_AREA_STYLE_COLOUR ( '', #7302 ) ;
#10487 = LINE ( 'NONE', #3795, #6044 ) ;
#10488 = SURFACE_STYLE_USAGE ( .BOTH. , #2961 ) ;
#10489 = ORIENTED_EDGE ( 'NONE', *, *, #10345, .T. ) ;
#10490 = CARTESIAN_POINT ( 'NONE',  ( 1.371779538879629889, -4.349999999999999645, 2.000000000000000888 ) ) ;
#10491 = EDGE_CURVE ( 'NONE', #4792, #629, #150, .T. ) ;
#10492 =( LENGTH_UNIT ( ) NAMED_UNIT ( * ) SI_UNIT ( .MILLI., .METRE. ) );
#10493 = LINE ( 'NONE', #4678, #2356 ) ;
#10494 = SURFACE_SIDE_STYLE ('',( #7227 ) ) ;
#10495 = VECTOR ( 'NONE', #1231, 1000.000000000000000 ) ;
#10496 =( LENGTH_UNIT ( ) NAMED_UNIT ( * ) SI_UNIT ( .MILLI., .METRE. ) );
#10497 = CARTESIAN_POINT ( 'NONE',  ( -6.200000000000001066, 3.750000000000000000, 2.000000000000000000 ) ) ;
#10498 =( LENGTH_UNIT ( ) NAMED_UNIT ( * ) SI_UNIT ( .MILLI., .METRE. ) );
#10499 = EDGE_CURVE ( 'NONE', #7633, #892, #8708, .T. ) ;
#10500 = SURFACE_SIDE_STYLE ('',( #6242 ) ) ;
#10501 = EDGE_LOOP ( 'NONE', ( #9480, #8826, #5044, #5358 ) ) ;
#10502 = VECTOR ( 'NONE', #8655, 1000.000000000000000 ) ;
#10503 = VERTEX_POINT ( 'NONE', #10208 ) ;
#10504 = STYLED_ITEM ( 'NONE', ( #5021 ), #3988 ) ;
#10505 = EDGE_CURVE ( 'NONE', #1522, #9615, #1878, .T. ) ;
#10506 =( LENGTH_UNIT ( ) NAMED_UNIT ( * ) SI_UNIT ( .MILLI., .METRE. ) );
#10507 = CARTESIAN_POINT ( 'NONE',  ( -2.049999999999999822, 3.781496561711080062, 5.717971902689364505 ) ) ;
#10508 =( LENGTH_UNIT ( ) NAMED_UNIT ( * ) SI_UNIT ( .MILLI., .METRE. ) );
#10509 = DIRECTION ( 'NONE',  ( 0.0000000000000000000, 0.0000000000000000000, -1.000000000000000000 ) ) ;
#10510 = CARTESIAN_POINT ( 'NONE',  ( 4.950000000000000178, -3.274999999999990141, 10.14126039117999944 ) ) ;
#10511 =( LENGTH_UNIT ( ) NAMED_UNIT ( * ) SI_UNIT ( .MILLI., .METRE. ) );
#10512 = AXIS2_PLACEMENT_3D ( 'NONE', #607, #3134, #6379 ) ;
#10513 =( GEOMETRIC_REPRESENTATION_CONTEXT ( 3 ) GLOBAL_UNCERTAINTY_ASSIGNED_CONTEXT ( ( #1120 ) ) GLOBAL_UNIT_ASSIGNED_CONTEXT ( ( #884, #7660, #1101 ) ) REPRESENTATION_CONTEXT ( 'NONE', 'WORKASPACE' ) );
#10514 =( GEOMETRIC_REPRESENTATION_CONTEXT ( 3 ) GLOBAL_UNCERTAINTY_ASSIGNED_CONTEXT ( ( #436 ) ) GLOBAL_UNIT_ASSIGNED_CONTEXT ( ( #8443, #6814, #10075 ) ) REPRESENTATION_CONTEXT ( 'NONE', 'WORKASPACE' ) );
#10515 = FILL_AREA_STYLE_COLOUR ( '', #444 ) ;
#10516 = ORIENTED_EDGE ( 'NONE', *, *, #7177, .F. ) ;
#10517 = CARTESIAN_POINT ( 'NONE',  ( 6.200000000000001066, -3.072439817376820148, 11.69185809281900035 ) ) ;
#10518 = DIRECTION ( 'NONE',  ( 1.546750702438428036E-16, 2.689679381759975765E-16, 1.000000000000000000 ) ) ;
#10519 = CARTESIAN_POINT ( 'NONE',  ( -6.513276922344959807, 3.101520183108080531, 5.691858092819041204 ) ) ;
#10520 = CIRCLE ( 'NONE', #6329, 0.2999999999999973244 ) ;
#10521 = ORIENTED_EDGE ( 'NONE', *, *, #9833, .F. ) ;
#10522 = DIRECTION ( 'NONE',  ( 1.000000000000000000, 0.0000000000000000000, 0.0000000000000000000 ) ) ;
#10523 =( GEOMETRIC_REPRESENTATION_CONTEXT ( 3 ) GLOBAL_UNCERTAINTY_ASSIGNED_CONTEXT ( ( #4781 ) ) GLOBAL_UNIT_ASSIGNED_CONTEXT ( ( #6475, #9505, #7616 ) ) REPRESENTATION_CONTEXT ( 'NONE', 'WORKASPACE' ) );
#10524 = CARTESIAN_POINT ( 'NONE',  ( -0.7232771156148709579, -0.8206810398378659999, 11.78455947458400033 ) ) ;
#10525 = VERTEX_POINT ( 'NONE', #8481 ) ;
#10526 =( NAMED_UNIT ( * ) SI_UNIT ( $, .STERADIAN. ) SOLID_ANGLE_UNIT ( ) );
#10527 =( LENGTH_UNIT ( ) NAMED_UNIT ( * ) SI_UNIT ( .MILLI., .METRE. ) );
#10528 = DIRECTION ( 'NONE',  ( -1.000000000000000000, 0.0000000000000000000, 0.0000000000000000000 ) ) ;
#10529 = ORIENTED_EDGE ( 'NONE', *, *, #10272, .F. ) ;
#10530 = VERTEX_POINT ( 'NONE', #6013 ) ;
#10531 = CARTESIAN_POINT ( 'NONE',  ( 1.371779538879629889, -4.349999999999999645, -5.551115123125780237E-17 ) ) ;
#10532 = CARTESIAN_POINT ( 'NONE',  ( 6.199999999999996625, -3.072439817376820592, -0.3081419071809570198 ) ) ;
#10533 = CIRCLE ( 'NONE', #1417, 0.2999999999999973244 ) ;
#10534 = ORIENTED_EDGE ( 'NONE', *, *, #4163, .T. ) ;
#10535 = PRESENTATION_STYLE_ASSIGNMENT (( #3789 ) ) ;
#10536 = ORIENTED_EDGE ( 'NONE', *, *, #993, .T. ) ;
#10537 =( GEOMETRIC_REPRESENTATION_CONTEXT ( 3 ) GLOBAL_UNCERTAINTY_ASSIGNED_CONTEXT ( ( #602 ) ) GLOBAL_UNIT_ASSIGNED_CONTEXT ( ( #2930, #5472, #3868 ) ) REPRESENTATION_CONTEXT ( 'NONE', 'WORKASPACE' ) );
#10538 = CARTESIAN_POINT ( 'NONE',  ( 0.6981879443287389853, 6.200000000000001066, 0.9999999999999985567 ) ) ;
#10539 = SURFACE_SIDE_STYLE ('',( #8197 ) ) ;
#10540 = DIRECTION ( 'NONE',  ( 1.000000000000000000, -0.0000000000000000000, 0.0000000000000000000 ) ) ;
#10541 = CARTESIAN_POINT ( 'NONE',  ( -4.453928499320490175, -5.795369424699426730, 9.120649267370620095 ) ) ;
#10542 = CARTESIAN_POINT ( 'NONE',  ( -2.292930781778729887, -0.9893557386330470438, 11.88455947458399997 ) ) ;
#10543 = AXIS2_PLACEMENT_3D ( 'NONE', #5457, #7117, #9574 ) ;
#10544 = LINE ( 'NONE', #5576, #4170 ) ;
#10545 = CARTESIAN_POINT ( 'NONE',  ( -4.453928499320490175, -5.104241747859729728, 2.236059354321879855 ) ) ;
#10546 = CARTESIAN_POINT ( 'NONE',  ( -1.776356839400250070E-15, -3.072439817376820148, -0.3910372559811560178 ) ) ;
#10547 = STYLED_ITEM ( 'NONE', ( #10344 ), #2748 ) ;
#10548 =( GEOMETRIC_REPRESENTATION_CONTEXT ( 3 ) GLOBAL_UNCERTAINTY_ASSIGNED_CONTEXT ( ( #6960 ) ) GLOBAL_UNIT_ASSIGNED_CONTEXT ( ( #9251, #6072, #9412 ) ) REPRESENTATION_CONTEXT ( 'NONE', 'WORKASPACE' ) );
#10549 = CYLINDRICAL_SURFACE ( 'NONE', #590, 0.1217795388796301809 ) ;
#10550 = EDGE_CURVE ( 'NONE', #4092, #4397, #9351, .T. ) ;
#10551 = ORIENTED_EDGE ( 'NONE', *, *, #3023, .T. ) ;
#10552 = ORIENTED_EDGE ( 'NONE', *, *, #346, .T. ) ;
#10553 = SURFACE_STYLE_FILL_AREA ( #9518 ) ;
#10554 = DIRECTION ( 'NONE',  ( 0.0000000000000000000, 1.000000000000000000, 0.0000000000000000000 ) ) ;
#10555 = LINE ( 'NONE', #6573, #5002 ) ;
#10556 = EDGE_CURVE ( 'NONE', #2332, #6553, #6404, .T. ) ;
#10557 =( LENGTH_UNIT ( ) NAMED_UNIT ( * ) SI_UNIT ( .MILLI., .METRE. ) );
#10558 =( NAMED_UNIT ( * ) SI_UNIT ( $, .STERADIAN. ) SOLID_ANGLE_UNIT ( ) );
#10559 = AXIS2_PLACEMENT_3D ( 'NONE', #6641, #9800, #7246 ) ;
#10560 = MECHANICAL_DESIGN_GEOMETRIC_PRESENTATION_REPRESENTATION (  '', ( #2843 ), #4245 ) ;
#10561 =( GEOMETRIC_REPRESENTATION_CONTEXT ( 3 ) GLOBAL_UNCERTAINTY_ASSIGNED_CONTEXT ( ( #6664 ) ) GLOBAL_UNIT_ASSIGNED_CONTEXT ( ( #5031, #1675, #6698 ) ) REPRESENTATION_CONTEXT ( 'NONE', 'WORKASPACE' ) );
#10562 = DIRECTION ( 'NONE',  ( -0.0000000000000000000, 0.0000000000000000000, 1.000000000000000000 ) ) ;
#10563 = STYLED_ITEM ( 'NONE', ( #3816 ), #6469 ) ;
#10564 = VERTEX_POINT ( 'NONE', #9515 ) ;
#10565 = FACE_OUTER_BOUND ( 'NONE', #5523, .T. ) ;
#10566 = CARTESIAN_POINT ( 'NONE',  ( 4.749999999999999112, -4.349999999999998757, -4.673891202419779844 ) ) ;
#10567 = CARTESIAN_POINT ( 'NONE',  ( -6.513276922344959807, -3.072439817376820148, 11.40411371344520042 ) ) ;
#10568 = ORIENTED_EDGE ( 'NONE', *, *, #8905, .F. ) ;
#10569 = CARTESIAN_POINT ( 'NONE',  ( -0.6981879443287419829, 6.200000000000001066, 0.0000000000000000000 ) ) ;
#10570 = EDGE_CURVE ( 'NONE', #10467, #7189, #2339, .T. ) ;
#10571 = VECTOR ( 'NONE', #3288, 1000.000000000000000 ) ;
#10572 = VECTOR ( 'NONE', #734, 1000.000000000000114 ) ;
#10573 = UNCERTAINTY_MEASURE_WITH_UNIT (LENGTH_MEASURE( 1.000000000000000082E-05 ), #8704, 'distance_accuracy_value', 'NONE');
#10574 = CARTESIAN_POINT ( 'NONE',  ( -0.5474486932046990217, -0.02248822279261979834, 11.88455947458399997 ) ) ;
#10575 = ORIENTED_EDGE ( 'NONE', *, *, #3044, .F. ) ;
#10576 = PLANE ( 'NONE',  #1493 ) ;
#10577 = MECHANICAL_DESIGN_GEOMETRIC_PRESENTATION_REPRESENTATION (  '', ( #8656 ), #2662 ) ;
#10578 = FILL_AREA_STYLE ('',( #8895 ) ) ;
#10579 = VERTEX_POINT ( 'NONE', #5967 ) ;
#10580 = VERTEX_POINT ( 'NONE', #6064 ) ;
#10581 =( LENGTH_UNIT ( ) NAMED_UNIT ( * ) SI_UNIT ( .MILLI., .METRE. ) );
#10582 = COLOUR_RGB ( '',1.000000000000000000, 1.000000000000000000, 1.000000000000000000 ) ;
#10583 = DIRECTION ( 'NONE',  ( -1.859862374619442804E-17, 1.547830303613569621E-18, -1.000000000000000000 ) ) ;
#10584 = CARTESIAN_POINT ( 'NONE',  ( -0.2567862034654720405, 0.4959605781332170338, 11.88455947458399997 ) ) ;
#10585 = ORIENTED_EDGE ( 'NONE', *, *, #5665, .F. ) ;
#10586 = SURFACE_STYLE_FILL_AREA ( #4934 ) ;
#10587 = PRESENTATION_LAYER_ASSIGNMENT (  '', '', ( #5167 ) ) ;
#10588 = MECHANICAL_DESIGN_GEOMETRIC_PRESENTATION_REPRESENTATION (  '', ( #7803 ), #9879 ) ;
#10589 = UNCERTAINTY_MEASURE_WITH_UNIT (LENGTH_MEASURE( 1.000000000000000082E-05 ), #2372, 'distance_accuracy_value', 'NONE');
#10590 = CARTESIAN_POINT ( 'NONE',  ( 2.049999999999999822, 3.758136338055928505, 2.006740848325174742 ) ) ;
#10591 = VERTEX_POINT ( 'NONE', #7776 ) ;
#10592 = DIRECTION ( 'NONE',  ( -1.000000000000000000, 0.0000000000000000000, 0.0000000000000000000 ) ) ;
#10593 =( LENGTH_UNIT ( ) NAMED_UNIT ( * ) SI_UNIT ( .MILLI., .METRE. ) );
#10594 = ORIENTED_EDGE ( 'NONE', *, *, #3089, .T. ) ;
#10595 = CIRCLE ( 'NONE', #3758, 0.2500000000000011102 ) ;
#10596 =( NAMED_UNIT ( * ) SI_UNIT ( $, .STERADIAN. ) SOLID_ANGLE_UNIT ( ) );
#10597 = EDGE_CURVE ( 'NONE', #3836, #9737, #6583, .T. ) ;
#10598 =( NAMED_UNIT ( * ) SI_UNIT ( $, .STERADIAN. ) SOLID_ANGLE_UNIT ( ) );
#10599 = PLANE ( 'NONE',  #6335 ) ;
#10600 = UNCERTAINTY_MEASURE_WITH_UNIT (LENGTH_MEASURE( 1.000000000000000082E-05 ), #6907, 'distance_accuracy_value', 'NONE');
#10601 = LINE ( 'NONE', #7384, #1438 ) ;
#10602 = FILL_AREA_STYLE ('',( #539 ) ) ;
#10603 = PRESENTATION_STYLE_ASSIGNMENT (( #2402 ) ) ;
#10604 = CARTESIAN_POINT ( 'NONE',  ( -2.943533191417280204, -0.9893557386330470438, 11.78455947458400033 ) ) ;
#10605 =( NAMED_UNIT ( * ) PLANE_ANGLE_UNIT ( ) SI_UNIT ( $, .RADIAN. ) );
#10606 = CARTESIAN_POINT ( 'NONE',  ( 4.999999999999999112, -3.072439817376820148, 1.091858092819040005 ) ) ;
#10607 =( GEOMETRIC_REPRESENTATION_CONTEXT ( 3 ) GLOBAL_UNCERTAINTY_ASSIGNED_CONTEXT ( ( #448 ) ) GLOBAL_UNIT_ASSIGNED_CONTEXT ( ( #2947, #2066, #3002 ) ) REPRESENTATION_CONTEXT ( 'NONE', 'WORKASPACE' ) );
#10608 = STYLED_ITEM ( 'NONE', ( #2299 ), #10029 ) ;
#10609 = FILL_AREA_STYLE_COLOUR ( '', #1669 ) ;
#10610 = UNCERTAINTY_MEASURE_WITH_UNIT (LENGTH_MEASURE( 1.000000000000000082E-05 ), #4779, 'distance_accuracy_value', 'NONE');
#10611 = SURFACE_STYLE_USAGE ( .BOTH. , #4738 ) ;
#10612 = CARTESIAN_POINT ( 'NONE',  ( -0.01582234804378450030, 0.3626774341128690127, 11.78455947458399677 ) ) ;
#10614 = ORIENTED_EDGE ( 'NONE', *, *, #8485, .T. ) ;
#10613 = MECHANICAL_DESIGN_GEOMETRIC_PRESENTATION_REPRESENTATION (  '', ( #435 ), #2014 ) ;
#10615 = CARTESIAN_POINT ( 'NONE',  ( 5.000000000000000000, 3.274999999999999911, 1.649999999999999911 ) ) ;
#10616 = SURFACE_STYLE_FILL_AREA ( #8267 ) ;
#10617 = FACE_OUTER_BOUND ( 'NONE', #9764, .T. ) ;
#10618 = DIRECTION ( 'NONE',  ( 0.0000000000000000000, -1.000000000000000000, -2.689679381760224749E-16 ) ) ;
#10619 = CARTESIAN_POINT ( 'NONE',  ( -0.2610218689472669773, -0.1312043415592860085, 11.88455947458400175 ) ) ;
#10620 = EDGE_CURVE ( 'NONE', #3497, #6479, #6471, .T. ) ;
#10621 = PRESENTATION_LAYER_ASSIGNMENT (  '', '', ( #5740 ) ) ;
#10622 = ADVANCED_FACE ( 'NONE', ( #5641 ), #5464, .T. ) ;
#10623 = CARTESIAN_POINT ( 'NONE',  ( 1.801812055671259127, 5.900000000000002132, 2.000000000000000000 ) ) ;
#10624 = LINE ( 'NONE', #4749, #10872 ) ;
#10625 = MECHANICAL_DESIGN_GEOMETRIC_PRESENTATION_REPRESENTATION (  '', ( #4488 ), #8032 ) ;
#10626 = CARTESIAN_POINT ( 'NONE',  ( 4.649999999999997691, 6.200000000000001066, 9.400000000000000355 ) ) ;
#10627 =( LENGTH_UNIT ( ) NAMED_UNIT ( * ) SI_UNIT ( .MILLI., .METRE. ) );
#10628 = EDGE_LOOP ( 'NONE', ( #2610, #6209, #10651 ) ) ;
#10629 = DIRECTION ( 'NONE',  ( -1.000000000000000000, 0.0000000000000000000, 0.0000000000000000000 ) ) ;
#10630 =( NAMED_UNIT ( * ) SI_UNIT ( $, .STERADIAN. ) SOLID_ANGLE_UNIT ( ) );
#10631 = AXIS2_PLACEMENT_3D ( 'NONE', #7453, #6518, #4798 ) ;
#10632 =( NAMED_UNIT ( * ) SI_UNIT ( $, .STERADIAN. ) SOLID_ANGLE_UNIT ( ) );
#10633 = EDGE_CURVE ( 'NONE', #10051, #6388, #6295, .T. ) ;
#10634 = ORIENTED_EDGE ( 'NONE', *, *, #6677, .T. ) ;
#10635 = FILL_AREA_STYLE ('',( #3108 ) ) ;
#10636 = AXIS2_PLACEMENT_3D ( 'NONE', #9282, #1865, #5215 ) ;
#10637 = ORIENTED_EDGE ( 'NONE', *, *, #10291, .F. ) ;
#10638 = FILL_AREA_STYLE_COLOUR ( '', #927 ) ;
#10639 = ORIENTED_EDGE ( 'NONE', *, *, #10556, .T. ) ;
#10640 =( NAMED_UNIT ( * ) SI_UNIT ( $, .STERADIAN. ) SOLID_ANGLE_UNIT ( ) );
#10641 = VERTEX_POINT ( 'NONE', #445 ) ;
#10642 = ADVANCED_FACE ( 'NONE', ( #548 ), #10549, .F. ) ;
#10643 = DIRECTION ( 'NONE',  ( -0.08293612690015343680, 0.9965548649496431821, -0.0000000000000000000 ) ) ;
#10644 = LINE ( 'NONE', #6600, #6750 ) ;
#10645 = SURFACE_STYLE_FILL_AREA ( #3340 ) ;
#10646 = ORIENTED_EDGE ( 'NONE', *, *, #9691, .T. ) ;
#10647 = DIRECTION ( 'NONE',  ( -0.0000000000000000000, 0.0000000000000000000, 1.000000000000000000 ) ) ;
#10648 = PRESENTATION_STYLE_ASSIGNMENT (( #7378 ) ) ;
#10649 = FILL_AREA_STYLE_COLOUR ( '', #6056 ) ;
#10650 = CLOSED_SHELL ( 'NONE', ( #2207, #3806, #8618, #5816, #6636, #8079 ) ) ;
#10651 = ORIENTED_EDGE ( 'NONE', *, *, #2544, .T. ) ;
#10652 = B_SPLINE_CURVE_WITH_KNOTS ( 'NONE', 2,
 ( #10254, #6994, #192, #9566, #2666, #3514, #1195, #7758, #4504, #4341, #2721, #3566, #1090, #9444, #2611 ),
 .UNSPECIFIED., .F., .F.,
 ( 3, 2, 2, 2, 2, 2, 2, 3 ),
 ( 3.263880750629069945E-19, 0.0002393959141502953589, 0.0004787918283005903925, 0.0007181877424508853990, 0.0009575836566011804597, 0.001196979570751475520, 0.001436375484901770581, 0.001675771399052065642 ),
 .UNSPECIFIED. ) ;
#10653 = SURFACE_STYLE_USAGE ( .BOTH. , #7010 ) ;
#10654 = CARTESIAN_POINT ( 'NONE',  ( 4.301812055671258683, 5.899999999999995026, 2.000000000000000000 ) ) ;
#10655 = CARTESIAN_POINT ( 'NONE',  ( 6.513276922344950037, -3.072439817376819704, 11.70411371344519758 ) ) ;
#10656 = CARTESIAN_POINT ( 'NONE',  ( 2.049999999999999822, -3.718944926047639932, 9.372862536810730560 ) ) ;
#10657 = PLANE ( 'NONE',  #30 ) ;
#10658 = STYLED_ITEM ( 'NONE', ( #2396 ), #190 ) ;
#10659 = DIRECTION ( 'NONE',  ( 1.000000000000000000, 0.0000000000000000000, 0.0000000000000000000 ) ) ;
#10660 =( NAMED_UNIT ( * ) SI_UNIT ( $, .STERADIAN. ) SOLID_ANGLE_UNIT ( ) );
#10661 = ORIENTED_EDGE ( 'NONE', *, *, #1896, .T. ) ;
#10662 = UNCERTAINTY_MEASURE_WITH_UNIT (LENGTH_MEASURE( 1.000000000000000082E-05 ), #4979, 'distance_accuracy_value', 'NONE');
#10663 = FACE_OUTER_BOUND ( 'NONE', #3654, .T. ) ;
#10664 = LINE ( 'NONE', #1441, #5333 ) ;
#10665 = SURFACE_STYLE_FILL_AREA ( #9089 ) ;
#10666 = CARTESIAN_POINT ( 'NONE',  ( -3.628220461120370111, 4.349999999999999645, 1.734396805262102499E-17 ) ) ;
#10667 =( BOUNDED_CURVE ( )  B_SPLINE_CURVE ( 2, ( #3375, #889, #1723, #5082, #3432, #8384, #10892, #3209, #8431 ),
 .UNSPECIFIED., .F., .F. ) 
 B_SPLINE_CURVE_WITH_KNOTS ( ( 3, 2, 2, 2, 3 ),
 ( 0.0000000000000000000, 0.001808574167130669189, 0.007492455713118537607, 0.009301029880249372245, 0.02014710150898621835 ),
 .UNSPECIFIED. ) 
 CURVE ( )  GEOMETRIC_REPRESENTATION_ITEM ( )  RATIONAL_B_SPLINE_CURVE ( ( 1.000000000000000000, 0.7071067811865470176, 1.000000000000000000, 1.000000000000000000, 1.000000000000000000, 0.7071067811865490160, 1.000000000000000000, 1.000000000000000000, 1.000000000000000000 ) ) 
 REPRESENTATION_ITEM ( '' )  );
#10668 = CARTESIAN_POINT ( 'NONE',  ( 2.750000000000000000, -4.349999999999999645, -4.673891202419779844 ) ) ;
#10669 =( NAMED_UNIT ( * ) SI_UNIT ( $, .STERADIAN. ) SOLID_ANGLE_UNIT ( ) );
#10670 = CIRCLE ( 'NONE', #3662, 0.2999999999999973244 ) ;
#10671 = ADVANCED_FACE ( 'NONE', ( #9786 ), #2861, .T. ) ;
#10672 = PRESENTATION_STYLE_ASSIGNMENT (( #3983 ) ) ;
#10673 = CARTESIAN_POINT ( 'NONE',  ( 5.000000000000000888, -6.200000000000001066, 2.000000000000000000 ) ) ;
#10674 = B_SPLINE_SURFACE_WITH_KNOTS ( 'NONE', 1, 2, ( 
 ( #10262, #1766, #7562 ),
 ( #97, #10888, #3471 ) ),
 .UNSPECIFIED., .F., .F., .F.,
 ( 2, 2 ),
 ( 3, 3 ),
 ( 0.0000000000000000000, 0.1000000000000000056 ),
 ( 7.000000000000000000, 8.000000000000000000 ),
 .UNSPECIFIED. ) ;
#10675 = ORIENTED_EDGE ( 'NONE', *, *, #8373, .T. ) ;
#10676 = FILL_AREA_STYLE ('',( #4915 ) ) ;
#10677 = DIRECTION ( 'NONE',  ( -0.0000000000000000000, -0.0000000000000000000, -1.000000000000000000 ) ) ;
#10678 = VECTOR ( 'NONE', #10659, 1000.000000000000000 ) ;
#10679 = DIRECTION ( 'NONE',  ( -0.0000000000000000000, -0.0000000000000000000, -1.000000000000000000 ) ) ;
#10680 = MECHANICAL_DESIGN_GEOMETRIC_PRESENTATION_REPRESENTATION (  '', ( #4186 ), #6850 ) ;
#10681 = DIRECTION ( 'NONE',  ( 0.0000000000000000000, 0.0000000000000000000, -1.000000000000000000 ) ) ;
#10682 = ORIENTED_EDGE ( 'NONE', *, *, #4784, .F. ) ;
#10683 = VECTOR ( 'NONE', #7323, 1000.000000000000000 ) ;
#10684 = EDGE_CURVE ( 'NONE', #8453, #10467, #10487, .T. ) ;
#10685 = CYLINDRICAL_SURFACE ( 'NONE', #9513, 0.2999999999999999334 ) ;
#10686 = ORIENTED_EDGE ( 'NONE', *, *, #5004, .T. ) ;
#10687 = DIRECTION ( 'NONE',  ( 0.0000000000000000000, -0.0000000000000000000, -1.000000000000000000 ) ) ;
#10688 = PRESENTATION_LAYER_ASSIGNMENT (  '', '', ( #9816 ) ) ;
#10689 = ORIENTED_EDGE ( 'NONE', *, *, #5048, .F. ) ;
#10690 = CARTESIAN_POINT ( 'NONE',  ( 1.346941226280979897, -0.9108542297363939610, 11.78455947458400033 ) ) ;
#10691 = CARTESIAN_POINT ( 'NONE',  ( 4.002845596186371147, 5.924880838070042621, 0.9999999999999991118 ) ) ;
#10692 = CARTESIAN_POINT ( 'NONE',  ( 3.497154403813630186, -5.924880838070049727, 5.551115123125780237E-17 ) ) ;
#10693 = ORIENTED_EDGE ( 'NONE', *, *, #919, .F. ) ;
#10694 = ADVANCED_FACE ( 'NONE', ( #7996 ), #3904, .T. ) ;
#10695 = UNCERTAINTY_MEASURE_WITH_UNIT (LENGTH_MEASURE( 1.000000000000000082E-05 ), #343, 'distance_accuracy_value', 'NONE');
#10696 = EDGE_CURVE ( 'NONE', #6804, #6297, #10432, .T. ) ;
#10697 = FACE_OUTER_BOUND ( 'NONE', #3393, .T. ) ;
#10698 = VERTEX_POINT ( 'NONE', #8848 ) ;
#10699 = PRESENTATION_STYLE_ASSIGNMENT (( #3179 ) ) ;
#10700 =( LENGTH_UNIT ( ) NAMED_UNIT ( * ) SI_UNIT ( .MILLI., .METRE. ) );
#10701 = ORIENTED_EDGE ( 'NONE', *, *, #2906, .F. ) ;
#10702 = MECHANICAL_DESIGN_GEOMETRIC_PRESENTATION_REPRESENTATION (  '', ( #7040 ), #9993 ) ;
#10703 = CARTESIAN_POINT ( 'NONE',  ( -3.876735726934810167, 5.984188079270050586, 9.135151959694818302 ) ) ;
#10704 = LINE ( 'NONE', #867, #7088 ) ;
#10705 = FILL_AREA_STYLE_COLOUR ( '', #7512 ) ;
#10706 = FILL_AREA_STYLE ('',( #4114 ) ) ;
#10707 = UNCERTAINTY_MEASURE_WITH_UNIT (LENGTH_MEASURE( 1.000000000000000082E-05 ), #4441, 'distance_accuracy_value', 'NONE');
#10708 = SURFACE_STYLE_USAGE ( .BOTH. , #3853 ) ;
#10709 = FILL_AREA_STYLE_COLOUR ( '', #4315 ) ;
#10710 = CARTESIAN_POINT ( 'NONE',  ( -1.776356839400250070E-15, 3.101520183108080531, -0.3910372559811560178 ) ) ;
#10711 = VECTOR ( 'NONE', #9561, 1000.000000000000000 ) ;
#10712 =( NAMED_UNIT ( * ) PLANE_ANGLE_UNIT ( ) SI_UNIT ( $, .RADIAN. ) );
#10713 = ORIENTED_EDGE ( 'NONE', *, *, #7745, .T. ) ;
#10714 = FACE_OUTER_BOUND ( 'NONE', #8400, .T. ) ;
#10715 =( LENGTH_UNIT ( ) NAMED_UNIT ( * ) SI_UNIT ( .MILLI., .METRE. ) );
#10716 = MECHANICAL_DESIGN_GEOMETRIC_PRESENTATION_REPRESENTATION (  '', ( #4579 ), #2814 ) ;
#10717 = DIRECTION ( 'NONE',  ( -0.08293612690015354783, -0.9965548649496431821, 0.0000000000000000000 ) ) ;
#10718 = SURFACE_STYLE_USAGE ( .BOTH. , #6516 ) ;
#10719 = CARTESIAN_POINT ( 'NONE',  ( 6.513276922344959807, 3.101520183108080531, -0.02039752780706730051 ) ) ;
#10720 = LINE ( 'NONE', #5591, #8083 ) ;
#10721 = CARTESIAN_POINT ( 'NONE',  ( -6.610175751530340094, -3.072439817376820148, 11.50790099422419921 ) ) ;
#10722 = AXIS2_PLACEMENT_3D ( 'NONE', #6348, #501, #335 ) ;
#10723 = CARTESIAN_POINT ( 'NONE',  ( 5.000000000000000000, -4.349999999999998757, -4.673891202419779844 ) ) ;
#10724 = ORIENTED_EDGE ( 'NONE', *, *, #7903, .F. ) ;
#10725 = LINE ( 'NONE', #3215, #1038 ) ;
#10726 = STYLED_ITEM ( 'NONE', ( #7793 ), #6926 ) ;
#10727 = VECTOR ( 'NONE', #2458, 1000.000000000000114 ) ;
#10728 = CARTESIAN_POINT ( 'NONE',  ( -1.699999999999999734, -3.275000000000000355, 1.649999999999999911 ) ) ;
#10729 = SURFACE_SIDE_STYLE ('',( #5777 ) ) ;
#10730 = PRESENTATION_LAYER_ASSIGNMENT (  '', '', ( #4602 ) ) ;
#10731 = FACE_OUTER_BOUND ( 'NONE', #9960, .T. ) ;
#10732 = ORIENTED_EDGE ( 'NONE', *, *, #7704, .F. ) ;
#10733 = SURFACE_SIDE_STYLE ('',( #792 ) ) ;
#10734 = PRESENTATION_STYLE_ASSIGNMENT (( #2489 ) ) ;
#10735 = SURFACE_SIDE_STYLE ('',( #7 ) ) ;
#10736 = SURFACE_STYLE_USAGE ( .BOTH. , #4143 ) ;
#10737 = VERTEX_POINT ( 'NONE', #8054 ) ;
#10738 = ORIENTED_EDGE ( 'NONE', *, *, #2889, .T. ) ;
#10739 = CARTESIAN_POINT ( 'NONE',  ( 1.634780061594770073, -0.3590845968445610659, 11.78455947458400033 ) ) ;
#10740 =( LENGTH_UNIT ( ) NAMED_UNIT ( * ) SI_UNIT ( .MILLI., .METRE. ) );
#10741 = PRESENTATION_STYLE_ASSIGNMENT (( #6659 ) ) ;
#10742 = ORIENTED_EDGE ( 'NONE', *, *, #9041, .T. ) ;
#10743 = PLANE ( 'NONE',  #8209 ) ;
#10744 = STYLED_ITEM ( 'NONE', ( #10870 ), #7572 ) ;
#10745 = EDGE_CURVE ( 'NONE', #1745, #4492, #1482, .T. ) ;
#10746 = VECTOR ( 'NONE', #6093, 1000.000000000000114 ) ;
#10747 = ORIENTED_EDGE ( 'NONE', *, *, #1031, .T. ) ;
#10748 =( NAMED_UNIT ( * ) PLANE_ANGLE_UNIT ( ) SI_UNIT ( $, .RADIAN. ) );
#10749 = CARTESIAN_POINT ( 'NONE',  ( -4.599635752693309598, 5.252467287468929769, 2.248810271714769993 ) ) ;
#10750 = ORIENTED_EDGE ( 'NONE', *, *, #8022, .F. ) ;
#10751 = EDGE_CURVE ( 'NONE', #4936, #6363, #7770, .T. ) ;
#10752 = ORIENTED_EDGE ( 'NONE', *, *, #5129, .F. ) ;
#10753 = FILL_AREA_STYLE ('',( #9586 ) ) ;
#10754 = PRESENTATION_STYLE_ASSIGNMENT (( #1377 ) ) ;
#10755 = AXIS2_PLACEMENT_3D ( 'NONE', #10006, #4235, #8427 ) ;
#10756 = DIRECTION ( 'NONE',  ( 0.0000000000000000000, -0.0000000000000000000, 1.000000000000000000 ) ) ;
#10757 = COLOUR_RGB ( '',0.7450980392156862919, 0.7450980392156862919, 0.7450980392156862919 ) ;
#10758 = PLANE ( 'NONE',  #7853 ) ;
#10759 = DIRECTION ( 'NONE',  ( 0.0000000000000000000, 1.000000000000000000, 0.0000000000000000000 ) ) ;
#10760 = COLOUR_RGB ( '',0.1764705882352941013, 0.1764705882352941013, 0.1764705882352941013 ) ;
#10761 =( GEOMETRIC_REPRESENTATION_CONTEXT ( 3 ) GLOBAL_UNCERTAINTY_ASSIGNED_CONTEXT ( ( #8254 ) ) GLOBAL_UNIT_ASSIGNED_CONTEXT ( ( #4824, #10059, #9245 ) ) REPRESENTATION_CONTEXT ( 'NONE', 'WORKASPACE' ) );
#10762 = DIRECTION ( 'NONE',  ( 0.0000000000000000000, 1.000000000000000000, 0.0000000000000000000 ) ) ;
#10763 =( LENGTH_UNIT ( ) NAMED_UNIT ( * ) SI_UNIT ( .MILLI., .METRE. ) );
#10764 = COLOUR_RGB ( '',1.000000000000000000, 1.000000000000000000, 1.000000000000000000 ) ;
#10765 = ORIENTED_EDGE ( 'NONE', *, *, #3982, .F. ) ;
#10766 =( GEOMETRIC_REPRESENTATION_CONTEXT ( 3 ) GLOBAL_UNCERTAINTY_ASSIGNED_CONTEXT ( ( #694 ) ) GLOBAL_UNIT_ASSIGNED_CONTEXT ( ( #6734, #9288, #6789 ) ) REPRESENTATION_CONTEXT ( 'NONE', 'WORKASPACE' ) );
#10767 = LINE ( 'NONE', #3141, #2041 ) ;
#10768 = EDGE_CURVE ( 'NONE', #6553, #5160, #10864, .T. ) ;
#10769 = DIRECTION ( 'NONE',  ( 0.0000000000000000000, 0.0000000000000000000, -1.000000000000000000 ) ) ;
#10770 = FACE_OUTER_BOUND ( 'NONE', #5601, .T. ) ;
#10771 = STYLED_ITEM ( 'NONE', ( #2050 ), #952 ) ;
#10772 = CARTESIAN_POINT ( 'NONE',  ( -2.049999999999999822, -3.750000000000000000, 9.372862536810730560 ) ) ;
#10773 = FACE_OUTER_BOUND ( 'NONE', #1573, .T. ) ;
#10774 =( GEOMETRIC_REPRESENTATION_CONTEXT ( 3 ) GLOBAL_UNCERTAINTY_ASSIGNED_CONTEXT ( ( #4178 ) ) GLOBAL_UNIT_ASSIGNED_CONTEXT ( ( #2259, #6466, #8073 ) ) REPRESENTATION_CONTEXT ( 'NONE', 'WORKASPACE' ) );
#10775 = FILL_AREA_STYLE ('',( #4747 ) ) ;
#10776 = COLOUR_RGB ( '',1.000000000000000000, 1.000000000000000000, 1.000000000000000000 ) ;
#10777 = FACE_OUTER_BOUND ( 'NONE', #3323, .T. ) ;
#10778 = DIRECTION ( 'NONE',  ( -0.9965548649496431821, -0.08293612690015371436, -1.895595839594919666E-17 ) ) ;
#10779 = CARTESIAN_POINT ( 'NONE',  ( -5.000000000000000000, -3.072439817376820148, 1.091858092819040005 ) ) ;
#10780 = PRESENTATION_STYLE_ASSIGNMENT (( #669 ) ) ;
#10781 = ORIENTED_EDGE ( 'NONE', *, *, #2484, .T. ) ;
#10782 = FILL_AREA_STYLE ('',( #7464 ) ) ;
#10783 = SURFACE_STYLE_USAGE ( .BOTH. , #4084 ) ;
#10784 = STYLED_ITEM ( 'NONE', ( #5744 ), #8618 ) ;
#10785 = DIRECTION ( 'NONE',  ( -0.0000000000000000000, 1.000000000000000000, 0.0000000000000000000 ) ) ;
#10786 = FILL_AREA_STYLE_COLOUR ( '', #5502 ) ;
#10787 = MECHANICAL_DESIGN_GEOMETRIC_PRESENTATION_REPRESENTATION (  '', ( #250 ), #958 ) ;
#10788 = PRESENTATION_STYLE_ASSIGNMENT (( #7468 ) ) ;
#10789 = CARTESIAN_POINT ( 'NONE',  ( -2.500000000000000000, -4.349999999999999645, -4.673891202419779844 ) ) ;
#10790 =( GEOMETRIC_REPRESENTATION_CONTEXT ( 3 ) GLOBAL_UNCERTAINTY_ASSIGNED_CONTEXT ( ( #4629 ) ) GLOBAL_UNIT_ASSIGNED_CONTEXT ( ( #2754, #10342, #8660 ) ) REPRESENTATION_CONTEXT ( 'NONE', 'WORKASPACE' ) );
#10791 = EDGE_CURVE ( 'NONE', #5488, #9737, #10812, .T. ) ;
#10792 =( BOUNDED_SURFACE ( )  B_SPLINE_SURFACE ( 1, 2, ( 
 ( #5376, #3941, #2996, #6311, #5600, #7315, #7253, #3712, #10567 ),
 ( #2823, #5547, #2108, #1288, #463, #9751, #6204, #10519, #7083 ) ),
 .UNSPECIFIED., .F., .F., .F. ) 
 B_SPLINE_SURFACE_WITH_KNOTS ( ( 2, 2 ),
 ( 3, 2, 2, 2, 3 ),
 ( 0.0000000000000000000, 6.173960000484900235 ),
 ( 24.74492392373339911, 25.21616282177189916, 37.61738588560010044, 38.08862478363860049, 49.48984784746679821 ),
 .UNSPECIFIED. ) 
 GEOMETRIC_REPRESENTATION_ITEM ( )  RATIONAL_B_SPLINE_SURFACE ( (
 ( 1.000000000000000000, 0.7071067811865460184, 1.000000000000000000, 1.000000000000000000, 1.000000000000000000, 0.7071067811865490160, 1.000000000000000000, 1.000000000000000000, 1.000000000000000000),
 ( 1.000000000000000000, 0.7071067811865460184, 1.000000000000000000, 1.000000000000000000, 1.000000000000000000, 0.7071067811865490160, 1.000000000000000000, 1.000000000000000000, 1.000000000000000000) ) ) 
 REPRESENTATION_ITEM ( '' )  SURFACE ( )  );
#10793 = ORIENTED_EDGE ( 'NONE', *, *, #5616, .F. ) ;
#10794 = PRESENTATION_STYLE_ASSIGNMENT (( #5781 ) ) ;
#10795 =( GEOMETRIC_REPRESENTATION_CONTEXT ( 3 ) GLOBAL_UNCERTAINTY_ASSIGNED_CONTEXT ( ( #6711 ) ) GLOBAL_UNIT_ASSIGNED_CONTEXT ( ( #8859, #8915, #9508 ) ) REPRESENTATION_CONTEXT ( 'NONE', 'WORKASPACE' ) );
#10796 = FACE_OUTER_BOUND ( 'NONE', #474, .T. ) ;
#10797 = CARTESIAN_POINT ( 'NONE',  ( 6.500000000000001776, 3.077560182623180651, 5.691858092819041204 ) ) ;
#10798 = ORIENTED_EDGE ( 'NONE', *, *, #6942, .F. ) ;
#10799 = PLANE ( 'NONE',  #9319 ) ;
#10800 = ORIENTED_EDGE ( 'NONE', *, *, #1440, .F. ) ;
#10801 = SURFACE_SIDE_STYLE ('',( #6487 ) ) ;
#10802 = LINE ( 'NONE', #7478, #10571 ) ;
#10803 = FILL_AREA_STYLE_COLOUR ( '', #5208 ) ;
#10804 = VERTEX_POINT ( 'NONE', #7488 ) ;
#10805 = MECHANICAL_DESIGN_GEOMETRIC_PRESENTATION_REPRESENTATION (  '', ( #3971 ), #1334 ) ;
#10806 =( NAMED_UNIT ( * ) SI_UNIT ( $, .STERADIAN. ) SOLID_ANGLE_UNIT ( ) );
#10807 = PLANE ( 'NONE',  #7193 ) ;
#10808 = UNCERTAINTY_MEASURE_WITH_UNIT (LENGTH_MEASURE( 1.000000000000000082E-05 ), #5692, 'distance_accuracy_value', 'NONE');
#10809 =( GEOMETRIC_REPRESENTATION_CONTEXT ( 3 ) GLOBAL_UNCERTAINTY_ASSIGNED_CONTEXT ( ( #6489 ) ) GLOBAL_UNIT_ASSIGNED_CONTEXT ( ( #6991, #3675, #2778 ) ) REPRESENTATION_CONTEXT ( 'NONE', 'WORKASPACE' ) );
#10810 = ADVANCED_FACE ( 'NONE', ( #697 ), #6498, .T. ) ;
#10811 = EDGE_LOOP ( 'NONE', ( #3964, #4990, #3004, #9109 ) ) ;
#10812 = LINE ( 'NONE', #7541, #3052 ) ;
#10813 = CARTESIAN_POINT ( 'NONE',  ( -4.599635752693309598, 5.975341119790770428, 2.249700255636299495 ) ) ;
#10815 = SURFACE_STYLE_USAGE ( .BOTH. , #5159 ) ;
#10814 = CIRCLE ( 'NONE', #4138, 0.2999999999999971023 ) ;
#10816 = ORIENTED_EDGE ( 'NONE', *, *, #9106, .F. ) ;
#10817 = FACE_OUTER_BOUND ( 'NONE', #1912, .T. ) ;
#10818 = FACE_OUTER_BOUND ( 'NONE', #9159, .T. ) ;
#10819 = CARTESIAN_POINT ( 'NONE',  ( 7.654042494670949841E-18, 4.349999999999999645, 0.3261087975802219874 ) ) ;
#10820 = STYLED_ITEM ( 'NONE', ( #8967 ), #3413 ) ;
#10821 = EDGE_CURVE ( 'NONE', #5625, #1149, #9732, .T. ) ;
#10822 = DIRECTION ( 'NONE',  ( 0.0000000000000000000, 0.0000000000000000000, 1.000000000000000000 ) ) ;
#10823 = ORIENTED_EDGE ( 'NONE', *, *, #7401, .T. ) ;
#10824 = CARTESIAN_POINT ( 'NONE',  ( -0.2869065934713639909, -1.025500316946299950, 11.88455947458399997 ) ) ;
#10825 = CARTESIAN_POINT ( 'NONE',  ( 3.753928499320489998, 5.785761974818240283, 2.249466850602602541 ) ) ;
#10826 = VERTEX_POINT ( 'NONE', #807 ) ;
#10827 = ADVANCED_FACE ( 'NONE', ( #8248 ), #6608, .T. ) ;
#10828 = PLANE ( 'NONE',  #9511 ) ;
#10829 = LINE ( 'NONE', #5701, #220 ) ;
#10830 = VECTOR ( 'NONE', #4649, 1000.000000000000000 ) ;
#10831 = DIRECTION ( 'NONE',  ( 1.000000000000000000, -1.424478604481709156E-14, 1.348803178618609760E-16 ) ) ;
#10832 = DIRECTION ( 'NONE',  ( 1.604941620322706689E-31, -1.604941620322706689E-31, -1.000000000000000000 ) ) ;
#10833 =( NAMED_UNIT ( * ) SI_UNIT ( $, .STERADIAN. ) SOLID_ANGLE_UNIT ( ) );
#10834 = VECTOR ( 'NONE', #10133, 1000.000000000000000 ) ;
#10835 = CARTESIAN_POINT ( 'NONE',  ( 6.513276922344950925, -3.072439817376820148, 11.70411371344519758 ) ) ;
#10836 = FACE_OUTER_BOUND ( 'NONE', #4471, .T. ) ;
#10837 = EDGE_CURVE ( 'NONE', #1211, #10051, #6981, .T. ) ;
#10838 = FILL_AREA_STYLE ('',( #1823 ) ) ;
#10839 = EDGE_CURVE ( 'NONE', #4527, #7639, #7635, .T. ) ;
#10840 = AXIS2_PLACEMENT_3D ( 'NONE', #7832, #3740, #2794 ) ;
#10841 = FACE_OUTER_BOUND ( 'NONE', #6054, .T. ) ;
#10842 = CARTESIAN_POINT ( 'NONE',  ( -0.5683449125522190837, -0.8206810398378659999, 11.78455947458399677 ) ) ;
#10843 = ORIENTED_EDGE ( 'NONE', *, *, #9808, .F. ) ;
#10844 = SURFACE_STYLE_FILL_AREA ( #53 ) ;
#10845 =( NAMED_UNIT ( * ) PLANE_ANGLE_UNIT ( ) SI_UNIT ( $, .RADIAN. ) );
#10846 = SURFACE_STYLE_FILL_AREA ( #2542 ) ;
#10847 = LINE ( 'NONE', #6703, #10036 ) ;
#10848 = PRESENTATION_STYLE_ASSIGNMENT (( #3277 ) ) ;
#10849 = STYLED_ITEM ( 'NONE', ( #5977 ), #4445 ) ;
#10850 = EDGE_LOOP ( 'NONE', ( #8879, #10082, #3177, #9446 ) ) ;
#10851 = DIRECTION ( 'NONE',  ( -0.0000000000000000000, -0.0000000000000000000, -1.000000000000000000 ) ) ;
#10852 = PRESENTATION_STYLE_ASSIGNMENT (( #5092 ) ) ;
#10853 = FACE_OUTER_BOUND ( 'NONE', #8404, .T. ) ;
#10854 = ORIENTED_EDGE ( 'NONE', *, *, #1097, .F. ) ;
#10855 = VERTEX_POINT ( 'NONE', #8512 ) ;
#10856 = AXIS2_PLACEMENT_3D ( 'NONE', #1944, #7136, #5300 ) ;
#10857 = CARTESIAN_POINT ( 'NONE',  ( 1.634780061594770073, -0.008180959406275060269, 11.88455947458399997 ) ) ;
#10858 = SURFACE_SIDE_STYLE ('',( #3116 ) ) ;
#10859 =( LENGTH_UNIT ( ) NAMED_UNIT ( * ) SI_UNIT ( .MILLI., .METRE. ) );
#10860 = ORIENTED_EDGE ( 'NONE', *, *, #3517, .F. ) ;
#10861 = ADVANCED_FACE ( 'NONE', ( #5054 ), #1906, .T. ) ;
#10862 = CARTESIAN_POINT ( 'NONE',  ( 1.375000000000000000, -3.072439817376820148, 5.691858092819041204 ) ) ;
#10863 = ORIENTED_EDGE ( 'NONE', *, *, #8747, .F. ) ;
#10864 = LINE ( 'NONE', #6667, #2003 ) ;
#10865 = PRESENTATION_LAYER_ASSIGNMENT (  '', '', ( #1182 ) ) ;
#10866 = CARTESIAN_POINT ( 'NONE',  ( -3.876735726934810167, 5.975341119790770428, 2.249700255636300383 ) ) ;
#10867 = DIRECTION ( 'NONE',  ( 0.0000000000000000000, -0.0000000000000000000, -1.000000000000000000 ) ) ;
#10868 = ORIENTED_EDGE ( 'NONE', *, *, #2592, .F. ) ;
#10869 = CARTESIAN_POINT ( 'NONE',  ( -0.09714760328769500575, -0.8443067856685230188, 11.88455947458399820 ) ) ;
#10870 = PRESENTATION_STYLE_ASSIGNMENT (( #3185 ) ) ;
#10871 = MECHANICAL_DESIGN_GEOMETRIC_PRESENTATION_REPRESENTATION (  '', ( #8256 ), #8100 ) ;
#10872 = VECTOR ( 'NONE', #4697, 1000.000000000000000 ) ;
#10873 = EDGE_CURVE ( 'NONE', #6297, #8920, #4269, .T. ) ;
#10874 = CYLINDRICAL_SURFACE ( 'NONE', #2035, 0.2999999999999973244 ) ;
#10875 = ORIENTED_EDGE ( 'NONE', *, *, #9100, .T. ) ;
#10876 = STYLED_ITEM ( 'NONE', ( #8134 ), #5273 ) ;
#10877 = CARTESIAN_POINT ( 'NONE',  ( -0.1133372416764529961, 0.04697709556481100002, 11.78455947458400033 ) ) ;
#10878 = DIRECTION ( 'NONE',  ( -1.000000000000000000, 0.0000000000000000000, -0.0000000000000000000 ) ) ;
#10879 = VERTEX_POINT ( 'NONE', #238 ) ;
#10880 = CARTESIAN_POINT ( 'NONE',  ( -6.200000000000001066, -5.899999999999999467, 1.611356388420382911E-43 ) ) ;
#10881 = FACE_OUTER_BOUND ( 'NONE', #1436, .T. ) ;
#10882 = CARTESIAN_POINT ( 'NONE',  ( 4.453928499320491063, -5.795199161759918560, 1.972862536810728651 ) ) ;
#10883 = CARTESIAN_POINT ( 'NONE',  ( 4.999999999999999112, -3.072439817376820148, 10.29185809281899999 ) ) ;
#10884 = DIRECTION ( 'NONE',  ( 1.000000000000000000, 0.0000000000000000000, -0.0000000000000000000 ) ) ;
#10885 = SURFACE_SIDE_STYLE ('',( #6575 ) ) ;
#10886 = AXIS2_PLACEMENT_3D ( 'NONE', #3766, #10518, #5545 ) ;
#10887 = PLANE ( 'NONE',  #1023 ) ;
#10888 = CARTESIAN_POINT ( 'NONE',  ( 0.5745390977393469711, 0.4818415706314769786, 11.88455947458399997 ) ) ;
#10889 = ADVANCED_FACE ( 'NONE', ( #78, #6873 ), #6038, .T. ) ;
#10890 = PRESENTATION_LAYER_ASSIGNMENT (  '', '', ( #9839 ) ) ;
#10891 = DIRECTION ( 'NONE',  ( -0.0000000000000000000, 1.000000000000000000, 0.0000000000000000000 ) ) ;
#10892 = CARTESIAN_POINT ( 'NONE',  ( -4.453928499320490175, 5.095199161759920159, 1.972862536810731759 ) ) ;
#10893 = ADVANCED_FACE ( 'NONE', ( #302 ), #10576, .T. ) ;
#10894 = DIRECTION ( 'NONE',  ( 0.0000000000000000000, -1.000000000000000000, -0.0000000000000000000 ) ) ;
#10895 = ORIENTED_EDGE ( 'NONE', *, *, #9481, .F. ) ;
#10896 = PLANE ( 'NONE',  #10341 ) ;
#10897 = MECHANICAL_DESIGN_GEOMETRIC_PRESENTATION_REPRESENTATION (  '', ( #9347 ), #2817 ) ;
ENDSEC;
END-ISO-10303-21;
