ISO-10303-21;
HEADER;
FILE_DESCRIPTION (( 'STEP AP214' ),
    '1' );
FILE_NAME ('53C56E37-E869-418B-B532-3C05997F6C02.STEP',
    '2024-05-02T12:36:20',
    ( '' ),
    ( '' ),
    'SwSTEP 2.0',
    'SolidWorks 2022',
    '' );
FILE_SCHEMA (( 'AUTOMOTIVE_DESIGN' ));
ENDSEC;

DATA;
#1 = CARTESIAN_POINT ( 'NONE',  ( -8.999999999999998224, 0.9921485132883302027, 9.050000000000000711 ) ) ;
#2 = ORIENTED_EDGE ( 'NONE', *, *, #7686, .F. ) ;
#3 = CARTESIAN_POINT ( 'NONE',  ( -8.999999999999998224, 6.500000000000000888, 9.050000000000000711 ) ) ;
#4 = DIRECTION ( 'NONE',  ( 1.000000000000000000, 0.0000000000000000000, -0.0000000000000000000 ) ) ;
#5 =( NAMED_UNIT ( * ) SI_UNIT ( $, .STERADIAN. ) SOLID_ANGLE_UNIT ( ) );
#6 =( GEOMETRIC_REPRESENTATION_CONTEXT ( 3 ) GLOBAL_UNCERTAINTY_ASSIGNED_CONTEXT ( ( #1940 ) ) GLOBAL_UNIT_ASSIGNED_CONTEXT ( ( #5536, #6870, #642 ) ) REPRESENTATION_CONTEXT ( 'NONE', 'WORKASPACE' ) );
#7 = EDGE_LOOP ( 'NONE', ( #7678, #1476, #2238, #4631 ) ) ;
#8 = VERTEX_POINT ( 'NONE', #252 ) ;
#9 = FILL_AREA_STYLE_COLOUR ( '', #5911 ) ;
#10 = SURFACE_STYLE_USAGE ( .BOTH. , #5608 ) ;
#11 = CIRCLE ( 'NONE', #4842, 0.3499999999999996447 ) ;
#12 = FILL_AREA_STYLE_COLOUR ( '', #7788 ) ;
#13 = ORIENTED_EDGE ( 'NONE', *, *, #2782, .T. ) ;
#14 = DIRECTION ( 'NONE',  ( 1.000000000000000000, 0.0000000000000000000, 0.0000000000000000000 ) ) ;
#15 = EDGE_LOOP ( 'NONE', ( #3493, #6975, #21, #2712 ) ) ;
#16 = MECHANICAL_DESIGN_GEOMETRIC_PRESENTATION_REPRESENTATION (  '', ( #4847 ), #2108 ) ;
#17 = DIRECTION ( 'NONE',  ( -0.0000000000000000000, -0.0000000000000000000, 1.000000000000000000 ) ) ;
#18 = PRESENTATION_LAYER_ASSIGNMENT (  '', '', ( #1851 ) ) ;
#19 = VECTOR ( 'NONE', #2751, 1000.000000000000000 ) ;
#20 = CARTESIAN_POINT ( 'NONE',  ( 5.000000000000000000, -4.000000000000000000, 11.59999999999999964 ) ) ;
#21 = ORIENTED_EDGE ( 'NONE', *, *, #7731, .F. ) ;
#22 = FILL_AREA_STYLE ('',( #7002 ) ) ;
#23 = SURFACE_STYLE_USAGE ( .BOTH. , #5622 ) ;
#24 = EDGE_CURVE ( 'NONE', #4855, #6481, #6522, .T. ) ;
#25 = LINE ( 'NONE', #5100, #676 ) ;
#26 = STYLED_ITEM ( 'NONE', ( #4690 ), #2974 ) ;
#27 = AXIS2_PLACEMENT_3D ( 'NONE', #4954, #3772, #6263 ) ;
#28 = AXIS2_PLACEMENT_3D ( 'NONE', #741, #3241, #4638 ) ;
#29 = SURFACE_STYLE_FILL_AREA ( #1956 ) ;
#30 = VERTEX_POINT ( 'NONE', #2092 ) ;
#31 = DIRECTION ( 'NONE',  ( -0.0000000000000000000, -0.0000000000000000000, -1.000000000000000000 ) ) ;
#32 = COLOUR_RGB ( '',0.1019607843137254888, 0.1019607843137254888, 0.1019607843137254888 ) ;
#33 = EDGE_CURVE ( 'NONE', #7011, #5980, #6876, .T. ) ;
#34 = ORIENTED_EDGE ( 'NONE', *, *, #196, .F. ) ;
#35 = PRESENTATION_STYLE_ASSIGNMENT (( #1256 ) ) ;
#36 = STYLED_ITEM ( 'NONE', ( #799 ), #7893 ) ;
#37 = SURFACE_STYLE_FILL_AREA ( #1175 ) ;
#38 = VECTOR ( 'NONE', #7518, 1000.000000000000000 ) ;
#39 = EDGE_CURVE ( 'NONE', #1462, #5960, #7757, .T. ) ;
#40 = VERTEX_POINT ( 'NONE', #5170 ) ;
#41 = CIRCLE ( 'NONE', #696, 0.3499999999999996447 ) ;
#42 = VECTOR ( 'NONE', #6642, 1000.000000000000000 ) ;
#43 = EDGE_CURVE ( 'NONE', #6126, #7874, #2058, .T. ) ;
#44 = DIRECTION ( 'NONE',  ( -1.000000000000000000, 0.0000000000000000000, 0.0000000000000000000 ) ) ;
#45 = COLOUR_RGB ( '',0.6666666666666666297, 0.6980392156862744724, 0.7686274509803920907 ) ;
#46 = DIRECTION ( 'NONE',  ( 1.000000000000000000, 0.0000000000000000000, 0.0000000000000000000 ) ) ;
#47 = DIRECTION ( 'NONE',  ( -0.9274414720324123396, -0.3739683354969404738, 0.0000000000000000000 ) ) ;
#48 = SURFACE_SIDE_STYLE ('',( #6314 ) ) ;
#49 = ORIENTED_EDGE ( 'NONE', *, *, #2924, .F. ) ;
#50 = ORIENTED_EDGE ( 'NONE', *, *, #7994, .F. ) ;
#51 =( LENGTH_UNIT ( ) NAMED_UNIT ( * ) SI_UNIT ( .MILLI., .METRE. ) );
#52 = CARTESIAN_POINT ( 'NONE',  ( -1.000000000000000888, 0.9921485132883310909, -9.050000000000000711 ) ) ;
#53 =( GEOMETRIC_REPRESENTATION_CONTEXT ( 3 ) GLOBAL_UNCERTAINTY_ASSIGNED_CONTEXT ( ( #5050 ) ) GLOBAL_UNIT_ASSIGNED_CONTEXT ( ( #2273, #4219, #3595 ) ) REPRESENTATION_CONTEXT ( 'NONE', 'WORKASPACE' ) );
#54 = FILL_AREA_STYLE ('',( #5653 ) ) ;
#55 =( NAMED_UNIT ( * ) PLANE_ANGLE_UNIT ( ) SI_UNIT ( $, .RADIAN. ) );
#56 = UNCERTAINTY_MEASURE_WITH_UNIT (LENGTH_MEASURE( 1.000000000000000082E-05 ), #2232, 'distance_accuracy_value', 'NONE');
#57 = CARTESIAN_POINT ( 'NONE',  ( 12.09999999999999964, 6.000000000000000000, 12.09999999999999964 ) ) ;
#58 = VERTEX_POINT ( 'NONE', #5401 ) ;
#59 =( LENGTH_UNIT ( ) NAMED_UNIT ( * ) SI_UNIT ( .MILLI., .METRE. ) );
#60 = FILL_AREA_STYLE ('',( #3174 ) ) ;
#61 = DIRECTION ( 'NONE',  ( -0.0000000000000000000, -1.000000000000000000, -0.0000000000000000000 ) ) ;
#62 = SURFACE_SIDE_STYLE ('',( #4372 ) ) ;
#63 = SURFACE_SIDE_STYLE ('',( #682 ) ) ;
#64 = LINE ( 'NONE', #3220, #7792 ) ;
#65 = ORIENTED_EDGE ( 'NONE', *, *, #2684, .F. ) ;
#66 = DIRECTION ( 'NONE',  ( 1.000000000000000000, 0.0000000000000000000, 0.0000000000000000000 ) ) ;
#67 = LINE ( 'NONE', #8148, #3906 ) ;
#68 = EDGE_LOOP ( 'NONE', ( #4383, #576, #6146, #215, #4265, #5982, #2965, #4420, #6967, #7298, #1834, #5698 ) ) ;
#69 =( GEOMETRIC_REPRESENTATION_CONTEXT ( 3 ) GLOBAL_UNCERTAINTY_ASSIGNED_CONTEXT ( ( #2026 ) ) GLOBAL_UNIT_ASSIGNED_CONTEXT ( ( #7114, #176, #7830 ) ) REPRESENTATION_CONTEXT ( 'NONE', 'WORKASPACE' ) );
#70 =( LENGTH_UNIT ( ) NAMED_UNIT ( * ) SI_UNIT ( .MILLI., .METRE. ) );
#71 = SURFACE_STYLE_USAGE ( .BOTH. , #2609 ) ;
#72 = SURFACE_SIDE_STYLE ('',( #5404 ) ) ;
#73 = VERTEX_POINT ( 'NONE', #2895 ) ;
#74 =( NAMED_UNIT ( * ) SI_UNIT ( $, .STERADIAN. ) SOLID_ANGLE_UNIT ( ) );
#75 =( GEOMETRIC_REPRESENTATION_CONTEXT ( 3 ) GLOBAL_UNCERTAINTY_ASSIGNED_CONTEXT ( ( #2033 ) ) GLOBAL_UNIT_ASSIGNED_CONTEXT ( ( #777, #5277, #7147 ) ) REPRESENTATION_CONTEXT ( 'NONE', 'WORKASPACE' ) );
#76 =( LENGTH_UNIT ( ) NAMED_UNIT ( * ) SI_UNIT ( .MILLI., .METRE. ) );
#77 = EDGE_CURVE ( 'NONE', #2420, #2745, #3601, .T. ) ;
#78 = DIRECTION ( 'NONE',  ( -0.0000000000000000000, -0.0000000000000000000, 1.000000000000000000 ) ) ;
#79 = FILL_AREA_STYLE_COLOUR ( '', #7462 ) ;
#80 = MECHANICAL_DESIGN_GEOMETRIC_PRESENTATION_REPRESENTATION (  '', ( #1913 ), #3221 ) ;
#81 =( LENGTH_UNIT ( ) NAMED_UNIT ( * ) SI_UNIT ( .MILLI., .METRE. ) );
#82 = MECHANICAL_DESIGN_GEOMETRIC_PRESENTATION_REPRESENTATION (  '', ( #6223 ), #2166 ) ;
#83 = ORIENTED_EDGE ( 'NONE', *, *, #841, .T. ) ;
#84 =( LENGTH_UNIT ( ) NAMED_UNIT ( * ) SI_UNIT ( .MILLI., .METRE. ) );
#85 = PRESENTATION_STYLE_ASSIGNMENT (( #7545 ) ) ;
#86 = ADVANCED_FACE ( 'NONE', ( #3639 ), #1754, .T. ) ;
#87 = ORIENTED_EDGE ( 'NONE', *, *, #1350, .F. ) ;
#88 =( GEOMETRIC_REPRESENTATION_CONTEXT ( 3 ) GLOBAL_UNCERTAINTY_ASSIGNED_CONTEXT ( ( #5516 ) ) GLOBAL_UNIT_ASSIGNED_CONTEXT ( ( #3865, #755, #3255 ) ) REPRESENTATION_CONTEXT ( 'NONE', 'WORKASPACE' ) );
#89 = EDGE_LOOP ( 'NONE', ( #903, #1931, #4763, #543, #2148, #6208, #5943, #5347, #5450, #2954, #3775, #3057, #5990, #3047, #4888, #1161 ) ) ;
#90 =( GEOMETRIC_REPRESENTATION_CONTEXT ( 3 ) GLOBAL_UNCERTAINTY_ASSIGNED_CONTEXT ( ( #1368 ) ) GLOBAL_UNIT_ASSIGNED_CONTEXT ( ( #1358, #3857, #4350 ) ) REPRESENTATION_CONTEXT ( 'NONE', 'WORKASPACE' ) );
#91 = VECTOR ( 'NONE', #4464, 1000.000000000000000 ) ;
#92 =( LENGTH_UNIT ( ) NAMED_UNIT ( * ) SI_UNIT ( .MILLI., .METRE. ) );
#93 = MECHANICAL_DESIGN_GEOMETRIC_PRESENTATION_REPRESENTATION (  '', ( #4147 ), #4688 ) ;
#94 = CARTESIAN_POINT ( 'NONE',  ( 10.00000000000000000, -4.000000000000000000, -11.59999999999999964 ) ) ;
#95 = MECHANICAL_DESIGN_GEOMETRIC_PRESENTATION_REPRESENTATION (  '', ( #1136 ), #7181 ) ;
#96 = DIRECTION ( 'NONE',  ( 0.0000000000000000000, -1.000000000000000000, 0.0000000000000000000 ) ) ;
#97 = ORIENTED_EDGE ( 'NONE', *, *, #3311, .F. ) ;
#98 = EDGE_CURVE ( 'NONE', #4796, #7898, #456, .T. ) ;
#99 = PRESENTATION_LAYER_ASSIGNMENT (  '', '', ( #1787 ) ) ;
#100 = FILL_AREA_STYLE_COLOUR ( '', #7350 ) ;
#101 = SURFACE_SIDE_STYLE ('',( #5702 ) ) ;
#102 = CARTESIAN_POINT ( 'NONE',  ( 12.59999999999999787, 6.000000000000000000, -11.60000000000000142 ) ) ;
#103 =( LENGTH_UNIT ( ) NAMED_UNIT ( * ) SI_UNIT ( .MILLI., .METRE. ) );
#104 = SURFACE_STYLE_FILL_AREA ( #5058 ) ;
#105 = DIRECTION ( 'NONE',  ( -1.000000000000000000, 0.0000000000000000000, 0.0000000000000000000 ) ) ;
#106 = SURFACE_STYLE_FILL_AREA ( #3268 ) ;
#107 = VECTOR ( 'NONE', #4755, 1000.000000000000000 ) ;
#108 = VERTEX_POINT ( 'NONE', #2357 ) ;
#109 = VERTEX_POINT ( 'NONE', #7324 ) ;
#110 = PRESENTATION_STYLE_ASSIGNMENT (( #7738 ) ) ;
#111 = CIRCLE ( 'NONE', #1924, 0.3499999999999996447 ) ;
#112 = SURFACE_STYLE_FILL_AREA ( #5329 ) ;
#113 = DIRECTION ( 'NONE',  ( 0.0000000000000000000, 0.0000000000000000000, -1.000000000000000000 ) ) ;
#114 = DIRECTION ( 'NONE',  ( 1.000000000000000000, 0.0000000000000000000, 0.0000000000000000000 ) ) ;
#115 = ORIENTED_EDGE ( 'NONE', *, *, #7330, .T. ) ;
#116 =( NAMED_UNIT ( * ) SI_UNIT ( $, .STERADIAN. ) SOLID_ANGLE_UNIT ( ) );
#117 =( NAMED_UNIT ( * ) SI_UNIT ( $, .STERADIAN. ) SOLID_ANGLE_UNIT ( ) );
#118 = VERTEX_POINT ( 'NONE', #4258 ) ;
#119 = AXIS2_PLACEMENT_3D ( 'NONE', #7255, #5921, #5300 ) ;
#120 = CARTESIAN_POINT ( 'NONE',  ( 4.199999999999989519, 11.94999999999999929, -8.200000000000001066 ) ) ;
#121 = PRESENTATION_LAYER_ASSIGNMENT (  '', '', ( #3646 ) ) ;
#122 =( NAMED_UNIT ( * ) PLANE_ANGLE_UNIT ( ) SI_UNIT ( $, .RADIAN. ) );
#123 = SURFACE_STYLE_FILL_AREA ( #4018 ) ;
#124 = ORIENTED_EDGE ( 'NONE', *, *, #5949, .T. ) ;
#125 = DIRECTION ( 'NONE',  ( -0.0000000000000000000, -0.0000000000000000000, -1.000000000000000000 ) ) ;
#126 = ADVANCED_FACE ( 'NONE', ( #495 ), #4176, .F. ) ;
#127 = FACE_OUTER_BOUND ( 'NONE', #5491, .T. ) ;
#128 = LINE ( 'NONE', #1847, #6611 ) ;
#129 = UNCERTAINTY_MEASURE_WITH_UNIT (LENGTH_MEASURE( 1.000000000000000082E-05 ), #5218, 'distance_accuracy_value', 'NONE');
#130 = DIRECTION ( 'NONE',  ( -0.0000000000000000000, -0.0000000000000000000, 1.000000000000000000 ) ) ;
#131 = MECHANICAL_DESIGN_GEOMETRIC_PRESENTATION_REPRESENTATION (  '', ( #7209 ), #1157 ) ;
#132 = ORIENTED_EDGE ( 'NONE', *, *, #7676, .T. ) ;
#133 = EDGE_LOOP ( 'NONE', ( #2683, #1242, #1506, #1244, #3228, #1698, #5545, #5885, #6578, #4467, #836, #4530, #966, #232, #4085, #3031, #6299, #4772, #2599, #6501, #5166, #478 ) ) ;
#134 = MECHANICAL_DESIGN_GEOMETRIC_PRESENTATION_REPRESENTATION (  '', ( #1168 ), #6939 ) ;
#135 = STYLED_ITEM ( 'NONE', ( #5965 ), #5935 ) ;
#136 = ADVANCED_FACE ( 'NONE', ( #2980 ), #3483, .F. ) ;
#137 =( NAMED_UNIT ( * ) PLANE_ANGLE_UNIT ( ) SI_UNIT ( $, .RADIAN. ) );
#138 = UNCERTAINTY_MEASURE_WITH_UNIT (LENGTH_MEASURE( 1.000000000000000082E-05 ), #6928, 'distance_accuracy_value', 'NONE');
#139 = ORIENTED_EDGE ( 'NONE', *, *, #3640, .F. ) ;
#140 =( GEOMETRIC_REPRESENTATION_CONTEXT ( 3 ) GLOBAL_UNCERTAINTY_ASSIGNED_CONTEXT ( ( #1461 ) ) GLOBAL_UNIT_ASSIGNED_CONTEXT ( ( #2223, #2304, #971 ) ) REPRESENTATION_CONTEXT ( 'NONE', 'WORKASPACE' ) );
#141 = AXIS2_PLACEMENT_3D ( 'NONE', #7778, #7170, #3461 ) ;
#142 = SURFACE_SIDE_STYLE ('',( #6951 ) ) ;
#143 = FILL_AREA_STYLE ('',( #5214 ) ) ;
#144 =( GEOMETRIC_REPRESENTATION_CONTEXT ( 3 ) GLOBAL_UNCERTAINTY_ASSIGNED_CONTEXT ( ( #7466 ) ) GLOBAL_UNIT_ASSIGNED_CONTEXT ( ( #6187, #3613, #2373 ) ) REPRESENTATION_CONTEXT ( 'NONE', 'WORKASPACE' ) );
#145 = FILL_AREA_STYLE ('',( #5261 ) ) ;
#146 = ADVANCED_FACE ( 'NONE', ( #2443 ), #6174, .F. ) ;
#147 =( LENGTH_UNIT ( ) NAMED_UNIT ( * ) SI_UNIT ( .MILLI., .METRE. ) );
#148 = EDGE_CURVE ( 'NONE', #5071, #288, #6847, .T. ) ;
#149 = LINE ( 'NONE', #4657, #6277 ) ;
#150 = DIRECTION ( 'NONE',  ( -3.854941057726238097E-16, 1.000000000000000000, 0.0000000000000000000 ) ) ;
#151 = SURFACE_STYLE_FILL_AREA ( #2553 ) ;
#152 = UNCERTAINTY_MEASURE_WITH_UNIT (LENGTH_MEASURE( 1.000000000000000082E-05 ), #1933, 'distance_accuracy_value', 'NONE');
#153 = ORIENTED_EDGE ( 'NONE', *, *, #1283, .T. ) ;
#154 = SURFACE_SIDE_STYLE ('',( #3271 ) ) ;
#155 = EDGE_LOOP ( 'NONE', ( #2056, #1682, #5068, #5999 ) ) ;
#156 = COLOUR_RGB ( '',0.1019607843137254888, 0.1019607843137254888, 0.1019607843137254888 ) ;
#157 = PLANE ( 'NONE',  #3141 ) ;
#158 = PRESENTATION_STYLE_ASSIGNMENT (( #1570 ) ) ;
#159 = DIRECTION ( 'NONE',  ( 0.0000000000000000000, 0.0000000000000000000, -1.000000000000000000 ) ) ;
#160 = CARTESIAN_POINT ( 'NONE',  ( 10.00000000000000000, -4.000000000000000000, 11.25000000000000000 ) ) ;
#161 = ORIENTED_EDGE ( 'NONE', *, *, #794, .T. ) ;
#162 = SURFACE_SIDE_STYLE ('',( #970 ) ) ;
#163 = MECHANICAL_DESIGN_GEOMETRIC_PRESENTATION_REPRESENTATION (  '', ( #7115 ), #7913 ) ;
#164 = ORIENTED_EDGE ( 'NONE', *, *, #1948, .T. ) ;
#165 = STYLED_ITEM ( 'NONE', ( #7379 ), #6511 ) ;
#166 = FACE_OUTER_BOUND ( 'NONE', #4354, .T. ) ;
#167 = SURFACE_STYLE_USAGE ( .BOTH. , #5160 ) ;
#168 = VECTOR ( 'NONE', #5744, 1000.000000000000000 ) ;
#169 = AXIS2_PLACEMENT_3D ( 'NONE', #575, #287, #1967 ) ;
#170 = FILL_AREA_STYLE_COLOUR ( '', #2181 ) ;
#171 = SURFACE_STYLE_FILL_AREA ( #6392 ) ;
#172 = SURFACE_STYLE_FILL_AREA ( #6582 ) ;
#173 = ORIENTED_EDGE ( 'NONE', *, *, #2924, .T. ) ;
#174 = CIRCLE ( 'NONE', #953, 0.5000000000000004441 ) ;
#175 = CARTESIAN_POINT ( 'NONE',  ( -5.000000000000000000, -4.000000000000000000, 11.25000000000000000 ) ) ;
#176 =( NAMED_UNIT ( * ) PLANE_ANGLE_UNIT ( ) SI_UNIT ( $, .RADIAN. ) );
#177 = ORIENTED_EDGE ( 'NONE', *, *, #5985, .T. ) ;
#178 = VECTOR ( 'NONE', #1883, 1000.000000000000000 ) ;
#179 = DIRECTION ( 'NONE',  ( 0.0000000000000000000, -1.000000000000000000, 0.0000000000000000000 ) ) ;
#180 = SURFACE_STYLE_FILL_AREA ( #1493 ) ;
#181 = AXIS2_PLACEMENT_3D ( 'NONE', #5406, #7917, #2248 ) ;
#182 =( NAMED_UNIT ( * ) PLANE_ANGLE_UNIT ( ) SI_UNIT ( $, .RADIAN. ) );
#183 = PLANE ( 'NONE',  #7989 ) ;
#184 = DIRECTION ( 'NONE',  ( -0.0000000000000000000, 0.7071067811865425767, 0.7071067811865525687 ) ) ;
#185 = ORIENTED_EDGE ( 'NONE', *, *, #6193, .F. ) ;
#186 = COLOUR_RGB ( '',0.1019607843137254888, 0.1019607843137254888, 0.1019607843137254888 ) ;
#187 = PRESENTATION_STYLE_ASSIGNMENT (( #5795 ) ) ;
#188 = SURFACE_STYLE_USAGE ( .BOTH. , #3132 ) ;
#189 = EDGE_CURVE ( 'NONE', #2264, #896, #3236, .T. ) ;
#190 = CARTESIAN_POINT ( 'NONE',  ( -9.000000000000001776, 15.00000000000000000, -9.050000000000000711 ) ) ;
#191 = CIRCLE ( 'NONE', #3339, 0.5000000000000004441 ) ;
#192 = CARTESIAN_POINT ( 'NONE',  ( -12.09999999999999964, 2.200000000000000178, 9.550000000000000711 ) ) ;
#193 = PLANE ( 'NONE',  #7372 ) ;
#194 =( NAMED_UNIT ( * ) PLANE_ANGLE_UNIT ( ) SI_UNIT ( $, .RADIAN. ) );
#195 = ORIENTED_EDGE ( 'NONE', *, *, #7362, .T. ) ;
#196 = EDGE_CURVE ( 'NONE', #2028, #4511, #2572, .T. ) ;
#197 = FILL_AREA_STYLE_COLOUR ( '', #7756 ) ;
#198 = EDGE_CURVE ( 'NONE', #6472, #3999, #1352, .T. ) ;
#199 = ORIENTED_EDGE ( 'NONE', *, *, #2140, .T. ) ;
#200 = DIRECTION ( 'NONE',  ( -0.3739683354969405293, -0.9274414720324122285, 0.0000000000000000000 ) ) ;
#201 = SURFACE_SIDE_STYLE ('',( #3325 ) ) ;
#202 = ORIENTED_EDGE ( 'NONE', *, *, #6136, .T. ) ;
#203 = FILL_AREA_STYLE_COLOUR ( '', #5753 ) ;
#204 = EDGE_CURVE ( 'NONE', #3856, #7384, #3850, .T. ) ;
#205 = LINE ( 'NONE', #7825, #4006 ) ;
#206 = SURFACE_STYLE_USAGE ( .BOTH. , #7185 ) ;
#207 = CARTESIAN_POINT ( 'NONE',  ( -8.999999999999998224, 2.199999999999998845, -8.250000000000000000 ) ) ;
#208 = DIRECTION ( 'NONE',  ( 0.0000000000000000000, -0.7071067811865425767, 0.7071067811865525687 ) ) ;
#209 = MECHANICAL_DESIGN_GEOMETRIC_PRESENTATION_REPRESENTATION (  '', ( #7438 ), #5829 ) ;
#210 = EDGE_LOOP ( 'NONE', ( #5533, #1011, #5427, #3597, #5082, #3184 ) ) ;
#211 = VECTOR ( 'NONE', #5675, 1000.000000000000000 ) ;
#212 = PRESENTATION_STYLE_ASSIGNMENT (( #7072 ) ) ;
#213 = LINE ( 'NONE', #3940, #3080 ) ;
#214 = PRODUCT_DEFINITION_CONTEXT ( 'detailed design', #1982, 'design' ) ;
#215 = ORIENTED_EDGE ( 'NONE', *, *, #6864, .F. ) ;
#216 =( GEOMETRIC_REPRESENTATION_CONTEXT ( 3 ) GLOBAL_UNCERTAINTY_ASSIGNED_CONTEXT ( ( #2106 ) ) GLOBAL_UNIT_ASSIGNED_CONTEXT ( ( #6251, #1170, #4378 ) ) REPRESENTATION_CONTEXT ( 'NONE', 'WORKASPACE' ) );
#217 = ORIENTED_EDGE ( 'NONE', *, *, #5288, .T. ) ;
#218 = CARTESIAN_POINT ( 'NONE',  ( -6.349999999999997868, 5.750000000000000000, 8.199999999999997513 ) ) ;
#219 =( LENGTH_UNIT ( ) NAMED_UNIT ( * ) SI_UNIT ( .MILLI., .METRE. ) );
#220 = SURFACE_SIDE_STYLE ('',( #7623 ) ) ;
#221 = DIRECTION ( 'NONE',  ( 1.000000000000000000, -0.0000000000000000000, 0.0000000000000000000 ) ) ;
#222 = UNCERTAINTY_MEASURE_WITH_UNIT (LENGTH_MEASURE( 1.000000000000000082E-05 ), #59, 'distance_accuracy_value', 'NONE');
#223 = ORIENTED_EDGE ( 'NONE', *, *, #6966, .F. ) ;
#224 = VECTOR ( 'NONE', #5346, 1000.000000000000000 ) ;
#225 = FACE_OUTER_BOUND ( 'NONE', #673, .T. ) ;
#226 = CARTESIAN_POINT ( 'NONE',  ( -4.199999999999989519, 6.650000000000000355, -9.550000000000000711 ) ) ;
#227 = SURFACE_SIDE_STYLE ('',( #1536 ) ) ;
#228 = CARTESIAN_POINT ( 'NONE',  ( -9.000000000000001776, 2.200000000000000622, -9.050000000000000711 ) ) ;
#229 =( NAMED_UNIT ( * ) PLANE_ANGLE_UNIT ( ) SI_UNIT ( $, .RADIAN. ) );
#230 = CARTESIAN_POINT ( 'NONE',  ( 12.09999999999999609, 2.200000000000000178, 9.050000000000000711 ) ) ;
#231 = UNCERTAINTY_MEASURE_WITH_UNIT (LENGTH_MEASURE( 1.000000000000000082E-05 ), #5189, 'distance_accuracy_value', 'NONE');
#232 = ORIENTED_EDGE ( 'NONE', *, *, #496, .F. ) ;
#233 = AXIS2_PLACEMENT_3D ( 'NONE', #4930, #8054, #4892 ) ;
#234 = EDGE_CURVE ( 'NONE', #692, #5605, #737, .T. ) ;
#235 = CIRCLE ( 'NONE', #2300, 0.5000000000000004441 ) ;
#236 = DIRECTION ( 'NONE',  ( 0.0000000000000000000, 0.0000000000000000000, -1.000000000000000000 ) ) ;
#237 = ORIENTED_EDGE ( 'NONE', *, *, #4800, .F. ) ;
#238 = FILL_AREA_STYLE ('',( #7093 ) ) ;
#239 = CARTESIAN_POINT ( 'NONE',  ( 10.00000000000000000, -4.000000000000000000, 11.25000000000000000 ) ) ;
#240 = ORIENTED_EDGE ( 'NONE', *, *, #7484, .T. ) ;
#241 = ADVANCED_FACE ( 'NONE', ( #7450 ), #1180, .T. ) ;
#242 = ORIENTED_EDGE ( 'NONE', *, *, #381, .T. ) ;
#243 =( LENGTH_UNIT ( ) NAMED_UNIT ( * ) SI_UNIT ( .MILLI., .METRE. ) );
#244 = CIRCLE ( 'NONE', #7178, 0.1999999999999996503 ) ;
#245 = FILL_AREA_STYLE_COLOUR ( '', #475 ) ;
#246 =( NAMED_UNIT ( * ) SI_UNIT ( $, .STERADIAN. ) SOLID_ANGLE_UNIT ( ) );
#247 = SURFACE_STYLE_USAGE ( .BOTH. , #2814 ) ;
#248 = CARTESIAN_POINT ( 'NONE',  ( 9.000000000000001776, 15.00000000000000000, 9.050000000000000711 ) ) ;
#249 = EDGE_CURVE ( 'NONE', #6335, #996, #7104, .T. ) ;
#250 = STYLED_ITEM ( 'NONE', ( #3036 ), #1624 ) ;
#251 = ORIENTED_EDGE ( 'NONE', *, *, #3291, .F. ) ;
#252 = CARTESIAN_POINT ( 'NONE',  ( 3.999999999999999112, 0.9921485132883310909, -8.249999999999991118 ) ) ;
#253 = DIRECTION ( 'NONE',  ( 1.329290019905599182E-16, 0.0000000000000000000, 1.000000000000000000 ) ) ;
#254 = CARTESIAN_POINT ( 'NONE',  ( 4.000000000000000000, 15.00000000000000000, -8.250000000000000000 ) ) ;
#255 = PRESENTATION_LAYER_ASSIGNMENT (  '', '', ( #5740 ) ) ;
#256 = PRESENTATION_STYLE_ASSIGNMENT (( #5826 ) ) ;
#257 = CARTESIAN_POINT ( 'NONE',  ( -5.700000000000000178, 8.150000000000011013, -9.550000000000000711 ) ) ;
#258 = LINE ( 'NONE', #6557, #6704 ) ;
#259 = SURFACE_STYLE_USAGE ( .BOTH. , #760 ) ;
#260 = CARTESIAN_POINT ( 'NONE',  ( 12.75000000000000711, 7.200000000000006395, 12.95000000000000107 ) ) ;
#261 = DIRECTION ( 'NONE',  ( 1.000000000000000000, 0.0000000000000000000, 0.0000000000000000000 ) ) ;
#262 = VECTOR ( 'NONE', #2643, 1000.000000000000000 ) ;
#263 = LINE ( 'NONE', #228, #5645 ) ;
#264 =( NAMED_UNIT ( * ) SI_UNIT ( $, .STERADIAN. ) SOLID_ANGLE_UNIT ( ) );
#265 = ORIENTED_EDGE ( 'NONE', *, *, #542, .T. ) ;
#266 = DIRECTION ( 'NONE',  ( 0.0000000000000000000, -0.0000000000000000000, 1.000000000000000000 ) ) ;
#267 = ORIENTED_EDGE ( 'NONE', *, *, #6801, .F. ) ;
#268 = COLOUR_RGB ( '',0.1019607843137254888, 0.1019607843137254888, 0.1019607843137254888 ) ;
#269 = PLANE ( 'NONE',  #7635 ) ;
#270 = CARTESIAN_POINT ( 'NONE',  ( 3.999999999999999112, 2.200000000000000178, 12.60000000000000142 ) ) ;
#271 = CARTESIAN_POINT ( 'NONE',  ( -12.60000000000000142, 6.000000000000000000, -12.09999999999999609 ) ) ;
#272 = EDGE_CURVE ( 'NONE', #3849, #7481, #205, .T. ) ;
#273 = ORIENTED_EDGE ( 'NONE', *, *, #6483, .T. ) ;
#274 =( LENGTH_UNIT ( ) NAMED_UNIT ( * ) SI_UNIT ( .MILLI., .METRE. ) );
#275 =( NAMED_UNIT ( * ) SI_UNIT ( $, .STERADIAN. ) SOLID_ANGLE_UNIT ( ) );
#276 = ORIENTED_EDGE ( 'NONE', *, *, #5584, .T. ) ;
#277 =( NAMED_UNIT ( * ) PLANE_ANGLE_UNIT ( ) SI_UNIT ( $, .RADIAN. ) );
#278 = STYLED_ITEM ( 'NONE', ( #3313 ), #7132 ) ;
#279 =( GEOMETRIC_REPRESENTATION_CONTEXT ( 3 ) GLOBAL_UNCERTAINTY_ASSIGNED_CONTEXT ( ( #4229 ) ) GLOBAL_UNIT_ASSIGNED_CONTEXT ( ( #604, #448, #4213 ) ) REPRESENTATION_CONTEXT ( 'NONE', 'WORKASPACE' ) );
#280 =( NAMED_UNIT ( * ) PLANE_ANGLE_UNIT ( ) SI_UNIT ( $, .RADIAN. ) );
#281 = FILL_AREA_STYLE ('',( #245 ) ) ;
#282 = CARTESIAN_POINT ( 'NONE',  ( 5.700000000000000178, 10.34999999999998899, 9.550000000000000711 ) ) ;
#283 = DIRECTION ( 'NONE',  ( 0.0000000000000000000, -0.0000000000000000000, -1.000000000000000000 ) ) ;
#284 =( GEOMETRIC_REPRESENTATION_CONTEXT ( 3 ) GLOBAL_UNCERTAINTY_ASSIGNED_CONTEXT ( ( #129 ) ) GLOBAL_UNIT_ASSIGNED_CONTEXT ( ( #5218, #853, #5834 ) ) REPRESENTATION_CONTEXT ( 'NONE', 'WORKASPACE' ) );
#285 = SURFACE_STYLE_FILL_AREA ( #5279 ) ;
#286 = AXIS2_PLACEMENT_3D ( 'NONE', #2908, #2995, #382 ) ;
#287 = DIRECTION ( 'NONE',  ( 0.0000000000000000000, -1.000000000000000000, 0.0000000000000000000 ) ) ;
#288 = VERTEX_POINT ( 'NONE', #909 ) ;
#289 = APPLICATION_PROTOCOL_DEFINITION ( 'draft international standard', 'automotive_design', 1998, #1982 ) ;
#290 = ORIENTED_EDGE ( 'NONE', *, *, #4139, .T. ) ;
#291 = ADVANCED_FACE ( 'NONE', ( #2155 ), #2081, .F. ) ;
#292 = ADVANCED_FACE ( 'NONE', ( #5852 ), #5726, .F. ) ;
#293 = ORIENTED_EDGE ( 'NONE', *, *, #4784, .T. ) ;
#294 = CARTESIAN_POINT ( 'NONE',  ( -4.000000000000000888, 2.200000000000000622, 12.60000000000000142 ) ) ;
#295 = PRESENTATION_LAYER_ASSIGNMENT (  '', '', ( #3700 ) ) ;
#296 = STYLED_ITEM ( 'NONE', ( #1598 ), #7008 ) ;
#297 = DIRECTION ( 'NONE',  ( -0.0000000000000000000, -1.000000000000000000, -0.0000000000000000000 ) ) ;
#298 = DIRECTION ( 'NONE',  ( 0.0000000000000000000, 0.0000000000000000000, 1.000000000000000000 ) ) ;
#299 = DIRECTION ( 'NONE',  ( 0.0000000000000000000, -1.000000000000000000, 0.0000000000000000000 ) ) ;
#300 = PRESENTATION_LAYER_ASSIGNMENT (  '', '', ( #2778 ) ) ;
#301 =( GEOMETRIC_REPRESENTATION_CONTEXT ( 3 ) GLOBAL_UNCERTAINTY_ASSIGNED_CONTEXT ( ( #623 ) ) GLOBAL_UNIT_ASSIGNED_CONTEXT ( ( #1971, #7615, #5 ) ) REPRESENTATION_CONTEXT ( 'NONE', 'WORKASPACE' ) );
#302 = CARTESIAN_POINT ( 'NONE',  ( 3.750000000000000000, 15.75000000000000355, 12.95000000000000107 ) ) ;
#303 = CYLINDRICAL_SURFACE ( 'NONE', #1615, 1.000000000000000888 ) ;
#304 = DIRECTION ( 'NONE',  ( -1.000000000000000000, 0.0000000000000000000, -0.0000000000000000000 ) ) ;
#305 = CARTESIAN_POINT ( 'NONE',  ( -9.500000000000000000, 15.75000000000000000, -9.550000000000000711 ) ) ;
#306 = PRESENTATION_LAYER_ASSIGNMENT (  '', '', ( #3706 ) ) ;
#307 = FACE_OUTER_BOUND ( 'NONE', #1600, .T. ) ;
#308 = MANIFOLD_SOLID_BREP ( '??-??4[2]', #1637 ) ;
#309 = CARTESIAN_POINT ( 'NONE',  ( -6.349999999999977440, 15.75000000000000355, -8.200000000000001066 ) ) ;
#310 = CARTESIAN_POINT ( 'NONE',  ( 5.000000000000000000, -4.000000000000000000, -11.25000000000000000 ) ) ;
#311 = UNCERTAINTY_MEASURE_WITH_UNIT (LENGTH_MEASURE( 1.000000000000000082E-05 ), #103, 'distance_accuracy_value', 'NONE');
#312 = ORIENTED_EDGE ( 'NONE', *, *, #6017, .T. ) ;
#313 = CARTESIAN_POINT ( 'NONE',  ( 6.350000000000001421, 12.54999999999999893, -8.250000000000000000 ) ) ;
#314 = ORIENTED_EDGE ( 'NONE', *, *, #2310, .F. ) ;
#315 = MECHANICAL_DESIGN_GEOMETRIC_PRESENTATION_REPRESENTATION (  '', ( #2789 ), #3050 ) ;
#316 = PLANE ( 'NONE',  #1445 ) ;
#317 = FACE_OUTER_BOUND ( 'NONE', #4985, .T. ) ;
#318 = ORIENTED_EDGE ( 'NONE', *, *, #1781, .F. ) ;
#319 = SURFACE_SIDE_STYLE ('',( #3928 ) ) ;
#320 = FILL_AREA_STYLE_COLOUR ( '', #6803 ) ;
#321 = DIRECTION ( 'NONE',  ( 1.000000000000000000, 0.0000000000000000000, 0.0000000000000000000 ) ) ;
#322 = ORIENTED_EDGE ( 'NONE', *, *, #5995, .F. ) ;
#323 = PRESENTATION_LAYER_ASSIGNMENT (  '', '', ( #2671 ) ) ;
#324 = SURFACE_STYLE_FILL_AREA ( #3280 ) ;
#325 = EDGE_CURVE ( 'NONE', #972, #1585, #3551, .T. ) ;
#326 =( NAMED_UNIT ( * ) SI_UNIT ( $, .STERADIAN. ) SOLID_ANGLE_UNIT ( ) );
#327 =( NAMED_UNIT ( * ) SI_UNIT ( $, .STERADIAN. ) SOLID_ANGLE_UNIT ( ) );
#328 = DIRECTION ( 'NONE',  ( -0.0000000000000000000, 1.000000000000000000, -0.0000000000000000000 ) ) ;
#329 = CARTESIAN_POINT ( 'NONE',  ( 4.200000000000000178, 8.150000000000000355, 8.199999999999997513 ) ) ;
#330 = ORIENTED_EDGE ( 'NONE', *, *, #5583, .T. ) ;
#331 = PRESENTATION_STYLE_ASSIGNMENT (( #3982 ) ) ;
#332 = CLOSED_SHELL ( 'NONE', ( #4915, #2824, #1502, #6378 ) ) ;
#333 = EDGE_CURVE ( 'NONE', #5557, #3679, #7311, .T. ) ;
#334 = ORIENTED_EDGE ( 'NONE', *, *, #1160, .T. ) ;
#335 = ORIENTED_EDGE ( 'NONE', *, *, #1738, .F. ) ;
#336 = LINE ( 'NONE', #6523, #7862 ) ;
#337 = VECTOR ( 'NONE', #7871, 1000.000000000000000 ) ;
#338 = LINE ( 'NONE', #7836, #7246 ) ;
#339 =( NAMED_UNIT ( * ) SI_UNIT ( $, .STERADIAN. ) SOLID_ANGLE_UNIT ( ) );
#340 = PRESENTATION_STYLE_ASSIGNMENT (( #4065 ) ) ;
#341 = VECTOR ( 'NONE', #6346, 1000.000000000000000 ) ;
#342 = FILL_AREA_STYLE_COLOUR ( '', #4409 ) ;
#343 = CARTESIAN_POINT ( 'NONE',  ( -4.000000000000000888, 15.00000000000000000, 9.050000000000000711 ) ) ;
#344 = DIRECTION ( 'NONE',  ( -0.0000000000000000000, 1.000000000000000000, -0.0000000000000000000 ) ) ;
#345 = MANIFOLD_SOLID_BREP ( '??-??4[1]', #3861 ) ;
#346 = EDGE_CURVE ( 'NONE', #872, #3846, #6662, .T. ) ;
#347 = VECTOR ( 'NONE', #8098, 1000.000000000000000 ) ;
#348 = DIRECTION ( 'NONE',  ( -1.000000000000000000, 0.0000000000000000000, 0.0000000000000000000 ) ) ;
#349 = CARTESIAN_POINT ( 'NONE',  ( -2.500000000000001332, 12.65000000000000391, 12.95000000000000107 ) ) ;
#350 = EDGE_CURVE ( 'NONE', #5441, #3118, #6079, .T. ) ;
#351 = SURFACE_STYLE_FILL_AREA ( #2685 ) ;
#352 = STYLED_ITEM ( 'NONE', ( #158 ), #422 ) ;
#353 = VERTEX_POINT ( 'NONE', #7269 ) ;
#354 =( NAMED_UNIT ( * ) PLANE_ANGLE_UNIT ( ) SI_UNIT ( $, .RADIAN. ) );
#355 = ORIENTED_EDGE ( 'NONE', *, *, #7883, .T. ) ;
#356 = VECTOR ( 'NONE', #427, 1000.000000000000000 ) ;
#357 = DIRECTION ( 'NONE',  ( 0.0000000000000000000, 0.0000000000000000000, 1.000000000000000000 ) ) ;
#358 = ORIENTED_EDGE ( 'NONE', *, *, #8024, .F. ) ;
#359 = VECTOR ( 'NONE', #2859, 1000.000000000000000 ) ;
#360 = SURFACE_SIDE_STYLE ('',( #7307 ) ) ;
#361 = SURFACE_SIDE_STYLE ('',( #3552 ) ) ;
#362 = PRESENTATION_STYLE_ASSIGNMENT (( #452 ) ) ;
#363 = FILL_AREA_STYLE_COLOUR ( '', #4771 ) ;
#364 =( NAMED_UNIT ( * ) PLANE_ANGLE_UNIT ( ) SI_UNIT ( $, .RADIAN. ) );
#365 = ORIENTED_EDGE ( 'NONE', *, *, #2091, .T. ) ;
#366 = UNCERTAINTY_MEASURE_WITH_UNIT (LENGTH_MEASURE( 1.000000000000000082E-05 ), #1290, 'distance_accuracy_value', 'NONE');
#367 = EDGE_LOOP ( 'NONE', ( #7999, #6521, #5932, #5658 ) ) ;
#368 = FACE_OUTER_BOUND ( 'NONE', #7667, .T. ) ;
#369 = FILL_AREA_STYLE ('',( #5976 ) ) ;
#370 = MANIFOLD_SOLID_BREP ( '??-??6[1]', #5297 ) ;
#371 = DIRECTION ( 'NONE',  ( 0.0000000000000000000, -1.000000000000000000, 0.0000000000000000000 ) ) ;
#372 = ADVANCED_FACE ( 'NONE', ( #608 ), #5586, .F. ) ;
#373 = CYLINDRICAL_SURFACE ( 'NONE', #6562, 1.000000000000000888 ) ;
#374 = DIRECTION ( 'NONE',  ( -1.000000000000000000, 0.0000000000000000000, 0.0000000000000000000 ) ) ;
#375 = LINE ( 'NONE', #7838, #492 ) ;
#376 = UNCERTAINTY_MEASURE_WITH_UNIT (LENGTH_MEASURE( 1.000000000000000082E-05 ), #7428, 'distance_accuracy_value', 'NONE');
#377 = VERTEX_POINT ( 'NONE', #3757 ) ;
#378 = ADVANCED_FACE ( 'NONE', ( #6794 ), #3631, .F. ) ;
#379 = DIRECTION ( 'NONE',  ( -0.0000000000000000000, 1.000000000000000000, -0.0000000000000000000 ) ) ;
#380 = STYLED_ITEM ( 'NONE', ( #847 ), #5808 ) ;
#381 = EDGE_CURVE ( 'NONE', #6613, #2384, #4292, .T. ) ;
#382 = DIRECTION ( 'NONE',  ( 0.0000000000000000000, 0.0000000000000000000, 1.000000000000000000 ) ) ;
#383 = LINE ( 'NONE', #4194, #4327 ) ;
#384 = PLANE ( 'NONE',  #1594 ) ;
#385 =( NAMED_UNIT ( * ) SI_UNIT ( $, .STERADIAN. ) SOLID_ANGLE_UNIT ( ) );
#386 = FACE_OUTER_BOUND ( 'NONE', #7374, .T. ) ;
#387 = UNCERTAINTY_MEASURE_WITH_UNIT (LENGTH_MEASURE( 1.000000000000000082E-05 ), #2041, 'distance_accuracy_value', 'NONE');
#388 = VECTOR ( 'NONE', #2230, 1000.000000000000000 ) ;
#389 =( NAMED_UNIT ( * ) SI_UNIT ( $, .STERADIAN. ) SOLID_ANGLE_UNIT ( ) );
#390 = EDGE_LOOP ( 'NONE', ( #2765, #1449, #949, #4277 ) ) ;
#391 = EDGE_CURVE ( 'NONE', #8, #5026, #5717, .T. ) ;
#392 = ADVANCED_FACE ( 'NONE', ( #7244 ), #6379, .F. ) ;
#393 = CARTESIAN_POINT ( 'NONE',  ( 0.9999999999999991118, 15.00000000000000000, 9.050000000000000711 ) ) ;
#394 = STYLED_ITEM ( 'NONE', ( #5307 ), #1841 ) ;
#395 = SURFACE_SIDE_STYLE ('',( #4743 ) ) ;
#396 = VERTEX_POINT ( 'NONE', #3273 ) ;
#397 = CARTESIAN_POINT ( 'NONE',  ( -6.000000000000000000, 2.200000000000000622, -9.050000000000000711 ) ) ;
#398 = LINE ( 'NONE', #4087, #3281 ) ;
#399 = PLANE ( 'NONE',  #6759 ) ;
#400 = ORIENTED_EDGE ( 'NONE', *, *, #1549, .T. ) ;
#401 = VECTOR ( 'NONE', #2966, 1000.000000000000000 ) ;
#402 = PLANE ( 'NONE',  #1305 ) ;
#403 = FILL_AREA_STYLE_COLOUR ( '', #2289 ) ;
#404 = DIRECTION ( 'NONE',  ( 0.0000000000000000000, -1.000000000000000000, 0.0000000000000000000 ) ) ;
#405 = CARTESIAN_POINT ( 'NONE',  ( -6.349999999999997868, 5.750000000000000000, 8.199999999999997513 ) ) ;
#406 = VECTOR ( 'NONE', #2909, 1000.000000000000000 ) ;
#407 = ORIENTED_EDGE ( 'NONE', *, *, #3642, .F. ) ;
#408 = COLOUR_RGB ( '',0.2980392156862745057, 0.2980392156862745057, 0.2980392156862745057 ) ;
#409 = VECTOR ( 'NONE', #1331, 1000.000000000000000 ) ;
#410 = EDGE_LOOP ( 'NONE', ( #5019, #6057, #5004, #2878 ) ) ;
#411 = SURFACE_SIDE_STYLE ('',( #1140 ) ) ;
#412 = VECTOR ( 'NONE', #6145, 1000.000000000000000 ) ;
#413 = MANIFOLD_SOLID_BREP ( '??-??1', #6210 ) ;
#414 = VECTOR ( 'NONE', #587, 1000.000000000000000 ) ;
#415 = COLOUR_RGB ( '',0.6666666666666666297, 0.6980392156862744724, 0.7686274509803920907 ) ;
#416 = CARTESIAN_POINT ( 'NONE',  ( 11.59999999999999964, 6.000000000000000000, -12.59999999999999964 ) ) ;
#417 = FACE_OUTER_BOUND ( 'NONE', #1005, .T. ) ;
#418 = FILL_AREA_STYLE_COLOUR ( '', #5854 ) ;
#419 = PRESENTATION_LAYER_ASSIGNMENT (  '', '', ( #4740 ) ) ;
#420 = SURFACE_SIDE_STYLE ('',( #1498 ) ) ;
#421 = MECHANICAL_DESIGN_GEOMETRIC_PRESENTATION_REPRESENTATION (  '', ( #1721 ), #3556 ) ;
#422 = ADVANCED_FACE ( 'NONE', ( #4110 ), #2605, .T. ) ;
#423 = ORIENTED_EDGE ( 'NONE', *, *, #5797, .F. ) ;
#424 = PRESENTATION_LAYER_ASSIGNMENT (  '', '', ( #2359 ) ) ;
#425 = DIRECTION ( 'NONE',  ( 0.0000000000000000000, 0.0000000000000000000, -1.000000000000000000 ) ) ;
#426 = CIRCLE ( 'NONE', #4223, 0.1999999999999996503 ) ;
#427 = DIRECTION ( 'NONE',  ( -1.000000000000000000, -2.168404344971009115E-16, 0.0000000000000000000 ) ) ;
#428 =( LENGTH_UNIT ( ) NAMED_UNIT ( * ) SI_UNIT ( .MILLI., .METRE. ) );
#429 = CARTESIAN_POINT ( 'NONE',  ( 9.349999999999999645, 5.750000000000020428, 8.199999999999997513 ) ) ;
#430 = DIRECTION ( 'NONE',  ( -0.0000000000000000000, -0.0000000000000000000, 1.000000000000000000 ) ) ;
#431 = MANIFOLD_SOLID_BREP ( '??-??4[3]', #4660 ) ;
#432 = DIRECTION ( 'NONE',  ( -1.000000000000000000, 0.0000000000000000000, 0.0000000000000000000 ) ) ;
#433 = COLOUR_RGB ( '',1.000000000000000000, 1.000000000000000000, 1.000000000000000000 ) ;
#434 = EDGE_CURVE ( 'NONE', #4667, #2420, #6500, .T. ) ;
#435 = SURFACE_SIDE_STYLE ('',( #2871 ) ) ;
#436 = ORIENTED_EDGE ( 'NONE', *, *, #940, .T. ) ;
#437 = MECHANICAL_DESIGN_GEOMETRIC_PRESENTATION_REPRESENTATION (  '', ( #5396 ), #2515 ) ;
#438 = DIRECTION ( 'NONE',  ( 0.0000000000000000000, 0.0000000000000000000, 1.000000000000000000 ) ) ;
#439 = COLOUR_RGB ( '',0.1019607843137254888, 0.1019607843137254888, 0.1019607843137254888 ) ;
#440 =( NAMED_UNIT ( * ) SI_UNIT ( $, .STERADIAN. ) SOLID_ANGLE_UNIT ( ) );
#441 = ORIENTED_EDGE ( 'NONE', *, *, #4694, .F. ) ;
#442 = FILL_AREA_STYLE_COLOUR ( '', #5240 ) ;
#443 = DIRECTION ( 'NONE',  ( -0.0000000000000000000, -0.0000000000000000000, -1.000000000000000000 ) ) ;
#444 = ORIENTED_EDGE ( 'NONE', *, *, #1715, .T. ) ;
#445 = EDGE_CURVE ( 'NONE', #2052, #7547, #6644, .T. ) ;
#446 = FACE_OUTER_BOUND ( 'NONE', #6354, .T. ) ;
#447 = PRESENTATION_LAYER_ASSIGNMENT (  '', '', ( #6182 ) ) ;
#448 =( NAMED_UNIT ( * ) PLANE_ANGLE_UNIT ( ) SI_UNIT ( $, .RADIAN. ) );
#449 = PLANE ( 'NONE',  #5890 ) ;
#450 = FILL_AREA_STYLE ('',( #6041 ) ) ;
#451 = CARTESIAN_POINT ( 'NONE',  ( 5.900000000000001243, 12.00000000000000000, 12.60000000000000142 ) ) ;
#452 = SURFACE_STYLE_USAGE ( .BOTH. , #4218 ) ;
#453 = DIRECTION ( 'NONE',  ( 1.000000000000000000, 0.0000000000000000000, 0.0000000000000000000 ) ) ;
#454 = AXIS2_PLACEMENT_3D ( 'NONE', #3935, #5351, #2775 ) ;
#455 = ADVANCED_FACE ( 'NONE', ( #3609 ), #8079, .T. ) ;
#456 = LINE ( 'NONE', #2202, #1247 ) ;
#457 = PRESENTATION_STYLE_ASSIGNMENT (( #5468 ) ) ;
#458 = SURFACE_STYLE_FILL_AREA ( #3027 ) ;
#459 = LINE ( 'NONE', #2900, #2960 ) ;
#460 = CARTESIAN_POINT ( 'NONE',  ( -5.700000000000000178, 10.34999999999998899, -9.550000000000000711 ) ) ;
#461 = ORIENTED_EDGE ( 'NONE', *, *, #7609, .T. ) ;
#462 = ORIENTED_EDGE ( 'NONE', *, *, #488, .T. ) ;
#463 = FILL_AREA_STYLE ('',( #6058 ) ) ;
#464 = MECHANICAL_DESIGN_GEOMETRIC_PRESENTATION_REPRESENTATION (  '', ( #7855 ), #4261 ) ;
#465 = DIRECTION ( 'NONE',  ( -0.0000000000000000000, -0.0000000000000000000, -1.000000000000000000 ) ) ;
#466 = LINE ( 'NONE', #3576, #7502 ) ;
#467 = CARTESIAN_POINT ( 'NONE',  ( -10.00000000000000000, 2.200000000000000178, 11.25000000000000000 ) ) ;
#468 = MANIFOLD_SOLID_BREP ( '??-??4[4]', #3599 ) ;
#469 =( NAMED_UNIT ( * ) PLANE_ANGLE_UNIT ( ) SI_UNIT ( $, .RADIAN. ) );
#470 = SURFACE_SIDE_STYLE ('',( #2456 ) ) ;
#471 = UNCERTAINTY_MEASURE_WITH_UNIT (LENGTH_MEASURE( 1.000000000000000082E-05 ), #1908, 'distance_accuracy_value', 'NONE');
#472 =( NAMED_UNIT ( * ) PLANE_ANGLE_UNIT ( ) SI_UNIT ( $, .RADIAN. ) );
#473 = ORIENTED_EDGE ( 'NONE', *, *, #5200, .F. ) ;
#474 =( NAMED_UNIT ( * ) PLANE_ANGLE_UNIT ( ) SI_UNIT ( $, .RADIAN. ) );
#475 = COLOUR_RGB ( '',1.000000000000000000, 0.9372549019607843146, 0.1372549019607843257 ) ;
#476 = FACE_OUTER_BOUND ( 'NONE', #4846, .T. ) ;
#477 = CARTESIAN_POINT ( 'NONE',  ( -9.000000000000001776, 15.00000000000000000, -9.050000000000000711 ) ) ;
#478 = ORIENTED_EDGE ( 'NONE', *, *, #7698, .F. ) ;
#479 = SURFACE_SIDE_STYLE ('',( #5383 ) ) ;
#480 = CARTESIAN_POINT ( 'NONE',  ( 0.0000000000000000000, -4.000000000000000000, -11.25000000000000000 ) ) ;
#481 = EDGE_CURVE ( 'NONE', #7697, #7136, #6018, .T. ) ;
#482 =( NAMED_UNIT ( * ) SI_UNIT ( $, .STERADIAN. ) SOLID_ANGLE_UNIT ( ) );
#483 = ORIENTED_EDGE ( 'NONE', *, *, #2428, .T. ) ;
#484 = COLOUR_RGB ( '',0.1019607843137254888, 0.1019607843137254888, 0.1019607843137254888 ) ;
#485 = MECHANICAL_DESIGN_GEOMETRIC_PRESENTATION_REPRESENTATION (  '', ( #5432 ), #88 ) ;
#486 =( NAMED_UNIT ( * ) PLANE_ANGLE_UNIT ( ) SI_UNIT ( $, .RADIAN. ) );
#487 = CYLINDRICAL_SURFACE ( 'NONE', #6985, 0.1999999999999996503 ) ;
#488 = EDGE_CURVE ( 'NONE', #8009, #288, #1270, .T. ) ;
#489 = FACE_OUTER_BOUND ( 'NONE', #7564, .T. ) ;
#490 = STYLED_ITEM ( 'NONE', ( #7620 ), #526 ) ;
#491 = CARTESIAN_POINT ( 'NONE',  ( 4.286263797015722420E-17, -4.000000000000000000, -11.59999999999999964 ) ) ;
#492 = VECTOR ( 'NONE', #3450, 1000.000000000000000 ) ;
#493 = ORIENTED_EDGE ( 'NONE', *, *, #5365, .F. ) ;
#494 = MECHANICAL_DESIGN_GEOMETRIC_PRESENTATION_REPRESENTATION (  '', ( #5197 ), #7183 ) ;
#495 = FACE_OUTER_BOUND ( 'NONE', #4304, .T. ) ;
#496 = EDGE_CURVE ( 'NONE', #5107, #3742, #4396, .T. ) ;
#497 = SURFACE_SIDE_STYLE ('',( #7955 ) ) ;
#498 = EDGE_CURVE ( 'NONE', #3670, #6214, #6403, .T. ) ;
#499 = CARTESIAN_POINT ( 'NONE',  ( -10.00000000000000000, -4.000000000000000000, 11.25000000000000000 ) ) ;
#500 = VECTOR ( 'NONE', #1516, 1000.000000000000000 ) ;
#501 = FILL_AREA_STYLE_COLOUR ( '', #5503 ) ;
#502 = FILL_AREA_STYLE ('',( #8031 ) ) ;
#503 = CARTESIAN_POINT ( 'NONE',  ( 7.999999999999996447, 15.00000000000000000, -9.050000000000000711 ) ) ;
#504 = ORIENTED_EDGE ( 'NONE', *, *, #204, .T. ) ;
#505 = PRESENTATION_LAYER_ASSIGNMENT (  '', '', ( #3770 ) ) ;
#506 = VERTEX_POINT ( 'NONE', #5783 ) ;
#507 = SURFACE_STYLE_USAGE ( .BOTH. , #1107 ) ;
#508 = DIRECTION ( 'NONE',  ( 1.329290019905599182E-16, 0.0000000000000000000, 1.000000000000000000 ) ) ;
#509 = FILL_AREA_STYLE ('',( #6983 ) ) ;
#510 = FACE_OUTER_BOUND ( 'NONE', #1655, .T. ) ;
#511 = CARTESIAN_POINT ( 'NONE',  ( 5.000000000000000000, 2.200000000000000178, 11.25000000000000000 ) ) ;
#512 =( LENGTH_UNIT ( ) NAMED_UNIT ( * ) SI_UNIT ( .MILLI., .METRE. ) );
#513 = CARTESIAN_POINT ( 'NONE',  ( 12.59999999999999787, 2.200000000000000178, -11.60000000000000142 ) ) ;
#514 = SURFACE_STYLE_USAGE ( .BOTH. , #470 ) ;
#515 = ORIENTED_EDGE ( 'NONE', *, *, #2459, .F. ) ;
#516 = ORIENTED_EDGE ( 'NONE', *, *, #1928, .T. ) ;
#517 =( NAMED_UNIT ( * ) SI_UNIT ( $, .STERADIAN. ) SOLID_ANGLE_UNIT ( ) );
#518 = SURFACE_SIDE_STYLE ('',( #7389 ) ) ;
#519 = CYLINDRICAL_SURFACE ( 'NONE', #233, 0.3499999999999996447 ) ;
#520 = LINE ( 'NONE', #4206, #4600 ) ;
#521 =( LENGTH_UNIT ( ) NAMED_UNIT ( * ) SI_UNIT ( .MILLI., .METRE. ) );
#522 = PRESENTATION_LAYER_ASSIGNMENT (  '', '', ( #380 ) ) ;
#523 = FILL_AREA_STYLE_COLOUR ( '', #5961 ) ;
#524 = SURFACE_STYLE_USAGE ( .BOTH. , #6748 ) ;
#525 = VECTOR ( 'NONE', #7305, 1000.000000000000000 ) ;
#526 = ADVANCED_FACE ( 'NONE', ( #1976 ), #6992, .T. ) ;
#527 = AXIS2_PLACEMENT_3D ( 'NONE', #6750, #1784, #5421 ) ;
#528 = FILL_AREA_STYLE_COLOUR ( '', #6109 ) ;
#529 = PLANE ( 'NONE',  #7258 ) ;
#530 = PRESENTATION_STYLE_ASSIGNMENT (( #2928 ) ) ;
#531 = ORIENTED_EDGE ( 'NONE', *, *, #1451, .T. ) ;
#532 =( NAMED_UNIT ( * ) PLANE_ANGLE_UNIT ( ) SI_UNIT ( $, .RADIAN. ) );
#533 = ADVANCED_FACE ( 'NONE', ( #3123, #4962 ), #6857, .T. ) ;
#534 = DIRECTION ( 'NONE',  ( 0.0000000000000000000, -0.0000000000000000000, -1.000000000000000000 ) ) ;
#535 = FILL_AREA_STYLE_COLOUR ( '', #2767 ) ;
#536 = SURFACE_SIDE_STYLE ('',( #6850 ) ) ;
#537 = DIRECTION ( 'NONE',  ( 0.0000000000000000000, 0.0000000000000000000, 1.000000000000000000 ) ) ;
#538 = UNCERTAINTY_MEASURE_WITH_UNIT (LENGTH_MEASURE( 1.000000000000000082E-05 ), #2666, 'distance_accuracy_value', 'NONE');
#539 = PLANE ( 'NONE',  #8064 ) ;
#540 = AXIS2_PLACEMENT_3D ( 'NONE', #6566, #348, #6649 ) ;
#541 = EDGE_CURVE ( 'NONE', #5274, #6822, #4647, .T. ) ;
#542 = EDGE_CURVE ( 'NONE', #592, #1421, #5250, .T. ) ;
#543 = ORIENTED_EDGE ( 'NONE', *, *, #3070, .F. ) ;
#544 = SURFACE_STYLE_FILL_AREA ( #509 ) ;
#545 = FILL_AREA_STYLE ('',( #6142 ) ) ;
#546 = CARTESIAN_POINT ( 'NONE',  ( -4.000000000000000888, 0.9921485132883310909, 12.60000000000000142 ) ) ;
#547 =( GEOMETRIC_REPRESENTATION_CONTEXT ( 3 ) GLOBAL_UNCERTAINTY_ASSIGNED_CONTEXT ( ( #2490 ) ) GLOBAL_UNIT_ASSIGNED_CONTEXT ( ( #5086, #2411, #1900 ) ) REPRESENTATION_CONTEXT ( 'NONE', 'WORKASPACE' ) );
#548 = DIRECTION ( 'NONE',  ( -1.000000000000000000, -3.854941057726238097E-16, 1.329290019905599182E-16 ) ) ;
#549 = UNCERTAINTY_MEASURE_WITH_UNIT (LENGTH_MEASURE( 1.000000000000000082E-05 ), #4782, 'distance_accuracy_value', 'NONE');
#550 = ORIENTED_EDGE ( 'NONE', *, *, #1532, .T. ) ;
#551 = COLOUR_RGB ( '',0.1019607843137254888, 0.1019607843137254888, 0.1019607843137254888 ) ;
#552 = VERTEX_POINT ( 'NONE', #7800 ) ;
#553 = MECHANICAL_DESIGN_GEOMETRIC_PRESENTATION_REPRESENTATION (  '', ( #2117 ), #1334 ) ;
#554 = PLANE ( 'NONE',  #4067 ) ;
#555 = DIRECTION ( 'NONE',  ( 0.0000000000000000000, -0.0000000000000000000, -1.000000000000000000 ) ) ;
#556 = FACE_OUTER_BOUND ( 'NONE', #7180, .T. ) ;
#557 = ORIENTED_EDGE ( 'NONE', *, *, #3259, .F. ) ;
#558 = DIRECTION ( 'NONE',  ( -1.000000000000000000, 0.0000000000000000000, 0.0000000000000000000 ) ) ;
#559 = AXIS2_PLACEMENT_3D ( 'NONE', #1254, #5106, #66 ) ;
#560 = DIRECTION ( 'NONE',  ( -0.0000000000000000000, -0.0000000000000000000, 1.000000000000000000 ) ) ;
#561 = AXIS2_PLACEMENT_3D ( 'NONE', #5652, #1938, #6995 ) ;
#562 = ORIENTED_EDGE ( 'NONE', *, *, #2428, .F. ) ;
#563 = MECHANICAL_DESIGN_GEOMETRIC_PRESENTATION_REPRESENTATION (  '', ( #3017 ), #1346 ) ;
#564 = EDGE_LOOP ( 'NONE', ( #2302, #3965, #2034, #582 ) ) ;
#565 = VECTOR ( 'NONE', #7013, 1000.000000000000114 ) ;
#566 = FILL_AREA_STYLE ('',( #7354 ) ) ;
#567 = VECTOR ( 'NONE', #5602, 1000.000000000000000 ) ;
#568 = VERTEX_POINT ( 'NONE', #4608 ) ;
#569 = LINE ( 'NONE', #1058, #3851 ) ;
#570 =( NAMED_UNIT ( * ) SI_UNIT ( $, .STERADIAN. ) SOLID_ANGLE_UNIT ( ) );
#571 = EDGE_LOOP ( 'NONE', ( #2678, #4506, #3820, #1347 ) ) ;
#572 = CARTESIAN_POINT ( 'NONE',  ( -12.84999999999999964, 15.19999999999999929, -12.95000000000000107 ) ) ;
#573 = FILL_AREA_STYLE ('',( #3682 ) ) ;
#574 =( NAMED_UNIT ( * ) SI_UNIT ( $, .STERADIAN. ) SOLID_ANGLE_UNIT ( ) );
#575 = CARTESIAN_POINT ( 'NONE',  ( -12.10000000000000142, 6.000000000000000000, -12.09999999999999964 ) ) ;
#576 = ORIENTED_EDGE ( 'NONE', *, *, #1432, .T. ) ;
#577 = DIRECTION ( 'NONE',  ( -0.0000000000000000000, 1.000000000000000000, -0.0000000000000000000 ) ) ;
#578 = ADVANCED_FACE ( 'NONE', ( #6484 ), #5287, .F. ) ;
#579 = FACE_OUTER_BOUND ( 'NONE', #5323, .T. ) ;
#580 = LINE ( 'NONE', #7413, #1215 ) ;
#581 =( GEOMETRIC_REPRESENTATION_CONTEXT ( 3 ) GLOBAL_UNCERTAINTY_ASSIGNED_CONTEXT ( ( #4238 ) ) GLOBAL_UNIT_ASSIGNED_CONTEXT ( ( #7143, #2386, #4283 ) ) REPRESENTATION_CONTEXT ( 'NONE', 'WORKASPACE' ) );
#582 = ORIENTED_EDGE ( 'NONE', *, *, #6746, .T. ) ;
#583 = ORIENTED_EDGE ( 'NONE', *, *, #7998, .F. ) ;
#584 = FILL_AREA_STYLE ('',( #4188 ) ) ;
#585 = FILL_AREA_STYLE_COLOUR ( '', #6720 ) ;
#586 = EDGE_CURVE ( 'NONE', #5604, #353, #336, .T. ) ;
#587 = DIRECTION ( 'NONE',  ( -0.0000000000000000000, -0.0000000000000000000, -1.000000000000000000 ) ) ;
#588 = SURFACE_STYLE_USAGE ( .BOTH. , #751 ) ;
#589 =( NAMED_UNIT ( * ) SI_UNIT ( $, .STERADIAN. ) SOLID_ANGLE_UNIT ( ) );
#590 =( NAMED_UNIT ( * ) PLANE_ANGLE_UNIT ( ) SI_UNIT ( $, .RADIAN. ) );
#591 = CARTESIAN_POINT ( 'NONE',  ( -6.349999999999998757, 5.950000000000001954, 8.250000000000000000 ) ) ;
#592 = VERTEX_POINT ( 'NONE', #4686 ) ;
#593 = SURFACE_SIDE_STYLE ('',( #2959 ) ) ;
#594 = DIRECTION ( 'NONE',  ( -0.0000000000000000000, -0.0000000000000000000, 1.000000000000000000 ) ) ;
#595 = ORIENTED_EDGE ( 'NONE', *, *, #3694, .T. ) ;
#596 = EDGE_CURVE ( 'NONE', #396, #1106, #3494, .T. ) ;
#597 = SURFACE_STYLE_USAGE ( .BOTH. , #641 ) ;
#598 = EDGE_CURVE ( 'NONE', #4246, #2368, #4568, .T. ) ;
#599 = AXIS2_PLACEMENT_3D ( 'NONE', #7701, #868, #5236 ) ;
#600 = LINE ( 'NONE', #2389, #6706 ) ;
#601 = SURFACE_SIDE_STYLE ('',( #6153 ) ) ;
#602 = LINE ( 'NONE', #6071, #347 ) ;
#603 = ORIENTED_EDGE ( 'NONE', *, *, #646, .F. ) ;
#604 =( LENGTH_UNIT ( ) NAMED_UNIT ( * ) SI_UNIT ( .MILLI., .METRE. ) );
#605 = EDGE_LOOP ( 'NONE', ( #5245, #7832, #5878, #4393, #4681, #757, #583, #6454, #6630, #2135, #3205, #626, #3326, #2259, #4388, #3812, #5042, #3304, #3460, #982, #4256, #5757, #1830, #7525, #1876, #6417, #5076, #7556, #2118, #8122 ) ) ;
#606 = DIRECTION ( 'NONE',  ( -0.0000000000000000000, -1.000000000000000000, -0.0000000000000000000 ) ) ;
#607 = AXIS2_PLACEMENT_3D ( 'NONE', #4210, #6707, #6074 ) ;
#608 = FACE_OUTER_BOUND ( 'NONE', #5376, .T. ) ;
#609 = DIRECTION ( 'NONE',  ( -1.000000000000000000, -0.0000000000000000000, -0.0000000000000000000 ) ) ;
#610 = ORIENTED_EDGE ( 'NONE', *, *, #4935, .T. ) ;
#611 = DIRECTION ( 'NONE',  ( 0.0000000000000000000, 0.0000000000000000000, -1.000000000000000000 ) ) ;
#612 = SURFACE_SIDE_STYLE ('',( #37 ) ) ;
#613 = VERTEX_POINT ( 'NONE', #3343 ) ;
#614 = SURFACE_STYLE_FILL_AREA ( #1887 ) ;
#615 = PRESENTATION_LAYER_ASSIGNMENT (  '', '', ( #4147 ) ) ;
#616 =( NAMED_UNIT ( * ) PLANE_ANGLE_UNIT ( ) SI_UNIT ( $, .RADIAN. ) );
#617 =( GEOMETRIC_REPRESENTATION_CONTEXT ( 3 ) GLOBAL_UNCERTAINTY_ASSIGNED_CONTEXT ( ( #3074 ) ) GLOBAL_UNIT_ASSIGNED_CONTEXT ( ( #7006, #194, #644 ) ) REPRESENTATION_CONTEXT ( 'NONE', 'WORKASPACE' ) );
#618 = FILL_AREA_STYLE ('',( #4952 ) ) ;
#619 = DIRECTION ( 'NONE',  ( 1.000000000000000000, 0.0000000000000000000, 0.0000000000000000000 ) ) ;
#620 = STYLED_ITEM ( 'NONE', ( #4654 ), #1502 ) ;
#621 = CARTESIAN_POINT ( 'NONE',  ( -12.75000000000000000, 6.650000000000000355, -12.95000000000000107 ) ) ;
#622 = AXIS2_PLACEMENT_3D ( 'NONE', #6982, #6309, #1226 ) ;
#623 = UNCERTAINTY_MEASURE_WITH_UNIT (LENGTH_MEASURE( 1.000000000000000082E-05 ), #1971, 'distance_accuracy_value', 'NONE');
#624 = LINE ( 'NONE', #503, #567 ) ;
#625 = VECTOR ( 'NONE', #7159, 1000.000000000000000 ) ;
#626 = ORIENTED_EDGE ( 'NONE', *, *, #885, .T. ) ;
#627 = ORIENTED_EDGE ( 'NONE', *, *, #6190, .F. ) ;
#628 = EDGE_CURVE ( 'NONE', #5129, #552, #5563, .T. ) ;
#629 = FILL_AREA_STYLE ('',( #1315 ) ) ;
#630 = DIRECTION ( 'NONE',  ( -1.000000000000000000, 0.0000000000000000000, 0.0000000000000000000 ) ) ;
#631 = FACE_OUTER_BOUND ( 'NONE', #1926, .T. ) ;
#632 = UNCERTAINTY_MEASURE_WITH_UNIT (LENGTH_MEASURE( 1.000000000000000082E-05 ), #4486, 'distance_accuracy_value', 'NONE');
#633 = VERTEX_POINT ( 'NONE', #5324 ) ;
#634 = ADVANCED_FACE ( 'NONE', ( #6553 ), #2749, .T. ) ;
#635 = PRESENTATION_STYLE_ASSIGNMENT (( #6905 ) ) ;
#636 =( NAMED_UNIT ( * ) SI_UNIT ( $, .STERADIAN. ) SOLID_ANGLE_UNIT ( ) );
#637 = ADVANCED_FACE ( 'NONE', ( #2400 ), #4224, .T. ) ;
#638 = FACE_OUTER_BOUND ( 'NONE', #1025, .T. ) ;
#639 = DIRECTION ( 'NONE',  ( -0.0000000000000000000, -0.0000000000000000000, 1.000000000000000000 ) ) ;
#640 = ORIENTED_EDGE ( 'NONE', *, *, #3693, .T. ) ;
#641 = SURFACE_SIDE_STYLE ('',( #6245 ) ) ;
#642 =( NAMED_UNIT ( * ) SI_UNIT ( $, .STERADIAN. ) SOLID_ANGLE_UNIT ( ) );
#643 = DIRECTION ( 'NONE',  ( -0.0000000000000000000, -1.000000000000000000, -0.0000000000000000000 ) ) ;
#644 =( NAMED_UNIT ( * ) SI_UNIT ( $, .STERADIAN. ) SOLID_ANGLE_UNIT ( ) );
#645 = STYLED_ITEM ( 'NONE', ( #5184 ), #5614 ) ;
#646 = EDGE_CURVE ( 'NONE', #996, #6255, #6088, .T. ) ;
#647 = PRESENTATION_STYLE_ASSIGNMENT (( #5025 ) ) ;
#648 = EDGE_CURVE ( 'NONE', #6467, #1154, #1675, .T. ) ;
#649 = VERTEX_POINT ( 'NONE', #5359 ) ;
#650 = CARTESIAN_POINT ( 'NONE',  ( -3.750000000000001776, 15.75000000000000355, 12.95000000000000107 ) ) ;
#651 = CARTESIAN_POINT ( 'NONE',  ( -5.000000000000000000, -4.000000000000000000, 11.25000000000000000 ) ) ;
#652 = VERTEX_POINT ( 'NONE', #6721 ) ;
#653 = DIRECTION ( 'NONE',  ( -1.000000000000000000, 0.0000000000000000000, 0.0000000000000000000 ) ) ;
#654 = DIRECTION ( 'NONE',  ( 0.3739683354969404183, -0.9274414720324122285, 0.0000000000000000000 ) ) ;
#655 = VECTOR ( 'NONE', #8157, 1000.000000000000000 ) ;
#656 = ORIENTED_EDGE ( 'NONE', *, *, #434, .T. ) ;
#657 = DIRECTION ( 'NONE',  ( 1.000000000000000000, 0.0000000000000000000, 0.0000000000000000000 ) ) ;
#658 = SURFACE_STYLE_FILL_AREA ( #6258 ) ;
#659 = PRESENTATION_STYLE_ASSIGNMENT (( #3808 ) ) ;
#660 = AXIS2_PLACEMENT_3D ( 'NONE', #1329, #3178, #4976 ) ;
#661 = LINE ( 'NONE', #1, #686 ) ;
#662 = ORIENTED_EDGE ( 'NONE', *, *, #1631, .F. ) ;
#663 = CIRCLE ( 'NONE', #3671, 0.3499999999999996447 ) ;
#664 = DIRECTION ( 'NONE',  ( 0.0000000000000000000, -1.000000000000000000, 0.0000000000000000000 ) ) ;
#665 = CARTESIAN_POINT ( 'NONE',  ( -12.59999999999999964, 6.000000000000000000, 12.09999999999999609 ) ) ;
#666 = PRESENTATION_LAYER_ASSIGNMENT (  '', '', ( #6673 ) ) ;
#667 = ORIENTED_EDGE ( 'NONE', *, *, #6137, .T. ) ;
#668 = ORIENTED_EDGE ( 'NONE', *, *, #5202, .F. ) ;
#669 = CIRCLE ( 'NONE', #1580, 0.3499999999999996447 ) ;
#670 =( LENGTH_UNIT ( ) NAMED_UNIT ( * ) SI_UNIT ( .MILLI., .METRE. ) );
#671 = DIRECTION ( 'NONE',  ( 3.854941057726238097E-16, -1.000000000000000000, 0.0000000000000000000 ) ) ;
#672 =( LENGTH_UNIT ( ) NAMED_UNIT ( * ) SI_UNIT ( .MILLI., .METRE. ) );
#673 = EDGE_LOOP ( 'NONE', ( #4582, #5182, #6224, #3970, #3586, #7894, #1669, #893, #947, #3405, #5585, #747 ) ) ;
#674 = EDGE_CURVE ( 'NONE', #3656, #3364, #7912, .T. ) ;
#675 = VERTEX_POINT ( 'NONE', #6674 ) ;
#676 = VECTOR ( 'NONE', #8097, 1000.000000000000000 ) ;
#677 = CARTESIAN_POINT ( 'NONE',  ( 12.85000000000000675, 7.200000000000006395, 13.05000000000000071 ) ) ;
#678 = CIRCLE ( 'NONE', #3817, 0.3499999999999996447 ) ;
#679 = CIRCLE ( 'NONE', #3819, 2.999999999999999556 ) ;
#680 = SURFACE_STYLE_FILL_AREA ( #6784 ) ;
#681 = DIRECTION ( 'NONE',  ( 0.0000000000000000000, 0.0000000000000000000, -1.000000000000000000 ) ) ;
#682 = SURFACE_STYLE_FILL_AREA ( #4456 ) ;
#683 = VECTOR ( 'NONE', #5326, 1000.000000000000000 ) ;
#684 = ADVANCED_FACE ( 'NONE', ( #1028 ), #1101, .T. ) ;
#685 = MECHANICAL_DESIGN_GEOMETRIC_PRESENTATION_REPRESENTATION (  '', ( #4740 ), #7386 ) ;
#686 = VECTOR ( 'NONE', #6222, 1000.000000000000000 ) ;
#687 = ORIENTED_EDGE ( 'NONE', *, *, #5507, .F. ) ;
#688 = FACE_OUTER_BOUND ( 'NONE', #7098, .T. ) ;
#689 = DIRECTION ( 'NONE',  ( -3.854941057726238097E-16, 1.000000000000000000, 0.0000000000000000000 ) ) ;
#690 = COLOUR_RGB ( '',0.6666666666666666297, 0.6980392156862744724, 0.7686274509803920907 ) ;
#691 = CARTESIAN_POINT ( 'NONE',  ( 2.499999999999998668, 12.65000000000000213, -12.95000000000000107 ) ) ;
#692 = VERTEX_POINT ( 'NONE', #5677 ) ;
#693 = FILL_AREA_STYLE_COLOUR ( '', #919 ) ;
#694 = ADVANCED_FACE ( 'NONE', ( #6887 ), #4430, .F. ) ;
#695 = EDGE_LOOP ( 'NONE', ( #1411, #441, #3389, #5031 ) ) ;
#696 = AXIS2_PLACEMENT_3D ( 'NONE', #6838, #3720, #7527 ) ;
#697 =( GEOMETRIC_REPRESENTATION_CONTEXT ( 3 ) GLOBAL_UNCERTAINTY_ASSIGNED_CONTEXT ( ( #4563 ) ) GLOBAL_UNIT_ASSIGNED_CONTEXT ( ( #6398, #5684, #7712 ) ) REPRESENTATION_CONTEXT ( 'NONE', 'WORKASPACE' ) );
#698 =( NAMED_UNIT ( * ) PLANE_ANGLE_UNIT ( ) SI_UNIT ( $, .RADIAN. ) );
#699 =( NAMED_UNIT ( * ) SI_UNIT ( $, .STERADIAN. ) SOLID_ANGLE_UNIT ( ) );
#700 = SURFACE_STYLE_FILL_AREA ( #5678 ) ;
#701 =( GEOMETRIC_REPRESENTATION_CONTEXT ( 3 ) GLOBAL_UNCERTAINTY_ASSIGNED_CONTEXT ( ( #6452 ) ) GLOBAL_UNIT_ASSIGNED_CONTEXT ( ( #4202, #4742, #3584 ) ) REPRESENTATION_CONTEXT ( 'NONE', 'WORKASPACE' ) );
#702 = LINE ( 'NONE', #6261, #4091 ) ;
#703 = ORIENTED_EDGE ( 'NONE', *, *, #1049, .F. ) ;
#704 = SURFACE_STYLE_USAGE ( .BOTH. , #1310 ) ;
#705 =( NAMED_UNIT ( * ) PLANE_ANGLE_UNIT ( ) SI_UNIT ( $, .RADIAN. ) );
#706 = UNCERTAINTY_MEASURE_WITH_UNIT (LENGTH_MEASURE( 1.000000000000000082E-05 ), #793, 'distance_accuracy_value', 'NONE');
#707 = FILL_AREA_STYLE ('',( #1930 ) ) ;
#708 = COLOUR_RGB ( '',0.6666666666666666297, 0.6980392156862744724, 0.7686274509803920907 ) ;
#709 = VERTEX_POINT ( 'NONE', #4473 ) ;
#710 = EDGE_LOOP ( 'NONE', ( #950, #1044, #3320, #2625 ) ) ;
#711 =( NAMED_UNIT ( * ) SI_UNIT ( $, .STERADIAN. ) SOLID_ANGLE_UNIT ( ) );
#712 = DIRECTION ( 'NONE',  ( -1.000000000000000000, 0.0000000000000000000, -0.0000000000000000000 ) ) ;
#713 = VECTOR ( 'NONE', #6544, 1000.000000000000000 ) ;
#714 = CARTESIAN_POINT ( 'NONE',  ( -6.349999999999998757, 5.950000000000001066, -8.250000000000000000 ) ) ;
#715 =( LENGTH_UNIT ( ) NAMED_UNIT ( * ) SI_UNIT ( .MILLI., .METRE. ) );
#716 = UNCERTAINTY_MEASURE_WITH_UNIT (LENGTH_MEASURE( 1.000000000000000082E-05 ), #7779, 'distance_accuracy_value', 'NONE');
#717 = CARTESIAN_POINT ( 'NONE',  ( 4.199999999999989519, 6.650000000000001243, -9.550000000000000711 ) ) ;
#718 = ORIENTED_EDGE ( 'NONE', *, *, #628, .F. ) ;
#719 = SURFACE_SIDE_STYLE ('',( #1904 ) ) ;
#720 = EDGE_LOOP ( 'NONE', ( #13, #7090, #3797, #2501 ) ) ;
#721 = FACE_OUTER_BOUND ( 'NONE', #5248, .T. ) ;
#722 = LINE ( 'NONE', #3751, #5234 ) ;
#723 = SURFACE_STYLE_USAGE ( .BOTH. , #63 ) ;
#724 = ORIENTED_EDGE ( 'NONE', *, *, #4151, .F. ) ;
#725 = ORIENTED_EDGE ( 'NONE', *, *, #4392, .T. ) ;
#726 = DIRECTION ( 'NONE',  ( 1.000000000000000000, -2.820688578824076945E-16, -0.0000000000000000000 ) ) ;
#727 = CLOSED_SHELL ( 'NONE', ( #3902, #86, #4612, #7475 ) ) ;
#728 =( NAMED_UNIT ( * ) SI_UNIT ( $, .STERADIAN. ) SOLID_ANGLE_UNIT ( ) );
#729 = CARTESIAN_POINT ( 'NONE',  ( 12.85000000000000320, 15.20000000000000639, 13.05000000000000071 ) ) ;
#730 = EDGE_CURVE ( 'NONE', #6293, #5129, #5034, .T. ) ;
#731 = ORIENTED_EDGE ( 'NONE', *, *, #6221, .T. ) ;
#732 = MECHANICAL_DESIGN_GEOMETRIC_PRESENTATION_REPRESENTATION (  '', ( #6217 ), #2409 ) ;
#733 = SURFACE_STYLE_FILL_AREA ( #1344 ) ;
#734 = ORIENTED_EDGE ( 'NONE', *, *, #1333, .F. ) ;
#735 = CARTESIAN_POINT ( 'NONE',  ( -10.00000000000000000, -4.000000000000000000, -11.25000000000000000 ) ) ;
#736 = COLOUR_RGB ( '',0.6666666666666666297, 0.6980392156862744724, 0.7686274509803920907 ) ;
#737 = LINE ( 'NONE', #8069, #7840 ) ;
#738 = SURFACE_SIDE_STYLE ('',( #5549 ) ) ;
#739 = CARTESIAN_POINT ( 'NONE',  ( -10.00000000000000000, -4.000000000000000000, -11.25000000000000000 ) ) ;
#740 = LINE ( 'NONE', #2371, #4953 ) ;
#741 = CARTESIAN_POINT ( 'NONE',  ( -1.000000000000000888, 2.200000000000000178, 12.60000000000000142 ) ) ;
#742 = COLOUR_RGB ( '',0.1019607843137254888, 0.1019607843137254888, 0.1019607843137254888 ) ;
#743 = SURFACE_STYLE_FILL_AREA ( #5079 ) ;
#744 = DIRECTION ( 'NONE',  ( 0.0000000000000000000, 0.0000000000000000000, 1.000000000000000000 ) ) ;
#745 = ORIENTED_EDGE ( 'NONE', *, *, #3498, .F. ) ;
#746 = ADVANCED_FACE ( 'NONE', ( #4519 ), #3769, .T. ) ;
#747 = ORIENTED_EDGE ( 'NONE', *, *, #1903, .T. ) ;
#748 = PRESENTATION_LAYER_ASSIGNMENT (  '', '', ( #620 ) ) ;
#749 =( LENGTH_UNIT ( ) NAMED_UNIT ( * ) SI_UNIT ( .MILLI., .METRE. ) );
#750 = COLOUR_RGB ( '',1.000000000000000000, 1.000000000000000000, 1.000000000000000000 ) ;
#751 = SURFACE_SIDE_STYLE ('',( #3127 ) ) ;
#752 = FILL_AREA_STYLE ('',( #6360 ) ) ;
#753 = COLOUR_RGB ( '',0.2980392156862745057, 0.2980392156862745057, 0.2980392156862745057 ) ;
#754 = SURFACE_STYLE_FILL_AREA ( #6361 ) ;
#755 =( NAMED_UNIT ( * ) PLANE_ANGLE_UNIT ( ) SI_UNIT ( $, .RADIAN. ) );
#756 =( NAMED_UNIT ( * ) PLANE_ANGLE_UNIT ( ) SI_UNIT ( $, .RADIAN. ) );
#757 = ORIENTED_EDGE ( 'NONE', *, *, #4180, .F. ) ;
#758 = VECTOR ( 'NONE', #6762, 1000.000000000000000 ) ;
#759 = ORIENTED_EDGE ( 'NONE', *, *, #5183, .F. ) ;
#760 = SURFACE_SIDE_STYLE ('',( #3994 ) ) ;
#761 = CARTESIAN_POINT ( 'NONE',  ( -2.499999999999998224, 15.00000000000000000, 0.0000000000000000000 ) ) ;
#762 = DIRECTION ( 'NONE',  ( 0.0000000000000000000, 0.0000000000000000000, 1.000000000000000000 ) ) ;
#763 = PRESENTATION_STYLE_ASSIGNMENT (( #3384 ) ) ;
#764 = ORIENTED_EDGE ( 'NONE', *, *, #2387, .F. ) ;
#765 = FILL_AREA_STYLE ('',( #6375 ) ) ;
#766 = ORIENTED_EDGE ( 'NONE', *, *, #4649, .F. ) ;
#767 = DIRECTION ( 'NONE',  ( 0.9274414720324122285, -0.3739683354969405293, 0.0000000000000000000 ) ) ;
#768 = DIRECTION ( 'NONE',  ( -0.0000000000000000000, -0.0000000000000000000, -1.000000000000000000 ) ) ;
#769 = VERTEX_POINT ( 'NONE', #3810 ) ;
#770 = SURFACE_SIDE_STYLE ('',( #733 ) ) ;
#771 = DIRECTION ( 'NONE',  ( 1.000000000000000000, 2.699958717473629988E-16, 0.0000000000000000000 ) ) ;
#772 = ORIENTED_EDGE ( 'NONE', *, *, #7417, .T. ) ;
#773 = AXIS2_PLACEMENT_3D ( 'NONE', #3535, #1735, #2956 ) ;
#774 = ADVANCED_FACE ( 'NONE', ( #7106 ), #1392, .F. ) ;
#775 =( GEOMETRIC_REPRESENTATION_CONTEXT ( 3 ) GLOBAL_UNCERTAINTY_ASSIGNED_CONTEXT ( ( #7891 ) ) GLOBAL_UNIT_ASSIGNED_CONTEXT ( ( #8001, #122, #3611 ) ) REPRESENTATION_CONTEXT ( 'NONE', 'WORKASPACE' ) );
#776 =( NAMED_UNIT ( * ) PLANE_ANGLE_UNIT ( ) SI_UNIT ( $, .RADIAN. ) );
#777 =( LENGTH_UNIT ( ) NAMED_UNIT ( * ) SI_UNIT ( .MILLI., .METRE. ) );
#778 = CIRCLE ( 'NONE', #5348, 0.3499999999999996447 ) ;
#779 =( LENGTH_UNIT ( ) NAMED_UNIT ( * ) SI_UNIT ( .MILLI., .METRE. ) );
#780 = SURFACE_STYLE_FILL_AREA ( #5162 ) ;
#781 = PLANE ( 'NONE',  #2600 ) ;
#782 = CARTESIAN_POINT ( 'NONE',  ( 6.349999999999977440, 15.75000000000000355, 8.199999999999997513 ) ) ;
#783 = VERTEX_POINT ( 'NONE', #7749 ) ;
#784 = CARTESIAN_POINT ( 'NONE',  ( -6.149999999999997691, 5.750000000000000000, -8.250000000000000000 ) ) ;
#785 = DIRECTION ( 'NONE',  ( -0.0000000000000000000, -1.000000000000000000, -0.0000000000000000000 ) ) ;
#786 = CARTESIAN_POINT ( 'NONE',  ( -6.000000000000000000, 15.00000000000000000, 8.250000000000000000 ) ) ;
#787 = UNCERTAINTY_MEASURE_WITH_UNIT (LENGTH_MEASURE( 1.000000000000000082E-05 ), #4444, 'distance_accuracy_value', 'NONE');
#788 =( NAMED_UNIT ( * ) SI_UNIT ( $, .STERADIAN. ) SOLID_ANGLE_UNIT ( ) );
#789 = EDGE_CURVE ( 'NONE', #592, #4445, #5893, .T. ) ;
#790 = ORIENTED_EDGE ( 'NONE', *, *, #5569, .T. ) ;
#791 = ORIENTED_EDGE ( 'NONE', *, *, #4504, .T. ) ;
#792 = VECTOR ( 'NONE', #1658, 1000.000000000000000 ) ;
#793 =( LENGTH_UNIT ( ) NAMED_UNIT ( * ) SI_UNIT ( .MILLI., .METRE. ) );
#794 = EDGE_CURVE ( 'NONE', #8149, #2149, #941, .T. ) ;
#795 =( LENGTH_UNIT ( ) NAMED_UNIT ( * ) SI_UNIT ( .MILLI., .METRE. ) );
#796 = SURFACE_STYLE_USAGE ( .BOTH. , #1979 ) ;
#797 = ADVANCED_FACE ( 'NONE', ( #6477 ), #4635, .F. ) ;
#798 = UNCERTAINTY_MEASURE_WITH_UNIT (LENGTH_MEASURE( 1.000000000000000082E-05 ), #5888, 'distance_accuracy_value', 'NONE');
#799 = PRESENTATION_STYLE_ASSIGNMENT (( #7038 ) ) ;
#800 = VERTEX_POINT ( 'NONE', #2812 ) ;
#801 = STYLED_ITEM ( 'NONE', ( #7469 ), #6279 ) ;
#802 = SURFACE_SIDE_STYLE ('',( #3914 ) ) ;
#803 = FACE_OUTER_BOUND ( 'NONE', #1788, .T. ) ;
#804 = DIRECTION ( 'NONE',  ( 1.000000000000000000, 0.0000000000000000000, 0.0000000000000000000 ) ) ;
#805 = STYLED_ITEM ( 'NONE', ( #2498 ), #2639 ) ;
#806 = CARTESIAN_POINT ( 'NONE',  ( -12.59999999999999964, 6.000000000000000000, 12.09999999999999609 ) ) ;
#807 =( NAMED_UNIT ( * ) SI_UNIT ( $, .STERADIAN. ) SOLID_ANGLE_UNIT ( ) );
#808 = COLOUR_RGB ( '',0.1019607843137254888, 0.1019607843137254888, 0.1019607843137254888 ) ;
#809 = EDGE_CURVE ( 'NONE', #1372, #7782, #3934, .T. ) ;
#810 = CARTESIAN_POINT ( 'NONE',  ( 0.0000000000000000000, 0.0000000000000000000, 0.0000000000000000000 ) ) ;
#811 = UNCERTAINTY_MEASURE_WITH_UNIT (LENGTH_MEASURE( 1.000000000000000082E-05 ), #5239, 'distance_accuracy_value', 'NONE');
#812 = ORIENTED_EDGE ( 'NONE', *, *, #8029, .F. ) ;
#813 = MECHANICAL_DESIGN_GEOMETRIC_PRESENTATION_REPRESENTATION (  '', ( #1977 ), #7105 ) ;
#814 = FILL_AREA_STYLE_COLOUR ( '', #5873 ) ;
#815 = ORIENTED_EDGE ( 'NONE', *, *, #3964, .F. ) ;
#816 = VECTOR ( 'NONE', #1318, 1000.000000000000000 ) ;
#817 =( GEOMETRIC_REPRESENTATION_CONTEXT ( 3 ) GLOBAL_UNCERTAINTY_ASSIGNED_CONTEXT ( ( #1529 ) ) GLOBAL_UNIT_ASSIGNED_CONTEXT ( ( #4970, #6866, #1906 ) ) REPRESENTATION_CONTEXT ( 'NONE', 'WORKASPACE' ) );
#818 = CARTESIAN_POINT ( 'NONE',  ( -5.000000000000000000, 2.200000000000000178, 11.59999999999999964 ) ) ;
#819 = EDGE_LOOP ( 'NONE', ( #7490, #7508, #3696, #5782 ) ) ;
#820 = SURFACE_SIDE_STYLE ('',( #1472 ) ) ;
#821 =( GEOMETRIC_REPRESENTATION_CONTEXT ( 3 ) GLOBAL_UNCERTAINTY_ASSIGNED_CONTEXT ( ( #6692 ) ) GLOBAL_UNIT_ASSIGNED_CONTEXT ( ( #715, #1274, #4400 ) ) REPRESENTATION_CONTEXT ( 'NONE', 'WORKASPACE' ) );
#822 = EDGE_CURVE ( 'NONE', #7235, #2458, #3381, .T. ) ;
#823 = CIRCLE ( 'NONE', #1719, 0.5000000000000004441 ) ;
#824 = ORIENTED_EDGE ( 'NONE', *, *, #3223, .T. ) ;
#825 = AXIS2_PLACEMENT_3D ( 'NONE', #7419, #8002, #4879 ) ;
#826 = AXIS2_PLACEMENT_3D ( 'NONE', #5597, #6133, #46 ) ;
#827 = DIRECTION ( 'NONE',  ( 0.0000000000000000000, 0.0000000000000000000, -1.000000000000000000 ) ) ;
#828 = DIRECTION ( 'NONE',  ( 0.0000000000000000000, 0.0000000000000000000, -1.000000000000000000 ) ) ;
#829 = SURFACE_STYLE_FILL_AREA ( #3437 ) ;
#830 = DIRECTION ( 'NONE',  ( -0.0000000000000000000, -0.0000000000000000000, 1.000000000000000000 ) ) ;
#831 = VERTEX_POINT ( 'NONE', #282 ) ;
#832 = STYLED_ITEM ( 'NONE', ( #4216 ), #3214 ) ;
#833 = CARTESIAN_POINT ( 'NONE',  ( -6.000000000000000000, 0.0000000000000000000, -8.249999999999991118 ) ) ;
#834 = CARTESIAN_POINT ( 'NONE',  ( -12.09999999999999787, 2.200000000000000178, -12.59999999999999964 ) ) ;
#835 = VECTOR ( 'NONE', #2449, 1000.000000000000114 ) ;
#836 = ORIENTED_EDGE ( 'NONE', *, *, #4641, .F. ) ;
#837 = PRESENTATION_LAYER_ASSIGNMENT (  '', '', ( #2023 ) ) ;
#838 = ORIENTED_EDGE ( 'NONE', *, *, #6350, .F. ) ;
#839 = COLOUR_RGB ( '',0.1019607843137254888, 0.1019607843137254888, 0.1019607843137254888 ) ;
#840 = PRESENTATION_STYLE_ASSIGNMENT (( #6443 ) ) ;
#841 = EDGE_CURVE ( 'NONE', #1372, #783, #7743, .T. ) ;
#842 = DIRECTION ( 'NONE',  ( -3.854941057726238097E-16, 1.000000000000000000, 0.0000000000000000000 ) ) ;
#843 =( NAMED_UNIT ( * ) SI_UNIT ( $, .STERADIAN. ) SOLID_ANGLE_UNIT ( ) );
#844 = CARTESIAN_POINT ( 'NONE',  ( -12.75000000000000178, 15.75000000000000000, -12.95000000000000107 ) ) ;
#845 = VERTEX_POINT ( 'NONE', #6123 ) ;
#846 = VECTOR ( 'NONE', #7087, 1000.000000000000000 ) ;
#847 = PRESENTATION_STYLE_ASSIGNMENT (( #3481 ) ) ;
#848 =( NAMED_UNIT ( * ) SI_UNIT ( $, .STERADIAN. ) SOLID_ANGLE_UNIT ( ) );
#849 = ADVANCED_FACE ( 'NONE', ( #1707 ), #2975, .F. ) ;
#850 = CARTESIAN_POINT ( 'NONE',  ( -1.999999999999998224, 12.75000000000000178, 12.60000000000000142 ) ) ;
#851 = CARTESIAN_POINT ( 'NONE',  ( 10.00000000000000000, 2.200000000000000178, -11.25000000000000000 ) ) ;
#852 = LINE ( 'NONE', #806, #2867 ) ;
#853 =( NAMED_UNIT ( * ) PLANE_ANGLE_UNIT ( ) SI_UNIT ( $, .RADIAN. ) );
#854 = SURFACE_STYLE_FILL_AREA ( #1505 ) ;
#855 = DIRECTION ( 'NONE',  ( 0.0000000000000000000, 0.0000000000000000000, -1.000000000000000000 ) ) ;
#856 = VERTEX_POINT ( 'NONE', #4168 ) ;
#857 = ORIENTED_EDGE ( 'NONE', *, *, #5461, .F. ) ;
#858 = DIRECTION ( 'NONE',  ( -1.000000000000000000, 3.469446951953614189E-16, 0.0000000000000000000 ) ) ;
#859 = EDGE_CURVE ( 'NONE', #4282, #7733, #7313, .T. ) ;
#860 = EDGE_CURVE ( 'NONE', #108, #7316, #1632, .T. ) ;
#861 = LINE ( 'NONE', #3323, #7810 ) ;
#862 = CARTESIAN_POINT ( 'NONE',  ( -12.74999999999999822, 15.19999999999999929, 12.95000000000000107 ) ) ;
#863 = ORIENTED_EDGE ( 'NONE', *, *, #7883, .F. ) ;
#864 =( NAMED_UNIT ( * ) SI_UNIT ( $, .STERADIAN. ) SOLID_ANGLE_UNIT ( ) );
#865 = VECTOR ( 'NONE', #2673, 1000.000000000000000 ) ;
#866 = DIRECTION ( 'NONE',  ( 0.0000000000000000000, 1.000000000000000000, 0.0000000000000000000 ) ) ;
#867 = AXIS2_PLACEMENT_3D ( 'NONE', #4124, #7393, #1742 ) ;
#868 = DIRECTION ( 'NONE',  ( 0.0000000000000000000, 0.0000000000000000000, -1.000000000000000000 ) ) ;
#869 = CARTESIAN_POINT ( 'NONE',  ( -8.999999999999998224, 15.00000000000000000, 8.250000000000000000 ) ) ;
#870 = SURFACE_STYLE_USAGE ( .BOTH. , #3401 ) ;
#871 = MECHANICAL_DESIGN_GEOMETRIC_PRESENTATION_REPRESENTATION (  '', ( #6355 ), #3603 ) ;
#872 = VERTEX_POINT ( 'NONE', #7986 ) ;
#873 = PRESENTATION_LAYER_ASSIGNMENT (  '', '', ( #3477 ) ) ;
#874 =( LENGTH_UNIT ( ) NAMED_UNIT ( * ) SI_UNIT ( .MILLI., .METRE. ) );
#875 = CYLINDRICAL_SURFACE ( 'NONE', #3471, 3.000000000000000444 ) ;
#876 = VERTEX_POINT ( 'NONE', #7948 ) ;
#877 = VECTOR ( 'NONE', #7355, 1000.000000000000000 ) ;
#878 = ORIENTED_EDGE ( 'NONE', *, *, #4868, .F. ) ;
#879 = VECTOR ( 'NONE', #3314, 1000.000000000000000 ) ;
#880 = PLANE ( 'NONE',  #7522 ) ;
#881 = DIRECTION ( 'NONE',  ( -1.000000000000000000, 0.0000000000000000000, 0.0000000000000000000 ) ) ;
#882 = UNCERTAINTY_MEASURE_WITH_UNIT (LENGTH_MEASURE( 1.000000000000000082E-05 ), #7824, 'distance_accuracy_value', 'NONE');
#883 = ORIENTED_EDGE ( 'NONE', *, *, #2692, .T. ) ;
#884 = COLOUR_RGB ( '',1.000000000000000000, 0.9372549019607843146, 0.1372549019607843257 ) ;
#885 = EDGE_CURVE ( 'NONE', #6184, #6016, #1667, .T. ) ;
#886 = VECTOR ( 'NONE', #639, 1000.000000000000000 ) ;
#887 = MECHANICAL_DESIGN_GEOMETRIC_PRESENTATION_REPRESENTATION (  '', ( #490 ), #7455 ) ;
#888 = SURFACE_STYLE_USAGE ( .BOTH. , #6413 ) ;
#889 =( GEOMETRIC_REPRESENTATION_CONTEXT ( 3 ) GLOBAL_UNCERTAINTY_ASSIGNED_CONTEXT ( ( #6602 ) ) GLOBAL_UNIT_ASSIGNED_CONTEXT ( ( #2541, #5611, #3951 ) ) REPRESENTATION_CONTEXT ( 'NONE', 'WORKASPACE' ) );
#890 = CARTESIAN_POINT ( 'NONE',  ( -12.84999999999999964, 15.19999999999999929, -13.05000000000000071 ) ) ;
#891 = PLANE ( 'NONE',  #540 ) ;
#892 = UNCERTAINTY_MEASURE_WITH_UNIT (LENGTH_MEASURE( 1.000000000000000082E-05 ), #3594, 'distance_accuracy_value', 'NONE');
#893 = ORIENTED_EDGE ( 'NONE', *, *, #7796, .T. ) ;
#894 = COLOUR_RGB ( '',0.1019607843137254888, 0.1019607843137254888, 0.1019607843137254888 ) ;
#895 = ADVANCED_FACE ( 'NONE', ( #489 ), #3514, .T. ) ;
#896 = VERTEX_POINT ( 'NONE', #8020 ) ;
#897 = FILL_AREA_STYLE_COLOUR ( '', #6812 ) ;
#898 = FILL_AREA_STYLE ('',( #2688 ) ) ;
#899 = VERTEX_POINT ( 'NONE', #6397 ) ;
#900 = CARTESIAN_POINT ( 'NONE',  ( 3.750000000000000000, 15.75000000000000355, -9.550000000000000711 ) ) ;
#901 = AXIS2_PLACEMENT_3D ( 'NONE', #651, #2520, #3142 ) ;
#902 = DIRECTION ( 'NONE',  ( 0.0000000000000000000, 0.0000000000000000000, 1.000000000000000000 ) ) ;
#903 = ORIENTED_EDGE ( 'NONE', *, *, #1896, .F. ) ;
#904 = EDGE_CURVE ( 'NONE', #8123, #769, #6313, .T. ) ;
#905 = DIRECTION ( 'NONE',  ( -0.9761870601839527373, -0.2169304578186563026, 0.0000000000000000000 ) ) ;
#906 = EDGE_CURVE ( 'NONE', #2507, #1885, #7594, .T. ) ;
#907 = COLOUR_RGB ( '',1.000000000000000000, 0.9372549019607843146, 0.1372549019607843257 ) ;
#908 = SURFACE_STYLE_FILL_AREA ( #1591 ) ;
#909 = CARTESIAN_POINT ( 'NONE',  ( -4.199999999999989519, 11.94999999999999929, 8.199999999999997513 ) ) ;
#910 = DIRECTION ( 'NONE',  ( 0.0000000000000000000, -1.000000000000000000, 0.0000000000000000000 ) ) ;
#911 = LINE ( 'NONE', #869, #2529 ) ;
#912 = ORIENTED_EDGE ( 'NONE', *, *, #2048, .T. ) ;
#913 = VECTOR ( 'NONE', #4676, 1000.000000000000000 ) ;
#914 = VERTEX_POINT ( 'NONE', #4477 ) ;
#915 = CIRCLE ( 'NONE', #7760, 0.3499999999999996447 ) ;
#916 = ORIENTED_EDGE ( 'NONE', *, *, #1432, .F. ) ;
#917 = SURFACE_STYLE_FILL_AREA ( #4527 ) ;
#918 = FILL_AREA_STYLE ('',( #3345 ) ) ;
#919 = COLOUR_RGB ( '',0.1019607843137254888, 0.1019607843137254888, 0.1019607843137254888 ) ;
#920 = COLOUR_RGB ( '',0.1019607843137254888, 0.1019607843137254888, 0.1019607843137254888 ) ;
#921 = AXIS2_PLACEMENT_3D ( 'NONE', #4244, #4746, #3587 ) ;
#922 = EDGE_CURVE ( 'NONE', #1868, #2380, #2088, .T. ) ;
#923 = FILL_AREA_STYLE_COLOUR ( '', #2351 ) ;
#924 = PRESENTATION_STYLE_ASSIGNMENT (( #6608 ) ) ;
#925 = VECTOR ( 'NONE', #200, 1000.000000000000114 ) ;
#926 = ORIENTED_EDGE ( 'NONE', *, *, #1999, .T. ) ;
#927 = CARTESIAN_POINT ( 'NONE',  ( 12.59999999999999964, 2.200000000000000178, 9.550000000000004263 ) ) ;
#928 = DIRECTION ( 'NONE',  ( 0.0000000000000000000, 0.0000000000000000000, 1.000000000000000000 ) ) ;
#929 = ORIENTED_EDGE ( 'NONE', *, *, #4596, .F. ) ;
#930 = DIRECTION ( 'NONE',  ( 0.0000000000000000000, -0.0000000000000000000, -1.000000000000000000 ) ) ;
#931 = CARTESIAN_POINT ( 'NONE',  ( 12.09999999999999609, 6.000000000000000000, 12.59999999999999964 ) ) ;
#932 = ADVANCED_FACE ( 'NONE', ( #5122 ), #7753, .F. ) ;
#933 = CARTESIAN_POINT ( 'NONE',  ( -8.999999999999998224, 2.200000000000000622, 8.250000000000000000 ) ) ;
#934 = VERTEX_POINT ( 'NONE', #833 ) ;
#935 = VECTOR ( 'NONE', #5294, 1000.000000000000000 ) ;
#936 =( GEOMETRIC_REPRESENTATION_CONTEXT ( 3 ) GLOBAL_UNCERTAINTY_ASSIGNED_CONTEXT ( ( #5356 ) ) GLOBAL_UNIT_ASSIGNED_CONTEXT ( ( #2796, #3963, #1458 ) ) REPRESENTATION_CONTEXT ( 'NONE', 'WORKASPACE' ) );
#937 = DIRECTION ( 'NONE',  ( 1.000000000000000000, 0.0000000000000000000, 0.0000000000000000000 ) ) ;
#938 = FILL_AREA_STYLE ('',( #3933 ) ) ;
#939 = PRESENTATION_LAYER_ASSIGNMENT (  '', '', ( #7115 ) ) ;
#940 = EDGE_CURVE ( 'NONE', #4208, #8149, #3245, .T. ) ;
#941 = LINE ( 'NONE', #3285, #1412 ) ;
#942 = CARTESIAN_POINT ( 'NONE',  ( -8.000000000000000000, 13.99999999999999822, -9.050000000000000711 ) ) ;
#943 = VECTOR ( 'NONE', #630, 1000.000000000000000 ) ;
#944 = CARTESIAN_POINT ( 'NONE',  ( -5.799999999999999822, 10.34999999999998899, 8.199999999999997513 ) ) ;
#945 = PRESENTATION_LAYER_ASSIGNMENT (  '', '', ( #6976 ) ) ;
#946 = CARTESIAN_POINT ( 'NONE',  ( -5.000000000000000000, -4.000000000000000000, 11.59999999999999964 ) ) ;
#947 = ORIENTED_EDGE ( 'NONE', *, *, #3479, .T. ) ;
#948 = SURFACE_STYLE_USAGE ( .BOTH. , #5243 ) ;
#949 = ORIENTED_EDGE ( 'NONE', *, *, #7437, .F. ) ;
#950 = ORIENTED_EDGE ( 'NONE', *, *, #4180, .T. ) ;
#951 = FILL_AREA_STYLE_COLOUR ( '', #3101 ) ;
#952 = EDGE_CURVE ( 'NONE', #108, #2931, #5733, .T. ) ;
#953 = AXIS2_PLACEMENT_3D ( 'NONE', #6121, #7947, #2348 ) ;
#954 = DIRECTION ( 'NONE',  ( 0.0000000000000000000, 0.0000000000000000000, -1.000000000000000000 ) ) ;
#955 = AXIS2_PLACEMENT_3D ( 'NONE', #1320, #5174, #7673 ) ;
#956 = CIRCLE ( 'NONE', #5509, 0.3499999999999996447 ) ;
#957 = LINE ( 'NONE', #4651, #625 ) ;
#958 = CARTESIAN_POINT ( 'NONE',  ( -5.899999999999998579, 6.500000000000000888, 9.050000000000000711 ) ) ;
#959 = SURFACE_STYLE_USAGE ( .BOTH. , #7691 ) ;
#960 = DIRECTION ( 'NONE',  ( 0.0000000000000000000, -1.000000000000000000, 0.0000000000000000000 ) ) ;
#961 = DIRECTION ( 'NONE',  ( -1.314184451497581752E-16, -1.000000000000000000, 0.0000000000000000000 ) ) ;
#962 = CYLINDRICAL_SURFACE ( 'NONE', #5252, 0.3499999999999996447 ) ;
#963 = FILL_AREA_STYLE_COLOUR ( '', #3754 ) ;
#964 = UNCERTAINTY_MEASURE_WITH_UNIT (LENGTH_MEASURE( 1.000000000000000082E-05 ), #3227, 'distance_accuracy_value', 'NONE');
#965 = CARTESIAN_POINT ( 'NONE',  ( -3.750000000000001776, 15.75000000000000355, -9.550000000000000711 ) ) ;
#966 = ORIENTED_EDGE ( 'NONE', *, *, #6436, .F. ) ;
#967 = MECHANICAL_DESIGN_GEOMETRIC_PRESENTATION_REPRESENTATION (  '', ( #2671 ), #7414 ) ;
#968 = DIRECTION ( 'NONE',  ( 0.0000000000000000000, 0.0000000000000000000, -1.000000000000000000 ) ) ;
#969 = ORIENTED_EDGE ( 'NONE', *, *, #3150, .T. ) ;
#970 = SURFACE_STYLE_FILL_AREA ( #3362 ) ;
#971 =( NAMED_UNIT ( * ) SI_UNIT ( $, .STERADIAN. ) SOLID_ANGLE_UNIT ( ) );
#972 = VERTEX_POINT ( 'NONE', #3336 ) ;
#973 = FILL_AREA_STYLE ('',( #523 ) ) ;
#974 = SURFACE_SIDE_STYLE ('',( #908 ) ) ;
#975 = SURFACE_STYLE_FILL_AREA ( #5392 ) ;
#976 =( LENGTH_UNIT ( ) NAMED_UNIT ( * ) SI_UNIT ( .MILLI., .METRE. ) );
#977 = CYLINDRICAL_SURFACE ( 'NONE', #7347, 0.5000000000000004441 ) ;
#978 = CARTESIAN_POINT ( 'NONE',  ( -10.00000000000000000, -4.000000000000000000, 11.25000000000000000 ) ) ;
#979 = ORIENTED_EDGE ( 'NONE', *, *, #3615, .F. ) ;
#980 = SURFACE_STYLE_FILL_AREA ( #6668 ) ;
#981 = DIRECTION ( 'NONE',  ( 1.000000000000000000, 0.0000000000000000000, 0.0000000000000000000 ) ) ;
#982 = ORIENTED_EDGE ( 'NONE', *, *, #5431, .T. ) ;
#983 = SURFACE_SIDE_STYLE ('',( #1453 ) ) ;
#984 = DIRECTION ( 'NONE',  ( 1.000000000000000000, 0.0000000000000000000, -0.0000000000000000000 ) ) ;
#985 =( NAMED_UNIT ( * ) PLANE_ANGLE_UNIT ( ) SI_UNIT ( $, .RADIAN. ) );
#986 = CARTESIAN_POINT ( 'NONE',  ( -12.59999999999999964, 2.200000000000000178, 12.09999999999999609 ) ) ;
#987 = PRESENTATION_LAYER_ASSIGNMENT (  '', '', ( #2154 ) ) ;
#988 = DIRECTION ( 'NONE',  ( -0.7071067811865475727, 0.0000000000000000000, 0.7071067811865475727 ) ) ;
#989 = CARTESIAN_POINT ( 'NONE',  ( -8.999999999999998224, 0.9921485132883302027, 8.250000000000000000 ) ) ;
#990 = DIRECTION ( 'NONE',  ( -0.0000000000000000000, -0.0000000000000000000, -1.000000000000000000 ) ) ;
#991 = DIRECTION ( 'NONE',  ( -0.0000000000000000000, -0.0000000000000000000, -1.000000000000000000 ) ) ;
#992 = ADVANCED_FACE ( 'NONE', ( #127 ), #5820, .F. ) ;
#993 = EDGE_CURVE ( 'NONE', #1309, #4434, #4380, .T. ) ;
#994 = ORIENTED_EDGE ( 'NONE', *, *, #7489, .F. ) ;
#995 = CIRCLE ( 'NONE', #2284, 1.499999999999999556 ) ;
#996 = VERTEX_POINT ( 'NONE', #5629 ) ;
#997 =( NAMED_UNIT ( * ) PLANE_ANGLE_UNIT ( ) SI_UNIT ( $, .RADIAN. ) );
#998 = PRESENTATION_STYLE_ASSIGNMENT (( #2175 ) ) ;
#999 = LINE ( 'NONE', #5952, #6771 ) ;
#1000 = SURFACE_STYLE_FILL_AREA ( #1076 ) ;
#1001 = MECHANICAL_DESIGN_GEOMETRIC_PRESENTATION_REPRESENTATION (  '', ( #3887 ), #4141 ) ;
#1002 = DIRECTION ( 'NONE',  ( -0.0000000000000000000, -0.0000000000000000000, 1.000000000000000000 ) ) ;
#1003 = CARTESIAN_POINT ( 'NONE',  ( 5.999999999999997335, 2.200000000000000178, 8.250000000000001776 ) ) ;
#1004 =( LENGTH_UNIT ( ) NAMED_UNIT ( * ) SI_UNIT ( .MILLI., .METRE. ) );
#1005 = EDGE_LOOP ( 'NONE', ( #7627, #251, #3802, #1625 ) ) ;
#1006 =( NAMED_UNIT ( * ) PLANE_ANGLE_UNIT ( ) SI_UNIT ( $, .RADIAN. ) );
#1007 = EDGE_LOOP ( 'NONE', ( #3162, #1257, #7853, #34 ) ) ;
#1008 = CARTESIAN_POINT ( 'NONE',  ( -10.00000000000000000, 2.200000000000000178, 11.25000000000000000 ) ) ;
#1009 = PRESENTATION_LAYER_ASSIGNMENT (  '', '', ( #7854 ) ) ;
#1010 = CARTESIAN_POINT ( 'NONE',  ( -8.999999999999998224, 6.000000000000000000, 9.050000000000000711 ) ) ;
#1011 = ORIENTED_EDGE ( 'NONE', *, *, #5001, .F. ) ;
#1012 = FILL_AREA_STYLE_COLOUR ( '', #2675 ) ;
#1013 = CARTESIAN_POINT ( 'NONE',  ( 5.900000000000001243, 6.500000000000000888, 9.050000000000002487 ) ) ;
#1014 = VECTOR ( 'NONE', #7681, 1000.000000000000000 ) ;
#1015 = PRESENTATION_LAYER_ASSIGNMENT (  '', '', ( #5851 ) ) ;
#1016 = ORIENTED_EDGE ( 'NONE', *, *, #1997, .F. ) ;
#1017 = SURFACE_STYLE_USAGE ( .BOTH. , #360 ) ;
#1018 = STYLED_ITEM ( 'NONE', ( #5510 ), #637 ) ;
#1019 =( LENGTH_UNIT ( ) NAMED_UNIT ( * ) SI_UNIT ( .MILLI., .METRE. ) );
#1020 = FILL_AREA_STYLE ('',( #3633 ) ) ;
#1021 = PRESENTATION_STYLE_ASSIGNMENT (( #3677 ) ) ;
#1022 = DIRECTION ( 'NONE',  ( -0.0000000000000000000, 1.000000000000000000, -0.0000000000000000000 ) ) ;
#1023 = VERTEX_POINT ( 'NONE', #3845 ) ;
#1024 = EDGE_CURVE ( 'NONE', #2052, #4855, #67, .T. ) ;
#1025 = EDGE_LOOP ( 'NONE', ( #3463, #7055, #1723, #2649 ) ) ;
#1026 =( LENGTH_UNIT ( ) NAMED_UNIT ( * ) SI_UNIT ( .MILLI., .METRE. ) );
#1027 =( NAMED_UNIT ( * ) PLANE_ANGLE_UNIT ( ) SI_UNIT ( $, .RADIAN. ) );
#1028 = FACE_OUTER_BOUND ( 'NONE', #2536, .T. ) ;
#1029 =( NAMED_UNIT ( * ) PLANE_ANGLE_UNIT ( ) SI_UNIT ( $, .RADIAN. ) );
#1030 = LINE ( 'NONE', #5256, #5796 ) ;
#1031 = ORIENTED_EDGE ( 'NONE', *, *, #1230, .F. ) ;
#1032 = COLOUR_RGB ( '',0.1019607843137254888, 0.1019607843137254888, 0.1019607843137254888 ) ;
#1033 =( NAMED_UNIT ( * ) SI_UNIT ( $, .STERADIAN. ) SOLID_ANGLE_UNIT ( ) );
#1034 = COLOUR_RGB ( '',0.2980392156862745057, 0.2980392156862745057, 0.2980392156862745057 ) ;
#1035 = CARTESIAN_POINT ( 'NONE',  ( -8.999999999999994671, 2.199999999999998845, 8.250000000000000000 ) ) ;
#1036 = EDGE_CURVE ( 'NONE', #3581, #6244, #1918, .T. ) ;
#1037 = EDGE_CURVE ( 'NONE', #3279, #2722, #1217, .T. ) ;
#1038 = LINE ( 'NONE', #4115, #2873 ) ;
#1039 = LINE ( 'NONE', #6023, #6974 ) ;
#1040 = CARTESIAN_POINT ( 'NONE',  ( -2.499999999999998224, 15.00000000000000000, -9.050000000000000711 ) ) ;
#1041 = VERTEX_POINT ( 'NONE', #2434 ) ;
#1042 = STYLED_ITEM ( 'NONE', ( #7274 ), #1690 ) ;
#1043 = VECTOR ( 'NONE', #2393, 1000.000000000000000 ) ;
#1044 = ORIENTED_EDGE ( 'NONE', *, *, #7223, .F. ) ;
#1045 =( LENGTH_UNIT ( ) NAMED_UNIT ( * ) SI_UNIT ( .MILLI., .METRE. ) );
#1046 = DIRECTION ( 'NONE',  ( 0.0000000000000000000, -1.000000000000000000, 0.0000000000000000000 ) ) ;
#1047 = VECTOR ( 'NONE', #1426, 1000.000000000000000 ) ;
#1048 = ORIENTED_EDGE ( 'NONE', *, *, #7025, .T. ) ;
#1049 = EDGE_CURVE ( 'NONE', #6779, #4960, #6253, .T. ) ;
#1050 = CARTESIAN_POINT ( 'NONE',  ( 4.199999999999989519, 11.94999999999999929, -8.200000000000001066 ) ) ;
#1051 = STYLED_ITEM ( 'NONE', ( #1543 ), #6178 ) ;
#1052 = LINE ( 'NONE', #933, #7572 ) ;
#1053 = EDGE_LOOP ( 'NONE', ( #6480, #1189, #7549, #3066 ) ) ;
#1054 = COLOUR_RGB ( '',0.1019607843137254888, 0.1019607843137254888, 0.1019607843137254888 ) ;
#1055 = PRESENTATION_STYLE_ASSIGNMENT (( #3550 ) ) ;
#1056 = DIRECTION ( 'NONE',  ( -0.0000000000000000000, -0.0000000000000000000, -1.000000000000000000 ) ) ;
#1057 = SURFACE_SIDE_STYLE ('',( #2349 ) ) ;
#1058 = CARTESIAN_POINT ( 'NONE',  ( -4.000000000000000888, 15.00000000000000000, -8.250000000000000000 ) ) ;
#1059 = DIRECTION ( 'NONE',  ( -0.0000000000000000000, -1.000000000000000000, -0.0000000000000000000 ) ) ;
#1060 = VECTOR ( 'NONE', #6775, 1000.000000000000227 ) ;
#1061 = ORIENTED_EDGE ( 'NONE', *, *, #2748, .T. ) ;
#1062 = MECHANICAL_DESIGN_GEOMETRIC_PRESENTATION_REPRESENTATION (  '', ( #5490 ), #2229 ) ;
#1063 = ORIENTED_EDGE ( 'NONE', *, *, #5903, .F. ) ;
#1064 = SURFACE_STYLE_USAGE ( .BOTH. , #7237 ) ;
#1065 = FILL_AREA_STYLE ('',( #3602 ) ) ;
#1066 = VECTOR ( 'NONE', #577, 1000.000000000000000 ) ;
#1067 = SURFACE_SIDE_STYLE ('',( #4264 ) ) ;
#1068 = MECHANICAL_DESIGN_GEOMETRIC_PRESENTATION_REPRESENTATION (  '', ( #6981 ), #6449 ) ;
#1069 = ORIENTED_EDGE ( 'NONE', *, *, #6802, .F. ) ;
#1070 = VERTEX_POINT ( 'NONE', #6163 ) ;
#1071 = AXIS2_PLACEMENT_3D ( 'NONE', #3215, #7516, #4413 ) ;
#1072 = EDGE_CURVE ( 'NONE', #30, #1146, #3188, .T. ) ;
#1073 = SURFACE_STYLE_FILL_AREA ( #3079 ) ;
#1074 = MECHANICAL_DESIGN_GEOMETRIC_PRESENTATION_REPRESENTATION (  '', ( #36 ), #2773 ) ;
#1075 = VECTOR ( 'NONE', #344, 1000.000000000000000 ) ;
#1076 = FILL_AREA_STYLE ('',( #5444 ) ) ;
#1077 = DIRECTION ( 'NONE',  ( 0.0000000000000000000, 0.0000000000000000000, -1.000000000000000000 ) ) ;
#1078 = CARTESIAN_POINT ( 'NONE',  ( -12.75000000000000000, 6.650000000000000355, 9.550000000000000711 ) ) ;
#1079 = DIRECTION ( 'NONE',  ( 0.0000000000000000000, -1.000000000000000000, 0.0000000000000000000 ) ) ;
#1080 = VERTEX_POINT ( 'NONE', #5066 ) ;
#1081 = STYLED_ITEM ( 'NONE', ( #3030 ), #8071 ) ;
#1082 = VERTEX_POINT ( 'NONE', #3107 ) ;
#1083 = MECHANICAL_DESIGN_GEOMETRIC_PRESENTATION_REPRESENTATION (  '', ( #5799 ), #581 ) ;
#1084 = AXIS2_PLACEMENT_3D ( 'NONE', #2547, #3213, #4280 ) ;
#1085 = LINE ( 'NONE', #477, #5730 ) ;
#1086 = ORIENTED_EDGE ( 'NONE', *, *, #1497, .F. ) ;
#1087 =( NAMED_UNIT ( * ) PLANE_ANGLE_UNIT ( ) SI_UNIT ( $, .RADIAN. ) );
#1088 = PLANE ( 'NONE',  #921 ) ;
#1089 = DIRECTION ( 'NONE',  ( 0.0000000000000000000, -0.0000000000000000000, 1.000000000000000000 ) ) ;
#1090 = ORIENTED_EDGE ( 'NONE', *, *, #5027, .T. ) ;
#1091 = SURFACE_STYLE_USAGE ( .BOTH. , #7943 ) ;
#1092 = AXIS2_PLACEMENT_3D ( 'NONE', #739, #7463, #5476 ) ;
#1093 = DIRECTION ( 'NONE',  ( -0.0000000000000000000, -1.000000000000000000, -0.0000000000000000000 ) ) ;
#1094 = EDGE_CURVE ( 'NONE', #1885, #2507, #7326, .T. ) ;
#1095 = CARTESIAN_POINT ( 'NONE',  ( 5.000000000000000000, -4.000000000000000000, -11.25000000000000000 ) ) ;
#1096 = DIRECTION ( 'NONE',  ( 1.000000000000000000, 0.0000000000000000000, 0.0000000000000000000 ) ) ;
#1097 = DIRECTION ( 'NONE',  ( -0.0000000000000000000, -0.0000000000000000000, -1.000000000000000000 ) ) ;
#1098 = CIRCLE ( 'NONE', #454, 1.600000000000000755 ) ;
#1099 = VERTEX_POINT ( 'NONE', #7480 ) ;
#1100 = DIRECTION ( 'NONE',  ( 0.0000000000000000000, 0.0000000000000000000, 1.000000000000000000 ) ) ;
#1101 = PLANE ( 'NONE',  #622 ) ;
#1102 = DIRECTION ( 'NONE',  ( 1.000000000000000000, 0.0000000000000000000, 0.0000000000000000000 ) ) ;
#1103 =( LENGTH_UNIT ( ) NAMED_UNIT ( * ) SI_UNIT ( .MILLI., .METRE. ) );
#1104 = UNCERTAINTY_MEASURE_WITH_UNIT (LENGTH_MEASURE( 1.000000000000000082E-05 ), #1169, 'distance_accuracy_value', 'NONE');
#1105 = CYLINDRICAL_SURFACE ( 'NONE', #7669, 1.599999999999999423 ) ;
#1106 = VERTEX_POINT ( 'NONE', #7600 ) ;
#1107 = SURFACE_SIDE_STYLE ('',( #8035 ) ) ;
#1108 = PRESENTATION_LAYER_ASSIGNMENT (  '', '', ( #1759 ) ) ;
#1109 = FACE_OUTER_BOUND ( 'NONE', #8022, .T. ) ;
#1110 = CARTESIAN_POINT ( 'NONE',  ( 5.900000000000001243, 12.00000000000000000, 9.050000000000002487 ) ) ;
#1111 = DIRECTION ( 'NONE',  ( 0.0000000000000000000, 0.0000000000000000000, 1.000000000000000000 ) ) ;
#1112 = DIRECTION ( 'NONE',  ( 0.0000000000000000000, 1.000000000000000000, 0.0000000000000000000 ) ) ;
#1113 = CARTESIAN_POINT ( 'NONE',  ( -12.84999999999999609, 15.19999999999999929, 13.05000000000000071 ) ) ;
#1114 = DIRECTION ( 'NONE',  ( 0.0000000000000000000, 0.0000000000000000000, -1.000000000000000000 ) ) ;
#1115 = PLANE ( 'NONE',  #5705 ) ;
#1116 = COLOUR_RGB ( '',0.1019607843137254888, 0.1019607843137254888, 0.1019607843137254888 ) ;
#1117 = UNCERTAINTY_MEASURE_WITH_UNIT (LENGTH_MEASURE( 1.000000000000000082E-05 ), #7304, 'distance_accuracy_value', 'NONE');
#1118 = EDGE_CURVE ( 'NONE', #6244, #4321, #6213, .T. ) ;
#1119 = PRESENTATION_LAYER_ASSIGNMENT (  '', '', ( #2160 ) ) ;
#1120 = DIRECTION ( 'NONE',  ( 0.0000000000000000000, 0.0000000000000000000, -1.000000000000000000 ) ) ;
#1121 = VECTOR ( 'NONE', #4752, 1000.000000000000000 ) ;
#1122 = PRESENTATION_STYLE_ASSIGNMENT (( #3176 ) ) ;
#1123 = ORIENTED_EDGE ( 'NONE', *, *, #6291, .T. ) ;
#1124 = STYLED_ITEM ( 'NONE', ( #2306 ), #4915 ) ;
#1125 =( NAMED_UNIT ( * ) SI_UNIT ( $, .STERADIAN. ) SOLID_ANGLE_UNIT ( ) );
#1126 = DIRECTION ( 'NONE',  ( 0.0000000000000000000, 1.000000000000000000, -0.0000000000000000000 ) ) ;
#1127 = FILL_AREA_STYLE ('',( #2340 ) ) ;
#1128 = DIRECTION ( 'NONE',  ( 0.0000000000000000000, 0.0000000000000000000, -1.000000000000000000 ) ) ;
#1129 = AXIS2_PLACEMENT_3D ( 'NONE', #1765, #6064, #6192 ) ;
#1130 = COLOUR_RGB ( '',0.6666666666666666297, 0.6980392156862744724, 0.7686274509803920907 ) ;
#1131 = CARTESIAN_POINT ( 'NONE',  ( 1.958823529411766406, 12.56470588235293917, 8.250000000000000000 ) ) ;
#1132 = FACE_OUTER_BOUND ( 'NONE', #3006, .T. ) ;
#1133 = MECHANICAL_DESIGN_GEOMETRIC_PRESENTATION_REPRESENTATION (  '', ( #5056 ), #5193 ) ;
#1134 = CARTESIAN_POINT ( 'NONE',  ( 12.59999999999999964, 6.000000000000000000, 12.09999999999999609 ) ) ;
#1135 = EDGE_CURVE ( 'NONE', #1252, #2183, #4332, .T. ) ;
#1136 = STYLED_ITEM ( 'NONE', ( #1275 ), #5247 ) ;
#1137 = ADVANCED_FACE ( 'NONE', ( #6840 ), #5588, .T. ) ;
#1138 = EDGE_LOOP ( 'NONE', ( #5840, #7444, #5780, #1255 ) ) ;
#1139 = SURFACE_SIDE_STYLE ('',( #980 ) ) ;
#1140 = SURFACE_STYLE_FILL_AREA ( #4720 ) ;
#1141 =( NAMED_UNIT ( * ) SI_UNIT ( $, .STERADIAN. ) SOLID_ANGLE_UNIT ( ) );
#1142 =( GEOMETRIC_REPRESENTATION_CONTEXT ( 3 ) GLOBAL_UNCERTAINTY_ASSIGNED_CONTEXT ( ( #5710 ) ) GLOBAL_UNIT_ASSIGNED_CONTEXT ( ( #874, #4562, #2668 ) ) REPRESENTATION_CONTEXT ( 'NONE', 'WORKASPACE' ) );
#1143 = CARTESIAN_POINT ( 'NONE',  ( -9.000000000000001776, 0.9921485132883302027, -8.250000000000000000 ) ) ;
#1144 = SURFACE_STYLE_USAGE ( .BOTH. , #2448 ) ;
#1145 = CARTESIAN_POINT ( 'NONE',  ( 0.0000000000000000000, 15.00000000000000000, 0.0000000000000000000 ) ) ;
#1146 = VERTEX_POINT ( 'NONE', #862 ) ;
#1147 = CARTESIAN_POINT ( 'NONE',  ( -12.10000000000000142, 6.000000000000000000, -12.09999999999999964 ) ) ;
#1148 =( LENGTH_UNIT ( ) NAMED_UNIT ( * ) SI_UNIT ( .MILLI., .METRE. ) );
#1149 = FACE_OUTER_BOUND ( 'NONE', #367, .T. ) ;
#1150 = CARTESIAN_POINT ( 'NONE',  ( 0.9999999999999991118, 2.200000000000000622, -8.249999999999991118 ) ) ;
#1151 = LINE ( 'NONE', #6062, #7380 ) ;
#1152 = FILL_AREA_STYLE_COLOUR ( '', #4996 ) ;
#1153 = LINE ( 'NONE', #7421, #3492 ) ;
#1154 = VERTEX_POINT ( 'NONE', #7095 ) ;
#1155 = PRESENTATION_LAYER_ASSIGNMENT (  '', '', ( #3124 ) ) ;
#1156 = ORIENTED_EDGE ( 'NONE', *, *, #2266, .T. ) ;
#1157 =( GEOMETRIC_REPRESENTATION_CONTEXT ( 3 ) GLOBAL_UNCERTAINTY_ASSIGNED_CONTEXT ( ( #3566 ) ) GLOBAL_UNIT_ASSIGNED_CONTEXT ( ( #7040, #6047, #2201 ) ) REPRESENTATION_CONTEXT ( 'NONE', 'WORKASPACE' ) );
#1158 = CARTESIAN_POINT ( 'NONE',  ( 3.750000000000000000, 15.75000000000000355, -12.95000000000000107 ) ) ;
#1159 = CARTESIAN_POINT ( 'NONE',  ( -8.999999999999998224, 13.99999999999999822, 8.250000000000000000 ) ) ;
#1160 = EDGE_CURVE ( 'NONE', #5805, #7723, #111, .T. ) ;
#1161 = ORIENTED_EDGE ( 'NONE', *, *, #7271, .F. ) ;
#1162 = DIRECTION ( 'NONE',  ( 0.0000000000000000000, 1.000000000000000000, -0.0000000000000000000 ) ) ;
#1163 =( LENGTH_UNIT ( ) NAMED_UNIT ( * ) SI_UNIT ( .MILLI., .METRE. ) );
#1164 = DIRECTION ( 'NONE',  ( 0.0000000000000000000, 0.0000000000000000000, 1.000000000000000000 ) ) ;
#1165 = MECHANICAL_DESIGN_GEOMETRIC_PRESENTATION_REPRESENTATION (  '', ( #380 ), #3649 ) ;
#1166 = CARTESIAN_POINT ( 'NONE',  ( -9.000000000000001776, 6.500000000000000888, -9.050000000000000711 ) ) ;
#1167 = SURFACE_STYLE_FILL_AREA ( #4789 ) ;
#1168 = STYLED_ITEM ( 'NONE', ( #1832 ), #1795 ) ;
#1169 =( LENGTH_UNIT ( ) NAMED_UNIT ( * ) SI_UNIT ( .MILLI., .METRE. ) );
#1170 =( NAMED_UNIT ( * ) PLANE_ANGLE_UNIT ( ) SI_UNIT ( $, .RADIAN. ) );
#1171 = SURFACE_SIDE_STYLE ('',( #1880 ) ) ;
#1172 = VECTOR ( 'NONE', #5540, 1000.000000000000227 ) ;
#1173 = DIRECTION ( 'NONE',  ( 0.0000000000000000000, 0.0000000000000000000, 1.000000000000000000 ) ) ;
#1174 = EDGE_CURVE ( 'NONE', #7963, #972, #2004, .T. ) ;
#1175 = FILL_AREA_STYLE ('',( #6254 ) ) ;
#1176 = VERTEX_POINT ( 'NONE', #2607 ) ;
#1177 = UNCERTAINTY_MEASURE_WITH_UNIT (LENGTH_MEASURE( 1.000000000000000082E-05 ), #7538, 'distance_accuracy_value', 'NONE');
#1178 = MECHANICAL_DESIGN_GEOMETRIC_PRESENTATION_REPRESENTATION (  '', ( #3147 ), #1450 ) ;
#1179 = EDGE_CURVE ( 'NONE', #4208, #1343, #7014, .T. ) ;
#1180 = PLANE ( 'NONE',  #8095 ) ;
#1181 = VECTOR ( 'NONE', #8083, 1000.000000000000000 ) ;
#1182 =( NAMED_UNIT ( * ) SI_UNIT ( $, .STERADIAN. ) SOLID_ANGLE_UNIT ( ) );
#1183 = DIRECTION ( 'NONE',  ( -1.329290019905599182E-16, -1.094764425253763337E-47, -1.000000000000000000 ) ) ;
#1184 =( LENGTH_UNIT ( ) NAMED_UNIT ( * ) SI_UNIT ( .MILLI., .METRE. ) );
#1185 = LINE ( 'NONE', #3689, #359 ) ;
#1186 = UNCERTAINTY_MEASURE_WITH_UNIT (LENGTH_MEASURE( 1.000000000000000082E-05 ), #5310, 'distance_accuracy_value', 'NONE');
#1187 = ORIENTED_EDGE ( 'NONE', *, *, #4540, .F. ) ;
#1188 = ADVANCED_FACE ( 'NONE', ( #2151 ), #4548, .F. ) ;
#1189 = ORIENTED_EDGE ( 'NONE', *, *, #3750, .T. ) ;
#1190 = PRESENTATION_STYLE_ASSIGNMENT (( #7334 ) ) ;
#1191 = CARTESIAN_POINT ( 'NONE',  ( 0.0000000000000000000, 2.200000000000000178, -11.25000000000000000 ) ) ;
#1192 = AXIS2_PLACEMENT_3D ( 'NONE', #3040, #96, #1939 ) ;
#1193 = FILL_AREA_STYLE_COLOUR ( '', #5974 ) ;
#1194 = LINE ( 'NONE', #1273, #2641 ) ;
#1195 = AXIS2_PLACEMENT_3D ( 'NONE', #3688, #6177, #7573 ) ;
#1196 = FILL_AREA_STYLE_COLOUR ( '', #268 ) ;
#1197 = CARTESIAN_POINT ( 'NONE',  ( -12.60000000000000142, 6.000000000000000000, -12.09999999999999609 ) ) ;
#1198 = COLOUR_RGB ( '',0.1019607843137254888, 0.1019607843137254888, 0.1019607843137254888 ) ;
#1199 = UNCERTAINTY_MEASURE_WITH_UNIT (LENGTH_MEASURE( 1.000000000000000082E-05 ), #3874, 'distance_accuracy_value', 'NONE');
#1200 = ORIENTED_EDGE ( 'NONE', *, *, #4297, .F. ) ;
#1201 =( GEOMETRIC_REPRESENTATION_CONTEXT ( 3 ) GLOBAL_UNCERTAINTY_ASSIGNED_CONTEXT ( ( #3579 ) ) GLOBAL_UNIT_ASSIGNED_CONTEXT ( ( #147, #5144, #5751 ) ) REPRESENTATION_CONTEXT ( 'NONE', 'WORKASPACE' ) );
#1202 = EDGE_LOOP ( 'NONE', ( #237, #195, #5030, #6015 ) ) ;
#1203 = MECHANICAL_DESIGN_GEOMETRIC_PRESENTATION_REPRESENTATION (  '', ( #3165 ), #5788 ) ;
#1204 = SURFACE_STYLE_USAGE ( .BOTH. , #6868 ) ;
#1205 = EDGE_LOOP ( 'NONE', ( #6834, #5357, #185, #7116, #5083, #2850, #2807, #6269, #1962, #2822, #916, #1683, #4024, #4851 ) ) ;
#1206 = SURFACE_SIDE_STYLE ('',( #3832 ) ) ;
#1207 = AXIS2_PLACEMENT_3D ( 'NONE', #451, #8065, #4252 ) ;
#1208 = DIRECTION ( 'NONE',  ( 1.000000000000000000, 0.0000000000000000000, 0.0000000000000000000 ) ) ;
#1209 = CARTESIAN_POINT ( 'NONE',  ( 12.59999999999999964, 2.200000000000000178, 12.09999999999999609 ) ) ;
#1210 = VERTEX_POINT ( 'NONE', #1423 ) ;
#1211 = AXIS2_PLACEMENT_3D ( 'NONE', #4590, #2189, #930 ) ;
#1212 = ORIENTED_EDGE ( 'NONE', *, *, #6221, .F. ) ;
#1213 = COLOUR_RGB ( '',1.000000000000000000, 0.9372549019607843146, 0.1372549019607843257 ) ;
#1214 = SURFACE_SIDE_STYLE ('',( #4831 ) ) ;
#1215 = VECTOR ( 'NONE', #6227, 1000.000000000000000 ) ;
#1216 = CARTESIAN_POINT ( 'NONE',  ( -12.75000000000000000, 6.650000000000000355, 12.95000000000000107 ) ) ;
#1217 = LINE ( 'NONE', #7443, #5205 ) ;
#1218 = ORIENTED_EDGE ( 'NONE', *, *, #2042, .F. ) ;
#1219 = CARTESIAN_POINT ( 'NONE',  ( -12.84999999999999609, 7.200000000000000178, -13.05000000000000071 ) ) ;
#1220 =( NAMED_UNIT ( * ) SI_UNIT ( $, .STERADIAN. ) SOLID_ANGLE_UNIT ( ) );
#1221 = ORIENTED_EDGE ( 'NONE', *, *, #98, .F. ) ;
#1222 = DIRECTION ( 'NONE',  ( -0.0000000000000000000, -1.000000000000000000, -0.0000000000000000000 ) ) ;
#1223 = ADVANCED_FACE ( 'NONE', ( #3276 ), #5156, .T. ) ;
#1224 = CARTESIAN_POINT ( 'NONE',  ( 2.500000000000001332, 15.00000000000000000, 12.60000000000000142 ) ) ;
#1225 = AXIS2_PLACEMENT_3D ( 'NONE', #2157, #2124, #7904 ) ;
#1226 = DIRECTION ( 'NONE',  ( -3.854941057726238097E-16, 1.000000000000000000, 0.0000000000000000000 ) ) ;
#1227 = DIRECTION ( 'NONE',  ( -1.000000000000000000, -0.0000000000000000000, -0.0000000000000000000 ) ) ;
#1228 = ORIENTED_EDGE ( 'NONE', *, *, #8090, .F. ) ;
#1229 = LINE ( 'NONE', #3730, #6980 ) ;
#1230 = EDGE_CURVE ( 'NONE', #3679, #4282, #244, .T. ) ;
#1231 = DIRECTION ( 'NONE',  ( 0.0000000000000000000, 0.0000000000000000000, 1.000000000000000000 ) ) ;
#1232 = PLANE ( 'NONE',  #2810 ) ;
#1233 = FILL_AREA_STYLE_COLOUR ( '', #7128 ) ;
#1234 = VERTEX_POINT ( 'NONE', #5993 ) ;
#1235 = ORIENTED_EDGE ( 'NONE', *, *, #6577, .F. ) ;
#1236 = CARTESIAN_POINT ( 'NONE',  ( 4.199999999999989519, 11.94999999999999929, 8.199999999999997513 ) ) ;
#1237 = SURFACE_STYLE_FILL_AREA ( #3702 ) ;
#1238 = EDGE_CURVE ( 'NONE', #5963, #5408, #1740, .T. ) ;
#1239 = CARTESIAN_POINT ( 'NONE',  ( -4.200000000000000178, 10.34999999999999964, 8.199999999999997513 ) ) ;
#1240 = CARTESIAN_POINT ( 'NONE',  ( 9.349999999999999645, 12.74999999999998224, 8.199999999999997513 ) ) ;
#1241 = EDGE_CURVE ( 'NONE', #3846, #7552, #6617, .T. ) ;
#1242 = ORIENTED_EDGE ( 'NONE', *, *, #4925, .T. ) ;
#1243 = PRESENTATION_STYLE_ASSIGNMENT (( #4406 ) ) ;
#1244 = ORIENTED_EDGE ( 'NONE', *, *, #6632, .F. ) ;
#1245 = DIRECTION ( 'NONE',  ( -0.0000000000000000000, -0.0000000000000000000, -1.000000000000000000 ) ) ;
#1246 = CARTESIAN_POINT ( 'NONE',  ( -12.09999999999999609, 2.200000000000000178, 12.59999999999999964 ) ) ;
#1247 = VECTOR ( 'NONE', #6087, 999.9999999999998863 ) ;
#1248 = CARTESIAN_POINT ( 'NONE',  ( -12.09999999999999609, 2.200000000000000178, 9.050000000000000711 ) ) ;
#1249 = MECHANICAL_DESIGN_GEOMETRIC_PRESENTATION_REPRESENTATION (  '', ( #3477 ), #5181 ) ;
#1250 = FACE_OUTER_BOUND ( 'NONE', #3387, .T. ) ;
#1251 = AXIS2_PLACEMENT_3D ( 'NONE', #4901, #6837, #6922 ) ;
#1252 = VERTEX_POINT ( 'NONE', #1010 ) ;
#1253 = CIRCLE ( 'NONE', #3485, 0.1999999999999996503 ) ;
#1254 = CARTESIAN_POINT ( 'NONE',  ( 6.349999999999997868, 5.750000000000000000, -8.200000000000001066 ) ) ;
#1255 = ORIENTED_EDGE ( 'NONE', *, *, #3028, .F. ) ;
#1256 = SURFACE_STYLE_USAGE ( .BOTH. , #770 ) ;
#1257 = ORIENTED_EDGE ( 'NONE', *, *, #1452, .T. ) ;
#1258 = AXIS2_PLACEMENT_3D ( 'NONE', #7207, #3997, #1575 ) ;
#1259 = FILL_AREA_STYLE_COLOUR ( '', #3231 ) ;
#1260 = FILL_AREA_STYLE_COLOUR ( '', #2855 ) ;
#1261 = AXIS2_PLACEMENT_3D ( 'NONE', #310, #4778, #5295 ) ;
#1262 = ADVANCED_FACE ( 'NONE', ( #317 ), #7390, .F. ) ;
#1263 = ORIENTED_EDGE ( 'NONE', *, *, #2459, .T. ) ;
#1264 = CARTESIAN_POINT ( 'NONE',  ( 0.0000000000000000000, -4.000000000000000000, 11.59999999999999964 ) ) ;
#1265 = PRESENTATION_LAYER_ASSIGNMENT (  '', '', ( #4813 ) ) ;
#1266 = FACE_OUTER_BOUND ( 'NONE', #4624, .T. ) ;
#1267 = AXIS2_PLACEMENT_3D ( 'NONE', #7325, #371, #534 ) ;
#1268 = ORIENTED_EDGE ( 'NONE', *, *, #7530, .T. ) ;
#1269 = VERTEX_POINT ( 'NONE', #3585 ) ;
#1270 = LINE ( 'NONE', #1236, #4418 ) ;
#1271 = STYLED_ITEM ( 'NONE', ( #362 ), #849 ) ;
#1272 = EDGE_CURVE ( 'NONE', #5206, #2264, #1697, .T. ) ;
#1273 = CARTESIAN_POINT ( 'NONE',  ( 11.59999999999999964, 6.000000000000000000, -12.59999999999999964 ) ) ;
#1274 =( NAMED_UNIT ( * ) PLANE_ANGLE_UNIT ( ) SI_UNIT ( $, .RADIAN. ) );
#1275 = PRESENTATION_STYLE_ASSIGNMENT (( #796 ) ) ;
#1276 = UNCERTAINTY_MEASURE_WITH_UNIT (LENGTH_MEASURE( 1.000000000000000082E-05 ), #1148, 'distance_accuracy_value', 'NONE');
#1277 = DIRECTION ( 'NONE',  ( 0.0000000000000000000, 0.0000000000000000000, 1.000000000000000000 ) ) ;
#1278 = ORIENTED_EDGE ( 'NONE', *, *, #2651, .F. ) ;
#1279 =( GEOMETRIC_REPRESENTATION_CONTEXT ( 3 ) GLOBAL_UNCERTAINTY_ASSIGNED_CONTEXT ( ( #231 ) ) GLOBAL_UNIT_ASSIGNED_CONTEXT ( ( #5189, #4510, #6423 ) ) REPRESENTATION_CONTEXT ( 'NONE', 'WORKASPACE' ) );
#1280 =( LENGTH_UNIT ( ) NAMED_UNIT ( * ) SI_UNIT ( .MILLI., .METRE. ) );
#1281 = ORIENTED_EDGE ( 'NONE', *, *, #3091, .T. ) ;
#1282 = CARTESIAN_POINT ( 'NONE',  ( -10.00000000000000000, -4.000000000000000000, 11.59999999999999964 ) ) ;
#1283 = EDGE_CURVE ( 'NONE', #3011, #4546, #1085, .T. ) ;
#1284 = ADVANCED_FACE ( 'NONE', ( #2963 ), #2187, .F. ) ;
#1285 =( NAMED_UNIT ( * ) PLANE_ANGLE_UNIT ( ) SI_UNIT ( $, .RADIAN. ) );
#1286 = CARTESIAN_POINT ( 'NONE',  ( 9.000000000000001776, 15.00000000000000000, 9.050000000000000711 ) ) ;
#1287 = ORIENTED_EDGE ( 'NONE', *, *, #3987, .F. ) ;
#1288 = CARTESIAN_POINT ( 'NONE',  ( 0.0000000000000000000, 2.200000000000000178, -11.25000000000000000 ) ) ;
#1289 = CARTESIAN_POINT ( 'NONE',  ( 2.499999999999998668, 12.65000000000000213, 12.95000000000000107 ) ) ;
#1290 =( LENGTH_UNIT ( ) NAMED_UNIT ( * ) SI_UNIT ( .MILLI., .METRE. ) );
#1291 = CARTESIAN_POINT ( 'NONE',  ( 2.000000000000001332, 12.75000000000000178, 12.60000000000000142 ) ) ;
#1292 = DIRECTION ( 'NONE',  ( -0.0000000000000000000, 0.0000000000000000000, -1.000000000000000000 ) ) ;
#1293 = ORIENTED_EDGE ( 'NONE', *, *, #5317, .F. ) ;
#1294 = VECTOR ( 'NONE', #6589, 1000.000000000000000 ) ;
#1295 = AXIS2_PLACEMENT_3D ( 'NONE', #1944, #2503, #1324 ) ;
#1296 = ORIENTED_EDGE ( 'NONE', *, *, #2042, .T. ) ;
#1297 = CARTESIAN_POINT ( 'NONE',  ( 9.000000000000001776, 0.0000000000000000000, 8.250000000000000000 ) ) ;
#1298 = AXIS2_PLACEMENT_3D ( 'NONE', #4296, #3473, #5970 ) ;
#1299 = ORIENTED_EDGE ( 'NONE', *, *, #5200, .T. ) ;
#1300 = DIRECTION ( 'NONE',  ( -1.000000000000000000, 0.0000000000000000000, -0.0000000000000000000 ) ) ;
#1301 = DIRECTION ( 'NONE',  ( -0.0000000000000000000, 1.000000000000000000, -0.0000000000000000000 ) ) ;
#1302 = VERTEX_POINT ( 'NONE', #1947 ) ;
#1303 = LINE ( 'NONE', #3807, #6885 ) ;
#1304 =( GEOMETRIC_REPRESENTATION_CONTEXT ( 3 ) GLOBAL_UNCERTAINTY_ASSIGNED_CONTEXT ( ( #387 ) ) GLOBAL_UNIT_ASSIGNED_CONTEXT ( ( #2041, #3393, #275 ) ) REPRESENTATION_CONTEXT ( 'NONE', 'WORKASPACE' ) );
#1305 = AXIS2_PLACEMENT_3D ( 'NONE', #4166, #2734, #5849 ) ;
#1306 = DIRECTION ( 'NONE',  ( 0.0000000000000000000, 0.0000000000000000000, 1.000000000000000000 ) ) ;
#1307 = STYLED_ITEM ( 'NONE', ( #1991 ), #2280 ) ;
#1308 = CARTESIAN_POINT ( 'NONE',  ( 12.75000000000000355, 15.20000000000000639, 12.95000000000000107 ) ) ;
#1309 = VERTEX_POINT ( 'NONE', #1246 ) ;
#1310 = SURFACE_SIDE_STYLE ('',( #6312 ) ) ;
#1311 = CARTESIAN_POINT ( 'NONE',  ( -1.000000000000000888, 0.9921485132883310909, 9.050000000000002487 ) ) ;
#1312 =( NAMED_UNIT ( * ) PLANE_ANGLE_UNIT ( ) SI_UNIT ( $, .RADIAN. ) );
#1313 = ORIENTED_EDGE ( 'NONE', *, *, #1494, .F. ) ;
#1314 = ORIENTED_EDGE ( 'NONE', *, *, #3827, .T. ) ;
#1315 = FILL_AREA_STYLE_COLOUR ( '', #2957 ) ;
#1316 = SURFACE_STYLE_USAGE ( .BOTH. , #5522 ) ;
#1317 = STYLED_ITEM ( 'NONE', ( #7849 ), #2790 ) ;
#1318 = DIRECTION ( 'NONE',  ( -0.0000000000000000000, -0.0000000000000000000, -1.000000000000000000 ) ) ;
#1319 = PRESENTATION_STYLE_ASSIGNMENT (( #6450 ) ) ;
#1320 = CARTESIAN_POINT ( 'NONE',  ( -9.349999999999999645, 5.750000000000020428, 8.199999999999997513 ) ) ;
#1321 = ORIENTED_EDGE ( 'NONE', *, *, #2736, .F. ) ;
#1322 = VECTOR ( 'NONE', #6908, 1000.000000000000000 ) ;
#1323 = EDGE_CURVE ( 'NONE', #3742, #2853, #1773, .T. ) ;
#1324 = DIRECTION ( 'NONE',  ( 0.0000000000000000000, -0.0000000000000000000, -1.000000000000000000 ) ) ;
#1325 = LINE ( 'NONE', #1282, #1322 ) ;
#1326 = CARTESIAN_POINT ( 'NONE',  ( 1.958823529411764630, 12.56470588235293917, -8.250000000000000000 ) ) ;
#1327 = VECTOR ( 'NONE', #1613, 1000.000000000000000 ) ;
#1328 = PRESENTATION_STYLE_ASSIGNMENT (( #597 ) ) ;
#1329 = CARTESIAN_POINT ( 'NONE',  ( 12.75000000000000000, 15.75000000000000000, 12.95000000000000107 ) ) ;
#1330 = PRESENTATION_STYLE_ASSIGNMENT (( #3918 ) ) ;
#1331 = DIRECTION ( 'NONE',  ( -0.0000000000000000000, -0.0000000000000000000, -1.000000000000000000 ) ) ;
#1332 = DIRECTION ( 'NONE',  ( 0.0000000000000000000, 0.0000000000000000000, -1.000000000000000000 ) ) ;
#1333 = EDGE_CURVE ( 'NONE', #2183, #4561, #2194, .T. ) ;
#1334 =( GEOMETRIC_REPRESENTATION_CONTEXT ( 3 ) GLOBAL_UNCERTAINTY_ASSIGNED_CONTEXT ( ( #4057 ) ) GLOBAL_UNIT_ASSIGNED_CONTEXT ( ( #219, #2752, #2168 ) ) REPRESENTATION_CONTEXT ( 'NONE', 'WORKASPACE' ) );
#1335 = CIRCLE ( 'NONE', #826, 1.599999999999998979 ) ;
#1336 = SURFACE_SIDE_STYLE ('',( #29 ) ) ;
#1337 = ORIENTED_EDGE ( 'NONE', *, *, #3223, .F. ) ;
#1338 = CARTESIAN_POINT ( 'NONE',  ( -12.75000000000000178, 15.75000000000000000, -12.95000000000000107 ) ) ;
#1339 =( LENGTH_UNIT ( ) NAMED_UNIT ( * ) SI_UNIT ( .MILLI., .METRE. ) );
#1340 = CARTESIAN_POINT ( 'NONE',  ( -12.84999999999999609, 7.200000000000000178, -13.05000000000000071 ) ) ;
#1341 = COLOUR_RGB ( '',0.1019607843137254888, 0.1019607843137254888, 0.1019607843137254888 ) ;
#1342 = FILL_AREA_STYLE_COLOUR ( '', #4432 ) ;
#1343 = VERTEX_POINT ( 'NONE', #7589 ) ;
#1344 = FILL_AREA_STYLE ('',( #6300 ) ) ;
#1345 =( GEOMETRIC_REPRESENTATION_CONTEXT ( 3 ) GLOBAL_UNCERTAINTY_ASSIGNED_CONTEXT ( ( #706 ) ) GLOBAL_UNIT_ASSIGNED_CONTEXT ( ( #793, #5047, #7717 ) ) REPRESENTATION_CONTEXT ( 'NONE', 'WORKASPACE' ) );
#1346 =( GEOMETRIC_REPRESENTATION_CONTEXT ( 3 ) GLOBAL_UNCERTAINTY_ASSIGNED_CONTEXT ( ( #366 ) ) GLOBAL_UNIT_ASSIGNED_CONTEXT ( ( #1290, #6288, #807 ) ) REPRESENTATION_CONTEXT ( 'NONE', 'WORKASPACE' ) );
#1347 = ORIENTED_EDGE ( 'NONE', *, *, #2407, .T. ) ;
#1348 = EDGE_CURVE ( 'NONE', #4059, #5898, #6150, .T. ) ;
#1349 =( NAMED_UNIT ( * ) PLANE_ANGLE_UNIT ( ) SI_UNIT ( $, .RADIAN. ) );
#1350 = EDGE_CURVE ( 'NONE', #118, #1070, #6284, .T. ) ;
#1351 = AXIS2_PLACEMENT_3D ( 'NONE', #4243, #7938, #4894 ) ;
#1352 = LINE ( 'NONE', #5638, #2405 ) ;
#1353 = SURFACE_SIDE_STYLE ('',( #2615 ) ) ;
#1354 =( NAMED_UNIT ( * ) PLANE_ANGLE_UNIT ( ) SI_UNIT ( $, .RADIAN. ) );
#1355 = SURFACE_SIDE_STYLE ('',( #544 ) ) ;
#1356 = CARTESIAN_POINT ( 'NONE',  ( -9.349999999999999645, 5.750000000000020428, 8.199999999999997513 ) ) ;
#1357 = FILL_AREA_STYLE ('',( #3243 ) ) ;
#1358 =( LENGTH_UNIT ( ) NAMED_UNIT ( * ) SI_UNIT ( .MILLI., .METRE. ) );
#1359 = UNCERTAINTY_MEASURE_WITH_UNIT (LENGTH_MEASURE( 1.000000000000000082E-05 ), #1184, 'distance_accuracy_value', 'NONE');
#1360 = PRESENTATION_LAYER_ASSIGNMENT (  '', '', ( #7267 ) ) ;
#1361 = ORIENTED_EDGE ( 'NONE', *, *, #7331, .T. ) ;
#1362 = ORIENTED_EDGE ( 'NONE', *, *, #3591, .F. ) ;
#1363 = PLANE ( 'NONE',  #6157 ) ;
#1364 = CIRCLE ( 'NONE', #4644, 0.1999999999999996503 ) ;
#1365 = LINE ( 'NONE', #7671, #943 ) ;
#1366 = CYLINDRICAL_SURFACE ( 'NONE', #7385, 0.1999999999999996503 ) ;
#1367 = DIRECTION ( 'NONE',  ( 0.0000000000000000000, 0.0000000000000000000, 1.000000000000000000 ) ) ;
#1368 = UNCERTAINTY_MEASURE_WITH_UNIT (LENGTH_MEASURE( 1.000000000000000082E-05 ), #1358, 'distance_accuracy_value', 'NONE');
#1369 = SURFACE_SIDE_STYLE ('',( #5697 ) ) ;
#1370 = ORIENTED_EDGE ( 'NONE', *, *, #4759, .T. ) ;
#1371 = CARTESIAN_POINT ( 'NONE',  ( 0.0000000000000000000, 2.200000000000000178, 11.25000000000000000 ) ) ;
#1372 = VERTEX_POINT ( 'NONE', #20 ) ;
#1373 = PRESENTATION_STYLE_ASSIGNMENT (( #259 ) ) ;
#1374 = PRESENTATION_STYLE_ASSIGNMENT (( #7682 ) ) ;
#1375 = CYLINDRICAL_SURFACE ( 'NONE', #7783, 0.1999999999999996503 ) ;
#1376 = ADVANCED_FACE ( 'NONE', ( #556 ), #519, .T. ) ;
#1377 = SURFACE_STYLE_FILL_AREA ( #1953 ) ;
#1378 = UNCERTAINTY_MEASURE_WITH_UNIT (LENGTH_MEASURE( 1.000000000000000082E-05 ), #7471, 'distance_accuracy_value', 'NONE');
#1379 = ORIENTED_EDGE ( 'NONE', *, *, #445, .F. ) ;
#1380 = DIRECTION ( 'NONE',  ( 0.0000000000000000000, 0.0000000000000000000, 1.000000000000000000 ) ) ;
#1381 = ORIENTED_EDGE ( 'NONE', *, *, #904, .F. ) ;
#1382 = VECTOR ( 'NONE', #3726, 1000.000000000000000 ) ;
#1383 = CARTESIAN_POINT ( 'NONE',  ( 12.59999999999999787, 6.000000000000000000, -11.60000000000000142 ) ) ;
#1384 = FILL_AREA_STYLE ('',( #2113 ) ) ;
#1385 = ORIENTED_EDGE ( 'NONE', *, *, #3903, .F. ) ;
#1386 = COLOUR_RGB ( '',0.6666666666666666297, 0.6980392156862744724, 0.7686274509803920907 ) ;
#1387 = PRESENTATION_STYLE_ASSIGNMENT (( #3885 ) ) ;
#1388 = LINE ( 'NONE', #3886, #6271 ) ;
#1389 = ORIENTED_EDGE ( 'NONE', *, *, #1631, .T. ) ;
#1390 = CARTESIAN_POINT ( 'NONE',  ( 5.800000000000001599, 8.150000000000000355, -8.200000000000001066 ) ) ;
#1391 = ADVANCED_FACE ( 'NONE', ( #7430 ), #1817, .T. ) ;
#1392 = PLANE ( 'NONE',  #3110 ) ;
#1393 = FACE_OUTER_BOUND ( 'NONE', #1443, .T. ) ;
#1394 = PRESENTATION_LAYER_ASSIGNMENT (  '', '', ( #1772 ) ) ;
#1395 = SURFACE_STYLE_FILL_AREA ( #2776 ) ;
#1396 = COLOUR_RGB ( '',0.6666666666666666297, 0.6980392156862744724, 0.7686274509803920907 ) ;
#1397 = PRESENTATION_STYLE_ASSIGNMENT (( #6435 ) ) ;
#1398 = VERTEX_POINT ( 'NONE', #7768 ) ;
#1399 = CARTESIAN_POINT ( 'NONE',  ( -12.09999999999999964, 6.000000000000000000, 12.09999999999999964 ) ) ;
#1400 = SURFACE_STYLE_FILL_AREA ( #7029 ) ;
#1401 = DIRECTION ( 'NONE',  ( 0.0000000000000000000, 0.0000000000000000000, 1.000000000000000000 ) ) ;
#1402 = EDGE_LOOP ( 'NONE', ( #7977, #3295, #5821, #153 ) ) ;
#1403 = VECTOR ( 'NONE', #6495, 1000.000000000000227 ) ;
#1404 = VERTEX_POINT ( 'NONE', #2030 ) ;
#1405 = CARTESIAN_POINT ( 'NONE',  ( -5.700000000000000178, 8.150000000000011013, 9.550000000000000711 ) ) ;
#1406 = VECTOR ( 'NONE', #5521, 1000.000000000000114 ) ;
#1407 = LINE ( 'NONE', #7715, #7247 ) ;
#1408 = AXIS2_PLACEMENT_3D ( 'NONE', #5823, #5208, #5865 ) ;
#1409 =( GEOMETRIC_REPRESENTATION_CONTEXT ( 3 ) GLOBAL_UNCERTAINTY_ASSIGNED_CONTEXT ( ( #6180 ) ) GLOBAL_UNIT_ASSIGNED_CONTEXT ( ( #1718, #4872, #4912 ) ) REPRESENTATION_CONTEXT ( 'NONE', 'WORKASPACE' ) );
#1410 = CARTESIAN_POINT ( 'NONE',  ( 5.999999999999997335, 0.0000000000000000000, 9.050000000000002487 ) ) ;
#1411 = ORIENTED_EDGE ( 'NONE', *, *, #189, .T. ) ;
#1412 = VECTOR ( 'NONE', #7868, 1000.000000000000000 ) ;
#1413 = CARTESIAN_POINT ( 'NONE',  ( -12.75000000000000178, 15.75000000000000000, 12.95000000000000107 ) ) ;
#1414 = LINE ( 'NONE', #6412, #6468 ) ;
#1415 = DIRECTION ( 'NONE',  ( -0.0000000000000000000, -1.000000000000000000, -0.0000000000000000000 ) ) ;
#1416 = DIRECTION ( 'NONE',  ( 1.000000000000000000, 0.0000000000000000000, 0.0000000000000000000 ) ) ;
#1417 = CARTESIAN_POINT ( 'NONE',  ( 12.75000000000000000, 15.75000000000000000, -12.95000000000000107 ) ) ;
#1418 = FILL_AREA_STYLE_COLOUR ( '', #742 ) ;
#1419 = VECTOR ( 'NONE', #5029, 1000.000000000000000 ) ;
#1420 = ORIENTED_EDGE ( 'NONE', *, *, #2322, .F. ) ;
#1421 = VERTEX_POINT ( 'NONE', #7001 ) ;
#1422 = CARTESIAN_POINT ( 'NONE',  ( 3.999999999999999112, 0.9921485132883310909, 12.60000000000000142 ) ) ;
#1423 = CARTESIAN_POINT ( 'NONE',  ( -6.000000000000000000, 2.200000000000000622, 9.050000000000002487 ) ) ;
#1424 = ORIENTED_EDGE ( 'NONE', *, *, #2534, .T. ) ;
#1425 = PLANE ( 'NONE',  #1351 ) ;
#1426 = DIRECTION ( 'NONE',  ( 0.2169304578186563026, -0.9761870601839527373, 0.0000000000000000000 ) ) ;
#1427 =( NAMED_UNIT ( * ) SI_UNIT ( $, .STERADIAN. ) SOLID_ANGLE_UNIT ( ) );
#1428 = ORIENTED_EDGE ( 'NONE', *, *, #1641, .F. ) ;
#1429 = AXIS2_PLACEMENT_3D ( 'NONE', #1145, #2940, #266 ) ;
#1430 = DIRECTION ( 'NONE',  ( 0.0000000000000000000, -0.0000000000000000000, -1.000000000000000000 ) ) ;
#1431 = PRESENTATION_STYLE_ASSIGNMENT (( #5032 ) ) ;
#1432 = EDGE_CURVE ( 'NONE', #4445, #1234, #3870, .T. ) ;
#1433 = DIRECTION ( 'NONE',  ( 0.0000000000000000000, -1.000000000000000000, 0.0000000000000000000 ) ) ;
#1434 = CARTESIAN_POINT ( 'NONE',  ( 10.00000000000000000, 2.200000000000000178, 11.25000000000000000 ) ) ;
#1435 = FILL_AREA_STYLE ('',( #2740 ) ) ;
#1436 = LINE ( 'NONE', #248, #3960 ) ;
#1437 =( NAMED_UNIT ( * ) SI_UNIT ( $, .STERADIAN. ) SOLID_ANGLE_UNIT ( ) );
#1438 = UNCERTAINTY_MEASURE_WITH_UNIT (LENGTH_MEASURE( 1.000000000000000082E-05 ), #7664, 'distance_accuracy_value', 'NONE');
#1439 = SURFACE_STYLE_FILL_AREA ( #7030 ) ;
#1440 = MECHANICAL_DESIGN_GEOMETRIC_PRESENTATION_REPRESENTATION (  '', ( #1824 ), #8156 ) ;
#1441 = EDGE_CURVE ( 'NONE', #5169, #1627, #5704, .T. ) ;
#1442 = ORIENTED_EDGE ( 'NONE', *, *, #3883, .F. ) ;
#1443 = EDGE_LOOP ( 'NONE', ( #4726, #5475 ) ) ;
#1444 =( LENGTH_UNIT ( ) NAMED_UNIT ( * ) SI_UNIT ( .MILLI., .METRE. ) );
#1445 = AXIS2_PLACEMENT_3D ( 'NONE', #2874, #6502, #4625 ) ;
#1446 = CARTESIAN_POINT ( 'NONE',  ( 12.59999999999999964, 6.000000000000000000, 12.09999999999999609 ) ) ;
#1447 = CARTESIAN_POINT ( 'NONE',  ( 11.59999999999999964, 6.000000000000000000, -12.59999999999999964 ) ) ;
#1448 = UNCERTAINTY_MEASURE_WITH_UNIT (LENGTH_MEASURE( 1.000000000000000082E-05 ), #3950, 'distance_accuracy_value', 'NONE');
#1449 = ORIENTED_EDGE ( 'NONE', *, *, #4248, .F. ) ;
#1450 =( GEOMETRIC_REPRESENTATION_CONTEXT ( 3 ) GLOBAL_UNCERTAINTY_ASSIGNED_CONTEXT ( ( #2417 ) ) GLOBAL_UNIT_ASSIGNED_CONTEXT ( ( #3664, #6287, #5663 ) ) REPRESENTATION_CONTEXT ( 'NONE', 'WORKASPACE' ) );
#1451 = EDGE_CURVE ( 'NONE', #4826, #2820, #1989, .T. ) ;
#1452 = EDGE_CURVE ( 'NONE', #2530, #6896, #5096, .T. ) ;
#1453 = SURFACE_STYLE_FILL_AREA ( #7085 ) ;
#1454 =( NAMED_UNIT ( * ) PLANE_ANGLE_UNIT ( ) SI_UNIT ( $, .RADIAN. ) );
#1455 = CARTESIAN_POINT ( 'NONE',  ( 6.349999999999976552, 2.749999999999999556, -8.200000000000001066 ) ) ;
#1456 =( GEOMETRIC_REPRESENTATION_CONTEXT ( 3 ) GLOBAL_UNCERTAINTY_ASSIGNED_CONTEXT ( ( #3346 ) ) GLOBAL_UNIT_ASSIGNED_CONTEXT ( ( #3917, #6493, #7729 ) ) REPRESENTATION_CONTEXT ( 'NONE', 'WORKASPACE' ) );
#1457 = CARTESIAN_POINT ( 'NONE',  ( 8.999999999999998224, 15.00000000000000000, -9.050000000000000711 ) ) ;
#1458 =( NAMED_UNIT ( * ) SI_UNIT ( $, .STERADIAN. ) SOLID_ANGLE_UNIT ( ) );
#1459 = SURFACE_STYLE_FILL_AREA ( #7048 ) ;
#1460 = LINE ( 'NONE', #4543, #879 ) ;
#1461 = UNCERTAINTY_MEASURE_WITH_UNIT (LENGTH_MEASURE( 1.000000000000000082E-05 ), #2223, 'distance_accuracy_value', 'NONE');
#1462 = VERTEX_POINT ( 'NONE', #4450 ) ;
#1463 = STYLED_ITEM ( 'NONE', ( #1574 ), #2824 ) ;
#1464 = FACE_OUTER_BOUND ( 'NONE', #4435, .T. ) ;
#1465 = VERTEX_POINT ( 'NONE', #260 ) ;
#1466 = VECTOR ( 'NONE', #2024, 1000.000000000000000 ) ;
#1467 = MECHANICAL_DESIGN_GEOMETRIC_PRESENTATION_REPRESENTATION (  '', ( #4741 ), #7110 ) ;
#1468 =( NAMED_UNIT ( * ) PLANE_ANGLE_UNIT ( ) SI_UNIT ( $, .RADIAN. ) );
#1469 = FILL_AREA_STYLE ('',( #7140 ) ) ;
#1470 = CARTESIAN_POINT ( 'NONE',  ( -12.09999999999999787, 6.000000000000000000, -9.050000000000000711 ) ) ;
#1471 = EDGE_LOOP ( 'NONE', ( #4798, #7515, #6151, #2099 ) ) ;
#1472 = SURFACE_STYLE_FILL_AREA ( #6425 ) ;
#1473 = SURFACE_SIDE_STYLE ('',( #7696 ) ) ;
#1474 =( GEOMETRIC_REPRESENTATION_CONTEXT ( 3 ) GLOBAL_UNCERTAINTY_ASSIGNED_CONTEXT ( ( #1448 ) ) GLOBAL_UNIT_ASSIGNED_CONTEXT ( ( #3950, #7805, #843 ) ) REPRESENTATION_CONTEXT ( 'NONE', 'WORKASPACE' ) );
#1475 =( GEOMETRIC_REPRESENTATION_CONTEXT ( 3 ) GLOBAL_UNCERTAINTY_ASSIGNED_CONTEXT ( ( #3733 ) ) GLOBAL_UNIT_ASSIGNED_CONTEXT ( ( #3813, #1893, #5037 ) ) REPRESENTATION_CONTEXT ( 'NONE', 'WORKASPACE' ) );
#1476 = ORIENTED_EDGE ( 'NONE', *, *, #940, .F. ) ;
#1477 = VECTOR ( 'NONE', #6091, 1000.000000000000000 ) ;
#1478 = PRESENTATION_LAYER_ASSIGNMENT (  '', '', ( #2502 ) ) ;
#1479 = SURFACE_STYLE_FILL_AREA ( #7747 ) ;
#1480 = SURFACE_STYLE_FILL_AREA ( #281 ) ;
#1481 = MECHANICAL_DESIGN_GEOMETRIC_PRESENTATION_REPRESENTATION (  '', ( #7804 ), #6570 ) ;
#1482 = CARTESIAN_POINT ( 'NONE',  ( 9.500000000000000000, 6.650000000000000355, 9.550000000000000711 ) ) ;
#1483 =( NAMED_UNIT ( * ) SI_UNIT ( $, .STERADIAN. ) SOLID_ANGLE_UNIT ( ) );
#1484 = ORIENTED_EDGE ( 'NONE', *, *, #3949, .F. ) ;
#1485 = ADVANCED_FACE ( 'NONE', ( #4536 ), #3961, .F. ) ;
#1486 = FILL_AREA_STYLE_COLOUR ( '', #2847 ) ;
#1487 = PLANE ( 'NONE',  #5177 ) ;
#1488 = COLOUR_RGB ( '',0.1019607843137254888, 0.1019607843137254888, 0.1019607843137254888 ) ;
#1489 = ORIENTED_EDGE ( 'NONE', *, *, #3366, .F. ) ;
#1490 = MECHANICAL_DESIGN_GEOMETRIC_PRESENTATION_REPRESENTATION (  '', ( #2658 ), #8061 ) ;
#1491 = ORIENTED_EDGE ( 'NONE', *, *, #148, .T. ) ;
#1492 = MECHANICAL_DESIGN_GEOMETRIC_PRESENTATION_REPRESENTATION (  '', ( #4230 ), #6991 ) ;
#1493 = FILL_AREA_STYLE ('',( #6599 ) ) ;
#1494 = EDGE_CURVE ( 'NONE', #1462, #7674, #6492, .T. ) ;
#1495 = SURFACE_STYLE_FILL_AREA ( #6485 ) ;
#1496 =( NAMED_UNIT ( * ) SI_UNIT ( $, .STERADIAN. ) SOLID_ANGLE_UNIT ( ) );
#1497 = EDGE_CURVE ( 'NONE', #7874, #7316, #3382, .T. ) ;
#1498 = SURFACE_STYLE_FILL_AREA ( #4691 ) ;
#1499 = ORIENTED_EDGE ( 'NONE', *, *, #498, .T. ) ;
#1500 = PRESENTATION_LAYER_ASSIGNMENT (  '', '', ( #7675 ) ) ;
#1501 = FILL_AREA_STYLE_COLOUR ( '', #7813 ) ;
#1502 = ADVANCED_FACE ( 'NONE', ( #721 ), #2593, .T. ) ;
#1503 = ADVANCED_FACE ( 'NONE', ( #3415 ), #5443, .F. ) ;
#1504 = CARTESIAN_POINT ( 'NONE',  ( -5.000000000000000000, -4.000000000000000000, 10.90000000000000036 ) ) ;
#1505 = FILL_AREA_STYLE ('',( #7133 ) ) ;
#1506 = ORIENTED_EDGE ( 'NONE', *, *, #4811, .F. ) ;
#1507 = VERTEX_POINT ( 'NONE', #7844 ) ;
#1508 = DIRECTION ( 'NONE',  ( 0.0000000000000000000, 0.0000000000000000000, -1.000000000000000000 ) ) ;
#1509 = SURFACE_STYLE_FILL_AREA ( #898 ) ;
#1510 =( LENGTH_UNIT ( ) NAMED_UNIT ( * ) SI_UNIT ( .MILLI., .METRE. ) );
#1511 = ORIENTED_EDGE ( 'NONE', *, *, #3626, .F. ) ;
#1512 = DIRECTION ( 'NONE',  ( -1.000000000000000000, -0.0000000000000000000, -0.0000000000000000000 ) ) ;
#1513 = CARTESIAN_POINT ( 'NONE',  ( -5.000000000000000000, 2.200000000000000178, 11.25000000000000000 ) ) ;
#1514 = CLOSED_SHELL ( 'NONE', ( #6700, #1795, #6178, #7199 ) ) ;
#1515 = DIRECTION ( 'NONE',  ( 0.0000000000000000000, 1.000000000000000000, 0.0000000000000000000 ) ) ;
#1516 = DIRECTION ( 'NONE',  ( -0.0000000000000000000, 1.000000000000000000, -0.0000000000000000000 ) ) ;
#1517 = VECTOR ( 'NONE', #7351, 1000.000000000000000 ) ;
#1518 = UNCERTAINTY_MEASURE_WITH_UNIT (LENGTH_MEASURE( 1.000000000000000082E-05 ), #2086, 'distance_accuracy_value', 'NONE');
#1519 = VERTEX_POINT ( 'NONE', #7886 ) ;
#1520 = ORIENTED_EDGE ( 'NONE', *, *, #1829, .F. ) ;
#1521 = EDGE_CURVE ( 'NONE', #5805, #7235, #2176, .T. ) ;
#1522 = DIRECTION ( 'NONE',  ( 1.000000000000000000, 0.0000000000000000000, -0.0000000000000000000 ) ) ;
#1523 =( GEOMETRIC_REPRESENTATION_CONTEXT ( 3 ) GLOBAL_UNCERTAINTY_ASSIGNED_CONTEXT ( ( #4064 ) ) GLOBAL_UNIT_ASSIGNED_CONTEXT ( ( #4560, #3466, #7941 ) ) REPRESENTATION_CONTEXT ( 'NONE', 'WORKASPACE' ) );
#1524 = FILL_AREA_STYLE_COLOUR ( '', #5505 ) ;
#1525 = SURFACE_STYLE_FILL_AREA ( #2137 ) ;
#1526 = DIRECTION ( 'NONE',  ( -3.854941057726238097E-16, 1.000000000000000000, 0.0000000000000000000 ) ) ;
#1527 = DIRECTION ( 'NONE',  ( -0.0000000000000000000, -0.0000000000000000000, 1.000000000000000000 ) ) ;
#1528 = VECTOR ( 'NONE', #6421, 1000.000000000000000 ) ;
#1529 = UNCERTAINTY_MEASURE_WITH_UNIT (LENGTH_MEASURE( 1.000000000000000082E-05 ), #4970, 'distance_accuracy_value', 'NONE');
#1530 = LINE ( 'NONE', #4031, #2513 ) ;
#1531 = MECHANICAL_DESIGN_GEOMETRIC_PRESENTATION_REPRESENTATION (  '', ( #4039 ), #5435 ) ;
#1532 = EDGE_CURVE ( 'NONE', #3446, #2114, #2707, .T. ) ;
#1533 = STYLED_ITEM ( 'NONE', ( #3407 ), #578 ) ;
#1534 = FACE_OUTER_BOUND ( 'NONE', #4931, .T. ) ;
#1535 = PRESENTATION_LAYER_ASSIGNMENT (  '', '', ( #6374 ) ) ;
#1536 = SURFACE_STYLE_FILL_AREA ( #3312 ) ;
#1537 = SURFACE_SIDE_STYLE ('',( #2717 ) ) ;
#1538 = UNCERTAINTY_MEASURE_WITH_UNIT (LENGTH_MEASURE( 1.000000000000000082E-05 ), #4098, 'distance_accuracy_value', 'NONE');
#1539 = ORIENTED_EDGE ( 'NONE', *, *, #1948, .F. ) ;
#1540 = VECTOR ( 'NONE', #4142, 1000.000000000000000 ) ;
#1541 = EDGE_CURVE ( 'NONE', #4459, #1176, #999, .T. ) ;
#1542 =( LENGTH_UNIT ( ) NAMED_UNIT ( * ) SI_UNIT ( .MILLI., .METRE. ) );
#1543 = PRESENTATION_STYLE_ASSIGNMENT (( #4703 ) ) ;
#1544 = SURFACE_STYLE_FILL_AREA ( #1469 ) ;
#1545 = ORIENTED_EDGE ( 'NONE', *, *, #8091, .T. ) ;
#1546 = DIRECTION ( 'NONE',  ( 0.0000000000000000000, 0.0000000000000000000, -1.000000000000000000 ) ) ;
#1547 = VERTEX_POINT ( 'NONE', #6605 ) ;
#1548 = PLANE ( 'NONE',  #2045 ) ;
#1549 = EDGE_CURVE ( 'NONE', #2377, #1672, #5984, .T. ) ;
#1550 = COLOUR_RGB ( '',0.1019607843137254888, 0.1019607843137254888, 0.1019607843137254888 ) ;
#1551 = APPLICATION_CONTEXT ( 'automotive_design' ) ;
#1552 = CARTESIAN_POINT ( 'NONE',  ( -9.000000000000001776, 2.200000000000000622, -9.050000000000000711 ) ) ;
#1553 =( LENGTH_UNIT ( ) NAMED_UNIT ( * ) SI_UNIT ( .MILLI., .METRE. ) );
#1554 = LINE ( 'NONE', #4054, #7823 ) ;
#1555 =( LENGTH_UNIT ( ) NAMED_UNIT ( * ) SI_UNIT ( .MILLI., .METRE. ) );
#1556 = LINE ( 'NONE', #7432, #5008 ) ;
#1557 = LINE ( 'NONE', #834, #337 ) ;
#1558 = ORIENTED_EDGE ( 'NONE', *, *, #2586, .T. ) ;
#1559 = ORIENTED_EDGE ( 'NONE', *, *, #5040, .F. ) ;
#1560 = CARTESIAN_POINT ( 'NONE',  ( 6.150000000000000355, 12.75000000000000178, -8.250000000000000000 ) ) ;
#1561 = MECHANICAL_DESIGN_GEOMETRIC_PRESENTATION_REPRESENTATION (  '', ( #8011 ), #7612 ) ;
#1562 = DIRECTION ( 'NONE',  ( 0.0000000000000000000, -1.000000000000000000, 0.0000000000000000000 ) ) ;
#1563 = COLOUR_RGB ( '',0.1019607843137254888, 0.1019607843137254888, 0.1019607843137254888 ) ;
#1564 = SURFACE_STYLE_USAGE ( .BOTH. , #1677 ) ;
#1565 = CARTESIAN_POINT ( 'NONE',  ( 4.199999999999989519, 11.84999999999999964, -9.550000000000000711 ) ) ;
#1566 = EDGE_CURVE ( 'NONE', #7552, #5807, #6645, .T. ) ;
#1567 = COLOUR_RGB ( '',0.2980392156862745057, 0.2980392156862745057, 0.2980392156862745057 ) ;
#1568 = PRODUCT_DEFINITION_SHAPE ( 'NONE', 'NONE',  #7317 ) ;
#1569 = MECHANICAL_DESIGN_GEOMETRIC_PRESENTATION_REPRESENTATION (  '', ( #3139 ), #3001 ) ;
#1570 = SURFACE_STYLE_USAGE ( .BOTH. , #7201 ) ;
#1571 = CARTESIAN_POINT ( 'NONE',  ( 8.999999999999998224, 0.0000000000000000000, -9.050000000000000711 ) ) ;
#1572 = CIRCLE ( 'NONE', #3660, 1.000000000000000000 ) ;
#1573 = DIRECTION ( 'NONE',  ( 0.0000000000000000000, -0.0000000000000000000, 1.000000000000000000 ) ) ;
#1574 = PRESENTATION_STYLE_ASSIGNMENT (( #4819 ) ) ;
#1575 = DIRECTION ( 'NONE',  ( 0.0000000000000000000, 0.0000000000000000000, -1.000000000000000000 ) ) ;
#1576 = CIRCLE ( 'NONE', #6278, 0.5000000000000004441 ) ;
#1577 = EDGE_CURVE ( 'NONE', #4621, #4321, #6729, .T. ) ;
#1578 = SURFACE_STYLE_USAGE ( .BOTH. , #4584 ) ;
#1579 = ORIENTED_EDGE ( 'NONE', *, *, #434, .F. ) ;
#1580 = AXIS2_PLACEMENT_3D ( 'NONE', #5371, #4841, #1077 ) ;
#1581 = LINE ( 'NONE', #4121, #4187 ) ;
#1582 = CARTESIAN_POINT ( 'NONE',  ( -5.000000000000000000, -4.000000000000000000, -11.59999999999999964 ) ) ;
#1583 = STYLED_ITEM ( 'NONE', ( #7819 ), #6242 ) ;
#1584 = FILL_AREA_STYLE ('',( #4850 ) ) ;
#1585 = VERTEX_POINT ( 'NONE', #1110 ) ;
#1586 = ADVANCED_FACE ( 'NONE', ( #2617 ), #4309, .T. ) ;
#1587 = FILL_AREA_STYLE ('',( #6035 ) ) ;
#1588 = ORIENTED_EDGE ( 'NONE', *, *, #5473, .F. ) ;
#1589 =( NAMED_UNIT ( * ) PLANE_ANGLE_UNIT ( ) SI_UNIT ( $, .RADIAN. ) );
#1590 = VECTOR ( 'NONE', #1730, 1000.000000000000000 ) ;
#1591 = FILL_AREA_STYLE ('',( #3511 ) ) ;
#1592 = CIRCLE ( 'NONE', #4737, 0.3499999999999996447 ) ;
#1593 = DIRECTION ( 'NONE',  ( 0.0000000000000000000, 1.000000000000000000, -0.0000000000000000000 ) ) ;
#1594 = AXIS2_PLACEMENT_3D ( 'NONE', #7926, #2256, #4777 ) ;
#1595 = DIRECTION ( 'NONE',  ( 0.0000000000000000000, 0.0000000000000000000, -1.000000000000000000 ) ) ;
#1596 = AXIS2_PLACEMENT_3D ( 'NONE', #4439, #2453, #712 ) ;
#1597 = EDGE_CURVE ( 'NONE', #7733, #5139, #740, .T. ) ;
#1598 = PRESENTATION_STYLE_ASSIGNMENT (( #6830 ) ) ;
#1599 = EDGE_CURVE ( 'NONE', #7349, #2367, #6310, .T. ) ;
#1600 = EDGE_LOOP ( 'NONE', ( #4923, #2071 ) ) ;
#1601 = CARTESIAN_POINT ( 'NONE',  ( 2.500000000000001332, 15.00000000000000000, -9.050000000000000711 ) ) ;
#1602 = COLOUR_RGB ( '',0.6666666666666666297, 0.6980392156862744724, 0.7686274509803920907 ) ;
#1603 = ORIENTED_EDGE ( 'NONE', *, *, #3853, .T. ) ;
#1604 = SURFACE_SIDE_STYLE ('',( #6635 ) ) ;
#1605 = DIRECTION ( 'NONE',  ( 1.000000000000000000, -2.820688578824076945E-16, -0.0000000000000000000 ) ) ;
#1606 = CARTESIAN_POINT ( 'NONE',  ( -5.800000000000000711, 8.150000000000011013, -8.200000000000001066 ) ) ;
#1607 = UNCERTAINTY_MEASURE_WITH_UNIT (LENGTH_MEASURE( 1.000000000000000082E-05 ), #3880, 'distance_accuracy_value', 'NONE');
#1608 = CARTESIAN_POINT ( 'NONE',  ( 4.199999999999989519, 6.550000000000000711, -8.200000000000001066 ) ) ;
#1609 = CIRCLE ( 'NONE', #2375, 0.3499999999999996447 ) ;
#1610 = ORIENTED_EDGE ( 'NONE', *, *, #2185, .F. ) ;
#1611 = FILL_AREA_STYLE ('',( #6560 ) ) ;
#1612 = SURFACE_STYLE_USAGE ( .BOTH. , #2253 ) ;
#1613 = DIRECTION ( 'NONE',  ( -0.0000000000000000000, -0.0000000000000000000, 1.000000000000000000 ) ) ;
#1614 = LINE ( 'NONE', #5292, #2102 ) ;
#1615 = AXIS2_PLACEMENT_3D ( 'NONE', #1855, #5727, #6101 ) ;
#1616 = CARTESIAN_POINT ( 'NONE',  ( 4.286263797015722420E-17, -4.000000000000000000, 10.90000000000000036 ) ) ;
#1617 = SURFACE_STYLE_FILL_AREA ( #7850 ) ;
#1618 = UNCERTAINTY_MEASURE_WITH_UNIT (LENGTH_MEASURE( 1.000000000000000082E-05 ), #2691, 'distance_accuracy_value', 'NONE');
#1619 = ORIENTED_EDGE ( 'NONE', *, *, #5724, .T. ) ;
#1620 = CYLINDRICAL_SURFACE ( 'NONE', #773, 1.000000000000000888 ) ;
#1621 = ORIENTED_EDGE ( 'NONE', *, *, #5040, .T. ) ;
#1622 =( GEOMETRIC_REPRESENTATION_CONTEXT ( 3 ) GLOBAL_UNCERTAINTY_ASSIGNED_CONTEXT ( ( #3824 ) ) GLOBAL_UNIT_ASSIGNED_CONTEXT ( ( #70, #2437, #4990 ) ) REPRESENTATION_CONTEXT ( 'NONE', 'WORKASPACE' ) );
#1623 = CARTESIAN_POINT ( 'NONE',  ( -6.349999999999998757, 12.55000000000000249, 8.250000000000000000 ) ) ;
#1624 = ADVANCED_FACE ( 'NONE', ( #7660 ), #781, .F. ) ;
#1625 = ORIENTED_EDGE ( 'NONE', *, *, #4250, .T. ) ;
#1626 = FACE_OUTER_BOUND ( 'NONE', #3717, .T. ) ;
#1627 = VERTEX_POINT ( 'NONE', #2994 ) ;
#1628 = VECTOR ( 'NONE', #3507, 1000.000000000000000 ) ;
#1629 = SURFACE_SIDE_STYLE ('',( #6711 ) ) ;
#1630 = SURFACE_SIDE_STYLE ('',( #6625 ) ) ;
#1631 = EDGE_CURVE ( 'NONE', #783, #876, #8038, .T. ) ;
#1632 = LINE ( 'NONE', #5425, #3767 ) ;
#1633 = SURFACE_SIDE_STYLE ('',( #5544 ) ) ;
#1634 =( NAMED_UNIT ( * ) PLANE_ANGLE_UNIT ( ) SI_UNIT ( $, .RADIAN. ) );
#1635 = DIRECTION ( 'NONE',  ( 1.000000000000000000, 0.0000000000000000000, 0.0000000000000000000 ) ) ;
#1636 = VERTEX_POINT ( 'NONE', #6774 ) ;
#1637 = CLOSED_SHELL ( 'NONE', ( #4449, #3539, #5052, #4491 ) ) ;
#1638 = ORIENTED_EDGE ( 'NONE', *, *, #885, .F. ) ;
#1639 =( NAMED_UNIT ( * ) PLANE_ANGLE_UNIT ( ) SI_UNIT ( $, .RADIAN. ) );
#1640 = ADVANCED_FACE ( 'NONE', ( #1149 ), #3650, .T. ) ;
#1641 = EDGE_CURVE ( 'NONE', #5807, #2656, #7791, .T. ) ;
#1642 = PRESENTATION_STYLE_ASSIGNMENT (( #1064 ) ) ;
#1643 =( GEOMETRIC_REPRESENTATION_CONTEXT ( 3 ) GLOBAL_UNCERTAINTY_ASSIGNED_CONTEXT ( ( #6529 ) ) GLOBAL_UNIT_ASSIGNED_CONTEXT ( ( #4764, #6008, #6598 ) ) REPRESENTATION_CONTEXT ( 'NONE', 'WORKASPACE' ) );
#1644 = FACE_OUTER_BOUND ( 'NONE', #2861, .T. ) ;
#1645 = COLOUR_RGB ( '',1.000000000000000000, 0.9372549019607843146, 0.1372549019607843257 ) ;
#1646 = CARTESIAN_POINT ( 'NONE',  ( -12.09999999999999609, 6.000000000000000000, 12.59999999999999964 ) ) ;
#1647 =( LENGTH_UNIT ( ) NAMED_UNIT ( * ) SI_UNIT ( .MILLI., .METRE. ) );
#1648 = VERTEX_POINT ( 'NONE', #2663 ) ;
#1649 = DIRECTION ( 'NONE',  ( 0.0000000000000000000, -0.0000000000000000000, -1.000000000000000000 ) ) ;
#1650 = SURFACE_STYLE_USAGE ( .BOTH. , #5331 ) ;
#1651 = AXIS2_PLACEMENT_3D ( 'NONE', #1147, #4876, #2946 ) ;
#1652 = LINE ( 'NONE', #4817, #4200 ) ;
#1653 = DIRECTION ( 'NONE',  ( -0.0000000000000000000, -1.000000000000000000, -0.0000000000000000000 ) ) ;
#1654 = MECHANICAL_DESIGN_GEOMETRIC_PRESENTATION_REPRESENTATION (  '', ( #1533 ), #7179 ) ;
#1655 = EDGE_LOOP ( 'NONE', ( #161, #3676, #6634, #436 ) ) ;
#1656 = AXIS2_PLACEMENT_3D ( 'NONE', #5567, #1079, #1689 ) ;
#1657 = VERTEX_POINT ( 'NONE', #944 ) ;
#1658 = DIRECTION ( 'NONE',  ( -0.0000000000000000000, -1.000000000000000000, -0.0000000000000000000 ) ) ;
#1659 =( GEOMETRIC_REPRESENTATION_CONTEXT ( 3 ) GLOBAL_UNCERTAINTY_ASSIGNED_CONTEXT ( ( #5877 ) ) GLOBAL_UNIT_ASSIGNED_CONTEXT ( ( #5330, #2907, #2294 ) ) REPRESENTATION_CONTEXT ( 'NONE', 'WORKASPACE' ) );
#1660 = VECTOR ( 'NONE', #3979, 1000.000000000000000 ) ;
#1661 = ORIENTED_EDGE ( 'NONE', *, *, #4461, .F. ) ;
#1662 = AXIS2_PLACEMENT_3D ( 'NONE', #4146, #2403, #2287 ) ;
#1663 = CARTESIAN_POINT ( 'NONE',  ( 12.75000000000000355, 7.200000000000006395, -12.95000000000000107 ) ) ;
#1664 =( LENGTH_UNIT ( ) NAMED_UNIT ( * ) SI_UNIT ( .MILLI., .METRE. ) );
#1665 = CARTESIAN_POINT ( 'NONE',  ( -6.149999999999999467, 12.55000000000000426, -8.250000000000000000 ) ) ;
#1666 = AXIS2_PLACEMENT_3D ( 'NONE', #4602, #3203, #2622 ) ;
#1667 = LINE ( 'NONE', #1131, #107 ) ;
#1668 = LINE ( 'NONE', #7988, #5879 ) ;
#1669 = ORIENTED_EDGE ( 'NONE', *, *, #5473, .T. ) ;
#1670 = AXIS2_PLACEMENT_3D ( 'NONE', #271, #7693, #5270 ) ;
#1671 = EDGE_CURVE ( 'NONE', #5440, #2005, #4017, .T. ) ;
#1672 = VERTEX_POINT ( 'NONE', #7230 ) ;
#1673 = FILL_AREA_STYLE_COLOUR ( '', #3922 ) ;
#1674 = SURFACE_STYLE_USAGE ( .BOTH. , #411 ) ;
#1675 = LINE ( 'NONE', #3641, #6240 ) ;
#1676 = ADVANCED_FACE ( 'NONE', ( #7186 ), #977, .T. ) ;
#1677 = SURFACE_SIDE_STYLE ('',( #2245 ) ) ;
#1678 = UNCERTAINTY_MEASURE_WITH_UNIT (LENGTH_MEASURE( 1.000000000000000082E-05 ), #2346, 'distance_accuracy_value', 'NONE');
#1679 = DIRECTION ( 'NONE',  ( -0.0000000000000000000, -0.0000000000000000000, 1.000000000000000000 ) ) ;
#1680 = CIRCLE ( 'NONE', #1809, 1.499999999999999556 ) ;
#1681 = EDGE_CURVE ( 'NONE', #3341, #1793, #5856, .T. ) ;
#1682 = ORIENTED_EDGE ( 'NONE', *, *, #3693, .F. ) ;
#1683 = ORIENTED_EDGE ( 'NONE', *, *, #4004, .F. ) ;
#1684 = DIRECTION ( 'NONE',  ( 0.0000000000000000000, 1.000000000000000000, 0.0000000000000000000 ) ) ;
#1685 = PRESENTATION_LAYER_ASSIGNMENT (  '', '', ( #4959 ) ) ;
#1686 = CARTESIAN_POINT ( 'NONE',  ( 10.00000000000000000, 2.200000000000000178, 11.59999999999999964 ) ) ;
#1687 = DIRECTION ( 'NONE',  ( 0.0000000000000000000, -1.000000000000000000, 0.0000000000000000000 ) ) ;
#1688 = EDGE_CURVE ( 'NONE', #4511, #2588, #5163, .T. ) ;
#1689 = DIRECTION ( 'NONE',  ( 0.0000000000000000000, 0.0000000000000000000, -1.000000000000000000 ) ) ;
#1690 = ADVANCED_FACE ( 'NONE', ( #2047 ), #4558, .T. ) ;
#1691 = UNCERTAINTY_MEASURE_WITH_UNIT (LENGTH_MEASURE( 1.000000000000000082E-05 ), #2214, 'distance_accuracy_value', 'NONE');
#1692 = AXIS2_PLACEMENT_3D ( 'NONE', #6926, #1301, #4336 ) ;
#1693 = ORIENTED_EDGE ( 'NONE', *, *, #2684, .T. ) ;
#1694 = SURFACE_SIDE_STYLE ('',( #3538 ) ) ;
#1695 = FILL_AREA_STYLE_COLOUR ( '', #7259 ) ;
#1696 = AXIS2_PLACEMENT_3D ( 'NONE', #1457, #105, #762 ) ;
#1697 = LINE ( 'NONE', #2336, #7877 ) ;
#1698 = ORIENTED_EDGE ( 'NONE', *, *, #3776, .T. ) ;
#1699 = PRESENTATION_STYLE_ASSIGNMENT (( #5996 ) ) ;
#1700 = AXIS2_PLACEMENT_3D ( 'NONE', #2843, #5302, #968 ) ;
#1701 = ORIENTED_EDGE ( 'NONE', *, *, #3291, .T. ) ;
#1702 = DIRECTION ( 'NONE',  ( 0.0000000000000000000, -1.000000000000000000, 0.0000000000000000000 ) ) ;
#1703 = VECTOR ( 'NONE', #4880, 1000.000000000000000 ) ;
#1704 = CARTESIAN_POINT ( 'NONE',  ( -5.000000000000000000, 2.200000000000000178, 11.25000000000000000 ) ) ;
#1705 = PRESENTATION_STYLE_ASSIGNMENT (( #6793 ) ) ;
#1706 = DIRECTION ( 'NONE',  ( -3.854941057726238097E-16, 1.000000000000000000, 0.0000000000000000000 ) ) ;
#1707 = FACE_OUTER_BOUND ( 'NONE', #2800, .T. ) ;
#1708 = LINE ( 'NONE', #4757, #4306 ) ;
#1709 = VECTOR ( 'NONE', #4233, 1000.000000000000000 ) ;
#1710 = ORIENTED_EDGE ( 'NONE', *, *, #3479, .F. ) ;
#1711 = CIRCLE ( 'NONE', #6302, 0.2000000000000005107 ) ;
#1712 = CIRCLE ( 'NONE', #6825, 0.3499999999999996447 ) ;
#1713 = COLOUR_RGB ( '',0.1019607843137254888, 0.1019607843137254888, 0.1019607843137254888 ) ;
#1714 = DIRECTION ( 'NONE',  ( -0.0000000000000000000, -1.000000000000000000, -0.0000000000000000000 ) ) ;
#1715 = EDGE_CURVE ( 'NONE', #6693, #4684, #8021, .T. ) ;
#1716 = CARTESIAN_POINT ( 'NONE',  ( 6.349999999999976552, 2.749999999999999556, 8.199999999999997513 ) ) ;
#1717 = CARTESIAN_POINT ( 'NONE',  ( 9.000000000000001776, 13.99999999999999822, 9.050000000000000711 ) ) ;
#1718 =( LENGTH_UNIT ( ) NAMED_UNIT ( * ) SI_UNIT ( .MILLI., .METRE. ) );
#1719 = AXIS2_PLACEMENT_3D ( 'NONE', #1399, #6396, #2017 ) ;
#1720 = DIRECTION ( 'NONE',  ( -1.000000000000000000, 0.0000000000000000000, -0.0000000000000000000 ) ) ;
#1721 = STYLED_ITEM ( 'NONE', ( #5201 ), #6911 ) ;
#1722 = ORIENTED_EDGE ( 'NONE', *, *, #1135, .F. ) ;
#1723 = ORIENTED_EDGE ( 'NONE', *, *, #333, .F. ) ;
#1724 = AXIS2_PLACEMENT_3D ( 'NONE', #1288, #5706, #681 ) ;
#1725 = COLOUR_RGB ( '',0.1019607843137254888, 0.1019607843137254888, 0.1019607843137254888 ) ;
#1726 = DIRECTION ( 'NONE',  ( 1.000000000000000000, 0.0000000000000000000, 0.0000000000000000000 ) ) ;
#1727 = EDGE_CURVE ( 'NONE', #3169, #8, #1668, .T. ) ;
#1728 = CARTESIAN_POINT ( 'NONE',  ( -4.200000000000000178, 10.34999999999999964, -8.200000000000001066 ) ) ;
#1729 = DIRECTION ( 'NONE',  ( -1.000000000000000000, 0.0000000000000000000, 0.0000000000000000000 ) ) ;
#1730 = DIRECTION ( 'NONE',  ( 1.000000000000000000, -0.0000000000000000000, -0.0000000000000000000 ) ) ;
#1731 = CARTESIAN_POINT ( 'NONE',  ( -4.200000000000000178, 10.34999999999999964, -9.550000000000000711 ) ) ;
#1732 = EDGE_LOOP ( 'NONE', ( #6496, #4407, #5539, #4185, #5305, #731, #2063, #3135 ) ) ;
#1733 = PRESENTATION_LAYER_ASSIGNMENT (  '', '', ( #5011 ) ) ;
#1734 =( GEOMETRIC_REPRESENTATION_CONTEXT ( 3 ) GLOBAL_UNCERTAINTY_ASSIGNED_CONTEXT ( ( #2669 ) ) GLOBAL_UNIT_ASSIGNED_CONTEXT ( ( #7495, #6767, #6808 ) ) REPRESENTATION_CONTEXT ( 'NONE', 'WORKASPACE' ) );
#1735 = DIRECTION ( 'NONE',  ( 0.0000000000000000000, 0.0000000000000000000, -1.000000000000000000 ) ) ;
#1736 =( NAMED_UNIT ( * ) SI_UNIT ( $, .STERADIAN. ) SOLID_ANGLE_UNIT ( ) );
#1737 = ADVANCED_FACE ( 'NONE', ( #4905 ), #4169, .T. ) ;
#1738 = EDGE_CURVE ( 'NONE', #377, #1932, #1708, .T. ) ;
#1739 = DIRECTION ( 'NONE',  ( -1.000000000000000000, -0.0000000000000000000, -0.0000000000000000000 ) ) ;
#1740 = LINE ( 'NONE', #5959, #2589 ) ;
#1741 = EDGE_LOOP ( 'NONE', ( #3618, #7666, #1212, #912 ) ) ;
#1742 = DIRECTION ( 'NONE',  ( 0.0000000000000000000, 0.0000000000000000000, -1.000000000000000000 ) ) ;
#1743 = CARTESIAN_POINT ( 'NONE',  ( 6.150000000000002132, 12.55000000000000071, -8.250000000000000000 ) ) ;
#1744 = ORIENTED_EDGE ( 'NONE', *, *, #2694, .T. ) ;
#1745 = AXIS2_PLACEMENT_3D ( 'NONE', #3263, #5143, #7680 ) ;
#1746 = FACE_OUTER_BOUND ( 'NONE', #6280, .T. ) ;
#1747 = DIRECTION ( 'NONE',  ( 1.000000000000000000, 0.0000000000000000000, 0.0000000000000000000 ) ) ;
#1748 =( NAMED_UNIT ( * ) SI_UNIT ( $, .STERADIAN. ) SOLID_ANGLE_UNIT ( ) );
#1749 = DIRECTION ( 'NONE',  ( -0.0000000000000000000, -0.0000000000000000000, 1.000000000000000000 ) ) ;
#1750 = CARTESIAN_POINT ( 'NONE',  ( 8.999999999999998224, 15.00000000000000000, -9.050000000000000711 ) ) ;
#1751 = COLOUR_RGB ( '',0.1019607843137254888, 0.1019607843137254888, 0.1019607843137254888 ) ;
#1752 = VERTEX_POINT ( 'NONE', #2889 ) ;
#1753 = FILL_AREA_STYLE_COLOUR ( '', #4662 ) ;
#1754 = CYLINDRICAL_SURFACE ( 'NONE', #4790, 0.3499999999999996447 ) ;
#1755 = LINE ( 'NONE', #4349, #3828 ) ;
#1756 = UNCERTAINTY_MEASURE_WITH_UNIT (LENGTH_MEASURE( 1.000000000000000082E-05 ), #4092, 'distance_accuracy_value', 'NONE');
#1757 = EDGE_CURVE ( 'NONE', #1780, #692, #5395, .T. ) ;
#1758 = ORIENTED_EDGE ( 'NONE', *, *, #6802, .T. ) ;
#1759 = STYLED_ITEM ( 'NONE', ( #4522 ), #4491 ) ;
#1760 =( NAMED_UNIT ( * ) SI_UNIT ( $, .STERADIAN. ) SOLID_ANGLE_UNIT ( ) );
#1761 = DIRECTION ( 'NONE',  ( -0.0000000000000000000, 1.000000000000000000, -0.0000000000000000000 ) ) ;
#1762 = CARTESIAN_POINT ( 'NONE',  ( -10.00000000000000000, -4.000000000000000000, -11.25000000000000000 ) ) ;
#1763 = LINE ( 'NONE', #5372, #1590 ) ;
#1764 = LINE ( 'NONE', #5566, #7650 ) ;
#1765 = CARTESIAN_POINT ( 'NONE',  ( -12.09999999999999787, 6.000000000000000000, -9.050000000000000711 ) ) ;
#1766 = UNCERTAINTY_MEASURE_WITH_UNIT (LENGTH_MEASURE( 1.000000000000000082E-05 ), #1163, 'distance_accuracy_value', 'NONE');
#1767 = VECTOR ( 'NONE', #5072, 1000.000000000000000 ) ;
#1768 = EDGE_CURVE ( 'NONE', #3341, #7278, #4220, .T. ) ;
#1769 =( LENGTH_UNIT ( ) NAMED_UNIT ( * ) SI_UNIT ( .MILLI., .METRE. ) );
#1770 = ORIENTED_EDGE ( 'NONE', *, *, #4431, .F. ) ;
#1771 = PLANE ( 'NONE',  #2101 ) ;
#1772 = STYLED_ITEM ( 'NONE', ( #3673 ), #372 ) ;
#1773 = LINE ( 'NONE', #1286, #2978 ) ;
#1774 = VERTEX_POINT ( 'NONE', #3596 ) ;
#1775 = MECHANICAL_DESIGN_GEOMETRIC_PRESENTATION_REPRESENTATION (  '', ( #3367 ), #1523 ) ;
#1776 = CARTESIAN_POINT ( 'NONE',  ( 2.500000000000001332, 15.00000000000000000, 12.60000000000000142 ) ) ;
#1777 = PRESENTATION_STYLE_ASSIGNMENT (( #23 ) ) ;
#1778 = CARTESIAN_POINT ( 'NONE',  ( 9.500000000000000000, 6.650000000000000355, 9.550000000000000711 ) ) ;
#1779 = SURFACE_SIDE_STYLE ('',( #4981 ) ) ;
#1780 = VERTEX_POINT ( 'NONE', #4255 ) ;
#1781 = EDGE_CURVE ( 'NONE', #1082, #4961, #6755, .T. ) ;
#1782 = MECHANICAL_DESIGN_GEOMETRIC_PRESENTATION_REPRESENTATION (  '', ( #6235 ), #5194 ) ;
#1783 = CARTESIAN_POINT ( 'NONE',  ( 12.75000000000000178, 15.20000000000000639, -12.95000000000000107 ) ) ;
#1784 = DIRECTION ( 'NONE',  ( 0.0000000000000000000, 0.0000000000000000000, 1.000000000000000000 ) ) ;
#1785 =( NAMED_UNIT ( * ) SI_UNIT ( $, .STERADIAN. ) SOLID_ANGLE_UNIT ( ) );
#1786 =( NAMED_UNIT ( * ) PLANE_ANGLE_UNIT ( ) SI_UNIT ( $, .RADIAN. ) );
#1787 = STYLED_ITEM ( 'NONE', ( #2144 ), #1503 ) ;
#1788 = EDGE_LOOP ( 'NONE', ( #6863, #2109, #7611, #7990 ) ) ;
#1789 = FACE_OUTER_BOUND ( 'NONE', #89, .T. ) ;
#1790 = VECTOR ( 'NONE', #7579, 1000.000000000000000 ) ;
#1791 =( NAMED_UNIT ( * ) PLANE_ANGLE_UNIT ( ) SI_UNIT ( $, .RADIAN. ) );
#1792 =( GEOMETRIC_REPRESENTATION_CONTEXT ( 3 ) GLOBAL_UNCERTAINTY_ASSIGNED_CONTEXT ( ( #4148 ) ) GLOBAL_UNIT_ASSIGNED_CONTEXT ( ( #5870, #5827, #5909 ) ) REPRESENTATION_CONTEXT ( 'NONE', 'WORKASPACE' ) );
#1793 = VERTEX_POINT ( 'NONE', #5352 ) ;
#1794 = ADVANCED_FACE ( 'NONE', ( #7905 ), #4512, .F. ) ;
#1795 = ADVANCED_FACE ( 'NONE', ( #6343 ), #1961, .T. ) ;
#1796 = PRESENTATION_LAYER_ASSIGNMENT (  '', '', ( #2577 ) ) ;
#1797 = SURFACE_STYLE_USAGE ( .BOTH. , #5358 ) ;
#1798 =( NAMED_UNIT ( * ) PLANE_ANGLE_UNIT ( ) SI_UNIT ( $, .RADIAN. ) );
#1799 = AXIS2_PLACEMENT_3D ( 'NONE', #175, #6986, #7613 ) ;
#1800 = SURFACE_STYLE_USAGE ( .BOTH. , #536 ) ;
#1801 = PRESENTATION_STYLE_ASSIGNMENT (( #4228 ) ) ;
#1802 = ORIENTED_EDGE ( 'NONE', *, *, #1975, .T. ) ;
#1803 = ORIENTED_EDGE ( 'NONE', *, *, #6459, .T. ) ;
#1804 = FILL_AREA_STYLE_COLOUR ( '', #6760 ) ;
#1805 = DIRECTION ( 'NONE',  ( -0.0000000000000000000, -0.0000000000000000000, -1.000000000000000000 ) ) ;
#1806 = CARTESIAN_POINT ( 'NONE',  ( 2.499999999999998668, 12.65000000000000213, -9.550000000000000711 ) ) ;
#1807 = PLANE ( 'NONE',  #4725 ) ;
#1808 = DIRECTION ( 'NONE',  ( 0.0000000000000000000, 0.0000000000000000000, -1.000000000000000000 ) ) ;
#1809 = AXIS2_PLACEMENT_3D ( 'NONE', #2333, #1120, #6027 ) ;
#1810 = SURFACE_SIDE_STYLE ('',( #6901 ) ) ;
#1811 = FILL_AREA_STYLE ('',( #5413 ) ) ;
#1812 = MECHANICAL_DESIGN_GEOMETRIC_PRESENTATION_REPRESENTATION (  '', ( #7200 ), #4437 ) ;
#1813 = DIRECTION ( 'NONE',  ( -0.0000000000000000000, 1.000000000000000000, -0.0000000000000000000 ) ) ;
#1814 = ORIENTED_EDGE ( 'NONE', *, *, #7876, .F. ) ;
#1815 = MECHANICAL_DESIGN_GEOMETRIC_PRESENTATION_REPRESENTATION (  '', ( #4583 ), #5880 ) ;
#1816 = DIRECTION ( 'NONE',  ( 1.000000000000000000, 0.0000000000000000000, 0.0000000000000000000 ) ) ;
#1817 = CYLINDRICAL_SURFACE ( 'NONE', #5719, 0.5000000000000004441 ) ;
#1818 = ORIENTED_EDGE ( 'NONE', *, *, #7378, .F. ) ;
#1819 = DIRECTION ( 'NONE',  ( 0.0000000000000000000, 0.7071067811865425767, -0.7071067811865525687 ) ) ;
#1820 = ADVANCED_FACE ( 'NONE', ( #6301 ), #3191, .T. ) ;
#1821 = LINE ( 'NONE', #4980, #409 ) ;
#1822 =( NAMED_UNIT ( * ) PLANE_ANGLE_UNIT ( ) SI_UNIT ( $, .RADIAN. ) );
#1823 = VERTEX_POINT ( 'NONE', #5192 ) ;
#1824 = STYLED_ITEM ( 'NONE', ( #7019 ), #5857 ) ;
#1825 = FACE_OUTER_BOUND ( 'NONE', #3425, .T. ) ;
#1826 = ORIENTED_EDGE ( 'NONE', *, *, #488, .F. ) ;
#1827 = FILL_AREA_STYLE ('',( #7562 ) ) ;
#1828 = CARTESIAN_POINT ( 'NONE',  ( 5.000000000000000000, -4.000000000000000000, -11.25000000000000000 ) ) ;
#1829 = EDGE_CURVE ( 'NONE', #1868, #1269, #3929, .T. ) ;
#1830 = ORIENTED_EDGE ( 'NONE', *, *, #1641, .T. ) ;
#1831 = CARTESIAN_POINT ( 'NONE',  ( 6.149999999999999467, 5.750000000000000000, -8.250000000000000000 ) ) ;
#1832 = PRESENTATION_STYLE_ASSIGNMENT (( #3804 ) ) ;
#1833 = EDGE_CURVE ( 'NONE', #2114, #3446, #5613, .T. ) ;
#1834 = ORIENTED_EDGE ( 'NONE', *, *, #6445, .F. ) ;
#1835 = UNCERTAINTY_MEASURE_WITH_UNIT (LENGTH_MEASURE( 1.000000000000000082E-05 ), #3472, 'distance_accuracy_value', 'NONE');
#1836 = PRESENTATION_LAYER_ASSIGNMENT (  '', '', ( #2747 ) ) ;
#1837 = FACE_OUTER_BOUND ( 'NONE', #5520, .T. ) ;
#1838 = MECHANICAL_DESIGN_GEOMETRIC_PRESENTATION_REPRESENTATION (  '', ( #801 ), #4978 ) ;
#1839 =( NAMED_UNIT ( * ) SI_UNIT ( $, .STERADIAN. ) SOLID_ANGLE_UNIT ( ) );
#1840 = COLOUR_RGB ( '',0.1019607843137254888, 0.1019607843137254888, 0.1019607843137254888 ) ;
#1841 = ADVANCED_FACE ( 'NONE', ( #7781 ), #6507, .T. ) ;
#1842 =( NAMED_UNIT ( * ) PLANE_ANGLE_UNIT ( ) SI_UNIT ( $, .RADIAN. ) );
#1843 = ADVANCED_FACE ( 'NONE', ( #2116 ), #7177, .T. ) ;
#1844 = MECHANICAL_DESIGN_GEOMETRIC_PRESENTATION_REPRESENTATION (  '', ( #5772 ), #817 ) ;
#1845 = DIRECTION ( 'NONE',  ( -0.0000000000000000000, -0.0000000000000000000, -1.000000000000000000 ) ) ;
#1846 = DIRECTION ( 'NONE',  ( -1.000000000000000000, 3.469446951953614189E-16, 0.0000000000000000000 ) ) ;
#1847 = CARTESIAN_POINT ( 'NONE',  ( -3.750000000000001776, 15.75000000000000355, -12.95000000000000107 ) ) ;
#1848 = UNCERTAINTY_MEASURE_WITH_UNIT (LENGTH_MEASURE( 1.000000000000000082E-05 ), #2759, 'distance_accuracy_value', 'NONE');
#1849 = FILL_AREA_STYLE_COLOUR ( '', #1873 ) ;
#1850 = CIRCLE ( 'NONE', #6430, 1.599999999999999423 ) ;
#1851 = STYLED_ITEM ( 'NONE', ( #4648 ), #7475 ) ;
#1852 = VERTEX_POINT ( 'NONE', #931 ) ;
#1853 = AXIS2_PLACEMENT_3D ( 'NONE', #3868, #17, #6364 ) ;
#1854 = ORIENTED_EDGE ( 'NONE', *, *, #5687, .F. ) ;
#1855 = CARTESIAN_POINT ( 'NONE',  ( 8.000000000000000000, 13.99999999999999822, 0.0000000000000000000 ) ) ;
#1856 =( GEOMETRIC_REPRESENTATION_CONTEXT ( 3 ) GLOBAL_UNCERTAINTY_ASSIGNED_CONTEXT ( ( #6862 ) ) GLOBAL_UNIT_ASSIGNED_CONTEXT ( ( #7504, #6777, #589 ) ) REPRESENTATION_CONTEXT ( 'NONE', 'WORKASPACE' ) );
#1857 = DIRECTION ( 'NONE',  ( 0.0000000000000000000, 0.0000000000000000000, -1.000000000000000000 ) ) ;
#1858 = DIRECTION ( 'NONE',  ( 0.0000000000000000000, 0.0000000000000000000, -1.000000000000000000 ) ) ;
#1859 = DIRECTION ( 'NONE',  ( 0.0000000000000000000, 0.0000000000000000000, -1.000000000000000000 ) ) ;
#1860 = UNCERTAINTY_MEASURE_WITH_UNIT (LENGTH_MEASURE( 1.000000000000000082E-05 ), #4077, 'distance_accuracy_value', 'NONE');
#1861 = PRESENTATION_STYLE_ASSIGNMENT (( #2457 ) ) ;
#1862 = VERTEX_POINT ( 'NONE', #3427 ) ;
#1863 =( GEOMETRIC_REPRESENTATION_CONTEXT ( 3 ) GLOBAL_UNCERTAINTY_ASSIGNED_CONTEXT ( ( #8047 ) ) GLOBAL_UNIT_ASSIGNED_CONTEXT ( ( #7574, #5554, #5600 ) ) REPRESENTATION_CONTEXT ( 'NONE', 'WORKASPACE' ) );
#1864 =( NAMED_UNIT ( * ) PLANE_ANGLE_UNIT ( ) SI_UNIT ( $, .RADIAN. ) );
#1865 =( GEOMETRIC_REPRESENTATION_CONTEXT ( 3 ) GLOBAL_UNCERTAINTY_ASSIGNED_CONTEXT ( ( #5124 ) ) GLOBAL_UNIT_ASSIGNED_CONTEXT ( ( #3580, #472, #5792 ) ) REPRESENTATION_CONTEXT ( 'NONE', 'WORKASPACE' ) );
#1866 = LINE ( 'NONE', #4368, #2902 ) ;
#1867 = SURFACE_STYLE_USAGE ( .BOTH. , #4370 ) ;
#1868 = VERTEX_POINT ( 'NONE', #2191 ) ;
#1869 = CARTESIAN_POINT ( 'NONE',  ( -5.000000000000000000, 2.200000000000000178, 10.90000000000000036 ) ) ;
#1870 = PRESENTATION_LAYER_ASSIGNMENT (  '', '', ( #832 ) ) ;
#1871 = SURFACE_SIDE_STYLE ('',( #4977 ) ) ;
#1872 = LINE ( 'NONE', #2512, #7376 ) ;
#1873 = COLOUR_RGB ( '',1.000000000000000000, 0.9372549019607843146, 0.1372549019607843257 ) ;
#1874 = DIRECTION ( 'NONE',  ( -0.0000000000000000000, -1.000000000000000000, -0.0000000000000000000 ) ) ;
#1875 = PRESENTATION_LAYER_ASSIGNMENT (  '', '', ( #5396 ) ) ;
#1876 = ORIENTED_EDGE ( 'NONE', *, *, #3626, .T. ) ;
#1877 = CARTESIAN_POINT ( 'NONE',  ( -6.349999999999977440, 2.750000000000000000, 8.199999999999997513 ) ) ;
#1878 = EDGE_CURVE ( 'NONE', #7220, #3364, #1388, .T. ) ;
#1879 = CARTESIAN_POINT ( 'NONE',  ( 2.499999999999998668, 12.65000000000000213, 12.95000000000000107 ) ) ;
#1880 = SURFACE_STYLE_FILL_AREA ( #2560 ) ;
#1881 = FILL_AREA_STYLE ('',( #1342 ) ) ;
#1882 = ORIENTED_EDGE ( 'NONE', *, *, #4005, .T. ) ;
#1883 = DIRECTION ( 'NONE',  ( -1.906289534040447240E-16, 1.000000000000000000, 0.0000000000000000000 ) ) ;
#1884 = DIRECTION ( 'NONE',  ( -0.9274414720324123396, -0.3739683354969404738, 0.0000000000000000000 ) ) ;
#1885 = VERTEX_POINT ( 'NONE', #5384 ) ;
#1886 = CIRCLE ( 'NONE', #5018, 0.3499999999999996447 ) ;
#1887 = FILL_AREA_STYLE ('',( #6216 ) ) ;
#1888 = EDGE_CURVE ( 'NONE', #633, #8009, #3509, .T. ) ;
#1889 = FILL_AREA_STYLE ('',( #5033 ) ) ;
#1890 = VECTOR ( 'NONE', #4295, 1000.000000000000000 ) ;
#1891 = SURFACE_STYLE_USAGE ( .BOTH. , #1353 ) ;
#1892 = PRESENTATION_STYLE_ASSIGNMENT (( #7540 ) ) ;
#1893 =( NAMED_UNIT ( * ) PLANE_ANGLE_UNIT ( ) SI_UNIT ( $, .RADIAN. ) );
#1894 = DIRECTION ( 'NONE',  ( -1.000000000000000000, 0.0000000000000000000, 0.0000000000000000000 ) ) ;
#1895 = EDGE_CURVE ( 'NONE', #831, #1636, #6703, .T. ) ;
#1896 = EDGE_CURVE ( 'NONE', #6889, #6621, #398, .T. ) ;
#1897 = ORIENTED_EDGE ( 'NONE', *, *, #4656, .F. ) ;
#1898 = VERTEX_POINT ( 'NONE', #7346 ) ;
#1899 = DIRECTION ( 'NONE',  ( -1.000000000000000000, 0.0000000000000000000, 0.0000000000000000000 ) ) ;
#1900 =( NAMED_UNIT ( * ) SI_UNIT ( $, .STERADIAN. ) SOLID_ANGLE_UNIT ( ) );
#1901 = DIRECTION ( 'NONE',  ( 0.2169304578186563026, 0.9761870601839527373, 0.0000000000000000000 ) ) ;
#1902 = CARTESIAN_POINT ( 'NONE',  ( 5.800000000000000711, 10.34999999999998899, 8.199999999999997513 ) ) ;
#1903 = EDGE_CURVE ( 'NONE', #6990, #5387, #8057, .T. ) ;
#1904 = SURFACE_STYLE_FILL_AREA ( #5700 ) ;
#1905 = ORIENTED_EDGE ( 'NONE', *, *, #3598, .T. ) ;
#1906 =( NAMED_UNIT ( * ) SI_UNIT ( $, .STERADIAN. ) SOLID_ANGLE_UNIT ( ) );
#1907 = ORIENTED_EDGE ( 'NONE', *, *, #7976, .T. ) ;
#1908 =( LENGTH_UNIT ( ) NAMED_UNIT ( * ) SI_UNIT ( .MILLI., .METRE. ) );
#1909 = AXIS2_PLACEMENT_3D ( 'NONE', #1224, #3768, #2482 ) ;
#1910 = PRESENTATION_LAYER_ASSIGNMENT (  '', '', ( #4137 ) ) ;
#1911 = DIRECTION ( 'NONE',  ( 0.0000000000000000000, 1.000000000000000000, 0.0000000000000000000 ) ) ;
#1912 = DIRECTION ( 'NONE',  ( 1.000000000000000000, 0.0000000000000000000, 0.0000000000000000000 ) ) ;
#1913 = STYLED_ITEM ( 'NONE', ( #7227 ), #345 ) ;
#1914 = ORIENTED_EDGE ( 'NONE', *, *, #7846, .F. ) ;
#1915 = STYLED_ITEM ( 'NONE', ( #6416 ), #5041 ) ;
#1916 = SURFACE_STYLE_FILL_AREA ( #1827 ) ;
#1917 = CARTESIAN_POINT ( 'NONE',  ( -10.00000000000000000, -4.000000000000000000, -10.90000000000000036 ) ) ;
#1918 = LINE ( 'NONE', #691, #4938 ) ;
#1919 = ORIENTED_EDGE ( 'NONE', *, *, #1833, .F. ) ;
#1920 = PRESENTATION_LAYER_ASSIGNMENT (  '', '', ( #7168 ) ) ;
#1921 = ORIENTED_EDGE ( 'NONE', *, *, #1833, .T. ) ;
#1922 = AXIS2_PLACEMENT_3D ( 'NONE', #1994, #1332, #1954 ) ;
#1923 = CARTESIAN_POINT ( 'NONE',  ( 0.0000000000000000000, 2.200000000000000178, 11.59999999999999964 ) ) ;
#1924 = AXIS2_PLACEMENT_3D ( 'NONE', #239, #2655, #6504 ) ;
#1925 = AXIS2_PLACEMENT_3D ( 'NONE', #2753, #298, #5211 ) ;
#1926 = EDGE_LOOP ( 'NONE', ( #2591, #7306, #734, #330 ) ) ;
#1927 = CARTESIAN_POINT ( 'NONE',  ( -4.200000000000000178, 6.650000000000000355, 9.550000000000000711 ) ) ;
#1928 = EDGE_CURVE ( 'NONE', #6693, #5274, #4972, .T. ) ;
#1929 =( NAMED_UNIT ( * ) SI_UNIT ( $, .STERADIAN. ) SOLID_ANGLE_UNIT ( ) );
#1930 = FILL_AREA_STYLE_COLOUR ( '', #1488 ) ;
#1931 = ORIENTED_EDGE ( 'NONE', *, *, #3521, .F. ) ;
#1932 = VERTEX_POINT ( 'NONE', #5997 ) ;
#1933 =( LENGTH_UNIT ( ) NAMED_UNIT ( * ) SI_UNIT ( .MILLI., .METRE. ) );
#1934 = COLOUR_RGB ( '',0.2980392156862745057, 0.2980392156862745057, 0.2980392156862745057 ) ;
#1935 = EDGE_CURVE ( 'NONE', #5127, #633, #7361, .T. ) ;
#1936 = DIRECTION ( 'NONE',  ( 0.0000000000000000000, 0.0000000000000000000, -1.000000000000000000 ) ) ;
#1937 = DIRECTION ( 'NONE',  ( 0.0000000000000000000, 0.0000000000000000000, 1.000000000000000000 ) ) ;
#1938 = DIRECTION ( 'NONE',  ( 1.000000000000000000, 0.0000000000000000000, 0.0000000000000000000 ) ) ;
#1939 = DIRECTION ( 'NONE',  ( 0.0000000000000000000, -0.0000000000000000000, -1.000000000000000000 ) ) ;
#1940 = UNCERTAINTY_MEASURE_WITH_UNIT (LENGTH_MEASURE( 1.000000000000000082E-05 ), #5536, 'distance_accuracy_value', 'NONE');
#1941 = FACE_OUTER_BOUND ( 'NONE', #695, .T. ) ;
#1942 = EDGE_LOOP ( 'NONE', ( #177, #2441 ) ) ;
#1943 = AXIS2_PLACEMENT_3D ( 'NONE', #5057, #5575, #4973 ) ;
#1944 = CARTESIAN_POINT ( 'NONE',  ( -5.000000000000000000, -4.000000000000000000, -11.25000000000000000 ) ) ;
#1945 = PLANE ( 'NONE',  #6428 ) ;
#1946 = FILL_AREA_STYLE_COLOUR ( '', #439 ) ;
#1947 = CARTESIAN_POINT ( 'NONE',  ( -3.750000000000001776, 15.75000000000000355, -12.95000000000000107 ) ) ;
#1948 = EDGE_CURVE ( 'NONE', #4785, #2290, #520, .T. ) ;
#1949 = DIRECTION ( 'NONE',  ( 0.0000000000000000000, 0.0000000000000000000, -1.000000000000000000 ) ) ;
#1950 = EDGE_CURVE ( 'NONE', #8034, #7136, #2265, .T. ) ;
#1951 = PRESENTATION_STYLE_ASSIGNMENT (( #2426 ) ) ;
#1952 = FILL_AREA_STYLE_COLOUR ( '', #5489 ) ;
#1953 = FILL_AREA_STYLE ('',( #6915 ) ) ;
#1954 = DIRECTION ( 'NONE',  ( -1.000000000000000000, 0.0000000000000000000, 0.0000000000000000000 ) ) ;
#1955 = COLOUR_RGB ( '',0.1019607843137254888, 0.1019607843137254888, 0.1019607843137254888 ) ;
#1956 = FILL_AREA_STYLE ('',( #2514 ) ) ;
#1957 = VERTEX_POINT ( 'NONE', #5493 ) ;
#1958 = CARTESIAN_POINT ( 'NONE',  ( 3.750000000000000000, 15.75000000000000355, -12.95000000000000107 ) ) ;
#1959 = ORIENTED_EDGE ( 'NONE', *, *, #1950, .F. ) ;
#1960 = SURFACE_SIDE_STYLE ('',( #3847 ) ) ;
#1961 = CYLINDRICAL_SURFACE ( 'NONE', #1692, 0.3499999999999996447 ) ;
#1962 = ORIENTED_EDGE ( 'NONE', *, *, #3750, .F. ) ;
#1963 = CARTESIAN_POINT ( 'NONE',  ( 4.286263797015713792E-17, 2.200000000000000178, -11.59999999999999964 ) ) ;
#1964 = MECHANICAL_DESIGN_GEOMETRIC_PRESENTATION_REPRESENTATION (  '', ( #394 ), #6535 ) ;
#1965 = VECTOR ( 'NONE', #5113, 1000.000000000000000 ) ;
#1966 = VECTOR ( 'NONE', #6203, 1000.000000000000000 ) ;
#1967 = DIRECTION ( 'NONE',  ( 0.0000000000000000000, -0.0000000000000000000, -1.000000000000000000 ) ) ;
#1968 = VERTEX_POINT ( 'NONE', #1013 ) ;
#1969 = COLOUR_RGB ( '',0.1019607843137254888, 0.1019607843137254888, 0.1019607843137254888 ) ;
#1970 = CARTESIAN_POINT ( 'NONE',  ( -8.999999999999998224, 15.00000000000000000, 8.250000000000000000 ) ) ;
#1971 =( LENGTH_UNIT ( ) NAMED_UNIT ( * ) SI_UNIT ( .MILLI., .METRE. ) );
#1972 = MECHANICAL_DESIGN_GEOMETRIC_PRESENTATION_REPRESENTATION (  '', ( #805 ), #5363 ) ;
#1973 = EDGE_LOOP ( 'NONE', ( #2193, #6056, #7007, #550 ) ) ;
#1974 = ORIENTED_EDGE ( 'NONE', *, *, #39, .T. ) ;
#1975 = EDGE_CURVE ( 'NONE', #4136, #1932, #1572, .T. ) ;
#1976 = FACE_OUTER_BOUND ( 'NONE', #3794, .T. ) ;
#1977 = STYLED_ITEM ( 'NONE', ( #763 ), #2791 ) ;
#1978 = PRESENTATION_STYLE_ASSIGNMENT (( #4609 ) ) ;
#1979 = SURFACE_SIDE_STYLE ('',( #5742 ) ) ;
#1980 = PRESENTATION_LAYER_ASSIGNMENT (  '', '', ( #278 ) ) ;
#1981 = ORIENTED_EDGE ( 'NONE', *, *, #2387, .T. ) ;
#1982 = APPLICATION_CONTEXT ( 'automotive_design' ) ;
#1983 = MECHANICAL_DESIGN_GEOMETRIC_PRESENTATION_REPRESENTATION (  '', ( #6694 ), #1856 ) ;
#1984 = CARTESIAN_POINT ( 'NONE',  ( 6.349999999999977440, 15.75000000000000355, 8.199999999999997513 ) ) ;
#1985 = ADVANCED_FACE ( 'NONE', ( #5417 ), #1088, .F. ) ;
#1986 =( NAMED_UNIT ( * ) SI_UNIT ( $, .STERADIAN. ) SOLID_ANGLE_UNIT ( ) );
#1987 = VECTOR ( 'NONE', #2582, 1000.000000000000000 ) ;
#1988 = MECHANICAL_DESIGN_GEOMETRIC_PRESENTATION_REPRESENTATION (  '', ( #2358 ), #3024 ) ;
#1989 = LINE ( 'NONE', #2715, #1014 ) ;
#1990 =( NAMED_UNIT ( * ) PLANE_ANGLE_UNIT ( ) SI_UNIT ( $, .RADIAN. ) );
#1991 = PRESENTATION_STYLE_ASSIGNMENT (( #4036 ) ) ;
#1992 = CARTESIAN_POINT ( 'NONE',  ( -12.59999999999999964, 6.000000000000000000, 9.550000000000004263 ) ) ;
#1993 =( NAMED_UNIT ( * ) PLANE_ANGLE_UNIT ( ) SI_UNIT ( $, .RADIAN. ) );
#1994 = CARTESIAN_POINT ( 'NONE',  ( -12.84999999999999609, 7.200000000000000178, -12.95000000000000107 ) ) ;
#1995 = ORIENTED_EDGE ( 'NONE', *, *, #2048, .F. ) ;
#1996 = AXIS2_PLACEMENT_3D ( 'NONE', #2317, #2898, #7284 ) ;
#1997 = EDGE_CURVE ( 'NONE', #633, #5071, #6743, .T. ) ;
#1998 = LINE ( 'NONE', #2602, #4212 ) ;
#1999 = EDGE_CURVE ( 'NONE', #6159, #5107, #5474, .T. ) ;
#2000 = ORIENTED_EDGE ( 'NONE', *, *, #3640, .T. ) ;
#2001 = SURFACE_SIDE_STYLE ('',( #5154 ) ) ;
#2002 = CARTESIAN_POINT ( 'NONE',  ( 6.150000000000001243, 5.949999999999999289, -8.250000000000000000 ) ) ;
#2003 = CIRCLE ( 'NONE', #559, 3.000000000000000888 ) ;
#2004 = LINE ( 'NONE', #3390, #2955 ) ;
#2005 = VERTEX_POINT ( 'NONE', #2848 ) ;
#2006 = PRESENTATION_LAYER_ASSIGNMENT (  '', '', ( #36 ) ) ;
#2007 = PRESENTATION_LAYER_ASSIGNMENT (  '', '', ( #6968 ) ) ;
#2008 = EDGE_LOOP ( 'NONE', ( #3018, #7300, #3063, #4886 ) ) ;
#2009 = PRESENTATION_STYLE_ASSIGNMENT (( #7100 ) ) ;
#2010 = AXIS2_PLACEMENT_3D ( 'NONE', #2653, #5810, #2726 ) ;
#2011 = CYLINDRICAL_SURFACE ( 'NONE', #7356, 0.2000000000000005107 ) ;
#2012 = LINE ( 'NONE', #6773, #4234 ) ;
#2013 = SURFACE_STYLE_USAGE ( .BOTH. , #1355 ) ;
#2014 = VECTOR ( 'NONE', #4774, 1000.000000000000000 ) ;
#2015 = CARTESIAN_POINT ( 'NONE',  ( -9.500000000000000000, 15.75000000000000000, 9.550000000000000711 ) ) ;
#2016 = ORIENTED_EDGE ( 'NONE', *, *, #3582, .T. ) ;
#2017 = DIRECTION ( 'NONE',  ( 0.0000000000000000000, 0.0000000000000000000, 1.000000000000000000 ) ) ;
#2018 = FILL_AREA_STYLE_COLOUR ( '', #1386 ) ;
#2019 = PRESENTATION_LAYER_ASSIGNMENT (  '', '', ( #5024 ) ) ;
#2020 = ORIENTED_EDGE ( 'NONE', *, *, #8046, .T. ) ;
#2021 = ORIENTED_EDGE ( 'NONE', *, *, #2282, .T. ) ;
#2022 =( NAMED_UNIT ( * ) SI_UNIT ( $, .STERADIAN. ) SOLID_ANGLE_UNIT ( ) );
#2023 = STYLED_ITEM ( 'NONE', ( #3392 ), #4333 ) ;
#2024 = DIRECTION ( 'NONE',  ( 0.0000000000000000000, 0.0000000000000000000, -1.000000000000000000 ) ) ;
#2025 = LINE ( 'NONE', #5014, #2440 ) ;
#2026 = UNCERTAINTY_MEASURE_WITH_UNIT (LENGTH_MEASURE( 1.000000000000000082E-05 ), #7114, 'distance_accuracy_value', 'NONE');
#2027 = CARTESIAN_POINT ( 'NONE',  ( -8.999999999999998224, 15.00000000000000000, 8.250000000000000000 ) ) ;
#2028 = VERTEX_POINT ( 'NONE', #5344 ) ;
#2029 = ADVANCED_FACE ( 'NONE', ( #6619 ), #7591, .F. ) ;
#2030 = CARTESIAN_POINT ( 'NONE',  ( 6.150000000000000355, 12.75000000000000178, 8.250000000000000000 ) ) ;
#2031 = FILL_AREA_STYLE_COLOUR ( '', #4837 ) ;
#2032 = PLANE ( 'NONE',  #6173 ) ;
#2033 = UNCERTAINTY_MEASURE_WITH_UNIT (LENGTH_MEASURE( 1.000000000000000082E-05 ), #777, 'distance_accuracy_value', 'NONE');
#2034 = ORIENTED_EDGE ( 'NONE', *, *, #1036, .F. ) ;
#2035 = EDGE_CURVE ( 'NONE', #2881, #1309, #4371, .T. ) ;
#2036 = CARTESIAN_POINT ( 'NONE',  ( -10.00000000000000000, 2.200000000000000178, 11.25000000000000000 ) ) ;
#2037 = EDGE_LOOP ( 'NONE', ( #4914, #759 ) ) ;
#2038 = LINE ( 'NONE', #1338, #3800 ) ;
#2039 = PRESENTATION_STYLE_ASSIGNMENT (( #6422 ) ) ;
#2040 = ORIENTED_EDGE ( 'NONE', *, *, #3081, .T. ) ;
#2041 =( LENGTH_UNIT ( ) NAMED_UNIT ( * ) SI_UNIT ( .MILLI., .METRE. ) );
#2042 = EDGE_CURVE ( 'NONE', #856, #1099, #6913, .T. ) ;
#2043 = ORIENTED_EDGE ( 'NONE', *, *, #189, .F. ) ;
#2044 = STYLED_ITEM ( 'NONE', ( #6296 ), #370 ) ;
#2045 = AXIS2_PLACEMENT_3D ( 'NONE', #3930, #905, #7145 ) ;
#2046 = CARTESIAN_POINT ( 'NONE',  ( -8.000000000000000000, 15.00000000000000000, -8.250000000000000000 ) ) ;
#2047 = FACE_OUTER_BOUND ( 'NONE', #2690, .T. ) ;
#2048 = EDGE_CURVE ( 'NONE', #649, #5864, #4452, .T. ) ;
#2049 = CARTESIAN_POINT ( 'NONE',  ( 9.000000000000001776, 11.14999999999994174, 4.399999999999995914 ) ) ;
#2050 = EDGE_CURVE ( 'NONE', #3913, #5343, #7517, .T. ) ;
#2051 = DIRECTION ( 'NONE',  ( 0.0000000000000000000, 0.0000000000000000000, 1.000000000000000000 ) ) ;
#2052 = VERTEX_POINT ( 'NONE', #4895 ) ;
#2053 = DIRECTION ( 'NONE',  ( 0.0000000000000000000, 0.0000000000000000000, 1.000000000000000000 ) ) ;
#2054 = LINE ( 'NONE', #5939, #4679 ) ;
#2055 = AXIS2_PLACEMENT_3D ( 'NONE', #5944, #5171, #4061 ) ;
#2056 = ORIENTED_EDGE ( 'NONE', *, *, #5296, .F. ) ;
#2057 = STYLED_ITEM ( 'NONE', ( #4196 ), #5228 ) ;
#2058 = LINE ( 'NONE', #7078, #6069 ) ;
#2059 = DIRECTION ( 'NONE',  ( 0.0000000000000000000, 0.0000000000000000000, 1.000000000000000000 ) ) ;
#2060 = FILL_AREA_STYLE ('',( #2674 ) ) ;
#2061 = DIRECTION ( 'NONE',  ( 0.0000000000000000000, -1.000000000000000000, -0.0000000000000000000 ) ) ;
#2062 = PRESENTATION_STYLE_ASSIGNMENT (( #2542 ) ) ;
#2063 = ORIENTED_EDGE ( 'NONE', *, *, #5142, .T. ) ;
#2064 = FILL_AREA_STYLE ('',( #4175 ) ) ;
#2065 = MECHANICAL_DESIGN_GEOMETRIC_PRESENTATION_REPRESENTATION (  '', ( #7872 ), #4569 ) ;
#2066 = PRESENTATION_STYLE_ASSIGNMENT (( #188 ) ) ;
#2067 = LINE ( 'NONE', #4577, #846 ) ;
#2068 =( NAMED_UNIT ( * ) SI_UNIT ( $, .STERADIAN. ) SOLID_ANGLE_UNIT ( ) );
#2069 = DIRECTION ( 'NONE',  ( -0.0000000000000000000, -0.0000000000000000000, 1.000000000000000000 ) ) ;
#2070 = LINE ( 'NONE', #7167, #3414 ) ;
#2071 = ORIENTED_EDGE ( 'NONE', *, *, #6459, .F. ) ;
#2072 = ORIENTED_EDGE ( 'NONE', *, *, #2748, .F. ) ;
#2073 = CARTESIAN_POINT ( 'NONE',  ( 6.150000000000000355, 12.75000000000000178, 8.250000000000000000 ) ) ;
#2074 = EDGE_CURVE ( 'NONE', #4960, #8137, #4322, .T. ) ;
#2075 = EDGE_LOOP ( 'NONE', ( #5764, #8144, #7467, #2842 ) ) ;
#2076 = FACE_OUTER_BOUND ( 'NONE', #8107, .T. ) ;
#2077 = SURFACE_STYLE_FILL_AREA ( #3363 ) ;
#2078 = ORIENTED_EDGE ( 'NONE', *, *, #5950, .T. ) ;
#2079 = PRESENTATION_LAYER_ASSIGNMENT (  '', '', ( #645 ) ) ;
#2080 =( GEOMETRIC_REPRESENTATION_CONTEXT ( 3 ) GLOBAL_UNCERTAINTY_ASSIGNED_CONTEXT ( ( #5298 ) ) GLOBAL_UNIT_ASSIGNED_CONTEXT ( ( #3199, #5477, #4877 ) ) REPRESENTATION_CONTEXT ( 'NONE', 'WORKASPACE' ) );
#2081 = PLANE ( 'NONE',  #599 ) ;
#2082 = CIRCLE ( 'NONE', #6660, 1.000000000000000888 ) ;
#2083 =( LENGTH_UNIT ( ) NAMED_UNIT ( * ) SI_UNIT ( .MILLI., .METRE. ) );
#2084 = FACE_OUTER_BOUND ( 'NONE', #3647, .T. ) ;
#2085 = DIRECTION ( 'NONE',  ( 0.0000000000000000000, 0.0000000000000000000, 1.000000000000000000 ) ) ;
#2086 =( LENGTH_UNIT ( ) NAMED_UNIT ( * ) SI_UNIT ( .MILLI., .METRE. ) );
#2087 = ORIENTED_EDGE ( 'NONE', *, *, #1441, .T. ) ;
#2088 = LINE ( 'NONE', #1970, #2445 ) ;
#2089 = LINE ( 'NONE', #5776, #7708 ) ;
#2090 = EDGE_LOOP ( 'NONE', ( #3095, #65, #7951, #1428 ) ) ;
#2091 = EDGE_CURVE ( 'NONE', #4026, #3774, #722, .T. ) ;
#2092 = CARTESIAN_POINT ( 'NONE',  ( -12.75000000000000178, 15.19999999999999929, -12.95000000000000107 ) ) ;
#2093 = PRESENTATION_LAYER_ASSIGNMENT (  '', '', ( #394 ) ) ;
#2094 = VECTOR ( 'NONE', #6533, 1000.000000000000000 ) ;
#2095 = FILL_AREA_STYLE_COLOUR ( '', #4994 ) ;
#2096 =( LENGTH_UNIT ( ) NAMED_UNIT ( * ) SI_UNIT ( .MILLI., .METRE. ) );
#2097 = CARTESIAN_POINT ( 'NONE',  ( -12.09999999999999964, 6.000000000000000000, 9.550000000000000711 ) ) ;
#2098 = DIRECTION ( 'NONE',  ( -1.000000000000000000, -0.0000000000000000000, -0.0000000000000000000 ) ) ;
#2099 = ORIENTED_EDGE ( 'NONE', *, *, #6577, .T. ) ;
#2100 = VECTOR ( 'NONE', #5752, 1000.000000000000000 ) ;
#2101 = AXIS2_PLACEMENT_3D ( 'NONE', #4278, #6655, #5451 ) ;
#2102 = VECTOR ( 'NONE', #7204, 1000.000000000000000 ) ;
#2103 = LINE ( 'NONE', #1504, #3798 ) ;
#2104 = VECTOR ( 'NONE', #1093, 1000.000000000000000 ) ;
#2105 = LINE ( 'NONE', #349, #1403 ) ;
#2106 = UNCERTAINTY_MEASURE_WITH_UNIT (LENGTH_MEASURE( 1.000000000000000082E-05 ), #6251, 'distance_accuracy_value', 'NONE');
#2107 = ORIENTED_EDGE ( 'NONE', *, *, #5940, .T. ) ;
#2108 =( GEOMETRIC_REPRESENTATION_CONTEXT ( 3 ) GLOBAL_UNCERTAINTY_ASSIGNED_CONTEXT ( ( #6945 ) ) GLOBAL_UNIT_ASSIGNED_CONTEXT ( ( #4325, #229, #7771 ) ) REPRESENTATION_CONTEXT ( 'NONE', 'WORKASPACE' ) );
#2109 = ORIENTED_EDGE ( 'NONE', *, *, #2583, .F. ) ;
#2110 = VECTOR ( 'NONE', #430, 1000.000000000000000 ) ;
#2111 = CIRCLE ( 'NONE', #8042, 1.599999999999999423 ) ;
#2112 = DIRECTION ( 'NONE',  ( 1.000000000000000000, 0.0000000000000000000, 0.0000000000000000000 ) ) ;
#2113 = FILL_AREA_STYLE_COLOUR ( '', #1550 ) ;
#2114 = VERTEX_POINT ( 'NONE', #1869 ) ;
#2115 = CARTESIAN_POINT ( 'NONE',  ( -12.09999999999999609, 6.000000000000000000, 9.050000000000000711 ) ) ;
#2116 = FACE_OUTER_BOUND ( 'NONE', #2219, .T. ) ;
#2117 = STYLED_ITEM ( 'NONE', ( #4028 ), #7548 ) ;
#2118 = ORIENTED_EDGE ( 'NONE', *, *, #4088, .F. ) ;
#2119 = STYLED_ITEM ( 'NONE', ( #457 ), #6700 ) ;
#2120 = EDGE_CURVE ( 'NONE', #1210, #6467, #3834, .T. ) ;
#2121 = LINE ( 'NONE', #7146, #8019 ) ;
#2122 = CIRCLE ( 'NONE', #2492, 0.5000000000000004441 ) ;
#2123 =( NAMED_UNIT ( * ) PLANE_ANGLE_UNIT ( ) SI_UNIT ( $, .RADIAN. ) );
#2124 = DIRECTION ( 'NONE',  ( 0.0000000000000000000, -0.0000000000000000000, 1.000000000000000000 ) ) ;
#2125 = DIRECTION ( 'NONE',  ( 0.0000000000000000000, -1.000000000000000000, 0.0000000000000000000 ) ) ;
#2126 = CARTESIAN_POINT ( 'NONE',  ( 5.800000000000000711, 10.34999999999998899, -8.200000000000001066 ) ) ;
#2127 = ORIENTED_EDGE ( 'NONE', *, *, #5797, .T. ) ;
#2128 = AXIS2_PLACEMENT_3D ( 'NONE', #1828, #3226, #113 ) ;
#2129 = CARTESIAN_POINT ( 'NONE',  ( 0.0000000000000000000, 0.0000000000000000000, 0.0000000000000000000 ) ) ;
#2130 = PRESENTATION_LAYER_ASSIGNMENT (  '', '', ( #5649 ) ) ;
#2131 = PRODUCT_CONTEXT ( 'NONE', #1551, 'mechanical' ) ;
#2132 = ADVANCED_FACE ( 'NONE', ( #3217 ), #6787, .F. ) ;
#2133 = VERTEX_POINT ( 'NONE', #2145 ) ;
#2134 = AXIS2_PLACEMENT_3D ( 'NONE', #2303, #1162, #7345 ) ;
#2135 = ORIENTED_EDGE ( 'NONE', *, *, #5388, .F. ) ;
#2136 = VECTOR ( 'NONE', #1816, 1000.000000000000000 ) ;
#2137 = FILL_AREA_STYLE ('',( #5868 ) ) ;
#2138 = EDGE_CURVE ( 'NONE', #568, #1106, #3383, .T. ) ;
#2139 = CARTESIAN_POINT ( 'NONE',  ( 0.9999999999999991118, 2.200000000000000622, 12.60000000000000142 ) ) ;
#2140 = EDGE_CURVE ( 'NONE', #3735, #2208, #4721, .T. ) ;
#2141 = CARTESIAN_POINT ( 'NONE',  ( -1.000000000000000888, 2.200000000000000178, 12.60000000000000142 ) ) ;
#2142 = VECTOR ( 'NONE', #1805, 1000.000000000000000 ) ;
#2143 = VECTOR ( 'NONE', #6588, 1000.000000000000000 ) ;
#2144 = PRESENTATION_STYLE_ASSIGNMENT (( #7248 ) ) ;
#2145 = CARTESIAN_POINT ( 'NONE',  ( -6.349999999999977440, 2.750000000000000000, 8.199999999999997513 ) ) ;
#2146 = EDGE_CURVE ( 'NONE', #7084, #1146, #5145, .T. ) ;
#2147 = CARTESIAN_POINT ( 'NONE',  ( 5.800000000000000711, 10.34999999999998899, -8.200000000000001066 ) ) ;
#2148 = ORIENTED_EDGE ( 'NONE', *, *, #8043, .F. ) ;
#2149 = VERTEX_POINT ( 'NONE', #5217 ) ;
#2150 = PLANE ( 'NONE',  #2010 ) ;
#2151 = FACE_OUTER_BOUND ( 'NONE', #4904, .T. ) ;
#2152 = ORIENTED_EDGE ( 'NONE', *, *, #4205, .F. ) ;
#2153 = ORIENTED_EDGE ( 'NONE', *, *, #2652, .F. ) ;
#2154 = STYLED_ITEM ( 'NONE', ( #3898 ), #4449 ) ;
#2155 = FACE_OUTER_BOUND ( 'NONE', #7908, .T. ) ;
#2156 = CARTESIAN_POINT ( 'NONE',  ( -12.59999999999999964, 6.000000000000000000, 12.09999999999999609 ) ) ;
#2157 = CARTESIAN_POINT ( 'NONE',  ( -12.84999999999999254, 7.200000000000000178, 13.05000000000000071 ) ) ;
#2158 =( NAMED_UNIT ( * ) PLANE_ANGLE_UNIT ( ) SI_UNIT ( $, .RADIAN. ) );
#2159 = DIRECTION ( 'NONE',  ( 1.000000000000000000, 0.0000000000000000000, 0.0000000000000000000 ) ) ;
#2160 = STYLED_ITEM ( 'NONE', ( #4164 ), #4793 ) ;
#2161 = DIRECTION ( 'NONE',  ( 0.0000000000000000000, -0.0000000000000000000, 1.000000000000000000 ) ) ;
#2162 = UNCERTAINTY_MEASURE_WITH_UNIT (LENGTH_MEASURE( 1.000000000000000082E-05 ), #428, 'distance_accuracy_value', 'NONE');
#2163 = ORIENTED_EDGE ( 'NONE', *, *, #2731, .F. ) ;
#2164 = MECHANICAL_DESIGN_GEOMETRIC_PRESENTATION_REPRESENTATION (  '', ( #2044 ), #6220 ) ;
#2165 = CARTESIAN_POINT ( 'NONE',  ( 5.999999999999998224, 15.00000000000000000, -8.250000000000000000 ) ) ;
#2166 =( GEOMETRIC_REPRESENTATION_CONTEXT ( 3 ) GLOBAL_UNCERTAINTY_ASSIGNED_CONTEXT ( ( #538 ) ) GLOBAL_UNIT_ASSIGNED_CONTEXT ( ( #2666, #5165, #1437 ) ) REPRESENTATION_CONTEXT ( 'NONE', 'WORKASPACE' ) );
#2167 = EDGE_CURVE ( 'NONE', #7136, #1070, #3005, .T. ) ;
#2168 =( NAMED_UNIT ( * ) SI_UNIT ( $, .STERADIAN. ) SOLID_ANGLE_UNIT ( ) );
#2169 = FILL_AREA_STYLE_COLOUR ( '', #690 ) ;
#2170 = LINE ( 'NONE', #7196, #6768 ) ;
#2171 = UNCERTAINTY_MEASURE_WITH_UNIT (LENGTH_MEASURE( 1.000000000000000082E-05 ), #5446, 'distance_accuracy_value', 'NONE');
#2172 = DIRECTION ( 'NONE',  ( -0.0000000000000000000, -0.0000000000000000000, -1.000000000000000000 ) ) ;
#2173 = MECHANICAL_DESIGN_GEOMETRIC_PRESENTATION_REPRESENTATION (  '', ( #4130 ), #69 ) ;
#2174 = MECHANICAL_DESIGN_GEOMETRIC_PRESENTATION_REPRESENTATION (  '', ( #6921 ), #6766 ) ;
#2175 = SURFACE_STYLE_USAGE ( .BOTH. , #5291 ) ;
#2176 = LINE ( 'NONE', #4695, #2180 ) ;
#2177 = AXIS2_PLACEMENT_3D ( 'NONE', #7719, #3379, #2206 ) ;
#2178 = CARTESIAN_POINT ( 'NONE',  ( -12.84999999999999254, 7.200000000000000178, 13.05000000000000071 ) ) ;
#2179 =( NAMED_UNIT ( * ) PLANE_ANGLE_UNIT ( ) SI_UNIT ( $, .RADIAN. ) );
#2180 = VECTOR ( 'NONE', #3454, 1000.000000000000000 ) ;
#2181 = COLOUR_RGB ( '',0.1019607843137254888, 0.1019607843137254888, 0.1019607843137254888 ) ;
#2182 = CARTESIAN_POINT ( 'NONE',  ( -12.09999999999999964, 6.000000000000000000, 9.050000000000000711 ) ) ;
#2183 = VERTEX_POINT ( 'NONE', #4538 ) ;
#2184 = LINE ( 'NONE', #3971, #6669 ) ;
#2185 = EDGE_CURVE ( 'NONE', #652, #2133, #7777, .T. ) ;
#2186 = CARTESIAN_POINT ( 'NONE',  ( -12.84999999999999609, 7.200000000000000178, -12.95000000000000107 ) ) ;
#2187 = PLANE ( 'NONE',  #1943 ) ;
#2188 = ORIENTED_EDGE ( 'NONE', *, *, #2321, .F. ) ;
#2189 = DIRECTION ( 'NONE',  ( 0.0000000000000000000, -1.000000000000000000, 0.0000000000000000000 ) ) ;
#2190 = VECTOR ( 'NONE', #785, 1000.000000000000000 ) ;
#2191 = CARTESIAN_POINT ( 'NONE',  ( -2.499999999999998224, 15.00000000000000000, 8.250000000000001776 ) ) ;
#2192 = PRESENTATION_STYLE_ASSIGNMENT (( #7219 ) ) ;
#2193 = ORIENTED_EDGE ( 'NONE', *, *, #2225, .F. ) ;
#2194 = CIRCLE ( 'NONE', #6786, 0.5000000000000004441 ) ;
#2195 = DIRECTION ( 'NONE',  ( 0.0000000000000000000, 0.0000000000000000000, -1.000000000000000000 ) ) ;
#2196 = DIRECTION ( 'NONE',  ( -0.0000000000000000000, -0.0000000000000000000, -1.000000000000000000 ) ) ;
#2197 = MECHANICAL_DESIGN_GEOMETRIC_PRESENTATION_REPRESENTATION (  '', ( #645 ), #8143 ) ;
#2198 = DIRECTION ( 'NONE',  ( 0.0000000000000000000, 0.0000000000000000000, -1.000000000000000000 ) ) ;
#2199 = ORIENTED_EDGE ( 'NONE', *, *, #3672, .F. ) ;
#2200 = ORIENTED_EDGE ( 'NONE', *, *, #5876, .T. ) ;
#2201 =( NAMED_UNIT ( * ) SI_UNIT ( $, .STERADIAN. ) SOLID_ANGLE_UNIT ( ) );
#2202 = CARTESIAN_POINT ( 'NONE',  ( -9.000000000000001776, 10.74999999999993960, -4.800000000000001599 ) ) ;
#2203 = SURFACE_STYLE_USAGE ( .BOTH. , #7996 ) ;
#2204 = STYLED_ITEM ( 'NONE', ( #1431 ), #5887 ) ;
#2205 = LINE ( 'NONE', #3489, #3821 ) ;
#2206 = DIRECTION ( 'NONE',  ( 1.000000000000000000, 0.0000000000000000000, 0.0000000000000000000 ) ) ;
#2207 =( NAMED_UNIT ( * ) SI_UNIT ( $, .STERADIAN. ) SOLID_ANGLE_UNIT ( ) );
#2208 = VERTEX_POINT ( 'NONE', #6461 ) ;
#2209 = EDGE_CURVE ( 'NONE', #4561, #4503, #852, .T. ) ;
#2210 = COLOUR_RGB ( '',0.2980392156862745057, 0.2980392156862745057, 0.2980392156862745057 ) ;
#2211 =( LENGTH_UNIT ( ) NAMED_UNIT ( * ) SI_UNIT ( .MILLI., .METRE. ) );
#2212 = DIRECTION ( 'NONE',  ( -1.000000000000000000, 0.0000000000000000000, 0.0000000000000000000 ) ) ;
#2213 = CARTESIAN_POINT ( 'NONE',  ( -12.75000000000000000, 6.650000000000000355, 12.95000000000000107 ) ) ;
#2214 =( LENGTH_UNIT ( ) NAMED_UNIT ( * ) SI_UNIT ( .MILLI., .METRE. ) );
#2215 =( NAMED_UNIT ( * ) SI_UNIT ( $, .STERADIAN. ) SOLID_ANGLE_UNIT ( ) );
#2216 = COLOUR_RGB ( '',0.1019607843137254888, 0.1019607843137254888, 0.1019607843137254888 ) ;
#2217 = EDGE_CURVE ( 'NONE', #7780, #6214, #149, .T. ) ;
#2218 = CARTESIAN_POINT ( 'NONE',  ( 5.999999999999997335, 0.0000000000000000000, -9.050000000000000711 ) ) ;
#2219 = EDGE_LOOP ( 'NONE', ( #3360, #857, #1337, #5353 ) ) ;
#2220 = FILL_AREA_STYLE ('',( #1695 ) ) ;
#2221 = DIRECTION ( 'NONE',  ( 0.0000000000000000000, -0.0000000000000000000, -1.000000000000000000 ) ) ;
#2222 = ORIENTED_EDGE ( 'NONE', *, *, #7994, .T. ) ;
#2223 =( LENGTH_UNIT ( ) NAMED_UNIT ( * ) SI_UNIT ( .MILLI., .METRE. ) );
#2224 = ORIENTED_EDGE ( 'NONE', *, *, #5560, .F. ) ;
#2225 = EDGE_CURVE ( 'NONE', #2507, #2114, #2103, .T. ) ;
#2226 = CARTESIAN_POINT ( 'NONE',  ( 10.00000000000000000, -4.000000000000000000, -11.25000000000000000 ) ) ;
#2227 = EDGE_CURVE ( 'NONE', #7071, #1752, #3995, .T. ) ;
#2228 = AXIS2_PLACEMENT_3D ( 'NONE', #467, #7337, #7465 ) ;
#2229 =( GEOMETRIC_REPRESENTATION_CONTEXT ( 3 ) GLOBAL_UNCERTAINTY_ASSIGNED_CONTEXT ( ( #7287 ) ) GLOBAL_UNIT_ASSIGNED_CONTEXT ( ( #4495, #6281, #636 ) ) REPRESENTATION_CONTEXT ( 'NONE', 'WORKASPACE' ) );
#2230 = DIRECTION ( 'NONE',  ( -0.0000000000000000000, -1.000000000000000000, -0.0000000000000000000 ) ) ;
#2231 = CARTESIAN_POINT ( 'NONE',  ( 5.000000000000000000, -4.000000000000000000, -10.90000000000000036 ) ) ;
#2232 =( LENGTH_UNIT ( ) NAMED_UNIT ( * ) SI_UNIT ( .MILLI., .METRE. ) );
#2233 = STYLED_ITEM ( 'NONE', ( #256 ), #2921 ) ;
#2234 = DIRECTION ( 'NONE',  ( -0.0000000000000000000, -0.0000000000000000000, 1.000000000000000000 ) ) ;
#2235 = VECTOR ( 'NONE', #1845, 1000.000000000000000 ) ;
#2236 = PRESENTATION_LAYER_ASSIGNMENT (  '', '', ( #4741 ) ) ;
#2237 =( NAMED_UNIT ( * ) SI_UNIT ( $, .STERADIAN. ) SOLID_ANGLE_UNIT ( ) );
#2238 = ORIENTED_EDGE ( 'NONE', *, *, #6137, .F. ) ;
#2239 = VECTOR ( 'NONE', #991, 1000.000000000000000 ) ;
#2240 = ORIENTED_EDGE ( 'NONE', *, *, #6596, .F. ) ;
#2241 = CARTESIAN_POINT ( 'NONE',  ( -10.00000000000000000, -4.000000000000000000, -11.25000000000000000 ) ) ;
#2242 = CARTESIAN_POINT ( 'NONE',  ( 12.85000000000000675, 7.200000000000006395, 13.05000000000000071 ) ) ;
#2243 = AXIS2_PLACEMENT_3D ( 'NONE', #4940, #7599, #7479 ) ;
#2244 = DIRECTION ( 'NONE',  ( 0.9274414720324122285, -0.3739683354969405293, 0.0000000000000000000 ) ) ;
#2245 = SURFACE_STYLE_FILL_AREA ( #4805 ) ;
#2246 = LINE ( 'NONE', #7369, #6636 ) ;
#2247 = UNCERTAINTY_MEASURE_WITH_UNIT (LENGTH_MEASURE( 1.000000000000000082E-05 ), #1045, 'distance_accuracy_value', 'NONE');
#2248 = DIRECTION ( 'NONE',  ( 0.0000000000000000000, 0.0000000000000000000, 1.000000000000000000 ) ) ;
#2249 = STYLED_ITEM ( 'NONE', ( #2334 ), #3540 ) ;
#2250 = ORIENTED_EDGE ( 'NONE', *, *, #4288, .T. ) ;
#2251 = PRESENTATION_STYLE_ASSIGNMENT (( #959 ) ) ;
#2252 = SURFACE_SIDE_STYLE ('',( #3413 ) ) ;
#2253 = SURFACE_SIDE_STYLE ('',( #7924 ) ) ;
#2254 = SURFACE_SIDE_STYLE ('',( #1000 ) ) ;
#2255 = CARTESIAN_POINT ( 'NONE',  ( 9.500000000000000000, 15.75000000000000000, 9.550000000000000711 ) ) ;
#2256 = DIRECTION ( 'NONE',  ( 0.0000000000000000000, 0.0000000000000000000, 1.000000000000000000 ) ) ;
#2257 = UNCERTAINTY_MEASURE_WITH_UNIT (LENGTH_MEASURE( 1.000000000000000082E-05 ), #4385, 'distance_accuracy_value', 'NONE');
#2258 = SURFACE_STYLE_USAGE ( .BOTH. , #3002 ) ;
#2259 = ORIENTED_EDGE ( 'NONE', *, *, #3424, .T. ) ;
#2260 = CIRCLE ( 'NONE', #7949, 1.000000000000000000 ) ;
#2261 = FACE_OUTER_BOUND ( 'NONE', #210, .T. ) ;
#2262 = DIRECTION ( 'NONE',  ( -0.0000000000000000000, 1.000000000000000000, -0.0000000000000000000 ) ) ;
#2263 = DIRECTION ( 'NONE',  ( -1.000000000000000000, 0.0000000000000000000, 0.0000000000000000000 ) ) ;
#2264 = VERTEX_POINT ( 'NONE', #2716 ) ;
#2265 = LINE ( 'NONE', #4708, #7092 ) ;
#2266 = EDGE_CURVE ( 'NONE', #4785, #2208, #2595, .T. ) ;
#2267 = SURFACE_SIDE_STYLE ('',( #7070 ) ) ;
#2268 = ORIENTED_EDGE ( 'NONE', *, *, #2619, .T. ) ;
#2269 =( NAMED_UNIT ( * ) PLANE_ANGLE_UNIT ( ) SI_UNIT ( $, .RADIAN. ) );
#2270 = CARTESIAN_POINT ( 'NONE',  ( -12.09999999999999787, 6.000000000000000000, -12.59999999999999964 ) ) ;
#2271 = SURFACE_STYLE_USAGE ( .BOTH. , #4712 ) ;
#2272 = PRODUCT_RELATED_PRODUCT_CATEGORY ( 'part', '', ( #3275 ) ) ;
#2273 =( LENGTH_UNIT ( ) NAMED_UNIT ( * ) SI_UNIT ( .MILLI., .METRE. ) );
#2274 = SURFACE_SIDE_STYLE ('',( #3936 ) ) ;
#2275 = ORIENTED_EDGE ( 'NONE', *, *, #3342, .T. ) ;
#2276 = VECTOR ( 'NONE', #3406, 1000.000000000000000 ) ;
#2277 = ORIENTED_EDGE ( 'NONE', *, *, #148, .F. ) ;
#2278 = FACE_BOUND ( 'NONE', #3315, .T. ) ;
#2279 = FILL_AREA_STYLE_COLOUR ( '', #736 ) ;
#2280 = ADVANCED_FACE ( 'NONE', ( #5800 ), #1375, .T. ) ;
#2281 =( NAMED_UNIT ( * ) PLANE_ANGLE_UNIT ( ) SI_UNIT ( $, .RADIAN. ) );
#2282 = EDGE_CURVE ( 'NONE', #1585, #1968, #3872, .T. ) ;
#2283 = COLOUR_RGB ( '',0.6666666666666666297, 0.6980392156862744724, 0.7686274509803920907 ) ;
#2284 = AXIS2_PLACEMENT_3D ( 'NONE', #8110, #3113, #657 ) ;
#2285 =( NAMED_UNIT ( * ) PLANE_ANGLE_UNIT ( ) SI_UNIT ( $, .RADIAN. ) );
#2286 = CARTESIAN_POINT ( 'NONE',  ( 7.999999999999996447, 15.00000000000000000, -9.050000000000000711 ) ) ;
#2287 = DIRECTION ( 'NONE',  ( 0.0000000000000000000, 0.0000000000000000000, -1.000000000000000000 ) ) ;
#2288 = LINE ( 'NONE', #6725, #5012 ) ;
#2289 = COLOUR_RGB ( '',1.000000000000000000, 1.000000000000000000, 1.000000000000000000 ) ;
#2290 = VERTEX_POINT ( 'NONE', #2327 ) ;
#2291 = VECTOR ( 'NONE', #2597, 1000.000000000000000 ) ;
#2292 = ORIENTED_EDGE ( 'NONE', *, *, #7310, .F. ) ;
#2293 = CARTESIAN_POINT ( 'NONE',  ( 12.09999999999999964, 6.000000000000000000, 9.550000000000000711 ) ) ;
#2294 =( NAMED_UNIT ( * ) SI_UNIT ( $, .STERADIAN. ) SOLID_ANGLE_UNIT ( ) );
#2295 = LINE ( 'NONE', #6061, #5244 ) ;
#2296 = SURFACE_STYLE_USAGE ( .BOTH. , #7969 ) ;
#2297 = EDGE_LOOP ( 'NONE', ( #83, #6735 ) ) ;
#2298 = ORIENTED_EDGE ( 'NONE', *, *, #2718, .F. ) ;
#2299 =( NAMED_UNIT ( * ) SI_UNIT ( $, .STERADIAN. ) SOLID_ANGLE_UNIT ( ) );
#2300 = AXIS2_PLACEMENT_3D ( 'NONE', #5472, #6678, #537 ) ;
#2301 = CARTESIAN_POINT ( 'NONE',  ( -12.75000000000000178, 15.75000000000000000, 9.550000000000000711 ) ) ;
#2302 = ORIENTED_EDGE ( 'NONE', *, *, #1577, .T. ) ;
#2303 = CARTESIAN_POINT ( 'NONE',  ( 5.900000000000001243, 12.00000000000000000, 12.60000000000000142 ) ) ;
#2304 =( NAMED_UNIT ( * ) PLANE_ANGLE_UNIT ( ) SI_UNIT ( $, .RADIAN. ) );
#2305 = MECHANICAL_DESIGN_GEOMETRIC_PRESENTATION_REPRESENTATION (  '', ( #7860 ), #7734 ) ;
#2306 = PRESENTATION_STYLE_ASSIGNMENT (( #7520 ) ) ;
#2307 = STYLED_ITEM ( 'NONE', ( #5853 ), #774 ) ;
#2308 = ORIENTED_EDGE ( 'NONE', *, *, #7076, .F. ) ;
#2309 = CARTESIAN_POINT ( 'NONE',  ( -3.750000000000001776, 15.75000000000000355, -12.95000000000000107 ) ) ;
#2310 = EDGE_CURVE ( 'NONE', #6376, #7011, #1652, .T. ) ;
#2311 = AXIS2_PLACEMENT_3D ( 'NONE', #6042, #5393, #5350 ) ;
#2312 = EDGE_LOOP ( 'NONE', ( #3536, #7063, #5229, #5928 ) ) ;
#2313 = DIRECTION ( 'NONE',  ( 0.0000000000000000000, 0.0000000000000000000, -1.000000000000000000 ) ) ;
#2314 = EDGE_CURVE ( 'NONE', #5206, #5271, #5953, .T. ) ;
#2315 = DIRECTION ( 'NONE',  ( -1.000000000000000000, -0.0000000000000000000, -0.0000000000000000000 ) ) ;
#2316 = SURFACE_STYLE_FILL_AREA ( #3522 ) ;
#2317 = CARTESIAN_POINT ( 'NONE',  ( -4.200000000000000178, 8.150000000000000355, -8.200000000000001066 ) ) ;
#2318 = SURFACE_STYLE_USAGE ( .BOTH. , #2825 ) ;
#2319 = SURFACE_SIDE_STYLE ('',( #2986 ) ) ;
#2320 = UNCERTAINTY_MEASURE_WITH_UNIT (LENGTH_MEASURE( 1.000000000000000082E-05 ), #3283, 'distance_accuracy_value', 'NONE');
#2321 = EDGE_CURVE ( 'NONE', #5960, #6621, #1614, .T. ) ;
#2322 = EDGE_CURVE ( 'NONE', #1343, #7898, #1038, .T. ) ;
#2323 = VERTEX_POINT ( 'NONE', #5410 ) ;
#2324 = ORIENTED_EDGE ( 'NONE', *, *, #3012, .F. ) ;
#2325 = SURFACE_SIDE_STYLE ('',( #4917 ) ) ;
#2326 = DIRECTION ( 'NONE',  ( -0.0000000000000000000, 1.000000000000000000, -0.0000000000000000000 ) ) ;
#2327 = CARTESIAN_POINT ( 'NONE',  ( 4.199999999999989519, 6.550000000000000711, -8.200000000000001066 ) ) ;
#2328 = DIRECTION ( 'NONE',  ( 0.0000000000000000000, 0.0000000000000000000, -1.000000000000000000 ) ) ;
#2329 = DIRECTION ( 'NONE',  ( 0.0000000000000000000, 0.0000000000000000000, -1.000000000000000000 ) ) ;
#2330 = UNCERTAINTY_MEASURE_WITH_UNIT (LENGTH_MEASURE( 1.000000000000000082E-05 ), #7767, 'distance_accuracy_value', 'NONE');
#2331 = ORIENTED_EDGE ( 'NONE', *, *, #2372, .F. ) ;
#2332 = AXIS2_PLACEMENT_3D ( 'NONE', #5230, #4550, #4045 ) ;
#2333 = CARTESIAN_POINT ( 'NONE',  ( 4.200000000000000178, 10.34999999999999964, 9.550000000000000711 ) ) ;
#2334 = PRESENTATION_STYLE_ASSIGNMENT (( #4083 ) ) ;
#2335 = MECHANICAL_DESIGN_GEOMETRIC_PRESENTATION_REPRESENTATION (  '', ( #1307 ), #1456 ) ;
#2336 = CARTESIAN_POINT ( 'NONE',  ( 9.349999999999999645, 5.750000000000020428, 8.199999999999997513 ) ) ;
#2337 = ORIENTED_EDGE ( 'NONE', *, *, #3342, .F. ) ;
#2338 = FILL_AREA_STYLE_COLOUR ( '', #4363 ) ;
#2339 = STYLED_ITEM ( 'NONE', ( #110 ), #6114 ) ;
#2340 = FILL_AREA_STYLE_COLOUR ( '', #1396 ) ;
#2341 = ORIENTED_EDGE ( 'NONE', *, *, #1781, .T. ) ;
#2342 =( NAMED_UNIT ( * ) SI_UNIT ( $, .STERADIAN. ) SOLID_ANGLE_UNIT ( ) );
#2343 = AXIS2_PLACEMENT_3D ( 'NONE', #3713, #6205, #3138 ) ;
#2344 = LINE ( 'NONE', #3013, #7101 ) ;
#2345 =( GEOMETRIC_REPRESENTATION_CONTEXT ( 3 ) GLOBAL_UNCERTAINTY_ASSIGNED_CONTEXT ( ( #2247 ) ) GLOBAL_UNIT_ASSIGNED_CONTEXT ( ( #1045, #474, #1736 ) ) REPRESENTATION_CONTEXT ( 'NONE', 'WORKASPACE' ) );
#2346 =( LENGTH_UNIT ( ) NAMED_UNIT ( * ) SI_UNIT ( .MILLI., .METRE. ) );
#2347 = CARTESIAN_POINT ( 'NONE',  ( 6.350000000000001421, 12.54999999999999893, -8.250000000000000000 ) ) ;
#2348 = DIRECTION ( 'NONE',  ( 0.0000000000000000000, 0.0000000000000000000, -1.000000000000000000 ) ) ;
#2349 = SURFACE_STYLE_FILL_AREA ( #1020 ) ;
#2350 = DIRECTION ( 'NONE',  ( -0.0000000000000000000, 0.0000000000000000000, 1.000000000000000000 ) ) ;
#2351 = COLOUR_RGB ( '',0.2980392156862745057, 0.2980392156862745057, 0.2980392156862745057 ) ;
#2352 = PRESENTATION_LAYER_ASSIGNMENT (  '', '', ( #296 ) ) ;
#2353 = ORIENTED_EDGE ( 'NONE', *, *, #2050, .T. ) ;
#2354 = AXIS2_PLACEMENT_3D ( 'NONE', #1413, #5659, #6327 ) ;
#2355 = EDGE_CURVE ( 'NONE', #2323, #2377, #4696, .T. ) ;
#2356 = MECHANICAL_DESIGN_GEOMETRIC_PRESENTATION_REPRESENTATION (  '', ( #4479 ), #5496 ) ;
#2357 = CARTESIAN_POINT ( 'NONE',  ( 5.999999999999997335, 2.200000000000000178, 9.050000000000002487 ) ) ;
#2358 = STYLED_ITEM ( 'NONE', ( #5151 ), #6490 ) ;
#2359 = STYLED_ITEM ( 'NONE', ( #1374 ), #3198 ) ;
#2360 = CARTESIAN_POINT ( 'NONE',  ( 0.9999999999999991118, 2.200000000000000622, 8.250000000000001776 ) ) ;
#2361 = EDGE_CURVE ( 'NONE', #3250, #2783, #383, .T. ) ;
#2362 = LINE ( 'NONE', #7542, #5912 ) ;
#2363 =( NAMED_UNIT ( * ) SI_UNIT ( $, .STERADIAN. ) SOLID_ANGLE_UNIT ( ) );
#2364 = MECHANICAL_DESIGN_GEOMETRIC_PRESENTATION_REPRESENTATION (  '', ( #4485 ), #3554 ) ;
#2365 = LINE ( 'NONE', #6054, #4753 ) ;
#2366 = MECHANICAL_DESIGN_GEOMETRIC_PRESENTATION_REPRESENTATION (  '', ( #2647 ), #2769 ) ;
#2367 = VERTEX_POINT ( 'NONE', #6606 ) ;
#2368 = VERTEX_POINT ( 'NONE', #2178 ) ;
#2369 =( NAMED_UNIT ( * ) PLANE_ANGLE_UNIT ( ) SI_UNIT ( $, .RADIAN. ) );
#2370 = PRESENTATION_LAYER_ASSIGNMENT (  '', '', ( #7804 ) ) ;
#2371 = CARTESIAN_POINT ( 'NONE',  ( -6.149999999999997691, 5.750000000000000000, -8.250000000000000000 ) ) ;
#2372 = EDGE_CURVE ( 'NONE', #3431, #2635, #4776, .T. ) ;
#2373 =( NAMED_UNIT ( * ) SI_UNIT ( $, .STERADIAN. ) SOLID_ANGLE_UNIT ( ) );
#2374 = FILL_AREA_STYLE ('',( #2997 ) ) ;
#2375 = AXIS2_PLACEMENT_3D ( 'NONE', #8150, #3190, #6973 ) ;
#2376 = DIRECTION ( 'NONE',  ( 1.000000000000000000, 0.0000000000000000000, 0.0000000000000000000 ) ) ;
#2377 = VERTEX_POINT ( 'NONE', #2255 ) ;
#2378 = STYLED_ITEM ( 'NONE', ( #85 ), #7735 ) ;
#2379 = CARTESIAN_POINT ( 'NONE',  ( -10.00000000000000000, -4.000000000000000000, -10.90000000000000036 ) ) ;
#2380 = VERTEX_POINT ( 'NONE', #7294 ) ;
#2381 = CARTESIAN_POINT ( 'NONE',  ( -12.09999999999999964, 6.000000000000000000, 9.550000000000007816 ) ) ;
#2382 = CARTESIAN_POINT ( 'NONE',  ( -6.349999999999977440, 2.750000000000000000, -8.200000000000001066 ) ) ;
#2383 = SURFACE_SIDE_STYLE ('',( #680 ) ) ;
#2384 = VERTEX_POINT ( 'NONE', #3497 ) ;
#2385 = EDGE_CURVE ( 'NONE', #7137, #2722, #7967, .T. ) ;
#2386 =( NAMED_UNIT ( * ) PLANE_ANGLE_UNIT ( ) SI_UNIT ( $, .RADIAN. ) );
#2387 = EDGE_CURVE ( 'NONE', #3656, #4314, #5917, .T. ) ;
#2388 = CARTESIAN_POINT ( 'NONE',  ( -12.09999999999999609, 6.000000000000000000, 12.59999999999999964 ) ) ;
#2389 = CARTESIAN_POINT ( 'NONE',  ( -8.999999999999998224, 12.75000000000000178, 9.050000000000000711 ) ) ;
#2390 = PLANE ( 'NONE',  #4266 ) ;
#2391 = LINE ( 'NONE', #6155, #2819 ) ;
#2392 = PRESENTATION_LAYER_ASSIGNMENT (  '', '', ( #2664 ) ) ;
#2393 = DIRECTION ( 'NONE',  ( -0.0000000000000000000, -1.000000000000000000, -0.0000000000000000000 ) ) ;
#2394 =( NAMED_UNIT ( * ) SI_UNIT ( $, .STERADIAN. ) SOLID_ANGLE_UNIT ( ) );
#2395 = PRESENTATION_STYLE_ASSIGNMENT (( #6753 ) ) ;
#2396 = FILL_AREA_STYLE ('',( #6124 ) ) ;
#2397 =( LENGTH_UNIT ( ) NAMED_UNIT ( * ) SI_UNIT ( .MILLI., .METRE. ) );
#2398 = VECTOR ( 'NONE', #1749, 1000.000000000000000 ) ;
#2399 = EDGE_LOOP ( 'NONE', ( #3788, #3189 ) ) ;
#2400 = FACE_OUTER_BOUND ( 'NONE', #6026, .T. ) ;
#2401 =( NAMED_UNIT ( * ) PLANE_ANGLE_UNIT ( ) SI_UNIT ( $, .RADIAN. ) );
#2402 = LINE ( 'NONE', #4433, #3428 ) ;
#2403 = DIRECTION ( 'NONE',  ( 1.000000000000000000, 0.0000000000000000000, 0.0000000000000000000 ) ) ;
#2404 = ORIENTED_EDGE ( 'NONE', *, *, #6190, .T. ) ;
#2405 = VECTOR ( 'NONE', #5074, 1000.000000000000000 ) ;
#2406 = VERTEX_POINT ( 'NONE', #2866 ) ;
#2407 = EDGE_CURVE ( 'NONE', #6822, #4684, #669, .T. ) ;
#2408 = PRESENTATION_STYLE_ASSIGNMENT (( #7461 ) ) ;
#2409 =( GEOMETRIC_REPRESENTATION_CONTEXT ( 3 ) GLOBAL_UNCERTAINTY_ASSIGNED_CONTEXT ( ( #7037 ) ) GLOBAL_UNIT_ASSIGNED_CONTEXT ( ( #4021, #5319, #7232 ) ) REPRESENTATION_CONTEXT ( 'NONE', 'WORKASPACE' ) );
#2410 = DIRECTION ( 'NONE',  ( -0.0000000000000000000, -1.000000000000000000, -0.0000000000000000000 ) ) ;
#2411 =( NAMED_UNIT ( * ) PLANE_ANGLE_UNIT ( ) SI_UNIT ( $, .RADIAN. ) );
#2412 = CARTESIAN_POINT ( 'NONE',  ( -4.000000000000000888, 0.9921485132883310909, 9.050000000000002487 ) ) ;
#2413 = DIRECTION ( 'NONE',  ( 1.000000000000000000, -3.469446951953614189E-16, 0.0000000000000000000 ) ) ;
#2414 = PRESENTATION_STYLE_ASSIGNMENT (( #5048 ) ) ;
#2415 = CARTESIAN_POINT ( 'NONE',  ( -4.103937250559919159E-15, 15.20000000000000284, 5.455322829488123246E-31 ) ) ;
#2416 = PRESENTATION_LAYER_ASSIGNMENT (  '', '', ( #7973 ) ) ;
#2417 = UNCERTAINTY_MEASURE_WITH_UNIT (LENGTH_MEASURE( 1.000000000000000082E-05 ), #3664, 'distance_accuracy_value', 'NONE');
#2418 = EDGE_LOOP ( 'NONE', ( #2672, #2337, #4159, #173 ) ) ;
#2419 = PRESENTATION_LAYER_ASSIGNMENT (  '', '', ( #6223 ) ) ;
#2420 = VERTEX_POINT ( 'NONE', #6022 ) ;
#2421 = COLOUR_RGB ( '',0.2980392156862745057, 0.2980392156862745057, 0.2980392156862745057 ) ;
#2422 = DIRECTION ( 'NONE',  ( 0.0000000000000000000, 1.000000000000000000, 0.0000000000000000000 ) ) ;
#2423 = EDGE_LOOP ( 'NONE', ( #4152, #3171, #3356, #5634 ) ) ;
#2424 =( GEOMETRIC_REPRESENTATION_CONTEXT ( 3 ) GLOBAL_UNCERTAINTY_ASSIGNED_CONTEXT ( ( #6013 ) ) GLOBAL_UNIT_ASSIGNED_CONTEXT ( ( #521, #7348, #8059 ) ) REPRESENTATION_CONTEXT ( 'NONE', 'WORKASPACE' ) );
#2425 = FILL_AREA_STYLE ('',( #2465 ) ) ;
#2426 = SURFACE_STYLE_USAGE ( .BOTH. , #5577 ) ;
#2427 = CARTESIAN_POINT ( 'NONE',  ( -5.899999999999999467, 12.00000000000000000, 12.60000000000000142 ) ) ;
#2428 = EDGE_CURVE ( 'NONE', #7278, #3122, #2295, .T. ) ;
#2429 = MECHANICAL_DESIGN_GEOMETRIC_PRESENTATION_REPRESENTATION (  '', ( #4921 ), #3889 ) ;
#2430 = FACE_OUTER_BOUND ( 'NONE', #3269, .T. ) ;
#2431 = EDGE_CURVE ( 'NONE', #8137, #692, #4732, .T. ) ;
#2432 = EDGE_LOOP ( 'NONE', ( #5843, #6371, #815, #5668 ) ) ;
#2433 = SURFACE_STYLE_USAGE ( .BOTH. , #2471 ) ;
#2434 = CARTESIAN_POINT ( 'NONE',  ( -5.700000000000000178, 8.150000000000011013, -9.550000000000000711 ) ) ;
#2435 = MECHANICAL_DESIGN_GEOMETRIC_PRESENTATION_REPRESENTATION (  '', ( #4813 ), #5196 ) ;
#2436 = EDGE_LOOP ( 'NONE', ( #790, #4739, #1710, #2341 ) ) ;
#2437 =( NAMED_UNIT ( * ) PLANE_ANGLE_UNIT ( ) SI_UNIT ( $, .RADIAN. ) );
#2438 = VECTOR ( 'NONE', #1605, 1000.000000000000000 ) ;
#2439 =( LENGTH_UNIT ( ) NAMED_UNIT ( * ) SI_UNIT ( .MILLI., .METRE. ) );
#2440 = VECTOR ( 'NONE', #6997, 1000.000000000000000 ) ;
#2441 = ORIENTED_EDGE ( 'NONE', *, *, #3366, .T. ) ;
#2442 = LINE ( 'NONE', #4947, #7299 ) ;
#2443 = FACE_OUTER_BOUND ( 'NONE', #5640, .T. ) ;
#2444 = SURFACE_STYLE_USAGE ( .BOTH. , #738 ) ;
#2445 = VECTOR ( 'NONE', #2575, 1000.000000000000000 ) ;
#2446 = EDGE_LOOP ( 'NONE', ( #5016, #87, #668, #7685 ) ) ;
#2447 = CYLINDRICAL_SURFACE ( 'NONE', #1195, 0.3499999999999996447 ) ;
#2448 = SURFACE_SIDE_STYLE ('',( #7411 ) ) ;
#2449 = DIRECTION ( 'NONE',  ( -0.3739683354969405293, -0.9274414720324122285, 0.0000000000000000000 ) ) ;
#2450 = ORIENTED_EDGE ( 'NONE', *, *, #2217, .T. ) ;
#2451 = ORIENTED_EDGE ( 'NONE', *, *, #6853, .F. ) ;
#2452 = SURFACE_SIDE_STYLE ('',( #2495 ) ) ;
#2453 = DIRECTION ( 'NONE',  ( 0.0000000000000000000, 0.0000000000000000000, -1.000000000000000000 ) ) ;
#2454 = PRESENTATION_STYLE_ASSIGNMENT (( #6942 ) ) ;
#2455 = PLANE ( 'NONE',  #4856 ) ;
#2456 = SURFACE_STYLE_FILL_AREA ( #8129 ) ;
#2457 = SURFACE_STYLE_USAGE ( .BOTH. , #2953 ) ;
#2458 = VERTEX_POINT ( 'NONE', #1686 ) ;
#2459 = EDGE_CURVE ( 'NONE', #6382, #5107, #466, .T. ) ;
#2460 = LINE ( 'NONE', #4969, #3520 ) ;
#2461 = ORIENTED_EDGE ( 'NONE', *, *, #6898, .T. ) ;
#2462 = DIRECTION ( 'NONE',  ( -0.2169304578186563026, -0.9761870601839527373, 0.0000000000000000000 ) ) ;
#2463 =( NAMED_UNIT ( * ) SI_UNIT ( $, .STERADIAN. ) SOLID_ANGLE_UNIT ( ) );
#2464 = ORIENTED_EDGE ( 'NONE', *, *, #1323, .T. ) ;
#2465 = FILL_AREA_STYLE_COLOUR ( '', #32 ) ;
#2466 = CARTESIAN_POINT ( 'NONE',  ( 8.999999999999998224, 15.00000000000000000, -8.250000000000000000 ) ) ;
#2467 = FILL_AREA_STYLE ('',( #6367 ) ) ;
#2468 = FILL_AREA_STYLE ('',( #4499 ) ) ;
#2469 = CARTESIAN_POINT ( 'NONE',  ( 6.150000000000000355, 12.75000000000000178, -8.250000000000000000 ) ) ;
#2470 = ORIENTED_EDGE ( 'NONE', *, *, #2782, .F. ) ;
#2471 = SURFACE_SIDE_STYLE ('',( #8146 ) ) ;
#2472 = CARTESIAN_POINT ( 'NONE',  ( 0.0000000000000000000, -4.000000000000000000, -11.25000000000000000 ) ) ;
#2473 = ORIENTED_EDGE ( 'NONE', *, *, #1174, .F. ) ;
#2474 = LINE ( 'NONE', #5590, #3330 ) ;
#2475 = SURFACE_STYLE_FILL_AREA ( #5632 ) ;
#2476 = EDGE_CURVE ( 'NONE', #3242, #3341, #7888, .T. ) ;
#2477 = EDGE_CURVE ( 'NONE', #6937, #6889, #2949, .T. ) ;
#2478 = ORIENTED_EDGE ( 'NONE', *, *, #3092, .F. ) ;
#2479 = AXIS2_PLACEMENT_3D ( 'NONE', #6414, #7003, #3265 ) ;
#2480 = CARTESIAN_POINT ( 'NONE',  ( 2.000000000000001332, 12.75000000000000178, 9.050000000000002487 ) ) ;
#2481 = FACE_OUTER_BOUND ( 'NONE', #2903, .T. ) ;
#2482 = DIRECTION ( 'NONE',  ( 0.2169304578186563026, 0.9761870601839527373, 0.0000000000000000000 ) ) ;
#2483 = DIRECTION ( 'NONE',  ( -1.000000000000000000, -0.0000000000000000000, -0.0000000000000000000 ) ) ;
#2484 = PRESENTATION_LAYER_ASSIGNMENT (  '', '', ( #4075 ) ) ;
#2485 = EDGE_CURVE ( 'NONE', #7741, #4810, #3806, .T. ) ;
#2486 = LINE ( 'NONE', #4303, #3692 ) ;
#2487 = PRESENTATION_STYLE_ASSIGNMENT (( #7491 ) ) ;
#2488 = LINE ( 'NONE', #6264, #4747 ) ;
#2489 = CARTESIAN_POINT ( 'NONE',  ( 9.500000000000000000, 6.650000000000000355, -9.550000000000000711 ) ) ;
#2490 = UNCERTAINTY_MEASURE_WITH_UNIT (LENGTH_MEASURE( 1.000000000000000082E-05 ), #5086, 'distance_accuracy_value', 'NONE');
#2491 = COLOUR_RGB ( '',0.1019607843137254888, 0.1019607843137254888, 0.1019607843137254888 ) ;
#2492 = AXIS2_PLACEMENT_3D ( 'NONE', #192, #2837, #5333 ) ;
#2493 = EDGE_LOOP ( 'NONE', ( #6323, #5646, #3765, #1086 ) ) ;
#2494 = ORIENTED_EDGE ( 'NONE', *, *, #6675, .T. ) ;
#2495 = SURFACE_STYLE_FILL_AREA ( #5648 ) ;
#2496 = COLOUR_RGB ( '',1.000000000000000000, 1.000000000000000000, 1.000000000000000000 ) ;
#2497 = PRESENTATION_LAYER_ASSIGNMENT (  '', '', ( #7916 ) ) ;
#2498 = PRESENTATION_STYLE_ASSIGNMENT (( #10 ) ) ;
#2499 = FILL_AREA_STYLE_COLOUR ( '', #7864 ) ;
#2500 = UNCERTAINTY_MEASURE_WITH_UNIT (LENGTH_MEASURE( 1.000000000000000082E-05 ), #4423, 'distance_accuracy_value', 'NONE');
#2501 = ORIENTED_EDGE ( 'NONE', *, *, #24, .F. ) ;
#2502 = STYLED_ITEM ( 'NONE', ( #3789 ), #3130 ) ;
#2503 = DIRECTION ( 'NONE',  ( 0.0000000000000000000, -1.000000000000000000, 0.0000000000000000000 ) ) ;
#2504 = ORIENTED_EDGE ( 'NONE', *, *, #5288, .F. ) ;
#2505 = DIRECTION ( 'NONE',  ( 0.0000000000000000000, 0.0000000000000000000, -1.000000000000000000 ) ) ;
#2506 = FILL_AREA_STYLE_COLOUR ( '', #4687 ) ;
#2507 = VERTEX_POINT ( 'NONE', #6565 ) ;
#2508 = PLANE ( 'NONE',  #3687 ) ;
#2509 = FILL_AREA_STYLE ('',( #3097 ) ) ;
#2510 = STYLED_ITEM ( 'NONE', ( #4860 ), #3234 ) ;
#2511 = PRESENTATION_STYLE_ASSIGNMENT (( #3180 ) ) ;
#2512 = CARTESIAN_POINT ( 'NONE',  ( 5.800000000000000711, 8.150000000000000355, -8.200000000000001066 ) ) ;
#2513 = VECTOR ( 'NONE', #3411, 1000.000000000000000 ) ;
#2514 = FILL_AREA_STYLE_COLOUR ( '', #3542 ) ;
#2515 =( GEOMETRIC_REPRESENTATION_CONTEXT ( 3 ) GLOBAL_UNCERTAINTY_ASSIGNED_CONTEXT ( ( #1117 ) ) GLOBAL_UNIT_ASSIGNED_CONTEXT ( ( #7304, #8056, #1125 ) ) REPRESENTATION_CONTEXT ( 'NONE', 'WORKASPACE' ) );
#2516 = ORIENTED_EDGE ( 'NONE', *, *, #2862, .F. ) ;
#2517 = AXIS2_PLACEMENT_3D ( 'NONE', #2917, #7214, #4160 ) ;
#2518 =( NAMED_UNIT ( * ) PLANE_ANGLE_UNIT ( ) SI_UNIT ( $, .RADIAN. ) );
#2519 = CARTESIAN_POINT ( 'NONE',  ( -1.999999999999997335, 12.75000000000000178, -8.250000000000000000 ) ) ;
#2520 = DIRECTION ( 'NONE',  ( 0.0000000000000000000, -1.000000000000000000, 0.0000000000000000000 ) ) ;
#2521 = EDGE_CURVE ( 'NONE', #7154, #3866, #6731, .T. ) ;
#2522 = ORIENTED_EDGE ( 'NONE', *, *, #1350, .T. ) ;
#2523 =( NAMED_UNIT ( * ) PLANE_ANGLE_UNIT ( ) SI_UNIT ( $, .RADIAN. ) );
#2524 = ORIENTED_EDGE ( 'NONE', *, *, #3521, .T. ) ;
#2525 = VECTOR ( 'NONE', #2326, 1000.000000000000000 ) ;
#2526 =( NAMED_UNIT ( * ) SI_UNIT ( $, .STERADIAN. ) SOLID_ANGLE_UNIT ( ) );
#2527 = FACE_OUTER_BOUND ( 'NONE', #3121, .T. ) ;
#2528 =( NAMED_UNIT ( * ) SI_UNIT ( $, .STERADIAN. ) SOLID_ANGLE_UNIT ( ) );
#2529 = VECTOR ( 'NONE', #5238, 1000.000000000000000 ) ;
#2530 = VERTEX_POINT ( 'NONE', #52 ) ;
#2531 = DIRECTION ( 'NONE',  ( 0.3739683354969404183, -0.9274414720324122285, 0.0000000000000000000 ) ) ;
#2532 = FILL_AREA_STYLE_COLOUR ( '', #6444 ) ;
#2533 = ORIENTED_EDGE ( 'NONE', *, *, #6864, .T. ) ;
#2534 = EDGE_CURVE ( 'NONE', #2005, #7797, #6144, .T. ) ;
#2535 = ADVANCED_FACE ( 'NONE', ( #6899 ), #1807, .F. ) ;
#2536 = EDGE_LOOP ( 'NONE', ( #7155, #3944, #1981, #7340 ) ) ;
#2537 = PRESENTATION_STYLE_ASSIGNMENT (( #5084 ) ) ;
#2538 =( NAMED_UNIT ( * ) SI_UNIT ( $, .STERADIAN. ) SOLID_ANGLE_UNIT ( ) );
#2539 = FILL_AREA_STYLE_COLOUR ( '', #3668 ) ;
#2540 = SURFACE_SIDE_STYLE ('',( #8085 ) ) ;
#2541 =( LENGTH_UNIT ( ) NAMED_UNIT ( * ) SI_UNIT ( .MILLI., .METRE. ) );
#2542 = SURFACE_STYLE_USAGE ( .BOTH. , #1369 ) ;
#2543 = ORIENTED_EDGE ( 'NONE', *, *, #4800, .T. ) ;
#2544 = VECTOR ( 'NONE', #6637, 1000.000000000000000 ) ;
#2545 =( GEOMETRIC_REPRESENTATION_CONTEXT ( 3 ) GLOBAL_UNCERTAINTY_ASSIGNED_CONTEXT ( ( #2999 ) ) GLOBAL_UNIT_ASSIGNED_CONTEXT ( ( #3020, #1349, #74 ) ) REPRESENTATION_CONTEXT ( 'NONE', 'WORKASPACE' ) );
#2546 = DIRECTION ( 'NONE',  ( 1.000000000000000000, 0.0000000000000000000, 0.0000000000000000000 ) ) ;
#2547 = CARTESIAN_POINT ( 'NONE',  ( 6.350000000000001421, 12.54999999999999893, -8.250000000000000000 ) ) ;
#2548 = FACE_OUTER_BOUND ( 'NONE', #4199, .T. ) ;
#2549 =( GEOMETRIC_REPRESENTATION_CONTEXT ( 3 ) GLOBAL_UNCERTAINTY_ASSIGNED_CONTEXT ( ( #7297 ) ) GLOBAL_UNIT_ASSIGNED_CONTEXT ( ( #7605, #616, #2528 ) ) REPRESENTATION_CONTEXT ( 'NONE', 'WORKASPACE' ) );
#2550 = DIRECTION ( 'NONE',  ( 0.0000000000000000000, 0.0000000000000000000, 1.000000000000000000 ) ) ;
#2551 = STYLED_ITEM ( 'NONE', ( #2009 ), #4711 ) ;
#2552 = DIRECTION ( 'NONE',  ( 0.0000000000000000000, -1.000000000000000000, 0.0000000000000000000 ) ) ;
#2553 = FILL_AREA_STYLE ('',( #1418 ) ) ;
#2554 = LINE ( 'NONE', #2469, #6832 ) ;
#2555 = STYLED_ITEM ( 'NONE', ( #7020 ), #292 ) ;
#2556 = ORIENTED_EDGE ( 'NONE', *, *, #5388, .T. ) ;
#2557 = PLANE ( 'NONE',  #7774 ) ;
#2558 = VECTOR ( 'NONE', #443, 1000.000000000000000 ) ;
#2559 =( NAMED_UNIT ( * ) PLANE_ANGLE_UNIT ( ) SI_UNIT ( $, .RADIAN. ) );
#2560 = FILL_AREA_STYLE ('',( #7563 ) ) ;
#2561 = DIRECTION ( 'NONE',  ( 1.329290019905599182E-16, 1.094764425253763337E-47, 1.000000000000000000 ) ) ;
#2562 = EDGE_LOOP ( 'NONE', ( #3193, #6138, #5723, #4989 ) ) ;
#2563 = CARTESIAN_POINT ( 'NONE',  ( 9.000000000000001776, 15.00000000000000000, 8.250000000000000000 ) ) ;
#2564 = PRESENTATION_STYLE_ASSIGNMENT (( #71 ) ) ;
#2565 = COLOUR_RGB ( '',1.000000000000000000, 1.000000000000000000, 1.000000000000000000 ) ;
#2566 = SURFACE_STYLE_USAGE ( .BOTH. , #72 ) ;
#2567 = ORIENTED_EDGE ( 'NONE', *, *, #6952, .T. ) ;
#2568 = LINE ( 'NONE', #572, #211 ) ;
#2569 = EDGE_CURVE ( 'NONE', #5129, #2783, #4964, .T. ) ;
#2570 = DIRECTION ( 'NONE',  ( -0.0000000000000000000, -0.0000000000000000000, 1.000000000000000000 ) ) ;
#2571 = PRESENTATION_LAYER_ASSIGNMENT (  '', '', ( #1533 ) ) ;
#2572 = LINE ( 'NONE', #4998, #5303 ) ;
#2573 = DIRECTION ( 'NONE',  ( 0.0000000000000000000, 0.0000000000000000000, 1.000000000000000000 ) ) ;
#2574 = AXIS2_PLACEMENT_3D ( 'NONE', #851, #3350, #5833 ) ;
#2575 = DIRECTION ( 'NONE',  ( -1.000000000000000000, -0.0000000000000000000, -0.0000000000000000000 ) ) ;
#2576 = DIRECTION ( 'NONE',  ( -0.0000000000000000000, -1.000000000000000000, -0.0000000000000000000 ) ) ;
#2577 = STYLED_ITEM ( 'NONE', ( #4951 ), #746 ) ;
#2578 = EDGE_CURVE ( 'NONE', #6376, #3353, #11, .T. ) ;
#2579 = EDGE_LOOP ( 'NONE', ( #812, #5625 ) ) ;
#2580 = ORIENTED_EDGE ( 'NONE', *, *, #794, .F. ) ;
#2581 = FILL_AREA_STYLE ('',( #9 ) ) ;
#2582 = DIRECTION ( 'NONE',  ( -1.329290019905599182E-16, 0.0000000000000000000, -1.000000000000000000 ) ) ;
#2583 = EDGE_CURVE ( 'NONE', #1041, #7697, #5478, .T. ) ;
#2584 = CARTESIAN_POINT ( 'NONE',  ( -12.09999999999999609, 6.000000000000000000, 12.59999999999999964 ) ) ;
#2585 =( NAMED_UNIT ( * ) SI_UNIT ( $, .STERADIAN. ) SOLID_ANGLE_UNIT ( ) );
#2586 = EDGE_CURVE ( 'NONE', #5207, #5589, #6234, .T. ) ;
#2587 = UNCERTAINTY_MEASURE_WITH_UNIT (LENGTH_MEASURE( 1.000000000000000082E-05 ), #274, 'distance_accuracy_value', 'NONE');
#2588 = VERTEX_POINT ( 'NONE', #1150 ) ;
#2589 = VECTOR ( 'NONE', #5927, 1000.000000000000000 ) ;
#2590 = SURFACE_STYLE_FILL_AREA ( #7000 ) ;
#2591 = ORIENTED_EDGE ( 'NONE', *, *, #7171, .T. ) ;
#2592 = SURFACE_STYLE_USAGE ( .BOTH. , #101 ) ;
#2593 = PLANE ( 'NONE',  #7182 ) ;
#2594 = SURFACE_STYLE_USAGE ( .BOTH. , #1206 ) ;
#2595 = LINE ( 'NONE', #4578, #8023 ) ;
#2596 = SURFACE_STYLE_USAGE ( .BOTH. , #601 ) ;
#2597 = DIRECTION ( 'NONE',  ( 1.000000000000000000, 0.0000000000000000000, 0.0000000000000000000 ) ) ;
#2598 = UNCERTAINTY_MEASURE_WITH_UNIT (LENGTH_MEASURE( 1.000000000000000082E-05 ), #6139, 'distance_accuracy_value', 'NONE');
#2599 = ORIENTED_EDGE ( 'NONE', *, *, #5465, .F. ) ;
#2600 = AXIS2_PLACEMENT_3D ( 'NONE', #7377, #1726, #4232 ) ;
#2601 = AXIS2_PLACEMENT_3D ( 'NONE', #4158, #6652, #6695 ) ;
#2602 = CARTESIAN_POINT ( 'NONE',  ( 12.59999999999999964, 6.000000000000000000, 9.550000000000004263 ) ) ;
#2603 = VERTEX_POINT ( 'NONE', #3652 ) ;
#2604 =( NAMED_UNIT ( * ) PLANE_ANGLE_UNIT ( ) SI_UNIT ( $, .RADIAN. ) );
#2605 = CYLINDRICAL_SURFACE ( 'NONE', #1651, 0.5000000000000004441 ) ;
#2606 = DIRECTION ( 'NONE',  ( 0.0000000000000000000, -1.000000000000000000, 0.0000000000000000000 ) ) ;
#2607 = CARTESIAN_POINT ( 'NONE',  ( 4.199999999999989519, 6.650000000000001243, -9.550000000000000711 ) ) ;
#2608 = ORIENTED_EDGE ( 'NONE', *, *, #2718, .T. ) ;
#2609 = SURFACE_SIDE_STYLE ('',( #5722 ) ) ;
#2610 = STYLED_ITEM ( 'NONE', ( #635 ), #5746 ) ;
#2611 = SURFACE_SIDE_STYLE ('',( #8155 ) ) ;
#2612 = COLOUR_RGB ( '',0.6666666666666666297, 0.6980392156862744724, 0.7686274509803920907 ) ;
#2613 =( GEOMETRIC_REPRESENTATION_CONTEXT ( 3 ) GLOBAL_UNCERTAINTY_ASSIGNED_CONTEXT ( ( #2901 ) ) GLOBAL_UNIT_ASSIGNED_CONTEXT ( ( #76, #6306, #6978 ) ) REPRESENTATION_CONTEXT ( 'NONE', 'WORKASPACE' ) );
#2614 =( NAMED_UNIT ( * ) PLANE_ANGLE_UNIT ( ) SI_UNIT ( $, .RADIAN. ) );
#2615 = SURFACE_STYLE_FILL_AREA ( #7658 ) ;
#2616 = CARTESIAN_POINT ( 'NONE',  ( -12.84999999999999964, 15.19999999999999929, -13.05000000000000071 ) ) ;
#2617 = FACE_OUTER_BOUND ( 'NONE', #819, .T. ) ;
#2618 = AXIS2_PLACEMENT_3D ( 'NONE', #3351, #2680, #7812 ) ;
#2619 = EDGE_CURVE ( 'NONE', #2635, #1862, #6143, .T. ) ;
#2620 = CARTESIAN_POINT ( 'NONE',  ( -8.999999999999998224, 15.00000000000000000, 8.250000000000000000 ) ) ;
#2621 = CARTESIAN_POINT ( 'NONE',  ( -6.000000000000000000, 0.0000000000000000000, 12.60000000000000142 ) ) ;
#2622 = DIRECTION ( 'NONE',  ( 0.0000000000000000000, 0.0000000000000000000, -1.000000000000000000 ) ) ;
#2623 = DIRECTION ( 'NONE',  ( 1.000000000000000000, 0.0000000000000000000, 0.0000000000000000000 ) ) ;
#2624 = VECTOR ( 'NONE', #2836, 1000.000000000000000 ) ;
#2625 = ORIENTED_EDGE ( 'NONE', *, *, #1597, .T. ) ;
#2626 = ORIENTED_EDGE ( 'NONE', *, *, #7976, .F. ) ;
#2627 = EDGE_CURVE ( 'NONE', #7898, #8123, #3037, .T. ) ;
#2628 = CARTESIAN_POINT ( 'NONE',  ( -12.09999999999999964, 6.000000000000000000, 12.09999999999999964 ) ) ;
#2629 = CIRCLE ( 'NONE', #6963, 0.3499999999999996447 ) ;
#2630 = LINE ( 'NONE', #5135, #1466 ) ;
#2631 = CARTESIAN_POINT ( 'NONE',  ( -12.84999999999999254, 7.200000000000000178, 13.05000000000000071 ) ) ;
#2632 =( LENGTH_UNIT ( ) NAMED_UNIT ( * ) SI_UNIT ( .MILLI., .METRE. ) );
#2633 = VECTOR ( 'NONE', #3703, 1000.000000000000000 ) ;
#2634 = CARTESIAN_POINT ( 'NONE',  ( -12.84999999999999609, 15.19999999999999929, 12.95000000000000107 ) ) ;
#2635 = VERTEX_POINT ( 'NONE', #2412 ) ;
#2636 =( NAMED_UNIT ( * ) SI_UNIT ( $, .STERADIAN. ) SOLID_ANGLE_UNIT ( ) );
#2637 = MECHANICAL_DESIGN_GEOMETRIC_PRESENTATION_REPRESENTATION (  '', ( #26 ), #3163 ) ;
#2638 = SURFACE_STYLE_FILL_AREA ( #60 ) ;
#2639 = ADVANCED_FACE ( 'NONE', ( #7464 ), #6816, .F. ) ;
#2640 =( NAMED_UNIT ( * ) PLANE_ANGLE_UNIT ( ) SI_UNIT ( $, .RADIAN. ) );
#2641 = VECTOR ( 'NONE', #3701, 1000.000000000000000 ) ;
#2642 =( NAMED_UNIT ( * ) PLANE_ANGLE_UNIT ( ) SI_UNIT ( $, .RADIAN. ) );
#2643 = DIRECTION ( 'NONE',  ( -1.000000000000000000, -2.699958717473629988E-16, 0.0000000000000000000 ) ) ;
#2644 = SURFACE_SIDE_STYLE ('',( #5021 ) ) ;
#2645 = ORIENTED_EDGE ( 'NONE', *, *, #5328, .T. ) ;
#2646 = STYLED_ITEM ( 'NONE', ( #7493 ), #3094 ) ;
#2647 = STYLED_ITEM ( 'NONE', ( #7956 ), #6650 ) ;
#2648 = SURFACE_STYLE_USAGE ( .BOTH. , #154 ) ;
#2649 = ORIENTED_EDGE ( 'NONE', *, *, #4106, .T. ) ;
#2650 = CARTESIAN_POINT ( 'NONE',  ( 0.0000000000000000000, 0.0000000000000000000, 12.95000000000000107 ) ) ;
#2651 = EDGE_CURVE ( 'NONE', #3011, #6779, #7364, .T. ) ;
#2652 = EDGE_CURVE ( 'NONE', #613, #6126, #5708, .T. ) ;
#2653 = CARTESIAN_POINT ( 'NONE',  ( -9.000000000000001776, 15.00000000000000000, -9.050000000000000711 ) ) ;
#2654 = CIRCLE ( 'NONE', #2128, 0.3499999999999996447 ) ;
#2655 = DIRECTION ( 'NONE',  ( 0.0000000000000000000, -1.000000000000000000, 0.0000000000000000000 ) ) ;
#2656 = VERTEX_POINT ( 'NONE', #5022 ) ;
#2657 = VECTOR ( 'NONE', #5099, 1000.000000000000000 ) ;
#2658 = STYLED_ITEM ( 'NONE', ( #3464 ), #4298 ) ;
#2659 = VECTOR ( 'NONE', #1046, 1000.000000000000000 ) ;
#2660 =( NAMED_UNIT ( * ) PLANE_ANGLE_UNIT ( ) SI_UNIT ( $, .RADIAN. ) );
#2661 = FILL_AREA_STYLE ('',( #5199 ) ) ;
#2662 = CARTESIAN_POINT ( 'NONE',  ( 5.000000000000000000, 2.200000000000000178, -11.25000000000000000 ) ) ;
#2663 = CARTESIAN_POINT ( 'NONE',  ( 3.999999999999999112, 2.200000000000000178, 9.050000000000002487 ) ) ;
#2664 = STYLED_ITEM ( 'NONE', ( #998 ), #3892 ) ;
#2665 = PLANE ( 'NONE',  #28 ) ;
#2666 =( LENGTH_UNIT ( ) NAMED_UNIT ( * ) SI_UNIT ( .MILLI., .METRE. ) );
#2667 = ORIENTED_EDGE ( 'NONE', *, *, #6232, .F. ) ;
#2668 =( NAMED_UNIT ( * ) SI_UNIT ( $, .STERADIAN. ) SOLID_ANGLE_UNIT ( ) );
#2669 = UNCERTAINTY_MEASURE_WITH_UNIT (LENGTH_MEASURE( 1.000000000000000082E-05 ), #7495, 'distance_accuracy_value', 'NONE');
#2670 = CARTESIAN_POINT ( 'NONE',  ( -12.10000000000000142, 2.200000000000000178, -9.050000000000000711 ) ) ;
#2671 = STYLED_ITEM ( 'NONE', ( #5314 ), #4049 ) ;
#2672 = ORIENTED_EDGE ( 'NONE', *, *, #3931, .F. ) ;
#2673 = DIRECTION ( 'NONE',  ( -1.000000000000000000, 0.0000000000000000000, 0.0000000000000000000 ) ) ;
#2674 = FILL_AREA_STYLE_COLOUR ( '', #4221 ) ;
#2675 = COLOUR_RGB ( '',0.2980392156862745057, 0.2980392156862745057, 0.2980392156862745057 ) ;
#2676 = FILL_AREA_STYLE_COLOUR ( '', #5063 ) ;
#2677 = CARTESIAN_POINT ( 'NONE',  ( -9.349999999999999645, 12.74999999999998224, 8.199999999999997513 ) ) ;
#2678 = ORIENTED_EDGE ( 'NONE', *, *, #1715, .F. ) ;
#2679 = ADVANCED_FACE ( 'NONE', ( #4373 ), #3182, .F. ) ;
#2680 = DIRECTION ( 'NONE',  ( 0.0000000000000000000, 0.0000000000000000000, 1.000000000000000000 ) ) ;
#2681 = LINE ( 'NONE', #6607, #7512 ) ;
#2682 = CLOSED_SHELL ( 'NONE', ( #1640, #3039, #1137, #1262 ) ) ;
#2683 = ORIENTED_EDGE ( 'NONE', *, *, #2120, .F. ) ;
#2684 = EDGE_CURVE ( 'NONE', #4465, #5814, #3055, .T. ) ;
#2685 = FILL_AREA_STYLE ('',( #197 ) ) ;
#2686 = ORIENTED_EDGE ( 'NONE', *, *, #3259, .T. ) ;
#2687 = LINE ( 'NONE', #2073, #7900 ) ;
#2688 = FILL_AREA_STYLE_COLOUR ( '', #5926 ) ;
#2689 = SURFACE_STYLE_USAGE ( .BOTH. , #201 ) ;
#2690 = EDGE_LOOP ( 'NONE', ( #7127, #4081, #7639, #7486 ) ) ;
#2691 =( LENGTH_UNIT ( ) NAMED_UNIT ( * ) SI_UNIT ( .MILLI., .METRE. ) );
#2692 = EDGE_CURVE ( 'NONE', #3670, #7407, #1711, .T. ) ;
#2693 =( LENGTH_UNIT ( ) NAMED_UNIT ( * ) SI_UNIT ( .MILLI., .METRE. ) );
#2694 = EDGE_CURVE ( 'NONE', #3249, #1234, #1821, .T. ) ;
#2695 = AXIS2_PLACEMENT_3D ( 'NONE', #7064, #7699, #1430 ) ;
#2696 = SURFACE_SIDE_STYLE ('',( #2737 ) ) ;
#2697 =( NAMED_UNIT ( * ) SI_UNIT ( $, .STERADIAN. ) SOLID_ANGLE_UNIT ( ) );
#2698 = PRESENTATION_STYLE_ASSIGNMENT (( #7068 ) ) ;
#2699 = CARTESIAN_POINT ( 'NONE',  ( 6.150000000000000355, 12.75000000000000178, -8.250000000000000000 ) ) ;
#2700 = CIRCLE ( 'NONE', #4803, 3.000000000000000444 ) ;
#2701 = ORIENTED_EDGE ( 'NONE', *, *, #8046, .F. ) ;
#2702 = DIRECTION ( 'NONE',  ( 0.0000000000000000000, -1.000000000000000000, 0.0000000000000000000 ) ) ;
#2703 =( GEOMETRIC_REPRESENTATION_CONTEXT ( 3 ) GLOBAL_UNCERTAINTY_ASSIGNED_CONTEXT ( ( #4661 ) ) GLOBAL_UNIT_ASSIGNED_CONTEXT ( ( #4483, #3251, #7239 ) ) REPRESENTATION_CONTEXT ( 'NONE', 'WORKASPACE' ) );
#2704 = ORIENTED_EDGE ( 'NONE', *, *, #7221, .T. ) ;
#2705 = ORIENTED_EDGE ( 'NONE', *, *, #1878, .F. ) ;
#2706 = SURFACE_SIDE_STYLE ('',( #180 ) ) ;
#2707 = CIRCLE ( 'NONE', #3893, 0.3499999999999996447 ) ;
#2708 = COLOUR_RGB ( '',0.1019607843137254888, 0.1019607843137254888, 0.1019607843137254888 ) ;
#2709 = CARTESIAN_POINT ( 'NONE',  ( 5.900000000000001243, 12.00000000000000000, -9.050000000000000711 ) ) ;
#2710 = MECHANICAL_DESIGN_GEOMETRIC_PRESENTATION_REPRESENTATION (  '', ( #2834 ), #889 ) ;
#2711 = LINE ( 'NONE', #2677, #6172 ) ;
#2712 = ORIENTED_EDGE ( 'NONE', *, *, #3591, .T. ) ;
#2713 = FILL_AREA_STYLE_COLOUR ( '', #1563 ) ;
#2714 = VECTOR ( 'NONE', #2561, 1000.000000000000000 ) ;
#2715 = CARTESIAN_POINT ( 'NONE',  ( 12.59999999999999787, 2.200000000000000178, -11.60000000000000142 ) ) ;
#2716 = CARTESIAN_POINT ( 'NONE',  ( 9.349999999999999645, 5.750000000000020428, -8.200000000000001066 ) ) ;
#2717 = SURFACE_STYLE_FILL_AREA ( #7730 ) ;
#2718 = EDGE_CURVE ( 'NONE', #7618, #3784, #25, .T. ) ;
#2719 = CARTESIAN_POINT ( 'NONE',  ( -5.799999999999999822, 10.34999999999998899, -8.200000000000001066 ) ) ;
#2720 = CARTESIAN_POINT ( 'NONE',  ( -6.349999999999977440, 15.75000000000000355, 8.199999999999997513 ) ) ;
#2721 = PRESENTATION_LAYER_ASSIGNMENT (  '', '', ( #4039 ) ) ;
#2722 = VERTEX_POINT ( 'NONE', #3218 ) ;
#2723 = SURFACE_SIDE_STYLE ('',( #3319 ) ) ;
#2724 = ORIENTED_EDGE ( 'NONE', *, *, #5724, .F. ) ;
#2725 = SURFACE_STYLE_FILL_AREA ( #238 ) ;
#2726 = DIRECTION ( 'NONE',  ( 0.0000000000000000000, 0.0000000000000000000, -1.000000000000000000 ) ) ;
#2727 = DIRECTION ( 'NONE',  ( 0.0000000000000000000, 1.000000000000000000, 0.0000000000000000000 ) ) ;
#2728 = EDGE_LOOP ( 'NONE', ( #5213, #2923, #1921, #7498 ) ) ;
#2729 = CARTESIAN_POINT ( 'NONE',  ( 0.0000000000000000000, -4.000000000000000000, 11.25000000000000000 ) ) ;
#2730 =( GEOMETRIC_REPRESENTATION_CONTEXT ( 3 ) GLOBAL_UNCERTAINTY_ASSIGNED_CONTEXT ( ( #5804 ) ) GLOBAL_UNIT_ASSIGNED_CONTEXT ( ( #1555, #4714, #4599 ) ) REPRESENTATION_CONTEXT ( 'NONE', 'WORKASPACE' ) );
#2731 = EDGE_CURVE ( 'NONE', #1099, #5222, #7593, .T. ) ;
#2732 = EDGE_LOOP ( 'NONE', ( #6215, #6879, #6317, #6643, #3901, #1559, #1381, #6489 ) ) ;
#2733 = COLOUR_RGB ( '',0.1019607843137254888, 0.1019607843137254888, 0.1019607843137254888 ) ;
#2734 = DIRECTION ( 'NONE',  ( 0.0000000000000000000, 0.7071067811865524577, -0.7071067811865425767 ) ) ;
#2735 = MECHANICAL_DESIGN_GEOMETRIC_PRESENTATION_REPRESENTATION (  '', ( #5740 ), #3270 ) ;
#2736 = EDGE_CURVE ( 'NONE', #4716, #5127, #1872, .T. ) ;
#2737 = SURFACE_STYLE_FILL_AREA ( #7702 ) ;
#2738 = CARTESIAN_POINT ( 'NONE',  ( -12.74999999999999822, 7.200000000000000178, -13.05000000000000071 ) ) ;
#2739 = ADVANCED_FACE ( 'NONE', ( #7005 ), #5664, .F. ) ;
#2740 = FILL_AREA_STYLE_COLOUR ( '', #2990 ) ;
#2741 = CARTESIAN_POINT ( 'NONE',  ( -9.500000000000000000, 15.75000000000000000, -9.550000000000000711 ) ) ;
#2742 =( GEOMETRIC_REPRESENTATION_CONTEXT ( 3 ) GLOBAL_UNCERTAINTY_ASSIGNED_CONTEXT ( ( #4079 ) ) GLOBAL_UNIT_ASSIGNED_CONTEXT ( ( #2439, #4944, #1220 ) ) REPRESENTATION_CONTEXT ( 'NONE', 'WORKASPACE' ) );
#2743 = FILL_AREA_STYLE ('',( #5860 ) ) ;
#2744 = PRESENTATION_LAYER_ASSIGNMENT (  '', '', ( #2204 ) ) ;
#2745 = VERTEX_POINT ( 'NONE', #4542 ) ;
#2746 = ORIENTED_EDGE ( 'NONE', *, *, #4004, .T. ) ;
#2747 = STYLED_ITEM ( 'NONE', ( #1951 ), #2029 ) ;
#2748 = EDGE_CURVE ( 'NONE', #1898, #30, #3417, .T. ) ;
#2749 = CYLINDRICAL_SURFACE ( 'NONE', #4814, 1.499999999999999556 ) ;
#2750 = MECHANICAL_DESIGN_GEOMETRIC_PRESENTATION_REPRESENTATION (  '', ( #1051 ), #7492 ) ;
#2751 = DIRECTION ( 'NONE',  ( -0.0000000000000000000, -0.0000000000000000000, -1.000000000000000000 ) ) ;
#2752 =( NAMED_UNIT ( * ) PLANE_ANGLE_UNIT ( ) SI_UNIT ( $, .RADIAN. ) );
#2753 = CARTESIAN_POINT ( 'NONE',  ( 6.349999999999998757, 12.75000000000000355, 8.199999999999997513 ) ) ;
#2754 = UNCERTAINTY_MEASURE_WITH_UNIT (LENGTH_MEASURE( 1.000000000000000082E-05 ), #7139, 'distance_accuracy_value', 'NONE');
#2755 = COLOUR_RGB ( '',1.000000000000000000, 0.9372549019607843146, 0.1372549019607843257 ) ;
#2756 = AXIS2_PLACEMENT_3D ( 'NONE', #2797, #4658, #6463 ) ;
#2757 = PRESENTATION_STYLE_ASSIGNMENT (( #7205 ) ) ;
#2758 = MECHANICAL_DESIGN_GEOMETRIC_PRESENTATION_REPRESENTATION (  '', ( #4075 ), #279 ) ;
#2759 =( LENGTH_UNIT ( ) NAMED_UNIT ( * ) SI_UNIT ( .MILLI., .METRE. ) );
#2760 = UNCERTAINTY_MEASURE_WITH_UNIT (LENGTH_MEASURE( 1.000000000000000082E-05 ), #7203, 'distance_accuracy_value', 'NONE');
#2761 = ORIENTED_EDGE ( 'NONE', *, *, #6084, .F. ) ;
#2762 = VECTOR ( 'NONE', #7519, 1000.000000000000000 ) ;
#2763 = MECHANICAL_DESIGN_GEOMETRIC_PRESENTATION_REPRESENTATION (  '', ( #1851 ), #3159 ) ;
#2764 = SURFACE_STYLE_USAGE ( .BOTH. , #5225 ) ;
#2765 = ORIENTED_EDGE ( 'NONE', *, *, #3941, .T. ) ;
#2766 = VECTOR ( 'NONE', #1102, 1000.000000000000000 ) ;
#2767 = COLOUR_RGB ( '',0.2980392156862745057, 0.2980392156862745057, 0.2980392156862745057 ) ;
#2768 = ORIENTED_EDGE ( 'NONE', *, *, #2361, .F. ) ;
#2769 =( GEOMETRIC_REPRESENTATION_CONTEXT ( 3 ) GLOBAL_UNCERTAINTY_ASSIGNED_CONTEXT ( ( #3983 ) ) GLOBAL_UNIT_ASSIGNED_CONTEXT ( ( #6554, #4869, #5361 ) ) REPRESENTATION_CONTEXT ( 'NONE', 'WORKASPACE' ) );
#2770 =( NAMED_UNIT ( * ) SI_UNIT ( $, .STERADIAN. ) SOLID_ANGLE_UNIT ( ) );
#2771 = CARTESIAN_POINT ( 'NONE',  ( 3.999999999999999112, 0.9921485132883310909, 8.250000000000001776 ) ) ;
#2772 = EDGE_CURVE ( 'NONE', #5963, #1657, #7206, .T. ) ;
#2773 =( GEOMETRIC_REPRESENTATION_CONTEXT ( 3 ) GLOBAL_UNCERTAINTY_ASSIGNED_CONTEXT ( ( #787 ) ) GLOBAL_UNIT_ASSIGNED_CONTEXT ( ( #4444, #756, #4108 ) ) REPRESENTATION_CONTEXT ( 'NONE', 'WORKASPACE' ) );
#2774 = MECHANICAL_DESIGN_GEOMETRIC_PRESENTATION_REPRESENTATION (  '', ( #296 ), #7398 ) ;
#2775 = DIRECTION ( 'NONE',  ( 1.000000000000000000, 0.0000000000000000000, 0.0000000000000000000 ) ) ;
#2776 = FILL_AREA_STYLE ('',( #5897 ) ) ;
#2777 = ORIENTED_EDGE ( 'NONE', *, *, #391, .F. ) ;
#2778 = STYLED_ITEM ( 'NONE', ( #2039 ), #3444 ) ;
#2779 = CARTESIAN_POINT ( 'NONE',  ( -1.000000000000000888, 2.200000000000000178, -8.249999999999991118 ) ) ;
#2780 = AXIS2_PLACEMENT_3D ( 'NONE', #5081, #6439, #1401 ) ;
#2781 = SHAPE_DEFINITION_REPRESENTATION ( #1568, #7735 ) ;
#2782 = EDGE_CURVE ( 'NONE', #4855, #800, #2070, .T. ) ;
#2783 = VERTEX_POINT ( 'NONE', #309 ) ;
#2784 = CARTESIAN_POINT ( 'NONE',  ( -10.00000000000000000, 2.200000000000000178, -11.25000000000000000 ) ) ;
#2785 = AXIS2_PLACEMENT_3D ( 'NONE', #270, #5269, #4587 ) ;
#2786 = FILL_AREA_STYLE ('',( #1524 ) ) ;
#2787 = DIRECTION ( 'NONE',  ( 0.0000000000000000000, 0.0000000000000000000, -1.000000000000000000 ) ) ;
#2788 = DIRECTION ( 'NONE',  ( -0.9761870601839527373, -0.2169304578186563026, 0.0000000000000000000 ) ) ;
#2789 = STYLED_ITEM ( 'NONE', ( #1373 ), #3724 ) ;
#2790 = ADVANCED_FACE ( 'NONE', ( #3919, #4037 ), #193, .F. ) ;
#2791 = ADVANCED_FACE ( 'NONE', ( #4579 ), #891, .F. ) ;
#2792 = SURFACE_STYLE_FILL_AREA ( #2830 ) ;
#2793 = FILL_AREA_STYLE_COLOUR ( '', #3451 ) ;
#2794 = SURFACE_SIDE_STYLE ('',( #6528 ) ) ;
#2795 = DIRECTION ( 'NONE',  ( -1.000000000000000000, -0.0000000000000000000, -0.0000000000000000000 ) ) ;
#2796 =( LENGTH_UNIT ( ) NAMED_UNIT ( * ) SI_UNIT ( .MILLI., .METRE. ) );
#2797 = CARTESIAN_POINT ( 'NONE',  ( -12.09999999999999609, 6.000000000000000000, 12.59999999999999964 ) ) ;
#2798 =( NAMED_UNIT ( * ) SI_UNIT ( $, .STERADIAN. ) SOLID_ANGLE_UNIT ( ) );
#2799 = ORIENTED_EDGE ( 'NONE', *, *, #4685, .F. ) ;
#2800 = EDGE_LOOP ( 'NONE', ( #5822, #929, #5232, #1187 ) ) ;
#2801 = CARTESIAN_POINT ( 'NONE',  ( 5.900000000000001243, 12.00000000000000000, -9.050000000000000711 ) ) ;
#2802 = DIRECTION ( 'NONE',  ( -0.0000000000000000000, 1.000000000000000000, -0.0000000000000000000 ) ) ;
#2803 = ORIENTED_EDGE ( 'NONE', *, *, #5985, .F. ) ;
#2804 = FILL_AREA_STYLE ('',( #3327 ) ) ;
#2805 =( GEOMETRIC_REPRESENTATION_CONTEXT ( 3 ) GLOBAL_UNCERTAINTY_ASSIGNED_CONTEXT ( ( #7625 ) ) GLOBAL_UNIT_ASSIGNED_CONTEXT ( ( #4852, #1087, #6032 ) ) REPRESENTATION_CONTEXT ( 'NONE', 'WORKASPACE' ) );
#2806 = LINE ( 'NONE', #782, #224 ) ;
#2807 = ORIENTED_EDGE ( 'NONE', *, *, #5978, .F. ) ;
#2808 = SURFACE_STYLE_USAGE ( .BOTH. , #5766 ) ;
#2809 =( LENGTH_UNIT ( ) NAMED_UNIT ( * ) SI_UNIT ( .MILLI., .METRE. ) );
#2810 = AXIS2_PLACEMENT_3D ( 'NONE', #3732, #6226, #6892 ) ;
#2811 = FILL_AREA_STYLE ('',( #403 ) ) ;
#2812 = CARTESIAN_POINT ( 'NONE',  ( 5.999999999999997335, 2.200000000000000178, -9.050000000000000711 ) ) ;
#2813 = SURFACE_SIDE_STYLE ('',( #7149 ) ) ;
#2814 = SURFACE_SIDE_STYLE ('',( #829 ) ) ;
#2815 = FILL_AREA_STYLE_COLOUR ( '', #3435 ) ;
#2816 = COLOUR_RGB ( '',0.1019607843137254888, 0.1019607843137254888, 0.1019607843137254888 ) ;
#2817 = VERTEX_POINT ( 'NONE', #3457 ) ;
#2818 = EDGE_CURVE ( 'NONE', #675, #3467, #5412, .T. ) ;
#2819 = VECTOR ( 'NONE', #321, 1000.000000000000000 ) ;
#2820 = VERTEX_POINT ( 'NONE', #513 ) ;
#2821 = MECHANICAL_DESIGN_GEOMETRIC_PRESENTATION_REPRESENTATION (  '', ( #1772 ), #216 ) ;
#2822 = ORIENTED_EDGE ( 'NONE', *, *, #5246, .F. ) ;
#2823 = FACE_OUTER_BOUND ( 'NONE', #8114, .T. ) ;
#2824 = ADVANCED_FACE ( 'NONE', ( #6106 ), #962, .T. ) ;
#2825 = SURFACE_SIDE_STYLE ('',( #5979 ) ) ;
#2826 = LINE ( 'NONE', #7762, #3496 ) ;
#2827 = MECHANICAL_DESIGN_GEOMETRIC_PRESENTATION_REPRESENTATION (  '', ( #352 ), #7720 ) ;
#2828 = UNCERTAINTY_MEASURE_WITH_UNIT (LENGTH_MEASURE( 1.000000000000000082E-05 ), #3600, 'distance_accuracy_value', 'NONE');
#2829 = MECHANICAL_DESIGN_GEOMETRIC_PRESENTATION_REPRESENTATION (  '', ( #3244 ), #4924 ) ;
#2830 = FILL_AREA_STYLE ('',( #342 ) ) ;
#2831 = SURFACE_STYLE_USAGE ( .BOTH. , #2252 ) ;
#2832 =( NAMED_UNIT ( * ) SI_UNIT ( $, .STERADIAN. ) SOLID_ANGLE_UNIT ( ) );
#2833 = EDGE_CURVE ( 'NONE', #876, #7782, #2629, .T. ) ;
#2834 = STYLED_ITEM ( 'NONE', ( #6237 ), #5293 ) ;
#2835 = ADVANCED_FACE ( 'NONE', ( #6733 ), #3533, .T. ) ;
#2836 = DIRECTION ( 'NONE',  ( -0.0000000000000000000, -0.0000000000000000000, -1.000000000000000000 ) ) ;
#2837 = DIRECTION ( 'NONE',  ( 0.0000000000000000000, 1.000000000000000000, -0.0000000000000000000 ) ) ;
#2838 = DIRECTION ( 'NONE',  ( 0.0000000000000000000, -1.000000000000000000, 0.0000000000000000000 ) ) ;
#2839 = UNCERTAINTY_MEASURE_WITH_UNIT (LENGTH_MEASURE( 1.000000000000000082E-05 ), #5198, 'distance_accuracy_value', 'NONE');
#2840 = PRESENTATION_LAYER_ASSIGNMENT (  '', '', ( #2307 ) ) ;
#2841 = PRESENTATION_STYLE_ASSIGNMENT (( #1578 ) ) ;
#2842 = ORIENTED_EDGE ( 'NONE', *, *, #648, .T. ) ;
#2843 = CARTESIAN_POINT ( 'NONE',  ( 0.0000000000000000000, -4.000000000000000000, 11.25000000000000000 ) ) ;
#2844 =( LENGTH_UNIT ( ) NAMED_UNIT ( * ) SI_UNIT ( .MILLI., .METRE. ) );
#2845 = ORIENTED_EDGE ( 'NONE', *, *, #5949, .F. ) ;
#2846 = SURFACE_STYLE_FILL_AREA ( #4786 ) ;
#2847 = COLOUR_RGB ( '',0.1019607843137254888, 0.1019607843137254888, 0.1019607843137254888 ) ;
#2848 = CARTESIAN_POINT ( 'NONE',  ( -12.09999999999999787, 6.000000000000000000, -12.59999999999999964 ) ) ;
#2849 = CARTESIAN_POINT ( 'NONE',  ( 0.0000000000000000000, 15.00000000000000000, 0.0000000000000000000 ) ) ;
#2850 = ORIENTED_EDGE ( 'NONE', *, *, #3092, .T. ) ;
#2851 = LINE ( 'NONE', #5312, #388 ) ;
#2852 = CARTESIAN_POINT ( 'NONE',  ( 0.9999999999999991118, 15.00000000000000000, -8.250000000000000000 ) ) ;
#2853 = VERTEX_POINT ( 'NONE', #4845 ) ;
#2854 = ORIENTED_EDGE ( 'NONE', *, *, #5583, .F. ) ;
#2855 = COLOUR_RGB ( '',1.000000000000000000, 0.9372549019607843146, 0.1372549019607843257 ) ;
#2856 = SURFACE_STYLE_FILL_AREA ( #369 ) ;
#2857 = CARTESIAN_POINT ( 'NONE',  ( 12.59999999999999964, 6.000000000000000000, 9.550000000000004263 ) ) ;
#2858 = MECHANICAL_DESIGN_GEOMETRIC_PRESENTATION_REPRESENTATION (  '', ( #135 ), #3404 ) ;
#2859 = DIRECTION ( 'NONE',  ( -1.000000000000000000, 0.0000000000000000000, 0.0000000000000000000 ) ) ;
#2860 = MECHANICAL_DESIGN_GEOMETRIC_PRESENTATION_REPRESENTATION (  '', ( #8016 ), #2742 ) ;
#2861 = EDGE_LOOP ( 'NONE', ( #6517, #6345, #1803, #4161 ) ) ;
#2862 = EDGE_CURVE ( 'NONE', #288, #1657, #1850, .T. ) ;
#2863 = CARTESIAN_POINT ( 'NONE',  ( 4.199999999999989519, 11.84999999999999964, 9.550000000000000711 ) ) ;
#2864 = CARTESIAN_POINT ( 'NONE',  ( 12.75000000000000000, 15.75000000000000000, 9.550000000000000711 ) ) ;
#2865 = PLANE ( 'NONE',  #5781 ) ;
#2866 = CARTESIAN_POINT ( 'NONE',  ( 0.9999999999999991118, 0.9921485132883310909, -9.050000000000000711 ) ) ;
#2867 = VECTOR ( 'NONE', #2069, 1000.000000000000000 ) ;
#2868 = SURFACE_SIDE_STYLE ('',( #3578 ) ) ;
#2869 = ORIENTED_EDGE ( 'NONE', *, *, #5389, .T. ) ;
#2870 = ADVANCED_FACE ( 'NONE', ( #4443 ), #6191, .T. ) ;
#2871 = SURFACE_STYLE_FILL_AREA ( #2915 ) ;
#2872 = VERTEX_POINT ( 'NONE', #3704 ) ;
#2873 = VECTOR ( 'NONE', #7925, 1000.000000000000000 ) ;
#2874 = CARTESIAN_POINT ( 'NONE',  ( -10.00000000000000000, -4.000000000000000000, 11.25000000000000000 ) ) ;
#2875 = DIRECTION ( 'NONE',  ( -1.000000000000000000, -2.699958717473629988E-16, 0.0000000000000000000 ) ) ;
#2876 = AXIS2_PLACEMENT_3D ( 'NONE', #7679, #4367, #2546 ) ;
#2877 = PRESENTATION_STYLE_ASSIGNMENT (( #5381 ) ) ;
#2878 = ORIENTED_EDGE ( 'NONE', *, *, #6389, .T. ) ;
#2879 = CARTESIAN_POINT ( 'NONE',  ( 4.199999999999989519, 11.94999999999999929, -8.200000000000001066 ) ) ;
#2880 = CARTESIAN_POINT ( 'NONE',  ( 12.59999999999999787, 2.200000000000000178, -9.550000000000004263 ) ) ;
#2881 = VERTEX_POINT ( 'NONE', #2584 ) ;
#2882 = EDGE_CURVE ( 'NONE', #7349, #4026, #1592, .T. ) ;
#2883 = EDGE_CURVE ( 'NONE', #2368, #3656, #1764, .T. ) ;
#2884 = PLANE ( 'NONE',  #6411 ) ;
#2885 = CARTESIAN_POINT ( 'NONE',  ( -8.999999999999998224, 12.00000000000000000, 9.050000000000000711 ) ) ;
#2886 = VECTOR ( 'NONE', #4650, 1000.000000000000000 ) ;
#2887 =( NAMED_UNIT ( * ) SI_UNIT ( $, .STERADIAN. ) SOLID_ANGLE_UNIT ( ) );
#2888 = PRESENTATION_LAYER_ASSIGNMENT (  '', '', ( #2117 ) ) ;
#2889 = CARTESIAN_POINT ( 'NONE',  ( -12.84999999999999964, 15.19999999999999929, -13.05000000000000071 ) ) ;
#2890 = ORIENTED_EDGE ( 'NONE', *, *, #6852, .F. ) ;
#2891 = MECHANICAL_DESIGN_GEOMETRIC_PRESENTATION_REPRESENTATION (  '', ( #7533 ), #1345 ) ;
#2892 = ORIENTED_EDGE ( 'NONE', *, *, #2578, .T. ) ;
#2893 = VECTOR ( 'NONE', #6351, 1000.000000000000000 ) ;
#2894 = CARTESIAN_POINT ( 'NONE',  ( 10.00000000000000000, -4.000000000000000000, 10.90000000000000036 ) ) ;
#2895 = CARTESIAN_POINT ( 'NONE',  ( 0.9999999999999991118, 2.200000000000000622, -9.050000000000000711 ) ) ;
#2896 = PRESENTATION_LAYER_ASSIGNMENT (  '', '', ( #2510 ) ) ;
#2897 =( GEOMETRIC_REPRESENTATION_CONTEXT ( 3 ) GLOBAL_UNCERTAINTY_ASSIGNED_CONTEXT ( ( #6438 ) ) GLOBAL_UNIT_ASSIGNED_CONTEXT ( ( #1647, #4653, #2207 ) ) REPRESENTATION_CONTEXT ( 'NONE', 'WORKASPACE' ) );
#2898 = DIRECTION ( 'NONE',  ( 0.0000000000000000000, 0.0000000000000000000, 1.000000000000000000 ) ) ;
#2899 = FACE_OUTER_BOUND ( 'NONE', #5591, .T. ) ;
#2900 = CARTESIAN_POINT ( 'NONE',  ( -6.149999999999997691, 12.75000000000000355, -8.250000000000000000 ) ) ;
#2901 = UNCERTAINTY_MEASURE_WITH_UNIT (LENGTH_MEASURE( 1.000000000000000082E-05 ), #76, 'distance_accuracy_value', 'NONE');
#2902 = VECTOR ( 'NONE', #61, 1000.000000000000000 ) ;
#2903 = EDGE_LOOP ( 'NONE', ( #462, #2277, #1016, #6927 ) ) ;
#2904 = ORIENTED_EDGE ( 'NONE', *, *, #4193, .T. ) ;
#2905 = DIRECTION ( 'NONE',  ( -0.0000000000000000000, -1.000000000000000000, -0.0000000000000000000 ) ) ;
#2906 = DIRECTION ( 'NONE',  ( 0.0000000000000000000, 0.0000000000000000000, 1.000000000000000000 ) ) ;
#2907 =( NAMED_UNIT ( * ) PLANE_ANGLE_UNIT ( ) SI_UNIT ( $, .RADIAN. ) );
#2908 = CARTESIAN_POINT ( 'NONE',  ( -1.000000000000000888, 0.9921485132883310909, 12.60000000000000142 ) ) ;
#2909 = DIRECTION ( 'NONE',  ( 0.0000000000000000000, -1.000000000000000000, 0.0000000000000000000 ) ) ;
#2910 = CARTESIAN_POINT ( 'NONE',  ( -2.500000000000001332, 12.65000000000000391, -12.95000000000000107 ) ) ;
#2911 = SURFACE_SIDE_STYLE ('',( #4882 ) ) ;
#2912 = PLANE ( 'NONE',  #4678 ) ;
#2913 = UNCERTAINTY_MEASURE_WITH_UNIT (LENGTH_MEASURE( 1.000000000000000082E-05 ), #5155, 'distance_accuracy_value', 'NONE');
#2914 = ADVANCED_FACE ( 'NONE', ( #3781 ), #2455, .T. ) ;
#2915 = FILL_AREA_STYLE ('',( #4926 ) ) ;
#2916 = VECTOR ( 'NONE', #4636, 1000.000000000000000 ) ;
#2917 = CARTESIAN_POINT ( 'NONE',  ( -6.349999999999977440, 15.75000000000000355, 8.199999999999997513 ) ) ;
#2918 = ORIENTED_EDGE ( 'NONE', *, *, #7489, .T. ) ;
#2919 = LINE ( 'NONE', #1776, #1628 ) ;
#2920 = PRESENTATION_STYLE_ASSIGNMENT (( #7218 ) ) ;
#2921 = ADVANCED_FACE ( 'NONE', ( #631 ), #3166, .T. ) ;
#2922 = CYLINDRICAL_SURFACE ( 'NONE', #7308, 0.3499999999999996447 ) ;
#2923 = ORIENTED_EDGE ( 'NONE', *, *, #2225, .T. ) ;
#2924 = EDGE_CURVE ( 'NONE', #2368, #7220, #3378, .T. ) ;
#2925 = PRESENTATION_STYLE_ASSIGNMENT (( #1091 ) ) ;
#2926 = DIRECTION ( 'NONE',  ( 0.0000000000000000000, -1.000000000000000000, 0.0000000000000000000 ) ) ;
#2927 = SURFACE_STYLE_FILL_AREA ( #450 ) ;
#2928 = SURFACE_STYLE_USAGE ( .BOTH. , #2976 ) ;
#2929 = EDGE_CURVE ( 'NONE', #6779, #7961, #6524, .T. ) ;
#2930 = EDGE_CURVE ( 'NONE', #4693, #4546, #7035, .T. ) ;
#2931 = VERTEX_POINT ( 'NONE', #1410 ) ;
#2932 = PRESENTATION_LAYER_ASSIGNMENT (  '', '', ( #7855 ) ) ;
#2933 = FILL_AREA_STYLE ('',( #1673 ) ) ;
#2934 = FILL_AREA_STYLE_COLOUR ( '', #2816 ) ;
#2935 = SURFACE_STYLE_USAGE ( .BOTH. , #497 ) ;
#2936 = PRESENTATION_LAYER_ASSIGNMENT (  '', '', ( #6355 ) ) ;
#2937 =( LENGTH_UNIT ( ) NAMED_UNIT ( * ) SI_UNIT ( .MILLI., .METRE. ) );
#2938 = PRESENTATION_LAYER_ASSIGNMENT (  '', '', ( #5831 ) ) ;
#2939 =( LENGTH_UNIT ( ) NAMED_UNIT ( * ) SI_UNIT ( .MILLI., .METRE. ) );
#2940 = DIRECTION ( 'NONE',  ( 0.0000000000000000000, 1.000000000000000000, 0.0000000000000000000 ) ) ;
#2941 = PRESENTATION_STYLE_ASSIGNMENT (( #3567 ) ) ;
#2942 = PRESENTATION_LAYER_ASSIGNMENT (  '', '', ( #2555 ) ) ;
#2943 = ORIENTED_EDGE ( 'NONE', *, *, #7122, .T. ) ;
#2944 = PRESENTATION_LAYER_ASSIGNMENT (  '', '', ( #1915 ) ) ;
#2945 = ORIENTED_EDGE ( 'NONE', *, *, #3091, .F. ) ;
#2946 = DIRECTION ( 'NONE',  ( 0.0000000000000000000, 0.0000000000000000000, -1.000000000000000000 ) ) ;
#2947 = DIRECTION ( 'NONE',  ( -1.000000000000000000, 0.0000000000000000000, 0.0000000000000000000 ) ) ;
#2948 = AXIS2_PLACEMENT_3D ( 'NONE', #302, #767, #5367 ) ;
#2949 = LINE ( 'NONE', #305, #1709 ) ;
#2950 = CARTESIAN_POINT ( 'NONE',  ( 5.000000000000000000, -4.000000000000000000, 11.25000000000000000 ) ) ;
#2951 = PRESENTATION_LAYER_ASSIGNMENT (  '', '', ( #5432 ) ) ;
#2952 =( NAMED_UNIT ( * ) SI_UNIT ( $, .STERADIAN. ) SOLID_ANGLE_UNIT ( ) );
#2953 = SURFACE_SIDE_STYLE ('',( #4404 ) ) ;
#2954 = ORIENTED_EDGE ( 'NONE', *, *, #1895, .F. ) ;
#2955 = VECTOR ( 'NONE', #2727, 1000.000000000000000 ) ;
#2956 = DIRECTION ( 'NONE',  ( -1.000000000000000000, 0.0000000000000000000, 0.0000000000000000000 ) ) ;
#2957 = COLOUR_RGB ( '',1.000000000000000000, 0.9372549019607843146, 0.1372549019607843257 ) ;
#2958 = ORIENTED_EDGE ( 'NONE', *, *, #1997, .T. ) ;
#2959 = SURFACE_STYLE_FILL_AREA ( #4781 ) ;
#2960 = VECTOR ( 'NONE', #7412, 1000.000000000000000 ) ;
#2961 = FILL_AREA_STYLE ('',( #7301 ) ) ;
#2962 = MANIFOLD_SOLID_BREP ( '??-??2', #7424 ) ;
#2963 = FACE_OUTER_BOUND ( 'NONE', #5701, .T. ) ;
#2964 = ADVANCED_FACE ( 'NONE', ( #6996 ), #1366, .T. ) ;
#2965 = ORIENTED_EDGE ( 'NONE', *, *, #3785, .F. ) ;
#2966 = DIRECTION ( 'NONE',  ( -1.000000000000000000, 0.0000000000000000000, 0.0000000000000000000 ) ) ;
#2967 = VECTOR ( 'NONE', #3831, 1000.000000000000000 ) ;
#2968 = LINE ( 'NONE', #8140, #2558 ) ;
#2969 = ORIENTED_EDGE ( 'NONE', *, *, #3571, .T. ) ;
#2970 = DIRECTION ( 'NONE',  ( 0.0000000000000000000, 0.0000000000000000000, -1.000000000000000000 ) ) ;
#2971 = CARTESIAN_POINT ( 'NONE',  ( -9.000000000000001776, 15.00000000000000000, -9.050000000000000711 ) ) ;
#2972 = AXIS2_PLACEMENT_3D ( 'NONE', #1434, #5770, #827 ) ;
#2973 = SURFACE_STYLE_FILL_AREA ( #2811 ) ;
#2974 = ADVANCED_FACE ( 'NONE', ( #2899 ), #7837, .T. ) ;
#2975 = PLANE ( 'NONE',  #3630 ) ;
#2976 = SURFACE_SIDE_STYLE ('',( #3515 ) ) ;
#2977 = EDGE_LOOP ( 'NONE', ( #6796, #2892 ) ) ;
#2978 = VECTOR ( 'NONE', #3134, 1000.000000000000000 ) ;
#2979 = EDGE_CURVE ( 'NONE', #613, #4136, #7195, .T. ) ;
#2980 = FACE_OUTER_BOUND ( 'NONE', #6882, .T. ) ;
#2981 = PRESENTATION_STYLE_ASSIGNMENT (( #6049 ) ) ;
#2982 = DIRECTION ( 'NONE',  ( -0.0000000000000000000, -0.0000000000000000000, 1.000000000000000000 ) ) ;
#2983 = MECHANICAL_DESIGN_GEOMETRIC_PRESENTATION_REPRESENTATION (  '', ( #3124 ), #2730 ) ;
#2984 = FILL_AREA_STYLE ('',( #501 ) ) ;
#2985 = DIRECTION ( 'NONE',  ( 0.0000000000000000000, 0.0000000000000000000, 1.000000000000000000 ) ) ;
#2986 = SURFACE_STYLE_FILL_AREA ( #502 ) ;
#2987 = UNCERTAINTY_MEASURE_WITH_UNIT (LENGTH_MEASURE( 1.000000000000000082E-05 ), #1664, 'distance_accuracy_value', 'NONE');
#2988 = EDGE_CURVE ( 'NONE', #118, #7741, #7328, .T. ) ;
#2989 = ORIENTED_EDGE ( 'NONE', *, *, #6445, .T. ) ;
#2990 = COLOUR_RGB ( '',0.1019607843137254888, 0.1019607843137254888, 0.1019607843137254888 ) ;
#2991 = CARTESIAN_POINT ( 'NONE',  ( -10.00000000000000000, -4.000000000000000000, 11.25000000000000000 ) ) ;
#2992 = CYLINDRICAL_SURFACE ( 'NONE', #1092, 0.3499999999999996447 ) ;
#2993 = MECHANICAL_DESIGN_GEOMETRIC_PRESENTATION_REPRESENTATION (  '', ( #4959 ), #7616 ) ;
#2994 = CARTESIAN_POINT ( 'NONE',  ( -2.499999999999998224, 15.00000000000000000, -8.249999999999991118 ) ) ;
#2995 = DIRECTION ( 'NONE',  ( 0.0000000000000000000, 1.000000000000000000, -0.0000000000000000000 ) ) ;
#2996 = DIRECTION ( 'NONE',  ( -0.0000000000000000000, -0.0000000000000000000, -1.000000000000000000 ) ) ;
#2997 = FILL_AREA_STYLE_COLOUR ( '', #4992 ) ;
#2998 = PRESENTATION_STYLE_ASSIGNMENT (( #7251 ) ) ;
#2999 = UNCERTAINTY_MEASURE_WITH_UNIT (LENGTH_MEASURE( 1.000000000000000082E-05 ), #3020, 'distance_accuracy_value', 'NONE');
#3000 = CARTESIAN_POINT ( 'NONE',  ( 4.200000000000000178, 8.150000000000000355, -8.200000000000001066 ) ) ;
#3001 =( GEOMETRIC_REPRESENTATION_CONTEXT ( 3 ) GLOBAL_UNCERTAINTY_ASSIGNED_CONTEXT ( ( #882 ) ) GLOBAL_UNIT_ASSIGNED_CONTEXT ( ( #7824, #4751, #3398 ) ) REPRESENTATION_CONTEXT ( 'NONE', 'WORKASPACE' ) );
#3002 = SURFACE_SIDE_STYLE ('',( #7426 ) ) ;
#3003 = ORIENTED_EDGE ( 'NONE', *, *, #1928, .F. ) ;
#3004 = SURFACE_SIDE_STYLE ('',( #8008 ) ) ;
#3005 = CIRCLE ( 'NONE', #4060, 1.499999999999999556 ) ;
#3006 = EDGE_LOOP ( 'NONE', ( #2153, #6120, #7902, #3662, #6790, #2461, #2464, #3222 ) ) ;
#3007 = PRESENTATION_STYLE_ASSIGNMENT (( #4745 ) ) ;
#3008 = DIRECTION ( 'NONE',  ( 1.000000000000000000, 0.0000000000000000000, 0.0000000000000000000 ) ) ;
#3009 = DIRECTION ( 'NONE',  ( 0.0000000000000000000, -1.000000000000000000, 0.0000000000000000000 ) ) ;
#3010 = CIRCLE ( 'NONE', #141, 0.5000000000000004441 ) ;
#3011 = VERTEX_POINT ( 'NONE', #2286 ) ;
#3012 = EDGE_CURVE ( 'NONE', #2656, #1862, #6012, .T. ) ;
#3013 = CARTESIAN_POINT ( 'NONE',  ( 5.700000000000000178, 8.150000000000011013, -9.550000000000000711 ) ) ;
#3014 = SURFACE_STYLE_USAGE ( .BOTH. , #361 ) ;
#3015 = FILL_AREA_STYLE_COLOUR ( '', #1751 ) ;
#3016 = PRESENTATION_LAYER_ASSIGNMENT (  '', '', ( #1463 ) ) ;
#3017 = STYLED_ITEM ( 'NONE', ( #1330 ), #7102 ) ;
#3018 = ORIENTED_EDGE ( 'NONE', *, *, #3488, .F. ) ;
#3019 = PRESENTATION_LAYER_ASSIGNMENT (  '', '', ( #5490 ) ) ;
#3020 =( LENGTH_UNIT ( ) NAMED_UNIT ( * ) SI_UNIT ( .MILLI., .METRE. ) );
#3021 = EDGE_CURVE ( 'NONE', #800, #1780, #6724, .T. ) ;
#3022 = COLOUR_RGB ( '',0.1019607843137254888, 0.1019607843137254888, 0.1019607843137254888 ) ;
#3023 = STYLED_ITEM ( 'NONE', ( #5411 ), #7322 ) ;
#3024 =( GEOMETRIC_REPRESENTATION_CONTEXT ( 3 ) GLOBAL_UNCERTAINTY_ASSIGNED_CONTEXT ( ( #6935 ) ) GLOBAL_UNIT_ASSIGNED_CONTEXT ( ( #4775, #3651, #4192 ) ) REPRESENTATION_CONTEXT ( 'NONE', 'WORKASPACE' ) );
#3025 = CARTESIAN_POINT ( 'NONE',  ( 4.000000000000000000, 15.00000000000000000, 9.050000000000000711 ) ) ;
#3026 = PRESENTATION_LAYER_ASSIGNMENT (  '', '', ( #7801 ) ) ;
#3027 = FILL_AREA_STYLE ('',( #535 ) ) ;
#3028 = EDGE_CURVE ( 'NONE', #1932, #2603, #2205, .T. ) ;
#3029 =( NAMED_UNIT ( * ) PLANE_ANGLE_UNIT ( ) SI_UNIT ( $, .RADIAN. ) );
#3030 = PRESENTATION_STYLE_ASSIGNMENT (( #8075 ) ) ;
#3031 = ORIENTED_EDGE ( 'NONE', *, *, #5569, .F. ) ;
#3032 = ORIENTED_EDGE ( 'NONE', *, *, #7210, .T. ) ;
#3033 = COLOUR_RGB ( '',1.000000000000000000, 1.000000000000000000, 1.000000000000000000 ) ;
#3034 =( NAMED_UNIT ( * ) SI_UNIT ( $, .STERADIAN. ) SOLID_ANGLE_UNIT ( ) );
#3035 = CIRCLE ( 'NONE', #7396, 0.3499999999999996447 ) ;
#3036 = PRESENTATION_STYLE_ASSIGNMENT (( #2013 ) ) ;
#3037 = LINE ( 'NONE', #5523, #1181 ) ;
#3038 =( NAMED_UNIT ( * ) PLANE_ANGLE_UNIT ( ) SI_UNIT ( $, .RADIAN. ) );
#3039 = ADVANCED_FACE ( 'NONE', ( #417 ), #5289, .T. ) ;
#3040 = CARTESIAN_POINT ( 'NONE',  ( -12.10000000000000142, 2.200000000000000178, -12.09999999999999964 ) ) ;
#3041 = CARTESIAN_POINT ( 'NONE',  ( -8.000000000000000000, 15.00000000000000000, -9.050000000000000711 ) ) ;
#3042 = ADVANCED_FACE ( 'NONE', ( #5038 ), #4955, .F. ) ;
#3043 = COLOUR_RGB ( '',0.2980392156862745057, 0.2980392156862745057, 0.2980392156862745057 ) ;
#3044 = VERTEX_POINT ( 'NONE', #8073 ) ;
#3045 = AXIS2_PLACEMENT_3D ( 'NONE', #7233, #7276, #981 ) ;
#3046 = SURFACE_STYLE_USAGE ( .BOTH. , #435 ) ;
#3047 = ORIENTED_EDGE ( 'NONE', *, *, #481, .F. ) ;
#3048 = FILL_AREA_STYLE_COLOUR ( '', #6147 ) ;
#3049 = CARTESIAN_POINT ( 'NONE',  ( -6.349999999999977440, 2.750000000000000000, 8.199999999999997513 ) ) ;
#3050 =( GEOMETRIC_REPRESENTATION_CONTEXT ( 3 ) GLOBAL_UNCERTAINTY_ASSIGNED_CONTEXT ( ( #2330 ) ) GLOBAL_UNIT_ASSIGNED_CONTEXT ( ( #7767, #5749, #6491 ) ) REPRESENTATION_CONTEXT ( 'NONE', 'WORKASPACE' ) );
#3051 = PRESENTATION_STYLE_ASSIGNMENT (( #1204 ) ) ;
#3052 = VERTEX_POINT ( 'NONE', #5471 ) ;
#3053 = DIRECTION ( 'NONE',  ( 1.000000000000000000, 0.0000000000000000000, 0.0000000000000000000 ) ) ;
#3054 =( LENGTH_UNIT ( ) NAMED_UNIT ( * ) SI_UNIT ( .MILLI., .METRE. ) );
#3055 = LINE ( 'NONE', #5060, #3412 ) ;
#3056 = CARTESIAN_POINT ( 'NONE',  ( -6.000000000000000000, 2.200000000000000622, 12.60000000000000142 ) ) ;
#3057 = ORIENTED_EDGE ( 'NONE', *, *, #3855, .F. ) ;
#3058 = MECHANICAL_DESIGN_GEOMETRIC_PRESENTATION_REPRESENTATION (  '', ( #5024 ), #53 ) ;
#3059 = ORIENTED_EDGE ( 'NONE', *, *, #3150, .F. ) ;
#3060 = SURFACE_STYLE_FILL_AREA ( #566 ) ;
#3061 = PLANE ( 'NONE',  #2243 ) ;
#3062 = DIRECTION ( 'NONE',  ( 1.000000000000000000, 0.0000000000000000000, 0.0000000000000000000 ) ) ;
#3063 = ORIENTED_EDGE ( 'NONE', *, *, #5418, .F. ) ;
#3064 = CYLINDRICAL_SURFACE ( 'NONE', #4518, 2.999999999999999556 ) ;
#3065 = VECTOR ( 'NONE', #4707, 1000.000000000000000 ) ;
#3066 = ORIENTED_EDGE ( 'NONE', *, *, #5743, .T. ) ;
#3067 = UNCERTAINTY_MEASURE_WITH_UNIT (LENGTH_MEASURE( 1.000000000000000082E-05 ), #779, 'distance_accuracy_value', 'NONE');
#3068 = CARTESIAN_POINT ( 'NONE',  ( -10.00000000000000000, -4.000000000000000000, 11.59999999999999964 ) ) ;
#3069 = SURFACE_STYLE_FILL_AREA ( #573 ) ;
#3070 = EDGE_CURVE ( 'NONE', #5864, #5207, #6179, .T. ) ;
#3071 = DIRECTION ( 'NONE',  ( 0.0000000000000000000, 1.000000000000000000, 0.0000000000000000000 ) ) ;
#3072 = CARTESIAN_POINT ( 'NONE',  ( 3.750000000000000000, 15.75000000000000355, 12.95000000000000107 ) ) ;
#3073 =( LENGTH_UNIT ( ) NAMED_UNIT ( * ) SI_UNIT ( .MILLI., .METRE. ) );
#3074 = UNCERTAINTY_MEASURE_WITH_UNIT (LENGTH_MEASURE( 1.000000000000000082E-05 ), #7006, 'distance_accuracy_value', 'NONE');
#3075 = DIRECTION ( 'NONE',  ( -0.0000000000000000000, -0.0000000000000000000, -1.000000000000000000 ) ) ;
#3076 = ORIENTED_EDGE ( 'NONE', *, *, #6758, .T. ) ;
#3077 = VECTOR ( 'NONE', #78, 1000.000000000000000 ) ;
#3078 = EDGE_LOOP ( 'NONE', ( #6326, #1959, #97, #4357 ) ) ;
#3079 = FILL_AREA_STYLE ('',( #1804 ) ) ;
#3080 = VECTOR ( 'NONE', #5283, 1000.000000000000000 ) ;
#3081 = EDGE_CURVE ( 'NONE', #1657, #3735, #2362, .T. ) ;
#3082 = CARTESIAN_POINT ( 'NONE',  ( -9.000000000000001776, 15.00000000000000000, -9.050000000000000711 ) ) ;
#3083 = DIRECTION ( 'NONE',  ( 1.000000000000000000, 0.0000000000000000000, 0.0000000000000000000 ) ) ;
#3084 = CARTESIAN_POINT ( 'NONE',  ( -4.000000000000000888, 0.9921485132883310909, -9.050000000000000711 ) ) ;
#3085 = UNCERTAINTY_MEASURE_WITH_UNIT (LENGTH_MEASURE( 1.000000000000000082E-05 ), #5967, 'distance_accuracy_value', 'NONE');
#3086 = CARTESIAN_POINT ( 'NONE',  ( 5.000000000000000000, 2.200000000000000178, 11.59999999999999964 ) ) ;
#3087 = ORIENTED_EDGE ( 'NONE', *, *, #4088, .T. ) ;
#3088 = AXIS2_PLACEMENT_3D ( 'NONE', #6169, #3194, #4341 ) ;
#3089 = ORIENTED_EDGE ( 'NONE', *, *, #2074, .F. ) ;
#3090 = SURFACE_STYLE_USAGE ( .BOTH. , #593 ) ;
#3091 = EDGE_CURVE ( 'NONE', #1852, #4434, #1755, .T. ) ;
#3092 = EDGE_CURVE ( 'NONE', #6028, #4796, #2488, .T. ) ;
#3093 = LINE ( 'NONE', #2382, #3331 ) ;
#3094 = MANIFOLD_SOLID_BREP ( '??-??7', #5824 ) ;
#3095 = ORIENTED_EDGE ( 'NONE', *, *, #3776, .F. ) ;
#3096 = AXIS2_PLACEMENT_3D ( 'NONE', #2849, #7707, #1089 ) ;
#3097 = FILL_AREA_STYLE_COLOUR ( '', #5758 ) ;
#3098 = DIRECTION ( 'NONE',  ( -1.000000000000000000, 0.0000000000000000000, 0.0000000000000000000 ) ) ;
#3099 = DIRECTION ( 'NONE',  ( -0.0000000000000000000, 0.0000000000000000000, -1.000000000000000000 ) ) ;
#3100 = DIRECTION ( 'NONE',  ( -0.0000000000000000000, -0.0000000000000000000, -1.000000000000000000 ) ) ;
#3101 = COLOUR_RGB ( '',0.2980392156862745057, 0.2980392156862745057, 0.2980392156862745057 ) ;
#3102 = MECHANICAL_DESIGN_GEOMETRIC_PRESENTATION_REPRESENTATION (  '', ( #7854 ), #8113 ) ;
#3103 = ORIENTED_EDGE ( 'NONE', *, *, #3468, .F. ) ;
#3104 =( NAMED_UNIT ( * ) PLANE_ANGLE_UNIT ( ) SI_UNIT ( $, .RADIAN. ) );
#3105 = EDGE_CURVE ( 'NONE', #4242, #7552, #2402, .T. ) ;
#3106 = DIRECTION ( 'NONE',  ( -0.0000000000000000000, -0.0000000000000000000, 1.000000000000000000 ) ) ;
#3107 = CARTESIAN_POINT ( 'NONE',  ( 12.59999999999999964, 6.000000000000000000, 12.09999999999999609 ) ) ;
#3108 = PRESENTATION_LAYER_ASSIGNMENT (  '', '', ( #7860 ) ) ;
#3109 = ORIENTED_EDGE ( 'NONE', *, *, #6530, .T. ) ;
#3110 = AXIS2_PLACEMENT_3D ( 'NONE', #2156, #4673, #2195 ) ;
#3111 = PRESENTATION_LAYER_ASSIGNMENT (  '', '', ( #1136 ) ) ;
#3112 = ORIENTED_EDGE ( 'NONE', *, *, #1768, .F. ) ;
#3113 = DIRECTION ( 'NONE',  ( -0.0000000000000000000, 0.0000000000000000000, -1.000000000000000000 ) ) ;
#3114 = AXIS2_PLACEMENT_3D ( 'NONE', #3801, #6298, #4903 ) ;
#3115 = CARTESIAN_POINT ( 'NONE',  ( 9.349999999999999645, 5.750000000000020428, -8.200000000000001066 ) ) ;
#3116 = SURFACE_STYLE_FILL_AREA ( #618 ) ;
#3117 = AXIS2_PLACEMENT_3D ( 'NONE', #160, #6471, #7740 ) ;
#3118 = VERTEX_POINT ( 'NONE', #8116 ) ;
#3119 = FILL_AREA_STYLE_COLOUR ( '', #5419 ) ;
#3120 = FILL_AREA_STYLE ('',( #1233 ) ) ;
#3121 = EDGE_LOOP ( 'NONE', ( #1090, #687, #5102, #1499 ) ) ;
#3122 = VERTEX_POINT ( 'NONE', #621 ) ;
#3123 = FACE_BOUND ( 'NONE', #3525, .T. ) ;
#3124 = STYLED_ITEM ( 'NONE', ( #7870 ), #1676 ) ;
#3125 = FACE_OUTER_BOUND ( 'NONE', #4326, .T. ) ;
#3126 = DIRECTION ( 'NONE',  ( 0.0000000000000000000, 1.000000000000000000, -0.0000000000000000000 ) ) ;
#3127 = SURFACE_STYLE_FILL_AREA ( #4398 ) ;
#3128 = SURFACE_SIDE_STYLE ('',( #4271 ) ) ;
#3129 = EDGE_LOOP ( 'NONE', ( #6108, #5620, #6782, #824, #242, #240, #7745, #1424, #217, #667, #4395, #5495 ) ) ;
#3130 = ADVANCED_FACE ( 'NONE', ( #1266 ), #5020, .F. ) ;
#3131 = VECTOR ( 'NONE', #4316, 1000.000000000000000 ) ;
#3132 = SURFACE_SIDE_STYLE ('',( #2638 ) ) ;
#3133 = SURFACE_STYLE_FILL_AREA ( #4410 ) ;
#3134 = DIRECTION ( 'NONE',  ( -0.0000000000000000000, -1.000000000000000000, -0.0000000000000000000 ) ) ;
#3135 = ORIENTED_EDGE ( 'NONE', *, *, #2818, .T. ) ;
#3136 = CARTESIAN_POINT ( 'NONE',  ( 0.9999999999999991118, 0.9921485132883310909, -8.249999999999991118 ) ) ;
#3137 = FILL_AREA_STYLE_COLOUR ( '', #1054 ) ;
#3138 = DIRECTION ( 'NONE',  ( 0.0000000000000000000, -0.0000000000000000000, 1.000000000000000000 ) ) ;
#3139 = STYLED_ITEM ( 'NONE', ( #5235 ), #5892 ) ;
#3140 = VERTEX_POINT ( 'NONE', #3663 ) ;
#3141 = AXIS2_PLACEMENT_3D ( 'NONE', #7012, #3186, #3321 ) ;
#3142 = DIRECTION ( 'NONE',  ( 0.0000000000000000000, 0.0000000000000000000, -1.000000000000000000 ) ) ;
#3143 = ORIENTED_EDGE ( 'NONE', *, *, #4557, .F. ) ;
#3144 = DIRECTION ( 'NONE',  ( -1.000000000000000000, -0.0000000000000000000, -0.0000000000000000000 ) ) ;
#3145 = CARTESIAN_POINT ( 'NONE',  ( -3.750000000000001776, 15.75000000000000355, -12.95000000000000107 ) ) ;
#3146 = ORIENTED_EDGE ( 'NONE', *, *, #1024, .T. ) ;
#3147 = STYLED_ITEM ( 'NONE', ( #1777 ), #2132 ) ;
#3148 = EDGE_CURVE ( 'NONE', #1968, #7963, #7633, .T. ) ;
#3149 = PRESENTATION_STYLE_ASSIGNMENT (( #5112 ) ) ;
#3150 = EDGE_CURVE ( 'NONE', #2208, #3729, #6202, .T. ) ;
#3151 = PRESENTATION_STYLE_ASSIGNMENT (( #6086 ) ) ;
#3152 = PRESENTATION_LAYER_ASSIGNMENT (  '', '', ( #7631 ) ) ;
#3153 = STYLED_ITEM ( 'NONE', ( #647 ), #6410 ) ;
#3154 = DIRECTION ( 'NONE',  ( -0.0000000000000000000, -0.0000000000000000000, -1.000000000000000000 ) ) ;
#3155 = FACE_OUTER_BOUND ( 'NONE', #6442, .T. ) ;
#3156 = LINE ( 'NONE', #5080, #7174 ) ;
#3157 = UNCERTAINTY_MEASURE_WITH_UNIT (LENGTH_MEASURE( 1.000000000000000082E-05 ), #3054, 'distance_accuracy_value', 'NONE');
#3158 = VECTOR ( 'NONE', #150, 1000.000000000000000 ) ;
#3159 =( GEOMETRIC_REPRESENTATION_CONTEXT ( 3 ) GLOBAL_UNCERTAINTY_ASSIGNED_CONTEXT ( ( #3338 ) ) GLOBAL_UNIT_ASSIGNED_CONTEXT ( ( #2096, #3409, #1496 ) ) REPRESENTATION_CONTEXT ( 'NONE', 'WORKASPACE' ) );
#3160 = ORIENTED_EDGE ( 'NONE', *, *, #5183, .T. ) ;
#3161 = MECHANICAL_DESIGN_GEOMETRIC_PRESENTATION_REPRESENTATION (  '', ( #6304 ), #4481 ) ;
#3162 = ORIENTED_EDGE ( 'NONE', *, *, #5839, .T. ) ;
#3163 =( GEOMETRIC_REPRESENTATION_CONTEXT ( 3 ) GLOBAL_UNCERTAINTY_ASSIGNED_CONTEXT ( ( #7721 ) ) GLOBAL_UNIT_ASSIGNED_CONTEXT ( ( #2939, #4107, #339 ) ) REPRESENTATION_CONTEXT ( 'NONE', 'WORKASPACE' ) );
#3164 =( GEOMETRIC_REPRESENTATION_CONTEXT ( 3 ) GLOBAL_UNCERTAINTY_ASSIGNED_CONTEXT ( ( #3900 ) ) GLOBAL_UNIT_ASSIGNED_CONTEXT ( ( #5403, #4871, #6676 ) ) REPRESENTATION_CONTEXT ( 'NONE', 'WORKASPACE' ) );
#3165 = STYLED_ITEM ( 'NONE', ( #5786 ), #6640 ) ;
#3166 = CYLINDRICAL_SURFACE ( 'NONE', #5906, 0.5000000000000004441 ) ;
#3167 = UNCERTAINTY_MEASURE_WITH_UNIT (LENGTH_MEASURE( 1.000000000000000082E-05 ), #7474, 'distance_accuracy_value', 'NONE');
#3168 = FILL_AREA_STYLE ('',( #6275 ) ) ;
#3169 = VERTEX_POINT ( 'NONE', #3136 ) ;
#3170 = MECHANICAL_DESIGN_GEOMETRIC_PRESENTATION_REPRESENTATION (  '', ( #2646 ), #1863 ) ;
#3171 = ORIENTED_EDGE ( 'NONE', *, *, #4399, .T. ) ;
#3172 = VECTOR ( 'NONE', #7126, 1000.000000000000000 ) ;
#3173 = VECTOR ( 'NONE', #8096, 1000.000000000000000 ) ;
#3174 = FILL_AREA_STYLE_COLOUR ( '', #156 ) ;
#3175 = LINE ( 'NONE', #4318, #6718 ) ;
#3176 = SURFACE_STYLE_USAGE ( .BOTH. , #2383 ) ;
#3177 = PLANE ( 'NONE',  #1207 ) ;
#3178 = DIRECTION ( 'NONE',  ( -3.854941057726238097E-16, -1.000000000000000000, 0.0000000000000000000 ) ) ;
#3179 = CIRCLE ( 'NONE', #6319, 0.3499999999999996447 ) ;
#3180 = SURFACE_STYLE_USAGE ( .BOTH. , #62 ) ;
#3181 = ADVANCED_FACE ( 'NONE', ( #2548 ), #2508, .F. ) ;
#3182 = PLANE ( 'NONE',  #2343 ) ;
#3183 = CARTESIAN_POINT ( 'NONE',  ( 3.999999999999999112, 0.9921485132883310909, -9.050000000000000711 ) ) ;
#3184 = ORIENTED_EDGE ( 'NONE', *, *, #7700, .F. ) ;
#3185 = VECTOR ( 'NONE', #159, 1000.000000000000000 ) ;
#3186 = DIRECTION ( 'NONE',  ( 1.000000000000000000, 0.0000000000000000000, 0.0000000000000000000 ) ) ;
#3187 =( NAMED_UNIT ( * ) SI_UNIT ( $, .STERADIAN. ) SOLID_ANGLE_UNIT ( ) );
#3188 = LINE ( 'NONE', #4941, #2714 ) ;
#3189 = ORIENTED_EDGE ( 'NONE', *, *, #596, .F. ) ;
#3190 = DIRECTION ( 'NONE',  ( 0.0000000000000000000, -1.000000000000000000, 0.0000000000000000000 ) ) ;
#3191 = PLANE ( 'NONE',  #2332 ) ;
#3192 = EDGE_CURVE ( 'NONE', #2722, #8149, #5265, .T. ) ;
#3193 = ORIENTED_EDGE ( 'NONE', *, *, #4343, .T. ) ;
#3194 = DIRECTION ( 'NONE',  ( -0.0000000000000000000, -0.0000000000000000000, 1.000000000000000000 ) ) ;
#3195 = FILL_AREA_STYLE_COLOUR ( '', #5231 ) ;
#3196 = EDGE_CURVE ( 'NONE', #4684, #6822, #6034, .T. ) ;
#3197 =( NAMED_UNIT ( * ) PLANE_ANGLE_UNIT ( ) SI_UNIT ( $, .RADIAN. ) );
#3198 = ADVANCED_FACE ( 'NONE', ( #6286 ), #3177, .F. ) ;
#3199 =( LENGTH_UNIT ( ) NAMED_UNIT ( * ) SI_UNIT ( .MILLI., .METRE. ) );
#3200 = CARTESIAN_POINT ( 'NONE',  ( -12.09999999999999609, 2.200000000000000178, 9.050000000000000711 ) ) ;
#3201 = ORIENTED_EDGE ( 'NONE', *, *, #1241, .F. ) ;
#3202 =( NAMED_UNIT ( * ) SI_UNIT ( $, .STERADIAN. ) SOLID_ANGLE_UNIT ( ) );
#3203 = DIRECTION ( 'NONE',  ( 1.000000000000000000, -0.0000000000000000000, 0.0000000000000000000 ) ) ;
#3204 = DIRECTION ( 'NONE',  ( -0.0000000000000000000, -0.0000000000000000000, -1.000000000000000000 ) ) ;
#3205 = ORIENTED_EDGE ( 'NONE', *, *, #6122, .F. ) ;
#3206 = ORIENTED_EDGE ( 'NONE', *, *, #6409, .F. ) ;
#3207 = DIRECTION ( 'NONE',  ( -1.000000000000000000, -0.0000000000000000000, -0.0000000000000000000 ) ) ;
#3208 = PRESENTATION_STYLE_ASSIGNMENT (( #1316 ) ) ;
#3209 = CARTESIAN_POINT ( 'NONE',  ( -6.349999999999997868, 5.750000000000000000, -8.200000000000001066 ) ) ;
#3210 = ORIENTED_EDGE ( 'NONE', *, *, #5838, .T. ) ;
#3211 = ORIENTED_EDGE ( 'NONE', *, *, #6305, .T. ) ;
#3212 = FILL_AREA_STYLE_COLOUR ( '', #408 ) ;
#3213 = DIRECTION ( 'NONE',  ( -1.000000000000000000, 1.314184451497581752E-16, 0.0000000000000000000 ) ) ;
#3214 = MANIFOLD_SOLID_BREP ( '??-??4[9]', #332 ) ;
#3215 = CARTESIAN_POINT ( 'NONE',  ( -12.10000000000000142, 2.200000000000000178, -9.550000000000000711 ) ) ;
#3216 = COLOUR_RGB ( '',0.2980392156862745057, 0.2980392156862745057, 0.2980392156862745057 ) ;
#3217 = FACE_OUTER_BOUND ( 'NONE', #2732, .T. ) ;
#3218 = CARTESIAN_POINT ( 'NONE',  ( -12.60000000000000142, 2.200000000000000178, -9.550000000000004263 ) ) ;
#3219 = ORIENTED_EDGE ( 'NONE', *, *, #4250, .F. ) ;
#3220 = CARTESIAN_POINT ( 'NONE',  ( -12.09999999999999609, 2.200000000000000178, 9.050000000000000711 ) ) ;
#3221 =( GEOMETRIC_REPRESENTATION_CONTEXT ( 3 ) GLOBAL_UNCERTAINTY_ASSIGNED_CONTEXT ( ( #1835 ) ) GLOBAL_UNIT_ASSIGNED_CONTEXT ( ( #3472, #486, #4167 ) ) REPRESENTATION_CONTEXT ( 'NONE', 'WORKASPACE' ) );
#3222 = ORIENTED_EDGE ( 'NONE', *, *, #3310, .T. ) ;
#3223 = EDGE_CURVE ( 'NONE', #58, #6613, #174, .T. ) ;
#3224 = VECTOR ( 'NONE', #5308, 1000.000000000000000 ) ;
#3225 =( NAMED_UNIT ( * ) SI_UNIT ( $, .STERADIAN. ) SOLID_ANGLE_UNIT ( ) );
#3226 = DIRECTION ( 'NONE',  ( 0.0000000000000000000, -1.000000000000000000, 0.0000000000000000000 ) ) ;
#3227 =( LENGTH_UNIT ( ) NAMED_UNIT ( * ) SI_UNIT ( .MILLI., .METRE. ) );
#3228 = ORIENTED_EDGE ( 'NONE', *, *, #6795, .F. ) ;
#3229 = MANIFOLD_SOLID_BREP ( '??-??4[8]', #2682 ) ;
#3230 = COLOUR_RGB ( '',0.6666666666666666297, 0.6980392156862744724, 0.7686274509803920907 ) ;
#3231 = COLOUR_RGB ( '',1.000000000000000000, 0.9372549019607843146, 0.1372549019607843257 ) ;
#3232 =( NAMED_UNIT ( * ) PLANE_ANGLE_UNIT ( ) SI_UNIT ( $, .RADIAN. ) );
#3233 = AXIS2_PLACEMENT_3D ( 'NONE', #4122, #2802, #928 ) ;
#3234 = ADVANCED_FACE ( 'NONE', ( #5424 ), #487, .T. ) ;
#3235 = STYLED_ITEM ( 'NONE', ( #2408 ), #468 ) ;
#3236 = LINE ( 'NONE', #3115, #4128 ) ;
#3237 =( LENGTH_UNIT ( ) NAMED_UNIT ( * ) SI_UNIT ( .MILLI., .METRE. ) );
#3238 = PRESENTATION_LAYER_ASSIGNMENT (  '', '', ( #6509 ) ) ;
#3239 = DIRECTION ( 'NONE',  ( 0.0000000000000000000, 0.0000000000000000000, -1.000000000000000000 ) ) ;
#3240 = DIRECTION ( 'NONE',  ( -0.0000000000000000000, 1.000000000000000000, -0.0000000000000000000 ) ) ;
#3241 = DIRECTION ( 'NONE',  ( -1.000000000000000000, 0.0000000000000000000, 0.0000000000000000000 ) ) ;
#3242 = VERTEX_POINT ( 'NONE', #1216 ) ;
#3243 = FILL_AREA_STYLE_COLOUR ( '', #1602 ) ;
#3244 = STYLED_ITEM ( 'NONE', ( #1122 ), #1376 ) ;
#3245 = LINE ( 'NONE', #4521, #2190 ) ;
#3246 = CARTESIAN_POINT ( 'NONE',  ( -9.349999999999999645, 5.750000000000020428, -8.200000000000001066 ) ) ;
#3247 =( GEOMETRIC_REPRESENTATION_CONTEXT ( 3 ) GLOBAL_UNCERTAINTY_ASSIGNED_CONTEXT ( ( #1177 ) ) GLOBAL_UNIT_ASSIGNED_CONTEXT ( ( #7538, #1842, #5596 ) ) REPRESENTATION_CONTEXT ( 'NONE', 'WORKASPACE' ) );
#3248 = EDGE_CURVE ( 'NONE', #3784, #2264, #2003, .T. ) ;
#3249 = VERTEX_POINT ( 'NONE', #2519 ) ;
#3250 = VERTEX_POINT ( 'NONE', #5028 ) ;
#3251 =( NAMED_UNIT ( * ) PLANE_ANGLE_UNIT ( ) SI_UNIT ( $, .RADIAN. ) );
#3252 = VECTOR ( 'NONE', #3981, 1000.000000000000000 ) ;
#3253 = SURFACE_SIDE_STYLE ('',( #3377 ) ) ;
#3254 = PRESENTATION_STYLE_ASSIGNMENT (( #7718 ) ) ;
#3255 =( NAMED_UNIT ( * ) SI_UNIT ( $, .STERADIAN. ) SOLID_ANGLE_UNIT ( ) );
#3256 = UNCERTAINTY_MEASURE_WITH_UNIT (LENGTH_MEASURE( 1.000000000000000082E-05 ), #3073, 'distance_accuracy_value', 'NONE');
#3257 = FILL_AREA_STYLE ('',( #4488 ) ) ;
#3258 = ORIENTED_EDGE ( 'NONE', *, *, #2772, .F. ) ;
#3259 = EDGE_CURVE ( 'NONE', #1465, #6164, #4331, .T. ) ;
#3260 = PRESENTATION_LAYER_ASSIGNMENT (  '', '', ( #6921 ) ) ;
#3261 = DIRECTION ( 'NONE',  ( 0.0000000000000000000, -1.000000000000000000, 0.0000000000000000000 ) ) ;
#3262 = FACE_OUTER_BOUND ( 'NONE', #390, .T. ) ;
#3263 = CARTESIAN_POINT ( 'NONE',  ( 5.900000000000001243, 6.500000000000000888, 12.60000000000000142 ) ) ;
#3264 = VECTOR ( 'NONE', #3459, 1000.000000000000000 ) ;
#3265 = DIRECTION ( 'NONE',  ( 1.000000000000000000, 0.0000000000000000000, 0.0000000000000000000 ) ) ;
#3266 =( NAMED_UNIT ( * ) PLANE_ANGLE_UNIT ( ) SI_UNIT ( $, .RADIAN. ) );
#3267 = SURFACE_SIDE_STYLE ('',( #854 ) ) ;
#3268 = FILL_AREA_STYLE ('',( #3920 ) ) ;
#3269 = EDGE_LOOP ( 'NONE', ( #3076, #6418, #4346, #5157 ) ) ;
#3270 =( GEOMETRIC_REPRESENTATION_CONTEXT ( 3 ) GLOBAL_UNCERTAINTY_ASSIGNED_CONTEXT ( ( #3990 ) ) GLOBAL_UNIT_ASSIGNED_CONTEXT ( ( #8111, #532, #4301 ) ) REPRESENTATION_CONTEXT ( 'NONE', 'WORKASPACE' ) );
#3271 = SURFACE_STYLE_FILL_AREA ( #765 ) ;
#3272 = ORIENTED_EDGE ( 'NONE', *, *, #6436, .T. ) ;
#3273 = CARTESIAN_POINT ( 'NONE',  ( -5.000000000000000000, 2.200000000000000178, -11.59999999999999964 ) ) ;
#3274 =( LENGTH_UNIT ( ) NAMED_UNIT ( * ) SI_UNIT ( .MILLI., .METRE. ) );
#3275 = PRODUCT ( '53C56E37-E869-418B-B532-3C05997F6C02', '53C56E37-E869-418B-B532-3C05997F6C02', '', ( #2131 ) ) ;
#3276 = FACE_OUTER_BOUND ( 'NONE', #571, .T. ) ;
#3277 = ORIENTED_EDGE ( 'NONE', *, *, #6726, .F. ) ;
#3278 = PRESENTATION_LAYER_ASSIGNMENT (  '', '', ( #6805 ) ) ;
#3279 = VERTEX_POINT ( 'NONE', #4379 ) ;
#3280 = FILL_AREA_STYLE ('',( #3890 ) ) ;
#3281 = VECTOR ( 'NONE', #5962, 1000.000000000000000 ) ;
#3282 = PRESENTATION_LAYER_ASSIGNMENT (  '', '', ( #2339 ) ) ;
#3283 =( LENGTH_UNIT ( ) NAMED_UNIT ( * ) SI_UNIT ( .MILLI., .METRE. ) );
#3284 = SURFACE_STYLE_USAGE ( .BOTH. , #5891 ) ;
#3285 = CARTESIAN_POINT ( 'NONE',  ( -12.09999999999999787, 2.200000000000000178, -9.050000000000000711 ) ) ;
#3286 = SURFACE_SIDE_STYLE ('',( #780 ) ) ;
#3287 = MECHANICAL_DESIGN_GEOMETRIC_PRESENTATION_REPRESENTATION (  '', ( #6673 ), #140 ) ;
#3288 = LINE ( 'NONE', #3429, #3224 ) ;
#3289 = ORIENTED_EDGE ( 'NONE', *, *, #7156, .T. ) ;
#3290 = PRESENTATION_LAYER_ASSIGNMENT (  '', '', ( #1051 ) ) ;
#3291 = EDGE_CURVE ( 'NONE', #7723, #5805, #41, .T. ) ;
#3292 = SURFACE_STYLE_USAGE ( .BOTH. , #5167 ) ;
#3293 = SURFACE_STYLE_FILL_AREA ( #2743 ) ;
#3294 = EDGE_LOOP ( 'NONE', ( #3667, #2072, #8006, #1370 ) ) ;
#3295 = ORIENTED_EDGE ( 'NONE', *, *, #4685, .T. ) ;
#3296 = CARTESIAN_POINT ( 'NONE',  ( -6.349999999999998757, 12.55000000000000249, -8.250000000000000000 ) ) ;
#3297 = EDGE_CURVE ( 'NONE', #675, #5589, #5541, .T. ) ;
#3298 = FACE_OUTER_BOUND ( 'NONE', #4993, .T. ) ;
#3299 = AXIS2_PLACEMENT_3D ( 'NONE', #6024, #2329, #432 ) ;
#3300 = FILL_AREA_STYLE_COLOUR ( '', #2496 ) ;
#3301 = DIRECTION ( 'NONE',  ( 0.0000000000000000000, 0.0000000000000000000, 1.000000000000000000 ) ) ;
#3302 =( GEOMETRIC_REPRESENTATION_CONTEXT ( 3 ) GLOBAL_UNCERTAINTY_ASSIGNED_CONTEXT ( ( #7614 ) ) GLOBAL_UNIT_ASSIGNED_CONTEXT ( ( #670, #5564, #5046 ) ) REPRESENTATION_CONTEXT ( 'NONE', 'WORKASPACE' ) );
#3303 = DIRECTION ( 'NONE',  ( 1.000000000000000000, 2.699958717473629988E-16, 0.0000000000000000000 ) ) ;
#3304 = ORIENTED_EDGE ( 'NONE', *, *, #4641, .T. ) ;
#3305 = PRESENTATION_LAYER_ASSIGNMENT (  '', '', ( #3153 ) ) ;
#3306 = FILL_AREA_STYLE ('',( #4448 ) ) ;
#3307 = CARTESIAN_POINT ( 'NONE',  ( 9.000000000000001776, 2.199999999999998845, 9.050000000000000711 ) ) ;
#3308 = VECTOR ( 'NONE', #6890, 1000.000000000000000 ) ;
#3309 = CARTESIAN_POINT ( 'NONE',  ( 2.000000000000001332, 12.75000000000000178, -9.050000000000000711 ) ) ;
#3310 = EDGE_CURVE ( 'NONE', #2853, #6126, #4987, .T. ) ;
#3311 = EDGE_CURVE ( 'NONE', #1041, #8034, #6923, .T. ) ;
#3312 = FILL_AREA_STYLE ('',( #2031 ) ) ;
#3313 = PRESENTATION_STYLE_ASSIGNMENT (( #7770 ) ) ;
#3314 = DIRECTION ( 'NONE',  ( -0.0000000000000000000, -1.000000000000000000, -0.0000000000000000000 ) ) ;
#3315 = EDGE_LOOP ( 'NONE', ( #4967, #6798, #7561, #6591 ) ) ;
#3316 = VECTOR ( 'NONE', #558, 1000.000000000000000 ) ;
#3317 = STYLED_ITEM ( 'NONE', ( #340 ), #7993 ) ;
#3318 = PRESENTATION_LAYER_ASSIGNMENT (  '', '', ( #2119 ) ) ;
#3319 = SURFACE_STYLE_FILL_AREA ( #6466 ) ;
#3320 = ORIENTED_EDGE ( 'NONE', *, *, #6999, .F. ) ;
#3321 = DIRECTION ( 'NONE',  ( 0.0000000000000000000, 0.0000000000000000000, -1.000000000000000000 ) ) ;
#3322 =( NAMED_UNIT ( * ) PLANE_ANGLE_UNIT ( ) SI_UNIT ( $, .RADIAN. ) );
#3323 = CARTESIAN_POINT ( 'NONE',  ( -6.000000000000000000, 15.00000000000000000, -8.250000000000000000 ) ) ;
#3324 = CIRCLE ( 'NONE', #4358, 1.500000000000000444 ) ;
#3325 = SURFACE_STYLE_FILL_AREA ( #5227 ) ;
#3326 = ORIENTED_EDGE ( 'NONE', *, *, #7809, .F. ) ;
#3327 = FILL_AREA_STYLE_COLOUR ( '', #4112 ) ;
#3328 = STYLED_ITEM ( 'NONE', ( #2941 ), #8142 ) ;
#3329 =( NAMED_UNIT ( * ) PLANE_ANGLE_UNIT ( ) SI_UNIT ( $, .RADIAN. ) );
#3330 = VECTOR ( 'NONE', #1512, 1000.000000000000000 ) ;
#3331 = VECTOR ( 'NONE', #7511, 1000.000000000000000 ) ;
#3332 = FILL_AREA_STYLE ('',( #363 ) ) ;
#3333 =( GEOMETRIC_REPRESENTATION_CONTEXT ( 3 ) GLOBAL_UNCERTAINTY_ASSIGNED_CONTEXT ( ( #4821 ) ) GLOBAL_UNIT_ASSIGNED_CONTEXT ( ( #7129, #2640, #1986 ) ) REPRESENTATION_CONTEXT ( 'NONE', 'WORKASPACE' ) );
#3334 = SURFACE_SIDE_STYLE ('',( #1395 ) ) ;
#3335 = ORIENTED_EDGE ( 'NONE', *, *, #3388, .T. ) ;
#3336 = CARTESIAN_POINT ( 'NONE',  ( -5.899999999999999467, 12.00000000000000000, 9.050000000000002487 ) ) ;
#3337 = FACE_OUTER_BOUND ( 'NONE', #1202, .T. ) ;
#3338 = UNCERTAINTY_MEASURE_WITH_UNIT (LENGTH_MEASURE( 1.000000000000000082E-05 ), #2096, 'distance_accuracy_value', 'NONE');
#3339 = AXIS2_PLACEMENT_3D ( 'NONE', #4099, #1593, #828 ) ;
#3340 = ORIENTED_EDGE ( 'NONE', *, *, #445, .T. ) ;
#3341 = VERTEX_POINT ( 'NONE', #6970 ) ;
#3342 = EDGE_CURVE ( 'NONE', #4246, #1752, #8103, .T. ) ;
#3343 = CARTESIAN_POINT ( 'NONE',  ( 9.000000000000001776, 13.99999999999999822, 8.250000000000000000 ) ) ;
#3344 = SURFACE_STYLE_FILL_AREA ( #2060 ) ;
#3345 = FILL_AREA_STYLE_COLOUR ( '', #753 ) ;
#3346 = UNCERTAINTY_MEASURE_WITH_UNIT (LENGTH_MEASURE( 1.000000000000000082E-05 ), #3917, 'distance_accuracy_value', 'NONE');
#3347 = LINE ( 'NONE', #2027, #6315 ) ;
#3348 = EDGE_LOOP ( 'NONE', ( #5110, #3289, #3210, #3419 ) ) ;
#3349 = PLANE ( 'NONE',  #6268 ) ;
#3350 = DIRECTION ( 'NONE',  ( 0.0000000000000000000, -1.000000000000000000, 0.0000000000000000000 ) ) ;
#3351 = CARTESIAN_POINT ( 'NONE',  ( -4.200000000000000178, 8.150000000000000355, 8.199999999999997513 ) ) ;
#3352 = UNCERTAINTY_MEASURE_WITH_UNIT (LENGTH_MEASURE( 1.000000000000000082E-05 ), #4802, 'distance_accuracy_value', 'NONE');
#3353 = VERTEX_POINT ( 'NONE', #1917 ) ;
#3354 = ADVANCED_FACE ( 'NONE', ( #6162 ), #3061, .F. ) ;
#3355 = EDGE_CURVE ( 'NONE', #7674, #7697, #3324, .T. ) ;
#3356 = ORIENTED_EDGE ( 'NONE', *, *, #4889, .F. ) ;
#3357 = DIRECTION ( 'NONE',  ( 0.0000000000000000000, 0.0000000000000000000, 1.000000000000000000 ) ) ;
#3358 = CARTESIAN_POINT ( 'NONE',  ( -4.000000000000000888, 2.200000000000000622, 9.050000000000002487 ) ) ;
#3359 = SURFACE_STYLE_USAGE ( .BOTH. , #4627 ) ;
#3360 = ORIENTED_EDGE ( 'NONE', *, *, #6171, .T. ) ;
#3361 = COLOUR_RGB ( '',0.6666666666666666297, 0.6980392156862744724, 0.7686274509803920907 ) ;
#3362 = FILL_AREA_STYLE ('',( #7695 ) ) ;
#3363 = FILL_AREA_STYLE ('',( #203 ) ) ;
#3364 = VERTEX_POINT ( 'NONE', #729 ) ;
#3365 =( NAMED_UNIT ( * ) PLANE_ANGLE_UNIT ( ) SI_UNIT ( $, .RADIAN. ) );
#3366 = EDGE_CURVE ( 'NONE', #3856, #5441, #2654, .T. ) ;
#3367 = STYLED_ITEM ( 'NONE', ( #2192 ), #4878 ) ;
#3368 = SURFACE_SIDE_STYLE ('',( #1480 ) ) ;
#3369 =( NAMED_UNIT ( * ) PLANE_ANGLE_UNIT ( ) SI_UNIT ( $, .RADIAN. ) );
#3370 = STYLED_ITEM ( 'NONE', ( #3452 ), #392 ) ;
#3371 = ORIENTED_EDGE ( 'NONE', *, *, #6699, .T. ) ;
#3372 = CARTESIAN_POINT ( 'NONE',  ( 6.349999999999997868, 5.750000000000000000, 8.199999999999997513 ) ) ;
#3373 = MECHANICAL_DESIGN_GEOMETRIC_PRESENTATION_REPRESENTATION (  '', ( #3235 ), #7987 ) ;
#3374 = ORIENTED_EDGE ( 'NONE', *, *, #3248, .T. ) ;
#3375 = ORIENTED_EDGE ( 'NONE', *, *, #3311, .T. ) ;
#3376 =( NAMED_UNIT ( * ) SI_UNIT ( $, .STERADIAN. ) SOLID_ANGLE_UNIT ( ) );
#3377 = SURFACE_STYLE_FILL_AREA ( #2786 ) ;
#3378 = LINE ( 'NONE', #2631, #3680 ) ;
#3379 = DIRECTION ( 'NONE',  ( -0.0000000000000000000, -0.0000000000000000000, -1.000000000000000000 ) ) ;
#3380 = DIRECTION ( 'NONE',  ( 0.2169304578186563026, -0.9761870601839527373, 0.0000000000000000000 ) ) ;
#3381 = CIRCLE ( 'NONE', #2972, 0.3499999999999996447 ) ;
#3382 = LINE ( 'NONE', #6330, #5570 ) ;
#3383 = LINE ( 'NONE', #3416, #2100 ) ;
#3384 = SURFACE_STYLE_USAGE ( .BOTH. , #6368 ) ;
#3385 = CARTESIAN_POINT ( 'NONE',  ( -4.199999999999988631, 11.94999999999999929, -8.200000000000001066 ) ) ;
#3386 = VECTOR ( 'NONE', #609, 1000.000000000000000 ) ;
#3387 = EDGE_LOOP ( 'NONE', ( #2450, #5685, #838, #8067 ) ) ;
#3388 = EDGE_CURVE ( 'NONE', #5274, #6693, #3179, .T. ) ;
#3389 = ORIENTED_EDGE ( 'NONE', *, *, #2314, .F. ) ;
#3390 = CARTESIAN_POINT ( 'NONE',  ( -5.899999999999999467, 15.00000000000000000, 9.050000000000000711 ) ) ;
#3391 = ORIENTED_EDGE ( 'NONE', *, *, #346, .F. ) ;
#3392 = PRESENTATION_STYLE_ASSIGNMENT (( #4009 ) ) ;
#3393 =( NAMED_UNIT ( * ) PLANE_ANGLE_UNIT ( ) SI_UNIT ( $, .RADIAN. ) );
#3394 = AXIS2_PLACEMENT_3D ( 'NONE', #8081, #3240, #2573 ) ;
#3395 = ORIENTED_EDGE ( 'NONE', *, *, #7845, .F. ) ;
#3396 = DIRECTION ( 'NONE',  ( 0.0000000000000000000, 0.0000000000000000000, 1.000000000000000000 ) ) ;
#3397 = COLOUR_RGB ( '',1.000000000000000000, 0.9372549019607843146, 0.1372549019607843257 ) ;
#3398 =( NAMED_UNIT ( * ) SI_UNIT ( $, .STERADIAN. ) SOLID_ANGLE_UNIT ( ) );
#3399 = PRESENTATION_STYLE_ASSIGNMENT (( #206 ) ) ;
#3400 = CARTESIAN_POINT ( 'NONE',  ( 2.500000000000001332, 15.00000000000000000, -9.050000000000000711 ) ) ;
#3401 = SURFACE_SIDE_STYLE ('',( #123 ) ) ;
#3402 = EDGE_CURVE ( 'NONE', #934, #6201, #861, .T. ) ;
#3403 = AXIS2_PLACEMENT_3D ( 'NONE', #405, #7359, #6003 ) ;
#3404 =( GEOMETRIC_REPRESENTATION_CONTEXT ( 3 ) GLOBAL_UNCERTAINTY_ASSIGNED_CONTEXT ( ( #7882 ) ) GLOBAL_UNIT_ASSIGNED_CONTEXT ( ( #2809, #280, #3470 ) ) REPRESENTATION_CONTEXT ( 'NONE', 'WORKASPACE' ) );
#3405 = ORIENTED_EDGE ( 'NONE', *, *, #6596, .T. ) ;
#3406 = DIRECTION ( 'NONE',  ( 0.0000000000000000000, -1.000000000000000000, 0.0000000000000000000 ) ) ;
#3407 = PRESENTATION_STYLE_ASSIGNMENT (( #4722 ) ) ;
#3408 = FACE_OUTER_BOUND ( 'NONE', #2436, .T. ) ;
#3409 =( NAMED_UNIT ( * ) PLANE_ANGLE_UNIT ( ) SI_UNIT ( $, .RADIAN. ) );
#3410 = PLANE ( 'NONE',  #4816 ) ;
#3411 = DIRECTION ( 'NONE',  ( -1.000000000000000000, -2.699958717473629988E-16, 0.0000000000000000000 ) ) ;
#3412 = VECTOR ( 'NONE', #6334, 1000.000000000000000 ) ;
#3413 = SURFACE_STYLE_FILL_AREA ( #5983 ) ;
#3414 = VECTOR ( 'NONE', #5219, 1000.000000000000000 ) ;
#3415 = FACE_OUTER_BOUND ( 'NONE', #6276, .T. ) ;
#3416 = CARTESIAN_POINT ( 'NONE',  ( -5.000000000000000000, -4.000000000000000000, -10.90000000000000036 ) ) ;
#3417 = LINE ( 'NONE', #5147, #3158 ) ;
#3418 = DIRECTION ( 'NONE',  ( 0.0000000000000000000, 0.0000000000000000000, 1.000000000000000000 ) ) ;
#3419 = ORIENTED_EDGE ( 'NONE', *, *, #7676, .F. ) ;
#3420 = VECTOR ( 'NONE', #4311, 1000.000000000000000 ) ;
#3421 = AXIS2_PLACEMENT_3D ( 'NONE', #5667, #7595, #4375 ) ;
#3422 = LINE ( 'NONE', #7933, #5615 ) ;
#3423 = DIRECTION ( 'NONE',  ( 0.0000000000000000000, 0.0000000000000000000, -1.000000000000000000 ) ) ;
#3424 = EDGE_CURVE ( 'NONE', #2603, #613, #4225, .T. ) ;
#3425 = EDGE_LOOP ( 'NONE', ( #6167, #1919 ) ) ;
#3426 = DIRECTION ( 'NONE',  ( 1.000000000000000000, 0.0000000000000000000, -0.0000000000000000000 ) ) ;
#3427 = CARTESIAN_POINT ( 'NONE',  ( -4.000000000000000888, 0.9921485132883310909, 8.250000000000001776 ) ) ;
#3428 = VECTOR ( 'NONE', #4911, 1000.000000000000000 ) ;
#3429 = CARTESIAN_POINT ( 'NONE',  ( -12.75000000000000178, 15.75000000000000000, 12.95000000000000107 ) ) ;
#3430 = STYLED_ITEM ( 'NONE', ( #2487 ), #7646 ) ;
#3431 = VERTEX_POINT ( 'NONE', #3358 ) ;
#3432 = FILL_AREA_STYLE_COLOUR ( '', #5551 ) ;
#3433 = AXIS2_PLACEMENT_3D ( 'NONE', #4043, #768, #7094 ) ;
#3434 = PRESENTATION_LAYER_ASSIGNMENT (  '', '', ( #5919 ) ) ;
#3435 = COLOUR_RGB ( '',0.1019607843137254888, 0.1019607843137254888, 0.1019607843137254888 ) ;
#3436 = DIRECTION ( 'NONE',  ( -1.000000000000000000, 0.0000000000000000000, 0.0000000000000000000 ) ) ;
#3437 = FILL_AREA_STYLE ('',( #6515 ) ) ;
#3438 = PRESENTATION_LAYER_ASSIGNMENT (  '', '', ( #2658 ) ) ;
#3439 = ORIENTED_EDGE ( 'NONE', *, *, #7282, .F. ) ;
#3440 = PRESENTATION_LAYER_ASSIGNMENT (  '', '', ( #2249 ) ) ;
#3441 = FACE_OUTER_BOUND ( 'NONE', #7031, .T. ) ;
#3442 = PRESENTATION_LAYER_ASSIGNMENT (  '', '', ( #1081 ) ) ;
#3443 = EDGE_LOOP ( 'NONE', ( #1722, #1299, #8099, #2854 ) ) ;
#3444 = ADVANCED_FACE ( 'NONE', ( #3926 ), #2150, .F. ) ;
#3445 = ADVANCED_FACE ( 'NONE', ( #6380 ), #7739, .F. ) ;
#3446 = VERTEX_POINT ( 'NONE', #818 ) ;
#3447 = MECHANICAL_DESIGN_GEOMETRIC_PRESENTATION_REPRESENTATION (  '', ( #3706 ), #701 ) ;
#3448 = DIRECTION ( 'NONE',  ( -0.0000000000000000000, 1.000000000000000000, -0.0000000000000000000 ) ) ;
#3449 = DIRECTION ( 'NONE',  ( -1.000000000000000000, 0.0000000000000000000, 0.0000000000000000000 ) ) ;
#3450 = DIRECTION ( 'NONE',  ( -1.000000000000000000, 3.854941057726238097E-16, 0.0000000000000000000 ) ) ;
#3451 = COLOUR_RGB ( '',0.1019607843137254888, 0.1019607843137254888, 0.1019607843137254888 ) ;
#3452 = PRESENTATION_STYLE_ASSIGNMENT (( #3844 ) ) ;
#3453 = CARTESIAN_POINT ( 'NONE',  ( 10.00000000000000000, -4.000000000000000000, 11.59999999999999964 ) ) ;
#3454 = DIRECTION ( 'NONE',  ( -0.0000000000000000000, 1.000000000000000000, -0.0000000000000000000 ) ) ;
#3455 = DIRECTION ( 'NONE',  ( 0.0000000000000000000, -1.000000000000000000, 0.0000000000000000000 ) ) ;
#3456 = DIRECTION ( 'NONE',  ( 0.0000000000000000000, 1.000000000000000000, 0.0000000000000000000 ) ) ;
#3457 = CARTESIAN_POINT ( 'NONE',  ( -2.499999999999998224, 15.00000000000000000, 9.050000000000002487 ) ) ;
#3458 = LINE ( 'NONE', #5220, #7728 ) ;
#3459 = DIRECTION ( 'NONE',  ( -0.0000000000000000000, -0.0000000000000000000, -1.000000000000000000 ) ) ;
#3460 = ORIENTED_EDGE ( 'NONE', *, *, #1348, .T. ) ;
#3461 = DIRECTION ( 'NONE',  ( 0.0000000000000000000, 0.0000000000000000000, -1.000000000000000000 ) ) ;
#3462 = DIRECTION ( 'NONE',  ( -0.0000000000000000000, 1.000000000000000000, -0.0000000000000000000 ) ) ;
#3463 = ORIENTED_EDGE ( 'NONE', *, *, #2521, .T. ) ;
#3464 = PRESENTATION_STYLE_ASSIGNMENT (( #5158 ) ) ;
#3465 = CARTESIAN_POINT ( 'NONE',  ( 12.09999999999999964, 2.200000000000000178, 9.550000000000000711 ) ) ;
#3466 =( NAMED_UNIT ( * ) PLANE_ANGLE_UNIT ( ) SI_UNIT ( $, .RADIAN. ) );
#3467 = VERTEX_POINT ( 'NONE', #5304 ) ;
#3468 = EDGE_CURVE ( 'NONE', #2820, #845, #6534, .T. ) ;
#3469 = PRESENTATION_LAYER_ASSIGNMENT (  '', '', ( #5043 ) ) ;
#3470 =( NAMED_UNIT ( * ) SI_UNIT ( $, .STERADIAN. ) SOLID_ANGLE_UNIT ( ) );
#3471 = AXIS2_PLACEMENT_3D ( 'NONE', #3372, #5899, #5355 ) ;
#3472 =( LENGTH_UNIT ( ) NAMED_UNIT ( * ) SI_UNIT ( .MILLI., .METRE. ) );
#3473 = DIRECTION ( 'NONE',  ( 0.0000000000000000000, 1.000000000000000000, 0.0000000000000000000 ) ) ;
#3474 = LINE ( 'NONE', #2852, #7665 ) ;
#3475 = MECHANICAL_DESIGN_GEOMETRIC_PRESENTATION_REPRESENTATION (  '', ( #2555 ), #4135 ) ;
#3476 = EDGE_LOOP ( 'NONE', ( #4611, #6618, #6552, #4524 ) ) ;
#3477 = STYLED_ITEM ( 'NONE', ( #2925 ), #4758 ) ;
#3478 = UNCERTAINTY_MEASURE_WITH_UNIT (LENGTH_MEASURE( 1.000000000000000082E-05 ), #3752, 'distance_accuracy_value', 'NONE');
#3479 = EDGE_CURVE ( 'NONE', #1082, #7604, #3882, .T. ) ;
#3480 = ORIENTED_EDGE ( 'NONE', *, *, #3949, .T. ) ;
#3481 = SURFACE_STYLE_USAGE ( .BOTH. , #983 ) ;
#3482 = PRESENTATION_LAYER_ASSIGNMENT (  '', '', ( #3370 ) ) ;
#3483 = PLANE ( 'NONE',  #5688 ) ;
#3484 = DIRECTION ( 'NONE',  ( 0.0000000000000000000, -1.000000000000000000, 0.0000000000000000000 ) ) ;
#3485 = AXIS2_PLACEMENT_3D ( 'NONE', #1743, #4374, #6872 ) ;
#3486 = SURFACE_STYLE_USAGE ( .BOTH. , #5825 ) ;
#3487 = SURFACE_STYLE_FILL_AREA ( #2984 ) ;
#3488 = EDGE_CURVE ( 'NONE', #6540, #5559, #7692, .T. ) ;
#3489 = CARTESIAN_POINT ( 'NONE',  ( 8.000000000000000000, 15.00000000000000000, 8.250000000000000000 ) ) ;
#3490 = SURFACE_SIDE_STYLE ('',( #7881 ) ) ;
#3491 = FILL_AREA_STYLE_COLOUR ( '', #6842 ) ;
#3492 = VECTOR ( 'NONE', #4156, 1000.000000000000000 ) ;
#3493 = ORIENTED_EDGE ( 'NONE', *, *, #5465, .T. ) ;
#3494 = CIRCLE ( 'NONE', #8118, 0.3499999999999996447 ) ;
#3495 = CARTESIAN_POINT ( 'NONE',  ( 3.999999999999999112, 2.200000000000000178, 12.60000000000000142 ) ) ;
#3496 = VECTOR ( 'NONE', #6601, 1000.000000000000000 ) ;
#3497 = CARTESIAN_POINT ( 'NONE',  ( 12.59999999999999787, 6.000000000000000000, -11.60000000000000142 ) ) ;
#3498 = EDGE_CURVE ( 'NONE', #4242, #872, #5488, .T. ) ;
#3499 = DIRECTION ( 'NONE',  ( -1.000000000000000000, -3.854941057726238097E-16, -0.0000000000000000000 ) ) ;
#3500 =( NAMED_UNIT ( * ) PLANE_ANGLE_UNIT ( ) SI_UNIT ( $, .RADIAN. ) );
#3501 = EDGE_CURVE ( 'NONE', #6164, #1898, #7974, .T. ) ;
#3502 = UNCERTAINTY_MEASURE_WITH_UNIT (LENGTH_MEASURE( 1.000000000000000082E-05 ), #5936, 'distance_accuracy_value', 'NONE');
#3503 = ORIENTED_EDGE ( 'NONE', *, *, #1451, .F. ) ;
#3504 = DIRECTION ( 'NONE',  ( 0.0000000000000000000, -1.000000000000000000, 0.0000000000000000000 ) ) ;
#3505 = LINE ( 'NONE', #6030, #6848 ) ;
#3506 = ORIENTED_EDGE ( 'NONE', *, *, #3855, .T. ) ;
#3507 = DIRECTION ( 'NONE',  ( -0.0000000000000000000, -0.0000000000000000000, -1.000000000000000000 ) ) ;
#3508 = STYLED_ITEM ( 'NONE', ( #2395 ), #895 ) ;
#3509 = LINE ( 'NONE', #1050, #525 ) ;
#3510 = ORIENTED_EDGE ( 'NONE', *, *, #2355, .T. ) ;
#3511 = FILL_AREA_STYLE_COLOUR ( '', #4592 ) ;
#3512 = FILL_AREA_STYLE_COLOUR ( '', #5311 ) ;
#3513 = SURFACE_SIDE_STYLE ('',( #975 ) ) ;
#3514 = CYLINDRICAL_SURFACE ( 'NONE', #2311, 1.499999999999999556 ) ;
#3515 = SURFACE_STYLE_FILL_AREA ( #5504 ) ;
#3516 = FILL_AREA_STYLE ('',( #2815 ) ) ;
#3517 = ORIENTED_EDGE ( 'NONE', *, *, #1878, .T. ) ;
#3518 = MECHANICAL_DESIGN_GEOMETRIC_PRESENTATION_REPRESENTATION (  '', ( #8115 ), #775 ) ;
#3519 = ORIENTED_EDGE ( 'NONE', *, *, #6083, .F. ) ;
#3520 = VECTOR ( 'NONE', #7553, 1000.000000000000000 ) ;
#3521 = EDGE_CURVE ( 'NONE', #5589, #6889, #5380, .T. ) ;
#3522 = FILL_AREA_STYLE ('',( #6639 ) ) ;
#3523 = PLANE ( 'NONE',  #1429 ) ;
#3524 = PRESENTATION_LAYER_ASSIGNMENT (  '', '', ( #6132 ) ) ;
#3525 = EDGE_LOOP ( 'NONE', ( #5519, #1293, #223, #3059, #4780, #5485, #2516, #1826 ) ) ;
#3526 = ORIENTED_EDGE ( 'NONE', *, *, #3310, .F. ) ;
#3527 = MECHANICAL_DESIGN_GEOMETRIC_PRESENTATION_REPRESENTATION (  '', ( #6006 ), #3665 ) ;
#3528 = EDGE_CURVE ( 'NONE', #1080, #396, #5992, .T. ) ;
#3529 = DIRECTION ( 'NONE',  ( 0.0000000000000000000, 0.0000000000000000000, -1.000000000000000000 ) ) ;
#3530 = PLANE ( 'NONE',  #4881 ) ;
#3531 = DIRECTION ( 'NONE',  ( 0.0000000000000000000, -1.000000000000000000, 0.0000000000000000000 ) ) ;
#3532 = CARTESIAN_POINT ( 'NONE',  ( 12.85000000000000320, 7.200000000000006395, -13.05000000000000071 ) ) ;
#3533 = CYLINDRICAL_SURFACE ( 'NONE', #3299, 1.000000000000000888 ) ;
#3534 = PRESENTATION_LAYER_ASSIGNMENT (  '', '', ( #1583 ) ) ;
#3535 = CARTESIAN_POINT ( 'NONE',  ( -7.999999999999996447, 13.99999999999999822, 0.0000000000000000000 ) ) ;
#3536 = ORIENTED_EDGE ( 'NONE', *, *, #4392, .F. ) ;
#3537 = MECHANICAL_DESIGN_GEOMETRIC_PRESENTATION_REPRESENTATION (  '', ( #7631 ), #144 ) ;
#3538 = SURFACE_STYLE_FILL_AREA ( #6199 ) ;
#3539 = ADVANCED_FACE ( 'NONE', ( #4848 ), #3622, .T. ) ;
#3540 = ADVANCED_FACE ( 'NONE', ( #476 ), #3541, .F. ) ;
#3541 = PLANE ( 'NONE',  #2517 ) ;
#3542 = COLOUR_RGB ( '',0.2980392156862745057, 0.2980392156862745057, 0.2980392156862745057 ) ;
#3543 = ORIENTED_EDGE ( 'NONE', *, *, #993, .T. ) ;
#3544 = CARTESIAN_POINT ( 'NONE',  ( 9.000000000000001776, 6.000000000000000000, 12.09999999999999964 ) ) ;
#3545 = CARTESIAN_POINT ( 'NONE',  ( 4.286263797015713792E-17, 2.200000000000000178, 10.90000000000000036 ) ) ;
#3546 = EDGE_LOOP ( 'NONE', ( #662, #3714, #4102, #1907 ) ) ;
#3547 = MECHANICAL_DESIGN_GEOMETRIC_PRESENTATION_REPRESENTATION (  '', ( #1317 ), #5486 ) ;
#3548 = MECHANICAL_DESIGN_GEOMETRIC_PRESENTATION_REPRESENTATION (  '', ( #6687 ), #3302 ) ;
#3549 = AXIS2_PLACEMENT_3D ( 'NONE', #1446, #7670, #7119 ) ;
#3550 = SURFACE_STYLE_USAGE ( .BOTH. , #1214 ) ;
#3551 = LINE ( 'NONE', #2885, #4795 ) ;
#3552 = SURFACE_STYLE_FILL_AREA ( #6080 ) ;
#3553 = CARTESIAN_POINT ( 'NONE',  ( 9.000000000000001776, 13.99999999999999822, 9.050000000000000711 ) ) ;
#3554 =( GEOMETRIC_REPRESENTATION_CONTEXT ( 3 ) GLOBAL_UNCERTAINTY_ASSIGNED_CONTEXT ( ( #7873 ) ) GLOBAL_UNIT_ASSIGNED_CONTEXT ( ( #7957, #2285, #4262 ) ) REPRESENTATION_CONTEXT ( 'NONE', 'WORKASPACE' ) );
#3555 = SURFACE_STYLE_USAGE ( .BOTH. , #2274 ) ;
#3556 =( GEOMETRIC_REPRESENTATION_CONTEXT ( 3 ) GLOBAL_UNCERTAINTY_ASSIGNED_CONTEXT ( ( #1518 ) ) GLOBAL_UNIT_ASSIGNED_CONTEXT ( ( #2086, #5281, #1483 ) ) REPRESENTATION_CONTEXT ( 'NONE', 'WORKASPACE' ) );
#3557 = ORIENTED_EDGE ( 'NONE', *, *, #6232, .T. ) ;
#3558 =( GEOMETRIC_REPRESENTATION_CONTEXT ( 3 ) GLOBAL_UNCERTAINTY_ASSIGNED_CONTEXT ( ( #4884 ) ) GLOBAL_UNIT_ASSIGNED_CONTEXT ( ( #5097, #1990, #6869 ) ) REPRESENTATION_CONTEXT ( 'NONE', 'WORKASPACE' ) );
#3559 = COLOUR_RGB ( '',0.1019607843137254888, 0.1019607843137254888, 0.1019607843137254888 ) ;
#3560 = CIRCLE ( 'NONE', #8060, 1.600000000000000755 ) ;
#3561 = DIRECTION ( 'NONE',  ( 0.0000000000000000000, 0.0000000000000000000, 1.000000000000000000 ) ) ;
#3562 = SURFACE_SIDE_STYLE ('',( #4866 ) ) ;
#3563 = MECHANICAL_DESIGN_GEOMETRIC_PRESENTATION_REPRESENTATION (  '', ( #2510 ), #7536 ) ;
#3564 = CARTESIAN_POINT ( 'NONE',  ( -12.84999999999999609, 7.200000000000000178, -13.05000000000000071 ) ) ;
#3565 = SURFACE_STYLE_FILL_AREA ( #4806 ) ;
#3566 = UNCERTAINTY_MEASURE_WITH_UNIT (LENGTH_MEASURE( 1.000000000000000082E-05 ), #7040, 'distance_accuracy_value', 'NONE');
#3567 = SURFACE_STYLE_USAGE ( .BOTH. , #1067 ) ;
#3568 =( GEOMETRIC_REPRESENTATION_CONTEXT ( 3 ) GLOBAL_UNCERTAINTY_ASSIGNED_CONTEXT ( ( #5137 ) ) GLOBAL_UNIT_ASSIGNED_CONTEXT ( ( #5762, #7016, #116 ) ) REPRESENTATION_CONTEXT ( 'NONE', 'WORKASPACE' ) );
#3569 =( GEOMETRIC_REPRESENTATION_CONTEXT ( 3 ) GLOBAL_UNCERTAINTY_ASSIGNED_CONTEXT ( ( #716 ) ) GLOBAL_UNIT_ASSIGNED_CONTEXT ( ( #7779, #4007, #6503 ) ) REPRESENTATION_CONTEXT ( 'NONE', 'WORKASPACE' ) );
#3570 = ORIENTED_EDGE ( 'NONE', *, *, #822, .F. ) ;
#3571 = EDGE_CURVE ( 'NONE', #6028, #3849, #3505, .T. ) ;
#3572 = EDGE_LOOP ( 'NONE', ( #1701, #334 ) ) ;
#3573 = LINE ( 'NONE', #2863, #6584 ) ;
#3574 = FILL_AREA_STYLE ('',( #4190 ) ) ;
#3575 = SURFACE_STYLE_USAGE ( .BOTH. , #2254 ) ;
#3576 = CARTESIAN_POINT ( 'NONE',  ( 12.09999999999999609, 6.000000000000000000, 9.050000000000000711 ) ) ;
#3577 = CARTESIAN_POINT ( 'NONE',  ( -6.349999999999998757, 5.950000000000001066, -8.250000000000000000 ) ) ;
#3578 = SURFACE_STYLE_FILL_AREA ( #5480 ) ;
#3579 = UNCERTAINTY_MEASURE_WITH_UNIT (LENGTH_MEASURE( 1.000000000000000082E-05 ), #147, 'distance_accuracy_value', 'NONE');
#3580 =( LENGTH_UNIT ( ) NAMED_UNIT ( * ) SI_UNIT ( .MILLI., .METRE. ) );
#3581 = VERTEX_POINT ( 'NONE', #6656 ) ;
#3582 = EDGE_CURVE ( 'NONE', #4459, #3999, #3175, .T. ) ;
#3583 = FILL_AREA_STYLE ('',( #6781 ) ) ;
#3584 =( NAMED_UNIT ( * ) SI_UNIT ( $, .STERADIAN. ) SOLID_ANGLE_UNIT ( ) );
#3585 = CARTESIAN_POINT ( 'NONE',  ( -1.999999999999998224, 12.75000000000000178, 8.250000000000001776 ) ) ;
#3586 = ORIENTED_EDGE ( 'NONE', *, *, #2209, .T. ) ;
#3587 = DIRECTION ( 'NONE',  ( 1.000000000000000000, 0.0000000000000000000, -0.0000000000000000000 ) ) ;
#3588 = DIRECTION ( 'NONE',  ( 1.000000000000000000, 0.0000000000000000000, 0.0000000000000000000 ) ) ;
#3589 = VERTEX_POINT ( 'NONE', #8053 ) ;
#3590 = EDGE_CURVE ( 'NONE', #6197, #3784, #3093, .T. ) ;
#3591 = EDGE_CURVE ( 'NONE', #4503, #7302, #1866, .T. ) ;
#3592 = CARTESIAN_POINT ( 'NONE',  ( -6.349999999999998757, 12.55000000000000249, -8.250000000000000000 ) ) ;
#3593 = CARTESIAN_POINT ( 'NONE',  ( -10.00000000000000000, 2.200000000000000178, -10.90000000000000036 ) ) ;
#3594 =( LENGTH_UNIT ( ) NAMED_UNIT ( * ) SI_UNIT ( .MILLI., .METRE. ) );
#3595 =( NAMED_UNIT ( * ) SI_UNIT ( $, .STERADIAN. ) SOLID_ANGLE_UNIT ( ) );
#3596 = CARTESIAN_POINT ( 'NONE',  ( 4.199999999999989519, 11.84999999999999964, 9.550000000000000711 ) ) ;
#3597 = ORIENTED_EDGE ( 'NONE', *, *, #3841, .F. ) ;
#3598 = EDGE_CURVE ( 'NONE', #568, #1080, #7539, .T. ) ;
#3599 = CLOSED_SHELL ( 'NONE', ( #526, #1586, #5686, #4333 ) ) ;
#3600 =( LENGTH_UNIT ( ) NAMED_UNIT ( * ) SI_UNIT ( .MILLI., .METRE. ) );
#3601 = LINE ( 'NONE', #7954, #2544 ) ;
#3602 = FILL_AREA_STYLE_COLOUR ( '', #5721 ) ;
#3603 =( GEOMETRIC_REPRESENTATION_CONTEXT ( 3 ) GLOBAL_UNCERTAINTY_ASSIGNED_CONTEXT ( ( #7050 ) ) GLOBAL_UNIT_ASSIGNED_CONTEXT ( ( #6131, #1027, #7280 ) ) REPRESENTATION_CONTEXT ( 'NONE', 'WORKASPACE' ) );
#3604 = CYLINDRICAL_SURFACE ( 'NONE', #5639, 0.3499999999999996447 ) ;
#3605 =( GEOMETRIC_REPRESENTATION_CONTEXT ( 3 ) GLOBAL_UNCERTAINTY_ASSIGNED_CONTEXT ( ( #5791 ) ) GLOBAL_UNIT_ASSIGNED_CONTEXT ( ( #2693, #277, #4670 ) ) REPRESENTATION_CONTEXT ( 'NONE', 'WORKASPACE' ) );
#3606 =( GEOMETRIC_REPRESENTATION_CONTEXT ( 3 ) GLOBAL_UNCERTAINTY_ASSIGNED_CONTEXT ( ( #3502 ) ) GLOBAL_UNIT_ASSIGNED_CONTEXT ( ( #5936, #4215, #326 ) ) REPRESENTATION_CONTEXT ( 'NONE', 'WORKASPACE' ) );
#3607 = ORIENTED_EDGE ( 'NONE', *, *, #6460, .T. ) ;
#3608 = ORIENTED_EDGE ( 'NONE', *, *, #5202, .T. ) ;
#3609 = FACE_OUTER_BOUND ( 'NONE', #5044, .T. ) ;
#3610 = LINE ( 'NONE', #2616, #5661 ) ;
#3611 =( NAMED_UNIT ( * ) SI_UNIT ( $, .STERADIAN. ) SOLID_ANGLE_UNIT ( ) );
#3612 = LINE ( 'NONE', #6103, #1327 ) ;
#3613 =( NAMED_UNIT ( * ) PLANE_ANGLE_UNIT ( ) SI_UNIT ( $, .RADIAN. ) );
#3614 = DIRECTION ( 'NONE',  ( -0.2169304578186563026, 0.9761870601839527373, 0.0000000000000000000 ) ) ;
#3615 = EDGE_CURVE ( 'NONE', #1398, #3943, #7429, .T. ) ;
#3616 = SURFACE_STYLE_USAGE ( .BOTH. , #2868 ) ;
#3617 = SURFACE_STYLE_FILL_AREA ( #1811 ) ;
#3618 = ORIENTED_EDGE ( 'NONE', *, *, #3070, .T. ) ;
#3619 = PRESENTATION_LAYER_ASSIGNMENT (  '', '', ( #7332 ) ) ;
#3620 = PRESENTATION_STYLE_ASSIGNMENT (( #3090 ) ) ;
#3621 = MECHANICAL_DESIGN_GEOMETRIC_PRESENTATION_REPRESENTATION (  '', ( #6374 ), #1792 ) ;
#3622 = CYLINDRICAL_SURFACE ( 'NONE', #3978, 0.3499999999999996447 ) ;
#3623 = EDGE_LOOP ( 'NONE', ( #8087, #5264, #5922, #2200, #3510, #400, #2, #4305 ) ) ;
#3624 = PLANE ( 'NONE',  #2134 ) ;
#3625 = DIRECTION ( 'NONE',  ( 0.0000000000000000000, -0.0000000000000000000, 1.000000000000000000 ) ) ;
#3626 = EDGE_CURVE ( 'NONE', #1862, #7919, #4929, .T. ) ;
#3627 = FILL_AREA_STYLE ('',( #4828 ) ) ;
#3628 = LINE ( 'NONE', #1663, #1517 ) ;
#3629 = CARTESIAN_POINT ( 'NONE',  ( -9.500000000000000000, 6.650000000000000355, -9.550000000000000711 ) ) ;
#3630 = AXIS2_PLACEMENT_3D ( 'NONE', #5463, #4253, #7404 ) ;
#3631 = PLANE ( 'NONE',  #5969 ) ;
#3632 = EDGE_CURVE ( 'NONE', #1793, #5399, #4891, .T. ) ;
#3633 = FILL_AREA_STYLE_COLOUR ( '', #1934 ) ;
#3634 = DIRECTION ( 'NONE',  ( -0.0000000000000000000, 0.0000000000000000000, -1.000000000000000000 ) ) ;
#3635 = DIRECTION ( 'NONE',  ( -0.0000000000000000000, -1.000000000000000000, -0.0000000000000000000 ) ) ;
#3636 = ORIENTED_EDGE ( 'NONE', *, *, #7023, .T. ) ;
#3637 = FACE_OUTER_BOUND ( 'NONE', #2977, .T. ) ;
#3638 = MECHANICAL_DESIGN_GEOMETRIC_PRESENTATION_REPRESENTATION (  '', ( #6117 ), #4682 ) ;
#3639 = FACE_OUTER_BOUND ( 'NONE', #3884, .T. ) ;
#3640 = EDGE_CURVE ( 'NONE', #2149, #3044, #5532, .T. ) ;
#3641 = CARTESIAN_POINT ( 'NONE',  ( -8.999999999999998224, 15.00000000000000000, 9.050000000000000711 ) ) ;
#3642 = EDGE_CURVE ( 'NONE', #4693, #592, #7555, .T. ) ;
#3643 = LINE ( 'NONE', #1143, #6029 ) ;
#3644 = UNCERTAINTY_MEASURE_WITH_UNIT (LENGTH_MEASURE( 1.000000000000000082E-05 ), #1004, 'distance_accuracy_value', 'NONE');
#3645 = SURFACE_SIDE_STYLE ('',( #7457 ) ) ;
#3646 = STYLED_ITEM ( 'NONE', ( #4836 ), #5515 ) ;
#3647 = EDGE_LOOP ( 'NONE', ( #2705, #49, #6683, #6229 ) ) ;
#3648 = PLANE ( 'NONE',  #5531 ) ;
#3649 =( GEOMETRIC_REPRESENTATION_CONTEXT ( 3 ) GLOBAL_UNCERTAINTY_ASSIGNED_CONTEXT ( ( #7125 ) ) GLOBAL_UNIT_ASSIGNED_CONTEXT ( ( #1026, #1639, #6671 ) ) REPRESENTATION_CONTEXT ( 'NONE', 'WORKASPACE' ) );
#3650 = CYLINDRICAL_SURFACE ( 'NONE', #6651, 0.3499999999999996447 ) ;
#3651 =( NAMED_UNIT ( * ) PLANE_ANGLE_UNIT ( ) SI_UNIT ( $, .RADIAN. ) );
#3652 = CARTESIAN_POINT ( 'NONE',  ( 8.000000000000000000, 15.00000000000000000, 8.250000000000000000 ) ) ;
#3653 = FACE_OUTER_BOUND ( 'NONE', #4585, .T. ) ;
#3654 = CARTESIAN_POINT ( 'NONE',  ( -12.84999999999999609, 7.200000000000000178, -13.05000000000000071 ) ) ;
#3655 = DIRECTION ( 'NONE',  ( -1.000000000000000000, -2.699958717473629988E-16, 0.0000000000000000000 ) ) ;
#3656 = VERTEX_POINT ( 'NONE', #677 ) ;
#3657 = CIRCLE ( 'NONE', #7766, 0.3499999999999996447 ) ;
#3658 = ORIENTED_EDGE ( 'NONE', *, *, #5743, .F. ) ;
#3659 = DIRECTION ( 'NONE',  ( 0.0000000000000000000, -0.0000000000000000000, -1.000000000000000000 ) ) ;
#3660 = AXIS2_PLACEMENT_3D ( 'NONE', #4162, #7978, #6581 ) ;
#3661 = DIRECTION ( 'NONE',  ( 0.0000000000000000000, 0.0000000000000000000, -1.000000000000000000 ) ) ;
#3662 = ORIENTED_EDGE ( 'NONE', *, *, #6891, .T. ) ;
#3663 = CARTESIAN_POINT ( 'NONE',  ( 7.999999999999996447, 15.00000000000000000, -8.250000000000000000 ) ) ;
#3664 =( LENGTH_UNIT ( ) NAMED_UNIT ( * ) SI_UNIT ( .MILLI., .METRE. ) );
#3665 =( GEOMETRIC_REPRESENTATION_CONTEXT ( 3 ) GLOBAL_UNCERTAINTY_ASSIGNED_CONTEXT ( ( #5438 ) ) GLOBAL_UNIT_ASSIGNED_CONTEXT ( ( #5716, #2518, #7690 ) ) REPRESENTATION_CONTEXT ( 'NONE', 'WORKASPACE' ) );
#3666 = SURFACE_STYLE_USAGE ( .BOTH. , #4245 ) ;
#3667 = ORIENTED_EDGE ( 'NONE', *, *, #4656, .T. ) ;
#3668 = COLOUR_RGB ( '',0.6666666666666666297, 0.6980392156862744724, 0.7686274509803920907 ) ;
#3669 =( NAMED_UNIT ( * ) PLANE_ANGLE_UNIT ( ) SI_UNIT ( $, .RADIAN. ) );
#3670 = VERTEX_POINT ( 'NONE', #7470 ) ;
#3671 = AXIS2_PLACEMENT_3D ( 'NONE', #1008, #3504, #1508 ) ;
#3672 = EDGE_CURVE ( 'NONE', #377, #4669, #5017, .T. ) ;
#3673 = PRESENTATION_STYLE_ASSIGNMENT (( #2433 ) ) ;
#3674 =( NAMED_UNIT ( * ) SI_UNIT ( $, .STERADIAN. ) SOLID_ANGLE_UNIT ( ) );
#3675 = CARTESIAN_POINT ( 'NONE',  ( 8.999999999999998224, 13.99999999999999822, -8.250000000000000000 ) ) ;
#3676 = ORIENTED_EDGE ( 'NONE', *, *, #5389, .F. ) ;
#3677 = SURFACE_STYLE_USAGE ( .BOTH. , #5502 ) ;
#3678 = COLOUR_RGB ( '',0.1019607843137254888, 0.1019607843137254888, 0.1019607843137254888 ) ;
#3679 = VERTEX_POINT ( 'NONE', #6243 ) ;
#3680 = VECTOR ( 'NONE', #1526, 1000.000000000000000 ) ;
#3681 = ADVANCED_FACE ( 'NONE', ( #638 ), #6328, .F. ) ;
#3682 = FILL_AREA_STYLE_COLOUR ( '', #2283 ) ;
#3683 = VECTOR ( 'NONE', #7241, 1000.000000000000000 ) ;
#3684 = AXIS2_PLACEMENT_3D ( 'NONE', #5562, #7500, #1857 ) ;
#3685 =( NAMED_UNIT ( * ) PLANE_ANGLE_UNIT ( ) SI_UNIT ( $, .RADIAN. ) );
#3686 = ORIENTED_EDGE ( 'NONE', *, *, #496, .T. ) ;
#3687 = AXIS2_PLACEMENT_3D ( 'NONE', #4975, #7557, #6912 ) ;
#3688 = CARTESIAN_POINT ( 'NONE',  ( 10.00000000000000000, -4.000000000000000000, -11.25000000000000000 ) ) ;
#3689 = CARTESIAN_POINT ( 'NONE',  ( -8.999999999999998224, 0.9921485132883302027, 8.250000000000000000 ) ) ;
#3690 = MECHANICAL_DESIGN_GEOMETRIC_PRESENTATION_REPRESENTATION (  '', ( #7253 ), #1865 ) ;
#3691 = CARTESIAN_POINT ( 'NONE',  ( -5.800000000000000711, 10.34999999999998899, -8.200000000000001066 ) ) ;
#3692 = VECTOR ( 'NONE', #3154, 1000.000000000000000 ) ;
#3693 = EDGE_CURVE ( 'NONE', #914, #709, #6783, .T. ) ;
#3694 = EDGE_CURVE ( 'NONE', #2133, #7618, #6148, .T. ) ;
#3695 = ORIENTED_EDGE ( 'NONE', *, *, #7271, .T. ) ;
#3696 = ORIENTED_EDGE ( 'NONE', *, *, #2138, .T. ) ;
#3697 = VECTOR ( 'NONE', #6877, 1000.000000000000000 ) ;
#3698 = DIRECTION ( 'NONE',  ( -0.0000000000000000000, -0.0000000000000000000, -1.000000000000000000 ) ) ;
#3699 = PRESENTATION_STYLE_ASSIGNMENT (( #7022 ) ) ;
#3700 = STYLED_ITEM ( 'NONE', ( #2062 ), #7829 ) ;
#3701 = DIRECTION ( 'NONE',  ( -0.0000000000000000000, -1.000000000000000000, -0.0000000000000000000 ) ) ;
#3702 = FILL_AREA_STYLE ('',( #1196 ) ) ;
#3703 = DIRECTION ( 'NONE',  ( -0.0000000000000000000, -1.000000000000000000, -0.0000000000000000000 ) ) ;
#3704 = CARTESIAN_POINT ( 'NONE',  ( -7.999999999999996447, 15.00000000000000000, 9.050000000000000711 ) ) ;
#3705 = VECTOR ( 'NONE', #6383, 1000.000000000000000 ) ;
#3706 = STYLED_ITEM ( 'NONE', ( #4704 ), #3539 ) ;
#3707 = DIRECTION ( 'NONE',  ( -0.0000000000000000000, -0.0000000000000000000, 1.000000000000000000 ) ) ;
#3708 = FACE_OUTER_BOUND ( 'NONE', #5054, .T. ) ;
#3709 =( LENGTH_UNIT ( ) NAMED_UNIT ( * ) SI_UNIT ( .MILLI., .METRE. ) );
#3710 = ORIENTED_EDGE ( 'NONE', *, *, #2185, .T. ) ;
#3711 = DIRECTION ( 'NONE',  ( -0.0000000000000000000, -0.0000000000000000000, -1.000000000000000000 ) ) ;
#3712 = DIRECTION ( 'NONE',  ( 1.000000000000000000, 0.0000000000000000000, 0.0000000000000000000 ) ) ;
#3713 = CARTESIAN_POINT ( 'NONE',  ( -12.09999999999999964, 2.200000000000000178, 12.09999999999999964 ) ) ;
#3714 = ORIENTED_EDGE ( 'NONE', *, *, #841, .F. ) ;
#3715 = CIRCLE ( 'NONE', #5666, 1.000000000000000888 ) ;
#3716 = FILL_AREA_STYLE ('',( #6075 ) ) ;
#3717 = EDGE_LOOP ( 'NONE', ( #1048, #4090, #3985, #2016 ) ) ;
#3718 = FILL_AREA_STYLE ('',( #4214 ) ) ;
#3719 = SURFACE_SIDE_STYLE ('',( #1916 ) ) ;
#3720 = DIRECTION ( 'NONE',  ( 0.0000000000000000000, -1.000000000000000000, 0.0000000000000000000 ) ) ;
#3721 = SURFACE_SIDE_STYLE ('',( #4293 ) ) ;
#3722 = ORIENTED_EDGE ( 'NONE', *, *, #3297, .T. ) ;
#3723 = ORIENTED_EDGE ( 'NONE', *, *, #2361, .T. ) ;
#3724 = ADVANCED_FACE ( 'NONE', ( #3708 ), #4615, .F. ) ;
#3725 = PLANE ( 'NONE',  #2695 ) ;
#3726 = DIRECTION ( 'NONE',  ( -0.0000000000000000000, 1.000000000000000000, -0.0000000000000000000 ) ) ;
#3727 = DIRECTION ( 'NONE',  ( 0.0000000000000000000, 0.0000000000000000000, 1.000000000000000000 ) ) ;
#3728 = DIRECTION ( 'NONE',  ( -0.0000000000000000000, -0.0000000000000000000, 1.000000000000000000 ) ) ;
#3729 = VERTEX_POINT ( 'NONE', #7163 ) ;
#3730 = CARTESIAN_POINT ( 'NONE',  ( -12.09999999999999609, 2.200000000000000178, 9.050000000000000711 ) ) ;
#3731 = ADVANCED_FACE ( 'NONE', ( #1534 ), #3869, .F. ) ;
#3732 = CARTESIAN_POINT ( 'NONE',  ( 5.000000000000000000, 2.200000000000000178, -11.25000000000000000 ) ) ;
#3733 = UNCERTAINTY_MEASURE_WITH_UNIT (LENGTH_MEASURE( 1.000000000000000082E-05 ), #3813, 'distance_accuracy_value', 'NONE');
#3734 = ORIENTED_EDGE ( 'NONE', *, *, #7530, .F. ) ;
#3735 = VERTEX_POINT ( 'NONE', #7043 ) ;
#3736 =( NAMED_UNIT ( * ) PLANE_ANGLE_UNIT ( ) SI_UNIT ( $, .RADIAN. ) );
#3737 = MECHANICAL_DESIGN_GEOMETRIC_PRESENTATION_REPRESENTATION (  '', ( #2551 ), #3605 ) ;
#3738 = EDGE_CURVE ( 'NONE', #2872, #2817, #1414, .T. ) ;
#3739 = LINE ( 'NONE', #6273, #8040 ) ;
#3740 = CARTESIAN_POINT ( 'NONE',  ( 10.00000000000000000, -4.000000000000000000, -11.25000000000000000 ) ) ;
#3741 = SURFACE_SIDE_STYLE ('',( #7505 ) ) ;
#3742 = VERTEX_POINT ( 'NONE', #3307 ) ;
#3743 = MECHANICAL_DESIGN_GEOMETRIC_PRESENTATION_REPRESENTATION (  '', ( #4137 ), #8101 ) ;
#3744 = EDGE_LOOP ( 'NONE', ( #6400, #4427, #7192, #2107, #5793, #5186, #4044, #7026, #1854, #4606, #4701, #5859, #3375, #3608, #8153, #7333 ) ) ;
#3745 =( GEOMETRIC_REPRESENTATION_CONTEXT ( 3 ) GLOBAL_UNCERTAINTY_ASSIGNED_CONTEXT ( ( #3998 ) ) GLOBAL_UNIT_ASSIGNED_CONTEXT ( ( #6099, #6772, #7290 ) ) REPRESENTATION_CONTEXT ( 'NONE', 'WORKASPACE' ) );
#3746 = CARTESIAN_POINT ( 'NONE',  ( 1.958823529411766406, 12.56470588235293917, 9.050000000000000711 ) ) ;
#3747 = CARTESIAN_POINT ( 'NONE',  ( 4.000000000000000000, 15.00000000000000000, 8.250000000000000000 ) ) ;
#3748 = EDGE_LOOP ( 'NONE', ( #2494, #1362, #5689, #4893 ) ) ;
#3749 = MECHANICAL_DESIGN_GEOMETRIC_PRESENTATION_REPRESENTATION (  '', ( #5699 ), #2424 ) ;
#3750 = EDGE_CURVE ( 'NONE', #5169, #5224, #5798, .T. ) ;
#3751 = CARTESIAN_POINT ( 'NONE',  ( 10.00000000000000000, -4.000000000000000000, -10.90000000000000036 ) ) ;
#3752 =( LENGTH_UNIT ( ) NAMED_UNIT ( * ) SI_UNIT ( .MILLI., .METRE. ) );
#3753 = CARTESIAN_POINT ( 'NONE',  ( 7.999999999999996447, 13.99999999999999822, -9.050000000000000711 ) ) ;
#3754 = COLOUR_RGB ( '',0.1019607843137254888, 0.1019607843137254888, 0.1019607843137254888 ) ;
#3755 = ORIENTED_EDGE ( 'NONE', *, *, #7609, .F. ) ;
#3756 = FACE_OUTER_BOUND ( 'NONE', #4046, .T. ) ;
#3757 = CARTESIAN_POINT ( 'NONE',  ( 2.500000000000002220, 15.00000000000000000, 9.050000000000000711 ) ) ;
#3758 = PRESENTATION_STYLE_ASSIGNMENT (( #5718 ) ) ;
#3759 =( NAMED_UNIT ( * ) PLANE_ANGLE_UNIT ( ) SI_UNIT ( $, .RADIAN. ) );
#3760 = PRESENTATION_LAYER_ASSIGNMENT (  '', '', ( #3244 ) ) ;
#3761 = ORIENTED_EDGE ( 'NONE', *, *, #5085, .T. ) ;
#3762 =( GEOMETRIC_REPRESENTATION_CONTEXT ( 3 ) GLOBAL_UNCERTAINTY_ASSIGNED_CONTEXT ( ( #3352 ) ) GLOBAL_UNIT_ASSIGNED_CONTEXT ( ( #4802, #1798, #6638 ) ) REPRESENTATION_CONTEXT ( 'NONE', 'WORKASPACE' ) );
#3763 = SURFACE_STYLE_USAGE ( .BOTH. , #8106 ) ;
#3764 = AXIS2_PLACEMENT_3D ( 'NONE', #6487, #7242, #881 ) ;
#3765 = ORIENTED_EDGE ( 'NONE', *, *, #860, .T. ) ;
#3766 = CARTESIAN_POINT ( 'NONE',  ( 2.499999999999998668, 12.65000000000000213, -9.550000000000000711 ) ) ;
#3767 = VECTOR ( 'NONE', #6001, 1000.000000000000000 ) ;
#3768 = DIRECTION ( 'NONE',  ( 0.9761870601839527373, -0.2169304578186563026, 0.0000000000000000000 ) ) ;
#3769 = CYLINDRICAL_SURFACE ( 'NONE', #7866, 0.3499999999999996447 ) ;
#3770 = STYLED_ITEM ( 'NONE', ( #7648 ), #1137 ) ;
#3771 = EDGE_LOOP ( 'NONE', ( #1296, #6705, #5731, #724 ) ) ;
#3772 = DIRECTION ( 'NONE',  ( -0.0000000000000000000, 0.0000000000000000000, -1.000000000000000000 ) ) ;
#3773 = CARTESIAN_POINT ( 'NONE',  ( 2.499999999999998668, 12.65000000000000213, 9.550000000000000711 ) ) ;
#3774 = VERTEX_POINT ( 'NONE', #7726 ) ;
#3775 = ORIENTED_EDGE ( 'NONE', *, *, #5633, .F. ) ;
#3776 = EDGE_CURVE ( 'NONE', #5814, #5807, #2067, .T. ) ;
#3777 = LINE ( 'NONE', #6186, #414 ) ;
#3778 = SURFACE_STYLE_FILL_AREA ( #7420 ) ;
#3779 = LINE ( 'NONE', #6818, #1987 ) ;
#3780 =( GEOMETRIC_REPRESENTATION_CONTEXT ( 3 ) GLOBAL_UNCERTAINTY_ASSIGNED_CONTEXT ( ( #4807 ) ) GLOBAL_UNIT_ASSIGNED_CONTEXT ( ( #1769, #4779, #4275 ) ) REPRESENTATION_CONTEXT ( 'NONE', 'WORKASPACE' ) );
#3781 = FACE_OUTER_BOUND ( 'NONE', #2418, .T. ) ;
#3782 = DIRECTION ( 'NONE',  ( -0.0000000000000000000, -0.0000000000000000000, -1.000000000000000000 ) ) ;
#3783 = ORIENTED_EDGE ( 'NONE', *, *, #5001, .T. ) ;
#3784 = VERTEX_POINT ( 'NONE', #1455 ) ;
#3785 = EDGE_CURVE ( 'NONE', #3589, #1269, #6458, .T. ) ;
#3786 =( NAMED_UNIT ( * ) SI_UNIT ( $, .STERADIAN. ) SOLID_ANGLE_UNIT ( ) );
#3787 = DIRECTION ( 'NONE',  ( 0.0000000000000000000, -1.000000000000000000, 0.0000000000000000000 ) ) ;
#3788 = ORIENTED_EDGE ( 'NONE', *, *, #6497, .F. ) ;
#3789 = PRESENTATION_STYLE_ASSIGNMENT (( #2594 ) ) ;
#3790 = DIRECTION ( 'NONE',  ( -0.0000000000000000000, 1.000000000000000000, -0.0000000000000000000 ) ) ;
#3791 = CARTESIAN_POINT ( 'NONE',  ( -12.74999999999999822, 7.200000000000000178, -13.05000000000000071 ) ) ;
#3792 = PRESENTATION_STYLE_ASSIGNMENT (( #2596 ) ) ;
#3793 = SURFACE_STYLE_USAGE ( .BOTH. , #5665 ) ;
#3794 = EDGE_LOOP ( 'NONE', ( #4982, #6865, #6551, #5576 ) ) ;
#3795 = MECHANICAL_DESIGN_GEOMETRIC_PRESENTATION_REPRESENTATION (  '', ( #2204 ), #2613 ) ;
#3796 = ADVANCED_FACE ( 'NONE', ( #4189 ), #3530, .F. ) ;
#3797 = ORIENTED_EDGE ( 'NONE', *, *, #7362, .F. ) ;
#3798 = VECTOR ( 'NONE', #5179, 1000.000000000000000 ) ;
#3799 = DIRECTION ( 'NONE',  ( -3.469446951953614189E-16, -1.000000000000000000, 0.0000000000000000000 ) ) ;
#3800 = VECTOR ( 'NONE', #6295, 1000.000000000000000 ) ;
#3801 = CARTESIAN_POINT ( 'NONE',  ( -8.999999999999998224, 15.00000000000000000, 9.050000000000000711 ) ) ;
#3802 = ORIENTED_EDGE ( 'NONE', *, *, #3848, .T. ) ;
#3803 = CARTESIAN_POINT ( 'NONE',  ( 5.900000000000001243, 12.00000000000000000, 12.60000000000000142 ) ) ;
#3804 = SURFACE_STYLE_USAGE ( .BOTH. , #612 ) ;
#3805 = ORIENTED_EDGE ( 'NONE', *, *, #8082, .T. ) ;
#3806 = CIRCLE ( 'NONE', #7231, 1.499999999999999556 ) ;
#3807 = CARTESIAN_POINT ( 'NONE',  ( -9.500000000000000000, 6.650000000000000355, -9.550000000000000711 ) ) ;
#3808 = SURFACE_STYLE_USAGE ( .BOTH. , #5548 ) ;
#3809 = VECTOR ( 'NONE', #3499, 1000.000000000000000 ) ;
#3810 = CARTESIAN_POINT ( 'NONE',  ( 8.999999999999989342, 6.000000000000000000, -9.050000000000000711 ) ) ;
#3811 = LINE ( 'NONE', #4386, #4862 ) ;
#3812 = ORIENTED_EDGE ( 'NONE', *, *, #43, .T. ) ;
#3813 =( LENGTH_UNIT ( ) NAMED_UNIT ( * ) SI_UNIT ( .MILLI., .METRE. ) );
#3814 = FILL_AREA_STYLE ('',( #6806 ) ) ;
#3815 = CARTESIAN_POINT ( 'NONE',  ( 12.09999999999999609, 2.200000000000000178, 12.59999999999999964 ) ) ;
#3816 = PRESENTATION_LAYER_ASSIGNMENT (  '', '', ( #2233 ) ) ;
#3817 = AXIS2_PLACEMENT_3D ( 'NONE', #6486, #4571, #5253 ) ;
#3818 = ORIENTED_EDGE ( 'NONE', *, *, #6999, .T. ) ;
#3819 = AXIS2_PLACEMENT_3D ( 'NONE', #7010, #1380, #3877 ) ;
#3820 = ORIENTED_EDGE ( 'NONE', *, *, #541, .T. ) ;
#3821 = VECTOR ( 'NONE', #2787, 1000.000000000000000 ) ;
#3822 = PRESENTATION_STYLE_ASSIGNMENT (( #588 ) ) ;
#3823 = PRESENTATION_LAYER_ASSIGNMENT (  '', '', ( #2647 ) ) ;
#3824 = UNCERTAINTY_MEASURE_WITH_UNIT (LENGTH_MEASURE( 1.000000000000000082E-05 ), #70, 'distance_accuracy_value', 'NONE');
#3825 = DIRECTION ( 'NONE',  ( 0.0000000000000000000, 0.0000000000000000000, 1.000000000000000000 ) ) ;
#3826 = EDGE_LOOP ( 'NONE', ( #4640, #4607, #4544, #4126 ) ) ;
#3827 = EDGE_CURVE ( 'NONE', #5026, #7547, #5409, .T. ) ;
#3828 = VECTOR ( 'NONE', #6933, 1000.000000000000000 ) ;
#3829 = DIRECTION ( 'NONE',  ( -0.0000000000000000000, -0.0000000000000000000, -1.000000000000000000 ) ) ;
#3830 = CIRCLE ( 'NONE', #4072, 0.3499999999999996447 ) ;
#3831 = DIRECTION ( 'NONE',  ( -0.0000000000000000000, -0.0000000000000000000, 1.000000000000000000 ) ) ;
#3832 = SURFACE_STYLE_FILL_AREA ( #22 ) ;
#3833 = PRESENTATION_LAYER_ASSIGNMENT (  '', '', ( #7277 ) ) ;
#3834 = LINE ( 'NONE', #1248, #7224 ) ;
#3835 = VECTOR ( 'NONE', #6297, 1000.000000000000000 ) ;
#3836 = CARTESIAN_POINT ( 'NONE',  ( -12.74999999999999467, 7.200000000000000178, 12.95000000000000107 ) ) ;
#3837 = SURFACE_STYLE_USAGE ( .BOTH. , #4455 ) ;
#3838 = DIRECTION ( 'NONE',  ( 0.0000000000000000000, 0.0000000000000000000, -1.000000000000000000 ) ) ;
#3839 = UNCERTAINTY_MEASURE_WITH_UNIT (LENGTH_MEASURE( 1.000000000000000082E-05 ), #2083, 'distance_accuracy_value', 'NONE');
#3840 = EDGE_LOOP ( 'NONE', ( #3984, #3258, #6727, #1491 ) ) ;
#3841 = EDGE_CURVE ( 'NONE', #5387, #3913, #5442, .T. ) ;
#3842 = ORIENTED_EDGE ( 'NONE', *, *, #5978, .T. ) ;
#3843 = CARTESIAN_POINT ( 'NONE',  ( 3.750000000000000000, 15.75000000000000355, 12.95000000000000107 ) ) ;
#3844 = SURFACE_STYLE_USAGE ( .BOTH. , #7842 ) ;
#3845 = CARTESIAN_POINT ( 'NONE',  ( -9.349999999999999645, 12.74999999999998224, -8.200000000000001066 ) ) ;
#3846 = VERTEX_POINT ( 'NONE', #7965 ) ;
#3847 = SURFACE_STYLE_FILL_AREA ( #7566 ) ;
#3848 = EDGE_CURVE ( 'NONE', #7723, #2458, #4728, .T. ) ;
#3849 = VERTEX_POINT ( 'NONE', #7335 ) ;
#3850 = LINE ( 'NONE', #6347, #1382 ) ;
#3851 = VECTOR ( 'NONE', #404, 1000.000000000000000 ) ;
#3852 = CARTESIAN_POINT ( 'NONE',  ( 5.000000000000000000, -4.000000000000000000, 11.25000000000000000 ) ) ;
#3853 = EDGE_CURVE ( 'NONE', #4434, #4961, #6329, .T. ) ;
#3854 = LINE ( 'NONE', #7705, #4750 ) ;
#3855 = EDGE_CURVE ( 'NONE', #1070, #1774, #3573, .T. ) ;
#3856 = VERTEX_POINT ( 'NONE', #7843 ) ;
#3857 =( NAMED_UNIT ( * ) PLANE_ANGLE_UNIT ( ) SI_UNIT ( $, .RADIAN. ) );
#3858 = ORIENTED_EDGE ( 'NONE', *, *, #2266, .F. ) ;
#3859 = ORIENTED_EDGE ( 'NONE', *, *, #4889, .T. ) ;
#3860 =( NAMED_UNIT ( * ) SI_UNIT ( $, .STERADIAN. ) SOLID_ANGLE_UNIT ( ) );
#3861 = CLOSED_SHELL ( 'NONE', ( #5078, #1223, #637, #3952 ) ) ;
#3862 = LINE ( 'NONE', #1197, #2633 ) ;
#3863 = CYLINDRICAL_SURFACE ( 'NONE', #5266, 1.600000000000000755 ) ;
#3864 = FILL_AREA_STYLE_COLOUR ( '', #3022 ) ;
#3865 =( LENGTH_UNIT ( ) NAMED_UNIT ( * ) SI_UNIT ( .MILLI., .METRE. ) );
#3866 = VERTEX_POINT ( 'NONE', #8000 ) ;
#3867 = MECHANICAL_DESIGN_GEOMETRIC_PRESENTATION_REPRESENTATION (  '', ( #2154 ), #4532 ) ;
#3868 = CARTESIAN_POINT ( 'NONE',  ( -4.200000000000000178, 8.150000000000000355, -9.550000000000000711 ) ) ;
#3869 = PLANE ( 'NONE',  #1745 ) ;
#3870 = LINE ( 'NONE', #3309, #6904 ) ;
#3871 = SURFACE_SIDE_STYLE ('',( #104 ) ) ;
#3872 = LINE ( 'NONE', #6646, #406 ) ;
#3873 =( GEOMETRIC_REPRESENTATION_CONTEXT ( 3 ) GLOBAL_UNCERTAINTY_ASSIGNED_CONTEXT ( ( #7456 ) ) GLOBAL_UNIT_ASSIGNED_CONTEXT ( ( #243, #3365, #5847 ) ) REPRESENTATION_CONTEXT ( 'NONE', 'WORKASPACE' ) );
#3874 =( LENGTH_UNIT ( ) NAMED_UNIT ( * ) SI_UNIT ( .MILLI., .METRE. ) );
#3875 = LINE ( 'NONE', #5709, #2291 ) ;
#3876 = ORIENTED_EDGE ( 'NONE', *, *, #2833, .F. ) ;
#3877 = DIRECTION ( 'NONE',  ( 1.000000000000000000, 0.0000000000000000000, 0.0000000000000000000 ) ) ;
#3878 = PRESENTATION_LAYER_ASSIGNMENT (  '', '', ( #2044 ) ) ;
#3879 = ORIENTED_EDGE ( 'NONE', *, *, #4438, .T. ) ;
#3880 =( LENGTH_UNIT ( ) NAMED_UNIT ( * ) SI_UNIT ( .MILLI., .METRE. ) );
#3881 = STYLED_ITEM ( 'NONE', ( #6369 ), #4988 ) ;
#3882 = LINE ( 'NONE', #5760, #3185 ) ;
#3883 = EDGE_CURVE ( 'NONE', #800, #5605, #6059, .T. ) ;
#3884 = EDGE_LOOP ( 'NONE', ( #314, #3888, #6045, #7541 ) ) ;
#3885 = SURFACE_STYLE_USAGE ( .BOTH. , #1960 ) ;
#3886 = CARTESIAN_POINT ( 'NONE',  ( -12.84999999999999609, 15.19999999999999929, 13.05000000000000071 ) ) ;
#3887 = STYLED_ITEM ( 'NONE', ( #2251 ), #413 ) ;
#3888 = ORIENTED_EDGE ( 'NONE', *, *, #5098, .F. ) ;
#3889 =( GEOMETRIC_REPRESENTATION_CONTEXT ( 3 ) GLOBAL_UNCERTAINTY_ASSIGNED_CONTEXT ( ( #5947 ) ) GLOBAL_UNIT_ASSIGNED_CONTEXT ( ( #6778, #5481, #8045 ) ) REPRESENTATION_CONTEXT ( 'NONE', 'WORKASPACE' ) );
#3890 = FILL_AREA_STYLE_COLOUR ( '', #6751 ) ;
#3891 = FILL_AREA_STYLE_COLOUR ( '', #920 ) ;
#3892 = ADVANCED_FACE ( 'NONE', ( #5913 ), #303, .T. ) ;
#3893 = AXIS2_PLACEMENT_3D ( 'NONE', #4071, #960, #6020 ) ;
#3894 = PRESENTATION_LAYER_ASSIGNMENT (  '', '', ( #5062 ) ) ;
#3895 = ORIENTED_EDGE ( 'NONE', *, *, #1348, .F. ) ;
#3896 = CARTESIAN_POINT ( 'NONE',  ( 4.199999999999989519, 11.84999999999999964, -9.550000000000000711 ) ) ;
#3897 = SURFACE_SIDE_STYLE ('',( #743 ) ) ;
#3898 = PRESENTATION_STYLE_ASSIGNMENT (( #5039 ) ) ;
#3899 = MECHANICAL_DESIGN_GEOMETRIC_PRESENTATION_REPRESENTATION (  '', ( #2307 ), #6633 ) ;
#3900 = UNCERTAINTY_MEASURE_WITH_UNIT (LENGTH_MEASURE( 1.000000000000000082E-05 ), #5403, 'distance_accuracy_value', 'NONE');
#3901 = ORIENTED_EDGE ( 'NONE', *, *, #1757, .F. ) ;
#3902 = ADVANCED_FACE ( 'NONE', ( #1109 ), #2992, .T. ) ;
#3903 = EDGE_CURVE ( 'NONE', #3118, #7384, #1886, .T. ) ;
#3904 = ORIENTED_EDGE ( 'NONE', *, *, #4205, .T. ) ;
#3905 =( NAMED_UNIT ( * ) PLANE_ANGLE_UNIT ( ) SI_UNIT ( $, .RADIAN. ) );
#3906 = VECTOR ( 'NONE', #6878, 1000.000000000000000 ) ;
#3907 = DIRECTION ( 'NONE',  ( -0.0000000000000000000, -1.000000000000000000, -0.0000000000000000000 ) ) ;
#3908 = LINE ( 'NONE', #254, #5255 ) ;
#3909 =( NAMED_UNIT ( * ) SI_UNIT ( $, .STERADIAN. ) SOLID_ANGLE_UNIT ( ) );
#3910 = FACE_OUTER_BOUND ( 'NONE', #7980, .T. ) ;
#3911 = UNCERTAINTY_MEASURE_WITH_UNIT (LENGTH_MEASURE( 1.000000000000000082E-05 ), #1019, 'distance_accuracy_value', 'NONE');
#3912 = FACE_OUTER_BOUND ( 'NONE', #4381, .T. ) ;
#3913 = VERTEX_POINT ( 'NONE', #8036 ) ;
#3914 = SURFACE_STYLE_FILL_AREA ( #2933 ) ;
#3915 = DIRECTION ( 'NONE',  ( -1.000000000000000000, 0.0000000000000000000, 0.0000000000000000000 ) ) ;
#3916 = PRESENTATION_STYLE_ASSIGNMENT (( #1867 ) ) ;
#3917 =( LENGTH_UNIT ( ) NAMED_UNIT ( * ) SI_UNIT ( .MILLI., .METRE. ) );
#3918 = SURFACE_STYLE_USAGE ( .BOTH. , #2644 ) ;
#3919 = FACE_BOUND ( 'NONE', #4874, .T. ) ;
#3920 = FILL_AREA_STYLE_COLOUR ( '', #5428 ) ;
#3921 = UNCERTAINTY_MEASURE_WITH_UNIT (LENGTH_MEASURE( 1.000000000000000082E-05 ), #5682, 'distance_accuracy_value', 'NONE');
#3922 = COLOUR_RGB ( '',1.000000000000000000, 1.000000000000000000, 1.000000000000000000 ) ;
#3923 = ORIENTED_EDGE ( 'NONE', *, *, #3590, .T. ) ;
#3924 = DIRECTION ( 'NONE',  ( -0.0000000000000000000, 0.0000000000000000000, 1.000000000000000000 ) ) ;
#3925 = FILL_AREA_STYLE_COLOUR ( '', #2421 ) ;
#3926 = FACE_OUTER_BOUND ( 'NONE', #7176, .T. ) ;
#3927 = ORIENTED_EDGE ( 'NONE', *, *, #2833, .T. ) ;
#3928 = SURFACE_STYLE_FILL_AREA ( #2804 ) ;
#3929 = LINE ( 'NONE', #6474, #1047 ) ;
#3930 = CARTESIAN_POINT ( 'NONE',  ( -1.999999999999998224, 12.75000000000000178, 12.60000000000000142 ) ) ;
#3931 = EDGE_CURVE ( 'NONE', #1752, #7220, #3610, .T. ) ;
#3932 = CARTESIAN_POINT ( 'NONE',  ( 2.499999999999998668, 12.65000000000000213, 9.550000000000000711 ) ) ;
#3933 = FILL_AREA_STYLE_COLOUR ( '', #1116 ) ;
#3934 = LINE ( 'NONE', #6391, #500 ) ;
#3935 = CARTESIAN_POINT ( 'NONE',  ( 4.200000000000000178, 8.150000000000000355, -8.200000000000001066 ) ) ;
#3936 = SURFACE_STYLE_FILL_AREA ( #1435 ) ;
#3937 = FACE_OUTER_BOUND ( 'NONE', #5338, .T. ) ;
#3938 = FACE_OUTER_BOUND ( 'NONE', #605, .T. ) ;
#3939 = CARTESIAN_POINT ( 'NONE',  ( 8.999999999999998224, 6.000000000000000000, -9.050000000000000711 ) ) ;
#3940 = CARTESIAN_POINT ( 'NONE',  ( -7.999999999999996447, 15.00000000000000000, 9.050000000000000711 ) ) ;
#3941 = EDGE_CURVE ( 'NONE', #3467, #5321, #5115, .T. ) ;
#3942 = STYLED_ITEM ( 'NONE', ( #3792 ), #2679 ) ;
#3943 = VERTEX_POINT ( 'NONE', #4307 ) ;
#3944 = ORIENTED_EDGE ( 'NONE', *, *, #674, .F. ) ;
#3945 = PRESENTATION_LAYER_ASSIGNMENT (  '', '', ( #6682 ) ) ;
#3946 = SURFACE_SIDE_STYLE ('',( #7079 ) ) ;
#3947 = SURFACE_STYLE_USAGE ( .BOTH. , #3253 ) ;
#3948 = PRESENTATION_LAYER_ASSIGNMENT (  '', '', ( #4847 ) ) ;
#3949 = EDGE_CURVE ( 'NONE', #73, #2406, #2012, .T. ) ;
#3950 =( LENGTH_UNIT ( ) NAMED_UNIT ( * ) SI_UNIT ( .MILLI., .METRE. ) );
#3951 =( NAMED_UNIT ( * ) SI_UNIT ( $, .STERADIAN. ) SOLID_ANGLE_UNIT ( ) );
#3952 = ADVANCED_FACE ( 'NONE', ( #1393 ), #3648, .F. ) ;
#3953 = CIRCLE ( 'NONE', #7108, 0.3499999999999996447 ) ;
#3954 = LINE ( 'NONE', #4575, #4493 ) ;
#3955 = ORIENTED_EDGE ( 'NONE', *, *, #1230, .T. ) ;
#3956 = DIRECTION ( 'NONE',  ( 0.0000000000000000000, -0.0000000000000000000, 1.000000000000000000 ) ) ;
#3957 =( LENGTH_UNIT ( ) NAMED_UNIT ( * ) SI_UNIT ( .MILLI., .METRE. ) );
#3958 = FILL_AREA_STYLE ('',( #1501 ) ) ;
#3959 = AXIS2_PLACEMENT_3D ( 'NONE', #6765, #2244, #7327 ) ;
#3960 = VECTOR ( 'NONE', #6984, 1000.000000000000000 ) ;
#3961 = PLANE ( 'NONE',  #2574 ) ;
#3962 = DIRECTION ( 'NONE',  ( -0.0000000000000000000, 1.000000000000000000, -0.0000000000000000000 ) ) ;
#3963 =( NAMED_UNIT ( * ) PLANE_ANGLE_UNIT ( ) SI_UNIT ( $, .RADIAN. ) );
#3964 = EDGE_CURVE ( 'NONE', #2290, #4716, #1098, .T. ) ;
#3965 = ORIENTED_EDGE ( 'NONE', *, *, #1118, .F. ) ;
#3966 = STYLED_ITEM ( 'NONE', ( #1328 ), #3181 ) ;
#3967 = PRESENTATION_LAYER_ASSIGNMENT (  '', '', ( #7533 ) ) ;
#3968 = VECTOR ( 'NONE', #830, 1000.000000000000000 ) ;
#3969 = LINE ( 'NONE', #5267, #5737 ) ;
#3970 = ORIENTED_EDGE ( 'NONE', *, *, #1333, .T. ) ;
#3971 = CARTESIAN_POINT ( 'NONE',  ( 2.499999999999998668, 12.65000000000000213, 12.95000000000000107 ) ) ;
#3972 = VECTOR ( 'NONE', #31, 1000.000000000000000 ) ;
#3973 = ORIENTED_EDGE ( 'NONE', *, *, #5375, .T. ) ;
#3974 = SURFACE_STYLE_USAGE ( .BOTH. , #820 ) ;
#3975 = SURFACE_STYLE_USAGE ( .BOTH. , #5159 ) ;
#3976 = EDGE_LOOP ( 'NONE', ( #293, #2701, #1031, #7397 ) ) ;
#3977 = STYLED_ITEM ( 'NONE', ( #35 ), #4274 ) ;
#3978 = AXIS2_PLACEMENT_3D ( 'NONE', #6113, #7934, #438 ) ;
#3979 = DIRECTION ( 'NONE',  ( -0.0000000000000000000, -0.0000000000000000000, -1.000000000000000000 ) ) ;
#3980 = LINE ( 'NONE', #5278, #5407 ) ;
#3981 = DIRECTION ( 'NONE',  ( 0.0000000000000000000, -1.000000000000000000, 0.0000000000000000000 ) ) ;
#3982 = SURFACE_STYLE_USAGE ( .BOTH. , #4603 ) ;
#3983 = UNCERTAINTY_MEASURE_WITH_UNIT (LENGTH_MEASURE( 1.000000000000000082E-05 ), #6554, 'distance_accuracy_value', 'NONE');
#3984 = ORIENTED_EDGE ( 'NONE', *, *, #2862, .T. ) ;
#3985 = ORIENTED_EDGE ( 'NONE', *, *, #5940, .F. ) ;
#3986 = FILL_AREA_STYLE ('',( #951 ) ) ;
#3987 = EDGE_CURVE ( 'NONE', #5881, #1398, #3715, .T. ) ;
#3988 =( LENGTH_UNIT ( ) NAMED_UNIT ( * ) SI_UNIT ( .MILLI., .METRE. ) );
#3989 = LINE ( 'NONE', #1606, #5322 ) ;
#3990 = UNCERTAINTY_MEASURE_WITH_UNIT (LENGTH_MEASURE( 1.000000000000000082E-05 ), #8111, 'distance_accuracy_value', 'NONE');
#3991 = CARTESIAN_POINT ( 'NONE',  ( -9.000000000000001776, 0.0000000000000000000, -8.250000000000000000 ) ) ;
#3992 = ORIENTED_EDGE ( 'NONE', *, *, #4935, .F. ) ;
#3993 = EDGE_CURVE ( 'NONE', #2149, #996, #3980, .T. ) ;
#3994 = SURFACE_STYLE_FILL_AREA ( #3958 ) ;
#3995 = LINE ( 'NONE', #890, #262 ) ;
#3996 = DIRECTION ( 'NONE',  ( -2.699958717473629988E-16, 1.000000000000000000, 3.589028177294817291E-32 ) ) ;
#3997 = DIRECTION ( 'NONE',  ( 0.0000000000000000000, -1.000000000000000000, 0.0000000000000000000 ) ) ;
#3998 = UNCERTAINTY_MEASURE_WITH_UNIT (LENGTH_MEASURE( 1.000000000000000082E-05 ), #6099, 'distance_accuracy_value', 'NONE');
#3999 = VERTEX_POINT ( 'NONE', #1482 ) ;
#4000 = COLOUR_RGB ( '',0.1019607843137254888, 0.1019607843137254888, 0.1019607843137254888 ) ;
#4001 = CYLINDRICAL_SURFACE ( 'NONE', #119, 3.000000000000000000 ) ;
#4002 = ORIENTED_EDGE ( 'NONE', *, *, #234, .T. ) ;
#4003 = DIRECTION ( 'NONE',  ( 0.0000000000000000000, 1.000000000000000000, 0.0000000000000000000 ) ) ;
#4004 = EDGE_CURVE ( 'NONE', #4546, #4445, #7067, .T. ) ;
#4005 = EDGE_CURVE ( 'NONE', #7084, #1465, #5894, .T. ) ;
#4006 = VECTOR ( 'NONE', #5768, 1000.000000000000000 ) ;
#4007 =( NAMED_UNIT ( * ) PLANE_ANGLE_UNIT ( ) SI_UNIT ( $, .RADIAN. ) );
#4008 = ORIENTED_EDGE ( 'NONE', *, *, #3297, .F. ) ;
#4009 = SURFACE_STYLE_USAGE ( .BOTH. , #162 ) ;
#4010 = CYLINDRICAL_SURFACE ( 'NONE', #4397, 0.3499999999999996447 ) ;
#4011 = PRESENTATION_LAYER_ASSIGNMENT (  '', '', ( #5699 ) ) ;
#4012 = LINE ( 'NONE', #1552, #4963 ) ;
#4013 = PRESENTATION_STYLE_ASSIGNMENT (( #3284 ) ) ;
#4014 = CARTESIAN_POINT ( 'NONE',  ( -9.000000000000001776, 15.00000000000000000, -8.250000000000000000 ) ) ;
#4015 = CARTESIAN_POINT ( 'NONE',  ( -8.000000000000000000, 13.99999999999999822, -8.250000000000000000 ) ) ;
#4016 = VECTOR ( 'NONE', #3698, 1000.000000000000000 ) ;
#4017 = LINE ( 'NONE', #7828, #913 ) ;
#4018 = FILL_AREA_STYLE ('',( #4601 ) ) ;
#4019 = CIRCLE ( 'NONE', #7172, 0.3499999999999996447 ) ;
#4020 = ORIENTED_EDGE ( 'NONE', *, *, #204, .F. ) ;
#4021 =( LENGTH_UNIT ( ) NAMED_UNIT ( * ) SI_UNIT ( .MILLI., .METRE. ) );
#4022 = AXIS2_PLACEMENT_3D ( 'NONE', #7343, #6067, #2221 ) ;
#4023 = MECHANICAL_DESIGN_GEOMETRIC_PRESENTATION_REPRESENTATION (  '', ( #5062 ), #2703 ) ;
#4024 = ORIENTED_EDGE ( 'NONE', *, *, #1283, .F. ) ;
#4025 = MECHANICAL_DESIGN_GEOMETRIC_PRESENTATION_REPRESENTATION (  '', ( #6509 ), #1409 ) ;
#4026 = VERTEX_POINT ( 'NONE', #7789 ) ;
#4027 = PRESENTATION_LAYER_ASSIGNMENT (  '', '', ( #5197 ) ) ;
#4028 = PRESENTATION_STYLE_ASSIGNMENT (( #5907 ) ) ;
#4029 = CARTESIAN_POINT ( 'NONE',  ( 8.999999999999998224, 15.00000000000000000, -9.050000000000000711 ) ) ;
#4030 = CARTESIAN_POINT ( 'NONE',  ( 12.75000000000000000, 15.75000000000000000, -12.95000000000000107 ) ) ;
#4031 = CARTESIAN_POINT ( 'NONE',  ( -12.84999999999999609, 7.200000000000000178, -13.05000000000000071 ) ) ;
#4032 = EDGE_CURVE ( 'NONE', #1968, #899, #5817, .T. ) ;
#4033 = PRESENTATION_LAYER_ASSIGNMENT (  '', '', ( #6917 ) ) ;
#4034 = SURFACE_STYLE_FILL_AREA ( #143 ) ;
#4035 = DIRECTION ( 'NONE',  ( 0.0000000000000000000, 0.0000000000000000000, -1.000000000000000000 ) ) ;
#4036 = SURFACE_STYLE_USAGE ( .BOTH. , #227 ) ;
#4037 = FACE_OUTER_BOUND ( 'NONE', #7265, .T. ) ;
#4038 = DIRECTION ( 'NONE',  ( -0.0000000000000000000, -1.000000000000000000, -0.0000000000000000000 ) ) ;
#4039 = STYLED_ITEM ( 'NONE', ( #2877 ), #1262 ) ;
#4040 = EDGE_CURVE ( 'NONE', #40, #3279, #191, .T. ) ;
#4041 =( NAMED_UNIT ( * ) SI_UNIT ( $, .STERADIAN. ) SOLID_ANGLE_UNIT ( ) );
#4042 = EDGE_LOOP ( 'NONE', ( #2524, #6938, #7652, #6811, #2761, #6395, #6115, #3722 ) ) ;
#4043 = CARTESIAN_POINT ( 'NONE',  ( 8.000000000000000000, 13.99999999999999822, 8.250000000000000000 ) ) ;
#4044 = ORIENTED_EDGE ( 'NONE', *, *, #7221, .F. ) ;
#4045 = DIRECTION ( 'NONE',  ( 0.0000000000000000000, -0.0000000000000000000, 1.000000000000000000 ) ) ;
#4046 = EDGE_LOOP ( 'NONE', ( #6505, #640, #3087, #6318, #6950, #473, #3143, #2353 ) ) ;
#4047 = EDGE_CURVE ( 'NONE', #4314, #7071, #5937, .T. ) ;
#4048 = PRESENTATION_STYLE_ASSIGNMENT (( #5592 ) ) ;
#4049 = ADVANCED_FACE ( 'NONE', ( #2084 ), #4598, .T. ) ;
#4050 = FILL_AREA_STYLE ('',( #5276 ) ) ;
#4051 = DIRECTION ( 'NONE',  ( -1.000000000000000000, -0.0000000000000000000, -0.0000000000000000000 ) ) ;
#4052 = VECTOR ( 'NONE', #14, 1000.000000000000000 ) ;
#4053 = CARTESIAN_POINT ( 'NONE',  ( 2.000000000000001332, 12.75000000000000178, 12.60000000000000142 ) ) ;
#4054 = CARTESIAN_POINT ( 'NONE',  ( -1.000000000000000888, 0.9921485132883310909, 12.60000000000000142 ) ) ;
#4055 = LINE ( 'NONE', #1778, #3173 ) ;
#4056 = ORIENTED_EDGE ( 'NONE', *, *, #7162, .T. ) ;
#4057 = UNCERTAINTY_MEASURE_WITH_UNIT (LENGTH_MEASURE( 1.000000000000000082E-05 ), #219, 'distance_accuracy_value', 'NONE');
#4058 = ORIENTED_EDGE ( 'NONE', *, *, #3993, .F. ) ;
#4059 = VERTEX_POINT ( 'NONE', #4674 ) ;
#4060 = AXIS2_PLACEMENT_3D ( 'NONE', #5875, #6366, #1416 ) ;
#4061 = DIRECTION ( 'NONE',  ( 1.000000000000000000, 0.0000000000000000000, 0.0000000000000000000 ) ) ;
#4062 =( NAMED_UNIT ( * ) PLANE_ANGLE_UNIT ( ) SI_UNIT ( $, .RADIAN. ) );
#4063 = CARTESIAN_POINT ( 'NONE',  ( -8.999999999999998224, 6.500000000000000888, 9.050000000000000711 ) ) ;
#4064 = UNCERTAINTY_MEASURE_WITH_UNIT (LENGTH_MEASURE( 1.000000000000000082E-05 ), #4560, 'distance_accuracy_value', 'NONE');
#4065 = SURFACE_STYLE_USAGE ( .BOTH. , #420 ) ;
#4066 = VECTOR ( 'NONE', #1002, 1000.000000000000000 ) ;
#4067 = AXIS2_PLACEMENT_3D ( 'NONE', #2381, #6698, #6823 ) ;
#4068 =( LENGTH_UNIT ( ) NAMED_UNIT ( * ) SI_UNIT ( .MILLI., .METRE. ) );
#4069 = FILL_AREA_STYLE ('',( #2793 ) ) ;
#4070 = STYLED_ITEM ( 'NONE', ( #5334 ), #2835 ) ;
#4071 = CARTESIAN_POINT ( 'NONE',  ( -5.000000000000000000, 2.200000000000000178, 11.25000000000000000 ) ) ;
#4072 = AXIS2_PLACEMENT_3D ( 'NONE', #6204, #3009, #4284 ) ;
#4073 = CARTESIAN_POINT ( 'NONE',  ( 9.500000000000000000, 15.75000000000000000, -9.550000000000000711 ) ) ;
#4074 = CARTESIAN_POINT ( 'NONE',  ( -4.000000000000000888, 0.9921485132883310909, -8.249999999999991118 ) ) ;
#4075 = STYLED_ITEM ( 'NONE', ( #7945 ), #6378 ) ;
#4076 = EDGE_CURVE ( 'NONE', #1898, #7084, #7107, .T. ) ;
#4077 =( LENGTH_UNIT ( ) NAMED_UNIT ( * ) SI_UNIT ( .MILLI., .METRE. ) );
#4078 = FACE_OUTER_BOUND ( 'NONE', #7578, .T. ) ;
#4079 = UNCERTAINTY_MEASURE_WITH_UNIT (LENGTH_MEASURE( 1.000000000000000082E-05 ), #2439, 'distance_accuracy_value', 'NONE');
#4080 = CARTESIAN_POINT ( 'NONE',  ( -8.999999999999998224, 0.0000000000000000000, 8.250000000000000000 ) ) ;
#4081 = ORIENTED_EDGE ( 'NONE', *, *, #922, .T. ) ;
#4082 = MECHANICAL_DESIGN_GEOMETRIC_PRESENTATION_REPRESENTATION (  '', ( #6149 ), #284 ) ;
#4083 = SURFACE_STYLE_USAGE ( .BOTH. , #3004 ) ;
#4084 =( NAMED_UNIT ( * ) PLANE_ANGLE_UNIT ( ) SI_UNIT ( $, .RADIAN. ) );
#4085 = ORIENTED_EDGE ( 'NONE', *, *, #1999, .F. ) ;
#4086 = DIRECTION ( 'NONE',  ( 0.0000000000000000000, 0.0000000000000000000, 1.000000000000000000 ) ) ;
#4087 = CARTESIAN_POINT ( 'NONE',  ( -9.500000000000000000, 6.650000000000000355, 9.550000000000000711 ) ) ;
#4088 = EDGE_CURVE ( 'NONE', #709, #5559, #911, .T. ) ;
#4089 = CARTESIAN_POINT ( 'NONE',  ( 5.700000000000000178, 10.34999999999998899, -9.550000000000000711 ) ) ;
#4090 = ORIENTED_EDGE ( 'NONE', *, *, #2355, .F. ) ;
#4091 = VECTOR ( 'NONE', #3728, 1000.000000000000000 ) ;
#4092 =( LENGTH_UNIT ( ) NAMED_UNIT ( * ) SI_UNIT ( .MILLI., .METRE. ) );
#4093 = MECHANICAL_DESIGN_GEOMETRIC_PRESENTATION_REPRESENTATION (  '', ( #832 ), #6844 ) ;
#4094 = PRESENTATION_STYLE_ASSIGNMENT (( #7867 ) ) ;
#4095 =( GEOMETRIC_REPRESENTATION_CONTEXT ( 3 ) GLOBAL_UNCERTAINTY_ASSIGNED_CONTEXT ( ( #7794 ) ) GLOBAL_UNIT_ASSIGNED_CONTEXT ( ( #7603, #6677, #1427 ) ) REPRESENTATION_CONTEXT ( 'NONE', 'WORKASPACE' ) );
#4096 = AXIS2_PLACEMENT_3D ( 'NONE', #5623, #2550, #4454 ) ;
#4097 = EDGE_CURVE ( 'NONE', #4465, #2656, #1554, .T. ) ;
#4098 =( LENGTH_UNIT ( ) NAMED_UNIT ( * ) SI_UNIT ( .MILLI., .METRE. ) );
#4099 = CARTESIAN_POINT ( 'NONE',  ( -12.10000000000000142, 2.200000000000000178, -12.09999999999999964 ) ) ;
#4100 = CARTESIAN_POINT ( 'NONE',  ( 12.75000000000000000, 6.650000000000000355, 12.95000000000000107 ) ) ;
#4101 = ORIENTED_EDGE ( 'NONE', *, *, #4830, .T. ) ;
#4102 = ORIENTED_EDGE ( 'NONE', *, *, #809, .T. ) ;
#4103 = DIRECTION ( 'NONE',  ( -0.0000000000000000000, 1.000000000000000000, -0.0000000000000000000 ) ) ;
#4104 = EDGE_CURVE ( 'NONE', #3943, #5224, #2260, .T. ) ;
#4105 = DIRECTION ( 'NONE',  ( 0.3739683354969404183, -0.9274414720324122285, 0.0000000000000000000 ) ) ;
#4106 = EDGE_CURVE ( 'NONE', #5557, #7154, #5426, .T. ) ;
#4107 =( NAMED_UNIT ( * ) PLANE_ANGLE_UNIT ( ) SI_UNIT ( $, .RADIAN. ) );
#4108 =( NAMED_UNIT ( * ) SI_UNIT ( $, .STERADIAN. ) SOLID_ANGLE_UNIT ( ) );
#4109 = PRESENTATION_LAYER_ASSIGNMENT (  '', '', ( #5280 ) ) ;
#4110 = FACE_OUTER_BOUND ( 'NONE', #410, .T. ) ;
#4111 = SURFACE_STYLE_FILL_AREA ( #4069 ) ;
#4112 = COLOUR_RGB ( '',0.1019607843137254888, 0.1019607843137254888, 0.1019607843137254888 ) ;
#4113 = CARTESIAN_POINT ( 'NONE',  ( -8.999999999999998224, 15.00000000000000000, 9.050000000000000711 ) ) ;
#4114 = PLANE ( 'NONE',  #286 ) ;
#4115 = CARTESIAN_POINT ( 'NONE',  ( -9.000000000000001776, 6.000000000000000000, -9.050000000000000711 ) ) ;
#4116 = CARTESIAN_POINT ( 'NONE',  ( 0.0000000000000000000, 0.0000000000000000000, 0.0000000000000000000 ) ) ;
#4117 = PRESENTATION_STYLE_ASSIGNMENT (( #723 ) ) ;
#4118 = ORIENTED_EDGE ( 'NONE', *, *, #4946, .F. ) ;
#4119 = CARTESIAN_POINT ( 'NONE',  ( -3.750000000000001776, 15.75000000000000355, 9.550000000000000711 ) ) ;
#4120 = ORIENTED_EDGE ( 'NONE', *, *, #1094, .T. ) ;
#4121 = CARTESIAN_POINT ( 'NONE',  ( -9.000000000000001776, 2.200000000000000622, -8.250000000000000000 ) ) ;
#4122 = CARTESIAN_POINT ( 'NONE',  ( 0.0000000000000000000, -4.000000000000000000, -11.25000000000000000 ) ) ;
#4123 = ORIENTED_EDGE ( 'NONE', *, *, #1024, .F. ) ;
#4124 = CARTESIAN_POINT ( 'NONE',  ( 9.500000000000000000, 6.650000000000000355, -9.550000000000000711 ) ) ;
#4125 = CARTESIAN_POINT ( 'NONE',  ( 6.149999999999999467, 5.750000000000000000, 8.250000000000000000 ) ) ;
#4126 = ORIENTED_EDGE ( 'NONE', *, *, #5431, .F. ) ;
#4127 = CARTESIAN_POINT ( 'NONE',  ( -4.199999999999988631, 6.550000000000000711, -8.200000000000001066 ) ) ;
#4128 = VECTOR ( 'NONE', #6259, 1000.000000000000000 ) ;
#4129 = DIRECTION ( 'NONE',  ( -0.0000000000000000000, -0.0000000000000000000, 1.000000000000000000 ) ) ;
#4130 = STYLED_ITEM ( 'NONE', ( #6437 ), #4567 ) ;
#4131 = DIRECTION ( 'NONE',  ( 0.0000000000000000000, 0.0000000000000000000, -1.000000000000000000 ) ) ;
#4132 = PRESENTATION_STYLE_ASSIGNMENT (( #7314 ) ) ;
#4133 =( NAMED_UNIT ( * ) SI_UNIT ( $, .STERADIAN. ) SOLID_ANGLE_UNIT ( ) );
#4134 = DIRECTION ( 'NONE',  ( -0.0000000000000000000, 0.0000000000000000000, -1.000000000000000000 ) ) ;
#4135 =( GEOMETRIC_REPRESENTATION_CONTEXT ( 3 ) GLOBAL_UNCERTAINTY_ASSIGNED_CONTEXT ( ( #6025 ) ) GLOBAL_UNIT_ASSIGNED_CONTEXT ( ( #1553, #2614, #6585 ) ) REPRESENTATION_CONTEXT ( 'NONE', 'WORKASPACE' ) );
#4136 = VERTEX_POINT ( 'NONE', #3553 ) ;
#4137 = STYLED_ITEM ( 'NONE', ( #4048 ), #4699 ) ;
#4138 = SURFACE_STYLE_USAGE ( .BOTH. , #1139 ) ;
#4139 = EDGE_CURVE ( 'NONE', #4716, #1507, #7273, .T. ) ;
#4140 = ORIENTED_EDGE ( 'NONE', *, *, #3632, .F. ) ;
#4141 =( GEOMETRIC_REPRESENTATION_CONTEXT ( 3 ) GLOBAL_UNCERTAINTY_ASSIGNED_CONTEXT ( ( #4735 ) ) GLOBAL_UNIT_ASSIGNED_CONTEXT ( ( #1339, #997, #728 ) ) REPRESENTATION_CONTEXT ( 'NONE', 'WORKASPACE' ) );
#4142 = DIRECTION ( 'NONE',  ( 0.0000000000000000000, 0.0000000000000000000, 1.000000000000000000 ) ) ;
#4143 = DIRECTION ( 'NONE',  ( -0.0000000000000000000, 1.000000000000000000, -0.0000000000000000000 ) ) ;
#4144 = SURFACE_SIDE_STYLE ('',( #3487 ) ) ;
#4145 = DIRECTION ( 'NONE',  ( 1.000000000000000000, 0.0000000000000000000, 0.0000000000000000000 ) ) ;
#4146 = CARTESIAN_POINT ( 'NONE',  ( 5.999999999999997335, 0.0000000000000000000, 12.60000000000000142 ) ) ;
#4147 = STYLED_ITEM ( 'NONE', ( #840 ), #634 ) ;
#4148 = UNCERTAINTY_MEASURE_WITH_UNIT (LENGTH_MEASURE( 1.000000000000000082E-05 ), #5870, 'distance_accuracy_value', 'NONE');
#4149 = FACE_OUTER_BOUND ( 'NONE', #3826, .T. ) ;
#4150 = ADVANCED_FACE ( 'NONE', ( #6043 ), #3064, .T. ) ;
#4151 = EDGE_CURVE ( 'NONE', #856, #7152, #569, .T. ) ;
#4152 = ORIENTED_EDGE ( 'NONE', *, *, #5830, .F. ) ;
#4153 = ORIENTED_EDGE ( 'NONE', *, *, #2619, .F. ) ;
#4154 = PRESENTATION_STYLE_ASSIGNMENT (( #1650 ) ) ;
#4155 = CARTESIAN_POINT ( 'NONE',  ( -12.60000000000000142, 6.000000000000000000, -9.550000000000004263 ) ) ;
#4156 = DIRECTION ( 'NONE',  ( 0.0000000000000000000, -1.000000000000000000, 0.0000000000000000000 ) ) ;
#4157 = ORIENTED_EDGE ( 'NONE', *, *, #3785, .T. ) ;
#4158 = CARTESIAN_POINT ( 'NONE',  ( -12.09999999999999787, 6.000000000000000000, -12.59999999999999964 ) ) ;
#4159 = ORIENTED_EDGE ( 'NONE', *, *, #598, .T. ) ;
#4160 = DIRECTION ( 'NONE',  ( 0.0000000000000000000, -0.0000000000000000000, -1.000000000000000000 ) ) ;
#4161 = ORIENTED_EDGE ( 'NONE', *, *, #6291, .F. ) ;
#4162 = CARTESIAN_POINT ( 'NONE',  ( 8.000000000000000000, 13.99999999999999822, 9.050000000000000711 ) ) ;
#4163 = ORIENTED_EDGE ( 'NONE', *, *, #1727, .F. ) ;
#4164 = PRESENTATION_STYLE_ASSIGNMENT (( #1017 ) ) ;
#4165 = CARTESIAN_POINT ( 'NONE',  ( -4.000000000000000888, 0.9921485132883310909, 12.60000000000000142 ) ) ;
#4166 = CARTESIAN_POINT ( 'NONE',  ( -12.10000000000000142, 6.000000000000000000, -9.550000000000007816 ) ) ;
#4167 =( NAMED_UNIT ( * ) SI_UNIT ( $, .STERADIAN. ) SOLID_ANGLE_UNIT ( ) );
#4168 = CARTESIAN_POINT ( 'NONE',  ( -4.000000000000000888, 2.200000000000000622, -8.249999999999991118 ) ) ;
#4169 = CYLINDRICAL_SURFACE ( 'NONE', #3403, 3.000000000000000888 ) ;
#4170 = AXIS2_PLACEMENT_3D ( 'NONE', #6498, #6571, #236 ) ;
#4171 = ADVANCED_FACE ( 'NONE', ( #1789 ), #7358, .F. ) ;
#4172 = PRESENTATION_LAYER_ASSIGNMENT (  '', '', ( #1042 ) ) ;
#4173 = ORIENTED_EDGE ( 'NONE', *, *, #4104, .F. ) ;
#4174 = VECTOR ( 'NONE', #3829, 1000.000000000000000 ) ;
#4175 = FILL_AREA_STYLE_COLOUR ( '', #1034 ) ;
#4176 = PLANE ( 'NONE',  #6076 ) ;
#4177 = CARTESIAN_POINT ( 'NONE',  ( 4.200000000000000178, 8.150000000000000355, -9.550000000000000711 ) ) ;
#4178 = SURFACE_STYLE_USAGE ( .BOTH. , #4144 ) ;
#4179 = PRESENTATION_LAYER_ASSIGNMENT (  '', '', ( #5886 ) ) ;
#4180 = EDGE_CURVE ( 'NONE', #5139, #7780, #1364, .T. ) ;
#4181 = PRESENTATION_STYLE_ASSIGNMENT (( #1564 ) ) ;
#4182 = CARTESIAN_POINT ( 'NONE',  ( 5.000000000000000000, -4.000000000000000000, -10.90000000000000036 ) ) ;
#4183 = DIRECTION ( 'NONE',  ( 0.0000000000000000000, 0.0000000000000000000, -1.000000000000000000 ) ) ;
#4184 = PRESENTATION_LAYER_ASSIGNMENT (  '', '', ( #7619 ) ) ;
#4185 = ORIENTED_EDGE ( 'NONE', *, *, #5325, .T. ) ;
#4186 = ORIENTED_EDGE ( 'NONE', *, *, #5838, .F. ) ;
#4187 = VECTOR ( 'NONE', #6614, 1000.000000000000000 ) ;
#4188 = FILL_AREA_STYLE_COLOUR ( '', #484 ) ;
#4189 = FACE_OUTER_BOUND ( 'NONE', #2090, .T. ) ;
#4190 = FILL_AREA_STYLE_COLOUR ( '', #5850 ) ;
#4191 = ADVANCED_FACE ( 'NONE', ( #1132 ), #529, .F. ) ;
#4192 =( NAMED_UNIT ( * ) SI_UNIT ( $, .STERADIAN. ) SOLID_ANGLE_UNIT ( ) );
#4193 = EDGE_CURVE ( 'NONE', #1648, #4242, #5069, .T. ) ;
#4194 = CARTESIAN_POINT ( 'NONE',  ( -6.349999999999977440, 15.75000000000000355, -8.200000000000001066 ) ) ;
#4195 = SURFACE_STYLE_FILL_AREA ( #2374 ) ;
#4196 = PRESENTATION_STYLE_ASSIGNMENT (( #514 ) ) ;
#4197 = ORIENTED_EDGE ( 'NONE', *, *, #3672, .T. ) ;
#4198 =( NAMED_UNIT ( * ) SI_UNIT ( $, .STERADIAN. ) SOLID_ANGLE_UNIT ( ) );
#4199 = EDGE_LOOP ( 'NONE', ( #4565, #5318, #6408, #2020 ) ) ;
#4200 = VECTOR ( 'NONE', #5332, 1000.000000000000000 ) ;
#4201 =( NAMED_UNIT ( * ) PLANE_ANGLE_UNIT ( ) SI_UNIT ( $, .RADIAN. ) );
#4202 =( LENGTH_UNIT ( ) NAMED_UNIT ( * ) SI_UNIT ( .MILLI., .METRE. ) );
#4203 =( NAMED_UNIT ( * ) SI_UNIT ( $, .STERADIAN. ) SOLID_ANGLE_UNIT ( ) );
#4204 = ORIENTED_EDGE ( 'NONE', *, *, #4032, .T. ) ;
#4205 = EDGE_CURVE ( 'NONE', #899, #6028, #4382, .T. ) ;
#4206 = CARTESIAN_POINT ( 'NONE',  ( -4.199999999999988631, 6.550000000000000711, -8.200000000000001066 ) ) ;
#4207 = CARTESIAN_POINT ( 'NONE',  ( 3.750000000000000000, 15.75000000000000355, 12.95000000000000107 ) ) ;
#4208 = VERTEX_POINT ( 'NONE', #7532 ) ;
#4209 = PRESENTATION_LAYER_ASSIGNMENT (  '', '', ( #7509 ) ) ;
#4210 = CARTESIAN_POINT ( 'NONE',  ( 6.150000000000001243, 5.949999999999999289, 8.250000000000000000 ) ) ;
#4211 = VECTOR ( 'NONE', #7034, 1000.000000000000114 ) ;
#4212 = VECTOR ( 'NONE', #5103, 1000.000000000000000 ) ;
#4213 =( NAMED_UNIT ( * ) SI_UNIT ( $, .STERADIAN. ) SOLID_ANGLE_UNIT ( ) );
#4214 = FILL_AREA_STYLE_COLOUR ( '', #4308 ) ;
#4215 =( NAMED_UNIT ( * ) PLANE_ANGLE_UNIT ( ) SI_UNIT ( $, .RADIAN. ) );
#4216 = PRESENTATION_STYLE_ASSIGNMENT (( #5500 ) ) ;
#4217 = AXIS2_PLACEMENT_3D ( 'NONE', #6600, #4835, #7368 ) ;
#4218 = SURFACE_SIDE_STYLE ('',( #6714 ) ) ;
#4219 =( NAMED_UNIT ( * ) PLANE_ANGLE_UNIT ( ) SI_UNIT ( $, .RADIAN. ) );
#4220 = LINE ( 'NONE', #6715, #5467 ) ;
#4221 = COLOUR_RGB ( '',1.000000000000000000, 0.9372549019607843146, 0.1372549019607843257 ) ;
#4222 =( GEOMETRIC_REPRESENTATION_CONTEXT ( 3 ) GLOBAL_UNCERTAINTY_ASSIGNED_CONTEXT ( ( #471 ) ) GLOBAL_UNIT_ASSIGNED_CONTEXT ( ( #1908, #6828, #5621 ) ) REPRESENTATION_CONTEXT ( 'NONE', 'WORKASPACE' ) );
#4223 = AXIS2_PLACEMENT_3D ( 'NONE', #4323, #4134, #2159 ) ;
#4224 = PLANE ( 'NONE',  #1267 ) ;
#4225 = CIRCLE ( 'NONE', #3433, 1.000000000000000888 ) ;
#4226 = FACE_OUTER_BOUND ( 'NONE', #4937, .T. ) ;
#4227 = DIRECTION ( 'NONE',  ( -0.0000000000000000000, -0.0000000000000000000, 1.000000000000000000 ) ) ;
#4228 = SURFACE_STYLE_USAGE ( .BOTH. , #7454 ) ;
#4229 = UNCERTAINTY_MEASURE_WITH_UNIT (LENGTH_MEASURE( 1.000000000000000082E-05 ), #604, 'distance_accuracy_value', 'NONE');
#4230 = STYLED_ITEM ( 'NONE', ( #5883 ), #3445 ) ;
#4231 = CARTESIAN_POINT ( 'NONE',  ( -12.09999999999999964, 6.000000000000000000, 9.550000000000007816 ) ) ;
#4232 = DIRECTION ( 'NONE',  ( 0.0000000000000000000, 0.0000000000000000000, -1.000000000000000000 ) ) ;
#4233 = DIRECTION ( 'NONE',  ( -0.0000000000000000000, -0.0000000000000000000, 1.000000000000000000 ) ) ;
#4234 = VECTOR ( 'NONE', #2410, 1000.000000000000000 ) ;
#4235 = DIRECTION ( 'NONE',  ( 0.0000000000000000000, -1.000000000000000000, 0.0000000000000000000 ) ) ;
#4236 = CARTESIAN_POINT ( 'NONE',  ( -12.75000000000000178, 15.75000000000000000, 12.95000000000000107 ) ) ;
#4237 = DIRECTION ( 'NONE',  ( -2.699958717473629988E-16, 1.000000000000000000, 3.589028177294817291E-32 ) ) ;
#4238 = UNCERTAINTY_MEASURE_WITH_UNIT (LENGTH_MEASURE( 1.000000000000000082E-05 ), #7143, 'distance_accuracy_value', 'NONE');
#4239 = ORIENTED_EDGE ( 'NONE', *, *, #5130, .F. ) ;
#4240 = PRESENTATION_STYLE_ASSIGNMENT (( #3046 ) ) ;
#4241 = FILL_AREA_STYLE_COLOUR ( '', #808 ) ;
#4242 = VERTEX_POINT ( 'NONE', #6342 ) ;
#4243 = CARTESIAN_POINT ( 'NONE',  ( -2.500000000000001332, 12.65000000000000391, -12.95000000000000107 ) ) ;
#4244 = CARTESIAN_POINT ( 'NONE',  ( -9.000000000000001776, 15.00000000000000000, -9.050000000000000711 ) ) ;
#4245 = SURFACE_SIDE_STYLE ('',( #5457 ) ) ;
#4246 = VERTEX_POINT ( 'NONE', #1219 ) ;
#4247 = FILL_AREA_STYLE ('',( #6661 ) ) ;
#4248 = EDGE_CURVE ( 'NONE', #3122, #5321, #4943, .T. ) ;
#4249 = LINE ( 'NONE', #2270, #2104 ) ;
#4250 = EDGE_CURVE ( 'NONE', #2458, #7235, #1609, .T. ) ;
#4251 = FILL_AREA_STYLE ('',( #7403 ) ) ;
#4252 = DIRECTION ( 'NONE',  ( -0.0000000000000000000, 0.0000000000000000000, -1.000000000000000000 ) ) ;
#4253 = DIRECTION ( 'NONE',  ( -1.000000000000000000, 0.0000000000000000000, 0.0000000000000000000 ) ) ;
#4254 = CARTESIAN_POINT ( 'NONE',  ( 0.0000000000000000000, 0.0000000000000000000, 9.550000000000000711 ) ) ;
#4255 = CARTESIAN_POINT ( 'NONE',  ( 8.999999999999998224, 2.200000000000000622, -9.050000000000000711 ) ) ;
#4256 = ORIENTED_EDGE ( 'NONE', *, *, #1241, .T. ) ;
#4257 = AXIS2_PLACEMENT_3D ( 'NONE', #6987, #5734, #744 ) ;
#4258 = CARTESIAN_POINT ( 'NONE',  ( -4.199999999999989519, 11.84999999999999964, -9.550000000000000711 ) ) ;
#4259 =( LENGTH_UNIT ( ) NAMED_UNIT ( * ) SI_UNIT ( .MILLI., .METRE. ) );
#4260 = PLANE ( 'NONE',  #169 ) ;
#4261 =( GEOMETRIC_REPRESENTATION_CONTEXT ( 3 ) GLOBAL_UNCERTAINTY_ASSIGNED_CONTEXT ( ( #138 ) ) GLOBAL_UNIT_ASSIGNED_CONTEXT ( ( #6928, #5636, #2526 ) ) REPRESENTATION_CONTEXT ( 'NONE', 'WORKASPACE' ) );
#4262 =( NAMED_UNIT ( * ) SI_UNIT ( $, .STERADIAN. ) SOLID_ANGLE_UNIT ( ) );
#4263 = DIRECTION ( 'NONE',  ( -0.0000000000000000000, 1.000000000000000000, -0.0000000000000000000 ) ) ;
#4264 = SURFACE_STYLE_FILL_AREA ( #4352 ) ;
#4265 = ORIENTED_EDGE ( 'NONE', *, *, #5507, .T. ) ;
#4266 = AXIS2_PLACEMENT_3D ( 'NONE', #7979, #3588, #3838 ) ;
#4267 = ORIENTED_EDGE ( 'NONE', *, *, #7018, .T. ) ;
#4268 =( GEOMETRIC_REPRESENTATION_CONTEXT ( 3 ) GLOBAL_UNCERTAINTY_ASSIGNED_CONTEXT ( ( #2913 ) ) GLOBAL_UNIT_ASSIGNED_CONTEXT ( ( #5155, #3322, #3225 ) ) REPRESENTATION_CONTEXT ( 'NONE', 'WORKASPACE' ) );
#4269 = CARTESIAN_POINT ( 'NONE',  ( -2.500000000000001332, 12.65000000000000391, 9.550000000000000711 ) ) ;
#4270 = LINE ( 'NONE', #3577, #2110 ) ;
#4271 = SURFACE_STYLE_FILL_AREA ( #4965 ) ;
#4272 = FILL_AREA_STYLE_COLOUR ( '', #6988 ) ;
#4273 = EDGE_LOOP ( 'NONE', ( #423, #791, #7817, #3526 ) ) ;
#4274 = ADVANCED_FACE ( 'NONE', ( #4335 ), #6925, .F. ) ;
#4275 =( NAMED_UNIT ( * ) SI_UNIT ( $, .STERADIAN. ) SOLID_ANGLE_UNIT ( ) );
#4276 = AXIS2_PLACEMENT_3D ( 'NONE', #2293, #2905, #3529 ) ;
#4277 = ORIENTED_EDGE ( 'NONE', *, *, #4844, .F. ) ;
#4278 = CARTESIAN_POINT ( 'NONE',  ( 0.0000000000000000000, 0.0000000000000000000, 0.0000000000000000000 ) ) ;
#4279 = AXIS2_PLACEMENT_3D ( 'NONE', #6861, #5790, #1901 ) ;
#4280 = DIRECTION ( 'NONE',  ( -1.314184451497581752E-16, -1.000000000000000000, 0.0000000000000000000 ) ) ;
#4281 = CARTESIAN_POINT ( 'NONE',  ( -4.199999999999989519, 11.84999999999999964, -9.550000000000000711 ) ) ;
#4282 = VERTEX_POINT ( 'NONE', #1831 ) ;
#4283 =( NAMED_UNIT ( * ) SI_UNIT ( $, .STERADIAN. ) SOLID_ANGLE_UNIT ( ) );
#4284 = DIRECTION ( 'NONE',  ( 0.0000000000000000000, 0.0000000000000000000, -1.000000000000000000 ) ) ;
#4285 = CARTESIAN_POINT ( 'NONE',  ( -2.500000000000001332, 12.65000000000000391, -12.95000000000000107 ) ) ;
#4286 = COLOUR_RGB ( '',0.6666666666666666297, 0.6980392156862744724, 0.7686274509803920907 ) ;
#4287 = ORIENTED_EDGE ( 'NONE', *, *, #2321, .T. ) ;
#4288 = EDGE_CURVE ( 'NONE', #1585, #7481, #6880, .T. ) ;
#4289 = CARTESIAN_POINT ( 'NONE',  ( 12.09999999999999609, 6.000000000000000000, 9.050000000000000711 ) ) ;
#4290 = CARTESIAN_POINT ( 'NONE',  ( 3.999999999999999112, 0.9921485132883310909, 9.050000000000002487 ) ) ;
#4291 = PRESENTATION_LAYER_ASSIGNMENT (  '', '', ( #3508 ) ) ;
#4292 = LINE ( 'NONE', #1383, #1528 ) ;
#4293 = SURFACE_STYLE_FILL_AREA ( #1881 ) ;
#4294 = ORIENTED_EDGE ( 'NONE', *, *, #4759, .F. ) ;
#4295 = DIRECTION ( 'NONE',  ( -0.0000000000000000000, -0.0000000000000000000, 1.000000000000000000 ) ) ;
#4296 = CARTESIAN_POINT ( 'NONE',  ( 0.0000000000000000000, 15.00000000000000000, 0.0000000000000000000 ) ) ;
#4297 = EDGE_CURVE ( 'NONE', #6382, #6990, #2474, .T. ) ;
#4298 = ADVANCED_FACE ( 'NONE', ( #6473 ), #7217, .F. ) ;
#4299 = ORIENTED_EDGE ( 'NONE', *, *, #2227, .F. ) ;
#4300 = FACE_OUTER_BOUND ( 'NONE', #5863, .T. ) ;
#4301 =( NAMED_UNIT ( * ) SI_UNIT ( $, .STERADIAN. ) SOLID_ANGLE_UNIT ( ) );
#4302 = DIRECTION ( 'NONE',  ( 0.0000000000000000000, 1.000000000000000000, 0.0000000000000000000 ) ) ;
#4303 = CARTESIAN_POINT ( 'NONE',  ( -5.899999999999999467, 6.500000000000000888, 12.60000000000000142 ) ) ;
#4304 = EDGE_LOOP ( 'NONE', ( #4002, #1442, #5543, #6681 ) ) ;
#4305 = ORIENTED_EDGE ( 'NONE', *, *, #5325, .F. ) ;
#4306 = VECTOR ( 'NONE', #7406, 1000.000000000000000 ) ;
#4307 = CARTESIAN_POINT ( 'NONE',  ( -9.000000000000001776, 13.99999999999999822, -9.050000000000000711 ) ) ;
#4308 = COLOUR_RGB ( '',0.2980392156862745057, 0.2980392156862745057, 0.2980392156862745057 ) ;
#4309 = CYLINDRICAL_SURFACE ( 'NONE', #3394, 0.3499999999999996447 ) ;
#4310 = CARTESIAN_POINT ( 'NONE',  ( 3.999999999999999112, 0.9921485132883310909, 12.60000000000000142 ) ) ;
#4311 = DIRECTION ( 'NONE',  ( 1.000000000000000000, 0.0000000000000000000, 0.0000000000000000000 ) ) ;
#4312 = FILL_AREA_STYLE_COLOUR ( '', #5565 ) ;
#4313 = UNCERTAINTY_MEASURE_WITH_UNIT (LENGTH_MEASURE( 1.000000000000000082E-05 ), #5836, 'distance_accuracy_value', 'NONE');
#4314 = VERTEX_POINT ( 'NONE', #6579 ) ;
#4315 = AXIS2_PLACEMENT_3D ( 'NONE', #2729, #5813, #902 ) ;
#4316 = DIRECTION ( 'NONE',  ( -0.0000000000000000000, -0.0000000000000000000, 1.000000000000000000 ) ) ;
#4317 = ORIENTED_EDGE ( 'NONE', *, *, #5375, .F. ) ;
#4318 = CARTESIAN_POINT ( 'NONE',  ( 9.500000000000000000, 6.650000000000000355, -9.550000000000000711 ) ) ;
#4319 = PRESENTATION_LAYER_ASSIGNMENT (  '', '', ( #3147 ) ) ;
#4320 = FILL_AREA_STYLE_COLOUR ( '', #894 ) ;
#4321 = VERTEX_POINT ( 'NONE', #900 ) ;
#4322 = LINE ( 'NONE', #2466, #7496 ) ;
#4323 = CARTESIAN_POINT ( 'NONE',  ( -6.149999999999999467, 5.949999999999999289, -8.250000000000000000 ) ) ;
#4324 = PRESENTATION_LAYER_ASSIGNMENT (  '', '', ( #8027 ) ) ;
#4325 =( LENGTH_UNIT ( ) NAMED_UNIT ( * ) SI_UNIT ( .MILLI., .METRE. ) );
#4326 = EDGE_LOOP ( 'NONE', ( #6972, #461, #2777, #4163 ) ) ;
#4327 = VECTOR ( 'NONE', #2795, 1000.000000000000000 ) ;
#4328 = LINE ( 'NONE', #3592, #6826 ) ;
#4329 = ORIENTED_EDGE ( 'NONE', *, *, #2227, .T. ) ;
#4330 = CARTESIAN_POINT ( 'NONE',  ( -8.999999999999998224, 15.00000000000000000, 9.050000000000000711 ) ) ;
#4331 = LINE ( 'NONE', #5670, #3835 ) ;
#4332 = LINE ( 'NONE', #6971, #3386 ) ;
#4333 = ADVANCED_FACE ( 'NONE', ( #5191 ), #5272, .F. ) ;
#4334 = ORIENTED_EDGE ( 'NONE', *, *, #2882, .T. ) ;
#4335 = FACE_OUTER_BOUND ( 'NONE', #3744, .T. ) ;
#4336 = DIRECTION ( 'NONE',  ( 0.0000000000000000000, 0.0000000000000000000, 1.000000000000000000 ) ) ;
#4337 = AXIS2_PLACEMENT_3D ( 'NONE', #3082, #1937, #8128 ) ;
#4338 = PRESENTATION_STYLE_ASSIGNMENT (( #2566 ) ) ;
#4339 = ORIENTED_EDGE ( 'NONE', *, *, #5328, .F. ) ;
#4340 = PRESENTATION_LAYER_ASSIGNMENT (  '', '', ( #5772 ) ) ;
#4341 = DIRECTION ( 'NONE',  ( 1.000000000000000000, 0.0000000000000000000, 0.0000000000000000000 ) ) ;
#4342 = CARTESIAN_POINT ( 'NONE',  ( 0.0000000000000000000, 2.200000000000000178, 11.25000000000000000 ) ) ;
#4343 = EDGE_CURVE ( 'NONE', #7152, #5222, #7742, .T. ) ;
#4344 = PRESENTATION_LAYER_ASSIGNMENT (  '', '', ( #4485 ) ) ;
#4345 = PRESENTATION_LAYER_ASSIGNMENT (  '', '', ( #2358 ) ) ;
#4346 = ORIENTED_EDGE ( 'NONE', *, *, #1935, .F. ) ;
#4347 = MECHANICAL_DESIGN_GEOMETRIC_PRESENTATION_REPRESENTATION (  '', ( #2502 ), #3558 ) ;
#4348 = LINE ( 'NONE', #3072, #2235 ) ;
#4349 = CARTESIAN_POINT ( 'NONE',  ( 12.09999999999999609, 6.000000000000000000, 12.59999999999999964 ) ) ;
#4350 =( NAMED_UNIT ( * ) SI_UNIT ( $, .STERADIAN. ) SOLID_ANGLE_UNIT ( ) );
#4351 = MECHANICAL_DESIGN_GEOMETRIC_PRESENTATION_REPRESENTATION (  '', ( #3317 ), #2897 ) ;
#4352 = FILL_AREA_STYLE ('',( #1849 ) ) ;
#4353 = VECTOR ( 'NONE', #1227, 1000.000000000000000 ) ;
#4354 = EDGE_LOOP ( 'NONE', ( #6696, #1389, #3927, #6007 ) ) ;
#4355 = ADVANCED_FACE ( 'NONE', ( #2076 ), #1425, .F. ) ;
#4356 = ADVANCED_FACE ( 'NONE', ( #5492 ), #3624, .F. ) ;
#4357 = ORIENTED_EDGE ( 'NONE', *, *, #2583, .T. ) ;
#4358 = AXIS2_PLACEMENT_3D ( 'NONE', #5628, #4462, #6340 ) ;
#4359 = SURFACE_STYLE_USAGE ( .BOTH. , #2452 ) ;
#4360 = SURFACE_SIDE_STYLE ('',( #171 ) ) ;
#4361 = DIRECTION ( 'NONE',  ( 0.0000000000000000000, -1.000000000000000000, 0.0000000000000000000 ) ) ;
#4362 = DIRECTION ( 'NONE',  ( -0.0000000000000000000, -0.0000000000000000000, 1.000000000000000000 ) ) ;
#4363 = COLOUR_RGB ( '',0.1019607843137254888, 0.1019607843137254888, 0.1019607843137254888 ) ;
#4364 = ORIENTED_EDGE ( 'NONE', *, *, #2146, .F. ) ;
#4365 = VECTOR ( 'NONE', #2422, 1000.000000000000000 ) ;
#4366 = ORIENTED_EDGE ( 'NONE', *, *, #4005, .F. ) ;
#4367 = DIRECTION ( 'NONE',  ( -0.0000000000000000000, 0.0000000000000000000, -1.000000000000000000 ) ) ;
#4368 = CARTESIAN_POINT ( 'NONE',  ( -12.59999999999999964, 6.000000000000000000, 12.09999999999999609 ) ) ;
#4369 = AXIS2_PLACEMENT_3D ( 'NONE', #102, #3915, #5259 ) ;
#4370 = SURFACE_SIDE_STYLE ('',( #7514 ) ) ;
#4371 = LINE ( 'NONE', #2388, #1966 ) ;
#4372 = SURFACE_STYLE_FILL_AREA ( #4414 ) ;
#4373 = FACE_OUTER_BOUND ( 'NONE', #133, .T. ) ;
#4374 = DIRECTION ( 'NONE',  ( 0.0000000000000000000, 0.0000000000000000000, -1.000000000000000000 ) ) ;
#4375 = DIRECTION ( 'NONE',  ( 1.000000000000000000, 0.0000000000000000000, 0.0000000000000000000 ) ) ;
#4376 = ORIENTED_EDGE ( 'NONE', *, *, #5246, .T. ) ;
#4377 = LINE ( 'NONE', #7983, #5607 ) ;
#4378 =( NAMED_UNIT ( * ) SI_UNIT ( $, .STERADIAN. ) SOLID_ANGLE_UNIT ( ) );
#4379 = CARTESIAN_POINT ( 'NONE',  ( -12.60000000000000142, 2.200000000000000178, -12.09999999999999609 ) ) ;
#4380 = LINE ( 'NONE', #5542, #4429 ) ;
#4381 = EDGE_LOOP ( 'NONE', ( #7096, #8093, #4157, #1520 ) ) ;
#4382 = LINE ( 'NONE', #5631, #3705 ) ;
#4383 = ORIENTED_EDGE ( 'NONE', *, *, #789, .T. ) ;
#4384 = SURFACE_SIDE_STYLE ('',( #614 ) ) ;
#4385 =( LENGTH_UNIT ( ) NAMED_UNIT ( * ) SI_UNIT ( .MILLI., .METRE. ) );
#4386 = CARTESIAN_POINT ( 'NONE',  ( 12.75000000000000178, 15.20000000000000639, -13.05000000000000071 ) ) ;
#4387 = CLOSED_SHELL ( 'NONE', ( #4736, #746, #5892, #2535 ) ) ;
#4388 = ORIENTED_EDGE ( 'NONE', *, *, #2652, .T. ) ;
#4389 = PLANE ( 'NONE',  #5134 ) ;
#4390 = FILL_AREA_STYLE ('',( #2532 ) ) ;
#4391 = PLANE ( 'NONE',  #2780 ) ;
#4392 = EDGE_CURVE ( 'NONE', #377, #6016, #2919, .T. ) ;
#4393 = ORIENTED_EDGE ( 'NONE', *, *, #5027, .F. ) ;
#4394 = MECHANICAL_DESIGN_GEOMETRIC_PRESENTATION_REPRESENTATION (  '', ( #6884 ), #7706 ) ;
#4395 = ORIENTED_EDGE ( 'NONE', *, *, #1179, .T. ) ;
#4396 = LINE ( 'NONE', #5045, #6627 ) ;
#4397 = AXIS2_PLACEMENT_3D ( 'NONE', #7653, #6510, #3396 ) ;
#4398 = FILL_AREA_STYLE ('',( #6359 ) ) ;
#4399 = EDGE_CURVE ( 'NONE', #6335, #3044, #6741, .T. ) ;
#4400 =( NAMED_UNIT ( * ) SI_UNIT ( $, .STERADIAN. ) SOLID_ANGLE_UNIT ( ) );
#4401 = CARTESIAN_POINT ( 'NONE',  ( -6.000000000000000000, 2.200000000000000622, 8.250000000000001776 ) ) ;
#4402 = ADVANCED_FACE ( 'NONE', ( #1626 ), #5454, .F. ) ;
#4403 = UNCERTAINTY_MEASURE_WITH_UNIT (LENGTH_MEASURE( 1.000000000000000082E-05 ), #7291, 'distance_accuracy_value', 'NONE');
#4404 = SURFACE_STYLE_FILL_AREA ( #7422 ) ;
#4405 = AXIS2_PLACEMENT_3D ( 'NONE', #4500, #1292, #1912 ) ;
#4406 = SURFACE_STYLE_USAGE ( .BOTH. , #7677 ) ;
#4407 = ORIENTED_EDGE ( 'NONE', *, *, #2476, .T. ) ;
#4408 = CARTESIAN_POINT ( 'NONE',  ( -6.000000000000000000, 0.0000000000000000000, -9.050000000000000711 ) ) ;
#4409 = COLOUR_RGB ( '',0.1019607843137254888, 0.1019607843137254888, 0.1019607843137254888 ) ;
#4410 = FILL_AREA_STYLE ('',( #1946 ) ) ;
#4411 = ORIENTED_EDGE ( 'NONE', *, *, #1935, .T. ) ;
#4412 = AXIS2_PLACEMENT_3D ( 'NONE', #4698, #7815, #3418 ) ;
#4413 = DIRECTION ( 'NONE',  ( 0.0000000000000000000, 0.0000000000000000000, 1.000000000000000000 ) ) ;
#4414 = FILL_AREA_STYLE ('',( #1952 ) ) ;
#4415 = DIRECTION ( 'NONE',  ( -0.0000000000000000000, -0.0000000000000000000, -1.000000000000000000 ) ) ;
#4416 = FACE_OUTER_BOUND ( 'NONE', #1942, .T. ) ;
#4417 = VECTOR ( 'NONE', #3787, 1000.000000000000000 ) ;
#4418 = VECTOR ( 'NONE', #1899, 1000.000000000000000 ) ;
#4419 =( LENGTH_UNIT ( ) NAMED_UNIT ( * ) SI_UNIT ( .MILLI., .METRE. ) );
#4420 = ORIENTED_EDGE ( 'NONE', *, *, #6964, .F. ) ;
#4421 = FILL_AREA_STYLE ('',( #5669 ) ) ;
#4422 =( LENGTH_UNIT ( ) NAMED_UNIT ( * ) SI_UNIT ( .MILLI., .METRE. ) );
#4423 =( LENGTH_UNIT ( ) NAMED_UNIT ( * ) SI_UNIT ( .MILLI., .METRE. ) );
#4424 = ORIENTED_EDGE ( 'NONE', *, *, #5741, .T. ) ;
#4425 = CARTESIAN_POINT ( 'NONE',  ( -12.75000000000000000, 6.650000000000000355, -12.95000000000000107 ) ) ;
#4426 = PRESENTATION_LAYER_ASSIGNMENT (  '', '', ( #7319 ) ) ;
#4427 = ORIENTED_EDGE ( 'NONE', *, *, #4655, .T. ) ;
#4428 = DIRECTION ( 'NONE',  ( 0.0000000000000000000, -1.000000000000000000, 0.0000000000000000000 ) ) ;
#4429 = VECTOR ( 'NONE', #3062, 1000.000000000000000 ) ;
#4430 = PLANE ( 'NONE',  #7992 ) ;
#4431 = EDGE_CURVE ( 'NONE', #1023, #1823, #7494, .T. ) ;
#4432 = COLOUR_RGB ( '',0.6666666666666666297, 0.6980392156862744724, 0.7686274509803920907 ) ;
#4433 = CARTESIAN_POINT ( 'NONE',  ( 0.9999999999999991118, 2.200000000000000622, 12.60000000000000142 ) ) ;
#4434 = VERTEX_POINT ( 'NONE', #3815 ) ;
#4435 = EDGE_LOOP ( 'NONE', ( #273, #863, #718, #7416 ) ) ;
#4436 = DIRECTION ( 'NONE',  ( 0.0000000000000000000, 0.0000000000000000000, 1.000000000000000000 ) ) ;
#4437 =( GEOMETRIC_REPRESENTATION_CONTEXT ( 3 ) GLOBAL_UNCERTAINTY_ASSIGNED_CONTEXT ( ( #811 ) ) GLOBAL_UNIT_ASSIGNED_CONTEXT ( ( #5239, #2158, #5316 ) ) REPRESENTATION_CONTEXT ( 'NONE', 'WORKASPACE' ) );
#4438 = EDGE_CURVE ( 'NONE', #1302, #5604, #128, .T. ) ;
#4439 = CARTESIAN_POINT ( 'NONE',  ( -12.09999999999999787, 6.000000000000000000, -9.050000000000000711 ) ) ;
#4440 = LINE ( 'NONE', #6943, #816 ) ;
#4441 = VECTOR ( 'NONE', #5015, 1000.000000000000000 ) ;
#4442 = FACE_OUTER_BOUND ( 'NONE', #2432, .T. ) ;
#4443 = FACE_OUTER_BOUND ( 'NONE', #5010, .T. ) ;
#4444 =( LENGTH_UNIT ( ) NAMED_UNIT ( * ) SI_UNIT ( .MILLI., .METRE. ) );
#4445 = VERTEX_POINT ( 'NONE', #5601 ) ;
#4446 = PRESENTATION_LAYER_ASSIGNMENT (  '', '', ( #8011 ) ) ;
#4447 = LINE ( 'NONE', #6949, #4441 ) ;
#4448 = FILL_AREA_STYLE_COLOUR ( '', #5364 ) ;
#4449 = ADVANCED_FACE ( 'NONE', ( #7575 ), #4478, .T. ) ;
#4450 = CARTESIAN_POINT ( 'NONE',  ( -4.199999999999990408, 6.650000000000000355, -9.550000000000000711 ) ) ;
#4451 = FILL_AREA_STYLE_COLOUR ( '', #1341 ) ;
#4452 = LINE ( 'NONE', #1289, #6947 ) ;
#4453 = VECTOR ( 'NONE', #1059, 1000.000000000000000 ) ;
#4454 = DIRECTION ( 'NONE',  ( 1.000000000000000000, 0.0000000000000000000, -0.0000000000000000000 ) ) ;
#4455 = SURFACE_SIDE_STYLE ('',( #1377 ) ) ;
#4456 = FILL_AREA_STYLE ('',( #6289 ) ) ;
#4457 = ORIENTED_EDGE ( 'NONE', *, *, #5785, .F. ) ;
#4458 = AXIS2_PLACEMENT_3D ( 'NONE', #5498, #4986, #6835 ) ;
#4459 = VERTEX_POINT ( 'NONE', #2489 ) ;
#4460 = AXIS2_PLACEMENT_3D ( 'NONE', #6033, #7939, #6118 ) ;
#4461 = EDGE_CURVE ( 'NONE', #972, #3849, #6265, .T. ) ;
#4462 = DIRECTION ( 'NONE',  ( -0.0000000000000000000, 0.0000000000000000000, -1.000000000000000000 ) ) ;
#4463 = MECHANICAL_DESIGN_GEOMETRIC_PRESENTATION_REPRESENTATION (  '', ( #2339 ), #6948 ) ;
#4464 = DIRECTION ( 'NONE',  ( -0.0000000000000000000, -0.0000000000000000000, 1.000000000000000000 ) ) ;
#4465 = VERTEX_POINT ( 'NONE', #1311 ) ;
#4466 = CARTESIAN_POINT ( 'NONE',  ( -12.09999999999999609, 2.200000000000000178, 9.050000000000000711 ) ) ;
#4467 = ORIENTED_EDGE ( 'NONE', *, *, #7930, .T. ) ;
#4468 = AXIS2_PLACEMENT_3D ( 'NONE', #5650, #3126, #1936 ) ;
#4469 = LINE ( 'NONE', #4995, #341 ) ;
#4470 = CARTESIAN_POINT ( 'NONE',  ( 3.750000000000000000, 15.75000000000000355, -9.550000000000000711 ) ) ;
#4471 = CARTESIAN_POINT ( 'NONE',  ( -9.500000000000000000, 6.650000000000000355, -9.550000000000000711 ) ) ;
#4472 = PRESENTATION_LAYER_ASSIGNMENT (  '', '', ( #1317 ) ) ;
#4473 = CARTESIAN_POINT ( 'NONE',  ( -8.999999999999998224, 13.99999999999999822, 8.250000000000000000 ) ) ;
#4474 =( GEOMETRIC_REPRESENTATION_CONTEXT ( 3 ) GLOBAL_UNCERTAINTY_ASSIGNED_CONTEXT ( ( #3478 ) ) GLOBAL_UNIT_ASSIGNED_CONTEXT ( ( #3752, #3266, #7559 ) ) REPRESENTATION_CONTEXT ( 'NONE', 'WORKASPACE' ) );
#4475 = SURFACE_STYLE_USAGE ( .BOTH. , #6141 ) ;
#4476 = LINE ( 'NONE', #1264, #1066 ) ;
#4477 = CARTESIAN_POINT ( 'NONE',  ( -8.999999999999998224, 13.99999999999999822, 9.050000000000000711 ) ) ;
#4478 = CYLINDRICAL_SURFACE ( 'NONE', #4257, 0.3499999999999996447 ) ;
#4479 = STYLED_ITEM ( 'NONE', ( #3254 ), #2964 ) ;
#4480 = ORIENTED_EDGE ( 'NONE', *, *, #2282, .F. ) ;
#4481 =( GEOMETRIC_REPRESENTATION_CONTEXT ( 3 ) GLOBAL_UNCERTAINTY_ASSIGNED_CONTEXT ( ( #5683 ) ) GLOBAL_UNIT_ASSIGNED_CONTEXT ( ( #92, #7550, #2538 ) ) REPRESENTATION_CONTEXT ( 'NONE', 'WORKASPACE' ) );
#4482 = ORIENTED_EDGE ( 'NONE', *, *, #7796, .F. ) ;
#4483 =( LENGTH_UNIT ( ) NAMED_UNIT ( * ) SI_UNIT ( .MILLI., .METRE. ) );
#4484 = MECHANICAL_DESIGN_GEOMETRIC_PRESENTATION_REPRESENTATION (  '', ( #2359 ), #1201 ) ;
#4485 = STYLED_ITEM ( 'NONE', ( #5469 ), #7621 ) ;
#4486 =( LENGTH_UNIT ( ) NAMED_UNIT ( * ) SI_UNIT ( .MILLI., .METRE. ) );
#4487 = CARTESIAN_POINT ( 'NONE',  ( -12.60000000000000142, 6.000000000000000000, -12.09999999999999609 ) ) ;
#4488 = FILL_AREA_STYLE_COLOUR ( '', #5508 ) ;
#4489 = ORIENTED_EDGE ( 'NONE', *, *, #6632, .T. ) ;
#4490 = STYLED_ITEM ( 'NONE', ( #4902 ), #3229 ) ;
#4491 = ADVANCED_FACE ( 'NONE', ( #579 ), #1232, .F. ) ;
#4492 =( NAMED_UNIT ( * ) PLANE_ANGLE_UNIT ( ) SI_UNIT ( $, .RADIAN. ) );
#4493 = VECTOR ( 'NONE', #184, 999.9999999999998863 ) ;
#4494 = AXIS2_PLACEMENT_3D ( 'NONE', #7187, #3712, #2198 ) ;
#4495 =( LENGTH_UNIT ( ) NAMED_UNIT ( * ) SI_UNIT ( .MILLI., .METRE. ) );
#4496 = CARTESIAN_POINT ( 'NONE',  ( 12.09999999999999964, 6.000000000000000000, 12.09999999999999964 ) ) ;
#4497 = VECTOR ( 'NONE', #1739, 1000.000000000000000 ) ;
#4498 = DIRECTION ( 'NONE',  ( -1.000000000000000000, -3.854941057726238097E-16, 1.329290019905599182E-16 ) ) ;
#4499 = FILL_AREA_STYLE_COLOUR ( '', #1840 ) ;
#4500 = CARTESIAN_POINT ( 'NONE',  ( -6.149999999999999467, 12.55000000000000426, 8.250000000000000000 ) ) ;
#4501 = UNCERTAINTY_MEASURE_WITH_UNIT (LENGTH_MEASURE( 1.000000000000000082E-05 ), #3709, 'distance_accuracy_value', 'NONE');
#4502 = MECHANICAL_DESIGN_GEOMETRIC_PRESENTATION_REPRESENTATION (  '', ( #2378 ), #6580 ) ;
#4503 = VERTEX_POINT ( 'NONE', #665 ) ;
#4504 = EDGE_CURVE ( 'NONE', #2931, #7874, #3156, .T. ) ;
#4505 = CARTESIAN_POINT ( 'NONE',  ( 5.999999999999997335, 0.0000000000000000000, -8.249999999999991118 ) ) ;
#4506 = ORIENTED_EDGE ( 'NONE', *, *, #3388, .F. ) ;
#4507 = PRESENTATION_LAYER_ASSIGNMENT (  '', '', ( #2789 ) ) ;
#4508 =( NAMED_UNIT ( * ) SI_UNIT ( $, .STERADIAN. ) SOLID_ANGLE_UNIT ( ) );
#4509 = CARTESIAN_POINT ( 'NONE',  ( 11.59999999999999964, 2.200000000000000178, -12.59999999999999964 ) ) ;
#4510 =( NAMED_UNIT ( * ) PLANE_ANGLE_UNIT ( ) SI_UNIT ( $, .RADIAN. ) );
#4511 = VERTEX_POINT ( 'NONE', #2779 ) ;
#4512 = PLANE ( 'NONE',  #7353 ) ;
#4513 = EDGE_LOOP ( 'NONE', ( #3211, #3395, #7997, #3636 ) ) ;
#4514 = EDGE_CURVE ( 'NONE', #2380, #2872, #213, .T. ) ;
#4515 = EDGE_CURVE ( 'NONE', #845, #40, #1557, .T. ) ;
#4516 = DIRECTION ( 'NONE',  ( -1.000000000000000000, 0.0000000000000000000, 0.0000000000000000000 ) ) ;
#4517 = SURFACE_STYLE_FILL_AREA ( #938 ) ;
#4518 = AXIS2_PLACEMENT_3D ( 'NONE', #6082, #4756, #5394 ) ;
#4519 = FACE_OUTER_BOUND ( 'NONE', #3546, .T. ) ;
#4520 = ORIENTED_EDGE ( 'NONE', *, *, #7076, .T. ) ;
#4521 = CARTESIAN_POINT ( 'NONE',  ( -12.10000000000000142, 6.000000000000000000, -9.050000000000000711 ) ) ;
#4522 = PRESENTATION_STYLE_ASSIGNMENT (( #7543 ) ) ;
#4523 =( NAMED_UNIT ( * ) SI_UNIT ( $, .STERADIAN. ) SOLID_ANGLE_UNIT ( ) );
#4524 = ORIENTED_EDGE ( 'NONE', *, *, #325, .F. ) ;
#4525 = ORIENTED_EDGE ( 'NONE', *, *, #3248, .F. ) ;
#4526 = CARTESIAN_POINT ( 'NONE',  ( -9.500000000000000000, 6.650000000000000355, 9.550000000000000711 ) ) ;
#4527 = FILL_AREA_STYLE ('',( #7803 ) ) ;
#4528 = SURFACE_SIDE_STYLE ('',( #5789 ) ) ;
#4529 = SURFACE_SIDE_STYLE ('',( #6407 ) ) ;
#4530 = ORIENTED_EDGE ( 'NONE', *, *, #860, .F. ) ;
#4531 = MECHANICAL_DESIGN_GEOMETRIC_PRESENTATION_REPRESENTATION (  '', ( #4666 ), #2549 ) ;
#4532 =( GEOMETRIC_REPRESENTATION_CONTEXT ( 3 ) GLOBAL_UNCERTAINTY_ASSIGNED_CONTEXT ( ( #6107 ) ) GLOBAL_UNIT_ASSIGNED_CONTEXT ( ( #84, #705, #1929 ) ) REPRESENTATION_CONTEXT ( 'NONE', 'WORKASPACE' ) );
#4533 = CARTESIAN_POINT ( 'NONE',  ( -1.000000000000000888, 2.200000000000000178, 8.250000000000001776 ) ) ;
#4534 = PLANE ( 'NONE',  #2354 ) ;
#4535 = SURFACE_STYLE_USAGE ( .BOTH. , #6527 ) ;
#4536 = FACE_OUTER_BOUND ( 'NONE', #2037, .T. ) ;
#4537 = COLOUR_RGB ( '',1.000000000000000000, 1.000000000000000000, 1.000000000000000000 ) ;
#4538 = CARTESIAN_POINT ( 'NONE',  ( -12.09999999999999964, 6.000000000000000000, 9.050000000000000711 ) ) ;
#4539 = DIRECTION ( 'NONE',  ( 3.854941057726238097E-16, -1.000000000000000000, 0.0000000000000000000 ) ) ;
#4540 = EDGE_CURVE ( 'NONE', #5285, #6540, #6550, .T. ) ;
#4541 = COLOUR_RGB ( '',0.6666666666666666297, 0.6980392156862744724, 0.7686274509803920907 ) ;
#4542 = CARTESIAN_POINT ( 'NONE',  ( -10.00000000000000000, 2.200000000000000178, 10.90000000000000036 ) ) ;
#4543 = CARTESIAN_POINT ( 'NONE',  ( 8.999999999999998224, 15.00000000000000000, -9.050000000000000711 ) ) ;
#4544 = ORIENTED_EDGE ( 'NONE', *, *, #346, .T. ) ;
#4545 = CARTESIAN_POINT ( 'NONE',  ( -8.999999999999998224, 2.200000000000000178, 9.050000000000000711 ) ) ;
#4546 = VERTEX_POINT ( 'NONE', #1601 ) ;
#4547 = PRESENTATION_LAYER_ASSIGNMENT (  '', '', ( #1124 ) ) ;
#4548 = PLANE ( 'NONE',  #1670 ) ;
#4549 = ORIENTED_EDGE ( 'NONE', *, *, #5785, .T. ) ;
#4550 = DIRECTION ( 'NONE',  ( 0.0000000000000000000, 1.000000000000000000, 0.0000000000000000000 ) ) ;
#4551 = VECTOR ( 'NONE', #253, 1000.000000000000000 ) ;
#4552 = PRESENTATION_LAYER_ASSIGNMENT (  '', '', ( #6235 ) ) ;
#4553 = FACE_OUTER_BOUND ( 'NONE', #6670, .T. ) ;
#4554 = SURFACE_SIDE_STYLE ('',( #1479 ) ) ;
#4555 = VECTOR ( 'NONE', #1367, 1000.000000000000000 ) ;
#4556 = FILL_AREA_STYLE_COLOUR ( '', #708 ) ;
#4557 = EDGE_CURVE ( 'NONE', #3913, #1252, #2089, .T. ) ;
#4558 = PLANE ( 'NONE',  #1298 ) ;
#4559 = LINE ( 'NONE', #1356, #2893 ) ;
#4560 =( LENGTH_UNIT ( ) NAMED_UNIT ( * ) SI_UNIT ( .MILLI., .METRE. ) );
#4561 = VERTEX_POINT ( 'NONE', #6518 ) ;
#4562 =( NAMED_UNIT ( * ) PLANE_ANGLE_UNIT ( ) SI_UNIT ( $, .RADIAN. ) );
#4563 = UNCERTAINTY_MEASURE_WITH_UNIT (LENGTH_MEASURE( 1.000000000000000082E-05 ), #6398, 'distance_accuracy_value', 'NONE');
#4564 = FILL_AREA_STYLE_COLOUR ( '', #5930 ) ;
#4565 = ORIENTED_EDGE ( 'NONE', *, *, #7998, .T. ) ;
#4566 = EDGE_LOOP ( 'NONE', ( #124, #7032, #2292, #2163 ) ) ;
#4567 = ADVANCED_FACE ( 'NONE', ( #3337 ), #1487, .F. ) ;
#4568 = LINE ( 'NONE', #7193, #4551 ) ;
#4569 =( GEOMETRIC_REPRESENTATION_CONTEXT ( 3 ) GLOBAL_UNCERTAINTY_ASSIGNED_CONTEXT ( ( #3921 ) ) GLOBAL_UNIT_ASSIGNED_CONTEXT ( ( #5682, #3759, #2394 ) ) REPRESENTATION_CONTEXT ( 'NONE', 'WORKASPACE' ) );
#4570 = PLANE ( 'NONE',  #7657 ) ;
#4571 = DIRECTION ( 'NONE',  ( 0.0000000000000000000, -1.000000000000000000, 0.0000000000000000000 ) ) ;
#4572 =( NAMED_UNIT ( * ) SI_UNIT ( $, .STERADIAN. ) SOLID_ANGLE_UNIT ( ) );
#4573 = DIRECTION ( 'NONE',  ( 0.0000000000000000000, 0.0000000000000000000, -1.000000000000000000 ) ) ;
#4574 = UNCERTAINTY_MEASURE_WITH_UNIT (LENGTH_MEASURE( 1.000000000000000082E-05 ), #7703, 'distance_accuracy_value', 'NONE');
#4575 = CARTESIAN_POINT ( 'NONE',  ( 8.999999999999998224, 10.74999999999993960, -4.800000000000001599 ) ) ;
#4576 = ORIENTED_EDGE ( 'NONE', *, *, #3498, .T. ) ;
#4577 = CARTESIAN_POINT ( 'NONE',  ( -1.000000000000000888, 2.200000000000000178, 12.60000000000000142 ) ) ;
#4578 = CARTESIAN_POINT ( 'NONE',  ( -4.199999999999988631, 6.550000000000000711, -8.200000000000001066 ) ) ;
#4579 = FACE_OUTER_BOUND ( 'NONE', #6804, .T. ) ;
#4580 = DIRECTION ( 'NONE',  ( 0.0000000000000000000, 1.000000000000000000, 0.0000000000000000000 ) ) ;
#4581 = UNCERTAINTY_MEASURE_WITH_UNIT (LENGTH_MEASURE( 1.000000000000000082E-05 ), #6166, 'distance_accuracy_value', 'NONE');
#4582 = ORIENTED_EDGE ( 'NONE', *, *, #3841, .T. ) ;
#4583 = STYLED_ITEM ( 'NONE', ( #3151 ), #5845 ) ;
#4584 = SURFACE_SIDE_STYLE ('',( #351 ) ) ;
#4585 = EDGE_LOOP ( 'NONE', ( #3686, #6303, #1200, #1263 ) ) ;
#4586 = CARTESIAN_POINT ( 'NONE',  ( -12.10000000000000142, 6.000000000000000000, -9.550000000000000711 ) ) ;
#4587 = DIRECTION ( 'NONE',  ( 0.0000000000000000000, 0.0000000000000000000, 1.000000000000000000 ) ) ;
#4588 = VECTOR ( 'NONE', #7704, 1000.000000000000000 ) ;
#4589 = VERTEX_POINT ( 'NONE', #5204 ) ;
#4590 = CARTESIAN_POINT ( 'NONE',  ( -5.000000000000000000, 2.200000000000000178, -11.25000000000000000 ) ) ;
#4591 = PRESENTATION_STYLE_ASSIGNMENT (( #3975 ) ) ;
#4592 = COLOUR_RGB ( '',0.1019607843137254888, 0.1019607843137254888, 0.1019607843137254888 ) ;
#4593 = ORIENTED_EDGE ( 'NONE', *, *, #7281, .T. ) ;
#4594 =( GEOMETRIC_REPRESENTATION_CONTEXT ( 3 ) GLOBAL_UNCERTAINTY_ASSIGNED_CONTEXT ( ( #4581 ) ) GLOBAL_UNIT_ASSIGNED_CONTEXT ( ( #6166, #5109, #570 ) ) REPRESENTATION_CONTEXT ( 'NONE', 'WORKASPACE' ) );
#4595 = CIRCLE ( 'NONE', #1700, 0.3499999999999996447 ) ;
#4596 = EDGE_CURVE ( 'NONE', #506, #1210, #2054, .T. ) ;
#4597 = SURFACE_STYLE_USAGE ( .BOTH. , #2696 ) ;
#4598 = PLANE ( 'NONE',  #1225 ) ;
#4599 =( NAMED_UNIT ( * ) SI_UNIT ( $, .STERADIAN. ) SOLID_ANGLE_UNIT ( ) );
#4600 = VECTOR ( 'NONE', #3008, 1000.000000000000000 ) ;
#4601 = FILL_AREA_STYLE_COLOUR ( '', #1725 ) ;
#4602 = CARTESIAN_POINT ( 'NONE',  ( 5.800000000000000711, 8.150000000000000355, -8.200000000000001066 ) ) ;
#4603 = SURFACE_SIDE_STYLE ('',( #7153 ) ) ;
#4604 = ADVANCED_FACE ( 'NONE', ( #3441 ), #875, .T. ) ;
#4605 = PRESENTATION_LAYER_ASSIGNMENT (  '', '', ( #805 ) ) ;
#4606 = ORIENTED_EDGE ( 'NONE', *, *, #4649, .T. ) ;
#4607 = ORIENTED_EDGE ( 'NONE', *, *, #7331, .F. ) ;
#4608 = CARTESIAN_POINT ( 'NONE',  ( -5.000000000000000000, -4.000000000000000000, -10.90000000000000036 ) ) ;
#4609 = SURFACE_STYLE_USAGE ( .BOTH. , #220 ) ;
#4610 = PRESENTATION_STYLE_ASSIGNMENT (( #7082 ) ) ;
#4611 = ORIENTED_EDGE ( 'NONE', *, *, #4461, .T. ) ;
#4612 = ADVANCED_FACE ( 'NONE', ( #3637 ), #4863, .T. ) ;
#4613 = ADVANCED_FACE ( 'NONE', ( #4300 ), #6883, .F. ) ;
#4614 = PRESENTATION_LAYER_ASSIGNMENT (  '', '', ( #26 ) ) ;
#4615 = PLANE ( 'NONE',  #4369 ) ;
#4616 = CIRCLE ( 'NONE', #27, 1.500000000000000444 ) ;
#4617 = VECTOR ( 'NONE', #3071, 1000.000000000000000 ) ;
#4618 = DIRECTION ( 'NONE',  ( 0.0000000000000000000, 0.0000000000000000000, 1.000000000000000000 ) ) ;
#4619 = CARTESIAN_POINT ( 'NONE',  ( -5.700000000000000178, 10.34999999999998899, 9.550000000000000711 ) ) ;
#4620 = DIRECTION ( 'NONE',  ( -1.000000000000000000, -2.699958717473629988E-16, 0.0000000000000000000 ) ) ;
#4621 = VERTEX_POINT ( 'NONE', #3766 ) ;
#4622 = COLOUR_RGB ( '',0.1019607843137254888, 0.1019607843137254888, 0.1019607843137254888 ) ;
#4623 = MECHANICAL_DESIGN_GEOMETRIC_PRESENTATION_REPRESENTATION (  '', ( #278 ), #936 ) ;
#4624 = EDGE_LOOP ( 'NONE', ( #3391, #745, #7117, #3201 ) ) ;
#4625 = DIRECTION ( 'NONE',  ( 0.0000000000000000000, -0.0000000000000000000, -1.000000000000000000 ) ) ;
#4626 = DIRECTION ( 'NONE',  ( 0.0000000000000000000, 0.0000000000000000000, -1.000000000000000000 ) ) ;
#4627 = SURFACE_SIDE_STYLE ('',( #7821 ) ) ;
#4628 = VERTEX_POINT ( 'NONE', #1923 ) ;
#4629 = PRESENTATION_STYLE_ASSIGNMENT (( #3974 ) ) ;
#4630 = CIRCLE ( 'NONE', #4870, 0.3499999999999996447 ) ;
#4631 = ORIENTED_EDGE ( 'NONE', *, *, #2385, .T. ) ;
#4632 = FILL_AREA_STYLE ('',( #3432 ) ) ;
#4633 = COLOUR_RGB ( '',0.2980392156862745057, 0.2980392156862745057, 0.2980392156862745057 ) ;
#4634 =( GEOMETRIC_REPRESENTATION_CONTEXT ( 3 ) GLOBAL_UNCERTAINTY_ASSIGNED_CONTEXT ( ( #5527 ) ) GLOBAL_UNIT_ASSIGNED_CONTEXT ( ( #6953, #1285, #3786 ) ) REPRESENTATION_CONTEXT ( 'NONE', 'WORKASPACE' ) );
#4635 = PLANE ( 'NONE',  #5861 ) ;
#4636 = DIRECTION ( 'NONE',  ( 1.000000000000000000, 2.699958717473629988E-16, 0.0000000000000000000 ) ) ;
#4637 = VECTOR ( 'NONE', #379, 1000.000000000000000 ) ;
#4638 = DIRECTION ( 'NONE',  ( 0.0000000000000000000, 0.0000000000000000000, 1.000000000000000000 ) ) ;
#4639 =( NAMED_UNIT ( * ) PLANE_ANGLE_UNIT ( ) SI_UNIT ( $, .RADIAN. ) );
#4640 = ORIENTED_EDGE ( 'NONE', *, *, #5741, .F. ) ;
#4641 = EDGE_CURVE ( 'NONE', #7316, #4059, #6256, .T. ) ;
#4642 = FILL_AREA_STYLE ('',( #7754 ) ) ;
#4643 = UNCERTAINTY_MEASURE_WITH_UNIT (LENGTH_MEASURE( 1.000000000000000082E-05 ), #81, 'distance_accuracy_value', 'NONE');
#4644 = AXIS2_PLACEMENT_3D ( 'NONE', #4861, #3634, #7405 ) ;
#4645 = ORIENTED_EDGE ( 'NONE', *, *, #6952, .F. ) ;
#4646 = ORIENTED_EDGE ( 'NONE', *, *, #5341, .F. ) ;
#4647 = LINE ( 'NONE', #7118, #7725 ) ;
#4648 = PRESENTATION_STYLE_ASSIGNMENT (( #5210 ) ) ;
#4649 = EDGE_CURVE ( 'NONE', #6937, #5960, #1303, .T. ) ;
#4650 = DIRECTION ( 'NONE',  ( 0.0000000000000000000, 0.0000000000000000000, -1.000000000000000000 ) ) ;
#4651 = CARTESIAN_POINT ( 'NONE',  ( -9.000000000000001776, 15.00000000000000000, -9.050000000000000711 ) ) ;
#4652 = UNCERTAINTY_MEASURE_WITH_UNIT (LENGTH_MEASURE( 1.000000000000000082E-05 ), #8052, 'distance_accuracy_value', 'NONE');
#4653 =( NAMED_UNIT ( * ) PLANE_ANGLE_UNIT ( ) SI_UNIT ( $, .RADIAN. ) );
#4654 = PRESENTATION_STYLE_ASSIGNMENT (( #1612 ) ) ;
#4655 = EDGE_CURVE ( 'NONE', #3052, #1176, #995, .T. ) ;
#4656 = EDGE_CURVE ( 'NONE', #6362, #30, #2568, .T. ) ;
#4657 = CARTESIAN_POINT ( 'NONE',  ( -6.349999999999998757, 12.55000000000000249, 8.250000000000000000 ) ) ;
#4658 = DIRECTION ( 'NONE',  ( 0.0000000000000000000, 0.0000000000000000000, -1.000000000000000000 ) ) ;
#4659 =( NAMED_UNIT ( * ) PLANE_ANGLE_UNIT ( ) SI_UNIT ( $, .RADIAN. ) );
#4660 = CLOSED_SHELL ( 'NONE', ( #7646, #1376, #4758, #1485 ) ) ;
#4661 = UNCERTAINTY_MEASURE_WITH_UNIT (LENGTH_MEASURE( 1.000000000000000082E-05 ), #4483, 'distance_accuracy_value', 'NONE');
#4662 = COLOUR_RGB ( '',0.6666666666666666297, 0.6980392156862744724, 0.7686274509803920907 ) ;
#4663 =( NAMED_UNIT ( * ) PLANE_ANGLE_UNIT ( ) SI_UNIT ( $, .RADIAN. ) );
#4664 = ORIENTED_EDGE ( 'NONE', *, *, #4830, .F. ) ;
#4665 = DIRECTION ( 'NONE',  ( 0.0000000000000000000, 0.0000000000000000000, -1.000000000000000000 ) ) ;
#4666 = STYLED_ITEM ( 'NONE', ( #5594 ), #136 ) ;
#4667 = VERTEX_POINT ( 'NONE', #3068 ) ;
#4668 = MECHANICAL_DESIGN_GEOMETRIC_PRESENTATION_REPRESENTATION (  '', ( #2160 ), #7841 ) ;
#4669 = VERTEX_POINT ( 'NONE', #2480 ) ;
#4670 =( NAMED_UNIT ( * ) SI_UNIT ( $, .STERADIAN. ) SOLID_ANGLE_UNIT ( ) );
#4671 = VECTOR ( 'NONE', #1056, 1000.000000000000000 ) ;
#4672 = COLOUR_RGB ( '',0.1019607843137254888, 0.1019607843137254888, 0.1019607843137254888 ) ;
#4673 = DIRECTION ( 'NONE',  ( 1.000000000000000000, -0.0000000000000000000, 0.0000000000000000000 ) ) ;
#4674 = CARTESIAN_POINT ( 'NONE',  ( 3.999999999999999112, 2.200000000000000178, 8.250000000000001776 ) ) ;
#4675 = PRESENTATION_LAYER_ASSIGNMENT (  '', '', ( #3887 ) ) ;
#4676 = DIRECTION ( 'NONE',  ( -1.000000000000000000, -0.0000000000000000000, -0.0000000000000000000 ) ) ;
#4677 = CARTESIAN_POINT ( 'NONE',  ( -10.00000000000000000, 2.200000000000000178, -11.59999999999999964 ) ) ;
#4678 = AXIS2_PLACEMENT_3D ( 'NONE', #2415, #4237, #3655 ) ;
#4679 = VECTOR ( 'NONE', #7073, 1000.000000000000000 ) ;
#4680 =( NAMED_UNIT ( * ) SI_UNIT ( $, .STERADIAN. ) SOLID_ANGLE_UNIT ( ) );
#4681 = ORIENTED_EDGE ( 'NONE', *, *, #2217, .F. ) ;
#4682 =( GEOMETRIC_REPRESENTATION_CONTEXT ( 3 ) GLOBAL_UNCERTAINTY_ASSIGNED_CONTEXT ( ( #5374 ) ) GLOBAL_UNIT_ASSIGNED_CONTEXT ( ( #1510, #6381, #5884 ) ) REPRESENTATION_CONTEXT ( 'NONE', 'WORKASPACE' ) );
#4683 = ORIENTED_EDGE ( 'NONE', *, *, #7950, .F. ) ;
#4684 = VERTEX_POINT ( 'NONE', #1963 ) ;
#4685 = EDGE_CURVE ( 'NONE', #4693, #3140, #4469, .T. ) ;
#4686 = CARTESIAN_POINT ( 'NONE',  ( 2.000000000000000888, 12.75000000000000178, -8.250000000000000000 ) ) ;
#4687 = COLOUR_RGB ( '',0.6666666666666666297, 0.6980392156862744724, 0.7686274509803920907 ) ;
#4688 =( GEOMETRIC_REPRESENTATION_CONTEXT ( 3 ) GLOBAL_UNCERTAINTY_ASSIGNED_CONTEXT ( ( #7971 ) ) GLOBAL_UNIT_ASSIGNED_CONTEXT ( ( #6010, #2281, #1182 ) ) REPRESENTATION_CONTEXT ( 'NONE', 'WORKASPACE' ) );
#4689 = DIRECTION ( 'NONE',  ( 0.0000000000000000000, 1.000000000000000000, 0.0000000000000000000 ) ) ;
#4690 = PRESENTATION_STYLE_ASSIGNMENT (( #2318 ) ) ;
#4691 = FILL_AREA_STYLE ('',( #3491 ) ) ;
#4692 = VECTOR ( 'NONE', #6081, 1000.000000000000000 ) ;
#4693 = VERTEX_POINT ( 'NONE', #5546 ) ;
#4694 = EDGE_CURVE ( 'NONE', #5271, #896, #2442, .T. ) ;
#4695 = CARTESIAN_POINT ( 'NONE',  ( 10.00000000000000000, -4.000000000000000000, 10.90000000000000036 ) ) ;
#4696 = LINE ( 'NONE', #4073, #4066 ) ;
#4697 = CARTESIAN_POINT ( 'NONE',  ( 6.350000000000001421, 12.54999999999999893, 8.250000000000000000 ) ) ;
#4698 = CARTESIAN_POINT ( 'NONE',  ( 0.0000000000000000000, -4.000000000000000000, -11.25000000000000000 ) ) ;
#4699 = ADVANCED_FACE ( 'NONE', ( #1837 ), #3725, .F. ) ;
#4700 = DIRECTION ( 'NONE',  ( -0.0000000000000000000, -1.000000000000000000, -0.0000000000000000000 ) ) ;
#4701 = ORIENTED_EDGE ( 'NONE', *, *, #39, .F. ) ;
#4702 = MECHANICAL_DESIGN_GEOMETRIC_PRESENTATION_REPRESENTATION (  '', ( #6791 ), #4832 ) ;
#4703 = SURFACE_STYLE_USAGE ( .BOTH. , #5268 ) ;
#4704 = PRESENTATION_STYLE_ASSIGNMENT (( #6616 ) ) ;
#4705 = CARTESIAN_POINT ( 'NONE',  ( 6.150000000000001243, 5.949999999999999289, -8.250000000000000000 ) ) ;
#4706 = ORIENTED_EDGE ( 'NONE', *, *, #1037, .F. ) ;
#4707 = DIRECTION ( 'NONE',  ( -0.0000000000000000000, -0.0000000000000000000, -1.000000000000000000 ) ) ;
#4708 = CARTESIAN_POINT ( 'NONE',  ( -5.700000000000000178, 10.34999999999998899, -9.550000000000000711 ) ) ;
#4709 = VECTOR ( 'NONE', #5728, 1000.000000000000000 ) ;
#4710 = ORIENTED_EDGE ( 'NONE', *, *, #6017, .F. ) ;
#4711 = ADVANCED_FACE ( 'NONE', ( #4553 ), #1548, .F. ) ;
#4712 = SURFACE_SIDE_STYLE ('',( #7946 ) ) ;
#4713 = DIRECTION ( 'NONE',  ( 1.000000000000000000, 0.0000000000000000000, 0.0000000000000000000 ) ) ;
#4714 =( NAMED_UNIT ( * ) PLANE_ANGLE_UNIT ( ) SI_UNIT ( $, .RADIAN. ) );
#4715 = DIRECTION ( 'NONE',  ( 0.0000000000000000000, 0.0000000000000000000, 1.000000000000000000 ) ) ;
#4716 = VERTEX_POINT ( 'NONE', #1390 ) ;
#4717 = UNCERTAINTY_MEASURE_WITH_UNIT (LENGTH_MEASURE( 1.000000000000000082E-05 ), #3988, 'distance_accuracy_value', 'NONE');
#4718 = MECHANICAL_DESIGN_GEOMETRIC_PRESENTATION_REPRESENTATION (  '', ( #5886 ), #6272 ) ;
#4719 = ORIENTED_EDGE ( 'NONE', *, *, #5365, .T. ) ;
#4720 = FILL_AREA_STYLE ('',( #2279 ) ) ;
#4721 = CIRCLE ( 'NONE', #2618, 1.600000000000000755 ) ;
#4722 = SURFACE_STYLE_USAGE ( .BOTH. , #2706 ) ;
#4723 =( NAMED_UNIT ( * ) SI_UNIT ( $, .STERADIAN. ) SOLID_ANGLE_UNIT ( ) );
#4724 = UNCERTAINTY_MEASURE_WITH_UNIT (LENGTH_MEASURE( 1.000000000000000082E-05 ), #7049, 'distance_accuracy_value', 'NONE');
#4725 = AXIS2_PLACEMENT_3D ( 'NONE', #511, #4361, #8127 ) ;
#4726 = ORIENTED_EDGE ( 'NONE', *, *, #2407, .F. ) ;
#4727 = DIRECTION ( 'NONE',  ( -0.0000000000000000000, -0.0000000000000000000, -1.000000000000000000 ) ) ;
#4728 = LINE ( 'NONE', #3453, #2525 ) ;
#4729 =( GEOMETRIC_REPRESENTATION_CONTEXT ( 3 ) GLOBAL_UNCERTAINTY_ASSIGNED_CONTEXT ( ( #1860 ) ) GLOBAL_UNIT_ASSIGNED_CONTEXT ( ( #4077, #4734, #385 ) ) REPRESENTATION_CONTEXT ( 'NONE', 'WORKASPACE' ) );
#4730 = DIRECTION ( 'NONE',  ( -1.000000000000000000, 0.0000000000000000000, 0.0000000000000000000 ) ) ;
#4731 = PRESENTATION_LAYER_ASSIGNMENT (  '', '', ( #6687 ) ) ;
#4732 = LINE ( 'NONE', #1571, #2624 ) ;
#4733 =( GEOMETRIC_REPRESENTATION_CONTEXT ( 3 ) GLOBAL_UNCERTAINTY_ASSIGNED_CONTEXT ( ( #6592 ) ) GLOBAL_UNIT_ASSIGNED_CONTEXT ( ( #4419, #6337, #6918 ) ) REPRESENTATION_CONTEXT ( 'NONE', 'WORKASPACE' ) );
#4734 =( NAMED_UNIT ( * ) PLANE_ANGLE_UNIT ( ) SI_UNIT ( $, .RADIAN. ) );
#4735 = UNCERTAINTY_MEASURE_WITH_UNIT (LENGTH_MEASURE( 1.000000000000000082E-05 ), #1339, 'distance_accuracy_value', 'NONE');
#4736 = ADVANCED_FACE ( 'NONE', ( #166 ), #4010, .T. ) ;
#4737 = AXIS2_PLACEMENT_3D ( 'NONE', #3740, #5013, #1859 ) ;
#4738 = FACE_OUTER_BOUND ( 'NONE', #155, .T. ) ;
#4739 = ORIENTED_EDGE ( 'NONE', *, *, #6460, .F. ) ;
#4740 = STYLED_ITEM ( 'NONE', ( #5077 ), #7630 ) ;
#4741 = STYLED_ITEM ( 'NONE', ( #5867 ), #6597 ) ;
#4742 =( NAMED_UNIT ( * ) PLANE_ANGLE_UNIT ( ) SI_UNIT ( $, .RADIAN. ) );
#4743 = SURFACE_STYLE_FILL_AREA ( #4783 ) ;
#4744 = ORIENTED_EDGE ( 'NONE', *, *, #7156, .F. ) ;
#4745 = SURFACE_STYLE_USAGE ( .BOTH. , #6116 ) ;
#4746 = DIRECTION ( 'NONE',  ( 0.0000000000000000000, 0.0000000000000000000, 1.000000000000000000 ) ) ;
#4747 = VECTOR ( 'NONE', #1894, 1000.000000000000000 ) ;
#4748 = VECTOR ( 'NONE', #3303, 1000.000000000000000 ) ;
#4749 = ORIENTED_EDGE ( 'NONE', *, *, #1238, .F. ) ;
#4750 = VECTOR ( 'NONE', #7793, 1000.000000000000000 ) ;
#4751 =( NAMED_UNIT ( * ) PLANE_ANGLE_UNIT ( ) SI_UNIT ( $, .RADIAN. ) );
#4752 = DIRECTION ( 'NONE',  ( -0.0000000000000000000, 1.000000000000000000, -0.0000000000000000000 ) ) ;
#4753 = VECTOR ( 'NONE', #3075, 1000.000000000000000 ) ;
#4754 =( NAMED_UNIT ( * ) PLANE_ANGLE_UNIT ( ) SI_UNIT ( $, .RADIAN. ) );
#4755 = DIRECTION ( 'NONE',  ( 0.2169304578186563026, 0.9761870601839527373, -0.0000000000000000000 ) ) ;
#4756 = DIRECTION ( 'NONE',  ( -0.0000000000000000000, -0.0000000000000000000, -1.000000000000000000 ) ) ;
#4757 = CARTESIAN_POINT ( 'NONE',  ( -8.999999999999998224, 15.00000000000000000, 9.050000000000000711 ) ) ;
#4758 = ADVANCED_FACE ( 'NONE', ( #446 ), #7399, .T. ) ;
#4759 = EDGE_CURVE ( 'NONE', #6164, #6362, #3628, .T. ) ;
#4760 = VECTOR ( 'NONE', #5108, 1000.000000000000000 ) ;
#4761 = ORIENTED_EDGE ( 'NONE', *, *, #5085, .F. ) ;
#4762 = VECTOR ( 'NONE', #6738, 1000.000000000000000 ) ;
#4763 = ORIENTED_EDGE ( 'NONE', *, *, #2586, .F. ) ;
#4764 =( LENGTH_UNIT ( ) NAMED_UNIT ( * ) SI_UNIT ( .MILLI., .METRE. ) );
#4765 = MECHANICAL_DESIGN_GEOMETRIC_PRESENTATION_REPRESENTATION (  '', ( #7675 ), #5518 ) ;
#4766 = DIRECTION ( 'NONE',  ( -0.0000000000000000000, -0.0000000000000000000, 1.000000000000000000 ) ) ;
#4767 = CARTESIAN_POINT ( 'NONE',  ( 4.286263797015713792E-17, -4.000000000000000000, -11.59999999999999964 ) ) ;
#4768 = CARTESIAN_POINT ( 'NONE',  ( 7.999999999999996447, 13.99999999999999822, 0.0000000000000000000 ) ) ;
#4769 = PLANE ( 'NONE',  #1662 ) ;
#4770 = LINE ( 'NONE', #3991, #42 ) ;
#4771 = COLOUR_RGB ( '',1.000000000000000000, 0.9372549019607843146, 0.1372549019607843257 ) ;
#4772 = ORIENTED_EDGE ( 'NONE', *, *, #993, .F. ) ;
#4773 = SURFACE_SIDE_STYLE ('',( #1073 ) ) ;
#4774 = DIRECTION ( 'NONE',  ( -1.000000000000000000, 0.0000000000000000000, 0.0000000000000000000 ) ) ;
#4775 =( LENGTH_UNIT ( ) NAMED_UNIT ( * ) SI_UNIT ( .MILLI., .METRE. ) );
#4776 = LINE ( 'NONE', #343, #6546 ) ;
#4777 = DIRECTION ( 'NONE',  ( 1.000000000000000000, 0.0000000000000000000, -0.0000000000000000000 ) ) ;
#4778 = DIRECTION ( 'NONE',  ( 0.0000000000000000000, -1.000000000000000000, 0.0000000000000000000 ) ) ;
#4779 =( NAMED_UNIT ( * ) PLANE_ANGLE_UNIT ( ) SI_UNIT ( $, .RADIAN. ) );
#4780 = ORIENTED_EDGE ( 'NONE', *, *, #2140, .F. ) ;
#4781 = FILL_AREA_STYLE ('',( #4241 ) ) ;
#4782 =( LENGTH_UNIT ( ) NAMED_UNIT ( * ) SI_UNIT ( .MILLI., .METRE. ) );
#4783 = FILL_AREA_STYLE ('',( #7215 ) ) ;
#4784 = EDGE_CURVE ( 'NONE', #3866, #4839, #6078, .T. ) ;
#4785 = VERTEX_POINT ( 'NONE', #4127 ) ;
#4786 = FILL_AREA_STYLE ('',( #2338 ) ) ;
#4787 = FILL_AREA_STYLE ('',( #442 ) ) ;
#4788 = ORIENTED_EDGE ( 'NONE', *, *, #4431, .T. ) ;
#4789 = FILL_AREA_STYLE ('',( #6792 ) ) ;
#4790 = AXIS2_PLACEMENT_3D ( 'NONE', #2241, #4103, #3561 ) ;
#4791 = MECHANICAL_DESIGN_GEOMETRIC_PRESENTATION_REPRESENTATION (  '', ( #5831 ), #3873 ) ;
#4792 =( NAMED_UNIT ( * ) PLANE_ANGLE_UNIT ( ) SI_UNIT ( $, .RADIAN. ) );
#4793 = ADVANCED_FACE ( 'NONE', ( #6747 ), #7266, .F. ) ;
#4794 =( NAMED_UNIT ( * ) SI_UNIT ( $, .STERADIAN. ) SOLID_ANGLE_UNIT ( ) );
#4795 = VECTOR ( 'NONE', #1747, 1000.000000000000000 ) ;
#4796 = VERTEX_POINT ( 'NONE', #1166 ) ;
#4797 =( GEOMETRIC_REPRESENTATION_CONTEXT ( 3 ) GLOBAL_UNCERTAINTY_ASSIGNED_CONTEXT ( ( #4724 ) ) GLOBAL_UNIT_ASSIGNED_CONTEXT ( ( #7049, #5061, #5754 ) ) REPRESENTATION_CONTEXT ( 'NONE', 'WORKASPACE' ) );
#4798 = ORIENTED_EDGE ( 'NONE', *, *, #4515, .T. ) ;
#4799 = LINE ( 'NONE', #4948, #7885 ) ;
#4800 = EDGE_CURVE ( 'NONE', #6481, #8137, #2391, .T. ) ;
#4801 = ADVANCED_FACE ( 'NONE', ( #3938 ), #399, .F. ) ;
#4802 =( LENGTH_UNIT ( ) NAMED_UNIT ( * ) SI_UNIT ( .MILLI., .METRE. ) );
#4803 = AXIS2_PLACEMENT_3D ( 'NONE', #7901, #357, #5931 ) ;
#4804 = PLANE ( 'NONE',  #3959 ) ;
#4805 = FILL_AREA_STYLE ('',( #2169 ) ) ;
#4806 = FILL_AREA_STYLE ('',( #418 ) ) ;
#4807 = UNCERTAINTY_MEASURE_WITH_UNIT (LENGTH_MEASURE( 1.000000000000000082E-05 ), #1769, 'distance_accuracy_value', 'NONE');
#4808 = DIRECTION ( 'NONE',  ( -0.0000000000000000000, -0.0000000000000000000, -1.000000000000000000 ) ) ;
#4809 = MECHANICAL_DESIGN_GEOMETRIC_PRESENTATION_REPRESENTATION (  '', ( #1915 ), #617 ) ;
#4810 = VERTEX_POINT ( 'NONE', #4089 ) ;
#4811 = EDGE_CURVE ( 'NONE', #7919, #5285, #1052, .T. ) ;
#4812 = ORIENTED_EDGE ( 'NONE', *, *, #196, .T. ) ;
#4813 = STYLED_ITEM ( 'NONE', ( #7727 ), #1485 ) ;
#4814 = AXIS2_PLACEMENT_3D ( 'NONE', #4177, #4766, #7365 ) ;
#4815 = CARTESIAN_POINT ( 'NONE',  ( 3.999999999999999112, 2.200000000000000178, -9.050000000000000711 ) ) ;
#4816 = AXIS2_PLACEMENT_3D ( 'NONE', #257, #221, #4573 ) ;
#4817 = CARTESIAN_POINT ( 'NONE',  ( -10.00000000000000000, -4.000000000000000000, -11.59999999999999964 ) ) ;
#4818 = LINE ( 'NONE', #7295, #6156 ) ;
#4819 = SURFACE_STYLE_USAGE ( .BOTH. , #2911 ) ;
#4820 = DIRECTION ( 'NONE',  ( 1.000000000000000000, 0.0000000000000000000, 0.0000000000000000000 ) ) ;
#4821 = UNCERTAINTY_MEASURE_WITH_UNIT (LENGTH_MEASURE( 1.000000000000000082E-05 ), #7129, 'distance_accuracy_value', 'NONE');
#4822 = ORIENTED_EDGE ( 'NONE', *, *, #4694, .T. ) ;
#4823 = COLOUR_RGB ( '',1.000000000000000000, 0.9372549019607843146, 0.1372549019607843257 ) ;
#4824 = FACE_OUTER_BOUND ( 'NONE', #1471, .T. ) ;
#4825 = ORIENTED_EDGE ( 'NONE', *, *, #4040, .F. ) ;
#4826 = VERTEX_POINT ( 'NONE', #2880 ) ;
#4827 = FILL_AREA_STYLE ('',( #1012 ) ) ;
#4828 = FILL_AREA_STYLE_COLOUR ( '', #4672 ) ;
#4829 = ORIENTED_EDGE ( 'NONE', *, *, #789, .F. ) ;
#4830 = EDGE_CURVE ( 'NONE', #6293, #3250, #2806, .T. ) ;
#4831 = SURFACE_STYLE_FILL_AREA ( #3718 ) ;
#4832 =( GEOMETRIC_REPRESENTATION_CONTEXT ( 3 ) GLOBAL_UNCERTAINTY_ASSIGNED_CONTEXT ( ( #8119 ) ) GLOBAL_UNIT_ASSIGNED_CONTEXT ( ( #1542, #4663, #4041 ) ) REPRESENTATION_CONTEXT ( 'NONE', 'WORKASPACE' ) );
#4833 = EDGE_LOOP ( 'NONE', ( #6874, #2890, #1321, #290 ) ) ;
#4834 = LINE ( 'NONE', #986, #7387 ) ;
#4835 = DIRECTION ( 'NONE',  ( -0.0000000000000000000, 1.000000000000000000, -0.0000000000000000000 ) ) ;
#4836 = PRESENTATION_STYLE_ASSIGNMENT (( #6641 ) ) ;
#4837 = COLOUR_RGB ( '',0.1019607843137254888, 0.1019607843137254888, 0.1019607843137254888 ) ;
#4838 = VERTEX_POINT ( 'NONE', #3545 ) ;
#4839 = VERTEX_POINT ( 'NONE', #4125 ) ;
#4840 = DIRECTION ( 'NONE',  ( 0.0000000000000000000, 0.0000000000000000000, 1.000000000000000000 ) ) ;
#4841 = DIRECTION ( 'NONE',  ( 0.0000000000000000000, -1.000000000000000000, 0.0000000000000000000 ) ) ;
#4842 = AXIS2_PLACEMENT_3D ( 'NONE', #1762, #4920, #1858 ) ;
#4843 = LINE ( 'NONE', #6647, #4857 ) ;
#4844 = EDGE_CURVE ( 'NONE', #3467, #3242, #3288, .T. ) ;
#4845 = CARTESIAN_POINT ( 'NONE',  ( 9.000000000000001776, 0.0000000000000000000, 9.050000000000000711 ) ) ;
#4846 = EDGE_LOOP ( 'NONE', ( #3723, #8077, #7497, #4101 ) ) ;
#4847 = STYLED_ITEM ( 'NONE', ( #5538 ), #2739 ) ;
#4848 = FACE_OUTER_BOUND ( 'NONE', #5530, .T. ) ;
#4849 = AXIS2_PLACEMENT_3D ( 'NONE', #1704, #7477, #7436 ) ;
#4850 = FILL_AREA_STYLE_COLOUR ( '', #907 ) ;
#4851 = ORIENTED_EDGE ( 'NONE', *, *, #2651, .T. ) ;
#4852 =( LENGTH_UNIT ( ) NAMED_UNIT ( * ) SI_UNIT ( .MILLI., .METRE. ) );
#4853 = DIRECTION ( 'NONE',  ( 0.0000000000000000000, 0.0000000000000000000, -1.000000000000000000 ) ) ;
#4854 =( LENGTH_UNIT ( ) NAMED_UNIT ( * ) SI_UNIT ( .MILLI., .METRE. ) );
#4855 = VERTEX_POINT ( 'NONE', #5386 ) ;
#4856 = AXIS2_PLACEMENT_3D ( 'NONE', #3654, #548, #671 ) ;
#4857 = VECTOR ( 'NONE', #3614, 1000.000000000000000 ) ;
#4858 =( GEOMETRIC_REPRESENTATION_CONTEXT ( 3 ) GLOBAL_UNCERTAINTY_ASSIGNED_CONTEXT ( ( #2162 ) ) GLOBAL_UNIT_ASSIGNED_CONTEXT ( ( #428, #7966, #6730 ) ) REPRESENTATION_CONTEXT ( 'NONE', 'WORKASPACE' ) );
#4859 = SURFACE_SIDE_STYLE ('',( #2973 ) ) ;
#4860 = PRESENTATION_STYLE_ASSIGNMENT (( #8018 ) ) ;
#4861 = CARTESIAN_POINT ( 'NONE',  ( -6.149999999999999467, 5.949999999999999289, 8.250000000000000000 ) ) ;
#4862 = VECTOR ( 'NONE', #1183, 1000.000000000000000 ) ;
#4863 = PLANE ( 'NONE',  #6764 ) ;
#4864 = MECHANICAL_DESIGN_GEOMETRIC_PRESENTATION_REPRESENTATION (  '', ( #3966 ), #4222 ) ;
#4865 = AXIS2_PLACEMENT_3D ( 'NONE', #6014, #2788, #3380 ) ;
#4866 = SURFACE_STYLE_FILL_AREA ( #1065 ) ;
#4867 = MECHANICAL_DESIGN_GEOMETRIC_PRESENTATION_REPRESENTATION (  '', ( #2778 ), #3569 ) ;
#4868 = EDGE_CURVE ( 'NONE', #1823, #6197, #2700, .T. ) ;
#4869 =( NAMED_UNIT ( * ) PLANE_ANGLE_UNIT ( ) SI_UNIT ( $, .RADIAN. ) );
#4870 = AXIS2_PLACEMENT_3D ( 'NONE', #5910, #299, #4183 ) ;
#4871 =( NAMED_UNIT ( * ) PLANE_ANGLE_UNIT ( ) SI_UNIT ( $, .RADIAN. ) );
#4872 =( NAMED_UNIT ( * ) PLANE_ANGLE_UNIT ( ) SI_UNIT ( $, .RADIAN. ) );
#4873 = LINE ( 'NONE', #5517, #6712 ) ;
#4874 = EDGE_LOOP ( 'NONE', ( #7289, #7212, #1882, #2686 ) ) ;
#4875 = ORIENTED_EDGE ( 'NONE', *, *, #3738, .F. ) ;
#4876 = DIRECTION ( 'NONE',  ( -0.0000000000000000000, -1.000000000000000000, -0.0000000000000000000 ) ) ;
#4877 =( NAMED_UNIT ( * ) SI_UNIT ( $, .STERADIAN. ) SOLID_ANGLE_UNIT ( ) );
#4878 = ADVANCED_FACE ( 'NONE', ( #5119 ), #5774, .T. ) ;
#4879 = DIRECTION ( 'NONE',  ( 0.0000000000000000000, 0.0000000000000000000, -1.000000000000000000 ) ) ;
#4880 = DIRECTION ( 'NONE',  ( -0.0000000000000000000, -0.0000000000000000000, 1.000000000000000000 ) ) ;
#4881 = AXIS2_PLACEMENT_3D ( 'NONE', #6604, #2947, #2906 ) ;
#4882 = SURFACE_STYLE_FILL_AREA ( #8044 ) ;
#4883 = DIRECTION ( 'NONE',  ( -0.0000000000000000000, 0.0000000000000000000, -1.000000000000000000 ) ) ;
#4884 = UNCERTAINTY_MEASURE_WITH_UNIT (LENGTH_MEASURE( 1.000000000000000082E-05 ), #5097, 'distance_accuracy_value', 'NONE');
#4885 = PLANE ( 'NONE',  #955 ) ;
#4886 = ORIENTED_EDGE ( 'NONE', *, *, #4890, .F. ) ;
#4887 = LINE ( 'NONE', #2379, #6125 ) ;
#4888 = ORIENTED_EDGE ( 'NONE', *, *, #3355, .F. ) ;
#4889 = EDGE_CURVE ( 'NONE', #6201, #3044, #8012, .T. ) ;
#4890 = EDGE_CURVE ( 'NONE', #5559, #1154, #602, .T. ) ;
#4891 = LINE ( 'NONE', #6200, #8062 ) ;
#4892 = DIRECTION ( 'NONE',  ( 0.0000000000000000000, 0.0000000000000000000, 1.000000000000000000 ) ) ;
#4893 = ORIENTED_EDGE ( 'NONE', *, *, #7124, .T. ) ;
#4894 = DIRECTION ( 'NONE',  ( 1.000000000000000000, -3.469446951953614189E-16, 0.0000000000000000000 ) ) ;
#4895 = CARTESIAN_POINT ( 'NONE',  ( 3.999999999999999112, 2.200000000000000178, -8.249999999999991118 ) ) ;
#4896 = SURFACE_SIDE_STYLE ('',( #6788 ) ) ;
#4897 = DIRECTION ( 'NONE',  ( -0.0000000000000000000, -0.0000000000000000000, 1.000000000000000000 ) ) ;
#4898 = ORIENTED_EDGE ( 'NONE', *, *, #2314, .T. ) ;
#4899 = PLANE ( 'NONE',  #4849 ) ;
#4900 = DIRECTION ( 'NONE',  ( 0.0000000000000000000, 0.0000000000000000000, -1.000000000000000000 ) ) ;
#4901 = CARTESIAN_POINT ( 'NONE',  ( 5.700000000000000178, 8.150000000000011013, -9.550000000000000711 ) ) ;
#4902 = PRESENTATION_STYLE_ASSIGNMENT (( #3014 ) ) ;
#4903 = DIRECTION ( 'NONE',  ( -1.000000000000000000, 0.0000000000000000000, -0.0000000000000000000 ) ) ;
#4904 = EDGE_LOOP ( 'NONE', ( #6810, #5582, #2504, #7459 ) ) ;
#4905 = FACE_OUTER_BOUND ( 'NONE', #4974, .T. ) ;
#4906 = ORIENTED_EDGE ( 'NONE', *, *, #1238, .T. ) ;
#4907 = DIRECTION ( 'NONE',  ( -1.000000000000000000, -0.0000000000000000000, -0.0000000000000000000 ) ) ;
#4908 = FILL_AREA_STYLE_COLOUR ( '', #4286 ) ;
#4909 = MECHANICAL_DESIGN_GEOMETRIC_PRESENTATION_REPRESENTATION (  '', ( #5043 ), #1643 ) ;
#4910 = FACE_OUTER_BOUND ( 'NONE', #7112, .T. ) ;
#4911 = DIRECTION ( 'NONE',  ( -0.0000000000000000000, -0.0000000000000000000, -1.000000000000000000 ) ) ;
#4912 =( NAMED_UNIT ( * ) SI_UNIT ( $, .STERADIAN. ) SOLID_ANGLE_UNIT ( ) );
#4913 = FACE_OUTER_BOUND ( 'NONE', #4942, .T. ) ;
#4914 = ORIENTED_EDGE ( 'NONE', *, *, #7485, .F. ) ;
#4915 = ADVANCED_FACE ( 'NONE', ( #6119 ), #2922, .T. ) ;
#4916 = ORIENTED_EDGE ( 'NONE', *, *, #5995, .T. ) ;
#4917 = SURFACE_STYLE_FILL_AREA ( #463 ) ;
#4918 = DIRECTION ( 'NONE',  ( 0.0000000000000000000, -1.000000000000000000, 0.0000000000000000000 ) ) ;
#4919 = PRESENTATION_LAYER_ASSIGNMENT (  '', '', ( #352 ) ) ;
#4920 = DIRECTION ( 'NONE',  ( 0.0000000000000000000, -1.000000000000000000, 0.0000000000000000000 ) ) ;
#4921 = STYLED_ITEM ( 'NONE', ( #2998 ), #5150 ) ;
#4922 = FACE_OUTER_BOUND ( 'NONE', #6341, .T. ) ;
#4923 = ORIENTED_EDGE ( 'NONE', *, *, #6241, .F. ) ;
#4924 =( GEOMETRIC_REPRESENTATION_CONTEXT ( 3 ) GLOBAL_UNCERTAINTY_ASSIGNED_CONTEXT ( ( #1378 ) ) GLOBAL_UNIT_ASSIGNED_CONTEXT ( ( #7471, #8136, #2463 ) ) REPRESENTATION_CONTEXT ( 'NONE', 'WORKASPACE' ) );
#4925 = EDGE_CURVE ( 'NONE', #1210, #5285, #2968, .T. ) ;
#4926 = FILL_AREA_STYLE_COLOUR ( '', #2733 ) ;
#4927 = ORIENTED_EDGE ( 'NONE', *, *, #6084, .T. ) ;
#4928 = CARTESIAN_POINT ( 'NONE',  ( -6.349999999999977440, 2.750000000000000000, 8.199999999999997513 ) ) ;
#4929 = LINE ( 'NONE', #6867, #4365 ) ;
#4930 = CARTESIAN_POINT ( 'NONE',  ( 10.00000000000000000, -4.000000000000000000, -11.25000000000000000 ) ) ;
#4931 = EDGE_LOOP ( 'NONE', ( #4204, #3904, #1069, #5994 ) ) ;
#4932 = DIRECTION ( 'NONE',  ( -0.0000000000000000000, -0.0000000000000000000, -1.000000000000000000 ) ) ;
#4933 = CARTESIAN_POINT ( 'NONE',  ( 8.999999999999994671, 6.000000000000000000, 9.050000000000000711 ) ) ;
#4934 = LINE ( 'NONE', #4285, #7166 ) ;
#4935 = EDGE_CURVE ( 'NONE', #109, #353, #4934, .T. ) ;
#4936 = SURFACE_STYLE_USAGE ( .BOTH. , #7982 ) ;
#4937 = EDGE_LOOP ( 'NONE', ( #4457, #703, #1278, #1228 ) ) ;
#4938 = VECTOR ( 'NONE', #7529, 1000.000000000000114 ) ;
#4939 = SURFACE_STYLE_USAGE ( .BOTH. , #3719 ) ;
#4940 = CARTESIAN_POINT ( 'NONE',  ( -12.84999999999999254, 7.200000000000000178, 12.95000000000000107 ) ) ;
#4941 = CARTESIAN_POINT ( 'NONE',  ( -12.75000000000000178, 15.19999999999999929, -13.05000000000000071 ) ) ;
#4942 = EDGE_LOOP ( 'NONE', ( #2040, #4317, #4749, #6248 ) ) ;
#4943 = LINE ( 'NONE', #4425, #178 ) ;
#4944 =( NAMED_UNIT ( * ) PLANE_ANGLE_UNIT ( ) SI_UNIT ( $, .RADIAN. ) );
#4945 = VERTEX_POINT ( 'NONE', #4207 ) ;
#4946 = EDGE_CURVE ( 'NONE', #1421, #5557, #1253, .T. ) ;
#4947 = CARTESIAN_POINT ( 'NONE',  ( 9.349999999999999645, 12.74999999999998224, 8.199999999999997513 ) ) ;
#4948 = CARTESIAN_POINT ( 'NONE',  ( -6.000000000000000000, 0.0000000000000000000, 0.0000000000000000000 ) ) ;
#4949 = DIRECTION ( 'NONE',  ( -1.000000000000000000, 0.0000000000000000000, 0.0000000000000000000 ) ) ;
#4950 = PRESENTATION_LAYER_ASSIGNMENT (  '', '', ( #6791 ) ) ;
#4951 = PRESENTATION_STYLE_ASSIGNMENT (( #2444 ) ) ;
#4952 = FILL_AREA_STYLE_COLOUR ( '', #5915 ) ;
#4953 = VECTOR ( 'NONE', #6102, 1000.000000000000000 ) ;
#4954 = CARTESIAN_POINT ( 'NONE',  ( -4.200000000000000178, 8.150000000000000355, -9.550000000000000711 ) ) ;
#4955 = PLANE ( 'NONE',  #5132 ) ;
#4956 = DIRECTION ( 'NONE',  ( -0.0000000000000000000, -0.0000000000000000000, 1.000000000000000000 ) ) ;
#4957 = UNCERTAINTY_MEASURE_WITH_UNIT (LENGTH_MEASURE( 1.000000000000000082E-05 ), #6612, 'distance_accuracy_value', 'NONE');
#4958 = CARTESIAN_POINT ( 'NONE',  ( 8.999999999999998224, 6.000000000000000000, -9.550000000000007816 ) ) ;
#4959 = STYLED_ITEM ( 'NONE', ( #1243 ), #5771 ) ;
#4960 = VERTEX_POINT ( 'NONE', #6789 ) ;
#4961 = VERTEX_POINT ( 'NONE', #1209 ) ;
#4962 = FACE_OUTER_BOUND ( 'NONE', #5942, .T. ) ;
#4963 = VECTOR ( 'NONE', #6077, 1000.000000000000000 ) ;
#4964 = LINE ( 'NONE', #7501, #5765 ) ;
#4965 = FILL_AREA_STYLE ('',( #1152 ) ) ;
#4966 = CARTESIAN_POINT ( 'NONE',  ( -2.500000000000001332, 12.65000000000000391, 9.550000000000000711 ) ) ;
#4967 = ORIENTED_EDGE ( 'NONE', *, *, #3582, .F. ) ;
#4968 = MECHANICAL_DESIGN_GEOMETRIC_PRESENTATION_REPRESENTATION (  '', ( #6132 ), #4594 ) ;
#4969 = CARTESIAN_POINT ( 'NONE',  ( -9.000000000000001776, 15.00000000000000000, -8.250000000000000000 ) ) ;
#4970 =( LENGTH_UNIT ( ) NAMED_UNIT ( * ) SI_UNIT ( .MILLI., .METRE. ) );
#4971 = DIRECTION ( 'NONE',  ( -0.2169304578186563026, -0.9761870601839527373, 0.0000000000000000000 ) ) ;
#4972 = CIRCLE ( 'NONE', #6809, 0.3499999999999996447 ) ;
#4973 = DIRECTION ( 'NONE',  ( 0.0000000000000000000, -0.0000000000000000000, -1.000000000000000000 ) ) ;
#4974 = EDGE_LOOP ( 'NONE', ( #6841, #322, #1610, #1545 ) ) ;
#4975 = CARTESIAN_POINT ( 'NONE',  ( 6.149999999999999467, 5.750000000000000000, -8.250000000000000000 ) ) ;
#4976 = DIRECTION ( 'NONE',  ( 1.000000000000000000, -3.854941057726238097E-16, 0.0000000000000000000 ) ) ;
#4977 = SURFACE_STYLE_FILL_AREA ( #2467 ) ;
#4978 =( GEOMETRIC_REPRESENTATION_CONTEXT ( 3 ) GLOBAL_UNCERTAINTY_ASSIGNED_CONTEXT ( ( #4652 ) ) GLOBAL_UNIT_ASSIGNED_CONTEXT ( ( #8052, #4201, #2299 ) ) REPRESENTATION_CONTEXT ( 'NONE', 'WORKASPACE' ) );
#4979 = ADVANCED_FACE ( 'NONE', ( #1250 ), #2390, .F. ) ;
#4980 = CARTESIAN_POINT ( 'NONE',  ( -1.999999999999998224, 12.75000000000000178, 12.60000000000000142 ) ) ;
#4981 = SURFACE_STYLE_FILL_AREA ( #1127 ) ;
#4982 = ORIENTED_EDGE ( 'NONE', *, *, #7281, .F. ) ;
#4983 = PRESENTATION_LAYER_ASSIGNMENT (  '', '', ( #3942 ) ) ;
#4984 = FACE_OUTER_BOUND ( 'NONE', #2446, .T. ) ;
#4985 = EDGE_LOOP ( 'NONE', ( #3219, #3570 ) ) ;
#4986 = DIRECTION ( 'NONE',  ( 0.0000000000000000000, 0.0000000000000000000, -1.000000000000000000 ) ) ;
#4987 = LINE ( 'NONE', #6212, #3972 ) ;
#4988 = ADVANCED_FACE ( 'NONE', ( #7089 ), #5023, .F. ) ;
#4989 = ORIENTED_EDGE ( 'NONE', *, *, #7570, .F. ) ;
#4990 =( NAMED_UNIT ( * ) SI_UNIT ( $, .STERADIAN. ) SOLID_ANGLE_UNIT ( ) );
#4991 = COLOUR_RGB ( '',0.6666666666666666297, 0.6980392156862744724, 0.7686274509803920907 ) ;
#4992 = COLOUR_RGB ( '',0.1019607843137254888, 0.1019607843137254888, 0.1019607843137254888 ) ;
#4993 = EDGE_LOOP ( 'NONE', ( #4299, #6702, #5175, #2275 ) ) ;
#4994 = COLOUR_RGB ( '',0.1019607843137254888, 0.1019607843137254888, 0.1019607843137254888 ) ;
#4995 = CARTESIAN_POINT ( 'NONE',  ( -9.000000000000001776, 15.00000000000000000, -8.250000000000000000 ) ) ;
#4996 = COLOUR_RGB ( '',1.000000000000000000, 0.9372549019607843146, 0.1372549019607843257 ) ;
#4997 = PLANE ( 'NONE',  #6405 ) ;
#4998 = CARTESIAN_POINT ( 'NONE',  ( -1.000000000000000888, 15.00000000000000000, -8.250000000000000000 ) ) ;
#4999 = MECHANICAL_DESIGN_GEOMETRIC_PRESENTATION_REPRESENTATION (  '', ( #3430 ), #1475 ) ;
#5000 = PRESENTATION_LAYER_ASSIGNMENT (  '', '', ( #6981 ) ) ;
#5001 = EDGE_CURVE ( 'NONE', #5343, #7963, #3875, .T. ) ;
#5002 = FILL_AREA_STYLE ('',( #6349 ) ) ;
#5003 = SURFACE_SIDE_STYLE ('',( #3116 ) ) ;
#5004 = ORIENTED_EDGE ( 'NONE', *, *, #2534, .F. ) ;
#5005 = MECHANICAL_DESIGN_GEOMETRIC_PRESENTATION_REPRESENTATION (  '', ( #7801 ), #6559 ) ;
#5006 = SURFACE_STYLE_FILL_AREA ( #5555 ) ;
#5007 = MECHANICAL_DESIGN_GEOMETRIC_PRESENTATION_REPRESENTATION (  '', ( #5919 ), #4095 ) ;
#5008 = VECTOR ( 'NONE', #560, 1000.000000000000000 ) ;
#5009 = ORIENTED_EDGE ( 'NONE', *, *, #2035, .T. ) ;
#5010 = EDGE_LOOP ( 'NONE', ( #4825, #5828, #3103, #3503, #7169, #627, #7188, #2470, #4123, #3340, #7191, #4339, #7531, #5755, #2845, #1218, #2667, #3859, #139, #2580, #7942, #4706 ) ) ;
#5011 = STYLED_ITEM ( 'NONE', ( #3758 ), #3354 ) ;
#5012 = VECTOR ( 'NONE', #4808, 1000.000000000000000 ) ;
#5013 = DIRECTION ( 'NONE',  ( 0.0000000000000000000, -1.000000000000000000, 0.0000000000000000000 ) ) ;
#5014 = CARTESIAN_POINT ( 'NONE',  ( -1.999999999999998224, 12.75000000000000178, -9.050000000000000711 ) ) ;
#5015 = DIRECTION ( 'NONE',  ( 1.000000000000000000, 3.854941057726238097E-16, 0.0000000000000000000 ) ) ;
#5016 = ORIENTED_EDGE ( 'NONE', *, *, #2167, .T. ) ;
#5017 = LINE ( 'NONE', #3746, #6046 ) ;
#5018 = AXIS2_PLACEMENT_3D ( 'NONE', #2662, #6814, #3239 ) ;
#5019 = ORIENTED_EDGE ( 'NONE', *, *, #4040, .T. ) ;
#5020 = PLANE ( 'NONE',  #7395 ) ;
#5021 = SURFACE_STYLE_FILL_AREA ( #6914 ) ;
#5022 = CARTESIAN_POINT ( 'NONE',  ( -1.000000000000000888, 0.9921485132883310909, 8.250000000000001776 ) ) ;
#5023 = PLANE ( 'NONE',  #5835 ) ;
#5024 = STYLED_ITEM ( 'NONE', ( #4132 ), #4171 ) ;
#5025 = SURFACE_STYLE_USAGE ( .BOTH. , #1336 ) ;
#5026 = VERTEX_POINT ( 'NONE', #3183 ) ;
#5027 = EDGE_CURVE ( 'NONE', #6214, #1957, #6888, .T. ) ;
#5028 = CARTESIAN_POINT ( 'NONE',  ( 6.349999999999977440, 15.75000000000000355, -8.200000000000001066 ) ) ;
#5029 = DIRECTION ( 'NONE',  ( -0.0000000000000000000, -0.0000000000000000000, 1.000000000000000000 ) ) ;
#5030 = ORIENTED_EDGE ( 'NONE', *, *, #234, .F. ) ;
#5031 = ORIENTED_EDGE ( 'NONE', *, *, #1272, .T. ) ;
#5032 = SURFACE_STYLE_USAGE ( .BOTH. , #4554 ) ;
#5033 = FILL_AREA_STYLE_COLOUR ( '', #5420 ) ;
#5034 = LINE ( 'NONE', #6219, #5070 ) ;
#5035 = CARTESIAN_POINT ( 'NONE',  ( 0.0000000000000000000, 2.200000000000000178, -10.90000000000000036 ) ) ;
#5036 = EDGE_LOOP ( 'NONE', ( #2152, #6919, #1814, #8089, #1221, #2478 ) ) ;
#5037 =( NAMED_UNIT ( * ) SI_UNIT ( $, .STERADIAN. ) SOLID_ANGLE_UNIT ( ) );
#5038 = FACE_OUTER_BOUND ( 'NONE', #4566, .T. ) ;
#5039 = SURFACE_STYLE_USAGE ( .BOTH. , #48 ) ;
#5040 = EDGE_CURVE ( 'NONE', #769, #1780, #1460, .T. ) ;
#5041 = ADVANCED_FACE ( 'NONE', ( #7637 ), #7560, .F. ) ;
#5042 = ORIENTED_EDGE ( 'NONE', *, *, #1497, .T. ) ;
#5043 = STYLED_ITEM ( 'NONE', ( #1642 ), #126 ) ;
#5044 = EDGE_LOOP ( 'NONE', ( #926, #515, #2240, #3607 ) ) ;
#5045 = CARTESIAN_POINT ( 'NONE',  ( -12.09999999999999609, 2.200000000000000178, 9.050000000000000711 ) ) ;
#5046 =( NAMED_UNIT ( * ) SI_UNIT ( $, .STERADIAN. ) SOLID_ANGLE_UNIT ( ) );
#5047 =( NAMED_UNIT ( * ) PLANE_ANGLE_UNIT ( ) SI_UNIT ( $, .RADIAN. ) );
#5048 = SURFACE_STYLE_USAGE ( .BOTH. , #3128 ) ;
#5049 = SURFACE_STYLE_USAGE ( .BOTH. , #3741 ) ;
#5050 = UNCERTAINTY_MEASURE_WITH_UNIT (LENGTH_MEASURE( 1.000000000000000082E-05 ), #2273, 'distance_accuracy_value', 'NONE');
#5051 = ORIENTED_EDGE ( 'NONE', *, *, #3903, .T. ) ;
#5052 = ADVANCED_FACE ( 'NONE', ( #4416 ), #6916, .T. ) ;
#5053 = CARTESIAN_POINT ( 'NONE',  ( 6.350000000000000533, 5.950000000000001066, -8.250000000000000000 ) ) ;
#5054 = EDGE_LOOP ( 'NONE', ( #531, #7952, #5630, #6270 ) ) ;
#5055 = FILL_AREA_STYLE ('',( #3212 ) ) ;
#5056 = STYLED_ITEM ( 'NONE', ( #8124 ), #455 ) ;
#5057 = CARTESIAN_POINT ( 'NONE',  ( -4.199999999999988631, 6.550000000000000711, -8.200000000000001066 ) ) ;
#5058 = FILL_AREA_STYLE ('',( #4451 ) ) ;
#5059 = SURFACE_STYLE_FILL_AREA ( #2509 ) ;
#5060 = CARTESIAN_POINT ( 'NONE',  ( -1.000000000000000888, 15.00000000000000000, 9.050000000000000711 ) ) ;
#5061 =( NAMED_UNIT ( * ) PLANE_ANGLE_UNIT ( ) SI_UNIT ( $, .RADIAN. ) );
#5062 = STYLED_ITEM ( 'NONE', ( #2537 ), #533 ) ;
#5063 = COLOUR_RGB ( '',0.2980392156862745057, 0.2980392156862745057, 0.2980392156862745057 ) ;
#5064 = ORIENTED_EDGE ( 'NONE', *, *, #2091, .F. ) ;
#5065 = SURFACE_STYLE_FILL_AREA ( #6249 ) ;
#5066 = CARTESIAN_POINT ( 'NONE',  ( -5.000000000000000000, -4.000000000000000000, -11.59999999999999964 ) ) ;
#5067 = AXIS2_PLACEMENT_3D ( 'NONE', #4113, #4035, #304 ) ;
#5068 = ORIENTED_EDGE ( 'NONE', *, *, #5848, .F. ) ;
#5069 = LINE ( 'NONE', #4466, #6593 ) ;
#5070 = VECTOR ( 'NONE', #2483, 1000.000000000000000 ) ;
#5071 = VERTEX_POINT ( 'NONE', #3385 ) ;
#5072 = DIRECTION ( 'NONE',  ( -1.000000000000000000, 0.0000000000000000000, 0.0000000000000000000 ) ) ;
#5073 = PRESENTATION_LAYER_ASSIGNMENT (  '', '', ( #1271 ) ) ;
#5074 = DIRECTION ( 'NONE',  ( 1.000000000000000000, 0.0000000000000000000, 0.0000000000000000000 ) ) ;
#5075 =( NAMED_UNIT ( * ) PLANE_ANGLE_UNIT ( ) SI_UNIT ( $, .RADIAN. ) );
#5076 = ORIENTED_EDGE ( 'NONE', *, *, #4540, .T. ) ;
#5077 = PRESENTATION_STYLE_ASSIGNMENT (( #704 ) ) ;
#5078 = ADVANCED_FACE ( 'NONE', ( #386 ), #7296, .T. ) ;
#5079 = FILL_AREA_STYLE ('',( #5775 ) ) ;
#5080 = CARTESIAN_POINT ( 'NONE',  ( 5.999999999999997335, 0.0000000000000000000, 12.60000000000000142 ) ) ;
#5081 = CARTESIAN_POINT ( 'NONE',  ( -1.000000000000000888, 0.9921485132883310909, 12.60000000000000142 ) ) ;
#5082 = ORIENTED_EDGE ( 'NONE', *, *, #6891, .F. ) ;
#5083 = ORIENTED_EDGE ( 'NONE', *, *, #3571, .F. ) ;
#5084 = SURFACE_STYLE_USAGE ( .BOTH. , #6897 ) ;
#5085 = EDGE_CURVE ( 'NONE', #6386, #6907, #4019, .T. ) ;
#5086 =( LENGTH_UNIT ( ) NAMED_UNIT ( * ) SI_UNIT ( .MILLI., .METRE. ) );
#5087 = PLANE ( 'NONE',  #7790 ) ;
#5088 = FILL_AREA_STYLE ('',( #3300 ) ) ;
#5089 = PLANE ( 'NONE',  #4279 ) ;
#5090 = LINE ( 'NONE', #717, #168 ) ;
#5091 = ORIENTED_EDGE ( 'NONE', *, *, #1174, .T. ) ;
#5092 =( GEOMETRIC_REPRESENTATION_CONTEXT ( 3 ) GLOBAL_UNCERTAINTY_ASSIGNED_CONTEXT ( ( #7732 ) ) GLOBAL_UNIT_ASSIGNED_CONTEXT ( ( #2397, #1634, #4794 ) ) REPRESENTATION_CONTEXT ( 'NONE', 'WORKASPACE' ) );
#5093 = DIRECTION ( 'NONE',  ( 0.0000000000000000000, 0.0000000000000000000, -1.000000000000000000 ) ) ;
#5094 = ORIENTED_EDGE ( 'NONE', *, *, #1072, .T. ) ;
#5095 = MECHANICAL_DESIGN_GEOMETRIC_PRESENTATION_REPRESENTATION (  '', ( #2610 ), #6531 ) ;
#5096 = LINE ( 'NONE', #5750, #7318 ) ;
#5097 =( LENGTH_UNIT ( ) NAMED_UNIT ( * ) SI_UNIT ( .MILLI., .METRE. ) );
#5098 = EDGE_CURVE ( 'NONE', #3353, #6376, #6763, .T. ) ;
#5099 = DIRECTION ( 'NONE',  ( 0.0000000000000000000, -1.000000000000000000, 0.0000000000000000000 ) ) ;
#5100 = CARTESIAN_POINT ( 'NONE',  ( 6.349999999999976552, 2.749999999999999556, 8.199999999999997513 ) ) ;
#5101 = DIRECTION ( 'NONE',  ( 0.0000000000000000000, -0.0000000000000000000, 1.000000000000000000 ) ) ;
#5102 = ORIENTED_EDGE ( 'NONE', *, *, #2692, .F. ) ;
#5103 = DIRECTION ( 'NONE',  ( -0.0000000000000000000, -1.000000000000000000, -0.0000000000000000000 ) ) ;
#5104 =( NAMED_UNIT ( * ) SI_UNIT ( $, .STERADIAN. ) SOLID_ANGLE_UNIT ( ) );
#5105 =( NAMED_UNIT ( * ) PLANE_ANGLE_UNIT ( ) SI_UNIT ( $, .RADIAN. ) );
#5106 = DIRECTION ( 'NONE',  ( 0.0000000000000000000, 0.0000000000000000000, 1.000000000000000000 ) ) ;
#5107 = VERTEX_POINT ( 'NONE', #230 ) ;
#5108 = DIRECTION ( 'NONE',  ( -0.0000000000000000000, -0.0000000000000000000, -1.000000000000000000 ) ) ;
#5109 =( NAMED_UNIT ( * ) PLANE_ANGLE_UNIT ( ) SI_UNIT ( $, .RADIAN. ) );
#5110 = ORIENTED_EDGE ( 'NONE', *, *, #6136, .F. ) ;
#5111 = VECTOR ( 'NONE', #6688, 1000.000000000000000 ) ;
#5112 = SURFACE_STYLE_USAGE ( .BOTH. , #2611 ) ;
#5113 = DIRECTION ( 'NONE',  ( 1.000000000000000000, -3.854941057726238097E-16, 0.0000000000000000000 ) ) ;
#5114 =( NAMED_UNIT ( * ) SI_UNIT ( $, .STERADIAN. ) SOLID_ANGLE_UNIT ( ) );
#5115 = LINE ( 'NONE', #7659, #2142 ) ;
#5116 = COLOUR_RGB ( '',1.000000000000000000, 0.9372549019607843146, 0.1372549019607843257 ) ;
#5117 = CARTESIAN_POINT ( 'NONE',  ( 10.00000000000000000, -4.000000000000000000, -11.59999999999999964 ) ) ;
#5118 = COLOUR_RGB ( '',1.000000000000000000, 0.9372549019607843146, 0.1372549019607843257 ) ;
#5119 = FACE_OUTER_BOUND ( 'NONE', #1053, .T. ) ;
#5120 = ORIENTED_EDGE ( 'NONE', *, *, #5633, .T. ) ;
#5121 = FACE_OUTER_BOUND ( 'NONE', #720, .T. ) ;
#5122 = FACE_OUTER_BOUND ( 'NONE', #4833, .T. ) ;
#5123 = FILL_AREA_STYLE ('',( #3119 ) ) ;
#5124 = UNCERTAINTY_MEASURE_WITH_UNIT (LENGTH_MEASURE( 1.000000000000000082E-05 ), #3580, 'distance_accuracy_value', 'NONE');
#5125 = SURFACE_SIDE_STYLE ('',( #1439 ) ) ;
#5126 =( GEOMETRIC_REPRESENTATION_CONTEXT ( 3 ) GLOBAL_UNCERTAINTY_ASSIGNED_CONTEXT ( ( #6266 ) ) GLOBAL_UNIT_ASSIGNED_CONTEXT ( ( #512, #3038, #8084 ) ) REPRESENTATION_CONTEXT ( 'NONE', 'WORKASPACE' ) );
#5127 = VERTEX_POINT ( 'NONE', #2147 ) ;
#5128 = PRESENTATION_LAYER_ASSIGNMENT (  '', '', ( #6304 ) ) ;
#5129 = VERTEX_POINT ( 'NONE', #2720 ) ;
#5130 = EDGE_CURVE ( 'NONE', #58, #4589, #3458, .T. ) ;
#5131 = FILL_AREA_STYLE_COLOUR ( '', #8112 ) ;
#5132 = AXIS2_PLACEMENT_3D ( 'NONE', #6135, #1231, #4 ) ;
#5133 = DIRECTION ( 'NONE',  ( 0.0000000000000000000, 0.0000000000000000000, -1.000000000000000000 ) ) ;
#5134 = AXIS2_PLACEMENT_3D ( 'NONE', #5553, #47, #2531 ) ;
#5135 = CARTESIAN_POINT ( 'NONE',  ( 5.999999999999997335, 0.0000000000000000000, 0.0000000000000000000 ) ) ;
#5136 = CARTESIAN_POINT ( 'NONE',  ( 0.0000000000000000000, -4.000000000000000000, -10.90000000000000036 ) ) ;
#5137 = UNCERTAINTY_MEASURE_WITH_UNIT (LENGTH_MEASURE( 1.000000000000000082E-05 ), #5762, 'distance_accuracy_value', 'NONE');
#5138 = CARTESIAN_POINT ( 'NONE',  ( 5.999999999999997335, 0.0000000000000000000, 8.250000000000001776 ) ) ;
#5139 = VERTEX_POINT ( 'NONE', #7772 ) ;
#5140 = AXIS2_PLACEMENT_3D ( 'NONE', #57, #6453, #3825 ) ;
#5141 = MECHANICAL_DESIGN_GEOMETRIC_PRESENTATION_REPRESENTATION (  '', ( #6968 ), #4474 ) ;
#5142 = EDGE_CURVE ( 'NONE', #7585, #675, #2105, .T. ) ;
#5143 = DIRECTION ( 'NONE',  ( 0.0000000000000000000, -1.000000000000000000, 0.0000000000000000000 ) ) ;
#5144 =( NAMED_UNIT ( * ) PLANE_ANGLE_UNIT ( ) SI_UNIT ( $, .RADIAN. ) );
#5145 = LINE ( 'NONE', #7683, #6419 ) ;
#5146 = VECTOR ( 'NONE', #2875, 1000.000000000000000 ) ;
#5147 = CARTESIAN_POINT ( 'NONE',  ( -12.74999999999999822, 7.200000000000000178, -12.95000000000000107 ) ) ;
#5148 = PRODUCT_DEFINITION_FORMATION_WITH_SPECIFIED_SOURCE ( 'ANY', '', #3275, .NOT_KNOWN. ) ;
#5149 = EDGE_LOOP ( 'NONE', ( #4788, #6667, #2451, #355 ) ) ;
#5150 = ADVANCED_FACE ( 'NONE', ( #4078 ), #6567, .F. ) ;
#5151 = PRESENTATION_STYLE_ASSIGNMENT (( #2648 ) ) ;
#5152 = ORIENTED_EDGE ( 'NONE', *, *, #3468, .T. ) ;
#5153 =( GEOMETRIC_REPRESENTATION_CONTEXT ( 3 ) GLOBAL_UNCERTAINTY_ASSIGNED_CONTEXT ( ( #4403 ) ) GLOBAL_UNIT_ASSIGNED_CONTEXT ( ( #7291, #5951, #1033 ) ) REPRESENTATION_CONTEXT ( 'NONE', 'WORKASPACE' ) );
#5154 = SURFACE_STYLE_FILL_AREA ( #4421 ) ;
#5155 =( LENGTH_UNIT ( ) NAMED_UNIT ( * ) SI_UNIT ( .MILLI., .METRE. ) );
#5156 = CYLINDRICAL_SURFACE ( 'NONE', #3233, 0.3499999999999996447 ) ;
#5157 = ORIENTED_EDGE ( 'NONE', *, *, #6852, .T. ) ;
#5158 = SURFACE_STYLE_USAGE ( .BOTH. , #319 ) ;
#5159 = SURFACE_SIDE_STYLE ('',( #2077 ) ) ;
#5160 = SURFACE_SIDE_STYLE ('',( #5767 ) ) ;
#5161 = PRESENTATION_LAYER_ASSIGNMENT (  '', '', ( #3977 ) ) ;
#5162 = FILL_AREA_STYLE ('',( #4556 ) ) ;
#5163 = LINE ( 'NONE', #207, #4588 ) ;
#5164 =( LENGTH_UNIT ( ) NAMED_UNIT ( * ) SI_UNIT ( .MILLI., .METRE. ) );
#5165 =( NAMED_UNIT ( * ) PLANE_ANGLE_UNIT ( ) SI_UNIT ( $, .RADIAN. ) );
#5166 = ORIENTED_EDGE ( 'NONE', *, *, #7171, .F. ) ;
#5167 = SURFACE_SIDE_STYLE ('',( #1400 ) ) ;
#5168 = DIRECTION ( 'NONE',  ( 0.0000000000000000000, 1.000000000000000000, 0.0000000000000000000 ) ) ;
#5169 = VERTEX_POINT ( 'NONE', #1040 ) ;
#5170 = CARTESIAN_POINT ( 'NONE',  ( -12.09999999999999787, 2.200000000000000178, -12.59999999999999964 ) ) ;
#5171 = DIRECTION ( 'NONE',  ( 0.0000000000000000000, 0.0000000000000000000, 1.000000000000000000 ) ) ;
#5172 = SURFACE_SIDE_STYLE ('',( #917 ) ) ;
#5173 = FACE_OUTER_BOUND ( 'NONE', #3078, .T. ) ;
#5174 = DIRECTION ( 'NONE',  ( 1.000000000000000000, 0.0000000000000000000, 0.0000000000000000000 ) ) ;
#5175 = ORIENTED_EDGE ( 'NONE', *, *, #8024, .T. ) ;
#5176 = PRESENTATION_LAYER_ASSIGNMENT (  '', '', ( #6609 ) ) ;
#5177 = AXIS2_PLACEMENT_3D ( 'NONE', #2129, #5168, #2161 ) ;
#5178 = DIRECTION ( 'NONE',  ( -1.000000000000000000, -0.0000000000000000000, -0.0000000000000000000 ) ) ;
#5179 = DIRECTION ( 'NONE',  ( -0.0000000000000000000, 1.000000000000000000, -0.0000000000000000000 ) ) ;
#5180 = PLANE ( 'NONE',  #2228 ) ;
#5181 =( GEOMETRIC_REPRESENTATION_CONTEXT ( 3 ) GLOBAL_UNCERTAINTY_ASSIGNED_CONTEXT ( ( #1756 ) ) GLOBAL_UNIT_ASSIGNED_CONTEXT ( ( #4092, #2269, #2342 ) ) REPRESENTATION_CONTEXT ( 'NONE', 'WORKASPACE' ) );
#5182 = ORIENTED_EDGE ( 'NONE', *, *, #4557, .T. ) ;
#5183 = EDGE_CURVE ( 'NONE', #2367, #3774, #7045, .T. ) ;
#5184 = PRESENTATION_STYLE_ASSIGNMENT (( #5806 ) ) ;
#5185 = PRESENTATION_LAYER_ASSIGNMENT (  '', '', ( #7449 ) ) ;
#5186 = ORIENTED_EDGE ( 'NONE', *, *, #1577, .F. ) ;
#5187 = SURFACE_SIDE_STYLE ('',( #5065 ) ) ;
#5188 =( NAMED_UNIT ( * ) PLANE_ANGLE_UNIT ( ) SI_UNIT ( $, .RADIAN. ) );
#5189 =( LENGTH_UNIT ( ) NAMED_UNIT ( * ) SI_UNIT ( .MILLI., .METRE. ) );
#5190 = ORIENTED_EDGE ( 'NONE', *, *, #6795, .T. ) ;
#5191 = FACE_OUTER_BOUND ( 'NONE', #2399, .T. ) ;
#5192 = CARTESIAN_POINT ( 'NONE',  ( -9.349999999999999645, 5.750000000000020428, -8.200000000000001066 ) ) ;
#5193 =( GEOMETRIC_REPRESENTATION_CONTEXT ( 3 ) GLOBAL_UNCERTAINTY_ASSIGNED_CONTEXT ( ( #2598 ) ) GLOBAL_UNIT_ASSIGNED_CONTEXT ( ( #6139, #2369, #3034 ) ) REPRESENTATION_CONTEXT ( 'NONE', 'WORKASPACE' ) );
#5194 =( GEOMETRIC_REPRESENTATION_CONTEXT ( 3 ) GLOBAL_UNCERTAINTY_ASSIGNED_CONTEXT ( ( #3644 ) ) GLOBAL_UNIT_ASSIGNED_CONTEXT ( ( #1004, #4659, #2798 ) ) REPRESENTATION_CONTEXT ( 'NONE', 'WORKASPACE' ) );
#5195 = LINE ( 'NONE', #4470, #1965 ) ;
#5196 =( GEOMETRIC_REPRESENTATION_CONTEXT ( 3 ) GLOBAL_UNCERTAINTY_ASSIGNED_CONTEXT ( ( #311 ) ) GLOBAL_UNIT_ASSIGNED_CONTEXT ( ( #103, #5874, #2068 ) ) REPRESENTATION_CONTEXT ( 'NONE', 'WORKASPACE' ) );
#5197 = STYLED_ITEM ( 'NONE', ( #7021 ), #694 ) ;
#5198 =( LENGTH_UNIT ( ) NAMED_UNIT ( * ) SI_UNIT ( .MILLI., .METRE. ) );
#5199 = FILL_AREA_STYLE_COLOUR ( '', #2708 ) ;
#5200 = EDGE_CURVE ( 'NONE', #1252, #6467, #1153, .T. ) ;
#5201 = PRESENTATION_STYLE_ASSIGNMENT (( #7024 ) ) ;
#5202 = EDGE_CURVE ( 'NONE', #8034, #118, #7315, .T. ) ;
#5203 = ORIENTED_EDGE ( 'NONE', *, *, #598, .F. ) ;
#5204 = CARTESIAN_POINT ( 'NONE',  ( 12.09999999999999432, 2.200000000000000178, -9.050000000000000711 ) ) ;
#5205 = VECTOR ( 'NONE', #1173, 1000.000000000000000 ) ;
#5206 = VERTEX_POINT ( 'NONE', #6734 ) ;
#5207 = VERTEX_POINT ( 'NONE', #4966 ) ;
#5208 = DIRECTION ( 'NONE',  ( 3.854941057726238097E-16, -1.000000000000000000, 0.0000000000000000000 ) ) ;
#5209 = COLOUR_RGB ( '',0.6666666666666666297, 0.6980392156862744724, 0.7686274509803920907 ) ;
#5210 = SURFACE_STYLE_USAGE ( .BOTH. , #5172 ) ;
#5211 = DIRECTION ( 'NONE',  ( -1.000000000000000000, 0.0000000000000000000, 0.0000000000000000000 ) ) ;
#5212 = LINE ( 'NONE', #2634, #4748 ) ;
#5213 = ORIENTED_EDGE ( 'NONE', *, *, #906, .F. ) ;
#5214 = FILL_AREA_STYLE_COLOUR ( '', #186 ) ;
#5215 = STYLED_ITEM ( 'NONE', ( #4240 ), #5676 ) ;
#5216 = DIRECTION ( 'NONE',  ( 0.0000000000000000000, 1.000000000000000000, 0.0000000000000000000 ) ) ;
#5217 = CARTESIAN_POINT ( 'NONE',  ( -9.000000000000001776, 2.200000000000000178, -9.050000000000000711 ) ) ;
#5218 =( LENGTH_UNIT ( ) NAMED_UNIT ( * ) SI_UNIT ( .MILLI., .METRE. ) );
#5219 = DIRECTION ( 'NONE',  ( -0.0000000000000000000, -0.0000000000000000000, -1.000000000000000000 ) ) ;
#5220 = CARTESIAN_POINT ( 'NONE',  ( 12.09999999999999432, 6.000000000000000000, -9.050000000000000711 ) ) ;
#5221 = UNCERTAINTY_MEASURE_WITH_UNIT (LENGTH_MEASURE( 1.000000000000000082E-05 ), #4422, 'distance_accuracy_value', 'NONE');
#5222 = VERTEX_POINT ( 'NONE', #3084 ) ;
#5223 = CIRCLE ( 'NONE', #7081, 1.000000000000000000 ) ;
#5224 = VERTEX_POINT ( 'NONE', #3041 ) ;
#5225 = SURFACE_SIDE_STYLE ('',( #2725 ) ) ;
#5226 =( NAMED_UNIT ( * ) SI_UNIT ( $, .STERADIAN. ) SOLID_ANGLE_UNIT ( ) );
#5227 = FILL_AREA_STYLE ('',( #7057 ) ) ;
#5228 = ADVANCED_FACE ( 'NONE', ( #6819, #6691 ), #2912, .T. ) ;
#5229 = ORIENTED_EDGE ( 'NONE', *, *, #3028, .T. ) ;
#5230 = CARTESIAN_POINT ( 'NONE',  ( 0.0000000000000000000, 15.00000000000000000, 0.0000000000000000000 ) ) ;
#5231 = COLOUR_RGB ( '',1.000000000000000000, 1.000000000000000000, 1.000000000000000000 ) ;
#5232 = ORIENTED_EDGE ( 'NONE', *, *, #7744, .T. ) ;
#5233 = SURFACE_STYLE_FILL_AREA ( #4632 ) ;
#5234 = VECTOR ( 'NONE', #3790, 1000.000000000000000 ) ;
#5235 = PRESENTATION_STYLE_ASSIGNMENT (( #2271 ) ) ;
#5236 = DIRECTION ( 'NONE',  ( -1.000000000000000000, 0.0000000000000000000, -0.0000000000000000000 ) ) ;
#5237 = ADVANCED_FACE ( 'NONE', ( #8086, #4922 ), #1115, .F. ) ;
#5238 = DIRECTION ( 'NONE',  ( -0.0000000000000000000, -1.000000000000000000, -0.0000000000000000000 ) ) ;
#5239 =( LENGTH_UNIT ( ) NAMED_UNIT ( * ) SI_UNIT ( .MILLI., .METRE. ) );
#5240 = COLOUR_RGB ( '',0.1019607843137254888, 0.1019607843137254888, 0.1019607843137254888 ) ;
#5241 = PRESENTATION_STYLE_ASSIGNMENT (( #870 ) ) ;
#5242 = ORIENTED_EDGE ( 'NONE', *, *, #1272, .F. ) ;
#5243 = SURFACE_SIDE_STYLE ('',( #3293 ) ) ;
#5244 = VECTOR ( 'NONE', #7336, 1000.000000000000000 ) ;
#5245 = ORIENTED_EDGE ( 'NONE', *, *, #922, .F. ) ;
#5246 = EDGE_CURVE ( 'NONE', #1234, #5169, #2025, .T. ) ;
#5247 = ADVANCED_FACE ( 'NONE', ( #7036 ), #5089, .F. ) ;
#5248 = EDGE_LOOP ( 'NONE', ( #4120, #7415 ) ) ;
#5249 = AXIS2_PLACEMENT_3D ( 'NONE', #6708, #5459, #8015 ) ;
#5250 = LINE ( 'NONE', #1560, #2438 ) ;
#5251 = SURFACE_STYLE_USAGE ( .BOTH. , #7080 ) ;
#5252 = AXIS2_PLACEMENT_3D ( 'NONE', #6063, #5988, #8005 ) ;
#5253 = DIRECTION ( 'NONE',  ( 0.0000000000000000000, 0.0000000000000000000, -1.000000000000000000 ) ) ;
#5254 = DIRECTION ( 'NONE',  ( -1.000000000000000000, 0.0000000000000000000, 0.0000000000000000000 ) ) ;
#5255 = VECTOR ( 'NONE', #4689, 1000.000000000000000 ) ;
#5256 = CARTESIAN_POINT ( 'NONE',  ( 6.149999999999999467, 5.750000000000000000, 8.250000000000000000 ) ) ;
#5257 = CIRCLE ( 'NONE', #825, 0.3499999999999996447 ) ;
#5258 = VECTOR ( 'NONE', #374, 1000.000000000000000 ) ;
#5259 = DIRECTION ( 'NONE',  ( 0.0000000000000000000, 0.0000000000000000000, 1.000000000000000000 ) ) ;
#5260 = COLOUR_RGB ( '',0.1019607843137254888, 0.1019607843137254888, 0.1019607843137254888 ) ;
#5261 = FILL_AREA_STYLE_COLOUR ( '', #7991 ) ;
#5262 = DIRECTION ( 'NONE',  ( -0.0000000000000000000, -0.0000000000000000000, 1.000000000000000000 ) ) ;
#5263 =( NAMED_UNIT ( * ) PLANE_ANGLE_UNIT ( ) SI_UNIT ( $, .RADIAN. ) );
#5264 = ORIENTED_EDGE ( 'NONE', *, *, #8082, .F. ) ;
#5265 = CIRCLE ( 'NONE', #1071, 0.5000000000000004441 ) ;
#5266 = AXIS2_PLACEMENT_3D ( 'NONE', #3000, #5482, #2376 ) ;
#5267 = CARTESIAN_POINT ( 'NONE',  ( 12.59999999999999964, 2.200000000000000178, 12.09999999999999609 ) ) ;
#5268 = SURFACE_SIDE_STYLE ('',( #5958 ) ) ;
#5269 = DIRECTION ( 'NONE',  ( -1.000000000000000000, 0.0000000000000000000, 0.0000000000000000000 ) ) ;
#5270 = DIRECTION ( 'NONE',  ( 0.0000000000000000000, 0.0000000000000000000, -1.000000000000000000 ) ) ;
#5271 = VERTEX_POINT ( 'NONE', #1240 ) ;
#5272 = PLANE ( 'NONE',  #1211 ) ;
#5273 =( GEOMETRIC_REPRESENTATION_CONTEXT ( 3 ) GLOBAL_UNCERTAINTY_ASSIGNED_CONTEXT ( ( #7711 ) ) GLOBAL_UNIT_ASSIGNED_CONTEXT ( ( #7371, #6095, #4523 ) ) REPRESENTATION_CONTEXT ( 'NONE', 'WORKASPACE' ) );
#5274 = VERTEX_POINT ( 'NONE', #5136 ) ;
#5275 = VECTOR ( 'NONE', #2462, 1000.000000000000000 ) ;
#5276 = FILL_AREA_STYLE_COLOUR ( '', #6941 ) ;
#5277 =( NAMED_UNIT ( * ) PLANE_ANGLE_UNIT ( ) SI_UNIT ( $, .RADIAN. ) );
#5278 = CARTESIAN_POINT ( 'NONE',  ( -9.000000000000001776, 15.00000000000000000, -9.050000000000000711 ) ) ;
#5279 = FILL_AREA_STYLE ('',( #5895 ) ) ;
#5280 = STYLED_ITEM ( 'NONE', ( #6185 ), #3952 ) ;
#5281 =( NAMED_UNIT ( * ) PLANE_ANGLE_UNIT ( ) SI_UNIT ( $, .RADIAN. ) );
#5282 = ORIENTED_EDGE ( 'NONE', *, *, #1688, .T. ) ;
#5283 = DIRECTION ( 'NONE',  ( -0.0000000000000000000, 0.0000000000000000000, 1.000000000000000000 ) ) ;
#5284 = AXIS2_PLACEMENT_3D ( 'NONE', #4254, #2350, #1096 ) ;
#5285 = VERTEX_POINT ( 'NONE', #4401 ) ;
#5286 = CARTESIAN_POINT ( 'NONE',  ( 12.75000000000000000, 6.650000000000000355, -9.550000000000000711 ) ) ;
#5287 = PLANE ( 'NONE',  #1408 ) ;
#5288 = EDGE_CURVE ( 'NONE', #7797, #7137, #7624, .T. ) ;
#5289 = CYLINDRICAL_SURFACE ( 'NONE', #5641, 0.3499999999999996447 ) ;
#5290 = CARTESIAN_POINT ( 'NONE',  ( 8.999999999999998224, 6.500000000000000888, -9.050000000000000711 ) ) ;
#5291 = SURFACE_SIDE_STYLE ('',( #4111 ) ) ;
#5292 = CARTESIAN_POINT ( 'NONE',  ( -9.500000000000000000, 6.650000000000000355, -9.550000000000000711 ) ) ;
#5293 = ADVANCED_FACE ( 'NONE', ( #3910 ), #183, .F. ) ;
#5294 = DIRECTION ( 'NONE',  ( -0.0000000000000000000, -0.0000000000000000000, 1.000000000000000000 ) ) ;
#5295 = DIRECTION ( 'NONE',  ( 0.0000000000000000000, -0.0000000000000000000, -1.000000000000000000 ) ) ;
#5296 = EDGE_CURVE ( 'NONE', #709, #2380, #8121, .T. ) ;
#5297 = CLOSED_SHELL ( 'NONE', ( #126, #7077, #3042, #4878, #4567, #1985, #3444, #797, #2132, #7435, #5515, #7132, #7621, #2835, #6539, #5150, #422, #1188, #1676, #1843, #3724, #7548, #5676, #6836, #2870, #3445, #6547, #7008, #6911, #8154, #6348, #7751, #694, #2639, #4711, #146, #3198, #4356, #6940, #3731, #5935, #291, #1503, #992, #1690, #4988, #4801, #4793, #6114, #6130, #4191, #1820, #6279, #3892, #5614, #4298, #7322, #6640, #2739, #1391, #6597, #455, #2921, #774, #5808, #2679, #5887, #2280, #3681, #3234, #3181, #2964, #4979, #7993, #6490, #5433, #6511, #3130, #3796, #1624, #849, #7893, #5247, #6250 ) ) ;
#5298 = UNCERTAINTY_MEASURE_WITH_UNIT (LENGTH_MEASURE( 1.000000000000000082E-05 ), #3199, 'distance_accuracy_value', 'NONE');
#5299 = VECTOR ( 'NONE', #3204, 1000.000000000000000 ) ;
#5300 = DIRECTION ( 'NONE',  ( -1.000000000000000000, 0.0000000000000000000, 0.0000000000000000000 ) ) ;
#5301 = ORIENTED_EDGE ( 'NONE', *, *, #7686, .T. ) ;
#5302 = DIRECTION ( 'NONE',  ( 0.0000000000000000000, -1.000000000000000000, 0.0000000000000000000 ) ) ;
#5303 = VECTOR ( 'NONE', #4302, 1000.000000000000000 ) ;
#5304 = CARTESIAN_POINT ( 'NONE',  ( -12.75000000000000178, 15.75000000000000000, 12.95000000000000107 ) ) ;
#5305 = ORIENTED_EDGE ( 'NONE', *, *, #6083, .T. ) ;
#5306 =( NAMED_UNIT ( * ) PLANE_ANGLE_UNIT ( ) SI_UNIT ( $, .RADIAN. ) );
#5307 = PRESENTATION_STYLE_ASSIGNMENT (( #7017 ) ) ;
#5308 = DIRECTION ( 'NONE',  ( 1.906289534040447240E-16, -1.000000000000000000, 0.0000000000000000000 ) ) ;
#5309 = ORIENTED_EDGE ( 'NONE', *, *, #4248, .T. ) ;
#5310 =( LENGTH_UNIT ( ) NAMED_UNIT ( * ) SI_UNIT ( .MILLI., .METRE. ) );
#5311 = COLOUR_RGB ( '',0.2980392156862745057, 0.2980392156862745057, 0.2980392156862745057 ) ;
#5312 = CARTESIAN_POINT ( 'NONE',  ( 9.000000000000001776, 15.00000000000000000, 9.050000000000000711 ) ) ;
#5313 = DIRECTION ( 'NONE',  ( -1.000000000000000000, 0.0000000000000000000, -0.0000000000000000000 ) ) ;
#5314 = PRESENTATION_STYLE_ASSIGNMENT (( #7827 ) ) ;
#5315 = MECHANICAL_DESIGN_GEOMETRIC_PRESENTATION_REPRESENTATION (  '', ( #7168 ), #3745 ) ;
#5316 =( NAMED_UNIT ( * ) SI_UNIT ( $, .STERADIAN. ) SOLID_ANGLE_UNIT ( ) );
#5317 = EDGE_CURVE ( 'NONE', #1507, #7776, #2826, .T. ) ;
#5318 = ORIENTED_EDGE ( 'NONE', *, *, #1597, .F. ) ;
#5319 =( NAMED_UNIT ( * ) PLANE_ANGLE_UNIT ( ) SI_UNIT ( $, .RADIAN. ) );
#5320 = MECHANICAL_DESIGN_GEOMETRIC_PRESENTATION_REPRESENTATION (  '', ( #620 ), #1659 ) ;
#5321 = VERTEX_POINT ( 'NONE', #844 ) ;
#5322 = VECTOR ( 'NONE', #1527, 1000.000000000000000 ) ;
#5323 = EDGE_LOOP ( 'NONE', ( #1385, #4645 ) ) ;
#5324 = CARTESIAN_POINT ( 'NONE',  ( 4.199999999999989519, 11.94999999999999929, -8.200000000000001066 ) ) ;
#5325 = EDGE_CURVE ( 'NONE', #1793, #4945, #375, .T. ) ;
#5326 = DIRECTION ( 'NONE',  ( 1.000000000000000000, -0.0000000000000000000, -0.0000000000000000000 ) ) ;
#5327 = LINE ( 'NONE', #2139, #7053 ) ;
#5328 = EDGE_CURVE ( 'NONE', #2588, #73, #5327, .T. ) ;
#5329 = FILL_AREA_STYLE ('',( #3925 ) ) ;
#5330 =( LENGTH_UNIT ( ) NAMED_UNIT ( * ) SI_UNIT ( .MILLI., .METRE. ) );
#5331 = SURFACE_SIDE_STYLE ('',( #8039 ) ) ;
#5332 = DIRECTION ( 'NONE',  ( -0.0000000000000000000, 1.000000000000000000, -0.0000000000000000000 ) ) ;
#5333 = DIRECTION ( 'NONE',  ( 0.0000000000000000000, 0.0000000000000000000, -1.000000000000000000 ) ) ;
#5334 = PRESENTATION_STYLE_ASSIGNMENT (( #3616 ) ) ;
#5335 = SURFACE_STYLE_FILL_AREA ( #5955 ) ;
#5336 = EDGE_LOOP ( 'NONE', ( #656, #4267 ) ) ;
#5337 = CARTESIAN_POINT ( 'NONE',  ( 2.000000000000001332, 12.75000000000000178, 12.60000000000000142 ) ) ;
#5338 = EDGE_LOOP ( 'NONE', ( #1758, #2969, #1661, #2473 ) ) ;
#5339 = MECHANICAL_DESIGN_GEOMETRIC_PRESENTATION_REPRESENTATION (  '', ( #7202 ), #3780 ) ;
#5340 = ADVANCED_FACE ( 'NONE', ( #5173 ), #3410, .F. ) ;
#5341 = EDGE_CURVE ( 'NONE', #5271, #6293, #7323, .T. ) ;
#5342 = DIRECTION ( 'NONE',  ( 0.0000000000000000000, 1.000000000000000000, 0.0000000000000000000 ) ) ;
#5343 = VERTEX_POINT ( 'NONE', #4063 ) ;
#5344 = CARTESIAN_POINT ( 'NONE',  ( -1.000000000000000888, 0.9921485132883310909, -8.249999999999991118 ) ) ;
#5345 = PRESENTATION_LAYER_ASSIGNMENT (  '', '', ( #7200 ) ) ;
#5346 = DIRECTION ( 'NONE',  ( -0.0000000000000000000, -0.0000000000000000000, -1.000000000000000000 ) ) ;
#5347 = ORIENTED_EDGE ( 'NONE', *, *, #198, .F. ) ;
#5348 = AXIS2_PLACEMENT_3D ( 'NONE', #4342, #6845, #2313 ) ;
#5349 =( NAMED_UNIT ( * ) SI_UNIT ( $, .STERADIAN. ) SOLID_ANGLE_UNIT ( ) );
#5350 = DIRECTION ( 'NONE',  ( 1.000000000000000000, 0.0000000000000000000, 0.0000000000000000000 ) ) ;
#5351 = DIRECTION ( 'NONE',  ( 0.0000000000000000000, 0.0000000000000000000, 1.000000000000000000 ) ) ;
#5352 = CARTESIAN_POINT ( 'NONE',  ( 12.75000000000000000, 15.75000000000000000, 12.95000000000000107 ) ) ;
#5353 = ORIENTED_EDGE ( 'NONE', *, *, #5130, .T. ) ;
#5354 = VECTOR ( 'NONE', #3625, 1000.000000000000000 ) ;
#5355 = DIRECTION ( 'NONE',  ( -1.000000000000000000, 0.0000000000000000000, 0.0000000000000000000 ) ) ;
#5356 = UNCERTAINTY_MEASURE_WITH_UNIT (LENGTH_MEASURE( 1.000000000000000082E-05 ), #2796, 'distance_accuracy_value', 'NONE');
#5357 = ORIENTED_EDGE ( 'NONE', *, *, #7392, .T. ) ;
#5358 = SURFACE_SIDE_STYLE ('',( #2856 ) ) ;
#5359 = CARTESIAN_POINT ( 'NONE',  ( 2.499999999999998668, 12.65000000000000213, 12.95000000000000107 ) ) ;
#5360 = PRESENTATION_LAYER_ASSIGNMENT (  '', '', ( #801 ) ) ;
#5361 =( NAMED_UNIT ( * ) SI_UNIT ( $, .STERADIAN. ) SOLID_ANGLE_UNIT ( ) );
#5362 = PLANE ( 'NONE',  #181 ) ;
#5363 =( GEOMETRIC_REPRESENTATION_CONTEXT ( 3 ) GLOBAL_UNCERTAINTY_ASSIGNED_CONTEXT ( ( #1766 ) ) GLOBAL_UNIT_ASSIGNED_CONTEXT ( ( #1163, #4639, #4680 ) ) REPRESENTATION_CONTEXT ( 'NONE', 'WORKASPACE' ) );
#5364 = COLOUR_RGB ( '',0.2980392156862745057, 0.2980392156862745057, 0.2980392156862745057 ) ;
#5365 = EDGE_CURVE ( 'NONE', #896, #3250, #5714, .T. ) ;
#5366 = ORIENTED_EDGE ( 'NONE', *, *, #2736, .T. ) ;
#5367 = DIRECTION ( 'NONE',  ( 0.3739683354969405293, 0.9274414720324122285, 0.0000000000000000000 ) ) ;
#5368 =( GEOMETRIC_REPRESENTATION_CONTEXT ( 3 ) GLOBAL_UNCERTAINTY_ASSIGNED_CONTEXT ( ( #1691 ) ) GLOBAL_UNIT_ASSIGNED_CONTEXT ( ( #2214, #469, #2952 ) ) REPRESENTATION_CONTEXT ( 'NONE', 'WORKASPACE' ) );
#5369 = DIRECTION ( 'NONE',  ( -1.000000000000000000, 3.854941057726238097E-16, 0.0000000000000000000 ) ) ;
#5370 = COLOUR_RGB ( '',0.6666666666666666297, 0.6980392156862744724, 0.7686274509803920907 ) ;
#5371 = CARTESIAN_POINT ( 'NONE',  ( 0.0000000000000000000, 2.200000000000000178, -11.25000000000000000 ) ) ;
#5372 = CARTESIAN_POINT ( 'NONE',  ( -1.000000000000000888, 0.9921485132883310909, -9.050000000000000711 ) ) ;
#5373 =( GEOMETRIC_REPRESENTATION_CONTEXT ( 3 ) GLOBAL_UNCERTAINTY_ASSIGNED_CONTEXT ( ( #2987 ) ) GLOBAL_UNIT_ASSIGNED_CONTEXT ( ( #1664, #3669, #6158 ) ) REPRESENTATION_CONTEXT ( 'NONE', 'WORKASPACE' ) );
#5374 = UNCERTAINTY_MEASURE_WITH_UNIT (LENGTH_MEASURE( 1.000000000000000082E-05 ), #1510, 'distance_accuracy_value', 'NONE');
#5375 = EDGE_CURVE ( 'NONE', #5408, #3735, #3989, .T. ) ;
#5376 = EDGE_LOOP ( 'NONE', ( #6238, #7074, #3206, #3109 ) ) ;
#5377 = MECHANICAL_DESIGN_GEOMETRIC_PRESENTATION_REPRESENTATION (  '', ( #7916 ), #3164 ) ;
#5378 = MECHANICAL_DESIGN_GEOMETRIC_PRESENTATION_REPRESENTATION (  '', ( #165 ), #4858 ) ;
#5379 = CARTESIAN_POINT ( 'NONE',  ( 2.000000000000001332, 12.75000000000000178, 8.250000000000001776 ) ) ;
#5380 = LINE ( 'NONE', #2301, #4762 ) ;
#5381 = SURFACE_STYLE_USAGE ( .BOTH. , #395 ) ;
#5382 = EDGE_LOOP ( 'NONE', ( #5453, #1995, #3519, #5301 ) ) ;
#5383 = SURFACE_STYLE_FILL_AREA ( #4827 ) ;
#5384 = CARTESIAN_POINT ( 'NONE',  ( -5.000000000000000000, -4.000000000000000000, 11.59999999999999964 ) ) ;
#5385 =( GEOMETRIC_REPRESENTATION_CONTEXT ( 3 ) GLOBAL_UNCERTAINTY_ASSIGNED_CONTEXT ( ( #3256 ) ) GLOBAL_UNIT_ASSIGNED_CONTEXT ( ( #3073, #3029, #8030 ) ) REPRESENTATION_CONTEXT ( 'NONE', 'WORKASPACE' ) );
#5386 = CARTESIAN_POINT ( 'NONE',  ( 5.999999999999997335, 2.200000000000000178, -8.249999999999991118 ) ) ;
#5387 = VERTEX_POINT ( 'NONE', #7806 ) ;
#5388 = EDGE_CURVE ( 'NONE', #1404, #7154, #5573, .T. ) ;
#5389 = EDGE_CURVE ( 'NONE', #1343, #2149, #957, .T. ) ;
#5390 = CARTESIAN_POINT ( 'NONE',  ( -10.00000000000000000, -4.000000000000000000, -11.59999999999999964 ) ) ;
#5391 = MECHANICAL_DESIGN_GEOMETRIC_PRESENTATION_REPRESENTATION (  '', ( #5649 ), #697 ) ;
#5392 = FILL_AREA_STYLE ('',( #7442 ) ) ;
#5393 = DIRECTION ( 'NONE',  ( -0.0000000000000000000, -0.0000000000000000000, 1.000000000000000000 ) ) ;
#5394 = DIRECTION ( 'NONE',  ( -1.000000000000000000, 0.0000000000000000000, 0.0000000000000000000 ) ) ;
#5395 = LINE ( 'NONE', #1750, #4453 ) ;
#5396 = STYLED_ITEM ( 'NONE', ( #3007 ), #4356 ) ;
#5397 = ORIENTED_EDGE ( 'NONE', *, *, #7484, .F. ) ;
#5398 = VECTOR ( 'NONE', #5574, 1000.000000000000000 ) ;
#5399 = VERTEX_POINT ( 'NONE', #4030 ) ;
#5400 = DIRECTION ( 'NONE',  ( 0.0000000000000000000, 1.000000000000000000, 0.0000000000000000000 ) ) ;
#5401 = CARTESIAN_POINT ( 'NONE',  ( 12.09999999999999432, 6.000000000000000000, -9.050000000000000711 ) ) ;
#5402 = VECTOR ( 'NONE', #7245, 1000.000000000000000 ) ;
#5403 =( LENGTH_UNIT ( ) NAMED_UNIT ( * ) SI_UNIT ( .MILLI., .METRE. ) );
#5404 = SURFACE_STYLE_FILL_AREA ( #752 ) ;
#5405 = FILL_AREA_STYLE_COLOUR ( '', #415 ) ;
#5406 = CARTESIAN_POINT ( 'NONE',  ( 3.999999999999999112, 0.9921485132883310909, 12.60000000000000142 ) ) ;
#5407 = VECTOR ( 'NONE', #6431, 1000.000000000000000 ) ;
#5408 = VERTEX_POINT ( 'NONE', #5946 ) ;
#5409 = LINE ( 'NONE', #4815, #4637 ) ;
#5410 = CARTESIAN_POINT ( 'NONE',  ( 9.500000000000000000, 15.75000000000000000, -9.550000000000000711 ) ) ;
#5411 = PRESENTATION_STYLE_ASSIGNMENT (( #6732 ) ) ;
#5412 = LINE ( 'NONE', #4236, #3809 ) ;
#5413 = FILL_AREA_STYLE_COLOUR ( '', #884 ) ;
#5414 = FACE_OUTER_BOUND ( 'NONE', #6085, .T. ) ;
#5415 = CARTESIAN_POINT ( 'NONE',  ( -8.999999999999998224, 0.0000000000000000000, 8.250000000000000000 ) ) ;
#5416 = ORIENTED_EDGE ( 'NONE', *, *, #3987, .T. ) ;
#5417 = FACE_OUTER_BOUND ( 'NONE', #1205, .T. ) ;
#5418 = EDGE_CURVE ( 'NONE', #1154, #506, #2170, .T. ) ;
#5419 = COLOUR_RGB ( '',0.6666666666666666297, 0.6980392156862744724, 0.7686274509803920907 ) ;
#5420 = COLOUR_RGB ( '',0.1019607843137254888, 0.1019607843137254888, 0.1019607843137254888 ) ;
#5421 = DIRECTION ( 'NONE',  ( 1.000000000000000000, 0.0000000000000000000, 0.0000000000000000000 ) ) ;
#5422 = AXIS2_PLACEMENT_3D ( 'NONE', #2226, #1702, #7865 ) ;
#5423 = SURFACE_SIDE_STYLE ('',( #2927 ) ) ;
#5424 = FACE_OUTER_BOUND ( 'NONE', #3976, .T. ) ;
#5425 = CARTESIAN_POINT ( 'NONE',  ( 5.999999999999997335, 2.200000000000000178, 12.60000000000000142 ) ) ;
#5426 = LINE ( 'NONE', #6754, #2398 ) ;
#5427 = ORIENTED_EDGE ( 'NONE', *, *, #2050, .F. ) ;
#5428 = COLOUR_RGB ( '',1.000000000000000000, 0.9372549019607843146, 0.1372549019607843257 ) ;
#5429 = PRESENTATION_STYLE_ASSIGNMENT (( #7321 ) ) ;
#5430 = MECHANICAL_DESIGN_GEOMETRIC_PRESENTATION_REPRESENTATION (  '', ( #3370 ), #4268 ) ;
#5431 = EDGE_CURVE ( 'NONE', #5898, #3846, #1185, .T. ) ;
#5432 = STYLED_ITEM ( 'NONE', ( #7339 ), #5237 ) ;
#5433 = ADVANCED_FACE ( 'NONE', ( #5437 ), #4769, .F. ) ;
#5434 = FACE_OUTER_BOUND ( 'NONE', #564, .T. ) ;
#5435 =( GEOMETRIC_REPRESENTATION_CONTEXT ( 3 ) GLOBAL_UNCERTAINTY_ASSIGNED_CONTEXT ( ( #6610 ) ) GLOBAL_UNIT_ASSIGNED_CONTEXT ( ( #5452, #4084, #440 ) ) REPRESENTATION_CONTEXT ( 'NONE', 'WORKASPACE' ) );
#5436 = FILL_AREA_STYLE ('',( #5405 ) ) ;
#5437 = FACE_OUTER_BOUND ( 'NONE', #2493, .T. ) ;
#5438 = UNCERTAINTY_MEASURE_WITH_UNIT (LENGTH_MEASURE( 1.000000000000000082E-05 ), #5716, 'distance_accuracy_value', 'NONE');
#5439 = CARTESIAN_POINT ( 'NONE',  ( 3.750000000000000000, 15.75000000000000355, 9.550000000000000711 ) ) ;
#5440 = VERTEX_POINT ( 'NONE', #7915 ) ;
#5441 = VERTEX_POINT ( 'NONE', #4182 ) ;
#5442 = LINE ( 'NONE', #4231, #2014 ) ;
#5443 = PLANE ( 'NONE',  #5067 ) ;
#5444 = FILL_AREA_STYLE_COLOUR ( '', #1198 ) ;
#5445 = CARTESIAN_POINT ( 'NONE',  ( 4.200000000000000178, 10.34999999999999964, -9.550000000000000711 ) ) ;
#5446 =( LENGTH_UNIT ( ) NAMED_UNIT ( * ) SI_UNIT ( .MILLI., .METRE. ) );
#5447 = UNCERTAINTY_MEASURE_WITH_UNIT (LENGTH_MEASURE( 1.000000000000000082E-05 ), #795, 'distance_accuracy_value', 'NONE');
#5448 = ORIENTED_EDGE ( 'NONE', *, *, #6483, .F. ) ;
#5449 = MECHANICAL_DESIGN_GEOMETRIC_PRESENTATION_REPRESENTATION (  '', ( #1271 ), #7189 ) ;
#5450 = ORIENTED_EDGE ( 'NONE', *, *, #6305, .F. ) ;
#5451 = DIRECTION ( 'NONE',  ( 0.0000000000000000000, -0.0000000000000000000, 1.000000000000000000 ) ) ;
#5452 =( LENGTH_UNIT ( ) NAMED_UNIT ( * ) SI_UNIT ( .MILLI., .METRE. ) );
#5453 = ORIENTED_EDGE ( 'NONE', *, *, #8043, .T. ) ;
#5454 = PLANE ( 'NONE',  #867 ) ;
#5455 =( GEOMETRIC_REPRESENTATION_CONTEXT ( 3 ) GLOBAL_UNCERTAINTY_ASSIGNED_CONTEXT ( ( #4501 ) ) GLOBAL_UNIT_ASSIGNED_CONTEXT ( ( #3709, #6909, #5662 ) ) REPRESENTATION_CONTEXT ( 'NONE', 'WORKASPACE' ) );
#5456 = DIRECTION ( 'NONE',  ( 0.0000000000000000000, 0.0000000000000000000, -1.000000000000000000 ) ) ;
#5457 = SURFACE_STYLE_FILL_AREA ( #3627 ) ;
#5458 = EDGE_LOOP ( 'NONE', ( #1313, #1974, #4287, #3695 ) ) ;
#5459 = DIRECTION ( 'NONE',  ( -0.0000000000000000000, -0.0000000000000000000, 1.000000000000000000 ) ) ;
#5460 = DIRECTION ( 'NONE',  ( -0.0000000000000000000, -0.0000000000000000000, -1.000000000000000000 ) ) ;
#5461 = EDGE_CURVE ( 'NONE', #6613, #4826, #2246, .T. ) ;
#5462 =( NAMED_UNIT ( * ) SI_UNIT ( $, .STERADIAN. ) SOLID_ANGLE_UNIT ( ) );
#5463 = CARTESIAN_POINT ( 'NONE',  ( -6.000000000000000000, 2.200000000000000622, 12.60000000000000142 ) ) ;
#5464 = PRESENTATION_LAYER_ASSIGNMENT (  '', '', ( #7209 ) ) ;
#5465 = EDGE_CURVE ( 'NONE', #7302, #1309, #235, .T. ) ;
#5466 = FILL_AREA_STYLE ('',( #2934 ) ) ;
#5467 = VECTOR ( 'NONE', #1097, 1000.000000000000000 ) ;
#5468 = SURFACE_STYLE_USAGE ( .BOTH. , #6050 ) ;
#5469 = PRESENTATION_STYLE_ASSIGNMENT (( #4178 ) ) ;
#5470 = CIRCLE ( 'NONE', #527, 3.000000000000000888 ) ;
#5471 = CARTESIAN_POINT ( 'NONE',  ( 5.700000000000000178, 8.150000000000011013, -9.550000000000000711 ) ) ;
#5472 = CARTESIAN_POINT ( 'NONE',  ( -12.09999999999999964, 2.200000000000000178, 12.09999999999999964 ) ) ;
#5473 = EDGE_CURVE ( 'NONE', #2881, #1852, #7286, .T. ) ;
#5474 = CIRCLE ( 'NONE', #7628, 0.5000000000000004441 ) ;
#5475 = ORIENTED_EDGE ( 'NONE', *, *, #3196, .F. ) ;
#5476 = DIRECTION ( 'NONE',  ( 0.0000000000000000000, 0.0000000000000000000, 1.000000000000000000 ) ) ;
#5477 =( NAMED_UNIT ( * ) PLANE_ANGLE_UNIT ( ) SI_UNIT ( $, .RADIAN. ) );
#5478 = LINE ( 'NONE', #8041, #1703 ) ;
#5479 = CARTESIAN_POINT ( 'NONE',  ( 10.00000000000000000, 2.200000000000000178, 10.90000000000000036 ) ) ;
#5480 = FILL_AREA_STYLE ('',( #7338 ) ) ;
#5481 =( NAMED_UNIT ( * ) PLANE_ANGLE_UNIT ( ) SI_UNIT ( $, .RADIAN. ) );
#5482 = DIRECTION ( 'NONE',  ( -0.0000000000000000000, -0.0000000000000000000, 1.000000000000000000 ) ) ;
#5483 = ORIENTED_EDGE ( 'NONE', *, *, #628, .T. ) ;
#5484 = MECHANICAL_DESIGN_GEOMETRIC_PRESENTATION_REPRESENTATION (  '', ( #8027 ), #6549 ) ;
#5485 = ORIENTED_EDGE ( 'NONE', *, *, #3081, .F. ) ;
#5486 =( GEOMETRIC_REPRESENTATION_CONTEXT ( 3 ) GLOBAL_UNCERTAINTY_ASSIGNED_CONTEXT ( ( #1199 ) ) GLOBAL_UNIT_ASSIGNED_CONTEXT ( ( #3874, #2179, #264 ) ) REPRESENTATION_CONTEXT ( 'NONE', 'WORKASPACE' ) );
#5487 = SURFACE_STYLE_USAGE ( .BOTH. , #1694 ) ;
#5488 = LINE ( 'NONE', #393, #2659 ) ;
#5489 = COLOUR_RGB ( '',0.1019607843137254888, 0.1019607843137254888, 0.1019607843137254888 ) ;
#5490 = STYLED_ITEM ( 'NONE', ( #7041 ), #6333 ) ;
#5491 = EDGE_LOOP ( 'NONE', ( #7649, #1693, #5190, #7858 ) ) ;
#5492 = FACE_OUTER_BOUND ( 'NONE', #3476, .T. ) ;
#5493 = CARTESIAN_POINT ( 'NONE',  ( -6.149999999999997691, 12.75000000000000355, 8.250000000000000000 ) ) ;
#5494 =( NAMED_UNIT ( * ) SI_UNIT ( $, .STERADIAN. ) SOLID_ANGLE_UNIT ( ) );
#5495 = ORIENTED_EDGE ( 'NONE', *, *, #2322, .T. ) ;
#5496 =( GEOMETRIC_REPRESENTATION_CONTEXT ( 3 ) GLOBAL_UNCERTAINTY_ASSIGNED_CONTEXT ( ( #5447 ) ) GLOBAL_UNIT_ASSIGNED_CONTEXT ( ( #795, #182, #4572 ) ) REPRESENTATION_CONTEXT ( 'NONE', 'WORKASPACE' ) );
#5497 = MECHANICAL_DESIGN_GEOMETRIC_PRESENTATION_REPRESENTATION (  '', ( #3023 ), #5126 ) ;
#5498 = CARTESIAN_POINT ( 'NONE',  ( 0.0000000000000000000, 0.0000000000000000000, -12.95000000000000107 ) ) ;
#5499 = DIRECTION ( 'NONE',  ( 1.000000000000000000, -3.469446951953614189E-16, 0.0000000000000000000 ) ) ;
#5500 = SURFACE_STYLE_USAGE ( .BOTH. , #3513 ) ;
#5501 = VECTOR ( 'NONE', #1846, 1000.000000000000000 ) ;
#5502 = SURFACE_SIDE_STYLE ('',( #6002 ) ) ;
#5503 = COLOUR_RGB ( '',0.1019607843137254888, 0.1019607843137254888, 0.1019607843137254888 ) ;
#5504 = FILL_AREA_STYLE ('',( #7446 ) ) ;
#5505 = COLOUR_RGB ( '',0.1019607843137254888, 0.1019607843137254888, 0.1019607843137254888 ) ;
#5506 = ORIENTED_EDGE ( 'NONE', *, *, #2988, .F. ) ;
#5507 = EDGE_CURVE ( 'NONE', #7407, #1957, #459, .T. ) ;
#5508 = COLOUR_RGB ( '',1.000000000000000000, 0.9372549019607843146, 0.1372549019607843257 ) ;
#5509 = AXIS2_PLACEMENT_3D ( 'NONE', #978, #5537, #6628 ) ;
#5510 = PRESENTATION_STYLE_ASSIGNMENT (( #2935 ) ) ;
#5511 = AXIS2_PLACEMENT_3D ( 'NONE', #2115, #4086, #3426 ) ;
#5512 = VECTOR ( 'NONE', #555, 1000.000000000000000 ) ;
#5513 = MECHANICAL_DESIGN_GEOMETRIC_PRESENTATION_REPRESENTATION (  '', ( #3328 ), #5273 ) ;
#5514 = DIRECTION ( 'NONE',  ( 1.000000000000000000, 0.0000000000000000000, 0.0000000000000000000 ) ) ;
#5515 = ADVANCED_FACE ( 'NONE', ( #8074 ), #3523, .T. ) ;
#5516 = UNCERTAINTY_MEASURE_WITH_UNIT (LENGTH_MEASURE( 1.000000000000000082E-05 ), #3865, 'distance_accuracy_value', 'NONE');
#5517 = CARTESIAN_POINT ( 'NONE',  ( 6.149999999999999467, 5.750000000000000000, -8.250000000000000000 ) ) ;
#5518 =( GEOMETRIC_REPRESENTATION_CONTEXT ( 3 ) GLOBAL_UNCERTAINTY_ASSIGNED_CONTEXT ( ( #7551 ) ) GLOBAL_UNIT_ASSIGNED_CONTEXT ( ( #2211, #7884, #7921 ) ) REPRESENTATION_CONTEXT ( 'NONE', 'WORKASPACE' ) );
#5519 = ORIENTED_EDGE ( 'NONE', *, *, #6758, .F. ) ;
#5520 = EDGE_LOOP ( 'NONE', ( #2724, #4186 ) ) ;
#5521 = DIRECTION ( 'NONE',  ( 0.3739683354969405293, 0.9274414720324122285, 0.0000000000000000000 ) ) ;
#5522 = SURFACE_SIDE_STYLE ('',( #6358 ) ) ;
#5523 = CARTESIAN_POINT ( 'NONE',  ( 8.999999999999989342, 6.000000000000000000, -9.550000000000007816 ) ) ;
#5524 = COLOUR_RGB ( '',1.000000000000000000, 0.9372549019607843146, 0.1372549019607843257 ) ;
#5525 = CARTESIAN_POINT ( 'NONE',  ( 12.75000000000000000, 6.650000000000000355, -12.95000000000000107 ) ) ;
#5526 =( NAMED_UNIT ( * ) SI_UNIT ( $, .STERADIAN. ) SOLID_ANGLE_UNIT ( ) );
#5527 = UNCERTAINTY_MEASURE_WITH_UNIT (LENGTH_MEASURE( 1.000000000000000082E-05 ), #6953, 'distance_accuracy_value', 'NONE');
#5528 = ORIENTED_EDGE ( 'NONE', *, *, #1599, .F. ) ;
#5529 = PRESENTATION_STYLE_ASSIGNMENT (( #2258 ) ) ;
#5530 = EDGE_LOOP ( 'NONE', ( #4020, #2803, #6572, #5051 ) ) ;
#5531 = AXIS2_PLACEMENT_3D ( 'NONE', #1191, #4918, #283 ) ;
#5532 = LINE ( 'NONE', #6282, #5398 ) ;
#5533 = ORIENTED_EDGE ( 'NONE', *, *, #3148, .T. ) ;
#5534 = ADVANCED_FACE ( 'NONE', ( #1464 ), #4001, .T. ) ;
#5535 = CARTESIAN_POINT ( 'NONE',  ( 0.9999999999999991118, 0.9921485132883310909, 12.60000000000000142 ) ) ;
#5536 =( LENGTH_UNIT ( ) NAMED_UNIT ( * ) SI_UNIT ( .MILLI., .METRE. ) );
#5537 = DIRECTION ( 'NONE',  ( 0.0000000000000000000, -1.000000000000000000, 0.0000000000000000000 ) ) ;
#5538 = PRESENTATION_STYLE_ASSIGNMENT (( #3837 ) ) ;
#5539 = ORIENTED_EDGE ( 'NONE', *, *, #1681, .T. ) ;
#5540 = DIRECTION ( 'NONE',  ( 0.3739683354969404183, -0.9274414720324122285, 0.0000000000000000000 ) ) ;
#5541 = LINE ( 'NONE', #650, #3697 ) ;
#5542 = CARTESIAN_POINT ( 'NONE',  ( -12.09999999999999609, 2.200000000000000178, 12.59999999999999964 ) ) ;
#5543 = ORIENTED_EDGE ( 'NONE', *, *, #3021, .T. ) ;
#5544 = SURFACE_STYLE_FILL_AREA ( #2396 ) ;
#5545 = ORIENTED_EDGE ( 'NONE', *, *, #1566, .F. ) ;
#5546 = CARTESIAN_POINT ( 'NONE',  ( 2.500000000000002220, 15.00000000000000000, -8.250000000000000000 ) ) ;
#5547 = MECHANICAL_DESIGN_GEOMETRIC_PRESENTATION_REPRESENTATION (  '', ( #1759 ), #90 ) ;
#5548 = SURFACE_SIDE_STYLE ('',( #7488 ) ) ;
#5549 = SURFACE_STYLE_FILL_AREA ( #5002 ) ;
#5550 = CARTESIAN_POINT ( 'NONE',  ( 8.999999999999998224, 13.99999999999999822, -9.050000000000000711 ) ) ;
#5551 = COLOUR_RGB ( '',0.1019607843137254888, 0.1019607843137254888, 0.1019607843137254888 ) ;
#5552 = ORIENTED_EDGE ( 'NONE', *, *, #2476, .F. ) ;
#5553 = CARTESIAN_POINT ( 'NONE',  ( -2.500000000000001332, 12.65000000000000391, 12.95000000000000107 ) ) ;
#5554 =( NAMED_UNIT ( * ) PLANE_ANGLE_UNIT ( ) SI_UNIT ( $, .RADIAN. ) );
#5555 = FILL_AREA_STYLE ('',( #2018 ) ) ;
#5556 = DIRECTION ( 'NONE',  ( -0.0000000000000000000, 0.0000000000000000000, 1.000000000000000000 ) ) ;
#5557 = VERTEX_POINT ( 'NONE', #313 ) ;
#5558 = MECHANICAL_DESIGN_GEOMETRIC_PRESENTATION_REPRESENTATION (  '', ( #3881 ), #4797 ) ;
#5559 = VERTEX_POINT ( 'NONE', #4080 ) ;
#5560 = EDGE_CURVE ( 'NONE', #4669, #6184, #7775, .T. ) ;
#5561 =( NAMED_UNIT ( * ) PLANE_ANGLE_UNIT ( ) SI_UNIT ( $, .RADIAN. ) );
#5562 = CARTESIAN_POINT ( 'NONE',  ( 12.09999999999999964, 6.000000000000000000, 9.550000000000000711 ) ) ;
#5563 = CIRCLE ( 'NONE', #2055, 2.999999999999999556 ) ;
#5564 =( NAMED_UNIT ( * ) PLANE_ANGLE_UNIT ( ) SI_UNIT ( $, .RADIAN. ) );
#5565 = COLOUR_RGB ( '',1.000000000000000000, 0.9372549019607843146, 0.1372549019607843257 ) ;
#5566 = CARTESIAN_POINT ( 'NONE',  ( -12.84999999999999254, 7.200000000000000178, 13.05000000000000071 ) ) ;
#5567 = CARTESIAN_POINT ( 'NONE',  ( 10.00000000000000000, 2.200000000000000178, -11.25000000000000000 ) ) ;
#5568 = FACE_OUTER_BOUND ( 'NONE', #5149, .T. ) ;
#5569 = EDGE_CURVE ( 'NONE', #4961, #6159, #3969, .T. ) ;
#5570 = VECTOR ( 'NONE', #5216, 1000.000000000000000 ) ;
#5571 = ORIENTED_EDGE ( 'NONE', *, *, #6499, .T. ) ;
#5572 = DIRECTION ( 'NONE',  ( 0.0000000000000000000, 1.000000000000000000, 0.0000000000000000000 ) ) ;
#5573 = CIRCLE ( 'NONE', #3764, 0.1999999999999996503 ) ;
#5574 = DIRECTION ( 'NONE',  ( 1.000000000000000000, 0.0000000000000000000, 0.0000000000000000000 ) ) ;
#5575 = DIRECTION ( 'NONE',  ( 0.0000000000000000000, -1.000000000000000000, 0.0000000000000000000 ) ) ;
#5576 = ORIENTED_EDGE ( 'NONE', *, *, #2138, .F. ) ;
#5577 = SURFACE_SIDE_STYLE ('',( #5059 ) ) ;
#5578 = FACE_OUTER_BOUND ( 'NONE', #8055, .T. ) ;
#5579 = CARTESIAN_POINT ( 'NONE',  ( -6.149999999999999467, 12.55000000000000426, -8.250000000000000000 ) ) ;
#5580 = DIRECTION ( 'NONE',  ( -0.0000000000000000000, 1.000000000000000000, -0.0000000000000000000 ) ) ;
#5581 =( GEOMETRIC_REPRESENTATION_CONTEXT ( 3 ) GLOBAL_UNCERTAINTY_ASSIGNED_CONTEXT ( ( #1538 ) ) GLOBAL_UNIT_ASSIGNED_CONTEXT ( ( #4098, #6587, #2887 ) ) REPRESENTATION_CONTEXT ( 'NONE', 'WORKASPACE' ) );
#5582 = ORIENTED_EDGE ( 'NONE', *, *, #2385, .F. ) ;
#5583 = EDGE_CURVE ( 'NONE', #2183, #8013, #7851, .T. ) ;
#5584 = EDGE_CURVE ( 'NONE', #4026, #7349, #7075, .T. ) ;
#5585 = ORIENTED_EDGE ( 'NONE', *, *, #4297, .T. ) ;
#5586 = PLANE ( 'NONE',  #1251 ) ;
#5587 =( NAMED_UNIT ( * ) PLANE_ANGLE_UNIT ( ) SI_UNIT ( $, .RADIAN. ) );
#5588 = PLANE ( 'NONE',  #3117 ) ;
#5589 = VERTEX_POINT ( 'NONE', #4119 ) ;
#5590 = CARTESIAN_POINT ( 'NONE',  ( -12.09999999999999609, 6.000000000000000000, 9.050000000000000711 ) ) ;
#5591 = EDGE_LOOP ( 'NONE', ( #4744, #4761, #132, #1619 ) ) ;
#5592 = SURFACE_STYLE_USAGE ( .BOTH. , #4384 ) ;
#5593 = COLOUR_RGB ( '',0.6666666666666666297, 0.6980392156862744724, 0.7686274509803920907 ) ;
#5594 = PRESENTATION_STYLE_ASSIGNMENT (( #1797 ) ) ;
#5595 =( GEOMETRIC_REPRESENTATION_CONTEXT ( 3 ) GLOBAL_UNCERTAINTY_ASSIGNED_CONTEXT ( ( #6679 ) ) GLOBAL_UNIT_ASSIGNED_CONTEXT ( ( #7931, #8088, #4198 ) ) REPRESENTATION_CONTEXT ( 'NONE', 'WORKASPACE' ) );
#5596 =( NAMED_UNIT ( * ) SI_UNIT ( $, .STERADIAN. ) SOLID_ANGLE_UNIT ( ) );
#5597 = CARTESIAN_POINT ( 'NONE',  ( 4.200000000000000178, 10.34999999999999964, 8.199999999999997513 ) ) ;
#5598 = MECHANICAL_DESIGN_GEOMETRIC_PRESENTATION_REPRESENTATION (  '', ( #250 ), #2080 ) ;
#5599 = DIRECTION ( 'NONE',  ( -1.000000000000000000, -0.0000000000000000000, -0.0000000000000000000 ) ) ;
#5600 =( NAMED_UNIT ( * ) SI_UNIT ( $, .STERADIAN. ) SOLID_ANGLE_UNIT ( ) );
#5601 = CARTESIAN_POINT ( 'NONE',  ( 2.000000000000001332, 12.75000000000000178, -9.050000000000000711 ) ) ;
#5602 = DIRECTION ( 'NONE',  ( 0.0000000000000000000, 0.0000000000000000000, -1.000000000000000000 ) ) ;
#5603 = PRESENTATION_LAYER_ASSIGNMENT (  '', '', ( #4583 ) ) ;
#5604 = VERTEX_POINT ( 'NONE', #965 ) ;
#5605 = VERTEX_POINT ( 'NONE', #2218 ) ;
#5606 = MECHANICAL_DESIGN_GEOMETRIC_PRESENTATION_REPRESENTATION (  '', ( #1042 ), #5092 ) ;
#5607 = VECTOR ( 'NONE', #8017, 1000.000000000000000 ) ;
#5608 = SURFACE_SIDE_STYLE ('',( #1237 ) ) ;
#5609 = CARTESIAN_POINT ( 'NONE',  ( 5.000000000000000000, 2.200000000000000178, -11.59999999999999964 ) ) ;
#5610 = DIRECTION ( 'NONE',  ( 0.0000000000000000000, 0.0000000000000000000, 1.000000000000000000 ) ) ;
#5611 =( NAMED_UNIT ( * ) PLANE_ANGLE_UNIT ( ) SI_UNIT ( $, .RADIAN. ) );
#5612 = UNCERTAINTY_MEASURE_WITH_UNIT (LENGTH_MEASURE( 1.000000000000000082E-05 ), #3274, 'distance_accuracy_value', 'NONE');
#5613 = CIRCLE ( 'NONE', #7769, 0.3499999999999996447 ) ;
#5614 = ADVANCED_FACE ( 'NONE', ( #4738 ), #1620, .T. ) ;
#5615 = VECTOR ( 'NONE', #2112, 1000.000000000000000 ) ;
#5616 = SURFACE_STYLE_USAGE ( .BOTH. , #142 ) ;
#5617 = PRESENTATION_STYLE_ASSIGNMENT (( #6824 ) ) ;
#5618 = VECTOR ( 'NONE', #1819, 999.9999999999998863 ) ;
#5619 = DIRECTION ( 'NONE',  ( 0.0000000000000000000, 1.000000000000000000, -0.0000000000000000000 ) ) ;
#5620 = ORIENTED_EDGE ( 'NONE', *, *, #904, .T. ) ;
#5621 =( NAMED_UNIT ( * ) SI_UNIT ( $, .STERADIAN. ) SOLID_ANGLE_UNIT ( ) );
#5622 = SURFACE_SIDE_STYLE ('',( #5707 ) ) ;
#5623 = CARTESIAN_POINT ( 'NONE',  ( -9.000000000000001776, 15.00000000000000000, -9.050000000000000711 ) ) ;
#5624 = VECTOR ( 'NONE', #1112, 1000.000000000000000 ) ;
#5625 = ORIENTED_EDGE ( 'NONE', *, *, #33, .F. ) ;
#5626 = PRESENTATION_LAYER_ASSIGNMENT (  '', '', ( #6294 ) ) ;
#5627 = SURFACE_STYLE_USAGE ( .BOTH. , #2001 ) ;
#5628 = CARTESIAN_POINT ( 'NONE',  ( -4.200000000000000178, 8.150000000000000355, 9.550000000000000711 ) ) ;
#5629 = CARTESIAN_POINT ( 'NONE',  ( -9.000000000000001776, 0.0000000000000000000, -9.050000000000000711 ) ) ;
#5630 = ORIENTED_EDGE ( 'NONE', *, *, #381, .F. ) ;
#5631 = CARTESIAN_POINT ( 'NONE',  ( 5.900000000000001243, 6.500000000000000888, -9.050000000000000711 ) ) ;
#5632 = FILL_AREA_STYLE ('',( #8151 ) ) ;
#5633 = EDGE_CURVE ( 'NONE', #1774, #831, #1680, .T. ) ;
#5634 = ORIENTED_EDGE ( 'NONE', *, *, #3402, .F. ) ;
#5635 = AXIS2_PLACEMENT_3D ( 'NONE', #2036, #6965, #7524 ) ;
#5636 =( NAMED_UNIT ( * ) PLANE_ANGLE_UNIT ( ) SI_UNIT ( $, .RADIAN. ) );
#5637 = CARTESIAN_POINT ( 'NONE',  ( -7.999999999999996447, 13.99999999999999822, 9.050000000000000711 ) ) ;
#5638 = CARTESIAN_POINT ( 'NONE',  ( -12.75000000000000000, 6.650000000000000355, 9.550000000000000711 ) ) ;
#5639 = AXIS2_PLACEMENT_3D ( 'NONE', #499, #4143, #8028 ) ;
#5640 = EDGE_LOOP ( 'NONE', ( #5900, #2746, #4829, #407 ) ) ;
#5641 = AXIS2_PLACEMENT_3D ( 'NONE', #7914, #4263, #2985 ) ;
#5642 = DIRECTION ( 'NONE',  ( -0.0000000000000000000, -0.0000000000000000000, -1.000000000000000000 ) ) ;
#5643 =( GEOMETRIC_REPRESENTATION_CONTEXT ( 3 ) GLOBAL_UNCERTAINTY_ASSIGNED_CONTEXT ( ( #6520 ) ) GLOBAL_UNIT_ASSIGNED_CONTEXT ( ( #672, #7083, #7584 ) ) REPRESENTATION_CONTEXT ( 'NONE', 'WORKASPACE' ) );
#5644 = CARTESIAN_POINT ( 'NONE',  ( -4.200000000000000178, 10.34999999999999964, -8.200000000000001066 ) ) ;
#5645 = VECTOR ( 'NONE', #7165, 1000.000000000000000 ) ;
#5646 = ORIENTED_EDGE ( 'NONE', *, *, #952, .F. ) ;
#5647 = ORIENTED_EDGE ( 'NONE', *, *, #4076, .F. ) ;
#5648 = FILL_AREA_STYLE ('',( #5131 ) ) ;
#5649 = STYLED_ITEM ( 'NONE', ( #6353 ), #8154 ) ;
#5650 = CARTESIAN_POINT ( 'NONE',  ( -12.10000000000000142, 6.000000000000000000, -12.09999999999999964 ) ) ;
#5651 = LINE ( 'NONE', #6860, #6432 ) ;
#5652 = CARTESIAN_POINT ( 'NONE',  ( 5.999999999999997335, 0.0000000000000000000, 12.60000000000000142 ) ) ;
#5653 = FILL_AREA_STYLE_COLOUR ( '', #6440 ) ;
#5654 = FILL_AREA_STYLE ('',( #2676 ) ) ;
#5655 = ORIENTED_EDGE ( 'NONE', *, *, #2883, .F. ) ;
#5656 = VECTOR ( 'NONE', #3659, 1000.000000000000000 ) ;
#5657 = LINE ( 'NONE', #8133, #4174 ) ;
#5658 = ORIENTED_EDGE ( 'NONE', *, *, #3848, .F. ) ;
#5659 = DIRECTION ( 'NONE',  ( 1.000000000000000000, 1.906289534040447240E-16, -0.0000000000000000000 ) ) ;
#5660 = DIRECTION ( 'NONE',  ( 0.0000000000000000000, -1.000000000000000000, 0.0000000000000000000 ) ) ;
#5661 = VECTOR ( 'NONE', #508, 1000.000000000000000 ) ;
#5662 =( NAMED_UNIT ( * ) SI_UNIT ( $, .STERADIAN. ) SOLID_ANGLE_UNIT ( ) );
#5663 =( NAMED_UNIT ( * ) SI_UNIT ( $, .STERADIAN. ) SOLID_ANGLE_UNIT ( ) );
#5664 = PLANE ( 'NONE',  #2756 ) ;
#5665 = SURFACE_SIDE_STYLE ('',( #106 ) ) ;
#5666 = AXIS2_PLACEMENT_3D ( 'NONE', #4015, #2234, #3436 ) ;
#5667 = CARTESIAN_POINT ( 'NONE',  ( -4.200000000000000178, 10.34999999999999964, -9.550000000000000711 ) ) ;
#5668 = ORIENTED_EDGE ( 'NONE', *, *, #7950, .T. ) ;
#5669 = FILL_AREA_STYLE_COLOUR ( '', #1969 ) ;
#5670 = CARTESIAN_POINT ( 'NONE',  ( 12.75000000000000355, 7.200000000000006395, -13.05000000000000071 ) ) ;
#5671 = EDGE_CURVE ( 'NONE', #3353, #5980, #4887, .T. ) ;
#5672 = ORIENTED_EDGE ( 'NONE', *, *, #3590, .F. ) ;
#5673 = FILL_AREA_STYLE ('',( #693 ) ) ;
#5674 = ORIENTED_EDGE ( 'NONE', *, *, #7930, .F. ) ;
#5675 = DIRECTION ( 'NONE',  ( -1.000000000000000000, -2.699958717473629988E-16, 0.0000000000000000000 ) ) ;
#5676 = ADVANCED_FACE ( 'NONE', ( #4824 ), #6110, .F. ) ;
#5677 = CARTESIAN_POINT ( 'NONE',  ( 8.999999999999998224, 0.0000000000000000000, -9.050000000000000711 ) ) ;
#5678 = FILL_AREA_STYLE ('',( #1193 ) ) ;
#5679 = FACE_OUTER_BOUND ( 'NONE', #3129, .T. ) ;
#5680 = SURFACE_SIDE_STYLE ('',( #6932 ) ) ;
#5681 = STYLED_ITEM ( 'NONE', ( #6127 ), #4612 ) ;
#5682 =( LENGTH_UNIT ( ) NAMED_UNIT ( * ) SI_UNIT ( .MILLI., .METRE. ) );
#5683 = UNCERTAINTY_MEASURE_WITH_UNIT (LENGTH_MEASURE( 1.000000000000000082E-05 ), #92, 'distance_accuracy_value', 'NONE');
#5684 =( NAMED_UNIT ( * ) PLANE_ANGLE_UNIT ( ) SI_UNIT ( $, .RADIAN. ) );
#5685 = ORIENTED_EDGE ( 'NONE', *, *, #498, .F. ) ;
#5686 = ADVANCED_FACE ( 'NONE', ( #5414 ), #7972, .T. ) ;
#5687 = EDGE_CURVE ( 'NONE', #6937, #5604, #4447, .T. ) ;
#5688 = AXIS2_PLACEMENT_3D ( 'NONE', #4471, #4949, #6929 ) ;
#5689 = ORIENTED_EDGE ( 'NONE', *, *, #2209, .F. ) ;
#5690 = SURFACE_STYLE_FILL_AREA ( #629 ) ;
#5691 = FACE_OUTER_BOUND ( 'NONE', #2579, .T. ) ;
#5692 = PLANE ( 'NONE',  #561 ) ;
#5693 = PRESENTATION_STYLE_ASSIGNMENT (( #6944 ) ) ;
#5694 = FILL_AREA_STYLE ('',( #2499 ) ) ;
#5695 = COLOUR_RGB ( '',1.000000000000000000, 1.000000000000000000, 1.000000000000000000 ) ;
#5696 = UNCERTAINTY_MEASURE_WITH_UNIT (LENGTH_MEASURE( 1.000000000000000082E-05 ), #8066, 'distance_accuracy_value', 'NONE');
#5697 = SURFACE_STYLE_FILL_AREA ( #3257 ) ;
#5698 = ORIENTED_EDGE ( 'NONE', *, *, #542, .F. ) ;
#5699 = STYLED_ITEM ( 'NONE', ( #6154 ), #4979 ) ;
#5700 = FILL_AREA_STYLE ('',( #6325 ) ) ;
#5701 = EDGE_LOOP ( 'NONE', ( #969, #4683, #1539, #1156 ) ) ;
#5702 = SURFACE_STYLE_FILL_AREA ( #5055 ) ;
#5703 = PRESENTATION_STYLE_ASSIGNMENT (( #4535 ) ) ;
#5704 = LINE ( 'NONE', #761, #6512 ) ;
#5705 = AXIS2_PLACEMENT_3D ( 'NONE', #3209, #3301, #6902 ) ;
#5706 = DIRECTION ( 'NONE',  ( 0.0000000000000000000, -1.000000000000000000, 0.0000000000000000000 ) ) ;
#5707 = SURFACE_STYLE_FILL_AREA ( #7431 ) ;
#5708 = LINE ( 'NONE', #7636, #6954 ) ;
#5709 = CARTESIAN_POINT ( 'NONE',  ( -8.999999999999998224, 6.500000000000000888, 9.050000000000000711 ) ) ;
#5710 = UNCERTAINTY_MEASURE_WITH_UNIT (LENGTH_MEASURE( 1.000000000000000082E-05 ), #874, 'distance_accuracy_value', 'NONE');
#5711 = ORIENTED_EDGE ( 'NONE', *, *, #350, .F. ) ;
#5712 = VECTOR ( 'NONE', #114, 1000.000000000000000 ) ;
#5713 = PRESENTATION_LAYER_ASSIGNMENT (  '', '', ( #3235 ) ) ;
#5714 = CIRCLE ( 'NONE', #7458, 2.999999999999999556 ) ;
#5715 = ORIENTED_EDGE ( 'NONE', *, *, #6066, .T. ) ;
#5716 =( LENGTH_UNIT ( ) NAMED_UNIT ( * ) SI_UNIT ( .MILLI., .METRE. ) );
#5717 = LINE ( 'NONE', #1422, #6228 ) ;
#5718 = SURFACE_STYLE_USAGE ( .BOTH. , #1171 ) ;
#5719 = AXIS2_PLACEMENT_3D ( 'NONE', #4496, #1415, #7811 ) ;
#5720 = ORIENTED_EDGE ( 'NONE', *, *, #7437, .T. ) ;
#5721 = COLOUR_RGB ( '',1.000000000000000000, 0.9372549019607843146, 0.1372549019607843257 ) ;
#5722 = SURFACE_STYLE_FILL_AREA ( #5673 ) ;
#5723 = ORIENTED_EDGE ( 'NONE', *, *, #5839, .F. ) ;
#5724 = EDGE_CURVE ( 'NONE', #4628, #4838, #915, .T. ) ;
#5725 =( NAMED_UNIT ( * ) SI_UNIT ( $, .STERADIAN. ) SOLID_ANGLE_UNIT ( ) );
#5726 = PLANE ( 'NONE',  #7447 ) ;
#5727 = DIRECTION ( 'NONE',  ( 0.0000000000000000000, -0.0000000000000000000, 1.000000000000000000 ) ) ;
#5728 = DIRECTION ( 'NONE',  ( -0.0000000000000000000, 1.000000000000000000, -0.0000000000000000000 ) ) ;
#5729 = LINE ( 'NONE', #2126, #3968 ) ;
#5730 = VECTOR ( 'NONE', #7857, 1000.000000000000000 ) ;
#5731 = ORIENTED_EDGE ( 'NONE', *, *, #4343, .F. ) ;
#5732 = LINE ( 'NONE', #2621, #6307 ) ;
#5733 = LINE ( 'NONE', #7113, #3252 ) ;
#5734 = DIRECTION ( 'NONE',  ( -0.0000000000000000000, 1.000000000000000000, -0.0000000000000000000 ) ) ;
#5735 = EDGE_CURVE ( 'NONE', #3679, #3866, #5747, .T. ) ;
#5736 = ORIENTED_EDGE ( 'NONE', *, *, #6853, .T. ) ;
#5737 = VECTOR ( 'NONE', #7211, 1000.000000000000000 ) ;
#5738 = ORIENTED_EDGE ( 'NONE', *, *, #2146, .T. ) ;
#5739 =( NAMED_UNIT ( * ) SI_UNIT ( $, .STERADIAN. ) SOLID_ANGLE_UNIT ( ) );
#5740 = STYLED_ITEM ( 'NONE', ( #187 ), #5818 ) ;
#5741 = EDGE_CURVE ( 'NONE', #6068, #5898, #5657, .T. ) ;
#5742 = SURFACE_STYLE_FILL_AREA ( #5694 ) ;
#5743 = EDGE_CURVE ( 'NONE', #5881, #1627, #2460, .T. ) ;
#5744 = DIRECTION ( 'NONE',  ( -0.0000000000000000000, -0.0000000000000000000, 1.000000000000000000 ) ) ;
#5745 = EDGE_LOOP ( 'NONE', ( #2000, #6072, #6594, #4058 ) ) ;
#5746 = MANIFOLD_SOLID_BREP ( '??-??4[10]', #1514 ) ;
#5747 = LINE ( 'NONE', #5053, #3131 ) ;
#5748 = FACE_OUTER_BOUND ( 'NONE', #3771, .T. ) ;
#5749 =( NAMED_UNIT ( * ) PLANE_ANGLE_UNIT ( ) SI_UNIT ( $, .RADIAN. ) );
#5750 = CARTESIAN_POINT ( 'NONE',  ( -1.000000000000000888, 2.200000000000000178, -9.050000000000000711 ) ) ;
#5751 =( NAMED_UNIT ( * ) SI_UNIT ( $, .STERADIAN. ) SOLID_ANGLE_UNIT ( ) );
#5752 = DIRECTION ( 'NONE',  ( -0.0000000000000000000, 1.000000000000000000, -0.0000000000000000000 ) ) ;
#5753 = COLOUR_RGB ( '',0.1019607843137254888, 0.1019607843137254888, 0.1019607843137254888 ) ;
#5754 =( NAMED_UNIT ( * ) SI_UNIT ( $, .STERADIAN. ) SOLID_ANGLE_UNIT ( ) );
#5755 = ORIENTED_EDGE ( 'NONE', *, *, #7940, .T. ) ;
#5756 = CARTESIAN_POINT ( 'NONE',  ( 4.200000000000000178, 6.650000000000000355, 9.550000000000000711 ) ) ;
#5757 = ORIENTED_EDGE ( 'NONE', *, *, #1566, .T. ) ;
#5758 = COLOUR_RGB ( '',0.2980392156862745057, 0.2980392156862745057, 0.2980392156862745057 ) ;
#5759 = SURFACE_STYLE_FILL_AREA ( #1611 ) ;
#5760 = CARTESIAN_POINT ( 'NONE',  ( 12.59999999999999964, 6.000000000000000000, 12.09999999999999609 ) ) ;
#5761 = ORIENTED_EDGE ( 'NONE', *, *, #859, .T. ) ;
#5762 =( LENGTH_UNIT ( ) NAMED_UNIT ( * ) SI_UNIT ( .MILLI., .METRE. ) );
#5763 = FILL_AREA_STYLE ('',( #320 ) ) ;
#5764 = ORIENTED_EDGE ( 'NONE', *, *, #5418, .T. ) ;
#5765 = VECTOR ( 'NONE', #2996, 1000.000000000000000 ) ;
#5766 = SURFACE_SIDE_STYLE ('',( #324 ) ) ;
#5767 = SURFACE_STYLE_FILL_AREA ( #7103 ) ;
#5768 = DIRECTION ( 'NONE',  ( 1.000000000000000000, -0.0000000000000000000, -0.0000000000000000000 ) ) ;
#5769 = MECHANICAL_DESIGN_GEOMETRIC_PRESENTATION_REPRESENTATION (  '', ( #4070 ), #5368 ) ;
#5770 = DIRECTION ( 'NONE',  ( 0.0000000000000000000, -1.000000000000000000, 0.0000000000000000000 ) ) ;
#5771 = MANIFOLD_SOLID_BREP ( '??-??4[5]', #727 ) ;
#5772 = STYLED_ITEM ( 'NONE', ( #7510 ), #6344 ) ;
#5773 = FACE_OUTER_BOUND ( 'NONE', #1007, .T. ) ;
#5774 = PLANE ( 'NONE',  #3096 ) ;
#5775 = FILL_AREA_STYLE_COLOUR ( '', #4823 ) ;
#5776 = CARTESIAN_POINT ( 'NONE',  ( -8.999999999999998224, 6.000000000000000000, 12.09999999999999964 ) ) ;
#5777 = SURFACE_STYLE_FILL_AREA ( #707 ) ;
#5778 = PRESENTATION_LAYER_ASSIGNMENT (  '', '', ( #6694 ) ) ;
#5779 = PRESENTATION_LAYER_ASSIGNMENT (  '', '', ( #3430 ) ) ;
#5780 = ORIENTED_EDGE ( 'NONE', *, *, #3424, .F. ) ;
#5781 = AXIS2_PLACEMENT_3D ( 'NONE', #3495, #4730, #1111 ) ;
#5782 = ORIENTED_EDGE ( 'NONE', *, *, #6497, .T. ) ;
#5783 = CARTESIAN_POINT ( 'NONE',  ( -6.000000000000000000, 0.0000000000000000000, 9.050000000000000711 ) ) ;
#5784 = STYLED_ITEM ( 'NONE', ( #7453 ), #3042 ) ;
#5785 = EDGE_CURVE ( 'NONE', #4960, #3140, #5223, .T. ) ;
#5786 = PRESENTATION_STYLE_ASSIGNMENT (( #3947 ) ) ;
#5787 = CIRCLE ( 'NONE', #5140, 0.5000000000000004441 ) ;
#5788 =( GEOMETRIC_REPRESENTATION_CONTEXT ( 3 ) GLOBAL_UNCERTAINTY_ASSIGNED_CONTEXT ( ( #4717 ) ) GLOBAL_UNIT_ASSIGNED_CONTEXT ( ( #3988, #6404, #5739 ) ) REPRESENTATION_CONTEXT ( 'NONE', 'WORKASPACE' ) );
#5789 = SURFACE_STYLE_FILL_AREA ( #7672 ) ;
#5790 = DIRECTION ( 'NONE',  ( 0.9761870601839527373, -0.2169304578186563026, 0.0000000000000000000 ) ) ;
#5791 = UNCERTAINTY_MEASURE_WITH_UNIT (LENGTH_MEASURE( 1.000000000000000082E-05 ), #2693, 'distance_accuracy_value', 'NONE');
#5792 =( NAMED_UNIT ( * ) SI_UNIT ( $, .STERADIAN. ) SOLID_ANGLE_UNIT ( ) );
#5793 = ORIENTED_EDGE ( 'NONE', *, *, #5876, .F. ) ;
#5794 = VECTOR ( 'NONE', #7647, 1000.000000000000000 ) ;
#5795 = SURFACE_STYLE_USAGE ( .BOTH. , #802 ) ;
#5796 = VECTOR ( 'NONE', #6488, 1000.000000000000000 ) ;
#5797 = EDGE_CURVE ( 'NONE', #2931, #2853, #7507, .T. ) ;
#5798 = LINE ( 'NONE', #190, #7410 ) ;
#5799 = STYLED_ITEM ( 'NONE', ( #4629 ), #4355 ) ;
#5800 = FACE_OUTER_BOUND ( 'NONE', #5972, .T. ) ;
#5801 = MECHANICAL_DESIGN_GEOMETRIC_PRESENTATION_REPRESENTATION (  '', ( #2249 ), #5933 ) ;
#5802 = LINE ( 'NONE', #1616, #1075 ) ;
#5803 = CARTESIAN_POINT ( 'NONE',  ( -1.019984404378928089E-15, 7.200000000000002842, 5.455322829488123246E-31 ) ) ;
#5804 = UNCERTAINTY_MEASURE_WITH_UNIT (LENGTH_MEASURE( 1.000000000000000082E-05 ), #1555, 'distance_accuracy_value', 'NONE');
#5805 = VERTEX_POINT ( 'NONE', #2894 ) ;
#5806 = SURFACE_STYLE_USAGE ( .BOTH. , #2723 ) ;
#5807 = VERTEX_POINT ( 'NONE', #4533 ) ;
#5808 = ADVANCED_FACE ( 'NONE', ( #225 ), #3349, .T. ) ;
#5809 = ADVANCED_FACE ( 'NONE', ( #6595, #2278, #368 ), #6456, .F. ) ;
#5810 = DIRECTION ( 'NONE',  ( 1.000000000000000000, 0.0000000000000000000, 0.0000000000000000000 ) ) ;
#5811 = EDGE_LOOP ( 'NONE', ( #5975, #1314, #1379, #994 ) ) ;
#5812 =( NAMED_UNIT ( * ) SI_UNIT ( $, .STERADIAN. ) SOLID_ANGLE_UNIT ( ) );
#5813 = DIRECTION ( 'NONE',  ( -0.0000000000000000000, 1.000000000000000000, -0.0000000000000000000 ) ) ;
#5814 = VERTEX_POINT ( 'NONE', #7953 ) ;
#5815 = VECTOR ( 'NONE', #6478, 1000.000000000000000 ) ;
#5816 =( NAMED_UNIT ( * ) SI_UNIT ( $, .STERADIAN. ) SOLID_ANGLE_UNIT ( ) );
#5817 = LINE ( 'NONE', #7229, #713 ) ;
#5818 = MANIFOLD_SOLID_BREP ( '??-??4[7]', #4387 ) ;
#5819 = CARTESIAN_POINT ( 'NONE',  ( -10.00000000000000000, 2.200000000000000178, 11.59999999999999964 ) ) ;
#5820 = PLANE ( 'NONE',  #3114 ) ;
#5821 = ORIENTED_EDGE ( 'NONE', *, *, #8090, .T. ) ;
#5822 = ORIENTED_EDGE ( 'NONE', *, *, #4925, .F. ) ;
#5823 = CARTESIAN_POINT ( 'NONE',  ( -12.75000000000000178, 15.75000000000000000, 12.95000000000000107 ) ) ;
#5824 = CLOSED_SHELL ( 'NONE', ( #4171, #6333, #5809, #2791, #2029, #392, #378, #7630, #578, #6073, #6410, #5293, #895, #372, #634, #6344, #5340, #4402, #136, #4274, #1794, #4355, #7583, #5986 ) ) ;
#5825 = SURFACE_SIDE_STYLE ('',( #3344 ) ) ;
#5826 = SURFACE_STYLE_USAGE ( .BOTH. , #2540 ) ;
#5827 =( NAMED_UNIT ( * ) PLANE_ANGLE_UNIT ( ) SI_UNIT ( $, .RADIAN. ) );
#5828 = ORIENTED_EDGE ( 'NONE', *, *, #4515, .F. ) ;
#5829 =( GEOMETRIC_REPRESENTATION_CONTEXT ( 3 ) GLOBAL_UNCERTAINTY_ASSIGNED_CONTEXT ( ( #2257 ) ) GLOBAL_UNIT_ASSIGNED_CONTEXT ( ( #4385, #698, #1839 ) ) REPRESENTATION_CONTEXT ( 'NONE', 'WORKASPACE' ) );
#5830 = EDGE_CURVE ( 'NONE', #6335, #934, #4799, .T. ) ;
#5831 = STYLED_ITEM ( 'NONE', ( #6427 ), #4736 ) ;
#5832 = CARTESIAN_POINT ( 'NONE',  ( -12.09999999999999964, 6.000000000000000000, 12.09999999999999964 ) ) ;
#5833 = DIRECTION ( 'NONE',  ( 0.0000000000000000000, -0.0000000000000000000, -1.000000000000000000 ) ) ;
#5834 =( NAMED_UNIT ( * ) SI_UNIT ( $, .STERADIAN. ) SOLID_ANGLE_UNIT ( ) );
#5835 = AXIS2_PLACEMENT_3D ( 'NONE', #810, #4580, #5101 ) ;
#5836 =( LENGTH_UNIT ( ) NAMED_UNIT ( * ) SI_UNIT ( .MILLI., .METRE. ) );
#5837 = ORIENTED_EDGE ( 'NONE', *, *, #6066, .F. ) ;
#5838 = EDGE_CURVE ( 'NONE', #4838, #4628, #778, .T. ) ;
#5839 = EDGE_CURVE ( 'NONE', #2028, #2530, #6218, .T. ) ;
#5840 = ORIENTED_EDGE ( 'NONE', *, *, #1975, .F. ) ;
#5841 = CARTESIAN_POINT ( 'NONE',  ( -6.000000000000000000, 2.200000000000000622, -8.249999999999991118 ) ) ;
#5842 = PRESENTATION_LAYER_ASSIGNMENT (  '', '', ( #4921 ) ) ;
#5843 = ORIENTED_EDGE ( 'NONE', *, *, #6966, .T. ) ;
#5844 = AXIS2_PLACEMENT_3D ( 'NONE', #7499, #6231, #4436 ) ;
#5845 = ADVANCED_FACE ( 'NONE', ( #2481 ), #4997, .F. ) ;
#5846 = COLOUR_RGB ( '',0.6666666666666666297, 0.6980392156862744724, 0.7686274509803920907 ) ;
#5847 =( NAMED_UNIT ( * ) SI_UNIT ( $, .STERADIAN. ) SOLID_ANGLE_UNIT ( ) );
#5848 = EDGE_CURVE ( 'NONE', #2872, #914, #2082, .T. ) ;
#5849 = DIRECTION ( 'NONE',  ( -1.000000000000000000, 0.0000000000000000000, 0.0000000000000000000 ) ) ;
#5850 = COLOUR_RGB ( '',0.1019607843137254888, 0.1019607843137254888, 0.1019607843137254888 ) ;
#5851 = STYLED_ITEM ( 'NONE', ( #2981 ), #684 ) ;
#5852 = FACE_OUTER_BOUND ( 'NONE', #7714, .T. ) ;
#5853 = PRESENTATION_STYLE_ASSIGNMENT (( #4597 ) ) ;
#5854 = COLOUR_RGB ( '',0.1019607843137254888, 0.1019607843137254888, 0.1019607843137254888 ) ;
#5855 = CARTESIAN_POINT ( 'NONE',  ( -12.84999999999999254, 7.200000000000000178, 12.95000000000000107 ) ) ;
#5856 = LINE ( 'NONE', #4100, #1294 ) ;
#5857 = MANIFOLD_SOLID_BREP ( '??-??4[6]', #6742 ) ;
#5858 =( NAMED_UNIT ( * ) PLANE_ANGLE_UNIT ( ) SI_UNIT ( $, .RADIAN. ) );
#5859 = ORIENTED_EDGE ( 'NONE', *, *, #7645, .T. ) ;
#5860 = FILL_AREA_STYLE_COLOUR ( '', #4000 ) ;
#5861 = AXIS2_PLACEMENT_3D ( 'NONE', #4014, #7148, #5313 ) ;
#5862 = UNCERTAINTY_MEASURE_WITH_UNIT (LENGTH_MEASURE( 1.000000000000000082E-05 ), #2937, 'distance_accuracy_value', 'NONE');
#5863 = EDGE_LOOP ( 'NONE', ( #199, #3858, #7764, #3973 ) ) ;
#5864 = VERTEX_POINT ( 'NONE', #3932 ) ;
#5865 = DIRECTION ( 'NONE',  ( 1.000000000000000000, 3.854941057726238097E-16, 0.0000000000000000000 ) ) ;
#5866 = MECHANICAL_DESIGN_GEOMETRIC_PRESENTATION_REPRESENTATION (  '', ( #7332 ), #5455 ) ;
#5867 = PRESENTATION_STYLE_ASSIGNMENT (( #5251 ) ) ;
#5868 = FILL_AREA_STYLE_COLOUR ( '', #6165 ) ;
#5869 = DIRECTION ( 'NONE',  ( 0.0000000000000000000, 0.0000000000000000000, -1.000000000000000000 ) ) ;
#5870 =( LENGTH_UNIT ( ) NAMED_UNIT ( * ) SI_UNIT ( .MILLI., .METRE. ) );
#5871 = UNCERTAINTY_MEASURE_WITH_UNIT (LENGTH_MEASURE( 1.000000000000000082E-05 ), #1280, 'distance_accuracy_value', 'NONE');
#5872 = PRESENTATION_LAYER_ASSIGNMENT (  '', '', ( #8115 ) ) ;
#5873 = COLOUR_RGB ( '',0.1019607843137254888, 0.1019607843137254888, 0.1019607843137254888 ) ;
#5874 =( NAMED_UNIT ( * ) PLANE_ANGLE_UNIT ( ) SI_UNIT ( $, .RADIAN. ) );
#5875 = CARTESIAN_POINT ( 'NONE',  ( -4.200000000000000178, 10.34999999999999964, 9.550000000000000711 ) ) ;
#5876 = EDGE_CURVE ( 'NONE', #4321, #2323, #5195, .T. ) ;
#5877 = UNCERTAINTY_MEASURE_WITH_UNIT (LENGTH_MEASURE( 1.000000000000000082E-05 ), #5330, 'distance_accuracy_value', 'NONE');
#5878 = ORIENTED_EDGE ( 'NONE', *, *, #6846, .F. ) ;
#5879 = VECTOR ( 'NONE', #453, 1000.000000000000000 ) ;
#5880 =( GEOMETRIC_REPRESENTATION_CONTEXT ( 3 ) GLOBAL_UNCERTAINTY_ASSIGNED_CONTEXT ( ( #2828 ) ) GLOBAL_UNIT_ASSIGNED_CONTEXT ( ( #3600, #3232, #5816 ) ) REPRESENTATION_CONTEXT ( 'NONE', 'WORKASPACE' ) );
#5881 = VERTEX_POINT ( 'NONE', #2046 ) ;
#5882 = LINE ( 'NONE', #2801, #2094 ) ;
#5883 = PRESENTATION_STYLE_ASSIGNMENT (( #5925 ) ) ;
#5884 =( NAMED_UNIT ( * ) SI_UNIT ( $, .STERADIAN. ) SOLID_ANGLE_UNIT ( ) );
#5885 = ORIENTED_EDGE ( 'NONE', *, *, #3105, .F. ) ;
#5886 = STYLED_ITEM ( 'NONE', ( #1055 ), #5986 ) ;
#5887 = ADVANCED_FACE ( 'NONE', ( #2527 ), #2011, .T. ) ;
#5888 =( LENGTH_UNIT ( ) NAMED_UNIT ( * ) SI_UNIT ( .MILLI., .METRE. ) );
#5889 = PRESENTATION_LAYER_ASSIGNMENT (  '', '', ( #1307 ) ) ;
#5890 = AXIS2_PLACEMENT_3D ( 'NONE', #2650, #3924, #7056 ) ;
#5891 = SURFACE_SIDE_STYLE ('',( #3069 ) ) ;
#5892 = ADVANCED_FACE ( 'NONE', ( #5934 ), #2884, .T. ) ;
#5893 = LINE ( 'NONE', #4053, #1660 ) ;
#5894 = LINE ( 'NONE', #5855, #2916 ) ;
#5895 = FILL_AREA_STYLE_COLOUR ( '', #5593 ) ;
#5896 = AXIS2_PLACEMENT_3D ( 'NONE', #3753, #4415, #1208 ) ;
#5897 = FILL_AREA_STYLE_COLOUR ( '', #5260 ) ;
#5898 = VERTEX_POINT ( 'NONE', #2771 ) ;
#5899 = DIRECTION ( 'NONE',  ( -0.0000000000000000000, -0.0000000000000000000, -1.000000000000000000 ) ) ;
#5900 = ORIENTED_EDGE ( 'NONE', *, *, #2930, .T. ) ;
#5901 = EDGE_LOOP ( 'NONE', ( #5094, #4364, #5647, #1061 ) ) ;
#5902 = MECHANICAL_DESIGN_GEOMETRIC_PRESENTATION_REPRESENTATION (  '', ( #6682 ), #5373 ) ;
#5903 = EDGE_CURVE ( 'NONE', #4136, #1547, #2851, .T. ) ;
#5904 = CARTESIAN_POINT ( 'NONE',  ( -5.000000000000000000, 2.200000000000000178, -11.25000000000000000 ) ) ;
#5905 =( NAMED_UNIT ( * ) PLANE_ANGLE_UNIT ( ) SI_UNIT ( $, .RADIAN. ) );
#5906 = AXIS2_PLACEMENT_3D ( 'NONE', #2097, #5908, #5869 ) ;
#5907 = SURFACE_STYLE_USAGE ( .BOTH. , #7759 ) ;
#5908 = DIRECTION ( 'NONE',  ( -0.0000000000000000000, -1.000000000000000000, -0.0000000000000000000 ) ) ;
#5909 =( NAMED_UNIT ( * ) SI_UNIT ( $, .STERADIAN. ) SOLID_ANGLE_UNIT ( ) );
#5910 = CARTESIAN_POINT ( 'NONE',  ( -10.00000000000000000, 2.200000000000000178, -11.25000000000000000 ) ) ;
#5911 = COLOUR_RGB ( '',0.1019607843137254888, 0.1019607843137254888, 0.1019607843137254888 ) ;
#5912 = VECTOR ( 'NONE', #664, 1000.000000000000000 ) ;
#5913 = FACE_OUTER_BOUND ( 'NONE', #1138, .T. ) ;
#5914 = CIRCLE ( 'NONE', #1996, 1.600000000000000755 ) ;
#5915 = COLOUR_RGB ( '',0.1019607843137254888, 0.1019607843137254888, 0.1019607843137254888 ) ;
#5916 =( NAMED_UNIT ( * ) PLANE_ANGLE_UNIT ( ) SI_UNIT ( $, .RADIAN. ) );
#5917 = LINE ( 'NONE', #3532, #6680 ) ;
#5918 = SURFACE_STYLE_USAGE ( .BOTH. , #3267 ) ;
#5919 = STYLED_ITEM ( 'NONE', ( #4338 ), #7758 ) ;
#5920 = COLOUR_RGB ( '',0.1019607843137254888, 0.1019607843137254888, 0.1019607843137254888 ) ;
#5921 = DIRECTION ( 'NONE',  ( -0.0000000000000000000, -0.0000000000000000000, -1.000000000000000000 ) ) ;
#5922 = ORIENTED_EDGE ( 'NONE', *, *, #1118, .T. ) ;
#5923 = CARTESIAN_POINT ( 'NONE',  ( 12.75000000000000355, 7.200000000000006395, -12.95000000000000107 ) ) ;
#5924 = MECHANICAL_DESIGN_GEOMETRIC_PRESENTATION_REPRESENTATION (  '', ( #7277 ), #2805 ) ;
#5925 = SURFACE_STYLE_USAGE ( .BOTH. , #7856 ) ;
#5926 = COLOUR_RGB ( '',0.1019607843137254888, 0.1019607843137254888, 0.1019607843137254888 ) ;
#5927 = DIRECTION ( 'NONE',  ( 0.0000000000000000000, -1.000000000000000000, 0.0000000000000000000 ) ) ;
#5928 = ORIENTED_EDGE ( 'NONE', *, *, #7809, .T. ) ;
#5929 =( NAMED_UNIT ( * ) PLANE_ANGLE_UNIT ( ) SI_UNIT ( $, .RADIAN. ) );
#5930 = COLOUR_RGB ( '',1.000000000000000000, 1.000000000000000000, 1.000000000000000000 ) ;
#5931 = DIRECTION ( 'NONE',  ( 1.000000000000000000, 0.0000000000000000000, 0.0000000000000000000 ) ) ;
#5932 = ORIENTED_EDGE ( 'NONE', *, *, #822, .T. ) ;
#5933 =( GEOMETRIC_REPRESENTATION_CONTEXT ( 3 ) GLOBAL_UNCERTAINTY_ASSIGNED_CONTEXT ( ( #549 ) ) GLOBAL_UNIT_ASSIGNED_CONTEXT ( ( #4782, #354, #7896 ) ) REPRESENTATION_CONTEXT ( 'NONE', 'WORKASPACE' ) );
#5934 = FACE_OUTER_BOUND ( 'NONE', #2297, .T. ) ;
#5935 = ADVANCED_FACE ( 'NONE', ( #6542 ), #402, .T. ) ;
#5936 =( LENGTH_UNIT ( ) NAMED_UNIT ( * ) SI_UNIT ( .MILLI., .METRE. ) );
#5937 = LINE ( 'NONE', #7750, #2143 ) ;
#5938 = DIRECTION ( 'NONE',  ( -0.0000000000000000000, 1.000000000000000000, -0.0000000000000000000 ) ) ;
#5939 = CARTESIAN_POINT ( 'NONE',  ( -6.000000000000000000, 15.00000000000000000, 9.050000000000000711 ) ) ;
#5940 = EDGE_CURVE ( 'NONE', #4459, #2323, #2121, .T. ) ;
#5941 = STYLED_ITEM ( 'NONE', ( #1387 ), #4191 ) ;
#5942 = EDGE_LOOP ( 'NONE', ( #3710, #595, #312, #4898, #7577, #6770, #5483, #5736 ) ) ;
#5943 = ORIENTED_EDGE ( 'NONE', *, *, #7025, .F. ) ;
#5944 = CARTESIAN_POINT ( 'NONE',  ( -6.349999999999998757, 12.75000000000000355, 8.199999999999997513 ) ) ;
#5945 = DIRECTION ( 'NONE',  ( 0.0000000000000000000, -0.0000000000000000000, -1.000000000000000000 ) ) ;
#5946 = CARTESIAN_POINT ( 'NONE',  ( -5.800000000000000711, 8.150000000000011013, -8.200000000000001066 ) ) ;
#5947 = UNCERTAINTY_MEASURE_WITH_UNIT (LENGTH_MEASURE( 1.000000000000000082E-05 ), #6778, 'distance_accuracy_value', 'NONE');
#5948 = LINE ( 'NONE', #1608, #3172 ) ;
#5949 = EDGE_CURVE ( 'NONE', #1099, #6896, #4012, .T. ) ;
#5950 = EDGE_CURVE ( 'NONE', #914, #5343, #7402, .T. ) ;
#5951 =( NAMED_UNIT ( * ) PLANE_ANGLE_UNIT ( ) SI_UNIT ( $, .RADIAN. ) );
#5952 = CARTESIAN_POINT ( 'NONE',  ( 12.75000000000000000, 6.650000000000000355, -9.550000000000000711 ) ) ;
#5953 = LINE ( 'NONE', #429, #5624 ) ;
#5954 = CARTESIAN_POINT ( 'NONE',  ( 5.000000000000000000, 2.200000000000000178, 11.25000000000000000 ) ) ;
#5955 = FILL_AREA_STYLE ('',( #963 ) ) ;
#5956 = MECHANICAL_DESIGN_GEOMETRIC_PRESENTATION_REPRESENTATION (  '', ( #6609 ), #75 ) ;
#5957 = ORIENTED_EDGE ( 'NONE', *, *, #1727, .T. ) ;
#5958 = SURFACE_STYLE_FILL_AREA ( #6573 ) ;
#5959 = CARTESIAN_POINT ( 'NONE',  ( -5.800000000000000711, 10.34999999999998899, -8.200000000000001066 ) ) ;
#5960 = VERTEX_POINT ( 'NONE', #3629 ) ;
#5961 = COLOUR_RGB ( '',0.1019607843137254888, 0.1019607843137254888, 0.1019607843137254888 ) ;
#5962 = DIRECTION ( 'NONE',  ( -0.0000000000000000000, -1.000000000000000000, -0.0000000000000000000 ) ) ;
#5963 = VERTEX_POINT ( 'NONE', #6209 ) ;
#5964 = PRESENTATION_LAYER_ASSIGNMENT (  '', '', ( #3881 ) ) ;
#5965 = PRESENTATION_STYLE_ASSIGNMENT (( #7268 ) ) ;
#5966 = DIRECTION ( 'NONE',  ( 1.000000000000000000, 3.854941057726238097E-16, -1.329290019905599182E-16 ) ) ;
#5967 =( LENGTH_UNIT ( ) NAMED_UNIT ( * ) SI_UNIT ( .MILLI., .METRE. ) );
#5968 = DIRECTION ( 'NONE',  ( -0.2169304578186563026, -0.9761870601839527373, 0.0000000000000000000 ) ) ;
#5969 = AXIS2_PLACEMENT_3D ( 'NONE', #1879, #3799, #5499 ) ;
#5970 = DIRECTION ( 'NONE',  ( 0.0000000000000000000, -0.0000000000000000000, 1.000000000000000000 ) ) ;
#5971 = CARTESIAN_POINT ( 'NONE',  ( 12.84999999999999964, 15.20000000000000639, -13.05000000000000071 ) ) ;
#5972 = EDGE_LOOP ( 'NONE', ( #2556, #6946, #4118, #2989 ) ) ;
#5973 = EDGE_CURVE ( 'NONE', #5224, #5881, #4377, .T. ) ;
#5974 = COLOUR_RGB ( '',0.6666666666666666297, 0.6980392156862744724, 0.7686274509803920907 ) ;
#5975 = ORIENTED_EDGE ( 'NONE', *, *, #391, .T. ) ;
#5976 = FILL_AREA_STYLE_COLOUR ( '', #3216 ) ;
#5977 = LINE ( 'NONE', #7283, #1477 ) ;
#5978 = EDGE_CURVE ( 'NONE', #3943, #4796, #7439, .T. ) ;
#5979 = SURFACE_STYLE_FILL_AREA ( #5436 ) ;
#5980 = VERTEX_POINT ( 'NONE', #3593 ) ;
#5981 = AXIS2_PLACEMENT_3D ( 'NONE', #6514, #910, #4131 ) ;
#5982 = ORIENTED_EDGE ( 'NONE', *, *, #6846, .T. ) ;
#5983 = FILL_AREA_STYLE ('',( #6684 ) ) ;
#5984 = LINE ( 'NONE', #2864, #7452 ) ;
#5985 = EDGE_CURVE ( 'NONE', #5441, #3856, #3657, .T. ) ;
#5986 = ADVANCED_FACE ( 'NONE', ( #1746 ), #8145, .T. ) ;
#5987 = DIRECTION ( 'NONE',  ( 1.000000000000000000, 0.0000000000000000000, 0.0000000000000000000 ) ) ;
#5988 = DIRECTION ( 'NONE',  ( -0.0000000000000000000, 1.000000000000000000, -0.0000000000000000000 ) ) ;
#5989 = CARTESIAN_POINT ( 'NONE',  ( 0.0000000000000000000, -4.000000000000000000, 11.25000000000000000 ) ) ;
#5990 = ORIENTED_EDGE ( 'NONE', *, *, #2167, .F. ) ;
#5991 =( NAMED_UNIT ( * ) SI_UNIT ( $, .STERADIAN. ) SOLID_ANGLE_UNIT ( ) );
#5992 = LINE ( 'NONE', #1582, #7408 ) ;
#5993 = CARTESIAN_POINT ( 'NONE',  ( -1.999999999999998224, 12.75000000000000178, -9.050000000000000711 ) ) ;
#5994 = ORIENTED_EDGE ( 'NONE', *, *, #3148, .F. ) ;
#5995 = EDGE_CURVE ( 'NONE', #2133, #6197, #7526, .T. ) ;
#5996 = SURFACE_STYLE_USAGE ( .BOTH. , #479 ) ;
#5997 = CARTESIAN_POINT ( 'NONE',  ( 8.000000000000000000, 15.00000000000000000, 9.050000000000000711 ) ) ;
#5998 = PRESENTATION_LAYER_ASSIGNMENT (  '', '', ( #250 ) ) ;
#5999 = ORIENTED_EDGE ( 'NONE', *, *, #4514, .F. ) ;
#6000 = PRESENTATION_LAYER_ASSIGNMENT (  '', '', ( #1824 ) ) ;
#6001 = DIRECTION ( 'NONE',  ( -0.0000000000000000000, -0.0000000000000000000, -1.000000000000000000 ) ) ;
#6002 = SURFACE_STYLE_FILL_AREA ( #6797 ) ;
#6003 = DIRECTION ( 'NONE',  ( -1.000000000000000000, 0.0000000000000000000, 0.0000000000000000000 ) ) ;
#6004 = ORIENTED_EDGE ( 'NONE', *, *, #333, .T. ) ;
#6005 = PRESENTATION_LAYER_ASSIGNMENT (  '', '', ( #8016 ) ) ;
#6006 = STYLED_ITEM ( 'NONE', ( #6377 ), #6130 ) ;
#6007 = ORIENTED_EDGE ( 'NONE', *, *, #809, .F. ) ;
#6008 =( NAMED_UNIT ( * ) PLANE_ANGLE_UNIT ( ) SI_UNIT ( $, .RADIAN. ) );
#6009 = MECHANICAL_DESIGN_GEOMETRIC_PRESENTATION_REPRESENTATION (  '', ( #2747 ), #6 ) ;
#6010 =( LENGTH_UNIT ( ) NAMED_UNIT ( * ) SI_UNIT ( .MILLI., .METRE. ) );
#6011 = DIRECTION ( 'NONE',  ( 0.0000000000000000000, -0.0000000000000000000, 1.000000000000000000 ) ) ;
#6012 = LINE ( 'NONE', #989, #5258 ) ;
#6013 = UNCERTAINTY_MEASURE_WITH_UNIT (LENGTH_MEASURE( 1.000000000000000082E-05 ), #521, 'distance_accuracy_value', 'NONE');
#6014 = CARTESIAN_POINT ( 'NONE',  ( -1.999999999999998224, 12.75000000000000178, 12.60000000000000142 ) ) ;
#6015 = ORIENTED_EDGE ( 'NONE', *, *, #2431, .F. ) ;
#6016 = VERTEX_POINT ( 'NONE', #6710 ) ;
#6017 = EDGE_CURVE ( 'NONE', #7618, #5206, #5470, .T. ) ;
#6018 = LINE ( 'NONE', #1405, #6233 ) ;
#6019 = PRESENTATION_STYLE_ASSIGNMENT (( #2831 ) ) ;
#6020 = DIRECTION ( 'NONE',  ( 0.0000000000000000000, 0.0000000000000000000, -1.000000000000000000 ) ) ;
#6021 = DIRECTION ( 'NONE',  ( 1.000000000000000000, 0.0000000000000000000, 0.0000000000000000000 ) ) ;
#6022 = CARTESIAN_POINT ( 'NONE',  ( -10.00000000000000000, -4.000000000000000000, 10.90000000000000036 ) ) ;
#6023 = CARTESIAN_POINT ( 'NONE',  ( -8.999999999999998224, 0.9921485132883302027, 9.050000000000000711 ) ) ;
#6024 = CARTESIAN_POINT ( 'NONE',  ( -8.000000000000000000, 13.99999999999999822, 0.0000000000000000000 ) ) ;
#6025 = UNCERTAINTY_MEASURE_WITH_UNIT (LENGTH_MEASURE( 1.000000000000000082E-05 ), #1553, 'distance_accuracy_value', 'NONE');
#6026 = EDGE_LOOP ( 'NONE', ( #3335, #516 ) ) ;
#6027 = DIRECTION ( 'NONE',  ( -1.000000000000000000, 0.0000000000000000000, 0.0000000000000000000 ) ) ;
#6028 = VERTEX_POINT ( 'NONE', #8063 ) ;
#6029 = VECTOR ( 'NONE', #5514, 1000.000000000000000 ) ;
#6030 = CARTESIAN_POINT ( 'NONE',  ( -5.899999999999999467, 12.00000000000000000, -9.050000000000000711 ) ) ;
#6031 = EDGE_LOOP ( 'NONE', ( #6285, #7091, #4366, #5738 ) ) ;
#6032 =( NAMED_UNIT ( * ) SI_UNIT ( $, .STERADIAN. ) SOLID_ANGLE_UNIT ( ) );
#6033 = CARTESIAN_POINT ( 'NONE',  ( 4.200000000000000178, 10.34999999999999964, -8.200000000000001066 ) ) ;
#6034 = CIRCLE ( 'NONE', #1724, 0.3499999999999996447 ) ;
#6035 = FILL_AREA_STYLE_COLOUR ( '', #7440 ) ;
#6036 = MECHANICAL_DESIGN_GEOMETRIC_PRESENTATION_REPRESENTATION (  '', ( #3700 ), #5643 ) ;
#6037 = ORIENTED_EDGE ( 'NONE', *, *, #5830, .T. ) ;
#6038 = VECTOR ( 'NONE', #5938, 1000.000000000000000 ) ;
#6039 = DIRECTION ( 'NONE',  ( 1.000000000000000000, 0.0000000000000000000, 0.0000000000000000000 ) ) ;
#6040 = LINE ( 'NONE', #2309, #1172 ) ;
#6041 = FILL_AREA_STYLE_COLOUR ( '', #5695 ) ;
#6042 = CARTESIAN_POINT ( 'NONE',  ( 4.200000000000000178, 10.34999999999999964, -9.550000000000000711 ) ) ;
#6043 = FACE_OUTER_BOUND ( 'NONE', #6262, .T. ) ;
#6044 = MECHANICAL_DESIGN_GEOMETRIC_PRESENTATION_REPRESENTATION (  '', ( #2023 ), #6175 ) ;
#6045 = ORIENTED_EDGE ( 'NONE', *, *, #5671, .T. ) ;
#6046 = VECTOR ( 'NONE', #4971, 1000.000000000000000 ) ;
#6047 =( NAMED_UNIT ( * ) PLANE_ANGLE_UNIT ( ) SI_UNIT ( $, .RADIAN. ) );
#6048 = AXIS2_PLACEMENT_3D ( 'NONE', #6561, #1684, #4840 ) ;
#6049 = SURFACE_STYLE_USAGE ( .BOTH. , #3562 ) ;
#6050 = SURFACE_SIDE_STYLE ('',( #2316 ) ) ;
#6051 = DIRECTION ( 'NONE',  ( 0.7071067811865474617, 0.0000000000000000000, 0.7071067811865474617 ) ) ;
#6052 =( LENGTH_UNIT ( ) NAMED_UNIT ( * ) SI_UNIT ( .MILLI., .METRE. ) );
#6053 = DIRECTION ( 'NONE',  ( 1.000000000000000000, 0.0000000000000000000, 0.0000000000000000000 ) ) ;
#6054 = CARTESIAN_POINT ( 'NONE',  ( -2.499999999999998224, 15.00000000000000000, 12.60000000000000142 ) ) ;
#6055 = PRESENTATION_LAYER_ASSIGNMENT (  '', '', ( #6475 ) ) ;
#6056 = ORIENTED_EDGE ( 'NONE', *, *, #1094, .F. ) ;
#6057 = ORIENTED_EDGE ( 'NONE', *, *, #7425, .F. ) ;
#6058 = FILL_AREA_STYLE_COLOUR ( '', #750 ) ;
#6059 = LINE ( 'NONE', #6728, #5402 ) ;
#6060 = FACE_OUTER_BOUND ( 'NONE', #6740, .T. ) ;
#6061 = CARTESIAN_POINT ( 'NONE',  ( 12.75000000000000000, 6.650000000000000355, -12.95000000000000107 ) ) ;
#6062 = CARTESIAN_POINT ( 'NONE',  ( -2.500000000000001332, 12.65000000000000391, -9.550000000000000711 ) ) ;
#6063 = CARTESIAN_POINT ( 'NONE',  ( -5.000000000000000000, -4.000000000000000000, 11.25000000000000000 ) ) ;
#6064 = DIRECTION ( 'NONE',  ( 0.0000000000000000000, 0.0000000000000000000, -1.000000000000000000 ) ) ;
#6065 = ORIENTED_EDGE ( 'NONE', *, *, #7173, .F. ) ;
#6066 = EDGE_CURVE ( 'NONE', #1302, #109, #6040, .T. ) ;
#6067 = DIRECTION ( 'NONE',  ( 0.0000000000000000000, -1.000000000000000000, 0.0000000000000000000 ) ) ;
#6068 = VERTEX_POINT ( 'NONE', #4290 ) ;
#6069 = VECTOR ( 'NONE', #2315, 1000.000000000000000 ) ;
#6070 = CARTESIAN_POINT ( 'NONE',  ( 5.700000000000000178, 8.150000000000011013, 9.550000000000000711 ) ) ;
#6071 = CARTESIAN_POINT ( 'NONE',  ( -8.999999999999998224, 0.0000000000000000000, 8.250000000000000000 ) ) ;
#6072 = ORIENTED_EDGE ( 'NONE', *, *, #4399, .F. ) ;
#6073 = ADVANCED_FACE ( 'NONE', ( #6160 ), #449, .T. ) ;
#6074 = DIRECTION ( 'NONE',  ( -1.000000000000000000, 0.0000000000000000000, 0.0000000000000000000 ) ) ;
#6075 = FILL_AREA_STYLE_COLOUR ( '', #7644 ) ;
#6076 = AXIS2_PLACEMENT_3D ( 'NONE', #6761, #1100, #984 ) ;
#6077 = DIRECTION ( 'NONE',  ( 1.000000000000000000, 0.0000000000000000000, 0.0000000000000000000 ) ) ;
#6078 = CIRCLE ( 'NONE', #607, 0.1999999999999996503 ) ;
#6079 = LINE ( 'NONE', #2231, #1121 ) ;
#6080 = FILL_AREA_STYLE ('',( #6713 ) ) ;
#6081 = DIRECTION ( 'NONE',  ( -1.000000000000000000, 0.0000000000000000000, 0.0000000000000000000 ) ) ;
#6082 = CARTESIAN_POINT ( 'NONE',  ( 6.349999999999998757, 12.75000000000000355, 8.199999999999997513 ) ) ;
#6083 = EDGE_CURVE ( 'NONE', #4945, #649, #6420, .T. ) ;
#6084 = EDGE_CURVE ( 'NONE', #5321, #1302, #2038, .T. ) ;
#6085 = EDGE_LOOP ( 'NONE', ( #1905, #4593 ) ) ;
#6086 = SURFACE_STYLE_USAGE ( .BOTH. , #6719 ) ;
#6087 = DIRECTION ( 'NONE',  ( 0.0000000000000000000, -0.7071067811865425767, -0.7071067811865525687 ) ) ;
#6088 = LINE ( 'NONE', #8026, #1540 ) ;
#6089 = PRESENTATION_LAYER_ASSIGNMENT (  '', '', ( #2057 ) ) ;
#6090 = MECHANICAL_DESIGN_GEOMETRIC_PRESENTATION_REPRESENTATION (  '', ( #5681 ), #2545 ) ;
#6091 = DIRECTION ( 'NONE',  ( -0.0000000000000000000, -1.000000000000000000, -0.0000000000000000000 ) ) ;
#6092 = CARTESIAN_POINT ( 'NONE',  ( 3.999999999999999112, 0.9921485132883310909, -9.050000000000000711 ) ) ;
#6093 = DIRECTION ( 'NONE',  ( -0.0000000000000000000, -0.0000000000000000000, 1.000000000000000000 ) ) ;
#6094 = COLOUR_RGB ( '',0.2980392156862745057, 0.2980392156862745057, 0.2980392156862745057 ) ;
#6095 =( NAMED_UNIT ( * ) PLANE_ANGLE_UNIT ( ) SI_UNIT ( $, .RADIAN. ) );
#6096 = EDGE_LOOP ( 'NONE', ( #7875, #1897, #7460, #1914 ) ) ;
#6097 = ORIENTED_EDGE ( 'NONE', *, *, #6746, .F. ) ;
#6098 = COLOUR_RGB ( '',0.6666666666666666297, 0.6980392156862744724, 0.7686274509803920907 ) ;
#6099 =( LENGTH_UNIT ( ) NAMED_UNIT ( * ) SI_UNIT ( .MILLI., .METRE. ) );
#6100 = COLOUR_RGB ( '',0.6666666666666666297, 0.6980392156862744724, 0.7686274509803920907 ) ;
#6101 = DIRECTION ( 'NONE',  ( 1.000000000000000000, 0.0000000000000000000, 0.0000000000000000000 ) ) ;
#6102 = DIRECTION ( 'NONE',  ( -0.0000000000000000000, -0.0000000000000000000, 1.000000000000000000 ) ) ;
#6103 = CARTESIAN_POINT ( 'NONE',  ( 5.700000000000000178, 10.34999999999998899, -9.550000000000000711 ) ) ;
#6104 = SURFACE_SIDE_STYLE ('',( #3778 ) ) ;
#6105 = SURFACE_SIDE_STYLE ('',( #4195 ) ) ;
#6106 = FACE_OUTER_BOUND ( 'NONE', #1973, .T. ) ;
#6107 = UNCERTAINTY_MEASURE_WITH_UNIT (LENGTH_MEASURE( 1.000000000000000082E-05 ), #84, 'distance_accuracy_value', 'NONE');
#6108 = ORIENTED_EDGE ( 'NONE', *, *, #2627, .T. ) ;
#6109 = COLOUR_RGB ( '',0.1019607843137254888, 0.1019607843137254888, 0.1019607843137254888 ) ;
#6110 = PLANE ( 'NONE',  #2601 ) ;
#6111 = ORIENTED_EDGE ( 'NONE', *, *, #6699, .F. ) ;
#6112 =( NAMED_UNIT ( * ) PLANE_ANGLE_UNIT ( ) SI_UNIT ( $, .RADIAN. ) );
#6113 = CARTESIAN_POINT ( 'NONE',  ( 5.000000000000000000, -4.000000000000000000, -11.25000000000000000 ) ) ;
#6114 = ADVANCED_FACE ( 'NONE', ( #3756 ), #157, .F. ) ;
#6115 = ORIENTED_EDGE ( 'NONE', *, *, #2818, .F. ) ;
#6116 = SURFACE_SIDE_STYLE ('',( #2846 ) ) ;
#6117 = STYLED_ITEM ( 'NONE', ( #7141 ), #1188 ) ;
#6118 = DIRECTION ( 'NONE',  ( 1.000000000000000000, 0.0000000000000000000, 0.0000000000000000000 ) ) ;
#6119 = FACE_OUTER_BOUND ( 'NONE', #2728, .T. ) ;
#6120 = ORIENTED_EDGE ( 'NONE', *, *, #2979, .T. ) ;
#6121 = CARTESIAN_POINT ( 'NONE',  ( 12.09999999999999787, 6.000000000000000000, -9.550000000000000711 ) ) ;
#6122 = EDGE_CURVE ( 'NONE', #6184, #1404, #2687, .T. ) ;
#6123 = CARTESIAN_POINT ( 'NONE',  ( 11.59999999999999964, 2.200000000000000178, -12.59999999999999964 ) ) ;
#6124 = FILL_AREA_STYLE_COLOUR ( '', #6188 ) ;
#6125 = VECTOR ( 'NONE', #1813, 1000.000000000000000 ) ;
#6126 = VERTEX_POINT ( 'NONE', #1297 ) ;
#6127 = PRESENTATION_STYLE_ASSIGNMENT (( #4138 ) ) ;
#6128 = PRESENTATION_LAYER_ASSIGNMENT (  '', '', ( #2610 ) ) ;
#6129 = DIRECTION ( 'NONE',  ( 0.0000000000000000000, -0.0000000000000000000, 1.000000000000000000 ) ) ;
#6130 = ADVANCED_FACE ( 'NONE', ( #688 ), #2557, .F. ) ;
#6131 =( LENGTH_UNIT ( ) NAMED_UNIT ( * ) SI_UNIT ( .MILLI., .METRE. ) );
#6132 = STYLED_ITEM ( 'NONE', ( #2564 ), #1820 ) ;
#6133 = DIRECTION ( 'NONE',  ( 0.0000000000000000000, 0.0000000000000000000, 1.000000000000000000 ) ) ;
#6134 = CARTESIAN_POINT ( 'NONE',  ( -2.500000000000001332, 12.65000000000000391, 12.95000000000000107 ) ) ;
#6135 = CARTESIAN_POINT ( 'NONE',  ( -9.000000000000001776, 15.00000000000000000, -9.050000000000000711 ) ) ;
#6136 = EDGE_CURVE ( 'NONE', #6907, #6386, #4595, .T. ) ;
#6137 = EDGE_CURVE ( 'NONE', #7137, #4208, #1576, .T. ) ;
#6138 = ORIENTED_EDGE ( 'NONE', *, *, #7310, .T. ) ;
#6139 =( LENGTH_UNIT ( ) NAMED_UNIT ( * ) SI_UNIT ( .MILLI., .METRE. ) );
#6140 = SURFACE_STYLE_USAGE ( .BOTH. , #3286 ) ;
#6141 = SURFACE_SIDE_STYLE ('',( #700 ) ) ;
#6142 = FILL_AREA_STYLE_COLOUR ( '', #1713 ) ;
#6143 = LINE ( 'NONE', #546, #6283 ) ;
#6144 = CIRCLE ( 'NONE', #4468, 0.5000000000000004441 ) ;
#6145 = DIRECTION ( 'NONE',  ( 1.000000000000000000, -3.469446951953614189E-16, 0.0000000000000000000 ) ) ;
#6146 = ORIENTED_EDGE ( 'NONE', *, *, #2694, .F. ) ;
#6147 = COLOUR_RGB ( '',0.1019607843137254888, 0.1019607843137254888, 0.1019607843137254888 ) ;
#6148 = LINE ( 'NONE', #3049, #2136 ) ;
#6149 = STYLED_ITEM ( 'NONE', ( #2757 ), #7199 ) ;
#6150 = LINE ( 'NONE', #3747, #4417 ) ;
#6151 = ORIENTED_EDGE ( 'NONE', *, *, #1671, .F. ) ;
#6152 = DIRECTION ( 'NONE',  ( -1.000000000000000000, 0.0000000000000000000, 0.0000000000000000000 ) ) ;
#6153 = SURFACE_STYLE_FILL_AREA ( #2468 ) ;
#6154 = PRESENTATION_STYLE_ASSIGNMENT (( #3666 ) ) ;
#6155 = CARTESIAN_POINT ( 'NONE',  ( -9.000000000000001776, 0.0000000000000000000, -8.250000000000000000 ) ) ;
#6156 = VECTOR ( 'NONE', #1653, 1000.000000000000000 ) ;
#6157 = AXIS2_PLACEMENT_3D ( 'NONE', #4310, #6815, #8126 ) ;
#6158 =( NAMED_UNIT ( * ) SI_UNIT ( $, .STERADIAN. ) SOLID_ANGLE_UNIT ( ) );
#6159 = VERTEX_POINT ( 'NONE', #927 ) ;
#6160 = FACE_OUTER_BOUND ( 'NONE', #1732, .T. ) ;
#6161 = FILL_AREA_STYLE ('',( #3512 ) ) ;
#6162 = FACE_OUTER_BOUND ( 'NONE', #6031, .T. ) ;
#6163 = CARTESIAN_POINT ( 'NONE',  ( -4.199999999999989519, 11.84999999999999964, 9.550000000000000711 ) ) ;
#6164 = VERTEX_POINT ( 'NONE', #5923 ) ;
#6165 = COLOUR_RGB ( '',0.1019607843137254888, 0.1019607843137254888, 0.1019607843137254888 ) ;
#6166 =( LENGTH_UNIT ( ) NAMED_UNIT ( * ) SI_UNIT ( .MILLI., .METRE. ) );
#6167 = ORIENTED_EDGE ( 'NONE', *, *, #1532, .F. ) ;
#6168 = UNCERTAINTY_MEASURE_WITH_UNIT (LENGTH_MEASURE( 1.000000000000000082E-05 ), #4259, 'distance_accuracy_value', 'NONE');
#6169 = CARTESIAN_POINT ( 'NONE',  ( -4.200000000000000178, 8.150000000000000355, -8.200000000000001066 ) ) ;
#6170 =( GEOMETRIC_REPRESENTATION_CONTEXT ( 3 ) GLOBAL_UNCERTAINTY_ASSIGNED_CONTEXT ( ( #2500 ) ) GLOBAL_UNIT_ASSIGNED_CONTEXT ( ( #4423, #5587, #3674 ) ) REPRESENTATION_CONTEXT ( 'NONE', 'WORKASPACE' ) );
#6171 = EDGE_CURVE ( 'NONE', #4589, #4826, #3010, .T. ) ;
#6172 = VECTOR ( 'NONE', #3782, 1000.000000000000000 ) ;
#6173 = AXIS2_PLACEMENT_3D ( 'NONE', #3791, #4498, #4539 ) ;
#6174 = PLANE ( 'NONE',  #1909 ) ;
#6175 =( GEOMETRIC_REPRESENTATION_CONTEXT ( 3 ) GLOBAL_UNCERTAINTY_ASSIGNED_CONTEXT ( ( #7383 ) ) GLOBAL_UNIT_ASSIGNED_CONTEXT ( ( #6506, #5929, #5812 ) ) REPRESENTATION_CONTEXT ( 'NONE', 'WORKASPACE' ) );
#6176 = PRESENTATION_LAYER_ASSIGNMENT (  '', '', ( #4230 ) ) ;
#6177 = DIRECTION ( 'NONE',  ( -0.0000000000000000000, 1.000000000000000000, -0.0000000000000000000 ) ) ;
#6178 = ADVANCED_FACE ( 'NONE', ( #7213 ), #316, .T. ) ;
#6179 = LINE ( 'NONE', #3773, #5501 ) ;
#6180 = UNCERTAINTY_MEASURE_WITH_UNIT (LENGTH_MEASURE( 1.000000000000000082E-05 ), #1718, 'distance_accuracy_value', 'NONE');
#6181 = LINE ( 'NONE', #5439, #835 ) ;
#6182 = STYLED_ITEM ( 'NONE', ( #3699 ), #3902 ) ;
#6183 = EDGE_LOOP ( 'NONE', ( #7468, #267, #2268, #2324 ) ) ;
#6184 = VERTEX_POINT ( 'NONE', #5379 ) ;
#6185 = PRESENTATION_STYLE_ASSIGNMENT (( #6140 ) ) ;
#6186 = CARTESIAN_POINT ( 'NONE',  ( -2.500000000000001332, 12.65000000000000391, 12.95000000000000107 ) ) ;
#6187 =( LENGTH_UNIT ( ) NAMED_UNIT ( * ) SI_UNIT ( .MILLI., .METRE. ) );
#6188 = COLOUR_RGB ( '',0.2980392156862745057, 0.2980392156862745057, 0.2980392156862745057 ) ;
#6189 = PLANE ( 'NONE',  #4337 ) ;
#6190 = EDGE_CURVE ( 'NONE', #1780, #4589, #3422, .T. ) ;
#6191 = PLANE ( 'NONE',  #1192 ) ;
#6192 = DIRECTION ( 'NONE',  ( -1.000000000000000000, 0.0000000000000000000, -0.0000000000000000000 ) ) ;
#6193 = EDGE_CURVE ( 'NONE', #7481, #899, #5882, .T. ) ;
#6194 = UNCERTAINTY_MEASURE_WITH_UNIT (LENGTH_MEASURE( 1.000000000000000082E-05 ), #6052, 'distance_accuracy_value', 'NONE');
#6195 = ORIENTED_EDGE ( 'NONE', *, *, #5973, .F. ) ;
#6196 = DIRECTION ( 'NONE',  ( -1.000000000000000000, 0.0000000000000000000, 0.0000000000000000000 ) ) ;
#6197 = VERTEX_POINT ( 'NONE', #7257 ) ;
#6198 = VECTOR ( 'NONE', #7262, 1000.000000000000000 ) ;
#6199 = FILL_AREA_STYLE ('',( #3048 ) ) ;
#6200 = CARTESIAN_POINT ( 'NONE',  ( 12.75000000000000000, 15.75000000000000000, 12.95000000000000107 ) ) ;
#6201 = VERTEX_POINT ( 'NONE', #5841 ) ;
#6202 = LINE ( 'NONE', #6956, #7528 ) ;
#6203 = DIRECTION ( 'NONE',  ( -0.0000000000000000000, -1.000000000000000000, -0.0000000000000000000 ) ) ;
#6204 = CARTESIAN_POINT ( 'NONE',  ( 5.000000000000000000, 2.200000000000000178, -11.25000000000000000 ) ) ;
#6205 = DIRECTION ( 'NONE',  ( 0.0000000000000000000, 1.000000000000000000, 0.0000000000000000000 ) ) ;
#6206 = ORIENTED_EDGE ( 'NONE', *, *, #7700, .T. ) ;
#6207 = SURFACE_STYLE_FILL_AREA ( #3716 ) ;
#6208 = ORIENTED_EDGE ( 'NONE', *, *, #1549, .F. ) ;
#6209 = CARTESIAN_POINT ( 'NONE',  ( -5.799999999999999822, 10.34999999999998899, -8.200000000000001066 ) ) ;
#6210 = CLOSED_SHELL ( 'NONE', ( #2914, #6650, #684, #4049, #2790, #5228, #7102, #5041, #292, #3354 ) ) ;
#6211 = SURFACE_STYLE_USAGE ( .BOTH. , #5423 ) ;
#6212 = CARTESIAN_POINT ( 'NONE',  ( 9.000000000000001776, 0.0000000000000000000, 8.250000000000000000 ) ) ;
#6213 = LINE ( 'NONE', #1958, #91 ) ;
#6214 = VERTEX_POINT ( 'NONE', #1623 ) ;
#6215 = ORIENTED_EDGE ( 'NONE', *, *, #2929, .F. ) ;
#6216 = FILL_AREA_STYLE_COLOUR ( '', #3361 ) ;
#6217 = STYLED_ITEM ( 'NONE', ( #331 ), #4604 ) ;
#6218 = LINE ( 'NONE', #6886, #655 ) ;
#6219 = CARTESIAN_POINT ( 'NONE',  ( -6.349999999999977440, 15.75000000000000355, 8.199999999999997513 ) ) ;
#6220 =( GEOMETRIC_REPRESENTATION_CONTEXT ( 3 ) GLOBAL_UNCERTAINTY_ASSIGNED_CONTEXT ( ( #6465 ) ) GLOBAL_UNIT_ASSIGNED_CONTEXT ( ( #8102, #2559, #1785 ) ) REPRESENTATION_CONTEXT ( 'NONE', 'WORKASPACE' ) );
#6221 = EDGE_CURVE ( 'NONE', #649, #7585, #2184, .T. ) ;
#6222 = DIRECTION ( 'NONE',  ( 1.000000000000000000, 0.0000000000000000000, 0.0000000000000000000 ) ) ;
#6223 = STYLED_ITEM ( 'NONE', ( #1397 ), #4801 ) ;
#6224 = ORIENTED_EDGE ( 'NONE', *, *, #1135, .T. ) ;
#6225 = LINE ( 'NONE', #3, #3308 ) ;
#6226 = DIRECTION ( 'NONE',  ( 0.0000000000000000000, -1.000000000000000000, 0.0000000000000000000 ) ) ;
#6227 = DIRECTION ( 'NONE',  ( 1.000000000000000000, -3.854941057726238097E-16, 0.0000000000000000000 ) ) ;
#6228 = VECTOR ( 'NONE', #4727, 1000.000000000000000 ) ;
#6229 = ORIENTED_EDGE ( 'NONE', *, *, #674, .T. ) ;
#6230 = ORIENTED_EDGE ( 'NONE', *, *, #6586, .T. ) ;
#6231 = DIRECTION ( 'NONE',  ( -0.0000000000000000000, 1.000000000000000000, -0.0000000000000000000 ) ) ;
#6232 = EDGE_CURVE ( 'NONE', #6201, #856, #1581, .T. ) ;
#6233 = VECTOR ( 'NONE', #7668, 1000.000000000000000 ) ;
#6234 = LINE ( 'NONE', #4269, #1060 ) ;
#6235 = STYLED_ITEM ( 'NONE', ( #924 ), #5078 ) ;
#6236 = DIRECTION ( 'NONE',  ( 1.000000000000000000, 2.699958717473629988E-16, 0.0000000000000000000 ) ) ;
#6237 = PRESENTATION_STYLE_ASSIGNMENT (( #5049 ) ) ;
#6238 = ORIENTED_EDGE ( 'NONE', *, *, #1895, .T. ) ;
#6239 = CARTESIAN_POINT ( 'NONE',  ( -8.999999999999998224, 0.0000000000000000000, 9.050000000000000711 ) ) ;
#6240 = VECTOR ( 'NONE', #1714, 1000.000000000000000 ) ;
#6241 = EDGE_CURVE ( 'NONE', #6856, #2745, #663, .T. ) ;
#6242 = ADVANCED_FACE ( 'NONE', ( #6469 ), #269, .F. ) ;
#6243 = CARTESIAN_POINT ( 'NONE',  ( 6.350000000000000533, 5.950000000000001066, -8.250000000000000000 ) ) ;
#6244 = VERTEX_POINT ( 'NONE', #1158 ) ;
#6245 = SURFACE_STYLE_FILL_AREA ( #2425 ) ;
#6246 = PLANE ( 'NONE',  #4096 ) ;
#6247 =( NAMED_UNIT ( * ) SI_UNIT ( $, .STERADIAN. ) SOLID_ANGLE_UNIT ( ) );
#6248 = ORIENTED_EDGE ( 'NONE', *, *, #2772, .T. ) ;
#6249 = FILL_AREA_STYLE ('',( #6339 ) ) ;
#6250 = ADVANCED_FACE ( 'NONE', ( #2261 ), #554, .F. ) ;
#6251 =( LENGTH_UNIT ( ) NAMED_UNIT ( * ) SI_UNIT ( .MILLI., .METRE. ) );
#6252 = CARTESIAN_POINT ( 'NONE',  ( -5.700000000000000178, 8.150000000000011013, -9.550000000000000711 ) ) ;
#6253 = LINE ( 'NONE', #3675, #1419 ) ;
#6254 = FILL_AREA_STYLE_COLOUR ( '', #2612 ) ;
#6255 = VERTEX_POINT ( 'NONE', #7388 ) ;
#6256 = LINE ( 'NONE', #6977, #1767 ) ;
#6257 = VECTOR ( 'NONE', #1761, 1000.000000000000000 ) ;
#6258 = FILL_AREA_STYLE ('',( #1260 ) ) ;
#6259 = DIRECTION ( 'NONE',  ( 0.0000000000000000000, 1.000000000000000000, 0.0000000000000000000 ) ) ;
#6260 = PRESENTATION_LAYER_ASSIGNMENT (  '', '', ( #5215 ) ) ;
#6261 = CARTESIAN_POINT ( 'NONE',  ( 2.499999999999998668, 12.65000000000000213, -12.95000000000000107 ) ) ;
#6262 = EDGE_LOOP ( 'NONE', ( #4719, #4664, #4646, #4822 ) ) ;
#6263 = DIRECTION ( 'NONE',  ( 1.000000000000000000, 0.0000000000000000000, 0.0000000000000000000 ) ) ;
#6264 = CARTESIAN_POINT ( 'NONE',  ( -9.000000000000001776, 6.500000000000000888, -9.050000000000000711 ) ) ;
#6265 = LINE ( 'NONE', #6934, #5299 ) ;
#6266 = UNCERTAINTY_MEASURE_WITH_UNIT (LENGTH_MEASURE( 1.000000000000000082E-05 ), #512, 'distance_accuracy_value', 'NONE');
#6267 = SURFACE_STYLE_USAGE ( .BOTH. , #6893 ) ;
#6268 = AXIS2_PLACEMENT_3D ( 'NONE', #5832, #7236, #3956 ) ;
#6269 = ORIENTED_EDGE ( 'NONE', *, *, #4104, .T. ) ;
#6270 = ORIENTED_EDGE ( 'NONE', *, *, #5461, .T. ) ;
#6271 = VECTOR ( 'NONE', #771, 1000.000000000000000 ) ;
#6272 =( GEOMETRIC_REPRESENTATION_CONTEXT ( 3 ) GLOBAL_UNCERTAINTY_ASSIGNED_CONTEXT ( ( #1104 ) ) GLOBAL_UNIT_ASSIGNED_CONTEXT ( ( #1169, #3104, #7478 ) ) REPRESENTATION_CONTEXT ( 'NONE', 'WORKASPACE' ) );
#6273 = CARTESIAN_POINT ( 'NONE',  ( 0.9999999999999991118, 0.9921485132883310909, 12.60000000000000142 ) ) ;
#6274 = UNCERTAINTY_MEASURE_WITH_UNIT (LENGTH_MEASURE( 1.000000000000000082E-05 ), #976, 'distance_accuracy_value', 'NONE');
#6275 = FILL_AREA_STYLE_COLOUR ( '', #3559 ) ;
#6276 = EDGE_LOOP ( 'NONE', ( #1361, #7773, #2904, #4576 ) ) ;
#6277 = VECTOR ( 'NONE', #3962, 1000.000000000000000 ) ;
#6278 = AXIS2_PLACEMENT_3D ( 'NONE', #4586, #4003, #3357 ) ;
#6279 = ADVANCED_FACE ( 'NONE', ( #6737 ), #1771, .F. ) ;
#6280 = EDGE_LOOP ( 'NONE', ( #5309, #4927, #5715, #6894, #6769, #3805, #2943, #483 ) ) ;
#6281 =( NAMED_UNIT ( * ) PLANE_ANGLE_UNIT ( ) SI_UNIT ( $, .RADIAN. ) );
#6282 = CARTESIAN_POINT ( 'NONE',  ( -9.000000000000001776, 2.200000000000000622, -9.050000000000000711 ) ) ;
#6283 = VECTOR ( 'NONE', #6858, 1000.000000000000000 ) ;
#6284 = LINE ( 'NONE', #4281, #886 ) ;
#6285 = ORIENTED_EDGE ( 'NONE', *, *, #7846, .T. ) ;
#6286 = FACE_OUTER_BOUND ( 'NONE', #8141, .T. ) ;
#6287 =( NAMED_UNIT ( * ) PLANE_ANGLE_UNIT ( ) SI_UNIT ( $, .RADIAN. ) );
#6288 =( NAMED_UNIT ( * ) PLANE_ANGLE_UNIT ( ) SI_UNIT ( $, .RADIAN. ) );
#6289 = FILL_AREA_STYLE_COLOUR ( '', #3230 ) ;
#6290 = ORIENTED_EDGE ( 'NONE', *, *, #3931, .T. ) ;
#6291 = EDGE_CURVE ( 'NONE', #4667, #6856, #1325, .T. ) ;
#6292 = VECTOR ( 'NONE', #961, 1000.000000000000000 ) ;
#6293 = VERTEX_POINT ( 'NONE', #1984 ) ;
#6294 = STYLED_ITEM ( 'NONE', ( #2066 ), #6348 ) ;
#6295 = DIRECTION ( 'NONE',  ( 1.000000000000000000, 3.854941057726238097E-16, 0.0000000000000000000 ) ) ;
#6296 = PRESENTATION_STYLE_ASSIGNMENT (( #6211 ) ) ;
#6297 = DIRECTION ( 'NONE',  ( -1.329290019905599182E-16, -1.094764425253763337E-47, -1.000000000000000000 ) ) ;
#6298 = DIRECTION ( 'NONE',  ( 0.0000000000000000000, 0.0000000000000000000, -1.000000000000000000 ) ) ;
#6299 = ORIENTED_EDGE ( 'NONE', *, *, #3853, .F. ) ;
#6300 = FILL_AREA_STYLE_COLOUR ( '', #3043 ) ;
#6301 = FACE_OUTER_BOUND ( 'NONE', #2312, .T. ) ;
#6302 = AXIS2_PLACEMENT_3D ( 'NONE', #5579, #3099, #8139 ) ;
#6303 = ORIENTED_EDGE ( 'NONE', *, *, #6898, .F. ) ;
#6304 = STYLED_ITEM ( 'NONE', ( #4154 ), #6539 ) ;
#6305 = EDGE_CURVE ( 'NONE', #1636, #6472, #7373, .T. ) ;
#6306 =( NAMED_UNIT ( * ) PLANE_ANGLE_UNIT ( ) SI_UNIT ( $, .RADIAN. ) );
#6307 = VECTOR ( 'NONE', #125, 1000.000000000000000 ) ;
#6308 = PRESENTATION_LAYER_ASSIGNMENT (  '', '', ( #1721 ) ) ;
#6309 = DIRECTION ( 'NONE',  ( 1.000000000000000000, 3.854941057726238097E-16, -1.329290019905599182E-16 ) ) ;
#6310 = LINE ( 'NONE', #5117, #4709 ) ;
#6311 = LINE ( 'NONE', #3200, #4353 ) ;
#6312 = SURFACE_STYLE_FILL_AREA ( #6352 ) ;
#6313 = LINE ( 'NONE', #3939, #6519 ) ;
#6314 = SURFACE_STYLE_FILL_AREA ( #5123 ) ;
#6315 = VECTOR ( 'NONE', #2098, 1000.000000000000000 ) ;
#6316 = FACE_OUTER_BOUND ( 'NONE', #2562, .T. ) ;
#6317 = ORIENTED_EDGE ( 'NONE', *, *, #2074, .T. ) ;
#6318 = ORIENTED_EDGE ( 'NONE', *, *, #4890, .T. ) ;
#6319 = AXIS2_PLACEMENT_3D ( 'NONE', #2472, #2606, #4626 ) ;
#6320 = FACE_OUTER_BOUND ( 'NONE', #5745, .T. ) ;
#6321 = FILL_AREA_STYLE ('',( #12 ) ) ;
#6322 = CARTESIAN_POINT ( 'NONE',  ( -12.60000000000000142, 6.000000000000000000, -12.09999999999999609 ) ) ;
#6323 = ORIENTED_EDGE ( 'NONE', *, *, #4504, .F. ) ;
#6324 = MECHANICAL_DESIGN_GEOMETRIC_PRESENTATION_REPRESENTATION (  '', ( #6462 ), #4634 ) ;
#6325 = FILL_AREA_STYLE_COLOUR ( '', #8152 ) ;
#6326 = ORIENTED_EDGE ( 'NONE', *, *, #481, .T. ) ;
#6327 = DIRECTION ( 'NONE',  ( -1.906289534040447240E-16, 1.000000000000000000, 0.0000000000000000000 ) ) ;
#6328 = PLANE ( 'NONE',  #1084 ) ;
#6329 = CIRCLE ( 'NONE', #6048, 0.5000000000000004441 ) ;
#6330 = CARTESIAN_POINT ( 'NONE',  ( 5.999999999999998224, 15.00000000000000000, 8.250000000000000000 ) ) ;
#6331 = DIRECTION ( 'NONE',  ( -1.000000000000000000, -0.0000000000000000000, -0.0000000000000000000 ) ) ;
#6332 = FACE_OUTER_BOUND ( 'NONE', #5901, .T. ) ;
#6333 = ADVANCED_FACE ( 'NONE', ( #3262 ), #4534, .F. ) ;
#6334 = DIRECTION ( 'NONE',  ( 0.0000000000000000000, 1.000000000000000000, 0.0000000000000000000 ) ) ;
#6335 = VERTEX_POINT ( 'NONE', #4408 ) ;
#6336 = PRESENTATION_LAYER_ASSIGNMENT (  '', '', ( #5941 ) ) ;
#6337 =( NAMED_UNIT ( * ) PLANE_ANGLE_UNIT ( ) SI_UNIT ( $, .RADIAN. ) );
#6338 = ORIENTED_EDGE ( 'NONE', *, *, #3402, .T. ) ;
#6339 = FILL_AREA_STYLE_COLOUR ( '', #2216 ) ;
#6340 = DIRECTION ( 'NONE',  ( 1.000000000000000000, 0.0000000000000000000, 0.0000000000000000000 ) ) ;
#6341 = EDGE_LOOP ( 'NONE', ( #878, #1770, #5448, #2768, #493, #2043, #4525, #5672 ) ) ;
#6342 = CARTESIAN_POINT ( 'NONE',  ( 0.9999999999999991118, 2.200000000000000622, 9.050000000000002487 ) ) ;
#6343 = FACE_OUTER_BOUND ( 'NONE', #7737, .T. ) ;
#6344 = ADVANCED_FACE ( 'NONE', ( #803 ), #7629, .T. ) ;
#6345 = ORIENTED_EDGE ( 'NONE', *, *, #77, .T. ) ;
#6346 = DIRECTION ( 'NONE',  ( 1.000000000000000000, 0.0000000000000000000, 0.0000000000000000000 ) ) ;
#6347 = CARTESIAN_POINT ( 'NONE',  ( 5.000000000000000000, -4.000000000000000000, -11.59999999999999964 ) ) ;
#6348 = ADVANCED_FACE ( 'NONE', ( #5748 ), #1945, .F. ) ;
#6349 = FILL_AREA_STYLE_COLOUR ( '', #6100 ) ;
#6350 = EDGE_CURVE ( 'NONE', #7472, #3670, #4328, .T. ) ;
#6351 = DIRECTION ( 'NONE',  ( -0.0000000000000000000, -1.000000000000000000, -0.0000000000000000000 ) ) ;
#6352 = FILL_AREA_STYLE ('',( #8072 ) ) ;
#6353 = PRESENTATION_STYLE_ASSIGNMENT (( #6267 ) ) ;
#6354 = EDGE_LOOP ( 'NONE', ( #276, #4334 ) ) ;
#6355 = STYLED_ITEM ( 'NONE', ( #7409 ), #86 ) ;
#6356 = ORIENTED_EDGE ( 'NONE', *, *, #33, .T. ) ;
#6357 = AXIS2_PLACEMENT_3D ( 'NONE', #8014, #1128, #7434 ) ;
#6358 = SURFACE_STYLE_FILL_AREA ( #2581 ) ;
#6359 = FILL_AREA_STYLE_COLOUR ( '', #3678 ) ;
#6360 = FILL_AREA_STYLE_COLOUR ( '', #6569 ) ;
#6361 = FILL_AREA_STYLE ('',( #3864 ) ) ;
#6362 = VERTEX_POINT ( 'NONE', #1783 ) ;
#6363 = VECTOR ( 'NONE', #3100, 1000.000000000000000 ) ;
#6364 = DIRECTION ( 'NONE',  ( 1.000000000000000000, 0.0000000000000000000, 0.0000000000000000000 ) ) ;
#6365 = DIRECTION ( 'NONE',  ( -1.000000000000000000, 0.0000000000000000000, 0.0000000000000000000 ) ) ;
#6366 = DIRECTION ( 'NONE',  ( -0.0000000000000000000, 0.0000000000000000000, -1.000000000000000000 ) ) ;
#6367 = FILL_AREA_STYLE_COLOUR ( '', #5920 ) ;
#6368 = SURFACE_SIDE_STYLE ('',( #1459 ) ) ;
#6369 = PRESENTATION_STYLE_ASSIGNMENT (( #6961 ) ) ;
#6370 = UNCERTAINTY_MEASURE_WITH_UNIT (LENGTH_MEASURE( 1.000000000000000082E-05 ), #51, 'distance_accuracy_value', 'NONE');
#6371 = ORIENTED_EDGE ( 'NONE', *, *, #4139, .F. ) ;
#6372 = MECHANICAL_DESIGN_GEOMETRIC_PRESENTATION_REPRESENTATION (  '', ( #1787 ), #6631 ) ;
#6373 = PRESENTATION_LAYER_ASSIGNMENT (  '', '', ( #5056 ) ) ;
#6374 = STYLED_ITEM ( 'NONE', ( #4610 ), #5340 ) ;
#6375 = FILL_AREA_STYLE_COLOUR ( '', #6558 ) ;
#6376 = VERTEX_POINT ( 'NONE', #5390 ) ;
#6377 = PRESENTATION_STYLE_ASSIGNMENT (( #5627 ) ) ;
#6378 = ADVANCED_FACE ( 'NONE', ( #1825 ), #4899, .F. ) ;
#6379 = PLANE ( 'NONE',  #2948 ) ;
#6380 = FACE_OUTER_BOUND ( 'NONE', #5811, .T. ) ;
#6381 =( NAMED_UNIT ( * ) PLANE_ANGLE_UNIT ( ) SI_UNIT ( $, .RADIAN. ) );
#6382 = VERTEX_POINT ( 'NONE', #4289 ) ;
#6383 = DIRECTION ( 'NONE',  ( -1.000000000000000000, 0.0000000000000000000, 0.0000000000000000000 ) ) ;
#6384 = MECHANICAL_DESIGN_GEOMETRIC_PRESENTATION_REPRESENTATION (  '', ( #2577 ), #3247 ) ;
#6385 = CARTESIAN_POINT ( 'NONE',  ( 12.09999999999999787, 6.000000000000000000, -9.550000000000000711 ) ) ;
#6386 = VERTEX_POINT ( 'NONE', #7400 ) ;
#6387 =( NAMED_UNIT ( * ) PLANE_ANGLE_UNIT ( ) SI_UNIT ( $, .RADIAN. ) );
#6388 = MECHANICAL_DESIGN_GEOMETRIC_PRESENTATION_REPRESENTATION (  '', ( #3508 ), #5581 ) ;
#6389 = EDGE_CURVE ( 'NONE', #2005, #40, #4249, .T. ) ;
#6390 = SURFACE_STYLE_USAGE ( .BOTH. , #7748 ) ;
#6391 = CARTESIAN_POINT ( 'NONE',  ( 5.000000000000000000, -4.000000000000000000, 11.59999999999999964 ) ) ;
#6392 = FILL_AREA_STYLE ('',( #585 ) ) ;
#6393 = CARTESIAN_POINT ( 'NONE',  ( -1.000000000000000888, 2.200000000000000178, -9.050000000000000711 ) ) ;
#6394 = DIRECTION ( 'NONE',  ( 1.000000000000000000, 0.0000000000000000000, -0.0000000000000000000 ) ) ;
#6395 = ORIENTED_EDGE ( 'NONE', *, *, #3941, .F. ) ;
#6396 = DIRECTION ( 'NONE',  ( 0.0000000000000000000, 1.000000000000000000, 0.0000000000000000000 ) ) ;
#6397 = CARTESIAN_POINT ( 'NONE',  ( 5.900000000000000355, 6.500000000000000888, -9.050000000000000711 ) ) ;
#6398 =( LENGTH_UNIT ( ) NAMED_UNIT ( * ) SI_UNIT ( .MILLI., .METRE. ) );
#6399 = ADVANCED_FACE ( 'NONE', ( #2430 ), #7352, .F. ) ;
#6400 = ORIENTED_EDGE ( 'NONE', *, *, #6409, .T. ) ;
#6401 = VECTOR ( 'NONE', #4700, 1000.000000000000000 ) ;
#6402 = DIRECTION ( 'NONE',  ( 0.0000000000000000000, 0.0000000000000000000, -1.000000000000000000 ) ) ;
#6403 = LINE ( 'NONE', #3296, #1790 ) ;
#6404 =( NAMED_UNIT ( * ) PLANE_ANGLE_UNIT ( ) SI_UNIT ( $, .RADIAN. ) );
#6405 = AXIS2_PLACEMENT_3D ( 'NONE', #120, #866, #7065 ) ;
#6406 = SURFACE_SIDE_STYLE ('',( #754 ) ) ;
#6407 = SURFACE_STYLE_FILL_AREA ( #3168 ) ;
#6408 = ORIENTED_EDGE ( 'NONE', *, *, #859, .F. ) ;
#6409 = EDGE_CURVE ( 'NONE', #4810, #3052, #2344, .T. ) ;
#6410 = ADVANCED_FACE ( 'NONE', ( #4984 ), #7641, .T. ) ;
#6411 = AXIS2_PLACEMENT_3D ( 'NONE', #6624, #7786, #7226 ) ;
#6412 = CARTESIAN_POINT ( 'NONE',  ( -8.999999999999998224, 15.00000000000000000, 9.050000000000000711 ) ) ;
#6413 = SURFACE_SIDE_STYLE ('',( #6955 ) ) ;
#6414 = CARTESIAN_POINT ( 'NONE',  ( -6.349999999999997868, 5.750000000000000000, 8.199999999999997513 ) ) ;
#6415 = VECTOR ( 'NONE', #3635, 1000.000000000000000 ) ;
#6416 = PRESENTATION_STYLE_ASSIGNMENT (( #3793 ) ) ;
#6417 = ORIENTED_EDGE ( 'NONE', *, *, #4811, .T. ) ;
#6418 = ORIENTED_EDGE ( 'NONE', *, *, #1888, .F. ) ;
#6419 = VECTOR ( 'NONE', #7046, 1000.000000000000000 ) ;
#6420 = LINE ( 'NONE', #3843, #925 ) ;
#6421 = DIRECTION ( 'NONE',  ( -0.0000000000000000000, -0.0000000000000000000, -1.000000000000000000 ) ) ;
#6422 = SURFACE_STYLE_USAGE ( .BOTH. , #6470 ) ;
#6423 =( NAMED_UNIT ( * ) SI_UNIT ( $, .STERADIAN. ) SOLID_ANGLE_UNIT ( ) );
#6424 = ORIENTED_EDGE ( 'NONE', *, *, #325, .T. ) ;
#6425 = FILL_AREA_STYLE ('',( #7097 ) ) ;
#6426 = DIRECTION ( 'NONE',  ( 0.0000000000000000000, 0.0000000000000000000, -1.000000000000000000 ) ) ;
#6427 = PRESENTATION_STYLE_ASSIGNMENT (( #2808 ) ) ;
#6428 = AXIS2_PLACEMENT_3D ( 'NONE', #4165, #6039, #2970 ) ;
#6429 = PRESENTATION_STYLE_ASSIGNMENT (( #6390 ) ) ;
#6430 = AXIS2_PLACEMENT_3D ( 'NONE', #1239, #5610, #3083 ) ;
#6431 = DIRECTION ( 'NONE',  ( -0.0000000000000000000, -1.000000000000000000, -0.0000000000000000000 ) ) ;
#6432 = VECTOR ( 'NONE', #4362, 1000.000000000000000 ) ;
#6433 = CARTESIAN_POINT ( 'NONE',  ( -1.000000000000000888, 15.00000000000000000, 8.250000000000000000 ) ) ;
#6434 = CIRCLE ( 'NONE', #5635, 0.3499999999999996447 ) ;
#6435 = SURFACE_STYLE_USAGE ( .BOTH. , #2267 ) ;
#6436 = EDGE_CURVE ( 'NONE', #3742, #108, #64, .T. ) ;
#6437 = PRESENTATION_STYLE_ASSIGNMENT (( #948 ) ) ;
#6438 = UNCERTAINTY_MEASURE_WITH_UNIT (LENGTH_MEASURE( 1.000000000000000082E-05 ), #1647, 'distance_accuracy_value', 'NONE');
#6439 = DIRECTION ( 'NONE',  ( 0.0000000000000000000, 1.000000000000000000, -0.0000000000000000000 ) ) ;
#6440 = COLOUR_RGB ( '',0.1019607843137254888, 0.1019607843137254888, 0.1019607843137254888 ) ;
#6441 = ORIENTED_EDGE ( 'NONE', *, *, #2477, .T. ) ;
#6442 = EDGE_LOOP ( 'NONE', ( #6855, #7799, #3160, #5064 ) ) ;
#6443 = SURFACE_STYLE_USAGE ( .BOTH. , #3946 ) ;
#6444 = COLOUR_RGB ( '',1.000000000000000000, 1.000000000000000000, 1.000000000000000000 ) ;
#6445 = EDGE_CURVE ( 'NONE', #1421, #1404, #2554, .T. ) ;
#6446 = CYLINDRICAL_SURFACE ( 'NONE', #7798, 0.5000000000000004441 ) ;
#6447 = COLOUR_RGB ( '',0.1019607843137254888, 0.1019607843137254888, 0.1019607843137254888 ) ;
#6448 = CARTESIAN_POINT ( 'NONE',  ( 3.999999999999999112, 2.200000000000000178, -9.050000000000000711 ) ) ;
#6449 =( GEOMETRIC_REPRESENTATION_CONTEXT ( 3 ) GLOBAL_UNCERTAINTY_ASSIGNED_CONTEXT ( ( #4643 ) ) GLOBAL_UNIT_ASSIGNED_CONTEXT ( ( #81, #3685, #1141 ) ) REPRESENTATION_CONTEXT ( 'NONE', 'WORKASPACE' ) );
#6450 = SURFACE_STYLE_USAGE ( .BOTH. , #4528 ) ;
#6451 = DIRECTION ( 'NONE',  ( 0.0000000000000000000, 0.0000000000000000000, -1.000000000000000000 ) ) ;
#6452 = UNCERTAINTY_MEASURE_WITH_UNIT (LENGTH_MEASURE( 1.000000000000000082E-05 ), #4202, 'distance_accuracy_value', 'NONE');
#6453 = DIRECTION ( 'NONE',  ( 0.0000000000000000000, 1.000000000000000000, 0.0000000000000000000 ) ) ;
#6454 = ORIENTED_EDGE ( 'NONE', *, *, #4784, .F. ) ;
#6455 =( GEOMETRIC_REPRESENTATION_CONTEXT ( 3 ) GLOBAL_UNCERTAINTY_ASSIGNED_CONTEXT ( ( #3085 ) ) GLOBAL_UNIT_ASSIGNED_CONTEXT ( ( #5967, #4754, #5462 ) ) REPRESENTATION_CONTEXT ( 'NONE', 'WORKASPACE' ) );
#6456 = PLANE ( 'NONE',  #7483 ) ;
#6457 = PRESENTATION_LAYER_ASSIGNMENT (  '', '', ( #3328 ) ) ;
#6458 = LINE ( 'NONE', #850, #7546 ) ;
#6459 = EDGE_CURVE ( 'NONE', #2745, #6856, #6434, .T. ) ;
#6460 = EDGE_CURVE ( 'NONE', #7604, #6159, #1998, .T. ) ;
#6461 = CARTESIAN_POINT ( 'NONE',  ( -4.199999999999988631, 6.550000000000000711, 8.199999999999997513 ) ) ;
#6462 = STYLED_ITEM ( 'NONE', ( #5617 ), #3681 ) ;
#6463 = DIRECTION ( 'NONE',  ( -1.000000000000000000, 0.0000000000000000000, -0.0000000000000000000 ) ) ;
#6464 = FILL_AREA_STYLE_COLOUR ( '', #5846 ) ;
#6465 = UNCERTAINTY_MEASURE_WITH_UNIT (LENGTH_MEASURE( 1.000000000000000082E-05 ), #8102, 'distance_accuracy_value', 'NONE');
#6466 = FILL_AREA_STYLE ('',( #814 ) ) ;
#6467 = VERTEX_POINT ( 'NONE', #4545 ) ;
#6468 = VECTOR ( 'NONE', #804, 1000.000000000000000 ) ;
#6469 = FACE_OUTER_BOUND ( 'NONE', #6820, .T. ) ;
#6470 = SURFACE_SIDE_STYLE ('',( #1509 ) ) ;
#6471 = DIRECTION ( 'NONE',  ( 0.0000000000000000000, -1.000000000000000000, 0.0000000000000000000 ) ) ;
#6472 = VERTEX_POINT ( 'NONE', #5756 ) ;
#6473 = FACE_OUTER_BOUND ( 'NONE', #3443, .T. ) ;
#6474 = CARTESIAN_POINT ( 'NONE',  ( -2.805882352941176272, 16.37647058823529278, 8.250000000000000000 ) ) ;
#6475 = STYLED_ITEM ( 'NONE', ( #1021 ), #4150 ) ;
#6476 = CARTESIAN_POINT ( 'NONE',  ( 0.0000000000000000000, -4.000000000000000000, 11.25000000000000000 ) ) ;
#6477 = FACE_OUTER_BOUND ( 'NONE', #7689, .T. ) ;
#6478 = DIRECTION ( 'NONE',  ( 1.329290019905599182E-16, 1.094764425253763337E-47, 1.000000000000000000 ) ) ;
#6479 = DIRECTION ( 'NONE',  ( -0.0000000000000000000, -1.000000000000000000, -0.0000000000000000000 ) ) ;
#6480 = ORIENTED_EDGE ( 'NONE', *, *, #1441, .F. ) ;
#6481 = VERTEX_POINT ( 'NONE', #4505 ) ;
#6482 = ORIENTED_EDGE ( 'NONE', *, *, #24, .T. ) ;
#6483 = EDGE_CURVE ( 'NONE', #2783, #1023, #679, .T. ) ;
#6484 = FACE_OUTER_BOUND ( 'NONE', #4042, .T. ) ;
#6485 = FILL_AREA_STYLE ('',( #2095 ) ) ;
#6486 = CARTESIAN_POINT ( 'NONE',  ( 10.00000000000000000, 2.200000000000000178, -11.25000000000000000 ) ) ;
#6487 = CARTESIAN_POINT ( 'NONE',  ( 6.150000000000002132, 12.55000000000000071, 8.250000000000000000 ) ) ;
#6488 = DIRECTION ( 'NONE',  ( -1.000000000000000000, 0.0000000000000000000, 0.0000000000000000000 ) ) ;
#6489 = ORIENTED_EDGE ( 'NONE', *, *, #7876, .T. ) ;
#6490 = ADVANCED_FACE ( 'NONE', ( #7054 ), #4114, .F. ) ;
#6491 =( NAMED_UNIT ( * ) SI_UNIT ( $, .STERADIAN. ) SOLID_ANGLE_UNIT ( ) );
#6492 = LINE ( 'NONE', #226, #2967 ) ;
#6493 =( NAMED_UNIT ( * ) PLANE_ANGLE_UNIT ( ) SI_UNIT ( $, .RADIAN. ) );
#6494 = CARTESIAN_POINT ( 'NONE',  ( -12.60000000000000142, 6.000000000000000000, -9.550000000000004263 ) ) ;
#6495 = DIRECTION ( 'NONE',  ( -0.3739683354969404183, 0.9274414720324122285, 0.0000000000000000000 ) ) ;
#6496 = ORIENTED_EDGE ( 'NONE', *, *, #4844, .T. ) ;
#6497 = EDGE_CURVE ( 'NONE', #1106, #396, #5257, .T. ) ;
#6498 = CARTESIAN_POINT ( 'NONE',  ( 10.00000000000000000, -4.000000000000000000, -11.25000000000000000 ) ) ;
#6499 = EDGE_CURVE ( 'NONE', #5071, #5963, #2111, .T. ) ;
#6500 = CIRCLE ( 'NONE', #7576, 0.3499999999999996447 ) ;
#6501 = ORIENTED_EDGE ( 'NONE', *, *, #6675, .F. ) ;
#6502 = DIRECTION ( 'NONE',  ( 0.0000000000000000000, -1.000000000000000000, 0.0000000000000000000 ) ) ;
#6503 =( NAMED_UNIT ( * ) SI_UNIT ( $, .STERADIAN. ) SOLID_ANGLE_UNIT ( ) );
#6504 = DIRECTION ( 'NONE',  ( 0.0000000000000000000, 0.0000000000000000000, -1.000000000000000000 ) ) ;
#6505 = ORIENTED_EDGE ( 'NONE', *, *, #5950, .F. ) ;
#6506 =( LENGTH_UNIT ( ) NAMED_UNIT ( * ) SI_UNIT ( .MILLI., .METRE. ) );
#6507 = CYLINDRICAL_SURFACE ( 'NONE', #4315, 0.3499999999999996447 ) ;
#6508 = MECHANICAL_DESIGN_GEOMETRIC_PRESENTATION_REPRESENTATION (  '', ( #3770 ), #1279 ) ;
#6509 = STYLED_ITEM ( 'NONE', ( #1801 ), #5433 ) ;
#6510 = DIRECTION ( 'NONE',  ( -0.0000000000000000000, 1.000000000000000000, -0.0000000000000000000 ) ) ;
#6511 = ADVANCED_FACE ( 'NONE', ( #6060 ), #2865, .F. ) ;
#6512 = VECTOR ( 'NONE', #4618, 1000.000000000000000 ) ;
#6513 = MECHANICAL_DESIGN_GEOMETRIC_PRESENTATION_REPRESENTATION (  '', ( #1018 ), #3762 ) ;
#6514 = CARTESIAN_POINT ( 'NONE',  ( 5.000000000000000000, -4.000000000000000000, 11.25000000000000000 ) ) ;
#6515 = FILL_AREA_STYLE_COLOUR ( '', #1955 ) ;
#6516 = PLANE ( 'NONE',  #7254 ) ;
#6517 = ORIENTED_EDGE ( 'NONE', *, *, #7018, .F. ) ;
#6518 = CARTESIAN_POINT ( 'NONE',  ( -12.59999999999999964, 6.000000000000000000, 9.550000000000004263 ) ) ;
#6519 = VECTOR ( 'NONE', #2053, 1000.000000000000000 ) ;
#6520 = UNCERTAINTY_MEASURE_WITH_UNIT (LENGTH_MEASURE( 1.000000000000000082E-05 ), #672, 'distance_accuracy_value', 'NONE');
#6521 = ORIENTED_EDGE ( 'NONE', *, *, #1521, .T. ) ;
#6522 = LINE ( 'NONE', #2165, #2276 ) ;
#6523 = CARTESIAN_POINT ( 'NONE',  ( -3.750000000000001776, 15.75000000000000355, -9.550000000000000711 ) ) ;
#6524 = LINE ( 'NONE', #4029, #7240 ) ;
#6525 = LINE ( 'NONE', #2141, #2239 ) ;
#6526 = VECTOR ( 'NONE', #2125, 1000.000000000000000 ) ;
#6527 = SURFACE_SIDE_STYLE ('',( #4034 ) ) ;
#6528 = SURFACE_STYLE_FILL_AREA ( #3574 ) ;
#6529 = UNCERTAINTY_MEASURE_WITH_UNIT (LENGTH_MEASURE( 1.000000000000000082E-05 ), #4764, 'distance_accuracy_value', 'NONE');
#6530 = EDGE_CURVE ( 'NONE', #4810, #831, #3612, .T. ) ;
#6531 =( GEOMETRIC_REPRESENTATION_CONTEXT ( 3 ) GLOBAL_UNCERTAINTY_ASSIGNED_CONTEXT ( ( #5871 ) ) GLOBAL_UNIT_ASSIGNED_CONTEXT ( ( #1280, #4492, #2636 ) ) REPRESENTATION_CONTEXT ( 'NONE', 'WORKASPACE' ) );
#6532 = ORIENTED_EDGE ( 'NONE', *, *, #6241, .T. ) ;
#6533 = DIRECTION ( 'NONE',  ( 0.0000000000000000000, -1.000000000000000000, 0.0000000000000000000 ) ) ;
#6534 = LINE ( 'NONE', #4509, #565 ) ;
#6535 =( GEOMETRIC_REPRESENTATION_CONTEXT ( 3 ) GLOBAL_UNCERTAINTY_ASSIGNED_CONTEXT ( ( #1618 ) ) GLOBAL_UNIT_ASSIGNED_CONTEXT ( ( #2691, #3329, #864 ) ) REPRESENTATION_CONTEXT ( 'NONE', 'WORKASPACE' ) );
#6536 = ORIENTED_EDGE ( 'NONE', *, *, #3993, .T. ) ;
#6537 =( NAMED_UNIT ( * ) SI_UNIT ( $, .STERADIAN. ) SOLID_ANGLE_UNIT ( ) );
#6538 = PRESENTATION_LAYER_ASSIGNMENT (  '', '', ( #3139 ) ) ;
#6539 = ADVANCED_FACE ( 'NONE', ( #510 ), #7293, .F. ) ;
#6540 = VERTEX_POINT ( 'NONE', #6994 ) ;
#6541 = VECTOR ( 'NONE', #4932, 1000.000000000000000 ) ;
#6542 = FACE_OUTER_BOUND ( 'NONE', #5036, .T. ) ;
#6543 = SURFACE_STYLE_FILL_AREA ( #2661 ) ;
#6544 = DIRECTION ( 'NONE',  ( -0.0000000000000000000, -0.0000000000000000000, -1.000000000000000000 ) ) ;
#6545 = CARTESIAN_POINT ( 'NONE',  ( -12.10000000000000142, 6.000000000000000000, -9.550000000000000711 ) ) ;
#6546 = VECTOR ( 'NONE', #3455, 1000.000000000000000 ) ;
#6547 = ADVANCED_FACE ( 'NONE', ( #3125 ), #1363, .F. ) ;
#6548 = LINE ( 'NONE', #946, #6038 ) ;
#6549 =( GEOMETRIC_REPRESENTATION_CONTEXT ( 3 ) GLOBAL_UNCERTAINTY_ASSIGNED_CONTEXT ( ( #376 ) ) GLOBAL_UNIT_ASSIGNED_CONTEXT ( ( #7428, #6112, #517 ) ) REPRESENTATION_CONTEXT ( 'NONE', 'WORKASPACE' ) );
#6550 = LINE ( 'NONE', #786, #6744 ) ;
#6551 = ORIENTED_EDGE ( 'NONE', *, *, #596, .T. ) ;
#6552 = ORIENTED_EDGE ( 'NONE', *, *, #4288, .F. ) ;
#6553 = FACE_OUTER_BOUND ( 'NONE', #4513, .T. ) ;
#6554 =( LENGTH_UNIT ( ) NAMED_UNIT ( * ) SI_UNIT ( .MILLI., .METRE. ) );
#6555 = CARTESIAN_POINT ( 'NONE',  ( 6.349999999999998757, 12.75000000000000355, -8.200000000000001066 ) ) ;
#6556 = PRESENTATION_LAYER_ASSIGNMENT (  '', '', ( #3023 ) ) ;
#6557 = CARTESIAN_POINT ( 'NONE',  ( 3.999999999999999112, 2.200000000000000178, 12.60000000000000142 ) ) ;
#6558 = COLOUR_RGB ( '',0.1019607843137254888, 0.1019607843137254888, 0.1019607843137254888 ) ;
#6559 =( GEOMETRIC_REPRESENTATION_CONTEXT ( 3 ) GLOBAL_UNCERTAINTY_ASSIGNED_CONTEXT ( ( #6194 ) ) GLOBAL_UNIT_ASSIGNED_CONTEXT ( ( #6052, #4062, #4723 ) ) REPRESENTATION_CONTEXT ( 'NONE', 'WORKASPACE' ) );
#6560 = FILL_AREA_STYLE_COLOUR ( '', #2565 ) ;
#6561 = CARTESIAN_POINT ( 'NONE',  ( 12.09999999999999964, 2.200000000000000178, 12.09999999999999964 ) ) ;
#6562 = AXIS2_PLACEMENT_3D ( 'NONE', #4768, #6011, #619 ) ;
#6563 = COLOUR_RGB ( '',0.6666666666666666297, 0.6980392156862744724, 0.7686274509803920907 ) ;
#6564 = CARTESIAN_POINT ( 'NONE',  ( -5.000000000000000000, -4.000000000000000000, 11.25000000000000000 ) ) ;
#6565 = CARTESIAN_POINT ( 'NONE',  ( -5.000000000000000000, -4.000000000000000000, 10.90000000000000036 ) ) ;
#6566 = CARTESIAN_POINT ( 'NONE',  ( 12.75000000000000000, 6.650000000000000355, 12.95000000000000107 ) ) ;
#6567 = PLANE ( 'NONE',  #1129 ) ;
#6568 = COLOUR_RGB ( '',1.000000000000000000, 0.9372549019607843146, 0.1372549019607843257 ) ;
#6569 = COLOUR_RGB ( '',1.000000000000000000, 0.9372549019607843146, 0.1372549019607843257 ) ;
#6570 =( GEOMETRIC_REPRESENTATION_CONTEXT ( 3 ) GLOBAL_UNCERTAINTY_ASSIGNED_CONTEXT ( ( #7544 ) ) GLOBAL_UNIT_ASSIGNED_CONTEXT ( ( #5164, #5858, #2237 ) ) REPRESENTATION_CONTEXT ( 'NONE', 'WORKASPACE' ) );
#6571 = DIRECTION ( 'NONE',  ( 0.0000000000000000000, -1.000000000000000000, 0.0000000000000000000 ) ) ;
#6572 = ORIENTED_EDGE ( 'NONE', *, *, #350, .T. ) ;
#6573 = FILL_AREA_STYLE ('',( #897 ) ) ;
#6574 = MECHANICAL_DESIGN_GEOMETRIC_PRESENTATION_REPRESENTATION (  '', ( #3977 ), #3568 ) ;
#6575 = PRESENTATION_LAYER_ASSIGNMENT (  '', '', ( #6462 ) ) ;
#6576 = SURFACE_STYLE_FILL_AREA ( #1584 ) ;
#6577 = EDGE_CURVE ( 'NONE', #5440, #845, #1194, .T. ) ;
#6578 = ORIENTED_EDGE ( 'NONE', *, *, #4193, .F. ) ;
#6579 = CARTESIAN_POINT ( 'NONE',  ( 12.85000000000000320, 7.200000000000006395, -13.05000000000000071 ) ) ;
#6580 =( GEOMETRIC_REPRESENTATION_CONTEXT ( 3 ) GLOBAL_UNCERTAINTY_ASSIGNED_CONTEXT ( ( #1438 ) ) GLOBAL_UNIT_ASSIGNED_CONTEXT ( ( #7664, #1312, #788 ) ) REPRESENTATION_CONTEXT ( 'NONE', 'WORKASPACE' ) );
#6581 = DIRECTION ( 'NONE',  ( -1.000000000000000000, 0.0000000000000000000, 0.0000000000000000000 ) ) ;
#6582 = FILL_AREA_STYLE ('',( #6620 ) ) ;
#6583 = ORIENTED_EDGE ( 'NONE', *, *, #646, .T. ) ;
#6584 = VECTOR ( 'NONE', #7375, 1000.000000000000000 ) ;
#6585 =( NAMED_UNIT ( * ) SI_UNIT ( $, .STERADIAN. ) SOLID_ANGLE_UNIT ( ) );
#6586 = EDGE_CURVE ( 'NONE', #7585, #5207, #3777, .T. ) ;
#6587 =( NAMED_UNIT ( * ) PLANE_ANGLE_UNIT ( ) SI_UNIT ( $, .RADIAN. ) );
#6588 = DIRECTION ( 'NONE',  ( -3.854941057726238097E-16, 1.000000000000000000, 0.0000000000000000000 ) ) ;
#6589 = DIRECTION ( 'NONE',  ( 0.0000000000000000000, 1.000000000000000000, 0.0000000000000000000 ) ) ;
#6590 =( GEOMETRIC_REPRESENTATION_CONTEXT ( 3 ) GLOBAL_UNCERTAINTY_ASSIGNED_CONTEXT ( ( #4574 ) ) GLOBAL_UNIT_ASSIGNED_CONTEXT ( ( #7703, #5561, #1760 ) ) REPRESENTATION_CONTEXT ( 'NONE', 'WORKASPACE' ) );
#6591 = ORIENTED_EDGE ( 'NONE', *, *, #198, .T. ) ;
#6592 = UNCERTAINTY_MEASURE_WITH_UNIT (LENGTH_MEASURE( 1.000000000000000082E-05 ), #4419, 'distance_accuracy_value', 'NONE');
#6593 = VECTOR ( 'NONE', #3144, 1000.000000000000000 ) ;
#6594 = ORIENTED_EDGE ( 'NONE', *, *, #249, .T. ) ;
#6595 = FACE_BOUND ( 'NONE', #5458, .T. ) ;
#6596 = EDGE_CURVE ( 'NONE', #7604, #6382, #7243, .T. ) ;
#6597 = ADVANCED_FACE ( 'NONE', ( #3408 ), #7834, .F. ) ;
#6598 =( NAMED_UNIT ( * ) SI_UNIT ( $, .STERADIAN. ) SOLID_ANGLE_UNIT ( ) );
#6599 = FILL_AREA_STYLE_COLOUR ( '', #6094 ) ;
#6600 = CARTESIAN_POINT ( 'NONE',  ( 0.0000000000000000000, -4.000000000000000000, 11.25000000000000000 ) ) ;
#6601 = DIRECTION ( 'NONE',  ( 0.0000000000000000000, 1.000000000000000000, 0.0000000000000000000 ) ) ;
#6602 = UNCERTAINTY_MEASURE_WITH_UNIT (LENGTH_MEASURE( 1.000000000000000082E-05 ), #2541, 'distance_accuracy_value', 'NONE');
#6603 = CARTESIAN_POINT ( 'NONE',  ( 5.000000000000000000, 2.200000000000000178, 11.25000000000000000 ) ) ;
#6604 = CARTESIAN_POINT ( 'NONE',  ( -1.000000000000000888, 2.200000000000000178, 12.60000000000000142 ) ) ;
#6605 = CARTESIAN_POINT ( 'NONE',  ( 9.000000000000001776, 6.500000000000000888, 9.050000000000000711 ) ) ;
#6606 = CARTESIAN_POINT ( 'NONE',  ( 10.00000000000000000, 2.200000000000000178, -11.59999999999999964 ) ) ;
#6607 = CARTESIAN_POINT ( 'NONE',  ( -12.09999999999999787, 6.000000000000000000, -9.050000000000000711 ) ) ;
#6608 = SURFACE_STYLE_USAGE ( .BOTH. , #7134 ) ;
#6609 = STYLED_ITEM ( 'NONE', ( #4013 ), #241 ) ;
#6610 = UNCERTAINTY_MEASURE_WITH_UNIT (LENGTH_MEASURE( 1.000000000000000082E-05 ), #5452, 'distance_accuracy_value', 'NONE');
#6611 = VECTOR ( 'NONE', #4956, 1000.000000000000000 ) ;
#6612 =( LENGTH_UNIT ( ) NAMED_UNIT ( * ) SI_UNIT ( .MILLI., .METRE. ) );
#6613 = VERTEX_POINT ( 'NONE', #7157 ) ;
#6614 = DIRECTION ( 'NONE',  ( 1.000000000000000000, 0.0000000000000000000, 0.0000000000000000000 ) ) ;
#6615 = PRESENTATION_LAYER_ASSIGNMENT (  '', '', ( #1913 ) ) ;
#6616 = SURFACE_STYLE_USAGE ( .BOTH. , #518 ) ;
#6617 = LINE ( 'NONE', #7975, #7194 ) ;
#6618 = ORIENTED_EDGE ( 'NONE', *, *, #272, .T. ) ;
#6619 = FACE_OUTER_BOUND ( 'NONE', #3623, .T. ) ;
#6620 = FILL_AREA_STYLE_COLOUR ( '', #6623 ) ;
#6621 = VERTEX_POINT ( 'NONE', #4526 ) ;
#6622 = COLOUR_RGB ( '',0.2980392156862745057, 0.2980392156862745057, 0.2980392156862745057 ) ;
#6623 = COLOUR_RGB ( '',0.1019607843137254888, 0.1019607843137254888, 0.1019607843137254888 ) ;
#6624 = CARTESIAN_POINT ( 'NONE',  ( 5.000000000000000000, -4.000000000000000000, 11.25000000000000000 ) ) ;
#6625 = SURFACE_STYLE_FILL_AREA ( #7270 ) ;
#6626 = FILL_AREA_STYLE_COLOUR ( '', #5524 ) ;
#6627 = VECTOR ( 'NONE', #3207, 1000.000000000000000 ) ;
#6628 = DIRECTION ( 'NONE',  ( 0.0000000000000000000, 0.0000000000000000000, -1.000000000000000000 ) ) ;
#6629 = MECHANICAL_DESIGN_GEOMETRIC_PRESENTATION_REPRESENTATION (  '', ( #2057 ), #6895 ) ;
#6630 = ORIENTED_EDGE ( 'NONE', *, *, #2521, .F. ) ;
#6631 =( GEOMETRIC_REPRESENTATION_CONTEXT ( 3 ) GLOBAL_UNCERTAINTY_ASSIGNED_CONTEXT ( ( #2760 ) ) GLOBAL_UNIT_ASSIGNED_CONTEXT ( ( #7203, #5916, #2832 ) ) REPRESENTATION_CONTEXT ( 'NONE', 'WORKASPACE' ) );
#6632 = EDGE_CURVE ( 'NONE', #3431, #7919, #7033, .T. ) ;
#6633 =( GEOMETRIC_REPRESENTATION_CONTEXT ( 3 ) GLOBAL_UNCERTAINTY_ASSIGNED_CONTEXT ( ( #3839 ) ) GLOBAL_UNIT_ASSIGNED_CONTEXT ( ( #2083, #7826, #246 ) ) REPRESENTATION_CONTEXT ( 'NONE', 'WORKASPACE' ) );
#6634 = ORIENTED_EDGE ( 'NONE', *, *, #1179, .F. ) ;
#6635 = SURFACE_STYLE_FILL_AREA ( #2064 ) ;
#6636 = VECTOR ( 'NONE', #6807, 1000.000000000000000 ) ;
#6637 = DIRECTION ( 'NONE',  ( -0.0000000000000000000, 1.000000000000000000, -0.0000000000000000000 ) ) ;
#6638 =( NAMED_UNIT ( * ) SI_UNIT ( $, .STERADIAN. ) SOLID_ANGLE_UNIT ( ) );
#6639 = FILL_AREA_STYLE_COLOUR ( '', #6563 ) ;
#6640 = ADVANCED_FACE ( 'NONE', ( #7802 ), #6446, .T. ) ;
#6641 = SURFACE_STYLE_USAGE ( .BOTH. , #2319 ) ;
#6642 = DIRECTION ( 'NONE',  ( 1.000000000000000000, 0.0000000000000000000, 0.0000000000000000000 ) ) ;
#6643 = ORIENTED_EDGE ( 'NONE', *, *, #2431, .T. ) ;
#6644 = LINE ( 'NONE', #6813, #4016 ) ;
#6645 = LINE ( 'NONE', #1035, #356 ) ;
#6646 = CARTESIAN_POINT ( 'NONE',  ( 5.900000000000002132, 15.00000000000000000, 9.050000000000000711 ) ) ;
#6647 = CARTESIAN_POINT ( 'NONE',  ( -2.805882352941176272, 16.37647058823529278, 9.050000000000000711 ) ) ;
#6648 = EDGE_CURVE ( 'NONE', #1465, #6717, #1407, .T. ) ;
#6649 = DIRECTION ( 'NONE',  ( 0.0000000000000000000, 0.0000000000000000000, 1.000000000000000000 ) ) ;
#6650 = ADVANCED_FACE ( 'NONE', ( #3298 ), #4570, .T. ) ;
#6651 = AXIS2_PLACEMENT_3D ( 'NONE', #7109, #328, #2085 ) ;
#6652 = DIRECTION ( 'NONE',  ( 0.0000000000000000000, 0.0000000000000000000, 1.000000000000000000 ) ) ;
#6653 = ORIENTED_EDGE ( 'NONE', *, *, #6193, .T. ) ;
#6654 = PRESENTATION_LAYER_ASSIGNMENT (  '', '', ( #7202 ) ) ;
#6655 = DIRECTION ( 'NONE',  ( 0.0000000000000000000, 1.000000000000000000, 0.0000000000000000000 ) ) ;
#6656 = CARTESIAN_POINT ( 'NONE',  ( 2.499999999999998668, 12.65000000000000213, -12.95000000000000107 ) ) ;
#6657 = ORIENTED_EDGE ( 'NONE', *, *, #3827, .F. ) ;
#6658 = DIRECTION ( 'NONE',  ( -1.000000000000000000, 0.0000000000000000000, 0.0000000000000000000 ) ) ;
#6659 = ORIENTED_EDGE ( 'NONE', *, *, #7570, .T. ) ;
#6660 = AXIS2_PLACEMENT_3D ( 'NONE', #5637, #2570, #4516 ) ;
#6661 = FILL_AREA_STYLE_COLOUR ( '', #4541 ) ;
#6662 = LINE ( 'NONE', #7903, #4671 ) ;
#6663 = VECTOR ( 'NONE', #606, 1000.000000000000000 ) ;
#6664 = CARTESIAN_POINT ( 'NONE',  ( 6.149999999999999467, 5.750000000000000000, -8.250000000000000000 ) ) ;
#6665 =( NAMED_UNIT ( * ) SI_UNIT ( $, .STERADIAN. ) SOLID_ANGLE_UNIT ( ) );
#6666 =( LENGTH_UNIT ( ) NAMED_UNIT ( * ) SI_UNIT ( .MILLI., .METRE. ) );
#6667 = ORIENTED_EDGE ( 'NONE', *, *, #8091, .F. ) ;
#6668 = FILL_AREA_STYLE ('',( #1753 ) ) ;
#6669 = VECTOR ( 'NONE', #858, 1000.000000000000000 ) ;
#6670 = EDGE_LOOP ( 'NONE', ( #1744, #4376, #2087, #3734 ) ) ;
#6671 =( NAMED_UNIT ( * ) SI_UNIT ( $, .STERADIAN. ) SOLID_ANGLE_UNIT ( ) );
#6672 = SURFACE_STYLE_FILL_AREA ( #5466 ) ;
#6673 = STYLED_ITEM ( 'NONE', ( #2920 ), #1985 ) ;
#6674 = CARTESIAN_POINT ( 'NONE',  ( -3.750000000000001776, 15.75000000000000355, 12.95000000000000107 ) ) ;
#6675 = EDGE_CURVE ( 'NONE', #1519, #7302, #4834, .T. ) ;
#6676 =( NAMED_UNIT ( * ) SI_UNIT ( $, .STERADIAN. ) SOLID_ANGLE_UNIT ( ) );
#6677 =( NAMED_UNIT ( * ) PLANE_ANGLE_UNIT ( ) SI_UNIT ( $, .RADIAN. ) );
#6678 = DIRECTION ( 'NONE',  ( 0.0000000000000000000, 1.000000000000000000, 0.0000000000000000000 ) ) ;
#6679 = UNCERTAINTY_MEASURE_WITH_UNIT (LENGTH_MEASURE( 1.000000000000000082E-05 ), #7931, 'distance_accuracy_value', 'NONE');
#6680 = VECTOR ( 'NONE', #7249, 1000.000000000000000 ) ;
#6681 = ORIENTED_EDGE ( 'NONE', *, *, #1757, .T. ) ;
#6682 = STYLED_ITEM ( 'NONE', ( #7309 ), #6399 ) ;
#6683 = ORIENTED_EDGE ( 'NONE', *, *, #2883, .T. ) ;
#6684 = FILL_AREA_STYLE_COLOUR ( '', #7944 ) ;
#6685 = PRESENTATION_LAYER_ASSIGNMENT (  '', '', ( #1977 ) ) ;
#6686 = FILL_AREA_STYLE_COLOUR ( '', #6098 ) ;
#6687 = STYLED_ITEM ( 'NONE', ( #3822 ), #7435 ) ;
#6688 = DIRECTION ( 'NONE',  ( -0.0000000000000000000, -1.000000000000000000, -0.0000000000000000000 ) ) ;
#6689 = DIRECTION ( 'NONE',  ( 1.000000000000000000, 0.0000000000000000000, 0.0000000000000000000 ) ) ;
#6690 = PRESENTATION_LAYER_ASSIGNMENT (  '', '', ( #165 ) ) ;
#6691 = FACE_OUTER_BOUND ( 'NONE', #8104, .T. ) ;
#6692 = UNCERTAINTY_MEASURE_WITH_UNIT (LENGTH_MEASURE( 1.000000000000000082E-05 ), #715, 'distance_accuracy_value', 'NONE');
#6693 = VERTEX_POINT ( 'NONE', #4767 ) ;
#6694 = STYLED_ITEM ( 'NONE', ( #2414 ), #2914 ) ;
#6695 = DIRECTION ( 'NONE',  ( 1.000000000000000000, 0.0000000000000000000, -0.0000000000000000000 ) ) ;
#6696 = ORIENTED_EDGE ( 'NONE', *, *, #7264, .F. ) ;
#6697 = MECHANICAL_DESIGN_GEOMETRIC_PRESENTATION_REPRESENTATION (  '', ( #2119 ), #7923 ) ;
#6698 = DIRECTION ( 'NONE',  ( -0.0000000000000000000, -0.7071067811865524577, -0.7071067811865425767 ) ) ;
#6699 = EDGE_CURVE ( 'NONE', #1398, #6255, #5977, .T. ) ;
#6700 = ADVANCED_FACE ( 'NONE', ( #1644 ), #3604, .T. ) ;
#6701 = DIRECTION ( 'NONE',  ( -0.0000000000000000000, -0.0000000000000000000, -1.000000000000000000 ) ) ;
#6702 = ORIENTED_EDGE ( 'NONE', *, *, #4047, .F. ) ;
#6703 = LINE ( 'NONE', #6070, #792 ) ;
#6704 = VECTOR ( 'NONE', #2172, 1000.000000000000000 ) ;
#6705 = ORIENTED_EDGE ( 'NONE', *, *, #2731, .T. ) ;
#6706 = VECTOR ( 'NONE', #6152, 1000.000000000000000 ) ;
#6707 = DIRECTION ( 'NONE',  ( 0.0000000000000000000, 0.0000000000000000000, -1.000000000000000000 ) ) ;
#6708 = CARTESIAN_POINT ( 'NONE',  ( 4.200000000000000178, 10.34999999999999964, -8.200000000000001066 ) ) ;
#6709 = MECHANICAL_DESIGN_GEOMETRIC_PRESENTATION_REPRESENTATION (  '', ( #4490 ), #6455 ) ;
#6710 = CARTESIAN_POINT ( 'NONE',  ( 2.500000000000001332, 15.00000000000000000, 8.250000000000001776 ) ) ;
#6711 = SURFACE_STYLE_FILL_AREA ( #4251 ) ;
#6712 = VECTOR ( 'NONE', #1679, 1000.000000000000000 ) ;
#6713 = FILL_AREA_STYLE_COLOUR ( '', #3033 ) ;
#6714 = SURFACE_STYLE_FILL_AREA ( #7357 ) ;
#6715 = CARTESIAN_POINT ( 'NONE',  ( 12.75000000000000000, 6.650000000000000355, 12.95000000000000107 ) ) ;
#6716 = PRESENTATION_LAYER_ASSIGNMENT (  '', '', ( #5799 ) ) ;
#6717 = VERTEX_POINT ( 'NONE', #1308 ) ;
#6718 = VECTOR ( 'NONE', #594, 1000.000000000000000 ) ;
#6719 = SURFACE_SIDE_STYLE ('',( #658 ) ) ;
#6720 = COLOUR_RGB ( '',0.6666666666666666297, 0.6980392156862744724, 0.7686274509803920907 ) ;
#6721 = CARTESIAN_POINT ( 'NONE',  ( -9.349999999999999645, 5.750000000000020428, 8.199999999999997513 ) ) ;
#6722 =( NAMED_UNIT ( * ) SI_UNIT ( $, .STERADIAN. ) SOLID_ANGLE_UNIT ( ) );
#6723 = PRESENTATION_STYLE_ASSIGNMENT (( #2203 ) ) ;
#6724 = LINE ( 'NONE', #7880, #2766 ) ;
#6725 = CARTESIAN_POINT ( 'NONE',  ( -9.349999999999999645, 5.750000000000020428, 8.199999999999997513 ) ) ;
#6726 = EDGE_CURVE ( 'NONE', #6068, #1648, #7610, .T. ) ;
#6727 = ORIENTED_EDGE ( 'NONE', *, *, #6499, .F. ) ;
#6728 = CARTESIAN_POINT ( 'NONE',  ( 5.999999999999997335, 0.0000000000000000000, -9.050000000000000711 ) ) ;
#6729 = LINE ( 'NONE', #1806, #1406 ) ;
#6730 =( NAMED_UNIT ( * ) SI_UNIT ( $, .STERADIAN. ) SOLID_ANGLE_UNIT ( ) );
#6731 = LINE ( 'NONE', #7847, #6292 ) ;
#6732 = SURFACE_STYLE_USAGE ( .BOTH. , #6105 ) ;
#6733 = FACE_OUTER_BOUND ( 'NONE', #6998, .T. ) ;
#6734 = CARTESIAN_POINT ( 'NONE',  ( 9.349999999999999645, 5.750000000000020428, 8.199999999999997513 ) ) ;
#6735 = ORIENTED_EDGE ( 'NONE', *, *, #7264, .T. ) ;
#6736 = EDGE_CURVE ( 'NONE', #6717, #6362, #3811, .T. ) ;
#6737 = FACE_OUTER_BOUND ( 'NONE', #2008, .T. ) ;
#6738 = DIRECTION ( 'NONE',  ( -1.000000000000000000, -3.854941057726238097E-16, -0.0000000000000000000 ) ) ;
#6739 = CARTESIAN_POINT ( 'NONE',  ( -12.09999999999999964, 6.000000000000000000, 9.550000000000000711 ) ) ;
#6740 = EDGE_LOOP ( 'NONE', ( #5674, #3277, #4424, #3895 ) ) ;
#6741 = LINE ( 'NONE', #397, #6198 ) ;
#6742 = CLOSED_SHELL ( 'NONE', ( #1841, #2974, #241, #4699 ) ) ;
#6743 = LINE ( 'NONE', #2879, #401 ) ;
#6744 = VECTOR ( 'NONE', #2702, 1000.000000000000000 ) ;
#6745 = CARTESIAN_POINT ( 'NONE',  ( -5.000000000000000000, -4.000000000000000000, 11.25000000000000000 ) ) ;
#6746 = EDGE_CURVE ( 'NONE', #3581, #4621, #702, .T. ) ;
#6747 = FACE_OUTER_BOUND ( 'NONE', #2075, .T. ) ;
#6748 = SURFACE_SIDE_STYLE ('',( #6207 ) ) ;
#6749 = VECTOR ( 'NONE', #4051, 1000.000000000000000 ) ;
#6750 = CARTESIAN_POINT ( 'NONE',  ( 6.349999999999997868, 5.750000000000000000, 8.199999999999997513 ) ) ;
#6751 = COLOUR_RGB ( '',0.6666666666666666297, 0.6980392156862744724, 0.7686274509803920907 ) ;
#6752 = SURFACE_STYLE_USAGE ( .BOTH. , #1629 ) ;
#6753 = SURFACE_STYLE_USAGE ( .BOTH. , #1057 ) ;
#6754 = CARTESIAN_POINT ( 'NONE',  ( 6.350000000000001421, 12.54999999999999893, -8.250000000000000000 ) ) ;
#6755 = LINE ( 'NONE', #1134, #6415 ) ;
#6756 = MECHANICAL_DESIGN_GEOMETRIC_PRESENTATION_REPRESENTATION (  '', ( #7973 ), #3606 ) ;
#6757 = ORIENTED_EDGE ( 'NONE', *, *, #5584, .F. ) ;
#6758 = EDGE_CURVE ( 'NONE', #7776, #8009, #1335, .T. ) ;
#6759 = AXIS2_PLACEMENT_3D ( 'NONE', #2620, #2051, #6394 ) ;
#6760 = COLOUR_RGB ( '',1.000000000000000000, 1.000000000000000000, 1.000000000000000000 ) ;
#6761 = CARTESIAN_POINT ( 'NONE',  ( -9.000000000000001776, 15.00000000000000000, -9.050000000000000711 ) ) ;
#6762 = DIRECTION ( 'NONE',  ( -3.854941057726238097E-16, 1.000000000000000000, 0.0000000000000000000 ) ) ;
#6763 = CIRCLE ( 'NONE', #1258, 0.3499999999999996447 ) ;
#6764 = AXIS2_PLACEMENT_3D ( 'NONE', #735, #4428, #7568 ) ;
#6765 = CARTESIAN_POINT ( 'NONE',  ( 2.499999999999998668, 12.65000000000000213, -12.95000000000000107 ) ) ;
#6766 =( GEOMETRIC_REPRESENTATION_CONTEXT ( 3 ) GLOBAL_UNCERTAINTY_ASSIGNED_CONTEXT ( ( #7638 ) ) GLOBAL_UNIT_ASSIGNED_CONTEXT ( ( #2844, #7260, #4203 ) ) REPRESENTATION_CONTEXT ( 'NONE', 'WORKASPACE' ) );
#6767 =( NAMED_UNIT ( * ) PLANE_ANGLE_UNIT ( ) SI_UNIT ( $, .RADIAN. ) );
#6768 = VECTOR ( 'NONE', #7959, 1000.000000000000000 ) ;
#6769 = ORIENTED_EDGE ( 'NONE', *, *, #1036, .T. ) ;
#6770 = ORIENTED_EDGE ( 'NONE', *, *, #730, .T. ) ;
#6771 = VECTOR ( 'NONE', #2212, 1000.000000000000000 ) ;
#6772 =( NAMED_UNIT ( * ) PLANE_ANGLE_UNIT ( ) SI_UNIT ( $, .RADIAN. ) );
#6773 = CARTESIAN_POINT ( 'NONE',  ( 0.9999999999999991118, 0.9921485132883310909, -9.050000000000000711 ) ) ;
#6774 = CARTESIAN_POINT ( 'NONE',  ( 5.700000000000000178, 8.150000000000011013, 9.550000000000000711 ) ) ;
#6775 = DIRECTION ( 'NONE',  ( -0.3739683354969404183, 0.9274414720324122285, 0.0000000000000000000 ) ) ;
#6776 = CARTESIAN_POINT ( 'NONE',  ( -12.59999999999999964, 2.200000000000000178, 12.09999999999999609 ) ) ;
#6777 =( NAMED_UNIT ( * ) PLANE_ANGLE_UNIT ( ) SI_UNIT ( $, .RADIAN. ) );
#6778 =( LENGTH_UNIT ( ) NAMED_UNIT ( * ) SI_UNIT ( .MILLI., .METRE. ) );
#6779 = VERTEX_POINT ( 'NONE', #5550 ) ;
#6780 = MECHANICAL_DESIGN_GEOMETRIC_PRESENTATION_REPRESENTATION (  '', ( #6917 ), #1142 ) ;
#6781 = FILL_AREA_STYLE_COLOUR ( '', #8007 ) ;
#6782 = ORIENTED_EDGE ( 'NONE', *, *, #7173, .T. ) ;
#6783 = LINE ( 'NONE', #1159, #5656 ) ;
#6784 = FILL_AREA_STYLE ('',( #2506 ) ) ;
#6785 = ORIENTED_EDGE ( 'NONE', *, *, #5848, .T. ) ;
#6786 = AXIS2_PLACEMENT_3D ( 'NONE', #6739, #5619, #3661 ) ;
#6787 = PLANE ( 'NONE',  #1696 ) ;
#6788 = SURFACE_STYLE_FILL_AREA ( #3516 ) ;
#6789 = CARTESIAN_POINT ( 'NONE',  ( 8.999999999999998224, 13.99999999999999822, -8.250000000000000000 ) ) ;
#6790 = ORIENTED_EDGE ( 'NONE', *, *, #1903, .F. ) ;
#6791 = STYLED_ITEM ( 'NONE', ( #2841 ), #5534 ) ;
#6792 = FILL_AREA_STYLE_COLOUR ( '', #5118 ) ;
#6793 = SURFACE_STYLE_USAGE ( .BOTH. , #8100 ) ;
#6794 = FACE_OUTER_BOUND ( 'NONE', #1741, .T. ) ;
#6795 = EDGE_CURVE ( 'NONE', #5814, #3431, #6311, .T. ) ;
#6796 = ORIENTED_EDGE ( 'NONE', *, *, #5098, .T. ) ;
#6797 = FILL_AREA_STYLE ('',( #6626 ) ) ;
#6798 = ORIENTED_EDGE ( 'NONE', *, *, #1541, .T. ) ;
#6799 = FILL_AREA_STYLE ('',( #1259 ) ) ;
#6800 = VECTOR ( 'NONE', #5460, 1000.000000000000000 ) ;
#6801 = EDGE_CURVE ( 'NONE', #2635, #4465, #661, .T. ) ;
#6802 = EDGE_CURVE ( 'NONE', #7963, #6028, #2486, .T. ) ;
#6803 = COLOUR_RGB ( '',0.6666666666666666297, 0.6980392156862744724, 0.7686274509803920907 ) ;
#6804 = EDGE_LOOP ( 'NONE', ( #8134, #7601, #4140, #7142 ) ) ;
#6805 = STYLED_ITEM ( 'NONE', ( #1705 ), #6073 ) ;
#6806 = FILL_AREA_STYLE_COLOUR ( '', #4622 ) ;
#6807 = DIRECTION ( 'NONE',  ( -0.0000000000000000000, -1.000000000000000000, -0.0000000000000000000 ) ) ;
#6808 =( NAMED_UNIT ( * ) SI_UNIT ( $, .STERADIAN. ) SOLID_ANGLE_UNIT ( ) );
#6809 = AXIS2_PLACEMENT_3D ( 'NONE', #480, #7394, #4853 ) ;
#6810 = ORIENTED_EDGE ( 'NONE', *, *, #1037, .T. ) ;
#6811 = ORIENTED_EDGE ( 'NONE', *, *, #4438, .F. ) ;
#6812 = COLOUR_RGB ( '',0.6666666666666666297, 0.6980392156862744724, 0.7686274509803920907 ) ;
#6813 = CARTESIAN_POINT ( 'NONE',  ( 3.999999999999999112, 2.200000000000000178, 12.60000000000000142 ) ) ;
#6814 = DIRECTION ( 'NONE',  ( 0.0000000000000000000, -1.000000000000000000, 0.0000000000000000000 ) ) ;
#6815 = DIRECTION ( 'NONE',  ( 0.0000000000000000000, 1.000000000000000000, -0.0000000000000000000 ) ) ;
#6816 = PLANE ( 'NONE',  #7906 ) ;
#6817 = VECTOR ( 'NONE', #5987, 1000.000000000000000 ) ;
#6818 = CARTESIAN_POINT ( 'NONE',  ( 12.84999999999999964, 15.20000000000000639, -13.05000000000000071 ) ) ;
#6819 = FACE_BOUND ( 'NONE', #6096, .T. ) ;
#6820 = EDGE_LOOP ( 'NONE', ( #3923, #2298, #7344, #4916 ) ) ;
#6821 =( NAMED_UNIT ( * ) SI_UNIT ( $, .STERADIAN. ) SOLID_ANGLE_UNIT ( ) );
#6822 = VERTEX_POINT ( 'NONE', #5035 ) ;
#6823 = DIRECTION ( 'NONE',  ( -1.000000000000000000, 0.0000000000000000000, 0.0000000000000000000 ) ) ;
#6824 = SURFACE_STYLE_USAGE ( .BOTH. , #8092 ) ;
#6825 = AXIS2_PLACEMENT_3D ( 'NONE', #2950, #1687, #1808 ) ;
#6826 = VECTOR ( 'NONE', #6833, 1000.000000000000000 ) ;
#6827 = FILL_AREA_STYLE ('',( #4320 ) ) ;
#6828 =( NAMED_UNIT ( * ) PLANE_ANGLE_UNIT ( ) SI_UNIT ( $, .RADIAN. ) );
#6829 = CARTESIAN_POINT ( 'NONE',  ( -8.999999999999998224, 11.14999999999994174, 4.399999999999995914 ) ) ;
#6830 = SURFACE_STYLE_USAGE ( .BOTH. , #4896 ) ;
#6831 = MECHANICAL_DESIGN_GEOMETRIC_PRESENTATION_REPRESENTATION (  '', ( #7509 ), #821 ) ;
#6832 = VECTOR ( 'NONE', #6873, 1000.000000000000000 ) ;
#6833 = DIRECTION ( 'NONE',  ( -0.0000000000000000000, 1.000000000000000000, -0.0000000000000000000 ) ) ;
#6834 = ORIENTED_EDGE ( 'NONE', *, *, #2929, .T. ) ;
#6835 = DIRECTION ( 'NONE',  ( -1.000000000000000000, 0.0000000000000000000, -0.0000000000000000000 ) ) ;
#6836 = ADVANCED_FACE ( 'NONE', ( #5679 ), #4260, .F. ) ;
#6837 = DIRECTION ( 'NONE',  ( -1.000000000000000000, 0.0000000000000000000, 0.0000000000000000000 ) ) ;
#6838 = CARTESIAN_POINT ( 'NONE',  ( 10.00000000000000000, -4.000000000000000000, 11.25000000000000000 ) ) ;
#6839 = MECHANICAL_DESIGN_GEOMETRIC_PRESENTATION_REPRESENTATION (  '', ( #5784 ), #5385 ) ;
#6840 = FACE_OUTER_BOUND ( 'NONE', #3572, .T. ) ;
#6841 = ORIENTED_EDGE ( 'NONE', *, *, #4868, .T. ) ;
#6842 = COLOUR_RGB ( '',0.1019607843137254888, 0.1019607843137254888, 0.1019607843137254888 ) ;
#6843 = ORIENTED_EDGE ( 'NONE', *, *, #3642, .T. ) ;
#6844 =( GEOMETRIC_REPRESENTATION_CONTEXT ( 3 ) GLOBAL_UNCERTAINTY_ASSIGNED_CONTEXT ( ( #56 ) ) GLOBAL_UNIT_ASSIGNED_CONTEXT ( ( #2232, #1786, #7312 ) ) REPRESENTATION_CONTEXT ( 'NONE', 'WORKASPACE' ) );
#6845 = DIRECTION ( 'NONE',  ( 0.0000000000000000000, -1.000000000000000000, 0.0000000000000000000 ) ) ;
#6846 = EDGE_CURVE ( 'NONE', #1957, #1269, #3854, .T. ) ;
#6847 = LINE ( 'NONE', #6979, #3077 ) ;
#6848 = VECTOR ( 'NONE', #2262, 1000.000000000000000 ) ;
#6849 = CARTESIAN_POINT ( 'NONE',  ( -5.700000000000000178, 8.150000000000011013, 9.550000000000000711 ) ) ;
#6850 = SURFACE_STYLE_FILL_AREA ( #4390 ) ;
#6851 = UNCERTAINTY_MEASURE_WITH_UNIT (LENGTH_MEASURE( 1.000000000000000082E-05 ), #4854, 'distance_accuracy_value', 'NONE');
#6852 = EDGE_CURVE ( 'NONE', #5127, #7776, #5729, .T. ) ;
#6853 = EDGE_CURVE ( 'NONE', #552, #652, #4559, .T. ) ;
#6854 =( GEOMETRIC_REPRESENTATION_CONTEXT ( 3 ) GLOBAL_UNCERTAINTY_ASSIGNED_CONTEXT ( ( #1276 ) ) GLOBAL_UNIT_ASSIGNED_CONTEXT ( ( #1148, #1354, #8080 ) ) REPRESENTATION_CONTEXT ( 'NONE', 'WORKASPACE' ) );
#6855 = ORIENTED_EDGE ( 'NONE', *, *, #2882, .F. ) ;
#6856 = VERTEX_POINT ( 'NONE', #5819 ) ;
#6857 = PLANE ( 'NONE',  #7580 ) ;
#6858 = DIRECTION ( 'NONE',  ( -0.0000000000000000000, -0.0000000000000000000, -1.000000000000000000 ) ) ;
#6859 = MECHANICAL_DESIGN_GEOMETRIC_PRESENTATION_REPRESENTATION (  '', ( #5280 ), #6590 ) ;
#6860 = CARTESIAN_POINT ( 'NONE',  ( 4.199999999999989519, 11.84999999999999964, -9.550000000000000711 ) ) ;
#6861 = CARTESIAN_POINT ( 'NONE',  ( 2.500000000000001332, 15.00000000000000000, 12.60000000000000142 ) ) ;
#6862 = UNCERTAINTY_MEASURE_WITH_UNIT (LENGTH_MEASURE( 1.000000000000000082E-05 ), #7504, 'distance_accuracy_value', 'NONE');
#6863 = ORIENTED_EDGE ( 'NONE', *, *, #3355, .T. ) ;
#6864 = EDGE_CURVE ( 'NONE', #7407, #3249, #7752, .T. ) ;
#6865 = ORIENTED_EDGE ( 'NONE', *, *, #3528, .T. ) ;
#6866 =( NAMED_UNIT ( * ) PLANE_ANGLE_UNIT ( ) SI_UNIT ( $, .RADIAN. ) );
#6867 = CARTESIAN_POINT ( 'NONE',  ( -4.000000000000000888, 15.00000000000000000, 8.250000000000000000 ) ) ;
#6868 = SURFACE_SIDE_STYLE ('',( #6576 ) ) ;
#6869 =( NAMED_UNIT ( * ) SI_UNIT ( $, .STERADIAN. ) SOLID_ANGLE_UNIT ( ) );
#6870 =( NAMED_UNIT ( * ) PLANE_ANGLE_UNIT ( ) SI_UNIT ( $, .RADIAN. ) );
#6871 = DIRECTION ( 'NONE',  ( 0.0000000000000000000, -0.0000000000000000000, -1.000000000000000000 ) ) ;
#6872 = DIRECTION ( 'NONE',  ( -1.000000000000000000, 0.0000000000000000000, 0.0000000000000000000 ) ) ;
#6873 = DIRECTION ( 'NONE',  ( -0.0000000000000000000, -0.0000000000000000000, 1.000000000000000000 ) ) ;
#6874 = ORIENTED_EDGE ( 'NONE', *, *, #5317, .T. ) ;
#6875 =( NAMED_UNIT ( * ) PLANE_ANGLE_UNIT ( ) SI_UNIT ( $, .RADIAN. ) );
#6876 = CIRCLE ( 'NONE', #7962, 0.3499999999999996447 ) ;
#6877 = DIRECTION ( 'NONE',  ( -0.0000000000000000000, -0.0000000000000000000, -1.000000000000000000 ) ) ;
#6878 = DIRECTION ( 'NONE',  ( 1.000000000000000000, 0.0000000000000000000, 0.0000000000000000000 ) ) ;
#6879 = ORIENTED_EDGE ( 'NONE', *, *, #1049, .T. ) ;
#6880 = LINE ( 'NONE', #3803, #4760 ) ;
#6881 = PRESENTATION_STYLE_ASSIGNMENT (( #3763 ) ) ;
#6882 = EDGE_LOOP ( 'NONE', ( #7051, #2188, #766, #6441 ) ) ;
#6883 = CYLINDRICAL_SURFACE ( 'NONE', #3088, 1.600000000000000755 ) ;
#6884 = STYLED_ITEM ( 'NONE', ( #6429 ), #291 ) ;
#6885 = VECTOR ( 'NONE', #1222, 1000.000000000000000 ) ;
#6886 = CARTESIAN_POINT ( 'NONE',  ( -1.000000000000000888, 0.9921485132883310909, 12.60000000000000142 ) ) ;
#6887 = FACE_OUTER_BOUND ( 'NONE', #2423, .T. ) ;
#6888 = CIRCLE ( 'NONE', #4405, 0.2000000000000005107 ) ;
#6889 = VERTEX_POINT ( 'NONE', #2015 ) ;
#6890 = DIRECTION ( 'NONE',  ( 1.000000000000000000, 0.0000000000000000000, 0.0000000000000000000 ) ) ;
#6891 = EDGE_CURVE ( 'NONE', #1547, #5387, #7069, .T. ) ;
#6892 = DIRECTION ( 'NONE',  ( 0.0000000000000000000, -0.0000000000000000000, -1.000000000000000000 ) ) ;
#6893 = SURFACE_SIDE_STYLE ('',( #5777 ) ) ;
#6894 = ORIENTED_EDGE ( 'NONE', *, *, #7282, .T. ) ;
#6895 =( GEOMETRIC_REPRESENTATION_CONTEXT ( 3 ) GLOBAL_UNCERTAINTY_ASSIGNED_CONTEXT ( ( #2171 ) ) GLOBAL_UNIT_ASSIGNED_CONTEXT ( ( #5446, #590, #5526 ) ) REPRESENTATION_CONTEXT ( 'NONE', 'WORKASPACE' ) );
#6896 = VERTEX_POINT ( 'NONE', #6393 ) ;
#6897 = SURFACE_SIDE_STYLE ('',( #5690 ) ) ;
#6898 = EDGE_CURVE ( 'NONE', #6990, #3742, #1436, .T. ) ;
#6899 = FACE_OUTER_BOUND ( 'NONE', #7642, .T. ) ;
#6900 = VECTOR ( 'NONE', #6053, 1000.000000000000000 ) ;
#6901 = SURFACE_STYLE_FILL_AREA ( #6321 ) ;
#6902 = DIRECTION ( 'NONE',  ( 1.000000000000000000, 0.0000000000000000000, -0.0000000000000000000 ) ) ;
#6903 = DIRECTION ( 'NONE',  ( -1.000000000000000000, 0.0000000000000000000, 0.0000000000000000000 ) ) ;
#6904 = VECTOR ( 'NONE', #6365, 1000.000000000000000 ) ;
#6905 = SURFACE_STYLE_USAGE ( .BOTH. , #719 ) ;
#6906 = MECHANICAL_DESIGN_GEOMETRIC_PRESENTATION_REPRESENTATION (  '', ( #7319 ), #8131 ) ;
#6907 = VERTEX_POINT ( 'NONE', #7151 ) ;
#6908 = DIRECTION ( 'NONE',  ( -0.0000000000000000000, 1.000000000000000000, -0.0000000000000000000 ) ) ;
#6909 =( NAMED_UNIT ( * ) PLANE_ANGLE_UNIT ( ) SI_UNIT ( $, .RADIAN. ) );
#6910 = ORIENTED_EDGE ( 'NONE', *, *, #6530, .F. ) ;
#6911 = ADVANCED_FACE ( 'NONE', ( #5773 ), #2665, .F. ) ;
#6912 = DIRECTION ( 'NONE',  ( 0.0000000000000000000, -0.0000000000000000000, 1.000000000000000000 ) ) ;
#6913 = LINE ( 'NONE', #7558, #6541 ) ;
#6914 = FILL_AREA_STYLE ('',( #6958 ) ) ;
#6915 = FILL_AREA_STYLE_COLOUR ( '', #7909 ) ;
#6916 = PLANE ( 'NONE',  #1261 ) ;
#6917 = STYLED_ITEM ( 'NONE', ( #212 ), #932 ) ;
#6918 =( NAMED_UNIT ( * ) SI_UNIT ( $, .STERADIAN. ) SOLID_ANGLE_UNIT ( ) );
#6919 = ORIENTED_EDGE ( 'NONE', *, *, #7392, .F. ) ;
#6920 =( NAMED_UNIT ( * ) SI_UNIT ( $, .STERADIAN. ) SOLID_ANGLE_UNIT ( ) );
#6921 = STYLED_ITEM ( 'NONE', ( #7936 ), #1223 ) ;
#6922 = DIRECTION ( 'NONE',  ( 0.0000000000000000000, 0.0000000000000000000, 1.000000000000000000 ) ) ;
#6923 = LINE ( 'NONE', #6252, #5794 ) ;
#6924 = ORIENTED_EDGE ( 'NONE', *, *, #77, .F. ) ;
#6925 = PLANE ( 'NONE',  #7687 ) ;
#6926 = CARTESIAN_POINT ( 'NONE',  ( -10.00000000000000000, -4.000000000000000000, 11.25000000000000000 ) ) ;
#6927 = ORIENTED_EDGE ( 'NONE', *, *, #1888, .T. ) ;
#6928 =( LENGTH_UNIT ( ) NAMED_UNIT ( * ) SI_UNIT ( .MILLI., .METRE. ) );
#6929 = DIRECTION ( 'NONE',  ( 0.0000000000000000000, 0.0000000000000000000, 1.000000000000000000 ) ) ;
#6930 = MECHANICAL_DESIGN_GEOMETRIC_PRESENTATION_REPRESENTATION (  '', ( #3646 ), #7606 ) ;
#6931 = VECTOR ( 'NONE', #1022, 1000.000000000000000 ) ;
#6932 = SURFACE_STYLE_FILL_AREA ( #1357 ) ;
#6933 = DIRECTION ( 'NONE',  ( -0.0000000000000000000, -1.000000000000000000, -0.0000000000000000000 ) ) ;
#6934 = CARTESIAN_POINT ( 'NONE',  ( -5.899999999999999467, 12.00000000000000000, 12.60000000000000142 ) ) ;
#6935 = UNCERTAINTY_MEASURE_WITH_UNIT (LENGTH_MEASURE( 1.000000000000000082E-05 ), #4775, 'distance_accuracy_value', 'NONE');
#6936 = APPLICATION_PROTOCOL_DEFINITION ( 'draft international standard', 'automotive_design', 1998, #1551 ) ;
#6937 = VERTEX_POINT ( 'NONE', #2741 ) ;
#6938 = ORIENTED_EDGE ( 'NONE', *, *, #2477, .F. ) ;
#6939 =( GEOMETRIC_REPRESENTATION_CONTEXT ( 3 ) GLOBAL_UNCERTAINTY_ASSIGNED_CONTEXT ( ( #964 ) ) GLOBAL_UNIT_ASSIGNED_CONTEXT ( ( #3227, #2523, #117 ) ) REPRESENTATION_CONTEXT ( 'NONE', 'WORKASPACE' ) );
#6940 = ADVANCED_FACE ( 'NONE', ( #3937 ), #6516, .F. ) ;
#6941 = COLOUR_RGB ( '',0.6666666666666666297, 0.6980392156862744724, 0.7686274509803920907 ) ;
#6942 = SURFACE_STYLE_USAGE ( .BOTH. , #6104 ) ;
#6943 = CARTESIAN_POINT ( 'NONE',  ( -12.75000000000000000, 6.650000000000000355, 12.95000000000000107 ) ) ;
#6944 = SURFACE_STYLE_USAGE ( .BOTH. , #1810 ) ;
#6945 = UNCERTAINTY_MEASURE_WITH_UNIT (LENGTH_MEASURE( 1.000000000000000082E-05 ), #4325, 'distance_accuracy_value', 'NONE');
#6946 = ORIENTED_EDGE ( 'NONE', *, *, #4106, .F. ) ;
#6947 = VECTOR ( 'NONE', #3711, 1000.000000000000000 ) ;
#6948 =( GEOMETRIC_REPRESENTATION_CONTEXT ( 3 ) GLOBAL_UNCERTAINTY_ASSIGNED_CONTEXT ( ( #1607 ) ) GLOBAL_UNIT_ASSIGNED_CONTEXT ( ( #3880, #2604, #5104 ) ) REPRESENTATION_CONTEXT ( 'NONE', 'WORKASPACE' ) );
#6949 = CARTESIAN_POINT ( 'NONE',  ( -12.75000000000000178, 15.75000000000000000, -9.550000000000000711 ) ) ;
#6950 = ORIENTED_EDGE ( 'NONE', *, *, #648, .F. ) ;
#6951 = SURFACE_STYLE_FILL_AREA ( #3306 ) ;
#6952 = EDGE_CURVE ( 'NONE', #7384, #3118, #3830, .T. ) ;
#6953 =( LENGTH_UNIT ( ) NAMED_UNIT ( * ) SI_UNIT ( .MILLI., .METRE. ) );
#6954 = VECTOR ( 'NONE', #643, 1000.000000000000000 ) ;
#6955 = SURFACE_STYLE_FILL_AREA ( #145 ) ;
#6956 = CARTESIAN_POINT ( 'NONE',  ( -4.199999999999988631, 6.550000000000000711, 8.199999999999997513 ) ) ;
#6957 = DIRECTION ( 'NONE',  ( -0.0000000000000000000, -1.000000000000000000, -0.0000000000000000000 ) ) ;
#6958 = FILL_AREA_STYLE_COLOUR ( '', #5116 ) ;
#6959 = MECHANICAL_DESIGN_GEOMETRIC_PRESENTATION_REPRESENTATION (  '', ( #1583 ), #2345 ) ;
#6960 = CARTESIAN_POINT ( 'NONE',  ( -4.000000000000000888, 0.9921485132883310909, -9.050000000000000711 ) ) ;
#6961 = SURFACE_STYLE_USAGE ( .BOTH. , #7684 ) ;
#6962 = UNCERTAINTY_MEASURE_WITH_UNIT (LENGTH_MEASURE( 1.000000000000000082E-05 ), #4068, 'distance_accuracy_value', 'NONE');
#6963 = AXIS2_PLACEMENT_3D ( 'NONE', #5954, #2838, #1114 ) ;
#6964 = EDGE_CURVE ( 'NONE', #4669, #3589, #600, .T. ) ;
#6965 = DIRECTION ( 'NONE',  ( 0.0000000000000000000, -1.000000000000000000, 0.0000000000000000000 ) ) ;
#6966 = EDGE_CURVE ( 'NONE', #3729, #1507, #3560, .T. ) ;
#6967 = ORIENTED_EDGE ( 'NONE', *, *, #5560, .T. ) ;
#6968 = STYLED_ITEM ( 'NONE', ( #2511 ), #7077 ) ;
#6969 = MECHANICAL_DESIGN_GEOMETRIC_PRESENTATION_REPRESENTATION (  '', ( #6294 ), #7785 ) ;
#6970 = CARTESIAN_POINT ( 'NONE',  ( 12.75000000000000000, 6.650000000000000355, 12.95000000000000107 ) ) ;
#6971 = CARTESIAN_POINT ( 'NONE',  ( -12.09999999999999609, 6.000000000000000000, 9.050000000000000711 ) ) ;
#6972 = ORIENTED_EDGE ( 'NONE', *, *, #7378, .T. ) ;
#6973 = DIRECTION ( 'NONE',  ( 0.0000000000000000000, 0.0000000000000000000, -1.000000000000000000 ) ) ;
#6974 = VECTOR ( 'NONE', #6689, 1000.000000000000000 ) ;
#6975 = ORIENTED_EDGE ( 'NONE', *, *, #2035, .F. ) ;
#6976 = STYLED_ITEM ( 'NONE', ( #3208 ), #6547 ) ;
#6977 = CARTESIAN_POINT ( 'NONE',  ( -8.999999999999998224, 2.200000000000000622, 8.250000000000000000 ) ) ;
#6978 =( NAMED_UNIT ( * ) SI_UNIT ( $, .STERADIAN. ) SOLID_ANGLE_UNIT ( ) );
#6979 = CARTESIAN_POINT ( 'NONE',  ( -4.199999999999989519, 11.94999999999999929, -8.200000000000001066 ) ) ;
#6980 = VECTOR ( 'NONE', #5599, 1000.000000000000000 ) ;
#6981 = STYLED_ITEM ( 'NONE', ( #1892 ), #6836 ) ;
#6982 = CARTESIAN_POINT ( 'NONE',  ( 12.85000000000000320, 7.200000000000006395, -13.05000000000000071 ) ) ;
#6983 = FILL_AREA_STYLE_COLOUR ( '', #1032 ) ;
#6984 = DIRECTION ( 'NONE',  ( -0.0000000000000000000, -1.000000000000000000, -0.0000000000000000000 ) ) ;
#6985 = AXIS2_PLACEMENT_3D ( 'NONE', #2002, #3106, #8147 ) ;
#6986 = DIRECTION ( 'NONE',  ( 0.0000000000000000000, -1.000000000000000000, 0.0000000000000000000 ) ) ;
#6987 = CARTESIAN_POINT ( 'NONE',  ( 5.000000000000000000, -4.000000000000000000, -11.25000000000000000 ) ) ;
#6988 = COLOUR_RGB ( '',1.000000000000000000, 0.9372549019607843146, 0.1372549019607843257 ) ;
#6989 = EDGE_LOOP ( 'NONE', ( #2645, #3480, #1818, #2308 ) ) ;
#6990 = VERTEX_POINT ( 'NONE', #4933 ) ;
#6991 =( GEOMETRIC_REPRESENTATION_CONTEXT ( 3 ) GLOBAL_UNCERTAINTY_ASSIGNED_CONTEXT ( ( #5612 ) ) GLOBAL_UNIT_ASSIGNED_CONTEXT ( ( #3274, #5188, #5226 ) ) REPRESENTATION_CONTEXT ( 'NONE', 'WORKASPACE' ) );
#6992 = CYLINDRICAL_SURFACE ( 'NONE', #5844, 0.3499999999999996447 ) ;
#6993 = PRESENTATION_LAYER_ASSIGNMENT (  '', '', ( #2378 ) ) ;
#6994 = CARTESIAN_POINT ( 'NONE',  ( -6.000000000000000000, 0.0000000000000000000, 8.250000000000001776 ) ) ;
#6995 = DIRECTION ( 'NONE',  ( 0.0000000000000000000, 0.0000000000000000000, -1.000000000000000000 ) ) ;
#6996 = FACE_OUTER_BOUND ( 'NONE', #710, .T. ) ;
#6997 = DIRECTION ( 'NONE',  ( -0.2169304578186563026, 0.9761870601839527373, 0.0000000000000000000 ) ) ;
#6998 = EDGE_LOOP ( 'NONE', ( #4173, #979, #1287, #6195 ) ) ;
#6999 = EDGE_CURVE ( 'NONE', #7733, #7472, #426, .T. ) ;
#7000 = FILL_AREA_STYLE ('',( #100 ) ) ;
#7001 = CARTESIAN_POINT ( 'NONE',  ( 6.150000000000000355, 12.75000000000000178, -8.250000000000000000 ) ) ;
#7002 = FILL_AREA_STYLE_COLOUR ( '', #551 ) ;
#7003 = DIRECTION ( 'NONE',  ( 0.0000000000000000000, 0.0000000000000000000, 1.000000000000000000 ) ) ;
#7004 = PLANE ( 'NONE',  #7643 ) ;
#7005 = FACE_OUTER_BOUND ( 'NONE', #8048, .T. ) ;
#7006 =( LENGTH_UNIT ( ) NAMED_UNIT ( * ) SI_UNIT ( .MILLI., .METRE. ) );
#7007 = ORIENTED_EDGE ( 'NONE', *, *, #7058, .T. ) ;
#7008 = ADVANCED_FACE ( 'NONE', ( #7473 ), #8058, .F. ) ;
#7009 = MECHANICAL_DESIGN_GEOMETRIC_PRESENTATION_REPRESENTATION (  '', ( #6475 ), #7144 ) ;
#7010 = CARTESIAN_POINT ( 'NONE',  ( -6.349999999999998757, 12.75000000000000355, -8.200000000000001066 ) ) ;
#7011 = VERTEX_POINT ( 'NONE', #4677 ) ;
#7012 = CARTESIAN_POINT ( 'NONE',  ( -8.999999999999998224, 15.00000000000000000, 8.250000000000000000 ) ) ;
#7013 = DIRECTION ( 'NONE',  ( -0.7071067811865474617, -0.0000000000000000000, -0.7071067811865474617 ) ) ;
#7014 = LINE ( 'NONE', #1470, #5712 ) ;
#7015 = ORIENTED_EDGE ( 'NONE', *, *, #98, .T. ) ;
#7016 =( NAMED_UNIT ( * ) PLANE_ANGLE_UNIT ( ) SI_UNIT ( $, .RADIAN. ) );
#7017 = SURFACE_STYLE_USAGE ( .BOTH. , #1473 ) ;
#7018 = EDGE_CURVE ( 'NONE', #2420, #4667, #956, .T. ) ;
#7019 = PRESENTATION_STYLE_ASSIGNMENT (( #167 ) ) ;
#7020 = PRESENTATION_STYLE_ASSIGNMENT (( #7184 ) ) ;
#7021 = PRESENTATION_STYLE_ASSIGNMENT (( #1891 ) ) ;
#7022 = SURFACE_STYLE_USAGE ( .BOTH. , #4360 ) ;
#7023 = EDGE_CURVE ( 'NONE', #3052, #1636, #1556, .T. ) ;
#7024 = SURFACE_STYLE_USAGE ( .BOTH. , #3334 ) ;
#7025 = EDGE_CURVE ( 'NONE', #3999, #2377, #4055, .T. ) ;
#7026 = ORIENTED_EDGE ( 'NONE', *, *, #586, .F. ) ;
#7027 = FILL_AREA_STYLE_COLOUR ( '', #6447 ) ;
#7028 = PRESENTATION_LAYER_ASSIGNMENT (  '', '', ( #5681 ) ) ;
#7029 = FILL_AREA_STYLE ('',( #1486 ) ) ;
#7030 = FILL_AREA_STYLE ('',( #4564 ) ) ;
#7031 = EDGE_LOOP ( 'NONE', ( #3374, #5242, #4710, #2608 ) ) ;
#7032 = ORIENTED_EDGE ( 'NONE', *, *, #1452, .F. ) ;
#7033 = LINE ( 'NONE', #294, #19 ) ;
#7034 = DIRECTION ( 'NONE',  ( -0.7071067811865474617, -0.0000000000000000000, -0.7071067811865474617 ) ) ;
#7035 = LINE ( 'NONE', #7761, #2886 ) ;
#7036 = FACE_OUTER_BOUND ( 'NONE', #7617, .T. ) ;
#7037 = UNCERTAINTY_MEASURE_WITH_UNIT (LENGTH_MEASURE( 1.000000000000000082E-05 ), #4021, 'distance_accuracy_value', 'NONE');
#7038 = SURFACE_STYLE_USAGE ( .BOTH. , #4529 ) ;
#7039 = ORIENTED_EDGE ( 'NONE', *, *, #6350, .T. ) ;
#7040 =( LENGTH_UNIT ( ) NAMED_UNIT ( * ) SI_UNIT ( .MILLI., .METRE. ) );
#7041 = PRESENTATION_STYLE_ASSIGNMENT (( #5616 ) ) ;
#7042 = MECHANICAL_DESIGN_GEOMETRIC_PRESENTATION_REPRESENTATION (  '', ( #7449 ), #7852 ) ;
#7043 = CARTESIAN_POINT ( 'NONE',  ( -5.800000000000000711, 8.150000000000011013, 8.199999999999997513 ) ) ;
#7044 = DIRECTION ( 'NONE',  ( -0.0000000000000000000, 1.000000000000000000, -0.0000000000000000000 ) ) ;
#7045 = CIRCLE ( 'NONE', #1656, 0.3499999999999996447 ) ;
#7046 = DIRECTION ( 'NONE',  ( -3.854941057726238097E-16, 1.000000000000000000, 0.0000000000000000000 ) ) ;
#7047 = LINE ( 'NONE', #1417, #2657 ) ;
#7048 = FILL_AREA_STYLE ('',( #923 ) ) ;
#7049 =( LENGTH_UNIT ( ) NAMED_UNIT ( * ) SI_UNIT ( .MILLI., .METRE. ) );
#7050 = UNCERTAINTY_MEASURE_WITH_UNIT (LENGTH_MEASURE( 1.000000000000000082E-05 ), #6131, 'distance_accuracy_value', 'NONE');
#7051 = ORIENTED_EDGE ( 'NONE', *, *, #1896, .T. ) ;
#7052 = PRESENTATION_LAYER_ASSIGNMENT (  '', '', ( #490 ) ) ;
#7053 = VECTOR ( 'NONE', #990, 1000.000000000000000 ) ;
#7054 = FACE_OUTER_BOUND ( 'NONE', #6183, .T. ) ;
#7055 = ORIENTED_EDGE ( 'NONE', *, *, #5735, .F. ) ;
#7056 = DIRECTION ( 'NONE',  ( 1.000000000000000000, 0.0000000000000000000, 0.0000000000000000000 ) ) ;
#7057 = FILL_AREA_STYLE_COLOUR ( '', #5209 ) ;
#7058 = EDGE_CURVE ( 'NONE', #1885, #3446, #6548, .T. ) ;
#7059 = ORIENTED_EDGE ( 'NONE', *, *, #7581, .T. ) ;
#7060 = CARTESIAN_POINT ( 'NONE',  ( -4.000000000000000888, 0.9921485132883310909, 12.60000000000000142 ) ) ;
#7061 = PRESENTATION_LAYER_ASSIGNMENT (  '', '', ( #1018 ) ) ;
#7062 = DIRECTION ( 'NONE',  ( 0.0000000000000000000, -1.000000000000000000, 0.0000000000000000000 ) ) ;
#7063 = ORIENTED_EDGE ( 'NONE', *, *, #1738, .T. ) ;
#7064 = CARTESIAN_POINT ( 'NONE',  ( 0.0000000000000000000, 2.200000000000000178, 11.25000000000000000 ) ) ;
#7065 = DIRECTION ( 'NONE',  ( 0.0000000000000000000, -0.0000000000000000000, 1.000000000000000000 ) ) ;
#7066 = CARTESIAN_POINT ( 'NONE',  ( -9.000000000000001776, 0.0000000000000000000, -9.050000000000000711 ) ) ;
#7067 = LINE ( 'NONE', #3400, #7275 ) ;
#7068 = SURFACE_STYLE_USAGE ( .BOTH. , #7150 ) ;
#7069 = LINE ( 'NONE', #2049, #7523 ) ;
#7070 = SURFACE_STYLE_FILL_AREA ( #1587 ) ;
#7071 = VERTEX_POINT ( 'NONE', #5971 ) ;
#7072 = SURFACE_STYLE_USAGE ( .BOTH. , #3897 ) ;
#7073 = DIRECTION ( 'NONE',  ( 0.0000000000000000000, 1.000000000000000000, 0.0000000000000000000 ) ) ;
#7074 = ORIENTED_EDGE ( 'NONE', *, *, #7023, .F. ) ;
#7075 = CIRCLE ( 'NONE', #4170, 0.3499999999999996447 ) ;
#7076 = EDGE_CURVE ( 'NONE', #2588, #3169, #3474, .T. ) ;
#7077 = ADVANCED_FACE ( 'NONE', ( #5578 ), #6246, .F. ) ;
#7078 = CARTESIAN_POINT ( 'NONE',  ( -8.999999999999998224, 0.0000000000000000000, 8.250000000000000000 ) ) ;
#7079 = SURFACE_STYLE_FILL_AREA ( #3986 ) ;
#7080 = SURFACE_SIDE_STYLE ('',( #1495 ) ) ;
#7081 = AXIS2_PLACEMENT_3D ( 'NONE', #7586, #3707, #6196 ) ;
#7082 = SURFACE_STYLE_USAGE ( .BOTH. , #3490 ) ;
#7083 =( NAMED_UNIT ( * ) PLANE_ANGLE_UNIT ( ) SI_UNIT ( $, .RADIAN. ) );
#7084 = VERTEX_POINT ( 'NONE', #3836 ) ;
#7085 = FILL_AREA_STYLE ('',( #2713 ) ) ;
#7086 = PRESENTATION_LAYER_ASSIGNMENT (  '', '', ( #135 ) ) ;
#7087 = DIRECTION ( 'NONE',  ( -0.0000000000000000000, -0.0000000000000000000, -1.000000000000000000 ) ) ;
#7088 = PRESENTATION_LAYER_ASSIGNMENT (  '', '', ( #1168 ) ) ;
#7089 = FACE_OUTER_BOUND ( 'NONE', #4273, .T. ) ;
#7090 = ORIENTED_EDGE ( 'NONE', *, *, #3883, .T. ) ;
#7091 = ORIENTED_EDGE ( 'NONE', *, *, #6648, .F. ) ;
#7092 = VECTOR ( 'NONE', #7899, 1000.000000000000000 ) ;
#7093 = FILL_AREA_STYLE_COLOUR ( '', #2755 ) ;
#7094 = DIRECTION ( 'NONE',  ( 1.000000000000000000, 0.0000000000000000000, 0.0000000000000000000 ) ) ;
#7095 = CARTESIAN_POINT ( 'NONE',  ( -8.999999999999998224, 0.0000000000000000000, 9.050000000000000711 ) ) ;
#7096 = ORIENTED_EDGE ( 'NONE', *, *, #8132, .F. ) ;
#7097 = FILL_AREA_STYLE_COLOUR ( '', #4633 ) ;
#7098 = EDGE_LOOP ( 'NONE', ( #2078, #3783, #5091, #6424, #2021, #6206, #1063, #1802, #335, #4197, #7360, #3032, #4875, #6785 ) ) ;
#7099 =( GEOMETRIC_REPRESENTATION_CONTEXT ( 3 ) GLOBAL_UNCERTAINTY_ASSIGNED_CONTEXT ( ( #3167 ) ) GLOBAL_UNIT_ASSIGNED_CONTEXT ( ( #7474, #1993, #6247 ) ) REPRESENTATION_CONTEXT ( 'NONE', 'WORKASPACE' ) );
#7100 = SURFACE_STYLE_USAGE ( .BOTH. , #7784 ) ;
#7101 = VECTOR ( 'NONE', #1874, 1000.000000000000000 ) ;
#7102 = ADVANCED_FACE ( 'NONE', ( #6332 ), #2032, .F. ) ;
#7103 = FILL_AREA_STYLE ('',( #3195 ) ) ;
#7104 = LINE ( 'NONE', #7066, #6749 ) ;
#7105 =( GEOMETRIC_REPRESENTATION_CONTEXT ( 3 ) GLOBAL_UNCERTAINTY_ASSIGNED_CONTEXT ( ( #4313 ) ) GLOBAL_UNIT_ASSIGNED_CONTEXT ( ( #5836, #5263, #7814 ) ) REPRESENTATION_CONTEXT ( 'NONE', 'WORKASPACE' ) );
#7106 = FACE_OUTER_BOUND ( 'NONE', #3748, .T. ) ;
#7107 = LINE ( 'NONE', #2738, #5815 ) ;
#7108 = AXIS2_PLACEMENT_3D ( 'NONE', #8004, #4235, #2328 ) ;
#7109 = CARTESIAN_POINT ( 'NONE',  ( 10.00000000000000000, -4.000000000000000000, 11.25000000000000000 ) ) ;
#7110 =( GEOMETRIC_REPRESENTATION_CONTEXT ( 3 ) GLOBAL_UNCERTAINTY_ASSIGNED_CONTEXT ( ( #7190 ) ) GLOBAL_UNIT_ASSIGNED_CONTEXT ( ( #749, #5905, #2022 ) ) REPRESENTATION_CONTEXT ( 'NONE', 'WORKASPACE' ) );
#7111 = DIRECTION ( 'NONE',  ( 1.000000000000000000, -2.820688578824076945E-16, -0.0000000000000000000 ) ) ;
#7112 = EDGE_LOOP ( 'NONE', ( #1558, #4008, #7910, #6230 ) ) ;
#7113 = CARTESIAN_POINT ( 'NONE',  ( 5.999999999999998224, 15.00000000000000000, 9.050000000000000711 ) ) ;
#7114 =( LENGTH_UNIT ( ) NAMED_UNIT ( * ) SI_UNIT ( .MILLI., .METRE. ) );
#7115 = STYLED_ITEM ( 'NONE', ( #1978 ), #2962 ) ;
#7116 = ORIENTED_EDGE ( 'NONE', *, *, #272, .F. ) ;
#7117 = ORIENTED_EDGE ( 'NONE', *, *, #3105, .T. ) ;
#7118 = CARTESIAN_POINT ( 'NONE',  ( 0.0000000000000000000, -4.000000000000000000, -10.90000000000000036 ) ) ;
#7119 = DIRECTION ( 'NONE',  ( 0.0000000000000000000, 0.0000000000000000000, 1.000000000000000000 ) ) ;
#7120 = PRESENTATION_LAYER_ASSIGNMENT (  '', '', ( #7253 ) ) ;
#7121 = PRESENTATION_LAYER_ASSIGNMENT (  '', '', ( #3017 ) ) ;
#7122 = EDGE_CURVE ( 'NONE', #5399, #7278, #7047, .T. ) ;
#7123 = DIRECTION ( 'NONE',  ( 0.0000000000000000000, 0.0000000000000000000, 1.000000000000000000 ) ) ;
#7124 = EDGE_CURVE ( 'NONE', #4561, #1519, #7634, .T. ) ;
#7125 = UNCERTAINTY_MEASURE_WITH_UNIT (LENGTH_MEASURE( 1.000000000000000082E-05 ), #1026, 'distance_accuracy_value', 'NONE');
#7126 = DIRECTION ( 'NONE',  ( -0.0000000000000000000, -0.0000000000000000000, 1.000000000000000000 ) ) ;
#7127 = ORIENTED_EDGE ( 'NONE', *, *, #8132, .T. ) ;
#7128 = COLOUR_RGB ( '',1.000000000000000000, 0.9372549019607843146, 0.1372549019607843257 ) ;
#7129 =( LENGTH_UNIT ( ) NAMED_UNIT ( * ) SI_UNIT ( .MILLI., .METRE. ) );
#7130 =( LENGTH_UNIT ( ) NAMED_UNIT ( * ) SI_UNIT ( .MILLI., .METRE. ) );
#7131 = CARTESIAN_POINT ( 'NONE',  ( 6.150000000000002132, 12.55000000000000071, -8.250000000000000000 ) ) ;
#7132 = ADVANCED_FACE ( 'NONE', ( #8138 ), #7004, .F. ) ;
#7133 = FILL_AREA_STYLE_COLOUR ( '', #8032 ) ;
#7134 = SURFACE_SIDE_STYLE ('',( #1617 ) ) ;
#7135 = UNCERTAINTY_MEASURE_WITH_UNIT (LENGTH_MEASURE( 1.000000000000000082E-05 ), #6666, 'distance_accuracy_value', 'NONE');
#7136 = VERTEX_POINT ( 'NONE', #4619 ) ;
#7137 = VERTEX_POINT ( 'NONE', #6494 ) ;
#7138 = MECHANICAL_DESIGN_GEOMETRIC_PRESENTATION_REPRESENTATION (  '', ( #6182 ), #6854 ) ;
#7139 =( LENGTH_UNIT ( ) NAMED_UNIT ( * ) SI_UNIT ( .MILLI., .METRE. ) );
#7140 = FILL_AREA_STYLE_COLOUR ( '', #839 ) ;
#7141 = PRESENTATION_STYLE_ASSIGNMENT (( #3359 ) ) ;
#7142 = ORIENTED_EDGE ( 'NONE', *, *, #1681, .F. ) ;
#7143 =( LENGTH_UNIT ( ) NAMED_UNIT ( * ) SI_UNIT ( .MILLI., .METRE. ) );
#7144 =( GEOMETRIC_REPRESENTATION_CONTEXT ( 3 ) GLOBAL_UNCERTAINTY_ASSIGNED_CONTEXT ( ( #5696 ) ) GLOBAL_UNIT_ASSIGNED_CONTEXT ( ( #8066, #7445, #6665 ) ) REPRESENTATION_CONTEXT ( 'NONE', 'WORKASPACE' ) );
#7145 = DIRECTION ( 'NONE',  ( 0.2169304578186563026, -0.9761870601839527373, 0.0000000000000000000 ) ) ;
#7146 = CARTESIAN_POINT ( 'NONE',  ( 9.500000000000000000, 6.650000000000000355, -9.550000000000000711 ) ) ;
#7147 =( NAMED_UNIT ( * ) SI_UNIT ( $, .STERADIAN. ) SOLID_ANGLE_UNIT ( ) );
#7148 = DIRECTION ( 'NONE',  ( 0.0000000000000000000, 0.0000000000000000000, -1.000000000000000000 ) ) ;
#7149 = SURFACE_STYLE_FILL_AREA ( #3332 ) ;
#7150 = SURFACE_SIDE_STYLE ('',( #285 ) ) ;
#7151 = CARTESIAN_POINT ( 'NONE',  ( 4.286263797015713792E-17, -4.000000000000000000, 10.90000000000000036 ) ) ;
#7152 = VERTEX_POINT ( 'NONE', #4074 ) ;
#7153 = SURFACE_STYLE_FILL_AREA ( #4642 ) ;
#7154 = VERTEX_POINT ( 'NONE', #4697 ) ;
#7155 = ORIENTED_EDGE ( 'NONE', *, *, #7417, .F. ) ;
#7156 = EDGE_CURVE ( 'NONE', #6907, #4838, #5802, .T. ) ;
#7157 = CARTESIAN_POINT ( 'NONE',  ( 12.59999999999999787, 6.000000000000000000, -9.550000000000004263 ) ) ;
#7158 = CARTESIAN_POINT ( 'NONE',  ( -10.00000000000000000, 2.200000000000000178, -11.25000000000000000 ) ) ;
#7159 = DIRECTION ( 'NONE',  ( -0.0000000000000000000, -1.000000000000000000, -0.0000000000000000000 ) ) ;
#7160 = CARTESIAN_POINT ( 'NONE',  ( -12.09999999999999964, 2.200000000000000178, 9.050000000000000711 ) ) ;
#7161 = PRESENTATION_LAYER_ASSIGNMENT (  '', '', ( #7438 ) ) ;
#7162 = EDGE_CURVE ( 'NONE', #73, #7547, #263, .T. ) ;
#7163 = CARTESIAN_POINT ( 'NONE',  ( 4.199999999999989519, 6.550000000000000711, 8.199999999999997513 ) ) ;
#7164 = DIRECTION ( 'NONE',  ( -0.0000000000000000000, -0.0000000000000000000, 1.000000000000000000 ) ) ;
#7165 = DIRECTION ( 'NONE',  ( 1.000000000000000000, 0.0000000000000000000, 0.0000000000000000000 ) ) ;
#7166 = VECTOR ( 'NONE', #4897, 1000.000000000000000 ) ;
#7167 = CARTESIAN_POINT ( 'NONE',  ( 5.999999999999997335, 2.200000000000000178, 12.60000000000000142 ) ) ;
#7168 = STYLED_ITEM ( 'NONE', ( #1190 ), #431 ) ;
#7169 = ORIENTED_EDGE ( 'NONE', *, *, #6171, .F. ) ;
#7170 = DIRECTION ( 'NONE',  ( 0.0000000000000000000, 1.000000000000000000, -0.0000000000000000000 ) ) ;
#7171 = EDGE_CURVE ( 'NONE', #8013, #1519, #2122, .T. ) ;
#7172 = AXIS2_PLACEMENT_3D ( 'NONE', #5989, #7928, #855 ) ;
#7173 = EDGE_CURVE ( 'NONE', #769, #58, #2681, .T. ) ;
#7174 = VECTOR ( 'NONE', #5642, 1000.000000000000000 ) ;
#7175 = SURFACE_STYLE_USAGE ( .BOTH. , #3721 ) ;
#7176 = EDGE_LOOP ( 'NONE', ( #6111, #8078, #3842, #7015, #1420, #2869, #6536, #6583 ) ) ;
#7177 = CYLINDRICAL_SURFACE ( 'NONE', #7897, 0.5000000000000004441 ) ;
#7178 = AXIS2_PLACEMENT_3D ( 'NONE', #4705, #3423, #2263 ) ;
#7179 =( GEOMETRIC_REPRESENTATION_CONTEXT ( 3 ) GLOBAL_UNCERTAINTY_ASSIGNED_CONTEXT ( ( #7816 ) ) GLOBAL_UNIT_ASSIGNED_CONTEXT ( ( #1444, #985, #3376 ) ) REPRESENTATION_CONTEXT ( 'NONE', 'WORKASPACE' ) );
#7180 = EDGE_LOOP ( 'NONE', ( #5528, #6757, #365, #7831 ) ) ;
#7181 =( GEOMETRIC_REPRESENTATION_CONTEXT ( 3 ) GLOBAL_UNCERTAINTY_ASSIGNED_CONTEXT ( ( #7807 ) ) GLOBAL_UNIT_ASSIGNED_CONTEXT ( ( #2632, #55, #2585 ) ) REPRESENTATION_CONTEXT ( 'NONE', 'WORKASPACE' ) );
#7182 = AXIS2_PLACEMENT_3D ( 'NONE', #6564, #3531, #1649 ) ;
#7183 =( GEOMETRIC_REPRESENTATION_CONTEXT ( 3 ) GLOBAL_UNCERTAINTY_ASSIGNED_CONTEXT ( ( #8108 ) ) GLOBAL_UNIT_ASSIGNED_CONTEXT ( ( #3237, #5075, #574 ) ) REPRESENTATION_CONTEXT ( 'NONE', 'WORKASPACE' ) );
#7184 = SURFACE_STYLE_USAGE ( .BOTH. , #3368 ) ;
#7185 = SURFACE_SIDE_STYLE ('',( #6543 ) ) ;
#7186 = FACE_OUTER_BOUND ( 'NONE', #7, .T. ) ;
#7187 = CARTESIAN_POINT ( 'NONE',  ( 0.9999999999999991118, 0.9921485132883310909, 12.60000000000000142 ) ) ;
#7188 = ORIENTED_EDGE ( 'NONE', *, *, #3021, .F. ) ;
#7189 =( GEOMETRIC_REPRESENTATION_CONTEXT ( 3 ) GLOBAL_UNCERTAINTY_ASSIGNED_CONTEXT ( ( #892 ) ) GLOBAL_UNIT_ASSIGNED_CONTEXT ( ( #3594, #7228, #7272 ) ) REPRESENTATION_CONTEXT ( 'NONE', 'WORKASPACE' ) );
#7190 = UNCERTAINTY_MEASURE_WITH_UNIT (LENGTH_MEASURE( 1.000000000000000082E-05 ), #749, 'distance_accuracy_value', 'NONE');
#7191 = ORIENTED_EDGE ( 'NONE', *, *, #7162, .F. ) ;
#7192 = ORIENTED_EDGE ( 'NONE', *, *, #1541, .F. ) ;
#7193 = CARTESIAN_POINT ( 'NONE',  ( -12.84999999999999609, 7.200000000000000178, -13.05000000000000071 ) ) ;
#7194 = VECTOR ( 'NONE', #5342, 1000.000000000000000 ) ;
#7195 = LINE ( 'NONE', #1717, #7795 ) ;
#7196 = CARTESIAN_POINT ( 'NONE',  ( -8.999999999999998224, 0.0000000000000000000, 9.050000000000000711 ) ) ;
#7197 = UNCERTAINTY_MEASURE_WITH_UNIT (LENGTH_MEASURE( 1.000000000000000082E-05 ), #1103, 'distance_accuracy_value', 'NONE');
#7198 = DIRECTION ( 'NONE',  ( 0.0000000000000000000, 0.0000000000000000000, -1.000000000000000000 ) ) ;
#7199 = ADVANCED_FACE ( 'NONE', ( #307 ), #5180, .F. ) ;
#7200 = STYLED_ITEM ( 'NONE', ( #2698 ), #1640 ) ;
#7201 = SURFACE_SIDE_STYLE ('',( #2792 ) ) ;
#7202 = STYLED_ITEM ( 'NONE', ( #5529 ), #5686 ) ;
#7203 =( LENGTH_UNIT ( ) NAMED_UNIT ( * ) SI_UNIT ( .MILLI., .METRE. ) );
#7204 = DIRECTION ( 'NONE',  ( -0.0000000000000000000, -0.0000000000000000000, 1.000000000000000000 ) ) ;
#7205 = SURFACE_STYLE_USAGE ( .BOTH. , #1537 ) ;
#7206 = LINE ( 'NONE', #2719, #935 ) ;
#7207 = CARTESIAN_POINT ( 'NONE',  ( -10.00000000000000000, -4.000000000000000000, -11.25000000000000000 ) ) ;
#7208 = UNCERTAINTY_MEASURE_WITH_UNIT (LENGTH_MEASURE( 1.000000000000000082E-05 ), #7130, 'distance_accuracy_value', 'NONE');
#7209 = STYLED_ITEM ( 'NONE', ( #5429 ), #5809 ) ;
#7210 = EDGE_CURVE ( 'NONE', #3589, #2817, #4843, .T. ) ;
#7211 = DIRECTION ( 'NONE',  ( 0.0000000000000000000, 0.0000000000000000000, -1.000000000000000000 ) ) ;
#7212 = ORIENTED_EDGE ( 'NONE', *, *, #4076, .T. ) ;
#7213 = FACE_OUTER_BOUND ( 'NONE', #5336, .T. ) ;
#7214 = DIRECTION ( 'NONE',  ( 0.0000000000000000000, -1.000000000000000000, 0.0000000000000000000 ) ) ;
#7215 = FILL_AREA_STYLE_COLOUR ( '', #1130 ) ;
#7216 = ORIENTED_EDGE ( 'NONE', *, *, #5671, .F. ) ;
#7217 = PLANE ( 'NONE',  #5511 ) ;
#7218 = SURFACE_STYLE_USAGE ( .BOTH. , #8010 ) ;
#7219 = SURFACE_STYLE_USAGE ( .BOTH. , #7861 ) ;
#7220 = VERTEX_POINT ( 'NONE', #1113 ) ;
#7221 = EDGE_CURVE ( 'NONE', #353, #4621, #1151, .T. ) ;
#7222 = SURFACE_STYLE_FILL_AREA ( #4247 ) ;
#7223 = EDGE_CURVE ( 'NONE', #7472, #7780, #4270, .T. ) ;
#7224 = VECTOR ( 'NONE', #6331, 1000.000000000000000 ) ;
#7225 = PRESENTATION_LAYER_ASSIGNMENT (  '', '', ( #6006 ) ) ;
#7226 = DIRECTION ( 'NONE',  ( 0.0000000000000000000, -0.0000000000000000000, -1.000000000000000000 ) ) ;
#7227 = PRESENTATION_STYLE_ASSIGNMENT (( #6752 ) ) ;
#7228 =( NAMED_UNIT ( * ) PLANE_ANGLE_UNIT ( ) SI_UNIT ( $, .RADIAN. ) );
#7229 = CARTESIAN_POINT ( 'NONE',  ( 5.900000000000001243, 6.500000000000000888, 12.60000000000000142 ) ) ;
#7230 = CARTESIAN_POINT ( 'NONE',  ( 3.750000000000000000, 15.75000000000000355, 9.550000000000000711 ) ) ;
#7231 = AXIS2_PLACEMENT_3D ( 'NONE', #5445, #8003, #1729 ) ;
#7232 =( NAMED_UNIT ( * ) SI_UNIT ( $, .STERADIAN. ) SOLID_ANGLE_UNIT ( ) );
#7233 = CARTESIAN_POINT ( 'NONE',  ( 0.0000000000000000000, 0.0000000000000000000, 0.0000000000000000000 ) ) ;
#7234 = MECHANICAL_DESIGN_GEOMETRIC_PRESENTATION_REPRESENTATION (  '', ( #1463 ), #4729 ) ;
#7235 = VERTEX_POINT ( 'NONE', #5479 ) ;
#7236 = DIRECTION ( 'NONE',  ( 0.0000000000000000000, 1.000000000000000000, 0.0000000000000000000 ) ) ;
#7237 = SURFACE_SIDE_STYLE ('',( #6672 ) ) ;
#7238 = COLOUR_RGB ( '',0.6666666666666666297, 0.6980392156862744724, 0.7686274509803920907 ) ;
#7239 =( NAMED_UNIT ( * ) SI_UNIT ( $, .STERADIAN. ) SOLID_ANGLE_UNIT ( ) );
#7240 = VECTOR ( 'NONE', #297, 1000.000000000000000 ) ;
#7241 = DIRECTION ( 'NONE',  ( 1.000000000000000000, -0.0000000000000000000, -0.0000000000000000000 ) ) ;
#7242 = DIRECTION ( 'NONE',  ( 0.0000000000000000000, 0.0000000000000000000, -1.000000000000000000 ) ) ;
#7243 = CIRCLE ( 'NONE', #3684, 0.5000000000000004441 ) ;
#7244 = FACE_OUTER_BOUND ( 'NONE', #5382, .T. ) ;
#7245 = DIRECTION ( 'NONE',  ( -0.0000000000000000000, -1.000000000000000000, -0.0000000000000000000 ) ) ;
#7246 = VECTOR ( 'NONE', #7716, 1000.000000000000000 ) ;
#7247 = VECTOR ( 'NONE', #842, 1000.000000000000000 ) ;
#7248 = SURFACE_STYLE_USAGE ( .BOTH. , #2794 ) ;
#7249 = DIRECTION ( 'NONE',  ( -1.329290019905599182E-16, 0.0000000000000000000, -1.000000000000000000 ) ) ;
#7250 = FILL_AREA_STYLE_COLOUR ( '', #7238 ) ;
#7251 = SURFACE_STYLE_USAGE ( .BOTH. , #7890 ) ;
#7252 = VECTOR ( 'NONE', #689, 1000.000000000000000 ) ;
#7253 = STYLED_ITEM ( 'NONE', ( #1861 ), #7787 ) ;
#7254 = AXIS2_PLACEMENT_3D ( 'NONE', #2427, #3098, #4715 ) ;
#7255 = CARTESIAN_POINT ( 'NONE',  ( -6.349999999999998757, 12.75000000000000355, 8.199999999999997513 ) ) ;
#7256 = ORIENTED_EDGE ( 'NONE', *, *, #7367, .T. ) ;
#7257 = CARTESIAN_POINT ( 'NONE',  ( -6.349999999999977440, 2.750000000000000000, -8.200000000000001066 ) ) ;
#7258 = AXIS2_PLACEMENT_3D ( 'NONE', #2563, #653, #7602 ) ;
#7259 = COLOUR_RGB ( '',0.6666666666666666297, 0.6980392156862744724, 0.7686274509803920907 ) ;
#7260 =( NAMED_UNIT ( * ) PLANE_ANGLE_UNIT ( ) SI_UNIT ( $, .RADIAN. ) );
#7261 = EDGE_LOOP ( 'NONE', ( #4153, #2331, #4489, #1511 ) ) ;
#7262 = DIRECTION ( 'NONE',  ( -0.0000000000000000000, 1.000000000000000000, -0.0000000000000000000 ) ) ;
#7263 = SURFACE_STYLE_FILL_AREA ( #4787 ) ;
#7264 = EDGE_CURVE ( 'NONE', #783, #1372, #1712, .T. ) ;
#7265 = EDGE_LOOP ( 'NONE', ( #5203, #358, #764, #5655 ) ) ;
#7266 = PLANE ( 'NONE',  #6357 ) ;
#7267 = STYLED_ITEM ( 'NONE', ( #5703 ), #3731 ) ;
#7268 = SURFACE_STYLE_USAGE ( .BOTH. , #974 ) ;
#7269 = CARTESIAN_POINT ( 'NONE',  ( -2.500000000000001332, 12.65000000000000391, -9.550000000000000711 ) ) ;
#7270 = FILL_AREA_STYLE ('',( #7985 ) ) ;
#7271 = EDGE_CURVE ( 'NONE', #6621, #7674, #7968, .T. ) ;
#7272 =( NAMED_UNIT ( * ) SI_UNIT ( $, .STERADIAN. ) SOLID_ANGLE_UNIT ( ) );
#7273 = LINE ( 'NONE', #8105, #1890 ) ;
#7274 = PRESENTATION_STYLE_ASSIGNMENT (( #3555 ) ) ;
#7275 = VECTOR ( 'NONE', #5968, 1000.000000000000000 ) ;
#7276 = DIRECTION ( 'NONE',  ( 0.0000000000000000000, 0.0000000000000000000, 1.000000000000000000 ) ) ;
#7277 = STYLED_ITEM ( 'NONE', ( #1699 ), #4402 ) ;
#7278 = VERTEX_POINT ( 'NONE', #5525 ) ;
#7279 = DIRECTION ( 'NONE',  ( 0.0000000000000000000, -0.0000000000000000000, 1.000000000000000000 ) ) ;
#7280 =( NAMED_UNIT ( * ) SI_UNIT ( $, .STERADIAN. ) SOLID_ANGLE_UNIT ( ) );
#7281 = EDGE_CURVE ( 'NONE', #1080, #568, #3953, .T. ) ;
#7282 = EDGE_CURVE ( 'NONE', #109, #3581, #7382, .T. ) ;
#7283 = CARTESIAN_POINT ( 'NONE',  ( -9.000000000000001776, 15.00000000000000000, -8.250000000000000000 ) ) ;
#7284 = DIRECTION ( 'NONE',  ( 1.000000000000000000, 0.0000000000000000000, 0.0000000000000000000 ) ) ;
#7285 = CARTESIAN_POINT ( 'NONE',  ( -6.149999999999999467, 5.949999999999999289, -8.250000000000000000 ) ) ;
#7286 = LINE ( 'NONE', #1646, #6900 ) ;
#7287 = UNCERTAINTY_MEASURE_WITH_UNIT (LENGTH_MEASURE( 1.000000000000000082E-05 ), #4495, 'distance_accuracy_value', 'NONE');
#7288 = CARTESIAN_POINT ( 'NONE',  ( -9.000000000000001776, 6.000000000000000000, -9.550000000000007816 ) ) ;
#7289 = ORIENTED_EDGE ( 'NONE', *, *, #3501, .T. ) ;
#7290 =( NAMED_UNIT ( * ) SI_UNIT ( $, .STERADIAN. ) SOLID_ANGLE_UNIT ( ) );
#7291 =( LENGTH_UNIT ( ) NAMED_UNIT ( * ) SI_UNIT ( .MILLI., .METRE. ) );
#7292 = FILL_AREA_STYLE ('',( #6686 ) ) ;
#7293 = PLANE ( 'NONE',  #1596 ) ;
#7294 = CARTESIAN_POINT ( 'NONE',  ( -7.999999999999996447, 15.00000000000000000, 8.250000000000000000 ) ) ;
#7295 = CARTESIAN_POINT ( 'NONE',  ( 12.59999999999999787, 6.000000000000000000, -11.60000000000000142 ) ) ;
#7296 = CYLINDRICAL_SURFACE ( 'NONE', #4412, 0.3499999999999996447 ) ;
#7297 = UNCERTAINTY_MEASURE_WITH_UNIT (LENGTH_MEASURE( 1.000000000000000082E-05 ), #7605, 'distance_accuracy_value', 'NONE');
#7298 = ORIENTED_EDGE ( 'NONE', *, *, #6122, .T. ) ;
#7299 = VECTOR ( 'NONE', #7487, 1000.000000000000000 ) ;
#7300 = ORIENTED_EDGE ( 'NONE', *, *, #7744, .F. ) ;
#7301 = FILL_AREA_STYLE_COLOUR ( '', #1213 ) ;
#7302 = VERTEX_POINT ( 'NONE', #6776 ) ;
#7303 = PRESENTATION_LAYER_ASSIGNMENT (  '', '', ( #2551 ) ) ;
#7304 =( LENGTH_UNIT ( ) NAMED_UNIT ( * ) SI_UNIT ( .MILLI., .METRE. ) );
#7305 = DIRECTION ( 'NONE',  ( -0.0000000000000000000, -0.0000000000000000000, 1.000000000000000000 ) ) ;
#7306 = ORIENTED_EDGE ( 'NONE', *, *, #7124, .F. ) ;
#7307 = SURFACE_STYLE_FILL_AREA ( #973 ) ;
#7308 = AXIS2_PLACEMENT_3D ( 'NONE', #6745, #5580, #1164 ) ;
#7309 = PRESENTATION_STYLE_ASSIGNMENT (( #4936 ) ) ;
#7310 = EDGE_CURVE ( 'NONE', #5222, #2530, #1763, .T. ) ;
#7311 = LINE ( 'NONE', #2347, #877 ) ;
#7312 =( NAMED_UNIT ( * ) SI_UNIT ( $, .STERADIAN. ) SOLID_ANGLE_UNIT ( ) );
#7313 = LINE ( 'NONE', #6664, #4692 ) ;
#7314 = SURFACE_STYLE_USAGE ( .BOTH. , #1633 ) ;
#7315 = CIRCLE ( 'NONE', #7981, 1.499999999999999556 ) ;
#7316 = VERTEX_POINT ( 'NONE', #1003 ) ;
#7317 = PRODUCT_DEFINITION ( 'UNKNOWN', '', #5148, #214 ) ;
#7318 = VECTOR ( 'NONE', #7044, 1000.000000000000000 ) ;
#7319 = STYLED_ITEM ( 'NONE', ( #3399 ), #797 ) ;
#7320 = EDGE_LOOP ( 'NONE', ( #1489, #504, #2567, #5711 ) ) ;
#7321 = SURFACE_STYLE_USAGE ( .BOTH. , #1604 ) ;
#7322 = ADVANCED_FACE ( 'NONE', ( #3653 ), #384, .F. ) ;
#7323 = CIRCLE ( 'NONE', #1925, 2.999999999999999556 ) ;
#7324 = CARTESIAN_POINT ( 'NONE',  ( -2.500000000000001332, 12.65000000000000391, -12.95000000000000107 ) ) ;
#7325 = CARTESIAN_POINT ( 'NONE',  ( 0.0000000000000000000, -4.000000000000000000, -11.25000000000000000 ) ) ;
#7326 = CIRCLE ( 'NONE', #901, 0.3499999999999996447 ) ;
#7327 = DIRECTION ( 'NONE',  ( 0.3739683354969405293, 0.9274414720324122285, 0.0000000000000000000 ) ) ;
#7328 = LINE ( 'NONE', #7958, #683 ) ;
#7329 = CARTESIAN_POINT ( 'NONE',  ( 8.999999999999998224, 0.0000000000000000000, -8.250000000000000000 ) ) ;
#7330 = EDGE_CURVE ( 'NONE', #2384, #2820, #4818, .T. ) ;
#7331 = EDGE_CURVE ( 'NONE', #872, #6068, #1039, .T. ) ;
#7332 = STYLED_ITEM ( 'NONE', ( #3051 ), #1284 ) ;
#7333 = ORIENTED_EDGE ( 'NONE', *, *, #2485, .T. ) ;
#7334 = SURFACE_STYLE_USAGE ( .BOTH. , #4773 ) ;
#7335 = CARTESIAN_POINT ( 'NONE',  ( -5.899999999999999467, 12.00000000000000000, -9.050000000000000711 ) ) ;
#7336 = DIRECTION ( 'NONE',  ( -1.000000000000000000, 0.0000000000000000000, 0.0000000000000000000 ) ) ;
#7337 = DIRECTION ( 'NONE',  ( 0.0000000000000000000, -1.000000000000000000, 0.0000000000000000000 ) ) ;
#7338 = FILL_AREA_STYLE_COLOUR ( '', #2491 ) ;
#7339 = PRESENTATION_STYLE_ASSIGNMENT (( #2296 ) ) ;
#7340 = ORIENTED_EDGE ( 'NONE', *, *, #4047, .T. ) ;
#7341 = ORIENTED_EDGE ( 'NONE', *, *, #6736, .T. ) ;
#7342 = DIRECTION ( 'NONE',  ( 0.0000000000000000000, -0.0000000000000000000, 1.000000000000000000 ) ) ;
#7343 = CARTESIAN_POINT ( 'NONE',  ( 10.00000000000000000, 2.200000000000000178, 11.25000000000000000 ) ) ;
#7344 = ORIENTED_EDGE ( 'NONE', *, *, #3694, .F. ) ;
#7345 = DIRECTION ( 'NONE',  ( 0.0000000000000000000, 0.0000000000000000000, 1.000000000000000000 ) ) ;
#7346 = CARTESIAN_POINT ( 'NONE',  ( -12.74999999999999822, 7.200000000000000178, -12.95000000000000107 ) ) ;
#7347 = AXIS2_PLACEMENT_3D ( 'NONE', #6545, #6479, #1595 ) ;
#7348 =( NAMED_UNIT ( * ) PLANE_ANGLE_UNIT ( ) SI_UNIT ( $, .RADIAN. ) );
#7349 = VERTEX_POINT ( 'NONE', #94 ) ;
#7350 = COLOUR_RGB ( '',1.000000000000000000, 1.000000000000000000, 1.000000000000000000 ) ;
#7351 = DIRECTION ( 'NONE',  ( -3.854941057726238097E-16, 1.000000000000000000, 0.0000000000000000000 ) ) ;
#7352 = CYLINDRICAL_SURFACE ( 'NONE', #5249, 1.599999999999998979 ) ;
#7353 = AXIS2_PLACEMENT_3D ( 'NONE', #3145, #1884, #654 ) ;
#7354 = FILL_AREA_STYLE_COLOUR ( '', #2210 ) ;
#7355 = DIRECTION ( 'NONE',  ( -1.314184451497581752E-16, -1.000000000000000000, 0.0000000000000000000 ) ) ;
#7356 = AXIS2_PLACEMENT_3D ( 'NONE', #1665, #4129, #937 ) ;
#7357 = FILL_AREA_STYLE ('',( #528 ) ) ;
#7358 = PLANE ( 'NONE',  #5284 ) ;
#7359 = DIRECTION ( 'NONE',  ( -0.0000000000000000000, -0.0000000000000000000, -1.000000000000000000 ) ) ;
#7360 = ORIENTED_EDGE ( 'NONE', *, *, #6964, .T. ) ;
#7361 = CIRCLE ( 'NONE', #4460, 1.599999999999998979 ) ;
#7362 = EDGE_CURVE ( 'NONE', #6481, #5605, #2630, .T. ) ;
#7363 =( GEOMETRIC_REPRESENTATION_CONTEXT ( 3 ) GLOBAL_UNCERTAINTY_ASSIGNED_CONTEXT ( ( #1678 ) ) GLOBAL_UNIT_ASSIGNED_CONTEXT ( ( #2346, #6875, #6920 ) ) REPRESENTATION_CONTEXT ( 'NONE', 'WORKASPACE' ) );
#7364 = CIRCLE ( 'NONE', #5896, 1.000000000000000888 ) ;
#7365 = DIRECTION ( 'NONE',  ( 1.000000000000000000, 0.0000000000000000000, 0.0000000000000000000 ) ) ;
#7366 = LINE ( 'NONE', #6092, #3683 ) ;
#7367 = EDGE_CURVE ( 'NONE', #7741, #1774, #5651, .T. ) ;
#7368 = DIRECTION ( 'NONE',  ( 0.0000000000000000000, 0.0000000000000000000, 1.000000000000000000 ) ) ;
#7369 = CARTESIAN_POINT ( 'NONE',  ( 12.59999999999999787, 6.000000000000000000, -9.550000000000004263 ) ) ;
#7370 = UNCERTAINTY_MEASURE_WITH_UNIT (LENGTH_MEASURE( 1.000000000000000082E-05 ), #3957, 'distance_accuracy_value', 'NONE');
#7371 =( LENGTH_UNIT ( ) NAMED_UNIT ( * ) SI_UNIT ( .MILLI., .METRE. ) );
#7372 = AXIS2_PLACEMENT_3D ( 'NONE', #5803, #3996, #4620 ) ;
#7373 = CIRCLE ( 'NONE', #2876, 1.499999999999999556 ) ;
#7374 = EDGE_LOOP ( 'NONE', ( #3003, #444, #7918, #7713 ) ) ;
#7375 = DIRECTION ( 'NONE',  ( 1.000000000000000000, -0.0000000000000000000, -0.0000000000000000000 ) ) ;
#7376 = VECTOR ( 'NONE', #1911, 1000.000000000000000 ) ;
#7377 = CARTESIAN_POINT ( 'NONE',  ( -4.000000000000000888, 0.9921485132883310909, 12.60000000000000142 ) ) ;
#7378 = EDGE_CURVE ( 'NONE', #3169, #2406, #3739, .T. ) ;
#7379 = PRESENTATION_STYLE_ASSIGNMENT (( #3575 ) ) ;
#7380 = VECTOR ( 'NONE', #2413, 1000.000000000000000 ) ;
#7381 = DIRECTION ( 'NONE',  ( -0.0000000000000000000, -1.000000000000000000, -0.0000000000000000000 ) ) ;
#7382 = LINE ( 'NONE', #2910, #412 ) ;
#7383 = UNCERTAINTY_MEASURE_WITH_UNIT (LENGTH_MEASURE( 1.000000000000000082E-05 ), #6506, 'distance_accuracy_value', 'NONE');
#7384 = VERTEX_POINT ( 'NONE', #5609 ) ;
#7385 = AXIS2_PLACEMENT_3D ( 'NONE', #7285, #6093, #4145 ) ;
#7386 =( GEOMETRIC_REPRESENTATION_CONTEXT ( 3 ) GLOBAL_UNCERTAINTY_ASSIGNED_CONTEXT ( ( #1359 ) ) GLOBAL_UNIT_ASSIGNED_CONTEXT ( ( #1184, #2401, #3202 ) ) REPRESENTATION_CONTEXT ( 'NONE', 'WORKASPACE' ) );
#7387 = VECTOR ( 'NONE', #2982, 1000.000000000000000 ) ;
#7388 = CARTESIAN_POINT ( 'NONE',  ( -9.000000000000001776, 0.0000000000000000000, -8.250000000000000000 ) ) ;
#7389 = SURFACE_STYLE_FILL_AREA ( #2220 ) ;
#7390 = PLANE ( 'NONE',  #4022 ) ;
#7391 = EDGE_LOOP ( 'NONE', ( #1603, #318, #4482, #1281 ) ) ;
#7392 = EDGE_CURVE ( 'NONE', #7961, #899, #1365, .T. ) ;
#7393 = DIRECTION ( 'NONE',  ( 1.000000000000000000, -0.0000000000000000000, 0.0000000000000000000 ) ) ;
#7394 = DIRECTION ( 'NONE',  ( 0.0000000000000000000, -1.000000000000000000, 0.0000000000000000000 ) ) ;
#7395 = AXIS2_PLACEMENT_3D ( 'NONE', #5535, #7590, #1949 ) ;
#7396 = AXIS2_PLACEMENT_3D ( 'NONE', #6603, #7839, #7198 ) ;
#7397 = ORIENTED_EDGE ( 'NONE', *, *, #5735, .T. ) ;
#7398 =( GEOMETRIC_REPRESENTATION_CONTEXT ( 3 ) GLOBAL_UNCERTAINTY_ASSIGNED_CONTEXT ( ( #3157 ) ) GLOBAL_UNIT_ASSIGNED_CONTEXT ( ( #3054, #364, #5494 ) ) REPRESENTATION_CONTEXT ( 'NONE', 'WORKASPACE' ) );
#7399 = PLANE ( 'NONE',  #5422 ) ;
#7400 = CARTESIAN_POINT ( 'NONE',  ( 0.0000000000000000000, -4.000000000000000000, 11.59999999999999964 ) ) ;
#7401 = COLOUR_RGB ( '',0.1019607843137254888, 0.1019607843137254888, 0.1019607843137254888 ) ;
#7402 = LINE ( 'NONE', #4330, #1043 ) ;
#7403 = FILL_AREA_STYLE_COLOUR ( '', #4537 ) ;
#7404 = DIRECTION ( 'NONE',  ( 0.0000000000000000000, 0.0000000000000000000, 1.000000000000000000 ) ) ;
#7405 = DIRECTION ( 'NONE',  ( 1.000000000000000000, 0.0000000000000000000, 0.0000000000000000000 ) ) ;
#7406 = DIRECTION ( 'NONE',  ( 1.000000000000000000, 0.0000000000000000000, 0.0000000000000000000 ) ) ;
#7407 = VERTEX_POINT ( 'NONE', #7622 ) ;
#7408 = VECTOR ( 'NONE', #3462, 1000.000000000000000 ) ;
#7409 = PRESENTATION_STYLE_ASSIGNMENT (( #1674 ) ) ;
#7410 = VECTOR ( 'NONE', #5178, 1000.000000000000000 ) ;
#7411 = SURFACE_STYLE_FILL_AREA ( #3814 ) ;
#7412 = DIRECTION ( 'NONE',  ( -0.0000000000000000000, -0.0000000000000000000, 1.000000000000000000 ) ) ;
#7413 = CARTESIAN_POINT ( 'NONE',  ( 3.750000000000000000, 15.75000000000000355, -12.95000000000000107 ) ) ;
#7414 =( GEOMETRIC_REPRESENTATION_CONTEXT ( 3 ) GLOBAL_UNCERTAINTY_ASSIGNED_CONTEXT ( ( #6274 ) ) GLOBAL_UNIT_ASSIGNED_CONTEXT ( ( #976, #3369, #2697 ) ) REPRESENTATION_CONTEXT ( 'NONE', 'WORKASPACE' ) );
#7415 = ORIENTED_EDGE ( 'NONE', *, *, #906, .T. ) ;
#7416 = ORIENTED_EDGE ( 'NONE', *, *, #2569, .T. ) ;
#7417 = EDGE_CURVE ( 'NONE', #3364, #7071, #3779, .T. ) ;
#7418 = CARTESIAN_POINT ( 'NONE',  ( 5.000000000000000000, -4.000000000000000000, 10.90000000000000036 ) ) ;
#7419 = CARTESIAN_POINT ( 'NONE',  ( -5.000000000000000000, 2.200000000000000178, -11.25000000000000000 ) ) ;
#7420 = FILL_AREA_STYLE ('',( #2539 ) ) ;
#7421 = CARTESIAN_POINT ( 'NONE',  ( -8.999999999999998224, 15.00000000000000000, 9.050000000000000711 ) ) ;
#7422 = FILL_AREA_STYLE ('',( #4272 ) ) ;
#7423 = ORIENTED_EDGE ( 'NONE', *, *, #6648, .T. ) ;
#7424 = CLOSED_SHELL ( 'NONE', ( #1737, #6242, #4604, #7829, #4150, #3540, #5534, #7787, #533, #5237, #6399, #932, #7758, #1284, #4613, #8071, #8142, #5845 ) ) ;
#7425 = EDGE_CURVE ( 'NONE', #7797, #3279, #3862, .T. ) ;
#7426 = SURFACE_STYLE_FILL_AREA ( #3583 ) ;
#7427 = EDGE_LOOP ( 'NONE', ( #3761, #202 ) ) ;
#7428 =( LENGTH_UNIT ( ) NAMED_UNIT ( * ) SI_UNIT ( .MILLI., .METRE. ) );
#7429 = LINE ( 'NONE', #7588, #5512 ) ;
#7430 = FACE_OUTER_BOUND ( 'NONE', #7391, .T. ) ;
#7431 = FILL_AREA_STYLE ('',( #3137 ) ) ;
#7432 = CARTESIAN_POINT ( 'NONE',  ( 5.700000000000000178, 8.150000000000011013, -9.550000000000000711 ) ) ;
#7433 = PRESENTATION_LAYER_ASSIGNMENT (  '', '', ( #4130 ) ) ;
#7434 = DIRECTION ( 'NONE',  ( -1.000000000000000000, 0.0000000000000000000, -0.0000000000000000000 ) ) ;
#7435 = ADVANCED_FACE ( 'NONE', ( #6320 ), #6189, .F. ) ;
#7436 = DIRECTION ( 'NONE',  ( 0.0000000000000000000, -0.0000000000000000000, -1.000000000000000000 ) ) ;
#7437 = EDGE_CURVE ( 'NONE', #3242, #3122, #4440, .T. ) ;
#7438 = STYLED_ITEM ( 'NONE', ( #659 ), #146 ) ;
#7439 = LINE ( 'NONE', #2971, #6663 ) ;
#7440 = COLOUR_RGB ( '',0.1019607843137254888, 0.1019607843137254888, 0.1019607843137254888 ) ;
#7441 =( NAMED_UNIT ( * ) PLANE_ANGLE_UNIT ( ) SI_UNIT ( $, .RADIAN. ) );
#7442 = FILL_AREA_STYLE_COLOUR ( '', #433 ) ;
#7443 = CARTESIAN_POINT ( 'NONE',  ( -12.60000000000000142, 2.200000000000000178, -12.09999999999999609 ) ) ;
#7444 = ORIENTED_EDGE ( 'NONE', *, *, #2979, .F. ) ;
#7445 =( NAMED_UNIT ( * ) PLANE_ANGLE_UNIT ( ) SI_UNIT ( $, .RADIAN. ) );
#7446 = FILL_AREA_STYLE_COLOUR ( '', #3397 ) ;
#7447 = AXIS2_PLACEMENT_3D ( 'NONE', #7984, #5966, #1706 ) ;
#7448 = ORIENTED_EDGE ( 'NONE', *, *, #586, .T. ) ;
#7449 = STYLED_ITEM ( 'NONE', ( #7598 ), #378 ) ;
#7450 = FACE_OUTER_BOUND ( 'NONE', #7427, .T. ) ;
#7451 = FILL_AREA_STYLE ('',( #4908 ) ) ;
#7452 = VECTOR ( 'NONE', #5369, 1000.000000000000000 ) ;
#7453 = PRESENTATION_STYLE_ASSIGNMENT (( #1144 ) ) ;
#7454 = SURFACE_SIDE_STYLE ('',( #3565 ) ) ;
#7455 =( GEOMETRIC_REPRESENTATION_CONTEXT ( 3 ) GLOBAL_UNCERTAINTY_ASSIGNED_CONTEXT ( ( #152 ) ) GLOBAL_UNIT_ASSIGNED_CONTEXT ( ( #1933, #3736, #711 ) ) REPRESENTATION_CONTEXT ( 'NONE', 'WORKASPACE' ) );
#7456 = UNCERTAINTY_MEASURE_WITH_UNIT (LENGTH_MEASURE( 1.000000000000000082E-05 ), #243, 'distance_accuracy_value', 'NONE');
#7457 = SURFACE_STYLE_FILL_AREA ( #3120 ) ;
#7458 = AXIS2_PLACEMENT_3D ( 'NONE', #6555, #7123, #5254 ) ;
#7459 = ORIENTED_EDGE ( 'NONE', *, *, #7425, .T. ) ;
#7460 = ORIENTED_EDGE ( 'NONE', *, *, #6736, .F. ) ;
#7461 = SURFACE_STYLE_USAGE ( .BOTH. , #2325 ) ;
#7462 = COLOUR_RGB ( '',0.1019607843137254888, 0.1019607843137254888, 0.1019607843137254888 ) ;
#7463 = DIRECTION ( 'NONE',  ( -0.0000000000000000000, 1.000000000000000000, -0.0000000000000000000 ) ) ;
#7464 = FACE_OUTER_BOUND ( 'NONE', #68, .T. ) ;
#7465 = DIRECTION ( 'NONE',  ( 0.0000000000000000000, -0.0000000000000000000, -1.000000000000000000 ) ) ;
#7466 = UNCERTAINTY_MEASURE_WITH_UNIT (LENGTH_MEASURE( 1.000000000000000082E-05 ), #6187, 'distance_accuracy_value', 'NONE');
#7467 = ORIENTED_EDGE ( 'NONE', *, *, #2120, .T. ) ;
#7468 = ORIENTED_EDGE ( 'NONE', *, *, #4097, .F. ) ;
#7469 = PRESENTATION_STYLE_ASSIGNMENT (( #5487 ) ) ;
#7470 = CARTESIAN_POINT ( 'NONE',  ( -6.349999999999998757, 12.55000000000000249, -8.250000000000000000 ) ) ;
#7471 =( LENGTH_UNIT ( ) NAMED_UNIT ( * ) SI_UNIT ( .MILLI., .METRE. ) );
#7472 = VERTEX_POINT ( 'NONE', #714 ) ;
#7473 = FACE_OUTER_BOUND ( 'NONE', #6989, .T. ) ;
#7474 =( LENGTH_UNIT ( ) NAMED_UNIT ( * ) SI_UNIT ( .MILLI., .METRE. ) );
#7475 = ADVANCED_FACE ( 'NONE', ( #5691 ), #5087, .F. ) ;
#7476 = MECHANICAL_DESIGN_GEOMETRIC_PRESENTATION_REPRESENTATION (  '', ( #5215 ), #5595 ) ;
#7477 = DIRECTION ( 'NONE',  ( 0.0000000000000000000, -1.000000000000000000, 0.0000000000000000000 ) ) ;
#7478 =( NAMED_UNIT ( * ) SI_UNIT ( $, .STERADIAN. ) SOLID_ANGLE_UNIT ( ) );
#7479 = DIRECTION ( 'NONE',  ( 1.000000000000000000, 0.0000000000000000000, -0.0000000000000000000 ) ) ;
#7480 = CARTESIAN_POINT ( 'NONE',  ( -4.000000000000000888, 2.200000000000000622, -9.050000000000000711 ) ) ;
#7481 = VERTEX_POINT ( 'NONE', #2709 ) ;
#7482 = CARTESIAN_POINT ( 'NONE',  ( 0.0000000000000000000, 0.0000000000000000000, -9.550000000000000711 ) ) ;
#7483 = AXIS2_PLACEMENT_3D ( 'NONE', #7911, #5400, #7279 ) ;
#7484 = EDGE_CURVE ( 'NONE', #2384, #5440, #7879, .T. ) ;
#7485 = EDGE_CURVE ( 'NONE', #3774, #2367, #678, .T. ) ;
#7486 = ORIENTED_EDGE ( 'NONE', *, *, #3738, .T. ) ;
#7487 = DIRECTION ( 'NONE',  ( -0.0000000000000000000, -0.0000000000000000000, -1.000000000000000000 ) ) ;
#7488 = SURFACE_STYLE_FILL_AREA ( #1889 ) ;
#7489 = EDGE_CURVE ( 'NONE', #8, #2052, #3908, .T. ) ;
#7490 = ORIENTED_EDGE ( 'NONE', *, *, #3528, .F. ) ;
#7491 = SURFACE_STYLE_USAGE ( .BOTH. , #5680 ) ;
#7492 =( GEOMETRIC_REPRESENTATION_CONTEXT ( 3 ) GLOBAL_UNCERTAINTY_ASSIGNED_CONTEXT ( ( #2754 ) ) GLOBAL_UNIT_ASSIGNED_CONTEXT ( ( #7139, #1468, #5991 ) ) REPRESENTATION_CONTEXT ( 'NONE', 'WORKASPACE' ) );
#7493 = PRESENTATION_STYLE_ASSIGNMENT (( #1800 ) ) ;
#7494 = LINE ( 'NONE', #3246, #7565 ) ;
#7495 =( LENGTH_UNIT ( ) NAMED_UNIT ( * ) SI_UNIT ( .MILLI., .METRE. ) );
#7496 = VECTOR ( 'NONE', #6957, 1000.000000000000000 ) ;
#7497 = ORIENTED_EDGE ( 'NONE', *, *, #730, .F. ) ;
#7498 = ORIENTED_EDGE ( 'NONE', *, *, #7058, .F. ) ;
#7499 = CARTESIAN_POINT ( 'NONE',  ( -5.000000000000000000, -4.000000000000000000, -11.25000000000000000 ) ) ;
#7500 = DIRECTION ( 'NONE',  ( 0.0000000000000000000, 1.000000000000000000, -0.0000000000000000000 ) ) ;
#7501 = CARTESIAN_POINT ( 'NONE',  ( -6.349999999999977440, 15.75000000000000355, 8.199999999999997513 ) ) ;
#7502 = VECTOR ( 'NONE', #7381, 1000.000000000000000 ) ;
#7503 = DIRECTION ( 'NONE',  ( -0.0000000000000000000, -0.0000000000000000000, -1.000000000000000000 ) ) ;
#7504 =( LENGTH_UNIT ( ) NAMED_UNIT ( * ) SI_UNIT ( .MILLI., .METRE. ) );
#7505 = SURFACE_STYLE_FILL_AREA ( #5654 ) ;
#7506 = ORIENTED_EDGE ( 'NONE', *, *, #2310, .T. ) ;
#7507 = LINE ( 'NONE', #6239, #4052 ) ;
#7508 = ORIENTED_EDGE ( 'NONE', *, *, #3598, .F. ) ;
#7509 = STYLED_ITEM ( 'NONE', ( #5693 ), #2870 ) ;
#7510 = PRESENTATION_STYLE_ASSIGNMENT (( #2592 ) ) ;
#7511 = DIRECTION ( 'NONE',  ( 1.000000000000000000, 0.0000000000000000000, 0.0000000000000000000 ) ) ;
#7512 = VECTOR ( 'NONE', #7889, 1000.000000000000000 ) ;
#7513 = MECHANICAL_DESIGN_GEOMETRIC_PRESENTATION_REPRESENTATION (  '', ( #6976 ), #547 ) ;
#7514 = SURFACE_STYLE_FILL_AREA ( #6827 ) ;
#7515 = ORIENTED_EDGE ( 'NONE', *, *, #6389, .F. ) ;
#7516 = DIRECTION ( 'NONE',  ( 0.0000000000000000000, 1.000000000000000000, 0.0000000000000000000 ) ) ;
#7517 = LINE ( 'NONE', #6829, #5618 ) ;
#7518 = DIRECTION ( 'NONE',  ( -0.0000000000000000000, -1.000000000000000000, -0.0000000000000000000 ) ) ;
#7519 = DIRECTION ( 'NONE',  ( -0.0000000000000000000, -1.000000000000000000, -0.0000000000000000000 ) ) ;
#7520 = SURFACE_STYLE_USAGE ( .BOTH. , #1779 ) ;
#7521 = PRESENTATION_LAYER_ASSIGNMENT (  '', '', ( #4479 ) ) ;
#7522 = AXIS2_PLACEMENT_3D ( 'NONE', #416, #988, #6051 ) ;
#7523 = VECTOR ( 'NONE', #208, 999.9999999999998863 ) ;
#7524 = DIRECTION ( 'NONE',  ( 0.0000000000000000000, 0.0000000000000000000, -1.000000000000000000 ) ) ;
#7525 = ORIENTED_EDGE ( 'NONE', *, *, #3012, .T. ) ;
#7526 = LINE ( 'NONE', #1877, #6800 ) ;
#7527 = DIRECTION ( 'NONE',  ( 0.0000000000000000000, 0.0000000000000000000, -1.000000000000000000 ) ) ;
#7528 = VECTOR ( 'NONE', #3053, 1000.000000000000000 ) ;
#7529 = DIRECTION ( 'NONE',  ( 0.3739683354969405293, 0.9274414720324122285, 0.0000000000000000000 ) ) ;
#7530 = EDGE_CURVE ( 'NONE', #3249, #1627, #338, .T. ) ;
#7531 = ORIENTED_EDGE ( 'NONE', *, *, #1688, .F. ) ;
#7532 = CARTESIAN_POINT ( 'NONE',  ( -12.10000000000000142, 6.000000000000000000, -9.050000000000000711 ) ) ;
#7533 = STYLED_ITEM ( 'NONE', ( #1319 ), #7751 ) ;
#7534 = VECTOR ( 'NONE', #7111, 1000.000000000000000 ) ;
#7535 = ORIENTED_EDGE ( 'NONE', *, *, #1323, .F. ) ;
#7536 =( GEOMETRIC_REPRESENTATION_CONTEXT ( 3 ) GLOBAL_UNCERTAINTY_ASSIGNED_CONTEXT ( ( #3911 ) ) GLOBAL_UNIT_ASSIGNED_CONTEXT ( ( #1019, #4792, #1748 ) ) REPRESENTATION_CONTEXT ( 'NONE', 'WORKASPACE' ) );
#7537 = MECHANICAL_DESIGN_GEOMETRIC_PRESENTATION_REPRESENTATION (  '', ( #1081 ), #1734 ) ;
#7538 =( LENGTH_UNIT ( ) NAMED_UNIT ( * ) SI_UNIT ( .MILLI., .METRE. ) );
#7539 = CIRCLE ( 'NONE', #7935, 0.3499999999999996447 ) ;
#7540 = SURFACE_STYLE_USAGE ( .BOTH. , #5003 ) ;
#7541 = ORIENTED_EDGE ( 'NONE', *, *, #8029, .T. ) ;
#7542 = CARTESIAN_POINT ( 'NONE',  ( -5.800000000000000711, 10.34999999999998899, 8.199999999999997513 ) ) ;
#7543 = SURFACE_STYLE_USAGE ( .BOTH. , #8117 ) ;
#7544 = UNCERTAINTY_MEASURE_WITH_UNIT (LENGTH_MEASURE( 1.000000000000000082E-05 ), #5164, 'distance_accuracy_value', 'NONE');
#7545 = SURFACE_STYLE_USAGE ( .BOTH. , #5125 ) ;
#7546 = VECTOR ( 'NONE', #465, 1000.000000000000000 ) ;
#7547 = VERTEX_POINT ( 'NONE', #6448 ) ;
#7548 = ADVANCED_FACE ( 'NONE', ( #2823 ), #880, .F. ) ;
#7549 = ORIENTED_EDGE ( 'NONE', *, *, #5973, .T. ) ;
#7550 =( NAMED_UNIT ( * ) PLANE_ANGLE_UNIT ( ) SI_UNIT ( $, .RADIAN. ) );
#7551 = UNCERTAINTY_MEASURE_WITH_UNIT (LENGTH_MEASURE( 1.000000000000000082E-05 ), #2211, 'distance_accuracy_value', 'NONE');
#7552 = VERTEX_POINT ( 'NONE', #2360 ) ;
#7553 = DIRECTION ( 'NONE',  ( 1.000000000000000000, 0.0000000000000000000, 0.0000000000000000000 ) ) ;
#7554 = EDGE_LOOP ( 'NONE', ( #7448, #3992, #5837, #3879 ) ) ;
#7555 = LINE ( 'NONE', #1326, #5275 ) ;
#7556 = ORIENTED_EDGE ( 'NONE', *, *, #3488, .T. ) ;
#7557 = DIRECTION ( 'NONE',  ( 0.0000000000000000000, 1.000000000000000000, 0.0000000000000000000 ) ) ;
#7558 = CARTESIAN_POINT ( 'NONE',  ( -4.000000000000000888, 2.200000000000000622, 12.60000000000000142 ) ) ;
#7559 =( NAMED_UNIT ( * ) SI_UNIT ( $, .STERADIAN. ) SOLID_ANGLE_UNIT ( ) );
#7560 = PLANE ( 'NONE',  #1922 ) ;
#7561 = ORIENTED_EDGE ( 'NONE', *, *, #7845, .T. ) ;
#7562 = FILL_AREA_STYLE_COLOUR ( '', #6622 ) ;
#7563 = FILL_AREA_STYLE_COLOUR ( '', #6568 ) ;
#7564 = EDGE_LOOP ( 'NONE', ( #5120, #6910, #7818, #7256 ) ) ;
#7565 = VECTOR ( 'NONE', #2576, 1000.000000000000000 ) ;
#7566 = FILL_AREA_STYLE ('',( #3015 ) ) ;
#7567 = ORIENTED_EDGE ( 'NONE', *, *, #4151, .T. ) ;
#7568 = DIRECTION ( 'NONE',  ( 0.0000000000000000000, -0.0000000000000000000, -1.000000000000000000 ) ) ;
#7569 = PRESENTATION_LAYER_ASSIGNMENT (  '', '', ( #4666 ) ) ;
#7570 = EDGE_CURVE ( 'NONE', #7152, #2028, #3643, .T. ) ;
#7571 = DIRECTION ( 'NONE',  ( -0.0000000000000000000, 1.000000000000000000, -0.0000000000000000000 ) ) ;
#7572 = VECTOR ( 'NONE', #6658, 1000.000000000000000 ) ;
#7573 = DIRECTION ( 'NONE',  ( 0.0000000000000000000, 0.0000000000000000000, 1.000000000000000000 ) ) ;
#7574 =( LENGTH_UNIT ( ) NAMED_UNIT ( * ) SI_UNIT ( .MILLI., .METRE. ) );
#7575 = FACE_OUTER_BOUND ( 'NONE', #7320, .T. ) ;
#7576 = AXIS2_PLACEMENT_3D ( 'NONE', #2991, #7964, #425 ) ;
#7577 = ORIENTED_EDGE ( 'NONE', *, *, #5341, .T. ) ;
#7578 = EDGE_LOOP ( 'NONE', ( #6065, #1621, #2404, #4239 ) ) ;
#7579 = DIRECTION ( 'NONE',  ( -0.0000000000000000000, -0.0000000000000000000, 1.000000000000000000 ) ) ;
#7580 = AXIS2_PLACEMENT_3D ( 'NONE', #218, #2059, #1522 ) ;
#7581 = EDGE_CURVE ( 'NONE', #5408, #4785, #5914, .T. ) ;
#7582 = COLOUR_RGB ( '',0.1019607843137254888, 0.1019607843137254888, 0.1019607843137254888 ) ;
#7583 = ADVANCED_FACE ( 'NONE', ( #5434 ), #4804, .F. ) ;
#7584 =( NAMED_UNIT ( * ) SI_UNIT ( $, .STERADIAN. ) SOLID_ANGLE_UNIT ( ) );
#7585 = VERTEX_POINT ( 'NONE', #6134 ) ;
#7586 = CARTESIAN_POINT ( 'NONE',  ( 7.999999999999996447, 13.99999999999999822, -8.250000000000000000 ) ) ;
#7587 = MECHANICAL_DESIGN_GEOMETRIC_PRESENTATION_REPRESENTATION (  '', ( #5851 ), #8125 ) ;
#7588 = CARTESIAN_POINT ( 'NONE',  ( -9.000000000000001776, 13.99999999999999822, -9.050000000000000711 ) ) ;
#7589 = CARTESIAN_POINT ( 'NONE',  ( -9.000000000000001776, 6.000000000000000000, -9.050000000000000711 ) ) ;
#7590 = DIRECTION ( 'NONE',  ( 1.000000000000000000, 0.0000000000000000000, 0.0000000000000000000 ) ) ;
#7591 = PLANE ( 'NONE',  #660 ) ;
#7592 = DIRECTION ( 'NONE',  ( 0.0000000000000000000, -1.000000000000000000, 0.0000000000000000000 ) ) ;
#7593 = LINE ( 'NONE', #6960, #2762 ) ;
#7594 = CIRCLE ( 'NONE', #1799, 0.3499999999999996447 ) ;
#7595 = DIRECTION ( 'NONE',  ( -0.0000000000000000000, -0.0000000000000000000, 1.000000000000000000 ) ) ;
#7596 = ORIENTED_EDGE ( 'NONE', *, *, #4946, .T. ) ;
#7597 = CARTESIAN_POINT ( 'NONE',  ( -8.999999999999998224, 15.00000000000000000, 9.050000000000000711 ) ) ;
#7598 = PRESENTATION_STYLE_ASSIGNMENT (( #4939 ) ) ;
#7599 = DIRECTION ( 'NONE',  ( 0.0000000000000000000, -0.0000000000000000000, 1.000000000000000000 ) ) ;
#7600 = CARTESIAN_POINT ( 'NONE',  ( -5.000000000000000000, 2.200000000000000178, -10.90000000000000036 ) ) ;
#7601 = ORIENTED_EDGE ( 'NONE', *, *, #7122, .F. ) ;
#7602 = DIRECTION ( 'NONE',  ( 0.0000000000000000000, 0.0000000000000000000, 1.000000000000000000 ) ) ;
#7603 =( LENGTH_UNIT ( ) NAMED_UNIT ( * ) SI_UNIT ( .MILLI., .METRE. ) );
#7604 = VERTEX_POINT ( 'NONE', #2857 ) ;
#7605 =( LENGTH_UNIT ( ) NAMED_UNIT ( * ) SI_UNIT ( .MILLI., .METRE. ) );
#7606 =( GEOMETRIC_REPRESENTATION_CONTEXT ( 3 ) GLOBAL_UNCERTAINTY_ASSIGNED_CONTEXT ( ( #7197 ) ) GLOBAL_UNIT_ASSIGNED_CONTEXT ( ( #1103, #1029, #2363 ) ) REPRESENTATION_CONTEXT ( 'NONE', 'WORKASPACE' ) );
#7607 = CARTESIAN_POINT ( 'NONE',  ( -6.000000000000000000, 2.200000000000000622, 12.60000000000000142 ) ) ;
#7608 = PRESENTATION_STYLE_ASSIGNMENT (( #4475 ) ) ;
#7609 = EDGE_CURVE ( 'NONE', #2406, #5026, #7366, .T. ) ;
#7610 = LINE ( 'NONE', #3025, #4617 ) ;
#7611 = ORIENTED_EDGE ( 'NONE', *, *, #7645, .F. ) ;
#7612 =( GEOMETRIC_REPRESENTATION_CONTEXT ( 3 ) GLOBAL_UNCERTAINTY_ASSIGNED_CONTEXT ( ( #7135 ) ) GLOBAL_UNIT_ASSIGNED_CONTEXT ( ( #6666, #1791, #4133 ) ) REPRESENTATION_CONTEXT ( 'NONE', 'WORKASPACE' ) );
#7613 = DIRECTION ( 'NONE',  ( 0.0000000000000000000, 0.0000000000000000000, -1.000000000000000000 ) ) ;
#7614 = UNCERTAINTY_MEASURE_WITH_UNIT (LENGTH_MEASURE( 1.000000000000000082E-05 ), #670, 'distance_accuracy_value', 'NONE');
#7615 =( NAMED_UNIT ( * ) PLANE_ANGLE_UNIT ( ) SI_UNIT ( $, .RADIAN. ) );
#7616 =( GEOMETRIC_REPRESENTATION_CONTEXT ( 3 ) GLOBAL_UNCERTAINTY_ASSIGNED_CONTEXT ( ( #222 ) ) GLOBAL_UNIT_ASSIGNED_CONTEXT ( ( #59, #1864, #6821 ) ) REPRESENTATION_CONTEXT ( 'NONE', 'WORKASPACE' ) );
#7617 = EDGE_LOOP ( 'NONE', ( #2224, #2199, #725, #1638 ) ) ;
#7618 = VERTEX_POINT ( 'NONE', #1716 ) ;
#7619 = STYLED_ITEM ( 'NONE', ( #4591 ), #1843 ) ;
#7620 = PRESENTATION_STYLE_ASSIGNMENT (( #4359 ) ) ;
#7621 = ADVANCED_FACE ( 'NONE', ( #4226 ), #373, .T. ) ;
#7622 = CARTESIAN_POINT ( 'NONE',  ( -6.149999999999997691, 12.75000000000000355, -8.250000000000000000 ) ) ;
#7623 = SURFACE_STYLE_FILL_AREA ( #5088 ) ;
#7624 = LINE ( 'NONE', #4487, #4555 ) ;
#7625 = UNCERTAINTY_MEASURE_WITH_UNIT (LENGTH_MEASURE( 1.000000000000000082E-05 ), #4852, 'distance_accuracy_value', 'NONE');
#7626 = PLANE ( 'NONE',  #4865 ) ;
#7627 = ORIENTED_EDGE ( 'NONE', *, *, #1521, .F. ) ;
#7628 = AXIS2_PLACEMENT_3D ( 'NONE', #3465, #1126, #5456 ) ;
#7629 = CYLINDRICAL_SURFACE ( 'NONE', #1853, 1.500000000000000444 ) ;
#7630 = ADVANCED_FACE ( 'NONE', ( #4910 ), #4389, .F. ) ;
#7631 = STYLED_ITEM ( 'NONE', ( #2454 ), #2535 ) ;
#7632 =( NAMED_UNIT ( * ) SI_UNIT ( $, .STERADIAN. ) SOLID_ANGLE_UNIT ( ) );
#7633 = LINE ( 'NONE', #8094, #3316 ) ;
#7634 = LINE ( 'NONE', #1992, #38 ) ;
#7635 = AXIS2_PLACEMENT_3D ( 'NONE', #4928, #5572, #7342 ) ;
#7636 = CARTESIAN_POINT ( 'NONE',  ( 9.000000000000001776, 15.00000000000000000, 8.250000000000000000 ) ) ;
#7637 = FACE_OUTER_BOUND ( 'NONE', #3294, .T. ) ;
#7638 = UNCERTAINTY_MEASURE_WITH_UNIT (LENGTH_MEASURE( 1.000000000000000082E-05 ), #2844, 'distance_accuracy_value', 'NONE');
#7639 = ORIENTED_EDGE ( 'NONE', *, *, #4514, .T. ) ;
#7640 = PRESENTATION_LAYER_ASSIGNMENT (  '', '', ( #4070 ) ) ;
#7641 = CYLINDRICAL_SURFACE ( 'NONE', #3421, 1.499999999999999556 ) ;
#7642 = EDGE_LOOP ( 'NONE', ( #2626, #3876 ) ) ;
#7643 = AXIS2_PLACEMENT_3D ( 'NONE', #4116, #3456, #1573 ) ;
#7644 = COLOUR_RGB ( '',0.6666666666666666297, 0.6980392156862744724, 0.7686274509803920907 ) ;
#7645 = EDGE_CURVE ( 'NONE', #1462, #1041, #4616, .T. ) ;
#7646 = ADVANCED_FACE ( 'NONE', ( #3155 ), #2447, .T. ) ;
#7647 = DIRECTION ( 'NONE',  ( 0.0000000000000000000, 1.000000000000000000, 0.0000000000000000000 ) ) ;
#7648 = PRESENTATION_STYLE_ASSIGNMENT (( #7175 ) ) ;
#7649 = ORIENTED_EDGE ( 'NONE', *, *, #6801, .T. ) ;
#7650 = VECTOR ( 'NONE', #6236, 1000.000000000000000 ) ;
#7651 = PRESENTATION_LAYER_ASSIGNMENT (  '', '', ( #6149 ) ) ;
#7652 = ORIENTED_EDGE ( 'NONE', *, *, #5687, .T. ) ;
#7653 = CARTESIAN_POINT ( 'NONE',  ( 5.000000000000000000, -4.000000000000000000, 11.25000000000000000 ) ) ;
#7654 = PRESENTATION_LAYER_ASSIGNMENT (  '', '', ( #3966 ) ) ;
#7655 = DIRECTION ( 'NONE',  ( 0.0000000000000000000, -0.0000000000000000000, -1.000000000000000000 ) ) ;
#7656 = COLOUR_RGB ( '',0.2980392156862745057, 0.2980392156862745057, 0.2980392156862745057 ) ;
#7657 = AXIS2_PLACEMENT_3D ( 'NONE', #3564, #954, #3449 ) ;
#7658 = FILL_AREA_STYLE ('',( #79 ) ) ;
#7659 = CARTESIAN_POINT ( 'NONE',  ( -12.75000000000000178, 15.75000000000000000, 12.95000000000000107 ) ) ;
#7660 = FACE_OUTER_BOUND ( 'NONE', #7261, .T. ) ;
#7661 = PRESENTATION_LAYER_ASSIGNMENT (  '', '', ( #4490 ) ) ;
#7662 = CARTESIAN_POINT ( 'NONE',  ( 10.00000000000000000, -4.000000000000000000, 11.59999999999999964 ) ) ;
#7663 = AXIS2_PLACEMENT_3D ( 'NONE', #7763, #6903, #1277 ) ;
#7664 =( LENGTH_UNIT ( ) NAMED_UNIT ( * ) SI_UNIT ( .MILLI., .METRE. ) );
#7665 = VECTOR ( 'NONE', #7592, 1000.000000000000000 ) ;
#7666 = ORIENTED_EDGE ( 'NONE', *, *, #6586, .F. ) ;
#7667 = EDGE_LOOP ( 'NONE', ( #5720, #562, #3112, #5552 ) ) ;
#7668 = DIRECTION ( 'NONE',  ( 0.0000000000000000000, 1.000000000000000000, 0.0000000000000000000 ) ) ;
#7669 = AXIS2_PLACEMENT_3D ( 'NONE', #5644, #130, #2623 ) ;
#7670 = DIRECTION ( 'NONE',  ( -1.000000000000000000, 0.0000000000000000000, 0.0000000000000000000 ) ) ;
#7671 = CARTESIAN_POINT ( 'NONE',  ( -9.000000000000001776, 6.500000000000000888, -9.050000000000000711 ) ) ;
#7672 = FILL_AREA_STYLE ('',( #7027 ) ) ;
#7673 = DIRECTION ( 'NONE',  ( 0.0000000000000000000, 0.0000000000000000000, -1.000000000000000000 ) ) ;
#7674 = VERTEX_POINT ( 'NONE', #1927 ) ;
#7675 = STYLED_ITEM ( 'NONE', ( #6019 ), #3796 ) ;
#7676 = EDGE_CURVE ( 'NONE', #6386, #4628, #4476, .T. ) ;
#7677 = SURFACE_SIDE_STYLE ('',( #2590 ) ) ;
#7678 = ORIENTED_EDGE ( 'NONE', *, *, #3192, .T. ) ;
#7679 = CARTESIAN_POINT ( 'NONE',  ( 4.200000000000000178, 8.150000000000000355, 9.550000000000000711 ) ) ;
#7680 = DIRECTION ( 'NONE',  ( 0.0000000000000000000, -0.0000000000000000000, -1.000000000000000000 ) ) ;
#7681 = DIRECTION ( 'NONE',  ( -0.0000000000000000000, -0.0000000000000000000, -1.000000000000000000 ) ) ;
#7682 = SURFACE_STYLE_USAGE ( .BOTH. , #3871 ) ;
#7683 = CARTESIAN_POINT ( 'NONE',  ( -12.74999999999999467, 7.200000000000000178, 12.95000000000000107 ) ) ;
#7684 = SURFACE_SIDE_STYLE ('',( #151 ) ) ;
#7685 = ORIENTED_EDGE ( 'NONE', *, *, #1950, .T. ) ;
#7686 = EDGE_CURVE ( 'NONE', #4945, #1672, #4348, .T. ) ;
#7687 = AXIS2_PLACEMENT_3D ( 'NONE', #7482, #611, #1300 ) ;
#7688 = DIRECTION ( 'NONE',  ( -1.000000000000000000, -0.0000000000000000000, -0.0000000000000000000 ) ) ;
#7689 = EDGE_LOOP ( 'NONE', ( #883, #2533, #1268, #3658, #5416, #3371, #2222, #6338, #3557, #7567, #6659, #4812, #5282, #4520, #5957, #2918, #3146, #6482, #2543, #3089, #4549, #2799, #6843, #265, #7596, #6004, #3955, #5761, #3818, #7039 ) ) ;
#7690 =( NAMED_UNIT ( * ) SI_UNIT ( $, .STERADIAN. ) SOLID_ANGLE_UNIT ( ) );
#7691 = SURFACE_SIDE_STYLE ('',( #5759 ) ) ;
#7692 = LINE ( 'NONE', #5415, #4497 ) ;
#7693 = DIRECTION ( 'NONE',  ( 1.000000000000000000, 0.0000000000000000000, 0.0000000000000000000 ) ) ;
#7694 = ORIENTED_EDGE ( 'NONE', *, *, #952, .T. ) ;
#7695 = FILL_AREA_STYLE_COLOUR ( '', #45 ) ;
#7696 = SURFACE_STYLE_FILL_AREA ( #5763 ) ;
#7697 = VERTEX_POINT ( 'NONE', #6849 ) ;
#7698 = EDGE_CURVE ( 'NONE', #6467, #8013, #1229, .T. ) ;
#7699 = DIRECTION ( 'NONE',  ( 0.0000000000000000000, -1.000000000000000000, 0.0000000000000000000 ) ) ;
#7700 = EDGE_CURVE ( 'NONE', #1968, #1547, #6225, .T. ) ;
#7701 = CARTESIAN_POINT ( 'NONE',  ( -8.999999999999998224, 15.00000000000000000, 9.050000000000000711 ) ) ;
#7702 = FILL_AREA_STYLE ('',( #170 ) ) ;
#7703 =( LENGTH_UNIT ( ) NAMED_UNIT ( * ) SI_UNIT ( .MILLI., .METRE. ) );
#7704 = DIRECTION ( 'NONE',  ( 1.000000000000000000, 2.168404344971009115E-16, 0.0000000000000000000 ) ) ;
#7705 = CARTESIAN_POINT ( 'NONE',  ( 6.150000000000000355, 12.75000000000000178, 8.250000000000000000 ) ) ;
#7706 =( GEOMETRIC_REPRESENTATION_CONTEXT ( 3 ) GLOBAL_UNCERTAINTY_ASSIGNED_CONTEXT ( ( #2839 ) ) GLOBAL_UNIT_ASSIGNED_CONTEXT ( ( #5198, #2660, #5114 ) ) REPRESENTATION_CONTEXT ( 'NONE', 'WORKASPACE' ) );
#7707 = DIRECTION ( 'NONE',  ( 0.0000000000000000000, 1.000000000000000000, 0.0000000000000000000 ) ) ;
#7708 = VECTOR ( 'NONE', #7710, 1000.000000000000000 ) ;
#7709 = PRESENTATION_STYLE_ASSIGNMENT (( #3292 ) ) ;
#7710 = DIRECTION ( 'NONE',  ( 0.0000000000000000000, 0.0000000000000000000, -1.000000000000000000 ) ) ;
#7711 = UNCERTAINTY_MEASURE_WITH_UNIT (LENGTH_MEASURE( 1.000000000000000082E-05 ), #7371, 'distance_accuracy_value', 'NONE');
#7712 =( NAMED_UNIT ( * ) SI_UNIT ( $, .STERADIAN. ) SOLID_ANGLE_UNIT ( ) );
#7713 = ORIENTED_EDGE ( 'NONE', *, *, #541, .F. ) ;
#7714 = EDGE_LOOP ( 'NONE', ( #7341, #4294, #557, #7423 ) ) ;
#7715 = CARTESIAN_POINT ( 'NONE',  ( 12.75000000000000711, 7.200000000000006395, 12.95000000000000107 ) ) ;
#7716 = DIRECTION ( 'NONE',  ( -0.2169304578186563026, 0.9761870601839527373, 0.0000000000000000000 ) ) ;
#7717 =( NAMED_UNIT ( * ) SI_UNIT ( $, .STERADIAN. ) SOLID_ANGLE_UNIT ( ) );
#7718 = SURFACE_STYLE_USAGE ( .BOTH. , #6406 ) ;
#7719 = CARTESIAN_POINT ( 'NONE',  ( -7.999999999999996447, 13.99999999999999822, 8.250000000000000000 ) ) ;
#7720 =( GEOMETRIC_REPRESENTATION_CONTEXT ( 3 ) GLOBAL_UNCERTAINTY_ASSIGNED_CONTEXT ( ( #6962 ) ) GLOBAL_UNIT_ASSIGNED_CONTEXT ( ( #4068, #5105, #4508 ) ) REPRESENTATION_CONTEXT ( 'NONE', 'WORKASPACE' ) );
#7721 = UNCERTAINTY_MEASURE_WITH_UNIT (LENGTH_MEASURE( 1.000000000000000082E-05 ), #2939, 'distance_accuracy_value', 'NONE');
#7722 = PLANE ( 'NONE',  #7663 ) ;
#7723 = VERTEX_POINT ( 'NONE', #7662 ) ;
#7724 = MECHANICAL_DESIGN_GEOMETRIC_PRESENTATION_REPRESENTATION (  '', ( #1124 ), #8109 ) ;
#7725 = VECTOR ( 'NONE', #3448, 1000.000000000000000 ) ;
#7726 = CARTESIAN_POINT ( 'NONE',  ( 10.00000000000000000, 2.200000000000000178, -10.90000000000000036 ) ) ;
#7727 = PRESENTATION_STYLE_ASSIGNMENT (( #888 ) ) ;
#7728 = VECTOR ( 'NONE', #4038, 1000.000000000000000 ) ;
#7729 =( NAMED_UNIT ( * ) SI_UNIT ( $, .STERADIAN. ) SOLID_ANGLE_UNIT ( ) );
#7730 = FILL_AREA_STYLE ('',( #7250 ) ) ;
#7731 = EDGE_CURVE ( 'NONE', #4503, #2881, #823, .T. ) ;
#7732 = UNCERTAINTY_MEASURE_WITH_UNIT (LENGTH_MEASURE( 1.000000000000000082E-05 ), #2397, 'distance_accuracy_value', 'NONE');
#7733 = VERTEX_POINT ( 'NONE', #784 ) ;
#7734 =( GEOMETRIC_REPRESENTATION_CONTEXT ( 3 ) GLOBAL_UNCERTAINTY_ASSIGNED_CONTEXT ( ( #7208 ) ) GLOBAL_UNIT_ASSIGNED_CONTEXT ( ( #7130, #2642, #7632 ) ) REPRESENTATION_CONTEXT ( 'NONE', 'WORKASPACE' ) );
#7735 = ADVANCED_BREP_SHAPE_REPRESENTATION ( '53C56E37-E869-418B-B532-3C05997F6C02', ( #345, #308, #431, #468, #5771, #5857, #5818, #3229, #3214, #5746, #370, #3094, #2962, #413, #3045 ), #301 ) ;
#7736 = PRESENTATION_LAYER_ASSIGNMENT (  '', '', ( #2834 ) ) ;
#7737 = EDGE_LOOP ( 'NONE', ( #6924, #1579, #1123, #6532 ) ) ;
#7738 = SURFACE_STYLE_USAGE ( .BOTH. , #5187 ) ;
#7739 = PLANE ( 'NONE',  #2785 ) ;
#7740 = DIRECTION ( 'NONE',  ( 0.0000000000000000000, -0.0000000000000000000, -1.000000000000000000 ) ) ;
#7741 = VERTEX_POINT ( 'NONE', #3896 ) ;
#7742 = LINE ( 'NONE', #7060, #3065 ) ;
#7743 = CIRCLE ( 'NONE', #5981, 0.3499999999999996447 ) ;
#7744 = EDGE_CURVE ( 'NONE', #506, #6540, #5732, .T. ) ;
#7745 = ORIENTED_EDGE ( 'NONE', *, *, #1671, .T. ) ;
#7746 = PRESENTATION_LAYER_ASSIGNMENT (  '', '', ( #6117 ) ) ;
#7747 = FILL_AREA_STYLE ('',( #3891 ) ) ;
#7748 = SURFACE_SIDE_STYLE ('',( #4517 ) ) ;
#7749 = CARTESIAN_POINT ( 'NONE',  ( 5.000000000000000000, -4.000000000000000000, 10.90000000000000036 ) ) ;
#7750 = CARTESIAN_POINT ( 'NONE',  ( 12.85000000000000320, 7.200000000000006395, -13.05000000000000071 ) ) ;
#7751 = ADVANCED_FACE ( 'NONE', ( #5121 ), #5692, .F. ) ;
#7752 = LINE ( 'NONE', #2699, #7534 ) ;
#7753 = PLANE ( 'NONE',  #1666 ) ;
#7754 = FILL_AREA_STYLE_COLOUR ( '', #1645 ) ;
#7755 = ORIENTED_EDGE ( 'NONE', *, *, #4032, .F. ) ;
#7756 = COLOUR_RGB ( '',1.000000000000000000, 0.9372549019607843146, 0.1372549019607843257 ) ;
#7757 = LINE ( 'NONE', #5286, #865 ) ;
#7758 = ADVANCED_FACE ( 'NONE', ( #4442 ), #3863, .F. ) ;
#7759 = SURFACE_SIDE_STYLE ('',( #1525 ) ) ;
#7760 = AXIS2_PLACEMENT_3D ( 'NONE', #1371, #3261, #5093 ) ;
#7761 = CARTESIAN_POINT ( 'NONE',  ( 2.500000000000001332, 15.00000000000000000, 0.0000000000000000000 ) ) ;
#7762 = CARTESIAN_POINT ( 'NONE',  ( 5.800000000000000711, 8.150000000000000355, 8.199999999999997513 ) ) ;
#7763 = CARTESIAN_POINT ( 'NONE',  ( 9.349999999999999645, 5.750000000000020428, 8.199999999999997513 ) ) ;
#7764 = ORIENTED_EDGE ( 'NONE', *, *, #7581, .F. ) ;
#7765 = MECHANICAL_DESIGN_GEOMETRIC_PRESENTATION_REPRESENTATION (  '', ( #7619 ), #1304 ) ;
#7766 = AXIS2_PLACEMENT_3D ( 'NONE', #1095, #2926, #4900 ) ;
#7767 =( LENGTH_UNIT ( ) NAMED_UNIT ( * ) SI_UNIT ( .MILLI., .METRE. ) );
#7768 = CARTESIAN_POINT ( 'NONE',  ( -9.000000000000001776, 13.99999999999999822, -8.250000000000000000 ) ) ;
#7769 = AXIS2_PLACEMENT_3D ( 'NONE', #1513, #7062, #6426 ) ;
#7770 = SURFACE_STYLE_USAGE ( .BOTH. , #1871 ) ;
#7771 =( NAMED_UNIT ( * ) SI_UNIT ( $, .STERADIAN. ) SOLID_ANGLE_UNIT ( ) );
#7772 = CARTESIAN_POINT ( 'NONE',  ( -6.149999999999997691, 5.750000000000000000, 8.250000000000000000 ) ) ;
#7773 = ORIENTED_EDGE ( 'NONE', *, *, #6726, .T. ) ;
#7774 = AXIS2_PLACEMENT_3D ( 'NONE', #7597, #4665, #7895 ) ;
#7775 = LINE ( 'NONE', #5337, #3264 ) ;
#7776 = VERTEX_POINT ( 'NONE', #1902 ) ;
#7777 = CIRCLE ( 'NONE', #2479, 3.000000000000000444 ) ;
#7778 = CARTESIAN_POINT ( 'NONE',  ( 12.09999999999999787, 2.200000000000000178, -9.550000000000000711 ) ) ;
#7779 =( LENGTH_UNIT ( ) NAMED_UNIT ( * ) SI_UNIT ( .MILLI., .METRE. ) );
#7780 = VERTEX_POINT ( 'NONE', #591 ) ;
#7781 = FACE_OUTER_BOUND ( 'NONE', #3348, .T. ) ;
#7782 = VERTEX_POINT ( 'NONE', #3086 ) ;
#7783 = AXIS2_PLACEMENT_3D ( 'NONE', #7131, #5262, #261 ) ;
#7784 = SURFACE_SIDE_STYLE ('',( #5233 ) ) ;
#7785 =( GEOMETRIC_REPRESENTATION_CONTEXT ( 3 ) GLOBAL_UNCERTAINTY_ASSIGNED_CONTEXT ( ( #7370 ) ) GLOBAL_UNIT_ASSIGNED_CONTEXT ( ( #3957, #1454, #848 ) ) REPRESENTATION_CONTEXT ( 'NONE', 'WORKASPACE' ) );
#7786 = DIRECTION ( 'NONE',  ( 0.0000000000000000000, -1.000000000000000000, 0.0000000000000000000 ) ) ;
#7787 = ADVANCED_FACE ( 'NONE', ( #5568 ), #4885, .F. ) ;
#7788 = COLOUR_RGB ( '',0.1019607843137254888, 0.1019607843137254888, 0.1019607843137254888 ) ;
#7789 = CARTESIAN_POINT ( 'NONE',  ( 10.00000000000000000, -4.000000000000000000, -10.90000000000000036 ) ) ;
#7790 = AXIS2_PLACEMENT_3D ( 'NONE', #7158, #1562, #5945 ) ;
#7791 = LINE ( 'NONE', #6433, #6526 ) ;
#7792 = VECTOR ( 'NONE', #7688, 1000.000000000000000 ) ;
#7793 = DIRECTION ( 'NONE',  ( 1.000000000000000000, -2.820688578824076945E-16, -0.0000000000000000000 ) ) ;
#7794 = UNCERTAINTY_MEASURE_WITH_UNIT (LENGTH_MEASURE( 1.000000000000000082E-05 ), #7603, 'distance_accuracy_value', 'NONE');
#7795 = VECTOR ( 'NONE', #4227, 1000.000000000000000 ) ;
#7796 = EDGE_CURVE ( 'NONE', #1852, #1082, #5787, .T. ) ;
#7797 = VERTEX_POINT ( 'NONE', #6322 ) ;
#7798 = AXIS2_PLACEMENT_3D ( 'NONE', #2628, #3907, #5133 ) ;
#7799 = ORIENTED_EDGE ( 'NONE', *, *, #1599, .T. ) ;
#7800 = CARTESIAN_POINT ( 'NONE',  ( -9.349999999999999645, 12.74999999999998224, 8.199999999999997513 ) ) ;
#7801 = STYLED_ITEM ( 'NONE', ( #4181 ), #3039 ) ;
#7802 = FACE_OUTER_BOUND ( 'NONE', #15, .T. ) ;
#7803 = FILL_AREA_STYLE_COLOUR ( '', #5370 ) ;
#7804 = STYLED_ITEM ( 'NONE', ( #5241 ), #6940 ) ;
#7805 =( NAMED_UNIT ( * ) PLANE_ANGLE_UNIT ( ) SI_UNIT ( $, .RADIAN. ) );
#7806 = CARTESIAN_POINT ( 'NONE',  ( 9.000000000000001776, 6.000000000000000000, 9.550000000000007816 ) ) ;
#7807 = UNCERTAINTY_MEASURE_WITH_UNIT (LENGTH_MEASURE( 1.000000000000000082E-05 ), #2632, 'distance_accuracy_value', 'NONE');
#7808 = CARTESIAN_POINT ( 'NONE',  ( 4.199999999999990408, 11.94999999999999929, 8.199999999999997513 ) ) ;
#7809 = EDGE_CURVE ( 'NONE', #2603, #6016, #3347, .T. ) ;
#7810 = VECTOR ( 'NONE', #7820, 1000.000000000000000 ) ;
#7811 = DIRECTION ( 'NONE',  ( 0.0000000000000000000, 0.0000000000000000000, -1.000000000000000000 ) ) ;
#7812 = DIRECTION ( 'NONE',  ( 1.000000000000000000, 0.0000000000000000000, 0.0000000000000000000 ) ) ;
#7813 = COLOUR_RGB ( '',0.1019607843137254888, 0.1019607843137254888, 0.1019607843137254888 ) ;
#7814 =( NAMED_UNIT ( * ) SI_UNIT ( $, .STERADIAN. ) SOLID_ANGLE_UNIT ( ) );
#7815 = DIRECTION ( 'NONE',  ( -0.0000000000000000000, 1.000000000000000000, -0.0000000000000000000 ) ) ;
#7816 = UNCERTAINTY_MEASURE_WITH_UNIT (LENGTH_MEASURE( 1.000000000000000082E-05 ), #1444, 'distance_accuracy_value', 'NONE');
#7817 = ORIENTED_EDGE ( 'NONE', *, *, #43, .F. ) ;
#7818 = ORIENTED_EDGE ( 'NONE', *, *, #2485, .F. ) ;
#7819 = PRESENTATION_STYLE_ASSIGNMENT (( #2764 ) ) ;
#7820 = DIRECTION ( 'NONE',  ( 0.0000000000000000000, 1.000000000000000000, 0.0000000000000000000 ) ) ;
#7821 = SURFACE_STYLE_FILL_AREA ( #1384 ) ;
#7822 = ORIENTED_EDGE ( 'NONE', *, *, #3964, .T. ) ;
#7823 = VECTOR ( 'NONE', #7869, 1000.000000000000000 ) ;
#7824 =( LENGTH_UNIT ( ) NAMED_UNIT ( * ) SI_UNIT ( .MILLI., .METRE. ) );
#7825 = CARTESIAN_POINT ( 'NONE',  ( 5.900000000000001243, 12.00000000000000000, -9.050000000000000711 ) ) ;
#7826 =( NAMED_UNIT ( * ) PLANE_ANGLE_UNIT ( ) SI_UNIT ( $, .RADIAN. ) );
#7827 = SURFACE_STYLE_USAGE ( .BOTH. , #2813 ) ;
#7828 = CARTESIAN_POINT ( 'NONE',  ( -12.09999999999999787, 6.000000000000000000, -12.59999999999999964 ) ) ;
#7829 = ADVANCED_FACE ( 'NONE', ( #1941 ), #7722, .F. ) ;
#7830 =( NAMED_UNIT ( * ) SI_UNIT ( $, .STERADIAN. ) SOLID_ANGLE_UNIT ( ) );
#7831 = ORIENTED_EDGE ( 'NONE', *, *, #7485, .T. ) ;
#7832 = ORIENTED_EDGE ( 'NONE', *, *, #1829, .T. ) ;
#7833 = DIRECTION ( 'NONE',  ( 0.0000000000000000000, 0.0000000000000000000, -1.000000000000000000 ) ) ;
#7834 = PLANE ( 'NONE',  #3549 ) ;
#7835 = PRESENTATION_LAYER_ASSIGNMENT (  '', '', ( #6217 ) ) ;
#7836 = CARTESIAN_POINT ( 'NONE',  ( -2.805882352941176272, 16.37647058823529278, -8.250000000000000000 ) ) ;
#7837 = CYLINDRICAL_SURFACE ( 'NONE', #4217, 0.3499999999999996447 ) ;
#7838 = CARTESIAN_POINT ( 'NONE',  ( 12.75000000000000000, 15.75000000000000000, 12.95000000000000107 ) ) ;
#7839 = DIRECTION ( 'NONE',  ( 0.0000000000000000000, -1.000000000000000000, 0.0000000000000000000 ) ) ;
#7840 = VECTOR ( 'NONE', #4907, 1000.000000000000000 ) ;
#7841 =( GEOMETRIC_REPRESENTATION_CONTEXT ( 3 ) GLOBAL_UNCERTAINTY_ASSIGNED_CONTEXT ( ( #1186 ) ) GLOBAL_UNIT_ASSIGNED_CONTEXT ( ( #5310, #1589, #5349 ) ) REPRESENTATION_CONTEXT ( 'NONE', 'WORKASPACE' ) );
#7842 = SURFACE_SIDE_STYLE ('',( #112 ) ) ;
#7843 = CARTESIAN_POINT ( 'NONE',  ( 5.000000000000000000, -4.000000000000000000, -11.59999999999999964 ) ) ;
#7844 = CARTESIAN_POINT ( 'NONE',  ( 5.800000000000001599, 8.150000000000000355, 8.199999999999997513 ) ) ;
#7845 = EDGE_CURVE ( 'NONE', #1176, #6472, #5090, .T. ) ;
#7846 = EDGE_CURVE ( 'NONE', #1146, #6717, #5212, .T. ) ;
#7847 = CARTESIAN_POINT ( 'NONE',  ( 6.350000000000001421, 12.54999999999999893, 8.250000000000000000 ) ) ;
#7848 = PRESENTATION_LAYER_ASSIGNMENT (  '', '', ( #3367 ) ) ;
#7849 = PRESENTATION_STYLE_ASSIGNMENT (( #5918 ) ) ;
#7850 = FILL_AREA_STYLE ('',( #6464 ) ) ;
#7851 = LINE ( 'NONE', #2182, #6401 ) ;
#7852 =( GEOMETRIC_REPRESENTATION_CONTEXT ( 3 ) GLOBAL_UNCERTAINTY_ASSIGNED_CONTEXT ( ( #5221 ) ) GLOBAL_UNIT_ASSIGNED_CONTEXT ( ( #4422, #7441, #3187 ) ) REPRESENTATION_CONTEXT ( 'NONE', 'WORKASPACE' ) );
#7853 = ORIENTED_EDGE ( 'NONE', *, *, #7940, .F. ) ;
#7854 = STYLED_ITEM ( 'NONE', ( #4117 ), #5052 ) ;
#7855 = STYLED_ITEM ( 'NONE', ( #3149 ), #4613 ) ;
#7856 = SURFACE_SIDE_STYLE ('',( #1544 ) ) ;
#7857 = DIRECTION ( 'NONE',  ( -1.000000000000000000, -0.0000000000000000000, -0.0000000000000000000 ) ) ;
#7858 = ORIENTED_EDGE ( 'NONE', *, *, #2372, .T. ) ;
#7859 = DIRECTION ( 'NONE',  ( -0.0000000000000000000, -1.000000000000000000, -0.0000000000000000000 ) ) ;
#7860 = STYLED_ITEM ( 'NONE', ( #3916 ), #1391 ) ;
#7861 = SURFACE_SIDE_STYLE ('',( #172 ) ) ;
#7862 = VECTOR ( 'NONE', #4105, 1000.000000000000227 ) ;
#7863 = EDGE_LOOP ( 'NONE', ( #5366, #4411, #2958, #5571, #4906, #7059, #164, #7822 ) ) ;
#7864 = COLOUR_RGB ( '',0.1019607843137254888, 0.1019607843137254888, 0.1019607843137254888 ) ;
#7865 = DIRECTION ( 'NONE',  ( 0.0000000000000000000, -0.0000000000000000000, -1.000000000000000000 ) ) ;
#7866 = AXIS2_PLACEMENT_3D ( 'NONE', #3852, #7571, #1306 ) ;
#7867 = SURFACE_STYLE_USAGE ( .BOTH. , #4859 ) ;
#7868 = DIRECTION ( 'NONE',  ( 1.000000000000000000, 0.0000000000000000000, 0.0000000000000000000 ) ) ;
#7869 = DIRECTION ( 'NONE',  ( -0.0000000000000000000, -0.0000000000000000000, -1.000000000000000000 ) ) ;
#7870 = PRESENTATION_STYLE_ASSIGNMENT (( #247 ) ) ;
#7871 = DIRECTION ( 'NONE',  ( -1.000000000000000000, -0.0000000000000000000, -0.0000000000000000000 ) ) ;
#7872 = STYLED_ITEM ( 'NONE', ( #7709 ), #992 ) ;
#7873 = UNCERTAINTY_MEASURE_WITH_UNIT (LENGTH_MEASURE( 1.000000000000000082E-05 ), #7957, 'distance_accuracy_value', 'NONE');
#7874 = VERTEX_POINT ( 'NONE', #5138 ) ;
#7875 = ORIENTED_EDGE ( 'NONE', *, *, #1072, .F. ) ;
#7876 = EDGE_CURVE ( 'NONE', #8123, #7961, #3954, .T. ) ;
#7877 = VECTOR ( 'NONE', #6701, 1000.000000000000000 ) ;
#7878 =( NAMED_UNIT ( * ) PLANE_ANGLE_UNIT ( ) SI_UNIT ( $, .RADIAN. ) );
#7879 = LINE ( 'NONE', #1447, #4211 ) ;
#7880 = CARTESIAN_POINT ( 'NONE',  ( -9.000000000000001776, 2.200000000000000622, -9.050000000000000711 ) ) ;
#7881 = SURFACE_STYLE_FILL_AREA ( #918 ) ;
#7882 = UNCERTAINTY_MEASURE_WITH_UNIT (LENGTH_MEASURE( 1.000000000000000082E-05 ), #2809, 'distance_accuracy_value', 'NONE');
#7883 = EDGE_CURVE ( 'NONE', #552, #1023, #2711, .T. ) ;
#7884 =( NAMED_UNIT ( * ) PLANE_ANGLE_UNIT ( ) SI_UNIT ( $, .RADIAN. ) );
#7885 = VECTOR ( 'NONE', #6129, 1000.000000000000000 ) ;
#7886 = CARTESIAN_POINT ( 'NONE',  ( -12.59999999999999964, 2.200000000000000178, 9.550000000000004263 ) ) ;
#7887 = DIRECTION ( 'NONE',  ( 0.0000000000000000000, 0.0000000000000000000, 1.000000000000000000 ) ) ;
#7888 = LINE ( 'NONE', #2213, #6817 ) ;
#7889 = DIRECTION ( 'NONE',  ( 1.000000000000000000, 0.0000000000000000000, 0.0000000000000000000 ) ) ;
#7890 = SURFACE_SIDE_STYLE ('',( #5335 ) ) ;
#7891 = UNCERTAINTY_MEASURE_WITH_UNIT (LENGTH_MEASURE( 1.000000000000000082E-05 ), #8001, 'distance_accuracy_value', 'NONE');
#7892 = MECHANICAL_DESIGN_GEOMETRIC_PRESENTATION_REPRESENTATION (  '', ( #6805 ), #7363 ) ;
#7893 = ADVANCED_FACE ( 'NONE', ( #3912 ), #7626, .F. ) ;
#7894 = ORIENTED_EDGE ( 'NONE', *, *, #7731, .T. ) ;
#7895 = DIRECTION ( 'NONE',  ( -1.000000000000000000, 0.0000000000000000000, -0.0000000000000000000 ) ) ;
#7896 =( NAMED_UNIT ( * ) SI_UNIT ( $, .STERADIAN. ) SOLID_ANGLE_UNIT ( ) );
#7897 = AXIS2_PLACEMENT_3D ( 'NONE', #6385, #7859, #1546 ) ;
#7898 = VERTEX_POINT ( 'NONE', #7288 ) ;
#7899 = DIRECTION ( 'NONE',  ( -0.0000000000000000000, -0.0000000000000000000, 1.000000000000000000 ) ) ;
#7900 = VECTOR ( 'NONE', #726, 1000.000000000000000 ) ;
#7901 = CARTESIAN_POINT ( 'NONE',  ( -6.349999999999997868, 5.750000000000000000, -8.200000000000001066 ) ) ;
#7902 = ORIENTED_EDGE ( 'NONE', *, *, #5903, .T. ) ;
#7903 = CARTESIAN_POINT ( 'NONE',  ( 0.9999999999999991118, 0.9921485132883310909, 12.60000000000000142 ) ) ;
#7904 = DIRECTION ( 'NONE',  ( 1.000000000000000000, 0.0000000000000000000, -0.0000000000000000000 ) ) ;
#7905 = FACE_OUTER_BOUND ( 'NONE', #7554, .T. ) ;
#7906 = AXIS2_PLACEMENT_3D ( 'NONE', #1291, #2552, #6871 ) ;
#7907 = DIRECTION ( 'NONE',  ( 0.0000000000000000000, 0.0000000000000000000, 1.000000000000000000 ) ) ;
#7908 = EDGE_LOOP ( 'NONE', ( #3272, #7694, #2127, #7535 ) ) ;
#7909 = COLOUR_RGB ( '',0.1019607843137254888, 0.1019607843137254888, 0.1019607843137254888 ) ;
#7910 = ORIENTED_EDGE ( 'NONE', *, *, #5142, .F. ) ;
#7911 = CARTESIAN_POINT ( 'NONE',  ( -12.75000000000000000, 6.650000000000000355, 12.95000000000000107 ) ) ;
#7912 = LINE ( 'NONE', #2242, #758 ) ;
#7913 =( GEOMETRIC_REPRESENTATION_CONTEXT ( 3 ) GLOBAL_UNCERTAINTY_ASSIGNED_CONTEXT ( ( #632 ) ) GLOBAL_UNIT_ASSIGNED_CONTEXT ( ( #4486, #137, #3909 ) ) REPRESENTATION_CONTEXT ( 'NONE', 'WORKASPACE' ) );
#7914 = CARTESIAN_POINT ( 'NONE',  ( 10.00000000000000000, -4.000000000000000000, 11.25000000000000000 ) ) ;
#7915 = CARTESIAN_POINT ( 'NONE',  ( 11.59999999999999964, 6.000000000000000000, -12.59999999999999964 ) ) ;
#7916 = STYLED_ITEM ( 'NONE', ( #6723 ), #7583 ) ;
#7917 = DIRECTION ( 'NONE',  ( 0.0000000000000000000, 1.000000000000000000, -0.0000000000000000000 ) ) ;
#7918 = ORIENTED_EDGE ( 'NONE', *, *, #3196, .T. ) ;
#7919 = VERTEX_POINT ( 'NONE', #7960 ) ;
#7920 = PRESENTATION_LAYER_ASSIGNMENT (  '', '', ( #5784 ) ) ;
#7921 =( NAMED_UNIT ( * ) SI_UNIT ( $, .STERADIAN. ) SOLID_ANGLE_UNIT ( ) );
#7922 = PRESENTATION_LAYER_ASSIGNMENT (  '', '', ( #3317 ) ) ;
#7923 =( GEOMETRIC_REPRESENTATION_CONTEXT ( 3 ) GLOBAL_UNCERTAINTY_ASSIGNED_CONTEXT ( ( #5862 ) ) GLOBAL_UNIT_ASSIGNED_CONTEXT ( ( #2937, #7878, #6722 ) ) REPRESENTATION_CONTEXT ( 'NONE', 'WORKASPACE' ) );
#7924 = SURFACE_STYLE_FILL_AREA ( #7292 ) ;
#7925 = DIRECTION ( 'NONE',  ( 0.0000000000000000000, 0.0000000000000000000, -1.000000000000000000 ) ) ;
#7926 = CARTESIAN_POINT ( 'NONE',  ( -12.09999999999999609, 6.000000000000000000, 9.050000000000000711 ) ) ;
#7927 = FILL_AREA_STYLE_COLOUR ( '', #4991 ) ;
#7928 = DIRECTION ( 'NONE',  ( 0.0000000000000000000, -1.000000000000000000, 0.0000000000000000000 ) ) ;
#7929 = MECHANICAL_DESIGN_GEOMETRIC_PRESENTATION_REPRESENTATION (  '', ( #5011 ), #6170 ) ;
#7930 = EDGE_CURVE ( 'NONE', #1648, #4059, #258, .T. ) ;
#7931 =( LENGTH_UNIT ( ) NAMED_UNIT ( * ) SI_UNIT ( .MILLI., .METRE. ) );
#7932 = EDGE_LOOP ( 'NONE', ( #8050, #6037, #50, #603 ) ) ;
#7933 = CARTESIAN_POINT ( 'NONE',  ( -12.09999999999999787, 2.200000000000000178, -9.050000000000000711 ) ) ;
#7934 = DIRECTION ( 'NONE',  ( -0.0000000000000000000, 1.000000000000000000, -0.0000000000000000000 ) ) ;
#7935 = AXIS2_PLACEMENT_3D ( 'NONE', #8135, #5660, #2505 ) ;
#7936 = PRESENTATION_STYLE_ASSIGNMENT (( #2689 ) ) ;
#7937 = ORIENTED_EDGE ( 'NONE', *, *, #7367, .F. ) ;
#7938 = DIRECTION ( 'NONE',  ( -3.469446951953614189E-16, -1.000000000000000000, 0.0000000000000000000 ) ) ;
#7939 = DIRECTION ( 'NONE',  ( 0.0000000000000000000, 0.0000000000000000000, 1.000000000000000000 ) ) ;
#7940 = EDGE_CURVE ( 'NONE', #4511, #6896, #6525, .T. ) ;
#7941 =( NAMED_UNIT ( * ) SI_UNIT ( $, .STERADIAN. ) SOLID_ANGLE_UNIT ( ) );
#7942 = ORIENTED_EDGE ( 'NONE', *, *, #3192, .F. ) ;
#7943 = SURFACE_SIDE_STYLE ('',( #7222 ) ) ;
#7944 = COLOUR_RGB ( '',0.1019607843137254888, 0.1019607843137254888, 0.1019607843137254888 ) ;
#7945 = PRESENTATION_STYLE_ASSIGNMENT (( #524 ) ) ;
#7946 = SURFACE_STYLE_FILL_AREA ( #4050 ) ;
#7947 = DIRECTION ( 'NONE',  ( 0.0000000000000000000, 1.000000000000000000, -0.0000000000000000000 ) ) ;
#7948 = CARTESIAN_POINT ( 'NONE',  ( 5.000000000000000000, 2.200000000000000178, 10.90000000000000036 ) ) ;
#7949 = AXIS2_PLACEMENT_3D ( 'NONE', #942, #2196, #4713 ) ;
#7950 = EDGE_CURVE ( 'NONE', #2290, #3729, #5948, .T. ) ;
#7951 = ORIENTED_EDGE ( 'NONE', *, *, #4097, .T. ) ;
#7952 = ORIENTED_EDGE ( 'NONE', *, *, #7330, .F. ) ;
#7953 = CARTESIAN_POINT ( 'NONE',  ( -1.000000000000000888, 2.200000000000000178, 9.050000000000002487 ) ) ;
#7954 = CARTESIAN_POINT ( 'NONE',  ( -10.00000000000000000, -4.000000000000000000, 10.90000000000000036 ) ) ;
#7955 = SURFACE_STYLE_FILL_AREA ( #7451 ) ;
#7956 = PRESENTATION_STYLE_ASSIGNMENT (( #3486 ) ) ;
#7957 =( LENGTH_UNIT ( ) NAMED_UNIT ( * ) SI_UNIT ( .MILLI., .METRE. ) );
#7958 = CARTESIAN_POINT ( 'NONE',  ( 4.199999999999989519, 11.84999999999999964, -9.550000000000000711 ) ) ;
#7959 = DIRECTION ( 'NONE',  ( 1.000000000000000000, 0.0000000000000000000, 0.0000000000000000000 ) ) ;
#7960 = CARTESIAN_POINT ( 'NONE',  ( -4.000000000000000888, 2.200000000000000622, 8.250000000000001776 ) ) ;
#7961 = VERTEX_POINT ( 'NONE', #5290 ) ;
#7962 = AXIS2_PLACEMENT_3D ( 'NONE', #2784, #179, #6402 ) ;
#7963 = VERTEX_POINT ( 'NONE', #958 ) ;
#7964 = DIRECTION ( 'NONE',  ( 0.0000000000000000000, -1.000000000000000000, 0.0000000000000000000 ) ) ;
#7965 = CARTESIAN_POINT ( 'NONE',  ( 0.9999999999999991118, 0.9921485132883310909, 8.250000000000001776 ) ) ;
#7966 =( NAMED_UNIT ( * ) PLANE_ANGLE_UNIT ( ) SI_UNIT ( $, .RADIAN. ) );
#7967 = LINE ( 'NONE', #4155, #5111 ) ;
#7968 = LINE ( 'NONE', #1078, #3420 ) ;
#7969 = SURFACE_SIDE_STYLE ('',( #3617 ) ) ;
#7970 = PRESENTATION_LAYER_ASSIGNMENT (  '', '', ( #6884 ) ) ;
#7971 = UNCERTAINTY_MEASURE_WITH_UNIT (LENGTH_MEASURE( 1.000000000000000082E-05 ), #6010, 'distance_accuracy_value', 'NONE');
#7972 = PLANE ( 'NONE',  #1295 ) ;
#7973 = STYLED_ITEM ( 'NONE', ( #4094 ), #308 ) ;
#7974 = LINE ( 'NONE', #2186, #5146 ) ;
#7975 = CARTESIAN_POINT ( 'NONE',  ( 0.9999999999999991118, 15.00000000000000000, 8.250000000000000000 ) ) ;
#7976 = EDGE_CURVE ( 'NONE', #7782, #876, #3035, .T. ) ;
#7977 = ORIENTED_EDGE ( 'NONE', *, *, #2930, .F. ) ;
#7978 = DIRECTION ( 'NONE',  ( -0.0000000000000000000, -0.0000000000000000000, 1.000000000000000000 ) ) ;
#7979 = CARTESIAN_POINT ( 'NONE',  ( -6.349999999999998757, 12.55000000000000249, -8.250000000000000000 ) ) ;
#7980 = EDGE_LOOP ( 'NONE', ( #3506, #7937, #5506, #2522 ) ) ;
#7981 = AXIS2_PLACEMENT_3D ( 'NONE', #1731, #4883, #4820 ) ;
#7982 = SURFACE_SIDE_STYLE ('',( #1167 ) ) ;
#7983 = CARTESIAN_POINT ( 'NONE',  ( -8.000000000000000000, 15.00000000000000000, -8.250000000000000000 ) ) ;
#7984 = CARTESIAN_POINT ( 'NONE',  ( 12.75000000000000355, 7.200000000000006395, -13.05000000000000071 ) ) ;
#7985 = FILL_AREA_STYLE_COLOUR ( '', #7401 ) ;
#7986 = CARTESIAN_POINT ( 'NONE',  ( 0.9999999999999991118, 0.9921485132883310909, 9.050000000000002487 ) ) ;
#7987 =( GEOMETRIC_REPRESENTATION_CONTEXT ( 3 ) GLOBAL_UNCERTAINTY_ASSIGNED_CONTEXT ( ( #6370 ) ) GLOBAL_UNIT_ASSIGNED_CONTEXT ( ( #51, #3905, #3860 ) ) REPRESENTATION_CONTEXT ( 'NONE', 'WORKASPACE' ) );
#7988 = CARTESIAN_POINT ( 'NONE',  ( -9.000000000000001776, 0.9921485132883302027, -8.250000000000000000 ) ) ;
#7989 = AXIS2_PLACEMENT_3D ( 'NONE', #1565, #2061, #6451 ) ;
#7990 = ORIENTED_EDGE ( 'NONE', *, *, #1494, .T. ) ;
#7991 = COLOUR_RGB ( '',0.6666666666666666297, 0.6980392156862744724, 0.7686274509803920907 ) ;
#7992 = AXIS2_PLACEMENT_3D ( 'NONE', #7607, #44, #3727 ) ;
#7993 = ADVANCED_FACE ( 'NONE', ( #4149 ), #5362, .F. ) ;
#7994 = EDGE_CURVE ( 'NONE', #6255, #934, #4770, .T. ) ;
#7995 = PRESENTATION_LAYER_ASSIGNMENT (  '', '', ( #7872 ) ) ;
#7996 = SURFACE_SIDE_STYLE ('',( #458 ) ) ;
#7997 = ORIENTED_EDGE ( 'NONE', *, *, #4655, .F. ) ;
#7998 = EDGE_CURVE ( 'NONE', #4839, #5139, #1030, .T. ) ;
#7999 = ORIENTED_EDGE ( 'NONE', *, *, #1160, .F. ) ;
#8000 = CARTESIAN_POINT ( 'NONE',  ( 6.350000000000000533, 5.949999999999999289, 8.250000000000000000 ) ) ;
#8001 =( LENGTH_UNIT ( ) NAMED_UNIT ( * ) SI_UNIT ( .MILLI., .METRE. ) );
#8002 = DIRECTION ( 'NONE',  ( 0.0000000000000000000, -1.000000000000000000, 0.0000000000000000000 ) ) ;
#8003 = DIRECTION ( 'NONE',  ( 0.0000000000000000000, 0.0000000000000000000, -1.000000000000000000 ) ) ;
#8004 = CARTESIAN_POINT ( 'NONE',  ( -5.000000000000000000, -4.000000000000000000, -11.25000000000000000 ) ) ;
#8005 = DIRECTION ( 'NONE',  ( 0.0000000000000000000, 0.0000000000000000000, 1.000000000000000000 ) ) ;
#8006 = ORIENTED_EDGE ( 'NONE', *, *, #3501, .F. ) ;
#8007 = COLOUR_RGB ( '',0.6666666666666666297, 0.6980392156862744724, 0.7686274509803920907 ) ;
#8008 = SURFACE_STYLE_FILL_AREA ( #2961 ) ;
#8009 = VERTEX_POINT ( 'NONE', #7808 ) ;
#8010 = SURFACE_SIDE_STYLE ('',( #7263 ) ) ;
#8011 = STYLED_ITEM ( 'NONE', ( #530 ), #1737 ) ;
#8012 = LINE ( 'NONE', #3056, #6363 ) ;
#8013 = VERTEX_POINT ( 'NONE', #7160 ) ;
#8014 = CARTESIAN_POINT ( 'NONE',  ( -8.999999999999998224, 15.00000000000000000, 9.050000000000000711 ) ) ;
#8015 = DIRECTION ( 'NONE',  ( 1.000000000000000000, 0.0000000000000000000, 0.0000000000000000000 ) ) ;
#8016 = STYLED_ITEM ( 'NONE', ( #6881 ), #1794 ) ;
#8017 = DIRECTION ( 'NONE',  ( -0.0000000000000000000, 0.0000000000000000000, 1.000000000000000000 ) ) ;
#8018 = SURFACE_STYLE_USAGE ( .BOTH. , #1630 ) ;
#8019 = VECTOR ( 'NONE', #1515, 1000.000000000000000 ) ;
#8020 = CARTESIAN_POINT ( 'NONE',  ( 9.349999999999999645, 12.74999999999998224, -8.200000000000001066 ) ) ;
#8021 = LINE ( 'NONE', #491, #6931 ) ;
#8022 = EDGE_LOOP ( 'NONE', ( #8130, #7506, #6356, #7216 ) ) ;
#8023 = VECTOR ( 'NONE', #7164, 1000.000000000000000 ) ;
#8024 = EDGE_CURVE ( 'NONE', #4314, #4246, #1530, .T. ) ;
#8025 = MECHANICAL_DESIGN_GEOMETRIC_PRESENTATION_REPRESENTATION (  '', ( #3942 ), #7099 ) ;
#8026 = CARTESIAN_POINT ( 'NONE',  ( -9.000000000000001776, 0.0000000000000000000, -9.050000000000000711 ) ) ;
#8027 = STYLED_ITEM ( 'NONE', ( #3620 ), #6250 ) ;
#8028 = DIRECTION ( 'NONE',  ( 0.0000000000000000000, 0.0000000000000000000, 1.000000000000000000 ) ) ;
#8029 = EDGE_CURVE ( 'NONE', #5980, #7011, #4630, .T. ) ;
#8030 =( NAMED_UNIT ( * ) SI_UNIT ( $, .STERADIAN. ) SOLID_ANGLE_UNIT ( ) );
#8031 = FILL_AREA_STYLE_COLOUR ( '', #7582 ) ;
#8032 = COLOUR_RGB ( '',1.000000000000000000, 0.9372549019607843146, 0.1372549019607843257 ) ;
#8033 = MECHANICAL_DESIGN_GEOMETRIC_PRESENTATION_REPRESENTATION (  '', ( #3153 ), #4733 ) ;
#8034 = VERTEX_POINT ( 'NONE', #460 ) ;
#8035 = SURFACE_STYLE_FILL_AREA ( #584 ) ;
#8036 = CARTESIAN_POINT ( 'NONE',  ( -8.999999999999998224, 6.000000000000000000, 9.550000000000007816 ) ) ;
#8037 = MECHANICAL_DESIGN_GEOMETRIC_PRESENTATION_REPRESENTATION (  '', ( #2233 ), #1474 ) ;
#8038 = LINE ( 'NONE', #7418, #6257 ) ;
#8039 = SURFACE_STYLE_FILL_AREA ( #545 ) ;
#8040 = VECTOR ( 'NONE', #7503, 1000.000000000000000 ) ;
#8041 = CARTESIAN_POINT ( 'NONE',  ( -5.700000000000000178, 8.150000000000011013, -9.550000000000000711 ) ) ;
#8042 = AXIS2_PLACEMENT_3D ( 'NONE', #1728, #7887, #6021 ) ;
#8043 = EDGE_CURVE ( 'NONE', #1672, #5864, #6181, .T. ) ;
#8044 = FILL_AREA_STYLE ('',( #7927 ) ) ;
#8045 =( NAMED_UNIT ( * ) SI_UNIT ( $, .STERADIAN. ) SOLID_ANGLE_UNIT ( ) );
#8046 = EDGE_CURVE ( 'NONE', #4282, #4839, #4873, .T. ) ;
#8047 = UNCERTAINTY_MEASURE_WITH_UNIT (LENGTH_MEASURE( 1.000000000000000082E-05 ), #7574, 'distance_accuracy_value', 'NONE');
#8048 = EDGE_LOOP ( 'NONE', ( #3543, #2945, #1588, #5009 ) ) ;
#8049 = PRESENTATION_LAYER_ASSIGNMENT (  '', '', ( #2646 ) ) ;
#8050 = ORIENTED_EDGE ( 'NONE', *, *, #249, .F. ) ;
#8051 = PRESENTATION_LAYER_ASSIGNMENT (  '', '', ( #3165 ) ) ;
#8052 =( LENGTH_UNIT ( ) NAMED_UNIT ( * ) SI_UNIT ( .MILLI., .METRE. ) );
#8053 = CARTESIAN_POINT ( 'NONE',  ( -1.999999999999998224, 12.75000000000000178, 9.050000000000002487 ) ) ;
#8054 = DIRECTION ( 'NONE',  ( -0.0000000000000000000, 1.000000000000000000, -0.0000000000000000000 ) ) ;
#8055 = EDGE_LOOP ( 'NONE', ( #4056, #6657, #3755, #1484 ) ) ;
#8056 =( NAMED_UNIT ( * ) PLANE_ANGLE_UNIT ( ) SI_UNIT ( $, .RADIAN. ) );
#8057 = LINE ( 'NONE', #3544, #5354 ) ;
#8058 = PLANE ( 'NONE',  #4494 ) ;
#8059 =( NAMED_UNIT ( * ) SI_UNIT ( $, .STERADIAN. ) SOLID_ANGLE_UNIT ( ) );
#8060 = AXIS2_PLACEMENT_3D ( 'NONE', #329, #7907, #1635 ) ;
#8061 =( GEOMETRIC_REPRESENTATION_CONTEXT ( 3 ) GLOBAL_UNCERTAINTY_ASSIGNED_CONTEXT ( ( #2587 ) ) GLOBAL_UNIT_ASSIGNED_CONTEXT ( ( #274, #5306, #6537 ) ) REPRESENTATION_CONTEXT ( 'NONE', 'WORKASPACE' ) );
#8062 = VECTOR ( 'NONE', #1245, 1000.000000000000000 ) ;
#8063 = CARTESIAN_POINT ( 'NONE',  ( -5.899999999999999467, 6.500000000000000888, -9.050000000000000711 ) ) ;
#8064 = AXIS2_PLACEMENT_3D ( 'NONE', #3691, #1720, #5556 ) ;
#8065 = DIRECTION ( 'NONE',  ( 1.000000000000000000, 0.0000000000000000000, -0.0000000000000000000 ) ) ;
#8066 =( LENGTH_UNIT ( ) NAMED_UNIT ( * ) SI_UNIT ( .MILLI., .METRE. ) );
#8067 = ORIENTED_EDGE ( 'NONE', *, *, #7223, .T. ) ;
#8068 = MECHANICAL_DESIGN_GEOMETRIC_PRESENTATION_REPRESENTATION (  '', ( #7267 ), #3333 ) ;
#8069 = CARTESIAN_POINT ( 'NONE',  ( -9.000000000000001776, 0.0000000000000000000, -9.050000000000000711 ) ) ;
#8070 = MECHANICAL_DESIGN_GEOMETRIC_PRESENTATION_REPRESENTATION (  '', ( #2664 ), #5153 ) ;
#8071 = ADVANCED_FACE ( 'NONE', ( #4913 ), #539, .F. ) ;
#8072 = FILL_AREA_STYLE_COLOUR ( '', #7656 ) ;
#8073 = CARTESIAN_POINT ( 'NONE',  ( -6.000000000000000000, 2.200000000000000622, -9.050000000000000711 ) ) ;
#8074 = FACE_OUTER_BOUND ( 'NONE', #1402, .T. ) ;
#8075 = SURFACE_STYLE_USAGE ( .BOTH. , #3645 ) ;
#8076 = MECHANICAL_DESIGN_GEOMETRIC_PRESENTATION_REPRESENTATION (  '', ( #5941 ), #1622 ) ;
#8077 = ORIENTED_EDGE ( 'NONE', *, *, #2569, .F. ) ;
#8078 = ORIENTED_EDGE ( 'NONE', *, *, #3615, .T. ) ;
#8079 = CYLINDRICAL_SURFACE ( 'NONE', #4276, 0.5000000000000004441 ) ;
#8080 =( NAMED_UNIT ( * ) SI_UNIT ( $, .STERADIAN. ) SOLID_ANGLE_UNIT ( ) );
#8081 = CARTESIAN_POINT ( 'NONE',  ( -5.000000000000000000, -4.000000000000000000, -11.25000000000000000 ) ) ;
#8082 = EDGE_CURVE ( 'NONE', #6244, #5399, #580, .T. ) ;
#8083 = DIRECTION ( 'NONE',  ( 1.000000000000000000, 0.0000000000000000000, 0.0000000000000000000 ) ) ;
#8084 =( NAMED_UNIT ( * ) SI_UNIT ( $, .STERADIAN. ) SOLID_ANGLE_UNIT ( ) );
#8085 = SURFACE_STYLE_FILL_AREA ( #54 ) ;
#8086 = FACE_BOUND ( 'NONE', #7863, .T. ) ;
#8087 = ORIENTED_EDGE ( 'NONE', *, *, #3632, .T. ) ;
#8088 =( NAMED_UNIT ( * ) PLANE_ANGLE_UNIT ( ) SI_UNIT ( $, .RADIAN. ) );
#8089 = ORIENTED_EDGE ( 'NONE', *, *, #2627, .F. ) ;
#8090 = EDGE_CURVE ( 'NONE', #3140, #3011, #624, .T. ) ;
#8091 = EDGE_CURVE ( 'NONE', #652, #1823, #2288, .T. ) ;
#8092 = SURFACE_SIDE_STYLE ('',( #3133 ) ) ;
#8093 = ORIENTED_EDGE ( 'NONE', *, *, #7210, .F. ) ;
#8094 = CARTESIAN_POINT ( 'NONE',  ( -8.999999999999998224, 6.500000000000000888, 9.050000000000000711 ) ) ;
#8095 = AXIS2_PLACEMENT_3D ( 'NONE', #6476, #1433, #7655 ) ;
#8096 = DIRECTION ( 'NONE',  ( 0.0000000000000000000, 1.000000000000000000, 0.0000000000000000000 ) ) ;
#8097 = DIRECTION ( 'NONE',  ( -0.0000000000000000000, -0.0000000000000000000, -1.000000000000000000 ) ) ;
#8098 = DIRECTION ( 'NONE',  ( 0.0000000000000000000, 0.0000000000000000000, 1.000000000000000000 ) ) ;
#8099 = ORIENTED_EDGE ( 'NONE', *, *, #7698, .T. ) ;
#8100 = SURFACE_SIDE_STYLE ('',( #3060 ) ) ;
#8101 =( GEOMETRIC_REPRESENTATION_CONTEXT ( 3 ) GLOBAL_UNCERTAINTY_ASSIGNED_CONTEXT ( ( #798 ) ) GLOBAL_UNIT_ASSIGNED_CONTEXT ( ( #5888, #6387, #2770 ) ) REPRESENTATION_CONTEXT ( 'NONE', 'WORKASPACE' ) );
#8102 =( LENGTH_UNIT ( ) NAMED_UNIT ( * ) SI_UNIT ( .MILLI., .METRE. ) );
#8103 = LINE ( 'NONE', #1340, #7252 ) ;
#8104 = EDGE_LOOP ( 'NONE', ( #6290, #3517, #772, #4329 ) ) ;
#8105 = CARTESIAN_POINT ( 'NONE',  ( 5.800000000000001599, 8.150000000000000355, -8.200000000000001066 ) ) ;
#8106 = SURFACE_SIDE_STYLE ('',( #2475 ) ) ;
#8107 = EDGE_LOOP ( 'NONE', ( #2704, #6097, #3439, #610 ) ) ;
#8108 = UNCERTAINTY_MEASURE_WITH_UNIT (LENGTH_MEASURE( 1.000000000000000082E-05 ), #3237, 'distance_accuracy_value', 'NONE');
#8109 =( GEOMETRIC_REPRESENTATION_CONTEXT ( 3 ) GLOBAL_UNCERTAINTY_ASSIGNED_CONTEXT ( ( #6851 ) ) GLOBAL_UNIT_ASSIGNED_CONTEXT ( ( #4854, #1822, #482 ) ) REPRESENTATION_CONTEXT ( 'NONE', 'WORKASPACE' ) );
#8110 = CARTESIAN_POINT ( 'NONE',  ( 4.200000000000000178, 8.150000000000000355, -9.550000000000000711 ) ) ;
#8111 =( LENGTH_UNIT ( ) NAMED_UNIT ( * ) SI_UNIT ( .MILLI., .METRE. ) );
#8112 = COLOUR_RGB ( '',0.6666666666666666297, 0.6980392156862744724, 0.7686274509803920907 ) ;
#8113 =( GEOMETRIC_REPRESENTATION_CONTEXT ( 3 ) GLOBAL_UNCERTAINTY_ASSIGNED_CONTEXT ( ( #1848 ) ) GLOBAL_UNIT_ASSIGNED_CONTEXT ( ( #2759, #3500, #2215 ) ) REPRESENTATION_CONTEXT ( 'NONE', 'WORKASPACE' ) );
#8114 = EDGE_LOOP ( 'NONE', ( #5152, #1235, #5397, #115 ) ) ;
#8115 = STYLED_ITEM ( 'NONE', ( #7608 ), #1586 ) ;
#8116 = CARTESIAN_POINT ( 'NONE',  ( 5.000000000000000000, 2.200000000000000178, -10.90000000000000036 ) ) ;
#8117 = SURFACE_SIDE_STYLE ('',( #5006 ) ) ;
#8118 = AXIS2_PLACEMENT_3D ( 'NONE', #5904, #3484, #7833 ) ;
#8119 = UNCERTAINTY_MEASURE_WITH_UNIT (LENGTH_MEASURE( 1.000000000000000082E-05 ), #1542, 'distance_accuracy_value', 'NONE');
#8120 = FACE_OUTER_BOUND ( 'NONE', #3840, .T. ) ;
#8121 = CIRCLE ( 'NONE', #2177, 1.000000000000000000 ) ;
#8122 = ORIENTED_EDGE ( 'NONE', *, *, #5296, .T. ) ;
#8123 = VERTEX_POINT ( 'NONE', #4958 ) ;
#8124 = PRESENTATION_STYLE_ASSIGNMENT (( #507 ) ) ;
#8125 =( GEOMETRIC_REPRESENTATION_CONTEXT ( 3 ) GLOBAL_UNCERTAINTY_ASSIGNED_CONTEXT ( ( #6168 ) ) GLOBAL_UNIT_ASSIGNED_CONTEXT ( ( #4259, #3197, #699 ) ) REPRESENTATION_CONTEXT ( 'NONE', 'WORKASPACE' ) );
#8126 = DIRECTION ( 'NONE',  ( 0.0000000000000000000, 0.0000000000000000000, 1.000000000000000000 ) ) ;
#8127 = DIRECTION ( 'NONE',  ( 0.0000000000000000000, -0.0000000000000000000, -1.000000000000000000 ) ) ;
#8128 = DIRECTION ( 'NONE',  ( 1.000000000000000000, 0.0000000000000000000, -0.0000000000000000000 ) ) ;
#8129 = FILL_AREA_STYLE ('',( #4312 ) ) ;
#8130 = ORIENTED_EDGE ( 'NONE', *, *, #2578, .F. ) ;
#8131 =( GEOMETRIC_REPRESENTATION_CONTEXT ( 3 ) GLOBAL_UNCERTAINTY_ASSIGNED_CONTEXT ( ( #3067 ) ) GLOBAL_UNIT_ASSIGNED_CONTEXT ( ( #779, #2123, #327 ) ) REPRESENTATION_CONTEXT ( 'NONE', 'WORKASPACE' ) );
#8132 = EDGE_CURVE ( 'NONE', #2817, #1868, #2365, .T. ) ;
#8133 = CARTESIAN_POINT ( 'NONE',  ( 3.999999999999999112, 0.9921485132883310909, 12.60000000000000142 ) ) ;
#8134 = ORIENTED_EDGE ( 'NONE', *, *, #1768, .T. ) ;
#8135 = CARTESIAN_POINT ( 'NONE',  ( -5.000000000000000000, -4.000000000000000000, -11.25000000000000000 ) ) ;
#8136 =( NAMED_UNIT ( * ) PLANE_ANGLE_UNIT ( ) SI_UNIT ( $, .RADIAN. ) );
#8137 = VERTEX_POINT ( 'NONE', #7329 ) ;
#8138 = FACE_OUTER_BOUND ( 'NONE', #7932, .T. ) ;
#8139 = DIRECTION ( 'NONE',  ( 1.000000000000000000, 0.0000000000000000000, 0.0000000000000000000 ) ) ;
#8140 = CARTESIAN_POINT ( 'NONE',  ( -6.000000000000000000, 2.200000000000000622, 12.60000000000000142 ) ) ;
#8141 = EDGE_LOOP ( 'NONE', ( #2250, #6653, #7755, #4480 ) ) ;
#8142 = ADVANCED_FACE ( 'NONE', ( #8120 ), #1105, .F. ) ;
#8143 =( GEOMETRIC_REPRESENTATION_CONTEXT ( 3 ) GLOBAL_UNCERTAINTY_ASSIGNED_CONTEXT ( ( #4957 ) ) GLOBAL_UNIT_ASSIGNED_CONTEXT ( ( #6612, #1006, #389 ) ) REPRESENTATION_CONTEXT ( 'NONE', 'WORKASPACE' ) );
#8144 = ORIENTED_EDGE ( 'NONE', *, *, #4596, .T. ) ;
#8145 = PLANE ( 'NONE',  #4458 ) ;
#8146 = SURFACE_STYLE_FILL_AREA ( #6161 ) ;
#8147 = DIRECTION ( 'NONE',  ( 1.000000000000000000, 0.0000000000000000000, 0.0000000000000000000 ) ) ;
#8148 = CARTESIAN_POINT ( 'NONE',  ( -9.000000000000001776, 2.200000000000000622, -8.250000000000000000 ) ) ;
#8149 = VERTEX_POINT ( 'NONE', #2670 ) ;
#8150 = CARTESIAN_POINT ( 'NONE',  ( 10.00000000000000000, 2.200000000000000178, 11.25000000000000000 ) ) ;
#8151 = FILL_AREA_STYLE_COLOUR ( '', #1567 ) ;
#8152 = COLOUR_RGB ( '',1.000000000000000000, 1.000000000000000000, 1.000000000000000000 ) ;
#8153 = ORIENTED_EDGE ( 'NONE', *, *, #2988, .T. ) ;
#8154 = ADVANCED_FACE ( 'NONE', ( #6316 ), #4391, .F. ) ;
#8155 = SURFACE_STYLE_FILL_AREA ( #6799 ) ;
#8156 =( GEOMETRIC_REPRESENTATION_CONTEXT ( 3 ) GLOBAL_UNCERTAINTY_ASSIGNED_CONTEXT ( ( #2320 ) ) GLOBAL_UNIT_ASSIGNED_CONTEXT ( ( #3283, #776, #5725 ) ) REPRESENTATION_CONTEXT ( 'NONE', 'WORKASPACE' ) );
#8157 = DIRECTION ( 'NONE',  ( -0.0000000000000000000, -0.0000000000000000000, -1.000000000000000000 ) ) ;
ENDSEC;
END-ISO-10303-21;
