ISO-10303-21;
HEADER;
/* Generated by software containing ST-Developer
 * from STEP Tools, Inc. (www.steptools.com) 
 */

FILE_DESCRIPTION(
/* description */ (''),
/* implementation_level */ '2;1');

FILE_NAME(
/* name */ 'ETD29 v7.step',
/* time_stamp */ '2023-12-12T09:45:56-03:00',
/* author */ (''),
/* organization */ (''),
/* preprocessor_version */ 'ST-DEVELOPER v20',
/* originating_system */ 'Autodesk Translation Framework v12.14.0.127',

/* authorisation */ '');

FILE_SCHEMA (('AUTOMOTIVE_DESIGN { 1 0 10303 214 3 1 1 }'));
ENDSEC;

DATA;
#10=MECHANICAL_DESIGN_GEOMETRIC_PRESENTATION_REPRESENTATION('',(#65,#66,
#67,#68,#69,#70,#71,#72,#73,#74,#75,#76,#77,#78,#79),#4546);
#11=ITEM_DEFINED_TRANSFORMATION($,$,#2754,#2994);
#12=ITEM_DEFINED_TRANSFORMATION($,$,#2754,#2995);
#13=ITEM_DEFINED_TRANSFORMATION($,$,#2776,#2996);
#14=ITEM_DEFINED_TRANSFORMATION($,$,#2924,#2997);
#15=ITEM_DEFINED_TRANSFORMATION($,$,#2924,#2998);
#16=ITEM_DEFINED_TRANSFORMATION($,$,#2924,#2999);
#17=ITEM_DEFINED_TRANSFORMATION($,$,#2933,#3000);
#18=(
REPRESENTATION_RELATIONSHIP($,$,#4569,#4568)
REPRESENTATION_RELATIONSHIP_WITH_TRANSFORMATION(#11)
SHAPE_REPRESENTATION_RELATIONSHIP()
);
#19=(
REPRESENTATION_RELATIONSHIP($,$,#4569,#4568)
REPRESENTATION_RELATIONSHIP_WITH_TRANSFORMATION(#12)
SHAPE_REPRESENTATION_RELATIONSHIP()
);
#20=(
REPRESENTATION_RELATIONSHIP($,$,#4570,#4568)
REPRESENTATION_RELATIONSHIP_WITH_TRANSFORMATION(#13)
SHAPE_REPRESENTATION_RELATIONSHIP()
);
#21=(
REPRESENTATION_RELATIONSHIP($,$,#4571,#4568)
REPRESENTATION_RELATIONSHIP_WITH_TRANSFORMATION(#14)
SHAPE_REPRESENTATION_RELATIONSHIP()
);
#22=(
REPRESENTATION_RELATIONSHIP($,$,#4571,#4568)
REPRESENTATION_RELATIONSHIP_WITH_TRANSFORMATION(#15)
SHAPE_REPRESENTATION_RELATIONSHIP()
);
#23=(
REPRESENTATION_RELATIONSHIP($,$,#4571,#4568)
REPRESENTATION_RELATIONSHIP_WITH_TRANSFORMATION(#16)
SHAPE_REPRESENTATION_RELATIONSHIP()
);
#24=(
REPRESENTATION_RELATIONSHIP($,$,#4572,#4568)
REPRESENTATION_RELATIONSHIP_WITH_TRANSFORMATION(#17)
SHAPE_REPRESENTATION_RELATIONSHIP()
);
#25=CONTEXT_DEPENDENT_SHAPE_REPRESENTATION(#18,#4561);
#26=CONTEXT_DEPENDENT_SHAPE_REPRESENTATION(#19,#4562);
#27=CONTEXT_DEPENDENT_SHAPE_REPRESENTATION(#20,#4563);
#28=CONTEXT_DEPENDENT_SHAPE_REPRESENTATION(#21,#4564);
#29=CONTEXT_DEPENDENT_SHAPE_REPRESENTATION(#22,#4565);
#30=CONTEXT_DEPENDENT_SHAPE_REPRESENTATION(#23,#4566);
#31=CONTEXT_DEPENDENT_SHAPE_REPRESENTATION(#24,#4567);
#32=NEXT_ASSEMBLY_USAGE_OCCURRENCE('Core:1','Core:1','Core:1',#4574,#4575,
'Core:1');
#33=NEXT_ASSEMBLY_USAGE_OCCURRENCE('Core:2','Core:2','Core:2',#4574,#4575,
'Core:2');
#34=NEXT_ASSEMBLY_USAGE_OCCURRENCE('Carretel:1','Carretel:1',
'Carretel:1',#4574,#4576,'Carretel:1');
#35=NEXT_ASSEMBLY_USAGE_OCCURRENCE('Separador_Fixo:1',
'Separador_Fixo:1','Separador_Fixo:1',#4574,#4577,'Separador_Fixo:1');
#36=NEXT_ASSEMBLY_USAGE_OCCURRENCE('Separador_Fixo:2',
'Separador_Fixo:2','Separador_Fixo:2',#4574,#4577,'Separador_Fixo:2');
#37=NEXT_ASSEMBLY_USAGE_OCCURRENCE('Separador_Fixo:3',
'Separador_Fixo:3','Separador_Fixo:3',#4574,#4577,'Separador_Fixo:3');
#38=NEXT_ASSEMBLY_USAGE_OCCURRENCE('Component7:1','Component7:1',
'Component7:1',#4574,#4578,'Component7:1');
#39=FACE_BOUND('',#432,.T.);
#40=FACE_BOUND('',#435,.T.);
#41=FACE_BOUND('',#438,.T.);
#42=FACE_BOUND('',#441,.T.);
#43=FACE_BOUND('',#444,.T.);
#44=FACE_BOUND('',#447,.T.);
#45=FACE_BOUND('',#461,.T.);
#46=FACE_BOUND('',#476,.T.);
#47=FACE_BOUND('',#495,.T.);
#48=FACE_BOUND('',#498,.T.);
#49=FACE_BOUND('',#501,.T.);
#50=FACE_BOUND('',#504,.T.);
#51=FACE_BOUND('',#507,.T.);
#52=FACE_BOUND('',#510,.T.);
#53=FACE_BOUND('',#524,.T.);
#54=FACE_BOUND('',#538,.T.);
#55=FACE_BOUND('',#545,.T.);
#56=FACE_BOUND('',#547,.T.);
#57=SHAPE_REPRESENTATION_RELATIONSHIP('SRR','None',#4569,#61);
#58=SHAPE_REPRESENTATION_RELATIONSHIP('SRR','None',#4570,#62);
#59=SHAPE_REPRESENTATION_RELATIONSHIP('SRR','None',#4571,#63);
#60=SHAPE_REPRESENTATION_RELATIONSHIP('SRR','None',#4572,#64);
#61=ADVANCED_BREP_SHAPE_REPRESENTATION('',(#80),#4542);
#62=ADVANCED_BREP_SHAPE_REPRESENTATION('',(#81),#4543);
#63=ADVANCED_BREP_SHAPE_REPRESENTATION('',(#82),#4544);
#64=ADVANCED_BREP_SHAPE_REPRESENTATION('',(#83,#84,#85,#86,#87,#88,#89,
#90,#91,#92,#93,#94),#4545);
#65=STYLED_ITEM('',(#4598),#80);
#66=STYLED_ITEM('',(#4599),#81);
#67=STYLED_ITEM('',(#4597),#82);
#68=STYLED_ITEM('',(#4597),#83);
#69=STYLED_ITEM('',(#4597),#84);
#70=STYLED_ITEM('',(#4597),#85);
#71=STYLED_ITEM('',(#4597),#86);
#72=STYLED_ITEM('',(#4597),#87);
#73=STYLED_ITEM('',(#4597),#88);
#74=STYLED_ITEM('',(#4597),#89);
#75=STYLED_ITEM('',(#4597),#90);
#76=STYLED_ITEM('',(#4597),#91);
#77=STYLED_ITEM('',(#4597),#92);
#78=STYLED_ITEM('',(#4597),#93);
#79=STYLED_ITEM('',(#4597),#94);
#80=MANIFOLD_SOLID_BREP('Body1',#2693);
#81=MANIFOLD_SOLID_BREP('Body1',#2694);
#82=MANIFOLD_SOLID_BREP('Body1',#2695);
#83=MANIFOLD_SOLID_BREP('Body1',#2696);
#84=MANIFOLD_SOLID_BREP('Body2',#2697);
#85=MANIFOLD_SOLID_BREP('Body3',#2698);
#86=MANIFOLD_SOLID_BREP('Body4',#2699);
#87=MANIFOLD_SOLID_BREP('Body5',#2700);
#88=MANIFOLD_SOLID_BREP('Body6',#2701);
#89=MANIFOLD_SOLID_BREP('Body7',#2702);
#90=MANIFOLD_SOLID_BREP('Body8',#2703);
#91=MANIFOLD_SOLID_BREP('Body9',#2704);
#92=MANIFOLD_SOLID_BREP('Body10',#2705);
#93=MANIFOLD_SOLID_BREP('Body11',#2706);
#94=MANIFOLD_SOLID_BREP('Body12',#2707);
#95=PLANE('',#2763);
#96=PLANE('',#2767);
#97=PLANE('',#2768);
#98=PLANE('',#2769);
#99=PLANE('',#2770);
#100=PLANE('',#2771);
#101=PLANE('',#2772);
#102=PLANE('',#2773);
#103=PLANE('',#2774);
#104=PLANE('',#2775);
#105=PLANE('',#2777);
#106=PLANE('',#2778);
#107=PLANE('',#2779);
#108=PLANE('',#2780);
#109=PLANE('',#2781);
#110=PLANE('',#2782);
#111=PLANE('',#2783);
#112=PLANE('',#2784);
#113=PLANE('',#2785);
#114=PLANE('',#2786);
#115=PLANE('',#2787);
#116=PLANE('',#2788);
#117=PLANE('',#2789);
#118=PLANE('',#2790);
#119=PLANE('',#2791);
#120=PLANE('',#2792);
#121=PLANE('',#2793);
#122=PLANE('',#2794);
#123=PLANE('',#2795);
#124=PLANE('',#2796);
#125=PLANE('',#2797);
#126=PLANE('',#2800);
#127=PLANE('',#2801);
#128=PLANE('',#2803);
#129=PLANE('',#2804);
#130=PLANE('',#2806);
#131=PLANE('',#2807);
#132=PLANE('',#2809);
#133=PLANE('',#2810);
#134=PLANE('',#2812);
#135=PLANE('',#2813);
#136=PLANE('',#2815);
#137=PLANE('',#2816);
#138=PLANE('',#2817);
#139=PLANE('',#2818);
#140=PLANE('',#2819);
#141=PLANE('',#2820);
#142=PLANE('',#2821);
#143=PLANE('',#2822);
#144=PLANE('',#2823);
#145=PLANE('',#2824);
#146=PLANE('',#2830);
#147=PLANE('',#2839);
#148=PLANE('',#2840);
#149=PLANE('',#2841);
#150=PLANE('',#2842);
#151=PLANE('',#2843);
#152=PLANE('',#2844);
#153=PLANE('',#2845);
#154=PLANE('',#2846);
#155=PLANE('',#2847);
#156=PLANE('',#2848);
#157=PLANE('',#2852);
#158=PLANE('',#2853);
#159=PLANE('',#2854);
#160=PLANE('',#2855);
#161=PLANE('',#2856);
#162=PLANE('',#2857);
#163=PLANE('',#2858);
#164=PLANE('',#2859);
#165=PLANE('',#2860);
#166=PLANE('',#2861);
#167=PLANE('',#2862);
#168=PLANE('',#2863);
#169=PLANE('',#2864);
#170=PLANE('',#2865);
#171=PLANE('',#2866);
#172=PLANE('',#2867);
#173=PLANE('',#2868);
#174=PLANE('',#2871);
#175=PLANE('',#2872);
#176=PLANE('',#2874);
#177=PLANE('',#2875);
#178=PLANE('',#2877);
#179=PLANE('',#2878);
#180=PLANE('',#2880);
#181=PLANE('',#2881);
#182=PLANE('',#2883);
#183=PLANE('',#2884);
#184=PLANE('',#2886);
#185=PLANE('',#2887);
#186=PLANE('',#2888);
#187=PLANE('',#2889);
#188=PLANE('',#2890);
#189=PLANE('',#2891);
#190=PLANE('',#2892);
#191=PLANE('',#2893);
#192=PLANE('',#2894);
#193=PLANE('',#2895);
#194=PLANE('',#2901);
#195=PLANE('',#2910);
#196=PLANE('',#2911);
#197=PLANE('',#2912);
#198=PLANE('',#2913);
#199=PLANE('',#2914);
#200=PLANE('',#2915);
#201=PLANE('',#2916);
#202=PLANE('',#2917);
#203=PLANE('',#2918);
#204=PLANE('',#2931);
#205=PLANE('',#2932);
#206=PLANE('',#2937);
#207=PLANE('',#2938);
#208=PLANE('',#2942);
#209=PLANE('',#2943);
#210=PLANE('',#2947);
#211=PLANE('',#2948);
#212=PLANE('',#2952);
#213=PLANE('',#2953);
#214=PLANE('',#2957);
#215=PLANE('',#2958);
#216=PLANE('',#2962);
#217=PLANE('',#2963);
#218=PLANE('',#2967);
#219=PLANE('',#2968);
#220=PLANE('',#2972);
#221=PLANE('',#2973);
#222=PLANE('',#2977);
#223=PLANE('',#2978);
#224=PLANE('',#2982);
#225=PLANE('',#2983);
#226=PLANE('',#2987);
#227=PLANE('',#2988);
#228=PLANE('',#2992);
#229=PLANE('',#2993);
#230=FACE_OUTER_BOUND('',#398,.T.);
#231=FACE_OUTER_BOUND('',#399,.T.);
#232=FACE_OUTER_BOUND('',#400,.T.);
#233=FACE_OUTER_BOUND('',#401,.T.);
#234=FACE_OUTER_BOUND('',#402,.T.);
#235=FACE_OUTER_BOUND('',#403,.T.);
#236=FACE_OUTER_BOUND('',#404,.T.);
#237=FACE_OUTER_BOUND('',#405,.T.);
#238=FACE_OUTER_BOUND('',#406,.T.);
#239=FACE_OUTER_BOUND('',#407,.T.);
#240=FACE_OUTER_BOUND('',#408,.T.);
#241=FACE_OUTER_BOUND('',#409,.T.);
#242=FACE_OUTER_BOUND('',#410,.T.);
#243=FACE_OUTER_BOUND('',#411,.T.);
#244=FACE_OUTER_BOUND('',#412,.T.);
#245=FACE_OUTER_BOUND('',#413,.T.);
#246=FACE_OUTER_BOUND('',#414,.T.);
#247=FACE_OUTER_BOUND('',#415,.T.);
#248=FACE_OUTER_BOUND('',#416,.T.);
#249=FACE_OUTER_BOUND('',#417,.T.);
#250=FACE_OUTER_BOUND('',#418,.T.);
#251=FACE_OUTER_BOUND('',#419,.T.);
#252=FACE_OUTER_BOUND('',#420,.T.);
#253=FACE_OUTER_BOUND('',#421,.T.);
#254=FACE_OUTER_BOUND('',#422,.T.);
#255=FACE_OUTER_BOUND('',#423,.T.);
#256=FACE_OUTER_BOUND('',#424,.T.);
#257=FACE_OUTER_BOUND('',#425,.T.);
#258=FACE_OUTER_BOUND('',#426,.T.);
#259=FACE_OUTER_BOUND('',#427,.T.);
#260=FACE_OUTER_BOUND('',#428,.T.);
#261=FACE_OUTER_BOUND('',#429,.T.);
#262=FACE_OUTER_BOUND('',#430,.T.);
#263=FACE_OUTER_BOUND('',#431,.T.);
#264=FACE_OUTER_BOUND('',#433,.T.);
#265=FACE_OUTER_BOUND('',#434,.T.);
#266=FACE_OUTER_BOUND('',#436,.T.);
#267=FACE_OUTER_BOUND('',#437,.T.);
#268=FACE_OUTER_BOUND('',#439,.T.);
#269=FACE_OUTER_BOUND('',#440,.T.);
#270=FACE_OUTER_BOUND('',#442,.T.);
#271=FACE_OUTER_BOUND('',#443,.T.);
#272=FACE_OUTER_BOUND('',#445,.T.);
#273=FACE_OUTER_BOUND('',#446,.T.);
#274=FACE_OUTER_BOUND('',#448,.T.);
#275=FACE_OUTER_BOUND('',#449,.T.);
#276=FACE_OUTER_BOUND('',#450,.T.);
#277=FACE_OUTER_BOUND('',#451,.T.);
#278=FACE_OUTER_BOUND('',#452,.T.);
#279=FACE_OUTER_BOUND('',#453,.T.);
#280=FACE_OUTER_BOUND('',#454,.T.);
#281=FACE_OUTER_BOUND('',#455,.T.);
#282=FACE_OUTER_BOUND('',#456,.T.);
#283=FACE_OUTER_BOUND('',#457,.T.);
#284=FACE_OUTER_BOUND('',#458,.T.);
#285=FACE_OUTER_BOUND('',#459,.T.);
#286=FACE_OUTER_BOUND('',#460,.T.);
#287=FACE_OUTER_BOUND('',#462,.T.);
#288=FACE_OUTER_BOUND('',#463,.T.);
#289=FACE_OUTER_BOUND('',#464,.T.);
#290=FACE_OUTER_BOUND('',#465,.T.);
#291=FACE_OUTER_BOUND('',#466,.T.);
#292=FACE_OUTER_BOUND('',#467,.T.);
#293=FACE_OUTER_BOUND('',#468,.T.);
#294=FACE_OUTER_BOUND('',#469,.T.);
#295=FACE_OUTER_BOUND('',#470,.T.);
#296=FACE_OUTER_BOUND('',#471,.T.);
#297=FACE_OUTER_BOUND('',#472,.T.);
#298=FACE_OUTER_BOUND('',#473,.T.);
#299=FACE_OUTER_BOUND('',#474,.T.);
#300=FACE_OUTER_BOUND('',#475,.T.);
#301=FACE_OUTER_BOUND('',#477,.T.);
#302=FACE_OUTER_BOUND('',#478,.T.);
#303=FACE_OUTER_BOUND('',#479,.T.);
#304=FACE_OUTER_BOUND('',#480,.T.);
#305=FACE_OUTER_BOUND('',#481,.T.);
#306=FACE_OUTER_BOUND('',#482,.T.);
#307=FACE_OUTER_BOUND('',#483,.T.);
#308=FACE_OUTER_BOUND('',#484,.T.);
#309=FACE_OUTER_BOUND('',#485,.T.);
#310=FACE_OUTER_BOUND('',#486,.T.);
#311=FACE_OUTER_BOUND('',#487,.T.);
#312=FACE_OUTER_BOUND('',#488,.T.);
#313=FACE_OUTER_BOUND('',#489,.T.);
#314=FACE_OUTER_BOUND('',#490,.T.);
#315=FACE_OUTER_BOUND('',#491,.T.);
#316=FACE_OUTER_BOUND('',#492,.T.);
#317=FACE_OUTER_BOUND('',#493,.T.);
#318=FACE_OUTER_BOUND('',#494,.T.);
#319=FACE_OUTER_BOUND('',#496,.T.);
#320=FACE_OUTER_BOUND('',#497,.T.);
#321=FACE_OUTER_BOUND('',#499,.T.);
#322=FACE_OUTER_BOUND('',#500,.T.);
#323=FACE_OUTER_BOUND('',#502,.T.);
#324=FACE_OUTER_BOUND('',#503,.T.);
#325=FACE_OUTER_BOUND('',#505,.T.);
#326=FACE_OUTER_BOUND('',#506,.T.);
#327=FACE_OUTER_BOUND('',#508,.T.);
#328=FACE_OUTER_BOUND('',#509,.T.);
#329=FACE_OUTER_BOUND('',#511,.T.);
#330=FACE_OUTER_BOUND('',#512,.T.);
#331=FACE_OUTER_BOUND('',#513,.T.);
#332=FACE_OUTER_BOUND('',#514,.T.);
#333=FACE_OUTER_BOUND('',#515,.T.);
#334=FACE_OUTER_BOUND('',#516,.T.);
#335=FACE_OUTER_BOUND('',#517,.T.);
#336=FACE_OUTER_BOUND('',#518,.T.);
#337=FACE_OUTER_BOUND('',#519,.T.);
#338=FACE_OUTER_BOUND('',#520,.T.);
#339=FACE_OUTER_BOUND('',#521,.T.);
#340=FACE_OUTER_BOUND('',#522,.T.);
#341=FACE_OUTER_BOUND('',#523,.T.);
#342=FACE_OUTER_BOUND('',#525,.T.);
#343=FACE_OUTER_BOUND('',#526,.T.);
#344=FACE_OUTER_BOUND('',#527,.T.);
#345=FACE_OUTER_BOUND('',#528,.T.);
#346=FACE_OUTER_BOUND('',#529,.T.);
#347=FACE_OUTER_BOUND('',#530,.T.);
#348=FACE_OUTER_BOUND('',#531,.T.);
#349=FACE_OUTER_BOUND('',#532,.T.);
#350=FACE_OUTER_BOUND('',#533,.T.);
#351=FACE_OUTER_BOUND('',#534,.T.);
#352=FACE_OUTER_BOUND('',#535,.T.);
#353=FACE_OUTER_BOUND('',#536,.T.);
#354=FACE_OUTER_BOUND('',#537,.T.);
#355=FACE_OUTER_BOUND('',#539,.T.);
#356=FACE_OUTER_BOUND('',#540,.T.);
#357=FACE_OUTER_BOUND('',#541,.T.);
#358=FACE_OUTER_BOUND('',#542,.T.);
#359=FACE_OUTER_BOUND('',#543,.T.);
#360=FACE_OUTER_BOUND('',#544,.T.);
#361=FACE_OUTER_BOUND('',#546,.T.);
#362=FACE_OUTER_BOUND('',#548,.T.);
#363=FACE_OUTER_BOUND('',#549,.T.);
#364=FACE_OUTER_BOUND('',#550,.T.);
#365=FACE_OUTER_BOUND('',#551,.T.);
#366=FACE_OUTER_BOUND('',#552,.T.);
#367=FACE_OUTER_BOUND('',#553,.T.);
#368=FACE_OUTER_BOUND('',#554,.T.);
#369=FACE_OUTER_BOUND('',#555,.T.);
#370=FACE_OUTER_BOUND('',#556,.T.);
#371=FACE_OUTER_BOUND('',#557,.T.);
#372=FACE_OUTER_BOUND('',#558,.T.);
#373=FACE_OUTER_BOUND('',#559,.T.);
#374=FACE_OUTER_BOUND('',#560,.T.);
#375=FACE_OUTER_BOUND('',#561,.T.);
#376=FACE_OUTER_BOUND('',#562,.T.);
#377=FACE_OUTER_BOUND('',#563,.T.);
#378=FACE_OUTER_BOUND('',#564,.T.);
#379=FACE_OUTER_BOUND('',#565,.T.);
#380=FACE_OUTER_BOUND('',#566,.T.);
#381=FACE_OUTER_BOUND('',#567,.T.);
#382=FACE_OUTER_BOUND('',#568,.T.);
#383=FACE_OUTER_BOUND('',#569,.T.);
#384=FACE_OUTER_BOUND('',#570,.T.);
#385=FACE_OUTER_BOUND('',#571,.T.);
#386=FACE_OUTER_BOUND('',#572,.T.);
#387=FACE_OUTER_BOUND('',#573,.T.);
#388=FACE_OUTER_BOUND('',#574,.T.);
#389=FACE_OUTER_BOUND('',#575,.T.);
#390=FACE_OUTER_BOUND('',#576,.T.);
#391=FACE_OUTER_BOUND('',#577,.T.);
#392=FACE_OUTER_BOUND('',#578,.T.);
#393=FACE_OUTER_BOUND('',#579,.T.);
#394=FACE_OUTER_BOUND('',#580,.T.);
#395=FACE_OUTER_BOUND('',#581,.T.);
#396=FACE_OUTER_BOUND('',#582,.T.);
#397=FACE_OUTER_BOUND('',#583,.T.);
#398=EDGE_LOOP('',(#1792,#1793,#1794,#1795));
#399=EDGE_LOOP('',(#1796,#1797,#1798,#1799,#1800,#1801));
#400=EDGE_LOOP('',(#1802,#1803,#1804,#1805,#1806));
#401=EDGE_LOOP('',(#1807,#1808,#1809,#1810));
#402=EDGE_LOOP('',(#1811,#1812,#1813,#1814));
#403=EDGE_LOOP('',(#1815,#1816,#1817,#1818,#1819,#1820,#1821,#1822,#1823));
#404=EDGE_LOOP('',(#1824,#1825,#1826,#1827));
#405=EDGE_LOOP('',(#1828,#1829,#1830,#1831));
#406=EDGE_LOOP('',(#1832,#1833,#1834,#1835));
#407=EDGE_LOOP('',(#1836,#1837,#1838,#1839,#1840,#1841,#1842,#1843,#1844));
#408=EDGE_LOOP('',(#1845,#1846,#1847,#1848));
#409=EDGE_LOOP('',(#1849));
#410=EDGE_LOOP('',(#1850,#1851,#1852,#1853));
#411=EDGE_LOOP('',(#1854,#1855,#1856,#1857));
#412=EDGE_LOOP('',(#1858,#1859,#1860,#1861,#1862,#1863,#1864,#1865,#1866));
#413=EDGE_LOOP('',(#1867,#1868,#1869,#1870,#1871,#1872,#1873,#1874,#1875,
#1876,#1877,#1878,#1879,#1880));
#414=EDGE_LOOP('',(#1881,#1882,#1883,#1884));
#415=EDGE_LOOP('',(#1885,#1886,#1887,#1888,#1889,#1890,#1891,#1892,#1893,
#1894,#1895,#1896,#1897,#1898));
#416=EDGE_LOOP('',(#1899,#1900,#1901,#1902,#1903,#1904));
#417=EDGE_LOOP('',(#1905,#1906,#1907,#1908));
#418=EDGE_LOOP('',(#1909,#1910,#1911,#1912));
#419=EDGE_LOOP('',(#1913,#1914,#1915,#1916,#1917,#1918));
#420=EDGE_LOOP('',(#1919,#1920,#1921,#1922));
#421=EDGE_LOOP('',(#1923,#1924,#1925,#1926));
#422=EDGE_LOOP('',(#1927,#1928,#1929,#1930,#1931,#1932));
#423=EDGE_LOOP('',(#1933,#1934,#1935,#1936));
#424=EDGE_LOOP('',(#1937,#1938,#1939,#1940));
#425=EDGE_LOOP('',(#1941,#1942,#1943,#1944,#1945,#1946));
#426=EDGE_LOOP('',(#1947,#1948,#1949,#1950));
#427=EDGE_LOOP('',(#1951,#1952,#1953,#1954));
#428=EDGE_LOOP('',(#1955,#1956,#1957,#1958,#1959,#1960));
#429=EDGE_LOOP('',(#1961,#1962,#1963,#1964));
#430=EDGE_LOOP('',(#1965,#1966,#1967,#1968,#1969));
#431=EDGE_LOOP('',(#1970,#1971,#1972,#1973,#1974,#1975,#1976,#1977,#1978,
#1979,#1980,#1981,#1982,#1983,#1984,#1985,#1986,#1987,#1988,#1989,#1990,
#1991,#1992,#1993,#1994,#1995));
#432=EDGE_LOOP('',(#1996));
#433=EDGE_LOOP('',(#1997,#1998,#1999,#2000));
#434=EDGE_LOOP('',(#2001,#2002,#2003,#2004));
#435=EDGE_LOOP('',(#2005));
#436=EDGE_LOOP('',(#2006,#2007,#2008,#2009));
#437=EDGE_LOOP('',(#2010,#2011,#2012,#2013));
#438=EDGE_LOOP('',(#2014));
#439=EDGE_LOOP('',(#2015,#2016,#2017,#2018));
#440=EDGE_LOOP('',(#2019,#2020,#2021,#2022));
#441=EDGE_LOOP('',(#2023));
#442=EDGE_LOOP('',(#2024,#2025,#2026,#2027));
#443=EDGE_LOOP('',(#2028,#2029,#2030,#2031));
#444=EDGE_LOOP('',(#2032));
#445=EDGE_LOOP('',(#2033,#2034,#2035,#2036));
#446=EDGE_LOOP('',(#2037,#2038,#2039,#2040));
#447=EDGE_LOOP('',(#2041));
#448=EDGE_LOOP('',(#2042,#2043,#2044,#2045));
#449=EDGE_LOOP('',(#2046,#2047,#2048,#2049,#2050,#2051));
#450=EDGE_LOOP('',(#2052,#2053,#2054,#2055));
#451=EDGE_LOOP('',(#2056,#2057,#2058,#2059,#2060,#2061));
#452=EDGE_LOOP('',(#2062,#2063,#2064,#2065));
#453=EDGE_LOOP('',(#2066,#2067,#2068,#2069,#2070,#2071));
#454=EDGE_LOOP('',(#2072,#2073,#2074,#2075));
#455=EDGE_LOOP('',(#2076,#2077,#2078,#2079,#2080,#2081));
#456=EDGE_LOOP('',(#2082,#2083,#2084,#2085));
#457=EDGE_LOOP('',(#2086,#2087,#2088,#2089,#2090,#2091));
#458=EDGE_LOOP('',(#2092,#2093,#2094,#2095));
#459=EDGE_LOOP('',(#2096,#2097,#2098,#2099));
#460=EDGE_LOOP('',(#2100,#2101,#2102,#2103));
#461=EDGE_LOOP('',(#2104));
#462=EDGE_LOOP('',(#2105,#2106,#2107,#2108));
#463=EDGE_LOOP('',(#2109,#2110,#2111,#2112));
#464=EDGE_LOOP('',(#2113,#2114,#2115,#2116));
#465=EDGE_LOOP('',(#2117,#2118,#2119,#2120));
#466=EDGE_LOOP('',(#2121));
#467=EDGE_LOOP('',(#2122));
#468=EDGE_LOOP('',(#2123,#2124,#2125,#2126));
#469=EDGE_LOOP('',(#2127));
#470=EDGE_LOOP('',(#2128));
#471=EDGE_LOOP('',(#2129));
#472=EDGE_LOOP('',(#2130));
#473=EDGE_LOOP('',(#2131,#2132,#2133,#2134,#2135));
#474=EDGE_LOOP('',(#2136,#2137,#2138,#2139,#2140,#2141,#2142,#2143));
#475=EDGE_LOOP('',(#2144,#2145));
#476=EDGE_LOOP('',(#2146));
#477=EDGE_LOOP('',(#2147,#2148,#2149,#2150));
#478=EDGE_LOOP('',(#2151,#2152,#2153,#2154));
#479=EDGE_LOOP('',(#2155,#2156,#2157,#2158,#2159,#2160));
#480=EDGE_LOOP('',(#2161,#2162,#2163,#2164));
#481=EDGE_LOOP('',(#2165,#2166,#2167,#2168));
#482=EDGE_LOOP('',(#2169,#2170,#2171,#2172,#2173,#2174));
#483=EDGE_LOOP('',(#2175,#2176,#2177,#2178));
#484=EDGE_LOOP('',(#2179,#2180,#2181,#2182));
#485=EDGE_LOOP('',(#2183,#2184,#2185,#2186,#2187,#2188));
#486=EDGE_LOOP('',(#2189,#2190,#2191,#2192));
#487=EDGE_LOOP('',(#2193,#2194,#2195,#2196));
#488=EDGE_LOOP('',(#2197,#2198,#2199,#2200,#2201,#2202));
#489=EDGE_LOOP('',(#2203,#2204,#2205,#2206));
#490=EDGE_LOOP('',(#2207,#2208,#2209,#2210));
#491=EDGE_LOOP('',(#2211,#2212,#2213,#2214,#2215,#2216));
#492=EDGE_LOOP('',(#2217,#2218,#2219,#2220));
#493=EDGE_LOOP('',(#2221,#2222,#2223,#2224,#2225));
#494=EDGE_LOOP('',(#2226,#2227,#2228,#2229,#2230,#2231,#2232,#2233,#2234,
#2235,#2236,#2237,#2238,#2239,#2240,#2241,#2242,#2243,#2244,#2245,#2246,
#2247,#2248,#2249,#2250,#2251));
#495=EDGE_LOOP('',(#2252));
#496=EDGE_LOOP('',(#2253,#2254,#2255,#2256));
#497=EDGE_LOOP('',(#2257,#2258,#2259,#2260,#2261));
#498=EDGE_LOOP('',(#2262));
#499=EDGE_LOOP('',(#2263,#2264,#2265,#2266));
#500=EDGE_LOOP('',(#2267,#2268,#2269,#2270));
#501=EDGE_LOOP('',(#2271));
#502=EDGE_LOOP('',(#2272,#2273,#2274,#2275));
#503=EDGE_LOOP('',(#2276,#2277,#2278,#2279));
#504=EDGE_LOOP('',(#2280));
#505=EDGE_LOOP('',(#2281,#2282,#2283,#2284));
#506=EDGE_LOOP('',(#2285,#2286,#2287,#2288));
#507=EDGE_LOOP('',(#2289));
#508=EDGE_LOOP('',(#2290,#2291,#2292,#2293));
#509=EDGE_LOOP('',(#2294,#2295,#2296,#2297));
#510=EDGE_LOOP('',(#2298));
#511=EDGE_LOOP('',(#2299,#2300,#2301,#2302));
#512=EDGE_LOOP('',(#2303,#2304,#2305,#2306,#2307,#2308));
#513=EDGE_LOOP('',(#2309,#2310,#2311,#2312));
#514=EDGE_LOOP('',(#2313,#2314,#2315,#2316,#2317,#2318));
#515=EDGE_LOOP('',(#2319,#2320,#2321,#2322));
#516=EDGE_LOOP('',(#2323,#2324,#2325,#2326,#2327,#2328));
#517=EDGE_LOOP('',(#2329,#2330,#2331,#2332));
#518=EDGE_LOOP('',(#2333,#2334,#2335,#2336,#2337,#2338));
#519=EDGE_LOOP('',(#2339,#2340,#2341,#2342));
#520=EDGE_LOOP('',(#2343,#2344,#2345,#2346,#2347,#2348));
#521=EDGE_LOOP('',(#2349,#2350,#2351,#2352));
#522=EDGE_LOOP('',(#2353,#2354,#2355,#2356));
#523=EDGE_LOOP('',(#2357,#2358,#2359,#2360));
#524=EDGE_LOOP('',(#2361));
#525=EDGE_LOOP('',(#2362,#2363,#2364,#2365));
#526=EDGE_LOOP('',(#2366,#2367,#2368,#2369));
#527=EDGE_LOOP('',(#2370,#2371,#2372,#2373));
#528=EDGE_LOOP('',(#2374,#2375,#2376,#2377));
#529=EDGE_LOOP('',(#2378));
#530=EDGE_LOOP('',(#2379));
#531=EDGE_LOOP('',(#2380,#2381,#2382,#2383));
#532=EDGE_LOOP('',(#2384));
#533=EDGE_LOOP('',(#2385));
#534=EDGE_LOOP('',(#2386));
#535=EDGE_LOOP('',(#2387));
#536=EDGE_LOOP('',(#2388,#2389,#2390,#2391,#2392));
#537=EDGE_LOOP('',(#2393,#2394));
#538=EDGE_LOOP('',(#2395));
#539=EDGE_LOOP('',(#2396,#2397,#2398,#2399));
#540=EDGE_LOOP('',(#2400,#2401,#2402,#2403));
#541=EDGE_LOOP('',(#2404,#2405,#2406,#2407));
#542=EDGE_LOOP('',(#2408,#2409,#2410,#2411));
#543=EDGE_LOOP('',(#2412,#2413,#2414,#2415));
#544=EDGE_LOOP('',(#2416));
#545=EDGE_LOOP('',(#2417));
#546=EDGE_LOOP('',(#2418));
#547=EDGE_LOOP('',(#2419));
#548=EDGE_LOOP('',(#2420,#2421,#2422,#2423));
#549=EDGE_LOOP('',(#2424));
#550=EDGE_LOOP('',(#2425));
#551=EDGE_LOOP('',(#2426,#2427,#2428,#2429));
#552=EDGE_LOOP('',(#2430));
#553=EDGE_LOOP('',(#2431));
#554=EDGE_LOOP('',(#2432,#2433,#2434,#2435));
#555=EDGE_LOOP('',(#2436));
#556=EDGE_LOOP('',(#2437));
#557=EDGE_LOOP('',(#2438,#2439,#2440,#2441));
#558=EDGE_LOOP('',(#2442));
#559=EDGE_LOOP('',(#2443));
#560=EDGE_LOOP('',(#2444,#2445,#2446,#2447));
#561=EDGE_LOOP('',(#2448));
#562=EDGE_LOOP('',(#2449));
#563=EDGE_LOOP('',(#2450,#2451,#2452,#2453));
#564=EDGE_LOOP('',(#2454));
#565=EDGE_LOOP('',(#2455));
#566=EDGE_LOOP('',(#2456,#2457,#2458,#2459));
#567=EDGE_LOOP('',(#2460));
#568=EDGE_LOOP('',(#2461));
#569=EDGE_LOOP('',(#2462,#2463,#2464,#2465));
#570=EDGE_LOOP('',(#2466));
#571=EDGE_LOOP('',(#2467));
#572=EDGE_LOOP('',(#2468,#2469,#2470,#2471));
#573=EDGE_LOOP('',(#2472));
#574=EDGE_LOOP('',(#2473));
#575=EDGE_LOOP('',(#2474,#2475,#2476,#2477));
#576=EDGE_LOOP('',(#2478));
#577=EDGE_LOOP('',(#2479));
#578=EDGE_LOOP('',(#2480,#2481,#2482,#2483));
#579=EDGE_LOOP('',(#2484));
#580=EDGE_LOOP('',(#2485));
#581=EDGE_LOOP('',(#2486,#2487,#2488,#2489));
#582=EDGE_LOOP('',(#2490));
#583=EDGE_LOOP('',(#2491));
#584=LINE('',#3786,#866);
#585=LINE('',#3789,#867);
#586=LINE('',#3794,#868);
#587=LINE('',#3801,#869);
#588=LINE('',#3802,#870);
#589=LINE('',#3808,#871);
#590=LINE('',#3811,#872);
#591=LINE('',#3813,#873);
#592=LINE('',#3814,#874);
#593=LINE('',#3817,#875);
#594=LINE('',#3819,#876);
#595=LINE('',#3821,#877);
#596=LINE('',#3823,#878);
#597=LINE('',#3824,#879);
#598=LINE('',#3827,#880);
#599=LINE('',#3828,#881);
#600=LINE('',#3831,#882);
#601=LINE('',#3832,#883);
#602=LINE('',#3835,#884);
#603=LINE('',#3836,#885);
#604=LINE('',#3839,#886);
#605=LINE('',#3840,#887);
#606=LINE('',#3842,#888);
#607=LINE('',#3849,#889);
#608=LINE('',#3851,#890);
#609=LINE('',#3853,#891);
#610=LINE('',#3854,#892);
#611=LINE('',#3857,#893);
#612=LINE('',#3859,#894);
#613=LINE('',#3861,#895);
#614=LINE('',#3863,#896);
#615=LINE('',#3865,#897);
#616=LINE('',#3867,#898);
#617=LINE('',#3869,#899);
#618=LINE('',#3870,#900);
#619=LINE('',#3873,#901);
#620=LINE('',#3875,#902);
#621=LINE('',#3877,#903);
#622=LINE('',#3879,#904);
#623=LINE('',#3881,#905);
#624=LINE('',#3883,#906);
#625=LINE('',#3885,#907);
#626=LINE('',#3887,#908);
#627=LINE('',#3889,#909);
#628=LINE('',#3891,#910);
#629=LINE('',#3893,#911);
#630=LINE('',#3894,#912);
#631=LINE('',#3898,#913);
#632=LINE('',#3900,#914);
#633=LINE('',#3902,#915);
#634=LINE('',#3903,#916);
#635=LINE('',#3906,#917);
#636=LINE('',#3908,#918);
#637=LINE('',#3910,#919);
#638=LINE('',#3912,#920);
#639=LINE('',#3914,#921);
#640=LINE('',#3916,#922);
#641=LINE('',#3918,#923);
#642=LINE('',#3920,#924);
#643=LINE('',#3922,#925);
#644=LINE('',#3924,#926);
#645=LINE('',#3926,#927);
#646=LINE('',#3928,#928);
#647=LINE('',#3929,#929);
#648=LINE('',#3932,#930);
#649=LINE('',#3934,#931);
#650=LINE('',#3936,#932);
#651=LINE('',#3938,#933);
#652=LINE('',#3939,#934);
#653=LINE('',#3942,#935);
#654=LINE('',#3944,#936);
#655=LINE('',#3945,#937);
#656=LINE('',#3948,#938);
#657=LINE('',#3950,#939);
#658=LINE('',#3951,#940);
#659=LINE('',#3954,#941);
#660=LINE('',#3956,#942);
#661=LINE('',#3958,#943);
#662=LINE('',#3959,#944);
#663=LINE('',#3962,#945);
#664=LINE('',#3964,#946);
#665=LINE('',#3965,#947);
#666=LINE('',#3968,#948);
#667=LINE('',#3970,#949);
#668=LINE('',#3971,#950);
#669=LINE('',#3974,#951);
#670=LINE('',#3976,#952);
#671=LINE('',#3978,#953);
#672=LINE('',#3979,#954);
#673=LINE('',#3982,#955);
#674=LINE('',#3984,#956);
#675=LINE('',#3985,#957);
#676=LINE('',#3988,#958);
#677=LINE('',#3990,#959);
#678=LINE('',#3991,#960);
#679=LINE('',#3994,#961);
#680=LINE('',#3996,#962);
#681=LINE('',#3998,#963);
#682=LINE('',#3999,#964);
#683=LINE('',#4002,#965);
#684=LINE('',#4004,#966);
#685=LINE('',#4005,#967);
#686=LINE('',#4008,#968);
#687=LINE('',#4010,#969);
#688=LINE('',#4011,#970);
#689=LINE('',#4014,#971);
#690=LINE('',#4016,#972);
#691=LINE('',#4018,#973);
#692=LINE('',#4019,#974);
#693=LINE('',#4023,#975);
#694=LINE('',#4025,#976);
#695=LINE('',#4027,#977);
#696=LINE('',#4028,#978);
#697=LINE('',#4030,#979);
#698=LINE('',#4032,#980);
#699=LINE('',#4033,#981);
#700=LINE('',#4036,#982);
#701=LINE('',#4040,#983);
#702=LINE('',#4042,#984);
#703=LINE('',#4044,#985);
#704=LINE('',#4046,#986);
#705=LINE('',#4047,#987);
#706=LINE('',#4048,#988);
#707=LINE('',#4050,#989);
#708=LINE('',#4052,#990);
#709=LINE('',#4053,#991);
#710=LINE('',#4055,#992);
#711=LINE('',#4057,#993);
#712=LINE('',#4058,#994);
#713=LINE('',#4060,#995);
#714=LINE('',#4062,#996);
#715=LINE('',#4063,#997);
#716=LINE('',#4065,#998);
#717=LINE('',#4066,#999);
#718=LINE('',#4071,#1000);
#719=LINE('',#4073,#1001);
#720=LINE('',#4074,#1002);
#721=LINE('',#4076,#1003);
#722=LINE('',#4077,#1004);
#723=LINE('',#4081,#1005);
#724=LINE('',#4087,#1006);
#725=LINE('',#4088,#1007);
#726=LINE('',#4090,#1008);
#727=LINE('',#4095,#1009);
#728=LINE('',#4096,#1010);
#729=LINE('',#4098,#1011);
#730=LINE('',#4103,#1012);
#731=LINE('',#4104,#1013);
#732=LINE('',#4106,#1014);
#733=LINE('',#4110,#1015);
#734=LINE('',#4112,#1016);
#735=LINE('',#4114,#1017);
#736=LINE('',#4117,#1018);
#737=LINE('',#4120,#1019);
#738=LINE('',#4124,#1020);
#739=LINE('',#4125,#1021);
#740=LINE('',#4127,#1022);
#741=LINE('',#4131,#1023);
#742=LINE('',#4136,#1024);
#743=LINE('',#4142,#1025);
#744=LINE('',#4146,#1026);
#745=LINE('',#4150,#1027);
#746=LINE('',#4154,#1028);
#747=LINE('',#4163,#1029);
#748=LINE('',#4166,#1030);
#749=LINE('',#4168,#1031);
#750=LINE('',#4169,#1032);
#751=LINE('',#4177,#1033);
#752=LINE('',#4179,#1034);
#753=LINE('',#4180,#1035);
#754=LINE('',#4183,#1036);
#755=LINE('',#4185,#1037);
#756=LINE('',#4187,#1038);
#757=LINE('',#4189,#1039);
#758=LINE('',#4190,#1040);
#759=LINE('',#4193,#1041);
#760=LINE('',#4195,#1042);
#761=LINE('',#4196,#1043);
#762=LINE('',#4199,#1044);
#763=LINE('',#4201,#1045);
#764=LINE('',#4202,#1046);
#765=LINE('',#4205,#1047);
#766=LINE('',#4207,#1048);
#767=LINE('',#4209,#1049);
#768=LINE('',#4210,#1050);
#769=LINE('',#4213,#1051);
#770=LINE('',#4215,#1052);
#771=LINE('',#4216,#1053);
#772=LINE('',#4219,#1054);
#773=LINE('',#4221,#1055);
#774=LINE('',#4222,#1056);
#775=LINE('',#4225,#1057);
#776=LINE('',#4227,#1058);
#777=LINE('',#4229,#1059);
#778=LINE('',#4230,#1060);
#779=LINE('',#4233,#1061);
#780=LINE('',#4235,#1062);
#781=LINE('',#4236,#1063);
#782=LINE('',#4239,#1064);
#783=LINE('',#4241,#1065);
#784=LINE('',#4242,#1066);
#785=LINE('',#4245,#1067);
#786=LINE('',#4247,#1068);
#787=LINE('',#4249,#1069);
#788=LINE('',#4250,#1070);
#789=LINE('',#4253,#1071);
#790=LINE('',#4255,#1072);
#791=LINE('',#4256,#1073);
#792=LINE('',#4259,#1074);
#793=LINE('',#4261,#1075);
#794=LINE('',#4262,#1076);
#795=LINE('',#4265,#1077);
#796=LINE('',#4267,#1078);
#797=LINE('',#4269,#1079);
#798=LINE('',#4270,#1080);
#799=LINE('',#4274,#1081);
#800=LINE('',#4276,#1082);
#801=LINE('',#4278,#1083);
#802=LINE('',#4279,#1084);
#803=LINE('',#4281,#1085);
#804=LINE('',#4282,#1086);
#805=LINE('',#4285,#1087);
#806=LINE('',#4286,#1088);
#807=LINE('',#4288,#1089);
#808=LINE('',#4290,#1090);
#809=LINE('',#4291,#1091);
#810=LINE('',#4293,#1092);
#811=LINE('',#4295,#1093);
#812=LINE('',#4296,#1094);
#813=LINE('',#4298,#1095);
#814=LINE('',#4300,#1096);
#815=LINE('',#4301,#1097);
#816=LINE('',#4302,#1098);
#817=LINE('',#4304,#1099);
#818=LINE('',#4306,#1100);
#819=LINE('',#4308,#1101);
#820=LINE('',#4309,#1102);
#821=LINE('',#4315,#1103);
#822=LINE('',#4317,#1104);
#823=LINE('',#4318,#1105);
#824=LINE('',#4320,#1106);
#825=LINE('',#4321,#1107);
#826=LINE('',#4325,#1108);
#827=LINE('',#4331,#1109);
#828=LINE('',#4332,#1110);
#829=LINE('',#4334,#1111);
#830=LINE('',#4339,#1112);
#831=LINE('',#4340,#1113);
#832=LINE('',#4342,#1114);
#833=LINE('',#4347,#1115);
#834=LINE('',#4348,#1116);
#835=LINE('',#4350,#1117);
#836=LINE('',#4354,#1118);
#837=LINE('',#4356,#1119);
#838=LINE('',#4358,#1120);
#839=LINE('',#4361,#1121);
#840=LINE('',#4364,#1122);
#841=LINE('',#4368,#1123);
#842=LINE('',#4369,#1124);
#843=LINE('',#4371,#1125);
#844=LINE('',#4375,#1126);
#845=LINE('',#4380,#1127);
#846=LINE('',#4386,#1128);
#847=LINE('',#4390,#1129);
#848=LINE('',#4394,#1130);
#849=LINE('',#4398,#1131);
#850=LINE('',#4413,#1132);
#851=LINE('',#4415,#1133);
#852=LINE('',#4421,#1134);
#853=LINE('',#4427,#1135);
#854=LINE('',#4436,#1136);
#855=LINE('',#4444,#1137);
#856=LINE('',#4452,#1138);
#857=LINE('',#4460,#1139);
#858=LINE('',#4468,#1140);
#859=LINE('',#4476,#1141);
#860=LINE('',#4484,#1142);
#861=LINE('',#4492,#1143);
#862=LINE('',#4500,#1144);
#863=LINE('',#4508,#1145);
#864=LINE('',#4516,#1146);
#865=LINE('',#4524,#1147);
#866=VECTOR('',#3009,10.);
#867=VECTOR('',#3012,10.);
#868=VECTOR('',#3017,4.90000000000007);
#869=VECTOR('',#3026,10.);
#870=VECTOR('',#3027,10.);
#871=VECTOR('',#3032,10.);
#872=VECTOR('',#3035,10.);
#873=VECTOR('',#3038,10.);
#874=VECTOR('',#3039,10.);
#875=VECTOR('',#3042,10.);
#876=VECTOR('',#3043,10.);
#877=VECTOR('',#3044,10.);
#878=VECTOR('',#3045,10.);
#879=VECTOR('',#3046,10.);
#880=VECTOR('',#3049,10.);
#881=VECTOR('',#3050,10.);
#882=VECTOR('',#3053,10.);
#883=VECTOR('',#3054,10.);
#884=VECTOR('',#3057,10.);
#885=VECTOR('',#3058,10.);
#886=VECTOR('',#3061,10.);
#887=VECTOR('',#3062,10.);
#888=VECTOR('',#3065,10.);
#889=VECTOR('',#3074,10.);
#890=VECTOR('',#3075,10.);
#891=VECTOR('',#3076,10.);
#892=VECTOR('',#3077,10.);
#893=VECTOR('',#3080,10.);
#894=VECTOR('',#3081,10.);
#895=VECTOR('',#3082,10.);
#896=VECTOR('',#3083,10.);
#897=VECTOR('',#3084,10.);
#898=VECTOR('',#3085,10.);
#899=VECTOR('',#3086,10.);
#900=VECTOR('',#3087,10.);
#901=VECTOR('',#3090,10.);
#902=VECTOR('',#3091,10.);
#903=VECTOR('',#3092,10.);
#904=VECTOR('',#3093,10.);
#905=VECTOR('',#3094,10.);
#906=VECTOR('',#3095,10.);
#907=VECTOR('',#3096,10.);
#908=VECTOR('',#3097,10.);
#909=VECTOR('',#3098,10.);
#910=VECTOR('',#3099,10.);
#911=VECTOR('',#3100,10.);
#912=VECTOR('',#3101,10.);
#913=VECTOR('',#3104,10.);
#914=VECTOR('',#3105,10.);
#915=VECTOR('',#3106,10.);
#916=VECTOR('',#3107,10.);
#917=VECTOR('',#3110,10.);
#918=VECTOR('',#3111,10.);
#919=VECTOR('',#3112,10.);
#920=VECTOR('',#3113,10.);
#921=VECTOR('',#3114,10.);
#922=VECTOR('',#3115,10.);
#923=VECTOR('',#3116,10.);
#924=VECTOR('',#3117,10.);
#925=VECTOR('',#3118,10.);
#926=VECTOR('',#3119,10.);
#927=VECTOR('',#3120,10.);
#928=VECTOR('',#3121,10.);
#929=VECTOR('',#3122,10.);
#930=VECTOR('',#3125,10.);
#931=VECTOR('',#3126,10.);
#932=VECTOR('',#3127,10.);
#933=VECTOR('',#3128,10.);
#934=VECTOR('',#3129,10.);
#935=VECTOR('',#3132,10.);
#936=VECTOR('',#3133,10.);
#937=VECTOR('',#3134,10.);
#938=VECTOR('',#3137,10.);
#939=VECTOR('',#3138,10.);
#940=VECTOR('',#3139,10.);
#941=VECTOR('',#3142,10.);
#942=VECTOR('',#3143,10.);
#943=VECTOR('',#3144,10.);
#944=VECTOR('',#3145,10.);
#945=VECTOR('',#3148,10.);
#946=VECTOR('',#3149,10.);
#947=VECTOR('',#3150,10.);
#948=VECTOR('',#3153,10.);
#949=VECTOR('',#3154,10.);
#950=VECTOR('',#3155,10.);
#951=VECTOR('',#3158,10.);
#952=VECTOR('',#3159,10.);
#953=VECTOR('',#3160,10.);
#954=VECTOR('',#3161,10.);
#955=VECTOR('',#3164,10.);
#956=VECTOR('',#3165,10.);
#957=VECTOR('',#3166,10.);
#958=VECTOR('',#3169,10.);
#959=VECTOR('',#3170,10.);
#960=VECTOR('',#3171,10.);
#961=VECTOR('',#3174,10.);
#962=VECTOR('',#3175,10.);
#963=VECTOR('',#3176,10.);
#964=VECTOR('',#3177,10.);
#965=VECTOR('',#3180,10.);
#966=VECTOR('',#3181,10.);
#967=VECTOR('',#3182,10.);
#968=VECTOR('',#3185,10.);
#969=VECTOR('',#3186,10.);
#970=VECTOR('',#3187,10.);
#971=VECTOR('',#3190,10.);
#972=VECTOR('',#3191,10.);
#973=VECTOR('',#3192,10.);
#974=VECTOR('',#3193,10.);
#975=VECTOR('',#3196,10.);
#976=VECTOR('',#3197,10.);
#977=VECTOR('',#3198,10.);
#978=VECTOR('',#3199,10.);
#979=VECTOR('',#3202,10.);
#980=VECTOR('',#3203,10.);
#981=VECTOR('',#3204,10.);
#982=VECTOR('',#3207,10.);
#983=VECTOR('',#3210,10.);
#984=VECTOR('',#3211,10.);
#985=VECTOR('',#3212,10.);
#986=VECTOR('',#3213,10.);
#987=VECTOR('',#3214,10.);
#988=VECTOR('',#3215,10.);
#989=VECTOR('',#3216,10.);
#990=VECTOR('',#3217,10.);
#991=VECTOR('',#3218,10.);
#992=VECTOR('',#3219,10.);
#993=VECTOR('',#3220,10.);
#994=VECTOR('',#3221,10.);
#995=VECTOR('',#3222,10.);
#996=VECTOR('',#3223,10.);
#997=VECTOR('',#3224,10.);
#998=VECTOR('',#3225,10.);
#999=VECTOR('',#3226,10.);
#1000=VECTOR('',#3231,10.);
#1001=VECTOR('',#3232,10.);
#1002=VECTOR('',#3233,10.);
#1003=VECTOR('',#3236,10.);
#1004=VECTOR('',#3237,10.);
#1005=VECTOR('',#3242,10.);
#1006=VECTOR('',#3249,10.);
#1007=VECTOR('',#3250,10.);
#1008=VECTOR('',#3253,10.);
#1009=VECTOR('',#3258,10.);
#1010=VECTOR('',#3259,10.);
#1011=VECTOR('',#3262,10.);
#1012=VECTOR('',#3267,10.);
#1013=VECTOR('',#3268,10.);
#1014=VECTOR('',#3271,10.);
#1015=VECTOR('',#3276,10.);
#1016=VECTOR('',#3279,10.);
#1017=VECTOR('',#3282,10.);
#1018=VECTOR('',#3287,10.);
#1019=VECTOR('',#3292,10.);
#1020=VECTOR('',#3297,10.);
#1021=VECTOR('',#3298,10.);
#1022=VECTOR('',#3301,10.);
#1023=VECTOR('',#3306,0.4);
#1024=VECTOR('',#3311,0.4);
#1025=VECTOR('',#3320,0.4);
#1026=VECTOR('',#3325,0.4);
#1027=VECTOR('',#3330,0.4);
#1028=VECTOR('',#3335,0.4);
#1029=VECTOR('',#3352,10.);
#1030=VECTOR('',#3355,10.);
#1031=VECTOR('',#3356,10.);
#1032=VECTOR('',#3357,10.);
#1033=VECTOR('',#3368,10.);
#1034=VECTOR('',#3369,10.);
#1035=VECTOR('',#3370,10.);
#1036=VECTOR('',#3373,10.);
#1037=VECTOR('',#3374,10.);
#1038=VECTOR('',#3375,10.);
#1039=VECTOR('',#3376,10.);
#1040=VECTOR('',#3377,10.);
#1041=VECTOR('',#3380,10.);
#1042=VECTOR('',#3381,10.);
#1043=VECTOR('',#3382,10.);
#1044=VECTOR('',#3385,10.);
#1045=VECTOR('',#3386,10.);
#1046=VECTOR('',#3387,10.);
#1047=VECTOR('',#3390,10.);
#1048=VECTOR('',#3391,10.);
#1049=VECTOR('',#3392,10.);
#1050=VECTOR('',#3393,10.);
#1051=VECTOR('',#3396,10.);
#1052=VECTOR('',#3397,10.);
#1053=VECTOR('',#3398,10.);
#1054=VECTOR('',#3401,10.);
#1055=VECTOR('',#3402,10.);
#1056=VECTOR('',#3403,10.);
#1057=VECTOR('',#3406,10.);
#1058=VECTOR('',#3407,10.);
#1059=VECTOR('',#3408,10.);
#1060=VECTOR('',#3409,10.);
#1061=VECTOR('',#3412,10.);
#1062=VECTOR('',#3413,10.);
#1063=VECTOR('',#3414,10.);
#1064=VECTOR('',#3417,10.);
#1065=VECTOR('',#3418,10.);
#1066=VECTOR('',#3419,10.);
#1067=VECTOR('',#3422,10.);
#1068=VECTOR('',#3423,10.);
#1069=VECTOR('',#3424,10.);
#1070=VECTOR('',#3425,10.);
#1071=VECTOR('',#3428,10.);
#1072=VECTOR('',#3429,10.);
#1073=VECTOR('',#3430,10.);
#1074=VECTOR('',#3433,10.);
#1075=VECTOR('',#3434,10.);
#1076=VECTOR('',#3435,10.);
#1077=VECTOR('',#3438,10.);
#1078=VECTOR('',#3439,10.);
#1079=VECTOR('',#3440,10.);
#1080=VECTOR('',#3441,10.);
#1081=VECTOR('',#3444,10.);
#1082=VECTOR('',#3445,10.);
#1083=VECTOR('',#3446,10.);
#1084=VECTOR('',#3447,10.);
#1085=VECTOR('',#3450,10.);
#1086=VECTOR('',#3451,10.);
#1087=VECTOR('',#3454,10.);
#1088=VECTOR('',#3455,10.);
#1089=VECTOR('',#3456,10.);
#1090=VECTOR('',#3457,10.);
#1091=VECTOR('',#3458,10.);
#1092=VECTOR('',#3459,10.);
#1093=VECTOR('',#3460,10.);
#1094=VECTOR('',#3461,10.);
#1095=VECTOR('',#3462,10.);
#1096=VECTOR('',#3463,10.);
#1097=VECTOR('',#3464,10.);
#1098=VECTOR('',#3465,10.);
#1099=VECTOR('',#3466,10.);
#1100=VECTOR('',#3467,10.);
#1101=VECTOR('',#3468,10.);
#1102=VECTOR('',#3469,10.);
#1103=VECTOR('',#3476,10.);
#1104=VECTOR('',#3477,10.);
#1105=VECTOR('',#3478,10.);
#1106=VECTOR('',#3481,10.);
#1107=VECTOR('',#3482,10.);
#1108=VECTOR('',#3487,10.);
#1109=VECTOR('',#3494,10.);
#1110=VECTOR('',#3495,10.);
#1111=VECTOR('',#3498,10.);
#1112=VECTOR('',#3503,10.);
#1113=VECTOR('',#3504,10.);
#1114=VECTOR('',#3507,10.);
#1115=VECTOR('',#3512,10.);
#1116=VECTOR('',#3513,10.);
#1117=VECTOR('',#3516,10.);
#1118=VECTOR('',#3521,10.);
#1119=VECTOR('',#3524,10.);
#1120=VECTOR('',#3527,10.);
#1121=VECTOR('',#3532,10.);
#1122=VECTOR('',#3537,10.);
#1123=VECTOR('',#3542,10.);
#1124=VECTOR('',#3543,10.);
#1125=VECTOR('',#3546,10.);
#1126=VECTOR('',#3551,0.4);
#1127=VECTOR('',#3556,0.4);
#1128=VECTOR('',#3565,0.4);
#1129=VECTOR('',#3570,0.4);
#1130=VECTOR('',#3575,0.4);
#1131=VECTOR('',#3580,0.4);
#1132=VECTOR('',#3607,5.9);
#1133=VECTOR('',#3610,5.15);
#1134=VECTOR('',#3617,5.9);
#1135=VECTOR('',#3624,10.75);
#1136=VECTOR('',#3637,0.4);
#1137=VECTOR('',#3648,0.4);
#1138=VECTOR('',#3659,0.4);
#1139=VECTOR('',#3670,0.4);
#1140=VECTOR('',#3681,0.4);
#1141=VECTOR('',#3692,0.4);
#1142=VECTOR('',#3703,0.4);
#1143=VECTOR('',#3714,0.4);
#1144=VECTOR('',#3725,0.4);
#1145=VECTOR('',#3736,0.4);
#1146=VECTOR('',#3747,0.4);
#1147=VECTOR('',#3758,0.4);
#1148=CIRCLE('',#2756,11.0000001639128);
#1149=CIRCLE('',#2757,11.0000001639128);
#1150=CIRCLE('',#2759,4.90000000000007);
#1151=CIRCLE('',#2760,4.90000000000007);
#1152=CIRCLE('',#2761,4.90000000000007);
#1153=CIRCLE('',#2762,4.90000000000007);
#1154=CIRCLE('',#2765,11.0000001639128);
#1155=CIRCLE('',#2766,11.0000001639128);
#1156=CIRCLE('',#2798,10.75);
#1157=CIRCLE('',#2799,5.9);
#1158=CIRCLE('',#2802,0.4);
#1159=CIRCLE('',#2805,0.4);
#1160=CIRCLE('',#2808,0.4);
#1161=CIRCLE('',#2811,0.4);
#1162=CIRCLE('',#2814,0.4);
#1163=CIRCLE('',#2826,0.4);
#1164=CIRCLE('',#2828,0.4);
#1165=CIRCLE('',#2829,0.4);
#1166=CIRCLE('',#2832,0.4);
#1167=CIRCLE('',#2834,0.4);
#1168=CIRCLE('',#2836,0.4);
#1169=CIRCLE('',#2838,0.4);
#1170=CIRCLE('',#2849,10.75);
#1171=CIRCLE('',#2850,5.15);
#1172=CIRCLE('',#2869,10.75);
#1173=CIRCLE('',#2870,5.9);
#1174=CIRCLE('',#2873,0.4);
#1175=CIRCLE('',#2876,0.4);
#1176=CIRCLE('',#2879,0.4);
#1177=CIRCLE('',#2882,0.4);
#1178=CIRCLE('',#2885,0.4);
#1179=CIRCLE('',#2897,0.4);
#1180=CIRCLE('',#2899,0.4);
#1181=CIRCLE('',#2900,0.4);
#1182=CIRCLE('',#2903,0.4);
#1183=CIRCLE('',#2905,0.4);
#1184=CIRCLE('',#2907,0.4);
#1185=CIRCLE('',#2909,0.4);
#1186=CIRCLE('',#2919,10.75);
#1187=CIRCLE('',#2920,5.15);
#1188=CIRCLE('',#2926,5.9);
#1189=CIRCLE('',#2927,5.9);
#1190=CIRCLE('',#2929,10.75);
#1191=CIRCLE('',#2930,10.75);
#1192=CIRCLE('',#2935,0.4);
#1193=CIRCLE('',#2936,0.4);
#1194=CIRCLE('',#2940,0.4);
#1195=CIRCLE('',#2941,0.4);
#1196=CIRCLE('',#2945,0.4);
#1197=CIRCLE('',#2946,0.4);
#1198=CIRCLE('',#2950,0.4);
#1199=CIRCLE('',#2951,0.4);
#1200=CIRCLE('',#2955,0.4);
#1201=CIRCLE('',#2956,0.4);
#1202=CIRCLE('',#2960,0.4);
#1203=CIRCLE('',#2961,0.4);
#1204=CIRCLE('',#2965,0.4);
#1205=CIRCLE('',#2966,0.4);
#1206=CIRCLE('',#2970,0.4);
#1207=CIRCLE('',#2971,0.4);
#1208=CIRCLE('',#2975,0.4);
#1209=CIRCLE('',#2976,0.4);
#1210=CIRCLE('',#2980,0.4);
#1211=CIRCLE('',#2981,0.4);
#1212=CIRCLE('',#2985,0.4);
#1213=CIRCLE('',#2986,0.4);
#1214=CIRCLE('',#2990,0.4);
#1215=CIRCLE('',#2991,0.4);
#1216=VERTEX_POINT('',#3782);
#1217=VERTEX_POINT('',#3783);
#1218=VERTEX_POINT('',#3785);
#1219=VERTEX_POINT('',#3787);
#1220=VERTEX_POINT('',#3791);
#1221=VERTEX_POINT('',#3793);
#1222=VERTEX_POINT('',#3795);
#1223=VERTEX_POINT('',#3797);
#1224=VERTEX_POINT('',#3804);
#1225=VERTEX_POINT('',#3805);
#1226=VERTEX_POINT('',#3807);
#1227=VERTEX_POINT('',#3809);
#1228=VERTEX_POINT('',#3816);
#1229=VERTEX_POINT('',#3818);
#1230=VERTEX_POINT('',#3820);
#1231=VERTEX_POINT('',#3822);
#1232=VERTEX_POINT('',#3826);
#1233=VERTEX_POINT('',#3830);
#1234=VERTEX_POINT('',#3834);
#1235=VERTEX_POINT('',#3838);
#1236=VERTEX_POINT('',#3847);
#1237=VERTEX_POINT('',#3848);
#1238=VERTEX_POINT('',#3850);
#1239=VERTEX_POINT('',#3852);
#1240=VERTEX_POINT('',#3856);
#1241=VERTEX_POINT('',#3858);
#1242=VERTEX_POINT('',#3860);
#1243=VERTEX_POINT('',#3862);
#1244=VERTEX_POINT('',#3864);
#1245=VERTEX_POINT('',#3866);
#1246=VERTEX_POINT('',#3868);
#1247=VERTEX_POINT('',#3872);
#1248=VERTEX_POINT('',#3874);
#1249=VERTEX_POINT('',#3876);
#1250=VERTEX_POINT('',#3878);
#1251=VERTEX_POINT('',#3880);
#1252=VERTEX_POINT('',#3882);
#1253=VERTEX_POINT('',#3884);
#1254=VERTEX_POINT('',#3886);
#1255=VERTEX_POINT('',#3888);
#1256=VERTEX_POINT('',#3890);
#1257=VERTEX_POINT('',#3892);
#1258=VERTEX_POINT('',#3896);
#1259=VERTEX_POINT('',#3897);
#1260=VERTEX_POINT('',#3899);
#1261=VERTEX_POINT('',#3901);
#1262=VERTEX_POINT('',#3905);
#1263=VERTEX_POINT('',#3907);
#1264=VERTEX_POINT('',#3909);
#1265=VERTEX_POINT('',#3911);
#1266=VERTEX_POINT('',#3913);
#1267=VERTEX_POINT('',#3915);
#1268=VERTEX_POINT('',#3917);
#1269=VERTEX_POINT('',#3919);
#1270=VERTEX_POINT('',#3921);
#1271=VERTEX_POINT('',#3923);
#1272=VERTEX_POINT('',#3925);
#1273=VERTEX_POINT('',#3927);
#1274=VERTEX_POINT('',#3931);
#1275=VERTEX_POINT('',#3933);
#1276=VERTEX_POINT('',#3935);
#1277=VERTEX_POINT('',#3937);
#1278=VERTEX_POINT('',#3941);
#1279=VERTEX_POINT('',#3943);
#1280=VERTEX_POINT('',#3947);
#1281=VERTEX_POINT('',#3949);
#1282=VERTEX_POINT('',#3953);
#1283=VERTEX_POINT('',#3955);
#1284=VERTEX_POINT('',#3957);
#1285=VERTEX_POINT('',#3961);
#1286=VERTEX_POINT('',#3963);
#1287=VERTEX_POINT('',#3967);
#1288=VERTEX_POINT('',#3969);
#1289=VERTEX_POINT('',#3973);
#1290=VERTEX_POINT('',#3975);
#1291=VERTEX_POINT('',#3977);
#1292=VERTEX_POINT('',#3981);
#1293=VERTEX_POINT('',#3983);
#1294=VERTEX_POINT('',#3987);
#1295=VERTEX_POINT('',#3989);
#1296=VERTEX_POINT('',#3993);
#1297=VERTEX_POINT('',#3995);
#1298=VERTEX_POINT('',#3997);
#1299=VERTEX_POINT('',#4001);
#1300=VERTEX_POINT('',#4003);
#1301=VERTEX_POINT('',#4007);
#1302=VERTEX_POINT('',#4009);
#1303=VERTEX_POINT('',#4013);
#1304=VERTEX_POINT('',#4015);
#1305=VERTEX_POINT('',#4017);
#1306=VERTEX_POINT('',#4021);
#1307=VERTEX_POINT('',#4022);
#1308=VERTEX_POINT('',#4024);
#1309=VERTEX_POINT('',#4026);
#1310=VERTEX_POINT('',#4031);
#1311=VERTEX_POINT('',#4035);
#1312=VERTEX_POINT('',#4037);
#1313=VERTEX_POINT('',#4039);
#1314=VERTEX_POINT('',#4041);
#1315=VERTEX_POINT('',#4043);
#1316=VERTEX_POINT('',#4045);
#1317=VERTEX_POINT('',#4049);
#1318=VERTEX_POINT('',#4051);
#1319=VERTEX_POINT('',#4054);
#1320=VERTEX_POINT('',#4056);
#1321=VERTEX_POINT('',#4059);
#1322=VERTEX_POINT('',#4061);
#1323=VERTEX_POINT('',#4064);
#1324=VERTEX_POINT('',#4067);
#1325=VERTEX_POINT('',#4070);
#1326=VERTEX_POINT('',#4072);
#1327=VERTEX_POINT('',#4078);
#1328=VERTEX_POINT('',#4083);
#1329=VERTEX_POINT('',#4086);
#1330=VERTEX_POINT('',#4091);
#1331=VERTEX_POINT('',#4094);
#1332=VERTEX_POINT('',#4099);
#1333=VERTEX_POINT('',#4102);
#1334=VERTEX_POINT('',#4107);
#1335=VERTEX_POINT('',#4123);
#1336=VERTEX_POINT('',#4129);
#1337=VERTEX_POINT('',#4133);
#1338=VERTEX_POINT('',#4135);
#1339=VERTEX_POINT('',#4140);
#1340=VERTEX_POINT('',#4144);
#1341=VERTEX_POINT('',#4148);
#1342=VERTEX_POINT('',#4152);
#1343=VERTEX_POINT('',#4165);
#1344=VERTEX_POINT('',#4167);
#1345=VERTEX_POINT('',#4172);
#1346=VERTEX_POINT('',#4176);
#1347=VERTEX_POINT('',#4178);
#1348=VERTEX_POINT('',#4182);
#1349=VERTEX_POINT('',#4184);
#1350=VERTEX_POINT('',#4186);
#1351=VERTEX_POINT('',#4188);
#1352=VERTEX_POINT('',#4192);
#1353=VERTEX_POINT('',#4194);
#1354=VERTEX_POINT('',#4198);
#1355=VERTEX_POINT('',#4200);
#1356=VERTEX_POINT('',#4204);
#1357=VERTEX_POINT('',#4206);
#1358=VERTEX_POINT('',#4208);
#1359=VERTEX_POINT('',#4212);
#1360=VERTEX_POINT('',#4214);
#1361=VERTEX_POINT('',#4218);
#1362=VERTEX_POINT('',#4220);
#1363=VERTEX_POINT('',#4224);
#1364=VERTEX_POINT('',#4226);
#1365=VERTEX_POINT('',#4228);
#1366=VERTEX_POINT('',#4232);
#1367=VERTEX_POINT('',#4234);
#1368=VERTEX_POINT('',#4238);
#1369=VERTEX_POINT('',#4240);
#1370=VERTEX_POINT('',#4244);
#1371=VERTEX_POINT('',#4246);
#1372=VERTEX_POINT('',#4248);
#1373=VERTEX_POINT('',#4252);
#1374=VERTEX_POINT('',#4254);
#1375=VERTEX_POINT('',#4258);
#1376=VERTEX_POINT('',#4260);
#1377=VERTEX_POINT('',#4264);
#1378=VERTEX_POINT('',#4266);
#1379=VERTEX_POINT('',#4268);
#1380=VERTEX_POINT('',#4272);
#1381=VERTEX_POINT('',#4273);
#1382=VERTEX_POINT('',#4275);
#1383=VERTEX_POINT('',#4277);
#1384=VERTEX_POINT('',#4284);
#1385=VERTEX_POINT('',#4287);
#1386=VERTEX_POINT('',#4289);
#1387=VERTEX_POINT('',#4292);
#1388=VERTEX_POINT('',#4294);
#1389=VERTEX_POINT('',#4297);
#1390=VERTEX_POINT('',#4299);
#1391=VERTEX_POINT('',#4303);
#1392=VERTEX_POINT('',#4305);
#1393=VERTEX_POINT('',#4307);
#1394=VERTEX_POINT('',#4311);
#1395=VERTEX_POINT('',#4314);
#1396=VERTEX_POINT('',#4316);
#1397=VERTEX_POINT('',#4322);
#1398=VERTEX_POINT('',#4327);
#1399=VERTEX_POINT('',#4330);
#1400=VERTEX_POINT('',#4335);
#1401=VERTEX_POINT('',#4338);
#1402=VERTEX_POINT('',#4343);
#1403=VERTEX_POINT('',#4346);
#1404=VERTEX_POINT('',#4351);
#1405=VERTEX_POINT('',#4367);
#1406=VERTEX_POINT('',#4373);
#1407=VERTEX_POINT('',#4377);
#1408=VERTEX_POINT('',#4379);
#1409=VERTEX_POINT('',#4384);
#1410=VERTEX_POINT('',#4388);
#1411=VERTEX_POINT('',#4392);
#1412=VERTEX_POINT('',#4396);
#1413=VERTEX_POINT('',#4409);
#1414=VERTEX_POINT('',#4418);
#1415=VERTEX_POINT('',#4420);
#1416=VERTEX_POINT('',#4424);
#1417=VERTEX_POINT('',#4426);
#1418=VERTEX_POINT('',#4433);
#1419=VERTEX_POINT('',#4435);
#1420=VERTEX_POINT('',#4441);
#1421=VERTEX_POINT('',#4443);
#1422=VERTEX_POINT('',#4449);
#1423=VERTEX_POINT('',#4451);
#1424=VERTEX_POINT('',#4457);
#1425=VERTEX_POINT('',#4459);
#1426=VERTEX_POINT('',#4465);
#1427=VERTEX_POINT('',#4467);
#1428=VERTEX_POINT('',#4473);
#1429=VERTEX_POINT('',#4475);
#1430=VERTEX_POINT('',#4481);
#1431=VERTEX_POINT('',#4483);
#1432=VERTEX_POINT('',#4489);
#1433=VERTEX_POINT('',#4491);
#1434=VERTEX_POINT('',#4497);
#1435=VERTEX_POINT('',#4499);
#1436=VERTEX_POINT('',#4505);
#1437=VERTEX_POINT('',#4507);
#1438=VERTEX_POINT('',#4513);
#1439=VERTEX_POINT('',#4515);
#1440=VERTEX_POINT('',#4521);
#1441=VERTEX_POINT('',#4523);
#1442=EDGE_CURVE('',#1216,#1217,#1148,.T.);
#1443=EDGE_CURVE('',#1218,#1216,#584,.T.);
#1444=EDGE_CURVE('',#1218,#1219,#1149,.T.);
#1445=EDGE_CURVE('',#1217,#1219,#585,.T.);
#1446=EDGE_CURVE('',#1220,#1220,#1150,.T.);
#1447=EDGE_CURVE('',#1220,#1221,#586,.T.);
#1448=EDGE_CURVE('',#1221,#1222,#1151,.T.);
#1449=EDGE_CURVE('',#1222,#1223,#1152,.T.);
#1450=EDGE_CURVE('',#1223,#1221,#1153,.T.);
#1451=EDGE_CURVE('',#1219,#1223,#587,.T.);
#1452=EDGE_CURVE('',#1222,#1218,#588,.T.);
#1453=EDGE_CURVE('',#1224,#1225,#1154,.T.);
#1454=EDGE_CURVE('',#1226,#1224,#589,.T.);
#1455=EDGE_CURVE('',#1226,#1227,#1155,.T.);
#1456=EDGE_CURVE('',#1225,#1227,#590,.T.);
#1457=EDGE_CURVE('',#1227,#1222,#591,.T.);
#1458=EDGE_CURVE('',#1223,#1226,#592,.T.);
#1459=EDGE_CURVE('',#1228,#1224,#593,.T.);
#1460=EDGE_CURVE('',#1229,#1228,#594,.T.);
#1461=EDGE_CURVE('',#1229,#1230,#595,.T.);
#1462=EDGE_CURVE('',#1230,#1231,#596,.T.);
#1463=EDGE_CURVE('',#1217,#1231,#597,.T.);
#1464=EDGE_CURVE('',#1225,#1232,#598,.T.);
#1465=EDGE_CURVE('',#1232,#1228,#599,.T.);
#1466=EDGE_CURVE('',#1231,#1233,#600,.T.);
#1467=EDGE_CURVE('',#1233,#1216,#601,.T.);
#1468=EDGE_CURVE('',#1234,#1229,#602,.T.);
#1469=EDGE_CURVE('',#1234,#1232,#603,.T.);
#1470=EDGE_CURVE('',#1235,#1233,#604,.T.);
#1471=EDGE_CURVE('',#1235,#1234,#605,.T.);
#1472=EDGE_CURVE('',#1230,#1235,#606,.T.);
#1473=EDGE_CURVE('',#1236,#1237,#607,.T.);
#1474=EDGE_CURVE('',#1237,#1238,#608,.T.);
#1475=EDGE_CURVE('',#1238,#1239,#609,.T.);
#1476=EDGE_CURVE('',#1239,#1236,#610,.T.);
#1477=EDGE_CURVE('',#1236,#1240,#611,.T.);
#1478=EDGE_CURVE('',#1241,#1240,#612,.T.);
#1479=EDGE_CURVE('',#1242,#1241,#613,.T.);
#1480=EDGE_CURVE('',#1243,#1242,#614,.T.);
#1481=EDGE_CURVE('',#1244,#1243,#615,.T.);
#1482=EDGE_CURVE('',#1245,#1244,#616,.T.);
#1483=EDGE_CURVE('',#1246,#1245,#617,.T.);
#1484=EDGE_CURVE('',#1246,#1237,#618,.T.);
#1485=EDGE_CURVE('',#1239,#1247,#619,.T.);
#1486=EDGE_CURVE('',#1248,#1247,#620,.T.);
#1487=EDGE_CURVE('',#1248,#1249,#621,.T.);
#1488=EDGE_CURVE('',#1250,#1249,#622,.T.);
#1489=EDGE_CURVE('',#1250,#1251,#623,.T.);
#1490=EDGE_CURVE('',#1252,#1251,#624,.T.);
#1491=EDGE_CURVE('',#1252,#1253,#625,.T.);
#1492=EDGE_CURVE('',#1254,#1253,#626,.T.);
#1493=EDGE_CURVE('',#1254,#1255,#627,.T.);
#1494=EDGE_CURVE('',#1256,#1255,#628,.T.);
#1495=EDGE_CURVE('',#1256,#1257,#629,.T.);
#1496=EDGE_CURVE('',#1240,#1257,#630,.T.);
#1497=EDGE_CURVE('',#1258,#1259,#631,.T.);
#1498=EDGE_CURVE('',#1260,#1258,#632,.T.);
#1499=EDGE_CURVE('',#1261,#1260,#633,.T.);
#1500=EDGE_CURVE('',#1259,#1261,#634,.T.);
#1501=EDGE_CURVE('',#1262,#1258,#635,.T.);
#1502=EDGE_CURVE('',#1262,#1263,#636,.T.);
#1503=EDGE_CURVE('',#1263,#1264,#637,.T.);
#1504=EDGE_CURVE('',#1264,#1265,#638,.T.);
#1505=EDGE_CURVE('',#1266,#1265,#639,.T.);
#1506=EDGE_CURVE('',#1266,#1267,#640,.T.);
#1507=EDGE_CURVE('',#1268,#1267,#641,.T.);
#1508=EDGE_CURVE('',#1268,#1269,#642,.T.);
#1509=EDGE_CURVE('',#1270,#1269,#643,.T.);
#1510=EDGE_CURVE('',#1270,#1271,#644,.T.);
#1511=EDGE_CURVE('',#1272,#1271,#645,.T.);
#1512=EDGE_CURVE('',#1272,#1273,#646,.T.);
#1513=EDGE_CURVE('',#1260,#1273,#647,.T.);
#1514=EDGE_CURVE('',#1274,#1260,#648,.T.);
#1515=EDGE_CURVE('',#1274,#1275,#649,.F.);
#1516=EDGE_CURVE('',#1275,#1276,#650,.T.);
#1517=EDGE_CURVE('',#1276,#1277,#651,.T.);
#1518=EDGE_CURVE('',#1277,#1261,#652,.T.);
#1519=EDGE_CURVE('',#1273,#1278,#653,.T.);
#1520=EDGE_CURVE('',#1279,#1272,#654,.T.);
#1521=EDGE_CURVE('',#1278,#1279,#655,.T.);
#1522=EDGE_CURVE('',#1280,#1279,#656,.T.);
#1523=EDGE_CURVE('',#1280,#1281,#657,.T.);
#1524=EDGE_CURVE('',#1278,#1281,#658,.T.);
#1525=EDGE_CURVE('',#1281,#1282,#659,.T.);
#1526=EDGE_CURVE('',#1282,#1283,#660,.T.);
#1527=EDGE_CURVE('',#1283,#1284,#661,.F.);
#1528=EDGE_CURVE('',#1273,#1284,#662,.T.);
#1529=EDGE_CURVE('',#1271,#1285,#663,.T.);
#1530=EDGE_CURVE('',#1286,#1270,#664,.T.);
#1531=EDGE_CURVE('',#1285,#1286,#665,.T.);
#1532=EDGE_CURVE('',#1287,#1286,#666,.T.);
#1533=EDGE_CURVE('',#1287,#1288,#667,.T.);
#1534=EDGE_CURVE('',#1285,#1288,#668,.T.);
#1535=EDGE_CURVE('',#1288,#1289,#669,.T.);
#1536=EDGE_CURVE('',#1289,#1290,#670,.T.);
#1537=EDGE_CURVE('',#1290,#1291,#671,.F.);
#1538=EDGE_CURVE('',#1271,#1291,#672,.T.);
#1539=EDGE_CURVE('',#1269,#1292,#673,.T.);
#1540=EDGE_CURVE('',#1293,#1268,#674,.T.);
#1541=EDGE_CURVE('',#1292,#1293,#675,.T.);
#1542=EDGE_CURVE('',#1294,#1293,#676,.T.);
#1543=EDGE_CURVE('',#1294,#1295,#677,.T.);
#1544=EDGE_CURVE('',#1292,#1295,#678,.T.);
#1545=EDGE_CURVE('',#1295,#1296,#679,.T.);
#1546=EDGE_CURVE('',#1296,#1297,#680,.T.);
#1547=EDGE_CURVE('',#1297,#1298,#681,.F.);
#1548=EDGE_CURVE('',#1269,#1298,#682,.T.);
#1549=EDGE_CURVE('',#1267,#1299,#683,.T.);
#1550=EDGE_CURVE('',#1300,#1266,#684,.T.);
#1551=EDGE_CURVE('',#1299,#1300,#685,.T.);
#1552=EDGE_CURVE('',#1301,#1300,#686,.T.);
#1553=EDGE_CURVE('',#1301,#1302,#687,.T.);
#1554=EDGE_CURVE('',#1299,#1302,#688,.T.);
#1555=EDGE_CURVE('',#1302,#1303,#689,.T.);
#1556=EDGE_CURVE('',#1303,#1304,#690,.T.);
#1557=EDGE_CURVE('',#1304,#1305,#691,.F.);
#1558=EDGE_CURVE('',#1267,#1305,#692,.T.);
#1559=EDGE_CURVE('',#1306,#1307,#693,.T.);
#1560=EDGE_CURVE('',#1308,#1306,#694,.T.);
#1561=EDGE_CURVE('',#1309,#1308,#695,.F.);
#1562=EDGE_CURVE('',#1307,#1309,#696,.T.);
#1563=EDGE_CURVE('',#1265,#1307,#697,.T.);
#1564=EDGE_CURVE('',#1310,#1264,#698,.T.);
#1565=EDGE_CURVE('',#1310,#1306,#699,.T.);
#1566=EDGE_CURVE('',#1311,#1310,#700,.T.);
#1567=EDGE_CURVE('',#1312,#1311,#1156,.T.);
#1568=EDGE_CURVE('',#1313,#1312,#701,.T.);
#1569=EDGE_CURVE('',#1314,#1313,#702,.T.);
#1570=EDGE_CURVE('',#1314,#1315,#703,.T.);
#1571=EDGE_CURVE('',#1316,#1315,#704,.T.);
#1572=EDGE_CURVE('',#1316,#1276,#705,.T.);
#1573=EDGE_CURVE('',#1275,#1283,#706,.T.);
#1574=EDGE_CURVE('',#1282,#1317,#707,.T.);
#1575=EDGE_CURVE('',#1318,#1317,#708,.T.);
#1576=EDGE_CURVE('',#1318,#1290,#709,.T.);
#1577=EDGE_CURVE('',#1289,#1319,#710,.T.);
#1578=EDGE_CURVE('',#1320,#1319,#711,.T.);
#1579=EDGE_CURVE('',#1320,#1297,#712,.T.);
#1580=EDGE_CURVE('',#1296,#1321,#713,.T.);
#1581=EDGE_CURVE('',#1322,#1321,#714,.T.);
#1582=EDGE_CURVE('',#1322,#1304,#715,.T.);
#1583=EDGE_CURVE('',#1303,#1323,#716,.T.);
#1584=EDGE_CURVE('',#1308,#1323,#717,.T.);
#1585=EDGE_CURVE('',#1324,#1324,#1157,.T.);
#1586=EDGE_CURVE('',#1325,#1314,#718,.T.);
#1587=EDGE_CURVE('',#1326,#1325,#719,.T.);
#1588=EDGE_CURVE('',#1315,#1326,#720,.F.);
#1589=EDGE_CURVE('',#1325,#1262,#721,.T.);
#1590=EDGE_CURVE('',#1258,#1326,#722,.T.);
#1591=EDGE_CURVE('',#1327,#1327,#1158,.T.);
#1592=EDGE_CURVE('',#1284,#1274,#723,.T.);
#1593=EDGE_CURVE('',#1328,#1328,#1159,.T.);
#1594=EDGE_CURVE('',#1329,#1318,#724,.F.);
#1595=EDGE_CURVE('',#1291,#1329,#725,.T.);
#1596=EDGE_CURVE('',#1329,#1272,#726,.T.);
#1597=EDGE_CURVE('',#1330,#1330,#1160,.T.);
#1598=EDGE_CURVE('',#1331,#1320,#727,.F.);
#1599=EDGE_CURVE('',#1298,#1331,#728,.T.);
#1600=EDGE_CURVE('',#1331,#1270,#729,.T.);
#1601=EDGE_CURVE('',#1332,#1332,#1161,.T.);
#1602=EDGE_CURVE('',#1333,#1322,#730,.F.);
#1603=EDGE_CURVE('',#1305,#1333,#731,.T.);
#1604=EDGE_CURVE('',#1333,#1268,#732,.T.);
#1605=EDGE_CURVE('',#1334,#1334,#1162,.T.);
#1606=EDGE_CURVE('',#1323,#1301,#733,.T.);
#1607=EDGE_CURVE('',#1309,#1266,#734,.T.);
#1608=EDGE_CURVE('',#1321,#1294,#735,.T.);
#1609=EDGE_CURVE('',#1319,#1287,#736,.T.);
#1610=EDGE_CURVE('',#1317,#1280,#737,.T.);
#1611=EDGE_CURVE('',#1335,#1316,#738,.T.);
#1612=EDGE_CURVE('',#1277,#1335,#739,.T.);
#1613=EDGE_CURVE('',#1259,#1335,#740,.T.);
#1614=EDGE_CURVE('',#1336,#1336,#1163,.F.);
#1615=EDGE_CURVE('',#1336,#1330,#741,.T.);
#1616=EDGE_CURVE('',#1337,#1337,#1164,.F.);
#1617=EDGE_CURVE('',#1337,#1338,#742,.T.);
#1618=EDGE_CURVE('',#1338,#1338,#1165,.T.);
#1619=EDGE_CURVE('',#1339,#1339,#1166,.F.);
#1620=EDGE_CURVE('',#1339,#1328,#743,.T.);
#1621=EDGE_CURVE('',#1340,#1340,#1167,.F.);
#1622=EDGE_CURVE('',#1340,#1332,#744,.T.);
#1623=EDGE_CURVE('',#1341,#1341,#1168,.F.);
#1624=EDGE_CURVE('',#1341,#1334,#745,.T.);
#1625=EDGE_CURVE('',#1342,#1342,#1169,.F.);
#1626=EDGE_CURVE('',#1342,#1327,#746,.T.);
#1627=EDGE_CURVE('',#1313,#1263,#747,.T.);
#1628=EDGE_CURVE('',#1312,#1343,#748,.T.);
#1629=EDGE_CURVE('',#1343,#1344,#749,.T.);
#1630=EDGE_CURVE('',#1344,#1311,#750,.T.);
#1631=EDGE_CURVE('',#1343,#1344,#1170,.T.);
#1632=EDGE_CURVE('',#1345,#1345,#1171,.T.);
#1633=EDGE_CURVE('',#1247,#1346,#751,.T.);
#1634=EDGE_CURVE('',#1346,#1347,#752,.T.);
#1635=EDGE_CURVE('',#1347,#1248,#753,.T.);
#1636=EDGE_CURVE('',#1348,#1347,#754,.T.);
#1637=EDGE_CURVE('',#1349,#1348,#755,.T.);
#1638=EDGE_CURVE('',#1350,#1349,#756,.T.);
#1639=EDGE_CURVE('',#1351,#1350,#757,.F.);
#1640=EDGE_CURVE('',#1351,#1248,#758,.T.);
#1641=EDGE_CURVE('',#1249,#1352,#759,.T.);
#1642=EDGE_CURVE('',#1352,#1353,#760,.T.);
#1643=EDGE_CURVE('',#1353,#1250,#761,.T.);
#1644=EDGE_CURVE('',#1352,#1354,#762,.T.);
#1645=EDGE_CURVE('',#1355,#1354,#763,.T.);
#1646=EDGE_CURVE('',#1355,#1353,#764,.T.);
#1647=EDGE_CURVE('',#1249,#1356,#765,.T.);
#1648=EDGE_CURVE('',#1357,#1356,#766,.F.);
#1649=EDGE_CURVE('',#1358,#1357,#767,.T.);
#1650=EDGE_CURVE('',#1354,#1358,#768,.T.);
#1651=EDGE_CURVE('',#1251,#1359,#769,.T.);
#1652=EDGE_CURVE('',#1359,#1360,#770,.T.);
#1653=EDGE_CURVE('',#1360,#1252,#771,.T.);
#1654=EDGE_CURVE('',#1359,#1361,#772,.T.);
#1655=EDGE_CURVE('',#1362,#1361,#773,.T.);
#1656=EDGE_CURVE('',#1362,#1360,#774,.T.);
#1657=EDGE_CURVE('',#1251,#1363,#775,.T.);
#1658=EDGE_CURVE('',#1364,#1363,#776,.F.);
#1659=EDGE_CURVE('',#1365,#1364,#777,.T.);
#1660=EDGE_CURVE('',#1361,#1365,#778,.T.);
#1661=EDGE_CURVE('',#1253,#1366,#779,.T.);
#1662=EDGE_CURVE('',#1366,#1367,#780,.T.);
#1663=EDGE_CURVE('',#1367,#1254,#781,.T.);
#1664=EDGE_CURVE('',#1366,#1368,#782,.T.);
#1665=EDGE_CURVE('',#1369,#1368,#783,.T.);
#1666=EDGE_CURVE('',#1369,#1367,#784,.T.);
#1667=EDGE_CURVE('',#1253,#1370,#785,.T.);
#1668=EDGE_CURVE('',#1371,#1370,#786,.F.);
#1669=EDGE_CURVE('',#1372,#1371,#787,.T.);
#1670=EDGE_CURVE('',#1368,#1372,#788,.T.);
#1671=EDGE_CURVE('',#1255,#1373,#789,.T.);
#1672=EDGE_CURVE('',#1373,#1374,#790,.T.);
#1673=EDGE_CURVE('',#1374,#1256,#791,.T.);
#1674=EDGE_CURVE('',#1373,#1375,#792,.T.);
#1675=EDGE_CURVE('',#1376,#1375,#793,.T.);
#1676=EDGE_CURVE('',#1376,#1374,#794,.T.);
#1677=EDGE_CURVE('',#1255,#1377,#795,.T.);
#1678=EDGE_CURVE('',#1378,#1377,#796,.F.);
#1679=EDGE_CURVE('',#1379,#1378,#797,.T.);
#1680=EDGE_CURVE('',#1375,#1379,#798,.T.);
#1681=EDGE_CURVE('',#1380,#1381,#799,.T.);
#1682=EDGE_CURVE('',#1381,#1382,#800,.T.);
#1683=EDGE_CURVE('',#1382,#1383,#801,.F.);
#1684=EDGE_CURVE('',#1383,#1380,#802,.T.);
#1685=EDGE_CURVE('',#1241,#1380,#803,.T.);
#1686=EDGE_CURVE('',#1257,#1381,#804,.T.);
#1687=EDGE_CURVE('',#1383,#1384,#805,.T.);
#1688=EDGE_CURVE('',#1379,#1384,#806,.T.);
#1689=EDGE_CURVE('',#1385,#1378,#807,.T.);
#1690=EDGE_CURVE('',#1385,#1386,#808,.T.);
#1691=EDGE_CURVE('',#1372,#1386,#809,.T.);
#1692=EDGE_CURVE('',#1387,#1371,#810,.T.);
#1693=EDGE_CURVE('',#1387,#1388,#811,.T.);
#1694=EDGE_CURVE('',#1365,#1388,#812,.T.);
#1695=EDGE_CURVE('',#1389,#1364,#813,.T.);
#1696=EDGE_CURVE('',#1389,#1390,#814,.T.);
#1697=EDGE_CURVE('',#1358,#1390,#815,.T.);
#1698=EDGE_CURVE('',#1350,#1357,#816,.T.);
#1699=EDGE_CURVE('',#1391,#1349,#817,.T.);
#1700=EDGE_CURVE('',#1391,#1392,#818,.T.);
#1701=EDGE_CURVE('',#1393,#1392,#819,.T.);
#1702=EDGE_CURVE('',#1393,#1246,#820,.T.);
#1703=EDGE_CURVE('',#1245,#1242,#1172,.T.);
#1704=EDGE_CURVE('',#1394,#1394,#1173,.T.);
#1705=EDGE_CURVE('',#1395,#1393,#821,.T.);
#1706=EDGE_CURVE('',#1392,#1396,#822,.F.);
#1707=EDGE_CURVE('',#1396,#1395,#823,.T.);
#1708=EDGE_CURVE('',#1395,#1238,#824,.T.);
#1709=EDGE_CURVE('',#1247,#1396,#825,.T.);
#1710=EDGE_CURVE('',#1397,#1397,#1174,.T.);
#1711=EDGE_CURVE('',#1356,#1351,#826,.T.);
#1712=EDGE_CURVE('',#1398,#1398,#1175,.T.);
#1713=EDGE_CURVE('',#1363,#1399,#827,.T.);
#1714=EDGE_CURVE('',#1399,#1389,#828,.F.);
#1715=EDGE_CURVE('',#1399,#1250,#829,.T.);
#1716=EDGE_CURVE('',#1400,#1400,#1176,.T.);
#1717=EDGE_CURVE('',#1370,#1401,#830,.T.);
#1718=EDGE_CURVE('',#1401,#1387,#831,.F.);
#1719=EDGE_CURVE('',#1401,#1252,#832,.T.);
#1720=EDGE_CURVE('',#1402,#1402,#1177,.T.);
#1721=EDGE_CURVE('',#1377,#1403,#833,.T.);
#1722=EDGE_CURVE('',#1403,#1385,#834,.F.);
#1723=EDGE_CURVE('',#1403,#1254,#835,.T.);
#1724=EDGE_CURVE('',#1404,#1404,#1178,.T.);
#1725=EDGE_CURVE('',#1384,#1376,#836,.T.);
#1726=EDGE_CURVE('',#1382,#1256,#837,.T.);
#1727=EDGE_CURVE('',#1386,#1369,#838,.T.);
#1728=EDGE_CURVE('',#1388,#1362,#839,.T.);
#1729=EDGE_CURVE('',#1390,#1355,#840,.T.);
#1730=EDGE_CURVE('',#1405,#1391,#841,.T.);
#1731=EDGE_CURVE('',#1348,#1405,#842,.T.);
#1732=EDGE_CURVE('',#1346,#1405,#843,.T.);
#1733=EDGE_CURVE('',#1406,#1406,#1179,.F.);
#1734=EDGE_CURVE('',#1406,#1400,#844,.T.);
#1735=EDGE_CURVE('',#1407,#1407,#1180,.F.);
#1736=EDGE_CURVE('',#1407,#1408,#845,.T.);
#1737=EDGE_CURVE('',#1408,#1408,#1181,.T.);
#1738=EDGE_CURVE('',#1409,#1409,#1182,.F.);
#1739=EDGE_CURVE('',#1409,#1398,#846,.T.);
#1740=EDGE_CURVE('',#1410,#1410,#1183,.F.);
#1741=EDGE_CURVE('',#1410,#1402,#847,.T.);
#1742=EDGE_CURVE('',#1411,#1411,#1184,.F.);
#1743=EDGE_CURVE('',#1411,#1404,#848,.T.);
#1744=EDGE_CURVE('',#1412,#1412,#1185,.F.);
#1745=EDGE_CURVE('',#1412,#1397,#849,.T.);
#1746=EDGE_CURVE('',#1244,#1243,#1186,.T.);
#1747=EDGE_CURVE('',#1413,#1413,#1187,.T.);
#1748=EDGE_CURVE('',#1324,#1394,#850,.T.);
#1749=EDGE_CURVE('',#1345,#1413,#851,.T.);
#1750=EDGE_CURVE('',#1414,#1414,#1188,.T.);
#1751=EDGE_CURVE('',#1414,#1415,#852,.T.);
#1752=EDGE_CURVE('',#1415,#1415,#1189,.T.);
#1753=EDGE_CURVE('',#1416,#1416,#1190,.T.);
#1754=EDGE_CURVE('',#1416,#1417,#853,.T.);
#1755=EDGE_CURVE('',#1417,#1417,#1191,.T.);
#1756=EDGE_CURVE('',#1418,#1418,#1192,.T.);
#1757=EDGE_CURVE('',#1418,#1419,#854,.T.);
#1758=EDGE_CURVE('',#1419,#1419,#1193,.T.);
#1759=EDGE_CURVE('',#1420,#1420,#1194,.T.);
#1760=EDGE_CURVE('',#1420,#1421,#855,.T.);
#1761=EDGE_CURVE('',#1421,#1421,#1195,.T.);
#1762=EDGE_CURVE('',#1422,#1422,#1196,.T.);
#1763=EDGE_CURVE('',#1422,#1423,#856,.T.);
#1764=EDGE_CURVE('',#1423,#1423,#1197,.T.);
#1765=EDGE_CURVE('',#1424,#1424,#1198,.T.);
#1766=EDGE_CURVE('',#1424,#1425,#857,.T.);
#1767=EDGE_CURVE('',#1425,#1425,#1199,.T.);
#1768=EDGE_CURVE('',#1426,#1426,#1200,.T.);
#1769=EDGE_CURVE('',#1426,#1427,#858,.T.);
#1770=EDGE_CURVE('',#1427,#1427,#1201,.T.);
#1771=EDGE_CURVE('',#1428,#1428,#1202,.T.);
#1772=EDGE_CURVE('',#1428,#1429,#859,.T.);
#1773=EDGE_CURVE('',#1429,#1429,#1203,.T.);
#1774=EDGE_CURVE('',#1430,#1430,#1204,.T.);
#1775=EDGE_CURVE('',#1430,#1431,#860,.T.);
#1776=EDGE_CURVE('',#1431,#1431,#1205,.T.);
#1777=EDGE_CURVE('',#1432,#1432,#1206,.T.);
#1778=EDGE_CURVE('',#1432,#1433,#861,.T.);
#1779=EDGE_CURVE('',#1433,#1433,#1207,.T.);
#1780=EDGE_CURVE('',#1434,#1434,#1208,.T.);
#1781=EDGE_CURVE('',#1434,#1435,#862,.T.);
#1782=EDGE_CURVE('',#1435,#1435,#1209,.T.);
#1783=EDGE_CURVE('',#1436,#1436,#1210,.T.);
#1784=EDGE_CURVE('',#1436,#1437,#863,.T.);
#1785=EDGE_CURVE('',#1437,#1437,#1211,.T.);
#1786=EDGE_CURVE('',#1438,#1438,#1212,.T.);
#1787=EDGE_CURVE('',#1438,#1439,#864,.T.);
#1788=EDGE_CURVE('',#1439,#1439,#1213,.T.);
#1789=EDGE_CURVE('',#1440,#1440,#1214,.T.);
#1790=EDGE_CURVE('',#1440,#1441,#865,.T.);
#1791=EDGE_CURVE('',#1441,#1441,#1215,.T.);
#1792=ORIENTED_EDGE('',*,*,#1442,.F.);
#1793=ORIENTED_EDGE('',*,*,#1443,.F.);
#1794=ORIENTED_EDGE('',*,*,#1444,.T.);
#1795=ORIENTED_EDGE('',*,*,#1445,.F.);
#1796=ORIENTED_EDGE('',*,*,#1446,.F.);
#1797=ORIENTED_EDGE('',*,*,#1447,.T.);
#1798=ORIENTED_EDGE('',*,*,#1448,.T.);
#1799=ORIENTED_EDGE('',*,*,#1449,.T.);
#1800=ORIENTED_EDGE('',*,*,#1450,.T.);
#1801=ORIENTED_EDGE('',*,*,#1447,.F.);
#1802=ORIENTED_EDGE('',*,*,#1451,.F.);
#1803=ORIENTED_EDGE('',*,*,#1444,.F.);
#1804=ORIENTED_EDGE('',*,*,#1452,.F.);
#1805=ORIENTED_EDGE('',*,*,#1448,.F.);
#1806=ORIENTED_EDGE('',*,*,#1450,.F.);
#1807=ORIENTED_EDGE('',*,*,#1453,.F.);
#1808=ORIENTED_EDGE('',*,*,#1454,.F.);
#1809=ORIENTED_EDGE('',*,*,#1455,.T.);
#1810=ORIENTED_EDGE('',*,*,#1456,.F.);
#1811=ORIENTED_EDGE('',*,*,#1457,.F.);
#1812=ORIENTED_EDGE('',*,*,#1455,.F.);
#1813=ORIENTED_EDGE('',*,*,#1458,.F.);
#1814=ORIENTED_EDGE('',*,*,#1449,.F.);
#1815=ORIENTED_EDGE('',*,*,#1445,.T.);
#1816=ORIENTED_EDGE('',*,*,#1451,.T.);
#1817=ORIENTED_EDGE('',*,*,#1458,.T.);
#1818=ORIENTED_EDGE('',*,*,#1454,.T.);
#1819=ORIENTED_EDGE('',*,*,#1459,.F.);
#1820=ORIENTED_EDGE('',*,*,#1460,.F.);
#1821=ORIENTED_EDGE('',*,*,#1461,.T.);
#1822=ORIENTED_EDGE('',*,*,#1462,.T.);
#1823=ORIENTED_EDGE('',*,*,#1463,.F.);
#1824=ORIENTED_EDGE('',*,*,#1453,.T.);
#1825=ORIENTED_EDGE('',*,*,#1464,.T.);
#1826=ORIENTED_EDGE('',*,*,#1465,.T.);
#1827=ORIENTED_EDGE('',*,*,#1459,.T.);
#1828=ORIENTED_EDGE('',*,*,#1442,.T.);
#1829=ORIENTED_EDGE('',*,*,#1463,.T.);
#1830=ORIENTED_EDGE('',*,*,#1466,.T.);
#1831=ORIENTED_EDGE('',*,*,#1467,.T.);
#1832=ORIENTED_EDGE('',*,*,#1468,.T.);
#1833=ORIENTED_EDGE('',*,*,#1460,.T.);
#1834=ORIENTED_EDGE('',*,*,#1465,.F.);
#1835=ORIENTED_EDGE('',*,*,#1469,.F.);
#1836=ORIENTED_EDGE('',*,*,#1443,.T.);
#1837=ORIENTED_EDGE('',*,*,#1467,.F.);
#1838=ORIENTED_EDGE('',*,*,#1470,.F.);
#1839=ORIENTED_EDGE('',*,*,#1471,.T.);
#1840=ORIENTED_EDGE('',*,*,#1469,.T.);
#1841=ORIENTED_EDGE('',*,*,#1464,.F.);
#1842=ORIENTED_EDGE('',*,*,#1456,.T.);
#1843=ORIENTED_EDGE('',*,*,#1457,.T.);
#1844=ORIENTED_EDGE('',*,*,#1452,.T.);
#1845=ORIENTED_EDGE('',*,*,#1472,.T.);
#1846=ORIENTED_EDGE('',*,*,#1470,.T.);
#1847=ORIENTED_EDGE('',*,*,#1466,.F.);
#1848=ORIENTED_EDGE('',*,*,#1462,.F.);
#1849=ORIENTED_EDGE('',*,*,#1446,.T.);
#1850=ORIENTED_EDGE('',*,*,#1472,.F.);
#1851=ORIENTED_EDGE('',*,*,#1461,.F.);
#1852=ORIENTED_EDGE('',*,*,#1468,.F.);
#1853=ORIENTED_EDGE('',*,*,#1471,.F.);
#1854=ORIENTED_EDGE('',*,*,#1473,.T.);
#1855=ORIENTED_EDGE('',*,*,#1474,.T.);
#1856=ORIENTED_EDGE('',*,*,#1475,.T.);
#1857=ORIENTED_EDGE('',*,*,#1476,.T.);
#1858=ORIENTED_EDGE('',*,*,#1473,.F.);
#1859=ORIENTED_EDGE('',*,*,#1477,.T.);
#1860=ORIENTED_EDGE('',*,*,#1478,.F.);
#1861=ORIENTED_EDGE('',*,*,#1479,.F.);
#1862=ORIENTED_EDGE('',*,*,#1480,.F.);
#1863=ORIENTED_EDGE('',*,*,#1481,.F.);
#1864=ORIENTED_EDGE('',*,*,#1482,.F.);
#1865=ORIENTED_EDGE('',*,*,#1483,.F.);
#1866=ORIENTED_EDGE('',*,*,#1484,.T.);
#1867=ORIENTED_EDGE('',*,*,#1476,.F.);
#1868=ORIENTED_EDGE('',*,*,#1485,.T.);
#1869=ORIENTED_EDGE('',*,*,#1486,.F.);
#1870=ORIENTED_EDGE('',*,*,#1487,.T.);
#1871=ORIENTED_EDGE('',*,*,#1488,.F.);
#1872=ORIENTED_EDGE('',*,*,#1489,.T.);
#1873=ORIENTED_EDGE('',*,*,#1490,.F.);
#1874=ORIENTED_EDGE('',*,*,#1491,.T.);
#1875=ORIENTED_EDGE('',*,*,#1492,.F.);
#1876=ORIENTED_EDGE('',*,*,#1493,.T.);
#1877=ORIENTED_EDGE('',*,*,#1494,.F.);
#1878=ORIENTED_EDGE('',*,*,#1495,.T.);
#1879=ORIENTED_EDGE('',*,*,#1496,.F.);
#1880=ORIENTED_EDGE('',*,*,#1477,.F.);
#1881=ORIENTED_EDGE('',*,*,#1497,.F.);
#1882=ORIENTED_EDGE('',*,*,#1498,.F.);
#1883=ORIENTED_EDGE('',*,*,#1499,.F.);
#1884=ORIENTED_EDGE('',*,*,#1500,.F.);
#1885=ORIENTED_EDGE('',*,*,#1498,.T.);
#1886=ORIENTED_EDGE('',*,*,#1501,.F.);
#1887=ORIENTED_EDGE('',*,*,#1502,.T.);
#1888=ORIENTED_EDGE('',*,*,#1503,.T.);
#1889=ORIENTED_EDGE('',*,*,#1504,.T.);
#1890=ORIENTED_EDGE('',*,*,#1505,.F.);
#1891=ORIENTED_EDGE('',*,*,#1506,.T.);
#1892=ORIENTED_EDGE('',*,*,#1507,.F.);
#1893=ORIENTED_EDGE('',*,*,#1508,.T.);
#1894=ORIENTED_EDGE('',*,*,#1509,.F.);
#1895=ORIENTED_EDGE('',*,*,#1510,.T.);
#1896=ORIENTED_EDGE('',*,*,#1511,.F.);
#1897=ORIENTED_EDGE('',*,*,#1512,.T.);
#1898=ORIENTED_EDGE('',*,*,#1513,.F.);
#1899=ORIENTED_EDGE('',*,*,#1499,.T.);
#1900=ORIENTED_EDGE('',*,*,#1514,.F.);
#1901=ORIENTED_EDGE('',*,*,#1515,.T.);
#1902=ORIENTED_EDGE('',*,*,#1516,.T.);
#1903=ORIENTED_EDGE('',*,*,#1517,.T.);
#1904=ORIENTED_EDGE('',*,*,#1518,.T.);
#1905=ORIENTED_EDGE('',*,*,#1519,.F.);
#1906=ORIENTED_EDGE('',*,*,#1512,.F.);
#1907=ORIENTED_EDGE('',*,*,#1520,.F.);
#1908=ORIENTED_EDGE('',*,*,#1521,.F.);
#1909=ORIENTED_EDGE('',*,*,#1521,.T.);
#1910=ORIENTED_EDGE('',*,*,#1522,.F.);
#1911=ORIENTED_EDGE('',*,*,#1523,.T.);
#1912=ORIENTED_EDGE('',*,*,#1524,.F.);
#1913=ORIENTED_EDGE('',*,*,#1519,.T.);
#1914=ORIENTED_EDGE('',*,*,#1524,.T.);
#1915=ORIENTED_EDGE('',*,*,#1525,.T.);
#1916=ORIENTED_EDGE('',*,*,#1526,.T.);
#1917=ORIENTED_EDGE('',*,*,#1527,.T.);
#1918=ORIENTED_EDGE('',*,*,#1528,.F.);
#1919=ORIENTED_EDGE('',*,*,#1529,.F.);
#1920=ORIENTED_EDGE('',*,*,#1510,.F.);
#1921=ORIENTED_EDGE('',*,*,#1530,.F.);
#1922=ORIENTED_EDGE('',*,*,#1531,.F.);
#1923=ORIENTED_EDGE('',*,*,#1531,.T.);
#1924=ORIENTED_EDGE('',*,*,#1532,.F.);
#1925=ORIENTED_EDGE('',*,*,#1533,.T.);
#1926=ORIENTED_EDGE('',*,*,#1534,.F.);
#1927=ORIENTED_EDGE('',*,*,#1529,.T.);
#1928=ORIENTED_EDGE('',*,*,#1534,.T.);
#1929=ORIENTED_EDGE('',*,*,#1535,.T.);
#1930=ORIENTED_EDGE('',*,*,#1536,.T.);
#1931=ORIENTED_EDGE('',*,*,#1537,.T.);
#1932=ORIENTED_EDGE('',*,*,#1538,.F.);
#1933=ORIENTED_EDGE('',*,*,#1539,.F.);
#1934=ORIENTED_EDGE('',*,*,#1508,.F.);
#1935=ORIENTED_EDGE('',*,*,#1540,.F.);
#1936=ORIENTED_EDGE('',*,*,#1541,.F.);
#1937=ORIENTED_EDGE('',*,*,#1541,.T.);
#1938=ORIENTED_EDGE('',*,*,#1542,.F.);
#1939=ORIENTED_EDGE('',*,*,#1543,.T.);
#1940=ORIENTED_EDGE('',*,*,#1544,.F.);
#1941=ORIENTED_EDGE('',*,*,#1539,.T.);
#1942=ORIENTED_EDGE('',*,*,#1544,.T.);
#1943=ORIENTED_EDGE('',*,*,#1545,.T.);
#1944=ORIENTED_EDGE('',*,*,#1546,.T.);
#1945=ORIENTED_EDGE('',*,*,#1547,.T.);
#1946=ORIENTED_EDGE('',*,*,#1548,.F.);
#1947=ORIENTED_EDGE('',*,*,#1549,.F.);
#1948=ORIENTED_EDGE('',*,*,#1506,.F.);
#1949=ORIENTED_EDGE('',*,*,#1550,.F.);
#1950=ORIENTED_EDGE('',*,*,#1551,.F.);
#1951=ORIENTED_EDGE('',*,*,#1551,.T.);
#1952=ORIENTED_EDGE('',*,*,#1552,.F.);
#1953=ORIENTED_EDGE('',*,*,#1553,.T.);
#1954=ORIENTED_EDGE('',*,*,#1554,.F.);
#1955=ORIENTED_EDGE('',*,*,#1549,.T.);
#1956=ORIENTED_EDGE('',*,*,#1554,.T.);
#1957=ORIENTED_EDGE('',*,*,#1555,.T.);
#1958=ORIENTED_EDGE('',*,*,#1556,.T.);
#1959=ORIENTED_EDGE('',*,*,#1557,.T.);
#1960=ORIENTED_EDGE('',*,*,#1558,.F.);
#1961=ORIENTED_EDGE('',*,*,#1559,.F.);
#1962=ORIENTED_EDGE('',*,*,#1560,.F.);
#1963=ORIENTED_EDGE('',*,*,#1561,.F.);
#1964=ORIENTED_EDGE('',*,*,#1562,.F.);
#1965=ORIENTED_EDGE('',*,*,#1559,.T.);
#1966=ORIENTED_EDGE('',*,*,#1563,.F.);
#1967=ORIENTED_EDGE('',*,*,#1504,.F.);
#1968=ORIENTED_EDGE('',*,*,#1564,.F.);
#1969=ORIENTED_EDGE('',*,*,#1565,.T.);
#1970=ORIENTED_EDGE('',*,*,#1560,.T.);
#1971=ORIENTED_EDGE('',*,*,#1565,.F.);
#1972=ORIENTED_EDGE('',*,*,#1566,.F.);
#1973=ORIENTED_EDGE('',*,*,#1567,.F.);
#1974=ORIENTED_EDGE('',*,*,#1568,.F.);
#1975=ORIENTED_EDGE('',*,*,#1569,.F.);
#1976=ORIENTED_EDGE('',*,*,#1570,.T.);
#1977=ORIENTED_EDGE('',*,*,#1571,.F.);
#1978=ORIENTED_EDGE('',*,*,#1572,.T.);
#1979=ORIENTED_EDGE('',*,*,#1516,.F.);
#1980=ORIENTED_EDGE('',*,*,#1573,.T.);
#1981=ORIENTED_EDGE('',*,*,#1526,.F.);
#1982=ORIENTED_EDGE('',*,*,#1574,.T.);
#1983=ORIENTED_EDGE('',*,*,#1575,.F.);
#1984=ORIENTED_EDGE('',*,*,#1576,.T.);
#1985=ORIENTED_EDGE('',*,*,#1536,.F.);
#1986=ORIENTED_EDGE('',*,*,#1577,.T.);
#1987=ORIENTED_EDGE('',*,*,#1578,.F.);
#1988=ORIENTED_EDGE('',*,*,#1579,.T.);
#1989=ORIENTED_EDGE('',*,*,#1546,.F.);
#1990=ORIENTED_EDGE('',*,*,#1580,.T.);
#1991=ORIENTED_EDGE('',*,*,#1581,.F.);
#1992=ORIENTED_EDGE('',*,*,#1582,.T.);
#1993=ORIENTED_EDGE('',*,*,#1556,.F.);
#1994=ORIENTED_EDGE('',*,*,#1583,.T.);
#1995=ORIENTED_EDGE('',*,*,#1584,.F.);
#1996=ORIENTED_EDGE('',*,*,#1585,.F.);
#1997=ORIENTED_EDGE('',*,*,#1586,.F.);
#1998=ORIENTED_EDGE('',*,*,#1587,.F.);
#1999=ORIENTED_EDGE('',*,*,#1588,.F.);
#2000=ORIENTED_EDGE('',*,*,#1570,.F.);
#2001=ORIENTED_EDGE('',*,*,#1587,.T.);
#2002=ORIENTED_EDGE('',*,*,#1589,.T.);
#2003=ORIENTED_EDGE('',*,*,#1501,.T.);
#2004=ORIENTED_EDGE('',*,*,#1590,.T.);
#2005=ORIENTED_EDGE('',*,*,#1591,.T.);
#2006=ORIENTED_EDGE('',*,*,#1527,.F.);
#2007=ORIENTED_EDGE('',*,*,#1573,.F.);
#2008=ORIENTED_EDGE('',*,*,#1515,.F.);
#2009=ORIENTED_EDGE('',*,*,#1592,.F.);
#2010=ORIENTED_EDGE('',*,*,#1592,.T.);
#2011=ORIENTED_EDGE('',*,*,#1514,.T.);
#2012=ORIENTED_EDGE('',*,*,#1513,.T.);
#2013=ORIENTED_EDGE('',*,*,#1528,.T.);
#2014=ORIENTED_EDGE('',*,*,#1593,.T.);
#2015=ORIENTED_EDGE('',*,*,#1537,.F.);
#2016=ORIENTED_EDGE('',*,*,#1576,.F.);
#2017=ORIENTED_EDGE('',*,*,#1594,.F.);
#2018=ORIENTED_EDGE('',*,*,#1595,.F.);
#2019=ORIENTED_EDGE('',*,*,#1595,.T.);
#2020=ORIENTED_EDGE('',*,*,#1596,.T.);
#2021=ORIENTED_EDGE('',*,*,#1511,.T.);
#2022=ORIENTED_EDGE('',*,*,#1538,.T.);
#2023=ORIENTED_EDGE('',*,*,#1597,.T.);
#2024=ORIENTED_EDGE('',*,*,#1547,.F.);
#2025=ORIENTED_EDGE('',*,*,#1579,.F.);
#2026=ORIENTED_EDGE('',*,*,#1598,.F.);
#2027=ORIENTED_EDGE('',*,*,#1599,.F.);
#2028=ORIENTED_EDGE('',*,*,#1599,.T.);
#2029=ORIENTED_EDGE('',*,*,#1600,.T.);
#2030=ORIENTED_EDGE('',*,*,#1509,.T.);
#2031=ORIENTED_EDGE('',*,*,#1548,.T.);
#2032=ORIENTED_EDGE('',*,*,#1601,.T.);
#2033=ORIENTED_EDGE('',*,*,#1557,.F.);
#2034=ORIENTED_EDGE('',*,*,#1582,.F.);
#2035=ORIENTED_EDGE('',*,*,#1602,.F.);
#2036=ORIENTED_EDGE('',*,*,#1603,.F.);
#2037=ORIENTED_EDGE('',*,*,#1603,.T.);
#2038=ORIENTED_EDGE('',*,*,#1604,.T.);
#2039=ORIENTED_EDGE('',*,*,#1507,.T.);
#2040=ORIENTED_EDGE('',*,*,#1558,.T.);
#2041=ORIENTED_EDGE('',*,*,#1605,.T.);
#2042=ORIENTED_EDGE('',*,*,#1606,.F.);
#2043=ORIENTED_EDGE('',*,*,#1583,.F.);
#2044=ORIENTED_EDGE('',*,*,#1555,.F.);
#2045=ORIENTED_EDGE('',*,*,#1553,.F.);
#2046=ORIENTED_EDGE('',*,*,#1550,.T.);
#2047=ORIENTED_EDGE('',*,*,#1607,.F.);
#2048=ORIENTED_EDGE('',*,*,#1561,.T.);
#2049=ORIENTED_EDGE('',*,*,#1584,.T.);
#2050=ORIENTED_EDGE('',*,*,#1606,.T.);
#2051=ORIENTED_EDGE('',*,*,#1552,.T.);
#2052=ORIENTED_EDGE('',*,*,#1545,.F.);
#2053=ORIENTED_EDGE('',*,*,#1543,.F.);
#2054=ORIENTED_EDGE('',*,*,#1608,.F.);
#2055=ORIENTED_EDGE('',*,*,#1580,.F.);
#2056=ORIENTED_EDGE('',*,*,#1540,.T.);
#2057=ORIENTED_EDGE('',*,*,#1604,.F.);
#2058=ORIENTED_EDGE('',*,*,#1602,.T.);
#2059=ORIENTED_EDGE('',*,*,#1581,.T.);
#2060=ORIENTED_EDGE('',*,*,#1608,.T.);
#2061=ORIENTED_EDGE('',*,*,#1542,.T.);
#2062=ORIENTED_EDGE('',*,*,#1535,.F.);
#2063=ORIENTED_EDGE('',*,*,#1533,.F.);
#2064=ORIENTED_EDGE('',*,*,#1609,.F.);
#2065=ORIENTED_EDGE('',*,*,#1577,.F.);
#2066=ORIENTED_EDGE('',*,*,#1530,.T.);
#2067=ORIENTED_EDGE('',*,*,#1600,.F.);
#2068=ORIENTED_EDGE('',*,*,#1598,.T.);
#2069=ORIENTED_EDGE('',*,*,#1578,.T.);
#2070=ORIENTED_EDGE('',*,*,#1609,.T.);
#2071=ORIENTED_EDGE('',*,*,#1532,.T.);
#2072=ORIENTED_EDGE('',*,*,#1525,.F.);
#2073=ORIENTED_EDGE('',*,*,#1523,.F.);
#2074=ORIENTED_EDGE('',*,*,#1610,.F.);
#2075=ORIENTED_EDGE('',*,*,#1574,.F.);
#2076=ORIENTED_EDGE('',*,*,#1520,.T.);
#2077=ORIENTED_EDGE('',*,*,#1596,.F.);
#2078=ORIENTED_EDGE('',*,*,#1594,.T.);
#2079=ORIENTED_EDGE('',*,*,#1575,.T.);
#2080=ORIENTED_EDGE('',*,*,#1610,.T.);
#2081=ORIENTED_EDGE('',*,*,#1522,.T.);
#2082=ORIENTED_EDGE('',*,*,#1611,.F.);
#2083=ORIENTED_EDGE('',*,*,#1612,.F.);
#2084=ORIENTED_EDGE('',*,*,#1517,.F.);
#2085=ORIENTED_EDGE('',*,*,#1572,.F.);
#2086=ORIENTED_EDGE('',*,*,#1497,.T.);
#2087=ORIENTED_EDGE('',*,*,#1613,.T.);
#2088=ORIENTED_EDGE('',*,*,#1611,.T.);
#2089=ORIENTED_EDGE('',*,*,#1571,.T.);
#2090=ORIENTED_EDGE('',*,*,#1588,.T.);
#2091=ORIENTED_EDGE('',*,*,#1590,.F.);
#2092=ORIENTED_EDGE('',*,*,#1614,.T.);
#2093=ORIENTED_EDGE('',*,*,#1615,.T.);
#2094=ORIENTED_EDGE('',*,*,#1597,.F.);
#2095=ORIENTED_EDGE('',*,*,#1615,.F.);
#2096=ORIENTED_EDGE('',*,*,#1616,.T.);
#2097=ORIENTED_EDGE('',*,*,#1617,.T.);
#2098=ORIENTED_EDGE('',*,*,#1618,.F.);
#2099=ORIENTED_EDGE('',*,*,#1617,.F.);
#2100=ORIENTED_EDGE('',*,*,#1562,.T.);
#2101=ORIENTED_EDGE('',*,*,#1607,.T.);
#2102=ORIENTED_EDGE('',*,*,#1505,.T.);
#2103=ORIENTED_EDGE('',*,*,#1563,.T.);
#2104=ORIENTED_EDGE('',*,*,#1618,.T.);
#2105=ORIENTED_EDGE('',*,*,#1619,.T.);
#2106=ORIENTED_EDGE('',*,*,#1620,.T.);
#2107=ORIENTED_EDGE('',*,*,#1593,.F.);
#2108=ORIENTED_EDGE('',*,*,#1620,.F.);
#2109=ORIENTED_EDGE('',*,*,#1621,.T.);
#2110=ORIENTED_EDGE('',*,*,#1622,.T.);
#2111=ORIENTED_EDGE('',*,*,#1601,.F.);
#2112=ORIENTED_EDGE('',*,*,#1622,.F.);
#2113=ORIENTED_EDGE('',*,*,#1623,.T.);
#2114=ORIENTED_EDGE('',*,*,#1624,.T.);
#2115=ORIENTED_EDGE('',*,*,#1605,.F.);
#2116=ORIENTED_EDGE('',*,*,#1624,.F.);
#2117=ORIENTED_EDGE('',*,*,#1625,.T.);
#2118=ORIENTED_EDGE('',*,*,#1626,.T.);
#2119=ORIENTED_EDGE('',*,*,#1591,.F.);
#2120=ORIENTED_EDGE('',*,*,#1626,.F.);
#2121=ORIENTED_EDGE('',*,*,#1625,.F.);
#2122=ORIENTED_EDGE('',*,*,#1621,.F.);
#2123=ORIENTED_EDGE('',*,*,#1500,.T.);
#2124=ORIENTED_EDGE('',*,*,#1518,.F.);
#2125=ORIENTED_EDGE('',*,*,#1612,.T.);
#2126=ORIENTED_EDGE('',*,*,#1613,.F.);
#2127=ORIENTED_EDGE('',*,*,#1619,.F.);
#2128=ORIENTED_EDGE('',*,*,#1623,.F.);
#2129=ORIENTED_EDGE('',*,*,#1616,.F.);
#2130=ORIENTED_EDGE('',*,*,#1614,.F.);
#2131=ORIENTED_EDGE('',*,*,#1586,.T.);
#2132=ORIENTED_EDGE('',*,*,#1569,.T.);
#2133=ORIENTED_EDGE('',*,*,#1627,.T.);
#2134=ORIENTED_EDGE('',*,*,#1502,.F.);
#2135=ORIENTED_EDGE('',*,*,#1589,.F.);
#2136=ORIENTED_EDGE('',*,*,#1628,.T.);
#2137=ORIENTED_EDGE('',*,*,#1629,.T.);
#2138=ORIENTED_EDGE('',*,*,#1630,.T.);
#2139=ORIENTED_EDGE('',*,*,#1566,.T.);
#2140=ORIENTED_EDGE('',*,*,#1564,.T.);
#2141=ORIENTED_EDGE('',*,*,#1503,.F.);
#2142=ORIENTED_EDGE('',*,*,#1627,.F.);
#2143=ORIENTED_EDGE('',*,*,#1568,.T.);
#2144=ORIENTED_EDGE('',*,*,#1629,.F.);
#2145=ORIENTED_EDGE('',*,*,#1631,.T.);
#2146=ORIENTED_EDGE('',*,*,#1632,.T.);
#2147=ORIENTED_EDGE('',*,*,#1628,.F.);
#2148=ORIENTED_EDGE('',*,*,#1567,.T.);
#2149=ORIENTED_EDGE('',*,*,#1630,.F.);
#2150=ORIENTED_EDGE('',*,*,#1631,.F.);
#2151=ORIENTED_EDGE('',*,*,#1633,.T.);
#2152=ORIENTED_EDGE('',*,*,#1634,.T.);
#2153=ORIENTED_EDGE('',*,*,#1635,.T.);
#2154=ORIENTED_EDGE('',*,*,#1486,.T.);
#2155=ORIENTED_EDGE('',*,*,#1635,.F.);
#2156=ORIENTED_EDGE('',*,*,#1636,.F.);
#2157=ORIENTED_EDGE('',*,*,#1637,.F.);
#2158=ORIENTED_EDGE('',*,*,#1638,.F.);
#2159=ORIENTED_EDGE('',*,*,#1639,.F.);
#2160=ORIENTED_EDGE('',*,*,#1640,.T.);
#2161=ORIENTED_EDGE('',*,*,#1641,.T.);
#2162=ORIENTED_EDGE('',*,*,#1642,.T.);
#2163=ORIENTED_EDGE('',*,*,#1643,.T.);
#2164=ORIENTED_EDGE('',*,*,#1488,.T.);
#2165=ORIENTED_EDGE('',*,*,#1642,.F.);
#2166=ORIENTED_EDGE('',*,*,#1644,.T.);
#2167=ORIENTED_EDGE('',*,*,#1645,.F.);
#2168=ORIENTED_EDGE('',*,*,#1646,.T.);
#2169=ORIENTED_EDGE('',*,*,#1641,.F.);
#2170=ORIENTED_EDGE('',*,*,#1647,.T.);
#2171=ORIENTED_EDGE('',*,*,#1648,.F.);
#2172=ORIENTED_EDGE('',*,*,#1649,.F.);
#2173=ORIENTED_EDGE('',*,*,#1650,.F.);
#2174=ORIENTED_EDGE('',*,*,#1644,.F.);
#2175=ORIENTED_EDGE('',*,*,#1651,.T.);
#2176=ORIENTED_EDGE('',*,*,#1652,.T.);
#2177=ORIENTED_EDGE('',*,*,#1653,.T.);
#2178=ORIENTED_EDGE('',*,*,#1490,.T.);
#2179=ORIENTED_EDGE('',*,*,#1652,.F.);
#2180=ORIENTED_EDGE('',*,*,#1654,.T.);
#2181=ORIENTED_EDGE('',*,*,#1655,.F.);
#2182=ORIENTED_EDGE('',*,*,#1656,.T.);
#2183=ORIENTED_EDGE('',*,*,#1651,.F.);
#2184=ORIENTED_EDGE('',*,*,#1657,.T.);
#2185=ORIENTED_EDGE('',*,*,#1658,.F.);
#2186=ORIENTED_EDGE('',*,*,#1659,.F.);
#2187=ORIENTED_EDGE('',*,*,#1660,.F.);
#2188=ORIENTED_EDGE('',*,*,#1654,.F.);
#2189=ORIENTED_EDGE('',*,*,#1661,.T.);
#2190=ORIENTED_EDGE('',*,*,#1662,.T.);
#2191=ORIENTED_EDGE('',*,*,#1663,.T.);
#2192=ORIENTED_EDGE('',*,*,#1492,.T.);
#2193=ORIENTED_EDGE('',*,*,#1662,.F.);
#2194=ORIENTED_EDGE('',*,*,#1664,.T.);
#2195=ORIENTED_EDGE('',*,*,#1665,.F.);
#2196=ORIENTED_EDGE('',*,*,#1666,.T.);
#2197=ORIENTED_EDGE('',*,*,#1661,.F.);
#2198=ORIENTED_EDGE('',*,*,#1667,.T.);
#2199=ORIENTED_EDGE('',*,*,#1668,.F.);
#2200=ORIENTED_EDGE('',*,*,#1669,.F.);
#2201=ORIENTED_EDGE('',*,*,#1670,.F.);
#2202=ORIENTED_EDGE('',*,*,#1664,.F.);
#2203=ORIENTED_EDGE('',*,*,#1671,.T.);
#2204=ORIENTED_EDGE('',*,*,#1672,.T.);
#2205=ORIENTED_EDGE('',*,*,#1673,.T.);
#2206=ORIENTED_EDGE('',*,*,#1494,.T.);
#2207=ORIENTED_EDGE('',*,*,#1672,.F.);
#2208=ORIENTED_EDGE('',*,*,#1674,.T.);
#2209=ORIENTED_EDGE('',*,*,#1675,.F.);
#2210=ORIENTED_EDGE('',*,*,#1676,.T.);
#2211=ORIENTED_EDGE('',*,*,#1671,.F.);
#2212=ORIENTED_EDGE('',*,*,#1677,.T.);
#2213=ORIENTED_EDGE('',*,*,#1678,.F.);
#2214=ORIENTED_EDGE('',*,*,#1679,.F.);
#2215=ORIENTED_EDGE('',*,*,#1680,.F.);
#2216=ORIENTED_EDGE('',*,*,#1674,.F.);
#2217=ORIENTED_EDGE('',*,*,#1681,.T.);
#2218=ORIENTED_EDGE('',*,*,#1682,.T.);
#2219=ORIENTED_EDGE('',*,*,#1683,.T.);
#2220=ORIENTED_EDGE('',*,*,#1684,.T.);
#2221=ORIENTED_EDGE('',*,*,#1681,.F.);
#2222=ORIENTED_EDGE('',*,*,#1685,.F.);
#2223=ORIENTED_EDGE('',*,*,#1478,.T.);
#2224=ORIENTED_EDGE('',*,*,#1496,.T.);
#2225=ORIENTED_EDGE('',*,*,#1686,.T.);
#2226=ORIENTED_EDGE('',*,*,#1684,.F.);
#2227=ORIENTED_EDGE('',*,*,#1687,.T.);
#2228=ORIENTED_EDGE('',*,*,#1688,.F.);
#2229=ORIENTED_EDGE('',*,*,#1679,.T.);
#2230=ORIENTED_EDGE('',*,*,#1689,.F.);
#2231=ORIENTED_EDGE('',*,*,#1690,.T.);
#2232=ORIENTED_EDGE('',*,*,#1691,.F.);
#2233=ORIENTED_EDGE('',*,*,#1669,.T.);
#2234=ORIENTED_EDGE('',*,*,#1692,.F.);
#2235=ORIENTED_EDGE('',*,*,#1693,.T.);
#2236=ORIENTED_EDGE('',*,*,#1694,.F.);
#2237=ORIENTED_EDGE('',*,*,#1659,.T.);
#2238=ORIENTED_EDGE('',*,*,#1695,.F.);
#2239=ORIENTED_EDGE('',*,*,#1696,.T.);
#2240=ORIENTED_EDGE('',*,*,#1697,.F.);
#2241=ORIENTED_EDGE('',*,*,#1649,.T.);
#2242=ORIENTED_EDGE('',*,*,#1698,.F.);
#2243=ORIENTED_EDGE('',*,*,#1638,.T.);
#2244=ORIENTED_EDGE('',*,*,#1699,.F.);
#2245=ORIENTED_EDGE('',*,*,#1700,.T.);
#2246=ORIENTED_EDGE('',*,*,#1701,.F.);
#2247=ORIENTED_EDGE('',*,*,#1702,.T.);
#2248=ORIENTED_EDGE('',*,*,#1483,.T.);
#2249=ORIENTED_EDGE('',*,*,#1703,.T.);
#2250=ORIENTED_EDGE('',*,*,#1479,.T.);
#2251=ORIENTED_EDGE('',*,*,#1685,.T.);
#2252=ORIENTED_EDGE('',*,*,#1704,.T.);
#2253=ORIENTED_EDGE('',*,*,#1705,.T.);
#2254=ORIENTED_EDGE('',*,*,#1701,.T.);
#2255=ORIENTED_EDGE('',*,*,#1706,.T.);
#2256=ORIENTED_EDGE('',*,*,#1707,.T.);
#2257=ORIENTED_EDGE('',*,*,#1475,.F.);
#2258=ORIENTED_EDGE('',*,*,#1708,.F.);
#2259=ORIENTED_EDGE('',*,*,#1707,.F.);
#2260=ORIENTED_EDGE('',*,*,#1709,.F.);
#2261=ORIENTED_EDGE('',*,*,#1485,.F.);
#2262=ORIENTED_EDGE('',*,*,#1710,.F.);
#2263=ORIENTED_EDGE('',*,*,#1648,.T.);
#2264=ORIENTED_EDGE('',*,*,#1711,.T.);
#2265=ORIENTED_EDGE('',*,*,#1639,.T.);
#2266=ORIENTED_EDGE('',*,*,#1698,.T.);
#2267=ORIENTED_EDGE('',*,*,#1711,.F.);
#2268=ORIENTED_EDGE('',*,*,#1647,.F.);
#2269=ORIENTED_EDGE('',*,*,#1487,.F.);
#2270=ORIENTED_EDGE('',*,*,#1640,.F.);
#2271=ORIENTED_EDGE('',*,*,#1712,.F.);
#2272=ORIENTED_EDGE('',*,*,#1658,.T.);
#2273=ORIENTED_EDGE('',*,*,#1713,.T.);
#2274=ORIENTED_EDGE('',*,*,#1714,.T.);
#2275=ORIENTED_EDGE('',*,*,#1695,.T.);
#2276=ORIENTED_EDGE('',*,*,#1713,.F.);
#2277=ORIENTED_EDGE('',*,*,#1657,.F.);
#2278=ORIENTED_EDGE('',*,*,#1489,.F.);
#2279=ORIENTED_EDGE('',*,*,#1715,.F.);
#2280=ORIENTED_EDGE('',*,*,#1716,.F.);
#2281=ORIENTED_EDGE('',*,*,#1668,.T.);
#2282=ORIENTED_EDGE('',*,*,#1717,.T.);
#2283=ORIENTED_EDGE('',*,*,#1718,.T.);
#2284=ORIENTED_EDGE('',*,*,#1692,.T.);
#2285=ORIENTED_EDGE('',*,*,#1717,.F.);
#2286=ORIENTED_EDGE('',*,*,#1667,.F.);
#2287=ORIENTED_EDGE('',*,*,#1491,.F.);
#2288=ORIENTED_EDGE('',*,*,#1719,.F.);
#2289=ORIENTED_EDGE('',*,*,#1720,.F.);
#2290=ORIENTED_EDGE('',*,*,#1678,.T.);
#2291=ORIENTED_EDGE('',*,*,#1721,.T.);
#2292=ORIENTED_EDGE('',*,*,#1722,.T.);
#2293=ORIENTED_EDGE('',*,*,#1689,.T.);
#2294=ORIENTED_EDGE('',*,*,#1721,.F.);
#2295=ORIENTED_EDGE('',*,*,#1677,.F.);
#2296=ORIENTED_EDGE('',*,*,#1493,.F.);
#2297=ORIENTED_EDGE('',*,*,#1723,.F.);
#2298=ORIENTED_EDGE('',*,*,#1724,.F.);
#2299=ORIENTED_EDGE('',*,*,#1725,.T.);
#2300=ORIENTED_EDGE('',*,*,#1675,.T.);
#2301=ORIENTED_EDGE('',*,*,#1680,.T.);
#2302=ORIENTED_EDGE('',*,*,#1688,.T.);
#2303=ORIENTED_EDGE('',*,*,#1673,.F.);
#2304=ORIENTED_EDGE('',*,*,#1676,.F.);
#2305=ORIENTED_EDGE('',*,*,#1725,.F.);
#2306=ORIENTED_EDGE('',*,*,#1687,.F.);
#2307=ORIENTED_EDGE('',*,*,#1683,.F.);
#2308=ORIENTED_EDGE('',*,*,#1726,.T.);
#2309=ORIENTED_EDGE('',*,*,#1670,.T.);
#2310=ORIENTED_EDGE('',*,*,#1691,.T.);
#2311=ORIENTED_EDGE('',*,*,#1727,.T.);
#2312=ORIENTED_EDGE('',*,*,#1665,.T.);
#2313=ORIENTED_EDGE('',*,*,#1663,.F.);
#2314=ORIENTED_EDGE('',*,*,#1666,.F.);
#2315=ORIENTED_EDGE('',*,*,#1727,.F.);
#2316=ORIENTED_EDGE('',*,*,#1690,.F.);
#2317=ORIENTED_EDGE('',*,*,#1722,.F.);
#2318=ORIENTED_EDGE('',*,*,#1723,.T.);
#2319=ORIENTED_EDGE('',*,*,#1660,.T.);
#2320=ORIENTED_EDGE('',*,*,#1694,.T.);
#2321=ORIENTED_EDGE('',*,*,#1728,.T.);
#2322=ORIENTED_EDGE('',*,*,#1655,.T.);
#2323=ORIENTED_EDGE('',*,*,#1653,.F.);
#2324=ORIENTED_EDGE('',*,*,#1656,.F.);
#2325=ORIENTED_EDGE('',*,*,#1728,.F.);
#2326=ORIENTED_EDGE('',*,*,#1693,.F.);
#2327=ORIENTED_EDGE('',*,*,#1718,.F.);
#2328=ORIENTED_EDGE('',*,*,#1719,.T.);
#2329=ORIENTED_EDGE('',*,*,#1650,.T.);
#2330=ORIENTED_EDGE('',*,*,#1697,.T.);
#2331=ORIENTED_EDGE('',*,*,#1729,.T.);
#2332=ORIENTED_EDGE('',*,*,#1645,.T.);
#2333=ORIENTED_EDGE('',*,*,#1643,.F.);
#2334=ORIENTED_EDGE('',*,*,#1646,.F.);
#2335=ORIENTED_EDGE('',*,*,#1729,.F.);
#2336=ORIENTED_EDGE('',*,*,#1696,.F.);
#2337=ORIENTED_EDGE('',*,*,#1714,.F.);
#2338=ORIENTED_EDGE('',*,*,#1715,.T.);
#2339=ORIENTED_EDGE('',*,*,#1730,.T.);
#2340=ORIENTED_EDGE('',*,*,#1699,.T.);
#2341=ORIENTED_EDGE('',*,*,#1637,.T.);
#2342=ORIENTED_EDGE('',*,*,#1731,.T.);
#2343=ORIENTED_EDGE('',*,*,#1633,.F.);
#2344=ORIENTED_EDGE('',*,*,#1709,.T.);
#2345=ORIENTED_EDGE('',*,*,#1706,.F.);
#2346=ORIENTED_EDGE('',*,*,#1700,.F.);
#2347=ORIENTED_EDGE('',*,*,#1730,.F.);
#2348=ORIENTED_EDGE('',*,*,#1732,.F.);
#2349=ORIENTED_EDGE('',*,*,#1733,.F.);
#2350=ORIENTED_EDGE('',*,*,#1734,.T.);
#2351=ORIENTED_EDGE('',*,*,#1716,.T.);
#2352=ORIENTED_EDGE('',*,*,#1734,.F.);
#2353=ORIENTED_EDGE('',*,*,#1735,.F.);
#2354=ORIENTED_EDGE('',*,*,#1736,.T.);
#2355=ORIENTED_EDGE('',*,*,#1737,.T.);
#2356=ORIENTED_EDGE('',*,*,#1736,.F.);
#2357=ORIENTED_EDGE('',*,*,#1682,.F.);
#2358=ORIENTED_EDGE('',*,*,#1686,.F.);
#2359=ORIENTED_EDGE('',*,*,#1495,.F.);
#2360=ORIENTED_EDGE('',*,*,#1726,.F.);
#2361=ORIENTED_EDGE('',*,*,#1737,.F.);
#2362=ORIENTED_EDGE('',*,*,#1738,.F.);
#2363=ORIENTED_EDGE('',*,*,#1739,.T.);
#2364=ORIENTED_EDGE('',*,*,#1712,.T.);
#2365=ORIENTED_EDGE('',*,*,#1739,.F.);
#2366=ORIENTED_EDGE('',*,*,#1740,.F.);
#2367=ORIENTED_EDGE('',*,*,#1741,.T.);
#2368=ORIENTED_EDGE('',*,*,#1720,.T.);
#2369=ORIENTED_EDGE('',*,*,#1741,.F.);
#2370=ORIENTED_EDGE('',*,*,#1742,.F.);
#2371=ORIENTED_EDGE('',*,*,#1743,.T.);
#2372=ORIENTED_EDGE('',*,*,#1724,.T.);
#2373=ORIENTED_EDGE('',*,*,#1743,.F.);
#2374=ORIENTED_EDGE('',*,*,#1744,.F.);
#2375=ORIENTED_EDGE('',*,*,#1745,.T.);
#2376=ORIENTED_EDGE('',*,*,#1710,.T.);
#2377=ORIENTED_EDGE('',*,*,#1745,.F.);
#2378=ORIENTED_EDGE('',*,*,#1744,.T.);
#2379=ORIENTED_EDGE('',*,*,#1740,.T.);
#2380=ORIENTED_EDGE('',*,*,#1634,.F.);
#2381=ORIENTED_EDGE('',*,*,#1732,.T.);
#2382=ORIENTED_EDGE('',*,*,#1731,.F.);
#2383=ORIENTED_EDGE('',*,*,#1636,.T.);
#2384=ORIENTED_EDGE('',*,*,#1738,.T.);
#2385=ORIENTED_EDGE('',*,*,#1742,.T.);
#2386=ORIENTED_EDGE('',*,*,#1735,.T.);
#2387=ORIENTED_EDGE('',*,*,#1733,.T.);
#2388=ORIENTED_EDGE('',*,*,#1474,.F.);
#2389=ORIENTED_EDGE('',*,*,#1484,.F.);
#2390=ORIENTED_EDGE('',*,*,#1702,.F.);
#2391=ORIENTED_EDGE('',*,*,#1705,.F.);
#2392=ORIENTED_EDGE('',*,*,#1708,.T.);
#2393=ORIENTED_EDGE('',*,*,#1481,.T.);
#2394=ORIENTED_EDGE('',*,*,#1746,.F.);
#2395=ORIENTED_EDGE('',*,*,#1747,.F.);
#2396=ORIENTED_EDGE('',*,*,#1482,.T.);
#2397=ORIENTED_EDGE('',*,*,#1746,.T.);
#2398=ORIENTED_EDGE('',*,*,#1480,.T.);
#2399=ORIENTED_EDGE('',*,*,#1703,.F.);
#2400=ORIENTED_EDGE('',*,*,#1585,.T.);
#2401=ORIENTED_EDGE('',*,*,#1748,.T.);
#2402=ORIENTED_EDGE('',*,*,#1704,.F.);
#2403=ORIENTED_EDGE('',*,*,#1748,.F.);
#2404=ORIENTED_EDGE('',*,*,#1632,.F.);
#2405=ORIENTED_EDGE('',*,*,#1749,.T.);
#2406=ORIENTED_EDGE('',*,*,#1747,.T.);
#2407=ORIENTED_EDGE('',*,*,#1749,.F.);
#2408=ORIENTED_EDGE('',*,*,#1750,.F.);
#2409=ORIENTED_EDGE('',*,*,#1751,.T.);
#2410=ORIENTED_EDGE('',*,*,#1752,.T.);
#2411=ORIENTED_EDGE('',*,*,#1751,.F.);
#2412=ORIENTED_EDGE('',*,*,#1753,.F.);
#2413=ORIENTED_EDGE('',*,*,#1754,.T.);
#2414=ORIENTED_EDGE('',*,*,#1755,.T.);
#2415=ORIENTED_EDGE('',*,*,#1754,.F.);
#2416=ORIENTED_EDGE('',*,*,#1753,.T.);
#2417=ORIENTED_EDGE('',*,*,#1750,.T.);
#2418=ORIENTED_EDGE('',*,*,#1755,.F.);
#2419=ORIENTED_EDGE('',*,*,#1752,.F.);
#2420=ORIENTED_EDGE('',*,*,#1756,.F.);
#2421=ORIENTED_EDGE('',*,*,#1757,.T.);
#2422=ORIENTED_EDGE('',*,*,#1758,.T.);
#2423=ORIENTED_EDGE('',*,*,#1757,.F.);
#2424=ORIENTED_EDGE('',*,*,#1756,.T.);
#2425=ORIENTED_EDGE('',*,*,#1758,.F.);
#2426=ORIENTED_EDGE('',*,*,#1759,.F.);
#2427=ORIENTED_EDGE('',*,*,#1760,.T.);
#2428=ORIENTED_EDGE('',*,*,#1761,.T.);
#2429=ORIENTED_EDGE('',*,*,#1760,.F.);
#2430=ORIENTED_EDGE('',*,*,#1759,.T.);
#2431=ORIENTED_EDGE('',*,*,#1761,.F.);
#2432=ORIENTED_EDGE('',*,*,#1762,.F.);
#2433=ORIENTED_EDGE('',*,*,#1763,.T.);
#2434=ORIENTED_EDGE('',*,*,#1764,.T.);
#2435=ORIENTED_EDGE('',*,*,#1763,.F.);
#2436=ORIENTED_EDGE('',*,*,#1762,.T.);
#2437=ORIENTED_EDGE('',*,*,#1764,.F.);
#2438=ORIENTED_EDGE('',*,*,#1765,.F.);
#2439=ORIENTED_EDGE('',*,*,#1766,.T.);
#2440=ORIENTED_EDGE('',*,*,#1767,.T.);
#2441=ORIENTED_EDGE('',*,*,#1766,.F.);
#2442=ORIENTED_EDGE('',*,*,#1765,.T.);
#2443=ORIENTED_EDGE('',*,*,#1767,.F.);
#2444=ORIENTED_EDGE('',*,*,#1768,.F.);
#2445=ORIENTED_EDGE('',*,*,#1769,.T.);
#2446=ORIENTED_EDGE('',*,*,#1770,.T.);
#2447=ORIENTED_EDGE('',*,*,#1769,.F.);
#2448=ORIENTED_EDGE('',*,*,#1768,.T.);
#2449=ORIENTED_EDGE('',*,*,#1770,.F.);
#2450=ORIENTED_EDGE('',*,*,#1771,.F.);
#2451=ORIENTED_EDGE('',*,*,#1772,.T.);
#2452=ORIENTED_EDGE('',*,*,#1773,.T.);
#2453=ORIENTED_EDGE('',*,*,#1772,.F.);
#2454=ORIENTED_EDGE('',*,*,#1771,.T.);
#2455=ORIENTED_EDGE('',*,*,#1773,.F.);
#2456=ORIENTED_EDGE('',*,*,#1774,.F.);
#2457=ORIENTED_EDGE('',*,*,#1775,.T.);
#2458=ORIENTED_EDGE('',*,*,#1776,.T.);
#2459=ORIENTED_EDGE('',*,*,#1775,.F.);
#2460=ORIENTED_EDGE('',*,*,#1774,.T.);
#2461=ORIENTED_EDGE('',*,*,#1776,.F.);
#2462=ORIENTED_EDGE('',*,*,#1777,.F.);
#2463=ORIENTED_EDGE('',*,*,#1778,.T.);
#2464=ORIENTED_EDGE('',*,*,#1779,.T.);
#2465=ORIENTED_EDGE('',*,*,#1778,.F.);
#2466=ORIENTED_EDGE('',*,*,#1777,.T.);
#2467=ORIENTED_EDGE('',*,*,#1779,.F.);
#2468=ORIENTED_EDGE('',*,*,#1780,.F.);
#2469=ORIENTED_EDGE('',*,*,#1781,.T.);
#2470=ORIENTED_EDGE('',*,*,#1782,.T.);
#2471=ORIENTED_EDGE('',*,*,#1781,.F.);
#2472=ORIENTED_EDGE('',*,*,#1780,.T.);
#2473=ORIENTED_EDGE('',*,*,#1782,.F.);
#2474=ORIENTED_EDGE('',*,*,#1783,.F.);
#2475=ORIENTED_EDGE('',*,*,#1784,.T.);
#2476=ORIENTED_EDGE('',*,*,#1785,.T.);
#2477=ORIENTED_EDGE('',*,*,#1784,.F.);
#2478=ORIENTED_EDGE('',*,*,#1783,.T.);
#2479=ORIENTED_EDGE('',*,*,#1785,.F.);
#2480=ORIENTED_EDGE('',*,*,#1786,.F.);
#2481=ORIENTED_EDGE('',*,*,#1787,.T.);
#2482=ORIENTED_EDGE('',*,*,#1788,.T.);
#2483=ORIENTED_EDGE('',*,*,#1787,.F.);
#2484=ORIENTED_EDGE('',*,*,#1786,.T.);
#2485=ORIENTED_EDGE('',*,*,#1788,.F.);
#2486=ORIENTED_EDGE('',*,*,#1789,.F.);
#2487=ORIENTED_EDGE('',*,*,#1790,.T.);
#2488=ORIENTED_EDGE('',*,*,#1791,.T.);
#2489=ORIENTED_EDGE('',*,*,#1790,.F.);
#2490=ORIENTED_EDGE('',*,*,#1789,.T.);
#2491=ORIENTED_EDGE('',*,*,#1791,.F.);
#2492=CYLINDRICAL_SURFACE('',#2755,11.0000001639128);
#2493=CYLINDRICAL_SURFACE('',#2758,4.90000000000007);
#2494=CYLINDRICAL_SURFACE('',#2764,11.0000001639128);
#2495=CYLINDRICAL_SURFACE('',#2825,0.4);
#2496=CYLINDRICAL_SURFACE('',#2827,0.4);
#2497=CYLINDRICAL_SURFACE('',#2831,0.4);
#2498=CYLINDRICAL_SURFACE('',#2833,0.4);
#2499=CYLINDRICAL_SURFACE('',#2835,0.4);
#2500=CYLINDRICAL_SURFACE('',#2837,0.4);
#2501=CYLINDRICAL_SURFACE('',#2851,10.75);
#2502=CYLINDRICAL_SURFACE('',#2896,0.4);
#2503=CYLINDRICAL_SURFACE('',#2898,0.4);
#2504=CYLINDRICAL_SURFACE('',#2902,0.4);
#2505=CYLINDRICAL_SURFACE('',#2904,0.4);
#2506=CYLINDRICAL_SURFACE('',#2906,0.4);
#2507=CYLINDRICAL_SURFACE('',#2908,0.4);
#2508=CYLINDRICAL_SURFACE('',#2921,10.75);
#2509=CYLINDRICAL_SURFACE('',#2922,5.9);
#2510=CYLINDRICAL_SURFACE('',#2923,5.15);
#2511=CYLINDRICAL_SURFACE('',#2925,5.9);
#2512=CYLINDRICAL_SURFACE('',#2928,10.75);
#2513=CYLINDRICAL_SURFACE('',#2934,0.4);
#2514=CYLINDRICAL_SURFACE('',#2939,0.4);
#2515=CYLINDRICAL_SURFACE('',#2944,0.4);
#2516=CYLINDRICAL_SURFACE('',#2949,0.4);
#2517=CYLINDRICAL_SURFACE('',#2954,0.4);
#2518=CYLINDRICAL_SURFACE('',#2959,0.4);
#2519=CYLINDRICAL_SURFACE('',#2964,0.4);
#2520=CYLINDRICAL_SURFACE('',#2969,0.4);
#2521=CYLINDRICAL_SURFACE('',#2974,0.4);
#2522=CYLINDRICAL_SURFACE('',#2979,0.4);
#2523=CYLINDRICAL_SURFACE('',#2984,0.4);
#2524=CYLINDRICAL_SURFACE('',#2989,0.4);
#2525=ADVANCED_FACE('',(#230),#2492,.F.);
#2526=ADVANCED_FACE('',(#231),#2493,.T.);
#2527=ADVANCED_FACE('',(#232),#95,.T.);
#2528=ADVANCED_FACE('',(#233),#2494,.F.);
#2529=ADVANCED_FACE('',(#234),#96,.T.);
#2530=ADVANCED_FACE('',(#235),#97,.T.);
#2531=ADVANCED_FACE('',(#236),#98,.T.);
#2532=ADVANCED_FACE('',(#237),#99,.T.);
#2533=ADVANCED_FACE('',(#238),#100,.T.);
#2534=ADVANCED_FACE('',(#239),#101,.T.);
#2535=ADVANCED_FACE('',(#240),#102,.T.);
#2536=ADVANCED_FACE('',(#241),#103,.T.);
#2537=ADVANCED_FACE('',(#242),#104,.F.);
#2538=ADVANCED_FACE('',(#243),#105,.T.);
#2539=ADVANCED_FACE('',(#244),#106,.T.);
#2540=ADVANCED_FACE('',(#245),#107,.T.);
#2541=ADVANCED_FACE('',(#246),#108,.F.);
#2542=ADVANCED_FACE('',(#247),#109,.F.);
#2543=ADVANCED_FACE('',(#248),#110,.T.);
#2544=ADVANCED_FACE('',(#249),#111,.F.);
#2545=ADVANCED_FACE('',(#250),#112,.F.);
#2546=ADVANCED_FACE('',(#251),#113,.T.);
#2547=ADVANCED_FACE('',(#252),#114,.F.);
#2548=ADVANCED_FACE('',(#253),#115,.F.);
#2549=ADVANCED_FACE('',(#254),#116,.T.);
#2550=ADVANCED_FACE('',(#255),#117,.F.);
#2551=ADVANCED_FACE('',(#256),#118,.F.);
#2552=ADVANCED_FACE('',(#257),#119,.T.);
#2553=ADVANCED_FACE('',(#258),#120,.F.);
#2554=ADVANCED_FACE('',(#259),#121,.F.);
#2555=ADVANCED_FACE('',(#260),#122,.T.);
#2556=ADVANCED_FACE('',(#261),#123,.F.);
#2557=ADVANCED_FACE('',(#262),#124,.F.);
#2558=ADVANCED_FACE('',(#263,#39),#125,.F.);
#2559=ADVANCED_FACE('',(#264),#126,.F.);
#2560=ADVANCED_FACE('',(#265,#40),#127,.F.);
#2561=ADVANCED_FACE('',(#266),#128,.F.);
#2562=ADVANCED_FACE('',(#267,#41),#129,.F.);
#2563=ADVANCED_FACE('',(#268),#130,.F.);
#2564=ADVANCED_FACE('',(#269,#42),#131,.F.);
#2565=ADVANCED_FACE('',(#270),#132,.F.);
#2566=ADVANCED_FACE('',(#271,#43),#133,.F.);
#2567=ADVANCED_FACE('',(#272),#134,.F.);
#2568=ADVANCED_FACE('',(#273,#44),#135,.F.);
#2569=ADVANCED_FACE('',(#274),#136,.F.);
#2570=ADVANCED_FACE('',(#275),#137,.T.);
#2571=ADVANCED_FACE('',(#276),#138,.F.);
#2572=ADVANCED_FACE('',(#277),#139,.T.);
#2573=ADVANCED_FACE('',(#278),#140,.F.);
#2574=ADVANCED_FACE('',(#279),#141,.T.);
#2575=ADVANCED_FACE('',(#280),#142,.F.);
#2576=ADVANCED_FACE('',(#281),#143,.T.);
#2577=ADVANCED_FACE('',(#282),#144,.F.);
#2578=ADVANCED_FACE('',(#283),#145,.T.);
#2579=ADVANCED_FACE('',(#284),#2495,.F.);
#2580=ADVANCED_FACE('',(#285),#2496,.F.);
#2581=ADVANCED_FACE('',(#286,#45),#146,.F.);
#2582=ADVANCED_FACE('',(#287),#2497,.F.);
#2583=ADVANCED_FACE('',(#288),#2498,.F.);
#2584=ADVANCED_FACE('',(#289),#2499,.F.);
#2585=ADVANCED_FACE('',(#290),#2500,.F.);
#2586=ADVANCED_FACE('',(#291),#147,.F.);
#2587=ADVANCED_FACE('',(#292),#148,.F.);
#2588=ADVANCED_FACE('',(#293),#149,.F.);
#2589=ADVANCED_FACE('',(#294),#150,.F.);
#2590=ADVANCED_FACE('',(#295),#151,.F.);
#2591=ADVANCED_FACE('',(#296),#152,.F.);
#2592=ADVANCED_FACE('',(#297),#153,.F.);
#2593=ADVANCED_FACE('',(#298),#154,.F.);
#2594=ADVANCED_FACE('',(#299),#155,.F.);
#2595=ADVANCED_FACE('',(#300,#46),#156,.T.);
#2596=ADVANCED_FACE('',(#301),#2501,.T.);
#2597=ADVANCED_FACE('',(#302),#157,.T.);
#2598=ADVANCED_FACE('',(#303),#158,.F.);
#2599=ADVANCED_FACE('',(#304),#159,.T.);
#2600=ADVANCED_FACE('',(#305),#160,.T.);
#2601=ADVANCED_FACE('',(#306),#161,.F.);
#2602=ADVANCED_FACE('',(#307),#162,.T.);
#2603=ADVANCED_FACE('',(#308),#163,.T.);
#2604=ADVANCED_FACE('',(#309),#164,.F.);
#2605=ADVANCED_FACE('',(#310),#165,.T.);
#2606=ADVANCED_FACE('',(#311),#166,.T.);
#2607=ADVANCED_FACE('',(#312),#167,.F.);
#2608=ADVANCED_FACE('',(#313),#168,.T.);
#2609=ADVANCED_FACE('',(#314),#169,.T.);
#2610=ADVANCED_FACE('',(#315),#170,.F.);
#2611=ADVANCED_FACE('',(#316),#171,.T.);
#2612=ADVANCED_FACE('',(#317),#172,.T.);
#2613=ADVANCED_FACE('',(#318,#47),#173,.T.);
#2614=ADVANCED_FACE('',(#319),#174,.T.);
#2615=ADVANCED_FACE('',(#320,#48),#175,.T.);
#2616=ADVANCED_FACE('',(#321),#176,.T.);
#2617=ADVANCED_FACE('',(#322,#49),#177,.T.);
#2618=ADVANCED_FACE('',(#323),#178,.T.);
#2619=ADVANCED_FACE('',(#324,#50),#179,.T.);
#2620=ADVANCED_FACE('',(#325),#180,.T.);
#2621=ADVANCED_FACE('',(#326,#51),#181,.T.);
#2622=ADVANCED_FACE('',(#327),#182,.T.);
#2623=ADVANCED_FACE('',(#328,#52),#183,.T.);
#2624=ADVANCED_FACE('',(#329),#184,.T.);
#2625=ADVANCED_FACE('',(#330),#185,.F.);
#2626=ADVANCED_FACE('',(#331),#186,.T.);
#2627=ADVANCED_FACE('',(#332),#187,.F.);
#2628=ADVANCED_FACE('',(#333),#188,.T.);
#2629=ADVANCED_FACE('',(#334),#189,.F.);
#2630=ADVANCED_FACE('',(#335),#190,.T.);
#2631=ADVANCED_FACE('',(#336),#191,.F.);
#2632=ADVANCED_FACE('',(#337),#192,.T.);
#2633=ADVANCED_FACE('',(#338),#193,.F.);
#2634=ADVANCED_FACE('',(#339),#2502,.F.);
#2635=ADVANCED_FACE('',(#340),#2503,.F.);
#2636=ADVANCED_FACE('',(#341,#53),#194,.T.);
#2637=ADVANCED_FACE('',(#342),#2504,.F.);
#2638=ADVANCED_FACE('',(#343),#2505,.F.);
#2639=ADVANCED_FACE('',(#344),#2506,.F.);
#2640=ADVANCED_FACE('',(#345),#2507,.F.);
#2641=ADVANCED_FACE('',(#346),#195,.T.);
#2642=ADVANCED_FACE('',(#347),#196,.T.);
#2643=ADVANCED_FACE('',(#348),#197,.T.);
#2644=ADVANCED_FACE('',(#349),#198,.T.);
#2645=ADVANCED_FACE('',(#350),#199,.T.);
#2646=ADVANCED_FACE('',(#351),#200,.T.);
#2647=ADVANCED_FACE('',(#352),#201,.T.);
#2648=ADVANCED_FACE('',(#353),#202,.T.);
#2649=ADVANCED_FACE('',(#354,#54),#203,.F.);
#2650=ADVANCED_FACE('',(#355),#2508,.T.);
#2651=ADVANCED_FACE('',(#356),#2509,.T.);
#2652=ADVANCED_FACE('',(#357),#2510,.F.);
#2653=ADVANCED_FACE('',(#358),#2511,.F.);
#2654=ADVANCED_FACE('',(#359),#2512,.T.);
#2655=ADVANCED_FACE('',(#360,#55),#204,.T.);
#2656=ADVANCED_FACE('',(#361,#56),#205,.F.);
#2657=ADVANCED_FACE('',(#362),#2513,.T.);
#2658=ADVANCED_FACE('',(#363),#206,.T.);
#2659=ADVANCED_FACE('',(#364),#207,.F.);
#2660=ADVANCED_FACE('',(#365),#2514,.T.);
#2661=ADVANCED_FACE('',(#366),#208,.T.);
#2662=ADVANCED_FACE('',(#367),#209,.F.);
#2663=ADVANCED_FACE('',(#368),#2515,.T.);
#2664=ADVANCED_FACE('',(#369),#210,.T.);
#2665=ADVANCED_FACE('',(#370),#211,.F.);
#2666=ADVANCED_FACE('',(#371),#2516,.T.);
#2667=ADVANCED_FACE('',(#372),#212,.T.);
#2668=ADVANCED_FACE('',(#373),#213,.F.);
#2669=ADVANCED_FACE('',(#374),#2517,.T.);
#2670=ADVANCED_FACE('',(#375),#214,.T.);
#2671=ADVANCED_FACE('',(#376),#215,.F.);
#2672=ADVANCED_FACE('',(#377),#2518,.T.);
#2673=ADVANCED_FACE('',(#378),#216,.T.);
#2674=ADVANCED_FACE('',(#379),#217,.F.);
#2675=ADVANCED_FACE('',(#380),#2519,.T.);
#2676=ADVANCED_FACE('',(#381),#218,.T.);
#2677=ADVANCED_FACE('',(#382),#219,.F.);
#2678=ADVANCED_FACE('',(#383),#2520,.T.);
#2679=ADVANCED_FACE('',(#384),#220,.T.);
#2680=ADVANCED_FACE('',(#385),#221,.F.);
#2681=ADVANCED_FACE('',(#386),#2521,.T.);
#2682=ADVANCED_FACE('',(#387),#222,.T.);
#2683=ADVANCED_FACE('',(#388),#223,.F.);
#2684=ADVANCED_FACE('',(#389),#2522,.T.);
#2685=ADVANCED_FACE('',(#390),#224,.T.);
#2686=ADVANCED_FACE('',(#391),#225,.F.);
#2687=ADVANCED_FACE('',(#392),#2523,.T.);
#2688=ADVANCED_FACE('',(#393),#226,.T.);
#2689=ADVANCED_FACE('',(#394),#227,.F.);
#2690=ADVANCED_FACE('',(#395),#2524,.T.);
#2691=ADVANCED_FACE('',(#396),#228,.T.);
#2692=ADVANCED_FACE('',(#397),#229,.F.);
#2693=CLOSED_SHELL('',(#2525,#2526,#2527,#2528,#2529,#2530,#2531,#2532,
#2533,#2534,#2535,#2536,#2537));
#2694=CLOSED_SHELL('',(#2538,#2539,#2540,#2541,#2542,#2543,#2544,#2545,
#2546,#2547,#2548,#2549,#2550,#2551,#2552,#2553,#2554,#2555,#2556,#2557,
#2558,#2559,#2560,#2561,#2562,#2563,#2564,#2565,#2566,#2567,#2568,#2569,
#2570,#2571,#2572,#2573,#2574,#2575,#2576,#2577,#2578,#2579,#2580,#2581,
#2582,#2583,#2584,#2585,#2586,#2587,#2588,#2589,#2590,#2591,#2592,#2593,
#2594,#2595,#2596,#2597,#2598,#2599,#2600,#2601,#2602,#2603,#2604,#2605,
#2606,#2607,#2608,#2609,#2610,#2611,#2612,#2613,#2614,#2615,#2616,#2617,
#2618,#2619,#2620,#2621,#2622,#2623,#2624,#2625,#2626,#2627,#2628,#2629,
#2630,#2631,#2632,#2633,#2634,#2635,#2636,#2637,#2638,#2639,#2640,#2641,
#2642,#2643,#2644,#2645,#2646,#2647,#2648,#2649,#2650,#2651,#2652));
#2695=CLOSED_SHELL('',(#2653,#2654,#2655,#2656));
#2696=CLOSED_SHELL('',(#2657,#2658,#2659));
#2697=CLOSED_SHELL('',(#2660,#2661,#2662));
#2698=CLOSED_SHELL('',(#2663,#2664,#2665));
#2699=CLOSED_SHELL('',(#2666,#2667,#2668));
#2700=CLOSED_SHELL('',(#2669,#2670,#2671));
#2701=CLOSED_SHELL('',(#2672,#2673,#2674));
#2702=CLOSED_SHELL('',(#2675,#2676,#2677));
#2703=CLOSED_SHELL('',(#2678,#2679,#2680));
#2704=CLOSED_SHELL('',(#2681,#2682,#2683));
#2705=CLOSED_SHELL('',(#2684,#2685,#2686));
#2706=CLOSED_SHELL('',(#2687,#2688,#2689));
#2707=CLOSED_SHELL('',(#2690,#2691,#2692));
#2708=DERIVED_UNIT_ELEMENT(#2716,1.);
#2709=DERIVED_UNIT_ELEMENT(#4548,-3.);
#2710=DERIVED_UNIT_ELEMENT(#2716,1.);
#2711=DERIVED_UNIT_ELEMENT(#4548,-3.);
#2712=DERIVED_UNIT_ELEMENT(#2716,1.);
#2713=DERIVED_UNIT_ELEMENT(#4548,-3.);
#2714=DERIVED_UNIT_ELEMENT(#2716,1.);
#2715=DERIVED_UNIT_ELEMENT(#4548,-3.);
#2716=(
MASS_UNIT()
NAMED_UNIT(*)
SI_UNIT(.KILO.,.GRAM.)
);
#2717=DERIVED_UNIT((#2708,#2709));
#2718=DERIVED_UNIT((#2710,#2711));
#2719=DERIVED_UNIT((#2712,#2713));
#2720=DERIVED_UNIT((#2714,#2715));
#2721=MEASURE_REPRESENTATION_ITEM('density measure',
POSITIVE_RATIO_MEASURE(7850.),#2717);
#2722=MEASURE_REPRESENTATION_ITEM('density measure',
POSITIVE_RATIO_MEASURE(7850.),#2718);
#2723=MEASURE_REPRESENTATION_ITEM('density measure',
POSITIVE_RATIO_MEASURE(7850.),#2719);
#2724=MEASURE_REPRESENTATION_ITEM('density measure',
POSITIVE_RATIO_MEASURE(7850.),#2720);
#2725=PROPERTY_DEFINITION_REPRESENTATION(#2745,#2733);
#2726=PROPERTY_DEFINITION_REPRESENTATION(#2746,#2734);
#2727=PROPERTY_DEFINITION_REPRESENTATION(#2747,#2735);
#2728=PROPERTY_DEFINITION_REPRESENTATION(#2748,#2736);
#2729=PROPERTY_DEFINITION_REPRESENTATION(#2749,#2737);
#2730=PROPERTY_DEFINITION_REPRESENTATION(#2750,#2738);
#2731=PROPERTY_DEFINITION_REPRESENTATION(#2751,#2739);
#2732=PROPERTY_DEFINITION_REPRESENTATION(#2752,#2740);
#2733=REPRESENTATION('material name',(#2741),#4542);
#2734=REPRESENTATION('density',(#2721),#4542);
#2735=REPRESENTATION('material name',(#2742),#4543);
#2736=REPRESENTATION('density',(#2722),#4543);
#2737=REPRESENTATION('material name',(#2743),#4544);
#2738=REPRESENTATION('density',(#2723),#4544);
#2739=REPRESENTATION('material name',(#2744),#4545);
#2740=REPRESENTATION('density',(#2724),#4545);
#2741=DESCRIPTIVE_REPRESENTATION_ITEM('Steel','Steel');
#2742=DESCRIPTIVE_REPRESENTATION_ITEM('Steel','Steel');
#2743=DESCRIPTIVE_REPRESENTATION_ITEM('Steel','Steel');
#2744=DESCRIPTIVE_REPRESENTATION_ITEM('Steel','Steel');
#2745=PROPERTY_DEFINITION('material property','material name',#4575);
#2746=PROPERTY_DEFINITION('material property','density of part',#4575);
#2747=PROPERTY_DEFINITION('material property','material name',#4576);
#2748=PROPERTY_DEFINITION('material property','density of part',#4576);
#2749=PROPERTY_DEFINITION('material property','material name',#4577);
#2750=PROPERTY_DEFINITION('material property','density of part',#4577);
#2751=PROPERTY_DEFINITION('material property','material name',#4578);
#2752=PROPERTY_DEFINITION('material property','density of part',#4578);
#2753=AXIS2_PLACEMENT_3D('',#3779,#3001,#3002);
#2754=AXIS2_PLACEMENT_3D('',#3780,#3003,#3004);
#2755=AXIS2_PLACEMENT_3D('',#3781,#3005,#3006);
#2756=AXIS2_PLACEMENT_3D('',#3784,#3007,#3008);
#2757=AXIS2_PLACEMENT_3D('',#3788,#3010,#3011);
#2758=AXIS2_PLACEMENT_3D('',#3790,#3013,#3014);
#2759=AXIS2_PLACEMENT_3D('',#3792,#3015,#3016);
#2760=AXIS2_PLACEMENT_3D('',#3796,#3018,#3019);
#2761=AXIS2_PLACEMENT_3D('',#3798,#3020,#3021);
#2762=AXIS2_PLACEMENT_3D('',#3799,#3022,#3023);
#2763=AXIS2_PLACEMENT_3D('',#3800,#3024,#3025);
#2764=AXIS2_PLACEMENT_3D('',#3803,#3028,#3029);
#2765=AXIS2_PLACEMENT_3D('',#3806,#3030,#3031);
#2766=AXIS2_PLACEMENT_3D('',#3810,#3033,#3034);
#2767=AXIS2_PLACEMENT_3D('',#3812,#3036,#3037);
#2768=AXIS2_PLACEMENT_3D('',#3815,#3040,#3041);
#2769=AXIS2_PLACEMENT_3D('',#3825,#3047,#3048);
#2770=AXIS2_PLACEMENT_3D('',#3829,#3051,#3052);
#2771=AXIS2_PLACEMENT_3D('',#3833,#3055,#3056);
#2772=AXIS2_PLACEMENT_3D('',#3837,#3059,#3060);
#2773=AXIS2_PLACEMENT_3D('',#3841,#3063,#3064);
#2774=AXIS2_PLACEMENT_3D('',#3843,#3066,#3067);
#2775=AXIS2_PLACEMENT_3D('',#3844,#3068,#3069);
#2776=AXIS2_PLACEMENT_3D('',#3845,#3070,#3071);
#2777=AXIS2_PLACEMENT_3D('',#3846,#3072,#3073);
#2778=AXIS2_PLACEMENT_3D('',#3855,#3078,#3079);
#2779=AXIS2_PLACEMENT_3D('',#3871,#3088,#3089);
#2780=AXIS2_PLACEMENT_3D('',#3895,#3102,#3103);
#2781=AXIS2_PLACEMENT_3D('',#3904,#3108,#3109);
#2782=AXIS2_PLACEMENT_3D('',#3930,#3123,#3124);
#2783=AXIS2_PLACEMENT_3D('',#3940,#3130,#3131);
#2784=AXIS2_PLACEMENT_3D('',#3946,#3135,#3136);
#2785=AXIS2_PLACEMENT_3D('',#3952,#3140,#3141);
#2786=AXIS2_PLACEMENT_3D('',#3960,#3146,#3147);
#2787=AXIS2_PLACEMENT_3D('',#3966,#3151,#3152);
#2788=AXIS2_PLACEMENT_3D('',#3972,#3156,#3157);
#2789=AXIS2_PLACEMENT_3D('',#3980,#3162,#3163);
#2790=AXIS2_PLACEMENT_3D('',#3986,#3167,#3168);
#2791=AXIS2_PLACEMENT_3D('',#3992,#3172,#3173);
#2792=AXIS2_PLACEMENT_3D('',#4000,#3178,#3179);
#2793=AXIS2_PLACEMENT_3D('',#4006,#3183,#3184);
#2794=AXIS2_PLACEMENT_3D('',#4012,#3188,#3189);
#2795=AXIS2_PLACEMENT_3D('',#4020,#3194,#3195);
#2796=AXIS2_PLACEMENT_3D('',#4029,#3200,#3201);
#2797=AXIS2_PLACEMENT_3D('',#4034,#3205,#3206);
#2798=AXIS2_PLACEMENT_3D('',#4038,#3208,#3209);
#2799=AXIS2_PLACEMENT_3D('',#4068,#3227,#3228);
#2800=AXIS2_PLACEMENT_3D('',#4069,#3229,#3230);
#2801=AXIS2_PLACEMENT_3D('',#4075,#3234,#3235);
#2802=AXIS2_PLACEMENT_3D('',#4079,#3238,#3239);
#2803=AXIS2_PLACEMENT_3D('',#4080,#3240,#3241);
#2804=AXIS2_PLACEMENT_3D('',#4082,#3243,#3244);
#2805=AXIS2_PLACEMENT_3D('',#4084,#3245,#3246);
#2806=AXIS2_PLACEMENT_3D('',#4085,#3247,#3248);
#2807=AXIS2_PLACEMENT_3D('',#4089,#3251,#3252);
#2808=AXIS2_PLACEMENT_3D('',#4092,#3254,#3255);
#2809=AXIS2_PLACEMENT_3D('',#4093,#3256,#3257);
#2810=AXIS2_PLACEMENT_3D('',#4097,#3260,#3261);
#2811=AXIS2_PLACEMENT_3D('',#4100,#3263,#3264);
#2812=AXIS2_PLACEMENT_3D('',#4101,#3265,#3266);
#2813=AXIS2_PLACEMENT_3D('',#4105,#3269,#3270);
#2814=AXIS2_PLACEMENT_3D('',#4108,#3272,#3273);
#2815=AXIS2_PLACEMENT_3D('',#4109,#3274,#3275);
#2816=AXIS2_PLACEMENT_3D('',#4111,#3277,#3278);
#2817=AXIS2_PLACEMENT_3D('',#4113,#3280,#3281);
#2818=AXIS2_PLACEMENT_3D('',#4115,#3283,#3284);
#2819=AXIS2_PLACEMENT_3D('',#4116,#3285,#3286);
#2820=AXIS2_PLACEMENT_3D('',#4118,#3288,#3289);
#2821=AXIS2_PLACEMENT_3D('',#4119,#3290,#3291);
#2822=AXIS2_PLACEMENT_3D('',#4121,#3293,#3294);
#2823=AXIS2_PLACEMENT_3D('',#4122,#3295,#3296);
#2824=AXIS2_PLACEMENT_3D('',#4126,#3299,#3300);
#2825=AXIS2_PLACEMENT_3D('',#4128,#3302,#3303);
#2826=AXIS2_PLACEMENT_3D('',#4130,#3304,#3305);
#2827=AXIS2_PLACEMENT_3D('',#4132,#3307,#3308);
#2828=AXIS2_PLACEMENT_3D('',#4134,#3309,#3310);
#2829=AXIS2_PLACEMENT_3D('',#4137,#3312,#3313);
#2830=AXIS2_PLACEMENT_3D('',#4138,#3314,#3315);
#2831=AXIS2_PLACEMENT_3D('',#4139,#3316,#3317);
#2832=AXIS2_PLACEMENT_3D('',#4141,#3318,#3319);
#2833=AXIS2_PLACEMENT_3D('',#4143,#3321,#3322);
#2834=AXIS2_PLACEMENT_3D('',#4145,#3323,#3324);
#2835=AXIS2_PLACEMENT_3D('',#4147,#3326,#3327);
#2836=AXIS2_PLACEMENT_3D('',#4149,#3328,#3329);
#2837=AXIS2_PLACEMENT_3D('',#4151,#3331,#3332);
#2838=AXIS2_PLACEMENT_3D('',#4153,#3333,#3334);
#2839=AXIS2_PLACEMENT_3D('',#4155,#3336,#3337);
#2840=AXIS2_PLACEMENT_3D('',#4156,#3338,#3339);
#2841=AXIS2_PLACEMENT_3D('',#4157,#3340,#3341);
#2842=AXIS2_PLACEMENT_3D('',#4158,#3342,#3343);
#2843=AXIS2_PLACEMENT_3D('',#4159,#3344,#3345);
#2844=AXIS2_PLACEMENT_3D('',#4160,#3346,#3347);
#2845=AXIS2_PLACEMENT_3D('',#4161,#3348,#3349);
#2846=AXIS2_PLACEMENT_3D('',#4162,#3350,#3351);
#2847=AXIS2_PLACEMENT_3D('',#4164,#3353,#3354);
#2848=AXIS2_PLACEMENT_3D('',#4170,#3358,#3359);
#2849=AXIS2_PLACEMENT_3D('',#4171,#3360,#3361);
#2850=AXIS2_PLACEMENT_3D('',#4173,#3362,#3363);
#2851=AXIS2_PLACEMENT_3D('',#4174,#3364,#3365);
#2852=AXIS2_PLACEMENT_3D('',#4175,#3366,#3367);
#2853=AXIS2_PLACEMENT_3D('',#4181,#3371,#3372);
#2854=AXIS2_PLACEMENT_3D('',#4191,#3378,#3379);
#2855=AXIS2_PLACEMENT_3D('',#4197,#3383,#3384);
#2856=AXIS2_PLACEMENT_3D('',#4203,#3388,#3389);
#2857=AXIS2_PLACEMENT_3D('',#4211,#3394,#3395);
#2858=AXIS2_PLACEMENT_3D('',#4217,#3399,#3400);
#2859=AXIS2_PLACEMENT_3D('',#4223,#3404,#3405);
#2860=AXIS2_PLACEMENT_3D('',#4231,#3410,#3411);
#2861=AXIS2_PLACEMENT_3D('',#4237,#3415,#3416);
#2862=AXIS2_PLACEMENT_3D('',#4243,#3420,#3421);
#2863=AXIS2_PLACEMENT_3D('',#4251,#3426,#3427);
#2864=AXIS2_PLACEMENT_3D('',#4257,#3431,#3432);
#2865=AXIS2_PLACEMENT_3D('',#4263,#3436,#3437);
#2866=AXIS2_PLACEMENT_3D('',#4271,#3442,#3443);
#2867=AXIS2_PLACEMENT_3D('',#4280,#3448,#3449);
#2868=AXIS2_PLACEMENT_3D('',#4283,#3452,#3453);
#2869=AXIS2_PLACEMENT_3D('',#4310,#3470,#3471);
#2870=AXIS2_PLACEMENT_3D('',#4312,#3472,#3473);
#2871=AXIS2_PLACEMENT_3D('',#4313,#3474,#3475);
#2872=AXIS2_PLACEMENT_3D('',#4319,#3479,#3480);
#2873=AXIS2_PLACEMENT_3D('',#4323,#3483,#3484);
#2874=AXIS2_PLACEMENT_3D('',#4324,#3485,#3486);
#2875=AXIS2_PLACEMENT_3D('',#4326,#3488,#3489);
#2876=AXIS2_PLACEMENT_3D('',#4328,#3490,#3491);
#2877=AXIS2_PLACEMENT_3D('',#4329,#3492,#3493);
#2878=AXIS2_PLACEMENT_3D('',#4333,#3496,#3497);
#2879=AXIS2_PLACEMENT_3D('',#4336,#3499,#3500);
#2880=AXIS2_PLACEMENT_3D('',#4337,#3501,#3502);
#2881=AXIS2_PLACEMENT_3D('',#4341,#3505,#3506);
#2882=AXIS2_PLACEMENT_3D('',#4344,#3508,#3509);
#2883=AXIS2_PLACEMENT_3D('',#4345,#3510,#3511);
#2884=AXIS2_PLACEMENT_3D('',#4349,#3514,#3515);
#2885=AXIS2_PLACEMENT_3D('',#4352,#3517,#3518);
#2886=AXIS2_PLACEMENT_3D('',#4353,#3519,#3520);
#2887=AXIS2_PLACEMENT_3D('',#4355,#3522,#3523);
#2888=AXIS2_PLACEMENT_3D('',#4357,#3525,#3526);
#2889=AXIS2_PLACEMENT_3D('',#4359,#3528,#3529);
#2890=AXIS2_PLACEMENT_3D('',#4360,#3530,#3531);
#2891=AXIS2_PLACEMENT_3D('',#4362,#3533,#3534);
#2892=AXIS2_PLACEMENT_3D('',#4363,#3535,#3536);
#2893=AXIS2_PLACEMENT_3D('',#4365,#3538,#3539);
#2894=AXIS2_PLACEMENT_3D('',#4366,#3540,#3541);
#2895=AXIS2_PLACEMENT_3D('',#4370,#3544,#3545);
#2896=AXIS2_PLACEMENT_3D('',#4372,#3547,#3548);
#2897=AXIS2_PLACEMENT_3D('',#4374,#3549,#3550);
#2898=AXIS2_PLACEMENT_3D('',#4376,#3552,#3553);
#2899=AXIS2_PLACEMENT_3D('',#4378,#3554,#3555);
#2900=AXIS2_PLACEMENT_3D('',#4381,#3557,#3558);
#2901=AXIS2_PLACEMENT_3D('',#4382,#3559,#3560);
#2902=AXIS2_PLACEMENT_3D('',#4383,#3561,#3562);
#2903=AXIS2_PLACEMENT_3D('',#4385,#3563,#3564);
#2904=AXIS2_PLACEMENT_3D('',#4387,#3566,#3567);
#2905=AXIS2_PLACEMENT_3D('',#4389,#3568,#3569);
#2906=AXIS2_PLACEMENT_3D('',#4391,#3571,#3572);
#2907=AXIS2_PLACEMENT_3D('',#4393,#3573,#3574);
#2908=AXIS2_PLACEMENT_3D('',#4395,#3576,#3577);
#2909=AXIS2_PLACEMENT_3D('',#4397,#3578,#3579);
#2910=AXIS2_PLACEMENT_3D('',#4399,#3581,#3582);
#2911=AXIS2_PLACEMENT_3D('',#4400,#3583,#3584);
#2912=AXIS2_PLACEMENT_3D('',#4401,#3585,#3586);
#2913=AXIS2_PLACEMENT_3D('',#4402,#3587,#3588);
#2914=AXIS2_PLACEMENT_3D('',#4403,#3589,#3590);
#2915=AXIS2_PLACEMENT_3D('',#4404,#3591,#3592);
#2916=AXIS2_PLACEMENT_3D('',#4405,#3593,#3594);
#2917=AXIS2_PLACEMENT_3D('',#4406,#3595,#3596);
#2918=AXIS2_PLACEMENT_3D('',#4407,#3597,#3598);
#2919=AXIS2_PLACEMENT_3D('',#4408,#3599,#3600);
#2920=AXIS2_PLACEMENT_3D('',#4410,#3601,#3602);
#2921=AXIS2_PLACEMENT_3D('',#4411,#3603,#3604);
#2922=AXIS2_PLACEMENT_3D('',#4412,#3605,#3606);
#2923=AXIS2_PLACEMENT_3D('',#4414,#3608,#3609);
#2924=AXIS2_PLACEMENT_3D('',#4416,#3611,#3612);
#2925=AXIS2_PLACEMENT_3D('',#4417,#3613,#3614);
#2926=AXIS2_PLACEMENT_3D('',#4419,#3615,#3616);
#2927=AXIS2_PLACEMENT_3D('',#4422,#3618,#3619);
#2928=AXIS2_PLACEMENT_3D('',#4423,#3620,#3621);
#2929=AXIS2_PLACEMENT_3D('',#4425,#3622,#3623);
#2930=AXIS2_PLACEMENT_3D('',#4428,#3625,#3626);
#2931=AXIS2_PLACEMENT_3D('',#4429,#3627,#3628);
#2932=AXIS2_PLACEMENT_3D('',#4430,#3629,#3630);
#2933=AXIS2_PLACEMENT_3D('',#4431,#3631,#3632);
#2934=AXIS2_PLACEMENT_3D('',#4432,#3633,#3634);
#2935=AXIS2_PLACEMENT_3D('',#4434,#3635,#3636);
#2936=AXIS2_PLACEMENT_3D('',#4437,#3638,#3639);
#2937=AXIS2_PLACEMENT_3D('',#4438,#3640,#3641);
#2938=AXIS2_PLACEMENT_3D('',#4439,#3642,#3643);
#2939=AXIS2_PLACEMENT_3D('',#4440,#3644,#3645);
#2940=AXIS2_PLACEMENT_3D('',#4442,#3646,#3647);
#2941=AXIS2_PLACEMENT_3D('',#4445,#3649,#3650);
#2942=AXIS2_PLACEMENT_3D('',#4446,#3651,#3652);
#2943=AXIS2_PLACEMENT_3D('',#4447,#3653,#3654);
#2944=AXIS2_PLACEMENT_3D('',#4448,#3655,#3656);
#2945=AXIS2_PLACEMENT_3D('',#4450,#3657,#3658);
#2946=AXIS2_PLACEMENT_3D('',#4453,#3660,#3661);
#2947=AXIS2_PLACEMENT_3D('',#4454,#3662,#3663);
#2948=AXIS2_PLACEMENT_3D('',#4455,#3664,#3665);
#2949=AXIS2_PLACEMENT_3D('',#4456,#3666,#3667);
#2950=AXIS2_PLACEMENT_3D('',#4458,#3668,#3669);
#2951=AXIS2_PLACEMENT_3D('',#4461,#3671,#3672);
#2952=AXIS2_PLACEMENT_3D('',#4462,#3673,#3674);
#2953=AXIS2_PLACEMENT_3D('',#4463,#3675,#3676);
#2954=AXIS2_PLACEMENT_3D('',#4464,#3677,#3678);
#2955=AXIS2_PLACEMENT_3D('',#4466,#3679,#3680);
#2956=AXIS2_PLACEMENT_3D('',#4469,#3682,#3683);
#2957=AXIS2_PLACEMENT_3D('',#4470,#3684,#3685);
#2958=AXIS2_PLACEMENT_3D('',#4471,#3686,#3687);
#2959=AXIS2_PLACEMENT_3D('',#4472,#3688,#3689);
#2960=AXIS2_PLACEMENT_3D('',#4474,#3690,#3691);
#2961=AXIS2_PLACEMENT_3D('',#4477,#3693,#3694);
#2962=AXIS2_PLACEMENT_3D('',#4478,#3695,#3696);
#2963=AXIS2_PLACEMENT_3D('',#4479,#3697,#3698);
#2964=AXIS2_PLACEMENT_3D('',#4480,#3699,#3700);
#2965=AXIS2_PLACEMENT_3D('',#4482,#3701,#3702);
#2966=AXIS2_PLACEMENT_3D('',#4485,#3704,#3705);
#2967=AXIS2_PLACEMENT_3D('',#4486,#3706,#3707);
#2968=AXIS2_PLACEMENT_3D('',#4487,#3708,#3709);
#2969=AXIS2_PLACEMENT_3D('',#4488,#3710,#3711);
#2970=AXIS2_PLACEMENT_3D('',#4490,#3712,#3713);
#2971=AXIS2_PLACEMENT_3D('',#4493,#3715,#3716);
#2972=AXIS2_PLACEMENT_3D('',#4494,#3717,#3718);
#2973=AXIS2_PLACEMENT_3D('',#4495,#3719,#3720);
#2974=AXIS2_PLACEMENT_3D('',#4496,#3721,#3722);
#2975=AXIS2_PLACEMENT_3D('',#4498,#3723,#3724);
#2976=AXIS2_PLACEMENT_3D('',#4501,#3726,#3727);
#2977=AXIS2_PLACEMENT_3D('',#4502,#3728,#3729);
#2978=AXIS2_PLACEMENT_3D('',#4503,#3730,#3731);
#2979=AXIS2_PLACEMENT_3D('',#4504,#3732,#3733);
#2980=AXIS2_PLACEMENT_3D('',#4506,#3734,#3735);
#2981=AXIS2_PLACEMENT_3D('',#4509,#3737,#3738);
#2982=AXIS2_PLACEMENT_3D('',#4510,#3739,#3740);
#2983=AXIS2_PLACEMENT_3D('',#4511,#3741,#3742);
#2984=AXIS2_PLACEMENT_3D('',#4512,#3743,#3744);
#2985=AXIS2_PLACEMENT_3D('',#4514,#3745,#3746);
#2986=AXIS2_PLACEMENT_3D('',#4517,#3748,#3749);
#2987=AXIS2_PLACEMENT_3D('',#4518,#3750,#3751);
#2988=AXIS2_PLACEMENT_3D('',#4519,#3752,#3753);
#2989=AXIS2_PLACEMENT_3D('',#4520,#3754,#3755);
#2990=AXIS2_PLACEMENT_3D('',#4522,#3756,#3757);
#2991=AXIS2_PLACEMENT_3D('',#4525,#3759,#3760);
#2992=AXIS2_PLACEMENT_3D('',#4526,#3761,#3762);
#2993=AXIS2_PLACEMENT_3D('',#4527,#3763,#3764);
#2994=AXIS2_PLACEMENT_3D('',#4528,#3765,#3766);
#2995=AXIS2_PLACEMENT_3D('',#4529,#3767,#3768);
#2996=AXIS2_PLACEMENT_3D('',#4530,#3769,#3770);
#2997=AXIS2_PLACEMENT_3D('',#4531,#3771,#3772);
#2998=AXIS2_PLACEMENT_3D('',#4532,#3773,#3774);
#2999=AXIS2_PLACEMENT_3D('',#4533,#3775,#3776);
#3000=AXIS2_PLACEMENT_3D('',#4534,#3777,#3778);
#3001=DIRECTION('axis',(0.,0.,1.));
#3002=DIRECTION('refdir',(1.,0.,0.));
#3003=DIRECTION('axis',(0.,0.,1.));
#3004=DIRECTION('refdir',(1.,0.,0.));
#3005=DIRECTION('center_axis',(0.,-1.,0.));
#3006=DIRECTION('ref_axis',(1.,0.,6.98296267768627E-15));
#3007=DIRECTION('center_axis',(0.,-1.,0.));
#3008=DIRECTION('ref_axis',(-1.,0.,0.));
#3009=DIRECTION('',(0.,1.,0.));
#3010=DIRECTION('center_axis',(0.,-1.,0.));
#3011=DIRECTION('ref_axis',(-1.,0.,0.));
#3012=DIRECTION('',(0.,-1.,0.));
#3013=DIRECTION('center_axis',(0.,-1.,0.));
#3014=DIRECTION('ref_axis',(-1.,0.,0.));
#3015=DIRECTION('center_axis',(0.,1.,0.));
#3016=DIRECTION('ref_axis',(-1.,0.,0.));
#3017=DIRECTION('',(0.,-1.,0.));
#3018=DIRECTION('center_axis',(0.,1.,0.));
#3019=DIRECTION('ref_axis',(-1.,0.,0.));
#3020=DIRECTION('center_axis',(0.,1.,0.));
#3021=DIRECTION('ref_axis',(-1.,0.,0.));
#3022=DIRECTION('center_axis',(0.,1.,0.));
#3023=DIRECTION('ref_axis',(-1.,0.,0.));
#3024=DIRECTION('center_axis',(0.,1.,0.));
#3025=DIRECTION('ref_axis',(-1.,0.,0.));
#3026=DIRECTION('',(-1.,0.,0.));
#3027=DIRECTION('',(1.,0.,0.));
#3028=DIRECTION('center_axis',(0.,-1.,0.));
#3029=DIRECTION('ref_axis',(-1.,0.,0.));
#3030=DIRECTION('center_axis',(0.,-1.,0.));
#3031=DIRECTION('ref_axis',(-1.,0.,0.));
#3032=DIRECTION('',(0.,1.,0.));
#3033=DIRECTION('center_axis',(0.,-1.,0.));
#3034=DIRECTION('ref_axis',(-1.,0.,0.));
#3035=DIRECTION('',(0.,-1.,0.));
#3036=DIRECTION('center_axis',(0.,1.,0.));
#3037=DIRECTION('ref_axis',(-1.,0.,0.));
#3038=DIRECTION('',(1.,0.,0.));
#3039=DIRECTION('',(-1.,0.,0.));
#3040=DIRECTION('center_axis',(0.,0.,1.));
#3041=DIRECTION('ref_axis',(1.,0.,0.));
#3042=DIRECTION('',(1.,0.,0.));
#3043=DIRECTION('',(0.,1.,0.));
#3044=DIRECTION('',(1.,0.,0.));
#3045=DIRECTION('',(0.,1.,0.));
#3046=DIRECTION('',(1.,0.,0.));
#3047=DIRECTION('center_axis',(0.,1.,0.));
#3048=DIRECTION('ref_axis',(0.,0.,1.));
#3049=DIRECTION('',(-1.,0.,0.));
#3050=DIRECTION('',(2.26576127474522E-16,0.,1.));
#3051=DIRECTION('center_axis',(0.,1.,0.));
#3052=DIRECTION('ref_axis',(0.,0.,1.));
#3053=DIRECTION('',(2.26576127474522E-16,0.,-1.));
#3054=DIRECTION('',(-1.,0.,0.));
#3055=DIRECTION('center_axis',(-1.,0.,2.26576127474522E-16));
#3056=DIRECTION('ref_axis',(2.26576127474522E-16,0.,1.));
#3057=DIRECTION('',(2.26576127474522E-16,0.,1.));
#3058=DIRECTION('',(0.,1.,0.));
#3059=DIRECTION('center_axis',(0.,0.,-1.));
#3060=DIRECTION('ref_axis',(-1.,0.,0.));
#3061=DIRECTION('',(0.,1.,0.));
#3062=DIRECTION('',(-1.,0.,0.));
#3063=DIRECTION('center_axis',(1.,0.,2.26576127474522E-16));
#3064=DIRECTION('ref_axis',(2.26576127474522E-16,0.,-1.));
#3065=DIRECTION('',(2.26576127474522E-16,0.,-1.));
#3066=DIRECTION('center_axis',(0.,1.,0.));
#3067=DIRECTION('ref_axis',(0.,0.,1.));
#3068=DIRECTION('center_axis',(0.,1.,0.));
#3069=DIRECTION('ref_axis',(1.,0.,0.));
#3070=DIRECTION('axis',(0.,0.,1.));
#3071=DIRECTION('refdir',(1.,0.,0.));
#3072=DIRECTION('center_axis',(-0.707106781186548,-0.707106781186548,0.));
#3073=DIRECTION('ref_axis',(0.,0.,1.));
#3074=DIRECTION('',(-0.707106781186548,0.707106781186548,0.));
#3075=DIRECTION('',(0.,0.,-1.));
#3076=DIRECTION('',(0.707106781186548,-0.707106781186548,0.));
#3077=DIRECTION('',(0.,0.,1.));
#3078=DIRECTION('center_axis',(0.,0.,1.));
#3079=DIRECTION('ref_axis',(-1.,0.,0.));
#3080=DIRECTION('',(1.,0.,0.));
#3081=DIRECTION('',(0.,-1.,0.));
#3082=DIRECTION('',(1.,0.,0.));
#3083=DIRECTION('',(0.,1.,0.));
#3084=DIRECTION('',(1.,0.,0.));
#3085=DIRECTION('',(0.,-1.,0.));
#3086=DIRECTION('',(1.,0.,0.));
#3087=DIRECTION('',(0.,-1.,0.));
#3088=DIRECTION('center_axis',(0.,-1.,0.));
#3089=DIRECTION('ref_axis',(0.,0.,-1.));
#3090=DIRECTION('',(1.,0.,0.));
#3091=DIRECTION('',(-1.,0.,0.));
#3092=DIRECTION('',(1.,0.,0.));
#3093=DIRECTION('',(-1.,0.,0.));
#3094=DIRECTION('',(1.,0.,0.));
#3095=DIRECTION('',(-1.,0.,0.));
#3096=DIRECTION('',(1.,0.,0.));
#3097=DIRECTION('',(-1.,0.,0.));
#3098=DIRECTION('',(1.,0.,0.));
#3099=DIRECTION('',(-1.,0.,0.));
#3100=DIRECTION('',(1.,0.,0.));
#3101=DIRECTION('',(0.,0.,-1.));
#3102=DIRECTION('center_axis',(0.,-0.707106781186548,0.707106781186548));
#3103=DIRECTION('ref_axis',(-1.,0.,0.));
#3104=DIRECTION('',(0.,-0.707106781186548,-0.707106781186548));
#3105=DIRECTION('',(-1.,0.,0.));
#3106=DIRECTION('',(0.,0.707106781186548,0.707106781186548));
#3107=DIRECTION('',(1.,0.,0.));
#3108=DIRECTION('center_axis',(0.,-1.,0.));
#3109=DIRECTION('ref_axis',(0.,0.,-1.));
#3110=DIRECTION('',(1.,0.,0.));
#3111=DIRECTION('',(0.,0.,1.));
#3112=DIRECTION('',(1.,0.,0.));
#3113=DIRECTION('',(0.,0.,-1.));
#3114=DIRECTION('',(1.,0.,0.));
#3115=DIRECTION('',(-1.,0.,0.));
#3116=DIRECTION('',(1.,0.,0.));
#3117=DIRECTION('',(-1.,0.,0.));
#3118=DIRECTION('',(1.,0.,0.));
#3119=DIRECTION('',(-1.,0.,0.));
#3120=DIRECTION('',(1.,0.,0.));
#3121=DIRECTION('',(-1.,0.,0.));
#3122=DIRECTION('',(1.,0.,0.));
#3123=DIRECTION('center_axis',(1.,0.,0.));
#3124=DIRECTION('ref_axis',(0.,1.,0.));
#3125=DIRECTION('',(0.,1.,0.));
#3126=DIRECTION('',(0.,0.707106781186548,-0.707106781186547));
#3127=DIRECTION('',(0.,0.,-1.));
#3128=DIRECTION('',(0.,0.707106781186547,-0.707106781186548));
#3129=DIRECTION('',(0.,1.,0.));
#3130=DIRECTION('center_axis',(0.,-0.707106781186548,0.707106781186548));
#3131=DIRECTION('ref_axis',(-1.,0.,0.));
#3132=DIRECTION('',(0.,-0.707106781186548,-0.707106781186548));
#3133=DIRECTION('',(0.,0.707106781186548,0.707106781186548));
#3134=DIRECTION('',(1.,0.,0.));
#3135=DIRECTION('center_axis',(0.,0.,1.));
#3136=DIRECTION('ref_axis',(1.,0.,0.));
#3137=DIRECTION('',(0.,1.,0.));
#3138=DIRECTION('',(-1.,0.,0.));
#3139=DIRECTION('',(0.,-1.,0.));
#3140=DIRECTION('center_axis',(-1.,0.,0.));
#3141=DIRECTION('ref_axis',(0.,-1.,0.));
#3142=DIRECTION('',(0.,-0.707106781186547,0.707106781186548));
#3143=DIRECTION('',(0.,0.,1.));
#3144=DIRECTION('',(0.,-0.707106781186548,0.707106781186547));
#3145=DIRECTION('',(0.,-1.,0.));
#3146=DIRECTION('center_axis',(0.,-0.707106781186548,0.707106781186548));
#3147=DIRECTION('ref_axis',(-1.,0.,0.));
#3148=DIRECTION('',(6.76763990811972E-17,-0.707106781186548,-0.707106781186548));
#3149=DIRECTION('',(6.76763990811972E-17,0.707106781186548,0.707106781186548));
#3150=DIRECTION('',(1.,0.,0.));
#3151=DIRECTION('center_axis',(0.,0.,1.));
#3152=DIRECTION('ref_axis',(1.,0.,0.));
#3153=DIRECTION('',(9.57088814332031E-17,1.,0.));
#3154=DIRECTION('',(-1.,0.,0.));
#3155=DIRECTION('',(9.57088814332031E-17,-1.,0.));
#3156=DIRECTION('center_axis',(-1.,-9.57088814332031E-17,0.));
#3157=DIRECTION('ref_axis',(9.57088814332031E-17,-1.,0.));
#3158=DIRECTION('',(6.76763990811972E-17,-0.707106781186547,0.707106781186548));
#3159=DIRECTION('',(0.,0.,1.));
#3160=DIRECTION('',(6.76763990811972E-17,-0.707106781186548,0.707106781186547));
#3161=DIRECTION('',(9.57088814332031E-17,-1.,0.));
#3162=DIRECTION('center_axis',(0.,-0.707106781186548,0.707106781186548));
#3163=DIRECTION('ref_axis',(-1.,0.,0.));
#3164=DIRECTION('',(0.,-0.707106781186548,-0.707106781186548));
#3165=DIRECTION('',(0.,0.707106781186548,0.707106781186548));
#3166=DIRECTION('',(1.,0.,0.));
#3167=DIRECTION('center_axis',(0.,0.,1.));
#3168=DIRECTION('ref_axis',(1.,0.,0.));
#3169=DIRECTION('',(0.,1.,0.));
#3170=DIRECTION('',(-1.,0.,0.));
#3171=DIRECTION('',(0.,-1.,0.));
#3172=DIRECTION('center_axis',(-1.,0.,0.));
#3173=DIRECTION('ref_axis',(0.,-1.,0.));
#3174=DIRECTION('',(0.,-0.707106781186547,0.707106781186548));
#3175=DIRECTION('',(0.,0.,1.));
#3176=DIRECTION('',(0.,-0.707106781186548,0.707106781186547));
#3177=DIRECTION('',(0.,-1.,0.));
#3178=DIRECTION('center_axis',(0.,-0.707106781186548,0.707106781186548));
#3179=DIRECTION('ref_axis',(-1.,0.,0.));
#3180=DIRECTION('',(0.,-0.707106781186548,-0.707106781186548));
#3181=DIRECTION('',(0.,0.707106781186548,0.707106781186548));
#3182=DIRECTION('',(1.,0.,0.));
#3183=DIRECTION('center_axis',(0.,0.,1.));
#3184=DIRECTION('ref_axis',(1.,0.,0.));
#3185=DIRECTION('',(0.,1.,0.));
#3186=DIRECTION('',(-1.,0.,0.));
#3187=DIRECTION('',(0.,-1.,0.));
#3188=DIRECTION('center_axis',(-1.,0.,0.));
#3189=DIRECTION('ref_axis',(0.,-1.,0.));
#3190=DIRECTION('',(0.,-0.707106781186547,0.707106781186548));
#3191=DIRECTION('',(0.,0.,1.));
#3192=DIRECTION('',(0.,-0.707106781186548,0.707106781186547));
#3193=DIRECTION('',(0.,-1.,0.));
#3194=DIRECTION('center_axis',(0.,0.707106781186547,0.707106781186548));
#3195=DIRECTION('ref_axis',(-1.,0.,0.));
#3196=DIRECTION('',(0.,0.707106781186548,-0.707106781186547));
#3197=DIRECTION('',(1.,0.,0.));
#3198=DIRECTION('',(0.,0.707106781186548,-0.707106781186547));
#3199=DIRECTION('',(-1.,0.,0.));
#3200=DIRECTION('center_axis',(-1.,0.,0.));
#3201=DIRECTION('ref_axis',(0.,0.,1.));
#3202=DIRECTION('',(0.,-1.,0.));
#3203=DIRECTION('',(0.,1.,0.));
#3204=DIRECTION('',(0.,0.,-1.));
#3205=DIRECTION('center_axis',(0.,1.,0.));
#3206=DIRECTION('ref_axis',(1.,0.,0.));
#3207=DIRECTION('',(1.,0.,0.));
#3208=DIRECTION('center_axis',(0.,1.,0.));
#3209=DIRECTION('ref_axis',(1.,0.,0.));
#3210=DIRECTION('',(1.,0.,0.));
#3211=DIRECTION('',(0.,0.,1.));
#3212=DIRECTION('',(1.,0.,0.));
#3213=DIRECTION('',(0.,0.,1.));
#3214=DIRECTION('',(1.,0.,0.));
#3215=DIRECTION('',(1.,0.,0.));
#3216=DIRECTION('',(1.,0.,0.));
#3217=DIRECTION('',(0.,0.,-1.));
#3218=DIRECTION('',(1.,0.,0.));
#3219=DIRECTION('',(1.,0.,0.));
#3220=DIRECTION('',(0.,0.,-1.));
#3221=DIRECTION('',(1.,0.,0.));
#3222=DIRECTION('',(1.,0.,0.));
#3223=DIRECTION('',(0.,0.,-1.));
#3224=DIRECTION('',(1.,0.,0.));
#3225=DIRECTION('',(1.,0.,0.));
#3226=DIRECTION('',(0.,0.,-1.));
#3227=DIRECTION('center_axis',(0.,-1.,0.));
#3228=DIRECTION('ref_axis',(-1.,0.,0.));
#3229=DIRECTION('center_axis',(0.,0.707106781186547,0.707106781186548));
#3230=DIRECTION('ref_axis',(-1.,0.,0.));
#3231=DIRECTION('',(0.,-0.707106781186548,0.707106781186547));
#3232=DIRECTION('',(-1.,0.,0.));
#3233=DIRECTION('',(0.,-0.707106781186548,0.707106781186547));
#3234=DIRECTION('center_axis',(0.,0.,1.));
#3235=DIRECTION('ref_axis',(1.,0.,0.));
#3236=DIRECTION('',(0.,1.,0.));
#3237=DIRECTION('',(0.,-1.,0.));
#3238=DIRECTION('center_axis',(0.,0.,1.));
#3239=DIRECTION('ref_axis',(1.,0.,0.));
#3240=DIRECTION('center_axis',(0.,0.707106781186547,0.707106781186548));
#3241=DIRECTION('ref_axis',(-1.,0.,0.));
#3242=DIRECTION('',(-1.,0.,0.));
#3243=DIRECTION('center_axis',(0.,0.,1.));
#3244=DIRECTION('ref_axis',(1.,0.,0.));
#3245=DIRECTION('center_axis',(0.,0.,1.));
#3246=DIRECTION('ref_axis',(1.,0.,0.));
#3247=DIRECTION('center_axis',(0.,0.707106781186547,0.707106781186548));
#3248=DIRECTION('ref_axis',(-1.,0.,0.));
#3249=DIRECTION('',(0.,0.707106781186548,-0.707106781186547));
#3250=DIRECTION('',(-1.,0.,0.));
#3251=DIRECTION('center_axis',(0.,0.,1.));
#3252=DIRECTION('ref_axis',(1.,0.,0.));
#3253=DIRECTION('',(0.,1.,0.));
#3254=DIRECTION('center_axis',(0.,0.,1.));
#3255=DIRECTION('ref_axis',(1.,0.,0.));
#3256=DIRECTION('center_axis',(0.,0.707106781186547,0.707106781186548));
#3257=DIRECTION('ref_axis',(-1.,0.,0.));
#3258=DIRECTION('',(6.76763990811972E-17,0.707106781186548,-0.707106781186547));
#3259=DIRECTION('',(-1.,0.,0.));
#3260=DIRECTION('center_axis',(0.,0.,1.));
#3261=DIRECTION('ref_axis',(1.,0.,0.));
#3262=DIRECTION('',(9.57088814332031E-17,1.,0.));
#3263=DIRECTION('center_axis',(0.,0.,1.));
#3264=DIRECTION('ref_axis',(1.,0.,0.));
#3265=DIRECTION('center_axis',(0.,0.707106781186547,0.707106781186548));
#3266=DIRECTION('ref_axis',(-1.,0.,0.));
#3267=DIRECTION('',(0.,0.707106781186548,-0.707106781186547));
#3268=DIRECTION('',(-1.,0.,0.));
#3269=DIRECTION('center_axis',(0.,0.,1.));
#3270=DIRECTION('ref_axis',(1.,0.,0.));
#3271=DIRECTION('',(0.,1.,0.));
#3272=DIRECTION('center_axis',(0.,0.,1.));
#3273=DIRECTION('ref_axis',(1.,0.,0.));
#3274=DIRECTION('center_axis',(0.,0.707106781186548,0.707106781186547));
#3275=DIRECTION('ref_axis',(-1.,0.,0.));
#3276=DIRECTION('',(0.,0.707106781186547,-0.707106781186548));
#3277=DIRECTION('center_axis',(1.,0.,0.));
#3278=DIRECTION('ref_axis',(0.,1.,0.));
#3279=DIRECTION('',(0.,1.,0.));
#3280=DIRECTION('center_axis',(0.,0.707106781186548,0.707106781186547));
#3281=DIRECTION('ref_axis',(-1.,0.,0.));
#3282=DIRECTION('',(0.,0.707106781186547,-0.707106781186548));
#3283=DIRECTION('center_axis',(1.,0.,0.));
#3284=DIRECTION('ref_axis',(0.,1.,0.));
#3285=DIRECTION('center_axis',(0.,0.707106781186548,0.707106781186547));
#3286=DIRECTION('ref_axis',(-1.,0.,0.));
#3287=DIRECTION('',(6.76763990811972E-17,0.707106781186547,-0.707106781186548));
#3288=DIRECTION('center_axis',(1.,-9.57088814332031E-17,0.));
#3289=DIRECTION('ref_axis',(9.57088814332031E-17,1.,0.));
#3290=DIRECTION('center_axis',(0.,0.707106781186548,0.707106781186547));
#3291=DIRECTION('ref_axis',(-1.,0.,0.));
#3292=DIRECTION('',(0.,0.707106781186547,-0.707106781186548));
#3293=DIRECTION('center_axis',(1.,0.,0.));
#3294=DIRECTION('ref_axis',(0.,1.,0.));
#3295=DIRECTION('center_axis',(0.,0.707106781186548,0.707106781186547));
#3296=DIRECTION('ref_axis',(-1.,0.,0.));
#3297=DIRECTION('',(0.,-0.707106781186547,0.707106781186548));
#3298=DIRECTION('',(-1.,0.,0.));
#3299=DIRECTION('center_axis',(-1.,0.,0.));
#3300=DIRECTION('ref_axis',(0.,-1.,0.));
#3301=DIRECTION('',(0.,-1.,0.));
#3302=DIRECTION('center_axis',(0.,0.,-1.));
#3303=DIRECTION('ref_axis',(1.,0.,0.));
#3304=DIRECTION('center_axis',(0.,0.,-1.));
#3305=DIRECTION('ref_axis',(1.,0.,0.));
#3306=DIRECTION('',(0.,0.,-1.));
#3307=DIRECTION('center_axis',(0.,0.,-1.));
#3308=DIRECTION('ref_axis',(1.,0.,0.));
#3309=DIRECTION('center_axis',(0.,0.,-1.));
#3310=DIRECTION('ref_axis',(1.,0.,0.));
#3311=DIRECTION('',(0.,0.,-1.));
#3312=DIRECTION('center_axis',(0.,0.,1.));
#3313=DIRECTION('ref_axis',(1.,0.,0.));
#3314=DIRECTION('center_axis',(0.,0.,1.));
#3315=DIRECTION('ref_axis',(1.,0.,0.));
#3316=DIRECTION('center_axis',(0.,0.,-1.));
#3317=DIRECTION('ref_axis',(1.,0.,0.));
#3318=DIRECTION('center_axis',(0.,0.,-1.));
#3319=DIRECTION('ref_axis',(1.,0.,0.));
#3320=DIRECTION('',(0.,0.,-1.));
#3321=DIRECTION('center_axis',(0.,0.,-1.));
#3322=DIRECTION('ref_axis',(1.,0.,0.));
#3323=DIRECTION('center_axis',(0.,0.,-1.));
#3324=DIRECTION('ref_axis',(1.,0.,0.));
#3325=DIRECTION('',(0.,0.,-1.));
#3326=DIRECTION('center_axis',(0.,0.,-1.));
#3327=DIRECTION('ref_axis',(1.,0.,0.));
#3328=DIRECTION('center_axis',(0.,0.,-1.));
#3329=DIRECTION('ref_axis',(1.,0.,0.));
#3330=DIRECTION('',(0.,0.,-1.));
#3331=DIRECTION('center_axis',(0.,0.,-1.));
#3332=DIRECTION('ref_axis',(1.,0.,0.));
#3333=DIRECTION('center_axis',(0.,0.,-1.));
#3334=DIRECTION('ref_axis',(1.,0.,0.));
#3335=DIRECTION('',(0.,0.,-1.));
#3336=DIRECTION('center_axis',(0.,0.,1.));
#3337=DIRECTION('ref_axis',(1.,0.,0.));
#3338=DIRECTION('center_axis',(0.,0.,1.));
#3339=DIRECTION('ref_axis',(1.,0.,0.));
#3340=DIRECTION('center_axis',(0.,0.,1.));
#3341=DIRECTION('ref_axis',(1.,0.,0.));
#3342=DIRECTION('center_axis',(0.,0.,1.));
#3343=DIRECTION('ref_axis',(1.,0.,0.));
#3344=DIRECTION('center_axis',(0.,0.,1.));
#3345=DIRECTION('ref_axis',(1.,0.,0.));
#3346=DIRECTION('center_axis',(0.,0.,1.));
#3347=DIRECTION('ref_axis',(1.,0.,0.));
#3348=DIRECTION('center_axis',(0.,0.,1.));
#3349=DIRECTION('ref_axis',(1.,0.,0.));
#3350=DIRECTION('center_axis',(1.,0.,0.));
#3351=DIRECTION('ref_axis',(0.,0.,-1.));
#3352=DIRECTION('',(0.,1.,0.));
#3353=DIRECTION('center_axis',(0.,0.,-1.));
#3354=DIRECTION('ref_axis',(-1.,0.,0.));
#3355=DIRECTION('',(0.,1.,0.));
#3356=DIRECTION('',(1.,0.,0.));
#3357=DIRECTION('',(0.,-1.,0.));
#3358=DIRECTION('center_axis',(0.,1.,0.));
#3359=DIRECTION('ref_axis',(1.,0.,0.));
#3360=DIRECTION('center_axis',(0.,1.,0.));
#3361=DIRECTION('ref_axis',(1.,0.,0.));
#3362=DIRECTION('center_axis',(0.,-1.,0.));
#3363=DIRECTION('ref_axis',(1.,0.,0.));
#3364=DIRECTION('center_axis',(0.,1.,0.));
#3365=DIRECTION('ref_axis',(-1.83697019872103E-16,0.,1.));
#3366=DIRECTION('center_axis',(0.,-0.707106781186548,-0.707106781186548));
#3367=DIRECTION('ref_axis',(-1.,0.,0.));
#3368=DIRECTION('',(0.,0.707106781186548,-0.707106781186548));
#3369=DIRECTION('',(1.,0.,0.));
#3370=DIRECTION('',(0.,-0.707106781186548,0.707106781186548));
#3371=DIRECTION('center_axis',(-1.,0.,0.));
#3372=DIRECTION('ref_axis',(0.,-1.,0.));
#3373=DIRECTION('',(0.,-1.,0.));
#3374=DIRECTION('',(0.,-0.707106781186547,-0.707106781186548));
#3375=DIRECTION('',(0.,0.,-1.));
#3376=DIRECTION('',(0.,-0.707106781186548,-0.707106781186547));
#3377=DIRECTION('',(0.,-1.,0.));
#3378=DIRECTION('center_axis',(0.,-0.707106781186548,-0.707106781186548));
#3379=DIRECTION('ref_axis',(-1.,0.,0.));
#3380=DIRECTION('',(0.,0.707106781186548,-0.707106781186548));
#3381=DIRECTION('',(1.,0.,0.));
#3382=DIRECTION('',(0.,-0.707106781186548,0.707106781186548));
#3383=DIRECTION('center_axis',(0.,0.,-1.));
#3384=DIRECTION('ref_axis',(1.,0.,0.));
#3385=DIRECTION('',(0.,1.,0.));
#3386=DIRECTION('',(-1.,0.,0.));
#3387=DIRECTION('',(0.,-1.,0.));
#3388=DIRECTION('center_axis',(1.,0.,0.));
#3389=DIRECTION('ref_axis',(0.,1.,0.));
#3390=DIRECTION('',(0.,1.,0.));
#3391=DIRECTION('',(0.,0.707106781186548,0.707106781186547));
#3392=DIRECTION('',(0.,0.,1.));
#3393=DIRECTION('',(0.,0.707106781186547,0.707106781186548));
#3394=DIRECTION('center_axis',(0.,-0.707106781186548,-0.707106781186548));
#3395=DIRECTION('ref_axis',(-1.,0.,0.));
#3396=DIRECTION('',(6.76763990811972E-17,0.707106781186548,-0.707106781186548));
#3397=DIRECTION('',(1.,0.,0.));
#3398=DIRECTION('',(6.76763990811972E-17,-0.707106781186548,0.707106781186548));
#3399=DIRECTION('center_axis',(0.,0.,-1.));
#3400=DIRECTION('ref_axis',(1.,0.,0.));
#3401=DIRECTION('',(9.57088814332031E-17,1.,0.));
#3402=DIRECTION('',(-1.,0.,0.));
#3403=DIRECTION('',(9.57088814332031E-17,-1.,0.));
#3404=DIRECTION('center_axis',(1.,-9.57088814332031E-17,0.));
#3405=DIRECTION('ref_axis',(9.57088814332031E-17,1.,0.));
#3406=DIRECTION('',(9.57088814332031E-17,1.,0.));
#3407=DIRECTION('',(6.76763990811972E-17,0.707106781186548,0.707106781186547));
#3408=DIRECTION('',(0.,0.,1.));
#3409=DIRECTION('',(6.76763990811972E-17,0.707106781186547,0.707106781186548));
#3410=DIRECTION('center_axis',(0.,-0.707106781186548,-0.707106781186548));
#3411=DIRECTION('ref_axis',(-1.,0.,0.));
#3412=DIRECTION('',(0.,0.707106781186548,-0.707106781186548));
#3413=DIRECTION('',(1.,0.,0.));
#3414=DIRECTION('',(0.,-0.707106781186548,0.707106781186548));
#3415=DIRECTION('center_axis',(0.,0.,-1.));
#3416=DIRECTION('ref_axis',(1.,0.,0.));
#3417=DIRECTION('',(0.,1.,0.));
#3418=DIRECTION('',(-1.,0.,0.));
#3419=DIRECTION('',(0.,-1.,0.));
#3420=DIRECTION('center_axis',(1.,0.,0.));
#3421=DIRECTION('ref_axis',(0.,1.,0.));
#3422=DIRECTION('',(0.,1.,0.));
#3423=DIRECTION('',(0.,0.707106781186548,0.707106781186547));
#3424=DIRECTION('',(0.,0.,1.));
#3425=DIRECTION('',(0.,0.707106781186547,0.707106781186548));
#3426=DIRECTION('center_axis',(0.,-0.707106781186548,-0.707106781186548));
#3427=DIRECTION('ref_axis',(-1.,0.,0.));
#3428=DIRECTION('',(0.,0.707106781186548,-0.707106781186548));
#3429=DIRECTION('',(1.,0.,0.));
#3430=DIRECTION('',(0.,-0.707106781186548,0.707106781186548));
#3431=DIRECTION('center_axis',(0.,0.,-1.));
#3432=DIRECTION('ref_axis',(1.,0.,0.));
#3433=DIRECTION('',(0.,1.,0.));
#3434=DIRECTION('',(-1.,0.,0.));
#3435=DIRECTION('',(0.,-1.,0.));
#3436=DIRECTION('center_axis',(1.,0.,0.));
#3437=DIRECTION('ref_axis',(0.,1.,0.));
#3438=DIRECTION('',(0.,1.,0.));
#3439=DIRECTION('',(0.,0.707106781186548,0.707106781186547));
#3440=DIRECTION('',(0.,0.,1.));
#3441=DIRECTION('',(0.,0.707106781186547,0.707106781186548));
#3442=DIRECTION('center_axis',(0.,0.707106781186547,-0.707106781186548));
#3443=DIRECTION('ref_axis',(-1.,0.,0.));
#3444=DIRECTION('',(0.,-0.707106781186548,-0.707106781186547));
#3445=DIRECTION('',(-1.,0.,0.));
#3446=DIRECTION('',(0.,-0.707106781186548,-0.707106781186547));
#3447=DIRECTION('',(1.,0.,0.));
#3448=DIRECTION('center_axis',(1.,0.,0.));
#3449=DIRECTION('ref_axis',(0.,0.,1.));
#3450=DIRECTION('',(0.,0.,-1.));
#3451=DIRECTION('',(0.,1.,0.));
#3452=DIRECTION('center_axis',(0.,1.,0.));
#3453=DIRECTION('ref_axis',(1.,0.,0.));
#3454=DIRECTION('',(0.,0.,-1.));
#3455=DIRECTION('',(1.,0.,0.));
#3456=DIRECTION('',(1.,0.,0.));
#3457=DIRECTION('',(0.,0.,-1.));
#3458=DIRECTION('',(1.,0.,0.));
#3459=DIRECTION('',(1.,0.,0.));
#3460=DIRECTION('',(0.,0.,-1.));
#3461=DIRECTION('',(1.,0.,0.));
#3462=DIRECTION('',(1.,0.,0.));
#3463=DIRECTION('',(0.,0.,-1.));
#3464=DIRECTION('',(1.,0.,0.));
#3465=DIRECTION('',(1.,0.,0.));
#3466=DIRECTION('',(1.,0.,0.));
#3467=DIRECTION('',(0.,0.,1.));
#3468=DIRECTION('',(1.,0.,0.));
#3469=DIRECTION('',(0.,0.,1.));
#3470=DIRECTION('center_axis',(0.,1.,0.));
#3471=DIRECTION('ref_axis',(1.,0.,0.));
#3472=DIRECTION('center_axis',(0.,-1.,0.));
#3473=DIRECTION('ref_axis',(-1.,0.,0.));
#3474=DIRECTION('center_axis',(0.,0.707106781186547,-0.707106781186548));
#3475=DIRECTION('ref_axis',(-1.,0.,0.));
#3476=DIRECTION('',(0.,0.707106781186548,0.707106781186547));
#3477=DIRECTION('',(0.,0.707106781186548,0.707106781186547));
#3478=DIRECTION('',(-1.,0.,0.));
#3479=DIRECTION('center_axis',(0.,0.,-1.));
#3480=DIRECTION('ref_axis',(1.,0.,0.));
#3481=DIRECTION('',(0.,-1.,0.));
#3482=DIRECTION('',(0.,1.,0.));
#3483=DIRECTION('center_axis',(0.,0.,-1.));
#3484=DIRECTION('ref_axis',(1.,0.,0.));
#3485=DIRECTION('center_axis',(0.,0.707106781186547,-0.707106781186548));
#3486=DIRECTION('ref_axis',(-1.,0.,0.));
#3487=DIRECTION('',(-1.,0.,0.));
#3488=DIRECTION('center_axis',(0.,0.,-1.));
#3489=DIRECTION('ref_axis',(1.,0.,0.));
#3490=DIRECTION('center_axis',(0.,0.,-1.));
#3491=DIRECTION('ref_axis',(1.,0.,0.));
#3492=DIRECTION('center_axis',(0.,0.707106781186547,-0.707106781186548));
#3493=DIRECTION('ref_axis',(-1.,0.,0.));
#3494=DIRECTION('',(-1.,0.,0.));
#3495=DIRECTION('',(0.,-0.707106781186548,-0.707106781186547));
#3496=DIRECTION('center_axis',(0.,0.,-1.));
#3497=DIRECTION('ref_axis',(1.,0.,0.));
#3498=DIRECTION('',(0.,-1.,0.));
#3499=DIRECTION('center_axis',(0.,0.,-1.));
#3500=DIRECTION('ref_axis',(1.,0.,0.));
#3501=DIRECTION('center_axis',(0.,0.707106781186547,-0.707106781186548));
#3502=DIRECTION('ref_axis',(-1.,0.,0.));
#3503=DIRECTION('',(-1.,0.,0.));
#3504=DIRECTION('',(6.76763990811972E-17,-0.707106781186548,-0.707106781186547));
#3505=DIRECTION('center_axis',(0.,0.,-1.));
#3506=DIRECTION('ref_axis',(1.,0.,0.));
#3507=DIRECTION('',(9.57088814332031E-17,-1.,0.));
#3508=DIRECTION('center_axis',(0.,0.,-1.));
#3509=DIRECTION('ref_axis',(1.,0.,0.));
#3510=DIRECTION('center_axis',(0.,0.707106781186547,-0.707106781186548));
#3511=DIRECTION('ref_axis',(-1.,0.,0.));
#3512=DIRECTION('',(-1.,0.,0.));
#3513=DIRECTION('',(0.,-0.707106781186548,-0.707106781186547));
#3514=DIRECTION('center_axis',(0.,0.,-1.));
#3515=DIRECTION('ref_axis',(1.,0.,0.));
#3516=DIRECTION('',(0.,-1.,0.));
#3517=DIRECTION('center_axis',(0.,0.,-1.));
#3518=DIRECTION('ref_axis',(1.,0.,0.));
#3519=DIRECTION('center_axis',(0.,0.707106781186548,-0.707106781186547));
#3520=DIRECTION('ref_axis',(-1.,0.,0.));
#3521=DIRECTION('',(0.,-0.707106781186547,-0.707106781186548));
#3522=DIRECTION('center_axis',(-1.,0.,0.));
#3523=DIRECTION('ref_axis',(0.,-1.,0.));
#3524=DIRECTION('',(0.,-1.,0.));
#3525=DIRECTION('center_axis',(0.,0.707106781186548,-0.707106781186547));
#3526=DIRECTION('ref_axis',(-1.,0.,0.));
#3527=DIRECTION('',(0.,-0.707106781186547,-0.707106781186548));
#3528=DIRECTION('center_axis',(-1.,0.,0.));
#3529=DIRECTION('ref_axis',(0.,-1.,0.));
#3530=DIRECTION('center_axis',(0.,0.707106781186548,-0.707106781186547));
#3531=DIRECTION('ref_axis',(-1.,0.,0.));
#3532=DIRECTION('',(6.76763990811972E-17,-0.707106781186547,-0.707106781186548));
#3533=DIRECTION('center_axis',(-1.,-9.57088814332031E-17,0.));
#3534=DIRECTION('ref_axis',(9.57088814332031E-17,-1.,0.));
#3535=DIRECTION('center_axis',(0.,0.707106781186548,-0.707106781186547));
#3536=DIRECTION('ref_axis',(-1.,0.,0.));
#3537=DIRECTION('',(0.,-0.707106781186547,-0.707106781186548));
#3538=DIRECTION('center_axis',(-1.,0.,0.));
#3539=DIRECTION('ref_axis',(0.,-1.,0.));
#3540=DIRECTION('center_axis',(0.,0.707106781186548,-0.707106781186547));
#3541=DIRECTION('ref_axis',(-1.,0.,0.));
#3542=DIRECTION('',(0.,0.707106781186547,0.707106781186548));
#3543=DIRECTION('',(-1.,0.,0.));
#3544=DIRECTION('center_axis',(1.,0.,0.));
#3545=DIRECTION('ref_axis',(0.,1.,0.));
#3546=DIRECTION('',(0.,1.,0.));
#3547=DIRECTION('center_axis',(0.,0.,1.));
#3548=DIRECTION('ref_axis',(1.,0.,0.));
#3549=DIRECTION('center_axis',(0.,0.,1.));
#3550=DIRECTION('ref_axis',(1.,0.,0.));
#3551=DIRECTION('',(0.,0.,-1.));
#3552=DIRECTION('center_axis',(0.,0.,1.));
#3553=DIRECTION('ref_axis',(1.,0.,0.));
#3554=DIRECTION('center_axis',(0.,0.,1.));
#3555=DIRECTION('ref_axis',(1.,0.,0.));
#3556=DIRECTION('',(0.,0.,-1.));
#3557=DIRECTION('center_axis',(0.,0.,-1.));
#3558=DIRECTION('ref_axis',(1.,0.,0.));
#3559=DIRECTION('center_axis',(0.,0.,-1.));
#3560=DIRECTION('ref_axis',(1.,0.,0.));
#3561=DIRECTION('center_axis',(0.,0.,1.));
#3562=DIRECTION('ref_axis',(1.,0.,0.));
#3563=DIRECTION('center_axis',(0.,0.,1.));
#3564=DIRECTION('ref_axis',(1.,0.,0.));
#3565=DIRECTION('',(0.,0.,-1.));
#3566=DIRECTION('center_axis',(0.,0.,1.));
#3567=DIRECTION('ref_axis',(1.,0.,0.));
#3568=DIRECTION('center_axis',(0.,0.,1.));
#3569=DIRECTION('ref_axis',(1.,0.,0.));
#3570=DIRECTION('',(0.,0.,-1.));
#3571=DIRECTION('center_axis',(0.,0.,1.));
#3572=DIRECTION('ref_axis',(1.,0.,0.));
#3573=DIRECTION('center_axis',(0.,0.,1.));
#3574=DIRECTION('ref_axis',(1.,0.,0.));
#3575=DIRECTION('',(0.,0.,-1.));
#3576=DIRECTION('center_axis',(0.,0.,1.));
#3577=DIRECTION('ref_axis',(1.,0.,0.));
#3578=DIRECTION('center_axis',(0.,0.,1.));
#3579=DIRECTION('ref_axis',(1.,0.,0.));
#3580=DIRECTION('',(0.,0.,-1.));
#3581=DIRECTION('center_axis',(0.,0.,-1.));
#3582=DIRECTION('ref_axis',(1.,0.,0.));
#3583=DIRECTION('center_axis',(0.,0.,-1.));
#3584=DIRECTION('ref_axis',(1.,0.,0.));
#3585=DIRECTION('center_axis',(0.,0.,-1.));
#3586=DIRECTION('ref_axis',(1.,0.,0.));
#3587=DIRECTION('center_axis',(0.,0.,-1.));
#3588=DIRECTION('ref_axis',(1.,0.,0.));
#3589=DIRECTION('center_axis',(0.,0.,-1.));
#3590=DIRECTION('ref_axis',(1.,0.,0.));
#3591=DIRECTION('center_axis',(0.,0.,-1.));
#3592=DIRECTION('ref_axis',(1.,0.,0.));
#3593=DIRECTION('center_axis',(0.,0.,-1.));
#3594=DIRECTION('ref_axis',(1.,0.,0.));
#3595=DIRECTION('center_axis',(-1.,0.,0.));
#3596=DIRECTION('ref_axis',(0.,0.,-1.));
#3597=DIRECTION('center_axis',(0.,1.,0.));
#3598=DIRECTION('ref_axis',(1.,0.,0.));
#3599=DIRECTION('center_axis',(0.,1.,0.));
#3600=DIRECTION('ref_axis',(1.,0.,0.));
#3601=DIRECTION('center_axis',(0.,-1.,0.));
#3602=DIRECTION('ref_axis',(1.,0.,0.));
#3603=DIRECTION('center_axis',(0.,1.,0.));
#3604=DIRECTION('ref_axis',(-1.83697019872103E-16,0.,1.));
#3605=DIRECTION('center_axis',(0.,1.,0.));
#3606=DIRECTION('ref_axis',(-1.,0.,0.));
#3607=DIRECTION('',(0.,-1.,0.));
#3608=DIRECTION('center_axis',(0.,1.,0.));
#3609=DIRECTION('ref_axis',(1.,0.,0.));
#3610=DIRECTION('',(0.,-1.,0.));
#3611=DIRECTION('axis',(0.,0.,1.));
#3612=DIRECTION('refdir',(1.,0.,0.));
#3613=DIRECTION('center_axis',(0.,1.,0.));
#3614=DIRECTION('ref_axis',(-1.,0.,0.));
#3615=DIRECTION('center_axis',(0.,-1.,0.));
#3616=DIRECTION('ref_axis',(-1.,0.,0.));
#3617=DIRECTION('',(0.,-1.,0.));
#3618=DIRECTION('center_axis',(0.,-1.,0.));
#3619=DIRECTION('ref_axis',(-1.,0.,0.));
#3620=DIRECTION('center_axis',(0.,1.,0.));
#3621=DIRECTION('ref_axis',(-1.,0.,0.));
#3622=DIRECTION('center_axis',(0.,1.,0.));
#3623=DIRECTION('ref_axis',(-1.,0.,0.));
#3624=DIRECTION('',(0.,-1.,0.));
#3625=DIRECTION('center_axis',(0.,1.,0.));
#3626=DIRECTION('ref_axis',(-1.,0.,0.));
#3627=DIRECTION('center_axis',(0.,1.,0.));
#3628=DIRECTION('ref_axis',(-1.,0.,0.));
#3629=DIRECTION('center_axis',(0.,1.,0.));
#3630=DIRECTION('ref_axis',(-1.,0.,0.));
#3631=DIRECTION('axis',(0.,0.,1.));
#3632=DIRECTION('refdir',(1.,0.,0.));
#3633=DIRECTION('center_axis',(0.,0.,-1.));
#3634=DIRECTION('ref_axis',(1.,0.,0.));
#3635=DIRECTION('center_axis',(0.,0.,-1.));
#3636=DIRECTION('ref_axis',(1.,0.,0.));
#3637=DIRECTION('',(0.,0.,1.));
#3638=DIRECTION('center_axis',(0.,0.,-1.));
#3639=DIRECTION('ref_axis',(1.,0.,0.));
#3640=DIRECTION('center_axis',(0.,0.,-1.));
#3641=DIRECTION('ref_axis',(1.,0.,0.));
#3642=DIRECTION('center_axis',(0.,0.,-1.));
#3643=DIRECTION('ref_axis',(1.,0.,0.));
#3644=DIRECTION('center_axis',(0.,0.,-1.));
#3645=DIRECTION('ref_axis',(1.,0.,0.));
#3646=DIRECTION('center_axis',(0.,0.,-1.));
#3647=DIRECTION('ref_axis',(1.,0.,0.));
#3648=DIRECTION('',(0.,0.,1.));
#3649=DIRECTION('center_axis',(0.,0.,-1.));
#3650=DIRECTION('ref_axis',(1.,0.,0.));
#3651=DIRECTION('center_axis',(0.,0.,-1.));
#3652=DIRECTION('ref_axis',(1.,0.,0.));
#3653=DIRECTION('center_axis',(0.,0.,-1.));
#3654=DIRECTION('ref_axis',(1.,0.,0.));
#3655=DIRECTION('center_axis',(0.,0.,-1.));
#3656=DIRECTION('ref_axis',(1.,0.,0.));
#3657=DIRECTION('center_axis',(0.,0.,-1.));
#3658=DIRECTION('ref_axis',(1.,0.,0.));
#3659=DIRECTION('',(0.,0.,1.));
#3660=DIRECTION('center_axis',(0.,0.,-1.));
#3661=DIRECTION('ref_axis',(1.,0.,0.));
#3662=DIRECTION('center_axis',(0.,0.,-1.));
#3663=DIRECTION('ref_axis',(1.,0.,0.));
#3664=DIRECTION('center_axis',(0.,0.,-1.));
#3665=DIRECTION('ref_axis',(1.,0.,0.));
#3666=DIRECTION('center_axis',(0.,0.,-1.));
#3667=DIRECTION('ref_axis',(1.,0.,0.));
#3668=DIRECTION('center_axis',(0.,0.,-1.));
#3669=DIRECTION('ref_axis',(1.,0.,0.));
#3670=DIRECTION('',(0.,0.,1.));
#3671=DIRECTION('center_axis',(0.,0.,-1.));
#3672=DIRECTION('ref_axis',(1.,0.,0.));
#3673=DIRECTION('center_axis',(0.,0.,-1.));
#3674=DIRECTION('ref_axis',(1.,0.,0.));
#3675=DIRECTION('center_axis',(0.,0.,-1.));
#3676=DIRECTION('ref_axis',(1.,0.,0.));
#3677=DIRECTION('center_axis',(0.,0.,-1.));
#3678=DIRECTION('ref_axis',(1.,0.,0.));
#3679=DIRECTION('center_axis',(0.,0.,-1.));
#3680=DIRECTION('ref_axis',(1.,0.,0.));
#3681=DIRECTION('',(0.,0.,1.));
#3682=DIRECTION('center_axis',(0.,0.,-1.));
#3683=DIRECTION('ref_axis',(1.,0.,0.));
#3684=DIRECTION('center_axis',(0.,0.,-1.));
#3685=DIRECTION('ref_axis',(1.,0.,0.));
#3686=DIRECTION('center_axis',(0.,0.,-1.));
#3687=DIRECTION('ref_axis',(1.,0.,0.));
#3688=DIRECTION('center_axis',(0.,0.,-1.));
#3689=DIRECTION('ref_axis',(1.,0.,0.));
#3690=DIRECTION('center_axis',(0.,0.,-1.));
#3691=DIRECTION('ref_axis',(1.,0.,0.));
#3692=DIRECTION('',(0.,0.,1.));
#3693=DIRECTION('center_axis',(0.,0.,-1.));
#3694=DIRECTION('ref_axis',(1.,0.,0.));
#3695=DIRECTION('center_axis',(0.,0.,-1.));
#3696=DIRECTION('ref_axis',(1.,0.,0.));
#3697=DIRECTION('center_axis',(0.,0.,-1.));
#3698=DIRECTION('ref_axis',(1.,0.,0.));
#3699=DIRECTION('center_axis',(0.,0.,-1.));
#3700=DIRECTION('ref_axis',(1.,0.,0.));
#3701=DIRECTION('center_axis',(0.,0.,-1.));
#3702=DIRECTION('ref_axis',(1.,0.,0.));
#3703=DIRECTION('',(0.,0.,1.));
#3704=DIRECTION('center_axis',(0.,0.,-1.));
#3705=DIRECTION('ref_axis',(1.,0.,0.));
#3706=DIRECTION('center_axis',(0.,0.,-1.));
#3707=DIRECTION('ref_axis',(1.,0.,0.));
#3708=DIRECTION('center_axis',(0.,0.,-1.));
#3709=DIRECTION('ref_axis',(1.,0.,0.));
#3710=DIRECTION('center_axis',(0.,0.,-1.));
#3711=DIRECTION('ref_axis',(1.,0.,0.));
#3712=DIRECTION('center_axis',(0.,0.,-1.));
#3713=DIRECTION('ref_axis',(1.,0.,0.));
#3714=DIRECTION('',(0.,0.,1.));
#3715=DIRECTION('center_axis',(0.,0.,-1.));
#3716=DIRECTION('ref_axis',(1.,0.,0.));
#3717=DIRECTION('center_axis',(0.,0.,-1.));
#3718=DIRECTION('ref_axis',(1.,0.,0.));
#3719=DIRECTION('center_axis',(0.,0.,-1.));
#3720=DIRECTION('ref_axis',(1.,0.,0.));
#3721=DIRECTION('center_axis',(0.,0.,-1.));
#3722=DIRECTION('ref_axis',(1.,0.,0.));
#3723=DIRECTION('center_axis',(0.,0.,-1.));
#3724=DIRECTION('ref_axis',(1.,0.,0.));
#3725=DIRECTION('',(0.,0.,1.));
#3726=DIRECTION('center_axis',(0.,0.,-1.));
#3727=DIRECTION('ref_axis',(1.,0.,0.));
#3728=DIRECTION('center_axis',(0.,0.,-1.));
#3729=DIRECTION('ref_axis',(1.,0.,0.));
#3730=DIRECTION('center_axis',(0.,0.,-1.));
#3731=DIRECTION('ref_axis',(1.,0.,0.));
#3732=DIRECTION('center_axis',(0.,0.,-1.));
#3733=DIRECTION('ref_axis',(1.,0.,0.));
#3734=DIRECTION('center_axis',(0.,0.,-1.));
#3735=DIRECTION('ref_axis',(1.,0.,0.));
#3736=DIRECTION('',(0.,0.,1.));
#3737=DIRECTION('center_axis',(0.,0.,-1.));
#3738=DIRECTION('ref_axis',(1.,0.,0.));
#3739=DIRECTION('center_axis',(0.,0.,-1.));
#3740=DIRECTION('ref_axis',(1.,0.,0.));
#3741=DIRECTION('center_axis',(0.,0.,-1.));
#3742=DIRECTION('ref_axis',(1.,0.,0.));
#3743=DIRECTION('center_axis',(0.,0.,-1.));
#3744=DIRECTION('ref_axis',(1.,0.,0.));
#3745=DIRECTION('center_axis',(0.,0.,-1.));
#3746=DIRECTION('ref_axis',(1.,0.,0.));
#3747=DIRECTION('',(0.,0.,1.));
#3748=DIRECTION('center_axis',(0.,0.,-1.));
#3749=DIRECTION('ref_axis',(1.,0.,0.));
#3750=DIRECTION('center_axis',(0.,0.,-1.));
#3751=DIRECTION('ref_axis',(1.,0.,0.));
#3752=DIRECTION('center_axis',(0.,0.,-1.));
#3753=DIRECTION('ref_axis',(1.,0.,0.));
#3754=DIRECTION('center_axis',(0.,0.,-1.));
#3755=DIRECTION('ref_axis',(1.,0.,0.));
#3756=DIRECTION('center_axis',(0.,0.,-1.));
#3757=DIRECTION('ref_axis',(1.,0.,0.));
#3758=DIRECTION('',(0.,0.,1.));
#3759=DIRECTION('center_axis',(0.,0.,-1.));
#3760=DIRECTION('ref_axis',(1.,0.,0.));
#3761=DIRECTION('center_axis',(0.,0.,-1.));
#3762=DIRECTION('ref_axis',(1.,0.,0.));
#3763=DIRECTION('center_axis',(0.,0.,-1.));
#3764=DIRECTION('ref_axis',(1.,0.,0.));
#3765=DIRECTION('',(0.,0.,1.));
#3766=DIRECTION('',(1.,0.,0.));
#3767=DIRECTION('',(0.,-1.97215226305253E-31,-1.));
#3768=DIRECTION('',(1.,0.,0.));
#3769=DIRECTION('',(0.,0.,1.));
#3770=DIRECTION('',(1.,0.,0.));
#3771=DIRECTION('',(0.,0.,-1.));
#3772=DIRECTION('',(1.,0.,0.));
#3773=DIRECTION('',(0.,0.,-1.));
#3774=DIRECTION('',(1.,0.,0.));
#3775=DIRECTION('',(0.,0.,-1.));
#3776=DIRECTION('',(1.,0.,0.));
#3777=DIRECTION('',(0.,0.,1.));
#3778=DIRECTION('',(1.,0.,0.));
#3779=CARTESIAN_POINT('',(0.,0.,0.));
#3780=CARTESIAN_POINT('',(0.,0.,0.));
#3781=CARTESIAN_POINT('Origin',(0.,15.8,0.));
#3782=CARTESIAN_POINT('',(9.848350298709,15.8,-4.89999999999993));
#3783=CARTESIAN_POINT('',(9.84835029870893,15.8,4.90000000000007));
#3784=CARTESIAN_POINT('Origin',(0.,15.8,0.));
#3785=CARTESIAN_POINT('',(9.848350298709,4.8,-4.89999999999993));
#3786=CARTESIAN_POINT('',(9.848350298709,15.8,-4.89999999999993));
#3787=CARTESIAN_POINT('',(9.84835029870893,4.8,4.90000000000007));
#3788=CARTESIAN_POINT('Origin',(0.,4.8,0.));
#3789=CARTESIAN_POINT('',(9.84835029870893,15.8,4.90000000000007));
#3790=CARTESIAN_POINT('Origin',(0.,15.8,0.));
#3791=CARTESIAN_POINT('',(4.90000000000007,15.8,6.00076931582212E-16));
#3792=CARTESIAN_POINT('Origin',(0.,15.8,0.));
#3793=CARTESIAN_POINT('',(4.90000000000007,4.8,6.00076931582212E-16));
#3794=CARTESIAN_POINT('',(4.90000000000007,15.8,6.00076931582212E-16));
#3795=CARTESIAN_POINT('',(-6.75987768594963E-7,4.8,-4.90000000000002));
#3796=CARTESIAN_POINT('Origin',(0.,4.8,0.));
#3797=CARTESIAN_POINT('',(-3.0003852520548E-16,4.8,4.90000000000007));
#3798=CARTESIAN_POINT('Origin',(0.,4.8,0.));
#3799=CARTESIAN_POINT('Origin',(0.,4.8,0.));
#3800=CARTESIAN_POINT('Origin',(5.4999997439625,4.8,0.));
#3801=CARTESIAN_POINT('',(-4.90000012801563,4.8,4.90000000000007));
#3802=CARTESIAN_POINT('',(10.3999998719844,4.8,-4.89999999999993));
#3803=CARTESIAN_POINT('Origin',(0.,15.8,0.));
#3804=CARTESIAN_POINT('',(-9.84835029870893,15.8,4.90000000000007));
#3805=CARTESIAN_POINT('',(-9.848350298709,15.8,-4.89999999999993));
#3806=CARTESIAN_POINT('Origin',(0.,15.8,0.));
#3807=CARTESIAN_POINT('',(-9.84835029870893,4.8,4.90000000000007));
#3808=CARTESIAN_POINT('',(-9.84835029870893,15.8,4.90000000000007));
#3809=CARTESIAN_POINT('',(-9.848350298709,4.8,-4.89999999999993));
#3810=CARTESIAN_POINT('Origin',(0.,4.8,0.));
#3811=CARTESIAN_POINT('',(-9.848350298709,15.8,-4.89999999999993));
#3812=CARTESIAN_POINT('Origin',(-5.50000008195639,4.8,2.33146835171283E-14));
#3813=CARTESIAN_POINT('',(4.89999995902493,4.8,-4.89999999999993));
#3814=CARTESIAN_POINT('',(-10.4000000409751,4.8,4.90000000000007));
#3815=CARTESIAN_POINT('Origin',(-15.2999999999938,0.,4.90000000000007));
#3816=CARTESIAN_POINT('',(-15.2999999999938,15.8,4.90000000000007));
#3817=CARTESIAN_POINT('',(-15.2999999999938,15.8,4.90000000000007));
#3818=CARTESIAN_POINT('',(-15.2999999999938,0.,4.90000000000007));
#3819=CARTESIAN_POINT('',(-15.2999999999938,0.,4.90000000000007));
#3820=CARTESIAN_POINT('',(15.3000000000062,0.,4.90000000000007));
#3821=CARTESIAN_POINT('',(-15.2999999999938,0.,4.90000000000007));
#3822=CARTESIAN_POINT('',(15.3000000000062,15.8,4.90000000000007));
#3823=CARTESIAN_POINT('',(15.3000000000062,0.,4.90000000000007));
#3824=CARTESIAN_POINT('',(-15.2999999999938,15.8,4.90000000000007));
#3825=CARTESIAN_POINT('Origin',(6.23501250629488E-12,15.8,7.04991620636974E-14));
#3826=CARTESIAN_POINT('',(-15.2999999999938,15.8,-4.89999999999993));
#3827=CARTESIAN_POINT('',(15.3000000000062,15.8,-4.89999999999993));
#3828=CARTESIAN_POINT('',(-15.2999999999938,15.8,-4.89999999999993));
#3829=CARTESIAN_POINT('Origin',(6.23501250629488E-12,15.8,7.04991620636974E-14));
#3830=CARTESIAN_POINT('',(15.3000000000062,15.8,-4.89999999999993));
#3831=CARTESIAN_POINT('',(15.3000000000062,15.8,4.90000000000007));
#3832=CARTESIAN_POINT('',(15.3000000000062,15.8,-4.89999999999993));
#3833=CARTESIAN_POINT('Origin',(-15.2999999999938,0.,-4.89999999999993));
#3834=CARTESIAN_POINT('',(-15.2999999999938,0.,-4.89999999999993));
#3835=CARTESIAN_POINT('',(-15.2999999999938,0.,-4.89999999999993));
#3836=CARTESIAN_POINT('',(-15.2999999999938,0.,-4.89999999999993));
#3837=CARTESIAN_POINT('Origin',(15.3000000000062,0.,-4.89999999999993));
#3838=CARTESIAN_POINT('',(15.3000000000062,0.,-4.89999999999993));
#3839=CARTESIAN_POINT('',(15.3000000000062,0.,-4.89999999999993));
#3840=CARTESIAN_POINT('',(15.3000000000062,0.,-4.89999999999993));
#3841=CARTESIAN_POINT('Origin',(15.3000000000062,0.,4.90000000000007));
#3842=CARTESIAN_POINT('',(15.3000000000062,0.,4.90000000000007));
#3843=CARTESIAN_POINT('Origin',(6.23501250629488E-12,15.8,7.04991620636974E-14));
#3844=CARTESIAN_POINT('Origin',(6.23501250629488E-12,0.,7.04991620636974E-14));
#3845=CARTESIAN_POINT('',(0.,0.,0.));
#3846=CARTESIAN_POINT('Origin',(-13.8,-3.55,-6.9875));
#3847=CARTESIAN_POINT('',(-12.3,-5.05,-5.4));
#3848=CARTESIAN_POINT('',(-15.3,-2.05,-5.4));
#3849=CARTESIAN_POINT('',(-7.6,-9.75,-5.4));
#3850=CARTESIAN_POINT('',(-15.3,-2.05,-8.75));
#3851=CARTESIAN_POINT('',(-15.3,-2.05,-6.9875));
#3852=CARTESIAN_POINT('',(-12.3,-5.05,-8.75));
#3853=CARTESIAN_POINT('',(-13.9875,-3.3625,-8.75));
#3854=CARTESIAN_POINT('',(-12.3,-5.05,-6.9875));
#3855=CARTESIAN_POINT('Origin',(15.3,0.75,-5.4));
#3856=CARTESIAN_POINT('',(15.3,-5.05,-5.4));
#3857=CARTESIAN_POINT('',(7.65,-5.05,-5.4));
#3858=CARTESIAN_POINT('',(15.3,0.75,-5.4));
#3859=CARTESIAN_POINT('',(15.3,0.75,-5.4));
#3860=CARTESIAN_POINT('',(9.29529450851344,0.75,-5.4));
#3861=CARTESIAN_POINT('',(-15.3,0.75,-5.4));
#3862=CARTESIAN_POINT('',(9.29529450851344,0.,-5.4));
#3863=CARTESIAN_POINT('',(9.29529450851344,0.,-5.4));
#3864=CARTESIAN_POINT('',(-9.29529450851344,0.,-5.4));
#3865=CARTESIAN_POINT('',(7.65,0.,-5.4));
#3866=CARTESIAN_POINT('',(-9.29529450851344,0.75,-5.4));
#3867=CARTESIAN_POINT('',(-9.29529450851344,0.,-5.4));
#3868=CARTESIAN_POINT('',(-15.3,0.75,-5.4));
#3869=CARTESIAN_POINT('',(-15.3,0.75,-5.4));
#3870=CARTESIAN_POINT('',(-15.3,0.75,-5.4));
#3871=CARTESIAN_POINT('Origin',(0.,-5.05,-8.575));
#3872=CARTESIAN_POINT('',(-11.,-5.05,-8.75));
#3873=CARTESIAN_POINT('',(-6.575,-5.05,-8.75));
#3874=CARTESIAN_POINT('',(-9.,-5.05,-8.75));
#3875=CARTESIAN_POINT('',(-7.65,-5.05,-8.75));
#3876=CARTESIAN_POINT('',(-6.,-5.05,-8.75));
#3877=CARTESIAN_POINT('',(-3.75,-5.05,-8.75));
#3878=CARTESIAN_POINT('',(-4.,-5.05,-8.75));
#3879=CARTESIAN_POINT('',(-7.65,-5.05,-8.75));
#3880=CARTESIAN_POINT('',(-1.,-5.05,-8.75));
#3881=CARTESIAN_POINT('',(-1.25,-5.05,-8.75));
#3882=CARTESIAN_POINT('',(1.,-5.05,-8.75));
#3883=CARTESIAN_POINT('',(-7.65,-5.05,-8.75));
#3884=CARTESIAN_POINT('',(4.,-5.05,-8.75));
#3885=CARTESIAN_POINT('',(1.25,-5.05,-8.75));
#3886=CARTESIAN_POINT('',(6.,-5.05,-8.75));
#3887=CARTESIAN_POINT('',(-7.65,-5.05,-8.75));
#3888=CARTESIAN_POINT('',(9.,-5.05,-8.75));
#3889=CARTESIAN_POINT('',(3.75,-5.05,-8.75));
#3890=CARTESIAN_POINT('',(11.,-5.05,-8.75));
#3891=CARTESIAN_POINT('',(-7.65,-5.05,-8.75));
#3892=CARTESIAN_POINT('',(15.3,-5.05,-8.75));
#3893=CARTESIAN_POINT('',(6.575,-5.05,-8.75));
#3894=CARTESIAN_POINT('',(15.3,-5.05,-10.1625));
#3895=CARTESIAN_POINT('Origin',(-7.65,25.05,-10.25));
#3896=CARTESIAN_POINT('',(-11.,26.55,-8.75));
#3897=CARTESIAN_POINT('',(-11.,23.55,-11.75));
#3898=CARTESIAN_POINT('',(-11.,25.05,-10.25));
#3899=CARTESIAN_POINT('',(-9.,26.55,-8.75));
#3900=CARTESIAN_POINT('',(-7.65,26.55,-8.75));
#3901=CARTESIAN_POINT('',(-9.,23.55,-11.75));
#3902=CARTESIAN_POINT('',(-9.,23.6,-11.7));
#3903=CARTESIAN_POINT('',(-7.65,23.55,-11.75));
#3904=CARTESIAN_POINT('Origin',(0.,26.55,-8.575));
#3905=CARTESIAN_POINT('',(-15.3,26.55,-8.75));
#3906=CARTESIAN_POINT('',(-6.575,26.55,-8.75));
#3907=CARTESIAN_POINT('',(-15.3,26.55,-5.4));
#3908=CARTESIAN_POINT('',(-15.3,26.55,-6.9875));
#3909=CARTESIAN_POINT('',(15.3,26.55,-5.4));
#3910=CARTESIAN_POINT('',(7.65,26.55,-5.4));
#3911=CARTESIAN_POINT('',(15.3,26.55,-8.75));
#3912=CARTESIAN_POINT('',(15.3,26.55,-10.1625));
#3913=CARTESIAN_POINT('',(11.,26.55,-8.75));
#3914=CARTESIAN_POINT('',(6.575,26.55,-8.75));
#3915=CARTESIAN_POINT('',(9.,26.55,-8.75));
#3916=CARTESIAN_POINT('',(-7.65,26.55,-8.75));
#3917=CARTESIAN_POINT('',(6.,26.55,-8.75));
#3918=CARTESIAN_POINT('',(3.75,26.55,-8.75));
#3919=CARTESIAN_POINT('',(4.,26.55,-8.75));
#3920=CARTESIAN_POINT('',(-7.65,26.55,-8.75));
#3921=CARTESIAN_POINT('',(1.,26.55,-8.75));
#3922=CARTESIAN_POINT('',(1.25,26.55,-8.75));
#3923=CARTESIAN_POINT('',(-1.,26.55,-8.75));
#3924=CARTESIAN_POINT('',(-7.65,26.55,-8.75));
#3925=CARTESIAN_POINT('',(-4.,26.55,-8.75));
#3926=CARTESIAN_POINT('',(-1.25,26.55,-8.75));
#3927=CARTESIAN_POINT('',(-6.,26.55,-8.75));
#3928=CARTESIAN_POINT('',(-7.65,26.55,-8.75));
#3929=CARTESIAN_POINT('',(-3.75,26.55,-8.75));
#3930=CARTESIAN_POINT('Origin',(-9.,20.75,-11.75));
#3931=CARTESIAN_POINT('',(-9.,21.75,-8.75));
#3932=CARTESIAN_POINT('',(-9.,26.55,-8.75));
#3933=CARTESIAN_POINT('',(-9.,20.75,-7.75));
#3934=CARTESIAN_POINT('',(-9.,22.,-9.));
#3935=CARTESIAN_POINT('',(-9.,20.75,-10.75));
#3936=CARTESIAN_POINT('',(-9.,20.75,-5.875));
#3937=CARTESIAN_POINT('',(-9.,21.75,-11.75));
#3938=CARTESIAN_POINT('',(-9.,21.25,-11.25));
#3939=CARTESIAN_POINT('',(-9.,20.75,-11.75));
#3940=CARTESIAN_POINT('Origin',(-7.65,25.05,-10.25));
#3941=CARTESIAN_POINT('',(-6.,23.55,-11.75));
#3942=CARTESIAN_POINT('',(-6.,25.05,-10.25));
#3943=CARTESIAN_POINT('',(-4.,23.55,-11.75));
#3944=CARTESIAN_POINT('',(-4.,23.6,-11.7));
#3945=CARTESIAN_POINT('',(-7.65,23.55,-11.75));
#3946=CARTESIAN_POINT('Origin',(-15.3,20.75,-11.75));
#3947=CARTESIAN_POINT('',(-4.,21.75,-11.75));
#3948=CARTESIAN_POINT('',(-4.,20.75,-11.75));
#3949=CARTESIAN_POINT('',(-6.,21.75,-11.75));
#3950=CARTESIAN_POINT('',(-7.65,21.75,-11.75));
#3951=CARTESIAN_POINT('',(-6.,23.65,-11.75));
#3952=CARTESIAN_POINT('Origin',(-6.,26.55,-11.75));
#3953=CARTESIAN_POINT('',(-6.,20.75,-10.75));
#3954=CARTESIAN_POINT('',(-6.,22.7,-12.7));
#3955=CARTESIAN_POINT('',(-6.,20.75,-7.75));
#3956=CARTESIAN_POINT('',(-6.,20.75,-5.875));
#3957=CARTESIAN_POINT('',(-6.,21.75,-8.75));
#3958=CARTESIAN_POINT('',(-6.,23.45,-10.45));
#3959=CARTESIAN_POINT('',(-6.,26.55,-8.75));
#3960=CARTESIAN_POINT('Origin',(-7.65,25.05,-10.25));
#3961=CARTESIAN_POINT('',(-1.,23.55,-11.75));
#3962=CARTESIAN_POINT('',(-1.,25.05,-10.25));
#3963=CARTESIAN_POINT('',(1.,23.55,-11.75));
#3964=CARTESIAN_POINT('',(0.999999999999999,23.6,-11.7));
#3965=CARTESIAN_POINT('',(-7.65,23.55,-11.75));
#3966=CARTESIAN_POINT('Origin',(-15.3,20.75,-11.75));
#3967=CARTESIAN_POINT('',(1.,21.75,-11.75));
#3968=CARTESIAN_POINT('',(1.,20.75,-11.75));
#3969=CARTESIAN_POINT('',(-1.,21.75,-11.75));
#3970=CARTESIAN_POINT('',(-7.65,21.75,-11.75));
#3971=CARTESIAN_POINT('',(-1.,23.65,-11.75));
#3972=CARTESIAN_POINT('Origin',(-1.,26.55,-11.75));
#3973=CARTESIAN_POINT('',(-1.,20.75,-10.75));
#3974=CARTESIAN_POINT('',(-1.,22.7,-12.7));
#3975=CARTESIAN_POINT('',(-1.,20.75,-7.75));
#3976=CARTESIAN_POINT('',(-1.,20.75,-5.875));
#3977=CARTESIAN_POINT('',(-1.,21.75,-8.75));
#3978=CARTESIAN_POINT('',(-1.,23.45,-10.45));
#3979=CARTESIAN_POINT('',(-1.,26.55,-8.75));
#3980=CARTESIAN_POINT('Origin',(-7.65,25.05,-10.25));
#3981=CARTESIAN_POINT('',(4.,23.55,-11.75));
#3982=CARTESIAN_POINT('',(4.,25.05,-10.25));
#3983=CARTESIAN_POINT('',(6.,23.55,-11.75));
#3984=CARTESIAN_POINT('',(6.,23.6,-11.7));
#3985=CARTESIAN_POINT('',(-7.65,23.55,-11.75));
#3986=CARTESIAN_POINT('Origin',(-15.3,20.75,-11.75));
#3987=CARTESIAN_POINT('',(6.,21.75,-11.75));
#3988=CARTESIAN_POINT('',(6.,20.75,-11.75));
#3989=CARTESIAN_POINT('',(4.,21.75,-11.75));
#3990=CARTESIAN_POINT('',(-7.65,21.75,-11.75));
#3991=CARTESIAN_POINT('',(4.,23.65,-11.75));
#3992=CARTESIAN_POINT('Origin',(4.,26.55,-11.75));
#3993=CARTESIAN_POINT('',(4.,20.75,-10.75));
#3994=CARTESIAN_POINT('',(4.,22.7,-12.7));
#3995=CARTESIAN_POINT('',(4.,20.75,-7.75));
#3996=CARTESIAN_POINT('',(4.,20.75,-5.875));
#3997=CARTESIAN_POINT('',(4.,21.75,-8.75));
#3998=CARTESIAN_POINT('',(4.,23.45,-10.45));
#3999=CARTESIAN_POINT('',(4.,26.55,-8.75));
#4000=CARTESIAN_POINT('Origin',(-7.65,25.05,-10.25));
#4001=CARTESIAN_POINT('',(9.,23.55,-11.75));
#4002=CARTESIAN_POINT('',(9.,25.05,-10.25));
#4003=CARTESIAN_POINT('',(11.,23.55,-11.75));
#4004=CARTESIAN_POINT('',(11.,23.6,-11.7));
#4005=CARTESIAN_POINT('',(-7.65,23.55,-11.75));
#4006=CARTESIAN_POINT('Origin',(-15.3,20.75,-11.75));
#4007=CARTESIAN_POINT('',(11.,21.75,-11.75));
#4008=CARTESIAN_POINT('',(11.,20.75,-11.75));
#4009=CARTESIAN_POINT('',(9.,21.75,-11.75));
#4010=CARTESIAN_POINT('',(-7.65,21.75,-11.75));
#4011=CARTESIAN_POINT('',(9.,23.65,-11.75));
#4012=CARTESIAN_POINT('Origin',(9.,26.55,-11.75));
#4013=CARTESIAN_POINT('',(9.,20.75,-10.75));
#4014=CARTESIAN_POINT('',(9.,22.7,-12.7));
#4015=CARTESIAN_POINT('',(9.,20.75,-7.75));
#4016=CARTESIAN_POINT('',(9.,20.75,-5.875));
#4017=CARTESIAN_POINT('',(9.,21.75,-8.75));
#4018=CARTESIAN_POINT('',(9.,23.45,-10.45));
#4019=CARTESIAN_POINT('',(9.,26.55,-8.75));
#4020=CARTESIAN_POINT('Origin',(6.575,21.25,-8.25));
#4021=CARTESIAN_POINT('',(15.3,20.75,-7.75));
#4022=CARTESIAN_POINT('',(15.3,21.75,-8.75));
#4023=CARTESIAN_POINT('',(15.3,22.,-9.));
#4024=CARTESIAN_POINT('',(11.,20.75,-7.75));
#4025=CARTESIAN_POINT('',(6.575,20.75,-7.75));
#4026=CARTESIAN_POINT('',(11.,21.75,-8.75));
#4027=CARTESIAN_POINT('',(11.,22.,-9.));
#4028=CARTESIAN_POINT('',(6.575,21.75,-8.75));
#4029=CARTESIAN_POINT('Origin',(15.3,20.75,-11.75));
#4030=CARTESIAN_POINT('',(15.3,22.2,-8.75));
#4031=CARTESIAN_POINT('',(15.3,20.75,-5.4));
#4032=CARTESIAN_POINT('',(15.3,20.75,-5.4));
#4033=CARTESIAN_POINT('',(15.3,20.75,-5.4));
#4034=CARTESIAN_POINT('Origin',(0.,20.75,0.));
#4035=CARTESIAN_POINT('',(9.29529450851344,20.75,-5.4));
#4036=CARTESIAN_POINT('',(-15.3,20.75,-5.4));
#4037=CARTESIAN_POINT('',(-9.29529450851344,20.75,-5.4));
#4038=CARTESIAN_POINT('Origin',(0.,20.75,0.));
#4039=CARTESIAN_POINT('',(-15.3,20.75,-5.4));
#4040=CARTESIAN_POINT('',(-15.3,20.75,-5.4));
#4041=CARTESIAN_POINT('',(-15.3,20.75,-7.75));
#4042=CARTESIAN_POINT('',(-15.3,20.75,-11.75));
#4043=CARTESIAN_POINT('',(-11.,20.75,-7.75));
#4044=CARTESIAN_POINT('',(-6.575,20.75,-7.75));
#4045=CARTESIAN_POINT('',(-11.,20.75,-10.75));
#4046=CARTESIAN_POINT('',(-11.,20.75,-5.875));
#4047=CARTESIAN_POINT('',(-7.65,20.75,-10.75));
#4048=CARTESIAN_POINT('',(-3.75,20.75,-7.75));
#4049=CARTESIAN_POINT('',(-4.,20.75,-10.75));
#4050=CARTESIAN_POINT('',(-7.65,20.75,-10.75));
#4051=CARTESIAN_POINT('',(-4.,20.75,-7.75));
#4052=CARTESIAN_POINT('',(-4.,20.75,-5.875));
#4053=CARTESIAN_POINT('',(-1.25,20.75,-7.75));
#4054=CARTESIAN_POINT('',(1.,20.75,-10.75));
#4055=CARTESIAN_POINT('',(-7.65,20.75,-10.75));
#4056=CARTESIAN_POINT('',(1.,20.75,-7.75));
#4057=CARTESIAN_POINT('',(1.,20.75,-5.875));
#4058=CARTESIAN_POINT('',(1.25,20.75,-7.75));
#4059=CARTESIAN_POINT('',(6.,20.75,-10.75));
#4060=CARTESIAN_POINT('',(-7.65,20.75,-10.75));
#4061=CARTESIAN_POINT('',(6.,20.75,-7.75));
#4062=CARTESIAN_POINT('',(6.,20.75,-5.875));
#4063=CARTESIAN_POINT('',(3.75,20.75,-7.75));
#4064=CARTESIAN_POINT('',(11.,20.75,-10.75));
#4065=CARTESIAN_POINT('',(-7.65,20.75,-10.75));
#4066=CARTESIAN_POINT('',(11.,20.75,-5.875));
#4067=CARTESIAN_POINT('',(5.9,20.75,-7.22541611496938E-16));
#4068=CARTESIAN_POINT('Origin',(0.,20.75,0.));
#4069=CARTESIAN_POINT('Origin',(-6.575,21.25,-8.25));
#4070=CARTESIAN_POINT('',(-15.3,21.75,-8.75));
#4071=CARTESIAN_POINT('',(-15.3,20.4125,-7.4125));
#4072=CARTESIAN_POINT('',(-11.,21.75,-8.75));
#4073=CARTESIAN_POINT('',(-6.575,21.75,-8.75));
#4074=CARTESIAN_POINT('',(-11.,23.45,-10.45));
#4075=CARTESIAN_POINT('Origin',(-13.15,23.65,-8.75));
#4076=CARTESIAN_POINT('',(-15.3,22.2,-8.75));
#4077=CARTESIAN_POINT('',(-11.,26.55,-8.75));
#4078=CARTESIAN_POINT('',(-12.9,23.75,-8.75));
#4079=CARTESIAN_POINT('Origin',(-12.5,23.75,-8.75));
#4080=CARTESIAN_POINT('Origin',(-3.75,21.25,-8.25));
#4081=CARTESIAN_POINT('',(-3.75,21.75,-8.75));
#4082=CARTESIAN_POINT('Origin',(-7.5,23.65,-8.75));
#4083=CARTESIAN_POINT('',(-7.9,23.75,-8.75));
#4084=CARTESIAN_POINT('Origin',(-7.5,23.75,-8.75));
#4085=CARTESIAN_POINT('Origin',(-1.25,21.25,-8.25));
#4086=CARTESIAN_POINT('',(-4.,21.75,-8.75));
#4087=CARTESIAN_POINT('',(-4.,22.,-9.));
#4088=CARTESIAN_POINT('',(-1.25,21.75,-8.75));
#4089=CARTESIAN_POINT('Origin',(-2.5,23.65,-8.75));
#4090=CARTESIAN_POINT('',(-4.,26.55,-8.75));
#4091=CARTESIAN_POINT('',(-2.9,23.75,-8.75));
#4092=CARTESIAN_POINT('Origin',(-2.5,23.75,-8.75));
#4093=CARTESIAN_POINT('Origin',(1.25,21.25,-8.25));
#4094=CARTESIAN_POINT('',(1.,21.75,-8.75));
#4095=CARTESIAN_POINT('',(1.,22.,-9.));
#4096=CARTESIAN_POINT('',(1.25,21.75,-8.75));
#4097=CARTESIAN_POINT('Origin',(2.5,23.65,-8.75));
#4098=CARTESIAN_POINT('',(1.,26.55,-8.75));
#4099=CARTESIAN_POINT('',(2.1,23.75,-8.75));
#4100=CARTESIAN_POINT('Origin',(2.5,23.75,-8.75));
#4101=CARTESIAN_POINT('Origin',(3.75,21.25,-8.25));
#4102=CARTESIAN_POINT('',(6.,21.75,-8.75));
#4103=CARTESIAN_POINT('',(6.,22.,-9.));
#4104=CARTESIAN_POINT('',(3.75,21.75,-8.75));
#4105=CARTESIAN_POINT('Origin',(7.5,23.65,-8.75));
#4106=CARTESIAN_POINT('',(6.,26.55,-8.75));
#4107=CARTESIAN_POINT('',(7.1,23.75,-8.75));
#4108=CARTESIAN_POINT('Origin',(7.5,23.75,-8.75));
#4109=CARTESIAN_POINT('Origin',(-7.65,21.25,-11.25));
#4110=CARTESIAN_POINT('',(11.,21.25,-11.25));
#4111=CARTESIAN_POINT('Origin',(11.,20.75,-11.75));
#4112=CARTESIAN_POINT('',(11.,26.55,-8.75));
#4113=CARTESIAN_POINT('Origin',(-7.65,21.25,-11.25));
#4114=CARTESIAN_POINT('',(6.,21.25,-11.25));
#4115=CARTESIAN_POINT('Origin',(6.,20.75,-11.75));
#4116=CARTESIAN_POINT('Origin',(-7.65,21.25,-11.25));
#4117=CARTESIAN_POINT('',(0.999999999999999,21.25,-11.25));
#4118=CARTESIAN_POINT('Origin',(1.,20.75,-11.75));
#4119=CARTESIAN_POINT('Origin',(-7.65,21.25,-11.25));
#4120=CARTESIAN_POINT('',(-4.,21.25,-11.25));
#4121=CARTESIAN_POINT('Origin',(-4.,20.75,-11.75));
#4122=CARTESIAN_POINT('Origin',(-7.65,21.25,-11.25));
#4123=CARTESIAN_POINT('',(-11.,21.75,-11.75));
#4124=CARTESIAN_POINT('',(-11.,22.7,-12.7));
#4125=CARTESIAN_POINT('',(-7.65,21.75,-11.75));
#4126=CARTESIAN_POINT('Origin',(-11.,26.55,-11.75));
#4127=CARTESIAN_POINT('',(-11.,23.65,-11.75));
#4128=CARTESIAN_POINT('Origin',(-2.5,23.75,-11.75));
#4129=CARTESIAN_POINT('',(-2.9,23.75,-6.75));
#4130=CARTESIAN_POINT('Origin',(-2.5,23.75,-6.75));
#4131=CARTESIAN_POINT('',(-2.9,23.75,-11.75));
#4132=CARTESIAN_POINT('Origin',(12.5,23.75,-11.75));
#4133=CARTESIAN_POINT('',(12.1,23.75,-6.75));
#4134=CARTESIAN_POINT('Origin',(12.5,23.75,-6.75));
#4135=CARTESIAN_POINT('',(12.1,23.75,-8.75));
#4136=CARTESIAN_POINT('',(12.1,23.75,-11.75));
#4137=CARTESIAN_POINT('Origin',(12.5,23.75,-8.75));
#4138=CARTESIAN_POINT('Origin',(13.15,23.65,-8.75));
#4139=CARTESIAN_POINT('Origin',(-7.5,23.75,-11.75));
#4140=CARTESIAN_POINT('',(-7.9,23.75,-6.75));
#4141=CARTESIAN_POINT('Origin',(-7.5,23.75,-6.75));
#4142=CARTESIAN_POINT('',(-7.9,23.75,-11.75));
#4143=CARTESIAN_POINT('Origin',(2.5,23.75,-11.75));
#4144=CARTESIAN_POINT('',(2.1,23.75,-6.75));
#4145=CARTESIAN_POINT('Origin',(2.5,23.75,-6.75));
#4146=CARTESIAN_POINT('',(2.1,23.75,-11.75));
#4147=CARTESIAN_POINT('Origin',(7.5,23.75,-11.75));
#4148=CARTESIAN_POINT('',(7.1,23.75,-6.75));
#4149=CARTESIAN_POINT('Origin',(7.5,23.75,-6.75));
#4150=CARTESIAN_POINT('',(7.1,23.75,-11.75));
#4151=CARTESIAN_POINT('Origin',(-12.5,23.75,-11.75));
#4152=CARTESIAN_POINT('',(-12.9,23.75,-6.75));
#4153=CARTESIAN_POINT('Origin',(-12.5,23.75,-6.75));
#4154=CARTESIAN_POINT('',(-12.9,23.75,-11.75));
#4155=CARTESIAN_POINT('Origin',(-15.3,20.75,-6.75));
#4156=CARTESIAN_POINT('Origin',(-15.3,20.75,-6.75));
#4157=CARTESIAN_POINT('Origin',(-15.3,20.75,-11.75));
#4158=CARTESIAN_POINT('Origin',(-15.3,20.75,-6.75));
#4159=CARTESIAN_POINT('Origin',(-15.3,20.75,-6.75));
#4160=CARTESIAN_POINT('Origin',(-15.3,20.75,-6.75));
#4161=CARTESIAN_POINT('Origin',(-15.3,20.75,-6.75));
#4162=CARTESIAN_POINT('Origin',(-15.3,20.75,-5.4));
#4163=CARTESIAN_POINT('',(-15.3,20.75,-5.4));
#4164=CARTESIAN_POINT('Origin',(15.3,20.75,-5.4));
#4165=CARTESIAN_POINT('',(-9.29529450851344,21.5,-5.4));
#4166=CARTESIAN_POINT('',(-9.29529450851344,21.5,-5.4));
#4167=CARTESIAN_POINT('',(9.29529450851344,21.5,-5.4));
#4168=CARTESIAN_POINT('',(7.65,21.5,-5.4));
#4169=CARTESIAN_POINT('',(9.29529450851344,21.5,-5.4));
#4170=CARTESIAN_POINT('Origin',(0.,21.5,0.));
#4171=CARTESIAN_POINT('Origin',(0.,21.5,0.));
#4172=CARTESIAN_POINT('',(-5.15,21.5,6.30693101560887E-16));
#4173=CARTESIAN_POINT('Origin',(0.,21.5,0.));
#4174=CARTESIAN_POINT('Origin',(0.,21.5,0.));
#4175=CARTESIAN_POINT('Origin',(-7.65,-3.55,-10.25));
#4176=CARTESIAN_POINT('',(-11.,-2.05,-11.75));
#4177=CARTESIAN_POINT('',(-11.,-3.55,-10.25));
#4178=CARTESIAN_POINT('',(-9.,-2.05,-11.75));
#4179=CARTESIAN_POINT('',(-7.65,-2.05,-11.75));
#4180=CARTESIAN_POINT('',(-9.,-2.1,-11.7));
#4181=CARTESIAN_POINT('Origin',(-9.,0.75,-11.75));
#4182=CARTESIAN_POINT('',(-9.,-0.25,-11.75));
#4183=CARTESIAN_POINT('',(-9.,0.75,-11.75));
#4184=CARTESIAN_POINT('',(-9.,0.75,-10.75));
#4185=CARTESIAN_POINT('',(-9.,0.25,-11.25));
#4186=CARTESIAN_POINT('',(-9.,0.75,-7.75));
#4187=CARTESIAN_POINT('',(-9.,0.75,-5.875));
#4188=CARTESIAN_POINT('',(-9.,-0.25,-8.75));
#4189=CARTESIAN_POINT('',(-9.,-0.5,-9.));
#4190=CARTESIAN_POINT('',(-9.,-5.05,-8.75));
#4191=CARTESIAN_POINT('Origin',(-7.65,-3.55,-10.25));
#4192=CARTESIAN_POINT('',(-6.,-2.05,-11.75));
#4193=CARTESIAN_POINT('',(-6.,-3.55,-10.25));
#4194=CARTESIAN_POINT('',(-4.,-2.05,-11.75));
#4195=CARTESIAN_POINT('',(-7.65,-2.05,-11.75));
#4196=CARTESIAN_POINT('',(-4.,-2.1,-11.7));
#4197=CARTESIAN_POINT('Origin',(-15.3,0.75,-11.75));
#4198=CARTESIAN_POINT('',(-6.,-0.25,-11.75));
#4199=CARTESIAN_POINT('',(-6.,-2.15,-11.75));
#4200=CARTESIAN_POINT('',(-4.,-0.25,-11.75));
#4201=CARTESIAN_POINT('',(-7.65,-0.25,-11.75));
#4202=CARTESIAN_POINT('',(-4.,0.75,-11.75));
#4203=CARTESIAN_POINT('Origin',(-6.,-5.05,-11.75));
#4204=CARTESIAN_POINT('',(-6.,-0.25,-8.75));
#4205=CARTESIAN_POINT('',(-6.,-5.05,-8.75));
#4206=CARTESIAN_POINT('',(-6.,0.75,-7.75));
#4207=CARTESIAN_POINT('',(-6.,-1.95,-10.45));
#4208=CARTESIAN_POINT('',(-6.,0.75,-10.75));
#4209=CARTESIAN_POINT('',(-6.,0.75,-5.875));
#4210=CARTESIAN_POINT('',(-6.,-1.2,-12.7));
#4211=CARTESIAN_POINT('Origin',(-7.65,-3.55,-10.25));
#4212=CARTESIAN_POINT('',(-1.,-2.05,-11.75));
#4213=CARTESIAN_POINT('',(-1.,-3.55,-10.25));
#4214=CARTESIAN_POINT('',(1.,-2.05,-11.75));
#4215=CARTESIAN_POINT('',(-7.65,-2.05,-11.75));
#4216=CARTESIAN_POINT('',(0.999999999999999,-2.1,-11.7));
#4217=CARTESIAN_POINT('Origin',(-15.3,0.75,-11.75));
#4218=CARTESIAN_POINT('',(-1.,-0.25,-11.75));
#4219=CARTESIAN_POINT('',(-1.,-2.15,-11.75));
#4220=CARTESIAN_POINT('',(1.,-0.25,-11.75));
#4221=CARTESIAN_POINT('',(-7.65,-0.25,-11.75));
#4222=CARTESIAN_POINT('',(1.,0.750000000000001,-11.75));
#4223=CARTESIAN_POINT('Origin',(-1.,-5.05,-11.75));
#4224=CARTESIAN_POINT('',(-1.,-0.25,-8.75));
#4225=CARTESIAN_POINT('',(-1.,-5.05,-8.75));
#4226=CARTESIAN_POINT('',(-1.,0.75,-7.75));
#4227=CARTESIAN_POINT('',(-1.,-1.95,-10.45));
#4228=CARTESIAN_POINT('',(-1.,0.75,-10.75));
#4229=CARTESIAN_POINT('',(-1.,0.75,-5.875));
#4230=CARTESIAN_POINT('',(-1.,-1.2,-12.7));
#4231=CARTESIAN_POINT('Origin',(-7.65,-3.55,-10.25));
#4232=CARTESIAN_POINT('',(4.,-2.05,-11.75));
#4233=CARTESIAN_POINT('',(4.,-3.55,-10.25));
#4234=CARTESIAN_POINT('',(6.,-2.05,-11.75));
#4235=CARTESIAN_POINT('',(-7.65,-2.05,-11.75));
#4236=CARTESIAN_POINT('',(6.,-2.1,-11.7));
#4237=CARTESIAN_POINT('Origin',(-15.3,0.75,-11.75));
#4238=CARTESIAN_POINT('',(4.,-0.25,-11.75));
#4239=CARTESIAN_POINT('',(4.,-2.15,-11.75));
#4240=CARTESIAN_POINT('',(6.,-0.25,-11.75));
#4241=CARTESIAN_POINT('',(-7.65,-0.25,-11.75));
#4242=CARTESIAN_POINT('',(6.,0.75,-11.75));
#4243=CARTESIAN_POINT('Origin',(4.,-5.05,-11.75));
#4244=CARTESIAN_POINT('',(4.,-0.25,-8.75));
#4245=CARTESIAN_POINT('',(4.,-5.05,-8.75));
#4246=CARTESIAN_POINT('',(4.,0.75,-7.75));
#4247=CARTESIAN_POINT('',(4.,-1.95,-10.45));
#4248=CARTESIAN_POINT('',(4.,0.75,-10.75));
#4249=CARTESIAN_POINT('',(4.,0.75,-5.875));
#4250=CARTESIAN_POINT('',(4.,-1.2,-12.7));
#4251=CARTESIAN_POINT('Origin',(-7.65,-3.55,-10.25));
#4252=CARTESIAN_POINT('',(9.,-2.05,-11.75));
#4253=CARTESIAN_POINT('',(9.,-3.55,-10.25));
#4254=CARTESIAN_POINT('',(11.,-2.05,-11.75));
#4255=CARTESIAN_POINT('',(-7.65,-2.05,-11.75));
#4256=CARTESIAN_POINT('',(11.,-2.1,-11.7));
#4257=CARTESIAN_POINT('Origin',(-15.3,0.75,-11.75));
#4258=CARTESIAN_POINT('',(9.,-0.25,-11.75));
#4259=CARTESIAN_POINT('',(9.,-2.15,-11.75));
#4260=CARTESIAN_POINT('',(11.,-0.25,-11.75));
#4261=CARTESIAN_POINT('',(-7.65,-0.25,-11.75));
#4262=CARTESIAN_POINT('',(11.,0.75,-11.75));
#4263=CARTESIAN_POINT('Origin',(9.,-5.05,-11.75));
#4264=CARTESIAN_POINT('',(9.,-0.25,-8.75));
#4265=CARTESIAN_POINT('',(9.,-5.05,-8.75));
#4266=CARTESIAN_POINT('',(9.,0.75,-7.75));
#4267=CARTESIAN_POINT('',(9.,-1.95,-10.45));
#4268=CARTESIAN_POINT('',(9.,0.75,-10.75));
#4269=CARTESIAN_POINT('',(9.,0.75,-5.875));
#4270=CARTESIAN_POINT('',(9.,-1.2,-12.7));
#4271=CARTESIAN_POINT('Origin',(6.575,0.25,-8.25));
#4272=CARTESIAN_POINT('',(15.3,0.75,-7.75));
#4273=CARTESIAN_POINT('',(15.3,-0.25,-8.75));
#4274=CARTESIAN_POINT('',(15.3,-0.5,-9.));
#4275=CARTESIAN_POINT('',(11.,-0.25,-8.75));
#4276=CARTESIAN_POINT('',(6.575,-0.25,-8.75));
#4277=CARTESIAN_POINT('',(11.,0.75,-7.75));
#4278=CARTESIAN_POINT('',(11.,-0.5,-9.));
#4279=CARTESIAN_POINT('',(6.575,0.75,-7.75));
#4280=CARTESIAN_POINT('Origin',(15.3,0.75,-11.75));
#4281=CARTESIAN_POINT('',(15.3,0.75,-5.4));
#4282=CARTESIAN_POINT('',(15.3,-0.7,-8.75));
#4283=CARTESIAN_POINT('Origin',(0.,0.75,0.));
#4284=CARTESIAN_POINT('',(11.,0.75,-10.75));
#4285=CARTESIAN_POINT('',(11.,0.75,-5.875));
#4286=CARTESIAN_POINT('',(-7.65,0.75,-10.75));
#4287=CARTESIAN_POINT('',(6.,0.75,-7.75));
#4288=CARTESIAN_POINT('',(3.75,0.75,-7.75));
#4289=CARTESIAN_POINT('',(6.,0.75,-10.75));
#4290=CARTESIAN_POINT('',(6.,0.75,-5.875));
#4291=CARTESIAN_POINT('',(-7.65,0.75,-10.75));
#4292=CARTESIAN_POINT('',(1.,0.75,-7.75));
#4293=CARTESIAN_POINT('',(1.25,0.75,-7.75));
#4294=CARTESIAN_POINT('',(1.,0.75,-10.75));
#4295=CARTESIAN_POINT('',(1.,0.75,-5.875));
#4296=CARTESIAN_POINT('',(-7.65,0.75,-10.75));
#4297=CARTESIAN_POINT('',(-4.,0.75,-7.75));
#4298=CARTESIAN_POINT('',(-1.25,0.75,-7.75));
#4299=CARTESIAN_POINT('',(-4.,0.75,-10.75));
#4300=CARTESIAN_POINT('',(-4.,0.75,-5.875));
#4301=CARTESIAN_POINT('',(-7.65,0.75,-10.75));
#4302=CARTESIAN_POINT('',(-3.75,0.75,-7.75));
#4303=CARTESIAN_POINT('',(-11.,0.75,-10.75));
#4304=CARTESIAN_POINT('',(-7.65,0.75,-10.75));
#4305=CARTESIAN_POINT('',(-11.,0.75,-7.75));
#4306=CARTESIAN_POINT('',(-11.,0.75,-5.875));
#4307=CARTESIAN_POINT('',(-15.3,0.75,-7.75));
#4308=CARTESIAN_POINT('',(-6.575,0.75,-7.75));
#4309=CARTESIAN_POINT('',(-15.3,0.75,-11.75));
#4310=CARTESIAN_POINT('Origin',(0.,0.75,0.));
#4311=CARTESIAN_POINT('',(5.9,0.75,-7.22541611496938E-16));
#4312=CARTESIAN_POINT('Origin',(0.,0.75,0.));
#4313=CARTESIAN_POINT('Origin',(-6.575,0.25,-8.25));
#4314=CARTESIAN_POINT('',(-15.3,-0.25,-8.75));
#4315=CARTESIAN_POINT('',(-15.3,1.0875,-7.4125));
#4316=CARTESIAN_POINT('',(-11.,-0.25,-8.75));
#4317=CARTESIAN_POINT('',(-11.,-1.95,-10.45));
#4318=CARTESIAN_POINT('',(-6.575,-0.25,-8.75));
#4319=CARTESIAN_POINT('Origin',(-13.15,-2.15,-8.75));
#4320=CARTESIAN_POINT('',(-15.3,-0.7,-8.75));
#4321=CARTESIAN_POINT('',(-11.,-5.05,-8.75));
#4322=CARTESIAN_POINT('',(-12.9,-2.25,-8.75));
#4323=CARTESIAN_POINT('Origin',(-12.5,-2.25,-8.75));
#4324=CARTESIAN_POINT('Origin',(-3.75,0.25,-8.25));
#4325=CARTESIAN_POINT('',(-3.75,-0.25,-8.75));
#4326=CARTESIAN_POINT('Origin',(-7.5,-2.15,-8.75));
#4327=CARTESIAN_POINT('',(-7.9,-2.25,-8.75));
#4328=CARTESIAN_POINT('Origin',(-7.5,-2.25,-8.75));
#4329=CARTESIAN_POINT('Origin',(-1.25,0.25,-8.25));
#4330=CARTESIAN_POINT('',(-4.,-0.25,-8.75));
#4331=CARTESIAN_POINT('',(-1.25,-0.25,-8.75));
#4332=CARTESIAN_POINT('',(-4.,-0.5,-9.));
#4333=CARTESIAN_POINT('Origin',(-2.5,-2.15,-8.75));
#4334=CARTESIAN_POINT('',(-4.,-5.05,-8.75));
#4335=CARTESIAN_POINT('',(-2.9,-2.25,-8.75));
#4336=CARTESIAN_POINT('Origin',(-2.5,-2.25,-8.75));
#4337=CARTESIAN_POINT('Origin',(1.25,0.25,-8.25));
#4338=CARTESIAN_POINT('',(1.,-0.25,-8.75));
#4339=CARTESIAN_POINT('',(1.25,-0.25,-8.75));
#4340=CARTESIAN_POINT('',(1.,-0.5,-9.));
#4341=CARTESIAN_POINT('Origin',(2.5,-2.15,-8.75));
#4342=CARTESIAN_POINT('',(1.,-5.05,-8.75));
#4343=CARTESIAN_POINT('',(2.1,-2.25,-8.75));
#4344=CARTESIAN_POINT('Origin',(2.5,-2.25,-8.75));
#4345=CARTESIAN_POINT('Origin',(3.75,0.25,-8.25));
#4346=CARTESIAN_POINT('',(6.,-0.25,-8.75));
#4347=CARTESIAN_POINT('',(3.75,-0.25,-8.75));
#4348=CARTESIAN_POINT('',(6.,-0.5,-9.));
#4349=CARTESIAN_POINT('Origin',(7.5,-2.15,-8.75));
#4350=CARTESIAN_POINT('',(6.,-5.05,-8.75));
#4351=CARTESIAN_POINT('',(7.1,-2.25,-8.75));
#4352=CARTESIAN_POINT('Origin',(7.5,-2.25,-8.75));
#4353=CARTESIAN_POINT('Origin',(-7.65,0.25,-11.25));
#4354=CARTESIAN_POINT('',(11.,0.25,-11.25));
#4355=CARTESIAN_POINT('Origin',(11.,0.75,-11.75));
#4356=CARTESIAN_POINT('',(11.,-5.05,-8.75));
#4357=CARTESIAN_POINT('Origin',(-7.65,0.25,-11.25));
#4358=CARTESIAN_POINT('',(6.,0.25,-11.25));
#4359=CARTESIAN_POINT('Origin',(6.,0.75,-11.75));
#4360=CARTESIAN_POINT('Origin',(-7.65,0.25,-11.25));
#4361=CARTESIAN_POINT('',(0.999999999999999,0.25,-11.25));
#4362=CARTESIAN_POINT('Origin',(1.,0.75,-11.75));
#4363=CARTESIAN_POINT('Origin',(-7.65,0.25,-11.25));
#4364=CARTESIAN_POINT('',(-4.,0.25,-11.25));
#4365=CARTESIAN_POINT('Origin',(-4.,0.75,-11.75));
#4366=CARTESIAN_POINT('Origin',(-7.65,0.25,-11.25));
#4367=CARTESIAN_POINT('',(-11.,-0.25,-11.75));
#4368=CARTESIAN_POINT('',(-11.,-1.2,-12.7));
#4369=CARTESIAN_POINT('',(-7.65,-0.25,-11.75));
#4370=CARTESIAN_POINT('Origin',(-11.,-5.05,-11.75));
#4371=CARTESIAN_POINT('',(-11.,-2.15,-11.75));
#4372=CARTESIAN_POINT('Origin',(-2.5,-2.25,-11.75));
#4373=CARTESIAN_POINT('',(-2.9,-2.25,-6.75));
#4374=CARTESIAN_POINT('Origin',(-2.5,-2.25,-6.75));
#4375=CARTESIAN_POINT('',(-2.9,-2.25,-11.75));
#4376=CARTESIAN_POINT('Origin',(12.5,-2.25,-11.75));
#4377=CARTESIAN_POINT('',(12.1,-2.25,-6.75));
#4378=CARTESIAN_POINT('Origin',(12.5,-2.25,-6.75));
#4379=CARTESIAN_POINT('',(12.1,-2.25,-8.75));
#4380=CARTESIAN_POINT('',(12.1,-2.25,-11.75));
#4381=CARTESIAN_POINT('Origin',(12.5,-2.25,-8.75));
#4382=CARTESIAN_POINT('Origin',(13.15,-2.15,-8.75));
#4383=CARTESIAN_POINT('Origin',(-7.5,-2.25,-11.75));
#4384=CARTESIAN_POINT('',(-7.9,-2.25,-6.75));
#4385=CARTESIAN_POINT('Origin',(-7.5,-2.25,-6.75));
#4386=CARTESIAN_POINT('',(-7.9,-2.25,-11.75));
#4387=CARTESIAN_POINT('Origin',(2.5,-2.25,-11.75));
#4388=CARTESIAN_POINT('',(2.1,-2.25,-6.75));
#4389=CARTESIAN_POINT('Origin',(2.5,-2.25,-6.75));
#4390=CARTESIAN_POINT('',(2.1,-2.25,-11.75));
#4391=CARTESIAN_POINT('Origin',(7.5,-2.25,-11.75));
#4392=CARTESIAN_POINT('',(7.1,-2.25,-6.75));
#4393=CARTESIAN_POINT('Origin',(7.5,-2.25,-6.75));
#4394=CARTESIAN_POINT('',(7.1,-2.25,-11.75));
#4395=CARTESIAN_POINT('Origin',(-12.5,-2.25,-11.75));
#4396=CARTESIAN_POINT('',(-12.9,-2.25,-6.75));
#4397=CARTESIAN_POINT('Origin',(-12.5,-2.25,-6.75));
#4398=CARTESIAN_POINT('',(-12.9,-2.25,-11.75));
#4399=CARTESIAN_POINT('Origin',(-15.3,0.75,-6.75));
#4400=CARTESIAN_POINT('Origin',(-15.3,0.75,-6.75));
#4401=CARTESIAN_POINT('Origin',(-15.3,0.75,-11.75));
#4402=CARTESIAN_POINT('Origin',(-15.3,0.75,-6.75));
#4403=CARTESIAN_POINT('Origin',(-15.3,0.75,-6.75));
#4404=CARTESIAN_POINT('Origin',(-15.3,0.75,-6.75));
#4405=CARTESIAN_POINT('Origin',(-15.3,0.75,-6.75));
#4406=CARTESIAN_POINT('Origin',(-15.3,0.75,-5.4));
#4407=CARTESIAN_POINT('Origin',(0.,0.,0.));
#4408=CARTESIAN_POINT('Origin',(0.,0.,0.));
#4409=CARTESIAN_POINT('',(-5.15,0.,6.30693101560887E-16));
#4410=CARTESIAN_POINT('Origin',(0.,0.,0.));
#4411=CARTESIAN_POINT('Origin',(0.,0.,0.));
#4412=CARTESIAN_POINT('Origin',(0.,0.75,0.));
#4413=CARTESIAN_POINT('',(5.9,0.75,-7.22541611496938E-16));
#4414=CARTESIAN_POINT('Origin',(0.,0.,0.));
#4415=CARTESIAN_POINT('',(-5.15,0.,6.30693101560887E-16));
#4416=CARTESIAN_POINT('',(0.,0.,0.));
#4417=CARTESIAN_POINT('Origin',(0.,0.75,0.));
#4418=CARTESIAN_POINT('',(5.9,1.5,-7.22541611496938E-16));
#4419=CARTESIAN_POINT('Origin',(0.,1.5,0.));
#4420=CARTESIAN_POINT('',(5.9,0.75,-7.22541611496938E-16));
#4421=CARTESIAN_POINT('',(5.9,0.75,-7.22541611496938E-16));
#4422=CARTESIAN_POINT('Origin',(0.,0.75,0.));
#4423=CARTESIAN_POINT('Origin',(0.,0.75,0.));
#4424=CARTESIAN_POINT('',(10.75,1.5,-1.3164953090834E-15));
#4425=CARTESIAN_POINT('Origin',(0.,1.5,0.));
#4426=CARTESIAN_POINT('',(10.75,0.75,-1.3164953090834E-15));
#4427=CARTESIAN_POINT('',(10.75,0.75,-1.3164953090834E-15));
#4428=CARTESIAN_POINT('Origin',(0.,0.75,0.));
#4429=CARTESIAN_POINT('Origin',(0.,1.5,0.));
#4430=CARTESIAN_POINT('Origin',(0.,0.75,0.));
#4431=CARTESIAN_POINT('',(0.,0.,0.));
#4432=CARTESIAN_POINT('Origin',(-12.5,23.75,-8.75));
#4433=CARTESIAN_POINT('',(-12.9,23.75,-13.75));
#4434=CARTESIAN_POINT('Origin',(-12.5,23.75,-13.75));
#4435=CARTESIAN_POINT('',(-12.9,23.75,-8.75));
#4436=CARTESIAN_POINT('',(-12.9,23.75,-8.75));
#4437=CARTESIAN_POINT('Origin',(-12.5,23.75,-8.75));
#4438=CARTESIAN_POINT('Origin',(-12.5,23.75,-13.75));
#4439=CARTESIAN_POINT('Origin',(-12.5,23.75,-8.75));
#4440=CARTESIAN_POINT('Origin',(-7.5,23.75,-8.75));
#4441=CARTESIAN_POINT('',(-7.9,23.75,-13.75));
#4442=CARTESIAN_POINT('Origin',(-7.5,23.75,-13.75));
#4443=CARTESIAN_POINT('',(-7.9,23.75,-8.75));
#4444=CARTESIAN_POINT('',(-7.9,23.75,-8.75));
#4445=CARTESIAN_POINT('Origin',(-7.5,23.75,-8.75));
#4446=CARTESIAN_POINT('Origin',(-7.5,23.75,-13.75));
#4447=CARTESIAN_POINT('Origin',(-7.5,23.75,-8.75));
#4448=CARTESIAN_POINT('Origin',(-2.5,23.75,-8.75));
#4449=CARTESIAN_POINT('',(-2.9,23.75,-13.75));
#4450=CARTESIAN_POINT('Origin',(-2.5,23.75,-13.75));
#4451=CARTESIAN_POINT('',(-2.9,23.75,-8.75));
#4452=CARTESIAN_POINT('',(-2.9,23.75,-8.75));
#4453=CARTESIAN_POINT('Origin',(-2.5,23.75,-8.75));
#4454=CARTESIAN_POINT('Origin',(-2.5,23.75,-13.75));
#4455=CARTESIAN_POINT('Origin',(-2.5,23.75,-8.75));
#4456=CARTESIAN_POINT('Origin',(12.5,23.75,-8.75));
#4457=CARTESIAN_POINT('',(12.1,23.75,-13.75));
#4458=CARTESIAN_POINT('Origin',(12.5,23.75,-13.75));
#4459=CARTESIAN_POINT('',(12.1,23.75,-8.75));
#4460=CARTESIAN_POINT('',(12.1,23.75,-8.75));
#4461=CARTESIAN_POINT('Origin',(12.5,23.75,-8.75));
#4462=CARTESIAN_POINT('Origin',(12.5,23.75,-13.75));
#4463=CARTESIAN_POINT('Origin',(12.5,23.75,-8.75));
#4464=CARTESIAN_POINT('Origin',(7.5,23.75,-8.75));
#4465=CARTESIAN_POINT('',(7.1,23.75,-13.75));
#4466=CARTESIAN_POINT('Origin',(7.5,23.75,-13.75));
#4467=CARTESIAN_POINT('',(7.1,23.75,-8.75));
#4468=CARTESIAN_POINT('',(7.1,23.75,-8.75));
#4469=CARTESIAN_POINT('Origin',(7.5,23.75,-8.75));
#4470=CARTESIAN_POINT('Origin',(7.5,23.75,-13.75));
#4471=CARTESIAN_POINT('Origin',(7.5,23.75,-8.75));
#4472=CARTESIAN_POINT('Origin',(2.5,23.75,-8.75));
#4473=CARTESIAN_POINT('',(2.1,23.75,-13.75));
#4474=CARTESIAN_POINT('Origin',(2.5,23.75,-13.75));
#4475=CARTESIAN_POINT('',(2.1,23.75,-8.75));
#4476=CARTESIAN_POINT('',(2.1,23.75,-8.75));
#4477=CARTESIAN_POINT('Origin',(2.5,23.75,-8.75));
#4478=CARTESIAN_POINT('Origin',(2.5,23.75,-13.75));
#4479=CARTESIAN_POINT('Origin',(2.5,23.75,-8.75));
#4480=CARTESIAN_POINT('Origin',(12.5,-2.25,-8.75));
#4481=CARTESIAN_POINT('',(12.1,-2.25,-13.75));
#4482=CARTESIAN_POINT('Origin',(12.5,-2.25,-13.75));
#4483=CARTESIAN_POINT('',(12.1,-2.25,-8.75));
#4484=CARTESIAN_POINT('',(12.1,-2.25,-8.75));
#4485=CARTESIAN_POINT('Origin',(12.5,-2.25,-8.75));
#4486=CARTESIAN_POINT('Origin',(12.5,-2.25,-13.75));
#4487=CARTESIAN_POINT('Origin',(12.5,-2.25,-8.75));
#4488=CARTESIAN_POINT('Origin',(7.5,-2.25,-8.75));
#4489=CARTESIAN_POINT('',(7.1,-2.25,-13.75));
#4490=CARTESIAN_POINT('Origin',(7.5,-2.25,-13.75));
#4491=CARTESIAN_POINT('',(7.1,-2.25,-8.75));
#4492=CARTESIAN_POINT('',(7.1,-2.25,-8.75));
#4493=CARTESIAN_POINT('Origin',(7.5,-2.25,-8.75));
#4494=CARTESIAN_POINT('Origin',(7.5,-2.25,-13.75));
#4495=CARTESIAN_POINT('Origin',(7.5,-2.25,-8.75));
#4496=CARTESIAN_POINT('Origin',(2.5,-2.25,-8.75));
#4497=CARTESIAN_POINT('',(2.1,-2.25,-13.75));
#4498=CARTESIAN_POINT('Origin',(2.5,-2.25,-13.75));
#4499=CARTESIAN_POINT('',(2.1,-2.25,-8.75));
#4500=CARTESIAN_POINT('',(2.1,-2.25,-8.75));
#4501=CARTESIAN_POINT('Origin',(2.5,-2.25,-8.75));
#4502=CARTESIAN_POINT('Origin',(2.5,-2.25,-13.75));
#4503=CARTESIAN_POINT('Origin',(2.5,-2.25,-8.75));
#4504=CARTESIAN_POINT('Origin',(-2.5,-2.25,-8.75));
#4505=CARTESIAN_POINT('',(-2.9,-2.25,-13.75));
#4506=CARTESIAN_POINT('Origin',(-2.5,-2.25,-13.75));
#4507=CARTESIAN_POINT('',(-2.9,-2.25,-8.75));
#4508=CARTESIAN_POINT('',(-2.9,-2.25,-8.75));
#4509=CARTESIAN_POINT('Origin',(-2.5,-2.25,-8.75));
#4510=CARTESIAN_POINT('Origin',(-2.5,-2.25,-13.75));
#4511=CARTESIAN_POINT('Origin',(-2.5,-2.25,-8.75));
#4512=CARTESIAN_POINT('Origin',(-7.5,-2.25,-8.75));
#4513=CARTESIAN_POINT('',(-7.9,-2.25,-13.75));
#4514=CARTESIAN_POINT('Origin',(-7.5,-2.25,-13.75));
#4515=CARTESIAN_POINT('',(-7.9,-2.25,-8.75));
#4516=CARTESIAN_POINT('',(-7.9,-2.25,-8.75));
#4517=CARTESIAN_POINT('Origin',(-7.5,-2.25,-8.75));
#4518=CARTESIAN_POINT('Origin',(-7.5,-2.25,-13.75));
#4519=CARTESIAN_POINT('Origin',(-7.5,-2.25,-8.75));
#4520=CARTESIAN_POINT('Origin',(-12.5,-2.25,-8.75));
#4521=CARTESIAN_POINT('',(-12.9,-2.25,-13.75));
#4522=CARTESIAN_POINT('Origin',(-12.5,-2.25,-13.75));
#4523=CARTESIAN_POINT('',(-12.9,-2.25,-8.75));
#4524=CARTESIAN_POINT('',(-12.9,-2.25,-8.75));
#4525=CARTESIAN_POINT('Origin',(-12.5,-2.25,-8.75));
#4526=CARTESIAN_POINT('Origin',(-12.5,-2.25,-13.75));
#4527=CARTESIAN_POINT('Origin',(-12.5,-2.25,-8.75));
#4528=CARTESIAN_POINT('',(0.,-5.05,0.));
#4529=CARTESIAN_POINT('',(0.,26.55,5.1380904059997E-14));
#4530=CARTESIAN_POINT('',(0.,0.,0.));
#4531=CARTESIAN_POINT('',(0.,11.875,0.));
#4532=CARTESIAN_POINT('',(0.,7.875,0.));
#4533=CARTESIAN_POINT('',(0.,9.875,2.22044604925031E-15));
#4534=CARTESIAN_POINT('',(0.,0.,0.));
#4535=UNCERTAINTY_MEASURE_WITH_UNIT(LENGTH_MEASURE(0.01),#4547,
'DISTANCE_ACCURACY_VALUE',
'Maximum model space distance between geometric entities at asserted c
onnectivities');
#4536=UNCERTAINTY_MEASURE_WITH_UNIT(LENGTH_MEASURE(0.01),#4547,
'DISTANCE_ACCURACY_VALUE',
'Maximum model space distance between geometric entities at asserted c
onnectivities');
#4537=UNCERTAINTY_MEASURE_WITH_UNIT(LENGTH_MEASURE(0.01),#4547,
'DISTANCE_ACCURACY_VALUE',
'Maximum model space distance between geometric entities at asserted c
onnectivities');
#4538=UNCERTAINTY_MEASURE_WITH_UNIT(LENGTH_MEASURE(0.01),#4547,
'DISTANCE_ACCURACY_VALUE',
'Maximum model space distance between geometric entities at asserted c
onnectivities');
#4539=UNCERTAINTY_MEASURE_WITH_UNIT(LENGTH_MEASURE(0.01),#4547,
'DISTANCE_ACCURACY_VALUE',
'Maximum model space distance between geometric entities at asserted c
onnectivities');
#4540=UNCERTAINTY_MEASURE_WITH_UNIT(LENGTH_MEASURE(0.01),#4547,
'DISTANCE_ACCURACY_VALUE',
'Maximum model space distance between geometric entities at asserted c
onnectivities');
#4541=(
GEOMETRIC_REPRESENTATION_CONTEXT(3)
GLOBAL_UNCERTAINTY_ASSIGNED_CONTEXT((#4535))
GLOBAL_UNIT_ASSIGNED_CONTEXT((#4547,#4549,#4550))
REPRESENTATION_CONTEXT('','3D')
);
#4542=(
GEOMETRIC_REPRESENTATION_CONTEXT(3)
GLOBAL_UNCERTAINTY_ASSIGNED_CONTEXT((#4536))
GLOBAL_UNIT_ASSIGNED_CONTEXT((#4547,#4549,#4550))
REPRESENTATION_CONTEXT('','3D')
);
#4543=(
GEOMETRIC_REPRESENTATION_CONTEXT(3)
GLOBAL_UNCERTAINTY_ASSIGNED_CONTEXT((#4537))
GLOBAL_UNIT_ASSIGNED_CONTEXT((#4547,#4549,#4550))
REPRESENTATION_CONTEXT('','3D')
);
#4544=(
GEOMETRIC_REPRESENTATION_CONTEXT(3)
GLOBAL_UNCERTAINTY_ASSIGNED_CONTEXT((#4538))
GLOBAL_UNIT_ASSIGNED_CONTEXT((#4547,#4549,#4550))
REPRESENTATION_CONTEXT('','3D')
);
#4545=(
GEOMETRIC_REPRESENTATION_CONTEXT(3)
GLOBAL_UNCERTAINTY_ASSIGNED_CONTEXT((#4539))
GLOBAL_UNIT_ASSIGNED_CONTEXT((#4547,#4549,#4550))
REPRESENTATION_CONTEXT('','3D')
);
#4546=(
GEOMETRIC_REPRESENTATION_CONTEXT(3)
GLOBAL_UNCERTAINTY_ASSIGNED_CONTEXT((#4540))
GLOBAL_UNIT_ASSIGNED_CONTEXT((#4547,#4549,#4550))
REPRESENTATION_CONTEXT('','3D')
);
#4547=(
LENGTH_UNIT()
NAMED_UNIT(*)
SI_UNIT(.MILLI.,.METRE.)
);
#4548=(
LENGTH_UNIT()
NAMED_UNIT(*)
SI_UNIT($,.METRE.)
);
#4549=(
NAMED_UNIT(*)
PLANE_ANGLE_UNIT()
SI_UNIT($,.RADIAN.)
);
#4550=(
NAMED_UNIT(*)
SI_UNIT($,.STERADIAN.)
SOLID_ANGLE_UNIT()
);
#4551=SHAPE_DEFINITION_REPRESENTATION(#4556,#4568);
#4552=SHAPE_DEFINITION_REPRESENTATION(#4557,#4569);
#4553=SHAPE_DEFINITION_REPRESENTATION(#4558,#4570);
#4554=SHAPE_DEFINITION_REPRESENTATION(#4559,#4571);
#4555=SHAPE_DEFINITION_REPRESENTATION(#4560,#4572);
#4556=PRODUCT_DEFINITION_SHAPE('',$,#4574);
#4557=PRODUCT_DEFINITION_SHAPE('',$,#4575);
#4558=PRODUCT_DEFINITION_SHAPE('',$,#4576);
#4559=PRODUCT_DEFINITION_SHAPE('',$,#4577);
#4560=PRODUCT_DEFINITION_SHAPE('',$,#4578);
#4561=PRODUCT_DEFINITION_SHAPE($,$,#32);
#4562=PRODUCT_DEFINITION_SHAPE($,$,#33);
#4563=PRODUCT_DEFINITION_SHAPE($,$,#34);
#4564=PRODUCT_DEFINITION_SHAPE($,$,#35);
#4565=PRODUCT_DEFINITION_SHAPE($,$,#36);
#4566=PRODUCT_DEFINITION_SHAPE($,$,#37);
#4567=PRODUCT_DEFINITION_SHAPE($,$,#38);
#4568=SHAPE_REPRESENTATION('',(#2753,#2994,#2995,#2996,#2997,#2998,#2999,
#3000),#4541);
#4569=SHAPE_REPRESENTATION('',(#2754),#4542);
#4570=SHAPE_REPRESENTATION('',(#2776),#4543);
#4571=SHAPE_REPRESENTATION('',(#2924),#4544);
#4572=SHAPE_REPRESENTATION('',(#2933),#4545);
#4573=PRODUCT_DEFINITION_CONTEXT('part definition',#4590,'design');
#4574=PRODUCT_DEFINITION('ETD29','ETD29 v7',#4579,#4573);
#4575=PRODUCT_DEFINITION('Core','Core',#4580,#4573);
#4576=PRODUCT_DEFINITION('Carretel','Carretel',#4581,#4573);
#4577=PRODUCT_DEFINITION('Separador_Fixo','Separador_Fixo',#4582,#4573);
#4578=PRODUCT_DEFINITION('Component7','Component7',#4583,#4573);
#4579=PRODUCT_DEFINITION_FORMATION('',$,#4592);
#4580=PRODUCT_DEFINITION_FORMATION('',$,#4593);
#4581=PRODUCT_DEFINITION_FORMATION('',$,#4594);
#4582=PRODUCT_DEFINITION_FORMATION('',$,#4595);
#4583=PRODUCT_DEFINITION_FORMATION('',$,#4596);
#4584=PRODUCT_RELATED_PRODUCT_CATEGORY('ETD29 v7','ETD29 v7',(#4592));
#4585=PRODUCT_RELATED_PRODUCT_CATEGORY('Core','Core',(#4593));
#4586=PRODUCT_RELATED_PRODUCT_CATEGORY('Carretel','Carretel',(#4594));
#4587=PRODUCT_RELATED_PRODUCT_CATEGORY('Separador_Fixo',
'Separador_Fixo',(#4595));
#4588=PRODUCT_RELATED_PRODUCT_CATEGORY('Component7','Component7',(#4596));
#4589=APPLICATION_PROTOCOL_DEFINITION('international standard',
'automotive_design',2009,#4590);
#4590=APPLICATION_CONTEXT(
'Core Data for Automotive Mechanical Design Process');
#4591=PRODUCT_CONTEXT('part definition',#4590,'mechanical');
#4592=PRODUCT('ETD29','ETD29 v7',$,(#4591));
#4593=PRODUCT('Core','Core',$,(#4591));
#4594=PRODUCT('Carretel','Carretel',$,(#4591));
#4595=PRODUCT('Separador_Fixo','Separador_Fixo',$,(#4591));
#4596=PRODUCT('Component7','Component7',$,(#4591));
#4597=PRESENTATION_STYLE_ASSIGNMENT((#4600));
#4598=PRESENTATION_STYLE_ASSIGNMENT((#4601));
#4599=PRESENTATION_STYLE_ASSIGNMENT((#4602));
#4600=SURFACE_STYLE_USAGE(.BOTH.,#4603);
#4601=SURFACE_STYLE_USAGE(.BOTH.,#4604);
#4602=SURFACE_STYLE_USAGE(.BOTH.,#4605);
#4603=SURFACE_SIDE_STYLE('',(#4606));
#4604=SURFACE_SIDE_STYLE('',(#4607));
#4605=SURFACE_SIDE_STYLE('',(#4608));
#4606=SURFACE_STYLE_FILL_AREA(#4609);
#4607=SURFACE_STYLE_FILL_AREA(#4610);
#4608=SURFACE_STYLE_FILL_AREA(#4611);
#4609=FILL_AREA_STYLE('Steel - Satin',(#4612));
#4610=FILL_AREA_STYLE(
'PEKK - Polyetherketoneketone Reinforced With Carbon Fibers - HT-23 (w
ith EOS P 810 3D Printer)',(#4613));
#4611=FILL_AREA_STYLE('ABS (White)',(#4614));
#4612=FILL_AREA_STYLE_COLOUR('Steel - Satin',#4615);
#4613=FILL_AREA_STYLE_COLOUR(
'PEKK - Polyetherketoneketone Reinforced With Carbon Fibers - HT-23 (w
ith EOS P 810 3D Printer)',#4616);
#4614=FILL_AREA_STYLE_COLOUR('ABS (White)',#4617);
#4615=COLOUR_RGB('Steel - Satin',0.627450980392157,0.627450980392157,0.627450980392157);
#4616=COLOUR_RGB(
'PEKK - Polyetherketoneketone Reinforced With Carbon Fibers - HT-23 (w
ith EOS P 810 3D Printer)',0.352941176470588,0.352941176470588,0.352941176470588);
#4617=COLOUR_RGB('ABS (White)',0.964705882352941,0.964705882352941,0.952941176470588);
ENDSEC;
END-ISO-10303-21;
